id_commande,date,id_client,id_produit,quantite,prix_unitaire
2414,03/12/2025,443,P036,2,11.24
12752,09/11/2025,1848,P032,1,12.38
6335,2025-04-26,2477,P039,2,17.22
615,12-24-2025,3439,P010,1,18.55
17565,11-13-2025,422,P043,1,111.86
11992,30/12/2025,946,P024,1,22.08
3005,08-01-2025,1731,P036,3,16.55
12771,2025-04-23,2218,P031,1,"105,05"
6313,2025-02-22,2298,P006,2,"37,94"
15136,05-27-2025,3943,P032,1,20.11
12867,15/02/2025,172,P011,1,26.93
8697,05/01/2025,365,P002,1,19.33
2522,2025-08-24,2869,P004,1,29.88
14012,2025-01-12,2626,P034,1,110.21
11973,2025-01-08,2174,P019,2,19.40
2069,2025-08-04,1244,P002,1,44.60
5234,05/11/2025,1153,P016,1,27.40
2458,2025-01-06,2209,P012,1,13.02
1363,2025-04-18,266,P045,1,137.22
15385,07/10/2025,2378,P006,1,61.40
6002,2025-05-14,314,P006,2,31.13
15425,2025-09-16,3310,P006,3,28.90
16441,2025-06-01,1060,P008,2,"11,88"
17502,07/12/2025,1259,P044,2,28.59
7211,11/04/2025,3482,P031,4,8.56
12035,05-17-2025,1443,P033,2,21.88
10472,13/08/2025,3406,P040,3,43.53
41,03-17-2025,3933,P007,1,31.42
3527,2025-10-07,85,P024,1,8.52
15409,2025-08-16,3185,P021,1,14.35
1390,2025-05-27,2055,P048,2,71.46
10296,23/03/2025,549,P032,2,37.72
13400,26/05/2025,1237,P013,1,14.91
17348,2025-08-31,3595,P040,1,9.96
2510,12-23-2025,3837,P022,1,20.86
14994,2025-02-04,1565,P037,3,19.36
3780,2025-03-21,33,P024,1,47.39
7345,2025-01-07,3452,P010,2,"39,40"
5089,2025-02-27,907,P048,1,25.49
16289,05-24-2025,584,P004,2,"26,05"
3136,2025-07-25,2069,P027,1,24.17
2591,2025-09-17,854,P031,1,22.54
9996,22/06/2025,1584,P040,1,71.56
13813,04/12/2025,2962,P007,2,22.56
17114,04/03/2025,2258,P037,3,42.07
8862,04-03-2025,2861,P040,2,"90,35"
5293,2025-02-10,143,P015,1,"22,57"
15531,2025-02-22,2196,P013,1,"23,79"
1680,2025-10-31,105,P021,1,47.94
5410,2025-02-19,1622,P029,4,"50,51"
10243,2025-01-14,2903,P032,2,9.82
2051,2025-02-20,3213,P006,3,27.98
14251,2025-07-28,1808,P038,2,"27,24"
1912,24/06/2025,2503,P024,4,26.03
6522,02/07/2025,2598,P037,4,28.16
9705,2025-04-08,2562,P022,1,27.95
135,06-01-2025,3651,P035,1,19.93
650,20/03/2025,3783,P009,2,"4,18"
17996,18/01/2025,734,P019,1,39.57
5754,04-23-2025,2723,P040,2,"47,08"
9890,07-10-2025,866,P009,2,32.71
2964,2025-03-27,1091,P047,1,28.46
1562,2025-04-10,2534,P029,2,"48,29"
5935,2025-07-14,303,P024,3,13.14
8968,2025-09-29,2285,P017,1,"26,64"
4811,2025-04-12,3137,P042,1,"15,70"
8112,17/02/2025,3270,P045,2,22.05
10804,2025-01-19,658,P016,1,33.05
9548,09-14-2025,711,P017,1,40.72
13024,10/12/2025,4167,P016,1,24.04
3669,2025-04-15,1019,P018,1,69.54
6440,2025-04-04,2222,P008,3,14.81
13653,2025-10-11,3874,P029,1,20.87
2876,2025-07-27,1550,P039,1,"73,89"
16099,22/04/2025,4050,P047,2,40.21
12976,2025-09-02,2552,P041,2,"41,89"
9624,11-03-2025,1356,P006,2,"9,95"
2773,03/06/2025,1682,P039,1,42.16
4145,2025-06-12,1622,P009,1,17.65
15697,2025-11-03,1615,P019,2,4.54
960,2025-10-13,977,P026,1,36.14
5637,29/01/2025,4168,P046,1,27.44
17085,2025-02-04,2714,P005,2,"39,71"
10818,2025-05-02,872,P021,1,"56,03"
16446,2025-03-05,3375,P042,1,"20,60"
9101,2025-07-30,3773,P047,2,"16,73"
2206,2025-01-30,1116,P008,1,"8,48"
8262,2025-12-09,3596,P017,1,41.76
11717,2025-07-30,2124,P004,2,"10,35"
6815,03/12/2025,999999,P020,,14.73
2398,12/06/2025,2365,P046,3,"17,03"
4062,03-29-2025,960,P006,1,65.59
7272,16/09/2025,833,P012,2,"24,69"
5532,01-16-2025,944,P040,1,9.80
14593,2025-12-04,1547,P028,1,110.70
13682,2025-04-19,3042,P042,1,45.39
3354,2025-03-28,1385,P046,3,26.45
2303,22/09/2025,240,P010,2,"41,05"
12406,2025-07-20,2074,P015,-1,45.06
16601,2025-12-04,218,P034,1,"35,80"
15615,01/05/2025,360,P007,1,12.73
13972,2025-03-29,459,P023,1,9.53
4672,10/03/2025,2951,P038,1,50.51
15369,18/02/2025,2679,P027,2,"11,26"
849,2025-10-16,1940,P009,2,"16,60"
3860,2025-03-21,1461,P033,4,28.36
12584,2025-01-08,1954,P001,1,43.84
13868,2025-05-30,379,P013,2,33.24
14153,2025-02-27,130,P014,1,32.25
12438,01/12/2025,3025,P034,3,12.09
13518,2025-07-03,3780,P029,1,65.57
3456,2025-04-18,1492,P022,2,29.15
10651,21/05/2025,1641,P030,1,"13,62"
16194,2025-02-13,4069,P034,1,23.39
12509,04/11/2025,3746,P016,1,12.77
14253,2025-08-27,1341,P004,3,26.71
4232,01-10-2025,1153,P001,2,11.01
940,2025-04-04,867,P043,2,29.86
10021,2025-07-27,4025,P009,1,18.41
8855,2025-08-14,1466,P045,1,27.36
10758,2025-02-24,394,P036,2,"31,08"
851,2025-03-27,1324,P041,1,"37,72"
7981,08-21-2025,3679,P043,4,35.76
7573,2025-11-27,2886,P017,1,31.66
11499,2025-09-18,3684,P014,1,33.80
34,05/01/2025,2841,P039,1,31.23
7173,08/12/2025,2323,P017,2,31.34
6632,02-09-2025,3850,P012,1,58.80
14737,2025-01-04,148,P012,1,43.57
6660,2025-09-05,1356,P020,1,60.56
7247,14/12/2025,2035,P026,1,"23,84"
13756,2025-12-17,999999,P035,1,19.14
16151,03-03-2025,65,P016,2,15.82
4959,11/08/2025,3594,P047,,24.97
7017,2025-12-05,1080,P031,1,39.51
4148,24/05/2025,54,P008,1,"30,99"
213,13/07/2025,2142,P026,1,26.02
6414,2025-05-17,3849,P002,1,61.18
13145,2025-04-02,214,P001,4,42.19
12435,08-05-2025,999999,P007,1,15.27
12183,2025-09-23,2802,P006,3,28.70
15275,11/07/2025,1160,P005,2,16.75
13438,2025-10-14,2393,P025,1,44.60
5206,16/10/2025,449,P043,1,10.72
5316,18/05/2025,3595,P001,1,8.84
11042,2025-06-25,276,P046,1,25.47
7585,2025-10-01,786,P036,4,"52,50"
7659,30/09/2025,2259,P044,2,"28,17"
6010,2025-06-28,3738,P030,1,60.22
16253,2025-07-22,2921,P030,2,"19,43"
13834,2025-03-30,1519,P020,2,25.32
7625,14/11/2025,3774,P026,4,"125,35"
14351,2025-04-18,3350,P040,2,21.76
16594,03-06-2025,909,P003,1,19.35
11581,03-26-2025,159,P047,3,"22,54"
16950,2025-02-22,3403,P038,4,23.03
14201,2025-03-08,3915,P011,1,53.02
12572,20/04/2025,652,P027,1,"30,81"
15170,10-18-2025,3218,P009,1,"15,70"
13293,2025-11-19,3806,P048,1,"19,98"
17710,2025-01-25,3019,P045,1,"28,84"
4645,2025-04-20,1698,P032,1,18.78
5077,2025-07-12,2102,P041,3,"23,12"
5205,2025-07-10,2496,P048,1,"43,28"
7283,2025-02-17,2933,P030,2,25.46
10052,28/07/2025,2518,P010,1,32.43
17761,2025-08-28,1536,P040,1,11.30
645,2025-06-04,370,P011,1,"18,42"
8129,25/10/2025,2635,P047,1,34.23
10208,2025-05-10,13,P030,3,27.86
3644,2025-10-16,1375,P026,2,21.01
5338,2025-01-10,1906,P030,2,37.32
1030,2025-10-26,1284,P046,3,"8,58"
6444,2025-10-25,26,P001,1,"37,50"
9144,2025-04-01,1437,P019,1,17.37
14075,07-21-2025,316,P036,1,16.73
1115,2025-11-26,2250,P020,4,"67,25"
16013,22/04/2025,3906,P030,1,"63,36"
12625,2025-01-24,1297,P022,1,20.02
1650,08/09/2025,902,P041,1,26.26
14710,26/09/2025,4177,P032,1,23.66
3113,2025-05-21,216,P011,4,"45,90"
14635,24/04/2025,1418,P024,1,36.64
11624,26/10/2025,1613,P014,1,"21,69"
6365,2025-12-28,3088,P008,1,41.00
11340,2025-08-20,1400,P031,1,84.86
13608,26/07/2025,1737,P035,2,11.57
3364,13/01/2025,3541,P045,1,48.97
10187,2025-02-22,645,P023,1,"16,56"
1503,12-15-2025,3290,P043,1,62.22
10902,2025-05-08,2824,P019,1,96.22
5767,2025-03-08,1604,P005,4,"44,03"
12433,28/11/2025,1972,P013,4,"27,73"
1989,2025-08-28,3529,P024,1,15.85
1304,2025-08-27,1513,P045,3,"46,66"
7254,2025-02-15,2729,P042,3,12.40
14940,05/07/2025,2098,P003,1,"19,08"
3287,2025-06-05,3707,P005,4,69.56
10914,2025-01-05,1549,P014,1,28.95
8307,2025-12-02,2765,P022,1,27.03
3052,22/01/2025,1041,P018,2,16.45
15662,2025-12-13,2301,P016,1,"12,15"
12611,2025-12-06,19,P048,1,27.79
9904,08/07/2025,1026,P031,2,22.79
55,2025-01-19,368,P036,1,19.52
16377,2025-10-22,2779,P027,-1,27.48
9349,06-04-2025,1774,P016,3,49.97
15978,01/08/2025,1769,P039,1,27.87
13407,2025-10-24,4178,P032,1,"16,63"
8077,2025-05-13,2044,P019,,"14,03"
5883,2025-10-02,518,P018,1,19.64
9058,2025-08-14,2941,P030,,45.43
5330,2025-12-26,1152,P034,1,17.12
6495,2025-10-16,3876,P011,1,30.69
17011,2025-11-30,1263,P024,3,"29,05"
12036,13/01/2025,1341,P043,1,"28,69"
13383,2025-09-16,2576,P031,3,17.42
6500,2025-05-31,3516,P043,4,12.91
277,02/09/2025,608,P011,3,"20,06"
5438,12/04/2025,3083,P005,1,16.44
11250,2025-06-16,590,P023,1,"28,01"
11931,10-20-2025,209,P039,1,48.53
158,01-24-2025,107,P024,1,"53,57"
11597,2025-03-10,996,P003,1,90.13
825,05/12/2025,224,P021,3,13.35
6243,2025-11-11,3602,P011,1,27.41
6913,2025-05-01,217,P007,2,"38,09"
7619,2025-03-24,2494,P017,2,30.34
1314,03-22-2025,4160,P044,3,"31,91"
1429,2025-07-07,3094,P026,4,11.83
5660,09/03/2025,1587,P019,1,"25,92"
6678,2025-01-24,2113,P017,1,"74,40"
14780,2025-02-12,1701,P022,1,34.47
9491,2025-12-29,2084,P024,3,46.86
6713,30/05/2025,3830,P034,1,38.18
15928,2025-10-20,3418,P008,1,19.08
10400,2025-05-11,2042,P025,3,62.55
16895,2025-06-23,999999,P013,3,12.03
4512,01-18-2025,2546,P016,2,29.95
1327,05/06/2025,3729,P038,3,34.91
13150,11-01-2025,3343,P019,1,"19,38"
6316,2025-12-17,1672,P002,1,40.06
764,2025-07-16,1845,P013,1,58.00
12913,25/09/2025,247,P026,2,"8,09"
1010,11-13-2025,2980,P027,1,"38,60"
6947,02/06/2025,575,P011,4,12.21
2348,2025-06-29,2899,P015,3,40.67
7101,2025-12-04,1311,P044,3,13.40
12968,01/12/2025,2777,P046,1,12.72
16309,2025-03-20,3818,P022,3,13.49
492,2025-09-26,3572,P007,1,22.13
11587,2025-02-04,1040,P044,2,17.17
14736,2025-03-08,3571,P018,1,"22,98"
7614,2025-08-14,1383,P015,3,"32,82"
3543,04/04/2025,3580,P025,2,28.03
3249,2025-02-15,1265,P024,1,18.62
17171,2025-07-30,1557,P005,2,28.83
13880,2025-02-10,2253,P010,1,14.18
12490,2025-11-20,1613,P020,1,20.58
9198,2025-10-27,415,P026,3,27.66
17612,2025-10-06,3346,P040,3,28.34
17183,22/07/2025,1141,P044,2,"13,20"
1241,2025-01-23,1209,P035,2,26.82
14054,30/11/2025,1276,P002,1,"21,21"
6666,06-08-2025,1010,P048,2,67.26
1840,2025-04-10,1593,P011,1,26.55
243,2025-11-17,3095,P024,1,"68,88"
1754,2025-10-17,4060,P017,3,26.42
11187,01-21-2025,2295,P006,1,17.70
17221,16/11/2025,205,P047,1,"24,13"
17881,02/01/2025,3041,P033,1,113.51
10200,12/06/2025,1321,P039,1,59.69
13535,2025-11-20,3282,P039,4,14.58
414,2025-06-10,3427,P040,1,16.46
16215,2025-02-11,2317,P025,1,12.37
6707,08/11/2025,476,P019,1,8.96
17494,2025-10-15,1657,P001,1,20.62
17867,2025-09-11,2738,P010,1,21.49
3132,2025-01-17,4123,P010,1,83.75
14239,05-14-2025,990,P044,1,15.80
16700,2025-05-24,1382,P048,1,14.66
14719,2025-08-17,2104,P019,2,"14,63"
11647,2025-08-13,954,P034,1,"9,22"
8444,2025-03-11,3439,P030,2,"12,96"
3324,2025-09-19,3283,P042,1,85.82
6285,2025-04-13,2426,P002,2,44.60
11491,2025-03-23,2378,P015,2,"17,74"
2032,16/03/2025,2715,P035,1,42.97
1169,2025-12-31,3316,P029,1,"68,01"
9565,2025-12-18,1380,P037,2,33.66
17158,2025-12-09,3648,P031,1,"15,11"
7952,2025-05-17,1837,P033,3,21.81
5012,2025-03-18,2063,P046,1,19.37
11080,2025-11-13,667,P017,2,"14,25"
11068,10-17-2025,2538,P038,1,39.22
15887,2025-05-05,1306,P032,3,14.74
12444,2025-08-09,4052,P046,1,17.85
4091,25/10/2025,1177,P037,1,"56,81"
16160,2025-10-11,730,P021,1,7.96
14489,2025-11-26,1620,P016,2,48.88
6120,12-21-2025,1749,P030,1,"15,38"
8508,11-04-2025,1337,P031,1,16.41
14329,15/01/2025,1765,P027,2,19.47
6419,2025-03-16,358,P046,2,"41,21"
2268,2025-12-05,4188,P008,1,"5,54"
17128,2025-08-15,34,P042,1,30.85
11205,24/10/2025,3683,P027,1,21.04
16368,2025-05-24,4002,P045,1,"54,20"
17560,10/09/2025,967,P034,1,19.82
11921,25/12/2025,697,P017,1,36.91
13621,2025-08-09,999999,P043,1,25.42
9095,25/10/2025,1164,P036,1,"3,94"
2472,09-29-2025,2659,P015,1,92.73
7856,2025-05-01,183,P008,2,"22,87"
7366,16/10/2025,596,P003,3,"57,93"
10154,28/09/2025,4042,P042,1,26.19
8365,30/11/2025,1609,P024,2,"90,64"
5919,14/02/2025,2679,P025,1,"59,38"
7400,2025-11-04,2169,P042,1,37.79
17587,2025-07-21,2734,P041,4,"76,76"
1316,16/11/2025,3162,P005,2,39.54
9647,2025-09-02,2728,P013,3,"14,37"
6867,2025-06-15,857,P022,1,24.27
7490,25/10/2025,2716,P047,2,75.58
13532,05-12-2025,228,P031,1,"15,94"
13534,13/05/2025,999999,P033,3,7.51
7908,2025-04-30,3786,P003,1,14.47
9020,08-20-2025,311,P005,3,"42,85"
10520,22/01/2025,1004,P019,2,"32,56"
14953,2025-12-30,235,P028,1,15.14
17963,17/10/2025,721,P021,1,54.01
442,2025-06-19,3061,P004,3,33.67
2549,2025-10-09,1771,P020,1,"53,11"
11171,11/06/2025,1379,P045,1,13.18
129,2025-01-31,997,P003,2,"78,70"
4188,2025-10-28,2596,P020,1,"20,85"
12679,06/11/2025,4138,P012,1,"11,21"
6750,2025-10-19,2627,P022,4,24.63
3776,09/08/2025,2365,P027,4,38.47
2007,31/03/2025,3167,P002,1,12.80
14219,17/03/2025,1548,P002,-1,"19,68"
14169,2025-01-03,3920,P007,2,80.25
17133,2025-02-05,834,P039,1,17.26
6937,16/06/2025,2226,P035,1,15.39
10016,2025-12-03,3162,P002,1,"23,40"
17947,2025-12-15,946,P025,1,16.48
10423,08/06/2025,261,P012,2,"24,15"
1288,2025-09-03,1854,P020,4,35.03
4412,2025-04-07,683,P036,1,29.76
1991,13/03/2025,1695,P041,4,"16,99"
2485,2025-04-27,3240,P020,2,18.66
6442,2025-04-13,3395,P029,2,"31,63"
12353,22/05/2025,146,P015,1,"56,39"
15866,04-15-2025,1881,P007,1,38.78
13548,2025-04-11,1544,P011,1,15.63
9454,10/11/2025,1801,P036,1,73.99
17083,2025-04-30,1028,P038,1,30.62
5852,25/11/2025,3279,P041,1,"20,21"
13387,03-04-2025,872,P043,3,48.25
10781,18/03/2025,3073,P038,1,68.32
1344,02/07/2025,2025,P018,1,23.93
6941,2025-12-25,2805,P038,1,13.03
4085,05/06/2025,2505,P001,-1,"31,59"
12954,2025-11-04,1905,P048,3,14.65
2148,2025-05-22,2939,P033,1,"32,12"
13318,21/08/2025,3464,P039,3,45.37
2746,2025-10-03,3282,P039,3,9.70
15950,2025-08-18,2713,P047,1,54.89
15833,2025-08-14,890,P047,1,"28,97"
3584,2025-04-23,1843,P022,2,41.35
14410,2025-01-17,2866,P015,2,53.52
4439,29/12/2025,2450,P004,1,"57,92"
13760,06/09/2025,264,P028,1,54.76
13816,2025-10-04,1387,P033,2,16.88
5071,2025-07-28,1379,P011,1,33.38
11456,2025-04-12,4077,P011,1,37.51
9745,2025-09-09,514,P038,2,29.71
15456,01/07/2025,2329,P027,2,16.67
17674,02/11/2025,2759,P011,1,19.33
13966,13/09/2025,2944,P022,1,"18,46"
8485,2025-01-02,2367,P008,1,30.09
8629,22/03/2025,1194,P001,3,24.92
5320,07/08/2025,1753,P001,1,33.07
6147,2025-02-01,2703,P008,1,33.19
11793,2025-12-23,2817,P048,2,20.19
11431,2025-11-20,872,P012,1,46.52
16861,15/04/2025,3626,P044,1,21.71
16849,12/10/2025,2134,P025,2,"39,48"
17401,11/06/2025,3244,P033,1,"26,78"
7760,2025-10-22,3814,P019,1,27.42
1796,01/02/2025,825,P002,3,18.12
16795,28/08/2025,1271,P025,1,"18,87"
210,2025-12-09,65,P038,1,20.17
11916,2025-02-22,2682,P002,3,"48,73"
15719,2025-03-27,1225,P046,4,12.92
1025,2025-10-30,2063,P006,2,29.04
10389,28/07/2025,1418,P027,2,37.13
7391,2025-08-25,1907,P032,2,44.15
1231,2025-07-18,1335,P006,1,"14,59"
8576,25/10/2025,626,P024,2,29.11
3327,2025-12-29,2248,P030,1,"23,11"
11470,2025-10-19,3650,P001,3,11.78
345,25/03/2025,1664,P013,1,"22,78"
11215,2025-02-18,955,P031,1,37.55
10312,09/12/2025,4180,P029,2,"123,75"
2098,2025-08-10,4195,P027,2,26.65
1675,2025-05-19,72,P019,4,13.95
3001,17/10/2025,3015,P027,1,36.29
7554,2025-11-18,3664,P035,1,38.14
14401,2025-03-30,1135,P047,1,"26,18"
17961,08/07/2025,4000,P039,2,25.86
1779,24/12/2025,2911,P043,1,"56,19"
14160,2025-12-23,1023,P025,1,"35,32"
3592,2025-03-07,3402,P017,1,85.70
784,2025-11-29,1843,P032,2,"50,49"
668,2025-06-30,390,P004,-1,"31,62"
2998,2025-05-12,1002,P023,1,15.27
2907,2025-07-18,3312,P034,3,"30,58"
3535,2025-02-06,575,P029,1,32.20
16476,10/10/2025,1345,P033,1,41.21
8110,12/11/2025,379,P035,2,14.63
11747,02-24-2025,1712,P015,1,157.27
3709,2025-10-13,1330,P034,2,63.87
17299,2025-05-31,1356,P048,1,70.06
1753,10/03/2025,3386,P033,1,30.58
7212,23/11/2025,2949,P002,3,77.01
10830,12/11/2025,2788,P004,2,"13,16"
16386,2025-02-24,3437,P003,1,"70,40"
13139,2025-05-11,1677,P047,1,"71,14"
7807,08-27-2025,330,P013,1,23.74
11489,2025-01-22,1336,P033,1,30.68
397,2025-10-14,2657,P041,2,14.07
16398,2025-05-14,553,P037,1,"13,05"
10231,2025-09-30,1606,P039,1,59.61
13208,2025-05-11,1406,P043,1,"31,42"
7245,2025-06-17,2712,P032,2,"40,41"
17432,16/09/2025,1466,P004,2,19.99
5554,2025-02-16,3372,P001,1,"17,04"
15589,2025-08-20,1451,P036,3,22.52
15093,04-11-2025,1454,P028,3,"12,11"
15786,01-27-2025,2501,P037,3,17.25
9374,2025-05-19,3857,P044,1,"38,78"
16773,2025-01-20,1483,P037,1,"44,25"
15535,08/12/2025,3538,P019,1,24.91
13371,2025-02-01,1922,P039,1,25.02
4469,2025-01-03,701,P006,1,8.05
14066,2025-03-03,3579,P045,1,12.54
15454,10/03/2025,2459,P039,1,73.16
11906,2025-02-15,386,P023,2,12.19
2411,2025-03-31,2919,P032,1,"36,91"
12935,2025-01-26,2840,P011,2,27.21
3579,11/08/2025,1743,P046,1,40.33
17868,2025-06-06,3838,P046,1,18.14
7000,20/01/2025,2207,P028,1,32.29
12464,11/10/2025,2009,P022,1,"23,29"
9842,2025-05-21,1269,P044,4,27.88
15563,2025-06-21,2023,P013,,26.20
14419,25/05/2025,3569,P011,1,62.07
11044,2025-09-04,1198,P028,1,17.42
15112,2025-03-08,3222,P007,3,40.09
16098,27/06/2025,47,P043,2,50.82
17120,2025-01-06,1100,P034,4,25.37
3638,2025-02-06,1398,P007,1,32.99
16980,2025-03-21,712,P005,2,15.80
3545,2025-01-16,2802,P039,1,37.92
10927,2025-10-20,428,P016,2,19.24
6435,2025-06-22,1299,P045,1,"74,10"
5429,2025-06-18,49,P012,1,"11,51"
16358,2025-03-31,2863,P037,1,14.90
16970,13/10/2025,373,P028,1,15.32
11388,2025-05-17,3164,P007,2,"15,16"
12848,2025-02-02,1198,P019,2,"28,17"
8194,26/07/2025,1583,P017,1,29.19
15091,08/09/2025,3761,P040,1,13.18
16827,2025-04-22,1040,P031,1,22.34
6213,2025-02-09,2755,P039,3,"55,30"
5484,2025-09-24,3702,P009,1,"81,46"
6063,2025-01-30,3635,P031,2,49.57
14970,07-19-2025,1269,P046,1,"18,71"
13665,2025-06-25,649,P016,3,33.79
840,25/10/2025,2496,P028,2,34.86
15473,2025-08-07,3884,P032,2,"39,65"
5228,2025-05-11,782,P013,2,21.37
8770,22/05/2025,445,P038,3,16.19
11286,2025-01-28,3886,P019,3,25.02
7871,2025-05-06,1967,P022,1,22.97
2117,2025-04-18,2775,P020,2,27.52
15741,2025-04-21,3572,P028,1,"38,44"
16701,25/05/2025,2599,P032,1,20.02
2720,2025-05-09,547,P009,1,14.96
10652,2025-03-29,1634,P003,3,22.59
10628,13/02/2025,2866,P028,1,"15,50"
10926,16/01/2025,652,P016,1,10.90
13962,17/11/2025,2352,P010,1,43.65
10150,2025-12-28,1730,P044,2,101.61
15058,02/05/2025,2773,P015,2,15.41
9944,21/09/2025,4037,P019,1,47.74
483,03-11-2025,379,P012,1,34.55
15540,19/01/2025,2327,P014,3,"26,71"
10151,2025-02-22,1044,P036,3,32.29
4069,06/04/2025,1829,P031,1,57.15
13184,2025-10-02,2290,P030,2,21.02
1251,23/01/2025,1951,P020,1,26.59
10701,2025-09-05,2881,P001,1,25.77
617,2025-07-13,3637,P044,3,77.05
10981,2025-02-16,3403,P023,1,33.93
17196,2025-09-30,3254,P027,3,45.86
15328,2025-08-29,1683,P032,2,"35,29"
3628,2025-02-28,1656,P012,1,20.50
12862,10/08/2025,1609,P032,1,28.94
809,20/10/2025,861,P037,2,74.92
14114,2025-04-19,3993,P020,4,11.23
17613,2025-06-13,3364,P029,2,35.42
623,12-24-2025,1909,P032,1,44.24
4536,03-04-2025,1742,P040,1,"49,53"
6611,2025-05-16,4108,P040,2,23.97
7825,2025-03-07,168,P043,1,24.22
2813,2025-04-23,2643,P007,1,"8,62"
15918,25/01/2025,3822,P012,1,55.01
3019,2025-03-06,6,P035,3,30.68
8344,2025-11-28,1276,P018,1,38.92
4628,06/04/2025,2631,P040,2,13.28
12219,2025-03-26,4004,P004,1,34.59
12382,2025-11-19,2943,P015,1,"40,18"
1161,25/01/2025,3560,P005,2,"24,52"
1042,2025-09-11,3335,P039,1,"40,99"
14086,07-26-2025,139,P010,1,38.18
1201,2025-12-01,999999,P031,2,65.03
5362,15/07/2025,3262,P022,1,30.59
15435,10-14-2025,2905,P002,2,11.85
14443,2025-10-09,4076,P014,1,22.25
11539,2025-01-23,91,P011,-1,"26,26"
14076,2025-12-08,1899,P009,1,"22,54"
17633,03/02/2025,2538,P009,1,29.40
808,2025-10-28,1455,P011,2,49.29
2882,2025-01-15,2036,P020,2,10.11
3302,2025-07-26,1482,P010,1,"22,87"
1649,04-19-2025,1677,P027,3,27.29
15186,2025-01-18,2002,P027,1,22.86
3534,15/11/2025,2887,P029,1,43.09
8350,29/10/2025,3123,P030,3,24.41
2421,2025-05-12,270,P001,2,21.34
5039,12-23-2025,227,P030,3,"13,72"
15840,2025-10-28,2695,P044,1,"46,11"
6530,2025-04-21,3167,P044,3,54.08
1404,2025-08-26,3590,P030,1,18.67
9103,12/01/2025,1747,P002,1,"54,84"
2818,2025-08-25,2753,P047,1,41.51
11706,2025-11-20,2191,P018,1,87.98
4531,2025-07-10,41,P019,1,34.63
16474,2025-10-27,1907,P019,4,18.30
7307,2025-12-06,2456,P005,2,"47,82"
17412,2025-06-14,4063,P004,1,36.66
14451,2025-08-12,3247,P033,1,49.99
4466,09-29-2025,2139,P027,2,"26,16"
12033,2025-02-04,844,P029,3,37.81
8737,2025-05-21,3018,P025,1,"62,13"
619,2025-08-16,189,P021,1,36.59
6742,13/03/2025,1217,P039,1,8.97
15029,2025-05-25,3189,P012,1,8.39
11229,2025-11-08,1562,P008,2,21.02
14036,2025-11-05,203,P031,1,"21,15"
15349,28/03/2025,3929,P048,2,10.08
9161,2025-08-01,35,P039,2,25.74
6129,2025-04-19,2539,P047,1,10.71
10197,09/08/2025,120,P040,3,150.33
13454,2025-07-17,3146,P036,1,"24,49"
14223,2025-08-16,237,P026,1,"13,43"
13129,29/04/2025,2554,P024,1,"53,20"
12844,2025-03-13,1397,P029,2,38.90
16345,2025-09-24,1490,P012,1,41.65
8801,2025-05-17,137,P002,1,17.43
8703,2025-12-18,2186,P004,3,39.81
7200,2025-09-08,4112,P015,1,10.94
16612,2025-06-03,856,P031,1,"12,07"
16323,09/03/2025,1284,P015,2,"38,61"
2576,25/04/2025,2887,P007,2,6.20
4361,2025-08-02,3746,P009,-1,6.27
8583,2025-09-02,2817,P030,1,"26,61"
9526,2025-04-18,1558,P002,1,51.85
6488,24/09/2025,4137,P042,2,7.09
11550,04-30-2025,210,P039,1,56.43
14453,2025-07-04,1202,P018,4,26.74
13493,07-16-2025,109,P021,3,9.56
5976,17/01/2025,1511,P010,1,40.55
1342,2025-02-03,2130,P032,1,12.51
13918,2025-09-27,856,P034,2,"69,75"
16587,19/05/2025,938,P045,1,21.30
13378,23/03/2025,168,P031,1,"40,21"
17333,2025-10-20,999999,P036,1,"11,65"
5823,11-04-2025,1994,P017,,"67,88"
7579,2025-03-07,3498,P007,1,29.19
356,2025-11-09,2976,P006,1,28.22
9275,2025-01-23,794,P032,1,"52,91"
8428,04-13-2025,2476,P044,1,9.32
10245,2025-12-11,3839,P032,2,23.40
15723,19/05/2025,1444,P031,1,45.76
13108,2025-10-28,3362,P019,1,10.57
12830,2025-11-06,535,P027,2,"20,55"
9189,01-23-2025,2939,P031,1,"12,13"
13744,29/09/2025,3651,P023,2,27.83
2247,05-17-2025,1285,P008,1,47.41
13865,2025-07-10,2460,P021,1,"30,55"
17233,14/12/2025,1980,P017,1,"11,36"
2684,02-05-2025,289,P046,1,"10,55"
17447,2025-05-15,4105,P009,1,52.67
7705,07/12/2025,3548,P013,1,41.36
15322,2025-01-19,2905,P017,2,33.72
13192,22/03/2025,3050,P041,3,35.62
2107,2025-02-13,2488,P006,1,38.86
8435,08/02/2025,1010,P046,1,44.74
14623,2025-02-07,1998,P028,1,31.57
15034,2025-09-09,641,P010,2,31.10
13775,2025-08-22,2444,P002,1,93.44
13368,2025-10-12,3760,P020,1,"16,54"
3524,2025-10-27,4041,P046,2,25.14
6003,2025-04-29,326,P045,3,"7,82"
11199,2025-05-12,2052,P047,2,37.53
2365,07/04/2025,3150,P032,1,21.94
5951,12-26-2025,3642,P021,2,41.50
953,15/09/2025,1585,P038,1,53.13
434,2025-09-02,3854,P009,1,28.55
12037,2025-07-13,3120,P044,1,8.61
1117,05/09/2025,2646,P036,3,23.45
9543,16/11/2025,2438,P018,1,36.59
13088,2025-01-01,3490,P036,1,18.17
9579,27/12/2025,3432,P007,2,"24,83"
9741,05-10-2025,715,P024,3,44.95
13049,2025-04-10,537,P033,3,30.24
395,04/09/2025,1543,P035,3,15.25
12886,2025-10-16,3437,P039,1,37.00
2990,2025-08-22,915,P046,2,"34,72"
2643,10/09/2025,862,P039,1,"75,73"
4801,2025-03-01,676,P043,3,"16,51"
6090,05-09-2025,997,P002,1,"35,82"
11012,2025-08-06,3555,P040,,15.84
296,2025-04-23,678,P023,1,"21,90"
12061,2025-07-02,791,P013,1,14.97
6551,2025-03-19,3659,P013,2,108.88
5301,2025-11-06,1255,P004,1,"43,36"
16638,2025-06-28,831,P025,1,"37,78"
9041,2025-07-18,3816,P019,1,11.00
12062,2025-06-20,3634,P036,2,25.50
13338,2025-04-06,2168,P001,1,32.43
16016,22/03/2025,3615,P040,2,"49,17"
15231,2025-05-10,1781,P023,3,13.71
3574,08/05/2025,2266,P048,2,"15,54"
12212,2025-12-04,808,P026,1,"57,74"
9859,25/09/2025,1002,P027,3,31.17
15604,2025-08-18,3022,P002,1,83.83
4150,2025-12-21,2908,P039,2,30.06
8804,2025-05-10,2495,P036,2,"15,97"
230,2025-08-30,3898,P021,2,57.68
8368,2025-10-13,2607,P015,2,48.57
11220,2025-03-18,490,P041,1,"13,65"
4031,24/08/2025,217,P033,1,"26,11"
12440,2025-06-10,1332,P014,1,"8,81"
17125,2025-03-27,2316,P030,2,"20,07"
7018,2025-01-28,2386,P030,3,16.39
15063,07-10-2025,355,P007,1,11.80
6427,2025-04-08,4022,P021,1,19.07
132,2025-11-09,3859,P035,3,53.97
14709,2025-12-12,1443,P005,1,28.25
17867,2025-09-11,2738,P010,1,21.49
4314,09/07/2025,706,P046,3,27.17
11150,2025-05-20,259,P011,1,7.88
6430,13/01/2025,2651,P035,1,29.46
4065,2025-03-03,1781,P012,2,14.10
9411,11/10/2025,2753,P040,4,"29,18"
15609,2025-11-27,1572,P018,-1,21.04
15471,2025-09-29,3721,P001,3,30.96
6457,2025-04-22,4119,P026,1,24.17
776,10/06/2025,1127,P026,3,68.17
6246,01/04/2025,455,P008,2,"37,84"
13093,2025-05-06,521,P009,1,22.35
5276,12/10/2025,2625,P013,1,56.73
7122,2025-09-19,1546,P035,2,35.96
9199,2025-01-16,414,P027,1,"36,20"
2234,2025-08-27,2740,P001,1,32.89
2017,2025-08-20,3240,P046,1,18.05
5418,2025-04-15,2299,P020,2,82.07
1076,01-05-2025,2340,P024,2,"32,96"
3255,2025-08-20,746,P041,1,44.06
13780,22/02/2025,3545,P014,1,"23,88"
9483,02-26-2025,4181,P012,,25.42
11155,20/06/2025,597,P041,2,"38,11"
7114,2025-03-04,1767,P045,1,29.47
8537,2025-10-28,2081,P033,2,31.33
10320,02-13-2025,2527,P012,2,15.81
1986,24/01/2025,2406,P007,1,18.02
8284,12/05/2025,3926,P006,3,55.16
16553,10/03/2025,3513,P032,1,5.62
11079,2025-03-06,1098,P026,1,13.59
17398,2025-10-21,6,P042,1,"45,64"
4266,2025-06-04,2423,P003,1,30.03
3309,25/03/2025,454,P043,1,47.40
12493,2025-12-26,4128,P025,3,51.01
10048,2025-06-26,2121,P017,1,36.49
1319,22/12/2025,3800,P047,1,"18,73"
12985,2025-05-02,3312,P047,1,"51,55"
4381,18/04/2025,3009,P005,1,"27,27"
5119,2025-10-30,934,P048,4,"21,91"
15948,2025-07-18,3244,P004,1,56.56
15175,2025-07-26,356,P027,3,96.03
13823,02/08/2025,3485,P001,2,"8,25"
10592,2025-11-07,1102,P007,1,"33,67"
15800,2025-06-03,1625,P028,1,7.14
11051,17/08/2025,1976,P029,1,58.30
1589,2025-06-25,139,P021,2,"21,96"
12993,2025-04-19,2352,P009,1,"37,10"
16957,11-20-2025,283,P037,2,26.13
15651,2025-12-02,1772,P034,3,"11,14"
17600,21/12/2025,3123,P013,1,"21,33"
16071,17/04/2025,2492,P027,1,31.23
13786,2025-01-22,1768,P010,2,"16,38"
9909,2025-04-22,2822,P006,1,22.99
7359,2025-04-24,1355,P032,1,"17,41"
3516,2025-09-11,994,P010,2,26.53
12779,2025-05-08,814,P022,4,"17,34"
834,2025-01-25,2644,P035,1,"37,84"
17698,09/11/2025,3885,P016,2,32.18
8470,2025-09-20,1783,P042,1,16.21
1492,2025-04-19,1236,P047,2,13.75
4606,2025-10-27,3484,P033,3,"40,05"
16458,2025-07-11,2576,P034,1,18.12
16020,22/07/2025,2607,P041,1,50.98
5745,2025-09-15,2641,P023,3,43.40
8587,2025-05-01,3585,P012,1,29.38
13803,2025-05-30,3895,P048,1,18.41
8954,2025-08-30,2067,P034,1,8.50
16990,09-08-2025,1350,P033,1,"60,51"
17032,10/06/2025,904,P038,1,8.90
3729,2025-06-17,3773,P042,1,18.36
9147,12-11-2025,3929,P032,1,54.86
13857,2025-09-29,3723,P026,3,12.42
8318,2025-01-03,829,P003,1,"24,97"
2594,2025-08-16,2264,P041,1,"22,14"
3056,2025-08-21,999999,P046,1,24.19
16785,05/09/2025,760,P018,4,"22,57"
9757,04/04/2025,1957,P029,3,19.13
10665,2025-06-11,3249,P013,1,38.00
14985,2025-06-21,1729,P008,1,37.24
448,2025-12-27,860,P037,1,30.76
8111,2025-04-18,2466,P042,1,"15,10"
6295,2025-10-28,1652,P005,3,23.72
6908,2025-07-09,244,P014,1,17.25
12958,2025-07-10,3449,P025,1,"26,26"
11000,2025-07-04,4079,P022,1,17.77
6375,2025-09-20,2644,P016,1,55.16
5102,2025-04-16,1648,P024,2,"24,93"
15872,2025-07-19,3786,P004,1,22.52
3166,2025-09-17,3047,P029,1,27.04
15762,15/03/2025,999999,P014,1,35.42
7687,2025-05-17,1531,P017,1,21.60
11750,2025-03-28,3128,P034,1,14.96
12607,2025-07-02,601,P006,2,"33,41"
279,2025-04-11,2631,P043,2,16.69
16201,06/10/2025,1470,P041,1,33.13
7338,12/11/2025,2000,P014,1,"21,31"
13202,07/09/2025,1296,P042,2,"40,53"
14821,2025-10-24,745,P034,2,14.26
11656,2025-08-03,2810,P022,2,13.77
12662,2025-07-13,677,P044,2,32.06
3855,05-15-2025,890,P009,2,"17,88"
5615,2025-11-14,2678,P039,1,16.22
3955,2025-03-21,1739,P016,1,"14,94"
10987,16/03/2025,4087,P047,1,133.95
7764,04/11/2025,4076,P001,1,26.16
2191,2025-06-14,1380,P018,1,"28,68"
15956,20/02/2025,3087,P018,1,47.84
7589,2025-03-17,718,P034,1,44.76
15616,04/02/2025,1109,P040,1,"9,38"
14735,2025-03-13,2800,P008,3,24.82
6421,2025-03-26,231,P014,2,"24,57"
14915,26/01/2025,1707,P034,2,"47,93"
11451,2025-06-28,2625,P035,1,42.48
16786,2025-02-16,4066,P044,2,24.51
3409,01/08/2025,277,P007,1,"13,51"
16528,14/02/2025,777,P047,1,"18,04"
11279,06/02/2025,389,P014,1,36.58
9,01/03/2025,1055,P019,2,33.90
2293,2025-08-25,1538,P018,1,29.16
407,2025-10-11,2413,P005,2,"12,66"
10633,2025-01-17,999999,P047,1,58.03
780,2025-08-27,1558,P045,1,33.52
656,2025-11-04,3947,P019,1,63.81
8877,03-04-2025,938,P017,1,20.74
17752,09-03-2025,3256,P045,1,"29,57"
14712,30/05/2025,2083,P004,2,"16,08"
3815,2025-06-17,704,P009,1,"18,75"
5966,2025-09-21,422,P040,1,13.79
14111,2025-12-19,2095,P023,2,"18,77"
6539,2025-07-25,1862,P023,1,35.51
16330,2025-08-19,3109,P013,1,11.68
6048,10-23-2025,2644,P015,1,51.51
13968,23/07/2025,246,P040,2,"34,19"
6049,2025-07-06,781,P015,1,11.14
2630,2025-12-16,2606,P025,1,11.29
12861,2025-03-20,1829,P041,2,43.56
758,2025-05-30,1371,P019,1,22.82
8579,2025-02-02,4049,P046,1,25.84
2732,2025-05-26,1778,P048,2,24.63
4001,2025-07-17,260,P012,1,13.03
12784,07/12/2025,3873,P005,1,"11,96"
15990,2025-10-17,520,P011,2,96.45
2341,2025-05-19,2697,P015,1,"12,25"
5581,2025-10-20,1460,P044,1,29.27
1029,02-06-2025,2066,P024,3,17.55
17552,2025-09-17,527,P035,2,"20,46"
10065,2025-05-26,230,P045,1,23.52
16276,10-06-2025,1939,P036,1,"59,74"
15871,2025-10-16,656,P033,2,47.78
1909,11/07/2025,955,P042,1,18.70
164,2025-06-26,1756,P022,1,23.31
11817,2025-05-18,723,P018,1,25.10
16676,2025-07-12,173,P048,1,40.08
7021,2025-08-17,2897,P039,4,"19,54"
17307,2025-07-31,3442,P006,4,9.43
5795,04-04-2025,1722,P007,1,24.63
13483,2025-05-28,1124,P016,1,"14,66"
7395,2025-08-02,68,P006,1,36.48
17340,2025-06-01,3200,P032,1,30.84
7596,2025-06-15,2375,P021,1,19.90
5976,17/01/2025,1511,P010,1,40.55
4881,2025-01-05,4075,P020,1,12.17
8121,2025-03-15,2661,P007,2,31.20
12030,08-30-2025,1524,P042,2,"41,73"
1441,2025-12-25,2209,P029,1,30.77
17161,2025-10-10,1191,P043,1,36.95
6775,2025-06-14,1162,P030,1,26.13
51,2025-04-12,481,P025,1,29.75
15899,06/02/2025,1974,P019,1,50.57
16913,2025-01-07,1222,P010,2,42.35
3230,2025-11-04,1274,P030,4,21.46
15219,2025-10-19,300,P004,2,"24,50"
10119,30/12/2025,4188,P019,2,"15,20"
8038,2025-10-10,3244,P041,2,16.40
9474,05-01-2025,859,P024,1,31.23
16707,2025-06-03,261,P007,1,"23,84"
15944,09-05-2025,1859,P035,1,18.64
4953,2025-04-19,3977,P042,2,21.07
5613,2025-03-31,3156,P019,1,41.64
9931,2025-06-12,101,P024,1,"7,55"
5654,14/02/2025,3406,P037,1,"51,07"
12065,10-09-2025,1371,P042,1,21.19
3746,2025-05-31,3316,P039,1,"33,80"
900,2025-07-29,1704,P036,1,18.16
6885,04/02/2025,2266,P022,1,"21,70"
968,14/10/2025,533,P013,1,"23,67"
3050,2025-11-23,31,P018,1,17.74
8680,2025-10-06,1781,P013,2,46.38
8162,2025-11-28,1343,P043,1,18.45
15102,13/04/2025,90,P033,2,17.68
6215,26/05/2025,3199,P032,2,40.45
15294,2025-08-05,1172,P002,2,64.85
16206,2025-06-16,500,P005,1,10.11
190,2025-10-11,4030,P016,1,"53,58"
11732,2025-01-13,249,P008,1,53.96
12704,2025-10-12,2774,P028,1,88.03
11378,12/02/2025,1519,P030,4,36.64
13610,2025-07-22,2585,P028,1,"9,29"
5333,02/02/2025,1463,P042,1,"57,17"
11788,2025-09-03,3541,P012,1,21.87
12686,13/06/2025,175,P031,1,"19,05"
14927,21/11/2025,3251,P023,2,11.56
13762,29/08/2025,1314,P032,1,77.41
15229,06-12-2025,1174,P035,1,12.11
4949,17/08/2025,2879,P041,4,"12,35"
5674,2025-03-13,870,P016,1,"16,78"
11407,26/04/2025,279,P044,3,43.09
235,16/01/2025,772,P018,1,44.14
7521,28/09/2025,1918,P007,1,21.07
3459,07-30-2025,1149,P004,2,"86,22"
11736,2025-06-07,223,P020,4,"25,34"
12596,2025-08-16,818,P020,4,"13,17"
8787,2025-03-23,4078,P040,3,"25,05"
28,2025-04-21,2944,P004,2,7.33
16232,01-30-2025,2674,P042,1,"35,69"
13268,30/07/2025,2215,P018,1,45.29
6908,2025-07-09,244,P014,1,17.25
6912,2025-11-10,806,P031,4,13.78
6336,2025-05-06,442,P017,2,18.39
17374,31/01/2025,3911,P012,1,20.87
8174,2025-09-06,3344,P027,1,"31,39"
9770,27/10/2025,2982,P028,1,45.62
8425,2025-09-13,283,P044,1,"16,24"
5195,13/08/2025,3630,P004,1,25.33
3679,06-30-2025,2347,P002,1,14.46
17555,2025-01-08,2885,P008,1,"12,39"
8860,17/01/2025,3422,P045,1,"28,42"
10216,15/10/2025,2244,P025,2,103.64
9856,01-04-2025,2445,P018,2,31.92
13028,11/05/2025,777,P042,1,20.94
7022,28/10/2025,1647,P009,1,61.08
12063,2025-12-09,1463,P047,3,45.63
3547,15/12/2025,2294,P032,2,8.05
13731,03-15-2025,3749,P045,1,21.42
3952,2025-03-09,2293,P023,2,13.33
1811,15/10/2025,3252,P012,1,29.45
17395,2025-11-16,2034,P037,3,"44,36"
3892,2025-07-22,2159,P014,,"22,55"
17817,2025-04-22,2237,P006,1,16.06
13188,2025-12-31,2807,P033,1,10.34
7821,2025-10-24,3946,P005,3,33.49
3924,2025-05-31,1782,P031,1,"12,17"
13768,2025-08-31,1882,P027,1,59.68
9154,2025-05-29,3777,P039,1,"95,25"
5379,2025-08-02,1161,P043,4,"22,92"
11884,2025-01-26,1464,P043,4,"25,95"
3803,23/11/2025,2803,P038,1,"39,25"
4781,2025-10-07,4032,P017,2,30.93
16076,2025-06-29,270,P003,1,20.27
13265,2025-11-19,3858,P047,1,19.90
9555,2025-05-12,3584,P036,1,37.61
9193,2025-12-16,2873,P041,1,65.51
17013,27/12/2025,1024,P021,2,21.63
8605,2025-01-18,3730,P016,2,13.49
4006,2025-01-13,1271,P036,1,15.23
15525,2025-04-02,4058,P001,1,"7,41"
14112,2025-03-24,2279,P043,2,7.81
3200,2025-10-19,69,P013,1,31.62
11039,17/01/2025,1367,P029,1,45.07
14967,15/01/2025,1950,P028,1,90.68
13456,2025-04-30,2446,P008,2,"3,97"
6779,02-18-2025,2544,P032,1,"43,30"
6087,2025-09-30,838,P004,4,34.67
3887,2025-11-02,4122,P001,,26.84
7261,2025-01-08,999999,P012,1,"78,51"
12007,08-05-2025,444,P006,2,87.91
7020,04-16-2025,2058,P043,2,30.32
1216,17/10/2025,3697,P011,1,"25,55"
7469,2025-01-23,242,P021,,50.63
15630,2025-10-01,194,P008,1,"75,96"
2635,16/02/2025,3739,P030,3,24.04
13726,05/05/2025,3290,P047,1,"18,98"
4629,25/02/2025,1717,P034,2,18.45
5993,08/06/2025,1474,P048,2,"29,59"
4213,2025-10-05,3197,P029,1,19.95
11291,2025-06-10,1364,P040,2,"16,60"
12957,2025-04-27,639,P014,1,16.83
15402,19/03/2025,1978,P018,3,23.50
12781,2025-02-28,1792,P026,1,19.54
529,23/07/2025,4116,P019,1,24.67
539,08/10/2025,3158,P039,1,34.35
11614,2025-02-18,944,P035,1,15.88
4313,13/11/2025,3967,P020,1,19.13
12934,21/03/2025,1334,P048,2,61.26
10942,21/03/2025,3968,P028,3,10.17
1261,2025-09-20,1732,P028,1,49.49
94,2025-01-05,281,P037,1,50.72
9632,2025-12-05,2415,P047,4,51.75
15044,08/03/2025,1108,P005,3,19.37
14996,2025-10-04,3805,P039,1,13.78
6202,2025-11-16,2997,P001,1,"10,45"
13921,2025-07-13,1675,P028,1,70.50
3761,2025-09-30,507,P025,2,"74,42"
12270,2025-07-16,55,P023,1,31.93
11688,2025-02-13,1566,P035,2,33.27
17568,2025-02-07,2020,P005,2,15.13
10239,2025-09-08,3735,P046,4,16.97
17441,2025-11-21,3786,P013,1,58.17
4944,03/09/2025,897,P025,1,65.54
5416,11/11/2025,734,P017,2,30.73
6860,2025-10-30,1101,P001,2,71.99
4139,2025-05-30,3264,P038,-1,"9,76"
3411,2025-04-19,1694,P038,1,39.43
9069,2025-06-20,1636,P023,1,"23,67"
1156,2025-11-18,4128,P004,2,74.15
11432,2025-11-22,999999,P005,2,30.52
12421,2025-09-12,1892,P027,1,23.90
10825,2025-08-18,3448,P029,2,17.66
16963,22/04/2025,2081,P004,,7.78
4018,2025-05-08,2111,P005,1,39.66
13342,2025-10-23,1767,P006,4,"21,41"
13269,2025-11-28,2366,P039,1,15.04
3059,12-25-2025,3444,P041,2,51.49
16242,19/11/2025,139,P014,3,"33,94"
9537,2025-04-28,1568,P023,1,"23,14"
16899,22/05/2025,3656,P008,2,16.34
1140,2025-10-11,2016,P003,1,52.28
8437,2025-06-25,66,P015,1,"24,86"
12396,21/07/2025,1713,P033,2,46.29
2451,2025-08-16,1944,P042,2,41.64
4075,2025-10-17,3850,P011,3,46.45
1849,02-13-2025,2826,P021,2,"23,40"
11986,14/11/2025,1721,P046,1,65.70
17254,2025-01-03,2277,P007,2,25.75
2808,2025-05-08,2428,P037,2,"25,46"
6900,09-11-2025,3601,P018,1,7.33
13479,2025-05-17,979,P035,1,18.88
12495,07-26-2025,1900,P037,2,9.46
2153,26/05/2025,2438,P047,1,26.73
7448,2025-09-17,586,P027,1,"99,12"
17707,11-20-2025,2536,P043,1,38.21
9202,06-19-2025,1953,P012,2,16.88
5684,2025-08-11,2049,P047,1,31.37
543,2025-11-28,1741,P030,1,"62,84"
13067,2025-12-09,4165,P046,2,13.92
12360,03-18-2025,2666,P048,3,"15,29"
8090,03/10/2025,4161,P015,1,21.91
13913,2025-07-05,3890,P014,1,17.49
3960,07/04/2025,2103,P025,,36.50
5346,01/12/2025,298,P005,1,"19,06"
10552,2025-11-11,2736,P018,2,8.97
5144,2025-03-25,3114,P026,1,"52,58"
16039,2025-12-04,2353,P029,4,64.11
4681,2025-03-21,535,P036,1,"19,58"
7933,26/06/2025,2786,P004,1,31.63
12814,24/04/2025,1512,P026,1,"22,37"
2454,27/01/2025,2567,P037,1,"27,08"
3195,28/12/2025,1630,P033,2,48.89
1385,2025-07-13,1605,P047,1,21.16
11272,2025-03-20,2823,P039,1,20.09
2730,13/12/2025,1309,P036,2,"15,02"
12256,2025-09-21,402,P022,-1,25.29
12936,2025-07-26,1253,P011,1,"102,72"
5628,2025-06-06,1373,P040,1,"27,80"
11411,2025-08-22,2537,P022,1,"25,66"
12630,2025-05-02,1856,P018,3,29.92
8361,2025-08-12,999999,P042,3,18.10
575,2025-08-06,1010,P001,1,"47,64"
9642,2025-01-24,1664,P001,1,"36,14"
16814,2025-09-02,1196,P043,1,17.37
3473,2025-06-04,3696,P027,1,25.58
17405,2025-07-05,2515,P009,1,22.09
15413,2025-09-23,3888,P034,1,33.19
12010,2025-05-31,454,P046,2,64.18
1500,2025-03-14,3473,P048,3,23.02
9612,2025-03-07,582,P022,1,"20,87"
12507,05-15-2025,3559,P037,1,10.84
16090,2025-05-05,936,P005,1,"46,30"
17080,2025-02-01,2741,P015,1,"12,16"
4048,2025-04-02,1070,P048,2,29.71
7903,20/03/2025,364,P012,2,50.83
16393,2025-06-27,2862,P046,4,9.86
15368,2025-11-24,4064,P019,2,70.74
17576,17/08/2025,3956,P029,2,18.84
11170,2025-09-30,3774,P041,1,42.06
10134,05/04/2025,297,P019,1,14.90
11002,2025-07-21,3786,P023,2,51.28
6503,16/12/2025,1671,P035,2,"8,82"
8224,2025-08-12,2095,P006,1,43.59
16951,2025-08-26,1274,P033,4,"35,01"
11413,2025-02-24,3737,P048,1,"9,77"
17803,09/11/2025,128,P036,1,"13,33"
14722,25/09/2025,2973,P004,1,"21,36"
10044,2025-07-11,2102,P018,2,15.65
7779,2025-11-05,1452,P022,1,23.17
592,2025-08-16,230,P015,1,46.42
2780,27/04/2025,842,P029,2,"23,59"
13543,2025-02-24,1624,P021,1,8.51
5632,2025-03-19,219,P014,1,"25,00"
15959,2025-05-27,2581,P003,1,35.95
2637,2025-05-25,2400,P033,1,18.42
1911,2025-06-20,3446,P033,1,29.24
11901,01/04/2025,3460,P024,1,54.86
3702,2025-02-27,1779,P036,1,19.40
9999,09/11/2025,2482,P002,1,37.53
16017,2025-04-26,2832,P006,2,"80,62"
775,2025-11-20,3629,P024,2,24.08
17462,2025-11-02,3375,P042,4,"10,57"
3344,07-20-2025,1018,P005,2,52.06
10886,2025-06-15,654,P004,1,11.05
12716,2025-04-08,1729,P031,2,46.45
15565,2025-01-28,3664,P045,2,14.24
1976,2025-03-25,117,P011,2,17.94
17063,2025-10-31,3604,P024,1,13.30
2256,12/02/2025,1768,P020,1,43.26
1648,18/10/2025,2620,P015,1,18.81
2104,2025-12-03,52,P019,4,34.82
6415,2025-06-27,2984,P038,1,"27,58"
3179,2025-11-07,1550,P004,1,45.96
2187,2025-10-15,305,P010,1,16.73
5400,2025-02-07,3725,P017,2,"36,65"
14010,2025-09-10,2519,P012,2,33.15
15228,02-05-2025,3739,P038,3,9.14
7259,05/04/2025,2701,P021,1,44.37
5757,2025-06-04,3299,P044,1,31.57
1828,2025-12-13,2659,P005,3,21.99
11502,2025-06-09,4055,P047,2,34.70
16630,2025-02-06,3253,P011,2,"24,25"
1086,24/07/2025,162,P045,1,9.40
15418,11/03/2025,2547,P027,1,"20,30"
13674,19/01/2025,1121,P007,2,"34,07"
9288,05/05/2025,2502,P001,1,20.87
17230,2025-12-26,4061,P008,2,12.56
6910,2025-06-19,2041,P029,1,19.10
8618,20/05/2025,2161,P033,1,39.10
12298,2025-08-06,2761,P043,1,32.49
8059,2025-08-23,1043,P017,1,25.75
17316,12-08-2025,2926,P031,1,"9,60"
14145,04/11/2025,1571,P033,2,8.94
9360,02-18-2025,1656,P024,1,"63,00"
11461,20/11/2025,2839,P024,4,"78,53"
14652,2025-03-25,2312,P043,1,31.62
5062,2025-07-02,2902,P015,2,18.13
8497,09-28-2025,2208,P041,1,30.80
4919,16/12/2025,3221,P036,2,16.79
7324,2025-03-25,999999,P002,1,40.76
10357,2025-01-14,753,P026,3,"19,93"
7711,2025-05-20,2377,P022,2,68.20
1854,2025-08-25,655,P043,1,14.78
1703,27/06/2025,2500,P036,3,32.28
17744,26/03/2025,2017,P046,2,"25,95"
7408,2025-01-09,3633,P047,1,64.38
2210,2025-09-30,2789,P040,2,22.13
4642,10/02/2025,633,P014,2,19.82
1196,2025-10-09,2676,P001,4,46.55
6406,14/06/2025,538,P041,2,19.78
191,2025-05-09,2430,P003,3,81.17
1624,2025-09-23,3756,P009,3,"33,00"
15302,01-22-2025,2885,P032,3,57.12
16572,25/11/2025,12,P034,1,"13,37"
12502,14/10/2025,12,P047,1,39.63
7277,2025-09-14,2332,P001,1,20.59
7119,2025-06-22,1146,P001,1,51.23
16103,2025-10-30,2842,P023,1,"14,09"
2706,2025-08-29,2283,P047,1,161.12
16953,21/12/2025,999999,P036,1,"22,00"
14372,08-24-2025,1972,P001,2,"77,65"
14246,07/01/2025,4158,P039,1,14.90
17266,09/11/2025,2181,P037,2,"13,10"
12188,01-30-2025,2779,P037,2,"24,83"
14912,12-01-2025,3055,P033,2,"29,31"
4501,2025-10-02,163,P022,1,8.27
4356,2025-08-28,1993,P006,1,13.02
1028,12-01-2025,1850,P048,1,21.70
3508,10/08/2025,3564,P043,1,38.56
11399,06/02/2025,1012,P047,1,20.54
15642,2025-09-29,1743,P031,1,24.84
3266,2025-05-19,2826,P046,1,15.06
14806,03/04/2025,2317,P021,2,"21,86"
17973,2025-04-23,1398,P010,1,25.71
11551,2025-08-01,1036,P030,1,"13,89"
14054,30/11/2025,1276,P002,1,"21,21"
2205,2025-09-22,2539,P014,3,17.14
9949,2025-12-24,3640,P037,1,"21,55"
7608,2025-04-29,2819,P030,1,20.40
4844,04-22-2025,3440,P017,1,"43,81"
13766,05/09/2025,1538,P032,1,32.26
7005,25/06/2025,3948,P034,1,44.64
10993,2025-08-19,2662,P032,1,31.91
10254,2025-11-23,2284,P010,1,"19,88"
14421,04-18-2025,1095,P015,2,"19,92"
7783,2025-05-16,3033,P047,1,"54,94"
17251,2025-05-20,999999,P007,3,25.53
12907,2025-05-17,1517,P027,4,33.79
16222,2025-10-01,2272,P041,3,35.74
10627,2025-01-12,2270,P021,2,"23,48"
11616,2025-01-06,330,P046,1,29.79
13320,24/01/2025,1027,P002,2,21.31
15602,2025-08-20,461,P046,1,56.53
16045,06-01-2025,1611,P004,1,13.30
3030,2025-05-12,2271,P032,1,19.57
16248,2025-11-21,4054,P042,1,"30,67"
5530,2025-02-12,921,P048,2,47.22
6719,2025-11-23,2485,P041,1,33.41
8803,2025-05-25,1629,P006,1,"24,14"
16259,01-07-2025,1258,P035,1,28.64
6674,06/08/2025,2318,P043,1,24.36
10933,06-24-2025,3221,P016,2,12.51
4092,2025-10-14,2451,P044,2,20.62
371,2025-08-26,3660,P014,2,50.67
16556,05/02/2025,1578,P028,3,27.44
7915,29/11/2025,1615,P039,2,32.37
9449,2025-11-13,3610,P004,1,"3,79"
16366,04-24-2025,470,P032,3,"37,10"
10653,2025-02-16,3394,P023,1,"32,17"
14376,2025-11-26,743,P036,2,64.94
17779,2025-07-20,3327,P037,1,"91,31"
3432,2025-12-13,2798,P041,2,18.89
12622,2025-04-25,1005,P048,1,35.33
17406,30/09/2025,2320,P023,2,"23,72"
12180,28/05/2025,2260,P020,2,10.17
281,2025-04-02,1075,P034,4,"14,80"
10573,2025-09-29,550,P038,1,"17,90"
5402,01-03-2025,1171,P032,2,23.21
3464,2025-02-20,167,P032,2,25.46
4939,2025-05-09,118,P016,1,"31,63"
11864,2025-08-18,797,P037,2,"63,48"
2409,2025-01-18,1925,P029,1,24.34
10841,2025-02-22,1309,P047,1,65.41
9171,2025-01-22,3873,P021,1,35.58
11006,10-26-2025,2188,P026,2,19.09
15100,2025-06-03,1926,P026,2,50.75
7718,2025-06-14,3791,P044,1,19.64
10832,2025-07-16,4023,P012,1,26.08
15417,2025-07-19,4053,P040,2,28.66
9315,19/04/2025,1512,P001,4,45.33
652,07-10-2025,2892,P040,2,19.48
10969,2025-06-26,2458,P006,4,55.09
11619,19/02/2025,472,P025,1,32.80
16696,2025-03-05,2455,P010,1,10.47
3167,2025-05-11,3305,P016,3,60.20
5446,2025-10-27,968,P030,4,52.27
1844,2025-01-06,850,P035,1,17.95
16389,2025-01-03,1818,P004,,"25,38"
5772,17/11/2025,2595,P013,3,"9,30"
15783,08-29-2025,2918,P037,1,59.54
4864,13/11/2025,3929,P013,,"56,56"
9427,2025-06-27,944,P001,3,18.92
7137,2025-10-28,59,P044,-1,9.58
16868,26/06/2025,1635,P026,1,22.42
6145,2025-07-20,2637,P004,3,121.28
3320,2025-05-01,1993,P016,1,"22,59"
2683,2025-04-04,3394,P046,1,44.47
15502,12/03/2025,2634,P009,1,28.57
3171,22/10/2025,2276,P023,1,32.34
15524,2025-03-21,3461,P005,1,33.48
8324,2025-08-24,2607,P016,3,91.49
1838,07-21-2025,632,P024,,38.25
15614,2025-02-07,268,P036,2,26.10
9351,13/08/2025,1123,P021,1,32.00
14820,2025-11-16,3942,P037,1,"27,90"
14126,08-30-2025,4053,P040,1,29.56
10953,2025-08-29,875,P005,2,15.46
16372,06-01-2025,1734,P028,3,"10,91"
9671,08/01/2025,4088,P043,2,34.28
13824,30/05/2025,2126,P006,1,"29,03"
5988,2025-02-18,3862,P012,1,43.28
8173,2025-01-13,1787,P028,1,41.93
6326,08-07-2025,1471,P016,1,"63,55"
11862,2025-11-11,3315,P012,2,35.14
16270,08/11/2025,641,P005,1,35.45
5874,10/11/2025,3982,P025,1,"70,40"
12615,2025-01-09,3640,P042,3,11.27
1972,2025-08-10,676,P044,1,14.31
15064,02/07/2025,3684,P036,2,"12,59"
7873,05-16-2025,1498,P037,1,21.99
6696,2025-05-03,919,P029,2,119.13
10713,10/05/2025,2010,P035,4,14.10
15263,26/12/2025,3584,P044,2,10.16
17885,16/05/2025,3866,P037,1,7.28
8044,2025-08-30,2910,P029,1,28.98
16936,2025-10-09,849,P009,1,8.20
1711,2025-12-21,2506,P023,1,8.70
6246,01/04/2025,455,P008,2,"37,84"
1016,2025-05-09,2085,P011,4,27.66
7019,2025-11-20,3212,P006,1,"21,67"
6558,10-16-2025,3856,P014,1,"36,56"
8406,11/07/2025,3578,P045,3,17.94
5044,04-13-2025,1726,P001,1,55.23
11002,2025-07-21,3786,P023,2,51.28
7429,2025-12-29,1430,P010,1,14.27
2861,2025-05-15,1531,P015,1,12.21
15397,2025-03-13,1776,P027,2,"104,73"
13224,2025-03-24,999999,P047,2,42.74
9473,2025-10-02,401,P024,1,28.59
3128,16/09/2025,19,P038,1,15.79
11856,2025-01-18,263,P035,1,16.76
3721,2025-02-28,2791,P002,2,54.64
9798,2025-05-14,743,P014,1,25.80
15584,01-06-2025,1662,P020,1,"23,94"
2506,06/02/2025,1393,P044,2,29.31
8138,2025-03-02,637,P043,2,32.74
7157,2025-05-02,1903,P047,1,32.93
11478,2025-07-24,2280,P044,3,"18,86"
13675,2025-05-28,327,P022,,66.11
3472,2025-02-28,2125,P026,2,47.30
14535,2025-06-09,3435,P025,2,"66,79"
4685,2025-09-30,213,P034,2,31.52
8212,17/05/2025,145,P033,2,26.64
1427,2025-06-13,1668,P016,1,"32,63"
7407,08-17-2025,123,P044,3,14.11
5239,2025-02-06,818,P020,1,"30,51"
14624,05/12/2025,141,P018,1,37.09
16731,2025-08-19,1486,P038,2,47.27
1511,2025-06-12,1818,P001,2,24.35
2477,07/03/2025,3983,P026,1,68.22
4482,2025-05-26,3488,P027,3,9.91
2321,04-30-2025,2313,P018,2,"36,68"
5277,16/09/2025,1986,P010,1,"73,47"
3882,13/07/2025,1175,P006,3,89.69
3234,29/01/2025,3969,P030,1,"35,82"
8145,2025-02-23,4159,P044,1,56.50
5870,2025-07-28,2259,P010,2,28.13
9480,2025-01-16,2511,P017,3,32.26
7487,2025-04-18,1372,P009,1,20.32
8125,29/07/2025,3177,P048,1,"20,63"
2672,24/10/2025,3585,P044,2,"26,08"
11196,2025-05-21,4116,P001,2,"33,82"
5279,09/04/2025,494,P034,1,16.44
2739,11-20-2025,325,P040,2,"41,94"
7692,14/03/2025,4080,P018,3,4.52
11536,04/05/2025,4104,P026,3,35.08
8335,16/09/2025,557,P032,2,33.79
5192,2025-12-13,3425,P002,1,9.81
13020,2025-01-08,3996,P028,1,14.76
13397,2025-02-18,1643,P029,2,27.88
16355,2025-06-08,3954,P035,3,"25,44"
10097,2025-10-30,1933,P026,1,"52,92"
10377,2025-05-21,1054,P008,3,"46,33"
5363,2025-12-10,3906,P023,1,33.34
4496,2025-05-28,3547,P004,1,"25,98"
8707,2025-04-18,228,P022,2,32.00
956,2025-11-14,3802,P034,2,"32,71"
13754,2025-04-04,3865,P017,1,31.45
1666,27/05/2025,2036,P019,1,6.54
17988,2025-10-30,2179,P022,2,"43,97"
13244,17/02/2025,999999,P009,3,23.31
16846,14/06/2025,3797,P015,1,"12,50"
13366,2025-11-10,1270,P003,1,10.33
15634,2025-11-14,2352,P031,-1,31.61
13822,10/10/2025,3398,P025,4,29.48
2302,2025-11-17,3694,P047,4,32.76
16159,2025-03-14,1599,P046,2,"23,32"
9230,2025-04-27,210,P006,1,20.03
6257,02/07/2025,2780,P006,1,21.78
12593,2025-11-25,3379,P042,1,"43,97"
11018,12-17-2025,2911,P040,2,69.97
1977,2025-04-08,3200,P047,1,39.37
7492,2025-05-12,2269,P045,2,31.63
17725,28/02/2025,1401,P033,2,254.81
1804,2025-07-29,3156,P001,1,26.14
4448,13/05/2025,322,P007,3,31.34
4982,2025-05-02,1016,P021,1,39.48
15038,06-22-2025,2049,P003,2,18.42
17592,02-24-2025,715,P005,1,31.90
13877,10-16-2025,3374,P018,1,37.73
873,2025-06-08,810,P019,2,38.27
15720,2025-07-08,1181,P028,2,28.30
2566,2025-04-17,3063,P001,1,"31,12"
7062,18/04/2025,3221,P036,2,16.33
30,12/04/2025,2974,P028,1,36.48
10379,20/01/2025,888,P040,2,38.24
11469,2025-05-14,1989,P022,1,14.27
5627,04-10-2025,1747,P026,2,9.78
12443,08-23-2025,2433,P008,1,32.65
9244,02-16-2025,3095,P026,1,"71,56"
8164,2025-02-12,3370,P030,1,13.41
8621,2025-02-01,2214,P021,2,51.55
14084,2025-02-27,2484,P024,3,59.87
5216,05/06/2025,1716,P035,1,"19,58"
334,2025-02-06,236,P011,3,22.23
732,2025-03-14,1653,P025,1,39.92
3829,06/07/2025,1526,P012,3,39.30
1533,22/09/2025,1625,P002,,"81,05"
3304,28/12/2025,2425,P033,1,21.13
14539,2025-05-27,232,P003,1,"34,91"
1209,14/07/2025,2702,P011,3,23.03
6103,12/09/2025,2068,P017,1,24.46
15552,2025-03-03,4174,P005,1,"25,45"
1202,09/03/2025,3883,P027,,26.77
3396,06/03/2025,2757,P007,1,31.29
16243,2025-08-14,999999,P007,1,"50,90"
1087,03-29-2025,820,P021,1,26.36
11527,2025-10-01,813,P009,1,10.39
17609,24/05/2025,2592,P038,1,32.66
11936,30/11/2025,2895,P040,2,32.72
5807,2025-10-14,3071,P041,1,"12,61"
3469,12-25-2025,1901,P035,4,"19,29"
14703,2025-04-04,2661,P035,1,"20,38"
5936,19/05/2025,4164,P018,1,29.06
6635,2025-04-20,1726,P003,2,"33,69"
10333,02/10/2025,999,P015,3,38.06
16042,2025-10-18,2539,P044,1,63.23
8268,05-01-2025,104,P039,1,23.35
10524,2025-12-19,2332,P039,1,41.96
5952,2025-12-03,1534,P021,1,41.06
5934,07/06/2025,1638,P011,1,53.35
8526,2025-08-15,894,P045,2,29.71
975,2025-04-05,2094,P030,1,"46,42"
17808,07-22-2025,2698,P028,1,24.53
4199,2025-09-27,3203,P039,1,"23,35"
961,2025-08-06,1376,P032,1,12.15
3033,19/11/2025,140,P001,1,15.94
602,26/07/2025,3361,P013,1,"39,52"
5350,29/06/2025,819,P027,3,78.67
9295,2025-01-14,3514,P040,1,24.75
3378,05-13-2025,1329,P039,-1,74.83
7092,2025-04-03,1669,P017,1,"67,99"
3038,2025-11-11,2771,P035,1,"44,14"
7800,02/06/2025,4044,P007,1,29.72
4130,2025-05-09,1484,P014,2,"40,35"
415,29/09/2025,1883,P047,,"18,82"
4179,10/01/2025,3139,P040,4,14.17
9024,25/11/2025,1226,P005,1,129.29
17789,2025-05-21,3166,P046,1,15.32
4753,2025-07-27,1362,P041,1,27.78
6640,07-13-2025,2365,P006,2,64.78
13596,2025-01-11,3281,P043,3,12.05
16563,2025-11-12,28,P041,1,33.95
11237,2025-12-06,1864,P033,2,25.30
11148,07-19-2025,4155,P037,3,85.88
15876,04-08-2025,2634,P041,1,48.58
11910,2025-05-04,162,P032,1,7.98
17568,2025-02-07,2020,P005,2,15.13
6379,2025-09-13,2199,P012,1,27.11
8204,2025-01-26,4148,P042,2,20.65
4414,2025-09-15,2419,P022,4,"17,58"
13804,2025-11-24,281,P018,1,"95,98"
7027,29/06/2025,3624,P029,2,9.82
13148,2025-09-10,4134,P044,2,23.49
8394,25/01/2025,1233,P037,2,23.70
15165,2025-10-09,999999,P005,,"28,65"
17557,2025-07-11,1710,P010,1,"12,89"
7965,2025-09-13,876,P008,1,42.92
2067,08/05/2025,3725,P010,1,23.42
15537,2025-10-12,886,P001,-1,"6,66"
2474,2025-03-06,2531,P013,2,"16,17"
5871,2025-06-13,876,P037,2,"7,55"
7257,07/03/2025,3553,P047,1,11.78
13782,01-24-2025,1772,P019,2,11.84
5653,26/02/2025,3664,P009,1,35.09
17624,08/06/2025,2062,P004,1,"55,19"
16059,23/12/2025,3303,P031,2,36.88
13753,17/05/2025,2388,P018,1,"25,62"
10805,2025-06-05,2620,P039,1,15.50
4344,07/01/2025,2689,P046,1,20.41
12056,01-19-2025,3688,P039,1,64.15
157,03-04-2025,2069,P012,1,25.20
14805,2025-07-10,321,P018,1,25.36
8593,16/10/2025,3,P036,,42.83
1414,2025-03-27,1783,P029,2,32.20
2453,21/08/2025,2060,P039,1,56.77
16748,01/07/2025,3549,P003,4,"44,51"
3010,2025-08-11,1924,P011,4,44.11
1999,13/05/2025,623,P013,1,21.78
15221,2025-03-02,4135,P037,2,31.22
112,2025-12-31,2714,P036,1,40.42
3125,2025-10-12,3331,P041,3,18.36
11896,2025-03-20,1173,P041,1,49.88
2349,2025-07-18,1023,P048,1,"17,65"
5248,2025-08-07,1536,P008,2,36.67
15895,2025-03-24,1563,P013,2,14.87
12410,15/09/2025,3447,P010,1,7.48
6208,2025-07-04,1203,P026,1,93.96
3602,2025-10-23,3648,P023,1,"15,35"
9781,2025-06-05,3231,P020,2,"23,66"
8952,2025-07-30,1836,P033,1,"23,43"
5953,09-29-2025,3694,P004,4,53.17
2896,09/10/2025,628,P033,1,30.21
9195,06-14-2025,2407,P045,1,36.36
8198,2025-12-09,4186,P029,4,"48,36"
8802,2025-02-05,3373,P022,1,16.52
11579,23/01/2025,2753,P030,2,9.70
2519,2025-09-06,3240,P048,1,49.69
6604,2025-05-31,1114,P042,2,"44,17"
999,2025-04-24,4097,P047,1,55.92
918,29/09/2025,1573,P009,2,"59,03"
2765,31/05/2025,2326,P041,1,28.65
13413,21/02/2025,1572,P047,2,"63,12"
11225,10-14-2025,4192,P013,1,"21,01"
528,01/11/2025,1914,P011,3,"22,73"
13537,2025-11-29,1633,P031,1,34.32
4486,11/12/2025,4105,P024,1,22.69
17007,2025-05-13,2298,P035,2,19.76
13492,2025-09-06,3091,P047,1,28.23
13085,11/07/2025,1385,P016,,19.55
6859,07/05/2025,1225,P023,,"26,05"
5396,2025-02-12,2568,P010,2,9.97
10984,12/10/2025,3775,P022,1,"58,57"
15575,2025-11-25,2569,P022,1,19.39
716,2025-06-17,365,P013,3,24.56
4726,2025-09-06,3933,P029,1,"27,58"
8167,2025-03-24,1355,P004,2,74.10
17676,2025-02-27,3787,P026,1,"60,84"
14463,17/01/2025,2344,P007,1,"10,13"
17446,03-21-2025,1559,P007,1,"12,20"
12241,2025-08-01,912,P047,,34.08
7479,05/12/2025,3022,P015,,95.39
11658,2025-08-09,1564,P018,4,30.00
15675,2025-12-02,41,P041,1,42.36
17859,24/07/2025,1365,P009,1,"16,00"
7704,2025-01-05,3737,P029,3,100.61
938,2025-12-22,532,P022,1,"5,48"
10709,2025-04-25,1848,P025,1,"30,34"
16004,14/06/2025,2497,P021,3,"61,76"
10980,28/12/2025,3751,P014,3,46.12
16339,29/10/2025,2436,P047,1,31.95
7074,20/09/2025,1627,P018,1,13.68
11861,2025-06-12,3606,P032,1,31.17
9646,2025-01-10,2645,P038,4,24.84
4182,2025-11-09,1305,P045,1,6.59
15802,22/09/2025,2516,P044,2,"59,46"
2357,2025-08-08,2954,P026,1,27.79
16400,10/02/2025,2462,P023,1,"51,70"
15961,09-03-2025,1401,P012,2,26.45
8934,17/10/2025,569,P042,2,"19,79"
13944,12/08/2025,3708,P031,2,7.13
3229,24/05/2025,3975,P028,1,"25,70"
13328,14/07/2025,2213,P035,1,36.51
12134,2025-08-26,1863,P005,1,"19,89"
11311,17/06/2025,1542,P032,1,73.75
5296,2025-08-20,2380,P021,1,"20,20"
10876,2025-07-06,598,P041,1,16.78
2327,2025-04-23,1277,P040,1,35.53
3520,2025-04-26,4111,P008,1,23.37
16665,2025-12-05,1666,P028,1,35.64
5338,2025-01-10,1906,P030,2,"37,32"
15070,2025-08-11,1821,P027,1,15.58
10418,2025-04-04,876,P020,2,"9,95"
4037,2025-03-22,598,P011,1,79.56
12272,2025-05-22,3058,P011,2,51.36
5291,10-06-2025,1475,P028,1,"14,33"
4539,08-15-2025,2124,P007,2,"35,86"
14110,09/09/2025,4016,P026,1,14.21
11905,2025-05-02,423,P010,1,"14,81"
12433,28/11/2025,1972,P013,4,27.73
9730,26/04/2025,3107,P035,-1,61.44
3288,01/10/2025,2822,P032,2,35.41
2863,2025-04-25,3077,P047,-1,53.37
9651,2025-08-13,27,P039,3,"13,52"
17773,2025-03-20,2720,P016,3,"28,50"
14974,2025-09-26,1141,P011,1,"26,34"
13232,2025-05-07,2082,P014,1,18.91
16872,2025-06-24,2414,P021,3,17.19
15890,2025-03-04,967,P001,1,14.07
13547,2025-04-03,3007,P016,3,11.36
11390,2025-05-03,1222,P010,2,32.48
7476,25/01/2025,495,P037,1,"21,25"
10011,2025-06-25,843,P047,3,17.39
8734,2025-11-22,225,P032,1,9.07
4602,2025-10-13,3412,P013,2,73.26
13555,2025-04-01,1039,P048,1,32.49
2889,2025-10-03,3912,P024,2,15.83
7691,24/09/2025,4190,P007,2,15.32
15779,2025-05-18,3868,P019,2,46.99
2857,08-12-2025,1238,P005,-1,38.20
12785,2025-08-20,3109,P040,1,5.34
15096,2025-07-17,1723,P041,1,"26,89"
13919,08/05/2025,1630,P030,1,48.58
12243,16/08/2025,3604,P007,1,10.82
1024,08-25-2025,401,P045,2,34.54
17958,04-10-2025,976,P025,1,8.23
10560,2025-05-10,809,P006,2,37.15
9729,07/05/2025,4099,P021,1,"34,55"
9332,2025-02-03,3314,P045,2,42.03
10408,02/02/2025,127,P041,4,"33,55"
8082,2025-05-13,707,P048,1,17.86
2993,2025-08-23,893,P034,1,29.11
538,2025-04-05,2242,P005,2,24.88
6536,14/12/2025,4119,P040,1,35.92
4543,20/01/2025,3921,P004,1,32.76
11050,2025-03-31,2841,P040,-1,"14,28"
7582,2025-04-02,3595,P032,1,37.32
7163,29/07/2025,2149,P032,1,22.58
9135,09-30-2025,1404,P045,2,26.13
3144,2025-06-05,3492,P010,1,36.94
8318,2025-01-03,829,P003,1,"24,97"
17837,2025-12-07,70,P035,1,22.17
12352,2025-06-02,594,P017,1,17.39
215,2025-08-04,3234,P002,1,37.25
2085,2025-09-20,3528,P004,1,38.72
9073,2025-07-16,819,P025,1,"7,34"
9631,08/02/2025,2142,P041,1,21.02
8592,09-17-2025,1749,P044,2,16.30
8245,2025-05-30,2074,P046,1,25.99
16287,2025-05-26,3499,P020,2,32.98
16149,2025-08-29,2754,P032,2,25.37
14185,15/10/2025,3420,P026,1,102.56
2562,13/02/2025,930,P033,3,29.25
327,2025-02-08,1355,P019,1,15.63
7806,07/04/2025,3323,P029,3,16.51
10855,21/04/2025,1983,P010,3,12.73
5386,02/11/2025,1410,P028,1,20.02
12140,2025-11-18,707,P010,1,"19,70"
13123,14/09/2025,2335,P017,2,"92,43"
5658,2025-10-10,373,P038,2,36.08
16504,2025-12-12,2548,P030,2,4.54
15174,2025-11-01,1987,P040,1,32.24
6196,04/07/2025,509,P032,2,"47,48"
3394,2025-04-03,296,P048,1,"52,01"
6614,2025-08-14,1636,P010,2,"14,33"
13032,2025-10-13,1628,P001,2,61.40
9013,20/09/2025,495,P012,3,26.78
1552,2025-04-05,57,P038,2,"30,73"
1731,27/07/2025,2978,P035,3,48.37
17380,30/07/2025,651,P035,2,27.32
6794,07-03-2025,2996,P030,1,38.65
14255,10-31-2025,2564,P046,2,17.21
14782,02/09/2025,2866,P004,1,9.65
11410,2025-02-21,3470,P015,2,38.37
3857,22/07/2025,1295,P038,1,"19,95"
2118,2025-12-17,2709,P004,2,"10,91"
13554,2025-03-23,1795,P013,2,97.63
10483,2025-02-13,999999,P023,1,26.38
15580,2025-07-26,700,P008,3,16.03
4752,2025-12-31,144,P017,3,22.83
17971,22/03/2025,1228,P039,1,42.58
13278,04/12/2025,1861,P040,1,40.52
2520,2025-07-08,2879,P037,4,"10,67"
17175,16/06/2025,372,P008,2,"78,68"
10510,31/01/2025,2921,P032,1,15.94
7642,2025-02-14,540,P019,4,"70,51"
32,2025-02-23,2872,P048,2,68.14
3807,2025-02-26,3056,P037,1,25.48
6411,2025-05-30,2503,P006,2,12.32
5359,2025-06-27,2379,P017,2,71.32
7126,2025-07-14,2482,P017,3,15.43
8659,23/10/2025,3910,P003,1,"34,85"
9266,12/04/2025,991,P040,1,24.36
15638,25/06/2025,1237,P028,4,"89,05"
1052,2025-06-01,2114,P030,1,"30,61"
5117,2025-10-06,2564,P024,2,12.38
1584,2025-09-13,2884,P007,1,19.74
1045,17/09/2025,2614,P003,1,20.59
13916,17/03/2025,2799,P039,2,"31,69"
6905,28/10/2025,1559,P046,2,26.72
16870,01/11/2025,494,P046,1,40.80
16828,2025-08-29,773,P010,1,"32,27"
4084,05/09/2025,2297,P040,2,"17,86"
13759,30/11/2025,623,P027,2,"17,27"
7166,01-28-2025,2337,P047,4,35.87
4425,2025-03-10,753,P027,1,15.77
13154,08/04/2025,999999,P012,1,61.79
10440,09-25-2025,3828,P012,1,"43,11"
9712,2025-08-09,999999,P040,1,17.60
15477,2025-10-22,42,P039,1,40.61
7888,2025-07-20,1704,P005,,20.58
6931,2025-10-04,4188,P006,2,32.95
10354,2025-10-16,3742,P015,1,10.22
2181,2025-09-12,1088,P024,1,46.96
5172,2025-11-05,1838,P029,1,17.61
10459,30/11/2025,3323,P018,1,"29,96"
5991,2025-08-07,2374,P038,1,33.55
16907,08/02/2025,302,P038,1,24.18
13167,2025-07-26,1742,P005,1,30.57
137,03/10/2025,1556,P020,1,"42,49"
5273,18/04/2025,1032,P004,1,27.08
15557,2025-04-14,2503,P026,1,"19,71"
15361,2025-05-25,2710,P029,2,35.63
8247,29/12/2025,1520,P033,1,12.67
9192,2025-06-28,999999,P046,1,21.74
17774,2025-11-20,3500,P035,4,"40,60"
2805,2025-05-10,912,P007,1,35.15
6695,2025-02-25,1649,P008,3,27.72
16136,27/09/2025,3996,P018,1,17.85
16671,03/01/2025,4065,P002,2,17.99
453,07/07/2025,536,P007,1,"13,43"
6838,2025-04-18,3917,P002,2,18.37
7753,13/02/2025,683,P016,1,37.09
17756,07/09/2025,3203,P009,1,62.02
5291,10-06-2025,1475,P028,1,"14,33"
7351,2025-08-24,1672,P016,2,71.39
26,2025-08-24,3058,P004,1,"25,74"
17178,29/03/2025,2156,P020,1,35.73
6253,2025-03-15,2257,P032,3,"62,75"
10995,03-29-2025,44,P018,1,93.14
12910,2025-12-04,2372,P042,1,"54,46"
13316,2025-12-21,1904,P044,1,50.92
13339,2025-11-29,4122,P042,1,"28,68"
11239,2025-04-01,3971,P016,1,16.13
2699,2025-10-24,1076,P033,3,33.89
307,2025-04-28,3860,P026,1,"18,89"
10739,2025-05-23,426,P032,2,29.86
5222,30/03/2025,316,P011,1,20.25
6170,2025-05-02,665,P026,1,"18,19"
10674,2025-12-15,1588,P038,1,"31,55"
4918,08/03/2025,1731,P044,1,38.17
12053,02/10/2025,855,P027,1,27.98
8900,2025-02-23,1886,P018,1,26.90
8063,2025-12-17,999999,P046,1,36.84
8693,28/01/2025,1208,P020,1,52.11
5724,03/04/2025,2233,P001,-1,"13,98"
168,2025-12-14,3267,P039,2,"24,28"
5542,2025-10-08,3110,P044,2,14.49
17776,2025-02-02,3628,P019,,"33,95"
11488,14/12/2025,561,P011,1,28.94
12719,2025-08-12,2421,P017,1,30.96
7690,2025-07-07,2004,P043,2,13.79
6176,2025-03-07,1521,P001,1,57.17
12426,05-02-2025,3931,P005,1,12.99
14005,10/10/2025,9,P026,1,8.04
2855,08-08-2025,999999,P008,2,47.35
11246,2025-04-28,288,P012,3,46.54
9657,11/08/2025,1144,P021,1,17.87
8548,07/05/2025,897,P014,1,10.24
11530,10-02-2025,1642,P016,1,"15,10"
12067,2025-12-19,1036,P017,1,18.77
2928,2025-12-30,758,P046,1,17.64
14309,2025-08-01,89,P017,2,"31,38"
9283,2025-03-11,2856,P047,1,150.95
2401,2025-04-17,2977,P035,1,8.88
12188,01-30-2025,2779,P037,2,"24,83"
16044,2025-12-06,3698,P019,1,20.83
10688,2025-04-22,723,P021,1,"8,93"
16592,2025-03-10,3770,P014,1,36.67
553,07/11/2025,1018,P032,2,15.29
17833,04-05-2025,3465,P016,1,"17,42"
3793,2025-10-10,33,P024,2,37.54
752,25/07/2025,3250,P013,2,24.32
8076,2025-10-24,3139,P008,1,28.06
12915,2025-09-30,1121,P008,1,33.95
13324,2025-04-12,223,P006,1,"49,42"
17040,10/01/2025,3349,P003,1,20.65
10025,2025-03-04,3711,P034,2,"34,70"
17486,2025-01-22,2628,P009,1,"23,82"
15955,2025-09-22,3671,P004,1,"11,48"
10699,15/01/2025,839,P007,3,"24,29"
9311,2025-08-28,339,P023,1,"22,04"
11762,25/12/2025,545,P038,,26.70
14268,12/03/2025,3123,P038,3,22.82
14493,2025-02-06,1079,P024,1,23.51
16793,2025-04-04,3444,P040,1,"23,00"
12274,2025-09-28,1738,P030,2,108.09
12049,19/10/2025,1187,P032,1,34.49
15063,07-10-2025,355,P007,1,11.80
5887,30/12/2025,818,P018,1,"18,32"
4924,27/07/2025,3630,P021,1,13.69
15787,15/04/2025,3979,P007,2,27.23
17714,2025-03-04,2141,P030,2,21.05
15780,2025-04-27,3983,P010,1,22.00
11135,2025-06-15,2633,P043,3,27.11
4889,2025-01-26,2900,P036,1,"21,67"
2821,2025-08-27,440,P016,1,31.49
14728,2025-03-28,3668,P036,3,7.79
8237,2025-01-27,2920,P044,2,69.29
13287,2025-05-18,2130,P004,1,"24,20"
1475,17/03/2025,3216,P042,1,42.19
9267,2025-01-20,748,P003,1,11.46
14484,2025-01-06,2638,P022,1,32.46
13215,2025-04-10,969,P034,2,19.53
7389,25/01/2025,682,P027,2,45.15
3032,2025-05-24,2724,P033,1,16.06
16932,17/11/2025,1954,P007,1,20.75
3556,2025-01-03,175,P022,2,30.58
9865,2025-03-18,1645,P034,1,28.75
8717,01/02/2025,402,P011,4,13.02
8774,2025-02-13,3776,P023,1,41.94
2245,2025-12-07,1439,P005,1,"38,14"
17422,09/11/2025,999999,P011,1,30.73
17960,2025-01-03,1189,P047,4,15.59
5910,10/03/2025,1394,P031,1,8.82
14292,2025-11-25,1235,P042,1,58.25
16865,2025-05-23,1824,P032,2,"14,74"
14233,2025-08-23,1646,P001,3,11.33
7420,25/01/2025,1293,P047,2,13.33
6590,2025-03-11,1419,P001,1,"12,06"
2829,03-03-2025,2618,P036,2,"21,29"
8264,08/03/2025,3607,P033,1,44.76
9722,14/02/2025,2783,P036,1,30.53
5561,18/09/2025,2540,P024,2,29.51
14944,2025-10-12,2645,P038,1,"38,19"
928,2025-06-12,3982,P039,1,16.49
3853,2025-01-17,999999,P026,2,43.43
4884,15/11/2025,434,P024,1,16.92
1842,2025-06-29,3594,P048,1,23.95
17460,2025-11-27,490,P002,1,39.48
11464,2025-04-22,1589,P026,3,"99,23"
13210,2025-12-09,1016,P004,1,28.46
15108,20/01/2025,1520,P009,3,"23,99"
637,19/09/2025,778,P008,4,"11,23"
13981,10/04/2025,2514,P042,3,"24,46"
7501,2025-01-14,2640,P012,1,15.85
7226,2025-12-08,3330,P048,2,11.30
15050,2025-09-26,2749,P004,2,29.35
17611,2025-02-23,1474,P048,1,"15,89"
12039,2025-11-22,2032,P011,2,19.70
9912,01-20-2025,3812,P044,1,18.81
17399,08-03-2025,2686,P018,2,17.08
9464,2025-05-22,3854,P025,2,"32,47"
16271,2025-10-06,29,P002,1,27.20
1268,14/05/2025,3806,P016,1,30.20
9544,04/09/2025,2158,P017,2,19.81
14682,26/09/2025,3580,P028,1,18.42
7014,2025-12-01,2116,P014,2,12.30
6840,2025-07-20,521,P013,1,21.71
13584,2025-02-10,4084,P009,2,"41,18"
17675,2025-08-21,1829,P043,1,"8,81"
9092,2025-02-27,3936,P018,1,22.24
7731,04/04/2025,3685,P047,1,15.27
14928,25/08/2025,1512,P048,1,23.41
15005,2025-04-18,544,P005,1,19.27
9991,2025-04-15,1796,P038,1,26.56
2495,2025-08-06,1703,P006,1,"40,83"
3621,2025-11-23,4131,P018,2,30.55
8894,26/02/2025,3659,P032,1,24.89
17848,17/02/2025,870,P039,1,"19,00"
10756,2025-10-30,180,P016,1,128.45
1988,10/02/2025,3824,P033,1,10.43
17366,11-15-2025,2612,P038,1,27.00
14805,2025-07-10,321,P018,1,25.36
7812,25/01/2025,2507,P048,1,39.07
16820,2025-01-06,3764,P024,1,41.90
10810,2025-11-11,2597,P048,1,22.60
17200,10/10/2025,1992,P022,2,9.93
10440,09-25-2025,3828,P012,1,"43,11"
662,01/05/2025,3312,P021,1,45.44
1893,11/04/2025,987,P042,1,"6,39"
13615,2025-05-08,949,P001,1,23.42
9689,09/12/2025,3420,P020,1,36.92
5699,2025-07-16,2903,P024,2,38.00
17768,21/05/2025,999999,P030,3,12.05
10533,24/09/2025,1823,P023,1,"27,93"
17383,2025-11-20,252,P024,3,"20,30"
12706,2025-01-23,2606,P033,3,16.82
1375,04-15-2025,999999,P029,1,27.10
5374,2025-12-09,3358,P019,1,16.95
4455,04/01/2025,1452,P020,4,17.74
9161,2025-08-01,35,P039,2,25.74
1072,2025-07-07,826,P041,1,"18,61"
8917,2025-11-20,3723,P043,1,7.11
16672,2025-10-30,2640,P042,3,18.94
14236,10-01-2025,2157,P034,1,14.77
12787,22/09/2025,1131,P024,,27.92
13283,2025-01-15,999999,P001,1,32.14
6862,08-05-2025,3113,P029,1,"22,51"
5942,2025-12-10,3950,P001,1,"20,39"
14355,2025-11-10,3295,P046,3,21.32
2840,2025-11-01,292,P043,1,43.45
12122,06-29-2025,968,P045,1,29.86
8853,2025-11-08,864,P040,1,38.36
13034,29/08/2025,20,P036,3,"43,32"
2846,2025-10-03,2712,P014,1,23.99
15132,2025-03-07,2872,P039,2,"36,21"
13606,29/01/2025,2477,P011,3,94.95
5610,10/04/2025,2201,P022,1,"31,74"
254,12/10/2025,3892,P012,2,36.46
12047,04-24-2025,2528,P040,1,"16,13"
12269,2025-07-15,676,P036,1,"48,70"
5292,2025-06-05,2468,P040,1,14.11
16352,08/01/2025,626,P002,4,18.81
9761,10-20-2025,350,P033,1,85.09
7601,2025-07-17,1610,P038,1,20.86
3595,2025-01-12,392,P033,2,46.68
5085,18/02/2025,2453,P033,1,152.06
8808,05/11/2025,245,P040,1,"16,34"
15345,22/02/2025,3130,P037,1,16.06
6582,2025-08-26,224,P025,1,40.92
9321,2025-02-10,3502,P018,1,34.51
7859,2025-04-11,1733,P011,2,47.63
7851,2025-06-08,605,P002,1,"27,37"
11232,2025-04-10,752,P010,1,"34,06"
7101,2025-12-04,1311,P044,3,13.40
16049,05-11-2025,1180,P006,2,"27,22"
2794,05-02-2025,3947,P047,1,"111,70"
3388,25/01/2025,2776,P016,1,22.11
11233,2025-12-03,1469,P032,1,"17,62"
2060,24/08/2025,3507,P032,2,"11,78"
208,2025-10-10,1705,P033,2,41.78
5442,2025-10-26,3351,P043,3,24.60
185,2025-05-06,1685,P042,1,"28,55"
8502,12-13-2025,3203,P039,1,11.29
2470,04/07/2025,287,P046,2,42.54
6308,2025-05-27,1719,P016,4,"60,51"
17829,2025-11-17,3774,P031,1,22.94
16987,2025-10-15,2489,P043,3,15.88
13870,2025-05-02,1507,P017,1,10.39
16745,2025-04-08,2948,P029,3,63.53
15078,21/06/2025,2300,P046,2,15.07
4117,07-09-2025,2964,P030,1,"51,55"
8060,2025-04-04,3930,P020,1,"18,50"
14597,17/06/2025,3112,P030,1,"39,33"
4900,2025-03-09,1515,P036,1,37.98
9327,2025-02-06,999999,P008,2,"73,78"
2667,2025-01-06,648,P013,1,"10,97"
16130,2025-08-29,301,P014,2,"50,63"
4730,28/05/2025,3587,P014,1,"19,67"
16223,07-10-2025,3755,P035,4,46.74
9133,2025-09-16,1933,P031,1,"8,05"
8375,2025-06-11,3449,P005,1,10.84
1105,2025-05-12,1112,P007,1,100.92
12741,2025-01-11,1473,P028,2,152.13
11240,01-13-2025,2993,P032,1,22.10
2827,23/05/2025,3653,P025,1,8.61
539,08/10/2025,3158,P039,1,34.35
7275,20/12/2025,2284,P021,1,6.51
4707,07/08/2025,994,P004,2,21.47
9871,2025-05-08,2414,P020,1,22.05
5742,2025-05-31,2189,P047,1,"30,24"
3961,2025-04-29,999999,P001,2,"10,75"
12385,2025-01-13,673,P017,4,"35,30"
13116,14/09/2025,3396,P011,2,16.71
5840,2025-10-10,2689,P039,1,"47,11"
17548,2025-01-21,1920,P040,2,"36,40"
6493,2025-04-18,4051,P002,1,17.82
13920,29/05/2025,4078,P029,1,32.82
4328,25/11/2025,3641,P032,1,13.98
7966,04/10/2025,3510,P029,3,"33,93"
15319,08-28-2025,693,P001,2,"24,92"
337,2025-03-21,3758,P002,1,37.40
14457,2025-10-31,3407,P033,1,66.79
1384,04-18-2025,506,P016,1,20.88
1355,2025-07-15,4074,P003,1,104.41
9983,2025-10-02,514,P018,1,29.56
10035,17/12/2025,318,P021,2,29.08
4224,01-02-2025,185,P041,3,28.37
6650,21/07/2025,2109,P036,1,33.69
13667,2025-03-10,838,P012,1,"34,24"
5846,06/10/2025,912,P031,2,"10,42"
10243,2025-01-14,2903,P032,2,9.82
6572,2025-12-28,2448,P012,3,29.82
15869,2025-04-07,3137,P045,1,36.88
3626,01/09/2025,1033,P027,2,"35,11"
3323,2025-12-17,1034,P043,,"24,21"
9007,2025-10-14,308,P043,1,29.39
8279,13/11/2025,2622,P040,2,29.60
16159,2025-03-14,1599,P046,2,23.32
10616,2025-10-10,2069,P028,3,20.60
16977,2025-08-14,1194,P023,1,"26,71"
14017,06/01/2025,2837,P008,2,28.97
6751,2025-02-23,4119,P004,1,"12,28"
13364,2025-12-16,2045,P033,1,"38,17"
12286,20/03/2025,3755,P026,1,35.01
10089,2025-04-25,2645,P017,4,"37,02"
7756,07/07/2025,3596,P005,1,"96,38"
9952,2025-07-16,302,P010,2,36.23
17105,03/10/2025,278,P021,2,"15,19"
1933,02/08/2025,1541,P020,1,38.89
15886,2025-02-05,2912,P012,3,25.53
4034,11/10/2025,758,P012,1,11.14
2613,2025-12-05,1086,P047,3,17.81
405,06-30-2025,309,P012,1,18.77
8767,04-17-2025,2691,P013,1,11.54
1784,22/02/2025,2888,P025,2,"20,25"
12252,2025-11-26,1428,P029,1,22.46
3428,21/01/2025,3786,P030,2,46.57
2659,2025-01-08,2685,P018,1,90.37
6823,2025-09-09,914,P037,2,48.15
5177,08-12-2025,3335,P024,2,12.94
1523,06-29-2025,3044,P012,2,27.61
17949,2025-09-22,1466,P008,1,65.38
12137,30/07/2025,1959,P014,2,11.85
10785,2025-07-23,1321,P021,1,32.20
16436,14/04/2025,305,P009,1,24.20
5866,2025-03-09,1388,P036,3,13.33
17440,2025-10-01,1697,P042,2,28.63
9777,2025-07-23,859,P041,3,33.09
16177,2025-08-16,843,P032,1,"11,76"
1689,31/03/2025,614,P045,2,"57,22"
13520,2025-10-09,1429,P045,1,48.62
7829,2025-08-16,1045,P025,1,"19,23"
1102,07-13-2025,396,P048,1,41.55
14891,24/12/2025,2152,P031,1,31.83
14614,2025-02-06,3923,P002,1,46.31
17272,2025-03-25,2424,P040,1,39.76
17162,2025-09-30,1496,P020,1,18.76
823,2025-09-01,51,P039,1,"11,47"
400,2025-10-10,3738,P013,1,16.62
6579,15/05/2025,999999,P023,1,"49,77"
13484,2025-08-05,1295,P036,1,"24,31"
5191,2025-02-06,999999,P012,3,18.51
17172,2025-02-25,1444,P016,4,45.55
5973,09-08-2025,1674,P021,1,17.31
17749,2025-01-05,152,P001,1,24.26
13802,05/07/2025,2184,P024,1,30.68
1211,2025-01-22,451,P022,2,"17,27"
17256,2025-03-27,2922,P013,1,"56,58"
348,01/07/2025,3630,P037,1,70.68
1937,26/02/2025,2907,P033,1,22.63
2367,2025-04-14,3696,P006,1,63.16
6210,2025-01-17,2793,P024,1,"23,61"
5749,2025-12-07,2929,P003,1,152.79
16126,2025-07-02,3868,P033,1,26.36
3670,2025-03-12,3526,P008,1,"26,60"
15480,31/05/2025,2265,P030,1,"66,13"
13774,2025-04-30,2925,P043,1,"17,96"
12764,2025-04-08,3707,P014,1,"17,51"
11084,2025-04-29,237,P045,1,58.42
13451,24/06/2025,1442,P024,1,22.53
15670,2025-01-14,1747,P004,2,10.14
2767,04/02/2025,1608,P005,1,33.62
20,2025-02-26,2748,P009,2,43.11
18,2025-04-16,2760,P006,2,26.56
13417,2025-08-13,1918,P010,1,24.34
13058,20/10/2025,3226,P033,-1,"16,53"
1059,2025-11-04,2980,P039,1,17.33
3993,2025-07-16,2062,P023,1,"51,49"
3044,2025-10-18,1344,P031,2,28.34
1127,2025-02-13,214,P002,2,12.40
13732,15/12/2025,391,P025,1,30.21
9980,20/06/2025,280,P003,1,"39,11"
13137,2025-06-10,181,P005,4,"10,39"
17651,2025-07-04,2030,P044,3,29.51
2624,16/12/2025,2191,P033,4,"8,65"
8334,14/05/2025,3816,P046,1,"43,18"
14898,2025-01-30,361,P041,1,20.00
3558,24/07/2025,1037,P033,-1,10.24
728,24/01/2025,254,P006,2,36.01
4680,2025-11-19,2627,P003,4,42.87
15546,2025-11-25,1444,P011,1,88.76
10889,2025-04-18,3788,P032,1,"21,65"
8705,11-22-2025,4165,P003,1,33.74
7795,2025-05-23,1985,P020,2,"20,74"
9791,27/05/2025,1772,P036,2,41.58
17864,2025-07-09,4055,P034,1,30.58
9765,2025-09-19,2044,P031,4,17.05
541,09/04/2025,910,P012,1,"21,68"
11122,27/02/2025,2771,P028,1,87.53
12984,2025-04-08,4038,P037,1,42.63
12744,01/09/2025,3359,P023,1,32.60
6805,24/01/2025,176,P031,2,"40,49"
14265,2025-02-16,993,P027,2,32.98
15747,2025-04-14,2987,P033,2,17.81
12750,2025-11-21,625,P002,1,"13,93"
8928,23/08/2025,1605,P007,1,22.34
3805,12/12/2025,1067,P038,3,56.04
17019,2025-12-11,3902,P012,1,17.45
9654,2025-09-07,342,P015,4,19.58
9071,18/11/2025,2992,P008,1,34.38
10760,2025-02-03,315,P010,1,18.87
4346,01-05-2025,3466,P023,1,62.79
4254,2025-09-12,1828,P008,,81.09
8762,2025-11-14,1644,P029,2,13.33
124,2025-03-14,3849,P031,4,35.20
469,2025-05-23,137,P036,2,27.93
4065,2025-03-03,1781,P012,2,14.10
13053,2025-07-15,999999,P035,1,18.08
8333,2025-05-05,1181,P015,1,8.05
16992,2025-09-01,1512,P046,3,17.85
16202,03-18-2025,1194,P003,2,"26,35"
3617,2025-03-16,2267,P017,2,7.96
1871,27/01/2025,1424,P008,1,"29,99"
13374,2025-06-26,2892,P035,2,"83,82"
4569,06/10/2025,4161,P038,3,"63,23"
6936,2025-05-18,599,P011,1,40.00
1734,31/01/2025,3295,P019,1,27.77
6830,20/04/2025,2679,P034,3,16.46
4120,2025-08-27,2355,P046,2,33.86
14589,2025-05-02,4113,P003,2,13.81
14340,18/04/2025,493,P039,1,"7,57"
15497,17/02/2025,171,P013,1,"57,28"
8164,2025-02-12,3370,P030,1,13.41
2957,2025-10-01,145,P039,1,15.48
5118,2025-01-15,3115,P047,1,"36,40"
4748,12/12/2025,4183,P027,1,21.03
13384,2025-01-16,2283,P003,1,16.78
10050,2025-08-09,382,P015,1,21.20
4761,2025-10-13,531,P047,1,33.42
10883,2025-05-07,461,P042,2,"8,39"
3989,2025-11-04,3162,P037,1,24.33
12628,2025-05-19,3776,P012,1,26.21
6419,2025-03-16,358,P046,2,"41,21"
9301,28/09/2025,2325,P008,-1,41.50
16069,2025-12-30,999999,P020,2,"21,82"
5537,2025-05-28,310,P040,3,8.90
13632,2025-03-16,493,P038,1,18.04
1713,2025-12-06,3783,P006,1,17.55
4176,17/11/2025,1891,P013,1,25.97
6747,2025-08-22,1273,P027,1,10.35
6706,08/05/2025,3059,P012,1,36.15
1861,2025-02-17,3656,P021,1,25.20
12292,2025-04-16,1497,P030,4,41.56
8752,2025-02-04,2348,P048,1,21.78
13460,2025-10-09,900,P004,1,57.52
16498,2025-11-06,3974,P010,2,"25,45"
9928,06-22-2025,746,P010,2,"16,47"
17458,13/11/2025,3289,P022,4,10.06
12648,2025-11-20,1282,P010,1,34.03
29,2025-08-24,1772,P023,3,19.72
14599,2025-05-18,1555,P002,1,86.11
8980,2025-03-17,2593,P029,1,96.91
8619,26/11/2025,775,P008,1,35.35
6006,2025-05-21,3803,P012,1,24.54
16614,10/04/2025,1819,P009,1,26.95
5912,2025-12-27,3984,P024,2,20.12
13595,2025-04-13,1730,P019,4,"16,05"
6287,2025-02-18,2873,P045,1,"10,29"
16384,2025-07-23,4113,P040,1,16.13
1378,2025-05-16,3759,P015,1,33.50
7010,2025-05-08,2692,P032,3,18.19
773,2025-04-30,142,P017,1,21.87
4255,2025-01-23,2817,P008,2,"14,52"
4653,2025-07-07,2158,P008,1,83.68
9082,2025-11-11,2691,P019,1,34.84
5428,2025-03-15,3980,P029,1,18.56
4791,2025-07-26,492,P029,2,"43,82"
4751,23/08/2025,1121,P003,1,"37,32"
798,2025-12-26,3657,P037,3,51.49
9157,01/10/2025,2410,P012,1,50.74
12266,2025-06-03,1920,P027,2,10.28
2733,2025-02-28,293,P004,1,"31,40"
14792,20/02/2025,2329,P030,2,12.29
7918,2025-10-19,3406,P035,2,"20,33"
9178,28/02/2025,1651,P046,,"26,06"
14261,2025-07-05,15,P038,4,26.53
12717,2025-11-03,2196,P043,2,"37,32"
373,2025-01-28,1669,P013,1,104.13
8412,17/03/2025,1216,P014,2,16.77
10415,2025-02-19,3350,P024,2,"60,96"
7452,2025-04-24,2075,P007,3,34.48
1194,2025-04-25,3604,P021,2,48.75
5999,2025-06-07,333,P002,1,29.46
4474,03/09/2025,1972,P031,2,44.13
13218,2025-05-04,3244,P011,1,52.43
474,2025-01-22,2007,P036,1,"17,11"
15500,2025-03-30,2333,P045,2,42.81
10936,07-19-2025,1990,P018,1,25.34
13654,28/03/2025,2990,P022,1,60.31
11902,12/07/2025,2797,P021,2,"26,08"
17986,2025-06-23,2490,P014,1,"37,30"
14834,03-04-2025,402,P004,2,49.70
890,2025-11-27,1772,P032,2,"39,94"
5947,2025-09-01,2600,P026,3,10.67
5516,2025-11-05,4170,P030,3,69.08
16327,2025-03-15,2591,P015,1,"13,85"
1781,06-25-2025,1194,P027,1,"48,33"
11688,2025-02-13,1566,P035,2,33.27
817,03/12/2025,2891,P008,3,30.95
16738,30/06/2025,1345,P015,1,18.34
15201,21/10/2025,2286,P040,1,21.69
7624,03-06-2025,4132,P022,1,19.62
12068,11/06/2025,999999,P026,1,11.59
16886,12-14-2025,1946,P047,1,69.78
16635,2025-11-04,3807,P014,2,20.00
16789,2025-02-06,2202,P037,3,26.10
488,2025-01-05,2480,P016,1,21.02
6985,26/03/2025,1842,P036,2,"17,09"
7113,2025-10-08,3886,P022,4,"42,48"
2992,2025-09-25,1798,P003,2,"14,88"
13264,2025-02-03,1134,P009,3,17.34
747,18/07/2025,144,P011,1,19.08
16158,19/03/2025,1367,P007,1,"16,69"
11746,12/09/2025,2063,P029,1,"30,80"
8846,06-29-2025,2789,P044,2,59.09
5294,2025-09-23,3419,P005,3,20.23
2075,2025-04-16,2060,P016,1,"40,23"
9305,2025-01-25,999999,P003,1,51.30
6603,2025-12-07,3550,P039,1,14.17
10167,07-28-2025,2709,P042,1,"21,16"
8051,12/01/2025,2887,P008,1,13.25
6799,2025-07-15,494,P032,1,17.45
7707,26/01/2025,2154,P029,1,36.07
4382,28/10/2025,4166,P001,1,85.50
8931,03-04-2025,1827,P046,1,23.45
13949,2025-08-01,3554,P003,1,17.74
5159,2025-05-28,1525,P037,1,23.85
9261,2025-11-28,2522,P038,2,"23,06"
4456,2025-04-29,1882,P013,,"31,76"
15190,03/02/2025,1775,P034,1,37.28
15459,2025-04-02,609,P035,1,15.25
17042,13/08/2025,1880,P007,1,"12,55"
13229,09-26-2025,2131,P020,1,18.49
15957,2025-03-21,2247,P045,2,18.32
8983,2025-06-21,1538,P022,2,31.45
9122,14/03/2025,2400,P013,2,13.13
4721,04/08/2025,217,P033,3,"35,82"
10358,02-22-2025,1988,P046,2,11.35
4559,2025-01-21,870,P034,2,17.27
3654,2025-06-20,809,P029,1,23.25
7155,22/03/2025,3120,P043,2,7.45
6553,2025-01-01,187,P038,2,"5,85"
8574,2025-07-04,1732,P015,2,"56,17"
7927,2025-02-24,4159,P002,1,"33,73"
15588,2025-07-20,1643,P021,1,57.85
6871,2025-09-06,3747,P044,1,18.57
11267,2025-01-26,3933,P002,1,"49,39"
1451,15/05/2025,4042,P037,2,13.62
5139,10-30-2025,540,P006,2,27.89
2604,2025-03-31,3495,P031,1,"11,49"
9910,2025-04-19,128,P044,1,23.37
15106,11/03/2025,992,P036,2,13.89
17149,11/03/2025,1935,P045,2,147.54
4598,2025-06-20,444,P025,3,84.79
1922,02-10-2025,3588,P023,1,28.85
8252,27/04/2025,2113,P041,1,48.40
14588,2025-07-28,1167,P029,1,61.09
7313,2025-02-04,28,P011,4,"31,62"
17835,2025-11-02,2421,P013,4,13.85
15296,06/12/2025,2053,P027,1,91.01
9094,04/10/2025,3941,P029,3,"27,54"
12025,2025-02-20,35,P012,3,"44,51"
12919,2025-11-24,1554,P022,2,18.29
7931,2025-07-31,1775,P036,1,"7,58"
9166,2025-04-23,125,P036,1,"29,48"
9135,09-30-2025,1404,P045,2,26.13
2628,2025-09-17,2101,P006,1,"47,39"
6583,2025-01-22,3128,P006,1,35.58
9498,2025-06-07,4084,P033,1,"34,36"
11910,2025-05-04,162,P032,1,7.98
901,2025-02-09,1079,P016,1,32.73
13060,17/06/2025,3381,P046,1,"72,02"
14848,14/12/2025,1017,P011,2,"29,02"
15403,06-18-2025,2815,P003,3,25.77
13045,2025-12-17,574,P001,1,24.53
8078,26/07/2025,2177,P031,2,19.75
11820,30/06/2025,298,P033,4,26.08
12762,2025-09-29,4016,P034,2,28.51
15814,13/08/2025,1480,P011,1,"26,96"
7515,07/09/2025,1260,P007,1,"47,67"
4350,29/12/2025,3313,P002,2,11.51
12897,2025-02-11,1705,P026,2,"25,32"
13443,2025-03-18,3386,P003,3,33.04
16544,2025-08-25,3918,P037,2,"10,24"
3003,23/05/2025,1794,P035,1,"41,58"
10118,13/11/2025,3912,P009,1,39.42
2648,07/03/2025,2585,P038,1,16.59
9901,2025-05-17,2160,P007,2,45.28
2802,2025-11-25,3367,P002,1,12.85
6151,2025-06-07,1747,P037,2,29.73
13708,13/04/2025,2827,P030,2,16.72
16743,2025-09-09,2612,P037,-1,19.15
10189,2025-08-16,4040,P024,1,29.97
11343,2025-07-21,715,P002,,21.24
12244,2025-02-07,2915,P021,1,"41,35"
6203,2025-05-22,2521,P004,1,33.74
14913,07-28-2025,2648,P013,1,15.84
3551,12/02/2025,1430,P047,1,108.84
1695,2025-11-25,1640,P009,1,27.36
17446,03-21-2025,1559,P007,1,"12,20"
6811,04/03/2025,3348,P041,2,40.49
14727,2025-08-30,1461,P016,1,"21,23"
12893,15/01/2025,554,P019,1,10.05
5120,2025-08-09,2044,P011,2,29.07
14427,26/04/2025,988,P011,1,34.01
5626,01-24-2025,1476,P021,2,12.79
4362,15/12/2025,1920,P012,2,44.48
14824,17/03/2025,1376,P036,1,15.35
17720,2025-06-12,476,P029,2,47.87
9329,30/11/2025,818,P043,3,"38,49"
12339,16/01/2025,3439,P024,2,19.55
9450,2025-09-25,34,P019,1,21.68
11474,29/06/2025,3562,P016,3,37.63
5184,2025-05-24,1111,P031,1,31.63
8709,03-28-2025,697,P016,2,76.40
7739,2025-05-28,3931,P040,1,"64,40"
2147,28/08/2025,1829,P030,1,10.81
10406,02-28-2025,2868,P004,2,"40,35"
10640,2025-10-08,3687,P041,-1,59.93
7776,2025-02-19,2896,P003,1,32.33
1809,2025-05-07,3939,P001,3,75.07
12121,2025-02-11,3861,P002,2,17.14
16624,2025-02-28,741,P029,2,86.11
1433,2025-11-20,4190,P047,4,66.88
17336,29/12/2025,760,P017,1,55.17
3681,2025-09-25,1859,P024,1,20.21
9254,23/09/2025,4073,P025,1,62.87
17512,2025-10-02,1576,P040,2,52.81
14296,08/04/2025,2624,P027,2,110.05
6639,22/10/2025,116,P048,1,"33,35"
6619,2025-08-04,2238,P047,1,66.54
14691,2025-12-26,2113,P041,1,35.92
9179,2025-10-01,2364,P007,1,20.98
14937,07/08/2025,845,P020,1,"14,12"
13169,2025-06-30,1077,P043,1,28.04
1565,09-12-2025,124,P047,1,25.17
14938,2025-03-07,1592,P045,2,43.68
2083,09-07-2025,540,P034,1,6.12
15203,2025-05-05,3863,P013,3,18.08
14573,21/11/2025,1235,P003,1,"32,20"
2872,2025-09-04,610,P029,2,"46,07"
17901,2025-04-30,3010,P033,3,"63,85"
13298,15/08/2025,404,P044,,"28,50"
17559,2025-04-23,2934,P012,1,"26,61"
16685,2025-04-27,2117,P002,1,26.27
10340,2025-05-06,1585,P022,1,33.36
2960,2025-07-28,52,P048,2,15.87
2753,2025-09-03,2697,P017,2,22.08
15999,2025-10-20,1901,P023,1,"51,74"
13161,2025-07-03,1437,P012,1,"90,51"
16304,2025-07-20,1237,P012,2,55.65
13659,09/03/2025,2631,P003,1,27.53
14823,2025-04-16,2791,P020,,56.79
14852,2025-12-24,28,P005,3,"42,14"
2469,2025-11-22,3452,P020,2,"13,29"
16167,2025-04-14,3088,P031,1,"42,37"
15610,2025-11-24,2498,P014,1,43.14
3358,2025-05-23,987,P032,2,29.17
14278,22/10/2025,2453,P026,1,36.34
7870,2025-01-18,348,P024,2,"38,42"
11826,10-27-2025,1761,P007,1,4.88
13790,2025-11-05,933,P043,3,"40,92"
15707,2025-02-27,2817,P017,1,37.07
9399,02/07/2025,1288,P002,1,15.48
16402,2025-05-12,268,P047,2,12.04
14808,12/11/2025,3739,P019,1,30.05
17535,2025-11-16,2093,P015,2,15.40
1158,05/02/2025,4017,P011,1,49.58
15518,2025-10-23,778,P045,1,32.38
664,2025-08-13,920,P004,1,15.22
12093,2025-04-18,806,P022,1,7.29
8326,07-17-2025,1503,P027,1,44.14
89,15/02/2025,2562,P042,1,"14,29"
9504,09/03/2025,1157,P027,1,15.97
9843,04/03/2025,1009,P026,1,7.63
7672,04/01/2025,3567,P047,1,41.59
10794,2025-03-24,2995,P026,2,52.10
4554,13/07/2025,1200,P019,2,8.10
13200,2025-04-25,1168,P021,1,"46,52"
14713,2025-10-16,3045,P005,1,42.53
10657,2025-09-30,1695,P031,1,"27,37"
14814,2025-10-19,2998,P047,3,43.50
7040,2025-11-17,111,P026,1,57.43
5049,2025-03-22,1412,P047,1,19.55
1323,2025-10-25,2389,P004,1,11.29
7477,2025-02-14,3761,P001,1,74.24
12064,11/07/2025,4112,P001,2,13.18
16298,2025-01-10,3197,P042,2,23.73
3474,2025-02-20,1106,P038,1,21.68
5245,2025-10-26,1128,P023,1,27.91
6778,07/11/2025,2422,P022,1,"54,79"
11617,03/10/2025,1729,P028,1,"13,15"
8055,08-26-2025,1042,P038,1,"74,14"
2708,23/11/2025,3029,P041,1,14.82
4789,21/03/2025,191,P001,1,16.55
7249,2025-01-16,33,P021,1,27.46
10780,16/05/2025,419,P004,3,5.50
2515,2025-11-26,589,P018,2,37.27
1681,2025-08-29,2376,P013,3,24.32
11086,2025-05-13,2284,P043,1,11.83
10526,01/04/2025,2450,P022,1,25.38
5131,2025-03-25,365,P008,1,"20,92"
3685,2025-05-08,1243,P042,1,22.74
13929,03-29-2025,393,P045,1,"68,30"
8645,2025-07-02,999999,P046,1,"29,06"
9297,12-22-2025,2079,P047,1,"15,05"
16427,2025-07-09,337,P032,2,33.07
3172,03/09/2025,2495,P039,1,32.31
4369,2025-05-09,3885,P010,1,"61,53"
6761,2025-03-17,3887,P034,1,24.21
16369,10/10/2025,3384,P042,3,18.30
16642,2025-03-24,3033,P006,2,12.38
5680,24/02/2025,3969,P028,4,42.67
13930,2025-07-17,933,P032,1,19.31
13844,18/08/2025,2498,P017,1,"23,81"
5712,2025-04-10,1318,P044,1,78.05
3289,02-13-2025,375,P014,1,"40,28"
4190,2025-03-01,2063,P027,1,79.04
3976,2025-04-27,953,P018,2,"90,21"
10487,22/07/2025,644,P008,1,38.24
17902,2025-06-21,3477,P026,1,14.40
6877,03/04/2025,3922,P033,1,11.11
8885,2025-08-08,1417,P004,2,11.13
8478,2025-08-29,3995,P030,1,31.11
8932,10/04/2025,2895,P018,1,"12,16"
2983,2025-04-10,3918,P016,2,"31,25"
1760,11-23-2025,3485,P008,1,42.97
2436,2025-07-30,4152,P028,1,32.98
13582,2025-09-17,1692,P004,2,"8,51"
17346,2025-05-17,4004,P032,2,8.12
856,2025-03-13,1246,P029,1,"16,53"
13171,2025-03-05,2657,P008,1,59.43
12547,2025-11-19,100,P019,1,45.26
4713,05-30-2025,3231,P027,1,21.25
4355,2025-05-24,1983,P048,2,29.93
4336,2025-02-25,3683,P022,2,39.03
10691,19/10/2025,3483,P002,1,"56,31"
2423,09-06-2025,3262,P019,3,50.43
10466,15/06/2025,4108,P030,1,"30,24"
16884,02-01-2025,1627,P012,1,"61,57"
9807,2025-09-06,1442,P033,2,50.96
10836,06/01/2025,2738,P033,1,33.17
2298,25/01/2025,4131,P008,1,47.62
16712,05-13-2025,219,P012,1,62.04
4561,15/12/2025,2606,P045,4,27.09
13892,05/11/2025,1393,P026,1,43.49
10529,2025-10-11,2037,P029,2,34.81
14708,2025-11-23,2877,P022,1,12.77
5344,2025-06-02,3393,P046,2,71.99
3456,2025-04-18,1492,P022,2,29.15
9998,28/06/2025,600,P012,1,"29,89"
14283,2025-11-18,3387,P013,3,24.70
1011,2025-07-08,2758,P001,2,16.93
15468,22/11/2025,706,P006,1,18.10
11484,2025-08-07,999999,P045,1,22.63
13691,2025-12-19,1877,P037,1,46.93
6865,2025-08-11,1879,P034,1,"24,77"
12608,28/12/2025,1495,P036,1,"37,45"
12330,08/07/2025,3393,P039,1,29.03
209,2025-06-23,1276,P018,1,42.07
10075,2025-12-19,1142,P045,1,"90,46"
10039,2025-10-09,2111,P002,1,9.52
2635,16/02/2025,3739,P030,3,24.04
9089,2025-07-16,1177,P027,4,"29,03"
228,25/05/2025,1040,P008,1,17.93
8250,2025-04-29,2939,P022,-1,13.35
9438,2025-01-26,1427,P017,1,32.14
12964,12/05/2025,2317,P001,,41.07
14350,2025-10-23,885,P036,2,22.97
6939,2025-07-28,281,P002,2,32.78
4141,2025-06-04,4029,P014,1,"20,97"
12020,2025-03-18,3314,P001,2,"22,84"
10256,16/07/2025,3339,P048,3,16.75
13168,2025-06-27,77,P048,1,14.27
6644,19/10/2025,703,P047,1,"29,48"
5959,2025-01-26,999999,P043,2,26.43
14353,2025-01-24,3141,P041,1,14.87
15292,2025-05-04,4078,P012,3,"14,01"
14933,2025-05-10,2595,P025,1,38.13
6093,2025-08-19,1629,P023,1,"35,80"
3824,2025-12-29,2181,P014,1,"20,20"
7622,2025-06-15,1941,P027,1,16.23
4089,11-28-2025,2217,P017,2,17.05
850,2025-09-03,3211,P021,,"17,33"
11239,2025-04-01,3971,P016,1,16.13
17827,2025-11-29,1134,P038,4,10.87
13111,2025-11-05,495,P024,1,"40,00"
10455,2025-07-24,3506,P023,1,58.58
13980,2025-06-24,22,P032,2,11.78
2435,10-20-2025,2880,P037,2,33.68
4914,08-22-2025,2750,P001,1,21.54
4214,2025-08-17,3440,P028,1,41.38
1448,11-27-2025,1166,P004,4,14.41
6982,28/10/2025,1834,P024,1,22.20
8877,03-04-2025,938,P017,1,20.74
13865,2025-07-10,2460,P021,1,30.55
7797,2025-06-14,2786,P042,2,19.50
5194,2025-07-31,2778,P029,1,22.63
8674,2025-09-26,1891,P027,2,"26,93"
5420,06-13-2025,3900,P007,2,14.41
7274,2025-01-06,3310,P032,2,"39,00"
6742,13/03/2025,1217,P039,1,8.97
6861,2025-02-28,3999,P043,1,"46,46"
14983,05-23-2025,3894,P012,1,28.53
1249,2025-03-03,2267,P022,1,57.49
10703,2025-09-27,1618,P015,1,27.47
7922,2025-06-16,1256,P020,1,39.34
16303,2025-04-05,3726,P036,1,25.69
15757,10/10/2025,3254,P047,3,19.05
16325,2025-03-01,2522,P007,1,"24,90"
12506,2025-12-17,1551,P037,1,20.55
13312,2025-09-17,1155,P046,1,"36,95"
5214,17/05/2025,2141,P022,1,17.89
6734,2025-04-17,4157,P023,1,"25,33"
6471,2025-08-31,159,P030,1,84.67
16607,2025-07-30,1401,P045,1,48.20
2524,2025-09-20,2657,P007,1,11.43
920,11/12/2025,2415,P006,1,21.64
791,2025-08-29,1902,P024,3,43.18
12852,2025-09-01,2991,P028,1,"22,62"
16483,2025-09-03,2611,P042,1,141.87
16975,30/10/2025,1947,P008,1,29.17
15370,2025-10-19,66,P034,1,18.09
9607,2025-06-15,3366,P013,2,"32,12"
13788,2025-03-17,2894,P023,1,13.39
9,01/03/2025,1055,P019,2,33.90
17696,2025-11-29,3864,P003,1,36.92
11621,11/08/2025,3980,P047,1,56.56
7508,2025-09-25,2039,P039,1,55.24
415,29/09/2025,1883,P047,,"18,82"
4677,2025-12-13,3472,P018,1,"20,78"
2431,19/07/2025,609,P011,2,"51,00"
6089,06/02/2025,4090,P033,3,"30,15"
9000,2025-01-22,3298,P013,1,78.69
11124,06-09-2025,2995,P031,-1,"11,69"
9610,2025-08-08,1042,P006,1,"28,01"
6594,2025-11-11,4179,P029,,14.87
942,2025-01-03,3405,P013,1,"41,11"
8480,10-28-2025,1557,P014,2,16.21
10692,2025-01-26,999999,P005,1,19.17
8241,25/10/2025,4156,P035,2,27.18
811,2025-11-09,2737,P045,3,18.19
12858,2025-03-09,675,P026,4,55.41
3751,08-19-2025,1443,P044,1,"17,98"
10484,2025-04-20,3404,P004,1,22.28
17393,2025-10-08,2694,P015,1,15.46
212,2025-09-07,3725,P036,4,67.61
13678,24/03/2025,2238,P039,2,"14,43"
12166,09-13-2025,2503,P018,2,30.67
15012,2025-01-11,1649,P005,1,29.13
6362,12/05/2025,2142,P044,1,23.79
8557,15/08/2025,725,P021,1,"14,07"
3782,06-18-2025,2006,P046,1,"18,39"
562,2025-02-06,1097,P024,3,"63,09"
1642,2025-12-30,2712,P022,1,17.11
10113,2025-12-31,1691,P009,4,"72,18"
3951,2025-10-28,3532,P016,1,"34,34"
17541,11/04/2025,498,P018,1,"23,15"
15466,2025-06-14,2764,P039,2,37.77
194,2025-11-10,1024,P025,1,21.09
12539,2025-03-12,3628,P031,3,"25,89"
330,2025-07-20,2174,P048,1,26.15
1324,19/08/2025,3093,P001,2,28.86
4541,2025-02-18,2983,P028,1,"25,49"
12620,2025-10-01,853,P005,1,21.26
7700,2025-06-17,1410,P031,1,"31,57"
16711,2025-06-07,2931,P005,1,36.60
2569,2025-05-25,3262,P018,4,64.76
7616,26/12/2025,2623,P029,2,52.58
13873,2025-04-07,28,P026,1,"40,17"
7738,29/08/2025,1673,P041,1,9.34
7539,11-03-2025,184,P031,1,14.70
1877,06/07/2025,1690,P046,2,98.80
8404,2025-04-12,1501,P010,2,23.04
16503,05/06/2025,982,P038,3,16.83
285,2025-03-07,3683,P038,1,23.82
903,16/09/2025,1833,P029,3,76.17
17888,17/02/2025,452,P012,3,"20,75"
3192,17/07/2025,2794,P009,1,68.81
10022,2025-11-09,1231,P034,2,65.36
2773,03/06/2025,1682,P039,1,"42,16"
508,2025-12-05,1444,P002,1,4.80
16451,03/06/2025,1793,P034,2,"36,29"
388,08/03/2025,1259,P004,1,102.73
16874,27/11/2025,3135,P032,1,18.67
150,2025-09-08,130,P038,-1,74.80
8233,2025-10-25,812,P014,1,33.72
7463,2025-04-30,999999,P023,1,60.48
8505,2025-03-28,2801,P007,1,28.11
14564,2025-04-25,2704,P002,2,9.56
9356,29/05/2025,4092,P045,1,27.50
608,2025-02-21,4041,P025,2,35.37
4719,2025-07-04,3099,P028,1,41.72
1181,12/03/2025,3583,P008,1,14.56
7898,07-20-2025,2769,P020,2,"13,34"
6214,2025-01-29,1879,P028,2,23.28
12875,12-27-2025,3458,P033,1,18.04
6925,28/01/2025,1937,P019,1,55.23
7449,18/12/2025,3068,P003,2,22.95
12390,08/10/2025,404,P020,4,"14,22"
1134,24/09/2025,2675,P023,3,"69,62"
9383,2025-04-25,1670,P006,1,"33,52"
8064,24/02/2025,2266,P026,2,10.52
2942,2025-10-20,3110,P015,1,8.36
15253,04-27-2025,2686,P011,3,40.32
17653,2025-06-03,1003,P004,1,13.99
14800,07-12-2025,1377,P006,1,51.33
7988,2025-11-26,3664,P013,1,16.54
13518,2025-07-03,3780,P029,1,"65,57"
5282,2025-11-10,885,P015,1,23.86
16321,2025-02-15,114,P025,1,26.33
16658,2025-01-15,2200,P017,1,25.31
7598,2025-10-10,2321,P022,1,15.73
2087,2025-02-24,631,P012,1,23.32
6082,2025-04-08,1442,P001,1,30.46
5545,2025-10-03,1594,P012,2,40.95
6218,25/01/2025,3307,P033,1,34.03
2926,2025-10-07,3505,P021,1,15.45
2935,2025-01-06,1243,P032,1,19.33
15752,2025-03-24,3667,P031,1,26.65
14639,2025-05-26,999999,P027,1,41.02
16291,26/03/2025,233,P014,1,45.43
17403,16/09/2025,3056,P023,1,"24,46"
6345,29/11/2025,999999,P001,1,12.73
2610,2025-11-13,918,P016,1,"39,03"
1739,01-31-2025,292,P019,1,49.44
7761,2025-06-15,343,P001,1,"9,03"
17638,16/02/2025,1956,P024,1,123.47
7524,09-09-2025,1712,P015,2,53.49
10501,24/01/2025,4055,P005,1,"22,46"
6011,2025-12-11,3090,P012,1,32.16
10844,2025-05-09,831,P044,1,"44,42"
12028,2025-01-01,407,P030,2,30.00
15907,2025-08-02,692,P025,3,28.20
58,2025-11-27,4162,P002,2,10.19
1727,2025-08-25,91,P039,1,"19,17"
2160,2025-09-03,509,P047,2,42.32
16834,2025-08-12,1574,P003,2,50.92
14243,2025-12-01,1132,P012,1,45.44
15357,06-15-2025,3024,P044,1,"23,01"
11998,2025-06-09,232,P008,2,"85,46"
9883,2025-12-21,3054,P020,2,45.59
12003,02/10/2025,1967,P042,1,"23,84"
5790,2025-11-05,1845,P026,1,"39,41"
11686,05-01-2025,1814,P019,2,17.26
3295,10-26-2025,4192,P022,1,35.57
4865,08/11/2025,1171,P009,1,28.31
2569,2025-05-25,3262,P018,4,64.76
5812,2025-06-19,3812,P001,1,"14,54"
3207,2025-03-13,101,P014,1,28.92
14649,27/06/2025,1033,P045,3,41.29
567,2025-02-10,1101,P039,2,"11,42"
16858,21/07/2025,998,P021,1,"47,21"
15030,2025-12-20,1811,P005,1,"25,30"
3875,2025-03-24,3743,P006,1,29.21
6371,2025-07-10,916,P046,2,21.17
13658,2025-12-29,175,P030,1,33.65
2625,2025-12-09,3290,P016,-1,59.16
818,2025-07-01,3345,P026,1,34.32
3849,26/04/2025,2008,P004,1,59.82
13315,04/09/2025,1474,P004,,58.01
3667,2025-02-19,3065,P030,1,"27,26"
5577,12-28-2025,548,P038,1,14.45
10527,01-27-2025,1984,P008,1,22.39
13402,04/04/2025,2471,P016,1,10.18
5443,2025-04-05,2003,P037,3,20.87
6184,2025-11-03,3242,P031,1,43.42
12901,2025-10-06,73,P003,2,78.13
11520,2025-06-22,1430,P027,2,15.80
5216,05/06/2025,1716,P035,1,19.58
16249,2025-08-14,1161,P032,1,11.76
2006,2025-03-04,3887,P020,2,"57,95"
4445,2025-06-06,732,P005,1,32.97
3715,2025-04-04,3065,P010,2,42.44
5675,14/10/2025,1250,P017,1,"80,09"
7,2025-01-03,3640,P014,2,21.02
1075,09-17-2025,933,P022,3,"54,67"
5688,17/09/2025,2832,P042,1,"8,26"
8058,08-01-2025,3409,P038,2,"20,23"
15736,24/12/2025,1127,P029,1,91.27
16139,11-22-2025,2440,P030,1,20.25
120,11/04/2025,394,P008,2,"37,53"
9472,2025-10-06,95,P015,1,15.09
6,2025-10-25,2250,P047,2,45.07
7762,21/07/2025,1342,P003,1,31.89
7955,03-01-2025,3531,P046,2,28.13
11340,2025-08-20,1400,P031,1,84.86
5031,2025-04-17,3206,P048,1,"24,21"
17658,22/10/2025,3752,P023,-1,"14,20"
2527,2025-12-16,2097,P001,2,"33,40"
17501,2025-11-10,3539,P036,2,14.73
3204,2025-03-18,3298,P028,1,6.62
10735,2025-01-14,2045,P021,3,"27,58"
17585,2025-10-29,1423,P011,1,51.74
3555,2025-06-11,3328,P020,1,60.36
9121,2025-10-22,2646,P009,1,7.54
16296,2025-08-30,3870,P001,2,22.03
682,2025-08-17,362,P030,1,"95,05"
16182,16/07/2025,1607,P014,1,"20,75"
686,16/07/2025,4188,P004,2,"40,37"
9743,2025-12-27,253,P014,2,"34,52"
14804,12/07/2025,4161,P043,1,22.65
12756,02-11-2025,2116,P038,1,44.80
11154,2025-11-12,2737,P010,2,26.62
11513,05/10/2025,1714,P043,1,11.15
3616,02/02/2025,544,P006,3,10.79
12926,2025-05-17,1573,P044,1,"23,91"
12500,30/04/2025,2159,P031,3,37.26
14993,05/02/2025,955,P038,,27.51
6723,06-03-2025,2742,P011,1,"59,73"
9444,2025-12-06,583,P046,3,23.04
17034,04/12/2025,3347,P025,3,20.34
2105,2025-04-21,1750,P008,1,45.42
10145,12/12/2025,1120,P043,1,"16,30"
3265,01-22-2025,1540,P019,1,5.67
2093,2025-02-16,3336,P019,1,40.25
6429,07-15-2025,2542,P011,1,"34,35"
603,07-11-2025,1455,P017,4,77.00
5352,2025-05-01,2799,P019,1,"34,02"
16813,26/02/2025,3940,P002,2,"42,37"
13439,2025-12-02,4107,P028,1,"84,82"
8658,2025-04-10,2079,P027,2,21.18
9035,2025-12-24,2766,P040,2,"39,18"
17599,2025-04-18,3510,P021,1,56.81
9687,2025-11-06,4189,P047,1,28.92
14207,2025-09-11,3106,P026,1,9.66
4155,05/07/2025,2975,P046,1,63.38
10331,2025-07-21,4077,P035,2,19.28
4940,2025-08-09,188,P004,1,20.91
15080,12-18-2025,997,P045,1,"27,87"
6356,2025-03-05,165,P044,1,25.97
11605,2025-09-29,3902,P025,3,27.86
4905,2025-05-01,3463,P032,1,18.82
10411,12/06/2025,2624,P018,3,14.72
9685,26/10/2025,2275,P031,1,19.05
13519,2025-04-29,1557,P015,1,19.03
6454,2025-11-06,1550,P018,3,37.66
12361,2025-05-22,403,P008,1,21.17
4036,2025-05-30,109,P021,1,12.05
12522,2025-08-05,138,P031,1,"26,30"
8244,22/12/2025,2760,P020,2,31.01
12206,05/01/2025,798,P046,1,26.81
1150,29/05/2025,1273,P019,1,11.76
6116,2025-07-12,2667,P043,1,14.21
16226,06/11/2025,2209,P040,1,41.84
2636,2025-01-24,3989,P015,1,"18,91"
16217,2025-10-15,4041,P027,4,22.60
9564,2025-11-25,3788,P035,2,19.32
17074,07-20-2025,83,P048,3,61.31
10106,2025-03-09,4116,P038,3,9.31
8878,14/12/2025,2499,P013,2,25.04
6157,08-12-2025,978,P043,2,"14,67"
4137,09/06/2025,339,P044,1,36.20
15541,2025-06-11,3154,P020,2,76.78
3609,01/12/2025,4052,P019,1,"31,96"
827,2025-09-07,390,P013,2,71.13
2750,2025-08-28,2958,P042,1,24.71
1974,14/12/2025,3290,P023,1,"20,31"
1176,22/03/2025,3066,P040,2,52.15
15378,03-04-2025,1151,P038,2,30.29
8210,2025-06-27,2490,P002,1,30.33
10642,2025-04-24,1014,P003,1,"21,56"
7290,05/12/2025,2839,P020,1,13.83
3538,2025-11-28,717,P022,1,25.98
1488,10/03/2025,2156,P047,1,14.41
4500,05/08/2025,602,P010,2,54.19
12317,01/12/2025,3954,P040,3,49.96
12250,2025-04-23,1856,P039,1,"26,48"
2682,2025-11-15,2350,P008,1,22.27
7702,21/09/2025,2615,P032,1,7.37
6922,28/04/2025,2539,P010,1,16.38
4611,2025-07-14,2246,P025,1,9.99
6638,2025-01-24,1954,P046,1,48.61
9292,2025-06-01,2434,P048,1,18.01
7036,2025-04-23,1092,P036,2,23.92
13113,2025-02-20,3923,P039,1,62.45
17015,01-11-2025,3299,P025,3,22.61
13502,16/06/2025,2376,P015,1,67.23
6519,21/08/2025,3480,P019,1,27.55
15521,11-01-2025,3240,P025,1,"12,96"
1467,2025-11-28,91,P014,3,48.10
15069,2025-07-07,1857,P020,3,40.45
14166,2025-07-28,919,P037,1,"18,60"
15992,2025-06-04,3953,P008,1,36.59
10497,2025-07-07,3090,P040,1,"40,91"
13411,18/04/2025,622,P005,1,26.88
6213,2025-02-09,2755,P039,3,55.30
5570,13/03/2025,1451,P039,2,"14,68"
13715,2025-12-16,3163,P032,1,"31,86"
4364,2025-02-14,840,P017,1,45.28
2144,2025-10-08,3223,P018,1,15.47
12321,03-20-2025,3229,P004,2,19.02
3935,09/04/2025,2742,P019,2,"48,46"
8037,2025-10-28,1444,P046,2,13.77
5622,2025-09-10,2052,P031,4,19.81
12770,2025-04-05,2853,P004,2,32.82
151,14/07/2025,1811,P005,1,19.92
5168,2025-01-09,1,P047,1,25.92
8230,2025-01-28,3879,P015,1,12.51
8137,2025-08-24,2415,P004,1,"14,57"
9531,2025-01-16,219,P044,1,16.95
8377,2025-10-14,3556,P021,4,"37,04"
2894,2025-05-22,2777,P015,1,19.84
3511,06-16-2025,2472,P048,3,"37,42"
17873,2025-07-30,2978,P045,1,26.28
16808,2025-10-28,2556,P021,1,"47,45"
10815,2025-03-07,3586,P042,,9.67
657,2025-02-27,1486,P004,2,47.23
14266,01/12/2025,927,P031,1,"50,14"
16958,03/02/2025,182,P043,2,"41,03"
13849,2025-12-03,1465,P006,1,21.77
11585,2025-01-25,2823,P032,1,103.91
2530,2025-08-08,2728,P024,2,"17,82"
9970,2025-09-28,387,P039,1,28.64
11147,16/07/2025,1320,P006,3,34.49
16396,2025-05-22,2472,P006,1,31.30
2242,2025-02-14,4129,P017,,21.81
15281,2025-02-26,675,P022,,18.92
12638,2025-05-30,4143,P031,1,63.66
8704,23/04/2025,472,P032,1,4.50
12837,2025-06-22,3935,P034,1,17.45
13166,2025-11-10,2750,P021,4,14.64
10413,28/10/2025,201,P046,3,21.49
4327,2025-12-20,1718,P031,1,14.42
7164,2025-09-09,1599,P027,2,49.54
10251,2025-07-16,401,P021,4,"18,07"
9300,2025-01-11,3649,P026,3,33.69
12639,04/03/2025,2586,P036,2,"8,39"
12037,2025-07-13,3120,P044,1,8.61
4788,20/01/2025,2730,P001,2,"10,20"
3641,22/10/2025,3459,P013,1,20.21
14752,11/10/2025,2820,P041,1,"36,84"
1369,12/11/2025,2346,P034,2,60.74
13185,2025-08-02,3350,P031,1,27.16
691,2025-02-11,95,P009,2,26.45
4852,06-23-2025,3316,P022,1,45.46
14314,2025-07-17,1037,P029,1,"38,12"
11990,2025-06-06,1107,P011,1,28.68
11876,2025-11-14,2832,P016,1,29.74
11511,26/11/2025,4111,P044,1,"70,61"
11281,10-10-2025,2232,P019,2,"48,08"
16347,30/11/2025,3969,P015,1,"15,68"
455,2025-05-20,1208,P021,2,13.12
14745,2025-02-01,943,P019,3,27.31
6101,2025-09-30,1635,P039,1,65.76
12594,2025-01-20,2673,P014,1,20.16
11003,2025-12-23,3077,P011,2,"21,86"
13492,2025-09-06,3091,P047,1,28.23
1714,30/09/2025,1999,P026,1,37.00
12182,13/09/2025,3291,P012,1,26.19
9247,22/03/2025,1293,P003,1,38.41
9658,2025-02-25,1613,P045,2,30.01
8984,2025-11-27,527,P033,1,"33,67"
15211,06/01/2025,960,P044,2,"23,75"
14729,2025-11-29,3709,P036,2,"27,55"
14601,12-21-2025,1806,P027,1,51.41
10102,31/01/2025,3847,P044,1,98.69
10739,2025-05-23,426,P032,2,29.86
8418,2025-11-29,16,P033,1,19.47
5591,2025-04-16,1344,P001,3,34.76
10457,29/07/2025,1598,P014,1,36.51
8924,2025-09-26,894,P011,1,"45,25"
12711,2025-06-23,3179,P006,1,53.65
17629,20/02/2025,3410,P012,1,15.29
3244,2025-12-11,1534,P020,1,23.35
7304,24/08/2025,2429,P045,2,20.95
14577,10-03-2025,3671,P034,1,20.34
12775,2025-03-31,1189,P004,1,"23,91"
9971,2025-10-09,3104,P041,2,"19,88"
2673,02/09/2025,3704,P039,3,"46,32"
2027,19/04/2025,1290,P008,2,"25,86"
14473,2025-12-19,2847,P026,1,46.44
16909,04-11-2025,3180,P003,1,25.12
1601,02-09-2025,183,P028,2,49.42
408,2025-09-10,1066,P038,1,43.13
16400,10/02/2025,2462,P023,1,"51,70"
14803,2025-03-17,221,P016,2,23.34
8865,2025-04-25,966,P040,1,19.30
17923,2025-12-28,2898,P014,1,15.01
6855,2025-06-25,1901,P041,2,25.34
11375,2025-07-07,1937,P028,1,"48,78"
17861,2025-04-04,1471,P044,1,40.53
9229,2025-07-26,3863,P033,1,27.46
2755,2025-12-06,1929,P013,1,10.99
8982,27/11/2025,3060,P003,2,39.08
17778,2025-02-25,529,P026,4,"18,94"
4547,2025-05-01,2844,P015,2,"12,37"
3703,2025-02-27,2461,P042,2,50.02
6798,2025-05-07,3423,P020,2,9.45
6623,2025-04-04,3751,P039,1,162.80
1969,27/10/2025,2129,P001,1,20.53
14511,2025-01-24,4147,P046,1,34.61
8881,2025-11-13,2676,P015,1,41.40
6014,18/11/2025,2420,P046,1,28.29
4891,2025-03-06,2384,P031,2,12.66
7453,2025-02-05,1199,P042,2,22.29
17680,11/12/2025,1392,P025,1,"17,95"
10101,26/12/2025,3753,P034,2,"29,32"
17373,2025-08-20,1902,P031,2,7.72
16244,23/12/2025,2809,P034,2,15.69
10093,2025-06-18,1897,P047,1,"68,75"
17415,2025-03-22,3676,P046,1,31.93
2985,2025-06-07,2760,P017,1,71.00
1065,2025-03-31,1429,P044,3,17.53
13371,2025-02-01,1922,P039,1,25.02
7549,2025-05-02,3261,P040,,69.75
15830,2025-02-21,885,P035,1,63.48
6458,2025-10-21,1425,P026,1,227.10
11953,08/04/2025,2569,P028,2,77.06
11095,2025-02-13,108,P042,2,34.75
8741,2025-11-11,383,P003,1,9.05
40,31/03/2025,646,P035,2,81.49
12536,2025-04-04,999999,P003,2,61.77
12356,07/04/2025,3417,P006,1,14.33
7694,18/10/2025,3148,P008,1,25.28
2328,14/12/2025,737,P008,3,41.86
15566,2025-01-04,2121,P039,2,21.85
4023,06/07/2025,2886,P030,2,12.38
8386,06-24-2025,2580,P001,3,22.28
17944,2025-01-02,1849,P029,1,45.69
3870,01/06/2025,3709,P020,1,58.98
6036,2025-10-28,268,P030,1,18.82
11074,2025-10-15,2428,P012,4,"10,33"
5636,2025-07-07,751,P012,1,20.15
13616,23/11/2025,1011,P010,1,30.45
14140,2025-07-14,4120,P044,1,"63,98"
17498,2025-08-27,1155,P022,,"46,00"
17842,03-05-2025,2837,P006,2,19.06
137,03/10/2025,1556,P020,1,"42,49"
10350,10/08/2025,703,P043,1,30.94
11867,19/11/2025,1478,P025,1,15.49
4778,2025-08-07,2365,P037,1,38.78
8405,2025-08-17,2881,P028,1,36.71
8425,2025-09-13,283,P044,1,"16,24"
6724,2025-12-26,2236,P023,1,"44,58"
10422,2025-05-23,2301,P010,2,28.64
4417,02/02/2025,2384,P016,4,15.00
15564,18/10/2025,2046,P038,1,"80,05"
5329,08-08-2025,594,P025,1,40.28
10506,28/02/2025,2874,P040,2,"28,30"
5387,2025-10-02,1325,P033,1,"19,19"
6422,18/12/2025,1228,P014,1,41.65
15857,2025-09-25,2127,P040,1,50.65
4457,22/02/2025,1533,P034,1,26.37
17018,2025-05-29,73,P017,2,11.23
16241,2025-04-11,3541,P027,4,38.08
959,2025-07-21,3318,P016,1,49.36
14559,2025-05-24,701,P021,1,"41,30"
13869,28/12/2025,856,P046,1,41.44
1630,2025-06-11,1247,P028,1,18.94
10264,2025-01-10,3040,P042,2,15.70
12279,2025-11-28,1645,P035,2,39.48
11073,2025-03-22,2323,P035,-1,27.56
534,2025-03-31,2800,P010,1,"17,98"
8199,2025-12-07,2185,P003,1,"25,34"
6357,12/01/2025,3039,P008,3,40.28
15969,2025-06-13,999999,P033,1,64.37
14007,2025-08-24,1751,P031,2,35.53
7629,2025-05-12,4118,P044,1,31.40
3002,2025-09-26,1449,P012,2,31.16
6818,2025-09-23,3663,P005,1,"20,73"
11382,13/12/2025,2535,P031,4,21.53
1440,29/09/2025,825,P032,3,27.10
895,2025-09-11,625,P022,4,12.40
12681,07/10/2025,1245,P031,3,8.46
14960,2025-11-28,582,P008,2,"28,23"
16978,15/06/2025,3178,P016,1,"30,60"
8103,03/10/2025,488,P004,1,42.30
11487,12-29-2025,2495,P043,1,31.53
7893,2025-05-03,3421,P015,2,"71,19"
7713,2025-10-24,536,P019,1,"101,77"
13648,03/10/2025,3777,P010,1,18.40
15394,31/07/2025,3233,P033,1,27.64
16220,2025-11-15,3259,P011,2,"39,49"
3128,16/09/2025,19,P038,1,15.79
322,2025-02-16,3972,P047,1,52.28
17672,11-17-2025,4138,P003,1,19.35
10404,06/06/2025,3598,P038,1,49.43
6501,2025-06-24,200,P035,1,22.23
5915,02/07/2025,306,P015,4,"20,02"
5113,2025-09-10,1988,P009,3,43.57
11517,2025-08-27,1283,P016,1,"19,23"
13187,2025-05-03,231,P003,1,27.57
996,2025-01-02,3389,P016,1,14.48
6007,2025-01-18,1248,P011,2,"26,61"
2835,23/01/2025,257,P021,1,"77,77"
12749,12/05/2025,1254,P038,2,"41,56"
17324,2025-03-13,1241,P020,2,69.67
3902,24/02/2025,3247,P003,1,38.24
15252,2025-03-20,536,P042,3,"23,84"
5401,23/12/2025,1321,P005,3,77.78
12887,12/07/2025,1162,P021,3,36.28
9142,08-24-2025,4125,P043,1,24.45
6463,10/08/2025,2468,P016,2,21.21
5771,2025-12-17,1329,P035,4,53.94
16562,2025-07-14,2331,P020,2,19.13
9043,2025-11-20,587,P006,3,"36,50"
12538,2025-08-06,1688,P037,1,"14,03"
335,15/05/2025,3456,P039,3,22.40
520,22/03/2025,3298,P026,2,32.96
6158,2025-12-18,661,P042,1,12.66
2207,2025-08-04,2999,P026,1,8.62
9693,2025-09-20,2873,P029,4,18.60
13830,2025-02-10,2618,P010,2,13.60
1210,08/11/2025,3162,P014,2,"41,66"
13598,2025-03-22,4022,P041,2,26.12
4555,2025-03-22,1867,P043,2,5.44
734,2025-05-14,3749,P008,2,"24,55"
8657,2025-07-01,758,P018,1,32.47
2319,10/10/2025,3716,P006,1,29.67
1184,2025-07-15,3314,P012,4,"22,31"
8711,2025-08-19,3580,P043,1,21.67
6077,2025-07-19,999999,P029,1,"30,97"
16799,2025-08-26,4121,P012,4,40.21
1765,2025-10-22,144,P039,2,"13,64"
13289,2025-04-02,105,P017,1,9.90
12347,02/02/2025,2005,P010,3,"22,83"
16027,22/07/2025,3482,P027,3,12.00
14140,2025-07-14,4120,P044,1,"63,98"
12008,07/01/2025,1204,P003,2,36.18
8304,05/11/2025,3441,P018,3,39.86
12327,2025-04-19,2718,P040,3,"30,30"
8420,2025-09-26,363,P042,4,55.61
14161,2025-03-19,2354,P040,1,23.53
17065,05-08-2025,2309,P036,3,32.76
2021,04/08/2025,2794,P036,2,51.93
12925,06/10/2025,3032,P040,1,10.23
3398,2025-01-11,3916,P014,,23.14
3401,2025-09-29,885,P003,1,12.09
3995,13/09/2025,1937,P002,4,"13,83"
13323,12-06-2025,2135,P034,3,28.64
17107,01/02/2025,152,P014,1,"28,39"
15177,2025-06-14,3715,P022,1,9.38
10078,09/05/2025,1145,P026,1,34.88
13956,2025-01-12,1359,P031,1,19.84
13205,2025-05-01,1831,P007,1,"10,29"
4180,30/03/2025,954,P029,3,13.77
6448,08-19-2025,442,P027,3,40.72
4720,2025-12-03,3208,P036,2,"26,96"
6167,2025-06-14,251,P030,1,42.18
6338,27/10/2025,592,P019,1,23.37
8735,2025-08-16,253,P043,1,55.81
9762,2025-03-05,1895,P008,2,58.71
2585,13/08/2025,2511,P026,1,"22,11"
7471,23/12/2025,2916,P043,3,14.73
14059,04/06/2025,1592,P020,1,62.58
17822,2025-04-21,1679,P022,4,41.16
17903,06-26-2025,1337,P034,2,38.49
3391,2025-10-18,579,P040,2,26.92
17231,2025-01-21,535,P013,3,23.51
13447,2025-07-23,633,P043,1,23.18
12031,2025-12-01,3985,P017,1,24.97
5568,06-04-2025,3458,P014,1,28.38
10303,07-14-2025,648,P021,1,35.11
12276,01-13-2025,2108,P026,2,56.00
10279,2025-02-18,3418,P020,2,9.02
1200,03/03/2025,28,P002,1,66.39
1894,22/01/2025,2595,P013,1,146.84
16882,02-24-2025,1925,P041,1,29.01
9583,2025-12-01,3345,P019,2,"13,35"
17341,2025-09-04,3855,P010,1,"24,36"
10570,2025-12-28,2508,P029,1,8.97
3471,2025-09-21,597,P016,1,14.99
566,2025-11-15,952,P037,3,15.79
11292,2025-07-05,754,P023,2,7.81
9947,2025-05-23,1834,P009,2,25.73
17999,2025-10-21,1808,P029,1,27.48
15507,18/12/2025,2534,P003,4,"72,12"
1782,2025-04-27,637,P004,1,30.42
11005,06-02-2025,3526,P002,1,"24,73"
16821,04/02/2025,2967,P027,2,36.94
14331,2025-01-08,3500,P001,1,35.56
3025,2025-01-06,2119,P036,3,49.70
9690,07/03/2025,4009,P046,1,60.74
12060,03/07/2025,413,P018,1,18.09
6244,2025-03-07,2780,P014,1,98.39
15217,2025-06-06,2406,P041,1,9.83
15326,2025-11-17,1435,P017,1,26.83
17044,09-17-2025,2529,P040,2,21.52
3525,2025-02-05,556,P004,2,42.48
15064,02/07/2025,3684,P036,2,"12,59"
14303,2025-07-05,2962,P033,1,41.22
8998,12/05/2025,176,P022,1,29.19
9495,2025-09-04,2067,P035,1,21.55
12479,2025-07-31,14,P012,2,"33,75"
3061,2025-03-19,4053,P041,2,8.15
268,25/07/2025,3795,P039,1,"29,28"
4437,2025-12-25,1081,P036,4,60.09
12581,03/02/2025,444,P007,2,"28,82"
10070,26/06/2025,999999,P025,2,11.84
2976,2025-08-31,2740,P021,2,25.08
6691,06-18-2025,2963,P013,2,16.21
13474,04-12-2025,718,P002,1,"7,53"
4135,2025-01-31,431,P017,1,50.96
17400,25/05/2025,2676,P017,1,24.66
3063,2025-08-02,609,P020,2,8.07
3264,2025-06-27,2555,P033,3,19.95
13141,2025-05-27,3861,P019,2,9.49
3861,2025-12-10,1477,P005,2,21.60
12273,2025-10-10,1515,P013,3,27.94
15120,2025-09-17,1418,P034,3,"32,98"
17929,2025-02-10,2079,P023,2,26.23
4904,27/04/2025,1872,P010,2,9.95
1505,2025-07-11,834,P023,3,19.05
11555,2025-10-23,3120,P012,1,13.80
13812,20/02/2025,2152,P023,2,58.64
17334,2025-01-29,2416,P006,2,"70,28"
3700,2025-05-12,2218,P014,1,61.80
16031,12-06-2025,2198,P045,1,21.77
2224,2025-02-06,2907,P012,1,"15,02"
8100,05/05/2025,3165,P027,1,78.46
5153,2025-11-29,326,P045,1,78.20
11483,05-19-2025,199,P006,2,50.80
2986,2025-03-22,3426,P042,1,35.60
15509,16/05/2025,759,P021,2,34.65
15415,07/01/2025,1515,P001,3,"27,49"
16353,2025-10-04,831,P036,1,"31,91"
11055,01/08/2025,3326,P035,1,88.66
10956,2025-07-25,543,P044,1,29.00
4514,2025-12-20,382,P033,1,17.52
16812,28/08/2025,2774,P032,1,"15,78"
4764,2025-10-25,2774,P030,1,7.48
10584,20/12/2025,2236,P020,2,74.64
16085,05-09-2025,1503,P028,1,69.51
7326,2025-11-05,115,P007,2,29.52
10851,2025-07-25,1397,P026,1,13.37
6884,2025-06-22,2586,P012,2,76.59
17379,21/11/2025,3083,P047,3,"29,53"
4792,02/01/2025,3868,P007,3,"26,69"
9437,27/02/2025,3839,P046,1,32.86
10947,07/02/2025,5,P008,2,31.78
6163,2025-11-18,3487,P038,1,"19,43"
8992,2025-04-01,2741,P024,2,47.13
4627,2025-02-24,2028,P047,1,24.45
12688,2025-03-23,595,P003,2,"25,64"
2245,2025-12-07,1439,P005,1,"38,14"
13292,01-17-2025,2591,P027,2,19.74
14014,2025-12-21,27,P021,1,"56,50"
72,16/11/2025,999999,P015,1,"32,99"
4923,14/02/2025,122,P008,3,43.36
447,2025-01-13,1834,P018,1,"14,52"
16288,2025-10-30,1419,P023,1,17.39
4942,2025-07-31,3043,P010,4,24.11
4308,2025-08-30,1988,P033,1,16.65
14131,2025-08-26,3827,P045,1,15.61
13712,01/07/2025,999999,P024,1,45.36
5645,2025-05-11,2220,P008,1,46.12
6700,28/09/2025,3222,P015,1,49.23
7154,03-17-2025,1825,P021,1,33.91
3462,05/06/2025,2508,P013,2,"24,28"
7030,2025-05-05,3338,P044,1,56.24
14524,2025-12-07,1493,P031,1,27.88
16120,19/02/2025,3838,P046,1,14.40
10184,11-13-2025,4198,P045,1,11.86
5607,2025-08-13,1228,P048,2,"62,32"
3676,19/05/2025,972,P017,2,30.08
16709,2025-05-08,847,P011,1,32.64
318,2025-01-30,1221,P048,3,54.46
7656,01/11/2025,1584,P044,2,17.79
6173,2025-08-02,1869,P007,1,"47,68"
64,13/04/2025,1895,P016,2,16.86
826,2025-07-16,2035,P021,2,"16,29"
10421,02-05-2025,1260,P003,1,22.80
7747,2025-07-21,3858,P028,1,21.00
860,02-28-2025,577,P003,2,17.04
17894,29/07/2025,1669,P041,1,"55,20"
1772,2025-03-09,3796,P045,1,6.80
6769,06-28-2025,3953,P006,1,8.56
14941,02/02/2025,2431,P027,1,26.06
1672,2025-07-16,733,P022,-1,26.54
5186,2025-06-11,1420,P039,3,18.44
13338,2025-04-06,2168,P001,1,32.43
6565,2025-02-23,284,P003,-1,91.45
11287,23/05/2025,2306,P033,2,"55,91"
12733,15/08/2025,2562,P012,1,13.18
14141,05/12/2025,3790,P048,1,19.61
1525,25/12/2025,1655,P045,1,"5,09"
8339,2025-05-21,3536,P016,1,"25,00"
15910,13/05/2025,3720,P044,3,8.46
13495,2025-11-09,1929,P028,1,"43,50"
2009,17/08/2025,3693,P003,1,18.04
61,2025-10-22,3828,P018,1,14.53
4248,2025-03-12,2697,P023,,21.97
4231,2025-10-05,1636,P017,1,38.93
14777,2025-09-28,677,P030,1,"29,16"
10105,15/04/2025,823,P036,1,25.82
4614,2025-07-28,943,P022,1,43.09
12526,2025-06-01,1649,P043,1,45.50
10302,2025-09-01,491,P034,1,15.15
7059,10/07/2025,3608,P021,4,17.71
9525,2025-08-27,1501,P016,3,34.62
587,06/05/2025,3286,P023,2,32.59
5241,2025-07-09,87,P039,1,"25,17"
11994,2025-04-14,3950,P013,1,20.86
1815,10/03/2025,2983,P023,2,14.65
4638,06-16-2025,1000,P022,1,"42,61"
1226,2025-07-04,3172,P044,1,"7,18"
12847,2025-06-04,2206,P023,1,"30,77"
15664,09-01-2025,1673,P007,1,17.12
17648,2025-06-08,107,P041,1,21.98
5453,2025-10-24,1393,P017,2,"20,79"
5502,2025-08-10,3945,P026,-1,"14,78"
12294,2025-06-29,1437,P025,1,"22,24"
5101,2025-02-10,902,P047,2,60.99
14866,2025-12-15,354,P023,1,24.26
12181,02/04/2025,3643,P008,2,44.43
1776,2025-04-08,140,P021,2,27.63
2374,2025-05-19,3430,P026,2,"25,05"
12896,12-21-2025,2575,P013,,17.34
6783,2025-06-02,2157,P041,2,110.13
15696,20/10/2025,1835,P030,1,"18,66"
2774,2025-09-30,3889,P037,1,26.86
4877,29/06/2025,4170,P030,1,8.59
7153,2025-08-28,2969,P023,2,"11,26"
1310,2025-11-17,2901,P031,4,56.70
11565,22/03/2025,2648,P015,2,64.56
1455,2025-03-25,244,P035,1,"28,24"
7536,2025-12-11,1663,P002,1,40.42
2745,25/11/2025,861,P032,1,49.73
9138,30/03/2025,2025,P027,2,13.01
8690,11/04/2025,3313,P035,1,32.31
7733,2025-05-27,2273,P035,2,"56,55"
12850,22/05/2025,428,P043,2,88.91
396,2025-10-16,740,P011,1,36.60
7523,2025-01-08,2107,P045,3,"63,82"
11983,2025-02-26,3229,P029,1,21.83
7233,2025-06-13,1118,P033,1,56.28
8397,2025-05-31,3044,P025,1,49.64
2177,2025-03-18,2910,P002,1,17.18
5909,2025-06-15,2441,P017,1,63.95
3313,11-09-2025,3270,P025,2,25.32
10759,11/10/2025,2420,P004,1,"34,80"
3129,2025-01-10,1489,P048,2,21.43
13757,03-06-2025,927,P042,1,73.92
17654,29/09/2025,1632,P008,2,55.53
10770,06/03/2025,2146,P045,1,59.39
14024,2025-07-22,751,P025,1,42.44
12566,2025-04-27,606,P028,2,43.99
9818,2025-01-07,3416,P030,1,16.23
6975,2025-06-15,377,P017,2,24.29
16863,04/01/2025,712,P021,1,25.53
12135,2025-06-21,3183,P040,1,30.17
15183,04/02/2025,1131,P030,2,47.75
15206,2025-06-10,1833,P012,4,104.26
4260,2025-02-18,115,P004,1,63.87
11640,08/05/2025,3389,P029,2,23.31
17086,09/01/2025,631,P043,2,"106,66"
13626,03/08/2025,345,P042,2,"70,58"
13471,01/05/2025,1530,P027,3,14.28
4825,24/01/2025,1793,P035,4,34.00
5501,2025-05-18,1504,P020,1,"35,97"
12573,2025-08-15,3183,P001,2,"32,50"
6452,12/05/2025,3725,P003,3,26.35
7695,13/09/2025,3292,P026,1,"57,36"
14305,11-25-2025,3034,P017,1,"19,57"
10972,2025-01-02,3570,P012,2,"59,82"
11493,2025-01-29,3997,P020,1,28.77
5917,2025-08-06,415,P008,2,108.32
16446,2025-03-05,3375,P042,1,"20,60"
10382,14/03/2025,1580,P020,1,13.04
8899,10-29-2025,1362,P006,2,109.17
9364,01-29-2025,2024,P022,1,20.67
12381,2025-08-21,653,P026,2,19.36
12145,07/09/2025,1460,P046,1,16.26
2500,2025-06-20,494,P002,1,"15,96"
10769,12-10-2025,46,P001,2,100.98
3697,2025-10-01,2593,P024,3,63.15
7715,24/10/2025,3073,P009,4,38.08
11308,2025-01-17,655,P002,1,"55,34"
14830,25/02/2025,4124,P027,1,"29,48"
13593,11/01/2025,629,P008,1,"24,42"
17560,10/09/2025,967,P034,1,19.82
4205,2025-08-14,1018,P043,2,"6,38"
15464,2025-09-20,1852,P045,2,"45,35"
16302,2025-05-10,357,P028,3,18.84
13660,2025-10-10,1403,P040,3,10.29
11589,24/04/2025,1190,P015,-1,28.95
3522,2025-04-15,421,P017,1,"47,61"
1683,2025-06-28,442,P043,3,21.48
7709,2025-02-27,727,P023,4,43.02
2837,2025-07-31,219,P024,1,"21,22"
10009,2025-03-20,1205,P032,1,17.00
10383,2025-06-18,1460,P020,1,24.51
3552,2025-01-14,1348,P020,1,7.03
463,29/07/2025,1874,P002,1,30.21
5055,2025-11-06,5,P008,1,37.35
2669,2025-06-12,1780,P034,1,13.08
2456,02-23-2025,2801,P033,-1,"37,60"
5011,2025-04-24,3653,P031,1,"13,26"
10323,2025-05-13,384,P037,2,32.36
7185,09/05/2025,2537,P021,1,17.66
14828,01-01-2025,311,P026,1,61.39
8321,2025-10-07,2131,P043,3,39.32
11103,2025-12-08,391,P014,2,16.56
7901,2025-06-02,3103,P035,,13.21
6181,10-01-2025,111,P030,2,45.38
14956,2025-04-13,3629,P029,2,"27,73"
6485,2025-12-02,1714,P009,1,11.84
12746,2025-06-19,3910,P011,1,22.46
8299,2025-02-01,2167,P002,2,49.00
1174,01/12/2025,2686,P016,3,16.76
16784,2025-07-15,501,P037,2,"61,19"
74,27/01/2025,275,P047,3,"23,10"
10181,30/05/2025,654,P004,1,"17,50"
16703,09/07/2025,2,P044,1,46.51
12238,2025-07-06,1385,P036,1,18.19
1275,2025-05-06,933,P011,1,"60,04"
9988,23/07/2025,2430,P018,1,29.16
10599,2025-01-16,1588,P014,1,7.88
12105,2025-03-29,4024,P033,1,"55,04"
11845,2025-12-02,87,P039,1,"50,03"
9308,2025-04-25,698,P034,1,15.91
14120,07/02/2025,2978,P046,1,18.28
10486,2025-01-22,3397,P025,1,"45,54"
4017,24/03/2025,520,P043,1,27.82
3778,05-30-2025,3756,P025,1,46.00
15476,2025-05-03,3608,P043,2,20.23
8754,26/05/2025,3587,P043,1,37.20
4639,12-03-2025,149,P018,,50.26
10268,2025-09-29,2497,P027,1,57.18
2377,2025-09-11,1393,P042,1,34.90
4168,2025-09-23,694,P004,1,"17,48"
7394,12-13-2025,163,P019,1,"15,89"
12859,05/11/2025,2419,P027,2,8.14
13023,2025-08-06,2479,P024,2,23.54
5593,2025-11-04,1945,P040,1,22.06
10417,2025-06-11,782,P045,3,25.88
10390,25/03/2025,1974,P038,1,"8,32"
15596,01-03-2025,201,P035,2,"25,74"
6389,2025-10-16,3777,P020,1,27.80
6013,05/06/2025,1477,P003,1,13.07
9728,2025-04-24,4169,P015,1,37.70
6815,03/12/2025,999999,P020,,14.73
7545,18/09/2025,2824,P040,2,23.00
8691,09-19-2025,1066,P029,2,"17,33"
2700,12/08/2025,3076,P017,1,35.94
10551,14/01/2025,3530,P015,3,14.79
13480,2025-10-28,3035,P023,1,42.67
7519,2025-03-26,3466,P008,1,25.50
11243,2025-08-14,1008,P038,1,32.92
6753,2025-09-27,3528,P024,1,49.00
1908,09-21-2025,947,P020,3,22.74
10325,2025-08-07,3762,P039,,22.99
6432,26/06/2025,3344,P010,4,"11,24"
8288,02-04-2025,999999,P030,1,"29,13"
17711,08-14-2025,2442,P002,1,18.25
12839,2025-10-21,2988,P031,1,45.28
3224,12/05/2025,3541,P038,1,14.83
17705,09/10/2025,1622,P015,1,7.70
6108,2025-11-09,3784,P002,1,10.47
7439,2025-05-28,3610,P047,1,40.54
17429,2025-09-28,198,P030,1,101.46
9342,13/01/2025,4162,P012,1,"29,28"
272,02/02/2025,803,P018,1,18.37
3629,2025-02-14,1077,P036,2,51.00
13284,2025-11-04,3028,P009,1,22.96
309,06/12/2025,681,P044,1,60.45
8151,2025-11-07,423,P041,1,71.65
1247,2025-12-08,1065,P011,1,17.65
17127,11/10/2025,230,P031,1,137.40
15995,2025-10-26,3834,P003,2,25.29
3557,2025-04-13,999999,P048,3,33.31
2082,2025-01-29,791,P024,1,6.56
1036,2025-01-04,2201,P022,1,21.46
536,05/08/2025,584,P039,1,29.79
11815,2025-05-07,3357,P002,1,24.52
9989,2025-10-08,3309,P016,1,40.94
7371,2025-08-15,3001,P011,2,24.26
12127,2025-09-14,1457,P032,1,"16,43"
9821,2025-05-19,2281,P034,1,16.99
2977,2025-04-11,1512,P026,,23.58
8257,2025-10-10,2797,P030,3,51.88
6032,11/07/2025,2838,P037,1,28.69
17905,2025-10-20,3506,P002,1,"76,31"
17884,2025-01-10,991,P007,1,26.32
10281,2025-11-27,3558,P044,3,"45,87"
11316,17/12/2025,3165,P012,1,32.21
4035,10-30-2025,1937,P025,2,32.44
14873,2025-08-08,1832,P012,1,42.70
15629,2025-10-25,1937,P011,3,15.96
690,2025-06-26,2091,P027,1,"15,76"
16514,2025-03-19,2981,P020,4,"52,14"
3726,11/06/2025,3764,P047,1,34.11
10944,2025-01-28,2747,P035,1,25.52
3737,2025-04-12,120,P006,2,"23,64"
7038,2025-01-13,2282,P025,1,22.18
14472,2025-05-16,2891,P027,1,31.41
7009,2025-09-01,193,P008,1,"32,12"
11610,08/12/2025,3289,P028,2,56.56
16580,2025-12-21,1670,P033,-1,58.18
11707,10/08/2025,3769,P040,2,43.16
13252,27/08/2025,417,P027,1,49.71
14724,02/03/2025,2805,P023,4,18.72
807,2025-02-11,2224,P023,2,"94,09"
6567,2025-10-17,2011,P024,3,"46,79"
15727,2025-05-17,893,P031,1,61.46
2217,2025-07-15,795,P003,2,27.11
16221,17/04/2025,656,P032,1,31.84
621,28/07/2025,3264,P019,2,37.50
16807,2025-01-18,3499,P048,3,"20,27"
500,2025-07-03,2159,P008,1,"16,28"
16039,2025-12-04,2353,P029,4,64.11
13603,05/03/2025,1961,P020,2,23.16
17553,16/11/2025,2094,P030,2,44.11
9878,2025-06-23,881,P043,2,16.55
17854,24/10/2025,1192,P043,1,19.06
9707,2025-04-26,3877,P006,1,79.48
14500,2025-03-12,1689,P002,1,29.80
14269,14/08/2025,4074,P016,1,18.54
4236,2025-05-11,3950,P004,3,"18,39"
6702,2025-02-16,539,P022,1,42.53
5169,2025-04-26,1303,P039,2,58.91
14655,2025-01-10,746,P046,1,56.32
8182,21/09/2025,2642,P011,1,30.85
14068,21/02/2025,1602,P038,1,47.33
12952,2025-10-19,2735,P047,2,31.99
11379,2025-12-28,3549,P042,2,"31,77"
2810,2025-06-19,2625,P001,1,44.35
15806,2025-10-14,1599,P023,1,25.42
941,06-18-2025,3351,P038,3,29.51
12680,2025-08-30,3077,P015,-1,22.06
1465,14/12/2025,685,P005,1,94.42
12825,2025-12-30,2034,P043,2,"79,06"
3455,12/02/2025,1453,P011,1,44.88
3055,2025-12-02,4174,P006,2,40.70
10355,2025-04-19,3421,P018,3,40.66
1409,2025-01-25,465,P039,2,"18,10"
3116,2025-10-29,2425,P047,1,13.23
730,2025-11-19,627,P047,1,12.92
5985,2025-01-10,1342,P033,1,"27,04"
853,21/01/2025,2889,P002,1,37.07
16316,25/08/2025,4013,P003,2,41.00
16648,2025-08-13,166,P004,1,17.07
10624,07-06-2025,347,P021,1,"35,97"
16649,20/04/2025,3579,P037,1,"21,08"
9615,10-10-2025,1664,P038,2,11.60
9461,2025-07-19,1718,P012,2,19.42
15340,2025-01-09,1918,P019,1,13.37
10403,2025-11-04,1213,P041,1,91.90
5844,2025-05-18,3187,P003,1,"16,11"
5281,09/10/2025,1669,P013,1,14.38
13159,2025-10-06,924,P027,1,97.51
7730,2025-01-20,773,P013,2,61.48
10557,2025-06-14,3731,P044,2,7.58
16885,28/04/2025,3996,P014,1,"34,40"
8951,2025-08-21,999999,P046,2,21.82
2188,2025-10-25,24,P002,1,"20,38"
1887,2025-11-13,614,P013,3,"21,78"
5867,2025-03-02,493,P041,1,9.22
4591,2025-03-24,2258,P035,2,"16,39"
17528,2025-07-20,2023,P040,1,"38,87"
1538,2025-07-20,344,P032,1,"22,78"
461,2025-04-28,808,P027,1,19.44
13091,30/01/2025,2487,P017,2,"37,77"
820,2025-01-28,2181,P038,2,63.03
16699,02-27-2025,3251,P037,1,68.07
14594,2025-06-30,1369,P007,1,25.36
5732,2025-05-23,1071,P018,2,"31,45"
11955,2025-06-25,3618,P027,1,19.47
4322,04-24-2025,251,P009,2,30.12
5474,2025-04-12,1984,P006,1,27.62
13300,2025-12-11,1989,P040,2,"23,06"
1001,2025-08-06,1046,P044,2,36.93
4572,14/12/2025,999999,P013,2,"28,03"
7361,2025-09-24,689,P006,1,13.80
15729,12/05/2025,2972,P001,3,21.78
6948,2025-09-23,3149,P017,1,14.64
11792,07/03/2025,2484,P005,1,"23,16"
9473,2025-10-02,401,P024,1,28.59
12811,21/11/2025,447,P034,1,38.26
10090,2025-03-16,3860,P002,1,23.90
1422,04-14-2025,243,P025,2,89.95
10098,2025-11-14,3277,P045,1,16.64
5262,2025-07-15,1299,P007,2,16.28
16065,2025-04-01,3689,P042,1,29.00
13789,2025-01-06,1522,P028,2,28.51
12066,11/08/2025,530,P004,1,22.21
17965,2025-05-19,314,P025,1,30.35
9330,07/11/2025,1839,P048,3,118.38
17367,30/08/2025,3343,P029,3,"23,67"
17184,20/02/2025,1341,P043,1,"46,80"
10773,2025-02-22,460,P039,1,"63,14"
11623,05-08-2025,57,P028,1,69.47
14669,2025-05-18,1624,P041,2,38.47
2996,2025-10-23,2920,P021,1,"40,78"
1733,2025-06-06,1952,P030,2,24.70
5475,2025-08-07,3333,P006,2,30.81
8764,2025-10-08,2120,P021,1,25.98
15445,2025-03-13,3271,P017,2,24.74
13047,2025-06-12,3009,P006,1,34.37
1347,2025-07-28,1161,P006,2,"22,66"
2086,2025-09-07,1152,P004,,17.25
10686,08-15-2025,3918,P003,2,18.27
11892,2025-07-12,720,P023,1,33.53
5079,12/06/2025,178,P023,1,27.11
1002,2025-08-22,1000,P048,3,"11,60"
1050,2025-03-19,496,P007,1,"11,95"
1678,15/10/2025,856,P009,2,"7,19"
16005,2025-02-27,2914,P022,1,"22,21"
13839,2025-08-18,627,P027,2,55.75
7378,10/09/2025,3418,P016,1,13.48
1519,2025-08-03,1675,P012,2,24.93
11285,2025-04-20,463,P034,2,44.23
7685,03/12/2025,3692,P031,1,"14,48"
6581,2025-06-08,1714,P009,1,"11,83"
14285,2025-12-06,2846,P044,-1,15.21
1038,05/04/2025,2757,P038,2,39.34
1839,2025-08-28,2033,P033,1,20.81
12899,2025-08-22,3286,P011,1,7.96
16127,2025-03-19,510,P032,1,29.44
16623,08/06/2025,3329,P040,1,16.52
10002,2025-10-02,33,P036,1,66.20
7951,28/06/2025,898,P008,3,22.39
11860,09/11/2025,90,P012,1,51.07
5138,06/05/2025,2215,P026,1,"14,03"
14456,2025-04-29,2144,P011,1,12.61
11163,04/12/2025,4069,P025,2,25.25
12285,2025-06-12,999999,P016,2,100.60
12133,2025-05-07,3887,P047,2,26.03
12399,2025-03-06,2502,P022,1,41.84
3572,27/12/2025,1857,P043,-1,31.93
13336,2025-12-01,2006,P017,1,20.16
2003,2025-02-10,2728,P028,1,23.58
8887,2025-04-03,2066,P013,2,49.56
17940,08-17-2025,975,P020,2,21.73
10491,12/05/2025,2646,P031,2,29.75
10330,2025-12-07,186,P038,1,36.25
16757,12/05/2025,744,P048,2,34.12
14769,2025-05-04,2798,P041,3,39.43
7503,04-07-2025,1608,P004,2,34.17
10667,16/02/2025,2689,P046,1,"50,30"
13079,09/03/2025,1651,P021,1,27.66
15639,2025-07-31,2134,P041,1,9.41
11755,2025-06-26,3613,P009,1,"12,38"
1921,2025-12-09,3166,P009,4,"60,31"
11476,02/01/2025,1942,P035,1,53.08
5394,2025-04-25,1832,P023,1,45.37
14386,29/09/2025,173,P015,2,60.58
5784,2025-09-12,1734,P045,1,24.28
286,08/04/2025,973,P044,1,13.70
1697,2025-12-29,2306,P021,3,19.11
5544,2025-03-13,1588,P022,2,"39,31"
4737,12-19-2025,1780,P019,1,"47,69"
7148,2025-08-14,2303,P028,1,47.90
14495,01-25-2025,732,P009,2,19.18
7444,2025-11-08,1826,P043,3,35.81
6127,2025-07-23,102,P007,2,"38,73"
8744,11-25-2025,2160,P008,1,14.24
11369,2025-02-14,486,P045,1,"41,30"
6817,2025-11-03,924,P030,2,38.76
5872,14/02/2025,207,P013,4,44.18
3722,2025-05-04,3535,P002,2,24.01
2688,2025-04-18,311,P001,2,33.30
14831,03-17-2025,623,P029,1,"19,85"
10305,2025-08-11,4072,P029,1,28.96
7464,2025-02-19,4049,P028,2,"76,34"
2102,2025-10-04,3002,P030,2,"23,58"
7473,2025-09-02,1500,P040,3,67.07
12102,04-02-2025,3235,P003,1,47.64
10550,2025-05-31,3772,P020,1,25.98
2441,2025-10-01,3830,P041,1,20.19
14315,04/01/2025,3496,P044,2,"41,85"
15324,2025-07-06,2045,P047,2,"39,31"
3832,2025-01-08,849,P006,1,25.12
5242,2025-06-15,995,P020,1,48.54
4772,28/01/2025,941,P015,3,82.07
17795,2025-08-19,2766,P030,2,12.95
14468,13/10/2025,2676,P029,1,18.17
16360,2025-04-03,3214,P004,1,42.72
2517,01/08/2025,773,P048,1,18.91
695,02-22-2025,2385,P016,2,18.79
17186,2025-07-02,2615,P033,2,57.14
2036,2025-11-21,348,P006,2,"16,50"
17598,2025-03-09,1472,P043,1,21.23
4298,10/08/2025,422,P035,1,73.55
6292,2025-07-19,2204,P037,1,13.21
9726,25/11/2025,2648,P039,1,16.64
14003,2025-02-16,2166,P006,1,41.15
1478,2025-12-28,3777,P031,1,41.81
2064,08/08/2025,1883,P030,2,31.91
4972,03-22-2025,2682,P043,1,"14,81"
2707,10/08/2025,3181,P026,1,63.42
5284,2025-07-20,4132,P011,1,36.53
2803,2025-06-25,999999,P036,2,38.62
5326,02/07/2025,4180,P047,1,20.15
12659,2025-02-10,2642,P006,1,21.76
14895,2025-11-12,3949,P014,1,"37,85"
13434,01-12-2025,3451,P031,1,13.03
12718,2025-01-09,1752,P018,1,15.71
1797,10/08/2025,3151,P018,2,12.31
5361,10-19-2025,2501,P017,2,"9,82"
3542,2025-08-22,2736,P018,1,19.51
1149,18/10/2025,3155,P018,2,48.87
12763,2025-10-04,2795,P009,1,41.89
608,2025-02-21,4041,P025,2,35.37
17810,2025-06-05,2652,P023,1,"33,30"
6027,19/04/2025,793,P045,2,91.38
10816,04-11-2025,1497,P015,1,18.94
12247,2025-07-12,3473,P010,2,9.21
10290,2025-05-29,381,P045,1,"27,41"
3258,2025-03-24,908,P038,1,"40,77"
17378,04/08/2025,3164,P011,1,73.22
10737,08/03/2025,815,P019,4,55.43
16633,2025-03-09,151,P031,1,"18,76"
14124,01/06/2025,87,P047,1,12.18
14116,2025-10-24,1785,P032,3,9.16
2690,27/06/2025,3307,P038,2,47.76
5779,2025-02-17,3253,P011,2,"132,39"
17137,12/05/2025,2622,P041,1,"24,75"
7049,2025-06-24,3367,P010,1,25.76
16888,2025-03-01,2920,P025,1,"21,48"
14626,04/06/2025,3368,P044,3,"16,28"
3134,2025-08-27,3870,P034,1,"14,92"
4167,12-10-2025,883,P037,2,18.89
13509,2025-04-01,3482,P013,2,15.98
5461,08/09/2025,999999,P036,1,9.96
13307,14/03/2025,1343,P039,1,21.53
15700,01-28-2025,1259,P018,1,48.08
10012,2025-01-19,2308,P010,2,29.33
517,2025-09-05,2372,P019,1,38.88
16397,01-07-2025,1990,P032,1,18.81
17138,07/02/2025,1397,P004,1,25.21
8977,03/08/2025,956,P046,1,"108,98"
1563,09-18-2025,114,P036,1,28.48
903,16/09/2025,1833,P029,3,76.17
2694,2025-07-31,2764,P035,1,"12,40"
10334,2025-07-23,2028,P030,,16.77
17570,2025-11-07,2221,P022,1,"34,11"
7331,2025-10-19,3746,P035,1,"19,49"
13127,2025-10-14,3997,P020,1,"36,28"
11823,2025-05-17,3130,P008,1,36.82
11390,2025-05-03,1222,P010,2,32.48
5054,2025-06-18,2788,P027,1,11.95
229,2025-12-07,3631,P013,1,26.19
11160,27/02/2025,1972,P032,1,24.92
13742,31/10/2025,3854,P033,1,28.22
16726,2025-12-03,1767,P008,1,"15,18"
7304,24/08/2025,2429,P045,2,20.95
3810,2025-09-08,3977,P047,1,93.08
9994,12-20-2025,2198,P035,1,"38,01"
828,2025-11-28,1574,P035,1,19.82
2299,2025-03-13,3258,P017,-1,74.72
7532,2025-07-28,808,P003,2,53.70
2158,2025-01-20,2339,P048,2,42.18
9661,13/01/2025,364,P038,2,"52,24"
15207,2025-06-20,2456,P003,,21.88
5916,2025-09-12,3393,P037,1,"75,23"
15453,2025-01-23,158,P027,3,35.17
13486,2025-02-28,882,P005,3,113.10
12000,2025-05-26,3650,P024,1,41.96
10992,2025-08-22,3717,P010,1,15.89
931,28/06/2025,151,P038,1,35.70
2770,2025-09-21,3261,P048,4,16.36
9463,06-14-2025,449,P032,4,30.03
3687,2025-10-16,4166,P048,4,22.02
9008,13/02/2025,2418,P023,1,"20,84"
5276,12/10/2025,2625,P013,1,56.73
8357,17/03/2025,1056,P003,1,"11,58"
12863,22/07/2025,140,P009,3,24.87
16732,13/09/2025,2109,P009,1,66.99
9662,2025-07-18,1084,P004,1,"40,60"
5487,2025-06-25,345,P018,4,21.81
8702,2025-05-09,2071,P017,1,38.35
9045,13/07/2025,2754,P031,1,50.53
7120,25/12/2025,824,P048,3,18.18
17980,08-02-2025,2511,P037,1,47.23
12005,2025-08-04,2405,P008,1,38.49
3767,10-06-2025,877,P003,1,21.43
17930,2025-09-20,1656,P022,2,27.14
4106,13/07/2025,2887,P022,3,20.33
2207,2025-08-04,2999,P026,1,8.62
17485,01/03/2025,203,P019,1,25.36
4004,14/12/2025,1196,P025,1,42.72
9031,12/04/2025,2421,P016,1,74.96
14794,2025-08-21,677,P027,2,30.05
11161,2025-03-30,999999,P024,-1,32.85
8094,2025-05-19,26,P043,2,16.13
10856,2025-08-06,3691,P034,2,10.00
3206,31/10/2025,3555,P018,1,"69,66"
14366,2025-10-06,996,P006,1,26.56
11480,2025-05-31,862,P005,3,46.45
14362,14/06/2025,4088,P035,1,23.32
14096,2025-02-26,3749,P045,1,"19,60"
11242,2025-11-14,2160,P021,1,23.45
4443,2025-03-01,3373,P041,1,"48,59"
7349,2025-04-08,3580,P013,1,16.55
6670,2025-03-13,246,P033,3,11.12
2455,2025-10-06,2934,P006,1,61.78
11749,09-08-2025,1883,P003,1,242.90
14645,2025-10-30,2132,P030,2,35.40
10884,2025-03-13,999999,P021,1,"32,34"
9585,08-31-2025,1892,P004,3,10.31
3058,2025-05-29,3470,P021,1,20.30
11314,2025-06-04,829,P027,4,"25,94"
14397,2025-09-09,1526,P037,1,23.96
8052,2025-09-22,1579,P038,1,30.06
6092,2025-06-27,2819,P004,1,47.29
13057,12/12/2025,3214,P045,1,23.44
8175,2025-04-02,820,P046,2,"68,69"
6112,2025-06-22,2955,P023,1,18.79
8183,22/02/2025,2248,P037,4,33.24
13787,2025-03-25,654,P013,2,31.01
15256,26/01/2025,955,P038,1,15.36
9974,2025-10-14,3122,P041,2,35.47
6392,23/05/2025,704,P043,1,48.91
17191,14/03/2025,668,P028,1,"52,89"
15086,2025-07-12,3999,P046,1,28.68
9823,2025-01-23,3129,P046,1,40.92
4682,2025-08-05,1817,P043,3,29.33
3086,04/02/2025,2871,P037,2,3.56
6667,2025-06-29,490,P006,1,34.85
15283,2025-04-10,134,P022,2,22.87
7670,2025-04-21,3183,P046,1,52.47
16322,2025-03-11,608,P007,1,36.22
17597,2025-11-21,1203,P042,1,63.44
9478,2025-12-28,3343,P026,1,18.81
3170,2025-08-26,1355,P032,2,26.16
2066,2025-03-01,4198,P023,1,22.24
13134,01-03-2025,2299,P037,2,30.20
10593,31/01/2025,813,P006,1,20.88
12904,2025-06-21,2860,P033,2,"11,91"
10799,2025-12-08,462,P027,2,38.81
300,2025-10-05,2754,P044,1,23.30
13033,2025-12-03,3988,P003,1,"28,24"
2919,01/09/2025,4148,P006,1,31.50
2380,25/01/2025,2292,P037,3,25.62
6034,2025-09-25,3757,P034,2,27.00
4696,2025-11-17,1431,P047,1,"37,42"
6887,2025-07-26,3591,P002,1,39.77
5081,2025-12-11,2043,P035,4,11.85
3796,2025-10-07,3335,P023,2,33.61
17551,2025-03-29,1093,P026,2,52.46
16875,2025-12-10,3090,P024,3,77.89
1482,2025-12-14,634,P013,1,"44,74"
4163,2025-06-12,1343,P007,3,11.99
2575,25/06/2025,378,P029,3,"38,19"
6307,2025-08-15,2749,P021,4,31.15
763,06/08/2025,1309,P001,1,38.58
7221,2025-03-15,1344,P020,1,3.54
6996,2025-06-30,2464,P041,1,"24,73"
12167,26/11/2025,4198,P006,1,"40,71"
10242,15/08/2025,3369,P014,1,21.88
1626,05/03/2025,867,P009,1,55.04
2836,03-22-2025,3602,P001,1,18.46
11534,2025-08-15,821,P010,1,53.16
14929,2025-08-15,1615,P041,2,14.34
1831,18/11/2025,1931,P035,1,25.42
6999,2025-10-29,2277,P040,3,15.36
10236,26/04/2025,2362,P035,1,11.81
13206,2025-12-03,583,P048,1,15.19
7792,2025-09-10,1213,P022,1,48.35
5620,2025-05-09,665,P036,1,"33,10"
4564,11/09/2025,3841,P034,1,"33,60"
4223,2025-12-02,1563,P037,1,27.85
23,2025-02-14,1370,P038,2,19.05
69,22/04/2025,2349,P048,1,43.53
17642,04/05/2025,2555,P031,1,"43,59"
16629,03-01-2025,2164,P024,1,3.86
2057,2025-11-28,4103,P032,1,"41,48"
13420,2025-11-17,1801,P027,2,"37,62"
4933,08-07-2025,756,P044,1,79.07
10308,2025-04-29,2786,P048,1,"32,04"
14320,18/06/2025,1400,P026,2,"19,59"
17962,2025-12-13,1741,P032,2,34.01
8925,2025-08-03,3310,P005,1,"38,20"
9270,2025-02-11,2221,P024,1,20.50
15325,2025-08-28,1145,P035,2,"41,24"
8280,04/02/2025,4154,P047,1,"14,57"
6370,2025-05-03,1118,P001,4,32.89
11402,05-15-2025,544,P044,1,"32,26"
16969,2025-06-19,2337,P005,3,19.07
1177,2025-10-28,2105,P042,1,64.80
4470,2025-02-08,3302,P006,1,25.28
3389,25/10/2025,2106,P018,1,15.69
1428,04-14-2025,364,P036,1,13.11
16621,2025-01-18,1328,P033,2,35.23
9497,09/03/2025,419,P014,1,44.68
8796,21/01/2025,2460,P014,1,20.48
8832,26/10/2025,2648,P011,3,26.07
15663,01/01/2025,3992,P027,3,21.46
4362,15/12/2025,1920,P012,2,44.48
8870,2025-06-03,3880,P024,2,16.85
15804,2025-06-15,915,P026,2,"15,41"
14748,2025-03-25,3864,P004,1,21.48
15755,03/10/2025,689,P027,1,87.13
10749,12-25-2025,3750,P001,1,"22,54"
11648,12/07/2025,808,P042,4,12.14
5849,15/07/2025,3935,P009,1,22.37
4210,2025-02-08,3748,P039,2,"37,18"
13572,08/08/2025,1465,P004,1,16.57
5470,2025-12-06,2697,P038,1,63.33
6114,19/11/2025,743,P006,3,"54,70"
4208,05-21-2025,270,P011,3,42.83
12233,2025-10-02,3256,P020,1,9.90
6868,29/01/2025,3363,P017,1,"65,38"
11960,2025-12-08,4011,P007,2,"12,29"
12873,26/02/2025,2457,P018,1,"18,29"
688,2025-08-02,1592,P032,4,"16,03"
15793,2025-03-14,3751,P013,,14.27
13051,13/05/2025,423,P033,3,29.35
14416,2025-02-11,1944,P013,1,18.08
8732,2025-01-12,634,P043,1,"32,73"
15089,22/09/2025,2658,P048,4,27.94
703,2025-04-09,69,P037,2,"13,86"
11408,18/01/2025,3022,P047,1,36.75
5651,2025-02-17,3005,P034,4,24.63
13765,03/06/2025,622,P017,1,13.68
15607,2025-08-28,3728,P023,1,"10,64"
13533,06-23-2025,1884,P044,3,"12,93"
4675,04/01/2025,154,P034,2,26.04
12246,01-04-2025,2184,P008,1,"27,19"
3397,08-16-2025,1615,P002,4,46.93
8168,04-05-2025,447,P005,1,"56,43"
819,31/10/2025,627,P043,3,54.60
10708,26/07/2025,1193,P030,4,10.04
14887,17/10/2025,899,P003,1,21.32
1890,2025-02-10,6,P019,4,53.04
14914,2025-06-14,3941,P048,4,69.48
9002,2025-10-05,1595,P016,1,53.81
4259,2025-12-01,2947,P005,1,26.75
15396,28/02/2025,448,P027,4,12.29
15245,2025-08-10,4177,P046,1,16.07
12265,2025-05-13,1937,P032,1,"22,29"
3847,2025-08-08,1955,P009,2,27.47
6074,17/11/2025,3736,P011,3,"6,50"
7328,09-13-2025,1944,P022,1,32.35
6519,21/08/2025,3480,P019,1,27.55
11781,05/11/2025,3277,P013,1,32.42
7544,2025-03-30,3483,P032,,"21,29"
14881,23/08/2025,495,P042,1,32.31
6309,2025-05-05,3941,P035,1,25.67
1628,09-18-2025,463,P048,1,37.83
10066,22/03/2025,1159,P003,4,"29,74"
17003,2025-04-16,1949,P015,1,"17,34"
6552,13/03/2025,1333,P017,1,"33,62"
16489,2025-08-17,999999,P045,2,23.55
17311,2025-09-04,723,P028,1,20.35
16652,2025-09-23,1714,P040,1,27.80
13876,2025-03-11,2696,P041,1,64.46
8553,2025-09-19,3459,P003,1,35.27
2358,2025-10-30,241,P015,1,37.91
10700,2025-07-05,3137,P039,1,25.47
10114,06/08/2025,3692,P047,1,28.47
16122,2025-11-21,3242,P036,1,"14,28"
11984,12-27-2025,3331,P018,4,37.33
15463,02/02/2025,3499,P012,4,21.29
671,2025-06-05,1725,P047,1,30.98
314,04/10/2025,847,P017,1,28.22
8295,2025-02-27,2307,P006,1,26.85
5303,2025-05-28,1136,P008,3,13.38
16857,2025-09-04,3581,P005,1,65.84
4421,05-14-2025,417,P013,2,31.88
5253,2025-10-20,4059,P048,3,23.45
13101,24/08/2025,1466,P001,1,77.88
14537,2025-03-11,1748,P021,1,"75,91"
2300,2025-11-04,938,P028,1,32.57
5924,31/08/2025,1670,P029,1,29.91
7397,15/02/2025,172,P001,1,12.30
15393,22/05/2025,999999,P035,2,"19,24"
2695,12/09/2025,3023,P028,1,"44,17"
3425,2025-07-20,1106,P006,1,59.62
14811,27/10/2025,434,P034,1,54.89
5640,2025-05-12,4049,P017,1,8.21
15282,2025-08-21,1815,P025,1,28.23
7874,2025-03-02,999999,P002,1,20.77
15313,09-22-2025,4167,P022,1,25.60
16294,07-01-2025,1972,P029,1,13.58
10324,01/08/2025,3615,P012,1,69.52
1977,2025-04-08,3200,P047,1,39.37
11152,2025-11-19,1200,P028,1,46.19
8684,2025-10-29,1493,P038,1,15.41
3174,10-03-2025,3823,P016,1,27.49
8692,15/12/2025,1888,P029,4,19.92
16766,2025-05-25,1778,P048,1,"35,26"
14718,2025-05-06,3808,P046,1,59.51
15460,2025-09-16,1688,P034,1,"48,77"
16555,13/11/2025,2130,P044,2,26.29
13581,2025-02-14,1604,P001,3,18.26
11548,2025-07-17,495,P009,1,19.18
5580,2025-04-13,2723,P041,1,15.30
15395,2025-04-12,2616,P039,1,35.91
11334,14/05/2025,32,P006,1,"20,37"
4235,2025-11-09,1279,P046,1,"53,98"
3202,2025-06-04,98,P035,3,35.54
1245,08/09/2025,46,P023,1,27.49
7552,2025-01-27,141,P007,1,59.45
8494,2025-09-24,3487,P022,1,"39,48"
7661,30/09/2025,2916,P042,1,66.10
681,08/11/2025,2747,P031,1,24.38
15674,2025-07-17,2491,P041,1,42.28
3182,2025-05-23,1345,P038,2,18.01
537,2025-07-10,2920,P038,-1,70.68
5371,2025-07-22,2573,P003,1,42.82
12028,2025-01-01,407,P030,2,30.00
16264,05-20-2025,3580,P023,3,14.37
14156,2025-12-28,3725,P031,2,22.33
16509,06-08-2025,579,P013,2,38.85
6878,01-26-2025,301,P042,2,24.57
8021,19/11/2025,4026,P044,1,"47,05"
4995,2025-03-16,521,P030,1,56.33
17671,21/02/2025,240,P045,2,49.87
359,2025-01-13,47,P006,3,28.83
4827,2025-06-15,1702,P044,1,26.73
1555,2025-02-26,1463,P002,1,"15,32"
17831,2025-07-08,1144,P041,1,30.23
10488,07-16-2025,3400,P028,1,18.38
1060,18/12/2025,2180,P045,1,24.67
981,04/04/2025,3243,P001,1,21.47
16331,12-04-2025,1645,P036,1,26.89
16763,2025-05-06,1172,P031,1,"36,46"
7418,2025-06-22,1468,P033,1,31.55
14239,05-14-2025,990,P044,1,15.80
8215,2025-04-20,3958,P019,1,22.84
16308,26/12/2025,2750,P006,1,41.50
15757,10/10/2025,3254,P047,3,19.05
5468,2025-03-25,20,P041,2,"13,98"
11918,12/09/2025,521,P016,1,40.79
14250,14/06/2025,923,P041,2,29.90
1825,2025-02-06,2094,P022,-1,48.74
11020,09-30-2025,781,P029,1,17.42
16847,2025-08-04,704,P035,2,33.49
2768,2025-02-05,4188,P035,1,21.34
11478,2025-07-24,2280,P044,3,"18,86"
2981,17/02/2025,127,P032,2,"38,75"
16486,03-07-2025,3939,P041,2,30.21
15273,2025-11-10,3392,P008,4,"55,71"
6587,2025-02-20,3715,P015,3,"30,31"
8300,13/05/2025,2162,P042,3,19.16
15448,2025-10-17,914,P001,1,28.59
13099,02/04/2025,3658,P018,1,23.89
9485,14/08/2025,4083,P012,1,76.91
8457,2025-08-09,3037,P039,3,33.21
5481,2025-04-19,1066,P023,1,15.96
149,2025-11-26,555,P023,1,35.85
17510,2025-06-09,3407,P031,4,19.53
1164,17/08/2025,483,P044,2,13.31
8714,2025-01-24,597,P042,2,"42,59"
4497,2025-01-01,3456,P022,4,"54,50"
1879,2025-05-26,1268,P028,2,37.43
1246,20/08/2025,867,P016,2,12.29
9923,01-11-2025,3738,P025,4,16.78
9550,07/05/2025,450,P012,1,15.36
899,2025-04-25,1756,P029,1,24.76
12656,2025-05-06,2648,P017,1,20.94
7553,05/06/2025,284,P007,2,10.28
13776,2025-06-28,3862,P029,2,21.78
12155,2025-07-30,1578,P025,1,36.09
6698,09-26-2025,2558,P020,1,"27,53"
17179,01/06/2025,4038,P010,2,"9,49"
712,2025-11-02,2120,P017,2,27.77
13233,2025-02-10,1951,P014,2,36.34
11293,01-19-2025,1503,P006,2,"23,83"
15678,2025-10-14,618,P025,2,19.20
15338,2025-09-14,4050,P040,2,"112,91"
4277,2025-11-13,2925,P031,1,15.55
10094,10-23-2025,336,P048,1,14.93
9391,23/12/2025,2602,P028,1,28.78
14368,04-05-2025,2985,P039,1,18.89
14609,21/12/2025,1937,P008,2,17.22
7330,2025-07-01,3441,P039,1,32.43
15300,2025-11-16,3148,P035,1,33.43
8681,2025-05-02,2640,P014,-1,16.98
14478,2025-09-07,500,P013,2,16.59
17177,2025-10-04,2759,P046,3,21.77
5799,06-06-2025,4162,P024,1,23.21
5782,2025-04-11,1468,P015,3,39.74
8062,2025-12-15,803,P036,1,21.11
12225,2025-08-01,2856,P041,1,"17,43"
2569,2025-05-25,3262,P018,4,64.76
13844,18/08/2025,2498,P017,1,"23,81"
15060,2025-08-16,2770,P006,1,13.02
3836,15/07/2025,541,P006,2,11.86
5927,2025-04-20,5,P006,2,"22,97"
10582,2025-09-19,1004,P007,2,37.25
12170,11-13-2025,2764,P019,2,"28,41"
12142,10/11/2025,1901,P003,1,"19,88"
7240,01/01/2025,400,P007,1,8.14
14062,12/10/2025,427,P036,2,"74,87"
402,13/11/2025,4001,P034,1,30.72
15029,2025-05-25,3189,P012,1,8.39
1090,2025-03-18,3098,P023,,10.71
3009,2025-05-17,490,P015,1,25.49
8662,10-06-2025,4005,P032,2,"14,30"
16447,2025-01-05,29,P042,2,28.17
638,29/05/2025,2765,P001,1,"42,77"
4858,19/07/2025,1195,P031,3,29.12
17261,09/03/2025,1631,P034,1,"13,63"
4551,05/02/2025,1468,P027,4,"16,56"
3039,23/01/2025,2748,P048,2,34.26
13410,09/01/2025,1091,P032,1,10.57
15692,2025-10-03,301,P031,1,40.69
5523,2025-12-15,3756,P016,1,"17,90"
756,2025-01-13,200,P003,2,38.14
16724,18/06/2025,1788,P019,1,"39,70"
16075,2025-08-12,3903,P035,4,66.05
1651,05/04/2025,3075,P001,2,36.45
4958,2025-02-25,216,P019,1,17.61
11872,06/11/2025,1180,P037,1,44.31
6140,2025-12-15,3407,P017,2,46.72
13422,2025-05-16,1467,P021,1,"5,78"
13894,2025-07-09,2205,P014,2,11.05
12708,09/10/2025,2411,P025,2,"35,01"
11134,05/01/2025,1486,P047,1,36.43
13745,25/05/2025,2804,P026,1,27.05
12558,2025-10-08,1013,P021,1,"25,76"
4769,02/01/2025,891,P006,2,32.82
13752,2025-06-13,1270,P036,3,"34,05"
4030,21/09/2025,1300,P048,1,"27,16"
102,25/05/2025,2496,P025,1,"30,60"
7994,08/01/2025,2423,P014,1,82.50
14542,04/09/2025,2384,P004,1,"14,09"
4826,22/03/2025,347,P039,1,36.56
3936,2025-12-20,4144,P016,1,20.75
16565,17/04/2025,999999,P045,1,44.20
11838,2025-09-25,332,P018,2,38.56
17136,2025-09-10,131,P040,1,30.55
9026,10-15-2025,3705,P033,3,44.03
1729,29/07/2025,3777,P031,2,17.58
15920,03/10/2025,160,P042,1,25.42
1398,08/11/2025,1664,P012,4,75.17
1349,28/12/2025,1063,P034,1,48.75
12420,02-23-2025,583,P030,1,"30,43"
11226,18/09/2025,87,P018,1,47.82
3362,2025-08-19,1900,P036,2,50.63
7953,06/01/2025,1487,P012,1,"38,17"
12357,2025-07-27,1746,P008,1,25.56
9752,18/11/2025,671,P019,1,"14,65"
10578,08/06/2025,4117,P009,1,34.82
14626,04/06/2025,3368,P044,3,"16,28"
8986,2025-08-29,2266,P043,3,"39,84"
8086,10-25-2025,2625,P008,1,46.31
3045,2025-03-18,24,P044,1,24.99
9420,11-17-2025,43,P006,2,16.00
13333,08-26-2025,3624,P010,3,19.38
1058,2025-04-24,745,P016,2,37.19
6970,04-08-2025,1139,P044,1,29.83
15545,11/10/2025,3207,P039,2,24.39
9847,03/04/2025,2539,P044,,"58,23"
13211,23/01/2025,3731,P044,1,49.99
6472,2025-07-23,1680,P033,1,40.40
13730,04/08/2025,1443,P009,1,19.99
8058,08-01-2025,3409,P038,2,"20,23"
11121,2025-04-14,1363,P003,4,39.78
12214,08/07/2025,985,P036,2,21.58
11370,2025-05-10,703,P013,1,22.52
5166,13/03/2025,3145,P032,1,"40,43"
12726,03/06/2025,1155,P005,1,"42,12"
5888,2025-08-22,748,P006,1,32.82
17791,03/11/2025,791,P044,1,11.07
1106,2025-06-09,3480,P015,1,35.88
15225,2025-01-27,680,P027,1,14.96
6182,2025-02-20,231,P028,2,"21,61"
2865,2025-12-20,829,P043,4,"36,60"
2496,21/06/2025,2177,P011,2,"51,48"
12995,06/11/2025,2775,P037,,33.33
3100,2025-04-05,3942,P034,1,14.29
5135,08/12/2025,2634,P014,1,"31,61"
17804,02/01/2025,1232,P005,2,"9,20"
4288,29/01/2025,2346,P041,2,"22,78"
14428,2025-01-02,3832,P034,2,30.75
3928,10/02/2025,3254,P024,2,17.37
9004,31/10/2025,3895,P017,1,12.33
6559,30/07/2025,435,P007,2,20.89
16058,12/03/2025,2218,P037,3,"22,81"
12563,05/06/2025,137,P018,1,39.39
4780,08-29-2025,2423,P004,1,25.06
7770,2025-08-10,1519,P003,1,24.94
629,2025-10-23,2859,P015,2,"30,73"
14026,06-21-2025,2567,P039,1,26.77
15958,29/05/2025,4070,P043,4,38.77
13570,2025-07-16,1808,P047,1,52.47
7355,16/05/2025,1841,P010,1,30.90
9851,08-23-2025,3153,P012,1,18.75
13642,01-20-2025,692,P007,1,"43,49"
1927,2025-10-14,2845,P016,1,"19,33"
4927,2025-09-27,1296,P037,1,19.59
14629,04/06/2025,1799,P021,1,"31,98"
17459,09/02/2025,1403,P024,2,48.77
9953,2025-10-12,2421,P033,1,"40,70"
3740,18/01/2025,1002,P006,1,"18,51"
5271,08/03/2025,1613,P024,-1,"26,32"
14069,2025-05-15,790,P036,2,49.09
9967,09-27-2025,1446,P042,2,22.08
8772,04/02/2025,1781,P032,3,18.98
15147,2025-04-10,3818,P024,1,36.80
9759,2025-12-13,1521,P024,4,28.15
15724,02/06/2025,2550,P036,1,"71,39"
2363,2025-04-04,999999,P001,1,12.65
15116,09/08/2025,1475,P019,1,"38,69"
9602,2025-03-29,3167,P015,1,10.16
8415,25/04/2025,3255,P047,1,36.77
7150,26/03/2025,1176,P042,1,55.37
13327,23/03/2025,2574,P016,1,39.30
7437,12-08-2025,4095,P010,1,"37,42"
1236,01/07/2025,2757,P046,1,41.24
702,2025-12-20,2077,P032,1,19.87
14391,2025-03-01,163,P036,2,56.46
11660,2025-07-19,978,P013,1,60.15
9954,2025-01-11,1641,P030,2,31.68
12604,2025-03-23,1474,P021,2,61.65
13609,2025-10-31,363,P028,4,21.51
8492,04/07/2025,3823,P044,2,29.55
3035,2025-12-15,486,P041,1,28.89
5538,11/01/2025,1950,P029,1,8.69
8698,08-05-2025,3121,P046,1,15.89
868,2025-03-08,1488,P003,1,32.90
16054,2025-06-22,3652,P003,1,13.57
11454,2025-06-08,2569,P048,2,99.51
1066,2025-12-19,1780,P042,1,30.24
1780,12-03-2025,1896,P015,2,32.42
16660,30/01/2025,1603,P045,1,"45,80"
627,2025-02-02,3707,P035,1,11.22
10923,2025-12-04,3588,P018,1,"31,48"
16116,2025-02-28,1711,P036,1,41.52
13052,2025-08-30,3516,P028,2,16.10
7103,2025-07-03,2054,P047,2,"118,31"
2859,2025-10-04,1636,P029,2,25.73
4324,2025-11-01,983,P030,1,"10,04"
15491,04/12/2025,3590,P010,2,28.89
3371,09/07/2025,2550,P045,1,29.85
13088,2025-01-01,3490,P036,1,18.17
16164,2025-01-22,2317,P043,1,"25,67"
8989,2025-03-08,4175,P008,2,"40,07"
4335,2025-07-12,530,P033,1,11.66
16739,09/08/2025,3009,P042,1,13.83
14317,2025-03-06,251,P045,1,6.02
8661,05-26-2025,2958,P022,2,28.75
11816,2025-09-13,3677,P034,1,27.12
10367,2025-01-20,1428,P034,1,"36,74"
1684,2025-11-11,3100,P046,1,"21,88"
12378,24/07/2025,1272,P037,2,25.09
6569,2025-08-31,397,P036,1,20.04
6820,27/04/2025,3403,P039,1,11.66
2137,20/05/2025,1407,P037,2,45.70
15421,26/06/2025,3534,P034,1,45.81
5082,28/08/2025,190,P020,4,34.20
7011,2025-03-23,3513,P037,1,77.30
7802,2025-10-24,324,P021,2,55.92
6222,18/02/2025,2896,P028,1,61.11
16529,2025-06-15,337,P019,1,39.20
11054,2025-08-06,2436,P042,1,24.76
10727,15/09/2025,3175,P004,3,128.73
8358,20/08/2025,2303,P035,1,39.80
6752,2025-01-02,2433,P003,1,"37,73"
17354,2025-01-21,2776,P007,1,53.30
315,02/08/2025,3114,P018,-1,49.74
17386,07/05/2025,200,P003,1,34.09
11214,2025-02-03,2992,P043,,63.45
16359,2025-06-21,1966,P031,1,13.32
4226,2025-04-12,1866,P044,1,32.55
14136,2025-05-10,51,P043,1,"26,11"
7481,04/10/2025,3193,P034,2,35.26
2503,23/12/2025,506,P036,1,15.99
6716,2025-10-07,3795,P032,1,15.74
12734,2025-10-25,122,P001,1,"10,79"
12516,2025-04-12,2465,P027,1,31.79
8831,2025-01-30,2896,P032,3,43.27
4968,09/09/2025,597,P019,2,24.60
15949,2025-05-23,1402,P046,2,"46,99"
3852,2025-06-21,644,P003,3,41.91
8341,12-04-2025,461,P028,2,57.95
1962,2025-10-26,1852,P020,3,8.59
10619,2025-11-24,897,P002,1,11.00
11622,19/07/2025,1753,P023,1,"59,14"
2356,14/10/2025,3661,P002,1,25.14
16584,2025-11-29,290,P031,4,"26,63"
8688,28/05/2025,3035,P011,2,"35,05"
16064,29/07/2025,1805,P029,2,"43,60"
11506,2025-12-13,3197,P031,3,"17,84"
14843,2025-06-18,2906,P014,2,"21,22"
16744,05/06/2025,1084,P033,1,30.35
4427,2025-12-09,3239,P046,1,"13,40"
9314,12-24-2025,400,P019,1,31.44
10743,2025-06-06,2889,P008,3,23.59
4663,10/06/2025,1986,P035,1,74.37
10521,03-07-2025,454,P042,1,22.62
14403,2025-04-10,1106,P024,1,42.64
3600,2025-05-19,3685,P005,1,"17,22"
14092,10/05/2025,130,P029,1,22.63
3812,12-02-2025,2481,P028,2,"92,39"
13691,2025-12-19,1877,P037,1,46.93
17025,2025-05-17,999999,P030,2,28.31
6768,08-13-2025,2773,P010,1,19.06
4270,2025-09-12,3858,P027,1,45.27
11835,10-04-2025,3218,P018,,17.46
7498,2025-07-20,1195,P044,1,13.12
7434,2025-03-05,1679,P020,4,14.99
10096,2025-01-30,1897,P015,1,"14,71"
6704,2025-08-05,3215,P039,1,10.25
9785,2025-01-08,12,P008,1,19.41
11075,2025-08-17,2322,P030,3,97.72
15144,2025-11-22,1552,P036,1,16.06
6001,2025-01-07,999999,P009,3,16.36
1438,2025-03-10,259,P013,3,"45,66"
10046,24/05/2025,3339,P015,1,33.93
14213,11/06/2025,692,P037,1,"67,56"
1352,12-28-2025,3357,P032,2,49.65
13369,2025-04-21,1693,P008,1,21.76
3848,2025-11-05,1859,P004,1,37.51
4131,06-29-2025,2405,P024,1,13.14
4983,30/01/2025,2443,P021,1,20.72
2487,14/10/2025,1881,P018,2,"12,17"
11722,2025-08-13,1217,P047,1,"95,66"
11803,2025-10-06,828,P013,1,122.98
5193,2025-01-04,999999,P012,1,"31,86"
12195,26/08/2025,2739,P045,2,"58,62"
6070,10/06/2025,3053,P005,1,19.90
13864,07-22-2025,1340,P016,1,16.85
7347,2025-05-25,162,P043,1,"41,51"
10023,2025-05-13,1439,P009,1,"18,31"
10345,2025-06-05,309,P005,2,"27,11"
5454,14/12/2025,3984,P009,1,48.02
12333,2025-07-14,1436,P006,1,"4,62"
1925,2025-07-27,1130,P031,1,20.50
5514,04-02-2025,2008,P029,1,"47,03"
5178,11/03/2025,653,P008,2,"36,42"
10866,06/09/2025,3814,P029,2,"13,46"
17847,03/12/2025,2261,P042,1,12.69
17616,2025-10-24,1238,P039,1,"37,37"
126,2025-07-10,2862,P007,2,23.05
5042,2025-12-21,967,P047,1,"10,80"
8338,09-29-2025,1101,P038,1,29.03
9764,07/06/2025,3783,P002,1,26.85
1845,2025-05-05,314,P015,1,"19,49"
2927,15/02/2025,3052,P013,2,45.01
4016,2025-07-27,2643,P010,1,51.36
15469,2025-12-03,3806,P008,1,40.30
10053,2025-04-29,4013,P007,1,"34,07"
17733,2025-06-28,4045,P033,2,38.41
2908,2025-08-27,2948,P035,2,"12,70"
8874,2025-02-12,3370,P017,1,27.31
8812,2025-05-11,3109,P023,4,16.59
10076,01-01-2025,452,P020,1,27.17
1293,2025-09-25,3466,P024,1,7.77
430,25/09/2025,3448,P001,3,"22,20"
2476,2025-12-16,3675,P011,2,17.62
7280,29/05/2025,3923,P007,1,22.69
10865,07-08-2025,996,P016,1,35.43
12304,09-27-2025,746,P029,2,22.86
4876,2025-12-05,411,P032,-1,6.79
7995,20/10/2025,3270,P032,1,15.49
16678,2025-12-22,1745,P003,1,18.25
8903,30/07/2025,3017,P043,2,"26,82"
4170,2025-12-22,3781,P048,1,26.01
7969,2025-11-25,1765,P009,3,"72,33"
14190,2025-01-29,2758,P030,1,13.36
16533,2025-02-25,2754,P030,1,29.93
287,2025-12-31,518,P040,2,4.50
15035,27/07/2025,3379,P019,1,"38,32"
3087,2025-11-27,2829,P031,2,50.12
7583,04-28-2025,1180,P028,1,27.04
8673,2025-05-21,2226,P005,1,16.49
12322,2025-09-27,272,P035,2,41.17
10450,2025-05-10,3242,P017,1,"28,55"
5167,13/01/2025,1303,P017,3,10.29
3632,2025-12-27,3784,P021,1,"27,19"
14222,30/11/2025,3766,P027,1,129.57
12587,2025-05-07,1910,P025,2,"34,74"
14943,2025-12-31,728,P011,1,23.30
14673,11/07/2025,3837,P033,1,54.53
14947,24/04/2025,1882,P007,3,19.42
2488,2025-10-19,2845,P004,2,"34,56"
16150,30/11/2025,3276,P009,1,23.01
7679,2025-07-24,2592,P034,2,36.07
11972,2025-12-17,2906,P001,2,10.73
4033,2025-09-04,2106,P006,1,25.65
9542,2025-11-24,1532,P009,1,18.28
10212,2025-06-21,2940,P003,1,"27,18"
9307,2025-12-05,799,P043,1,34.47
17388,26/08/2025,2018,P022,2,17.99
9186,2025-08-26,3424,P016,1,39.99
13636,08/03/2025,2498,P011,2,18.23
14790,2025-04-27,605,P023,1,29.89
4234,2025-11-16,2820,P021,1,45.78
16564,2025-08-21,999999,P041,1,"121,30"
5857,2025-06-05,1531,P019,2,"27,15"
4499,07/07/2025,3625,P008,1,14.58
6615,2025-01-26,1726,P001,1,"53,48"
4702,2025-03-26,2074,P028,1,"43,72"
17322,31/10/2025,812,P038,2,"10,12"
8440,10/08/2025,2218,P029,1,"38,90"
16995,06/09/2025,606,P009,4,32.01
10644,03/11/2025,3797,P012,,25.18
8636,2025-08-02,2544,P017,1,45.85
12542,2025-03-02,2921,P014,1,24.88
16216,2025-08-06,2914,P028,1,"16,89"
2966,03/08/2025,2811,P012,1,34.11
11881,2025-02-14,4003,P046,2,49.87
16365,2025-08-20,3199,P005,2,"16,99"
17656,14/10/2025,192,P035,2,"11,13"
9710,2025-04-10,1126,P038,2,6.77
12146,28/02/2025,961,P029,2,51.67
16246,2025-05-30,1714,P029,3,"57,31"
16281,07-19-2025,682,P038,2,73.03
3209,17/06/2025,355,P034,2,30.58
12016,2025-06-10,3602,P039,1,"7,88"
7066,2025-06-09,697,P024,2,"40,50"
15438,2025-02-11,2673,P022,1,26.28
4099,2025-09-24,1773,P014,1,62.09
3037,2025-01-19,2528,P046,1,11.92
6097,05-24-2025,2233,P024,1,16.94
273,2025-07-27,3745,P010,4,22.59
13510,2025-08-02,1161,P034,1,32.17
3039,23/01/2025,2748,P048,2,34.26
16135,2025-12-26,4010,P028,1,32.23
6209,20/09/2025,1034,P033,1,38.21
16985,2025-05-25,465,P042,2,28.14
17954,2025-05-12,1035,P016,1,"36,04"
12691,06/04/2025,1286,P002,1,22.08
15228,02-05-2025,3739,P038,3,9.14
17818,03/11/2025,1608,P003,1,48.95
16163,2025-04-02,1470,P001,2,23.32
11664,07-26-2025,3447,P017,2,"24,25"
12900,2025-05-19,139,P005,4,"26,40"
15686,2025-12-26,3163,P036,1,33.84
15066,28/06/2025,3242,P048,1,8.40
15242,2025-06-18,2906,P028,1,"32,16"
11659,2025-01-14,4195,P033,2,15.76
5623,22/02/2025,676,P023,3,42.73
9337,23/03/2025,698,P040,1,46.48
12541,05/12/2025,1677,P021,1,37.04
8233,2025-10-25,812,P014,1,33.72
12456,2025-12-20,1904,P043,3,"43,81"
4458,06/07/2025,2468,P044,2,19.28
146,20/04/2025,1824,P013,2,47.28
16337,2025-05-20,2774,P003,2,29.53
8715,19/09/2025,3384,P010,2,21.65
3382,08/04/2025,482,P020,1,37.01
4805,2025-05-10,3999,P021,,10.77
14127,2025-12-07,2851,P013,1,30.12
9348,03-28-2025,2270,P019,2,"18,86"
10576,2025-01-02,1882,P005,4,"7,59"
15733,2025-11-28,2247,P043,2,25.35
9346,2025-05-27,2060,P014,1,19.71
15962,2025-09-26,812,P041,1,33.44
5497,02/10/2025,411,P036,1,11.78
12614,20/03/2025,1636,P024,1,"21,18"
1271,29/05/2025,2922,P047,1,17.12
10697,2025-09-06,4138,P041,4,41.31
105,02/10/2025,1952,P008,1,23.72
3240,2025-06-26,1540,P019,-1,27.44
10623,2025-02-28,1043,P023,1,8.33
13427,2025-04-26,3935,P039,1,17.73
16024,2025-03-07,4124,P037,2,37.94
1897,03-17-2025,786,P027,1,"36,60"
3387,2025-04-12,101,P018,1,"31,75"
11361,27/01/2025,3046,P047,4,12.86
6115,2025-04-06,999999,P029,1,"21,94"
476,01-02-2025,283,P003,2,"18,70"
5060,2025-06-21,1903,P009,2,"72,97"
11088,20/05/2025,1536,P019,2,24.58
2901,2025-02-11,3876,P006,1,20.12
14773,2025-07-21,2621,P025,1,30.77
2925,2025-10-21,1296,P019,,70.41
8907,07-27-2025,582,P016,1,16.13
4502,2025-08-01,1421,P013,-1,52.27
16645,2025-01-08,996,P026,1,22.31
3589,2025-08-03,1399,P004,,25.06
3101,2025-06-28,3127,P036,2,20.49
449,2025-10-08,1648,P014,2,25.33
7538,2025-08-05,892,P015,1,12.78
76,2025-11-09,2748,P033,1,"23,29"
6042,2025-12-28,3809,P039,2,38.12
5405,2025-12-14,797,P013,,26.14
14836,2025-06-18,999999,P039,-1,15.40
8528,2025-10-25,1424,P024,2,33.00
6171,2025-09-16,2760,P007,2,26.56
13459,2025-01-22,557,P025,3,36.85
15720,2025-07-08,1181,P028,2,28.30
15024,2025-09-29,273,P016,1,24.09
11194,2025-08-19,3728,P012,1,65.88
10458,2025-07-18,1955,P021,2,39.86
3435,2025-12-14,1091,P023,2,27.15
16751,2025-04-03,1959,P014,1,21.37
10088,2025-04-09,1232,P007,4,69.59
11443,2025-03-23,2229,P005,2,"22,60"
17521,2025-12-24,3057,P044,4,20.77
12487,25/04/2025,393,P045,1,"57,80"
14509,2025-11-07,2640,P041,1,47.53
15973,2025-01-14,2160,P022,1,"15,58"
6720,2025-05-07,2761,P027,1,25.55
1077,2025-12-06,1907,P009,2,37.76
12157,12/08/2025,3677,P028,2,40.36
15534,2025-04-21,216,P024,1,51.20
15301,28/01/2025,2830,P025,3,66.04
16659,2025-01-16,2079,P023,1,63.19
4856,28/02/2025,3622,P005,1,55.37
2379,29/08/2025,4081,P038,1,"20,42"
9060,2025-04-27,3733,P043,1,"54,62"
10080,2025-12-08,134,P044,2,"21,33"
5082,28/08/2025,190,P020,4,34.20
1578,07-02-2025,3767,P027,1,22.87
6570,2025-12-01,2672,P003,2,32.43
17573,2025-12-20,2551,P025,,"15,54"
14226,2025-05-21,3672,P028,3,95.02
15923,2025-01-30,55,P008,1,"37,47"
1687,03-22-2025,1766,P045,2,47.44
426,2025-08-25,3953,P009,1,"34,11"
52,2025-02-02,3529,P044,1,"20,24"
10449,2025-02-27,2061,P025,2,11.31
15389,30/08/2025,4106,P030,4,23.55
9087,2025-11-13,1124,P008,2,20.61
1053,2025-06-27,167,P025,2,"20,85"
16949,2025-06-29,3457,P018,1,35.22
12683,2025-09-28,2223,P030,1,55.63
13831,2025-11-19,2389,P038,3,30.01
9946,21/02/2025,2411,P012,1,22.10
7181,04-28-2025,3059,P048,1,"28,38"
9428,28/06/2025,1431,P006,2,41.37
3914,05-10-2025,3033,P019,1,17.45
3948,2025-12-07,1734,P039,4,40.17
14799,2025-06-07,747,P028,1,"53,07"
13840,2025-12-02,299,P017,1,"36,35"
6474,02/12/2025,2860,P047,1,20.59
6339,2025-03-06,4119,P044,1,"35,19"
10877,2025-02-21,3544,P043,1,"22,51"
983,2025-03-09,2494,P003,1,27.55
3946,2025-11-04,2598,P047,1,59.68
9379,2025-07-23,1306,P019,1,30.84
16034,2025-09-15,3536,P017,1,21.66
3683,06/08/2025,2155,P022,1,71.94
10605,2025-02-25,3981,P047,1,"22,73"
15269,23/11/2025,1560,P035,1,42.92
1743,2025-05-18,3000,P039,-1,31.62
6073,2025-05-07,383,P004,1,"33,07"
7876,2025-10-17,2775,P022,1,65.11
13932,17/02/2025,1691,P046,1,"13,32"
2288,2025-01-17,1014,P005,1,"16,48"
11465,09/12/2025,448,P034,2,40.76
4646,2025-09-25,466,P010,3,59.84
8286,18/12/2025,999999,P047,1,21.69
9068,10-26-2025,3292,P042,1,31.00
5479,28/01/2025,987,P023,4,16.07
15071,19/07/2025,1536,P035,1,32.08
13257,2025-02-19,4111,P018,1,26.90
6494,2025-02-24,4041,P031,4,"5,24"
11357,2025-07-07,675,P044,1,38.42
3610,01/10/2025,2325,P004,2,34.46
14203,2025-04-16,1338,P031,1,33.29
6928,2025-03-07,353,P040,2,"27,69"
9896,2025-11-04,3273,P016,2,14.87
5225,2025-08-10,2494,P004,3,45.94
16689,2025-01-09,1771,P046,1,"47,87"
5314,20/04/2025,657,P018,4,12.26
15608,06-23-2025,3769,P045,4,"19,99"
7285,2025-03-06,892,P035,3,11.72
7447,2025-03-27,2335,P047,1,22.09
16344,2025-09-21,3699,P014,4,"48,77"
916,2025-12-17,2878,P002,1,53.98
9840,12-12-2025,861,P008,1,29.52
14847,2025-03-07,2036,P033,1,21.47
8660,2025-01-18,179,P036,1,32.36
3809,2025-10-14,3918,P024,1,"72,46"
2265,2025-01-04,2691,P036,3,26.12
12933,26/04/2025,290,P002,2,40.66
10426,12-19-2025,260,P014,1,14.62
2826,2025-09-27,3945,P045,1,28.16
16213,2025-02-22,87,P002,2,20.65
8016,03-22-2025,1446,P010,2,47.80
7483,2025-08-26,3314,P012,1,"10,29"
4640,09/03/2025,2664,P025,2,21.15
11739,08/04/2025,121,P001,1,38.32
6029,26/01/2025,1436,P020,1,61.65
2437,2025-02-27,1639,P013,1,58.47
14434,2025-06-19,4056,P019,1,12.07
6550,2025-06-30,783,P038,1,19.74
5678,2025-11-15,2942,P029,2,14.36
7650,2025-03-27,2970,P034,1,16.81
9357,2025-06-09,1542,P042,1,50.96
16639,2025-07-22,766,P043,1,"28,58"
10249,15/05/2025,1926,P044,4,22.99
2000,02-18-2025,803,P010,3,10.75
13362,06/11/2025,2783,P016,1,"30,66"
8819,2025-07-11,92,P026,1,34.22
12642,05/06/2025,1610,P012,1,13.57
7098,2025-08-21,3075,P037,1,25.56
11552,19/01/2025,3122,P024,1,"35,76"
9644,2025-01-13,1456,P011,2,63.92
9794,2025-09-15,4153,P020,1,"58,37"
5641,2025-08-11,1196,P014,1,25.69
6909,26/04/2025,1623,P016,1,"19,85"
3734,17/03/2025,999999,P023,1,"62,03"
7401,2025-01-30,1840,P034,1,21.31
17970,08/11/2025,2078,P037,2,10.55
10036,2025-03-09,120,P010,1,29.69
16114,2025-08-01,1270,P032,1,27.77
5822,2025-02-05,320,P036,1,"15,67"
460,2025-11-01,59,P037,1,44.88
15214,2025-04-20,806,P006,4,12.00
5478,2025-11-29,404,P012,1,17.72
10214,07/11/2025,1648,P036,1,"81,65"
14280,06-13-2025,2926,P033,1,18.38
13507,26/08/2025,2574,P040,1,"25,67"
17304,2025-05-23,515,P039,2,34.26
1389,26/01/2025,3418,P021,1,"16,86"
2033,15/05/2025,999999,P047,4,"22,34"
13395,2025-06-21,2886,P021,1,29.91
13545,2025-04-09,1841,P032,2,19.67
3670,2025-03-12,3526,P008,1,"26,60"
2175,2025-05-13,1904,P029,2,49.01
16109,2025-06-11,3850,P040,1,18.00
521,05/05/2025,2997,P009,1,"18,19"
6128,2025-03-30,1338,P005,,"30,03"
7294,2025-12-19,3993,P035,2,12.15
11187,01-21-2025,2295,P006,1,17.70
6527,2025-06-15,467,P007,3,71.92
11931,10-20-2025,209,P039,1,48.53
17452,2025-05-31,1755,P021,4,23.09
12112,2025-03-03,683,P021,1,37.52
15710,2025-03-04,2726,P001,1,"24,84"
13763,2025-03-22,2072,P030,1,"23,66"
3874,2025-12-21,2590,P020,2,44.13
16605,2025-10-27,721,P011,1,18.06
11184,2025-04-16,3615,P029,3,"82,35"
4187,13/06/2025,2610,P018,1,22.88
221,2025-08-14,2721,P031,1,24.36
5659,28/10/2025,732,P033,2,61.40
13092,2025-12-03,2090,P016,1,24.00
14488,2025-07-16,3556,P013,1,"19,35"
2291,2025-04-30,1497,P032,1,28.95
14962,2025-09-08,855,P038,2,"30,00"
15576,03/04/2025,2267,P015,2,34.04
11211,2025-10-08,3630,P041,2,10.82
12338,2025-05-10,735,P036,3,"11,06"
1551,2025-01-11,1786,P027,1,44.41
6363,05-21-2025,2935,P019,1,31.13
17207,2025-04-04,3034,P001,1,"23,27"
2812,07-24-2025,2923,P014,1,"138,53"
14311,2025-04-22,2882,P001,1,15.31
17433,2025-06-10,829,P028,1,33.84
15119,2025-01-08,4100,P026,2,39.39
14603,19/06/2025,3564,P024,2,"44,29"
1716,2025-08-28,851,P020,4,"20,37"
14697,2025-12-18,4056,P029,1,15.43
518,2025-02-10,1768,P015,1,30.53
839,2025-12-14,418,P026,1,19.70
6288,25/12/2025,2495,P028,1,40.48
1171,2025-11-04,1896,P041,1,"18,05"
5965,08-26-2025,2220,P044,1,22.67
4012,2025-11-06,72,P001,1,39.35
1142,2025-10-28,1907,P008,1,58.35
17929,2025-02-10,2079,P023,2,"26,23"
13943,07-09-2025,1268,P032,2,"27,20"
14850,2025-08-21,1680,P028,2,15.07
15442,10/10/2025,3806,P020,2,"15,17"
16475,04/03/2025,4105,P041,1,17.84
444,2025-01-02,2471,P002,3,44.98
865,21/02/2025,4071,P048,4,68.86
14153,2025-02-27,130,P014,1,32.25
7723,2025-10-23,999999,P012,2,"30,68"
17870,2025-07-07,1734,P047,2,14.15
4664,07-25-2025,3502,P036,3,17.42
9587,2025-04-09,92,P013,1,46.01
6388,19/09/2025,2598,P037,4,"30,28"
4403,2025-11-02,2799,P042,3,"11,12"
8021,19/11/2025,4026,P044,1,"47,05"
6986,25/03/2025,3309,P004,3,23.15
7801,23/08/2025,2734,P023,1,17.91
8641,2025-08-18,4139,P047,1,39.52
9445,05-29-2025,2179,P004,,42.63
9943,2025-06-16,2651,P009,1,37.14
11594,15/12/2025,3528,P035,1,45.98
17687,10/01/2025,2683,P020,1,17.52
12080,29/06/2025,3515,P038,1,16.59
17703,03-24-2025,2780,P006,1,"10,98"
13625,10-25-2025,2470,P009,1,15.79
204,2025-01-14,3037,P016,4,"37,43"
6124,06/05/2025,2083,P009,3,28.29
11705,2025-01-09,152,P038,2,20.25
13734,2025-06-12,1922,P042,2,"15,12"
7016,2025-07-29,3127,P029,4,29.18
3012,2025-01-01,3667,P033,1,"18,54"
10863,04/06/2025,2296,P043,1,36.88
11371,15/07/2025,4053,P043,1,6.27
6735,2025-03-25,3531,P014,2,"23,10"
7379,05/01/2025,3235,P042,2,26.71
12345,2025-05-30,291,P002,1,29.02
11903,2025-07-03,473,P001,1,"30,66"
7474,11/01/2025,2561,P041,4,44.04
4656,2025-05-24,2111,P046,1,23.03
16292,2025-11-05,1765,P008,1,23.49
5695,07-24-2025,2895,P019,1,53.67
17286,2025-10-10,1058,P048,2,53.66
6893,2025-07-13,1494,P028,2,18.87
4981,01/10/2025,2120,P016,1,12.77
1407,2025-03-23,854,P035,4,2.75
17417,2025-11-03,1290,P014,1,25.95
1,2025-01-17,276,P027,1,45.20
4894,29/11/2025,1579,P008,2,12.76
9530,14/07/2025,2712,P023,1,27.94
12310,2025-09-09,999999,P031,2,"36,19"
13935,2025-09-25,1027,P002,2,23.16
11588,08-25-2025,2665,P003,3,11.39
6134,2025-07-13,869,P026,2,"120,64"
11898,2025-05-28,3043,P031,1,"15,61"
5496,2025-03-15,470,P028,2,66.58
6626,05/12/2025,4138,P045,1,63.19
16567,09-03-2025,2839,P016,1,18.24
16557,2025-05-22,3307,P012,1,60.54
3280,25/12/2025,1392,P039,3,"30,52"
7124,06-29-2025,3023,P046,3,68.88
9084,2025-08-26,1704,P013,1,26.49
2937,2025-07-22,1646,P019,2,"51,24"
6962,2025-11-09,4175,P001,1,44.75
5182,2025-08-10,2083,P009,2,"23,97"
8155,2025-02-23,2996,P020,4,17.71
2314,2025-04-09,3353,P043,1,"4,67"
15487,2025-02-27,3070,P040,1,26.39
9207,2025-05-11,330,P027,1,"22,33"
2183,11/04/2025,1387,P042,1,32.15
12586,2025-08-17,3816,P032,1,21.88
1663,2025-09-14,2204,P021,1,"130,36"
14665,04-07-2025,2484,P030,3,59.76
2309,08-29-2025,1307,P029,3,38.94
3713,2025-09-05,4116,P030,1,48.88
3468,2025-04-27,2314,P016,1,"30,86"
16239,15/09/2025,1349,P028,1,39.99
14595,2025-01-12,1312,P002,1,62.02
7214,13/05/2025,4177,P003,1,28.52
15101,22/04/2025,2387,P027,1,33.76
7172,2025-08-22,1091,P042,1,"44,82"
17527,2025-03-30,2546,P002,3,"17,57"
6400,10-16-2025,2812,P010,2,22.63
6254,05/05/2025,2068,P031,1,"30,19"
14786,2025-12-09,324,P017,4,24.15
2376,2025-12-01,2559,P006,1,53.18
7947,2025-02-06,1768,P003,2,11.38
17716,06/09/2025,522,P022,1,39.38
1326,12/07/2025,3609,P028,2,18.92
7799,25/11/2025,1170,P026,1,45.15
1412,24/07/2025,684,P013,3,"48,56"
6797,2025-06-11,2769,P007,2,16.51
14878,11/05/2025,2975,P018,1,28.13
4976,2025-05-24,98,P033,1,92.11
12475,2025-05-20,3187,P013,-1,38.96
8045,22/02/2025,4190,P036,4,13.88
1439,10/09/2025,2692,P031,1,"42,37"
15443,2025-03-15,3083,P006,1,"5,70"
6450,05/09/2025,1093,P027,2,62.42
12660,2025-12-14,1346,P017,2,80.63
13974,2025-04-03,1347,P007,1,25.74
11911,2025-06-15,972,P001,1,24.20
2096,14/10/2025,2917,P004,3,21.16
5525,07/08/2025,2611,P046,1,16.75
3166,2025-09-17,3047,P029,1,27.04
17796,2025-08-23,338,P024,2,"18,97"
8985,2025-01-30,627,P030,1,20.68
1187,2025-12-09,3465,P014,2,15.92
7720,02/05/2025,780,P039,2,"46,26"
16119,12-12-2025,617,P024,3,25.40
2634,2025-08-22,658,P012,4,75.48
1447,2025-01-08,3192,P003,2,"9,86"
815,01/02/2025,40,P032,1,35.47
4695,24/12/2025,2633,P046,2,35.84
16876,15/06/2025,330,P036,2,"36,26"
4584,05-31-2025,1121,P015,2,31.85
13851,2025-06-29,1433,P035,2,36.31
2145,09/12/2025,3198,P038,1,22.81
9528,2025-04-22,2148,P029,2,"57,92"
9175,2025-10-30,2252,P037,2,"21,77"
904,2025-03-02,1606,P018,3,135.27
4242,2025-09-14,3622,P008,1,8.31
5945,2025-12-13,760,P027,1,27.27
6995,12-23-2025,1824,P013,1,25.25
5250,2025-12-23,3696,P043,1,41.71
8225,2025-12-20,1174,P007,1,117.26
9506,2025-01-05,295,P047,1,16.95
14550,28/10/2025,1230,P005,2,"49,62"
1666,27/05/2025,2036,P019,1,6.54
7465,19/06/2025,1144,P014,1,32.86
4652,2025-03-31,2275,P016,1,15.96
17862,2025-12-20,867,P035,1,36.33
14523,15/08/2025,282,P012,3,"45,51"
10680,2025-11-09,1847,P026,1,21.89
13859,2025-01-06,13,P036,2,11.31
5313,2025-04-07,2657,P040,1,20.77
2839,21/08/2025,917,P005,1,11.98
1297,2025-02-04,515,P009,1,12.99
9770,27/10/2025,2982,P028,1,45.62
8118,2025-08-29,1302,P047,1,13.87
17154,14/02/2025,2042,P017,1,30.39
5317,27/02/2025,557,P031,1,14.66
16362,2025-05-30,3495,P031,2,27.28
5505,28/02/2025,3004,P047,1,44.63
13308,2025-05-30,3590,P041,1,122.27
10280,2025-08-09,465,P003,1,39.85
4105,11/06/2025,1663,P013,1,"67,03"
8410,01/04/2025,2098,P019,-1,33.90
8035,23/06/2025,3229,P012,1,"46,74"
6304,05-27-2025,3024,P028,2,26.43
17730,11-09-2025,2564,P020,1,59.20
4588,2025-03-09,3108,P017,2,24.46
3147,06/12/2025,1053,P010,1,12.07
8761,2025-03-08,2758,P006,1,50.01
1152,19/02/2025,3744,P023,1,"20,18"
14815,2025-08-29,1637,P006,2,15.80
4938,2025-12-19,2384,P043,2,37.24
5968,2025-05-19,48,P005,1,20.01
12192,09/01/2025,4071,P037,3,21.36
9964,18/03/2025,2999,P033,1,12.93
2652,2025-06-26,3287,P028,3,19.99
3858,18/10/2025,3824,P044,3,43.69
2553,2025-04-16,2222,P016,2,"42,14"
15759,2025-07-14,3738,P005,2,27.97
3691,2025-07-02,3242,P045,1,43.95
5451,2025-04-09,1450,P033,2,11.13
3223,2025-08-12,2738,P001,2,79.85
4498,2025-09-03,1626,P035,1,"62,93"
5449,2025-03-20,3957,P010,3,21.68
10490,2025-04-22,1650,P038,1,"28,31"
5539,2025-08-23,2,P037,2,24.97
14306,2025-12-07,2192,P027,,29.44
1943,2025-07-31,1126,P014,2,20.37
9781,2025-06-05,3231,P020,2,23.66
9306,2025-03-31,3911,P027,1,40.78
15952,26/03/2025,241,P019,1,"30,11"
15849,2025-08-16,1689,P043,2,21.10
11952,2025-05-02,2548,P030,4,37.64
17193,09-16-2025,458,P045,2,"18,63"
2303,22/09/2025,240,P010,2,"41,05"
11094,17/09/2025,2864,P005,4,22.62
12816,2025-02-17,1386,P016,1,38.35
4032,2025-10-23,3441,P032,4,23.72
15625,2025-01-24,2182,P035,1,"19,01"
13884,2025-11-30,1011,P042,1,34.29
1902,10-24-2025,2885,P044,2,96.52
8024,2025-10-18,4099,P016,2,98.25
2949,11/11/2025,3681,P031,1,37.36
17830,2025-06-19,1023,P011,1,31.84
10042,06/02/2025,2837,P010,1,24.00
6373,2025-01-11,155,P030,2,"12,01"
1884,2025-09-05,1835,P010,1,"15,09"
12889,07-17-2025,899,P013,1,22.50
5369,2025-10-31,588,P023,3,23.02
1583,2025-06-05,954,P024,2,117.51
731,2025-09-12,3962,P003,1,"15,82"
660,10-31-2025,2722,P001,2,22.22
12970,06/08/2025,70,P015,2,56.13
17049,2025-07-13,1112,P037,2,23.66
1554,2025-09-29,1457,P031,3,45.66
15386,2025-04-07,401,P012,1,21.51
8396,2025-04-14,4139,P006,1,5.53
9460,2025-07-11,4110,P002,1,35.51
5791,2025-08-14,2943,P035,2,"28,84"
14260,2025-05-02,3232,P045,2,43.25
6492,2025-05-15,641,P008,1,33.17
2538,2025-01-16,1880,P017,1,41.75
12818,2025-05-13,1354,P022,1,54.45
10552,2025-11-11,2736,P018,2,8.97
17053,21/01/2025,4026,P019,4,15.97
8010,01-31-2025,2369,P038,1,"36,79"
15244,11-12-2025,539,P027,4,"17,39"
4649,2025-07-15,1133,P042,2,"27,92"
6624,2025-06-07,1392,P036,1,"35,49"
12648,2025-11-20,1282,P010,1,34.03
10752,2025-06-21,2899,P046,3,58.62
4750,2025-04-10,608,P032,1,23.54
1661,2025-03-10,332,P047,4,47.14
554,18/08/2025,693,P033,4,29.81
6874,16/02/2025,1283,P045,1,26.02
2655,2025-10-03,924,P020,1,"30,12"
14859,17/09/2025,1353,P044,3,"13,69"
12284,2025-08-02,739,P020,2,"11,67"
3789,2025-03-14,3019,P005,1,36.68
16646,2025-06-13,626,P023,2,"165,27"
13928,30/01/2025,1245,P016,1,"32,03"
14481,2025-12-08,3634,P041,3,"15,81"
1291,2025-05-23,3698,P035,2,37.51
5041,05-26-2025,2678,P005,1,44.10
13856,27/09/2025,2464,P036,1,53.49
13500,17/07/2025,1608,P041,1,29.03
6925,28/01/2025,1937,P019,1,"55,23"
13818,2025-05-07,479,P005,,25.06
14117,27/12/2025,1119,P021,2,18.45
14399,2025-06-18,1137,P007,1,40.80
11345,2025-04-23,4141,P019,1,33.89
11420,2025-06-12,556,P017,4,51.89
10186,2025-07-11,1851,P025,3,42.42
14262,26/11/2025,2515,P031,2,35.55
15682,22/06/2025,4022,P027,1,40.18
11947,2025-12-24,815,P037,1,"58,79"
13279,18/06/2025,2145,P021,4,28.31
16541,2025-09-19,158,P024,1,"33,62"
8768,07/02/2025,1996,P040,3,65.18
3652,17/10/2025,1509,P002,3,"87,84"
2910,2025-01-22,3555,P048,1,"23,85"
5905,03/03/2025,1332,P020,4,12.71
5565,2025-08-05,754,P026,1,"8,08"
4126,2025-09-04,1157,P032,1,63.92
16632,04/03/2025,3624,P047,4,26.24
5008,2025-08-06,3117,P020,1,26.31
6260,2025-07-24,185,P013,1,14.10
16335,2025-12-12,1022,P006,2,37.14
719,2025-03-20,469,P039,1,"21,20"
3885,25/09/2025,3079,P032,2,21.64
11077,03/03/2025,3292,P005,1,36.81
2640,22/08/2025,999999,P018,1,30.95
10447,27/08/2025,2676,P023,1,45.14
15400,2025-06-10,2302,P011,1,"102,62"
3833,2025-06-03,676,P047,1,28.97
16854,2025-02-08,1485,P021,3,"13,52"
13531,2025-01-23,3442,P028,1,17.09
8921,2025-12-04,477,P002,2,44.11
17477,25/11/2025,2887,P019,2,"15,09"
15676,24/01/2025,3812,P039,1,31.21
9608,2025-08-21,3583,P019,3,"15,68"
14734,05/09/2025,673,P015,1,23.40
7886,2025-07-02,2811,P021,3,"34,49"
16399,12/11/2025,2362,P044,1,40.85
11021,27/08/2025,3929,P009,1,"40,01"
792,2025-09-01,4085,P003,2,"30,98"
4808,2025-02-13,1443,P008,2,"102,65"
4986,01/01/2025,1571,P003,1,31.68
7327,2025-11-20,3661,P017,2,"37,34"
14173,12-26-2025,1951,P029,2,12.25
10915,11/09/2025,321,P010,3,59.32
2488,2025-10-19,2845,P004,2,"34,56"
15033,2025-04-07,469,P019,1,"58,33"
889,29/03/2025,999999,P020,1,"74,84"
2140,2025-01-18,1588,P010,1,17.49
1736,08/02/2025,426,P038,2,24.55
5034,2025-01-31,1932,P015,3,13.46
1592,27/07/2025,1406,P019,1,56.24
3944,2025-01-31,2531,P026,1,"38,14"
8974,06-21-2025,2852,P042,1,30.05
17582,12/04/2025,3267,P034,1,24.76
2014,24/11/2025,3791,P032,1,20.93
4504,2025-06-15,1078,P017,1,21.61
17470,2025-04-07,3959,P001,2,"20,79"
8835,2025-02-17,2207,P021,1,25.32
4293,08/10/2025,792,P028,-1,32.97
10358,02-22-2025,1988,P046,2,11.35
17693,16/09/2025,2009,P025,2,47.62
11040,08/07/2025,3541,P015,3,10.65
7699,2025-01-30,1342,P042,4,"66,25"
13522,2025-04-14,3685,P014,3,35.09
14870,2025-11-25,539,P017,1,32.08
15693,09-30-2025,1058,P045,2,18.65
11810,12-24-2025,450,P027,1,"53,23"
5045,17/11/2025,3930,P020,1,32.78
15919,25/02/2025,3597,P046,1,30.80
4072,2025-12-05,1450,P032,3,22.00
14387,2025-09-07,2782,P021,3,23.71
15885,11/04/2025,4115,P043,1,"17,11"
6573,2025-12-20,1065,P033,1,28.68
10335,03/09/2025,3000,P022,2,44.29
2832,05-26-2025,1731,P007,2,8.66
2550,2025-11-26,3781,P041,2,14.48
2626,15/10/2025,2604,P037,1,"46,98"
6334,01-04-2025,187,P007,3,"28,23"
4916,2025-07-08,3395,P038,1,30.84
1023,2025-06-16,565,P006,1,"81,88"
10061,2025-08-25,2987,P030,1,30.35
16640,2025-02-28,2528,P045,3,16.49
17891,2025-10-18,1687,P039,1,"14,20"
3775,2025-08-26,1531,P021,3,"13,18"
3947,2025-05-07,1850,P003,3,14.80
1423,2025-03-03,136,P029,3,"11,95"
8087,02/08/2025,117,P037,1,57.59
10500,2025-02-08,1814,P044,3,70.00
4710,23/09/2025,3304,P024,1,46.60
8525,2025-08-20,1652,P001,3,20.23
1899,2025-01-22,2208,P025,1,52.34
176,2025-05-24,898,P013,,22.44
11853,2025-04-09,2787,P046,2,22.75
8337,2025-01-23,821,P012,1,34.56
17465,2025-07-25,4166,P005,1,27.63
6252,2025-05-09,3038,P020,4,23.10
5452,2025-08-05,4027,P038,1,46.10
7853,2025-03-08,3075,P030,2,44.29
8402,16/03/2025,2043,P004,1,41.26
12366,2025-03-30,4142,P036,1,22.31
1442,2025-07-15,2350,P032,1,15.07
8766,2025-01-10,50,P040,1,"16,55"
17293,2025-01-20,2406,P027,2,28.00
9783,2025-07-15,1196,P012,1,37.39
6022,2025-09-05,1453,P011,1,20.33
11111,10/02/2025,1423,P013,2,167.41
297,01-02-2025,1234,P039,1,20.40
10202,06-22-2025,3709,P030,2,"31,68"
10901,2025-05-14,2519,P011,3,"31,41"
5399,12/07/2025,672,P032,2,"30,20"
11075,2025-08-17,2322,P030,3,97.72
1876,08-24-2025,1746,P018,4,25.27
15542,14/03/2025,2618,P003,1,16.43
8780,2025-10-08,4026,P043,1,49.34
9336,05-26-2025,2974,P045,3,"53,32"
12582,2025-05-19,895,P026,2,20.81
10949,2025-12-08,3881,P039,2,"30,27"
13239,02-17-2025,3822,P003,1,"18,72"
16231,04-08-2025,2670,P041,1,"54,81"
14894,2025-10-25,1752,P040,1,24.09
6846,2025-12-26,3424,P019,1,96.59
16274,2025-09-18,387,P005,2,22.10
8943,2025-02-27,2719,P018,2,33.94
11140,2025-02-16,1557,P046,1,31.72
17853,2025-03-17,186,P032,3,"30,55"
78,2025-05-26,3853,P007,2,"30,04"
16014,30/08/2025,2730,P037,1,33.53
12846,2025-03-24,2185,P036,2,16.02
11650,2025-10-20,2015,P029,3,58.44
3581,09/12/2025,2867,P043,2,37.97
13783,08/05/2025,1233,P019,2,31.23
17745,2025-05-08,424,P021,,31.99
14479,2025-08-08,66,P048,2,13.48
12430,2025-07-13,1473,P006,1,"40,49"
4278,01-06-2025,2906,P005,1,16.45
7621,27/07/2025,3447,P048,1,20.23
597,2025-01-24,1609,P036,1,20.22
11183,09-26-2025,234,P006,2,31.51
14043,14/06/2025,2317,P009,2,24.28
7701,2025-11-17,825,P031,3,"32,36"
2440,12-21-2025,1782,P036,2,26.69
7058,2025-11-21,2028,P008,2,"43,08"
7344,2025-09-13,2664,P026,1,15.59
5842,2025-02-10,857,P023,1,22.29
13855,13/11/2025,3702,P025,2,21.85
6183,2025-08-30,569,P025,2,17.56
13306,2025-12-03,3221,P029,1,11.42
6914,2025-09-19,1254,P035,1,10.13
15765,25/04/2025,3212,P029,2,38.22
8710,15/06/2025,248,P041,1,"37,68"
17197,15/12/2025,904,P041,1,"29,50"
16967,2025-10-24,2601,P036,2,"24,38"
16074,22/09/2025,2571,P031,1,25.09
675,07-25-2025,2771,P013,1,17.92
6981,2025-11-13,3272,P013,2,"29,97"
14258,2025-09-06,3176,P037,1,29.21
9080,02-12-2025,2085,P016,1,49.83
7323,26/05/2025,2032,P021,1,21.12
10868,2025-12-14,2057,P035,1,"27,11"
13257,2025-02-19,4111,P018,1,26.90
11072,20/07/2025,3243,P034,4,19.40
14631,2025-01-13,4132,P027,1,18.44
13841,29/07/2025,2336,P038,1,119.85
7748,2025-03-12,3386,P013,2,42.35
15834,06-19-2025,2936,P018,1,49.99
3671,2025-05-18,1905,P039,1,12.54
16756,2025-10-24,443,P004,4,10.02
9682,2025-12-09,2349,P001,3,"25,78"
936,2025-07-22,2435,P022,1,18.65
11108,2025-08-23,2613,P029,1,34.39
1900,2025-04-19,2219,P046,2,"53,94"
15204,2025-10-18,3089,P031,2,47.74
8296,2025-05-10,2709,P043,2,"30,12"
3259,2025-02-19,976,P046,1,7.97
6836,2025-02-03,981,P037,1,"19,47"
6294,2025-01-29,1950,P013,1,54.86
70,15/05/2025,2851,P023,3,45.78
4797,2025-09-15,135,P005,1,"26,14"
6439,2025-02-12,49,P016,1,17.93
1230,2025-04-27,1045,P019,1,"22,36"
16203,2025-11-27,3381,P030,1,"28,36"
2408,12/11/2025,2747,P023,1,30.95
10471,08-14-2025,90,P024,1,21.39
7435,28/03/2025,1643,P011,2,14.92
7339,2025-02-05,999999,P045,1,31.51
10040,19/11/2025,1041,P032,1,13.76
5086,09-12-2025,24,P040,2,"27,72"
17233,14/12/2025,1980,P017,1,"11,36"
11970,09/06/2025,2135,P027,2,21.09
4592,2025-05-22,910,P001,3,41.05
2422,04/11/2025,1808,P009,1,36.29
14671,27/08/2025,1430,P015,1,12.90
10063,2025-08-04,995,P034,,13.55
5160,2025-08-10,999999,P039,1,16.60
2756,2025-12-01,3513,P010,3,38.49
6180,02-19-2025,1095,P001,1,13.53
2119,14/09/2025,3187,P001,2,26.67
8838,04-15-2025,2510,P042,3,"16,08"
15929,2025-07-27,999999,P018,2,"15,04"
9404,2025-03-09,3653,P026,2,43.19
7682,2025-12-29,1846,P014,1,31.13
12718,2025-01-09,1752,P018,1,15.71
9837,11-07-2025,884,P018,1,14.31
1866,23/10/2025,3401,P030,1,39.74
3423,24/11/2025,1405,P008,1,28.90
4124,2025-12-19,1612,P021,4,"21,68"
12903,2025-11-26,1925,P016,2,61.34
4938,2025-12-19,2384,P043,2,37.24
11595,2025-07-25,1361,P015,1,19.99
5038,2025-06-06,2287,P046,1,"41,09"
5571,2025-01-11,2488,P032,1,26.76
9533,20/01/2025,1894,P010,1,32.17
2763,2025-12-05,3984,P039,2,17.13
8388,05-11-2025,110,P001,2,21.38
7494,24/03/2025,357,P012,1,"75,02"
16157,2025-10-03,2419,P026,1,24.27
1253,2025-05-17,1082,P008,1,43.28
3987,20/12/2025,3356,P013,1,"5,55"
3754,2025-07-24,999999,P023,,"37,36"
9213,21/12/2025,4176,P011,1,30.45
4283,17/10/2025,3681,P018,2,"23,74"
2502,30/05/2025,2559,P022,3,13.57
17690,2025-04-10,2867,P044,1,32.98
6645,2025-06-27,1902,P020,1,"28,12"
4009,12/03/2025,2612,P029,1,15.19
2873,18/07/2025,2108,P019,2,"78,60"
14798,05/12/2025,2603,P022,2,"36,90"
4870,2025-09-27,1249,P028,3,19.19
10767,20/09/2025,3419,P020,3,11.99
11302,05/01/2025,3361,P024,2,43.60
3330,2025-04-29,2528,P029,2,23.76
4202,2025-03-13,1019,P018,1,19.69
14756,2025-11-08,3675,P026,1,24.53
10474,12-03-2025,956,P005,1,"15,04"
6227,2025-05-29,3098,P012,2,11.40
10247,2025-03-03,1286,P037,2,33.98
7044,14/05/2025,3765,P015,1,18.65
3904,2025-10-28,3705,P021,-1,44.40
443,2025-12-22,2182,P042,1,24.86
10287,26/11/2025,1049,P043,2,13.70
1978,2025-01-20,3142,P005,1,22.02
10386,2025-01-31,3035,P037,1,75.94
7862,2025-11-04,1692,P047,1,42.67
12790,2025-03-13,3474,P001,1,55.20
6237,13/02/2025,1577,P047,3,"12,00"
3787,2025-08-17,2833,P027,3,"10,45"
4736,2025-11-10,3849,P044,1,"9,47"
12373,11-10-2025,3754,P035,2,37.41
10380,2025-08-14,2809,P047,1,33.20
14189,2025-04-25,1895,P034,2,16.87
8606,01/03/2025,4143,P005,1,101.91
556,2025-08-05,1184,P032,1,75.57
9803,08/10/2025,1855,P048,3,25.32
1313,2025-07-31,3391,P044,2,8.93
11093,2025-06-04,2739,P045,1,"16,70"
579,2025-06-16,2574,P018,1,98.81
3145,2025-07-12,686,P042,1,"20,19"
12262,2025-07-25,2995,P005,-1,"11,98"
5830,26/07/2025,1134,P016,2,11.66
15223,18/12/2025,3496,P048,1,12.91
8842,03-17-2025,3621,P009,1,"30,41"
6899,2025-04-06,3357,P024,1,33.87
9637,2025-10-13,3797,P011,2,23.66
9621,2025-02-12,2684,P009,2,57.17
14050,06/04/2025,2601,P030,-1,"47,39"
5510,11/08/2025,976,P006,1,56.78
3561,2025-11-18,3028,P010,1,28.98
5766,13/08/2025,4173,P040,2,34.76
12129,01-03-2025,3493,P014,2,43.32
4998,03/01/2025,3363,P028,2,21.95
6274,06-26-2025,588,P023,1,"30,61"
14776,03-23-2025,2688,P006,3,46.66
17718,07/05/2025,1819,P024,1,18.03
5327,2025-02-20,21,P012,4,"28,82"
16554,04-19-2025,3554,P042,2,"11,25"
16329,11/08/2025,1241,P048,1,21.61
3536,2025-09-28,2447,P012,2,"17,39"
6177,10-03-2025,2135,P037,,9.19
1950,04/12/2025,1801,P031,1,41.18
12501,2025-10-17,1540,P008,1,"53,37"
9148,2025-03-28,994,P026,2,25.61
11765,2025-07-02,4156,P031,4,33.42
1047,2025-06-04,1351,P025,2,10.12
8613,2025-05-09,2424,P046,1,"16,59"
5608,29/06/2025,977,P001,1,23.29
5666,2025-11-17,3060,P006,2,13.16
1010,11-13-2025,2980,P027,1,"38,60"
16425,2025-08-03,3399,P002,1,22.35
7305,2025-10-27,2491,P026,,"48,65"
1353,2025-07-21,1238,P029,1,"60,17"
14934,26/02/2025,823,P025,2,8.13
7612,25/05/2025,1825,P024,2,"21,88"
4253,07-21-2025,3069,P008,1,42.45
4487,05/11/2025,108,P029,2,"41,97"
8784,08-19-2025,1796,P008,,10.74
10338,2025-08-13,836,P004,1,58.04
1941,2025-01-03,3518,P021,1,24.65
1306,26/01/2025,1749,P025,3,24.42
7087,2025-11-25,2392,P019,1,"53,12"
17550,07/04/2025,1317,P017,1,24.10
9788,2025-02-28,2404,P043,1,20.53
15307,2025-01-20,111,P017,1,14.83
15496,2025-06-28,254,P002,2,33.96
2465,12-30-2025,958,P023,1,109.29
8785,2025-04-05,2397,P018,-1,27.80
2689,2025-04-17,624,P029,1,18.07
15595,2025-10-22,521,P013,1,24.23
7246,25/10/2025,2251,P026,2,10.08
7916,2025-07-10,963,P031,1,27.98
13556,2025-05-12,3811,P020,1,"46,45"
8818,02-20-2025,2385,P017,1,"24,87"
10223,28/02/2025,1913,P010,1,15.97
2091,2025-05-31,1770,P041,2,10.16
9768,2025-08-11,4064,P039,1,"23,41"
11015,2025-08-04,4136,P043,2,21.09
4708,10/05/2025,2640,P020,1,52.72
12480,2025-11-20,2303,P025,1,"24,14"
12439,08/10/2025,781,P026,2,42.62
17321,28/10/2025,1737,P028,1,"8,06"
15272,26/01/2025,2943,P026,2,59.51
10143,10/04/2025,3067,P023,1,"11,31"
11259,2025-06-08,1076,P009,3,27.97
10331,2025-07-21,4077,P035,2,19.28
16111,2025-06-05,2210,P004,3,57.00
3715,2025-04-04,3065,P010,2,42.44
347,2025-09-28,1062,P017,4,18.13
13196,08-07-2025,649,P047,2,39.25
7768,10/10/2025,3021,P013,1,"19,53"
10975,2025-12-11,2022,P038,1,18.88
7093,10-22-2025,4173,P010,1,15.84
13326,12-16-2025,3340,P003,1,"100,57"
7635,12/05/2025,360,P023,1,27.34
8781,2025-06-19,887,P041,1,61.06
9621,2025-02-12,2684,P009,2,57.17
14656,2025-01-26,3777,P012,2,60.14
2704,2025-01-29,1792,P010,1,20.32
15154,22/03/2025,2541,P036,1,28.58
612,2025-08-31,2522,P036,1,"21,31"
12101,14/02/2025,3114,P028,2,12.54
13029,05/06/2025,3847,P012,1,"22,74"
1138,13/05/2025,4029,P048,2,13.64
11634,08/11/2025,395,P017,1,33.05
945,2025-06-01,2634,P037,2,30.43
5136,2025-02-20,3468,P034,1,21.05
8625,2025-03-19,1421,P034,1,25.81
16363,10-29-2025,3203,P013,1,"36,22"
15654,2025-03-25,520,P021,1,53.25
8936,18/05/2025,4195,P017,1,"54,20"
12705,2025-05-27,2349,P002,2,76.32
11987,2025-06-12,999999,P011,1,45.78
5061,24/09/2025,3015,P004,1,15.18
2355,2025-04-02,783,P027,2,"35,85"
5706,09/08/2025,2595,P001,2,26.76
17967,2025-05-03,3962,P002,3,25.93
8216,24/07/2025,104,P002,1,32.88
16408,19/09/2025,1277,P025,1,13.41
4418,01/03/2025,4023,P015,3,54.14
16191,04/05/2025,2961,P047,1,13.55
6612,2025-05-12,3313,P014,2,6.31
15827,2025-08-15,2587,P002,1,47.60
3864,2025-12-30,1045,P042,1,25.30
774,02-03-2025,1169,P011,2,"53,90"
10139,2025-03-22,1264,P016,1,48.91
7309,10/09/2025,3407,P041,2,26.93
83,2025-02-13,2849,P005,2,35.75
9252,11/06/2025,1674,P032,1,18.08
16973,08/02/2025,872,P019,3,46.00
9130,2025-04-16,3010,P032,1,16.06
14958,10-29-2025,3822,P010,4,"12,39"
6012,12/05/2025,999999,P022,1,20.62
1852,27/04/2025,238,P002,1,44.17
16511,20/12/2025,3237,P003,2,56.78
13854,2025-11-05,3992,P004,1,25.40
4165,12/11/2025,3605,P043,1,"7,77"
3395,07/02/2025,770,P018,4,46.91
16481,03-23-2025,1804,P019,2,36.83
8631,2025-02-01,1887,P007,1,"38,39"
8696,12-25-2025,2816,P029,3,44.59
9778,2025-08-12,4124,P011,3,23.54
17058,2025-01-04,2651,P010,1,26.64
14964,10/02/2025,1267,P025,1,75.51
16877,2025-12-09,1322,P037,2,"19,03"
932,11-16-2025,4066,P028,1,53.74
16737,01-15-2025,2762,P048,3,"14,80"
6784,2025-01-20,4109,P044,1,"35,31"
10253,04-25-2025,1649,P015,2,53.37
3176,2025-01-27,599,P036,1,64.58
4055,07-03-2025,1890,P002,1,"21,97"
540,2025-12-13,3015,P004,3,44.28
8839,2025-01-13,4180,P032,1,39.31
7298,04/04/2025,2053,P012,3,19.32
11676,2025-12-28,4112,P018,1,49.92
7766,2025-04-03,3908,P035,2,67.30
11882,2025-03-25,999999,P010,4,21.25
7843,07-17-2025,880,P013,1,25.28
2788,2025-10-23,3975,P026,1,"13,99"
4307,16/04/2025,971,P008,1,53.79
8371,12/07/2025,2063,P013,1,15.92
11563,15/06/2025,3865,P045,1,17.84
13381,15/04/2025,1214,P046,2,"44,48"
110,2025-04-10,407,P037,1,20.10
4225,2025-05-22,1128,P028,2,19.28
6729,30/09/2025,3236,P021,2,24.11
5643,2025-11-22,4167,P036,1,26.90
2246,2025-10-06,654,P014,1,22.05
2406,23/07/2025,2943,P047,2,17.74
15671,2025-07-30,2873,P007,1,22.19
183,10-01-2025,3280,P028,2,15.51
9571,17/04/2025,2077,P035,3,"23,43"
15009,2025-03-12,2725,P041,2,"43,05"
16650,2025-02-21,2476,P033,3,"21,25"
9065,2025-07-10,4095,P015,1,"18,73"
15,04/05/2025,1216,P039,1,88.32
11442,12/12/2025,3888,P021,3,7.78
8297,2025-08-17,2040,P040,3,18.39
16809,2025-11-16,3286,P014,3,10.14
2099,2025-04-16,3728,P002,2,"50,55"
14006,2025-05-10,10,P038,,"11,51"
7818,2025-10-05,81,P032,2,52.39
8042,2025-06-02,2590,P022,1,13.73
8962,2025-05-11,999999,P028,1,170.14
9975,2025-07-18,664,P025,2,44.66
4309,25/06/2025,2854,P040,2,23.80
16539,2025-10-26,610,P003,1,15.64
16431,2025-01-29,1013,P002,3,"22,90"
375,10-29-2025,705,P018,3,"12,55"
17751,05-08-2025,2202,P034,3,29.51
16664,04-24-2025,653,P025,1,26.00
16297,02/11/2025,1046,P010,2,10.03
4172,2025-02-09,2523,P010,1,72.10
11985,2025-11-15,1503,P009,,"22,18"
1394,2025-06-29,299,P039,1,"28,37"
2938,2025-08-07,3091,P025,1,"64,56"
17850,04/11/2025,2490,P047,1,"21,00"
9054,2025-12-15,2992,P001,2,"15,80"
1898,2025-08-15,3214,P006,1,40.55
17006,2025-02-22,739,P037,3,18.14
15293,14/03/2025,1508,P010,1,"32,15"
2298,25/01/2025,4131,P008,1,47.62
8511,2025-02-13,2798,P003,1,"23,99"
4807,03/12/2025,2347,P003,1,29.27
12944,2025-02-15,1661,P044,2,"21,35"
3990,22/05/2025,3207,P024,1,12.33
2165,05/02/2025,3956,P047,1,30.87
8916,2025-07-30,109,P014,,"49,92"
17398,2025-10-21,6,P042,1,"45,64"
1596,2025-09-18,1916,P005,1,"21,05"
7759,2025-07-31,3946,P008,1,"42,25"
11098,2025-05-29,1977,P005,1,13.33
11460,29/09/2025,2012,P021,1,17.11
10494,2025-06-25,2496,P025,1,48.56
3201,2025-05-12,1778,P030,2,40.08
5330,2025-12-26,1152,P034,1,17.12
13421,2025-05-25,2679,P033,3,57.38
3403,2025-06-10,443,P033,1,29.85
6016,11-05-2025,2703,P023,1,139.52
11653,06-16-2025,2165,P048,1,8.64
1690,06-19-2025,3649,P042,1,29.66
5476,06-20-2025,746,P045,1,"38,34"
3019,2025-03-06,6,P035,3,30.68
17548,2025-01-21,1920,P040,2,36.40
139,2025-11-15,173,P035,1,57.87
16452,03/03/2025,329,P039,1,18.01
11252,2025-03-24,2308,P028,1,51.46
15785,04/05/2025,470,P043,4,47.58
5562,2025-05-27,1876,P030,1,"13,03"
11180,2025-05-16,3757,P009,1,37.52
532,2025-05-27,2522,P011,1,39.48
4358,2025-03-15,1795,P012,1,"39,16"
7863,2025-07-26,956,P022,1,39.39
11833,03-11-2025,773,P007,,22.22
10164,2025-05-31,1391,P046,1,74.92
6945,2025-12-13,1256,P001,1,36.54
5740,2025-10-24,1357,P046,1,25.27
8990,2025-01-28,1462,P012,1,19.86
13228,2025-05-15,449,P023,2,19.05
13938,2025-10-02,695,P003,1,27.52
5894,2025-03-18,2541,P036,2,44.99
4657,2025-12-06,2567,P020,1,44.67
6589,2025-07-09,344,P010,1,26.44
13277,2025-06-27,2033,P028,1,"26,54"
8708,2025-08-29,581,P016,2,"14,34"
16781,2025-09-15,782,P024,1,36.36
1643,14/02/2025,2542,P017,-1,"85,27"
5450,2025-12-19,363,P006,1,81.05
6849,2025-02-08,2913,P011,1,34.18
15212,2025-03-20,3119,P030,2,66.34
2783,2025-08-30,3212,P047,2,50.25
3723,2025-11-03,3484,P019,2,33.12
7752,2025-05-31,3178,P022,1,28.68
14008,2025-09-23,3587,P033,2,69.77
5078,12/01/2025,167,P032,1,24.13
11573,2025-01-28,3554,P032,1,14.15
13591,02-18-2025,755,P005,3,42.63
9744,2025-04-05,1774,P044,2,23.33
17071,11/07/2025,3741,P019,4,"133,72"
11518,2025-04-16,566,P032,1,"30,95"
3108,2025-05-26,3992,P018,1,"16,75"
15265,02/01/2025,472,P011,1,31.21
2084,2025-09-05,2917,P039,3,"17,39"
10687,2025-01-01,2041,P046,1,22.92
6190,2025-06-09,992,P045,1,37.36
16482,31/03/2025,733,P018,2,41.30
4480,04/07/2025,305,P032,1,38.91
16625,03-07-2025,1015,P001,2,33.28
14795,2025-04-02,1011,P038,2,18.99
6709,2025-09-07,1536,P004,1,12.54
7946,2025-11-07,1164,P040,2,27.34
11290,2025-05-04,540,P016,1,"24,56"
2598,2025-05-11,324,P006,1,13.00
14266,01/12/2025,927,P031,1,"50,14"
16505,2025-05-15,3021,P036,1,"21,22"
13498,2025-07-10,1247,P042,1,40.54
16376,12/08/2025,4144,P026,1,15.05
10062,17/07/2025,2517,P041,1,75.47
17524,2025-08-10,623,P007,2,23.80
14862,06/09/2025,3478,P009,1,10.10
3823,2025-05-07,1130,P005,1,47.52
6955,2025-03-11,864,P029,1,53.57
5668,28/08/2025,1016,P025,1,16.73
12411,2025-08-08,2099,P009,1,22.19
17554,2025-05-31,487,P041,1,36.86
10475,2025-05-17,2454,P024,2,34.99
2945,2025-11-13,2771,P037,1,40.74
1802,2025-11-27,4189,P042,1,16.77
6217,2025-08-02,55,P011,3,32.30
255,09/02/2025,3576,P032,1,33.31
7593,2025-10-03,1776,P009,1,14.98
2442,2025-02-20,3520,P006,3,26.04
10478,09-01-2025,1412,P028,1,13.85
15448,2025-10-17,914,P001,1,28.59
10719,2025-10-19,4106,P027,2,19.26
7581,27/05/2025,3843,P017,4,33.14
17221,16/11/2025,205,P047,1,"24,13"
17750,2025-06-24,2527,P007,4,26.46
739,2025-08-31,1000,P047,1,"15,50"
15815,06/06/2025,219,P032,1,20.93
11509,2025-02-19,3916,P013,1,"19,98"
1331,03/05/2025,3094,P011,1,22.34
16153,11-08-2025,1767,P017,1,24.06
237,07-18-2025,148,P037,1,19.90
7960,28/10/2025,2282,P013,1,44.51
16981,03-18-2025,2445,P010,1,11.94
12849,15/09/2025,1954,P001,1,"43,48"
1082,2025-08-01,1051,P007,2,"45,04"
4743,2025-01-20,3000,P013,3,31.11
12828,16/05/2025,670,P045,1,"48,21"
13380,2025-10-16,3071,P048,1,"34,87"
1421,2025-12-26,2347,P046,1,"20,37"
9425,09/07/2025,559,P015,4,"41,41"
12736,04/12/2025,3032,P046,2,31.31
6341,2025-10-28,2299,P018,1,18.54
15927,2025-10-15,1784,P013,1,"16,56"
15151,2025-02-12,1844,P006,1,9.63
7647,2025-11-25,500,P041,1,"39,49"
9748,01-17-2025,3736,P026,2,"14,36"
4450,13/06/2025,878,P046,4,"13,21"
6627,2025-08-05,1257,P008,1,80.83
16230,2025-05-24,3629,P009,1,28.41
10293,12-15-2025,1753,P036,3,9.88
13499,2025-03-18,3948,P005,2,55.96
5718,2025-04-27,1983,P014,2,23.35
581,2025-12-12,762,P039,1,25.93
8731,03-15-2025,629,P030,3,"17,57"
4250,2025-05-27,3931,P048,1,31.75
2965,2025-07-26,1595,P001,,45.53
551,2025-12-11,291,P018,3,"72,27"
12974,2025-11-04,2615,P042,,10.79
8001,2025-04-20,830,P028,3,"34,47"
8541,2025-12-08,1783,P001,3,74.79
344,2025-09-05,999999,P032,1,21.08
5257,29/11/2025,3235,P013,1,"86,69"
5411,2025-09-15,957,P018,3,17.48
17423,06-02-2025,1801,P024,1,17.41
1924,10/11/2025,4017,P028,1,13.17
2589,2025-04-20,2552,P033,1,7.58
2193,2025-09-27,3390,P044,1,23.89
3495,2025-03-16,1125,P010,1,20.35
7034,2025-09-25,2592,P025,1,24.85
16698,30/09/2025,979,P032,2,22.73
4829,2025-01-17,1304,P044,2,27.31
17236,11-04-2025,1501,P018,1,18.25
17758,2025-03-03,2819,P007,1,"11,58"
1706,2025-10-11,582,P005,1,"43,19"
15377,2025-11-17,2138,P016,1,10.08
6337,2025-11-20,989,P045,2,14.69
11367,10-17-2025,3411,P014,1,13.58
967,08-20-2025,2347,P025,2,32.82
12579,2025-11-29,4005,P015,1,14.18
2829,03-03-2025,2618,P036,2,"21,29"
7741,2025-05-21,2105,P039,1,"76,09"
15114,2025-10-19,3999,P025,3,14.90
2677,16/10/2025,3403,P030,3,21.02
2397,03/07/2025,2166,P048,1,"70,39"
6926,07-25-2025,2078,P037,1,"63,28"
7621,27/07/2025,3447,P048,1,20.23
10093,2025-06-18,1897,P047,1,68.75
3219,2025-03-17,2379,P017,1,"50,96"
16009,18/10/2025,2102,P037,2,20.75
7576,16/10/2025,1004,P046,2,16.77
2855,08-08-2025,999999,P008,2,47.35
1126,2025-05-30,992,P007,3,95.92
2475,2025-05-31,1843,P035,2,12.16
8149,29/11/2025,2728,P005,1,"23,92"
381,27/05/2025,3240,P019,1,57.00
5064,08/02/2025,3158,P006,-1,"17,59"
10748,31/12/2025,1047,P048,1,19.24
1343,10/08/2025,999999,P008,,22.16
16262,2025-05-31,731,P012,1,"19,75"
8447,2025-09-13,1088,P030,2,"48,58"
3650,2025-06-01,2683,P023,2,12.76
13172,2025-01-16,2261,P027,2,"15,30"
14094,2025-06-22,442,P006,1,11.82
104,03/04/2025,2315,P013,1,10.66
9250,2025-02-21,2527,P008,1,29.28
12159,07-13-2025,2042,P018,1,27.57
5970,12-24-2025,417,P039,3,"20,23"
3841,27/07/2025,468,P014,1,"86,90"
10104,02/08/2025,3488,P017,-1,19.30
5202,2025-04-14,3486,P003,1,"82,11"
16908,2025-05-25,1928,P025,1,18.32
2001,03/02/2025,1315,P012,1,"24,30"
6198,04/11/2025,1493,P044,1,42.86
3608,2025-05-28,1566,P020,2,36.15
1436,2025-09-27,3743,P037,1,21.40
10502,2025-02-13,2658,P019,1,"15,88"
12508,2025-01-07,2475,P020,2,"33,80"
16976,2025-02-16,999999,P037,1,32.90
9601,2025-05-04,1462,P013,1,"19,64"
490,2025-06-27,3432,P028,4,"21,08"
15577,12/05/2025,3951,P021,1,41.56
4369,2025-05-09,3885,P010,1,"61,53"
15192,01-25-2025,14,P042,1,"14,48"
1079,2025-05-26,537,P020,1,64.01
532,2025-05-27,2522,P011,1,39.48
5572,2025-11-11,4116,P003,2,"22,87"
16101,2025-05-30,96,P047,1,21.54
4898,27/10/2025,1434,P040,4,24.78
13114,2025-06-16,1576,P031,1,11.32
6199,2025-09-20,1869,P043,1,"20,36"
4565,18/01/2025,1004,P024,1,"11,11"
4525,2025-10-07,1581,P033,2,21.41
7978,17/12/2025,3600,P005,1,51.17
4068,02/08/2025,3963,P003,1,20.70
16470,2025-04-25,522,P017,2,58.72
2716,2025-06-30,809,P042,2,9.71
9519,2025-07-23,197,P035,2,39.11
2289,2025-04-22,3356,P040,4,"19,81"
14475,2025-08-17,3143,P003,2,21.76
192,2025-05-30,3932,P035,2,52.32
17130,2025-10-22,1681,P010,1,37.17
11735,2025-10-05,3217,P039,1,24.97
6687,10/08/2025,467,P025,1,"31,97"
14989,2025-12-18,1548,P010,3,26.16
15016,2025-10-03,1382,P011,1,38.58
16008,04/11/2025,429,P012,1,21.74
12834,2025-11-26,3118,P024,2,9.86
16948,2025-03-21,2200,P011,3,58.67
5841,2025-09-25,4195,P038,1,"32,42"
16427,2025-07-09,337,P032,2,33.07
4233,2025-03-03,2983,P005,1,36.98
14439,14/01/2025,2151,P043,2,"28,43"
15499,2025-01-22,2863,P004,3,30.40
16416,08/07/2025,1824,P010,2,58.87
10454,16/08/2025,2714,P027,1,46.39
12571,2025-10-22,336,P007,1,36.29
1074,2025-07-14,62,P012,1,"25,88"
9553,2025-08-20,3749,P027,1,32.39
10341,03/07/2025,3818,P002,2,27.80
2794,05-02-2025,3947,P047,1,"111,70"
340,2025-02-16,3743,P004,1,35.01
10503,11/11/2025,3971,P004,4,14.76
677,2025-10-29,1652,P007,1,41.30
5925,05/05/2025,3792,P030,4,14.80
3246,16/06/2025,3955,P033,1,31.43
11633,2025-09-08,419,P010,1,"56,30"
4989,2025-07-06,3995,P028,1,16.61
5318,2025-04-28,4137,P048,1,16.32
14903,2025-04-24,1135,P036,2,36.53
16429,2025-09-28,2540,P040,3,25.81
10995,03-29-2025,44,P018,1,93.14
10020,2025-12-11,379,P043,1,"22,92"
6238,04-24-2025,4030,P043,1,21.46
12178,2025-12-29,1639,P041,2,36.63
11618,2025-06-04,817,P017,1,23.12
5656,2025-03-04,420,P017,2,"24,04"
17742,2025-04-29,1236,P019,2,12.07
5092,2025-06-21,3773,P042,1,"28,87"
744,2025-11-29,2926,P040,1,12.61
3943,2025-04-15,2749,P048,1,"27,76"
6039,2025-01-17,841,P020,2,"11,74"
17471,2025-08-26,3630,P008,1,12.21
3774,19/02/2025,837,P027,1,22.80
6297,2025-01-06,1558,P048,1,7.33
4850,2025-11-23,1376,P045,3,"29,65"
8256,2025-07-06,3892,P037,3,35.79
5281,09/10/2025,1669,P013,1,14.38
11010,28/06/2025,2918,P024,1,"47,71"
14138,2025-03-06,1760,P036,3,27.15
13923,10-18-2025,2644,P019,1,84.74
12086,2025-05-14,1214,P018,2,"52,00"
5356,2025-02-16,3342,P040,1,24.96
12259,2025-07-01,1482,P048,1,"20,32"
3795,2025-12-18,4128,P009,2,43.71
4238,2025-02-04,2483,P039,1,85.24
11358,2025-10-10,3493,P007,1,17.18
10723,2025-07-29,30,P030,1,19.52
5390,2025-08-04,2740,P027,2,23.36
7497,2025-06-20,116,P042,2,34.12
869,2025-08-20,2397,P043,4,"49,98"
9906,08/02/2025,2816,P025,1,"54,79"
8611,2025-06-07,3794,P002,2,15.61
12626,2025-09-04,2554,P038,3,69.71
13095,2025-01-01,2959,P009,1,17.55
10712,2025-08-04,2542,P019,1,22.40
12207,2025-08-14,3295,P035,2,28.57
12729,2025-04-09,1046,P022,3,15.62
4550,2025-03-11,627,P031,2,"17,90"
16,04-04-2025,1162,P048,1,35.04
1443,2025-04-13,631,P033,1,"33,64"
10584,20/12/2025,2236,P020,2,74.64
9881,14/11/2025,512,P042,1,35.49
15198,2025-02-03,3541,P011,1,19.51
17821,04/02/2025,217,P014,,20.39
16245,2025-10-14,3842,P034,2,"14,34"
6261,2025-01-31,3416,P026,1,38.93
9895,04-26-2025,1270,P036,2,10.46
3214,2025-11-07,2962,P014,3,41.46
8750,2025-07-08,1937,P040,2,"45,41"
12022,2025-10-01,1689,P043,2,"23,85"
5402,01-03-2025,1171,P032,2,23.21
12857,2025-06-04,2072,P038,1,"27,17"
16628,03/02/2025,1793,P011,1,19.61
10,25/11/2025,1316,P036,2,20.49
3430,23/03/2025,2381,P047,2,33.66
8561,11/12/2025,1200,P034,1,28.24
6944,2025-04-15,3896,P024,1,4.60
5800,15/08/2025,215,P037,2,8.91
13926,2025-03-17,1060,P042,-1,25.84
9350,2025-01-18,2051,P005,2,23.32
8564,2025-05-16,4095,P038,1,25.83
14586,16/12/2025,735,P035,1,24.37
11403,2025-03-13,2975,P044,1,25.26
15583,02-27-2025,999999,P028,2,45.58
12072,2025-02-24,999999,P009,1,31.71
1453,2025-12-31,2399,P020,1,"4,64"
16598,11/08/2025,2994,P014,1,40.66
10468,2025-02-11,3262,P016,1,34.61
14521,04-22-2025,982,P038,1,14.15
14890,2025-12-01,673,P025,2,45.31
13698,17/05/2025,1115,P007,2,"19,99"
15185,2025-06-22,3306,P011,-1,29.58
5215,2025-01-15,3196,P047,1,"24,64"
10905,2025-12-04,1948,P030,1,61.07
6835,2025-08-08,3332,P030,1,31.20
3111,16/05/2025,1146,P006,1,53.73
7187,05/02/2025,2207,P024,1,13.97
17454,2025-02-04,3996,P036,2,"23,35"
976,27/05/2025,3383,P012,4,12.30
3110,2025-08-30,104,P005,2,"47,61"
11288,26/04/2025,1536,P043,1,29.37
2797,09-03-2025,3830,P035,1,42.64
15809,2025-12-22,1752,P047,1,"73,52"
13217,2025-04-15,2970,P023,2,41.02
1178,2025-06-15,2889,P026,2,43.19
8908,28/04/2025,2357,P003,1,19.33
7794,2025-11-17,604,P023,1,"13,54"
919,17/06/2025,3681,P039,4,23.80
8026,2025-08-15,92,P020,2,31.20
11727,04-26-2025,1373,P042,1,16.49
14688,2025-02-13,2797,P011,1,15.75
15989,2025-07-02,1423,P047,2,45.52
6132,2025-09-15,1010,P041,2,"73,21"
11209,13/01/2025,2916,P001,2,26.26
8229,2025-05-15,602,P031,3,19.17
8646,2025-06-14,1744,P023,1,27.88
467,11-25-2025,2981,P032,1,"14,08"
2068,08/11/2025,1907,P022,2,"10,12"
2899,2025-08-11,4074,P037,1,"32,03"
4483,2025-06-22,3026,P021,1,21.81
11654,2025-05-23,3879,P026,1,"28,95"
1214,07/07/2025,4144,P038,2,39.29
77,2025-11-18,664,P037,1,"6,25"
10258,2025-05-18,2316,P012,1,17.21
17990,2025-11-09,1017,P020,1,55.07
12078,2025-01-29,2467,P018,1,"38,22"
544,2025-04-25,3983,P011,1,23.54
14945,2025-06-23,4189,P032,1,49.59
10705,10/02/2025,1363,P030,3,42.06
15306,2025-11-28,2930,P026,2,53.14
6765,04/01/2025,1477,P003,1,"34,40"
17992,2025-10-19,3031,P025,2,"7,72"
14230,12/03/2025,2534,P013,2,56.45
13516,2025-11-12,3027,P018,,"76,42"
17532,2025-05-14,200,P045,1,47.66
2537,25/03/2025,1487,P031,1,50.71
15238,2025-02-09,357,P025,3,8.90
16940,04/03/2025,2085,P015,2,48.74
2201,08-26-2025,310,P024,4,"20,90"
425,2025-08-29,1296,P042,4,"38,08"
6155,12-27-2025,2098,P034,1,"19,17"
6629,2025-04-06,600,P017,2,21.95
15745,2025-04-22,273,P014,4,48.93
15507,18/12/2025,2534,P003,4,"72,12"
15399,2025-07-29,3509,P045,1,"8,92"
9336,05-26-2025,2974,P045,3,"53,32"
9766,19/03/2025,3476,P015,1,22.91
12109,31/07/2025,2739,P033,1,80.60
1182,2025-01-17,1978,P043,3,31.09
14711,24/09/2025,585,P030,1,76.91
10674,2025-12-15,1588,P038,1,"31,55"
14480,2025-08-28,3206,P010,1,"68,58"
16179,2025-05-18,654,P040,2,"40,68"
5958,02/09/2025,441,P045,3,28.07
6359,12/09/2025,719,P007,1,52.66
630,2025-08-17,1159,P005,1,38.22
6310,20/04/2025,2685,P001,2,30.45
17106,2025-02-19,396,P042,1,"27,51"
13197,2025-06-04,3723,P042,1,36.48
4963,2025-04-20,3332,P014,1,38.99
4604,2025-11-29,3577,P001,4,6.36
3180,13/08/2025,3363,P021,1,38.32
16829,09-30-2025,1040,P001,2,"55,75"
14930,03/02/2025,2555,P048,1,"52,96"
8095,2025-01-11,3626,P043,1,7.87
14103,2025-01-24,4099,P003,1,"20,06"
1147,2025-11-25,2710,P043,2,"21,33"
8965,26/04/2025,1303,P009,1,38.07
3893,2025-05-23,3663,P029,1,31.65
10906,2025-09-14,1663,P035,2,27.32
7450,03-08-2025,1312,P038,2,"38,75"
12412,2025-04-25,2013,P036,1,58.69
6211,20/08/2025,1593,P041,1,24.30
15680,10-22-2025,395,P018,1,"20,76"
13103,10/01/2025,4158,P004,1,"14,60"
585,2025-04-20,3283,P012,3,"26,13"
12525,14/08/2025,1440,P013,1,118.33
13701,2025-04-07,1474,P031,1,"45,34"
14715,08-28-2025,2871,P005,3,11.14
16449,2025-01-20,3820,P001,2,20.10
9113,2025-04-10,1539,P029,2,"4,90"
9776,2025-08-02,3126,P027,3,48.83
14571,19/07/2025,653,P030,1,60.03
3772,2025-06-14,3067,P043,,19.05
17900,03/02/2025,2116,P046,1,36.31
6005,11-08-2025,3043,P001,1,3.94
1233,05/01/2025,1020,P038,1,16.62
1222,12-19-2025,999999,P038,1,33.61
1704,19/02/2025,195,P039,1,"17,79"
12288,2025-08-14,1738,P030,1,31.87
16340,15/05/2025,3839,P006,1,15.14
6346,05/03/2025,3314,P021,4,"9,99"
1609,15/03/2025,3522,P005,1,12.30
145,13/06/2025,3429,P014,1,26.75
10218,2025-12-21,3241,P010,4,31.56
6949,2025-12-18,1195,P013,1,37.35
4112,2025-02-12,802,P039,1,"14,35"
7386,13/04/2025,1111,P028,1,17.95
15699,16/06/2025,3241,P048,1,25.64
15708,2025-07-15,2589,P037,1,"55,68"
6953,01-27-2025,2332,P038,1,41.34
2953,18/08/2025,1199,P025,1,48.62
8843,2025-01-08,2670,P030,2,"20,54"
17069,2025-04-19,176,P001,4,"121,51"
441,2025-10-21,1570,P019,1,"33,48"
10553,2025-01-03,772,P002,1,47.69
4623,2025-10-01,2733,P027,2,"34,47"
8570,2025-07-27,2984,P023,1,45.16
5624,2025-07-31,3215,P023,1,53.12
3506,2025-08-15,3712,P038,1,25.59
7885,11/03/2025,793,P023,1,9.10
17145,30/05/2025,770,P004,2,11.82
16988,2025-01-04,572,P013,2,"21,59"
2510,12-23-2025,3837,P022,1,20.86
2671,10/11/2025,854,P044,2,"64,47"
6018,2025-09-14,76,P001,1,14.28
17533,2025-08-19,3021,P027,3,48.43
6291,2025-07-13,1227,P024,1,7.96
7839,12/11/2025,2738,P015,1,41.61
10057,10/11/2025,2033,P015,1,"8,52"
4930,2025-01-25,1892,P032,3,42.52
4832,2025-01-12,555,P010,1,15.63
3393,2025-10-30,881,P033,1,17.77
10206,30/01/2025,348,P017,1,29.70
12447,2025-03-06,227,P006,3,"23,05"
2946,15/04/2025,997,P019,2,"25,47"
9978,2025-04-28,3069,P002,2,15.87
2893,2025-09-26,3418,P015,4,45.27
9397,2025-05-17,1036,P044,1,"7,75"
11213,17/06/2025,719,P042,2,29.17
3335,26/09/2025,2863,P026,1,"37,75"
16109,2025-06-11,3850,P040,1,18.00
16394,2025-08-06,3553,P009,1,52.36
11878,2025-08-09,4195,P024,1,"28,03"
12766,2025-04-19,4103,P026,1,"11,01"
14980,07-24-2025,23,P026,1,8.70
12869,2025-05-13,2713,P016,1,"16,70"
13002,2025-01-26,589,P039,1,"31,60"
17331,2025-10-04,784,P036,2,22.56
11776,28/10/2025,1556,P013,1,39.32
12911,2025-10-14,999999,P002,,20.43
3563,20/02/2025,1491,P010,1,"14,62"
16442,2025-06-25,1962,P048,3,"65,87"
15557,2025-04-14,2503,P026,1,"19,71"
11611,2025-06-29,3037,P045,1,25.32
13275,21/07/2025,3700,P011,1,"47,23"
17735,2025-03-24,3323,P034,1,30.53
13359,06/11/2025,999999,P008,2,23.16
4410,2025-11-13,3978,P031,4,"25,43"
17413,30/03/2025,653,P046,1,18.68
4251,25/04/2025,1752,P022,1,"28,20"
11337,27/09/2025,2394,P038,3,18.35
2875,12-24-2025,2709,P009,1,28.00
13263,2025-05-14,3757,P041,4,11.87
5831,2025-06-14,3120,P043,1,11.80
3975,2025-03-23,795,P023,1,68.58
13447,2025-07-23,633,P043,1,23.18
11144,2025-05-12,2872,P041,2,16.32
8293,2025-02-10,1311,P017,1,50.34
12885,2025-08-13,3910,P025,1,49.24
10722,2025-07-22,2366,P018,2,39.41
5961,2025-07-10,161,P044,1,9.42
4374,08/03/2025,3472,P014,1,27.82
1598,2025-01-12,2304,P036,2,78.88
16266,2025-05-07,4034,P012,3,39.83
10655,16/07/2025,2567,P008,2,16.15
14248,08/04/2025,3048,P014,1,25.72
2237,02/04/2025,11,P005,1,"28,76"
2050,2025-05-27,732,P009,2,99.42
6433,2025-07-16,3207,P048,1,9.32
4204,2025-01-13,402,P041,1,20.16
10658,2025-07-17,3964,P028,1,20.98
12883,29/08/2025,3725,P036,3,18.28
1037,02/12/2025,3996,P023,1,"32,18"
7991,2025-10-02,3326,P032,2,58.45
4279,2025-04-22,352,P007,1,49.28
15581,2025-03-20,2846,P046,2,11.63
2079,2025-03-04,2913,P032,1,21.62
16542,21/10/2025,1286,P010,1,"83,81"
3043,23/09/2025,2065,P039,4,61.65
1044,24/10/2025,3449,P012,2,42.16
4516,07-28-2025,2321,P010,3,"7,30"
17503,2025-05-04,3139,P019,1,46.23
17066,08-01-2025,3873,P048,4,"11,71"
15353,28/12/2025,3955,P011,2,"27,74"
6050,11/04/2025,4177,P016,2,24.40
14336,15/09/2025,3844,P046,2,17.09
3014,2025-09-01,1633,P040,2,26.88
5663,2025-03-18,2901,P001,3,21.49
925,2025-03-21,1705,P041,1,6.44
7786,2025-04-13,1567,P026,1,14.78
3326,09/03/2025,2915,P007,1,18.27
13390,2025-03-08,1293,P023,1,"21,56"
9451,13/12/2025,3486,P008,1,30.90
3940,01/08/2025,3091,P029,2,"36,37"
943,19/07/2025,3594,P012,2,25.72
12058,2025-05-14,2857,P027,1,21.89
14968,2025-03-15,1611,P039,4,11.78
3026,2025-03-26,1467,P023,2,18.54
16034,2025-09-15,3536,P017,1,21.66
7165,2025-05-17,2490,P006,2,"11,55"
4398,2025-01-05,3308,P014,3,22.83
4742,2025-07-12,1495,P040,1,"50,07"
15735,2025-03-18,1642,P048,1,29.26
4133,2025-11-07,3435,P028,2,30.81
5661,2025-05-25,2856,P022,1,25.87
2174,2025-06-07,4144,P007,2,12.41
13987,27/09/2025,1837,P041,1,12.13
8978,2025-05-25,1268,P019,2,87.31
3004,2025-10-13,251,P037,2,121.02
14270,04-14-2025,254,P021,3,45.01
3142,29/08/2025,4016,P045,1,"15,24"
6091,22/11/2025,3025,P003,1,"12,05"
4991,2025-09-26,1798,P026,3,31.39
4997,2025-12-27,2883,P003,1,34.34
6773,2025-01-02,2243,P020,2,22.79
13578,01-06-2025,2904,P023,,31.01
16273,14/04/2025,2685,P020,1,15.95
3270,14/12/2025,1155,P001,1,"13,35"
9104,09-11-2025,3087,P046,2,16.25
6580,08-18-2025,3987,P047,1,"31,24"
17544,27/04/2025,1391,P002,1,10.96
2924,2025-09-01,2819,P005,1,"25,32"
5508,2025-12-18,4170,P007,4,26.56
14245,18/05/2025,1460,P003,1,64.80
17084,2025-03-10,652,P030,2,20.99
2784,2025-09-20,2062,P004,1,9.86
7468,2025-05-15,3687,P034,3,11.42
11102,2025-11-10,1857,P042,1,41.09
125,08/03/2025,315,P042,1,40.30
10622,2025-12-24,1713,P021,1,36.09
1317,07-15-2025,1928,P031,1,"20,63"
13008,10-13-2025,1020,P006,3,10.60
205,2025-07-15,467,P044,-1,"36,66"
4635,2025-02-28,1045,P017,2,15.92
610,31/01/2025,319,P015,1,"86,20"
6488,24/09/2025,4137,P042,2,7.09
2819,22/10/2025,1089,P014,1,"13,46"
17312,2025-01-21,2874,P039,1,51.46
4140,2025-04-29,3284,P027,2,"18,03"
2008,2025-07-11,2135,P012,1,17.40
17052,2025-02-19,1353,P021,1,30.51
17296,2025-03-05,1181,P031,2,77.25
9514,30/12/2025,3721,P042,1,20.33
7216,2025-09-16,1752,P040,1,"41,30"
4146,07-21-2025,2736,P008,1,48.31
7700,2025-06-17,1410,P031,1,"31,57"
8771,2025-05-15,3323,P042,1,79.43
4749,01-02-2025,3473,P027,1,10.45
3126,02/12/2025,3905,P036,2,48.70
3365,06/05/2025,3033,P024,2,44.15
15572,18/10/2025,2271,P034,2,"39,92"
8165,2025-10-22,3210,P029,1,21.34
8987,04-19-2025,146,P018,1,"16,76"
2424,11-10-2025,310,P047,1,"60,19"
8918,2025-10-21,846,P042,1,14.47
13064,2025-10-25,3737,P020,1,20.87
14758,06/07/2025,1121,P027,,"29,91"
17661,2025-10-20,3744,P003,,27.05
4422,22/01/2025,2862,P047,3,"28,04"
6923,2025-01-30,999999,P042,1,87.59
9172,23/12/2025,2402,P048,1,26.94
8758,2025-04-14,1593,P025,1,"35,43"
3925,26/08/2025,2033,P033,1,67.91
5631,2025-10-09,3061,P007,3,16.19
10821,2025-12-08,2278,P044,1,"32,53"
13375,2025-04-13,3521,P019,1,"22,84"
3489,2025-11-15,4145,P030,1,25.26
4581,2025-01-04,2713,P019,1,"74,38"
2529,2025-02-08,999999,P027,2,"18,35"
10918,2025-03-12,752,P015,2,"21,69"
12515,03/09/2025,2406,P005,1,"22,60"
17631,21/03/2025,244,P014,1,7.70
9222,2025-09-06,3783,P037,2,"34,41"
604,2025-10-03,1100,P002,1,30.70
17092,2025-10-18,470,P024,1,23.48
4166,2025-01-23,479,P028,1,"22,58"
12277,2025-05-06,780,P024,1,19.54
1833,29/08/2025,3929,P039,1,32.93
16079,2025-07-12,831,P004,2,"38,96"
4038,2025-09-08,1479,P019,1,"46,63"
13393,2025-10-09,759,P035,4,32.86
10976,2025-08-04,385,P020,3,25.74
12431,2025-10-07,2357,P005,2,7.73
2263,2025-07-20,280,P017,1,17.15
11396,2025-01-17,1731,P030,1,19.42
17530,17/11/2025,132,P046,3,15.36
5226,2025-06-25,1352,P040,1,"42,62"
11046,2025-05-31,656,P002,1,"32,48"
17253,2025-01-22,1224,P026,1,"13,46"
15267,2025-07-21,1727,P035,2,32.00
6437,2025-09-11,484,P003,1,21.08
995,08/10/2025,4027,P026,3,40.47
280,2025-05-06,999999,P021,1,"5,59"
3981,18/03/2025,3718,P046,1,49.83
43,2025-05-24,860,P024,2,16.69
1529,18/10/2025,1649,P001,1,156.60
15690,2025-11-18,1058,P023,2,"11,23"
6669,2025-11-05,1598,P039,1,28.12
62,2025-08-03,2041,P018,4,19.83
13770,30/07/2025,5,P026,1,"9,47"
5896,28/12/2025,2683,P013,1,"22,32"
4693,2025-06-03,3385,P043,1,"18,40"
8781,2025-06-19,887,P041,1,61.06
8830,2025-05-27,1624,P034,2,"77,40"
9253,2025-12-30,2803,P036,4,20.39
3334,2025-07-01,3317,P014,2,39.44
7220,23/11/2025,1294,P020,1,"31,00"
1812,2025-09-03,1724,P017,1,16.28
1243,2025-06-01,139,P038,1,54.64
305,2025-01-13,3583,P044,1,14.05
17487,2025-07-29,2258,P017,2,19.49
144,27/06/2025,2365,P006,1,18.77
17719,2025-12-05,1403,P016,1,"23,61"
6694,2025-03-08,804,P023,1,"25,33"
12791,2025-08-13,768,P017,1,29.31
3911,2025-08-25,3469,P001,1,"29,44"
9681,06/07/2025,1142,P004,1,59.25
12624,19/10/2025,781,P028,1,18.57
10007,21/11/2025,4131,P035,1,27.15
10881,27/09/2025,2776,P006,1,"31,88"
17469,07-22-2025,4106,P033,3,"11,61"
16478,2025-10-31,1478,P036,2,86.09
8226,14/07/2025,2547,P047,1,"12,46"
8427,2025-04-05,307,P040,4,12.56
14721,2025-01-27,963,P021,2,19.44
15805,17/01/2025,932,P020,1,"62,42"
9513,2025-10-04,302,P028,2,30.92
260,09/09/2025,3657,P035,2,40.51
3917,02/10/2025,1456,P038,1,15.43
2546,2025-02-20,589,P007,1,24.72
545,01/08/2025,2748,P031,2,42.89
13010,15/10/2025,811,P023,1,"16,27"
12684,2025-01-12,2275,P007,1,21.31
7855,2025-01-13,3785,P037,2,74.96
14950,2025-02-20,1155,P047,1,37.56
7683,2025-03-08,550,P041,1,20.91
5730,28/11/2025,2909,P005,1,17.68
867,2025-01-09,924,P014,2,"31,30"
9691,15/10/2025,4073,P024,1,20.21
5513,2025-06-02,2310,P019,2,"30,32"
10963,2025-04-06,705,P029,1,29.62
3424,08-20-2025,2296,P030,2,15.54
5875,16/11/2025,3327,P036,1,20.40
10967,2025-08-11,1353,P030,2,17.21
4087,2025-05-02,3419,P023,1,"18,56"
6160,2025-11-29,2609,P035,1,31.19
1351,2025-01-13,3753,P026,1,34.27
12722,2025-04-28,2709,P024,3,16.56
571,2025-11-20,3548,P018,2,20.51
9570,10/01/2025,2016,P023,1,18.24
7645,2025-03-12,2545,P028,2,51.20
670,2025-10-07,2703,P047,1,31.07
14867,2025-02-24,1520,P036,1,33.33
12120,2025-07-20,1733,P032,1,"21,59"
2005,04/12/2025,2722,P038,1,"14,52"
10431,2025-12-08,1519,P028,3,13.74
14107,2025-01-22,3745,P032,2,18.86
15740,2025-08-14,196,P046,1,15.84
5391,2025-09-23,242,P027,3,17.25
14880,2025-02-06,1601,P037,3,36.70
9143,03/12/2025,892,P010,2,"20,93"
14720,04-10-2025,1911,P024,3,33.90
11383,2025-04-23,902,P017,1,57.83
2528,2025-02-09,3133,P007,1,"24,63"
2899,2025-08-11,4074,P037,1,32.03
14469,2025-02-15,3380,P037,,"30,37"
6772,2025-12-24,3133,P011,2,"49,63"
5104,10-07-2025,1290,P043,1,25.19
5427,2025-07-13,1505,P025,1,"22,24"
13065,2025-03-04,1927,P006,2,15.28
12751,30/01/2025,213,P021,1,54.97
4887,2025-07-16,3384,P018,2,23.17
8716,09-26-2025,2292,P009,1,"42,23"
3441,2025-01-20,2184,P032,-1,"20,31"
11997,2025-05-11,2341,P004,4,44.12
8947,2025-01-25,1105,P035,3,"41,47"
11601,2025-01-10,588,P021,1,20.75
12598,2025-02-20,1114,P021,1,"23,74"
17877,14/07/2025,1690,P033,4,"62,41"
1185,2025-01-18,4072,P013,1,19.71
2883,29/06/2025,3006,P023,-1,"13,03"
12710,2025-12-21,3941,P019,1,16.31
5018,2025-05-12,1818,P022,2,24.72
9285,2025-08-13,381,P013,2,31.13
5321,2025-03-08,1346,P024,2,47.22
1939,2025-03-07,2897,P024,2,50.89
7160,15/06/2025,1705,P040,1,27.17
14497,2025-02-28,3865,P014,2,12.12
4899,2025-02-07,3785,P042,2,15.09
8477,08-07-2025,1850,P004,,35.79
16306,2025-04-25,3092,P009,2,67.27
4896,2025-06-20,2250,P039,2,22.46
14463,17/01/2025,2344,P007,1,"10,13"
3290,2025-09-01,69,P021,1,"12,44"
15656,2025-05-17,2892,P012,1,22.23
7827,14/04/2025,2408,P003,1,33.58
3991,2025-07-29,144,P035,,"36,61"
8489,18/04/2025,776,P039,2,"91,57"
8160,24/12/2025,2804,P012,3,42.21
4942,2025-07-31,3043,P010,4,24.11
15446,2025-01-05,3549,P040,1,"56,05"
11741,2025-03-10,625,P022,3,"42,57"
4262,2025-06-23,3652,P029,1,41.23
1341,05/08/2025,2677,P009,1,"46,21"
2685,2025-05-10,631,P018,1,11.23
9796,12-09-2025,1831,P005,4,23.71
8374,2025-07-25,792,P025,1,"31,86"
14364,2025-01-11,2028,P021,2,23.44
11001,2025-07-03,1844,P044,1,6.19
8473,2025-08-30,1789,P016,1,18.06
4847,2025-07-30,3161,P006,1,"10,15"
6661,2025-03-25,3329,P048,1,"10,91"
5285,2025-12-25,2453,P034,1,30.58
16388,04/07/2025,1233,P040,2,32.11
6228,2025-12-21,4193,P016,1,13.21
15519,14/12/2025,330,P034,1,37.65
14176,2025-01-06,1589,P045,1,"26,24"
12236,2025-06-28,1471,P027,1,26.29
9492,2025-06-25,868,P003,2,31.29
10416,2025-02-15,3241,P016,4,11.32
3338,2025-07-18,999999,P018,3,17.33
3834,2025-10-01,4029,P047,1,9.56
7529,20/03/2025,1652,P024,3,18.16
13696,2025-03-25,1460,P017,1,77.30
12512,25/09/2025,4082,P019,1,"62,93"
15717,2025-06-28,2699,P021,1,"13,02"
13124,2025-05-29,818,P047,1,24.07
1499,04-21-2025,1311,P021,1,33.47
13353,2025-05-09,1885,P014,2,"60,40"
2240,11-10-2025,569,P043,2,53.41
6019,2025-08-26,4168,P013,1,"8,81"
14231,2025-11-20,1278,P008,4,"63,78"
9894,2025-10-03,2131,P017,1,41.46
6918,2025-05-20,2541,P040,4,12.56
12494,06-08-2025,1587,P030,2,22.98
4633,09-03-2025,525,P029,1,23.67
7232,07-21-2025,4061,P025,1,45.89
2070,2025-03-18,37,P023,1,"50,93"
8187,09/01/2025,2160,P040,1,"18,75"
7906,14/11/2025,2427,P048,2,39.60
10298,2025-05-18,539,P036,2,"16,02"
2803,2025-06-25,999999,P036,2,38.62
11954,2025-10-01,999999,P006,1,27.83
247,2025-09-18,3751,P008,2,18.52
2692,2025-10-20,680,P021,3,"22,10"
8748,2025-10-19,2887,P024,4,26.93
7224,08-06-2025,1229,P027,1,65.26
13826,2025-01-16,1622,P004,2,25.11
16499,22/05/2025,18,P007,2,"47,32"
3356,2025-10-13,3732,P033,1,17.58
7007,01/08/2025,2286,P001,3,38.95
1162,2025-06-26,2496,P035,3,"26,30"
1635,09-23-2025,4084,P002,1,25.13
1954,2025-03-10,999999,P042,4,34.09
5834,2025-03-13,3464,P016,1,14.41
15440,2025-12-30,581,P030,1,"42,94"
14282,02-08-2025,3191,P018,1,14.85
17664,14/05/2025,664,P039,1,30.73
4721,04/08/2025,217,P033,3,35.82
17657,2025-01-12,1184,P043,1,16.17
3927,2025-05-15,2032,P006,,30.08
14736,2025-03-08,3571,P018,1,"22,98"
324,2025-12-24,293,P008,3,19.96
15384,20/11/2025,1659,P007,2,16.76
13254,2025-10-17,1124,P044,2,11.82
3799,07-19-2025,1768,P046,1,31.20
3481,2025-12-26,1719,P019,1,53.65
3006,2025-08-05,3450,P036,1,22.18
4794,31/12/2025,1,P012,2,14.77
3573,08-01-2025,3935,P006,2,"21,01"
1668,2025-08-23,1605,P009,1,48.38
15862,2025-11-21,3417,P048,1,"20,03"
7262,2025-03-27,562,P033,1,"34,17"
4189,2025-06-23,3635,P014,1,"67,48"
7889,2025-12-29,761,P030,2,"22,60"
7427,07/06/2025,999999,P034,3,"33,11"
7194,2025-03-22,3679,P028,1,45.11
12769,17/08/2025,3573,P007,1,19.06
4185,04-04-2025,177,P001,2,25.87
5016,2025-06-18,3252,P015,1,29.32
16756,2025-10-24,443,P004,4,10.02
1070,20/05/2025,2932,P045,3,41.03
6701,18/06/2025,3244,P019,1,23.73
1144,12/10/2025,1928,P019,1,"31,56"
6870,2025-01-29,1084,P039,1,"22,96"
1337,20/10/2025,3752,P013,2,"25,35"
8069,2025-03-18,1038,P034,2,19.75
12295,2025-11-20,3670,P028,1,14.48
12634,2025-02-13,2691,P008,1,"9,11"
8909,27/06/2025,2254,P040,1,30.48
5893,2025-03-26,499,P022,1,30.16
3366,2025-02-07,3630,P021,2,7.32
1135,2025-04-19,2428,P024,3,"24,91"
4694,2025-11-11,3215,P027,2,64.24
12864,10/09/2025,343,P044,1,26.01
10349,01/08/2025,999999,P045,2,28.87
17707,11-20-2025,2536,P043,1,"38,21"
16188,11/01/2025,752,P003,2,19.92
11808,18/01/2025,325,P020,,28.10
14221,2025-12-18,1410,P004,1,21.84
13809,2025-07-21,1703,P048,1,"37,35"
9477,04-27-2025,2602,P040,3,70.73
10123,14/09/2025,1588,P004,2,45.21
5507,14/08/2025,2313,P035,1,"54,86"
6648,2025-02-06,3799,P015,2,"31,63"
11241,2025-06-25,4003,P046,1,20.77
11934,09/08/2025,2149,P046,1,9.03
4304,2025-08-16,1700,P042,3,"37,48"
6809,30/08/2025,3615,P007,3,25.53
16460,02/08/2025,2869,P027,1,26.43
12653,2025-01-21,822,P022,1,19.80
10600,2025-06-19,25,P044,3,40.18
14352,04-24-2025,2187,P039,1,37.18
98,2025-04-14,1916,P006,2,8.28
7415,2025-06-01,293,P010,2,36.89
11126,2025-09-24,329,P008,1,42.75
17717,2025-04-25,417,P005,1,"63,17"
15623,2025-06-25,2865,P012,3,24.47
5075,2025-02-11,36,P019,4,49.85
16062,2025-11-30,1438,P031,1,11.05
11146,2025-06-02,519,P003,1,25.14
8538,28/01/2025,110,P035,1,26.14
4363,2025-02-26,767,P041,3,19.27
11908,2025-04-03,1779,P010,1,16.40
2282,2025-06-19,3916,P015,1,34.91
8863,2025-10-14,304,P039,2,28.14
11819,29/12/2025,2271,P002,1,17.62
9036,2025-08-01,4179,P016,1,24.20
14308,2025-08-16,999999,P003,1,"27,42"
9145,2025-08-24,2798,P002,1,6.42
9505,2025-11-24,2307,P031,3,41.61
242,2025-03-04,2532,P011,1,"44,90"
11721,07-15-2025,3287,P036,1,17.98
13325,2025-02-20,37,P028,1,28.86
370,31/10/2025,860,P047,3,10.69
9719,2025-12-02,1364,P003,1,"40,08"
9408,18/04/2025,2880,P006,2,29.76
4836,2025-11-29,1242,P023,2,38.59
13144,18/01/2025,1979,P042,3,9.07
16733,2025-12-13,3320,P038,4,"23,87"
14252,2025-12-02,3664,P036,1,22.79
12151,2025-01-22,1363,P009,1,"71,93"
10480,02/06/2025,363,P041,2,"25,55"
4197,2025-09-07,3455,P034,1,17.33
9911,16/03/2025,2273,P047,2,23.70
4871,2025-06-29,2056,P041,2,13.67
3277,2025-06-04,689,P030,1,41.07
8886,08-24-2025,2549,P019,1,50.83
3925,26/08/2025,2033,P033,1,67.91
11364,2025-11-29,3494,P044,1,"49,33"
14964,10/02/2025,1267,P025,1,75.51
12678,20/02/2025,999999,P001,2,17.67
10127,2025-05-03,1529,P046,3,"34,55"
6281,2025-01-24,3521,P020,1,"12,37"
11392,2025-04-08,2900,P027,1,15.62
7089,30/06/2025,1371,P004,3,37.22
4123,04/08/2025,3785,P029,1,14.18
4874,2025-08-06,2112,P003,1,23.17
902,2025-02-07,3282,P011,1,"19,45"
7105,2025-03-29,2458,P044,1,"40,13"
910,2025-05-26,2781,P045,2,47.39
17757,2025-08-23,2210,P017,3,"13,90"
10372,2025-03-17,1374,P046,1,"18,42"
12950,2025-11-07,96,P008,1,42.62
16278,2025-03-02,218,P008,1,21.82
7341,17/05/2025,1852,P044,1,"17,56"
13994,2025-12-28,255,P014,1,"16,91"
17218,10-31-2025,2569,P030,1,29.96
14558,2025-09-12,2740,P029,2,25.56
10424,2025-05-22,2778,P038,4,"38,03"
535,2025-09-05,1520,P007,1,"19,89"
3710,20/11/2025,2001,P036,1,"23,91"
3544,2025-10-03,750,P032,4,15.03
6084,21/04/2025,2979,P020,1,25.33
8795,11/12/2025,3512,P016,2,12.47
14608,2025-12-08,3594,P037,1,13.94
13963,2025-09-04,1367,P048,3,57.86
2867,2025-03-03,2415,P035,1,48.27
11999,2025-03-11,3266,P010,4,70.21
9846,2025-06-14,1608,P026,3,"11,77"
10156,2025-09-18,1928,P040,1,26.27
17743,03/05/2025,3915,P033,1,14.96
10994,2025-02-17,1556,P004,3,17.13
17347,09/01/2025,860,P013,1,18.77
7267,28/03/2025,2023,P012,3,35.28
10775,29/10/2025,3851,P036,1,20.36
8648,07-19-2025,4056,P031,2,"43,47"
14819,2025-12-05,3710,P038,3,15.54
6377,2025-01-03,1075,P043,1,28.50
10685,2025-03-02,448,P003,1,"13,94"
2853,2025-02-25,3207,P020,1,26.81
17368,2025-03-20,2354,P019,3,"27,26"
15498,13/04/2025,4132,P012,1,14.20
3310,2025-11-16,2811,P046,2,"31,61"
4053,12/07/2025,2686,P035,3,"9,03"
3838,2025-05-05,1303,P032,1,"15,84"
16759,2025-06-20,1336,P015,1,51.73
17706,06-30-2025,3318,P016,2,15.50
2097,05-26-2025,2622,P022,1,11.85
16128,2025-05-29,2317,P043,1,40.40
2128,2025-07-29,1502,P040,3,18.82
8096,2025-05-17,2098,P041,1,15.47
7184,18/01/2025,1377,P041,1,19.19
7899,2025-10-24,1694,P047,2,"38,92"
10161,2025-04-04,2135,P005,1,10.71
11283,2025-01-16,1517,P047,3,"21,69"
3623,2025-08-05,3876,P026,1,22.61
12807,19/12/2025,2571,P031,1,26.92
10945,14/08/2025,3304,P013,2,43.51
9616,2025-03-27,3247,P024,2,"25,08"
13985,2025-10-08,2419,P014,3,22.41
11421,2025-08-29,2561,P005,2,23.07
8178,05/07/2025,2135,P018,2,"6,85"
12577,2025-10-23,1760,P023,1,50.88
11978,2025-11-10,1533,P026,2,41.25
4246,2025-01-25,341,P019,1,26.74
4597,19/11/2025,3801,P025,1,24.60
8242,2025-01-22,3565,P010,1,29.06
6467,2025-11-10,3504,P031,1,"18,49"
187,2025-12-15,2535,P011,1,"34,24"
13807,2025-10-28,2596,P043,1,"28,49"
17204,2025-01-18,3397,P016,4,"32,64"
4243,2025-10-10,2587,P035,4,19.46
6501,2025-06-24,200,P035,1,22.23
4662,2025-01-31,2017,P033,3,"9,89"
5028,2025-05-23,3507,P026,1,"19,97"
2717,2025-08-23,2488,P023,1,"12,18"
12401,09/03/2025,2659,P010,2,65.41
16523,2025-10-24,1470,P012,2,15.68
9400,2025-07-25,999999,P032,2,"46,95"
17766,04/03/2025,184,P023,1,"35,39"
9459,2025-11-12,1381,P036,1,57.72
4209,03-12-2025,4128,P029,2,5.69
8417,2025-03-14,65,P006,1,"13,10"
11125,2025-09-02,1292,P010,4,102.50
8186,16/09/2025,3358,P032,2,12.88
15359,2025-11-30,2252,P015,1,18.05
12621,2025-04-27,2737,P013,2,63.35
15567,2025-04-21,538,P019,2,21.30
3978,23/04/2025,1362,P040,1,9.27
15934,2025-12-17,4147,P030,1,"39,29"
10288,2025-01-10,2281,P023,2,27.54
17258,05-20-2025,2066,P019,1,"18,28"
1645,09/04/2025,1468,P022,1,25.83
1623,2025-10-20,4160,P024,1,"25,10"
9572,2025-08-04,3904,P013,1,17.93
5260,2025-05-21,94,P001,1,34.62
12051,2025-09-21,999999,P033,1,42.11
8259,2025-03-22,3224,P008,1,22.03
8214,2025-03-16,3067,P037,3,56.60
11710,2025-02-24,2243,P030,1,12.02
15200,30/04/2025,214,P020,1,53.90
11229,2025-11-08,1562,P008,2,21.02
11871,05/05/2025,2786,P045,1,20.25
13896,2025-04-13,454,P035,1,24.27
7721,2025-07-30,1329,P041,2,23.76
10372,2025-03-17,1374,P046,1,"18,42"
9479,10-17-2025,3510,P039,1,51.31
6634,2025-01-27,1145,P021,1,58.65
7945,2025-10-06,776,P010,-1,14.08
5618,2025-10-15,2273,P025,2,"27,06"
13343,2025-10-13,738,P039,1,"43,69"
11296,2025-12-13,1672,P010,3,"14,19"
2281,2025-01-02,3271,P016,1,40.74
4510,2025-04-13,3084,P013,2,17.33
1620,2025-01-31,1775,P041,1,14.17
11744,2025-03-04,1353,P029,4,"52,15"
9508,04/04/2025,617,P028,2,82.32
5595,19/09/2025,81,P016,1,23.18
3817,2025-06-08,1341,P024,3,11.18
12698,2025-04-01,4051,P016,4,"31,61"
5143,2025-09-22,3790,P004,4,61.85
15505,2025-04-15,3236,P014,1,19.18
2405,2025-03-03,2179,P044,2,34.91
17059,2025-02-21,999999,P030,1,20.92
12032,05-19-2025,3954,P035,1,49.33
13927,22/06/2025,382,P034,2,13.92
16507,2025-05-07,2340,P027,2,38.75
10802,2025-08-31,620,P009,3,24.18
12263,26/12/2025,1389,P014,1,"36,93"
15888,04/05/2025,3577,P036,1,44.97
7900,2025-12-10,2921,P029,1,40.46
12375,29/06/2025,2697,P013,1,"13,34"
9774,04-30-2025,1206,P045,2,"38,88"
15987,2025-03-03,2100,P003,,"31,37"
13081,2025-07-06,370,P030,1,15.65
1591,09/03/2025,2736,P003,2,27.71
6267,05-23-2025,3280,P007,2,13.81
211,2025-05-22,1295,P013,1,"29,44"
16643,2025-05-23,1454,P037,1,25.04
618,2025-03-22,2043,P017,1,"38,15"
7778,2025-12-08,707,P047,1,20.27
5888,2025-08-22,748,P006,1,32.82
15631,2025-07-14,2296,P023,3,"33,17"
14382,2025-04-03,3927,P015,3,63.72
15404,12/11/2025,2386,P038,1,19.16
9568,2025-11-09,3332,P014,1,21.65
6056,2025-11-15,2098,P036,1,"102,11"
16654,28/01/2025,1782,P002,-1,41.59
10149,2025-07-26,1402,P040,1,18.73
17948,2025-02-21,77,P036,1,33.15
14422,14/12/2025,535,P010,1,45.62
12996,2025-08-14,4100,P043,2,18.64
14319,2025-10-24,673,P039,2,25.74
8049,2025-06-08,528,P003,2,26.85
816,17/10/2025,2008,P027,3,"16,52"
8067,18/12/2025,2818,P020,1,48.81
17390,2025-01-31,1085,P007,2,9.58
8627,2025-04-22,2748,P027,1,"77,80"
577,2025-08-11,2509,P004,1,20.37
7897,2025-08-19,181,P027,1,15.68
7675,2025-11-24,3198,P027,1,31.88
9653,09/07/2025,1918,P045,1,32.45
14507,16/05/2025,2159,P027,2,"30,00"
14787,01/05/2025,2040,P025,1,"15,83"
224,2025-12-24,711,P036,1,9.32
11320,2025-01-19,4184,P023,2,20.17
6568,2025-12-17,1496,P048,1,"46,14"
2114,26/07/2025,4137,P005,3,"28,23"
4954,2025-01-15,1310,P045,1,44.84
14598,2025-10-27,2623,P002,1,32.24
848,07/06/2025,2749,P007,1,29.82
2675,21/11/2025,2134,P015,1,22.84
10043,2025-08-25,3557,P036,1,22.48
7096,2025-05-30,16,P046,,46.28
17572,2025-09-07,1084,P021,1,"25,79"
5750,2025-05-24,3792,P004,2,16.33
6464,2025-01-09,2394,P044,2,22.78
7977,2025-09-18,1128,P041,1,26.84
17981,2025-05-30,2767,P048,2,"7,91"
1321,2025-04-12,3962,P017,2,"24,24"
9415,03/03/2025,3015,P033,1,21.56
10614,27/11/2025,2989,P011,1,"26,08"
8097,2025-09-29,1746,P005,3,41.85
16130,2025-08-29,301,P014,2,"50,63"
3316,2025-12-07,1464,P021,1,60.61
16996,2025-07-20,3546,P019,2,"22,86"
8802,2025-02-05,3373,P022,1,16.52
7654,2025-08-04,1055,P032,4,6.45
10761,11/03/2025,470,P021,2,19.94
5550,23/09/2025,608,P019,2,43.76
3484,2025-12-08,4155,P039,2,8.84
13758,08/12/2025,999999,P032,2,19.32
699,2025-10-31,2423,P001,3,19.93
6526,2025-09-14,3609,P007,4,58.75
1602,05/02/2025,2132,P020,2,56.24
13446,11-03-2025,3248,P043,1,43.28
6469,07/01/2025,1143,P009,3,14.86
12798,2025-07-10,3691,P021,1,18.16
11695,12-07-2025,2537,P004,1,19.91
4951,2025-08-30,3435,P032,1,11.99
8306,2025-12-16,2121,P037,3,30.41
11043,2025-04-12,509,P038,1,"35,14"
17709,15/12/2025,2235,P011,-1,16.87
7613,2025-12-22,991,P045,1,"24,50"
1814,2025-12-02,1624,P045,1,"22,50"
7257,07/03/2025,3553,P047,1,11.78
3589,2025-08-03,1399,P004,,25.06
14925,16/04/2025,1774,P018,2,18.61
3367,2025-02-05,4060,P027,3,20.90
2559,2025-04-14,3113,P012,3,33.69
406,2025-06-28,1487,P024,3,"46,99"
14241,09/04/2025,2900,P003,2,16.84
9010,2025-02-10,1150,P003,3,15.27
13455,2025-12-24,3723,P024,1,32.98
6256,2025-03-01,3076,P040,1,34.25
5311,2025-07-18,1886,P036,3,"25,57"
7054,2025-08-13,493,P030,1,"29,09"
9429,2025-03-20,3359,P013,2,16.62
16998,2025-01-16,2767,P042,2,"31,03"
1530,2025-07-03,3487,P011,2,66.39
5080,2025-11-27,1935,P002,1,"13,94"
10169,2025-09-13,3020,P046,2,54.68
6960,2025-01-16,1754,P032,1,28.85
5798,03-26-2025,1127,P033,1,14.98
7634,2025-11-17,2358,P027,1,60.90
13219,2025-07-27,2293,P028,2,"22,94"
1501,2025-03-24,2370,P025,1,"34,37"
6653,2025-07-29,2248,P001,1,27.10
8654,24/01/2025,987,P007,2,40.04
4843,02-16-2025,3301,P024,1,"21,11"
4698,2025-07-18,2489,P011,1,"32,14"
2517,01/08/2025,773,P048,1,18.91
16626,2025-12-16,2625,P043,1,"41,20"
6098,2025-12-25,2358,P009,1,57.15
7534,08-04-2025,4177,P004,1,43.05
6979,29/10/2025,1684,P015,1,38.78
2034,13/02/2025,824,P040,,42.84
3811,01/10/2025,3175,P042,1,"28,73"
10064,2025-06-19,2612,P020,1,"17,43"
16880,2025-10-19,98,P030,1,133.56
6390,2025-01-04,1044,P036,2,53.49
14323,2025-09-01,601,P003,1,25.58
3999,16/04/2025,3982,P031,1,"71,52"
9958,27/02/2025,3033,P024,1,"38,19"
8871,2025-08-10,1141,P018,1,"46,10"
7396,2025-04-24,125,P037,1,"12,80"
17495,2025-03-17,578,P024,2,"12,78"
241,2025-03-17,3975,P003,1,"100,30"
8544,2025-01-30,400,P019,1,"91,62"
16536,2025-11-20,2510,P037,2,"59,32"
9627,2025-05-17,3232,P027,1,10.29
13101,24/08/2025,1466,P001,1,77.88
11646,2025-07-05,1289,P012,1,36.09
4981,01/10/2025,2120,P016,1,12.77
11598,2025-08-09,2549,P008,1,"13,79"
3276,04-16-2025,2380,P011,1,"42,49"
16879,2025-03-05,3896,P039,1,13.92
12488,03-29-2025,991,P034,1,40.20
11927,03-12-2025,2130,P001,2,56.25
1303,2025-09-01,1213,P023,4,26.92
1539,2025-09-22,2652,P003,2,32.07
9810,2025-10-11,1816,P011,2,"19,89"
5158,22/08/2025,999999,P042,1,25.37
15841,2025-05-06,3128,P030,2,"52,75"
180,24/06/2025,243,P002,1,29.65
4475,23/10/2025,541,P025,1,"55,90"
1494,06/11/2025,3350,P002,1,64.98
1659,2025-10-12,999999,P013,4,28.53
1512,2025-08-09,2496,P023,1,45.67
7032,15/12/2025,1827,P012,1,26.46
1446,2025-11-26,1424,P022,1,14.10
12682,30/12/2025,3857,P040,1,45.28
17976,05/02/2025,3492,P030,1,"15,92"
14932,09-23-2025,295,P039,2,35.31
9426,2025-03-18,3719,P034,1,32.00
3858,18/10/2025,3824,P044,3,43.69
16238,2025-09-29,3178,P005,1,"31,37"
12354,2025-01-06,258,P045,1,12.60
12184,2025-01-04,2744,P031,2,14.03
13504,26/05/2025,2453,P039,1,16.38
12618,2025-05-05,1861,P003,2,24.65
1022,18/07/2025,2639,P002,1,32.24
1514,2025-05-22,3005,P033,2,22.24
6068,19/03/2025,1202,P033,2,35.82
14284,2025-07-31,798,P047,3,95.64
14545,2025-03-02,3382,P006,2,18.25
1938,2025-12-03,764,P046,4,90.84
9795,2025-07-25,3620,P006,1,60.14
1458,2025-05-13,3013,P022,2,29.50
17770,24/09/2025,527,P005,3,22.59
6672,2025-07-16,2240,P018,1,36.55
16540,2025-01-31,2746,P020,4,15.20
4052,10-29-2025,419,P028,2,56.56
4624,26/11/2025,577,P027,1,15.83
10326,08-05-2025,1005,P031,2,34.13
3979,2025-08-25,1536,P011,2,24.15
11156,2025-08-25,1849,P005,3,30.51
10890,2025-12-19,1773,P035,2,21.90
10034,2025-04-13,1599,P005,1,"132,92"
2781,2025-11-18,4132,P007,1,66.38
12454,2025-06-28,1858,P045,1,32.52
7192,2025-07-28,1081,P042,3,28.21
4495,02-03-2025,3596,P039,1,51.54
10794,2025-03-24,2995,P026,2,52.10
8598,30/05/2025,1666,P040,1,8.21
15510,09/02/2025,922,P046,1,14.29
2987,2025-06-01,2285,P046,1,35.73
12832,11/03/2025,2604,P006,1,"39,13"
8442,2025-03-09,999999,P005,4,11.93
14071,09/10/2025,3703,P006,2,68.56
10849,2025-07-05,2951,P028,1,17.58
2120,2025-08-12,2972,P015,1,18.77
9266,12/04/2025,991,P040,1,"24,36"
10932,2025-05-12,2830,P019,2,62.38
7743,12/05/2025,16,P025,1,31.99
3977,2025-06-30,3942,P022,2,"47,86"
9120,2025-06-11,3404,P011,1,52.60
7406,2025-07-23,3485,P018,2,40.83
7678,08/10/2025,543,P042,2,57.15
14990,2025-04-15,41,P039,1,"30,40"
720,2025-07-15,915,P001,1,14.70
12148,2025-01-25,2515,P028,2,51.46
9076,2025-06-06,2198,P006,1,50.68
15381,14/06/2025,97,P027,1,62.58
1686,07/04/2025,3120,P010,1,"59,25"
1931,31/12/2025,1141,P006,2,40.81
5216,05/06/2025,1716,P035,1,"19,58"
17041,10-21-2025,3183,P044,1,11.53
16469,09/04/2025,1388,P041,4,"41,59"
14274,24/09/2025,162,P006,4,19.45
4501,2025-10-02,163,P022,1,8.27
4701,2025-04-25,2494,P008,1,10.53
17789,2025-05-21,3166,P046,1,15.32
15847,09-15-2025,1055,P035,1,54.00
9150,2025-01-13,3604,P027,1,"9,11"
16070,2025-07-26,640,P042,1,57.59
2507,2025-02-21,4034,P015,4,10.26
4734,2025-04-10,1357,P005,1,27.00
4738,20/01/2025,1307,P026,1,"41,56"
11059,2025-04-01,1617,P029,1,20.09
17892,2025-01-24,1835,P029,1,57.15
6757,10/06/2025,3589,P012,3,33.38
7278,2025-02-17,3880,P014,3,25.60
1807,06-29-2025,3753,P039,1,22.04
13441,2025-05-07,3003,P010,1,7.39
4620,03-22-2025,1616,P021,1,"24,26"
9676,14/03/2025,4089,P048,1,77.56
888,03-18-2025,2583,P017,1,32.39
12281,29/03/2025,2986,P033,1,36.02
7445,2025-03-25,565,P009,1,10.92
11404,11-10-2025,764,P017,2,45.42
15651,2025-12-02,1772,P034,3,"11,14"
7858,2025-09-23,1962,P006,3,23.86
13327,23/03/2025,2574,P016,1,39.30
16382,2025-08-24,2172,P016,2,"12,29"
1791,27/12/2025,3049,P033,1,"64,55"
11556,2025-07-23,25,P004,1,15.65
10783,2025-07-27,200,P018,1,"43,61"
14432,2025-01-03,2485,P009,1,17.09
2043,2025-02-06,3090,P021,1,"35,03"
14360,2025-07-29,337,P002,3,"30,86"
1479,01/05/2025,516,P046,1,"34,27"
7611,2025-11-10,3275,P046,1,12.26
7787,2025-12-24,3391,P002,4,"9,10"
9708,2025-05-21,1612,P048,1,112.57
17438,14/08/2025,3897,P031,1,25.58
8874,2025-02-12,3370,P017,1,27.31
17101,24/09/2025,1231,P020,1,10.83
11441,2025-06-26,3892,P038,1,31.66
16935,2025-10-05,1974,P038,1,4.80
15171,08-20-2025,898,P011,2,"44,74"
9166,2025-04-23,125,P036,1,"29,48"
3345,2025-10-22,3293,P048,,17.96
6863,2025-08-13,1174,P004,1,23.79
10940,01-20-2025,2554,P025,2,"44,45"
1806,2025-07-02,1973,P006,1,30.01
10897,2025-03-03,3357,P011,2,14.64
1987,2025-07-29,4040,P035,1,"15,84"
15324,2025-07-06,2045,P047,2,39.31
12561,2025-09-15,1239,P001,1,27.34
11537,02/06/2025,2633,P008,1,"7,38"
12463,13/02/2025,1935,P002,1,93.51
8463,02/06/2025,1659,P043,2,54.14
143,24/10/2025,3843,P013,1,19.36
1846,2025-04-14,827,P029,1,94.70
6483,2025-10-31,2706,P004,1,45.58
10872,2025-09-22,2055,P010,3,"13,02"
17191,14/03/2025,668,P028,1,"52,89"
4867,2025-05-22,3992,P047,2,5.94
2046,04/07/2025,2102,P036,3,"24,08"
17482,08/05/2025,384,P011,1,"17,05"
448,2025-12-27,860,P037,1,30.76
6851,12-09-2025,1020,P042,1,51.70
15799,2025-10-12,1520,P001,2,"36,65"
9370,2025-09-01,700,P027,1,21.81
4600,2025-11-03,1584,P041,1,28.48
3440,2025-09-08,1325,P003,1,43.18
1459,08-20-2025,2394,P005,2,9.31
1997,2025-02-13,14,P026,2,"25,04"
14676,2025-05-06,836,P033,1,28.78
11674,2025-07-09,1585,P021,2,39.12
7486,07/04/2025,1094,P042,3,"23,57"
1586,04-27-2025,467,P041,2,11.66
6017,2025-09-03,2029,P013,2,33.10
11798,2025-12-18,1142,P008,1,26.93
9995,20/05/2025,2890,P030,1,24.46
661,2025-01-11,3910,P035,3,"68,95"
6736,10/03/2025,1963,P048,2,"11,61"
12540,05-26-2025,2184,P008,1,13.01
12360,03-18-2025,2666,P048,3,15.29
13080,2025-12-22,173,P030,1,19.70
8081,18/01/2025,3259,P043,1,88.90
2168,04-30-2025,1927,P018,2,98.18
11247,29/10/2025,4074,P003,1,64.30
2334,2025-01-29,2621,P034,1,28.39
8084,29/06/2025,2169,P017,1,18.34
3273,2025-11-07,1957,P035,1,17.24
14356,07-15-2025,3079,P035,2,"44,35"
11949,2025-02-22,3813,P048,1,16.65
15430,2025-10-05,2072,P039,1,19.48
9447,03/07/2025,1417,P030,3,36.06
16142,2025-10-21,3761,P017,2,"24,15"
13227,18/09/2025,2519,P022,2,20.01
2201,08-26-2025,310,P024,4,"20,90"
11472,2025-05-30,473,P017,1,21.74
7575,2025-06-20,1246,P035,1,12.53
13921,2025-07-13,1675,P028,1,70.50
16370,07/11/2025,1405,P023,2,30.74
1410,23/08/2025,2695,P019,,13.74
16906,2025-12-20,2231,P031,3,42.41
5806,2025-03-05,1603,P020,,26.88
81,2025-09-20,738,P033,3,13.73
3677,24/03/2025,397,P009,1,27.26
13526,03-07-2025,587,P001,3,14.70
17511,12-17-2025,4100,P008,1,39.10
697,2025-08-13,1719,P033,2,23.17
9517,2025-11-25,1505,P037,1,105.13
5911,10-17-2025,1320,P048,1,"21,39"
2577,28/04/2025,4151,P042,2,"11,82"
7564,2025-06-27,2985,P041,1,40.97
14041,2025-04-01,3373,P009,1,21.27
16118,22/11/2025,28,P011,2,"40,44"
6143,19/08/2025,518,P032,2,21.67
7905,03-30-2025,3149,P024,3,54.29
1488,10/03/2025,2156,P047,1,14.41
4409,24/09/2025,3415,P038,4,28.65
13235,2025-11-10,908,P010,4,43.73
1865,2025-09-16,3227,P032,1,"16,87"
3792,2025-03-31,3333,P028,1,"27,26"
5913,2025-07-14,2066,P041,2,17.53
891,15/01/2025,50,P031,4,36.61
6298,29/08/2025,1063,P031,1,16.42
15677,2025-07-16,1128,P025,2,"21,67"
2400,13/06/2025,3385,P019,1,13.16
5365,2025-03-04,1047,P007,1,27.10
1940,04/09/2025,3758,P042,2,35.00
16096,01/07/2025,986,P019,1,18.69
3308,2025-09-22,62,P038,1,19.57
651,2025-12-07,4086,P036,1,"13,21"
2329,2025-05-29,1989,P036,2,57.75
4935,2025-09-30,129,P039,2,24.48
12361,2025-05-22,403,P008,1,21.17
8595,24/07/2025,2692,P017,1,20.20
14540,2025-02-06,1991,P024,1,"7,24"
6857,17/07/2025,2604,P034,2,36.05
7308,18/05/2025,2232,P020,1,22.01
15952,26/03/2025,241,P019,1,"30,11"
11592,2025-10-21,2560,P039,1,25.72
1611,2025-04-19,2624,P030,1,35.87
9679,2025-07-03,2493,P042,1,"19,69"
5009,25/03/2025,1468,P032,2,"24,38"
1824,2025-10-11,3325,P038,2,13.78
16172,2025-09-16,162,P030,1,"24,63"
1556,2025-04-03,1814,P029,1,"48,83"
1794,16/03/2025,4020,P036,1,"32,60"
2231,06/08/2025,2470,P025,2,60.01
7543,13/12/2025,1704,P038,1,33.24
4297,2025-11-13,3142,P014,1,14.39
17031,2025-09-29,2065,P036,1,8.68
14108,29/06/2025,3191,P043,2,"48,35"
1573,2025-05-10,638,P008,1,23.60
4593,2025-06-03,4025,P032,1,"63,17"
7236,2025-05-23,1420,P028,4,8.23
7928,2025-10-18,1644,P010,1,"30,08"
11490,06-17-2025,1348,P024,1,88.79
6072,2025-02-26,3994,P005,1,10.83
12851,2025-02-09,3554,P018,1,23.75
7590,2025-05-13,838,P035,-1,32.78
14206,2025-06-27,2912,P024,1,31.95
15213,01-25-2025,3617,P029,3,12.73
17726,2025-06-08,3649,P009,1,42.34
1550,2025-08-17,2336,P048,1,41.80
8018,2025-03-13,278,P047,2,"12,50"
13110,01/03/2025,1785,P037,1,"79,43"
5941,2025-12-10,1254,P019,3,53.42
1717,2025-05-09,1072,P047,1,95.39
14413,29/10/2025,3929,P040,1,"11,98"
11277,17/05/2025,2344,P006,2,"15,16"
7430,2025-04-09,532,P020,1,"13,80"
8902,06/10/2025,1587,P028,3,6.08
301,15/01/2025,3377,P029,,46.92
1172,04-04-2025,2955,P005,2,"24,16"
13016,2025-06-22,2277,P027,1,"35,82"
17863,2025-03-12,3344,P021,1,38.96
17416,2025-02-19,359,P011,1,25.54
4859,30/09/2025,4029,P010,1,"29,98"
161,18/05/2025,111,P028,3,"17,10"
17896,21/03/2025,3155,P040,2,21.32
10138,01/03/2025,3706,P041,3,"48,04"
8859,2025-03-05,1077,P027,2,22.36
5553,20/12/2025,736,P002,4,9.63
6212,2025-06-13,3774,P024,1,55.22
362,28/10/2025,164,P004,2,"12,20"
6962,2025-11-09,4175,P001,1,44.75
4236,2025-05-11,3950,P004,3,"18,39"
7832,2025-08-29,2168,P012,1,9.83
12474,19/11/2025,2723,P002,2,39.90
10557,2025-06-14,3731,P044,2,7.58
13373,2025-02-22,664,P029,1,"48,50"
3009,2025-05-17,490,P015,1,25.49
14552,11-08-2025,1848,P001,2,16.12
9184,10-21-2025,2304,P005,3,"25,83"
8020,2025-07-02,896,P040,1,73.66
14004,2025-06-29,156,P026,1,28.80
2984,2025-09-06,3785,P025,1,28.78
3231,2025-09-21,3853,P027,1,"37,42"
16267,21/12/2025,3045,P008,1,"55,31"
9359,11-19-2025,533,P019,2,"11,98"
17968,2025-01-01,1436,P016,-1,18.49
17355,21/01/2025,1474,P021,3,"47,31"
11056,2025-03-26,2882,P036,3,"17,81"
5552,04-10-2025,4069,P023,1,"14,33"
3583,2025-05-01,1958,P001,2,10.97
7837,2025-01-15,1586,P042,4,"18,02"
12130,14/02/2025,3999,P011,1,62.97
15391,2025-09-23,3960,P030,1,27.59
14807,03/08/2025,3302,P006,1,22.93
6406,14/06/2025,538,P041,2,"19,78"
12481,2025-05-27,52,P017,1,28.34
9112,31/12/2025,3609,P040,2,35.22
7557,2025-02-20,2433,P045,1,23.36
10343,26/04/2025,1432,P007,1,"23,66"
1662,11/07/2025,2371,P028,1,91.40
12094,09-05-2025,3835,P033,1,10.76
3631,2025-11-15,58,P046,1,42.93
12725,2025-12-03,1644,P015,1,"10,15"
2622,2025-06-23,2607,P004,1,27.91
16405,2025-09-03,671,P025,1,11.52
5093,07-20-2025,1948,P031,1,25.61
10512,08-26-2025,4043,P023,2,35.95
2666,25/08/2025,1621,P045,1,17.91
17975,2025-12-01,3176,P046,1,24.69
16771,2025-11-12,326,P028,1,23.81
8003,2025-04-05,2395,P034,1,"22,97"
11402,05-15-2025,544,P044,1,"32,26"
2218,2025-01-25,3894,P046,,52.32
5817,16/01/2025,2121,P011,1,21.39
8906,17/11/2025,1157,P042,2,28.25
8958,30/06/2025,2282,P048,1,27.78
14702,04/07/2025,765,P020,1,"63,41"
11030,2025-07-31,436,P039,3,13.51
16815,2025-08-03,3493,P038,1,"19,30"
11956,01-29-2025,2982,P035,1,"5,88"
11883,2025-05-20,2222,P006,3,"27,38"
12978,2025-04-22,515,P027,2,74.81
4028,2025-08-12,3002,P029,1,"8,89"
6235,2025-05-18,1893,P034,1,"19,47"
10563,2025-11-20,1451,P030,1,23.23
12326,2025-08-31,2241,P020,2,13.39
17969,14/04/2025,1617,P003,3,17.68
4323,2025-04-07,690,P025,3,14.40
2060,24/08/2025,3507,P032,2,"11,78"
5354,14/06/2025,1994,P001,4,28.36
17439,2025-06-08,20,P019,1,21.47
16063,26/11/2025,762,P011,2,12.66
12846,2025-03-24,2185,P036,2,16.02
12394,2025-04-04,3126,P002,2,"26,75"
2020,2025-09-13,3490,P033,1,"10,07"
1098,2025-05-07,2084,P017,4,"41,78"
2256,12/02/2025,1768,P020,1,43.26
13485,2025-04-15,207,P028,1,35.16
9984,23/01/2025,3370,P002,1,16.09
9869,04/03/2025,1642,P024,1,"106,73"
15004,2025-10-20,3641,P020,1,15.16
14539,2025-05-27,232,P003,1,"34,91"
12704,2025-10-12,2774,P028,1,88.03
3727,2025-10-29,4006,P029,3,"58,60"
11255,20/12/2025,822,P020,3,42.49
573,20/02/2025,3611,P037,1,115.76
63,2025-11-27,3009,P004,1,19.77
2315,2025-09-18,4097,P016,2,54.83
7215,2025-04-06,3716,P003,1,"36,76"
7197,2025-10-31,3529,P019,1,34.34
6015,2025-12-02,3638,P029,4,12.28
1967,16/03/2025,3648,P008,4,"54,83"
16314,2025-04-22,2965,P017,1,56.42
9567,13/01/2025,1495,P048,1,32.72
14144,21/09/2025,946,P046,1,8.75
2457,2025-03-13,3231,P040,1,32.09
5107,2025-06-02,3189,P047,2,43.93
684,2025-09-11,575,P039,2,18.41
13883,07/01/2025,3240,P002,1,51.28
973,2025-07-05,3931,P015,2,24.30
9597,26/12/2025,619,P030,3,10.52
17225,15/08/2025,3871,P020,2,25.46
6959,2025-08-14,1132,P039,2,"20,74"
17819,2025-01-24,147,P046,2,58.61
12405,24/03/2025,2970,P008,1,21.46
15135,2025-10-04,59,P033,,"39,27"
11267,2025-01-26,3933,P002,1,"49,39"
8283,07/04/2025,2085,P011,1,12.81
15470,04-23-2025,67,P007,1,"32,76"
11709,22/05/2025,2443,P048,1,30.64
127,03/01/2025,3280,P009,4,46.75
12564,21/11/2025,2053,P010,2,27.02
9753,2025-11-20,3650,P017,4,"45,71"
4079,2025-04-05,4065,P033,1,23.56
3790,04-19-2025,3663,P017,1,46.51
6873,2025-05-06,3065,P019,1,21.51
11678,2025-02-05,224,P048,1,"23,52"
1336,2025-11-22,143,P010,1,11.56
5982,2025-07-15,1090,P038,1,14.25
6790,29/10/2025,3262,P029,2,7.56
15005,2025-04-18,544,P005,1,19.27
12937,05-19-2025,3687,P044,2,37.31
5828,2025-12-26,2520,P044,3,"31,01"
4574,09/12/2025,4064,P006,1,25.75
14785,23/08/2025,1698,P026,1,18.30
12589,2025-07-06,574,P036,3,28.18
16273,14/04/2025,2685,P020,1,15.95
11455,2025-09-25,736,P036,1,27.26
7031,2025-11-23,3638,P030,2,34.91
1910,2025-02-04,3528,P011,1,22.01
15077,08/02/2025,826,P045,4,21.14
9932,12-13-2025,511,P003,2,62.07
12966,2025-05-01,2363,P001,2,11.95
7632,20/01/2025,3744,P018,2,"25,76"
9030,07/07/2025,3043,P034,1,45.13
8979,2025-12-08,999999,P016,3,"55,76"
13791,2025-03-14,1653,P020,1,14.97
15493,05/12/2025,3362,P029,1,52.44
6858,04-23-2025,3697,P047,1,"45,40"
4143,09/11/2025,2929,P035,1,13.20
4132,07-19-2025,3288,P027,2,9.37
13586,2025-12-16,3988,P025,1,25.13
8479,2025-05-14,3451,P004,1,"60,43"
10260,02/03/2025,1912,P008,2,36.27
134,18/11/2025,496,P032,1,73.88
10754,2025-11-05,3306,P044,1,16.48
10908,04/12/2025,3120,P027,2,13.90
12050,20/07/2025,226,P022,1,13.97
3517,2025-11-02,4094,P002,1,20.47
5914,06/12/2025,2709,P036,2,17.78
13563,2025-03-27,3056,P045,4,78.95
11424,2025-12-21,2119,P011,1,22.82
60,2025-12-11,2247,P043,1,14.66
7065,20/08/2025,3301,P045,4,"26,70"
3326,09/03/2025,2915,P007,1,18.27
9617,2025-09-23,3629,P042,2,"42,00"
8851,04/03/2025,999999,P043,1,"58,82"
12841,2025-02-19,1589,P026,1,"34,92"
15234,2025-05-05,1923,P041,1,"17,59"
328,2025-06-09,1731,P019,2,35.98
10201,2025-07-20,1879,P029,1,41.25
12609,2025-12-03,1788,P021,1,12.62
2425,2025-08-10,1351,P011,1,21.88
17435,01-16-2025,2338,P005,1,19.56
15543,2025-07-04,3124,P017,1,25.36
729,10-20-2025,1799,P034,2,32.01
552,2025-11-22,1743,P040,3,10.50
10965,2025-10-06,3706,P041,1,29.19
1215,30/05/2025,2265,P043,2,25.02
13666,30/08/2025,314,P004,2,11.33
11426,2025-07-17,2260,P022,1,"62,63"
5765,2025-09-07,79,P038,1,29.36
15998,2025-07-06,1411,P016,2,18.98
5173,2025-10-21,721,P042,-1,43.47
13947,08-18-2025,444,P027,1,"71,58"
13183,27/12/2025,1731,P002,1,17.64
16444,04/10/2025,1418,P030,1,43.93
13530,2025-02-25,567,P039,1,15.63
5006,26/01/2025,365,P032,2,33.38
15514,23/07/2025,3180,P009,1,"25,88"
14152,2025-12-01,315,P033,4,12.98
13836,05/06/2025,913,P002,1,9.35
13709,2025-05-25,3140,P038,1,22.65
9162,2025-04-12,2812,P013,1,22.78
1835,2025-06-27,211,P043,1,51.34
11854,2025-04-25,49,P001,1,36.25
11629,2025-02-04,247,P013,3,20.84
1790,2025-06-19,2313,P038,1,9.90
11449,03/02/2025,4161,P047,1,18.48
65,11/01/2025,3778,P014,1,"28,90"
12757,09/04/2025,2535,P032,4,"79,30"
13710,09-21-2025,373,P019,1,29.27
11821,22/10/2025,1907,P022,1,27.98
412,09/09/2025,3185,P035,2,"12,65"
154,2025-05-09,1182,P048,1,14.67
17364,18/05/2025,512,P046,2,13.63
17305,2025-07-01,2693,P041,4,19.89
13961,2025-02-22,4122,P042,1,27.18
6325,2025-07-17,3243,P010,1,"50,02"
6889,2025-08-01,3116,P018,1,23.53
14565,2025-07-27,2016,P042,,"17,20"
4132,07-19-2025,3288,P027,2,9.37
13355,2025-06-28,731,P018,2,"50,34"
16343,2025-12-29,2435,P004,1,"39,51"
9716,18/12/2025,4009,P002,2,"46,63"
14408,2025-11-29,1973,P006,1,16.70
6146,2025-02-15,752,P020,1,95.88
5980,27/05/2025,743,P046,1,20.67
5335,2025-12-22,3751,P015,2,23.01
16480,2025-09-18,2505,P038,1,38.83
6703,2025-05-30,2707,P016,2,9.59
2607,20/02/2025,4043,P019,2,35.40
1994,2025-05-27,2995,P015,1,"22,33"
12453,13/05/2025,825,P040,3,114.69
1955,03-07-2025,4147,P022,1,44.83
6578,24/08/2025,2704,P033,1,30.08
16007,03/01/2025,2297,P008,3,42.05
3191,2025-08-10,999999,P031,1,31.34
6453,06/12/2025,1298,P042,1,38.89
2664,19/10/2025,260,P044,3,62.70
8308,2025-02-04,2814,P041,3,"18,47"
1315,2025-06-30,2801,P020,1,49.26
10827,2025-04-14,3822,P032,2,"14,18"
2302,2025-11-17,3694,P047,4,32.76
12677,11/10/2025,2733,P034,1,17.94
6759,10/05/2025,723,P044,1,14.06
8075,2025-09-13,1995,P039,2,"26,04"
12149,31/12/2025,2002,P009,1,11.28
15501,23/04/2025,4061,P011,1,96.44
7938,2025-06-13,424,P042,1,27.18
17330,29/12/2025,1918,P013,1,"35,28"
5388,2025-06-27,418,P043,2,14.14
1829,2025-07-27,1729,P014,1,"22,19"
17529,04/06/2025,3955,P034,1,14.14
9494,2025-12-05,1395,P009,1,24.88
4549,23/04/2025,882,P043,2,"20,77"
17409,23/04/2025,1126,P029,1,64.72
3177,2025-05-13,2160,P033,1,133.06
5587,02/04/2025,3007,P017,1,14.61
16710,2025-06-16,2130,P029,2,22.82
3748,2025-11-14,999999,P009,2,"38,49"
8446,12-11-2025,999999,P016,1,19.87
9337,23/03/2025,698,P040,1,46.48
5720,2025-11-10,2307,P028,1,17.85
1795,2025-10-28,1730,P008,2,15.72
12532,10/08/2025,1668,P031,4,18.75
12496,2025-10-22,454,P047,1,45.39
5796,2025-01-30,2639,P012,1,30.83
14182,2025-08-12,1399,P042,1,63.64
12982,22/01/2025,974,P020,,22.64
13777,27/03/2025,3512,P012,1,22.46
8821,2025-10-28,1304,P024,1,42.01
13800,2025-05-28,3224,P039,3,43.03
4241,25/07/2025,875,P007,1,49.84
17475,2025-12-16,3333,P043,2,22.43
10370,2025-04-29,3780,P019,1,10.93
9435,2025-02-05,1298,P038,2,23.65
8849,2025-12-15,4041,P012,1,10.99
5944,01-19-2025,1739,P030,2,"49,96"
6504,2025-10-16,1099,P036,1,14.95
17938,2025-02-08,3191,P041,1,93.50
4992,02-07-2025,1442,P018,1,"20,12"
8531,30/06/2025,942,P008,1,24.76
10775,29/10/2025,3851,P036,1,20.36
12203,2025-07-12,3391,P042,2,29.25
17736,2025-07-24,999999,P011,3,37.35
172,2025-08-19,47,P028,2,110.82
15703,2025-03-23,396,P025,1,35.59
1888,2025-07-04,823,P003,4,19.29
13241,18/07/2025,2692,P037,1,40.21
4227,2025-01-30,1099,P020,3,"34,47"
16166,2025-07-18,2961,P014,1,"38,68"
8364,2025-12-09,3984,P044,1,18.28
6930,03/05/2025,1557,P016,1,39.17
6252,2025-05-09,3038,P020,4,23.10
2489,2025-08-11,3818,P040,2,"41,48"
7833,2025-09-30,3950,P009,1,12.07
11289,02/07/2025,2986,P025,1,"34,13"
9219,2025-07-13,3498,P029,1,42.27
8242,2025-01-22,3565,P010,1,29.06
15169,2025-03-02,2172,P037,1,"23,09"
13954,27/01/2025,1907,P033,1,28.73
7198,05/02/2025,3657,P019,2,34.55
355,2025-01-23,2876,P003,2,24.61
16637,2025-11-18,148,P012,1,"39,46"
17628,2025-02-25,1936,P045,1,"75,24"
11350,2025-02-17,3301,P040,2,35.90
17229,2025-04-15,3215,P036,2,"17,66"
11498,25/07/2025,707,P005,1,26.75
1632,2025-09-23,2402,P015,3,42.93
3578,2025-08-02,1714,P010,3,"91,49"
5816,2025-02-16,2611,P003,3,"18,51"
13351,30/12/2025,1508,P014,1,21.23
1120,22/07/2025,2921,P036,1,46.39
283,2025-05-17,2286,P012,-1,"14,80"
7458,2025-11-29,4098,P026,2,10.85
6710,2025-08-18,2033,P033,1,22.94
11034,03/06/2025,3915,P038,1,21.72
5596,23/08/2025,51,P003,1,10.64
14253,2025-08-27,1341,P004,3,26.71
2481,2025-01-03,3026,P032,4,25.26
16421,2025-05-19,2032,P019,1,12.78
8535,10-25-2025,130,P026,1,27.23
2980,10-19-2025,542,P007,1,35.89
10791,24/08/2025,38,P018,4,"48,18"
16610,2025-11-19,2585,P002,2,31.04
17410,2025-05-09,999999,P008,2,"58,79"
9490,2025-10-29,1806,P037,1,11.21
13418,06/06/2025,1825,P003,1,"23,14"
10238,2025-05-05,2101,P045,1,"11,67"
4386,29/09/2025,1068,P032,1,20.43
14261,2025-07-05,15,P038,4,26.53
15218,2025-09-20,83,P046,2,55.44
1491,05/07/2025,2889,P043,2,"29,32"
12099,01/04/2025,999999,P042,1,17.00
2344,28/11/2025,1801,P027,2,63.54
5224,2025-04-28,1104,P022,1,40.73
16960,06/11/2025,2419,P026,3,41.95
14384,02/07/2025,1920,P020,2,19.66
8507,2025-06-17,1690,P011,1,34.17
355,2025-01-23,2876,P003,2,24.61
11935,03-21-2025,2043,P015,1,10.44
11900,2025-07-08,993,P001,1,"16,86"
11890,2025-11-08,2202,P048,3,44.86
1935,11/07/2025,3253,P018,2,12.65
8145,2025-02-23,4159,P044,1,56.50
12892,2025-01-29,1362,P038,3,150.91
5476,06-20-2025,746,P045,1,38.34
803,2025-07-10,3541,P025,1,"19,72"
1138,13/05/2025,4029,P048,2,13.64
9384,08-29-2025,3296,P046,1,"27,77"
14714,15/03/2025,2914,P048,2,"44,04"
11885,24/04/2025,593,P013,2,15.13
10168,2025-05-11,648,P003,2,"18,95"
3295,10-26-2025,4192,P022,1,35.57
7542,2025-02-28,2854,P002,3,35.87
17780,2025-08-30,698,P007,2,"11,92"
5606,01/07/2025,2497,P029,2,"27,35"
15055,02-26-2025,3283,P023,1,11.24
8124,17/06/2025,2079,P045,1,31.07
16526,01/06/2025,3384,P042,1,30.38
6638,2025-01-24,1954,P046,1,48.61
9997,08/08/2025,559,P047,1,"11,78"
1202,09/03/2025,3883,P027,,26.77
5655,08-10-2025,2445,P040,1,69.36
17281,15/05/2025,293,P048,1,56.25
15380,2025-03-25,545,P045,1,30.46
1244,2025-08-20,1377,P035,2,49.98
15991,2025-12-10,2691,P036,2,22.05
10577,20/06/2025,632,P012,2,25.08
16896,25/07/2025,6,P034,3,"27,91"
1560,2025-08-07,1571,P012,-1,34.85
17727,07/12/2025,1423,P027,2,22.71
5122,06-17-2025,425,P031,1,134.40
14961,2025-07-16,3002,P033,1,26.68
12387,2025-02-15,3871,P012,1,"37,71"
9740,23/02/2025,1364,P006,1,"31,00"
1097,04/11/2025,999999,P009,1,49.86
11257,2025-06-30,4108,P032,1,22.95
4464,2025-06-19,3982,P042,2,45.15
15046,10/01/2025,1119,P036,1,29.61
762,2025-04-10,1182,P008,4,"51,30"
6963,21/08/2025,436,P043,-1,"39,61"
8521,2025-04-14,3187,P020,1,"45,66"
16434,13/03/2025,3646,P021,2,46.13
170,2025-10-05,4159,P010,3,"16,52"
7607,03-31-2025,3922,P019,1,27.44
11322,27/06/2025,3452,P010,1,"8,22"
8883,2025-05-12,1449,P024,4,"38,49"
12,2025-03-04,75,P007,1,38.18
3919,17/05/2025,2552,P029,1,"125,04"
17032,10/06/2025,904,P038,1,8.90
7423,03/06/2025,899,P018,2,"30,28"
16682,2025-11-07,2950,P036,,13.57
17784,2025-04-28,2119,P004,3,39.40
15451,2025-02-13,142,P020,2,11.37
17278,2025-05-08,4161,P009,4,"33,16"
15374,31/01/2025,1753,P031,1,"17,86"
8363,2025-03-07,477,P001,1,"34,76"
15417,2025-07-19,4053,P040,2,28.66
14640,21/01/2025,986,P024,1,"16,81"
13267,04-27-2025,932,P026,4,13.53
14205,2025-07-16,2592,P020,4,30.66
13733,2025-11-05,1416,P042,1,"35,52"
5683,2025-09-29,3372,P030,1,25.94
3618,2025-07-13,224,P028,1,19.73
10912,2025-12-21,3326,P004,1,6.77
14999,2025-08-29,4166,P020,1,33.23
1224,2025-04-29,2215,P036,1,80.31
9081,2025-07-22,2015,P033,3,72.13
16986,2025-11-09,3711,P005,1,"29,04"
12351,2025-12-20,2447,P035,1,"34,48"
654,05/03/2025,2367,P001,1,66.70
10221,02/05/2025,1842,P032,1,35.99
13190,03/12/2025,333,P023,1,45.22
9553,2025-08-20,3749,P027,1,32.39
1132,2025-04-12,2330,P013,1,"85,76"
16787,2025-04-09,1495,P016,3,25.99
14442,2025-06-02,2853,P043,1,"14,35"
16588,2025-02-16,1367,P045,1,31.32
7073,2025-09-06,2482,P009,3,"45,34"
10152,31/01/2025,3764,P020,1,34.13
632,2025-07-18,720,P039,3,26.66
4445,2025-06-06,732,P005,1,32.97
5634,06/04/2025,995,P001,4,20.12
13017,2025-01-16,14,P048,1,"34,95"
17190,2025-06-15,3875,P004,3,19.66
12622,2025-04-25,1005,P048,1,"35,33"
5780,2025-12-08,702,P044,3,"19,94"
16543,2025-11-23,795,P001,1,25.73
108,2025-11-17,430,P026,2,25.12
16261,27/03/2025,371,P016,1,26.54
7223,2025-05-30,37,P038,1,"16,95"
5768,2025-06-07,2705,P018,2,16.98
5579,2025-07-17,406,P034,1,"40,88"
2890,2025-01-11,3413,P006,1,34.82
16061,12/06/2025,134,P010,2,36.48
8368,2025-10-13,2607,P015,2,48.57
2618,2025-04-17,1623,P006,1,"45,68"
1240,2025-04-06,2951,P033,1,17.02
5155,2025-04-29,194,P042,2,"49,53"
13445,2025-01-23,154,P032,3,"16,97"
15731,09/04/2025,818,P034,1,51.88
2600,2025-11-23,2438,P037,3,45.11
12914,05/01/2025,2009,P005,1,10.59
1186,2025-05-05,3366,P009,1,41.85
2806,05-23-2025,2452,P034,1,54.12
13230,2025-08-31,2805,P025,1,"43,42"
4520,02-11-2025,1173,P015,1,43.29
8117,2025-11-03,594,P025,1,9.47
317,2025-06-28,4089,P032,1,"61,36"
8757,2025-07-02,3198,P046,1,206.78
9224,11/04/2025,1190,P007,1,"9,09"
1487,13/11/2025,4178,P034,3,30.85
2929,12/12/2025,2486,P033,1,8.66
3550,29/12/2025,2616,P011,1,28.59
13835,07/10/2025,1651,P041,1,32.61
3292,2025-04-12,1292,P017,2,"40,96"
9563,2025-07-26,2316,P042,1,13.22
12602,2025-05-26,1248,P047,2,8.61
8844,01-11-2025,3049,P009,,15.89
5121,21/06/2025,2762,P017,1,17.72
11294,2025-04-11,1905,P037,1,65.47
3637,2025-12-25,2060,P028,3,19.66
16467,2025-08-21,1957,P014,1,"56,74"
13747,12/02/2025,2996,P043,3,19.25
16011,26/04/2025,2077,P029,1,19.63
8628,12/12/2025,3151,P004,2,"14,42"
2136,29/12/2025,1127,P011,2,"26,25"
2381,2025-07-03,515,P003,1,8.68
14569,2025-08-04,1633,P013,2,"18,90"
3143,2025-10-28,1040,P005,1,59.76
3903,2025-09-22,3314,P042,2,12.37
2173,2025-11-20,2974,P009,1,27.42
2830,14/01/2025,3973,P045,1,23.46
13083,19/08/2025,1292,P007,2,30.60
17855,2025-06-16,999999,P020,2,23.16
779,2025-10-23,3203,P008,1,12.06
4395,2025-11-18,3508,P011,1,"28,93"
15579,19/11/2025,999999,P010,1,20.34
4928,05/08/2025,862,P025,2,58.41
10325,2025-08-07,3762,P039,,22.99
1461,2025-09-16,2706,P029,2,46.74
4993,2025-10-05,1771,P044,2,72.23
14485,04-14-2025,1188,P018,1,15.56
7884,31/08/2025,4022,P032,1,28.29
17203,03-25-2025,1393,P039,1,20.81
9382,01/09/2025,361,P044,1,31.59
403,2025-12-24,2915,P010,1,"16,61"
15314,2025-06-17,1619,P025,2,43.40
14118,11-17-2025,1722,P028,1,43.64
2734,10-04-2025,1672,P009,1,8.64
266,31/05/2025,2602,P028,1,16.30
1379,11-09-2025,825,P012,2,20.83
13592,11/03/2025,3501,P034,3,16.33
12316,2025-09-25,2043,P006,3,"34,87"
17020,2025-09-25,1545,P040,1,34.11
13866,2025-07-11,3737,P003,1,40.03
10620,2025-12-09,1491,P034,3,18.42
6758,2025-12-14,999999,P017,1,31.33
3399,2025-04-19,1604,P018,2,42.92
4127,2025-04-26,2396,P038,1,"13,60"
6385,09/06/2025,3610,P033,4,"24,49"
14027,09/05/2025,2850,P044,1,27.89
15220,2025-10-09,1638,P003,2,8.80
2548,03-05-2025,659,P034,2,"20,86"
6404,2025-01-29,1930,P044,2,"10,32"
13688,12-18-2025,1083,P004,2,"8,48"
7824,2025-03-27,3591,P032,1,"26,02"
10650,24/12/2025,3999,P011,2,30.46
7740,2025-05-31,3894,P041,1,33.06
2620,22/01/2025,3656,P046,1,50.79
11805,2025-07-29,2460,P030,2,52.09
11458,2025-06-04,257,P046,2,67.53
10609,27/11/2025,884,P023,1,55.18
15808,2025-12-12,2865,P047,2,11.15
1746,07/12/2025,1387,P030,3,"29,70"
2540,17/01/2025,3870,P033,2,"5,92"
15558,12/01/2025,3200,P019,2,24.08
16673,09/12/2025,3619,P001,4,41.55
7162,28/03/2025,2601,P026,1,"18,68"
965,26/03/2025,1843,P016,1,28.00
16695,2025-09-23,976,P007,2,15.91
12348,12-20-2025,3178,P022,1,"25,09"
13602,26/09/2025,1751,P047,1,"17,98"
4910,03-07-2025,3236,P036,1,"24,15"
12319,21/08/2025,3070,P025,2,8.17
4872,2025-10-23,1831,P004,2,"47,66"
16196,2025-12-02,2936,P029,1,"12,35"
1934,02/06/2025,2558,P042,-1,16.52
3279,2025-03-09,3707,P004,1,25.23
7008,2025-11-10,2655,P021,1,"32,41"
17637,05/10/2025,3127,P012,2,31.30
9393,2025-06-12,706,P045,1,16.12
7680,11-11-2025,3247,P018,4,13.12
4339,30/12/2025,2285,P027,1,"42,46"
13806,01/07/2025,2984,P026,3,"31,56"
15568,06/07/2025,4126,P048,1,"13,09"
15216,2025-10-05,471,P021,1,56.29
9578,2025-05-13,1597,P026,1,24.22
17214,2025-10-25,660,P029,2,"29,28"
12108,2025-05-03,731,P023,1,"34,84"
16019,2025-05-02,202,P027,1,27.70
6064,2025-10-14,79,P039,1,"27,08"
5843,20/06/2025,3143,P038,3,"68,36"
17257,20/05/2025,2450,P025,1,25.59
5070,2025-07-02,3211,P028,3,48.04
10880,12-30-2025,2849,P022,2,"29,65"
3023,2025-09-15,3945,P022,2,8.79
16040,2025-01-01,3426,P016,1,56.86
17208,2025-02-02,720,P002,2,30.67
3208,2025-02-25,2772,P005,1,74.60
17021,2025-12-17,2759,P035,1,42.61
1998,2025-03-22,3901,P004,2,17.60
883,07/03/2025,2497,P045,1,9.04
897,2025-06-11,1838,P038,3,16.58
11371,15/07/2025,4053,P043,1,6.27
122,22/06/2025,42,P004,1,70.81
7415,2025-06-01,293,P010,2,36.89
9734,23/12/2025,2457,P031,-1,40.92
10706,2025-06-29,182,P046,1,10.94
313,2025-12-02,3778,P023,2,27.93
6682,2025-02-20,3306,P042,4,21.31
11207,26/12/2025,516,P004,2,"23,46"
1374,2025-06-21,3535,P010,2,15.86
1302,2025-07-11,2332,P005,1,48.74
9521,05/04/2025,498,P048,1,"63,16"
2615,2025-04-30,1339,P029,1,"15,34"
4812,2025-12-22,1821,P007,2,58.42
6725,2025-07-31,585,P045,2,20.31
4585,2025-11-16,965,P021,2,"12,34"
9317,2025-12-12,2473,P044,1,22.71
3057,2025-03-19,1204,P047,1,"8,84"
2365,07/04/2025,3150,P032,1,"21,94"
6622,2025-03-31,2503,P040,2,13.98
6904,2025-07-10,999999,P035,1,"35,96"
179,01/09/2025,1183,P010,1,39.52
12715,12/02/2025,2159,P034,1,13.76
16938,21/08/2025,138,P048,1,15.02
6384,2025-07-27,1041,P011,1,37.81
10621,2025-03-07,2559,P020,2,"9,06"
15346,2025-08-29,272,P002,1,"24,36"
1578,07-02-2025,3767,P027,1,22.87
13607,2025-04-03,1175,P012,1,16.07
5567,2025-10-23,2079,P029,3,12.68
15685,19/10/2025,132,P045,2,73.70
2782,05/05/2025,3163,P003,1,"37,78"
6366,2025-11-09,602,P042,2,51.76
16342,12/01/2025,286,P024,2,36.53
87,2025-11-30,3996,P035,1,61.17
14505,01/08/2025,1092,P033,1,51.70
13797,29/09/2025,238,P011,1,19.05
3784,2025-09-30,3862,P043,3,24.96
2854,03-27-2025,2290,P009,1,49.22
12544,16/01/2025,4158,P031,2,12.36
4558,10-04-2025,972,P042,1,32.35
11837,2025-04-02,3258,P038,1,28.50
15085,2025-04-07,1207,P002,2,14.96
14952,09-20-2025,2079,P038,2,33.91
17356,2025-06-14,631,P022,1,150.19
14157,2025-02-22,3965,P011,2,51.04
8251,2025-07-08,138,P042,1,24.12
13924,2025-01-13,3295,P045,2,11.16
5789,2025-09-06,1382,P012,1,"39,97"
16041,2025-04-05,3500,P026,3,19.36
9029,2025-03-22,1438,P001,2,52.65
219,2025-06-29,1422,P005,1,26.04
6961,04/05/2025,1333,P010,3,38.98
3303,2025-07-08,3331,P017,3,19.68
3598,26/05/2025,515,P040,1,25.73
9536,11-11-2025,630,P024,2,31.19
1036,2025-01-04,2201,P022,1,"21,46"
8006,2025-12-13,297,P023,1,24.87
12004,16/07/2025,3917,P006,1,"10,92"
8200,2025-02-10,302,P028,1,28.05
6047,2025-01-13,3161,P004,1,"40,74"
1913,2025-11-20,1910,P028,1,15.81
8430,2025-09-07,2379,P003,1,31.92
12371,15/12/2025,364,P028,1,15.26
574,2025-04-01,3004,P048,1,20.55
265,08/01/2025,3084,P002,2,31.60
9249,2025-03-30,2692,P028,1,93.90
10935,2025-10-12,1873,P039,2,37.74
10052,28/07/2025,2518,P010,1,32.43
9015,08/02/2025,2117,P037,1,53.08
8581,22/06/2025,2464,P036,1,"94,67"
4249,2025-03-29,1851,P038,3,19.25
10971,13/05/2025,2058,P028,1,21.89
11791,2025-05-28,3721,P028,1,11.42
13189,2025-03-15,1470,P039,1,"42,98"
14394,2025-08-04,2498,P030,1,24.34
14212,2025-06-01,3444,P010,1,"40,10"
5662,2025-04-15,2969,P036,3,"63,43"
1136,16/10/2025,757,P004,1,20.67
14186,2025-11-21,3537,P002,2,102.85
2713,09/10/2025,999999,P009,2,17.19
11162,2025-04-03,2456,P046,2,"17,04"
2405,2025-03-03,2179,P044,2,34.91
522,2025-05-08,2933,P032,2,12.79
2617,2025-07-25,2555,P044,4,19.54
1103,27/11/2025,528,P037,1,31.40
16461,2025-01-08,2321,P011,2,58.59
14072,2025-03-01,571,P015,1,35.43
677,2025-10-29,1652,P007,1,41.30
13764,23/08/2025,686,P037,2,16.97
4886,2025-04-19,698,P032,2,"25,94"
3283,2025-08-24,1320,P017,2,"10,79"
106,2025-06-17,999999,P027,2,55.43
16956,27/09/2025,740,P024,1,37.11
4530,2025-11-15,2553,P002,1,10.64
17951,12/06/2025,3509,P048,2,"35,17"
3565,2025-06-24,3081,P044,3,10.59
1192,2025-02-02,466,P016,2,66.92
14954,16/09/2025,3746,P032,4,29.68
11757,2025-01-24,3850,P040,1,75.19
15047,2025-12-22,1283,P028,1,"39,43"
1920,2025-07-18,1574,P037,1,"30,33"
4537,2025-01-09,872,P014,2,60.72
2744,2025-04-09,200,P027,2,34.47
3250,2025-10-21,1010,P015,3,20.26
4342,01/12/2025,3048,P032,2,"30,66"
15561,2025-04-13,2813,P028,2,"75,44"
12343,04-11-2025,33,P040,1,"12,32"
4866,2025-05-12,1126,P012,2,20.84
5664,01-15-2025,1822,P044,2,45.56
377,2025-07-11,255,P041,1,18.25
13073,24/09/2025,1127,P028,1,12.34
1307,2025-04-14,3087,P016,1,17.68
14198,2025-07-28,2119,P042,1,54.62
2550,2025-11-26,3781,P041,2,14.48
4854,2025-07-24,2152,P017,1,53.34
2564,2025-06-08,2854,P012,1,29.40
1093,2025-08-18,2435,P005,1,17.93
9274,23/08/2025,2483,P037,1,"83,78"
10740,2025-12-15,4149,P010,1,66.87
12702,2025-04-21,539,P028,1,26.08
12153,13/04/2025,2326,P013,1,20.05
11227,2025-05-27,2158,P017,1,21.48
2988,25/05/2025,2238,P044,1,11.04
5414,22/03/2025,2158,P044,1,"13,56"
16607,2025-07-30,1401,P045,1,48.20
13106,02/12/2025,1194,P024,1,31.00
958,2025-01-09,3660,P014,3,19.23
13999,2025-01-25,3883,P024,1,14.02
1517,2025-02-08,1606,P026,3,22.36
17420,19/09/2025,2014,P030,2,17.88
2534,02/07/2025,3161,P028,1,"10,84"
10348,26/02/2025,2616,P042,1,36.13
5734,2025-01-10,2776,P038,2,28.78
8946,2025-10-20,1274,P029,,13.63
3587,2025-05-23,3016,P010,1,53.09
16145,2025-06-16,1831,P020,1,58.84
2427,2025-05-05,170,P029,-1,39.82
14249,16/03/2025,314,P018,1,15.35
14696,23/01/2025,3960,P032,2,12.34
14209,16/10/2025,2459,P031,1,18.82
14801,30/03/2025,3914,P003,3,46.61
1236,01/07/2025,2757,P046,1,41.24
12462,13/03/2025,2345,P031,1,"15,55"
9876,2025-05-05,3599,P015,1,"49,22"
17176,2025-05-20,1458,P015,1,18.58
11737,2025-09-26,2526,P048,2,37.43
13345,2025-07-23,1690,P001,2,29.30
9828,2025-05-11,3243,P003,4,35.33
16576,2025-09-01,3745,P042,1,"25,51"
2330,2025-01-07,1017,P018,1,27.21
4010,03/04/2025,1924,P039,2,4.71
6658,01/09/2025,2284,P006,1,31.42
3698,11-15-2025,776,P046,2,"22,20"
2419,2025-05-26,172,P013,1,"21,74"
9070,2025-07-15,2521,P003,2,17.34
3163,21/10/2025,3200,P003,1,36.06
15429,01/08/2025,2818,P037,1,12.34
10310,2025-03-23,1888,P007,1,12.64
4286,2025-06-30,3252,P039,1,24.12
13832,2025-04-12,1611,P024,1,"40,50"
7563,12-31-2025,1560,P009,3,29.10
6204,2025-07-11,1841,P004,2,21.12
14534,02/12/2025,2931,P030,1,33.00
8668,09-01-2025,3657,P009,1,"32,96"
4973,05/01/2025,2808,P011,-1,"43,12"
11920,2025-02-12,1365,P030,2,14.19
4061,2025-08-17,3513,P027,1,37.27
1166,2025-10-04,3167,P007,3,16.68
2022,2025-07-08,213,P036,2,"35,86"
1584,2025-09-13,2884,P007,1,19.74
16265,11/06/2025,2634,P001,1,"31,85"
16791,06/07/2025,1241,P022,1,10.35
1111,2025-10-08,3301,P002,1,57.74
2554,2025-08-17,416,P004,3,28.21
4306,2025-10-24,1749,P040,1,51.76
11516,10-29-2025,1082,P037,2,20.36
9635,2025-11-16,3293,P036,2,37.86
11228,29/09/2025,2145,P020,1,34.03
3659,06/08/2025,2383,P007,2,"20,25"
12223,14/12/2025,1718,P029,1,26.42
16577,2025-12-30,3026,P006,3,"13,43"
16413,15/05/2025,1511,P029,1,"17,76"
8322,02/06/2025,176,P003,2,15.15
6521,2025-07-13,2990,P017,1,27.26
2514,2025-08-15,773,P008,2,"43,34"
11401,2025-10-28,2486,P026,3,21.01
1301,16/06/2025,2722,P025,2,"33,84"
3548,04-07-2025,2826,P022,1,43.21
3408,2025-08-03,596,P023,1,67.89
11806,29/09/2025,2859,P008,1,"28,09"
10883,2025-05-07,461,P042,2,8.39
9833,10/11/2025,2639,P039,1,"9,38"
10139,2025-03-22,1264,P016,1,"48,91"
17206,27/08/2025,2544,P048,1,25.15
1099,02-03-2025,793,P019,1,20.68
14887,17/10/2025,899,P003,1,21.32
1749,2025-09-28,2759,P025,1,35.02
4609,14/08/2025,1609,P025,2,12.90
14581,2025-01-24,154,P006,1,78.30
13633,2025-03-12,3495,P001,3,49.17
510,07-14-2025,1726,P020,3,17.72
5625,2025-10-03,2793,P001,3,"12,51"
5805,2025-07-10,2492,P017,2,10.17
12239,2025-04-22,2187,P042,1,16.19
16945,2025-01-06,2073,P035,1,44.21
15365,13/01/2025,795,P013,1,26.20
17765,16/08/2025,3686,P037,2,76.68
14948,08/11/2025,1003,P044,1,14.30
9319,08-16-2025,634,P037,1,"26,62"
12260,2025-10-29,3275,P043,1,16.78
13365,11/03/2025,2258,P031,3,92.51
7121,03/01/2025,2656,P028,2,24.85
5439,2025-01-10,2914,P005,3,"8,90"
10660,31/12/2025,3069,P028,1,"15,60"
15258,05/05/2025,3552,P013,1,11.65
5059,28/11/2025,1306,P021,1,23.68
15117,02-17-2025,3678,P008,3,105.62
12467,08-05-2025,2929,P048,2,22.35
3065,2025-12-03,2178,P005,2,15.26
16495,2025-12-26,3736,P024,1,27.02
10258,2025-05-18,2316,P012,1,17.21
9126,2025-06-09,403,P036,3,33.39
4375,2025-12-02,1489,P014,1,"35,27"
17449,07-22-2025,1749,P020,3,19.31
15308,2025-05-24,1810,P041,2,34.91
2452,15/09/2025,3551,P048,1,27.48
15582,2025-12-24,3133,P002,-1,26.19
7258,14/04/2025,2795,P031,3,32.80
3867,2025-10-27,1324,P009,2,48.23
2895,19/11/2025,463,P019,1,"35,16"
12843,14/11/2025,1808,P004,1,34.64
2233,2025-09-26,85,P005,1,41.09
71,14/02/2025,588,P027,1,36.58
10646,2025-08-19,548,P035,1,20.94
9298,2025-03-08,1372,P043,2,43.65
15730,2025-09-05,39,P006,2,23.26
15850,31/05/2025,2803,P045,1,17.50
12668,2025-07-23,3618,P014,2,14.17
16978,15/06/2025,3178,P016,1,"30,60"
9462,2025-10-01,2267,P026,1,"56,36"
9170,22/04/2025,1419,P014,1,44.94
13337,2025-04-12,1483,P048,1,73.11
6223,25/11/2025,3257,P024,1,15.89
2316,08-30-2025,660,P047,1,13.85
9225,09/01/2025,4047,P043,1,11.87
7658,2025-06-09,1291,P028,2,15.84
10679,2025-12-23,1860,P041,1,23.85
5665,2025-06-11,597,P014,2,22.90
3774,19/02/2025,837,P027,1,22.80
8797,2025-01-06,3068,P046,1,16.46
750,2025-08-10,54,P029,4,"38,28"
8153,2025-03-24,1365,P027,3,"29,27"
8607,09-21-2025,4123,P032,1,40.96
2050,2025-05-27,732,P009,2,99.42
11036,26/03/2025,1629,P016,2,33.26
8370,2025-09-28,500,P009,2,"19,89"
11428,2025-12-31,1193,P047,1,"32,65"
10088,2025-04-09,1232,P007,4,69.59
8524,2025-02-21,2846,P002,1,"21,78"
13234,2025-03-23,3426,P042,1,"41,48"
13173,07-02-2025,3802,P023,2,69.48
1361,2025-07-29,4109,P022,1,32.21
8474,06/10/2025,1756,P016,,"82,21"
17844,2025-06-28,863,P004,1,50.18
1873,12-04-2025,3943,P009,3,21.25
11500,2025-01-09,1083,P005,1,17.58
8567,16/09/2025,377,P041,2,19.98
13332,07/04/2025,3447,P042,1,20.36
6513,2025-11-07,3604,P004,1,17.17
14126,08-30-2025,4053,P040,1,29.56
17442,2025-12-04,238,P028,2,"25,12"
6499,05/11/2025,3449,P044,1,22.49
15770,2025-11-06,3897,P001,1,25.35
3605,25/05/2025,3452,P035,4,9.63
1983,12/06/2025,30,P024,1,49.81
5986,2025-03-26,104,P044,2,"135,72"
10950,2025-01-14,456,P002,2,17.50
9141,2025-09-21,3049,P001,3,"8,39"
9234,04/09/2025,3220,P043,2,13.77
16315,06-24-2025,1544,P030,2,39.21
7889,2025-12-29,761,P030,2,22.60
12570,27/08/2025,3337,P045,4,18.71
17180,2025-09-02,2065,P009,1,"79,46"
16802,2025-09-03,370,P022,3,35.60
2203,2025-11-15,4147,P021,1,"34,46"
326,07/02/2025,2197,P020,1,33.17
4712,2025-05-25,3636,P007,1,20.59
11982,2025-08-24,3962,P005,1,"16,32"
5886,2025-11-06,2464,P033,1,32.23
252,2025-09-22,3021,P013,2,"84,67"
2121,2025-01-08,540,P027,1,"133,66"
2152,2025-12-06,2015,P005,1,"36,64"
13195,2025-05-09,774,P044,1,12.29
9151,04-07-2025,1955,P007,1,41.22
17118,2025-11-25,2170,P014,2,63.94
1141,08/05/2025,1423,P037,1,16.44
9549,21/12/2025,1191,P019,,11.59
7763,02/06/2025,983,P009,1,"35,87"
6699,2025-09-05,1887,P011,1,"43,79"
14749,21/11/2025,3218,P007,1,16.74
17984,2025-07-15,3663,P031,1,71.54
10178,2025-06-15,2985,P020,1,36.43
5014,03/07/2025,2079,P017,3,83.35
4688,20/05/2025,3880,P040,1,"54,58"
12787,22/09/2025,1131,P024,,27.92
17463,11-23-2025,227,P041,2,50.18
17832,11-15-2025,81,P027,1,"15,66"
7132,2025-11-08,724,P032,3,31.46
13573,2025-12-08,833,P001,2,100.23
13019,2025-01-06,231,P003,1,11.83
1518,2025-02-13,3881,P001,1,67.75
2331,2025-12-18,1388,P024,1,22.69
2597,2025-10-25,947,P033,1,20.44
3806,2025-10-19,3318,P048,2,"13,69"
16776,03/01/2025,2378,P016,1,46.53
16851,2025-05-23,86,P014,,"16,92"
6008,19/09/2025,305,P025,1,16.08
13179,09/12/2025,1152,P040,1,"33,33"
15148,2025-11-20,2016,P045,1,31.01
4074,2025-12-18,2124,P027,3,39.27
8356,26/05/2025,2767,P011,1,10.06
10133,08-29-2025,3366,P042,3,34.70
3625,2025-09-17,719,P013,3,"62,96"
15993,07-22-2025,1682,P032,3,17.97
11675,2025-06-23,1759,P033,1,"6,86"
11553,2025-02-13,1940,P036,1,"30,79"
12845,2025-12-30,420,P029,1,"54,52"
10690,08/02/2025,3678,P003,2,22.33
1173,2025-10-10,4101,P001,2,23.96
4577,2025-08-15,3578,P032,,18.74
7106,2025-11-11,1833,P040,1,"33,06"
142,2025-07-06,3480,P045,1,47.57
10163,13/01/2025,1082,P040,1,21.11
12908,2025-03-20,263,P044,1,13.31
2101,2025-05-12,2424,P036,1,18.65
17111,08-21-2025,3800,P029,2,16.19
10304,02/06/2025,1498,P011,1,26.12
8099,2025-02-08,3173,P030,1,56.76
12473,2025-05-31,179,P028,1,"8,39"
8568,06-27-2025,1230,P003,3,16.80
6881,2025-10-11,80,P012,1,26.59
2711,01-04-2025,1419,P030,1,"39,32"
10294,2025-09-29,3756,P011,1,34.23
12643,2025-09-03,3275,P027,1,23.13
5830,26/07/2025,1134,P016,2,11.66
16531,2025-10-31,1880,P022,2,33.65
8239,2025-07-14,1885,P042,1,7.54
15136,05-27-2025,3943,P032,1,20.11
12567,16/10/2025,3651,P011,2,30.23
13045,2025-12-17,574,P001,1,24.53
5809,06-20-2025,3281,P009,1,21.91
4667,2025-09-14,2244,P023,1,"12,45"
8436,04-21-2025,28,P003,1,34.46
13069,06-30-2025,3382,P037,1,"35,26"
11824,2025-01-30,3087,P032,4,12.12
9769,25/06/2025,1703,P006,1,"37,80"
13424,2025-03-06,1347,P025,2,17.79
2347,2025-10-07,3233,P037,1,8.50
17506,14/04/2025,972,P048,1,11.90
10885,2025-08-13,112,P025,2,16.52
17605,2025-01-09,307,P046,1,36.87
2139,23/02/2025,893,P032,1,"12,49"
7781,08-02-2025,1637,P023,3,42.18
2372,2025-11-05,2517,P047,2,39.42
5265,03/09/2025,4052,P044,1,26.23
11104,2025-07-21,302,P011,3,18.09
16086,2025-02-05,3135,P022,1,"13,18"
15481,2025-09-19,3660,P002,2,23.33
11149,18/12/2025,2687,P026,2,"41,84"
7025,2025-08-16,345,P033,2,34.13
13314,2025-01-28,302,P035,1,"20,81"
4730,28/05/2025,3587,P014,1,19.67
7311,2025-07-13,3946,P031,2,46.63
8205,2025-01-02,992,P048,1,77.14
17588,2025-05-19,1863,P039,2,40.32
9265,25/12/2025,2439,P030,4,47.42
11745,09-04-2025,1975,P017,1,14.29
6523,2025-11-04,2333,P040,1,20.90
288,26/04/2025,3970,P035,2,"15,42"
7847,08/01/2025,2590,P028,1,20.07
12365,16/08/2025,3282,P004,1,24.20
14923,04-16-2025,2339,P047,1,19.55
5500,2025-12-11,999999,P031,1,47.62
1048,08/07/2025,2489,P031,2,11.73
3494,11/03/2025,458,P020,1,125.02
7446,2025-09-02,2658,P037,2,29.83
2419,2025-05-26,172,P013,1,"21,74"
6197,2025-06-09,523,P036,1,12.73
8443,03/02/2025,2870,P015,1,"14,86"
16931,2025-03-31,4075,P031,1,8.87
601,07-04-2025,1778,P038,1,95.54
16264,05-20-2025,3580,P023,3,14.37
4524,08-21-2025,3199,P046,1,67.27
1371,2025-12-02,3345,P042,1,35.32
6676,2025-10-05,2314,P045,2,9.33
1720,22/09/2025,1016,P010,1,"13,91"
16334,2025-01-21,1645,P021,2,22.05
5375,04/10/2025,4171,P007,1,16.49
5267,2025-12-21,608,P021,1,32.19
15617,12/07/2025,3452,P003,1,107.60
12753,2025-07-31,1584,P023,2,16.76
9223,09-08-2025,80,P006,1,"22,03"
1153,25/11/2025,2398,P047,1,11.82
17584,2025-10-09,1375,P019,1,13.57
6557,02-23-2025,3273,P029,2,"37,40"
9406,2025-02-28,1153,P043,2,36.60
17029,12/02/2025,859,P006,2,"34,75"
17564,2025-03-23,1907,P037,1,52.45
980,09-07-2025,1976,P001,3,8.02
11590,22/12/2025,2779,P029,1,26.92
4280,2025-04-30,2108,P042,1,37.73
16734,2025-03-10,2655,P041,4,28.21
6531,27/08/2025,3796,P043,1,25.83
1068,2025-05-15,3291,P018,2,45.75
6717,10-04-2025,3535,P005,2,132.21
12947,2025-01-22,3390,P039,1,"18,50"
10188,2025-07-04,337,P002,1,21.52
751,2025-10-13,1226,P018,1,34.12
4705,2025-06-07,2730,P008,4,"25,37"
8685,04/12/2025,982,P034,3,25.44
1926,02-09-2025,913,P007,2,12.85
16263,09-24-2025,3649,P044,1,29.09
12208,2025-07-15,206,P033,2,28.34
6824,2025-02-13,2870,P024,1,22.43
13238,04-28-2025,1378,P041,1,14.42
6533,01-03-2025,3544,P029,2,37.75
15932,24/12/2025,1660,P028,4,"55,65"
13695,2025-03-19,3644,P012,1,"116,95"
733,02/07/2025,3346,P019,3,11.34
8963,07/11/2025,999999,P018,1,"15,86"
12144,13/05/2025,142,P002,3,34.26
4444,2025-11-27,4135,P004,1,48.87
1277,2025-05-14,4161,P007,2,"14,43"
17920,2025-01-12,1925,P026,,65.13
9939,10-25-2025,261,P024,1,50.22
6625,2025-10-03,2598,P003,1,74.71
10808,27/11/2025,2961,P032,2,"88,64"
14081,2025-10-26,1508,P037,1,"31,72"
17943,24/11/2025,691,P034,1,"15,71"
6096,2025-10-25,3230,P007,1,"56,56"
1859,2025-06-16,1515,P034,1,"8,20"
17280,2025-06-11,1317,P031,2,"56,11"
16843,2025-06-10,1547,P026,1,14.80
10190,12-14-2025,2471,P008,2,12.91
15517,2025-06-07,3524,P027,1,23.29
3435,2025-12-14,1091,P023,2,27.15
2991,14/08/2025,3522,P048,2,9.61
4994,2025-12-16,999999,P048,2,12.79
11172,05-02-2025,3714,P038,3,22.47
9561,2025-02-23,1268,P022,1,16.47
821,2025-08-18,511,P032,1,32.33
7919,2025-06-27,1376,P014,1,"15,25"
3918,2025-11-16,3354,P013,2,"30,62"
7035,2025-03-30,1757,P029,1,"24,27"
6374,10/01/2025,2811,P011,4,55.72
8126,31/12/2025,4093,P005,2,22.76
15279,2025-03-27,3587,P045,4,"38,58"
4144,24/01/2025,3352,P036,1,"78,41"
10582,2025-09-19,1004,P007,2,37.25
10262,2025-11-07,999999,P041,2,"19,08"
12535,2025-10-28,1760,P008,1,28.93
2354,2025-04-26,89,P033,1,17.25
10898,2025-06-30,3924,P017,1,"16,24"
2638,2025-05-08,789,P037,1,"45,29"
11649,2025-10-30,1894,P042,3,21.20
7189,2025-08-13,226,P032,2,9.50
12758,26/01/2025,867,P041,2,19.75
12152,03-29-2025,2684,P014,1,"15,19"
4506,2025-10-20,2337,P019,1,45.92
4368,2025-11-22,1557,P006,2,"23,46"
11482,30/09/2025,2174,P012,2,"51,31"
8270,2025-05-25,3913,P038,,24.18
9375,2025-10-13,1182,P022,3,13.29
10601,2025-06-15,3760,P002,1,79.82
1122,2025-07-17,3745,P018,2,25.11
543,2025-11-28,1741,P030,1,"62,84"
10641,2025-10-04,2795,P013,2,18.13
17771,2025-09-11,1953,P003,1,31.55
4100,2025-04-28,964,P048,1,20.54
9630,2025-04-15,2625,P005,1,68.68
380,2025-01-04,677,P022,2,25.83
17682,17/04/2025,121,P003,1,15.57
6814,2025-06-13,2445,P021,1,"4,49"
9574,2025-06-30,288,P038,2,29.48
8637,2025-06-04,3562,P024,1,41.12
12419,2025-11-14,2449,P016,4,46.62
17122,2025-11-24,796,P048,2,"19,62"
16003,2025-01-06,3542,P037,1,8.33
2010,2025-05-29,1299,P048,1,"19,85"
5642,2025-06-23,3897,P006,3,"17,43"
11445,2025-07-22,4128,P025,4,34.31
6347,2025-03-02,4127,P041,1,"9,02"
3281,01-18-2025,1609,P028,1,14.23
15142,2025-11-02,379,P033,1,24.66
616,2025-06-22,1406,P044,1,14.52
12774,2025-11-03,2792,P032,1,21.80
11514,2025-02-08,1561,P031,1,14.19
13253,2025-08-10,2103,P015,1,44.12
12619,06-30-2025,3298,P007,3,42.07
4050,2025-01-30,2361,P007,1,9.55
13550,2025-09-25,1512,P047,2,16.28
881,2025-04-19,223,P018,1,"19,84"
9907,02/12/2025,2227,P011,1,85.42
13286,2025-12-29,3280,P048,1,47.97
10153,09/10/2025,2722,P001,1,"44,73"
16662,2025-06-29,1940,P012,2,"27,32"
12050,20/07/2025,226,P022,1,13.97
13872,2025-07-04,3924,P023,1,30.68
9282,08/12/2025,4068,P007,1,35.85
1748,2025-12-10,1010,P007,2,"101,05"
990,22/04/2025,1231,P005,1,44.70
15243,03/06/2025,809,P004,1,17.22
434,2025-09-02,3854,P009,1,28.55
7090,02/05/2025,2792,P038,1,30.45
15379,22/11/2025,3329,P037,4,98.48
6917,2025-10-21,624,P013,2,14.39
13668,2025-04-18,3685,P033,1,42.08
2345,2025-08-31,2227,P041,1,"43,84"
1792,2025-11-24,143,P034,1,"13,61"
6110,2025-11-17,1516,P026,3,12.97
13347,2025-09-05,1182,P018,1,"56,07"
15679,13/12/2025,4187,P007,1,"11,49"
11479,2025-07-26,2259,P029,2,8.36
9838,2025-10-08,3784,P030,1,"19,06"
16059,23/12/2025,3303,P031,2,36.88
5599,2025-02-14,2563,P025,1,9.39
7490,25/10/2025,2716,P047,2,75.58
3932,18/01/2025,452,P039,2,13.48
12591,2025-11-16,736,P047,2,"62,77"
5655,08-10-2025,2445,P040,1,69.36
5723,2025-09-23,1554,P014,1,22.51
16686,2025-05-12,895,P023,4,68.83
17224,11/04/2025,30,P041,1,39.77
7253,2025-12-08,21,P011,3,14.90
14659,2025-06-19,2480,P038,1,39.76
14987,2025-06-22,1692,P007,1,12.75
2613,2025-12-05,1086,P047,3,17.81
4882,2025-09-27,1719,P002,1,"27,09"
3665,2025-07-05,2925,P034,1,14.02
5949,2025-03-31,2478,P013,1,11.89
5862,2025-12-16,1400,P018,1,14.88
7363,2025-11-18,2862,P005,2,15.24
11028,2025-01-21,1806,P031,1,70.21
12038,2025-03-14,3474,P026,-1,37.16
15848,2025-02-19,3681,P034,1,"36,84"
599,04/06/2025,2403,P021,1,"21,95"
6186,2025-05-13,2147,P042,1,"56,70"
17932,19/10/2025,3611,P032,1,16.17
1759,2025-12-29,4017,P042,1,31.19
13213,12-26-2025,2690,P033,1,"23,81"
529,23/07/2025,4116,P019,1,24.67
4522,2025-05-04,3573,P002,2,"19,22"
2799,08/05/2025,3692,P047,1,14.71
16189,2025-11-02,1486,P022,2,32.34
12331,2025-04-03,4018,P012,2,34.30
6277,06/02/2025,999999,P004,1,38.83
9181,01/09/2025,1012,P041,1,27.21
389,2025-02-16,1761,P001,1,10.85
3185,12/10/2025,1614,P015,1,"24,10"
8790,2025-08-09,1466,P031,3,57.96
5189,2025-07-23,1322,P041,1,65.77
5930,2025-09-25,220,P013,4,"24,42"
6561,09-28-2025,401,P003,1,30.21
15628,2025-12-26,21,P022,1,"54,57"
10554,14/10/2025,831,P011,2,"7,88"
8349,08/04/2025,362,P040,1,33.82
5513,2025-06-02,2310,P019,2,"30,32"
4151,2025-07-18,1172,P048,3,"25,75"
6978,2025-07-25,2197,P022,2,43.86
16717,2025-06-04,1028,P031,4,4.96
2583,2025-11-11,3118,P035,3,12.65
5606,01/07/2025,2497,P029,2,27.35
8565,12/12/2025,2548,P001,1,21.93
6990,2025-01-29,2252,P038,1,63.43
2426,03/09/2025,1210,P010,1,"10,95"
7492,2025-05-12,2269,P045,2,31.63
584,22/02/2025,3390,P009,1,12.27
11224,09/05/2025,515,P023,2,36.74
1284,2025-05-22,1996,P034,2,22.81
17499,2025-05-09,2123,P024,1,12.12
6185,2025-11-19,1812,P003,2,24.58
954,2025-10-29,3086,P024,2,"24,10"
3527,2025-10-07,85,P024,1,8.52
7798,2025-01-08,3534,P023,2,27.25
6353,2025-06-22,3374,P017,3,40.28
4284,21/06/2025,1214,P046,2,59.57
13352,2025-07-22,2145,P006,1,40.30
12280,2025-05-18,1435,P005,2,23.16
3606,2025-07-09,3724,P008,1,"35,66"
13165,07-22-2025,438,P036,1,"25,78"
12987,2025-07-23,2108,P018,2,33.92
13723,2025-02-19,1197,P010,1,35.22
5775,2025-10-27,2932,P027,1,"18,65"
2497,2025-07-19,3738,P009,1,10.83
7045,20/02/2025,3343,P041,1,68.59
912,2025-01-22,2237,P001,2,11.53
15641,2025-10-21,409,P005,2,"7,03"
15297,17/07/2025,4140,P025,1,"8,43"
13897,2025-04-01,2614,P022,2,40.16
7809,11/04/2025,1285,P039,2,"10,74"
4366,2025-12-22,2646,P039,1,"31,64"
11496,2025-01-20,81,P044,,15.73
7134,2025-04-23,4106,P046,1,"23,90"
8147,2025-10-01,132,P027,2,35.79
16620,2025-03-12,343,P042,2,"9,79"
9773,2025-04-18,3580,P008,1,10.46
7119,2025-06-22,1146,P001,1,51.23
9077,04/01/2025,3545,P034,1,37.25
13542,2025-12-09,4106,P045,1,82.81
12424,2025-05-18,1398,P033,4,54.22
16450,01/01/2025,3629,P016,1,39.74
8354,20/12/2025,1514,P002,2,"12,30"
3026,2025-03-26,1467,P023,2,18.54
16351,2025-11-08,1663,P006,1,39.18
14180,2025-02-08,433,P031,1,16.78
7405,2025-01-26,3921,P006,1,6.87
14716,2025-11-21,1725,P021,1,8.53
17146,2025-03-03,2018,P009,1,20.62
9302,02/05/2025,3450,P041,1,8.59
15052,2025-06-05,3559,P046,1,54.20
8289,2025-11-02,3321,P026,1,23.98
9948,2025-12-01,2018,P011,2,62.81
2930,25/06/2025,1444,P012,1,38.78
5357,2025-02-13,2183,P004,4,51.37
17350,28/07/2025,2637,P038,2,37.36
2172,2025-07-25,913,P041,1,6.91
7587,2025-04-26,3949,P040,1,"30,30"
10899,09-23-2025,636,P021,2,"30,09"
8512,2025-05-17,2735,P027,3,"38,72"
11193,2025-04-17,4084,P031,1,19.99
16634,06/12/2025,891,P030,1,27.24
8650,2025-06-30,2988,P039,2,"39,88"
15099,2025-04-21,1951,P023,1,20.60
16524,2025-07-21,3377,P045,1,"12,14"
2729,2025-07-16,3271,P043,1,"23,37"
864,11/07/2025,4039,P020,2,"57,96"
9489,10-11-2025,914,P014,1,32.11
12079,02/03/2025,985,P026,1,"80,25"
16922,24/09/2025,1536,P034,2,"16,51"
11899,18/07/2025,2670,P047,1,28.02
4268,07/05/2025,704,P026,1,28.27
18000,05-22-2025,167,P036,2,30.43
6891,09-10-2025,2488,P035,1,44.46
7141,2025-10-20,489,P019,3,"42,90"
17625,2025-11-26,3470,P032,1,55.77
6946,2025-11-27,2407,P033,2,5.77
14892,2025-08-30,3684,P040,1,"10,33"
1982,2025-11-03,1277,P033,1,39.27
66,08-01-2025,1071,P021,2,49.34
3165,12/11/2025,2416,P022,1,10.23
16883,25/02/2025,511,P042,3,"20,35"
2724,2025-05-13,1668,P037,1,19.98
14477,2025-03-23,999999,P040,1,64.47
14365,27/06/2025,2518,P032,1,"41,82"
9695,17/10/2025,941,P033,1,19.50
4840,2025-09-08,1682,P044,1,"69,43"
4709,2025-11-24,3531,P013,1,43.81
9990,2025-05-03,2662,P024,2,66.58
16944,10-17-2025,1208,P027,1,"33,23"
985,2025-02-22,4096,P029,1,39.22
251,06/06/2025,947,P026,1,"69,26"
140,2025-02-24,102,P042,,20.51
16869,02-17-2025,1784,P013,2,"32,30"
2209,2025-02-04,3882,P024,2,"15,11"
4047,2025-03-27,188,P007,1,"32,19"
5885,2025-06-05,1408,P018,1,36.47
15884,2025-05-24,255,P037,2,23.69
4064,22/02/2025,257,P008,1,21.57
12755,2025-01-30,230,P002,3,28.81
15879,29/09/2025,202,P002,,56.15
6843,14/10/2025,2056,P002,1,10.32
5652,2025-07-21,633,P018,1,"197,38"
8585,06/02/2025,3528,P022,1,48.71
7235,2025-11-17,2990,P039,1,"27,82"
16472,04/12/2025,2559,P040,2,27.46
6219,2025-05-09,2161,P010,1,"18,90"
11559,04-15-2025,385,P042,4,43.29
2787,2025-01-29,3172,P031,1,20.70
9933,2025-03-04,716,P031,2,15.42
3675,2025-07-01,4083,P019,2,33.66
15239,03-16-2025,1762,P003,2,22.84
16599,2025-05-07,2582,P036,3,"16,91"
3151,2025-05-26,2056,P013,3,38.58
14210,21/08/2025,3576,P019,2,"29,44"
15025,20/02/2025,3696,P003,1,23.18
7308,18/05/2025,2232,P020,1,22.01
15127,2025-03-31,2508,P004,1,"42,66"
5149,2025-10-30,379,P035,2,"21,83"
7201,2025-10-27,2484,P030,1,40.81
17828,2025-11-14,3241,P030,1,12.80
7270,2025-06-05,4101,P008,1,63.47
1606,2025-07-01,1708,P029,,23.20
11197,2025-12-01,1068,P007,1,35.82
10615,15/08/2025,328,P008,1,40.41
3342,19/01/2025,2409,P021,1,17.14
14290,01/12/2025,3879,P001,2,57.60
9052,2025-11-23,3390,P037,1,58.65
13392,2025-10-29,1345,P047,4,"21,28"
12546,2025-08-04,675,P010,1,39.68
7644,22/02/2025,3939,P044,1,"95,98"
14857,30/06/2025,3036,P018,2,17.74
9802,2025-06-08,2174,P041,1,26.14
15947,25/02/2025,2058,P019,1,30.73
17762,29/08/2025,220,P040,1,7.98
9459,2025-11-12,1381,P036,1,57.72
6991,2025-07-22,925,P005,1,17.42
10831,2025-11-19,2595,P046,2,26.16
7081,2025-12-14,2060,P009,2,"39,38"
7145,2025-04-06,2572,P013,1,"60,98"
5217,2025-03-21,2916,P003,4,"18,58"
3830,2025-10-19,1340,P017,1,7.72
11929,13/02/2025,293,P013,1,36.51
3107,13/12/2025,2455,P029,2,12.56
17691,06-15-2025,983,P005,1,"33,21"
5592,2025-05-25,1774,P033,2,54.18
3284,15/07/2025,4061,P028,4,"18,15"
16236,01-16-2025,2731,P030,3,19.70
6770,2025-09-23,3662,P008,1,"35,01"
10559,2025-02-20,1971,P023,4,"30,95"
908,2025-06-13,4139,P008,1,23.99
2277,2025-12-06,2047,P036,2,"70,51"
6130,2025-03-09,339,P047,1,31.45
1547,23/05/2025,1126,P004,1,"35,88"
5984,03/10/2025,1784,P020,2,29.49
10198,11/12/2025,999999,P010,2,89.85
17655,2025-10-01,3365,P036,1,7.21
6965,02-16-2025,2374,P036,1,27.81
16457,23/09/2025,17,P045,2,"29,44"
1510,2025-07-03,21,P017,1,"18,71"
6107,2025-12-08,2332,P014,1,36.68
1364,20/01/2025,3909,P002,1,34.06
8325,2025-12-25,1298,P009,1,57.14
15599,27/05/2025,3321,P010,1,25.27
1116,2025-07-03,2377,P034,3,"37,89"
7811,2025-11-04,3371,P036,3,"17,27"
8828,2025-01-02,2390,P009,4,29.84
16318,29/04/2025,2180,P002,2,29.30
5267,2025-12-21,608,P021,1,32.19
11673,2025-02-20,1116,P036,1,60.51
17073,2025-12-03,2308,P040,4,11.84
13370,2025-02-22,1104,P009,2,13.14
14438,2025-12-22,1453,P042,1,"22,23"
9290,2025-11-17,4052,P026,2,48.30
16592,2025-03-10,3770,P014,1,36.67
5091,24/02/2025,1707,P011,2,12.15
16862,2025-08-01,304,P031,1,63.20
6046,21/08/2025,3557,P019,1,"30,51"
16235,2025-05-27,3605,P006,1,15.77
3698,11-15-2025,776,P046,2,"22,20"
11782,2025-01-03,234,P045,1,20.03
16146,2025-01-28,1202,P009,1,27.81
14840,21/10/2025,938,P036,1,"39,92"
17091,25/03/2025,684,P011,4,"17,62"
3668,2025-05-02,3437,P022,1,"40,43"
10170,2025-04-14,3417,P032,1,"31,98"
2955,2025-07-12,1043,P023,1,70.57
9540,2025-07-23,1475,P011,3,12.93
1582,31/10/2025,3772,P045,2,"17,71"
10371,05-31-2025,877,P002,1,31.44
17016,2025-12-08,2873,P012,1,33.88
9183,2025-08-30,3711,P021,1,16.26
7243,28/08/2025,183,P017,2,"17,79"
1767,03-01-2025,4193,P004,2,8.70
3868,2025-05-11,1945,P022,4,"14,59"
5803,07-20-2025,4087,P017,1,25.11
11346,2025-02-26,2753,P032,1,16.73
2766,2025-06-07,3682,P033,2,22.72
5162,20/05/2025,1501,P037,1,20.29
17574,22/01/2025,2097,P010,1,52.34
7626,03-19-2025,1650,P017,1,25.16
15131,06/10/2025,1309,P039,1,42.71
14678,29/06/2025,2054,P011,1,"43,36"
9269,14/02/2025,1403,P017,1,20.13
14137,2025-09-24,360,P016,2,"21,33"
12096,2025-04-07,489,P026,3,"23,33"
9973,26/02/2025,2552,P027,2,23.68
16036,2025-03-20,1710,P028,1,38.76
13922,17/07/2025,977,P045,4,29.55
3532,2025-03-06,2722,P028,2,14.61
3976,2025-04-27,953,P018,2,"90,21"
13767,29/09/2025,4108,P042,1,"24,39"
5149,2025-10-30,379,P035,2,21.83
2332,11-10-2025,3685,P037,1,21.40
15232,20/06/2025,239,P039,1,"22,88"
11234,2025-02-02,493,P047,1,"17,66"
15124,2025-10-26,3632,P007,2,8.85
3217,2025-11-20,715,P037,1,13.97
17615,2025-07-10,4088,P044,1,"26,59"
13294,2025-02-18,2323,P025,2,21.84
929,2025-11-27,1361,P039,2,44.30
17097,22/08/2025,3527,P045,1,34.49
15824,05-21-2025,1896,P032,1,"27,27"
8669,02/01/2025,999999,P011,1,14.47
16338,08/01/2025,1407,P031,1,27.26
3514,2025-12-31,3476,P043,2,60.02
17070,2025-12-22,928,P039,1,"48,16"
6311,03/06/2025,4005,P034,1,27.65
3613,03/11/2025,2860,P010,4,"14,49"
9834,07/07/2025,2603,P002,1,"32,30"
16228,2025-07-04,1073,P034,3,21.33
9448,2025-04-03,96,P040,1,102.44
214,04/02/2025,3347,P004,2,"23,41"
16175,2025-08-20,3509,P022,1,"21,12"
5686,2025-01-25,3776,P008,1,20.75
10103,2025-06-07,409,P001,1,40.22
3738,2025-06-23,3302,P018,1,27.63
17767,11/01/2025,97,P016,1,"7,65"
14844,09/01/2025,320,P002,4,8.72
15835,08/03/2025,999999,P041,1,"25,06"
5940,21/08/2025,1862,P037,2,"32,55"
9407,15/01/2025,2275,P047,1,28.84
824,2025-05-23,472,P030,1,40.61
16982,2025-02-25,3350,P002,1,"13,94"
2274,2025-03-07,1178,P022,1,31.24
15997,08-22-2025,3739,P005,1,46.38
7864,2025-03-11,2364,P019,2,"17,62"
3228,2025-12-12,4171,P044,4,233.84
2601,2025-06-15,3726,P026,1,120.99
1757,2025-03-10,2654,P016,1,19.57
939,12/05/2025,3262,P036,1,95.75
13255,23/04/2025,726,P009,3,17.32
613,2025-11-28,2517,P009,1,35.98
9580,2025-03-31,963,P023,2,"20,08"
923,11-19-2025,1948,P027,1,18.40
2947,07-10-2025,3230,P016,3,27.49
17753,2025-06-02,3999,P026,2,"6,99"
9439,01-03-2025,759,P045,3,49.21
17993,21/12/2025,3439,P017,1,26.82
6187,09/02/2025,734,P022,1,"53,55"
3515,25/01/2025,1428,P038,1,41.36
7820,11-21-2025,125,P002,1,"23,97"
15422,2025-07-01,3241,P017,1,21.46
2826,2025-09-27,3945,P045,1,28.16
6441,2025-02-27,3877,P001,1,18.46
5639,2025-03-26,1452,P046,1,"10,64"
10882,2025-05-20,2152,P018,2,49.22
4853,2025-12-08,3649,P008,-1,16.95
16962,2025-09-22,4017,P034,2,"38,48"
11971,2025-02-22,3260,P040,1,"44,73"
10990,05-21-2025,4065,P023,2,28.47
132,2025-11-09,3859,P035,3,53.97
11524,2025-08-23,1471,P024,1,39.18
15092,28/05/2025,1379,P048,2,33.91
7453,2025-02-05,1199,P042,2,22.29
2674,18/06/2025,2821,P033,1,59.52
1215,30/05/2025,2265,P043,2,25.02
531,2025-07-27,1699,P036,1,5.97
786,07-21-2025,1891,P016,1,15.21
15494,2025-07-10,572,P012,1,20.77
4196,2025-02-07,3283,P012,1,50.54
2766,2025-06-07,3682,P033,2,22.72
2576,25/04/2025,2887,P007,2,6.20
2413,17/10/2025,3067,P045,,69.24
12763,2025-10-04,2795,P009,1,41.89
295,2025-10-20,3052,P039,1,65.14
15791,2025-03-03,3812,P016,1,"3,75"
6380,2025-04-25,3891,P041,1,9.28
6705,2025-07-27,2523,P045,3,"23,28"
12853,2025-02-11,1632,P034,2,69.46
6789,30/06/2025,3198,P029,4,28.09
7956,2025-01-25,1033,P013,1,11.08
10204,02/06/2025,1296,P027,1,"18,68"
12888,27/08/2025,1819,P011,1,100.49
1012,2025-12-02,1541,P002,1,51.42
2497,2025-07-19,3738,P009,1,10.83
13399,2025-10-06,2684,P048,2,14.79
17,2025-05-24,1017,P037,2,31.15
17308,2025-08-12,234,P008,2,30.66
1295,16/06/2025,4028,P017,2,36.00
1817,01/12/2025,1375,P032,3,18.53
9294,08/07/2025,168,P010,1,27.70
970,2025-06-13,380,P037,1,49.75
10656,2025-01-01,2966,P021,1,"30,98"
15195,2025-01-01,2687,P041,2,18.07
8119,03/09/2025,91,P042,3,"38,52"
12595,22/02/2025,3102,P009,4,"24,10"
5308,2025-04-21,3628,P042,1,46.95
7282,18/04/2025,3775,P006,1,61.79
11353,2025-10-05,1099,P021,1,24.61
2880,2025-12-06,3680,P042,1,"21,81"
422,02/01/2025,1614,P021,1,29.27
1377,2025-12-31,1672,P024,1,41.78
9674,08-18-2025,1678,P021,3,36.07
5737,2025-05-07,1725,P042,1,9.37
10707,2025-05-25,1635,P003,1,18.01
1027,2025-11-04,4175,P026,1,16.97
6461,2025-07-31,792,P005,2,43.76
14613,01/04/2025,1873,P048,1,46.93
3728,2025-07-06,3717,P031,3,"39,40"
5756,05/10/2025,1190,P024,,18.82
5819,04/03/2025,3559,P048,1,"25,21"
11372,01/05/2025,108,P042,2,"13,94"
10689,2025-05-22,3039,P041,1,"46,51"
9432,23/11/2025,3830,P038,1,"37,10"
15728,2025-04-16,4127,P012,1,23.98
12240,22/07/2025,3658,P042,1,"4,87"
6625,2025-10-03,2598,P003,1,74.71
14851,2025-09-19,3779,P005,2,51.62
16815,2025-08-03,3493,P038,1,19.30
9320,2025-06-10,1786,P034,1,105.22
1644,18/11/2025,955,P029,2,16.91
9961,2025-11-15,3017,P013,1,20.19
1870,2025-09-01,1732,P031,1,39.54
6739,2025-05-26,811,P026,1,"38,53"
2212,05/06/2025,1648,P028,2,72.63
6136,2025-10-10,441,P014,2,53.54
4387,2025-04-13,4094,P046,3,"50,26"
14332,30/10/2025,3692,P002,1,"17,19"
11029,2025-05-30,1565,P020,3,"19,04"
6368,2025-11-28,2518,P016,2,53.64
5582,2025-06-13,2104,P018,1,56.23
7520,10/09/2025,3680,P045,1,"31,72"
5597,2025-01-06,2613,P015,1,21.64
10525,08/08/2025,4082,P048,2,"16,42"
14644,06-22-2025,41,P002,2,15.48
8369,2025-03-28,4119,P003,1,"34,19"
13604,02-10-2025,3565,P037,1,35.29
5715,2025-08-30,3837,P029,2,"26,55"
9978,2025-04-28,3069,P002,2,15.87
3192,17/07/2025,2794,P009,1,68.81
15433,28/06/2025,455,P035,1,48.38
10470,19/08/2025,1015,P033,1,53.64
5038,2025-06-06,2287,P046,1,"41,09"
11848,2025-04-19,705,P021,1,20.27
16290,05-04-2025,367,P029,,74.20
15767,2025-02-23,3093,P014,1,27.56
2619,2025-09-03,3092,P007,1,"14,13"
9816,11-27-2025,2595,P048,1,"47,66"
93,14/03/2025,3400,P026,1,"25,52"
12821,06-22-2025,3334,P030,1,37.76
11816,2025-09-13,3677,P034,1,27.12
1541,2025-12-17,3819,P048,2,23.80
7942,2025-06-11,4026,P013,1,103.65
8382,12/05/2025,3506,P036,1,4.35
11422,28/02/2025,3776,P002,1,33.31
5933,2025-07-26,3357,P018,2,"11,30"
11419,2025-11-02,1856,P029,2,26.19
5329,08-08-2025,594,P025,1,40.28
10110,2025-09-12,1923,P018,3,15.34
13007,2025-03-04,1000,P024,2,25.03
3451,2025-07-06,588,P044,1,"30,53"
17370,13/08/2025,1319,P047,1,23.38
3975,2025-03-23,795,P023,1,68.58
11410,2025-02-21,3470,P015,2,38.37
4136,2025-03-31,3103,P048,4,7.61
11958,07/09/2025,3763,P004,1,"13,58"
5569,10-28-2025,3424,P001,2,"29,45"
16968,14/11/2025,1642,P030,3,57.36
11166,2025-03-03,1707,P004,3,18.12
12301,13/07/2025,749,P030,1,"28,09"
3928,10/02/2025,3254,P024,2,17.37
350,11-26-2025,433,P007,2,"27,47"
5290,2025-05-12,3583,P010,1,44.55
13013,2025-04-08,3104,P044,2,39.74
16811,2025-08-10,901,P023,1,28.57
14578,2025-09-20,999999,P005,1,58.30
2913,04-04-2025,2663,P003,1,15.92
6730,2025-10-07,999999,P030,3,"26,70"
8816,2025-07-12,3048,P031,1,19.63
2709,06/11/2025,3869,P016,1,17.24
9692,2025-07-24,1993,P020,1,51.28
13044,05/09/2025,3508,P042,4,"40,61"
7528,2025-03-17,4137,P034,1,22.05
5123,23/02/2025,939,P044,1,"27,46"
2696,18/08/2025,2007,P007,3,"77,37"
3756,2025-08-30,962,P035,2,71.63
12629,2025-05-16,694,P006,1,21.25
12248,06-23-2025,1751,P039,1,10.31
8036,22/10/2025,1343,P004,4,41.12
969,2025-06-15,1126,P001,2,23.26
3382,08/04/2025,482,P020,1,37.01
2612,2025-08-10,643,P010,1,16.78
9486,2025-07-10,626,P041,3,17.04
2886,2025-07-13,1309,P028,3,45.48
7680,11-11-2025,3247,P018,4,13.12
7373,16/07/2025,688,P022,3,48.51
11787,2025-01-09,1391,P031,2,12.11
15823,10-19-2025,33,P018,2,12.30
12905,2025-12-14,4096,P026,1,"10,75"
15251,2025-06-27,4180,P020,2,20.67
6605,2025-05-19,1117,P005,1,35.48
12218,2025-12-03,3883,P039,1,59.00
17067,2025-02-04,2091,P039,1,26.43
4790,2025-05-19,4179,P018,1,25.26
3500,01/07/2025,596,P023,1,11.13
17194,10/02/2025,2993,P008,1,"12,00"
17103,2025-12-30,3556,P005,1,77.31
6575,2025-12-30,1699,P006,1,11.90
17480,01-30-2025,2869,P039,2,"15,52"
8191,10-19-2025,2172,P006,2,"12,48"
12482,08/11/2025,2602,P030,1,29.79
17539,2025-03-16,2267,P030,1,"50,53"
11836,2025-01-09,2920,P025,1,"29,06"
15922,03/06/2025,2253,P003,1,"45,88"
13009,2025-10-26,2217,P004,1,"15,87"
3293,2025-02-21,1772,P048,1,39.00
11771,2025-11-11,649,P019,1,15.49
10454,16/08/2025,2714,P027,1,46.39
8569,2025-12-26,2109,P047,1,13.72
6943,2025-10-23,1469,P041,1,"23,61"
8366,2025-02-11,2560,P014,2,"20,86"
7566,2025-12-26,1924,P047,2,45.18
3794,12/08/2025,1974,P046,2,19.04
7566,2025-12-26,1924,P047,2,45.18
949,24/01/2025,2831,P044,2,29.46
6200,2025-10-01,2983,P024,1,79.69
1411,2025-12-29,934,P039,3,32.00
10736,2025-07-08,3782,P006,4,33.16
6852,2025-05-22,430,P032,2,"29,04"
4095,20/05/2025,772,P038,2,"15,09"
7156,02/04/2025,3550,P012,2,44.67
16873,14/07/2025,2894,P002,2,"35,98"
14530,2025-11-21,2389,P013,1,"16,21"
11352,12/06/2025,2234,P017,1,36.22
5266,2025-07-14,1425,P048,1,17.22
4975,21/05/2025,2367,P031,1,"22,76"
2471,05-13-2025,3966,P033,1,72.92
1246,20/08/2025,867,P016,2,12.29
16378,2025-07-03,1566,P002,1,43.37
7264,2025-05-05,2590,P043,1,71.04
1067,2025-11-19,3436,P016,4,15.02
8852,2025-04-17,3450,P040,3,19.97
14070,01-12-2025,4030,P042,1,64.73
15673,2025-05-25,82,P031,1,38.92
5407,08/01/2025,2225,P025,1,20.60
13950,2025-06-13,630,P035,3,23.33
17033,08-29-2025,1187,P023,1,33.03
10217,2025-07-13,857,P012,2,28.71
13891,18/10/2025,682,P024,2,10.58
13061,2025-07-24,2612,P024,1,43.48
10384,2025-08-23,143,P013,1,26.80
4678,2025-10-17,2080,P023,,56.09
6152,11/06/2025,3622,P020,3,31.58
166,07/06/2025,2825,P046,1,11.65
452,2025-09-11,999999,P002,2,14.32
4430,2025-12-05,2284,P031,1,31.57
12127,2025-09-14,1457,P032,1,16.43
13122,12-19-2025,536,P012,2,18.89
13352,2025-07-22,2145,P006,1,40.30
8542,16/05/2025,3203,P015,2,27.85
9140,17/05/2025,3906,P002,1,22.35
14276,2025-11-06,1613,P021,1,78.86
11694,2025-04-13,2603,P036,3,40.90
3531,16/12/2025,3274,P013,1,8.26
4573,2025-10-02,2871,P023,1,30.69
2115,2025-06-21,1704,P043,1,14.82
8176,2025-11-19,3662,P029,1,"18,53"
3564,2025-10-24,2081,P020,1,9.06
9582,19/04/2025,2221,P026,3,10.21
8880,2025-02-14,2079,P026,1,"18,03"
6466,2025-10-01,1178,P024,2,34.76
2738,18/10/2025,3059,P036,4,"11,31"
4566,07/03/2025,3147,P047,2,"11,21"
10488,07-16-2025,3400,P028,1,18.38
16404,21/03/2025,600,P016,4,"22,54"
11276,2025-05-13,430,P017,1,18.55
11561,24/11/2025,2576,P044,1,29.00
14814,2025-10-19,2998,P047,3,43.50
17846,2025-01-28,203,P048,1,55.58
16028,10-09-2025,4119,P006,2,50.11
17514,25/05/2025,841,P046,1,19.88
12701,02/06/2025,2923,P034,1,13.18
17734,2025-01-05,3969,P002,1,35.96
3839,2025-05-11,1666,P027,3,"26,54"
12951,04/10/2025,2693,P048,1,12.09
4855,2025-01-22,1279,P039,3,"11,13"
212,2025-09-07,3725,P036,4,67.61
16535,2025-05-14,3689,P004,2,64.62
2395,2025-01-06,4026,P037,1,"21,96"
6876,28/08/2025,1524,P037,1,"48,36"
6043,03-10-2025,2666,P011,1,34.83
16290,05-04-2025,367,P029,,74.20
979,17/03/2025,3544,P018,1,"28,33"
15778,2025-06-03,1933,P039,2,"13,59"
1212,2025-01-18,3160,P029,1,"12,84"
4090,2025-07-03,931,P041,1,19.67
17783,2025-10-25,1834,P004,2,24.32
5440,08-25-2025,782,P035,1,16.76
9854,2025-01-27,3369,P013,1,"23,44"
11271,11/05/2025,4001,P018,3,35.33
14813,2025-05-14,999999,P003,1,9.65
15683,2025-06-15,2061,P022,1,37.45
6272,16/10/2025,3279,P002,2,"30,47"
8329,2025-04-02,2509,P029,1,"26,70"
9945,20/04/2025,3094,P031,3,"36,42"
6711,2025-08-12,1308,P024,1,44.37
17663,03/06/2025,2347,P044,2,36.77
1064,21/12/2025,1558,P025,1,27.69
8756,29/08/2025,3895,P035,1,32.49
14762,13/07/2025,3154,P036,3,24.21
578,09/10/2025,1579,P046,3,19.46
8584,08/02/2025,3799,P007,3,"47,76"
2159,2025-10-23,999999,P034,1,14.05
2586,2025-01-18,3988,P040,1,17.22
2642,2025-11-08,2389,P019,3,41.19
11600,2025-09-30,1441,P014,2,"32,32"
11047,23/10/2025,991,P004,1,75.41
4054,2025-08-08,1463,P036,1,23.24
16741,2025-09-09,784,P032,1,36.71
14058,2025-03-23,277,P019,2,30.73
4901,2025-12-02,3428,P019,2,24.52
17335,2025-04-26,3195,P014,-1,38.83
3768,2025-04-29,1594,P010,2,32.32
14087,2025-02-14,2216,P029,1,"24,36"
8642,2025-02-19,999999,P036,1,39.94
4411,2025-04-28,928,P038,1,63.01
11305,12-17-2025,50,P022,3,27.67
6381,2025-01-05,3147,P014,1,"13,10"
1373,2025-07-23,1422,P008,1,24.48
7512,2025-04-08,1327,P022,2,"89,81"
178,2025-02-02,1256,P024,3,20.05
7859,2025-04-11,1733,P011,2,"47,63"
3808,2025-01-01,2481,P021,1,"58,18"
1862,04/12/2025,3713,P015,1,15.19
14464,06-06-2025,4190,P045,1,44.94
2807,2025-04-20,2715,P029,2,"11,92"
7348,2025-02-26,2979,P030,2,31.82
10790,2025-06-17,3455,P014,1,37.39
6539,2025-07-25,1862,P023,1,35.51
2375,2025-04-03,583,P020,1,14.31
17156,01/11/2025,4170,P037,2,14.77
6801,2025-03-05,1462,P021,1,17.96
17394,2025-12-04,1604,P041,1,14.11
9523,2025-04-16,1948,P045,2,23.93
14324,11-11-2025,2610,P030,4,"29,64"
9739,2025-10-19,3416,P028,1,"101,05"
952,2025-08-24,2808,P001,2,38.82
8929,08/04/2025,644,P030,1,19.44
11796,22/09/2025,1313,P041,2,42.92
7934,14/06/2025,3337,P038,1,110.68
14875,2025-04-22,4045,P030,1,19.10
17995,2025-09-22,1229,P004,1,23.18
17608,22/02/2025,734,P048,1,20.69
14765,22/09/2025,1149,P034,2,23.03
17812,01/02/2025,1548,P026,2,"19,80"
14080,2025-10-05,3117,P042,1,103.20
3317,2025-11-20,2045,P036,1,10.03
6556,09/04/2025,3991,P018,2,53.21
3891,05/01/2025,1264,P015,4,"81,91"
5264,2025-04-30,117,P038,3,13.20
17519,2025-04-05,1488,P014,1,24.11
3458,2025-02-15,1630,P018,1,21.35
5954,2025-09-30,1172,P026,1,18.81
17673,2025-10-14,936,P025,1,10.29
4071,29/07/2025,3141,P028,2,24.25
6882,07-26-2025,467,P024,1,30.48
6987,2025-07-13,1103,P023,2,20.17
11394,2025-07-24,825,P025,3,64.94
3843,15/12/2025,3308,P047,4,"30,88"
7848,2025-12-08,1647,P035,1,"40,49"
4338,2025-01-28,3499,P034,1,28.54
7466,2025-07-23,893,P040,1,"83,88"
11909,2025-05-01,4060,P015,1,21.09
9335,2025-04-03,4002,P039,3,"15,02"
404,31/01/2025,3810,P046,1,"10,71"
13907,13/05/2025,3726,P016,3,"37,87"
678,2025-11-07,1129,P046,1,84.89
2438,2025-09-27,1298,P042,4,"28,75"
10283,2025-08-17,1857,P017,1,"73,66"
4799,2025-07-04,1217,P002,1,35.77
8439,2025-06-13,2089,P011,3,19.47
8499,2025-10-16,2905,P048,3,38.46
5036,27/03/2025,624,P044,1,12.45
9673,2025-03-16,162,P033,,"14,66"
4869,2025-01-05,2804,P007,1,39.08
2811,05/10/2025,909,P028,4,13.50
10313,2025-01-22,3563,P036,2,"106,43"
6482,10-30-2025,406,P017,1,38.11
962,01/01/2025,4035,P036,2,51.46
11907,15/03/2025,1472,P035,1,"36,61"
10637,2025-05-25,3042,P015,2,17.14
533,2025-01-03,3696,P011,1,169.35
4965,2025-05-07,2985,P032,3,"98,21"
2748,2025-12-20,1763,P033,3,17.49
13536,2025-10-08,2815,P026,1,"39,82"
1858,26/02/2025,454,P034,1,31.91
14155,2025-01-04,3026,P041,1,9.26
3825,2025-06-23,3990,P041,1,17.79
15816,2025-11-02,1001,P038,1,17.69
5612,23/10/2025,3321,P007,1,"99,57"
11495,2025-09-20,2519,P009,1,31.25
12822,2025-09-06,3665,P005,2,12.94
17104,2025-07-28,3202,P014,1,41.52
15372,23/05/2025,1216,P004,-1,12.41
7269,2025-09-18,2905,P019,4,21.38
2045,26/12/2025,2194,P011,2,"53,31"
5975,2025-12-07,3796,P033,1,29.05
5635,24/08/2025,206,P043,1,36.86
550,2025-06-23,1180,P034,3,11.41
3509,26/04/2025,3012,P036,1,21.14
10493,2025-01-17,1030,P042,1,36.02
13644,2025-09-20,1136,P031,2,21.79
14291,2025-12-17,759,P048,1,"23,94"
5466,11-18-2025,3743,P009,2,"58,95"
9038,2025-10-18,1946,P005,2,"10,20"
5876,24/12/2025,2243,P029,2,27.56
12117,2025-01-02,3621,P013,1,20.44
16060,03-19-2025,891,P042,1,31.41
7169,2025-07-16,1281,P019,2,102.32
2162,04-09-2025,264,P026,1,42.15
16078,07/06/2025,2810,P026,-1,18.79
14404,20/03/2025,3579,P041,2,11.49
7810,24/12/2025,4046,P044,1,50.33
7676,18/10/2025,2781,P036,1,"15,65"
11384,05-10-2025,3866,P041,1,10.91
12084,28/06/2025,758,P019,1,"12,96"
9853,2025-01-02,1471,P048,1,47.76
14781,2025-11-24,820,P025,1,14.31
3463,2025-09-19,4199,P009,1,"43,93"
4562,2025-05-12,673,P015,1,16.81
2061,26/02/2025,3348,P046,1,"50,91"
5175,2025-11-23,1231,P020,1,13.01
3930,2025-05-16,2409,P001,1,"53,15"
11310,08-07-2025,3815,P014,2,31.39
2290,2025-11-11,2150,P024,2,25.23
5547,2025-08-18,3076,P048,2,17.76
1641,2025-07-26,1009,P040,1,"22,91"
12870,12-25-2025,2662,P045,2,17.39
11248,2025-06-04,354,P034,1,"15,48"
16269,2025-09-30,1887,P028,1,17.78
10842,2025-07-19,571,P040,2,52.20
8101,2025-09-16,428,P024,1,"57,08"
3272,2025-09-08,3233,P048,4,4.12
11143,09/02/2025,150,P011,3,28.88
351,17/01/2025,2776,P004,4,43.24
5247,2025-08-17,3667,P041,1,13.24
10239,2025-09-08,3735,P046,4,16.97
3872,2025-07-08,999999,P006,4,21.19
11129,24/06/2025,726,P025,1,8.20
609,09-17-2025,2087,P046,2,"49,89"
11164,2025-03-08,2357,P041,2,"19,96"
14035,2025-03-02,3626,P040,1,"16,84"
13936,2025-03-14,3330,P009,1,31.75
9889,15/02/2025,2507,P031,1,"12,70"
1035,2025-11-27,3964,P020,1,66.13
3937,21/08/2025,1187,P039,1,23.14
15861,21/01/2025,902,P028,1,13.65
9188,2025-09-27,168,P023,1,30.72
10306,15/02/2025,4138,P012,3,24.89
13357,2025-05-03,3150,P026,2,"37,13"
5106,20/06/2025,3065,P040,1,"22,66"
9905,26/04/2025,2717,P046,2,13.23
3559,03/08/2025,1805,P024,-1,"24,67"
17536,2025-07-30,1686,P035,2,57.76
6113,2025-09-25,1774,P029,1,18.62
14100,05-06-2025,2089,P007,1,19.94
9929,2025-09-04,3387,P006,2,22.91
10124,2025-05-31,441,P042,2,54.47
13887,19/08/2025,2756,P028,4,"14,47"
4453,2025-06-30,3284,P030,1,34.40
2725,02-13-2025,2132,P015,2,25.03
9626,11/05/2025,1853,P009,1,29.89
5232,18/01/2025,568,P007,2,22.30
14077,17/02/2025,2335,P009,2,18.82
14204,2025-08-05,2589,P006,1,24.98
9855,2025-07-27,970,P010,1,13.66
8005,02/12/2025,2298,P008,2,42.21
117,2025-12-30,258,P033,1,"26,56"
8432,2025-11-06,581,P018,1,"16,90"
12466,2025-01-05,2159,P009,4,47.58
15875,2025-12-20,1225,P016,,44.81
1625,2025-09-23,1333,P024,1,20.19
7125,25/07/2025,962,P031,2,52.10
5447,2025-05-14,1435,P009,3,23.54
6194,18/03/2025,1577,P015,2,67.16
620,15/10/2025,642,P002,4,27.82
6230,2025-06-04,2687,P012,3,"19,84"
16558,09-04-2025,78,P037,1,"12,87"
15794,2025-12-27,2126,P035,1,45.84
10913,2025-12-01,1285,P018,2,36.94
15332,2025-07-02,1608,P038,2,"28,54"
11089,29/09/2025,316,P006,1,"31,74"
14885,17/10/2025,4196,P046,-1,29.92
14326,12/09/2025,3389,P048,2,85.27
1043,2025-03-22,3299,P041,1,144.33
2092,14/09/2025,264,P011,3,"38,44"
12329,2025-09-10,1936,P038,1,38.78
5777,2025-08-03,1684,P025,3,29.23
1026,06/12/2025,1779,P015,2,"14,82"
6273,2025-02-15,4170,P010,1,18.53
753,05-07-2025,3743,P004,1,"26,19"
6544,04-02-2025,790,P004,2,16.47
12759,2025-06-18,1561,P030,1,33.02
4878,2025-12-22,3144,P041,3,38.95
10481,2025-03-20,4122,P033,,22.71
13613,21/09/2025,1898,P047,2,38.74
14592,23/10/2025,2045,P008,1,38.40
4913,2025-05-23,2478,P039,2,24.94
12402,18/04/2025,553,P029,2,22.80
8235,07/05/2025,2583,P020,1,27.83
11312,27/06/2025,2333,P040,1,"44,07"
12229,2025-03-29,66,P034,2,"31,74"
10639,2025-06-08,3592,P010,1,37.50
10299,2025-03-22,3504,P028,2,"30,53"
7335,11-17-2025,252,P022,1,28.23
1609,15/03/2025,3522,P005,1,12.30
1975,2025-07-21,1900,P020,4,27.73
11425,2025-05-15,1539,P025,1,43.35
7615,2025-05-13,1242,P026,2,84.24
3678,2025-11-03,4054,P028,1,25.35
1497,2025-04-25,834,P047,1,38.30
16462,04/10/2025,1360,P037,1,"19,26"
5259,11/01/2025,2048,P013,,24.44
11714,2025-11-03,3621,P039,1,32.48
9176,01/01/2025,945,P037,2,18.57
8426,2025-12-22,3139,P029,4,30.35
9942,2025-01-07,999999,P045,1,14.76
12942,2025-04-03,3211,P026,1,"36,88"
17824,2025-09-14,3962,P027,2,84.04
11759,03/08/2025,3789,P002,1,15.05
5325,03/11/2025,1512,P004,1,43.24
9756,2025-03-02,2554,P023,1,30.50
16218,2025-02-27,2117,P031,2,"32,55"
17244,08-15-2025,632,P008,2,32.06
13472,2025-07-24,2625,P046,2,39.62
12751,30/01/2025,213,P021,1,54.97
13490,2025-09-17,2166,P048,1,"22,01"
13568,2025-12-24,7,P039,2,"28,18"
10774,14/02/2025,4100,P005,1,28.08
14510,02/06/2025,3224,P046,1,54.09
24,2025-11-17,2728,P028,1,39.69
9893,2025-12-13,871,P005,1,"12,01"
13482,20/08/2025,3329,P036,4,"42,82"
12917,2025-08-05,931,P021,1,"22,00"
6731,2025-03-07,3010,P032,,24.81
9725,02-05-2025,1807,P039,1,32.38
7638,2025-08-15,1700,P024,1,20.00
12556,2025-04-06,280,P002,1,67.90
1128,06-07-2025,190,P028,1,10.84
1750,2025-08-22,3148,P029,1,31.31
8817,2025-06-21,3922,P025,1,26.91
14515,2025-05-01,3854,P034,1,28.03
2989,2025-10-29,2579,P005,1,27.39
2551,2025-08-14,284,P010,1,"33,93"
3934,08-01-2025,4128,P012,4,30.69
6994,2025-06-08,999999,P034,1,29.81
5527,2025-10-26,3572,P044,4,10.50
801,2025-02-07,2133,P014,1,41.97
2044,2025-06-13,2170,P022,1,"31,75"
17692,2025-12-27,1831,P019,4,15.38
7056,2025-12-29,1589,P020,4,32.71
11924,14/03/2025,2788,P018,2,25.36
2383,2025-05-31,2450,P008,2,"10,96"
14193,2025-10-05,1640,P034,2,"15,27"
757,2025-10-12,2166,P010,1,16.26
1973,05/09/2025,1978,P028,2,45.24
16169,2025-12-31,3717,P029,1,64.95
6879,2025-12-25,1683,P032,2,92.91
16602,31/08/2025,3905,P024,2,11.76
2703,24/05/2025,252,P001,4,23.41
275,2025-02-22,940,P027,1,23.46
10938,2025-02-06,36,P015,4,"24,56"
17820,24/09/2025,1375,P006,1,17.27
10537,2025-11-25,2943,P014,1,16.81
12150,03/08/2025,301,P031,1,9.55
8939,2025-04-29,1183,P019,1,"27,13"
8530,2025-10-01,3873,P041,1,22.99
16030,2025-04-29,92,P014,2,"69,47"
14905,2025-03-21,114,P035,3,"14,00"
16025,2025-11-24,1661,P024,1,22.50
4932,2025-09-29,2366,P034,1,10.80
3653,2025-10-16,3916,P019,3,10.03
16485,05/09/2025,2462,P024,1,44.13
5364,19/09/2025,3337,P020,1,12.14
4315,29/09/2025,2023,P021,1,42.73
6263,2025-06-16,2819,P023,1,25.54
2184,29/11/2025,3695,P025,2,29.67
15280,30/05/2025,2529,P039,1,23.72
11118,22/07/2025,2218,P003,2,"27,15"
14254,20/08/2025,3555,P013,2,25.84
16510,2025-07-11,3172,P025,2,29.97
13941,09-12-2025,1671,P004,4,"37,69"
4086,12-26-2025,1,P033,1,"21,73"
7729,2025-03-17,473,P027,3,"19,39"
6067,17/07/2025,3326,P030,1,17.14
16669,09-13-2025,3783,P044,1,"28,94"
4321,03/09/2025,3669,P002,1,37.87
16692,23/01/2025,83,P004,1,32.69
3846,04/08/2025,724,P036,2,37.90
2602,05-19-2025,2184,P030,2,10.80
12930,10-08-2025,1862,P027,1,22.18
11570,2025-03-28,626,P016,4,31.94
14079,2025-02-15,3693,P005,2,59.40
15751,2025-02-17,3011,P030,1,84.15
12273,2025-10-10,1515,P013,3,27.94
4108,06/04/2025,3974,P028,1,"24,53"
530,2025-08-24,215,P031,1,28.60
4971,2025-05-29,861,P045,2,44.59
11298,2025-06-06,713,P007,1,"18,30"
17684,13/10/2025,3413,P002,1,32.87
5234,05/11/2025,1153,P016,1,"27,40"
850,2025-09-03,3211,P021,,"17,33"
7979,2025-04-25,1705,P026,2,"13,86"
9546,02-12-2025,82,P030,1,"11,19"
1269,08/11/2025,3651,P044,-1,"13,67"
10247,2025-03-03,1286,P037,2,33.98
7191,2025-03-04,2465,P041,2,"21,83"
9312,2025-08-29,1645,P033,1,"42,19"
16403,17/08/2025,3805,P010,1,22.94
3413,2025-03-13,212,P025,2,"58,63"
14528,01-29-2025,290,P012,1,50.75
2255,2025-10-27,755,P037,3,53.91
3444,07-25-2025,2459,P019,4,34.18
12233,2025-10-02,3256,P020,1,9.90
13442,01-17-2025,2981,P018,1,27.12
5220,2025-10-26,2827,P023,1,10.53
13026,2025-02-15,1533,P020,2,18.35
7516,23/06/2025,3224,P033,1,"25,51"
9419,04-14-2025,1925,P017,3,12.67
10798,2025-10-27,3732,P001,1,18.54
107,17/08/2025,1486,P003,1,22.66
5389,2025-11-10,1514,P048,1,19.90
3510,2025-05-26,3621,P030,4,11.74
15845,03-18-2025,31,P003,2,19.20
12204,05/01/2025,2355,P015,2,"30,39"
8755,03/03/2025,1695,P024,2,"14,04"
5063,09-17-2025,3049,P033,1,27.82
12690,26/01/2025,2066,P022,2,14.83
5721,03-17-2025,514,P027,1,21.86
11360,2025-10-11,1086,P021,1,34.48
16603,2025-07-15,4171,P002,2,18.53
8792,2025-03-18,1120,P011,1,25.13
15000,07-18-2025,3405,P014,2,"16,41"
7936,2025-08-28,1684,P036,1,"11,86"
10165,2025-02-01,2217,P005,1,27.17
14224,2025-05-26,3731,P029,3,"40,48"
11607,04-02-2025,3279,P047,2,68.29
3252,2025-02-27,4033,P016,3,10.67
4802,24/10/2025,2369,P028,3,"27,69"
14167,2025-11-03,483,P035,1,6.66
15049,14/02/2025,3500,P013,1,"32,83"
10499,02/04/2025,4091,P046,1,"12,05"
4432,2025-04-02,2272,P006,4,"64,98"
8123,12/12/2025,2708,P016,1,12.48
6055,2025-03-06,334,P026,1,13.45
8671,2025-08-28,894,P040,2,18.40
11868,2025-08-25,2727,P035,2,"22,84"
6283,2025-06-02,1827,P027,1,28.15
14940,05/07/2025,2098,P003,1,19.08
14083,2025-06-08,125,P009,1,31.35
12645,05/03/2025,689,P005,2,20.71
12305,2025-06-02,3772,P045,1,20.25
6685,2025-03-13,1441,P030,1,42.93
7175,2025-05-27,3182,P028,2,7.16
3285,20/06/2025,3785,P032,1,16.58
1878,09/08/2025,95,P028,2,26.83
10659,27/05/2025,1008,P026,1,93.31
2480,2025-07-05,3034,P048,1,40.94
14431,2025-06-21,754,P034,2,17.48
17513,27/01/2025,539,P042,1,"24,35"
9718,04/04/2025,1949,P027,1,30.65
5258,15/10/2025,1878,P026,1,"65,82"
11875,2025-05-10,3883,P038,2,12.83
15878,2025-11-21,2516,P038,2,31.99
7964,23/08/2025,2537,P020,1,22.19
5094,2025-07-24,720,P044,1,11.90
12362,17/08/2025,2964,P044,1,17.31
17907,2025-05-21,1963,P045,1,"25,16"
2131,10/12/2025,2205,P035,1,50.32
5604,12-13-2025,1298,P009,2,144.08
5208,30/10/2025,1146,P007,1,"29,18"
7218,2025-10-05,3027,P025,2,42.94
13041,07-24-2025,912,P005,1,12.09
710,10-02-2025,2060,P018,1,10.18
196,31/08/2025,1053,P032,1,"37,10"
2326,30/06/2025,2391,P017,1,35.04
3860,2025-03-21,1461,P033,4,28.36
9857,2025-05-23,2031,P032,1,22.00
15512,2025-01-29,2146,P030,1,49.50
2325,2025-05-07,661,P038,4,24.15
12088,2025-11-18,2899,P009,2,33.81
8725,03-02-2025,269,P028,3,17.54
8717,01/02/2025,402,P011,4,13.02
8829,2025-01-21,2820,P006,2,13.33
1600,2025-06-10,2341,P014,1,12.64
12377,08/03/2025,2288,P005,1,"26,95"
2346,2025-01-26,262,P017,2,8.37
12599,21/12/2025,1316,P009,1,45.02
10401,06/02/2025,176,P040,1,64.64
95,2025-12-10,589,P018,1,"7,25"
8630,2025-09-13,804,P016,1,31.25
2804,2025-01-01,2508,P039,4,34.29
14139,2025-08-16,3474,P043,1,19.71
17515,2025-01-29,2478,P012,1,6.69
3311,2025-07-24,2918,P029,1,2.78
16148,06/12/2025,1694,P046,1,"33,96"
8301,2025-09-22,1115,P031,1,44.17
16777,06/11/2025,340,P011,1,23.45
8019,09-05-2025,3773,P024,1,"23,01"
2579,2025-09-25,1611,P033,1,30.07
16141,2025-07-15,3927,P005,1,22.02
4215,2025-09-02,781,P040,1,33.79
17037,10-29-2025,415,P021,3,"14,63"
4250,2025-05-27,3931,P048,1,31.75
14674,2025-12-01,3469,P009,,"23,17"
10840,09/11/2025,4167,P008,1,117.91
9696,2025-02-05,28,P040,1,9.45
17792,2025-08-27,954,P007,1,21.78
2112,2025-12-21,1080,P032,1,"52,27"
9443,2025-12-11,1557,P011,1,30.74
3114,2025-11-21,917,P021,1,17.83
5013,05/08/2025,3600,P002,1,19.26
13748,22/05/2025,2726,P031,1,"9,35"
10146,15/08/2025,933,P008,1,45.63
2150,2025-01-28,2855,P048,4,"22,24"
1958,2025-05-22,2946,P001,4,24.90
618,2025-03-22,2043,P017,1,38.15
12089,2025-05-26,3571,P018,1,"17,02"
5711,2025-04-15,777,P046,3,14.90
9809,18/08/2025,2645,P042,2,25.45
14128,10-29-2025,3822,P031,1,19.71
1041,19/11/2025,545,P027,1,35.02
6826,27/06/2025,3028,P030,2,59.20
14337,2025-07-29,1690,P017,2,19.25
2968,2025-05-26,396,P048,1,53.03
2761,2025-08-29,2607,P025,1,28.99
4296,17/04/2025,2992,P009,1,30.74
1434,30/01/2025,1967,P046,2,"44,75"
11175,2025-04-12,999999,P024,2,"25,90"
9347,21/03/2025,2317,P009,2,17.65
13736,2025-10-04,565,P034,2,"85,87"
11057,2025-01-10,2785,P045,1,32.27
2723,2025-05-28,1742,P022,2,"42,71"
4820,2025-02-18,2628,P030,1,"18,76"
10705,10/02/2025,1363,P030,3,42.06
12471,2025-09-01,1756,P011,1,34.09
1070,20/05/2025,2932,P045,3,41.03
9569,2025-10-10,2426,P024,3,19.52
319,02/03/2025,3967,P020,1,"28,52"
8275,07/09/2025,3128,P037,1,"14,39"
8583,2025-09-02,2817,P030,1,"26,61"
11850,06-01-2025,605,P045,1,"26,10"
14574,07/08/2025,78,P035,4,18.12
17425,2025-05-03,999999,P015,1,23.71
5762,2025-02-03,4013,P018,1,48.03
2900,16/06/2025,4116,P034,1,24.73
2501,2025-02-16,500,P045,1,20.41
3878,2025-02-28,234,P006,1,35.62
5384,22/07/2025,2245,P046,1,21.03
14220,2025-12-05,1243,P008,1,17.91
9629,2025-08-09,2559,P037,2,27.91
1444,2025-07-09,702,P004,2,"37,52"
6940,2025-08-06,3880,P039,2,47.02
14073,11/08/2025,777,P036,1,20.88
1486,13/03/2025,999999,P025,1,17.96
498,2025-09-25,2148,P031,3,39.29
3434,2025-09-11,2809,P006,1,19.00
4128,2025-05-26,2205,P039,2,15.33
12810,10/05/2025,1610,P031,-1,25.47
14117,27/12/2025,1119,P021,2,18.45
8914,2025-07-08,3388,P041,1,11.49
16764,12-01-2025,4129,P033,1,24.51
9707,2025-04-26,3877,P006,1,79.48
586,2025-12-05,752,P009,1,"19,85"
2680,2025-11-17,2003,P016,1,24.82
1057,2025-01-13,1718,P021,1,42.71
6833,2025-03-24,4065,P010,1,"80,54"
13637,06/08/2025,258,P026,3,31.31
9672,01/02/2025,3400,P030,3,13.45
13030,2025-07-08,2999,P014,1,"25,77"
131,11/02/2025,1541,P017,1,13.11
7196,2025-08-12,1567,P038,2,25.42
13574,03-05-2025,4105,P019,1,"41,26"
8640,2025-08-21,4016,P025,1,37.29
11843,05/10/2025,3499,P011,2,23.63
15424,2025-10-09,975,P017,1,19.64
16715,05/01/2025,3303,P014,1,12.97
14195,2025-09-16,3384,P009,2,22.21
6973,2025-10-28,3807,P047,2,33.99
15985,18/03/2025,4154,P031,1,29.64
524,07/05/2025,1045,P031,3,13.29
15658,2025-11-23,1764,P027,1,49.82
1725,2025-06-22,522,P045,4,23.27
6916,17/02/2025,1977,P025,1,"45,76"
4556,03-31-2025,3734,P023,2,23.59
206,09/02/2025,2120,P023,1,"37,76"
7312,02/12/2025,2449,P042,2,36.16
4906,2025-07-28,1223,P028,1,"48,25"
6978,2025-07-25,2197,P022,2,43.86
17045,01/12/2025,1777,P017,2,"7,19"
8693,28/01/2025,1208,P020,1,52.11
4786,2025-11-06,999999,P005,,24.52
6058,2025-08-28,1207,P015,4,56.28
15008,2025-04-24,356,P035,1,9.18
6694,2025-03-08,804,P023,1,"25,33"
3049,06-30-2025,289,P005,1,26.27
1438,2025-03-10,259,P013,3,45.66
8261,12-24-2025,1180,P024,1,25.91
7970,2025-01-01,4048,P017,1,18.30
4509,2025-05-31,210,P027,1,12.98
14770,2025-03-15,2272,P034,2,18.55
12455,15/08/2025,3371,P026,1,13.62
13902,2025-06-29,940,P030,2,28.08
5948,2025-08-03,999999,P043,2,44.67
16224,2025-06-19,1571,P023,2,15.42
16217,2025-10-15,4041,P027,4,22.60
13128,11/04/2025,4048,P022,1,"10,73"
13486,2025-02-28,882,P005,3,113.10
3178,2025-07-15,2559,P006,1,"30,97"
5067,07-06-2025,1927,P001,1,"12,25"
386,2025-01-24,1043,P040,2,"6,56"
9465,04/08/2025,611,P048,3,23.50
4908,2025-10-21,2849,P048,1,23.92
13699,22/01/2025,600,P006,2,33.78
10126,2025-02-13,2217,P014,4,"17,27"
9062,05-25-2025,999999,P018,1,15.65
17283,18/08/2025,598,P011,1,17.81
2058,09/04/2025,951,P032,1,32.22
2279,2025-04-20,255,P028,1,"30,71"
2902,2025-05-14,2262,P018,2,"16,95"
17640,10/03/2025,995,P017,2,19.34
6045,2025-03-11,3969,P025,2,51.94
10968,07-10-2025,678,P013,1,24.30
9677,2025-06-22,1265,P003,2,"14,70"
17909,2025-12-13,2658,P027,1,21.40
14172,21/07/2025,3298,P014,2,43.17
5898,27/09/2025,2576,P034,3,"33,29"
4915,16/04/2025,2784,P020,2,"55,13"
12973,2025-03-17,2129,P028,2,23.57
310,2025-12-20,3176,P031,2,37.95
12767,2025-02-21,3919,P035,1,13.06
10175,2025-03-01,1725,P027,1,"22,91"
11636,2025-05-24,1547,P023,1,25.64
6250,2025-10-17,460,P015,4,21.38
6968,2025-06-26,2047,P020,1,26.41
843,2025-12-12,160,P036,1,19.31
13627,04/10/2025,4177,P032,1,51.10
17185,2025-07-16,3615,P010,1,15.40
15090,18/08/2025,395,P036,1,39.90
1614,2025-04-29,3438,P038,1,29.25
4484,2025-11-09,2246,P042,1,"32,91"
17904,31/10/2025,2474,P042,2,5.03
10031,2025-11-10,1295,P048,2,12.84
5096,29/04/2025,1955,P024,1,27.29
451,2025-03-28,2519,P035,1,"41,44"
4431,01/03/2025,2574,P027,3,27.78
1891,12/04/2025,1500,P022,3,26.79
2673,02/09/2025,3704,P039,3,"46,32"
5848,11/09/2025,634,P015,3,18.67
4465,2025-10-25,1304,P031,1,"44,29"
15276,2025-04-13,1281,P037,3,"49,09"
5376,2025-12-18,3974,P041,2,"17,10"
13475,13/01/2025,999999,P026,2,24.11
11535,2025-08-29,955,P039,4,56.67
11988,15/04/2025,2116,P022,1,71.44
15479,2025-05-22,4114,P046,1,18.78
7425,2025-09-29,3947,P003,4,13.10
8310,2025-03-08,4159,P040,2,25.70
10498,2025-04-17,3441,P047,1,"38,65"
4282,2025-05-06,3987,P035,1,40.08
2275,2025-11-26,1243,P023,1,48.89
4863,2025-07-10,2928,P038,1,"31,78"
9204,10/01/2025,85,P017,2,38.39
16740,2025-10-25,1532,P008,2,21.10
13251,19/02/2025,2771,P002,-1,54.32
15331,2025-04-14,64,P013,1,18.15
2333,09-07-2025,3607,P021,3,"33,76"
4704,2025-12-04,31,P047,1,12.36
14590,2025-07-23,121,P027,3,26.70
13335,2025-04-19,754,P020,3,"29,59"
6216,2025-09-06,2768,P037,1,31.72
12813,25/01/2025,1442,P046,1,"25,16"
17686,2025-11-27,938,P046,1,30.16
14387,2025-09-07,2782,P021,3,23.71
13146,04/10/2025,3153,P026,1,12.80
8013,2025-06-05,450,P033,2,14.64
8687,2025-03-28,345,P007,2,"97,91"
17372,03-24-2025,2964,P042,1,"23,23"
9259,2025-04-12,1034,P041,2,"37,45"
9937,2025-01-27,4178,P043,3,84.71
2850,15/08/2025,371,P038,2,41.01
693,2025-03-19,2737,P043,1,29.80
15515,11/11/2025,2633,P003,1,15.64
1113,20/08/2025,3160,P015,1,60.33
9322,2025-02-27,1000,P032,1,24.26
14718,2025-05-06,3808,P046,1,59.51
7499,07/02/2025,596,P039,1,7.57
5418,2025-04-15,2299,P020,2,82.07
10398,07-15-2025,2809,P047,2,15.30
8506,2025-07-18,2240,P040,2,40.91
6352,24/04/2025,481,P011,3,"28,47"
17259,08/07/2025,2947,P020,2,13.89
6321,2025-12-31,2696,P008,1,"39,98"
7388,23/12/2025,999999,P038,1,14.07
16092,2025-07-16,1128,P013,1,46.40
4013,2025-07-09,4017,P024,2,"23,68"
14591,2025-11-12,91,P001,2,28.36
8498,2025-09-12,782,P022,1,20.71
3348,14/05/2025,1758,P044,1,"51,22"
10835,2025-02-12,999999,P012,1,"71,29"
16137,2025-11-27,3423,P034,2,19.01
4513,29/12/2025,2080,P042,4,54.67
16783,20/10/2025,3038,P039,2,10.37
17939,2025-11-28,3104,P041,3,"13,80"
6104,2025-04-11,2954,P047,2,36.30
15562,2025-04-13,3407,P030,1,22.61
4428,03-08-2025,1871,P018,1,8.66
15145,2025-05-30,3273,P041,1,22.52
7992,2025-12-31,262,P012,2,27.92
1405,14/07/2025,62,P044,1,30.06
8794,2025-06-23,1329,P023,1,29.85
14846,2025-04-09,1371,P014,1,19.84
7604,2025-09-23,1823,P015,2,"24,77"
2155,2025-03-07,3671,P004,2,"26,06"
14411,2025-06-06,3818,P030,1,"55,75"
1724,19/08/2025,3776,P004,2,98.05
17826,2025-11-03,455,P014,1,20.76
2352,2025-04-01,836,P028,1,19.06
9034,2025-09-02,357,P001,1,17.45
564,2025-09-06,3223,P008,1,33.04
10828,2025-12-11,2972,P006,1,7.17
3708,12-21-2025,3233,P047,1,"23,37"
15906,2025-11-18,168,P024,2,"31,97"
2912,12-28-2025,50,P013,1,26.59
9824,2025-02-11,791,P016,1,30.16
16819,2025-09-09,916,P011,1,58.07
17096,2025-12-05,1435,P038,1,36.69
9280,2025-06-18,3043,P012,1,"36,74"
8555,2025-12-17,2442,P009,1,"15,43"
2856,2025-01-19,3335,P018,1,58.35
14299,03-29-2025,1455,P028,2,"46,40"
14470,31/08/2025,3056,P038,1,"20,20"
2606,2025-12-20,3495,P002,1,7.28
7892,06-03-2025,346,P002,3,14.36
5774,2025-06-19,3915,P026,4,34.89
10209,16/04/2025,931,P016,1,27.57
6636,2025-09-19,3278,P044,1,"37,99"
1318,02/03/2025,2390,P048,1,19.10
1821,2025-10-28,2625,P042,1,"26,08"
854,04/10/2025,2514,P026,4,10.80
13481,20/04/2025,2079,P034,1,48.34
473,01/07/2025,1144,P031,2,"71,04"
9936,2025-12-09,3037,P005,1,10.50
6689,30/11/2025,1847,P017,2,22.95
10681,09/09/2025,1456,P038,1,10.02
2304,25/11/2025,339,P004,1,"22,35"
9244,02-16-2025,3095,P026,1,"71,56"
17232,27/12/2025,2986,P046,2,27.10
8850,06/12/2025,2295,P033,1,26.25
4693,2025-06-03,3385,P043,1,18.40
9061,2025-05-14,3849,P031,1,"90,18"
1710,2025-06-04,3132,P009,1,46.65
10141,2025-03-02,2643,P023,3,37.84
3415,2025-10-02,568,P032,1,37.63
10307,22/01/2025,1830,P046,1,64.64
17285,2025-02-24,1428,P009,1,25.19
16830,2025-05-23,1403,P029,1,"25,96"
8901,2025-10-02,1982,P032,1,16.00
15601,2025-01-04,752,P016,1,8.20
7606,19/06/2025,846,P023,1,"32,27"
12163,2025-07-28,2521,P034,1,47.70
3078,08/11/2025,3332,P006,1,21.48
1258,11/09/2025,3689,P043,2,"13,74"
8836,2025-03-17,2253,P001,1,"87,40"
13619,2025-04-10,2939,P038,1,29.33
3179,2025-11-07,1550,P004,1,45.96
3538,2025-11-28,717,P022,1,25.98
9836,2025-05-24,2244,P033,4,14.53
1699,2025-11-02,178,P009,1,60.86
5110,09/01/2025,3902,P010,1,35.70
6078,06-04-2025,1544,P016,1,"20,38"
6552,13/03/2025,1333,P017,1,33.62
15286,01/02/2025,2513,P020,1,47.48
6275,2025-02-26,941,P009,1,7.38
4300,22/12/2025,2457,P016,1,12.61
16754,2025-07-26,3969,P006,2,"12,46"
2849,2025-11-24,1404,P008,2,"67,87"
12307,07-25-2025,999999,P012,1,16.18
16897,31/10/2025,2068,P022,2,14.13
13917,2025-03-09,3016,P017,1,18.14
9697,2025-01-24,4097,P017,1,43.64
3647,2025-09-30,4051,P027,2,27.23
4660,19/01/2025,3371,P031,2,18.06
3725,2025-08-19,166,P029,1,18.55
13361,16/08/2025,3415,P031,1,18.71
6256,2025-03-01,3076,P040,1,34.25
10317,2025-11-29,1120,P004,1,34.79
1018,2025-06-14,3096,P048,2,8.56
9191,31/10/2025,3852,P003,2,28.71
13546,2025-08-14,129,P009,1,26.45
16358,2025-03-31,2863,P037,1,14.90
8298,21/08/2025,98,P025,2,20.43
12727,11/11/2025,1582,P041,2,15.26
10116,04/09/2025,3492,P037,2,"44,97"
1167,2025-12-15,1609,P041,1,7.04
17484,2025-11-02,3750,P007,1,25.37
3071,21/07/2025,4122,P008,1,18.61
14063,30/08/2025,1120,P016,2,15.05
11777,2025-06-02,3921,P008,1,58.31
7077,27/10/2025,1813,P020,2,27.88
3236,12-25-2025,82,P030,2,23.59
225,27/10/2025,2670,P018,1,21.59
16661,08-16-2025,2063,P016,1,87.35
3448,2025-05-17,314,P044,2,70.58
4207,2025-07-11,3532,P034,1,85.74
5237,2025-03-27,1729,P037,1,15.82
2557,2025-09-26,267,P045,3,63.04
4800,2025-10-13,371,P044,1,"39,87"
13832,2025-04-12,1611,P024,1,"40,50"
17545,02-23-2025,1939,P001,1,26.59
6104,2025-04-11,2954,P047,2,36.30
17110,20/08/2025,570,P039,2,"20,42"
7681,06/11/2025,2761,P043,3,"38,66"
1084,03-03-2025,3889,P019,2,31.01
9648,30/08/2025,701,P041,1,12.26
11763,2025-05-08,4131,P018,1,15.42
5057,26/11/2025,3923,P023,1,"27,58"
17490,09/10/2025,1261,P014,1,"23,62"
10507,2025-06-22,851,P025,1,18.56
14125,2025-04-26,2634,P014,2,26.15
7204,2025-04-19,2006,P010,1,16.13
14347,2025-11-01,1628,P008,1,14.54
3465,2025-12-05,4004,P023,2,"73,77"
4787,09/08/2025,2104,P045,3,41.05
3470,2025-07-12,3377,P014,3,81.20
8050,2025-05-30,2355,P027,2,"47,70"
14942,2025-08-04,1750,P024,2,20.67
15933,31/05/2025,349,P018,1,18.25
8718,2025-12-26,3098,P031,1,26.50
17650,2025-02-17,1887,P026,2,29.19
3580,2025-05-15,2527,P023,3,11.17
6791,2025-01-17,1582,P043,1,9.10
16651,05-01-2025,918,P009,4,"31,58"
10135,15/10/2025,192,P008,3,31.06
10922,26/02/2025,4033,P046,1,"52,81"
3048,2025-10-27,407,P016,3,"26,01"
6065,2025-04-04,1978,P010,1,29.81
447,2025-01-13,1834,P018,1,14.52
2151,2025-04-29,3824,P028,1,28.31
2323,06/07/2025,1150,P032,1,64.69
1905,2025-05-24,733,P030,2,"27,90"
8422,2025-02-02,517,P010,1,"15,73"
3908,2025-03-20,4000,P019,2,24.26
2941,17/07/2025,2617,P043,1,17.82
2200,14/11/2025,712,P015,1,"14,36"
13772,2025-04-14,2741,P036,4,11.06
14330,2025-03-27,3774,P003,2,11.31
14506,2025-04-08,999999,P012,2,31.88
16640,2025-02-28,2528,P045,3,16.49
13560,2025-12-14,1710,P015,1,9.63
17936,2025-03-23,2779,P027,1,26.45
7104,04-04-2025,2558,P014,3,"74,60"
1346,07-01-2025,2822,P036,1,30.05
6172,2025-03-30,3288,P037,1,45.36
8423,2025-10-21,2135,P036,1,"21,53"
12997,2025-08-15,616,P008,1,31.35
7161,07-24-2025,703,P030,1,41.63
10482,08-07-2025,1947,P025,1,"34,60"
5700,10/10/2025,576,P028,2,"21,03"
16778,2025-11-19,903,P047,1,11.56
2190,2025-07-04,2849,P012,2,27.54
5188,19/10/2025,1,P029,2,104.58
424,2025-07-17,2946,P033,1,34.41
7123,2025-05-09,3378,P036,2,32.55
7666,2025-02-11,3401,P036,1,26.16
14354,2025-07-16,397,P011,1,48.99
7912,13/06/2025,3783,P013,2,42.61
15360,2025-03-11,1008,P032,1,"4,38"
16417,2025-12-14,3250,P032,,"33,35"
17466,24/04/2025,453,P042,1,16.34
12057,2025-05-17,2441,P017,1,"34,67"
15186,2025-01-18,2002,P027,1,22.86
13385,2025-04-06,955,P004,2,15.63
2995,2025-05-15,1256,P032,2,59.01
8546,05/11/2025,2482,P023,1,46.33
8180,14/10/2025,3722,P001,1,23.62
11523,20/04/2025,2059,P044,2,27.33
7180,23/06/2025,1459,P045,2,7.24
17188,2025-09-25,829,P029,2,"17,63"
11101,2025-02-04,722,P025,1,40.32
14835,26/03/2025,139,P039,3,27.42
13837,23/06/2025,2820,P042,1,29.15
3848,2025-11-05,1859,P004,1,"37,51"
16566,2025-03-26,637,P002,1,50.70
13848,22/01/2025,2048,P009,2,30.88
11979,10/11/2025,1655,P044,1,36.64
1168,2025-08-14,2114,P042,1,"12,69"
12190,22/09/2025,898,P014,,"44,66"
16957,11-20-2025,283,P037,2,26.13
17303,2025-09-04,2578,P015,2,"25,61"
9888,2025-12-19,2093,P045,1,16.62
17886,12/10/2025,4174,P017,1,13.32
9273,16/09/2025,407,P035,1,21.60
641,2025-11-14,1585,P013,4,22.86
9047,2025-04-11,2387,P047,1,36.90
7914,08/07/2025,1949,P020,1,26.06
8927,2025-11-14,2053,P022,2,"30,29"
16904,2025-03-13,1060,P038,1,"32,83"
1223,2025-06-22,2527,P043,1,"5,34"
10595,2025-03-01,67,P011,1,"15,34"
4149,30/10/2025,159,P036,1,24.14
5802,2025-01-10,2625,P017,1,56.06
15036,2025-01-13,2793,P042,1,35.60
16631,15/07/2025,433,P016,1,44.95
2712,2025-03-12,1997,P002,1,"24,95"
3018,2025-08-25,792,P005,2,"16,25"
12083,2025-11-01,3396,P021,4,"28,40"
10339,2025-11-11,699,P006,1,39.65
6888,02/03/2025,125,P048,1,22.13
43,2025-05-24,860,P024,2,16.69
16038,2025-01-31,1380,P043,1,"53,82"
8975,2025-02-17,4185,P039,1,24.88
1836,2025-07-25,4064,P035,3,42.96
5522,2025-08-21,1933,P010,1,15.65
391,14/10/2025,3300,P044,2,19.12
1387,22/12/2025,3043,P007,1,"31,57"
13939,10-23-2025,542,P015,1,38.86
8294,09/06/2025,2893,P004,1,23.09
17599,2025-04-18,3510,P021,1,56.81
12568,06-02-2025,2005,P041,3,7.34
4391,03/12/2025,3213,P004,1,"27,05"
13376,2025-03-24,3326,P015,1,"31,57"
493,02/06/2025,2289,P004,4,48.98
10058,12/06/2025,2924,P047,4,26.00
13031,2025-10-05,1173,P044,2,114.24
2526,2025-03-24,1455,P020,2,16.28
15813,2025-11-29,1810,P012,3,27.13
8841,2025-12-14,1190,P032,1,11.74
12806,02/02/2025,2568,P010,1,"29,09"
7451,2025-02-22,2494,P036,1,41.94
8635,2025-03-10,1835,P007,1,"37,23"
10549,2025-09-09,2382,P006,1,32.10
2931,2025-07-25,999999,P020,,11.51
9367,2025-12-14,4127,P028,1,"18,41"
14112,2025-03-24,2279,P043,2,7.81
14503,2025-03-20,698,P004,1,"18,34"
9134,2025-12-12,3223,P032,1,29.68
1785,10-23-2025,3094,P034,1,21.51
11325,24/06/2025,2118,P022,1,38.30
9914,2025-06-01,2903,P010,1,10.29
722,2025-11-18,140,P015,1,278.38
10753,01/03/2025,3424,P037,1,32.68
3054,12/08/2025,2307,P013,1,12.94
8053,13/07/2025,1180,P026,1,45.13
10192,2025-02-09,1920,P010,1,"38,26"
14582,04-02-2025,21,P026,1,33.84
5566,2025-05-16,2883,P046,2,"37,59"
9072,2025-04-24,2211,P032,2,32.98
3106,28/02/2025,3274,P031,1,"20,99"
12389,07/01/2025,1289,P023,1,"26,51"
5722,2025-09-18,1244,P013,1,"32,80"
9539,05/03/2025,2956,P018,1,30.64
13685,11-27-2025,1503,P044,1,68.56
2041,2025-09-20,3951,P005,1,56.42
17277,06-02-2025,999999,P030,4,24.78
8527,2025-11-07,3247,P030,1,36.43
15372,23/05/2025,1216,P004,-1,12.41
11341,2025-12-16,2779,P014,1,40.46
12408,2025-02-09,1899,P003,1,"68,45"
15230,30/04/2025,105,P041,1,11.56
5083,07-02-2025,498,P039,1,"26,17"
14845,10/12/2025,3252,P041,1,31.33
16117,2025-11-03,1297,P040,1,"44,36"
1843,2025-08-26,2197,P005,1,49.98
1069,2025-10-18,2610,P032,2,18.12
12470,2025-08-02,3739,P025,2,87.18
1145,11-13-2025,1459,P047,1,42.53
1007,2025-07-04,793,P023,1,47.65
1822,04/03/2025,2409,P001,1,"27,45"
3502,2025-05-21,4015,P024,2,"17,70"
7462,2025-03-05,3774,P025,2,"41,72"
15322,2025-01-19,2905,P017,2,33.72
5180,2025-10-14,3139,P040,2,"12,31"
13026,2025-02-15,1533,P020,2,18.35
8950,06-23-2025,1041,P040,4,39.78
12308,30/08/2025,1451,P016,1,56.23
15152,24/03/2025,3546,P046,1,10.10
8073,2025-03-12,3085,P041,1,"39,74"
8960,2025-03-06,3650,P033,2,"58,19"
3421,2025-07-13,2849,P032,4,21.07
15977,24/10/2025,3754,P033,1,"33,75"
4438,2025-09-04,3242,P037,2,11.13
2687,2025-03-21,2684,P033,2,"13,62"
7565,19/10/2025,412,P034,1,54.31
6121,16/07/2025,826,P007,2,37.07
3416,25/07/2025,3503,P038,2,"21,02"
6523,2025-11-04,2333,P040,1,20.90
3478,2025-08-04,2473,P019,1,"30,88"
16423,20/04/2025,4024,P005,3,11.73
790,01/06/2025,2695,P030,,"24,81"
2490,12/04/2025,3293,P008,2,11.64
8136,2025-12-30,755,P033,1,20.69
10958,24/03/2025,2149,P001,2,82.17
13549,18/12/2025,1993,P006,1,"28,85"
4676,02-27-2025,73,P018,2,"24,22"
3271,2025-03-12,2904,P034,1,24.98
15461,2025-12-10,3657,P040,1,14.26
10476,2025-04-29,3521,P041,2,"42,21"
5371,2025-07-22,2573,P003,1,42.82
8266,2025-07-21,1537,P041,1,31.38
4518,18/05/2025,1707,P043,2,32.37
6646,30/07/2025,896,P020,1,"18,23"
13125,2025-03-04,2625,P043,2,"52,21"
16373,2025-03-10,3660,P002,1,12.35
12629,2025-05-16,694,P006,1,21.25
7015,2025-07-03,4014,P044,2,"15,59"
12111,2025-06-08,1376,P012,1,14.39
16972,04/10/2025,636,P016,2,16.03
10322,2025-04-19,2684,P029,1,24.49
3040,2025-06-29,2990,P019,2,17.04
13259,15/11/2025,2580,P020,1,37.65
1990,2025-12-03,47,P037,2,25.77
841,2025-01-13,3177,P016,1,14.48
15914,2025-10-02,976,P031,2,36.90
11857,2025-01-20,2513,P036,1,38.12
14995,29/09/2025,2317,P034,1,8.85
7870,2025-01-18,348,P024,2,"38,42"
2196,2025-03-16,2115,P009,1,26.12
1705,2025-06-14,4045,P025,2,19.31
8421,05/04/2025,2607,P031,1,15.06
16831,2025-12-03,2483,P007,1,"12,51"
3082,04/05/2025,2518,P015,4,54.12
7578,09/03/2025,438,P001,1,"21,92"
5781,04/08/2025,286,P027,,"16,30"
7126,2025-07-14,2482,P017,3,15.43
14051,2025-05-18,1003,P010,2,"7,44"
9057,2025-11-01,2037,P048,1,30.58
13620,22/10/2025,1423,P043,1,22.59
2936,03-10-2025,3822,P024,1,57.74
12518,27/11/2025,2741,P009,1,47.25
16798,29/03/2025,2526,P004,4,22.05
5879,29/10/2025,759,P029,4,21.81
11893,2025-07-27,1400,P007,-1,75.14
7130,2025-05-29,3008,P021,1,22.57
14951,2025-08-03,1471,P015,1,36.30
11307,2025-02-20,986,P029,1,"85,28"
10295,2025-10-12,1741,P043,1,31.36
13819,16/09/2025,2378,P039,1,44.18
2944,02-26-2025,3695,P018,3,24.64
7110,2025-10-17,997,P042,1,56.14
401,2025-02-15,3836,P036,1,48.20
2491,28/05/2025,1022,P011,1,28.21
12949,2025-03-06,307,P003,2,"50,20"
12575,01/08/2025,3113,P004,1,"19,27"
3870,01/06/2025,3709,P020,1,58.98
14686,2025-02-01,1283,P014,1,"31,23"
6588,12-04-2025,345,P046,2,32.18
3282,04-29-2025,3628,P019,2,53.41
8483,2025-11-05,2761,P026,1,"36,18"
699,2025-10-31,2423,P001,3,19.93
15909,11/11/2025,1900,P005,1,"59,37"
1396,2025-09-10,1426,P034,2,27.96
15344,2025-05-28,128,P004,1,8.87
5280,2025-05-11,1496,P010,1,38.77
3988,2025-09-25,743,P027,1,"24,10"
2621,2025-06-13,3662,P002,1,"49,52"
10573,2025-09-29,550,P038,1,"17,90"
6675,25/10/2025,3923,P027,3,"13,92"
3153,2025-11-02,4006,P014,1,"17,72"
5943,2025-05-20,2269,P028,1,13.24
7686,01-01-2025,1126,P046,1,19.80
17476,2025-09-08,3252,P017,1,22.47
8211,2025-12-09,64,P039,1,31.97
6859,07/05/2025,1225,P023,,"26,05"
3196,27/08/2025,1364,P016,1,"18,13"
2681,07/10/2025,3397,P025,1,"35,32"
10191,2025-10-05,406,P023,1,59.60
3888,22/11/2025,3894,P030,1,36.07
16301,30/10/2025,2645,P046,1,36.95
9987,2025-07-12,445,P039,1,"42,91"
4546,2025-09-08,1440,P047,1,"28,73"
4026,08-24-2025,1316,P014,1,14.72
13034,29/08/2025,20,P036,3,"43,32"
7417,2025-01-14,983,P036,1,"18,52"
10071,22/04/2025,2839,P029,1,18.63
11606,2025-07-01,2847,P022,2,21.09
11729,2025-01-02,2870,P044,2,"34,97"
13425,22/11/2025,3316,P008,1,36.00
4919,16/12/2025,3221,P036,2,16.79
16185,2025-09-30,999999,P036,2,"22,42"
3781,2025-06-29,3760,P032,1,26.75
14123,21/10/2025,2262,P017,1,"9,42"
9371,2025-08-28,3272,P007,2,73.67
9747,2025-08-10,3347,P038,2,24.08
1996,2025-11-24,2211,P008,3,63.01
14396,2025-01-15,1350,P015,1,"17,37"
9501,04-29-2025,345,P024,3,60.64
15478,2025-06-21,1455,P027,3,"11,66"
14548,2025-12-03,1227,P021,1,44.58
11351,2025-07-14,2910,P045,2,35.72
15184,2025-04-18,2224,P043,1,28.76
9885,2025-01-31,3803,P041,1,13.42
10777,2025-05-26,999999,P023,2,"15,58"
14245,18/05/2025,1460,P003,1,64.80
2650,2025-11-04,2020,P039,1,42.16
11405,05-02-2025,3933,P011,1,23.02
14827,2025-04-14,2238,P022,1,65.93
2903,09/09/2025,1104,P028,1,35.45
10467,2025-10-21,807,P028,2,35.71
3360,11-06-2025,3223,P004,3,"35,51"
16900,11-13-2025,3467,P011,4,40.57
6069,07/05/2025,3783,P011,1,"15,90"
4673,13/12/2025,3408,P002,1,"34,27"
7084,22/11/2025,1054,P002,1,31.37
6673,2025-12-06,3163,P006,1,6.01
16255,09/09/2025,2427,P011,1,12.46
7902,19/02/2025,2462,P032,1,58.38
2402,2025-04-18,2190,P025,1,20.22
14098,06/04/2025,3890,P024,1,26.64
10209,16/04/2025,931,P016,1,27.57
6478,27/12/2025,1346,P002,1,10.23
11942,04-18-2025,1197,P031,1,21.42
420,2025-01-06,3765,P005,4,"11,56"
9085,2025-03-29,4062,P006,1,31.31
9576,2025-01-29,355,P035,1,17.78
9325,2025-08-31,4114,P028,1,15.76
17728,2025-09-02,741,P017,4,18.53
3390,2025-03-22,3857,P031,1,"64,52"
3898,2025-12-05,3337,P020,1,"19,41"
11270,08-25-2025,2699,P035,3,"51,18"
6597,2025-02-14,1238,P048,2,"33,37"
2715,2025-10-19,3628,P047,1,15.10
290,04/06/2025,1719,P036,3,"9,45"
7170,26/10/2025,1989,P040,1,35.95
16581,2025-06-04,3440,P034,2,38.83
673,2025-04-10,2219,P016,1,22.25
6293,2025-02-15,3707,P048,2,34.22
9153,13/03/2025,1715,P018,1,"14,47"
16105,2025-08-14,3478,P039,1,36.68
12776,2025-11-16,1407,P012,1,27.19
12876,2025-09-11,937,P022,1,15.45
12483,2025-09-15,3899,P011,1,"53,29"
11715,2025-08-06,3937,P009,3,23.63
3355,2025-04-20,3032,P008,1,19.59
15104,21/10/2025,2126,P046,1,25.03
17603,2025-07-04,2067,P018,3,30.26
10321,2025-04-07,3145,P010,1,76.70
7176,11/08/2025,462,P015,1,"6,19"
12092,2025-03-18,1859,P044,1,14.54
9074,2025-10-06,3154,P015,1,28.82
7368,05-18-2025,3779,P028,1,43.19
3786,2025-09-10,1063,P029,2,30.65
1450,15/03/2025,899,P012,2,23.34
11446,2025-01-27,1638,P016,1,27.11
14119,2025-11-01,478,P020,2,26.89
10921,05/04/2025,631,P025,1,"15,55"
14607,11-28-2025,142,P038,1,28.11
4216,03/07/2025,999999,P026,4,"22,18"
15312,2025-05-21,45,P034,1,37.34
17606,2025-01-03,598,P007,1,70.36
7460,2025-09-17,2429,P037,1,15.28
1143,2025-07-21,1286,P015,1,16.51
1522,2025-11-04,691,P048,1,35.79
15945,02/12/2025,405,P013,2,"67,34"
6333,2025-06-30,1232,P048,1,33.25
3497,30/08/2025,3752,P040,2,26.13
9826,17/04/2025,1448,P043,2,"21,45"
5240,2025-08-20,437,P008,1,8.09
3392,2025-05-03,843,P042,1,"19,08"
3499,10-05-2025,1879,P023,2,"41,12"
4538,2025-11-05,358,P021,,50.24
6574,11/09/2025,2382,P017,1,21.27
9595,2025-09-12,2887,P019,2,"136,68"
9742,03/03/2025,2430,P007,2,64.94
17456,20/06/2025,4123,P045,1,25.73
2940,2025-03-16,269,P017,1,"23,78"
5127,10/06/2025,2376,P036,1,10.88
10528,2025-04-20,2899,P031,3,41.67
16653,07-31-2025,1131,P044,1,66.34
1892,2025-12-08,3435,P027,1,"22,09"
17087,2025-09-17,4125,P022,3,"32,44"
5931,11/09/2025,1182,P041,2,17.87
14695,2025-06-13,712,P015,2,48.28
15560,23/05/2025,3780,P037,4,55.82
1834,2025-07-04,964,P006,1,75.02
4658,2025-07-29,4135,P015,1,"22,99"
5073,11-22-2025,4092,P033,1,12.94
16527,08/02/2025,2378,P013,1,"38,84"
858,2025-12-04,2114,P046,4,28.16
8623,2025-08-29,738,P025,1,23.45
13622,27/07/2025,1882,P026,1,"34,99"
11181,2025-12-24,3480,P008,1,11.07
11977,2025-01-20,4129,P016,2,40.14
1334,2025-02-11,1298,P021,1,14.49
14454,23/11/2025,2750,P003,2,11.59
594,28/06/2025,3865,P027,1,30.33
14568,2025-01-01,1364,P038,1,36.61
7963,29/01/2025,4193,P048,1,21.35
4329,11-18-2025,999999,P017,3,32.65
13416,08/12/2025,2341,P031,1,14.87
17088,2025-12-17,2411,P015,1,45.49
13900,12/01/2025,2797,P028,2,"33,09"
11457,2025-09-12,3065,P030,1,23.33
5956,2025-03-25,3454,P026,1,48.87
6665,01-28-2025,3424,P042,1,16.51
14042,2025-04-08,3953,P045,1,21.26
13899,2025-12-31,2204,P047,1,43.30
16493,31/08/2025,3798,P036,1,28.29
17301,17/01/2025,3274,P043,1,"39,48"
17314,2025-03-19,3485,P001,1,48.57
7668,2025-03-24,108,P031,1,46.56
9532,03-12-2025,2191,P032,4,43.78
2766,2025-06-07,3682,P033,2,22.72
9804,2025-01-04,1427,P043,1,11.28
14899,04-21-2025,3482,P004,1,"46,72"
5003,2025-08-29,1115,P046,1,21.86
3400,2025-01-17,2815,P019,1,49.43
2776,06-25-2025,1131,P046,1,33.53
15587,02/06/2025,3492,P026,2,21.02
17635,2025-05-12,754,P011,1,19.93
14615,2025-04-13,3171,P010,1,"18,07"
15376,2025-03-08,486,P007,4,"20,51"
11943,2025-12-24,2567,P045,1,29.62
13436,05/03/2025,1233,P040,,34.48
2216,2025-12-07,4129,P026,1,18.62
4926,2025-05-03,4072,P048,1,7.48
16560,2025-05-17,1354,P009,1,38.99
10983,2025-05-29,3066,P032,1,"8,93"
6697,2025-02-08,2300,P019,2,57.69
3594,2025-02-22,582,P042,3,24.40
11618,2025-06-04,817,P017,1,23.12
1896,26/08/2025,2021,P026,1,"48,02"
4723,2025-06-28,2652,P043,1,24.27
15592,25/06/2025,3799,P027,3,20.01
7107,31/01/2025,1946,P017,1,"10,36"
17024,23/01/2025,1443,P022,1,43.23
364,2025-11-14,3739,P042,1,15.00
7513,2025-03-02,1796,P005,1,"23,57"
5558,2025-07-27,3080,P022,1,"53,04"
15010,2025-08-18,58,P003,1,47.83
12890,2025-05-01,2095,P019,1,39.35
13539,2025-03-15,2634,P002,1,29.30
4463,05-25-2025,1131,P003,1,18.85
9185,07/01/2025,3867,P023,1,22.43
14452,2025-07-01,3725,P036,1,"35,34"
13931,24/03/2025,1231,P014,1,"88,02"
11413,2025-02-24,3737,P048,1,"9,77"
3198,12/11/2025,2958,P046,1,"27,92"
10203,27/02/2025,1455,P046,2,47.31
7511,2025-07-30,1116,P008,1,53.40
10037,19/09/2025,4143,P035,1,20.68
11904,27/09/2025,647,P032,4,"13,79"
9938,07-24-2025,3092,P034,1,"13,69"
13580,18/04/2025,1923,P024,1,20.29
16774,2025-03-19,2899,P008,1,11.76
12282,2025-05-04,3049,P038,3,28.97
10112,2025-08-02,1363,P004,2,52.54
4521,2025-11-17,3298,P029,3,"19,56"
10504,2025-04-29,517,P009,1,"15,28"
15873,02-11-2025,444,P040,1,"22,48"
14363,2025-02-10,2347,P009,1,16.97
3785,02/03/2025,2906,P010,1,30.60
6993,2025-04-17,4015,P015,4,71.12
2918,2025-10-25,9,P043,1,"36,35"
11185,2025-03-18,510,P038,2,"15,12"
10393,26/02/2025,1454,P028,1,17.12
561,07/11/2025,2387,P003,1,19.01
12475,2025-05-20,3187,P013,-1,38.96
6966,2025-09-20,1645,P001,1,13.23
10137,17/12/2025,3815,P023,1,"7,50"
2165,05/02/2025,3956,P047,1,30.87
4527,2025-04-30,21,P030,1,"25,15"
7039,2025-09-16,477,P015,1,21.25
14170,08/11/2025,999999,P019,4,13.23
5287,2025-07-20,3351,P004,,31.11
5098,12/10/2025,3271,P042,1,18.69
13722,2025-06-09,1407,P005,1,"15,90"
4505,2025-10-20,4155,P041,2,19.24
12348,12-20-2025,3178,P022,1,"25,09"
14058,2025-03-23,277,P019,2,30.73
13980,2025-06-24,22,P032,2,11.78
5901,2025-03-27,999999,P026,1,17.98
15996,2025-11-21,1000,P010,1,15.74
13860,30/08/2025,1526,P021,1,"24,24"
12220,2025-08-29,2144,P011,1,20.04
14084,2025-02-27,2484,P024,3,59.87
7106,2025-11-11,1833,P040,1,"33,06"
7033,16/02/2025,2964,P006,4,"50,75"
9502,2025-07-06,1180,P041,2,"16,29"
17325,2025-12-07,3492,P025,2,36.18
8762,2025-11-14,1644,P029,2,13.33
17922,04-19-2025,4174,P027,3,"28,65"
8888,29/10/2025,3647,P030,1,15.14
9374,2025-05-19,3857,P044,1,"38,78"
13464,2025-10-29,348,P008,1,"17,45"
12124,2025-04-11,4186,P023,1,13.37
4984,02/04/2025,291,P002,1,73.24
1160,2025-06-26,999999,P043,1,18.44
10579,2025-10-12,3794,P043,1,32.05
10158,2025-06-30,3503,P048,1,42.25
13302,27/02/2025,452,P041,2,13.93
5254,2025-01-07,3950,P014,3,57.26
4274,10-24-2025,4103,P048,4,17.01
15953,22/03/2025,1478,P037,1,31.31
4523,09-11-2025,3824,P041,1,94.25
10222,2025-03-14,1082,P046,2,"33,63"
3137,2025-07-24,1551,P022,2,35.03
4081,2025-04-15,3424,P022,4,"45,21"
17404,2025-09-20,3222,P017,-1,13.15
4937,02-09-2025,2962,P032,1,"10,84"
9731,01-25-2025,2131,P009,2,21.31
1191,10/12/2025,1000,P022,2,15.11
714,2025-03-26,3939,P036,1,13.57
511,23/07/2025,537,P014,1,10.93
12460,07/11/2025,1974,P005,1,"24,62"
13538,2025-01-22,2717,P004,1,26.45
15437,2025-06-08,2632,P027,1,35.71
12346,31/12/2025,1062,P042,1,47.80
12009,28/10/2025,2979,P023,2,19.04
7316,2025-04-20,958,P005,1,"50,90"
11462,2025-06-08,4034,P014,3,74.54
13861,04-06-2025,1601,P020,2,"20,15"
583,11/07/2025,2094,P036,1,"7,02"
3769,2025-06-04,3424,P048,2,14.01
8933,2025-06-07,1596,P006,-1,88.26
882,12-02-2025,1495,P046,3,40.93
16418,2025-06-27,3464,P002,1,31.50
9620,2025-06-17,1424,P037,1,19.42
13591,02-18-2025,755,P005,3,42.63
14755,2025-03-11,3814,P027,1,16.73
42,2025-07-23,2827,P025,2,17.77
10017,2025-09-29,361,P047,1,"46,94"
4115,22/03/2025,2985,P022,1,"38,13"
14772,2025-06-03,3851,P012,2,"11,28"
6323,09-10-2025,250,P036,3,60.01
8246,02-08-2025,329,P024,1,22.38
9141,2025-09-21,3049,P001,3,"8,39"
12497,2025-08-26,1176,P041,1,28.03
8682,17/06/2025,4027,P033,1,16.90
16048,27/05/2025,3031,P024,1,22.23
5630,2025-12-14,557,P034,1,17.46
1108,20/09/2025,3992,P022,1,8.39
12824,2025-03-19,411,P028,4,42.19
11780,2025-12-21,3115,P010,4,32.36
12379,02/07/2025,1050,P021,2,22.60
874,08-29-2025,3201,P045,1,21.04
7436,02/05/2025,4109,P033,1,38.34
15859,2025-01-20,445,P048,2,22.92
3831,02/10/2025,1670,P016,2,43.76
1445,06/12/2025,1680,P023,1,"18,12"
169,04/03/2025,3254,P037,1,22.25
14904,2025-10-18,3494,P045,1,"33,21"
4946,2025-02-08,3416,P034,1,79.83
17054,2025-04-19,1920,P012,2,30.62
2025,2025-03-17,2584,P001,2,19.01
14216,2025-02-14,3451,P027,2,10.68
8362,2025-02-18,302,P046,1,"38,59"
10846,2025-06-06,26,P027,2,20.09
446,2025-09-08,2386,P013,4,"20,77"
4192,2025-12-13,2393,P005,,"21,94"
11666,2025-04-15,92,P022,1,"121,51"
17046,2025-09-29,3279,P014,1,42.02
9190,2025-08-25,2178,P023,1,41.55
2,07-22-2025,3383,P030,2,8.84
2870,2025-11-23,4119,P027,2,53.17
1557,05/06/2025,1836,P015,1,"17,31"
2627,10/06/2025,2493,P006,1,"24,08"
9102,2025-03-17,3634,P014,1,88.68
9293,06-01-2025,3575,P004,1,51.04
13967,2025-12-01,3528,P043,1,41.52
3827,2025-04-22,537,P022,1,43.58
11275,21/12/2025,3963,P019,3,37.41
14458,14/01/2025,2971,P034,1,"21,25"
7238,2025-09-21,2876,P036,1,"41,39"
6306,26/05/2025,2264,P036,3,"35,07"
5398,22/04/2025,893,P021,1,10.41
12376,2025-01-18,2889,P022,1,"38,92"
8559,2025-10-14,2025,P002,1,46.73
5413,2025-07-10,1053,P006,2,16.10
11859,09/07/2025,2578,P019,1,"14,69"
755,08/05/2025,1645,P006,1,14.97
10734,2025-08-10,1469,P003,2,"38,06"
2283,2025-12-31,408,P025,1,"32,32"
5689,03/06/2025,3313,P046,1,25.66
46,2025-09-23,3698,P021,4,27.62
10957,2025-10-13,688,P048,2,"39,97"
8730,2025-02-24,3085,P016,2,17.43
5464,2025-10-15,421,P024,1,25.08
9241,2025-01-23,554,P044,4,"21,32"
2662,2025-12-13,4081,P040,3,"25,53"
5541,12/12/2025,133,P040,2,32.70
1274,2025-04-07,1665,P001,1,56.95
6465,2025-07-20,4131,P031,1,18.71
15865,04/05/2025,2606,P041,1,19.24
15257,23/04/2025,2187,P027,1,34.40
13199,2025-01-13,2538,P022,1,"37,21"
13471,01/05/2025,1530,P027,3,14.28
16796,08/04/2025,2688,P005,1,"19,99"
10522,2025-02-01,2900,P018,1,26.94
15015,14/01/2025,647,P037,2,"42,85"
6631,2025-01-14,524,P014,4,"16,44"
17515,2025-01-29,2478,P012,1,"6,69"
13409,2025-08-16,2416,P043,1,48.83
4378,12-17-2025,3306,P046,2,20.85
1571,2025-09-22,3202,P010,1,32.93
6942,2025-12-24,3187,P027,1,36.57
16852,2025-02-12,1019,P021,2,27.75
6502,20/11/2025,1087,P046,1,"22,25"
8340,22/09/2025,3385,P045,4,"20,46"
3871,13/08/2025,1934,P032,1,"10,19"
5997,05-12-2025,550,P025,2,26.01
379,05/04/2025,993,P042,2,10.93
14763,2025-11-10,1030,P029,2,8.73
7455,2025-07-13,603,P028,2,15.47
9628,2025-07-19,859,P027,1,"33,77"
17457,2025-04-05,3053,P003,2,"19,59"
11952,2025-05-02,2548,P030,4,37.64
7867,2025-01-15,918,P031,3,"46,34"
909,2025-10-26,3621,P011,2,31.35
9331,2025-09-10,2909,P019,1,15.82
5519,2025-03-15,999999,P045,3,"32,59"
6736,10/03/2025,1963,P048,2,"11,61"
17524,2025-08-10,623,P007,2,23.80
1607,01/05/2025,3479,P035,1,"7,83"
3094,2025-04-18,1246,P016,2,25.32
13027,2025-10-10,119,P046,1,48.55
3436,2025-02-13,1442,P028,1,30.77
8172,12/10/2025,2748,P048,1,9.67
16919,2025-11-15,2592,P041,1,10.57
15109,07-18-2025,3348,P035,1,41.39
4831,2025-03-03,637,P046,1,18.63
1155,05-12-2025,2557,P013,1,"10,21"
8157,08-27-2025,859,P017,4,18.02
5510,11/08/2025,976,P006,1,56.78
11201,2025-04-25,940,P034,1,15.22
8043,2025-11-12,755,P047,3,28.94
9106,2025-12-27,999999,P044,2,"34,11"
2752,12-23-2025,969,P009,1,24.10
11284,2025-12-02,1443,P013,1,26.35
16171,2025-05-21,288,P040,2,35.56
9775,2025-12-26,2299,P007,2,"46,47"
14334,2025-09-29,4186,P040,1,"45,84"
12029,2025-07-24,3612,P046,1,36.76
17359,2025-12-03,2256,P025,2,16.30
7819,2025-07-18,3659,P010,2,27.04
17931,20/03/2025,1151,P021,,54.33
7273,30/01/2025,1169,P040,2,85.41
11218,04-17-2025,3177,P041,4,"9,84"
11373,06/12/2025,3460,P035,1,35.11
5181,2025-02-26,380,P026,2,"13,56"
16411,10/08/2025,99,P027,3,18.16
17351,2025-12-27,3798,P020,1,29.37
5307,2025-01-29,1791,P037,2,18.31
14583,2025-09-07,1583,P017,1,"41,05"
4631,2025-11-08,3676,P026,1,94.18
4142,2025-11-02,3497,P022,2,21.09
15939,2025-11-26,243,P011,2,15.46
6929,2025-10-21,1480,P001,1,84.73
1546,2025-05-30,1416,P014,1,25.04
9551,2025-08-29,1157,P037,1,"24,26"
13998,2025-06-02,1654,P022,1,"24,80"
2340,05-15-2025,1811,P005,2,"18,59"
5601,2025-01-22,1958,P012,3,23.25
13585,2025-01-16,4047,P006,1,21.58
17887,2025-01-26,2346,P033,1,65.89
13223,2025-05-20,3495,P002,3,"171,06"
14606,24/02/2025,2400,P012,4,"18,44"
12013,2025-07-06,296,P011,2,15.23
9500,01-24-2025,2267,P019,1,13.51
9442,25/05/2025,1690,P031,1,"73,55"
8248,2025-04-12,1890,P013,1,9.05
15337,2025-11-12,3268,P002,1,"24,17"
14199,2025-10-09,4190,P015,1,"17,56"
6686,2025-07-24,3999,P019,4,47.13
8904,17/03/2025,3758,P031,1,"16,41"
3724,20/06/2025,1353,P030,1,15.04
17871,2025-03-10,2866,P043,1,29.96
5918,2025-02-26,2248,P046,1,"12,80"
3149,2025-03-15,25,P028,1,"36,35"
17090,2025-05-18,609,P007,1,"21,15"
10814,06-09-2025,2074,P026,2,"16,74"
11725,2025-12-08,1443,P047,3,"17,05"
12485,2025-05-19,3410,P032,2,14.82
11508,2025-11-14,2337,P035,1,"34,62"
17337,2025-09-14,1509,P030,2,"39,44"
5672,2025-09-16,3190,P010,3,51.64
9652,2025-11-03,3476,P016,1,"35,46"
7977,2025-09-18,1128,P041,1,26.84
8773,03-03-2025,4057,P030,2,24.05
1799,24/10/2025,1618,P047,1,"11,11"
2859,2025-10-04,1636,P029,2,25.73
16468,2025-12-20,4060,P040,1,29.87
5112,29/03/2025,1801,P014,1,19.14
6079,2025-01-02,2008,P038,2,12.50
3992,2025-07-12,233,P028,1,46.21
7190,2025-08-29,74,P001,1,29.87
12827,2025-08-08,3666,P024,1,"8,60"
16752,2025-02-20,2605,P001,3,35.69
2649,2025-09-09,2248,P046,1,35.95
6907,13/03/2025,1018,P021,1,30.91
16890,2025-11-20,952,P047,3,15.59
12878,2025-03-06,3115,P018,1,62.62
14407,2025-12-16,2611,P027,1,12.35
17155,26/01/2025,3288,P021,1,36.36
16188,11/01/2025,752,P003,2,19.92
11547,16/04/2025,1240,P020,1,"30,62"
3850,28/06/2025,62,P014,1,"17,65"
10909,2025-11-21,1986,P014,1,"16,14"
14023,17/11/2025,3591,P034,3,17.14
10385,2025-04-06,1976,P009,1,28.80
14627,11-16-2025,3314,P004,2,57.55
15790,18/06/2025,1108,P037,1,27.45
15305,2025-07-22,215,P041,1,"39,96"
5895,04-03-2025,3404,P005,2,23.67
10900,12-12-2025,686,P044,1,11.13
9702,2025-11-11,2572,P014,1,13.96
7669,29/01/2025,3604,P036,2,8.75
16513,2025-07-25,219,P041,1,7.14
13629,2025-11-29,3017,P024,1,23.16
13104,2025-12-28,3788,P023,2,"8,91"
8343,2025-11-20,1506,P048,1,35.24
8729,2025-11-19,2678,P024,3,18.22
14196,30/03/2025,180,P033,1,21.92
15194,14/01/2025,3601,P001,1,13.50
17849,25/07/2025,2378,P023,1,"18,21"
7975,2025-06-10,1589,P002,2,35.58
1040,03-26-2025,1597,P006,1,"15,79"
5907,16/06/2025,1323,P036,1,"31,99"
813,2025-03-28,2363,P016,4,8.15
2433,29/09/2025,1351,P040,1,25.74
17669,25/04/2025,2725,P019,1,21.13
17026,2025-04-08,1509,P010,1,23.42
4403,2025-11-02,2799,P042,3,"11,12"
7923,12-06-2025,1984,P027,1,39.75
9017,2025-05-15,3224,P017,3,31.50
2611,10/05/2025,2706,P016,1,"14,69"
7849,2025-03-13,1017,P024,1,11.82
16072,12-20-2025,3186,P007,1,41.24
5868,2025-09-09,2329,P036,1,42.14
15406,2025-07-26,1974,P006,2,"28,00"
749,31/01/2025,2209,P009,1,"108,74"
9418,2025-06-13,999999,P033,2,32.19
12202,2025-06-03,792,P009,1,"34,59"
16344,2025-09-21,3699,P014,4,"48,77"
8501,2025-11-20,2896,P007,2,44.38
9276,2025-08-31,3712,P038,1,"39,50"
10716,2025-03-21,661,P032,3,"27,50"
10666,2025-02-22,483,P046,1,23.45
13293,2025-11-19,3806,P048,1,"19,98"
6804,12-02-2025,3622,P027,2,"7,75"
8739,12/06/2025,109,P003,1,25.78
6989,2025-10-18,1029,P025,,14.17
6663,2025-07-22,1197,P012,4,15.78
7816,08-03-2025,685,P031,2,"45,85"
15140,18/08/2025,2593,P044,1,75.19
16723,2025-06-08,2891,P017,2,8.19
231,23/06/2025,1941,P003,1,"27,21"
5690,14/10/2025,2229,P023,1,26.70
12987,2025-07-23,2108,P018,2,33.92
7667,22/04/2025,1650,P044,1,"29,03"
11139,2025-01-26,2110,P032,2,19.85
1100,2025-03-04,2884,P019,1,22.25
8558,07-08-2025,472,P014,3,19.67
11789,2025-05-16,2665,P011,1,"15,07"
5430,2025-05-17,3931,P025,4,3.95
5238,2025-09-16,778,P032,1,9.48
1395,2025-07-27,2273,P037,1,3.66
8389,2025-11-02,3283,P019,1,"55,90"
16390,28/07/2025,297,P018,2,21.47
8033,2025-06-08,914,P035,1,35.72
13827,11/10/2025,1839,P041,1,18.43
12468,2025-01-24,628,P017,1,"49,19"
16926,2025-09-27,2289,P040,3,"43,90"
4049,2025-12-06,2114,P011,1,22.69
8893,2025-10-30,1051,P016,1,27.20
2446,2025-10-31,3308,P039,2,30.42
14834,03-04-2025,402,P004,2,49.70
13120,24/04/2025,868,P039,1,26.50
4099,2025-09-24,1773,P014,1,62.09
14388,05/09/2025,3229,P023,1,"42,71"
14879,2025-08-27,700,P002,2,23.16
4612,12/07/2025,3890,P012,4,16.45
12235,08/09/2025,3075,P032,1,26.91
1073,04-13-2025,1324,P018,4,33.51
13690,2025-11-07,1388,P027,1,33.86
1452,23/04/2025,1363,P044,1,"12,15"
4567,2025-09-28,1193,P020,2,19.32
7470,05-09-2025,3461,P008,4,"37,37"
1333,2025-05-15,2790,P047,1,33.37
13645,2025-07-30,1588,P047,3,10.63
1525,25/12/2025,1655,P045,1,"5,09"
5528,2025-04-08,1675,P008,1,94.74
17382,29/05/2025,597,P042,1,"6,36"
12181,02/04/2025,3643,P008,2,44.43
3275,2025-01-13,1356,P022,2,26.76
14370,2025-07-01,3372,P031,2,45.26
13703,20/11/2025,3377,P028,1,31.67
1420,05-24-2025,1666,P022,2,16.92
14690,11/12/2025,3329,P019,1,30.56
930,07-10-2025,981,P018,1,"32,68"
14557,2025-11-20,2793,P007,1,9.89
7318,08/08/2025,2399,P044,1,44.77
10997,2025-08-29,1302,P033,1,15.22
10396,2025-09-24,3488,P015,1,37.26
13501,17/06/2025,825,P019,1,32.44
4809,2025-02-04,4160,P016,1,30.55
15457,11-06-2025,322,P041,1,"15,81"
3831,02/10/2025,1670,P016,2,43.76
4691,27/01/2025,1337,P036,2,16.91
8193,2025-09-06,1131,P007,1,"96,20"
11746,12/09/2025,2063,P029,1,"30,80"
6902,26/12/2025,2362,P031,2,"33,32"
572,2025-06-25,1454,P010,2,42.37
3519,11-01-2025,1682,P021,1,"63,89"
7057,2025-08-14,3564,P040,1,34.28
17897,2025-11-26,2377,P041,1,"39,17"
1432,30/11/2025,3001,P016,2,29.61
3802,2025-01-20,3181,P022,1,"57,02"
14228,11-18-2025,2403,P019,2,36.15
4408,2025-12-31,780,P010,1,20.92
3299,2025-02-03,4069,P007,2,29.54
15825,2025-03-03,1278,P038,1,6.44
14541,2025-03-02,2204,P014,2,43.37
1225,2025-04-20,3364,P041,1,27.67
13565,28/04/2025,2187,P025,1,14.03
12553,06-28-2025,4015,P045,1,25.85
12792,21/03/2025,2162,P016,1,38.63
3091,2025-03-04,219,P021,2,"28,43"
10570,2025-12-28,2508,P029,1,8.97
5546,2025-04-17,2338,P038,1,55.63
17678,2025-10-07,468,P041,1,"16,82"
16341,2025-05-30,863,P030,1,109.99
3586,2025-12-02,2419,P017,1,"42,25"
721,2025-03-02,3990,P002,1,46.90
7177,2025-10-12,1909,P033,3,96.36
15613,19/04/2025,3604,P035,4,29.68
15018,18/04/2025,4050,P006,2,15.58
7315,2025-11-05,243,P019,1,34.48
16569,2025-05-01,1921,P006,3,"34,85"
13036,18/12/2025,296,P029,1,"10,68"
3845,2025-05-30,1147,P014,-1,31.61
14346,08-09-2025,1714,P033,1,15.05
6598,21/04/2025,3417,P005,1,30.34
8023,2025-09-25,3591,P001,1,30.95
232,18/04/2025,3686,P013,1,17.03
479,02-04-2025,1456,P016,2,"53,01"
1953,2025-06-09,2517,P013,2,16.95
12590,22/10/2025,2972,P022,,10.46
7708,03/12/2025,4027,P027,1,"90,23"
12610,2025-02-07,1792,P017,2,13.54
8228,2025-11-20,1559,P022,2,38.64
4025,2025-10-22,3353,P002,1,"26,01"
8650,2025-06-30,2988,P039,2,39.88
11569,2025-08-05,2538,P014,2,26.09
13163,2025-12-13,1305,P030,1,"22,35"
6340,2025-07-23,922,P047,1,"21,59"
2059,20/12/2025,3001,P003,2,15.57
7365,2025-09-28,2059,P044,1,"55,26"
9005,2025-08-19,3485,P029,1,29.73
11263,28/01/2025,1373,P037,3,11.58
9048,2025-06-20,2550,P017,2,14.49
3307,08/02/2025,2039,P044,2,29.77
6690,11/02/2025,738,P004,1,"7,19"
9930,2025-05-13,48,P031,1,64.85
1204,2025-01-24,3928,P004,1,38.73
15088,2025-02-05,3295,P003,1,40.80
5132,2025-08-27,3542,P009,1,11.46
15827,2025-08-15,2587,P002,1,47.60
2922,05-28-2025,689,P047,2,"21,74"
9750,2025-02-16,3261,P011,1,38.23
9962,07/02/2025,3779,P014,2,33.72
17075,2025-09-02,735,P038,2,"32,12"
2915,10-28-2025,2694,P010,1,15.84
6360,12/12/2025,3579,P039,3,31.95
17811,08-12-2025,3788,P012,2,"5,94"
4623,2025-10-01,2733,P027,2,"34,47"
11742,2025-05-01,2396,P027,1,19.67
15687,2025-07-31,2678,P027,2,33.51
8896,2025-04-16,3709,P019,1,"72,52"
12002,02-05-2025,643,P007,1,70.82
7303,05-20-2025,654,P043,2,55.38
1283,28/03/2025,3188,P037,2,12.74
10448,17/07/2025,534,P022,2,"67,76"
9640,02-22-2025,2885,P039,2,"70,59"
8438,2025-08-01,180,P020,1,48.21
11965,12-13-2025,178,P041,1,"21,24"
2815,01/10/2025,1565,P022,1,36.18
5511,11/08/2025,389,P027,1,28.85
15959,2025-05-27,2581,P003,1,35.95
9237,10/08/2025,2858,P046,3,"18,47"
6189,2025-10-24,3256,P014,4,33.54
16769,2025-02-12,2034,P014,3,47.85
17908,09-01-2025,2393,P005,3,"41,81"
10107,12-09-2025,1969,P038,1,23.06
16551,2025-03-05,4186,P028,2,"34,80"
6408,2025-03-22,1673,P011,1,15.46
7325,2025-07-27,4104,P003,,"37,25"
7114,2025-03-04,1767,P045,1,29.47
5524,07/11/2025,3565,P037,2,21.10
4147,2025-08-26,3334,P009,2,27.75
6117,18/07/2025,4191,P003,1,36.14
8913,2025-05-21,2169,P035,1,"14,34"
17986,2025-06-23,2490,P014,1,"37,30"
11553,2025-02-13,1940,P036,1,"30,79"
1774,2025-08-06,2000,P037,-1,77.01
12965,2025-06-12,999999,P017,2,45.95
3437,25/12/2025,3347,P039,1,11.20
495,2025-01-26,2299,P007,4,"98,18"
9079,2025-04-13,1121,P031,1,"123,41"
8488,2025-06-12,2551,P033,1,16.26
5856,2025-10-07,1720,P033,2,20.61
9405,17/06/2025,2071,P001,1,24.91
6025,27/11/2025,3628,P047,4,9.77
17786,2025-10-27,3847,P033,1,31.10
15605,2025-08-06,806,P008,3,29.55
14293,03-25-2025,1325,P043,1,"39,17"
8048,2025-04-23,2542,P012,1,20.39
15137,19/07/2025,256,P048,1,48.09
57,2025-11-01,3815,P011,4,"19,94"
4020,2025-12-26,2464,P011,2,"18,49"
16823,2025-04-29,999999,P029,1,18.00
6680,2025-08-26,110,P004,2,"57,82"
13544,2025-09-26,3811,P001,1,"8,68"
15329,2025-06-01,570,P029,1,"73,25"
15387,2025-11-26,2594,P034,2,21.16
10941,2025-10-12,3710,P044,2,30.22
5859,01-19-2025,3407,P004,1,37.41
15416,2025-04-15,2940,P005,1,"19,22"
595,2025-04-13,3944,P005,1,15.22
7233,2025-06-13,1118,P033,1,56.28
2493,2025-06-21,853,P011,1,37.18
360,29/09/2025,3370,P045,2,35.97
8973,17/03/2025,2728,P044,2,50.81
4447,2025-08-31,3146,P016,1,86.07
13431,2025-08-17,2667,P021,1,"22,83"
16492,2025-10-11,3299,P032,2,51.50
705,29/01/2025,1004,P010,1,33.50
8482,2025-03-23,3051,P025,3,10.20
339,01/03/2025,3142,P029,4,17.26
4073,2025-03-27,4023,P019,3,7.19
1400,16/11/2025,1150,P021,1,13.19
10647,06/08/2025,2250,P020,1,12.40
5881,2025-07-26,3710,P030,1,38.92
12021,24/08/2025,2308,P026,1,16.09
2891,2025-06-28,1523,P031,1,23.78
17492,2025-10-07,65,P033,2,50.10
3262,27/07/2025,2071,P004,1,40.17
7472,2025-05-03,4075,P024,1,29.79
16585,2025-05-22,3374,P028,2,27.70
10137,17/12/2025,3815,P023,1,"7,50"
5535,2025-12-27,2089,P046,1,"16,09"
6842,2025-10-08,2334,P009,2,43.26
16590,2025-05-23,541,P029,1,32.63
2004,2025-07-31,2607,P001,2,42.12
935,2025-07-25,2169,P023,2,"50,49"
1816,01/12/2025,1485,P027,1,15.80
17494,2025-10-15,1657,P001,1,20.62
5638,18/01/2025,3612,P031,1,"28,23"
13920,29/05/2025,4078,P029,1,32.82
15917,2025-05-16,1235,P044,1,"29,02"
12222,2025-02-24,356,P041,1,"17,27"
16521,2025-03-01,728,P023,2,15.42
9453,07-11-2025,955,P038,1,"26,40"
14908,30/03/2025,425,P048,-1,58.00
12957,2025-04-27,639,P014,1,16.83
14297,10-10-2025,1078,P046,1,9.88
9433,2025-07-25,3026,P046,1,"17,09"
2080,2025-09-15,3267,P007,2,38.03
10489,03/02/2025,2368,P008,1,38.13
17809,2025-03-22,385,P014,1,44.68
7098,2025-08-21,3075,P037,1,25.56
3286,2025-05-12,119,P015,3,46.70
6084,21/04/2025,2979,P020,1,25.33
13107,03/09/2025,731,P009,2,26.94
1869,2025-07-27,2693,P009,4,"32,49"
13012,03/09/2025,433,P033,3,"31,41"
3540,2025-11-08,1995,P023,2,"98,21"
9226,04-10-2025,3532,P042,1,16.83
14462,2025-04-26,3865,P026,3,22.79
17878,2025-10-18,4076,P021,1,18.12
13414,2025-09-06,2276,P001,1,"36,43"
10380,2025-08-14,2809,P047,1,33.20
10964,2025-09-06,2953,P033,1,"12,32"
13272,18/07/2025,1540,P018,3,23.24
6569,2025-08-31,397,P036,1,20.04
12276,01-13-2025,2108,P026,2,56.00
5596,23/08/2025,51,P003,1,10.64
12278,12/02/2025,1953,P006,2,"17,82"
16357,2025-02-12,1347,P025,1,"33,59"
12924,05-20-2025,59,P002,1,"39,69"
1587,2025-09-18,3330,P032,1,8.39
8719,2025-04-22,3007,P031,-1,"22,78"
2074,10/10/2025,844,P009,3,"18,87"
1804,2025-07-29,3156,P001,1,26.14
3771,2025-03-15,2945,P043,2,"29,76"
17508,2025-04-21,2844,P048,1,"52,91"
5657,04/01/2025,3602,P032,2,8.06
17503,2025-05-04,3139,P019,1,46.23
2605,06-08-2025,514,P011,1,9.81
6138,2025-04-15,3595,P014,1,"18,53"
9006,26/02/2025,648,P031,1,"21,10"
11142,2025-10-19,1908,P028,1,45.43
11060,2025-02-17,3851,P006,2,17.79
8065,2025-11-27,2304,P041,2,16.20
2086,2025-09-07,1152,P004,,17.25
9361,2025-07-14,2807,P031,3,23.80
1,2025-01-17,276,P027,1,45.20
7393,11/06/2025,3463,P047,4,46.98
9327,2025-02-06,999999,P008,2,"73,78"
5114,2025-11-10,4123,P001,1,56.67
549,2025-10-30,3069,P035,1,17.32
1289,2025-08-02,2965,P025,1,"35,35"
13566,20/11/2025,2798,P040,1,24.00
4058,04/08/2025,2142,P039,3,"25,40"
10514,2025-12-03,2605,P024,1,28.74
2396,10-11-2025,548,P044,2,20.43
7311,2025-07-13,3946,P031,2,46.63
10795,2025-03-25,2198,P025,1,"33,07"
9496,2025-09-11,398,P019,2,18.43
8964,2025-08-27,2643,P042,1,42.36
2089,27/09/2025,2322,P015,1,"28,45"
5353,2025-10-28,4029,P013,4,34.13
5769,2025-04-08,1272,P001,1,77.59
16522,2025-07-22,1079,P028,3,32.76
2737,06-19-2025,2167,P048,1,31.68
15661,2025-07-08,3563,P041,1,"21,35"
8532,2025-04-08,406,P028,4,"11,53"
11157,22/11/2025,1539,P013,1,"59,91"
13270,2025-05-19,2449,P020,1,14.87
331,2025-09-06,2552,P038,,"97,00"
736,2025-02-28,3027,P021,2,13.46
5491,2025-03-04,4142,P046,2,31.80
6849,2025-02-08,2913,P011,1,34.18
1640,2025-11-14,3015,P016,1,"10,65"
4044,2025-05-21,1151,P021,1,"28,86"
13303,2025-01-09,3548,P034,3,34.53
15222,2025-03-24,3244,P010,1,12.79
1459,08-20-2025,2394,P005,2,9.31
7069,03-21-2025,1849,P028,1,27.20
12709,2025-10-25,3816,P013,1,"64,18"
7724,15/03/2025,365,P040,2,36.14
4952,2025-12-17,2367,P013,2,19.82
6847,2025-10-07,3718,P007,1,"17,76"
431,03/10/2025,1794,P026,3,"17,17"
6354,09/06/2025,3271,P045,1,33.95
3560,08/10/2025,3716,P001,1,"38,27"
14812,2025-12-10,1668,P012,3,18.88
8451,2025-06-18,3870,P017,3,37.29
8002,03/07/2025,1785,P025,1,30.16
4057,21/04/2025,2764,P044,1,25.30
16479,2025-11-15,44,P018,1,40.88
3732,2025-08-20,708,P044,2,45.19
740,01/05/2025,1916,P014,1,59.07
3505,04/09/2025,3175,P041,1,"66,17"
14901,2025-02-08,999999,P018,2,17.99
12963,2025-05-04,3852,P039,3,"29,66"
9562,2025-11-25,3668,P037,1,"29,62"
16855,2025-02-07,3475,P024,1,"13,95"
17646,19/11/2025,2360,P017,-1,48.74
5694,2025-03-15,1484,P028,3,15.27
2211,2025-03-09,1175,P029,1,46.15
4647,2025-02-18,3007,P017,1,49.14
5901,2025-03-27,999999,P026,1,"17,98"
10084,2025-04-14,2178,P039,1,"30,46"
11639,01-01-2025,2343,P010,2,24.68
4683,2025-03-29,1027,P022,1,36.40
10199,23/03/2025,264,P028,1,"13,32"
13054,05/03/2025,374,P003,1,"27,65"
6800,2025-11-10,754,P037,1,35.57
5055,2025-11-06,5,P008,1,37.35
16006,2025-07-16,2638,P036,2,52.00
4977,2025-12-06,1870,P008,1,14.55
3282,04-29-2025,3628,P019,2,53.41
8864,12/07/2025,3550,P045,1,"34,02"
2403,2025-04-19,1239,P010,1,"34,58"
6951,16/03/2025,3168,P021,2,50.45
16783,20/10/2025,3038,P039,2,10.37
1306,26/01/2025,1749,P025,3,24.42
5397,2025-11-10,387,P005,2,84.80
8066,07-14-2025,751,P019,1,19.73
14965,04-09-2025,3795,P038,-1,"38,33"
9159,2025-05-16,881,P028,1,39.25
11794,2025-11-19,2416,P024,1,"24,80"
12519,2025-06-22,1631,P039,2,"32,76"
1431,2025-09-20,999999,P018,2,95.12
13702,27/07/2025,1827,P047,2,63.72
14849,2025-10-10,748,P033,4,33.39
17228,2025-05-01,983,P017,1,21.67
8441,2025-03-14,3805,P032,2,46.23
6372,19/01/2025,1326,P028,1,39.59
5747,07-14-2025,2433,P025,1,39.91
16714,22/03/2025,112,P037,1,30.93
16892,21/03/2025,214,P013,1,64.78
15889,2025-11-03,783,P012,1,34.68
13639,01/09/2025,3762,P022,1,24.29
4868,2025-10-02,606,P045,1,61.51
15160,26/12/2025,965,P030,1,"85,55"
366,2025-09-27,3328,P003,3,17.43
11724,2025-12-12,2363,P042,1,8.78
6260,2025-07-24,185,P013,1,14.10
11333,2025-08-21,680,P008,1,19.58
11941,2025-03-15,1963,P010,1,13.11
11391,2025-04-17,545,P039,1,"23,36"
13727,2025-11-05,1535,P013,1,"38,68"
6232,2025-05-30,2149,P021,2,"28,87"
3175,2025-10-05,4010,P024,2,9.57
4655,24/04/2025,496,P006,1,31.61
13138,19/04/2025,1160,P031,1,"67,17"
17668,2025-12-16,839,P017,1,"105,40"
11505,2025-10-06,4031,P026,1,21.48
689,2025-05-09,2095,P032,2,23.46
13437,07/05/2025,2582,P018,2,71.39
15644,2025-08-14,2278,P022,2,24.21
17558,23/01/2025,1508,P003,1,54.21
175,01/03/2025,1441,P047,4,16.20
14984,01-08-2025,176,P032,2,"28,94"
17014,2025-01-26,1307,P005,1,"25,35"
12583,2025-12-24,941,P047,,41.92
10536,01/09/2025,3205,P026,2,"70,60"
2954,2025-05-24,2048,P021,1,"29,80"
14093,08/12/2025,1941,P023,1,31.12
14272,2025-11-22,3772,P010,1,"8,24"
1264,2025-12-07,2403,P011,1,47.32
8407,2025-07-31,3959,P020,1,22.38
3923,10-20-2025,2936,P041,1,71.93
5374,2025-12-09,3358,P019,1,16.95
3374,10/09/2025,1295,P029,1,103.65
3337,2025-03-13,2221,P034,2,39.39
11976,2025-05-28,128,P041,1,17.20
3528,04/07/2025,1640,P027,1,15.63
11412,12-17-2025,2122,P027,2,22.62
10903,04-09-2025,2114,P046,3,6.75
17414,2025-02-20,2668,P044,1,51.06
438,29/01/2025,3109,P033,1,48.08
12569,2025-04-02,4160,P008,1,46.57
2588,29/07/2025,1129,P027,1,"23,89"
3909,2025-01-11,273,P035,4,"39,82"
14562,2025-03-11,1022,P026,1,"16,79"
3297,2025-03-05,3254,P018,2,12.28
14529,07-13-2025,504,P018,2,"16,26"
13533,06-23-2025,1884,P044,3,"12,93"
11772,03/12/2025,2626,P040,1,40.12
13354,2025-07-24,1269,P033,3,"37,46"
13463,2025-05-08,769,P022,1,"20,72"
11066,10/02/2025,2422,P031,1,12.89
14375,02-25-2025,1589,P001,-1,"9,60"
2115,2025-06-21,1704,P043,1,14.82
5826,08/12/2025,1817,P031,2,49.29
4587,2025-12-14,3087,P021,1,"11,99"
22,19/08/2025,1710,P031,1,33.96
4648,2025-11-12,1096,P008,1,19.38
16538,2025-04-21,461,P029,3,3.62
17601,2025-01-27,305,P024,4,31.08
4195,22/01/2025,1892,P047,1,27.22
14988,2025-08-15,3262,P022,2,30.97
10540,06/01/2025,3666,P038,,"24,30"
316,29/11/2025,960,P008,1,39.46
1309,27/09/2025,1806,P022,-1,20.45
16018,2025-08-23,2478,P026,3,15.67
3922,2025-02-18,2376,P048,2,56.06
11259,2025-06-08,1076,P009,3,27.97
14933,2025-05-10,2595,P025,1,38.13
4499,07/07/2025,3625,P008,1,14.58
491,03-02-2025,3842,P026,2,"23,18"
2368,2025-12-21,857,P046,1,"19,82"
15940,31/05/2025,2343,P002,3,"9,73"
15830,2025-02-21,885,P035,1,63.48
4529,2025-10-16,1896,P019,1,"55,96"
8378,24/01/2025,3834,P036,1,18.82
13599,2025-01-06,999999,P019,1,9.59
2056,2025-08-29,1752,P006,1,24.62
17760,06-04-2025,1332,P010,3,24.15
8346,02/12/2025,1669,P001,1,20.39
15467,2025-08-05,1891,P023,1,22.42
10177,07/09/2025,3706,P008,1,"42,19"
478,2025-01-24,124,P030,1,36.02
4173,30/04/2025,1272,P012,1,119.85
4035,10-30-2025,1937,P025,2,32.44
12699,08/05/2025,115,P024,1,"19,30"
15709,2025-01-17,2922,P013,1,25.54
13380,2025-10-16,3071,P048,1,"34,87"
7504,2025-05-06,608,P039,1,19.93
12186,2025-09-17,4124,P022,2,17.61
17985,06-10-2025,571,P009,3,11.35
4845,2025-04-17,3697,P033,4,"57,18"
1773,05/02/2025,1030,P019,1,"24,75"
14101,08-10-2025,2505,P025,4,60.19
17636,09/03/2025,1658,P016,1,"21,87"
10329,2025-12-01,202,P003,2,"20,92"
15284,2025-02-24,1187,P019,2,29.15
17652,16/12/2025,1413,P015,1,51.27
5305,2025-09-16,1958,P011,4,"21,69"
6843,14/10/2025,2056,P002,1,10.32
3417,2025-06-16,3154,P007,4,19.74
4722,2025-01-25,3452,P019,1,"14,22"
7118,2025-01-04,2040,P012,1,12.14
15298,2025-08-03,2104,P018,3,"27,96"
666,16/01/2025,1356,P015,1,89.19
13843,04/05/2025,2003,P028,-1,56.44
200,14/11/2025,1101,P002,2,33.30
8639,2025-08-06,2518,P018,3,14.03
12990,09-30-2025,1090,P008,1,33.14
2909,06-02-2025,3555,P010,2,22.98
14874,2025-04-02,1585,P037,2,"29,70"
10661,30/05/2025,152,P005,1,"33,72"
12445,2025-06-02,800,P023,2,47.57
4435,24/11/2025,860,P020,3,24.63
3651,2025-06-13,2560,P034,2,21.78
10469,2025-10-01,999999,P016,1,26.89
5142,26/03/2025,1534,P027,1,10.63
692,2025-11-03,3286,P017,1,"54,61"
2813,2025-04-23,2643,P007,1,"8,62"
9668,14/03/2025,577,P032,3,17.54
5121,21/06/2025,2762,P017,1,17.72
17748,2025-01-19,2068,P005,1,46.03
2410,2025-06-21,4119,P001,1,33.61
10211,2025-12-09,967,P009,1,"24,63"
10183,04-26-2025,3225,P018,2,33.22
1250,09-26-2025,1089,P018,2,"16,12"
17026,2025-04-08,1509,P010,1,23.42
7941,2025-02-23,1047,P040,1,17.14
11841,05/12/2025,1952,P045,1,48.66
15702,09/10/2025,1725,P007,1,"81,46"
8699,2025-12-16,1093,P003,1,"22,21"
6679,2025-12-11,838,P029,1,24.38
11769,2025-08-21,1021,P047,1,"25,39"
15773,2025-01-02,2568,P012,2,27.58
15316,2025-05-28,3745,P011,1,34.06
1266,2025-06-11,3398,P017,1,"7,46"
12442,2025-01-18,2400,P007,1,15.89
4203,16/05/2025,2883,P006,3,20.15
3098,2025-07-15,3672,P017,4,"26,68"
11169,2025-06-03,1076,P013,1,20.65
11542,2025-10-11,1360,P036,1,17.25
11778,2025-01-27,3588,P008,1,62.59
2466,2025-01-06,2750,P029,1,39.71
6958,09/05/2025,1267,P043,1,18.78
9982,2025-01-29,1508,P033,2,11.74
9316,2025-08-17,1631,P021,2,"14,00"
1462,2025-10-18,92,P045,2,18.46
14978,2025-01-11,323,P038,1,9.78
8513,2025-11-25,3574,P021,1,54.65
17443,2025-03-21,4056,P045,1,20.66
5614,2025-03-06,2284,P047,1,52.79
14620,11/06/2025,984,P007,1,34.25
11470,2025-10-19,3650,P001,3,11.78
7430,2025-04-09,532,P020,1,"13,80"
1263,22/04/2025,153,P031,1,57.37
6924,03/09/2025,2494,P046,1,32.19
7167,2025-03-14,1260,P010,,"21,74"
7880,2025-10-14,3543,P013,2,20.17
27,2025-03-07,4002,P004,1,10.34
9333,11/03/2025,3622,P021,1,33.34
17838,2025-09-24,999999,P002,2,39.31
17419,2025-07-13,1377,P011,1,26.50
13799,2025-05-19,1578,P016,2,"6,40"
9771,06-16-2025,1994,P039,2,12.34
17575,30/03/2025,3366,P027,2,"58,65"
9240,02/12/2025,4035,P048,1,30.09
8701,2025-03-05,1449,P036,1,"31,32"
6229,2025-03-13,1562,P015,2,30.86
2631,2025-09-14,512,P042,2,53.37
17594,2025-01-02,3119,P019,2,"16,45"
10227,2025-06-10,2096,P042,2,"30,44"
12291,2025-05-08,49,P025,3,27.73
1129,2025-08-02,260,P010,-1,"27,23"
14943,2025-12-31,728,P011,1,23.30
1124,2025-10-03,3917,P015,1,15.65
12714,2025-10-12,1567,P047,1,28.26
3336,18/09/2025,4029,P041,2,34.07
6364,12-31-2025,4053,P008,2,28.33
11019,2025-11-11,409,P020,1,64.31
8223,2025-07-24,3857,P008,2,"16,98"
2885,2025-07-05,2642,P035,2,11.40
17874,24/09/2025,2844,P018,1,43.56
2825,2025-01-15,1247,P023,1,24.00
6932,2025-06-25,1421,P026,2,18.26
1470,2025-03-10,1896,P002,2,18.58
7152,27/12/2025,302,P033,1,19.18
10273,10/06/2025,1355,P024,1,"71,86"
11785,2025-03-10,1536,P048,3,"18,06"
6446,2025-07-13,3073,P022,1,20.65
13716,2025-06-13,3409,P006,1,45.79
7369,11-28-2025,2870,P040,2,37.37
17329,2025-01-22,2159,P030,1,25.18
4186,19/06/2025,2947,P047,1,75.41
12761,01/07/2025,3223,P014,1,"29,36"
10850,2025-10-07,3319,P035,2,36.26
10786,06-23-2025,2861,P020,2,"12,62"
16113,2025-12-27,298,P045,-1,"70,16"
11687,2025-10-31,564,P003,1,10.49
10768,2025-07-10,2268,P007,1,6.82
2049,13/10/2025,1162,P017,2,17.54
15618,2025-07-17,3045,P004,1,30.70
10793,2025-11-13,1246,P021,1,23.96
8738,2025-11-03,1092,P022,1,47.59
4467,2025-12-15,1227,P045,1,"16,31"
9064,2025-03-16,3689,P047,4,20.72
9099,20/12/2025,3819,P039,2,52.97
15123,2025-12-27,239,P017,1,3.82
11176,2025-10-01,1908,P016,1,74.84
11436,02-17-2025,1949,P015,1,27.89
12196,2025-01-19,3843,P046,1,"152,25"
2473,06-08-2025,1838,P015,1,60.71
13242,2025-06-13,655,P019,1,18.67
15546,2025-11-25,1444,P011,1,88.76
17825,2025-04-15,2484,P032,3,"70,99"
12819,30/12/2025,1195,P007,1,68.06
5977,2025-08-29,3358,P006,1,9.32
11635,16/12/2025,3328,P009,2,29.79
4855,2025-01-22,1279,P039,3,"11,13"
1656,2025-02-01,1358,P042,2,"78,28"
3791,2025-10-12,3569,P020,4,27.34
5899,2025-07-06,2360,P035,1,8.94
11718,21/02/2025,3343,P024,3,"18,07"
7128,2025-07-21,245,P041,4,29.07
8778,2025-04-23,3507,P021,3,31.40
3939,20/06/2025,999999,P040,4,24.57
1110,2025-03-03,3128,P016,1,19.23
2416,21/08/2025,2281,P001,1,96.94
15766,04-25-2025,999999,P030,1,38.19
8694,2025-10-12,646,P029,2,"22,78"
1267,10/10/2025,163,P003,1,"15,40"
16550,2025-07-18,69,P018,1,55.83
8089,2025-11-28,3251,P037,1,40.69
6621,01/07/2025,2846,P024,1,"102,48"
17302,05-26-2025,1532,P036,3,"53,71"
14184,2025-02-06,1454,P041,1,28.31
13564,2025-03-18,2571,P010,1,"27,91"
7295,16/02/2025,1645,P018,1,41.37
12650,07/11/2025,4199,P013,1,45.05
1354,2025-05-09,3587,P026,1,38.02
1570,2025-10-27,52,P037,1,6.53
2656,2025-04-04,945,P042,1,30.09
5089,2025-02-27,907,P048,1,25.49
13754,2025-04-04,3865,P017,1,31.45
15053,09-13-2025,2225,P007,1,"30,16"
13706,2025-07-09,3222,P039,1,"28,32"
17610,26/01/2025,1942,P025,1,56.08
17928,10/01/2025,13,P007,1,55.73
10055,24/01/2025,3647,P005,2,"9,45"
3093,2025-01-24,2980,P013,1,"32,60"
3410,2025-05-02,880,P026,1,"44,98"
15434,2025-05-29,317,P018,2,"64,70"
9452,17/05/2025,782,P029,1,19.93
12773,26/09/2025,2845,P005,1,35.16
2214,2025-04-29,533,P024,1,17.43
496,25/10/2025,2071,P008,1,"33,57"
14918,30/08/2025,1200,P024,2,"18,95"
17461,2025-04-21,172,P007,1,76.91
15383,2025-01-21,1259,P009,1,19.63
458,2025-05-28,3691,P045,1,14.41
7531,06-12-2025,3745,P045,2,61.81
15048,2025-08-27,1894,P014,1,23.40
3140,2025-12-30,3467,P008,1,35.81
2897,2025-12-16,4,P043,1,"26,72"
3588,2025-10-22,1311,P005,1,"8,70"
6837,05-17-2025,2192,P030,1,"90,00"
10194,2025-06-03,947,P019,1,62.80
9303,02/07/2025,497,P002,1,39.07
10702,2025-12-09,67,P042,1,46.00
7909,19/06/2025,3188,P021,1,"25,60"
17239,2025-01-25,1956,P038,1,"6,09"
4171,2025-07-31,1913,P006,1,29.99
2752,12-23-2025,969,P009,1,24.10
3027,2025-09-12,3301,P005,1,30.57
7547,2025-05-07,799,P043,1,28.73
10991,22/05/2025,3345,P043,2,"31,26"
6242,2025-10-30,3457,P032,1,15.76
3718,11-15-2025,3863,P023,1,43.17
7414,14/06/2025,3575,P041,2,17.84
14739,2025-03-14,2039,P018,1,17.84
8522,25/11/2025,3898,P001,1,34.51
11507,2025-07-22,1045,P021,2,48.23
17963,17/10/2025,721,P021,1,54.01
15706,10-23-2025,3207,P038,2,23.35
8372,2025-11-01,123,P041,1,8.47
25,09/05/2025,1779,P023,1,49.38
4459,2025-06-14,3901,P005,1,"30,21"
6100,2025-03-01,1439,P035,1,"12,04"
14455,2025-03-05,112,P019,1,"51,27"
3357,2025-07-30,3719,P020,2,"29,31"
3,2025-08-31,3018,P034,1,26.50
8022,12-05-2025,3527,P016,3,17.19
9262,2025-05-22,1110,P035,1,22.17
2906,02-07-2025,2156,P016,1,12.45
16915,23/04/2025,1566,P034,4,47.79
4793,2025-09-24,2219,P011,3,20.24
497,11-24-2025,3494,P039,1,14.18
9174,2025-06-21,2594,P037,2,23.45
10436,29/09/2025,2476,P038,1,34.75
11107,2025-01-10,328,P007,2,16.71
4739,2025-09-10,2473,P027,1,263.02
11133,2025-04-05,2358,P042,1,47.41
14099,2025-12-06,99,P014,2,"43,26"
11097,28/09/2025,1026,P040,3,"16,86"
14001,29/11/2025,176,P005,3,35.43
7726,28/05/2025,2387,P018,1,65.42
11793,2025-12-23,2817,P048,2,20.19
13714,2025-02-26,3089,P038,1,"33,17"
14046,28/08/2025,4198,P047,3,24.74
6657,2025-11-21,3364,P040,1,16.05
13514,11/09/2025,3729,P008,1,5.93
16112,2025-04-08,799,P035,1,21.20
7151,2025-03-18,3922,P004,1,76.59
16582,28/09/2025,1146,P046,1,27.73
7736,2025-08-25,2880,P041,1,"46,54"
12114,05/09/2025,1378,P023,1,"62,20"
3133,2025-03-12,2755,P007,2,54.10
7610,2025-01-01,2546,P027,1,14.52
11485,09-10-2025,3894,P048,1,65.94
8281,2025-02-08,1804,P048,1,76.21
3634,2025-10-13,70,P005,2,"23,21"
9603,2025-05-23,192,P015,1,16.05
13255,23/04/2025,726,P009,3,"17,32"
13248,2025-08-29,4109,P029,1,"28,91"
3031,2025-01-17,335,P031,1,77.36
13781,2025-06-02,852,P045,1,"41,89"
8988,2025-10-11,388,P006,2,34.68
5897,2025-04-24,98,P047,3,"16,96"
12185,13/08/2025,336,P021,1,36.04
8763,25/05/2025,3283,P004,2,9.13
12826,06-30-2025,2280,P032,3,"26,91"
10045,2025-11-18,390,P014,3,"6,77"
9529,21/09/2025,2954,P018,2,"37,84"
17099,2025-07-15,3028,P030,1,26.44
15040,2025-01-28,1331,P016,2,37.19
8617,28/09/2025,575,P017,2,25.41
9921,2025-08-06,1403,P020,1,47.18
4669,2025-01-27,2784,P018,3,33.11
14939,2025-06-02,255,P019,1,"34,32"
10439,11/09/2025,3884,P015,2,"7,70"
15916,14/11/2025,1525,P027,1,118.48
9140,17/05/2025,3906,P002,1,22.35
16734,2025-03-10,2655,P041,4,28.21
4568,2025-03-20,1721,P047,4,12.07
1270,2025-08-12,3542,P008,1,12.43
8031,2025-04-09,999999,P003,1,"35,78"
5782,2025-04-11,1468,P015,3,39.74
2171,2025-09-01,999999,P042,2,46.69
3844,20/08/2025,1762,P032,2,8.64
12703,26/09/2025,2807,P044,1,31.37
2107,2025-02-13,2488,P006,1,38.86
10800,20/12/2025,1298,P022,3,"36,24"
7174,2025-04-06,1667,P046,3,18.28
16439,2025-04-15,2494,P014,2,12.56
3318,09-12-2025,3682,P047,1,11.79
10996,2025-02-03,2861,P030,1,"17,18"
2055,2025-06-25,3404,P001,1,17.41
2123,2025-06-13,4198,P032,2,38.44
12623,2025-08-21,1199,P041,1,"24,66"
5056,2025-09-13,712,P047,2,21.19
6262,2025-09-15,3774,P042,1,"10,57"
10939,2025-06-06,295,P025,1,17.05
14430,09/07/2025,1329,P007,1,"40,72"
14450,2025-06-22,970,P027,1,76.99
11344,12-12-2025,1874,P008,2,"9,68"
9345,2025-11-17,1846,P042,2,"6,03"
15412,05/04/2025,3383,P028,2,"62,89"
1457,18/02/2025,1612,P021,1,46.17
3369,29/06/2025,333,P032,2,"22,00"
2553,2025-04-16,2222,P016,2,"42,14"
13631,07/12/2025,4159,P043,3,"28,64"
8158,20/08/2025,1327,P034,1,37.17
5839,2025-03-30,3128,P034,-1,"21,27"
3068,2025-09-16,2041,P014,2,"121,09"
13859,2025-01-06,13,P036,2,11.31
16789,2025-02-06,2202,P037,3,"26,10"
8413,2025-12-15,350,P019,3,"70,63"
17062,11-27-2025,1980,P042,3,31.09
13331,2025-08-19,2764,P012,4,19.08
9221,2025-02-18,2776,P030,1,"24,73"
8529,29/06/2025,3245,P015,1,83.51
11818,01-01-2025,2751,P010,4,30.12
4402,03-29-2025,4191,P048,2,41.89
15084,11-23-2025,3836,P018,2,24.47
10267,2025-10-28,2027,P027,1,44.23
13561,05/12/2025,423,P030,1,50.76
17027,2025-11-16,1743,P015,1,73.09
7237,28/10/2025,48,P027,1,29.95
15653,2025-07-16,1021,P022,1,19.47
5869,2025-08-28,1770,P001,1,28.04
14936,10/09/2025,3604,P021,-1,"65,31"
24,2025-11-17,2728,P028,1,39.69
13160,2025-06-26,3792,P005,1,15.07
5289,2025-11-07,2210,P014,1,"40,22"
4494,17/12/2025,3242,P025,1,48.10
6000,2025-11-10,387,P022,1,32.27
10874,09-27-2025,1703,P007,2,60.86
7133,2025-10-25,2607,P017,1,36.42
17005,2025-03-07,1034,P026,1,36.74
5854,27/06/2025,69,P032,,57.95
14779,06-09-2025,1434,P020,1,22.56
3363,2025-09-06,483,P009,1,"6,81"
11090,14/06/2025,2590,P023,1,16.42
12613,2025-08-22,1448,P027,2,15.36
7937,2025-09-02,2767,P039,2,"22,72"
8017,16/06/2025,1128,P027,1,19.90
17428,2025-03-17,4004,P038,1,"14,77"
15960,01-17-2025,1550,P004,1,"26,92"
239,2025-11-22,2912,P006,1,24.37
4732,2025-05-22,1057,P032,2,"24,01"
6487,05/04/2025,3148,P028,2,24.54
289,2025-08-29,2151,P016,1,34.35
12732,09/10/2025,3051,P019,1,18.56
16162,25/11/2025,1893,P015,1,30.41
8954,2025-08-30,2067,P034,1,8.50
16214,15/10/2025,921,P004,1,47.50
12513,04-20-2025,999999,P004,3,28.67
17264,06/02/2025,385,P032,3,"23,79"
2063,26/12/2025,3514,P045,1,"98,73"
1358,2025-06-03,307,P044,,11.22
3151,2025-05-26,2056,P013,3,38.58
6355,11-29-2025,3763,P027,1,37.88
9903,2025-01-15,2655,P042,1,31.71
9806,12/02/2025,524,P025,1,"52,36"
907,04-15-2025,3036,P007,1,"34,64"
13040,2025-05-03,2684,P031,3,72.72
1000,07/01/2025,730,P046,4,57.78
5727,30/07/2025,3513,P046,3,14.29
13879,08/11/2025,1913,P018,1,"20,42"
5682,2025-03-27,1796,P048,2,44.22
1175,03/11/2025,80,P045,1,48.67
7662,2025-03-18,3728,P015,1,17.38
14168,16/08/2025,3917,P033,1,21.26
9886,05-19-2025,3035,P004,2,47.94
12740,21/02/2025,2107,P045,1,32.74
6239,09-19-2025,562,P042,1,38.54
10151,2025-02-22,1044,P036,3,32.29
13669,2025-11-02,3962,P018,1,14.17
17245,23/07/2025,3503,P009,3,"20,28"
14908,30/03/2025,425,P048,-1,58.00
11109,11-03-2025,416,P014,1,26.91
11812,2025-08-09,999999,P031,1,"19,65"
8783,10-23-2025,2102,P042,3,31.70
7830,07-31-2025,2428,P025,3,55.05
15255,2025-03-15,4021,P030,3,"20,53"
16838,2025-08-10,2448,P035,1,31.00
4383,27/07/2025,999999,P035,2,"19,14"
6516,2025-09-01,227,P007,1,41.82
14202,2025-07-28,3116,P025,1,"39,92"
14158,22/09/2025,3165,P033,2,13.74
11630,2025-04-17,1541,P023,1,17.07
3873,2025-08-16,228,P022,3,15.72
14774,16/10/2025,1326,P027,3,"13,71"
17365,11-05-2025,613,P015,1,17.84
3305,2025-03-04,2990,P015,1,"18,36"
421,2025-08-03,3112,P034,1,"25,78"
17408,22/10/2025,2393,P029,1,57.61
9606,2025-01-11,892,P026,3,26.88
5140,12-10-2025,1523,P039,1,35.43
10543,2025-09-29,567,P011,1,38.72
5105,2025-03-31,1197,P027,1,72.44
7337,16/01/2025,473,P027,1,"77,89"
1702,2025-10-31,1965,P016,1,39.22
6915,2025-06-17,238,P012,2,16.44
12434,2025-10-28,1182,P008,1,31.32
4122,10-18-2025,153,P020,2,35.01
1622,10/01/2025,1163,P034,1,12.38
760,2025-01-07,1796,P014,2,65.48
1092,2025-10-17,402,P016,1,23.34
3672,10/01/2025,2356,P021,1,14.54
1576,2025-05-01,2188,P032,1,30.23
6950,2025-04-18,1282,P022,1,84.20
13711,14/06/2025,1521,P037,2,28.90
17483,2025-05-27,4189,P039,1,64.32
13893,26/08/2025,124,P033,2,12.53
15746,2025-07-09,1816,P039,1,15.19
4201,25/11/2025,530,P048,1,13.80
5575,07/05/2025,938,P016,2,36.36
7560,25/07/2025,2059,P010,2,17.94
5555,30/07/2025,2062,P032,1,21.94
14342,2025-11-16,2480,P002,4,37.85
570,2025-08-29,1910,P014,1,17.73
4533,2025-03-29,592,P038,3,14.48
7012,10-21-2025,3960,P005,,"32,12"
5965,08-26-2025,2220,P044,1,22.67
16897,31/10/2025,2068,P022,2,14.13
481,2025-09-28,1919,P001,4,35.42
6099,2025-12-03,1450,P004,2,43.25
10201,2025-07-20,1879,P029,1,"41,25"
15975,25/08/2025,3456,P014,1,10.95
2967,2025-05-24,3005,P017,1,49.71
7802,2025-10-24,324,P021,2,55.92
4755,12-02-2025,1510,P026,1,"27,66"
8220,20/05/2025,3292,P008,1,13.89
3997,2025-02-09,2739,P018,3,"8,81"
11540,2025-12-07,101,P024,1,28.68
4758,2025-05-05,1591,P019,2,66.53
5012,2025-03-18,2063,P046,1,"19,37"
4684,2025-01-11,2276,P043,2,17.04
3594,2025-02-22,582,P042,3,24.40
7623,2025-02-09,2771,P036,3,34.39
1031,2025-10-01,2294,P020,4,27.93
12499,2025-01-29,2826,P002,2,20.89
11538,2025-09-23,3750,P043,1,101.20
1768,2025-07-30,2191,P007,1,9.63
10988,2025-09-27,4164,P035,1,"23,13"
8030,12-23-2025,1877,P037,1,19.29
5207,2025-01-28,4138,P015,2,17.00
10315,29/03/2025,139,P043,3,59.10
10311,2025-11-02,999999,P040,2,36.16
11475,2025-02-05,2119,P015,1,19.30
8790,2025-08-09,1466,P031,3,57.96
6405,17/12/2025,2255,P015,4,"25,01"
17124,2025-04-15,2062,P019,1,"28,50"
2796,2025-08-28,2108,P043,2,51.11
10451,2025-02-26,4040,P038,1,"25,20"
13126,03-01-2025,608,P024,2,31.66
10645,17/06/2025,2663,P035,1,"99,97"
4088,04-14-2025,1005,P004,1,24.76
10895,2025-08-01,723,P041,2,"24,87"
2111,2025-01-08,471,P043,2,21.19
6088,02/05/2025,3146,P032,1,16.62
1634,2025-11-30,3685,P039,1,46.69
8572,2025-02-27,3158,P006,2,38.43
8113,08/05/2025,2774,P014,1,9.31
5027,08/09/2025,191,P018,1,26.94
2278,26/06/2025,293,P015,1,"18,60"
2726,2025-03-02,3861,P030,1,41.33
1669,08-06-2025,3637,P029,2,17.19
6927,2025-02-14,2445,P004,3,"59,58"
10859,23/12/2025,3764,P039,2,"19,91"
4107,2025-01-06,3449,P009,1,50.86
1279,2025-11-28,3963,P033,2,29.80
15819,2025-01-02,2750,P016,1,8.80
3346,2025-10-17,593,P048,-1,88.92
9660,2025-03-07,401,P009,3,41.56
1356,2025-03-31,1666,P022,3,43.02
4436,25/11/2025,993,P001,1,34.09
220,05/05/2025,2047,P031,2,18.99
10233,2025-06-25,414,P001,1,12.77
14339,2025-12-02,3535,P025,1,13.94
14917,2025-04-20,2664,P008,4,27.52
10931,02/11/2025,4052,P013,2,45.43
14663,21/11/2025,3826,P011,1,27.49
6240,2025-12-11,2460,P016,1,"33,14"
7068,2025-12-30,1688,P011,1,30.09
11733,2025-04-26,1904,P017,1,29.47
13997,2025-08-21,2618,P003,1,14.00
17212,2025-01-30,3290,P020,1,37.50
485,06-02-2025,2899,P026,1,30.60
4553,2025-12-10,42,P040,3,"8,01"
14924,2025-07-22,1663,P004,3,"17,14"
16965,2025-10-01,3111,P026,1,24.07
15811,2025-10-26,579,P024,1,"12,08"
12335,10/08/2025,1116,P013,1,58.25
5605,2025-04-30,3913,P004,3,16.32
1629,2025-10-23,2116,P016,1,79.72
13680,2025-12-14,1439,P017,,24.66
2701,2025-12-18,233,P037,1,"27,09"
17396,09/03/2025,1654,P009,1,37.46
10566,08/04/2025,347,P006,4,36.13
15362,2025-03-15,3919,P031,1,"40,91"
14894,2025-10-25,1752,P040,1,24.09
11447,08-18-2025,3327,P033,1,"23,85"
1739,01-31-2025,292,P019,1,49.44
4699,2025-11-02,2424,P017,1,17.89
17604,2025-06-20,2691,P036,2,"66,15"
10100,16/03/2025,2522,P048,2,19.55
13893,26/08/2025,124,P033,2,12.53
17805,2025-03-28,1958,P048,1,56.35
7292,2025-09-22,38,P014,2,23.86
16818,2025-03-20,725,P039,2,35.22
3139,2025-06-24,1040,P009,2,50.99
8713,2025-12-25,4077,P041,1,"92,84"
14200,2025-03-20,1802,P043,1,33.79
14447,2025-03-12,1955,P025,2,13.55
16174,2025-02-12,2594,P033,1,23.46
13271,12/12/2025,2934,P016,1,"56,63"
11217,2025-07-18,260,P042,1,26.29
2232,22/09/2025,1566,P047,2,15.92
6760,22/04/2025,550,P043,1,23.09
11381,04-24-2025,1559,P006,1,62.62
7063,04/07/2025,803,P011,2,22.79
10185,2025-11-07,1665,P021,1,"17,09"
3699,2025-12-15,396,P042,3,20.74
8766,2025-01-10,50,P040,1,16.55
7030,2025-05-05,3338,P044,1,56.24
7775,2025-05-13,1614,P011,1,"18,55"
3980,2025-06-14,3268,P040,1,11.46
4019,04-02-2025,999999,P023,3,22.00
796,2025-02-12,4074,P041,1,29.20
5231,07-17-2025,2546,P023,1,19.09
7013,06/04/2025,2925,P023,1,"10,78"
12254,10-24-2025,1781,P010,2,"47,52"
1647,08/05/2025,2620,P024,1,18.90
14841,02/05/2025,3658,P046,1,"34,90"
7281,07-27-2025,3367,P029,1,21.03
838,12-16-2025,3035,P048,1,"12,13"
6009,2025-11-03,4030,P015,2,67.09
12449,2025-09-01,472,P025,2,18.34
15925,15/03/2025,1835,P002,1,"32,70"
5161,06/03/2025,3375,P011,2,15.97
4177,20/02/2025,1002,P010,1,"96,25"
12074,2025-09-26,283,P037,1,11.15
11477,2025-11-14,1863,P033,1,49.87
9902,02-11-2025,2730,P009,3,"11,85"
12557,10-08-2025,2836,P012,2,15.13
10613,03/06/2025,1922,P048,1,23.26
2555,2025-08-17,2795,P045,1,18.34
6416,2025-02-25,999999,P048,2,34.71
14371,2025-04-29,4050,P046,1,47.89
16317,2025-06-29,73,P010,1,"67,33"
14000,2025-07-29,1297,P011,1,"42,40"
6813,2025-06-07,3134,P001,1,18.53
3646,02-02-2025,1899,P031,1,59.47
10894,2025-07-18,877,P001,2,"32,61"
13391,2025-02-11,3207,P027,4,20.17
5598,2025-05-20,930,P011,1,"30,41"
17240,2025-10-19,3276,P030,2,31.25
1944,10/03/2025,834,P048,1,13.56
17740,09/06/2025,1939,P017,1,"29,92"
7640,2025-06-08,3731,P026,1,29.42
15320,06/03/2025,4110,P042,3,7.93
2230,2025-09-20,966,P002,2,"15,36"
7844,2025-07-02,1883,P025,1,17.37
3912,2025-01-08,838,P040,1,37.23
12789,09-06-2025,3506,P018,1,56.63
16277,2025-05-18,1592,P026,1,"17,21"
14076,2025-12-08,1899,P009,1,"22,54"
9598,07/07/2025,2255,P028,3,14.40
8779,18/11/2025,1399,P025,1,"13,52"
262,25/01/2025,4093,P024,1,"28,26"
8265,2025-12-24,2966,P033,1,89.61
509,2025-05-01,967,P003,1,29.67
15112,2025-03-08,3222,P007,3,40.09
14909,01-06-2025,3819,P004,2,"15,76"
8236,26/06/2025,3355,P003,3,23.41
16579,2025-12-18,1827,P013,3,33.51
2919,01/09/2025,4148,P006,1,31.50
15683,2025-06-15,2061,P022,1,37.45
1639,2025-10-11,573,P022,4,41.13
12176,04-07-2025,1340,P004,1,30.31
1631,2025-07-09,2661,P018,1,15.93
4776,2025-05-04,2609,P036,1,"20,69"
14163,2025-12-31,823,P011,1,"38,17"
3260,24/06/2025,2110,P017,1,"21,56"
11822,2025-06-20,2746,P042,1,23.84
9091,25/01/2025,101,P019,1,29.99
15864,2025-03-09,3146,P047,1,39.04
1747,23/01/2025,3074,P012,1,15.36
9666,2025-09-29,3623,P024,1,17.89
3569,2025-02-04,2423,P019,1,5.05
6832,13/01/2025,4022,P037,1,"29,12"
14600,2025-03-25,3725,P006,1,"37,45"
17561,2025-02-27,2709,P025,1,29.69
17165,12/02/2025,302,P028,1,"20,30"
9182,17/10/2025,1434,P006,2,16.06
6192,22/06/2025,3360,P040,1,20.35
10819,2025-11-12,2200,P036,2,41.10
3494,11/03/2025,458,P020,1,125.02
7168,2025-12-26,2533,P036,1,"58,59"
4857,2025-07-10,3829,P042,2,37.40
6641,27/04/2025,2766,P002,2,19.17
16705,2025-02-08,1955,P046,3,32.56
9591,2025-03-11,2082,P038,1,"16,30"
15883,2025-07-22,1699,P007,3,"18,59"
16841,20/11/2025,2790,P045,4,26.20
6511,26/05/2025,2138,P041,1,24.16
17679,2025-11-19,2726,P019,1,29.62
17771,2025-09-11,1953,P003,1,31.55
3639,2025-02-13,3138,P028,1,128.07
16405,2025-09-03,671,P025,1,11.52
4294,09-04-2025,3731,P025,1,38.09
5739,2025-06-04,2109,P020,3,"25,48"
7266,2025-09-07,683,P012,1,78.08
14705,2025-06-16,3263,P004,1,30.23
1477,09/10/2025,2756,P020,1,"9,53"
7356,2025-03-14,835,P011,2,31.05
3890,2025-07-11,3266,P028,1,62.30
17799,24/10/2025,4081,P002,1,65.14
8003,2025-04-05,2395,P034,1,"22,97"
16719,09-30-2025,2638,P032,1,"40,80"
17022,20/09/2025,770,P019,2,18.31
862,29/06/2025,670,P018,1,"19,81"
8638,05-28-2025,699,P006,1,"13,02"
4302,2025-09-23,2492,P040,1,14.82
715,2025-03-09,1662,P040,1,18.74
5573,2025-09-09,989,P009,1,57.39
474,2025-01-22,2007,P036,1,"17,11"
9959,07/11/2025,3148,P015,1,34.59
8929,08/04/2025,644,P030,1,19.44
3901,2025-06-20,3244,P043,3,4.82
17384,02/05/2025,1338,P039,1,"34,08"
7815,2025-08-02,2911,P016,2,31.56
4352,03-30-2025,343,P006,1,31.57
12090,2025-05-20,3114,P003,2,"19,17"
648,2025-07-30,3126,P035,1,22.36
5272,07-20-2025,928,P031,1,12.50
15548,2025-09-25,870,P019,1,"32,81"
16459,22/06/2025,3797,P010,-1,"18,86"
951,2025-05-22,3747,P016,2,31.74
6593,06-12-2025,2034,P043,4,"70,45"
10159,27/01/2025,497,P017,1,"44,44"
1769,2025-04-23,3249,P025,2,45.16
9424,11-09-2025,548,P045,2,"41,28"
972,03-16-2025,222,P016,1,"14,49"
17921,2025-06-16,1019,P040,1,"27,78"
3648,2025-04-23,1306,P035,1,44.87
4015,23/07/2025,504,P042,2,"26,14"
6649,2025-04-18,359,P029,3,47.53
17841,16/08/2025,2468,P004,1,"32,76"
2229,23/09/2025,3014,P044,1,36.71
9711,03-15-2025,2482,P024,1,61.90
1604,2025-10-02,111,P006,4,61.25
12498,12-04-2025,3411,P008,1,26.66
3127,12/09/2025,3373,P023,1,42.81
1469,03-27-2025,4137,P007,1,24.16
17697,04/12/2025,54,P019,2,39.96
6195,2025-09-20,996,P037,2,"28,81"
8904,17/03/2025,3758,P031,1,"16,41"
2854,03-27-2025,2290,P009,1,49.22
392,2025-05-16,1351,P015,1,25.83
7217,2025-07-13,424,P021,,"49,17"
6166,24/11/2025,2830,P002,1,26.37
11332,16/11/2025,2200,P040,1,"30,76"
3407,17/05/2025,1865,P015,1,43.18
6308,2025-05-27,1719,P016,4,"60,51"
2011,2025-04-23,828,P017,1,"31,62"
2461,2025-04-17,1079,P034,2,21.27
7053,04-04-2025,2414,P032,3,17.28
14911,2025-07-30,514,P018,1,22.61
16999,2025-02-18,2614,P032,2,12.10
3693,2025-10-26,2117,P045,1,24.44
2789,2025-06-14,2990,P014,2,65.68
304,20/05/2025,891,P031,1,"29,55"
2467,12-12-2025,1065,P025,1,48.57
6690,11/02/2025,738,P004,1,"7,19"
17526,2025-03-10,2677,P040,2,18.58
15208,11/11/2025,1439,P043,1,9.21
3529,2025-05-14,2413,P001,4,"39,51"
1013,2025-05-31,999999,P013,3,29.71
7911,2025-07-03,2446,P018,1,15.78
10952,2025-06-02,3426,P002,1,"21,29"
6514,2025-02-25,309,P013,1,24.37
17800,2025-08-11,3436,P030,1,"59,18"
4347,10-17-2025,3845,P035,1,14.34
5130,03-29-2025,871,P001,1,12.45
1737,2025-03-11,3443,P009,1,16.58
14146,2025-03-22,3816,P031,1,"18,50"
9137,26/11/2025,1462,P028,1,93.63
10095,2025-08-25,898,P027,1,23.19
974,2025-01-29,217,P025,1,"34,02"
1617,2025-12-09,1865,P008,2,"65,31"
14222,30/11/2025,3766,P027,1,129.57
9132,2025-01-04,617,P012,3,"63,08"
13681,2025-05-15,999999,P009,1,42.11
9353,2025-08-28,1794,P034,1,39.03
2076,09/12/2025,264,P001,3,7.01
7659,30/09/2025,2259,P044,2,"28,17"
12657,24/01/2025,3138,P029,1,"24,91"
9363,14/12/2025,2325,P009,1,33.79
3306,2025-07-15,1197,P015,1,23.02
4282,2025-05-06,3987,P035,1,40.08
14622,01-18-2025,1050,P006,3,89.04
3643,2025-03-11,906,P042,2,"68,25"
17297,2025-07-26,124,P042,1,"13,70"
17146,2025-03-03,2018,P009,1,20.62
13330,2025-08-10,2499,P039,4,"22,87"
9466,2025-02-09,1296,P041,2,32.48
2560,13/12/2025,3719,P039,1,74.23
7055,2025-08-13,2368,P037,1,30.57
16591,2025-01-22,3959,P004,2,"9,90"
17001,03-18-2025,1876,P010,1,32.55
2779,2025-03-11,3296,P024,1,"22,73"
15760,2025-08-26,3635,P013,1,16.50
8142,2025-05-14,2204,P030,2,"26,38"
4096,2025-10-23,3034,P005,4,"26,91"
922,10/09/2025,1806,P028,2,24.61
4589,14/07/2025,53,P024,3,67.55
14865,2025-06-03,181,P032,1,"29,43"
13433,2025-12-12,1639,P020,1,17.89
10465,2025-03-11,3381,P040,1,20.71
10920,21/07/2025,244,P010,1,38.07
13320,24/01/2025,1027,P002,2,21.31
17116,2025-05-26,2521,P031,1,"27,08"
13959,29/09/2025,2713,P020,1,13.48
10806,2025-12-31,1233,P024,1,37.09
669,2025-10-06,3272,P009,2,"22,56"
9981,2025-05-16,3483,P044,3,66.83
9841,2025-10-05,1286,P026,2,"58,12"
15880,29/01/2025,2659,P013,1,12.01
3197,2025-06-22,247,P043,1,16.80
8120,03/11/2025,922,P008,2,25.23
17112,04/04/2025,941,P020,1,"24,77"
13201,2025-06-09,918,P025,1,19.70
11429,11-01-2025,340,P048,1,"20,32"
8599,27/06/2025,3167,P026,2,"19,09"
15931,06/05/2025,1821,P018,1,52.51
10580,13/10/2025,1939,P038,1,39.05
5863,23/09/2025,3971,P037,2,46.24
6369,07/01/2025,3847,P013,1,"25,90"
11726,2025-08-05,487,P017,1,31.60
8040,2025-04-25,4062,P024,1,14.36
13105,2025-11-27,3664,P024,1,55.76
6258,21/05/2025,3909,P003,2,82.80
12588,16/07/2025,3553,P043,1,"15,82"
1109,2025-03-18,102,P011,1,83.56
10008,2025-04-30,1273,P047,2,28.32
17540,2025-07-28,999999,P018,1,"12,86"
8733,2025-01-16,3712,P046,1,"39,79"
9849,20/11/2025,3357,P037,2,30.77
1368,29/06/2025,3302,P005,4,13.08
17955,2025-04-22,1122,P002,1,"91,33"
4245,24/08/2025,3760,P040,-1,"13,70"
3658,07-07-2025,3579,P044,1,"26,27"
4661,2025-07-26,2236,P020,-1,"9,04"
5355,2025-11-10,2210,P036,1,"24,95"
2447,11/03/2025,920,P011,1,65.09
3460,2025-05-11,2514,P017,1,109.26
4783,2025-02-24,471,P027,1,88.41
16241,2025-04-11,3541,P027,4,38.08
15291,2025-05-10,3982,P018,1,9.18
10862,2025-03-27,3888,P016,1,"24,66"
3119,06/05/2025,2784,P004,4,32.16
8890,2025-03-20,14,P012,1,53.48
11718,21/02/2025,3343,P024,3,"18,07"
2506,06/02/2025,1393,P044,2,29.31
2369,10/03/2025,244,P035,1,34.99
8484,2025-04-08,2212,P028,1,"20,96"
11543,2025-09-30,2309,P022,1,"61,78"
14129,02-12-2025,2728,P010,2,44.49
10998,30/04/2025,2443,P035,4,13.53
15215,09/09/2025,3614,P021,1,56.43
13964,2025-12-25,832,P030,2,19.31
2026,2025-07-23,1588,P034,1,"14,00"
1755,08-18-2025,4057,P042,2,19.60
8313,20/11/2025,2724,P023,1,57.61
13309,2025-04-18,2875,P003,3,40.05
8768,07/02/2025,1996,P040,3,65.18
10368,23/07/2025,3565,P010,2,18.87
3011,2025-02-08,328,P048,1,27.85
11643,05-09-2025,999999,P009,1,19.24
311,2025-11-05,1280,P047,3,44.98
4423,2025-04-29,1771,P021,1,31.78
4066,12/03/2025,2964,P042,2,30.24
11203,2025-06-07,2775,P045,1,19.05
3043,23/09/2025,2065,P039,4,61.65
14695,2025-06-13,712,P015,2,48.28
10463,2025-10-15,3953,P021,1,39.31
3913,06-19-2025,1319,P006,1,23.37
12001,08/08/2025,1047,P018,1,28.81
8447,2025-09-13,1088,P030,2,"48,58"
770,2025-06-12,2245,P030,2,28.43
2939,2025-01-04,1875,P005,2,11.30
3429,2025-07-18,811,P027,1,17.63
876,28/04/2025,1955,P042,1,"27,01"
11379,2025-12-28,3549,P042,2,"31,77"
4893,2025-10-02,2164,P045,1,"55,19"
987,29/07/2025,3622,P035,2,"63,51"
13473,2025-09-03,3422,P044,2,21.37
15367,2025-04-30,3658,P011,2,116.99
3501,2025-01-21,3302,P018,1,"30,48"
15125,02/12/2025,2500,P032,2,13.34
11481,05-28-2025,1714,P035,1,41.17
11925,2025-09-01,3010,P036,2,22.03
1915,08/08/2025,3849,P027,1,22.51
17392,2025-02-27,1077,P007,1,26.68
9248,21/07/2025,1598,P021,2,26.24
14208,2025-12-10,1291,P003,1,"21,49"
12928,2025-03-16,2826,P036,3,31.49
778,2025-06-08,2168,P040,1,97.04
4922,2025-06-19,2932,P006,-1,37.19
5145,26/06/2025,1728,P010,1,13.89
2118,2025-12-17,2709,P004,2,"10,91"
12914,05/01/2025,2009,P005,1,10.59
15657,2025-12-10,3169,P027,1,"16,53"
852,2025-03-26,2789,P005,2,73.05
7289,2025-10-11,2303,P040,1,42.15
7754,29/12/2025,1305,P001,1,14.51
2166,2025-04-18,1658,P032,1,9.54
5406,05/05/2025,3849,P029,1,26.65
17381,2025-06-18,1393,P025,1,38.94
14010,2025-09-10,2519,P012,2,33.15
2904,27/08/2025,3271,P024,2,29.01
1449,2025-03-27,1593,P022,1,31.80
12838,18/04/2025,1227,P015,1,41.18
8109,2025-04-30,491,P013,1,"29,45"
8184,2025-08-13,2379,P016,3,8.32
9705,2025-04-08,2562,P022,1,27.95
17450,2025-02-24,364,P029,1,41.56
16721,2025-10-31,1241,P023,1,"28,64"
9611,23/12/2025,3179,P011,1,"13,73"
1820,2025-10-31,360,P028,1,20.25
3022,2025-01-23,58,P019,1,16.22
15166,2025-11-25,3209,P010,1,20.02
4825,24/01/2025,1793,P035,4,34.00
5729,07-01-2025,1766,P006,3,26.25
9050,2025-07-07,1545,P004,,11.03
1531,11/10/2025,2757,P012,2,28.40
7530,2025-08-23,1908,P014,1,46.14
2387,2025-10-06,1778,P028,1,18.36
5797,2025-02-11,3385,P038,2,50.04
16537,2025-11-28,1189,P006,2,"25,09"
1721,2025-02-08,1433,P024,3,19.62
17242,2025-11-11,2242,P017,1,"50,75"
1594,27/08/2025,3326,P007,-1,18.59
12929,2025-11-14,753,P031,1,10.94
17339,2025-08-28,786,P028,2,10.68
2848,2025-11-02,1161,P012,2,62.23
7461,2025-07-08,2737,P021,2,30.26
7652,2025-04-22,1694,P004,4,58.79
13948,24/06/2025,3648,P038,1,26.88
6767,04/11/2025,1760,P045,1,19.81
3073,07/04/2025,224,P048,3,49.79
5336,2025-04-07,212,P014,4,"45,11"
7664,15/06/2025,1649,P015,1,10.71
1265,25/08/2025,355,P007,1,"46,25"
10432,07/09/2025,3085,P002,1,"49,68"
7967,2025-04-18,879,P010,2,48.65
9607,2025-06-15,3366,P013,2,"32,12"
394,2025-11-19,2359,P022,1,43.49
75,2025-03-11,3941,P020,1,"28,62"
8910,2025-11-15,1640,P041,1,"8,13"
13231,2025-06-16,436,P001,1,39.14
13915,2025-04-25,3890,P036,1,52.70
4129,08-01-2025,2279,P025,2,"39,30"
13181,01-27-2025,4016,P007,2,13.25
16719,09-30-2025,2638,P032,1,"40,80"
6159,2025-10-29,240,P011,2,21.92
12841,2025-02-19,1589,P026,1,34.92
12661,2025-12-30,2690,P047,3,52.30
10606,2025-11-23,508,P029,1,33.08
9638,28/05/2025,7,P020,1,"32,32"
9960,2025-01-22,2186,P009,1,"18,76"
13558,14/10/2025,3272,P006,1,20.68
3750,12/11/2025,1117,P044,1,"21,07"
16790,2025-05-28,145,P036,1,26.38
5431,25/04/2025,2428,P033,3,"27,54"
15882,2025-12-22,1232,P038,2,"22,08"
10444,09/08/2025,4169,P027,1,20.66
2524,2025-09-20,2657,P007,1,11.43
15586,2025-09-11,944,P012,4,21.15
857,17/08/2025,1267,P037,4,"12,36"
12349,2025-12-31,3408,P012,1,29.24
17474,2025-06-30,358,P007,1,29.52
13551,2025-05-10,3148,P011,1,40.69
6059,2025-01-05,3893,P031,1,"6,89"
14405,2025-06-16,1951,P039,4,"34,43"
10479,2025-08-29,1058,P002,1,33.41
282,2025-06-07,1913,P020,2,40.94
8456,18/11/2025,4121,P010,1,11.61
11786,2025-03-06,2732,P003,1,"18,21"
17360,05/09/2025,2854,P038,2,27.15
13194,2025-10-04,1255,P028,3,33.22
8105,2025-12-29,542,P008,2,"17,90"
4841,14/05/2025,3390,P040,1,34.09
16832,2025-04-17,230,P027,3,34.86
12380,23/03/2025,3789,P042,1,62.37
2040,03/12/2025,1970,P034,1,12.58
12270,2025-07-16,55,P023,1,31.93
3212,2025-08-17,2203,P034,2,29.81
2883,29/06/2025,3006,P023,-1,"13,03"
1266,2025-06-11,3398,P017,1,"7,46"
16233,2025-06-09,1576,P016,3,28.92
548,08-03-2025,3212,P011,1,19.66
2394,2025-12-05,2576,P028,2,27.17
1463,06/06/2025,1808,P038,2,7.58
12523,2025-08-24,1510,P022,1,47.49
6668,05/04/2025,1670,P012,1,35.58
11685,04-24-2025,1932,P020,1,13.59
12119,2025-09-10,1262,P021,1,33.72
15202,2025-06-19,999999,P014,1,20.22
5366,08/10/2025,1381,P007,1,55.60
419,2025-04-16,48,P046,1,"23,35"
8657,2025-07-01,758,P018,1,"32,47"
454,2025-06-22,1356,P013,1,20.80
8736,06/12/2025,463,P019,2,93.04
7719,02/01/2025,742,P006,1,25.09
8009,09/03/2025,3221,P010,1,20.67
10750,2025-03-21,2571,P024,1,15.96
6327,15/11/2025,4000,P034,3,64.62
16725,30/09/2025,437,P028,1,26.91
527,2025-07-07,61,P027,1,53.98
3621,2025-11-23,4131,P018,2,30.55
7876,2025-10-17,2775,P022,1,65.11
14013,18/12/2025,2687,P041,1,50.18
5829,2025-03-28,714,P031,1,"67,78"
4027,04/05/2025,999999,P032,-1,36.14
10517,2025-09-06,1325,P001,1,"9,79"
11096,2025-03-15,2862,P041,1,25.30
10774,14/02/2025,4100,P005,1,28.08
11797,2025-12-20,3570,P030,2,"22,61"
12956,2025-12-05,1772,P016,1,31.60
6938,09/10/2025,120,P002,2,34.17
17627,2025-05-19,352,P015,1,37.36
14613,01/04/2025,1873,P048,1,46.93
12802,12-28-2025,4131,P024,1,72.67
7042,2025-08-05,990,P022,1,37.10
8722,2025-02-24,3352,P040,1,9.99
15401,23/01/2025,2355,P034,1,"8,83"
10857,2025-11-09,292,P040,2,"20,70"
1532,2025-05-10,1237,P010,2,40.18
15128,02/06/2025,2894,P016,1,27.86
7356,2025-03-14,835,P011,2,31.05
1667,2025-11-02,623,P039,1,13.94
10622,2025-12-24,1713,P021,1,36.09
14567,2025-02-08,2089,P048,1,7.26
16805,16/12/2025,164,P019,4,"50,75"
17641,2025-08-11,2431,P036,2,"36,07"
5322,2025-08-10,2394,P023,1,107.18
3897,2025-03-02,1311,P005,2,96.51
17913,2025-12-02,602,P044,2,20.17
9075,2025-06-22,1412,P003,1,33.53
17906,2025-10-21,706,P021,1,112.56
7750,15/02/2025,1885,P021,1,15.22
9149,28/08/2025,2509,P005,1,23.69
14514,2025-10-28,1068,P011,1,30.55
16008,04/11/2025,429,P012,1,21.74
13025,16/06/2025,1459,P014,1,60.64
1257,2025-06-03,2103,P039,2,20.70
6228,2025-12-21,4193,P016,1,13.21
13564,2025-03-18,2571,P010,1,"27,91"
3072,08/02/2025,1240,P025,2,36.87
5179,2025-03-07,185,P016,2,23.94
13517,2025-08-11,1671,P031,2,64.45
9218,25/11/2025,1944,P029,2,"12,63"
16319,2025-06-11,1378,P017,1,55.76
15427,2025-05-13,934,P001,1,"22,86"
4325,2025-12-19,3716,P027,1,39.57
14619,03-04-2025,2665,P043,1,52.00
15829,2025-07-20,3221,P020,1,64.92
6636,2025-09-19,3278,P044,1,"37,99"
17168,2025-01-13,882,P018,1,"14,23"
433,14/12/2025,78,P046,1,"27,17"
15447,2025-02-27,3142,P005,4,15.49
17313,20/11/2025,589,P048,1,"22,00"
8872,2025-10-22,4097,P025,1,41.59
8937,10-02-2025,3405,P013,1,11.82
471,2025-12-28,3158,P044,1,"46,15"
4407,11/02/2025,2986,P047,1,"18,06"
3553,24/07/2025,34,P004,3,30.48
16275,2025-10-03,2406,P013,1,15.71
2831,2025-08-06,2307,P031,3,16.24
2974,11-08-2025,138,P029,2,92.73
8449,2025-06-19,3899,P028,1,24.53
5157,2025-02-12,4107,P006,-1,23.33
3479,2025-06-15,1361,P042,1,"63,27"
2614,2025-02-03,1368,P004,3,50.19
16009,18/10/2025,2102,P037,2,20.75
10072,2025-01-27,4045,P040,1,"27,57"
6248,2025-01-10,299,P033,2,24.31
16595,12-30-2025,1089,P017,-1,"16,72"
13137,2025-06-10,181,P005,4,"10,39"
8098,2025-02-25,1029,P011,1,"23,11"
7442,2025-11-26,61,P012,1,8.33
10332,2025-08-02,3157,P022,1,19.64
12529,09/04/2025,2051,P041,1,6.97
5212,2025-08-22,2108,P039,3,18.80
6083,2025-03-09,1401,P023,3,32.53
11444,12-27-2025,1553,P046,1,"42,01"
12323,2025-02-19,2000,P002,2,24.96
11930,2025-03-17,1768,P044,1,28.12
14425,10/02/2025,771,P003,1,26.71
17815,2025-01-11,2563,P036,1,"53,98"
16108,2025-08-31,3566,P029,2,10.27
13246,06/01/2025,109,P033,1,20.77
4895,02-12-2025,456,P029,2,62.43
16043,2025-04-13,1086,P021,2,22.13
8867,16/03/2025,1755,P032,1,"36,97"
1883,2025-08-13,2504,P039,1,33.17
2252,2025-08-10,427,P028,1,49.08
16840,2025-11-25,3731,P010,1,28.66
17004,2025-06-15,1344,P044,2,27.03
4372,2025-02-03,999,P008,4,47.38
12560,2025-08-31,4017,P017,2,"26,84"
8431,2025-03-04,571,P008,2,"24,81"
16930,2025-08-24,328,P028,1,46.08
13130,05/04/2025,99,P038,2,"9,45"
9173,2025-07-30,1555,P014,1,25.36
6726,2025-12-29,1983,P034,2,25.40
2147,28/08/2025,1829,P030,1,10.81
7491,2025-06-07,2114,P045,2,108.74
6071,2025-10-31,140,P023,3,"23,97"
10684,2025-08-04,1042,P025,4,23.33
5300,03/04/2025,906,P029,1,34.68
4690,25/12/2025,100,P032,1,"13,90"
13468,2025-07-31,999999,P029,1,"38,93"
7652,2025-04-22,1694,P004,4,58.79
568,01/01/2025,143,P002,,"14,90"
4175,16/02/2025,2963,P042,2,44.44
17362,03-31-2025,1734,P038,1,11.78
17763,2025-05-25,1367,P047,1,22.09
119,2025-10-23,3391,P043,1,"34,90"
13724,12-18-2025,139,P042,1,"24,18"
15744,07-19-2025,3486,P045,3,"28,05"
16606,2025-12-25,4016,P029,1,10.06
3028,05-11-2025,1436,P011,1,"25,46"
7603,11-12-2025,652,P015,2,"12,69"
15138,15/07/2025,364,P018,2,42.15
12213,11/08/2025,3808,P013,3,67.69
10962,07-27-2025,1105,P045,1,27.68
17708,2025-03-19,4062,P019,1,"13,88"
4929,2025-06-23,1271,P008,1,"14,41"
7973,11-25-2025,4034,P034,2,29.16
8218,11/09/2025,999999,P040,2,"15,09"
16809,2025-11-16,3286,P014,3,10.14
8196,22/08/2025,3728,P012,1,40.02
7547,2025-05-07,799,P043,1,28.73
6681,04-04-2025,3884,P041,1,26.86
892,2025-07-30,1124,P046,2,"11,41"
772,2025-08-11,664,P017,1,"34,38"
4067,2025-10-20,1995,P014,1,49.18
15551,02-26-2025,4069,P025,1,"25,63"
9714,2025-01-21,3132,P001,1,22.52
4111,2025-07-21,2981,P025,2,54.50
565,2025-08-18,2998,P027,2,"10,63"
15554,08/10/2025,497,P018,1,26.63
2951,22/12/2025,381,P038,2,28.58
2111,2025-01-08,471,P043,2,21.19
10148,2025-01-26,3277,P029,1,44.57
10180,11/06/2025,1558,P048,1,16.64
17195,2025-10-10,3099,P039,2,25.72
2459,2025-06-26,1669,P027,1,20.52
59,2025-09-05,571,P006,1,"36,87"
14067,10/08/2025,3040,P012,1,"41,41"
701,2025-08-18,3384,P002,2,"25,22"
6269,16/01/2025,3953,P030,4,28.97
15994,2025-09-14,3254,P043,1,28.17
9339,2025-08-12,2466,P033,1,"30,54"
10196,2025-02-15,3920,P039,3,49.31
13656,05-11-2025,2752,P046,2,22.90
5685,2025-08-26,3690,P026,3,53.33
10731,2025-06-12,1609,P016,4,19.74
1701,2025-06-30,54,P034,1,41.03
3585,2025-10-07,3308,P028,4,26.07
5964,2025-12-24,207,P018,1,"51,92"
16212,2025-03-03,599,P040,1,34.23
16684,27/03/2025,49,P014,1,75.49
11799,2025-04-24,3051,P009,3,33.13
5744,2025-03-13,988,P020,1,"16,68"
16258,2025-03-28,2895,P035,1,20.28
15705,2025-07-10,792,P013,3,40.72
8663,2025-11-22,1185,P038,1,22.74
8384,2025-12-09,2038,P029,1,41.23
4389,2025-03-05,1822,P028,1,"61,94"
1949,2025-08-25,3759,P030,2,10.92
9926,2025-07-13,177,P003,1,"21,58"
14341,2025-09-24,2612,P030,4,41.76
9009,13/12/2025,2632,P046,2,"25,40"
13761,2025-10-11,3313,P029,1,50.26
15537,2025-10-12,886,P001,-1,"6,66"
9573,2025-11-15,1395,P035,2,53.39
10126,2025-02-13,2217,P014,4,"17,27"
5576,27/06/2025,2621,P035,1,14.67
10285,29/04/2025,2666,P048,1,30.76
17166,19/11/2025,2028,P006,2,24.45
10611,2025-02-21,1484,P018,4,35.74
15619,2025-06-10,3603,P013,4,"44,72"
5315,12/03/2025,313,P041,2,"18,33"
16848,2025-05-05,1389,P005,1,"102,97"
16716,2025-10-30,1046,P008,3,"17,46"
1995,17/07/2025,3651,P041,3,"35,13"
13011,2025-09-15,3877,P018,1,"50,15"
12696,12-04-2025,441,P018,2,23.45
14021,2025-10-22,2674,P037,1,11.41
11132,18/11/2025,677,P033,2,"80,11"
13295,2025-04-29,3633,P017,1,"74,24"
6119,19/05/2025,999999,P006,4,"33,69"
676,23/05/2025,2527,P026,3,17.70
5673,26/03/2025,2894,P031,1,65.32
12932,09/11/2025,3349,P021,1,23.85
7833,2025-09-30,3950,P009,1,12.07
12209,2025-06-07,4189,P014,2,23.86
2665,2025-01-12,524,P048,2,"23,59"
2338,2025-05-26,2466,P005,1,13.18
17857,19/05/2025,649,P037,2,"11,98"
3340,09-19-2025,671,P023,2,"45,71"
7655,2025-07-17,999999,P004,1,99.63
7541,30/12/2025,1329,P008,3,60.98
5670,02/12/2025,2554,P043,2,"16,09"
256,09-22-2025,3373,P007,1,18.91
10839,01-13-2025,3981,P016,1,"12,69"
11794,2025-11-19,2416,P024,1,"24,80"
11282,25/10/2025,2643,P041,-1,25.21
12201,09-25-2025,4073,P020,1,"23,74"
13176,2025-05-23,1139,P015,,30.17
3203,2025-10-21,1147,P048,2,"33,97"
13003,2025-04-18,2131,P012,1,41.23
16548,2025-11-06,3498,P009,1,8.20
13672,2025-05-13,1141,P043,-1,99.21
8106,2025-05-14,1654,P031,3,23.47
4424,2025-03-22,2310,P033,4,"17,80"
2156,23/05/2025,2803,P038,2,31.24
2053,27/09/2025,2659,P036,3,15.15
16268,2025-05-28,1984,P005,1,"18,71"
16432,2025-07-17,742,P004,3,19.44
10535,2025-04-26,1141,P022,1,"24,63"
3905,2025-03-04,2043,P018,1,47.07
217,07/03/2025,4155,P002,1,"12,80"
5989,2025-09-12,1020,P013,1,19.93
3322,2025-12-28,2756,P031,1,43.54
10237,2025-05-10,2108,P020,1,70.82
4564,11/09/2025,3841,P034,1,"33,60"
7919,2025-06-27,1376,P014,1,"15,25"
12804,2025-03-19,2486,P045,2,"31,02"
11767,2025-03-29,331,P038,2,"5,02"
11223,2025-06-13,1919,P005,1,36.83
17099,2025-07-15,3028,P030,1,26.44
11604,2025-02-06,4063,P048,2,31.77
16229,2025-08-14,907,P017,1,17.00
13788,2025-03-17,2894,P023,1,13.39
10982,03/03/2025,634,P001,3,16.75
14034,04/10/2025,2384,P019,1,23.78
4193,16/07/2025,2249,P034,1,18.43
390,2025-04-26,2777,P033,1,34.22
16881,2025-09-27,977,P009,2,54.37
16666,2025-02-21,317,P032,2,21.49
2956,2025-07-24,1010,P005,3,29.43
5309,28/01/2025,2144,P007,1,19.83
4883,2025-06-04,1851,P043,1,31.95
14653,08-18-2025,343,P030,1,30.77
5728,24/02/2025,3127,P034,2,41.44
14946,2025-03-22,3158,P030,4,6.93
16546,2025-02-12,2033,P004,1,"16,21"
11221,2025-11-24,24,P009,3,"45,58"
5518,2025-12-15,2062,P028,1,31.60
7358,11/08/2025,1545,P045,2,37.35
14889,08-03-2025,4051,P026,1,28.33
15319,08-28-2025,693,P001,2,24.92
8826,2025-01-23,1241,P012,1,"94,72"
831,25/03/2025,4185,P039,1,"24,70"
3349,05/10/2025,1453,P013,1,"23,79"
15055,02-26-2025,3283,P023,1,11.24
15041,27/04/2025,2935,P005,2,12.52
3467,2025-10-19,1,P037,1,23.02
3657,2025-02-12,2686,P020,1,"34,65"
15764,2025-11-09,3693,P011,1,53.11
11179,2025-03-15,319,P026,2,31.67
502,2025-09-27,74,P029,2,"29,42"
5531,12-08-2025,3760,P038,2,20.78
17210,2025-04-15,2928,P037,1,47.52
35,2025-11-02,1738,P027,1,36.58
10548,05-13-2025,1930,P017,3,47.52
15504,2025-02-07,917,P030,3,25.75
14381,01-10-2025,1956,P037,1,"21,71"
7660,2025-05-24,1490,P014,1,60.57
10179,2025-01-28,3282,P006,3,27.29
15898,17/04/2025,2792,P016,1,19.82
11698,2025-01-25,897,P048,2,"26,94"
12723,31/01/2025,772,P011,2,"91,42"
9733,2025-03-21,3983,P018,1,23.66
6540,2025-04-16,2967,P037,1,19.94
17626,03-31-2025,1080,P046,1,34.24
7714,04-14-2025,2146,P035,1,23.15
10864,24/04/2025,1873,P039,2,34.52
17222,17/04/2025,3401,P004,1,50.63
11080,2025-11-13,667,P017,2,"14,25"
7048,2025-02-10,2504,P025,2,9.77
13655,2025-02-10,3424,P042,1,17.23
10103,2025-06-07,409,P001,1,40.22
17215,2025-12-03,3291,P031,1,56.30
6025,27/11/2025,3628,P047,4,9.77
8067,18/12/2025,2818,P020,1,48.81
12238,2025-07-06,1385,P036,1,18.19
11326,09/01/2025,3719,P016,1,29.14
14490,2025-08-22,63,P046,1,"14,61"
11231,2025-07-11,345,P019,3,43.06
2973,01-14-2025,800,P033,1,19.67
2024,07/04/2025,2198,P025,2,27.36
6785,2025-09-08,1438,P009,1,14.10
11260,09/05/2025,2442,P018,1,24.13
13779,2025-05-30,3022,P030,1,"53,04"
3333,2025-05-20,4101,P001,1,"16,62"
11085,2025-07-03,874,P031,3,38.16
17780,2025-08-30,698,P007,2,"11,92"
16694,24/06/2025,1056,P027,2,18.71
4967,2025-05-31,3160,P009,1,39.35
11466,01-22-2025,1397,P018,2,13.85
6603,2025-12-07,3550,P039,1,"14,17"
141,23/04/2025,2368,P010,1,44.72
4757,31/07/2025,1436,P032,1,"9,29"
4706,2025-04-22,407,P020,1,11.78
10631,2025-09-29,3105,P001,2,"126,21"
17639,26/09/2025,3323,P012,3,52.76
9879,2025-01-28,2260,P006,1,"38,73"
9688,07-26-2025,3475,P018,1,55.76
3359,2025-09-08,3128,P014,2,34.40
11895,2025-05-31,3421,P008,2,32.36
363,01-13-2025,1148,P006,1,"15,30"
5004,22/08/2025,3733,P036,1,"26,09"
16097,2025-04-03,2749,P022,1,"42,43"
16443,2025-03-10,1023,P041,1,6.72
15749,2025-11-21,4046,P024,1,21.24
17790,2025-06-22,4047,P048,1,41.78
3513,2025-10-26,688,P035,1,11.52
8608,2025-03-26,2064,P024,1,"36,66"
17227,05/04/2025,4062,P014,3,25.30
360,29/09/2025,3370,P045,2,35.97
16260,18/04/2025,1189,P040,1,16.78
11696,2025-07-22,3130,P048,1,65.42
15672,2025-10-03,2374,P034,1,28.47
7097,2025-09-15,2451,P022,2,22.09
13039,18/09/2025,3116,P031,1,26.76
596,2025-02-13,3857,P006,4,36.89
5835,19/01/2025,1918,P041,4,70.96
16152,2025-07-24,3699,P044,2,14.65
4557,2025-10-22,2299,P045,1,58.13
10671,2025-03-18,3383,P022,4,28.79
9899,2025-10-28,3417,P029,2,11.95
17659,2025-06-08,1925,P041,4,58.92
9078,13/05/2025,3584,P012,2,7.53
4760,31/03/2025,1731,P046,3,18.20
14549,2025-03-01,2845,P002,1,22.53
5853,21/03/2025,4094,P004,4,51.95
15598,2025-06-01,3233,P034,2,"12,42"
14839,2025-11-28,1955,P047,2,"42,95"
11202,2025-07-18,2976,P007,1,10.73
10562,09-13-2025,2179,P002,1,23.75
2544,28/04/2025,403,P040,1,49.64
8163,2025-08-22,2531,P014,4,11.40
9884,2025-05-28,904,P021,1,"21,70"
8143,2025-05-03,277,P046,2,67.98
1473,2025-03-29,2449,P041,1,26.69
16810,2025-12-08,3095,P005,1,23.42
17201,2025-09-18,1314,P019,1,52.70
11766,2025-02-26,3891,P016,1,30.46
6733,2025-06-12,2495,P031,1,48.31
8534,10-27-2025,3887,P037,2,10.68
11593,01/10/2025,1231,P048,2,34.47
10495,15/10/2025,989,P027,2,"33,36"
17481,2025-11-07,2040,P001,2,40.91
6086,2025-08-10,2813,P008,1,"29,71"
16190,2025-07-20,2056,P026,2,"16,70"
2667,2025-01-06,648,P013,1,"10,97"
12026,2025-03-10,3765,P026,2,28.46
13735,2025-07-13,3765,P036,1,38.56
7904,2025-01-27,1567,P047,2,53.59
9866,05/01/2025,2891,P002,2,"22,47"
13601,2025-06-04,513,P016,1,16.86
9784,2025-05-18,720,P002,1,15.11
3804,2025-05-22,2192,P011,-1,"6,98"
3735,2025-02-23,632,P042,1,"23,41"
17089,2025-01-14,1208,P015,3,29.70
11599,14/06/2025,2278,P010,1,26.71
7195,24/05/2025,4048,P036,1,41.31
11037,2025-01-10,3847,P007,1,"27,81"
17681,09-02-2025,1810,P043,1,30.46
11802,2025-05-20,2936,P008,1,9.49
2080,2025-09-15,3267,P007,2,38.03
4477,2025-05-26,629,P020,4,73.43
4603,2025-02-18,491,P010,2,"17,97"
7908,2025-04-30,3786,P003,1,14.47
6344,2025-08-11,3623,P017,2,33.24
1875,06/05/2025,1959,P007,1,19.93
17100,2025-09-30,4002,P022,2,22.46
3347,15/03/2025,1355,P016,4,57.51
1471,08/05/2025,2783,P010,-1,"31,68"
12156,2025-03-10,1482,P018,2,24.82
5851,2025-11-13,1754,P034,2,"93,49"
3141,27/02/2025,3608,P035,1,14.31
16667,2025-10-09,2278,P023,1,"38,55"
5046,2025-10-04,3360,P010,1,"40,52"
7478,24/11/2025,3029,P045,-1,49.32
2791,03/08/2025,3682,P011,,16.46
2917,29/09/2025,1050,P030,1,17.80
1637,2025-09-27,1255,P006,2,18.42
14959,04/06/2025,4067,P041,3,"15,12"
8810,2025-07-02,1829,P009,1,10.40
10083,2025-02-03,2453,P032,1,19.54
15248,25/01/2025,3673,P025,1,28.50
9263,2025-03-05,3397,P046,3,10.08
1359,2025-06-18,549,P043,2,34.32
15495,2025-07-24,999999,P011,2,26.78
48,2025-07-25,1449,P020,2,"16,52"
5032,2025-10-14,1430,P001,3,23.05
3876,2025-08-09,565,P012,3,25.56
6148,07/02/2025,781,P045,1,19.31
8999,16/07/2025,320,P003,1,19.47
5937,2025-05-30,2747,P039,1,8.55
17592,02-24-2025,715,P005,1,31.90
2676,2025-10-12,2375,P009,,"25,30"
2292,2025-02-16,136,P011,2,30.25
13821,2025-12-23,4136,P048,2,78.17
10820,28/05/2025,3594,P001,2,13.05
9412,10/07/2025,2739,P024,1,"14,39"
3361,13/03/2025,2409,P023,2,"27,06"
1790,2025-06-19,2313,P038,1,9.90
10225,2025-10-24,2481,P047,3,10.34
2322,2025-05-11,337,P014,1,26.04
1418,2025-10-25,568,P044,2,"20,20"
5204,2025-12-07,2667,P006,1,20.13
9146,2025-02-22,2673,P039,4,42.73
16082,16/09/2025,1814,P027,1,38.23
14877,2025-10-27,3746,P003,1,"30,42"
4125,2025-08-04,3043,P013,3,"41,31"
13738,14/02/2025,971,P043,1,91.50
8,2025-06-13,2416,P009,2,"29,33"
8915,11/07/2025,2793,P021,4,13.72
6391,17/09/2025,3139,P017,1,14.04
11807,11/06/2025,4001,P002,1,"21,31"
8238,04/10/2025,3549,P046,1,"23,82"
10746,2025-02-02,1097,P017,2,41.67
2639,2025-03-15,231,P040,2,34.72
4493,2025-07-26,698,P005,2,45.11
14775,2025-04-11,908,P011,2,46.30
17580,21/03/2025,3033,P022,2,"19,61"
5283,24/10/2025,1442,P048,1,23.84
14492,2025-09-13,4184,P018,1,77.06
7228,10-03-2025,355,P018,1,58.40
16993,2025-07-25,1493,P047,1,"28,82"
1957,2025-10-23,2082,P035,2,29.35
3547,15/12/2025,2294,P032,2,8.05
13773,15/07/2025,2098,P006,3,41.82
15527,09-06-2025,2370,P017,1,20.66
7866,2025-10-10,270,P005,1,"24,08"
10733,2025-05-14,1369,P025,1,10.74
7758,2025-06-28,2906,P032,2,10.15
5520,03/09/2025,1772,P038,1,43.27
3240,2025-06-26,1540,P019,-1,27.44
4460,01-21-2025,509,P038,2,9.80
6592,26/03/2025,373,P026,3,26.03
12999,08/07/2025,1758,P025,-1,"29,29"
16706,2025-08-28,1481,P042,1,92.61
7703,09-18-2025,960,P029,2,15.80
9641,10-09-2025,791,P005,1,13.93
15318,2025-09-23,287,P039,2,16.51
1534,18/05/2025,999999,P011,1,"29,81"
4560,24/08/2025,3954,P035,1,12.34
2171,2025-09-01,999999,P042,2,46.69
3341,06-13-2025,513,P024,1,9.18
2970,21/10/2025,2021,P040,1,"20,95"
3070,05-14-2025,1685,P033,1,"19,29"
13467,2025-08-26,525,P048,1,19.85
8503,20/01/2025,67,P037,1,26.34
10904,10/07/2025,2403,P011,1,89.83
3450,2025-10-08,2482,P007,1,"49,04"
5590,2025-07-06,2575,P022,1,16.72
3856,2025-09-24,749,P006,2,24.60
11217,2025-07-18,260,P042,1,26.29
13511,2025-07-08,875,P042,2,44.01
10412,2025-02-09,905,P014,1,65.64
10347,2025-01-13,3476,P021,1,67.67
17959,2025-02-10,1118,P024,2,13.76
10978,15/03/2025,999999,P010,2,"32,60"
16165,2025-01-03,758,P017,3,27.70
16666,2025-02-21,317,P032,2,21.49
17755,21/09/2025,108,P046,3,79.73
12328,02-01-2025,1802,P027,1,43.74
14693,2025-03-02,3871,P006,2,61.45
7823,2025-06-18,4007,P041,1,28.84
8148,2025-12-30,208,P048,1,"93,24"
2294,07/04/2025,4165,P001,3,22.68
4756,2025-02-11,625,P014,1,"20,77"
7822,04/06/2025,1763,P036,1,"32,73"
14642,02-23-2025,1260,P046,2,21.19
5230,2025-04-01,267,P035,1,"42,70"
2296,2025-08-24,2811,P025,2,9.82
8634,2025-06-16,990,P040,1,31.89
555,2025-04-12,999999,P039,3,19.99
9965,12/11/2025,169,P031,1,"26,75"
4272,2025-11-05,1000,P031,2,42.10
17768,21/05/2025,999999,P030,3,12.05
4998,03/01/2025,3363,P028,2,21.95
11476,02/01/2025,1942,P035,1,53.08
12221,09/10/2025,3738,P030,1,48.25
12555,03/12/2025,1759,P047,2,25.98
2151,2025-04-29,3824,P028,1,28.31
503,2025-10-17,56,P029,1,"18,18"
15254,2025-04-16,1667,P033,1,40.37
12469,2025-10-12,4170,P016,3,22.05
14533,2025-09-27,1314,P035,3,"31,55"
10826,27/08/2025,1788,P046,1,"8,23"
16324,28/03/2025,3991,P017,1,17.09
16767,2025-10-18,1638,P036,2,"12,37"
15091,08/09/2025,3761,P040,1,13.18
7875,16/12/2025,489,P013,1,42.30
8891,2025-04-10,370,P043,1,30.08
1848,28/08/2025,572,P002,1,92.85
17082,29/01/2025,4006,P018,1,23.76
10569,2025-04-10,2437,P037,1,20.55
4724,27/08/2025,2743,P021,3,24.18
11606,2025-07-01,2847,P022,2,21.09
15014,10-10-2025,4080,P022,1,41.55
16256,2025-01-20,487,P012,1,30.87
1533,22/09/2025,1625,P002,,81.05
3029,02-17-2025,747,P006,2,17.49
3773,01/04/2025,1765,P048,2,40.94
4229,2025-11-25,2189,P001,1,42.72
11839,2025-03-15,417,P026,1,26.87
16154,2025-04-30,3169,P036,2,33.05
10946,2025-01-27,3428,P037,1,"15,73"
7252,2025-11-26,1118,P038,1,32.80
9251,2025-09-28,2238,P032,1,36.76
10632,28/06/2025,944,P008,2,27.75
17008,2025-09-02,1509,P015,2,13.06
9813,2025-12-30,1145,P024,1,20.40
17319,2025-04-16,3684,P013,2,75.46
13875,2025-12-30,1509,P005,4,"23,97"
15419,2025-07-28,4066,P021,1,25.70
11172,05-02-2025,3714,P038,3,22.47
2631,2025-09-14,512,P042,2,53.37
10144,2025-01-03,3277,P007,1,29.55
685,05-27-2025,3010,P007,3,14.84
4650,01/11/2025,2375,P019,3,38.83
3103,25/12/2025,321,P018,1,29.23
10911,2025-03-17,1910,P023,2,35.84
7412,25/07/2025,999999,P028,3,"33,98"
15146,2025-08-24,657,P013,1,35.13
10519,2025-08-29,3515,P044,3,"37,80"
11082,31/10/2025,1693,P001,3,20.14
10004,2025-07-21,2717,P020,1,25.79
7202,2025-12-04,1812,P002,2,24.85
16691,2025-05-10,748,P028,2,32.22
614,2025-10-03,352,P045,1,15.29
5263,2025-01-06,4184,P008,1,106.19
16856,2025-01-04,917,P014,2,38.28
4834,2025-02-11,1781,P034,4,"23,59"
3742,2025-06-06,2222,P032,2,27.28
16305,2025-08-20,3200,P030,1,36.09
10626,10-23-2025,1915,P007,2,26.44
5583,2025-05-06,2504,P048,2,16.71
11809,2025-07-06,3442,P027,2,20.84
17109,13/06/2025,236,P008,4,26.98
15410,2025-08-15,2697,P031,2,"38,35"
12423,17/04/2025,1679,P043,1,"19,12"
16455,2025-06-22,3209,P038,1,"25,88"
15045,2025-04-17,2041,P019,2,11.13
10797,2025-08-03,4022,P044,1,"22,61"
12520,2025-09-03,2893,P042,1,12.96
7222,17/08/2025,3651,P046,1,25.24
16688,2025-11-12,2825,P002,3,"16,72"
1154,24/03/2025,2936,P022,2,35.97
3081,2025-05-15,3360,P043,2,25.39
8351,2025-10-18,2137,P040,1,98.45
14998,2025-12-25,1260,P024,2,112.09
11427,2025-08-18,635,P024,3,18.82
12815,2025-11-20,3502,P018,2,13.75
14237,2025-07-16,3860,P010,1,"20,19"
13587,31/08/2025,3319,P028,1,"52,66"
9299,07-19-2025,1144,P045,2,19.29
5761,2025-03-02,3278,P007,1,16.95
7813,2025-03-23,984,P037,1,26.52
10741,08-15-2025,2049,P039,1,"26,97"
12258,2025-12-17,1870,P024,1,50.69
3604,10/09/2025,3184,P002,1,29.43
678,2025-11-07,1129,P046,1,"84,89"
5393,11-25-2025,3504,P003,4,17.28
13635,2025-09-26,1558,P040,1,"19,21"
15065,2025-05-28,3587,P041,1,6.91
4098,2025-07-10,1909,P025,1,12.19
15287,24/05/2025,3568,P001,4,15.76
134,18/11/2025,496,P032,1,73.88
14025,05-22-2025,1771,P042,1,"43,22"
7085,01-21-2025,1898,P031,1,30.84
13226,2025-05-27,1727,P021,1,29.45
10928,06/12/2025,941,P003,1,"11,67"
8260,2025-02-05,2641,P042,1,27.10
10464,2025-09-21,1084,P025,1,34.52
8108,2025-07-16,3257,P032,1,14.92
12882,2025-11-19,2902,P042,3,104.95
15224,2025-11-25,515,P022,2,"17,01"
6933,2025-02-20,781,P027,1,24.48
16415,2025-09-21,2942,P015,1,40.18
3216,2025-07-31,2022,P034,1,"69,72"
15793,2025-03-14,3751,P013,,14.27
11071,2025-04-25,3160,P039,1,27.61
483,03-11-2025,379,P012,1,34.55
4326,2025-05-03,1629,P025,2,33.22
16708,18/05/2025,3783,P021,1,49.33
10244,2025-05-12,3587,P016,1,9.80
2192,29/08/2025,988,P044,1,"77,80"
15317,07/07/2025,1391,P012,1,13.35
16941,2025-05-10,3556,P048,1,14.72
3765,2025-07-27,2822,P023,2,"66,24"
16466,2025-09-05,2937,P037,1,"25,29"
13285,17/06/2025,1366,P009,1,17.98
14976,16/03/2025,2026,P046,2,48.24
14797,2025-10-01,1726,P034,1,10.45
10051,2025-08-21,3506,P030,2,"21,68"
13577,16/12/2025,2544,P022,1,29.95
8533,2025-10-02,468,P010,2,"19,88"
12271,2025-07-17,731,P018,1,"24,51"
3143,2025-10-28,1040,P005,1,59.76
5334,04/04/2025,2110,P042,1,26.62
5847,2025-05-01,3665,P011,4,35.44
12332,2025-06-02,3056,P038,1,"42,21"
8100,05/05/2025,3165,P027,1,78.46
14192,20/03/2025,2280,P011,1,"30,42"
525,07/06/2025,1489,P017,1,17.97
672,2025-06-28,285,P032,1,23.63
12768,2025-10-25,408,P001,2,29.32
6548,28/08/2025,2770,P036,2,6.93
14217,30/09/2025,1492,P036,3,24.40
1468,2025-10-30,3104,P023,1,36.03
8620,07-05-2025,1789,P038,1,"38,47"
413,2025-02-24,1727,P006,1,175.11
7004,02/11/2025,2367,P023,2,30.11
11863,02/09/2025,1690,P023,1,25.66
10019,2025-05-26,2164,P027,1,3.15
14109,2025-04-23,2169,P037,3,"25,08"
15458,06-19-2025,2168,P029,2,14.63
13717,20/05/2025,748,P020,1,32.53
1328,2025-07-19,2359,P016,2,20.01
16047,18/04/2025,2596,P034,2,"45,75"
14832,2025-10-21,985,P016,1,"26,74"
4601,2025-05-07,999999,P040,1,37.33
429,2025-06-24,1089,P044,1,49.18
3523,2025-04-19,117,P038,1,42.24
9245,2025-02-28,3436,P021,1,36.73
15891,2025-07-31,2655,P021,3,"7,93"
1299,14/02/2025,746,P043,1,"36,47"
6460,2025-12-26,2300,P021,3,"42,81"
6332,2025-02-23,347,P005,1,17.82
3770,2025-03-27,49,P028,1,"31,19"
13643,2025-04-14,596,P023,,29.53
6505,26/02/2025,1456,P006,1,14.96
10961,2025-06-14,3539,P045,1,8.55
15965,16/02/2025,999999,P001,2,10.86
16129,2025-04-18,1015,P047,1,"18,07"
10229,2025-12-07,4056,P045,1,25.12
10625,2025-03-31,3051,P030,1,"39,11"
16144,30/08/2025,1782,P010,1,28.72
3578,2025-08-02,1714,P010,3,"91,49"
3568,2025-03-17,1625,P029,2,16.68
14816,2025-12-29,1709,P035,4,78.73
4401,2025-08-12,3658,P022,1,"29,82"
5141,07/08/2025,1347,P044,2,"13,47"
284,2025-03-04,2265,P036,1,"34,67"
11637,2025-11-27,2980,P023,1,11.54
16348,2025-12-11,1079,P008,1,"22,64"
16491,2025-11-30,1348,P004,1,"12,97"
3926,14/12/2025,636,P007,1,20.09
10670,2025-06-28,4022,P019,1,"26,20"
2581,15/08/2025,374,P011,1,"53,60"
12311,2025-10-01,3404,P029,1,"18,88"
2444,2025-01-17,516,P021,1,18.65
12115,02-02-2025,2543,P041,1,"29,65"
11603,28/10/2025,631,P044,3,"28,49"
4269,2025-04-05,2914,P032,1,78.71
17953,18/01/2025,950,P041,1,27.57
8793,06/11/2025,1689,P045,1,"26,88"
2248,13/02/2025,1266,P015,1,7.62
14966,2025-01-05,3768,P044,1,82.35
10509,20/02/2025,3256,P041,1,"52,37"
3753,2025-03-30,671,P038,3,"15,43"
7602,2025-08-21,2967,P005,1,15.38
16792,2025-12-04,57,P028,1,"36,87"
3554,2025-11-14,3735,P004,1,"43,19"
12724,2025-09-13,3821,P024,1,11.99
16250,07-15-2025,2653,P012,2,68.08
15240,2025-08-12,1323,P042,-1,25.86
9475,2025-10-08,1486,P030,4,"90,04"
6796,01-24-2025,868,P018,1,"51,79"
17387,2025-04-27,2003,P022,2,"10,47"
9212,2025-11-04,4175,P026,1,15.79
3689,2025-04-24,2008,P038,2,"30,83"
8824,20/12/2025,859,P025,1,28.09
10129,2025-08-31,1123,P044,1,40.40
9033,2025-08-03,164,P048,1,"6,23"
2599,2025-05-14,999999,P006,2,8.81
9243,2025-05-13,3536,P045,3,"19,85"
2124,08-16-2025,1145,P005,2,19.29
3599,23/06/2025,2664,P021,1,45.52
6286,03-06-2025,3206,P001,1,38.47
12296,10/08/2025,3378,P004,1,33.90
14802,2025-11-21,1640,P001,1,16.29
6542,03/02/2025,1566,P024,2,"14,74"
870,29/08/2025,840,P043,3,12.59
1008,2025-04-30,3060,P006,4,23.92
9468,14/04/2025,3909,P040,1,21.76
12552,2025-01-12,3141,P031,3,15.29
8743,2025-11-17,124,P010,2,9.61
10319,12-24-2025,3256,P047,1,24.82
3325,07-12-2025,2901,P026,1,27.98
10532,2025-07-12,419,P035,1,"12,82"
2048,2025-03-06,1610,P036,4,21.76
11697,2025-07-05,1079,P022,3,66.06
11813,2025-03-26,2924,P003,1,12.02
8219,2025-10-09,3665,P002,1,10.80
11437,12-14-2025,1730,P025,2,22.86
5560,13/12/2025,3285,P021,1,9.20
15893,2025-06-25,3936,P030,2,19.23
4476,25/07/2025,2180,P045,1,31.70
7804,11/09/2025,268,P047,2,31.59
2580,2025-08-21,42,P044,2,"35,82"
8759,2025-06-29,800,P003,1,125.90
16502,2025-02-16,902,P029,1,42.45
13067,2025-12-09,4165,P046,2,13.92
13170,21/08/2025,2366,P021,1,"60,24"
3686,12-03-2025,2023,P015,2,17.37
1868,25/05/2025,775,P045,1,12.42
17234,2025-03-01,2523,P014,4,19.41
17918,2025-11-10,2096,P037,1,53.67
15111,09-22-2025,2699,P038,1,"22,49"
8204,2025-01-26,4148,P042,2,20.65
12713,2025-11-17,3249,P038,1,21.52
10351,12/01/2025,4108,P038,1,"111,74"
7210,2025-10-31,3340,P015,1,"30,83"
14367,05/02/2025,1625,P018,1,32.74
7385,2025-08-22,699,P048,2,"13,63"
4332,2025-06-20,930,P005,1,41.06
13164,2025-08-01,3230,P029,1,27.38
6477,2025-12-04,1631,P032,3,23.41
14327,18/10/2025,3428,P032,1,20.71
17126,09/03/2025,3476,P035,1,14.09
9369,02-24-2025,772,P004,2,17.30
7767,2025-12-04,3724,P037,2,24.26
5801,2025-09-04,1725,P034,2,9.69
2023,18/10/2025,815,P038,1,24.42
7362,12/08/2025,3768,P016,4,27.72
17132,18/11/2025,88,P034,1,20.32
5363,2025-12-10,3906,P023,1,33.34
4697,2025-03-28,1210,P019,-1,"24,16"
14174,2025-01-26,3392,P045,2,31.22
2062,2025-11-10,3461,P045,1,48.75
7376,2025-12-29,1053,P041,3,67.02
2468,2025-09-10,2523,P015,1,55.14
9735,12/05/2025,1270,P002,1,18.36
1357,17/03/2025,537,P041,1,22.75
16440,2025-06-22,3408,P046,1,"29,34"
3109,25/04/2025,3907,P017,1,35.97
14068,21/02/2025,1602,P038,1,47.33
3487,03/03/2025,1791,P004,,25.92
7926,2025-02-22,1261,P042,1,33.83
17883,30/06/2025,1194,P016,1,11.41
11486,2025-10-20,2089,P046,1,25.06
9168,2025-06-29,1778,P042,1,"65,28"
9422,2025-07-18,3428,P046,3,"16,85"
9869,04/03/2025,1642,P024,1,"106,73"
6139,05-29-2025,1436,P046,1,"11,95"
2130,2025-12-03,637,P013,1,78.66
13258,2025-10-02,3796,P017,1,22.94
5235,2025-11-11,3721,P003,2,10.74
8462,01-25-2025,1023,P019,1,"18,75"
14044,04/09/2025,2185,P047,1,35.55
5804,2025-05-24,556,P037,3,"32,61"
14102,2025-04-03,1726,P035,1,11.94
8868,02/03/2025,1249,P036,2,34.36
9291,2025-11-23,1001,P048,3,"17,43"
16842,03/12/2025,1430,P044,2,18.20
12457,2025-05-04,1960,P027,1,73.99
7178,2025-02-18,2219,P027,1,"39,44"
7392,2025-05-30,1670,P047,1,37.29
10174,08-14-2025,283,P029,1,9.96
11440,2025-12-09,1272,P048,2,59.18
13971,2025-06-26,2526,P021,1,17.69
7990,24/03/2025,2233,P024,3,66.20
6135,2025-09-16,3706,P008,2,7.84
7112,2025-07-27,3130,P042,1,43.15
4488,2025-08-31,2064,P040,1,"32,40"
3680,2025-03-06,4090,P043,1,20.52
7205,2025-11-28,3158,P016,1,30.41
2536,2025-10-10,1117,P008,4,22.83
3184,28/02/2025,124,P030,2,18.56
6423,09/06/2025,4028,P047,1,31.24
8152,09/04/2025,2209,P018,1,"30,66"
5068,08-18-2025,3049,P025,4,"28,77"
3158,2025-04-13,103,P034,1,36.64
49,09/10/2025,3995,P041,1,6.94
13495,2025-11-09,1929,P028,1,"43,50"
12131,2025-08-30,3846,P010,3,"55,93"
9790,02/03/2025,585,P048,3,21.47
13290,15/07/2025,1254,P034,1,"17,39"
8689,2025-01-02,2883,P031,1,72.24
17094,2025-06-20,3704,P031,4,12.66
810,2025-03-08,915,P011,1,32.93
14152,2025-12-01,315,P033,4,12.98
5594,2025-06-10,2134,P021,1,30.75
11363,01-30-2025,1904,P001,2,38.38
8590,2025-12-03,4088,P017,1,48.70
14654,2025-11-02,1775,P010,1,"16,03"
12391,2025-03-23,1282,P031,1,48.24
4526,2025-07-28,2607,P013,1,57.28
5254,2025-01-07,3950,P014,3,57.26
4591,2025-03-24,2258,P035,2,"16,39"
111,03/06/2025,999999,P029,2,61.65
56,23/08/2025,2783,P036,2,16.73
2260,13/07/2025,2825,P015,1,6.65
8948,2025-07-03,2907,P021,1,40.80
15989,2025-07-02,1423,P047,2,45.52
3676,19/05/2025,972,P017,2,30.08
1564,2025-01-15,2919,P005,4,36.94
15764,2025-11-09,3693,P011,1,53.11
507,2025-07-19,3602,P037,,"55,31"
10443,09/06/2025,3010,P020,1,23.11
11173,04/01/2025,65,P031,3,24.25
1054,16/08/2025,2800,P043,1,31.36
9318,06/01/2025,2942,P027,3,47.01
16989,2025-04-19,2700,P003,2,"48,62"
2492,2025-02-14,2824,P034,2,18.40
15529,25/01/2025,3931,P027,1,"38,83"
17775,13/01/2025,752,P032,1,39.38
13828,2025-07-17,4145,P048,4,17.23
17987,07-23-2025,4006,P004,3,28.30
1051,2025-10-05,3317,P027,2,32.26
1741,2025-02-09,2255,P040,1,37.74
14689,04/03/2025,1406,P006,2,25.09
4441,2025-12-10,3515,P021,1,37.41
10919,2025-02-24,4181,P025,1,"45,19"
14536,02/07/2025,772,P024,3,"27,14"
4194,2025-10-24,4157,P008,2,8.29
17150,12/11/2025,3254,P017,1,12.34
165,2025-05-16,3803,P003,2,"33,46"
4741,2025-06-04,2614,P017,1,25.61
17516,2025-09-17,1255,P042,1,"22,60"
8274,2025-03-29,2132,P036,1,19.80
17934,2025-08-20,4094,P008,2,"38,08"
7502,2025-09-26,3367,P008,1,17.26
4892,2025-01-03,962,P046,1,48.79
2571,2025-11-15,1105,P031,1,34.15
17537,20/12/2025,2963,P010,1,"23,22"
9340,21/05/2025,2503,P029,1,"21,74"
8454,2025-05-21,2257,P031,3,37.80
2486,15/02/2025,1885,P037,2,21.73
5048,2025-11-06,3626,P013,1,33.86
5764,07-20-2025,3405,P029,1,35.97
13366,2025-11-10,1270,P003,1,10.33
1655,06/02/2025,623,P032,,37.32
9328,2025-10-08,3862,P014,1,"11,67"
15676,24/01/2025,3812,P039,1,31.21
3150,2025-09-13,491,P002,1,21.52
5151,2025-06-19,3384,P013,1,12.45
12616,2025-06-05,3486,P019,2,52.42
39,2025-09-08,2285,P048,1,26.08
353,2025-04-15,2527,P013,1,34.30
4839,26/02/2025,3211,P002,3,24.33
6201,03-05-2025,346,P040,1,27.91
5955,21/03/2025,296,P023,1,47.80
8529,29/06/2025,3245,P015,1,83.51
12748,29/09/2025,1767,P043,2,31.79
3154,2025-04-03,2602,P005,3,84.21
16627,31/12/2025,3141,P013,1,32.41
6378,06-01-2025,2857,P032,2,41.96
8027,2025-07-19,999999,P036,1,11.47
14771,09-09-2025,2798,P045,1,"41,42"
4619,2025-02-09,3544,P003,4,13.30
329,04/05/2025,598,P019,3,58.47
9509,2025-05-16,4092,P022,1,57.05
3894,2025-08-09,2424,P005,4,"31,39"
11338,2025-04-27,2475,P027,2,17.33
12988,2025-03-22,777,P047,1,9.29
15646,2025-10-30,3393,P006,4,43.25
13348,2025-06-24,2941,P001,2,24.91
2629,2025-04-05,425,P001,3,"53,92"
9684,2025-01-11,3001,P027,1,29.66
992,26/04/2025,578,P035,2,"14,50"
15181,2025-01-04,3384,P017,1,7.65
17115,15/06/2025,3032,P011,1,28.81
12927,18/10/2025,2666,P030,1,27.90
4228,2025-01-18,2616,P022,2,27.71
9956,2025-08-21,259,P007,1,43.47
10024,12/05/2025,4057,P008,1,19.74
1276,19/01/2025,3960,P021,2,"6,25"
7597,2025-01-15,2235,P016,1,8.71
1549,03/10/2025,1336,P012,1,34.33
6403,31/03/2025,670,P032,1,17.80
2513,19/03/2025,2538,P010,2,27.82
2077,15/07/2025,2659,P026,3,12.70
13419,08/06/2025,1798,P020,1,32.61
15330,2025-09-17,3990,P022,2,"33,25"
5957,2025-05-17,2053,P048,2,"7,34"
11571,2025-10-19,1350,P013,1,"11,68"
10648,2025-04-20,880,P040,2,"13,09"
13406,2025-02-16,1194,P044,1,8.78
16772,19/12/2025,3377,P027,4,14.96
2226,2025-10-14,3879,P019,1,13.55
10755,29/08/2025,359,P046,2,"40,55"
3688,07-03-2025,3361,P033,1,"39,23"
679,07/08/2025,256,P009,1,16.97
5691,2025-12-14,3764,P017,1,15.74
2654,2025-06-20,2477,P003,1,22.48
4552,2025-09-28,2790,P047,3,57.67
16611,15/12/2025,4048,P002,1,10.27
14995,29/09/2025,2317,P034,1,8.85
1540,10/07/2025,3599,P026,2,24.78
12994,03/05/2025,109,P036,3,"21,87"
2200,14/11/2025,712,P015,1,"14,36"
8811,29/06/2025,3115,P035,1,"12,38"
9734,23/12/2025,2457,P031,-1,40.92
785,30/07/2025,2722,P002,1,13.87
12123,2025-06-30,2695,P008,1,22.46
2754,02-03-2025,3265,P002,2,"24,09"
14377,06/11/2025,886,P006,1,25.28
10160,2025-12-08,1588,P001,1,10.76
5585,2025-08-12,2238,P033,1,"30,03"
9042,2025-12-08,2756,P016,1,21.19
5072,2025-10-06,3552,P027,3,18.12
3877,2025-10-06,531,P001,2,"81,22"
13778,05/06/2025,346,P005,3,20.87
7421,26/07/2025,1701,P018,1,"57,89"
9093,2025-07-05,3193,P046,1,20.98
15831,2025-12-22,1576,P008,1,"37,89"
13382,05/12/2025,1858,P015,1,"50,90"
12232,2025-12-01,75,P018,2,20.89
5390,2025-08-04,2740,P027,2,23.36
12631,2025-04-27,2720,P042,1,52.44
6808,2025-11-24,2968,P043,2,27.20
17666,2025-10-24,1911,P029,2,"23,51"
11996,2025-08-27,738,P021,1,21.09
12489,2025-04-05,3276,P021,1,10.56
880,06-13-2025,3629,P007,1,21.42
713,22/06/2025,2549,P007,1,13.34
14817,12-12-2025,3484,P016,1,"26,99"
1889,2025-10-16,3365,P045,1,21.59
6653,2025-07-29,2248,P001,1,27.10
6397,2025-09-14,3901,P029,2,"37,22"
1762,04/01/2025,1536,P043,1,"17,20"
5969,21/08/2025,1218,P035,1,21.40
14074,2025-04-09,999999,P033,1,31.39
3612,2025-02-04,1868,P001,1,"19,40"
13221,2025-01-19,302,P006,2,"50,31"
6980,2025-05-27,442,P030,1,"12,08"
15691,10/10/2025,2147,P021,1,24.42
1948,2025-04-21,214,P020,1,"18,30"
14135,08-09-2025,3814,P035,1,19.35
17997,08/08/2025,1054,P024,2,"18,05"
2157,2025-01-14,1381,P012,2,29.76
14357,2025-11-16,3687,P044,2,"14,95"
1872,2025-09-17,706,P047,2,"29,44"
17617,2025-11-15,2437,P043,1,10.66
3431,2025-02-06,4143,P026,2,"23,18"
11064,24/11/2025,1833,P019,1,"17,22"
4595,17/05/2025,969,P031,1,15.47
1406,2025-10-06,4112,P022,2,"17,66"
12230,2025-07-30,2916,P001,3,31.54
11958,07/09/2025,3763,P004,1,"13,58"
14985,2025-06-21,1729,P008,1,37.24
9377,2025-02-12,2367,P023,1,19.33
11354,26/02/2025,3002,P013,3,15.59
15072,03-16-2025,276,P035,3,29.91
6782,2025-05-01,3059,P016,1,"27,74"
3227,2025-09-13,439,P045,2,38.08
12793,08-01-2025,3197,P035,1,"13,44"
14279,2025-03-26,410,P037,2,25.19
11933,17/03/2025,3053,P002,1,122.16
1157,2025-10-17,1226,P038,1,"17,80"
12767,2025-02-21,3919,P035,1,"13,06"
17169,2025-09-06,754,P045,1,47.23
17253,2025-01-22,1224,P026,1,"13,46"
4045,15/12/2025,2770,P020,2,85.44
16683,10/09/2025,46,P004,1,30.51
14487,05-12-2025,2146,P007,2,38.66
8573,07/02/2025,1347,P018,2,30.28
1921,2025-12-09,3166,P009,4,"60,31"
14333,2025-02-03,2267,P016,4,74.25
5584,2025-05-22,3021,P027,1,"27,23"
4888,2025-10-28,3630,P035,1,29.95
5043,2025-08-03,999999,P015,1,"7,48"
16081,2025-02-07,1211,P014,1,"19,06"
8624,04-15-2025,3713,P005,2,23.66
17241,2025-04-30,2852,P030,2,"13,00"
15449,04/10/2025,3629,P025,1,39.83
6482,10-30-2025,406,P017,1,"38,11"
15122,2025-05-30,1693,P010,2,"20,44"
5425,2025-01-28,1191,P036,1,12.62
10018,07/09/2025,3423,P001,2,"27,50"
6659,2025-07-06,1614,P003,1,20.66
12871,2025-07-26,3948,P024,1,13.26
13236,2025-07-25,1156,P005,2,27.33
15772,2025-11-14,3803,P002,1,"22,84"
14334,2025-09-29,4186,P040,1,"45,84"
8403,2025-03-12,1260,P031,3,"47,40"
4041,23/06/2025,1736,P003,2,35.89
11944,2025-04-15,953,P001,2,"8,31"
12858,2025-03-09,675,P026,4,55.41
10523,07/11/2025,1605,P013,1,55.89
2512,2025-11-25,839,P002,1,"31,64"
14134,2025-01-21,999999,P015,3,27.69
13280,31/07/2025,3763,P030,3,"36,10"
15115,12-05-2025,2573,P022,2,"24,17"
1148,2025-08-29,2676,P024,1,"16,14"
14667,25/09/2025,2146,P002,1,68.04
10041,2025-02-26,2640,P047,1,"46,14"
4842,2025-06-07,2604,P025,1,17.05
5878,07-10-2025,3865,P030,1,19.14
6299,2025-09-26,585,P027,1,15.45
1139,2025-04-11,3283,P035,1,30.99
16853,10/10/2025,551,P001,4,"106,45"
11510,04/11/2025,195,P048,1,14.81
4771,2025-06-16,3412,P013,2,35.32
9749,10-22-2025,1010,P015,1,20.97
13590,03-16-2025,1419,P041,1,36.81
10286,23/08/2025,288,P028,2,65.78
3530,2025-12-21,1239,P037,1,38.43
17699,23/04/2025,1571,P016,2,11.85
15310,01-12-2025,67,P001,1,"50,44"
5422,05/11/2025,3882,P039,2,22.37
2251,20/01/2025,323,P033,1,64.35
842,16/06/2025,3532,P010,3,18.32
13182,04-19-2025,322,P046,3,20.84
8753,2025-01-27,2437,P029,1,"38,87"
11099,2025-05-11,1108,P040,3,35.19
16822,2025-08-16,4014,P038,4,39.52
385,2025-11-08,2065,P045,4,9.51
2521,2025-01-14,694,P045,2,36.69
7548,2025-06-28,2837,P047,1,"4,80"
1735,2025-04-13,950,P019,1,"49,24"
879,2025-07-18,999999,P034,2,43.55
11533,2025-11-09,4132,P025,2,23.75
14898,2025-01-30,361,P041,1,20.00
10291,2025-09-07,3989,P001,1,27.61
814,2025-02-03,1726,P031,1,"32,82"
7143,2025-06-18,1646,P005,1,37.00
4821,12-07-2025,3740,P006,1,49.44
4666,2025-05-11,3918,P005,3,"44,40"
4337,24/03/2025,1050,P003,1,48.81
6315,15/08/2025,3224,P028,2,29.74
4563,2025-06-20,3190,P022,2,18.33
802,03-07-2025,4010,P023,2,"5,65"
5099,2025-07-09,2636,P006,1,16.84
12052,2025-09-25,3847,P024,3,13.98
13937,09-16-2025,2032,P024,2,21.50
3680,2025-03-06,4090,P043,1,20.52
17926,2025-01-28,2373,P011,1,69.76
6509,2025-06-23,1824,P040,2,9.61
8955,12/09/2025,3475,P030,1,"26,15"
1719,07/08/2025,27,P006,1,29.31
5249,2025-12-22,598,P024,1,43.46
14056,07/03/2025,2107,P044,1,32.28
13000,03/04/2025,3735,P008,1,29.97
16192,2025-08-06,999999,P041,1,22.35
7550,2025-04-17,1818,P032,4,74.46
1867,2025-06-06,2037,P013,1,33.98
10881,27/09/2025,2776,P006,1,"31,88"
17223,2025-09-09,2580,P041,1,"20,06"
7229,2025-09-04,1548,P019,3,64.94
6300,13/03/2025,809,P002,,"28,88"
3152,2025-12-17,2252,P014,1,119.92
5340,2025-07-31,3050,P026,1,35.62
264,2025-05-16,3772,P005,1,12.36
11848,2025-04-19,705,P021,1,20.27
12742,2025-12-01,1409,P018,1,44.22
8262,2025-12-09,3596,P017,1,41.76
9613,2025-02-01,3645,P022,1,"35,87"
10779,2025-09-24,2464,P034,3,21.48
2266,2025-01-24,3662,P020,3,11.54
17119,2025-12-27,3825,P039,3,18.32
16490,09/04/2025,3765,P040,2,45.41
11677,2025-03-13,2133,P033,1,"24,22"
9204,10/01/2025,85,P017,2,38.39
1083,2025-07-07,475,P015,2,53.10
13225,2025-11-14,1274,P010,4,13.27
17782,2025-01-29,626,P044,2,89.45
16964,08-20-2025,793,P033,1,"38,34"
9469,2025-01-21,53,P006,4,36.06
12214,08/07/2025,985,P036,2,21.58
12336,2025-04-30,1606,P039,4,44.00
4617,2025-04-26,232,P032,2,"90,86"
16747,01-23-2025,1859,P006,1,"16,34"
17880,2025-08-08,79,P023,1,39.42
6076,2025-04-28,2709,P028,1,"79,95"
1813,2025-09-03,2403,P010,1,"19,39"
1021,2025-12-14,2588,P026,1,"25,51"
15844,2025-01-12,2413,P006,2,31.71
4211,2025-07-09,2250,P035,1,"25,47"
6810,21/04/2025,4054,P045,,8.27
10654,2025-08-19,3055,P004,1,"13,00"
6053,2025-07-22,3334,P046,,64.51
10128,2025-05-27,2750,P019,2,118.29
6062,06-17-2025,319,P045,2,32.59
2539,11-27-2025,699,P010,3,"35,30"
11718,21/02/2025,3343,P024,3,18.07
768,27/05/2025,3264,P020,2,14.63
17860,23/10/2025,2548,P039,4,18.05
591,2025-01-31,3992,P022,2,33.39
1292,2025-12-09,1798,P025,3,43.47
9817,2025-10-02,3957,P014,1,"20,43"
1454,16/04/2025,2221,P036,3,18.15
8202,2025-01-22,2346,P024,1,43.72
11137,2025-07-18,2991,P028,2,42.98
14668,27/10/2025,309,P029,1,11.32
17534,08/01/2025,385,P033,4,33.74
10120,02-20-2025,3483,P011,1,19.88
3466,12-23-2025,4194,P016,1,49.71
13068,2025-10-12,4061,P016,1,88.18
14902,2025-12-31,453,P009,1,"11,92"
759,2025-01-18,2981,P011,3,22.90
4955,14/10/2025,1134,P032,1,30.49
1081,26/03/2025,3212,P044,2,16.49
15726,2025-03-24,2428,P012,1,9.60
7861,04/10/2025,282,P012,1,16.32
417,2025-01-22,3584,P011,1,"24,09"
17623,2025-04-04,1954,P009,1,50.02
2318,05-12-2025,1601,P004,2,22.58
10019,2025-05-26,2164,P027,1,3.15
11349,06/07/2025,957,P031,2,37.31
2016,2025-11-28,1659,P019,1,"23,72"
6997,2025-12-21,1188,P013,1,"7,11"
6647,2025-04-27,634,P010,1,7.52
11814,2025-07-16,623,P003,4,34.33
861,2025-12-06,3664,P046,4,32.48
17546,02/11/2025,2672,P014,1,"19,81"
12812,2025-08-22,3433,P037,1,32.44
12160,04-04-2025,91,P023,2,57.43
224,2025-12-24,711,P036,1,9.32
7665,2025-03-02,2571,P043,3,94.28
2434,01/03/2025,156,P010,1,17.41
4295,2025-07-12,4086,P010,2,37.52
16445,2025-07-03,2523,P017,1,25.81
3121,2025-08-11,2938,P008,2,36.50
793,2025-07-22,999999,P043,1,"36,54"
10155,23/03/2025,2132,P024,1,31.48
17431,2025-03-21,3993,P012,1,46.92
13525,2025-03-24,3881,P007,3,"15,52"
1325,2025-04-29,2888,P028,3,"17,23"
3199,19/11/2025,2337,P014,2,25.51
3221,2025-02-07,2668,P039,1,"17,31"
14053,2025-10-23,956,P041,2,74.94
17309,2025-05-20,4089,P023,1,36.97
8310,2025-03-08,4159,P040,2,"25,70"
10714,2025-07-26,532,P003,1,30.07
80,2025-04-14,1889,P021,1,26.46
3958,2025-12-29,4108,P034,1,"15,65"
6469,07/01/2025,1143,P009,3,14.86
16889,07-21-2025,684,P015,2,18.83
7240,01/01/2025,400,P007,1,8.14
10157,2025-04-01,4088,P035,2,46.61
1380,10-04-2025,3589,P044,1,"42,06"
2852,2025-05-26,3926,P024,1,48.33
250,2025-12-14,3843,P015,4,28.12
2385,2025-03-31,3056,P005,4,14.44
17051,29/03/2025,2621,P034,1,37.51
246,03-09-2025,154,P043,1,51.85
580,2025-12-07,3465,P027,1,23.34
16804,2025-01-20,1536,P044,4,"19,03"
5310,2025-08-22,290,P043,1,62.97
12906,2025-07-24,3669,P023,4,27.07
4352,03-30-2025,343,P006,1,31.57
6797,2025-06-11,2769,P007,2,16.51
17279,2025-09-05,3084,P035,1,10.38
15523,2025-08-03,455,P030,3,26.75
13749,09/12/2025,287,P024,2,12.01
17991,2025-03-14,3154,P026,1,34.42
16000,04/12/2025,3439,P039,1,"14,78"
5589,2025-11-13,1364,P037,1,24.67
14349,2025-05-15,410,P004,1,58.70
2324,2025-04-26,2240,P042,2,"56,91"
15163,20/01/2025,2333,P034,1,21.03
17899,2025-09-16,1651,P037,2,105.99
1034,2025-06-01,3699,P006,2,"22,21"
12118,2025-08-22,665,P004,2,"35,23"
1682,01-06-2025,737,P043,1,"28,52"
6732,2025-08-18,3192,P032,1,"26,84"
16121,09-28-2025,2747,P019,4,28.03
10837,2025-05-02,2980,P035,1,"34,74"
17344,2025-08-20,1987,P015,2,"13,43"
2563,2025-02-25,862,P035,3,"173,77"
17916,2025-10-10,635,P048,1,"34,76"
8047,2025-06-12,752,P003,1,62.26
13084,13/08/2025,443,P038,1,36.44
14604,2025-08-16,1448,P024,2,20.42
8727,2025-04-07,519,P036,2,"21,08"
9547,2025-12-08,2713,P015,4,40.24
17882,2025-06-24,266,P039,2,82.44
10435,03-31-2025,180,P029,1,18.57
8400,02-24-2025,4163,P033,1,14.55
15922,03/06/2025,2253,P003,1,"45,88"
13579,2025-06-17,3306,P028,1,"30,53"
7334,2025-01-16,1814,P042,1,27.00
3485,2025-01-29,3732,P031,3,60.13
17966,2025-02-15,2389,P020,1,53.68
13942,10/07/2025,1952,P001,3,58.05
10594,2025-08-23,2163,P045,1,29.49
2679,25/05/2025,2219,P031,1,"26,21"
5739,2025-06-04,2109,P020,3,"25,48"
711,16/10/2025,2296,P035,1,"30,46"
13046,2025-12-03,2308,P001,1,33.11
2816,23/04/2025,1428,P014,2,"43,09"
3162,2025-10-14,982,P018,2,30.94
11723,12-10-2025,2079,P013,2,57.16
13737,04-07-2025,747,P018,1,30.28
510,07-14-2025,1726,P020,3,17.72
16575,2025-10-05,936,P035,1,15.63
1205,06-20-2025,1849,P031,2,110.47
706,2025-02-25,3829,P030,2,27.09
13700,02/09/2025,1356,P032,1,30.19
2702,11-06-2025,3014,P041,1,10.79
5716,2025-04-23,3737,P031,1,43.71
14768,11/04/2025,3665,P030,1,"26,53"
12820,2025-12-31,447,P009,1,"37,39"
16497,27/05/2025,1743,P022,1,4.41
16140,29/03/2025,1966,P037,1,"33,31"
9539,05/03/2025,2956,P018,1,30.64
8132,06-07-2025,2695,P035,1,"59,72"
3923,10-20-2025,2936,P041,1,"71,93"
12071,19/04/2025,3950,P007,1,48.60
1239,03/03/2025,1259,P042,3,10.37
15852,2025-08-19,1794,P030,3,"28,11"
3428,21/01/2025,3786,P030,2,46.57
984,2025-02-27,3281,P026,1,82.00
11091,2025-12-14,732,P001,1,"43,79"
10568,30/10/2025,1151,P011,1,41.78
1577,12-31-2025,1039,P045,1,68.04
5928,2025-04-21,1178,P001,2,12.44
4376,2025-03-20,3260,P022,1,55.96
10845,2025-03-21,3278,P008,1,14.86
16464,2025-07-20,770,P016,2,"13,71"
2651,2025-01-28,3951,P002,2,"22,95"
7808,10/11/2025,1659,P029,2,33.44
9799,10/09/2025,9,P033,1,146.77
16180,2025-05-15,3826,P010,1,16.79
8190,2025-10-25,3253,P044,2,"103,65"
14896,18/02/2025,4148,P029,1,"11,95"
15261,10/05/2025,1235,P022,2,23.79
4548,06-30-2025,2419,P023,3,"71,68"
10213,2025-09-14,2489,P021,3,59.63
31,2025-04-09,2118,P042,1,21.92
6956,2025-03-04,1366,P044,1,23.84
1350,2025-08-01,3052,P022,1,8.30
9511,07-03-2025,266,P012,1,5.91
12109,31/07/2025,2739,P033,1,"80,60"
3333,2025-05-20,4101,P001,1,"16,62"
7380,03-21-2025,2848,P006,2,27.14
7937,2025-09-02,2767,P039,2,"22,72"
16156,10-23-2025,2781,P031,3,53.57
14002,2025-12-19,2562,P002,2,15.43
15141,08/11/2025,659,P029,1,"23,61"
9566,06-14-2025,2909,P048,2,60.39
7954,02-18-2025,743,P042,2,"21,31"
2657,02/08/2025,2290,P024,1,37.94
10433,2025-11-03,2643,P010,1,36.83
700,2025-09-07,1553,P042,2,16.19
4097,11-09-2025,2535,P022,1,17.01
6827,2025-08-27,2453,P008,4,12.13
12143,05-30-2025,3114,P039,2,"7,53"
6118,2025-05-29,1425,P002,2,99.30
15748,2025-06-01,906,P043,1,36.82
7935,04/10/2025,2881,P012,1,"27,11"
12689,2025-02-24,548,P038,1,25.90
15311,22/05/2025,1650,P032,,12.30
4278,01-06-2025,2906,P005,1,16.45
16471,2025-06-30,3572,P014,,76.97
10720,2025-03-02,1023,P006,3,"52,74"
3749,2025-11-23,1480,P048,1,17.34
7402,2025-02-10,3126,P043,1,27.09
9268,2025-02-17,1654,P008,,13.64
2100,10/05/2025,3177,P042,1,39.48
2885,2025-07-05,2642,P035,2,11.40
10274,2025-05-31,3256,P041,1,38.48
17769,09/09/2025,1775,P022,2,18.78
13492,2025-09-06,3091,P047,1,28.23
9231,2025-07-24,3322,P042,1,"3,51"
9165,24/07/2025,356,P040,1,15.60
17076,21/10/2025,2368,P017,2,"59,96"
6394,2025-04-28,3338,P034,4,69.13
4370,2025-10-26,2409,P003,2,"8,58"
11683,25/06/2025,3092,P031,2,15.02
1857,30/09/2025,2687,P018,1,131.22
11652,14/03/2025,3775,P022,1,20.63
11628,24/08/2025,14,P048,2,27.60
800,06/12/2025,3610,P032,1,"20,24"
17375,2025-04-23,372,P002,1,"30,52"
14882,29/07/2025,971,P009,1,29.52
7556,2025-02-25,3413,P007,2,76.45
12404,2025-03-08,2996,P026,1,145.82
4746,2025-12-10,3799,P025,3,32.89
5133,09-17-2025,2445,P037,3,20.61
9699,2025-01-11,3054,P023,1,11.01
17858,2025-03-21,2545,P014,1,17.70
8385,16/01/2025,3908,P003,1,17.21
9940,2025-03-15,2619,P020,4,48.94
16136,27/09/2025,3996,P018,1,17.85
1335,2025-05-07,1788,P004,2,20.11
4804,24/05/2025,161,P031,1,16.73
457,2025-11-07,1924,P020,4,80.13
13809,2025-07-21,1703,P048,1,"37,35"
9738,07/11/2025,2256,P029,3,19.42
2417,25/08/2025,4162,P020,3,48.04
8827,2025-06-04,1996,P021,2,11.78
11679,2025-08-14,3471,P017,2,22.82
16293,2025-05-04,2216,P033,1,37.79
3316,2025-12-07,1464,P021,1,60.61
3883,09-04-2025,173,P017,4,41.66
16361,2025-12-26,1,P023,1,"47,10"
8134,2025-05-25,1866,P010,4,"21,44"
15902,15/01/2025,1305,P028,4,"38,17"
5838,10-02-2025,1459,P014,1,36.84
10010,12/05/2025,3640,P009,1,22.83
1674,2025-09-07,947,P033,1,47.44
3582,04-04-2025,2254,P017,1,50.51
195,14/12/2025,3662,P032,2,35.89
17235,2025-04-30,2911,P035,1,47.66
3543,04/04/2025,3580,P025,2,28.03
12621,2025-04-27,2737,P013,2,63.35
16555,13/11/2025,2130,P044,2,26.29
13358,2025-03-23,2616,P047,1,28.00
17542,2025-09-22,3185,P009,4,36.85
13689,2025-03-21,2162,P027,1,41.12
17797,08-24-2025,2878,P023,1,"48,61"
10429,2025-05-07,2779,P005,4,22.64
73,2025-02-09,3813,P020,1,"82,80"
17424,2025-06-22,1909,P038,1,27.81
4885,2025-11-27,1796,P008,3,11.64
3024,2025-05-05,38,P036,1,22.34
10414,2025-11-05,2058,P001,1,42.98
7943,01-10-2025,238,P019,-1,"14,13"
3863,2025-03-19,539,P042,1,"32,42"
6211,20/08/2025,1593,P041,1,24.30
12046,24/09/2025,3580,P012,1,94.62
357,24/08/2025,3519,P007,1,32.63
4920,2025-06-03,65,P041,1,23.37
6866,2025-10-14,2093,P026,3,"7,19"
6220,2025-03-08,2872,P033,4,105.12
15026,08-17-2025,3851,P014,1,51.19
14218,11/02/2025,2318,P008,2,8.12
15511,2025-04-17,2671,P040,2,"88,23"
162,03/04/2025,786,P036,1,"24,51"
6957,13/02/2025,2085,P044,1,20.37
1660,22/10/2025,923,P018,1,"23,14"
6080,2025-08-13,1318,P006,2,78.41
8336,2025-10-15,908,P011,1,"9,28"
4548,06-30-2025,2419,P023,3,71.68
5833,01-30-2025,986,P034,3,6.48
15407,2025-04-12,1000,P046,1,29.85
5302,06/11/2025,2720,P023,,16.10
6156,2025-07-12,3301,P027,2,36.22
13588,08-17-2025,1556,P031,1,19.06
9868,01-10-2025,1643,P031,1,37.06
9510,2025-01-14,2217,P015,1,52.19
17746,11-01-2025,664,P040,1,20.73
8776,09-21-2025,982,P030,2,27.30
11385,2025-07-11,1225,P001,3,19.71
8088,09/08/2025,3971,P040,1,13.09
6312,2025-01-03,1180,P010,2,19.61
15868,2025-08-04,2721,P001,1,25.52
13310,2025-09-12,2725,P039,1,12.60
2847,2025-10-23,2361,P008,2,10.29
2541,2025-01-02,11,P039,1,79.79
9025,2025-05-27,3896,P014,1,44.03
16597,06/12/2025,1122,P021,1,16.98
7634,2025-11-17,2358,P027,1,60.90
5991,2025-08-07,2374,P038,1,33.55
7734,2025-09-17,2305,P038,3,65.74
8195,2025-02-09,3851,P029,1,57.10
1237,2025-06-20,457,P005,1,"32,63"
14115,08/07/2025,1853,P048,1,"9,66"
10359,04/01/2025,999999,P006,2,45.49
209,2025-06-23,1276,P018,1,42.07
6611,2025-05-16,4108,P040,2,23.97
3446,2025-05-16,4003,P030,2,53.97
10638,2025-10-07,1691,P038,1,33.20
11974,10/08/2025,3041,P003,1,26.37
7061,05/11/2025,83,P036,1,33.15
3603,2025-02-05,2851,P007,3,21.36
11831,2025-03-10,4021,P012,2,8.66
10014,2025-11-02,4082,P022,1,52.34
198,2025-09-04,1515,P020,1,"57,19"
3835,2025-11-03,1,P015,2,26.58
9755,2025-06-29,3559,P009,1,164.89
3496,28/11/2025,3707,P038,3,18.07
1960,21/12/2025,653,P005,1,18.93
9436,15/09/2025,603,P027,2,"42,76"
17023,05/11/2025,3356,P036,1,28.03
17509,2025-09-09,3312,P008,2,"18,22"
6607,17/10/2025,1751,P006,1,39.64
12106,2025-04-03,3957,P009,1,65.17
2698,2025-02-02,3527,P013,3,42.51
16868,26/06/2025,1635,P026,1,22.42
293,2025-08-22,1706,P008,1,63.64
14910,2025-08-27,3106,P040,,"39,44"
9338,2025-04-24,1042,P032,1,26.69
12537,2025-10-21,1149,P031,1,"34,98"
16283,22/12/2025,4103,P002,1,20.76
5255,2025-12-08,2953,P011,2,79.37
2814,2025-06-07,1018,P042,1,"22,68"
6744,2025-12-19,349,P003,1,"27,28"
7854,12/12/2025,4095,P033,1,44.15
1397,2025-07-14,1971,P030,1,50.96
17504,24/09/2025,643,P012,1,"14,33"
2167,12-30-2025,632,P042,1,36.18
12569,2025-04-02,4160,P008,1,46.57
17866,09/10/2025,3275,P026,1,18.86
16033,2025-05-04,970,P044,1,27.14
6654,2025-07-12,48,P001,3,"8,73"
12912,2025-07-23,4075,P032,1,56.66
5485,22/06/2025,2447,P022,1,120.37
9524,2025-10-11,3492,P027,4,13.31
2072,2025-06-05,635,P027,3,27.37
3618,2025-07-13,224,P028,1,19.73
12674,21/08/2025,2128,P009,1,16.01
3406,2025-07-26,1062,P045,1,40.38
7931,2025-07-31,1775,P036,1,"7,58"
15863,28/08/2025,1327,P016,2,70.15
9701,2025-12-31,3864,P013,1,"26,56"
10843,16/02/2025,3798,P038,2,45.56
6367,07/10/2025,2449,P044,2,32.64
12786,2025-10-11,278,P043,1,63.00
1472,2025-11-07,685,P009,1,4.14
12042,2025-12-01,2315,P022,1,26.38
5920,2025-03-26,2872,P016,1,"24,24"
5029,14/04/2025,1507,P028,1,"11,59"
2364,2025-05-19,2047,P043,3,39.79
13198,2025-11-02,803,P033,1,26.06
2284,2025-05-24,3977,P016,2,15.09
4718,08/07/2025,315,P007,2,29.65
16329,11/08/2025,1241,P048,1,21.61
3642,2025-11-02,3685,P016,2,47.18
16286,2025-06-15,1060,P021,1,22.60
5704,19/11/2025,1205,P009,1,18.88
4267,2025-10-17,1135,P038,2,46.27
6776,03/02/2025,1392,P040,2,14.81
9028,2025-11-01,3253,P027,2,29.38
285,2025-03-07,3683,P038,1,23.82
11300,2025-07-26,747,P024,1,30.88
11962,30/05/2025,301,P043,1,"18,35"
16210,2025-07-25,447,P020,3,45.71
1485,2025-12-15,33,P002,2,11.19
12971,2025-06-27,16,P032,1,84.62
15191,15/01/2025,3018,P013,3,23.18
10887,2025-11-11,1695,P048,2,"41,44"
3866,07/11/2025,1677,P010,1,"18,45"
11975,2025-01-31,2930,P030,1,"72,96"
14289,2025-03-26,472,P003,3,20.90
1400,16/11/2025,1150,P021,1,13.19
2382,2025-09-08,1346,P020,1,"18,98"
9520,2025-07-10,3621,P042,1,"43,51"
68,2025-08-21,2480,P046,2,21.10
17632,2025-03-22,3753,P002,1,20.33
15503,2025-11-21,346,P025,1,17.30
3350,2025-09-10,165,P027,1,17.66
12340,2025-09-08,2252,P015,1,"21,90"
7591,2025-12-17,366,P016,1,38.24
14654,2025-11-02,1775,P010,1,"16,03"
2552,2025-01-06,3692,P020,1,38.48
13649,2025-03-21,3178,P015,2,48.26
6984,2025-10-02,1451,P037,3,10.86
12651,29/12/2025,3028,P015,1,31.85
9797,04/04/2025,369,P023,3,29.94
8460,03/10/2025,598,P018,1,"32,21"
7171,2025-07-27,2166,P038,3,48.39
6743,07/01/2025,999999,P001,2,14.90
11557,2025-06-09,186,P038,2,24.09
10015,2025-01-29,2319,P023,3,44.58
8673,2025-05-21,2226,P005,1,"16,49"
8083,2025-10-25,2648,P017,2,45.93
15736,24/12/2025,1127,P029,1,91.27
15022,2025-06-02,1605,P015,1,26.49
12165,2025-03-13,1929,P037,2,"29,64"
1413,2025-08-18,928,P029,2,50.44
8150,15/07/2025,1013,P018,1,"31,73"
15061,2025-01-21,3878,P034,4,23.93
17400,25/05/2025,2676,P017,1,"24,66"
832,2025-01-02,2666,P034,1,"18,15"
10565,2025-07-28,2523,P003,1,27.10
9455,2025-12-10,1732,P011,1,28.52
4453,2025-06-30,3284,P030,1,34.40
17407,10-16-2025,2963,P043,1,11.29
14092,10/05/2025,130,P029,1,"22,63"
513,2025-08-03,3511,P032,1,47.70
274,2025-06-08,2511,P008,1,44.24
3157,19/07/2025,2453,P033,1,"19,96"
10405,07-16-2025,2346,P027,1,"54,09"
9209,2025-10-03,2660,P010,1,55.91
11237,2025-12-06,1864,P033,2,25.30
14321,2025-03-12,1815,P014,1,"23,52"
575,2025-08-06,1010,P001,1,"47,64"
1430,2025-05-30,2662,P012,2,16.73
10193,2025-01-02,1306,P025,3,"38,96"
8146,24/05/2025,3164,P024,1,10.13
17816,2025-02-16,1287,P019,1,37.90
3954,2025-08-09,1107,P014,2,"19,29"
16490,09/04/2025,3765,P040,2,"45,41"
4184,01-20-2025,3528,P047,1,"39,86"
3421,2025-07-13,2849,P032,4,21.07
15620,22/01/2025,621,P009,1,6.35
13367,29/12/2025,3787,P008,1,23.40
15266,2025-09-15,528,P038,1,13.95
8323,23/03/2025,2164,P021,1,"42,75"
5760,2025-06-14,3523,P023,1,47.02
207,11/03/2025,2663,P033,2,"48,83"
5490,01-16-2025,4066,P016,2,"24,14"
4508,06-19-2025,1294,P016,2,89.49
11389,11-13-2025,937,P045,2,13.62
17144,2025-01-10,3141,P035,4,"28,08"
2479,2025-12-12,881,P045,1,"31,56"
13261,24/09/2025,1866,P005,1,27.01
8140,04-11-2025,3776,P026,1,"16,23"
9242,2025-04-12,4183,P019,1,"25,36"
14658,2025-08-23,2332,P045,2,73.48
16168,2025-10-07,3173,P036,4,17.90
12314,24/10/2025,2963,P021,1,"64,69"
10224,02-23-2025,2721,P024,1,17.27
8240,10/06/2025,783,P043,4,37.59
11669,04-24-2025,1247,P037,2,16.52
9125,14/10/2025,3317,P025,2,"9,64"
3682,11/06/2025,1575,P006,2,"64,38"
7796,03-16-2025,694,P030,2,46.74
4670,2025-09-28,999999,P008,2,10.53
16608,2025-04-30,3170,P012,1,30.87
11406,2025-04-18,2899,P005,1,19.77
12977,18/05/2025,2730,P005,1,38.08
14445,2025-05-02,162,P031,1,18.31
4161,23/07/2025,3294,P042,4,8.90
8509,2025-05-26,2368,P003,2,16.35
13888,2025-11-16,2915,P025,3,59.50
5150,01-10-2025,473,P047,3,35.89
16178,2025-11-20,682,P004,1,14.07
3800,2025-07-21,1481,P021,1,"30,35"
9700,2025-04-19,2650,P042,1,35.52
16961,2025-03-13,3298,P004,4,51.84
1228,2025-12-01,3831,P013,2,38.94
11153,2025-05-12,2542,P045,2,47.87
2805,2025-05-10,912,P007,1,35.15
15054,2025-08-12,480,P030,2,63.87
4599,2025-06-24,3270,P006,2,35.75
9709,04/06/2025,2234,P039,2,"22,47"
9746,11-20-2025,1927,P038,2,"42,96"
10026,07-14-2025,832,P017,1,"20,61"
12808,02/08/2025,1662,P037,2,"19,17"
10970,23/11/2025,3190,P047,1,"27,79"
16155,02-09-2025,3372,P013,1,34.73
6630,16/01/2025,3996,P006,1,"29,15"
16422,2025-11-05,15,P028,1,"38,61"
15571,2025-02-23,2405,P020,1,11.45
4582,2025-07-07,1269,P033,1,36.41
5,2025-08-08,1582,P036,2,"27,23"
6992,2025-04-09,585,P044,1,"22,65"
11335,2025-08-17,3570,P043,3,21.41
8206,29/01/2025,210,P025,2,"22,39"
10527,01-27-2025,1984,P008,1,22.39
2892,11/06/2025,127,P028,1,106.97
6227,2025-05-29,3098,P012,2,11.40
5693,2025-10-29,1657,P045,2,30.41
10428,2025-05-09,2962,P029,1,14.36
4630,04/05/2025,1076,P022,2,12.52
6035,2025-05-03,3883,P037,3,"7,24"
5372,2025-01-24,2320,P035,2,21.54
7485,2025-12-21,959,P022,1,"7,79"
16379,2025-04-16,3920,P002,1,"8,08"
2276,06/09/2025,1420,P029,1,17.99
10948,2025-02-23,2508,P006,1,50.83
5196,26/05/2025,772,P017,1,17.65
6353,2025-06-22,3374,P017,3,40.28
12931,2025-03-19,1138,P036,4,53.01
15247,2025-08-29,2210,P018,1,12.38
7333,2025-11-16,2694,P018,1,"3,62"
9961,2025-11-15,3017,P013,1,20.19
11265,2025-10-29,3106,P011,1,29.76
14325,2025-05-03,4101,P033,3,"40,30"
8653,2025-06-12,1588,P015,1,56.61
2223,2025-05-29,1891,P008,1,17.67
10861,2025-02-04,3352,P043,1,23.43
7571,2025-08-22,938,P032,3,20.54
6890,2025-02-04,2527,P002,1,"18,23"
9227,28/12/2025,768,P024,1,35.96
1032,2025-03-28,821,P014,1,17.78
14424,2025-09-16,32,P038,4,"57,13"
9665,17/02/2025,702,P028,1,34.90
15334,2025-09-18,2802,P047,2,"10,31"
6265,04-19-2025,656,P028,2,17.74
459,2025-01-02,197,P047,1,"18,14"
11774,28/03/2025,3176,P002,1,"30,54"
10678,23/03/2025,101,P037,1,32.24
3122,2025-05-20,2844,P017,1,12.66
16518,2025-11-07,3173,P034,1,14.87
14778,2025-10-06,273,P036,1,27.06
7722,2025-04-25,1605,P035,1,11.30
17647,2025-08-02,1539,P008,4,37.32
1006,16/11/2025,3476,P030,1,46.34
4931,2025-05-19,3067,P022,1,"9,97"
14871,2025-06-25,2193,P011,3,12.54
3278,06/02/2025,1595,P023,3,13.49
5985,2025-01-10,1342,P033,1,"27,04"
5244,2025-02-04,1772,P004,2,"29,30"
3512,2025-10-04,1853,P032,1,17.91
14471,2025-02-06,335,P010,2,"25,53"
9870,2025-07-05,1215,P022,1,33.98
16911,11-08-2025,999999,P012,2,"70,53"
16454,2025-06-02,3623,P047,2,15.08
16496,2025-12-03,3220,P023,3,44.79
12040,31/07/2025,1376,P019,1,12.51
4451,2025-02-14,1802,P046,2,7.23
10778,04/03/2025,738,P042,2,42.24
17174,2025-01-14,1337,P037,1,"20,03"
4051,05-13-2025,243,P028,1,17.40
13321,2025-04-26,2103,P010,3,23.66
2220,2025-10-27,2967,P023,3,49.18
16753,2025-10-12,979,P004,1,49.86
9581,03-10-2025,758,P010,1,"71,57"
2603,2025-07-21,4102,P046,2,54.34
16974,2025-03-12,1948,P034,3,"31,05"
1566,2025-03-02,102,P011,2,37.42
9503,2025-10-25,4001,P027,3,38.48
7488,2025-07-16,2625,P026,1,18.01
8882,2025-06-20,1435,P005,3,"37,42"
12403,25/01/2025,1609,P001,2,37.87
3001,17/10/2025,3015,P027,1,36.29
11238,25/12/2025,1199,P015,2,23.00
16979,02/04/2025,2331,P022,2,26.54
1810,2025-12-03,670,P004,2,26.03
8602,2025-07-01,675,P018,1,32.29
11572,2025-06-11,1813,P001,1,"26,09"
9410,07-29-2025,3784,P044,1,7.20
7471,23/12/2025,2916,P043,3,14.73
12606,2025-08-21,3138,P030,1,13.05
12641,07/04/2025,579,P006,1,47.20
14784,2025-04-04,517,P048,1,10.35
16853,10/10/2025,551,P001,4,"106,45"
8782,2025-10-29,1901,P006,1,28.62
1440,29/09/2025,825,P032,3,27.10
13394,30/10/2025,742,P016,3,13.33
14361,30/06/2025,1962,P002,3,19.11
8014,09/12/2025,464,P004,2,31.90
17870,2025-07-07,1734,P047,2,"14,15"
3028,05-11-2025,1436,P011,1,"25,46"
16057,26/02/2025,2901,P024,1,"17,26"
17023,05/11/2025,3356,P036,1,"28,03"
12616,2025-06-05,3486,P019,2,52.42
13249,12-04-2025,2263,P007,3,16.66
17263,07/06/2025,3522,P038,2,26.40
8253,12/10/2025,3161,P026,1,33.62
11896,2025-03-20,1173,P041,1,49.88
14660,2025-02-26,2103,P038,1,25.62
13553,2025-11-05,879,P015,1,12.55
15812,2025-04-22,2182,P034,2,"36,17"
7364,01-14-2025,3367,P016,1,26.02
667,2025-05-09,644,P045,1,48.64
7881,05-04-2025,3202,P024,1,73.25
2898,03/09/2025,2727,P005,3,5.61
4902,10-19-2025,2834,P031,1,19.78
10567,07-31-2025,3168,P015,1,22.30
3426,10/10/2025,3622,P023,1,11.13
2982,2025-10-02,823,P048,1,40.03
924,2025-11-12,4062,P007,1,12.51
15771,2025-07-29,1419,P027,1,"27,25"
1984,2025-07-30,57,P037,1,33.33
10942,21/03/2025,3968,P028,3,10.17
11128,01/02/2025,1318,P013,1,16.66
11682,2025-09-03,3855,P040,2,"50,82"
3816,2025-09-01,282,P047,2,"30,42"
9208,02-24-2025,1511,P023,4,17.81
10136,2025-11-12,3474,P029,1,32.91
8649,18/02/2025,2722,P041,1,9.66
3159,06/07/2025,535,P045,1,31.19
3510,2025-05-26,3621,P030,4,11.74
13552,29/03/2025,3154,P031,1,77.56
4962,2025-02-15,2915,P035,3,22.13
17840,2025-08-10,3631,P007,1,"29,77"
806,2025-11-29,2555,P014,3,11.58
14412,2025-11-01,4025,P041,2,"47,93"
10979,2025-06-02,1688,P031,1,"28,45"
14746,2025-08-11,463,P019,1,19.07
3534,15/11/2025,2887,P029,1,43.09
85,2025-06-01,2828,P022,2,22.39
11586,2025-11-18,4151,P006,1,15.85
13912,2025-01-24,3766,P041,3,11.35
10173,2025-04-11,700,P047,1,"32,99"
4947,03/09/2025,580,P042,2,62.05
7698,16/11/2025,1678,P022,1,28.28
432,02-14-2025,999999,P045,1,"34,66"
10813,05/11/2025,3323,P031,2,53.88
5755,2025-10-07,1390,P029,2,"73,80"
13910,11-20-2025,2272,P015,2,15.63
11313,2025-03-04,1347,P029,1,"12,96"
333,2025-02-12,2551,P033,1,95.09
10747,2025-12-04,1601,P026,2,49.53
5725,2025-08-12,2976,P002,2,"24,59"
8015,2025-11-26,2213,P045,1,"47,81"
11178,2025-12-12,1897,P002,1,"20,61"
11207,26/12/2025,516,P004,2,"23,46"
1906,2025-10-03,2523,P017,,"28,57"
14075,07-21-2025,316,P036,1,16.73
15838,2025-12-05,369,P002,3,65.74
4850,2025-11-23,1376,P045,3,"29,65"
3439,13/05/2025,4105,P004,4,45.54
8847,19/04/2025,1803,P012,3,51.56
16534,24/03/2025,4148,P005,1,14.57
8104,08/07/2025,207,P021,1,"19,09"
21,08/10/2025,2018,P019,2,23.64
14113,2025-06-03,113,P014,2,74.96
3160,16/08/2025,1063,P046,1,12.20
10226,11-13-2025,1193,P048,-1,86.43
2670,07/10/2025,1803,P042,1,29.48
694,2025-11-26,144,P016,1,11.70
1646,2025-04-08,3885,P021,4,15.09
3016,10/11/2025,3759,P005,1,"10,32"
14572,31/12/2025,1718,P034,2,"37,32"
5843,20/06/2025,3143,P038,3,"68,36"
7089,30/06/2025,1371,P004,3,37.22
17290,24/11/2025,2576,P016,2,"48,29"
7200,2025-09-08,4112,P015,1,10.94
14307,15/08/2025,1449,P017,3,35.59
8961,28/05/2025,2669,P009,1,29.29
6546,2025-11-22,1133,P043,1,17.19
4903,12/08/2025,1307,P033,2,85.17
5719,02/10/2025,2304,P018,1,50.99
10696,31/08/2025,2284,P047,2,16.26
346,09/01/2025,338,P024,1,33.20
2943,17/10/2025,250,P028,1,"27,94"
4319,2025-05-17,2539,P003,1,18.22
5126,29/01/2025,254,P031,1,19.99
1281,29/08/2025,4055,P040,1,9.76
8177,03/11/2025,725,P020,1,43.12
16816,2025-08-04,2071,P033,1,27.81
8610,03-19-2025,807,P017,3,11.62
9274,23/08/2025,2483,P037,1,"83,78"
4745,19/08/2025,3418,P028,1,18.76
15015,14/01/2025,647,P037,2,42.85
15103,04/05/2025,4053,P028,1,26.56
16272,2025-09-06,2124,P037,1,"22,12"
13135,2025-11-05,1923,P012,1,10.94
9733,2025-03-21,3983,P018,1,23.66
3263,2025-06-20,3675,P002,,32.30
11788,2025-09-03,3541,P012,1,21.87
5978,2025-03-04,336,P026,3,"12,89"
16561,2025-02-20,1650,P015,2,"22,10"
8596,19/05/2025,3050,P035,3,29.09
12505,23/01/2025,1772,P012,2,"12,44"
14165,2025-10-21,96,P043,1,"11,38"
10617,2025-04-27,3102,P031,3,49.01
9804,2025-01-04,1427,P043,1,11.28
1009,2025-11-24,1236,P038,2,"33,58"
3453,2025-04-15,2549,P039,4,46.92
4080,2025-11-05,2859,P006,1,68.51
3963,2025-05-12,2128,P030,4,49.38
4221,2025-10-20,2885,P016,1,"8,66"
8721,2025-08-29,1298,P027,1,"57,99"
7826,2025-11-22,1384,P004,2,"7,56"
2095,2025-11-10,94,P033,2,7.60
12945,2025-05-06,1430,P045,2,74.89
3130,2025-08-12,4165,P010,3,31.27
12216,2025-04-01,4026,P008,2,"35,46"
8188,19/10/2025,4121,P005,1,12.71
2039,2025-10-05,2996,P031,1,21.83
2736,04-02-2025,1919,P043,1,10.64
16107,06-02-2025,1328,P044,1,45.44
6498,2025-06-06,685,P042,1,"9,42"
7517,12-08-2025,125,P009,1,44.13
11249,2025-05-01,3154,P030,1,31.04
16348,2025-12-11,1079,P008,1,"22,64"
1112,10-19-2025,926,P019,1,32.94
17563,16/08/2025,3998,P008,1,32.43
6106,26/04/2025,3234,P025,4,"39,70"
15594,2025-07-09,409,P037,1,"26,00"
5698,2025-05-23,1398,P014,2,7.27
6476,16/07/2025,88,P028,1,"55,48"
11165,2025-05-31,4050,P031,1,22.51
6137,03/03/2025,1228,P012,1,12.37
13652,12/05/2025,4097,P005,1,85.25
15820,25/04/2025,231,P017,2,15.32
17332,2025-07-23,984,P041,2,19.46
9119,22/04/2025,2832,P046,2,9.83
9848,2025-11-19,2754,P003,3,10.33
14242,2025-04-01,3443,P022,2,"16,89"
5298,2025-05-13,2028,P015,1,49.21
10985,2025-03-25,2447,P033,1,14.57
7296,2025-12-05,454,P046,2,"94,05"
12692,2025-04-13,684,P037,1,"31,75"
2429,2025-07-26,2988,P028,1,"24,20"
7006,07/06/2025,2564,P001,1,"37,04"
9201,2025-11-10,2815,P001,3,14.28
4762,2025-09-09,109,P012,2,23.14
3576,30/10/2025,2582,P022,1,22.15
16364,2025-10-03,2330,P045,1,"18,75"
12095,2025-01-24,3610,P024,4,66.62
13405,2025-12-10,3057,P046,1,14.32
3213,23/02/2025,3740,P045,2,"22,68"
17688,2025-11-12,2381,P011,4,78.35
1229,21/01/2025,1590,P004,1,"27,91"
1146,2025-08-12,497,P031,1,30.72
14264,2025-10-21,3183,P002,2,24.82
7467,2025-12-20,716,P023,2,10.90
4331,2025-07-14,676,P047,2,22.10
10369,2025-02-09,127,P023,2,57.12
1449,2025-03-27,1593,P022,1,31.80
1305,22/12/2025,4114,P040,4,12.80
15347,2025-08-15,2528,P003,4,"23,78"
7838,2025-11-14,2239,P014,1,"30,82"
12407,11-09-2025,4068,P012,1,"13,68"
1143,2025-07-21,1286,P015,1,16.51
8272,2025-07-09,2431,P030,1,35.73
12855,13/08/2025,693,P011,2,"22,77"
15382,02-19-2025,2275,P009,1,"14,89"
5785,2025-11-08,4180,P024,1,"9,52"
12367,2025-11-19,51,P047,1,34.65
1123,2025-03-31,1572,P024,3,45.97
2391,07-18-2025,591,P023,3,15.46
14064,29/10/2025,999999,P046,2,26.91
15315,06-06-2025,2101,P039,2,"45,26"
14211,29/03/2025,3953,P018,1,13.00
12275,2025-07-22,1958,P022,1,"57,96"
3414,03/11/2025,1208,P023,3,20.30
5148,2025-01-14,714,P047,1,"67,68"
3760,2025-10-12,3048,P008,2,"8,71"
10091,2025-09-22,3844,P003,2,62.50
11274,26/08/2025,999999,P021,1,45.19
13895,2025-04-14,1481,P036,4,"26,58"
3328,2025-12-02,2161,P043,2,68.28
15143,08/08/2025,1763,P025,2,"14,08"
15597,2025-02-11,971,P025,1,20.00
16570,2025-04-25,1194,P020,2,39.41
13986,10/09/2025,1371,P041,3,"13,79"
6896,2025-11-27,96,P008,1,16.17
6872,2025-12-17,3537,P003,1,9.27
10493,2025-01-17,1030,P042,1,36.02
8769,2025-07-23,3972,P044,1,"22,24"
11760,18/04/2025,1058,P045,1,8.09
7924,2025-01-18,2886,P035,2,"85,19"
9522,2025-09-10,2932,P037,1,31.79
6004,13/01/2025,96,P004,1,27.55
10910,2025-03-12,87,P011,1,26.97
15897,01/12/2025,2594,P044,1,45.43
8816,2025-07-12,3048,P031,1,19.63
10092,2025-12-14,1477,P020,1,90.36
12667,23/05/2025,1677,P025,1,"23,54"
9283,2025-03-11,2856,P047,1,150.95
2769,07/02/2025,1791,P028,4,173.34
11009,2025-02-03,2870,P043,4,38.10
11966,07/02/2025,2224,P037,1,"58,97"
15792,31/10/2025,4111,P023,2,22.92
2588,29/07/2025,1129,P027,1,"23,89"
7887,2025-08-10,2893,P030,1,43.08
14142,2025-12-01,904,P013,1,"43,46"
3343,18/05/2025,999999,P002,1,"56,60"
2013,20/04/2025,3922,P002,2,20.66
7872,2025-08-17,1608,P027,1,23.49
16681,2025-01-14,3260,P008,1,24.75
7336,2025-01-12,907,P034,1,"28,99"
15362,2025-03-15,3919,P031,1,"40,91"
13469,2025-08-08,2444,P010,2,"50,96"
16549,09/03/2025,933,P035,1,28.43
92,25/05/2025,1902,P003,2,"53,99"
13132,2025-06-30,2763,P017,2,44.87
9516,2025-03-18,530,P018,1,"78,98"
10456,2025-12-25,426,P036,1,93.51
11448,2025-10-14,3369,P007,1,87.29
10704,2025-04-08,2934,P046,2,"16,21"
11119,2025-12-22,2707,P038,1,52.41
11460,29/09/2025,2012,P021,1,17.11
8609,2025-12-29,1233,P042,1,65.47
15351,2025-02-16,3866,P008,1,18.71
15643,2025-04-23,2258,P021,1,15.41
6720,2025-05-07,2761,P027,1,25.55
15226,12/05/2025,959,P009,,55.23
6191,2025-10-09,761,P016,1,18.98
10736,2025-07-08,3782,P006,4,33.16
5472,2025-03-15,1943,P045,2,26.43
16574,05-30-2025,486,P048,1,"13,93"
4118,10-14-2025,225,P031,3,42.98
9214,2025-11-10,3226,P036,1,28.96
2122,06-17-2025,1454,P023,2,"112,77"
11347,10/06/2025,1133,P004,1,"14,04"
15336,11/06/2025,3906,P017,1,79.13
17591,2025-07-25,2377,P030,2,34.96
17287,2025-01-06,3985,P037,2,37.77
4586,2025-03-03,304,P039,3,36.75
343,2025-04-24,134,P023,1,33.42
2793,04-30-2025,1607,P021,1,95.04
9979,2025-02-09,79,P002,1,"19,88"
13720,2025-12-24,1248,P043,1,"18,46"
15963,2025-02-03,2133,P003,1,25.91
17274,2025-07-07,964,P020,3,18.84
2884,11/11/2025,533,P019,2,"23,22"
16946,2025-03-05,1945,P020,4,"27,45"
6451,20/05/2025,2179,P005,2,31.23
15017,2025-10-20,2634,P011,1,11.82
3491,2025-01-13,2968,P045,2,"26,57"
2838,2025-03-12,3633,P038,3,57.92
10675,2025-01-09,31,P022,1,51.32
16593,18/06/2025,42,P041,1,14.30
11662,16/01/2025,2763,P034,2,32.82
15626,2025-06-23,3672,P044,3,49.44
4634,2025-02-21,883,P039,1,"26,64"
14310,2025-08-08,4035,P002,-1,"14,80"
11434,16/07/2025,2130,P040,1,15.65
2725,02-13-2025,2132,P015,2,25.03
1513,2025-07-10,549,P005,3,45.78
9177,15/01/2025,899,P043,1,"18,51"
11874,14/08/2025,484,P048,1,22.18
14829,2025-11-06,1326,P006,1,47.42
4803,2025-06-11,3694,P033,1,36.91
988,2025-02-17,471,P031,1,19.56
2647,21/06/2025,3052,P010,1,34.79
2262,2025-10-08,3275,P044,3,42.65
3533,09-09-2025,2278,P010,1,"39,02"
12076,2025-03-20,2047,P001,2,17.17
13403,2025-09-16,3488,P034,3,11.84
8319,2025-12-22,2760,P016,3,71.59
17491,2025-03-17,3950,P043,1,15.20
14294,2025-07-31,1971,P029,1,"19,43"
15173,23/11/2025,3779,P046,-1,"31,60"
4893,2025-10-02,2164,P045,1,"55,19"
16021,05-25-2025,164,P003,1,17.22
15578,05-29-2025,2361,P043,1,"82,74"
3294,2025-10-15,3883,P001,1,60.77
16543,2025-11-23,795,P001,1,25.73
5821,03/03/2025,4058,P003,1,13.18
152,2025-05-20,999999,P037,1,40.01
10277,2025-06-21,2766,P007,1,"11,77"
8061,03-17-2025,3568,P034,1,14.37
878,2025-02-27,947,P019,3,36.31
17238,2025-09-06,2978,P011,1,22.88
1923,2025-08-02,445,P046,1,"32,48"
16835,18/12/2025,3093,P001,1,21.83
9703,2025-02-17,3488,P021,3,26.62
17644,2025-06-19,999999,P028,1,13.90
7339,2025-02-05,999999,P045,1,"31,51"
13601,2025-06-04,513,P016,1,"16,86"
1819,26/01/2025,4149,P029,2,25.20
16515,18/05/2025,451,P013,2,43.76
9343,25/04/2025,324,P012,1,33.87
4985,09-10-2025,196,P012,3,"55,31"
13301,2025-08-09,2429,P010,2,"15,05"
15355,2025-06-09,1139,P012,3,20.01
12693,2025-03-21,1655,P007,3,21.23
15160,26/12/2025,965,P030,1,"85,55"
2590,2025-07-11,4095,P014,1,23.85
13,11-18-2025,584,P026,4,22.42
5556,30/06/2025,741,P029,2,9.73
7422,2025-05-31,2842,P048,3,"25,47"
3412,2025-12-03,3867,P021,1,49.24
515,05/02/2025,1361,P040,2,28.80
8144,2025-01-31,3643,P015,1,"53,25"
16095,2025-08-26,945,P048,1,22.56
9957,2025-09-17,3559,P019,2,"29,75"
9238,2025-12-31,299,P031,4,32.45
1979,30/05/2025,1729,P018,3,139.28
320,2025-02-01,438,P045,1,21.43
1046,2025-06-02,4178,P001,3,34.96
9830,30/05/2025,904,P011,1,"34,36"
9723,05-26-2025,1540,P047,-1,90.98
11459,27/04/2025,953,P041,1,37.49
9277,01/12/2025,1650,P043,3,28.81
10715,2025-10-22,222,P019,1,"5,64"
1965,2025-12-05,616,P021,1,16.42
15939,2025-11-26,243,P011,2,15.46
2678,2025-07-21,2987,P035,1,85.55
5864,18/08/2025,2857,P020,2,16.93
13175,2025-08-26,3687,P030,,52.88
9164,2025-11-24,3671,P034,-1,"7,22"
5437,2025-12-11,3288,P001,1,"16,85"
3188,2025-06-12,847,P001,2,35.31
3837,2025-10-15,788,P041,1,"41,92"
17998,2025-11-04,3147,P029,1,53.83
2912,12-28-2025,50,P013,1,26.59
16806,2025-07-31,1397,P019,2,27.12
12154,2025-12-31,556,P026,2,54.16
7271,2025-04-10,3114,P032,2,42.09
14505,01/08/2025,1092,P033,1,51.70
9950,2025-07-14,1195,P015,1,"33,28"
7966,04/10/2025,3510,P029,3,"33,93"
11280,2025-10-29,3024,P041,1,16.13
2626,15/10/2025,2604,P037,1,"46,98"
6241,2025-07-27,220,P019,1,13.31
1316,16/11/2025,3162,P005,2,39.54
2244,04/05/2025,3403,P039,4,"25,74"
7362,12/08/2025,3768,P016,4,27.72
11330,2025-05-02,4053,P026,1,"32,45"
12772,2025-05-13,2509,P009,2,26.86
14692,2025-01-18,1908,P046,2,11.75
8495,2025-03-19,1063,P038,2,40.47
16024,2025-03-07,4124,P037,2,37.94
4987,28/02/2025,84,P033,3,"28,09"
12865,18/11/2025,632,P042,1,"11,54"
9751,02-07-2025,2220,P012,2,31.85
6606,21/03/2025,1396,P046,1,52.90
6447,2025-04-02,2201,P018,4,74.37
1195,2025-02-01,2568,P048,4,59.12
16516,2025-03-15,746,P033,1,19.86
97,02/08/2025,3455,P024,1,"10,96"
11407,26/04/2025,279,P044,3,43.09
17143,2025-06-22,255,P017,1,"29,99"
17814,2025-03-08,1508,P012,1,18.86
12836,03-20-2025,3018,P032,1,10.80
526,2025-07-14,47,P026,,22.87
7456,2025-09-09,3881,P034,3,"16,87"
13363,2025-08-27,2735,P006,1,54.38
7288,02-16-2025,1464,P020,1,19.55
10937,2025-07-30,710,P018,1,36.29
17879,2025-07-02,1592,P044,4,95.64
13346,2025-02-15,2807,P037,1,16.72
4911,2025-08-21,1683,P005,1,58.56
16091,2025-07-10,1944,P013,1,17.78
16096,01/07/2025,986,P019,1,18.69
15859,2025-01-20,445,P048,2,22.92
8861,2025-11-05,2881,P028,1,15.11
10291,2025-09-07,3989,P001,1,27.61
4817,2025-03-23,2171,P032,3,12.61
13388,2025-08-08,3337,P022,1,19.44
10028,28/03/2025,2751,P009,2,20.04
7433,2025-07-02,2954,P026,1,28.70
8664,04-03-2025,3526,P047,1,35.63
11251,2025-01-17,872,P021,4,52.84
8387,12-15-2025,3974,P016,1,50.16
7588,2025-09-13,3791,P046,2,29.80
10721,2025-07-01,1653,P008,2,31.18
11526,2025-01-28,2792,P011,3,"18,99"
16040,2025-01-01,3426,P016,1,56.86
5165,2025-03-23,3715,P011,3,15.41
17977,2025-04-17,2997,P012,1,"12,87"
7381,2025-06-15,2627,P005,1,"15,22"
1718,2025-06-29,3917,P041,1,"10,64"
14095,2025-12-20,452,P015,2,9.56
6532,2025-06-23,1972,P046,1,20.14
16094,2025-12-26,2145,P028,4,31.76
9163,2025-03-28,2037,P045,4,18.07
7001,2025-10-10,3578,P047,1,35.08
6231,2025-03-20,2797,P030,1,19.29
9577,2025-09-24,389,P006,1,61.98
16354,2025-07-18,3923,P019,3,52.70
468,23/09/2025,3398,P031,1,58.48
16871,22/09/2025,3297,P038,1,"32,20"
7080,22/08/2025,999999,P015,1,31.64
4974,2025-02-19,2907,P011,1,"43,35"
10276,07/10/2025,1029,P035,2,37.30
8848,2025-10-19,2197,P026,1,48.14
4632,11-05-2025,2137,P034,1,45.22
7443,10/09/2025,3860,P003,1,9.87
7100,05/03/2025,3224,P046,1,"52,11"
4795,2025-09-29,2587,P024,1,48.66
14512,2025-07-30,404,P042,1,24.09
787,24/10/2025,3920,P046,3,24.25
7986,2025-08-02,3650,P011,4,"25,70"
3472,2025-02-28,2125,P026,2,47.30
4594,2025-05-19,997,P007,1,"16,77"
13288,13/10/2025,298,P045,2,12.11
1775,03/07/2025,985,P042,1,30.82
789,2025-12-04,264,P037,1,99.19
8669,02/01/2025,999999,P011,1,14.47
5385,2025-12-29,2703,P039,1,27.45
7597,2025-01-15,2235,P016,1,"8,71"
14065,26/10/2025,1275,P011,1,20.61
13494,2025-05-05,402,P032,1,16.69
7765,10-28-2025,3718,P004,2,7.55
1691,2025-07-02,1006,P040,1,19.74
8969,01/03/2025,3942,P030,2,35.58
9430,22/11/2025,1683,P036,1,30.58
14858,2025-07-22,2794,P044,1,79.08
382,2025-04-10,2228,P024,1,24.53
4915,16/04/2025,2784,P020,2,55.13
7893,2025-05-03,3421,P015,2,"71,19"
13350,2025-12-27,3999,P014,2,36.87
14674,2025-12-01,3469,P009,,"23,17"
15988,04/05/2025,2033,P012,3,49.19
12158,09-21-2025,3659,P042,1,26.35
4770,2025-04-30,1180,P002,1,"29,06"
4328,25/11/2025,3641,P032,1,13.98
5619,08/01/2025,3643,P011,1,"59,87"
10717,2025-01-06,2328,P021,2,"15,29"
1498,2025-11-21,3055,P012,1,"18,30"
11865,2025-05-04,1311,P021,4,9.89
10219,09/04/2025,3433,P024,3,"21,83"
5373,2025-01-24,1576,P022,3,32.17
1399,2025-08-13,3318,P014,1,63.14
4159,20/07/2025,683,P004,2,"25,60"
3880,11-08-2025,1665,P020,2,17.29
336,2025-09-14,543,P008,1,10.47
2036,2025-11-21,348,P006,2,16.50
10591,2025-07-25,218,P022,1,9.94
8192,14/07/2025,999999,P030,1,32.50
10394,06-07-2025,215,P001,1,52.76
11842,2025-11-07,430,P032,3,51.92
17700,2025-08-04,2231,P023,1,20.23
5773,03-27-2025,3572,P016,2,34.50
5288,2025-11-17,3804,P046,1,29.64
653,01/04/2025,1933,P036,1,53.88
15019,2025-11-02,1011,P029,1,45.76
8562,2025-11-05,2284,P019,1,"35,56"
12669,2025-12-18,3345,P028,1,25.18
3135,05/11/2025,1223,P013,1,14.57
9131,04/02/2025,3090,P008,1,"45,95"
16381,03/01/2025,773,P029,1,40.36
3215,2025-07-25,4017,P048,2,13.42
14575,2025-04-23,323,P011,2,"16,81"
15621,23/03/2025,3462,P008,3,46.70
4102,2025-06-15,1862,P011,2,40.12
1744,2025-05-24,2570,P037,1,23.29
15593,2025-10-16,2719,P043,4,37.69
17173,21/11/2025,4116,P041,4,"132,18"
15098,2025-05-21,2013,P005,3,33.20
6028,2025-10-12,4026,P032,2,30.06
6348,27/10/2025,3110,P005,3,53.68
8330,2025-08-26,3124,P009,1,"65,26"
17772,04-29-2025,1413,P014,2,"18,99"
153,2025-03-22,3352,P031,1,"22,05"
4879,01/12/2025,3780,P007,2,22.32
12909,2025-06-17,762,P019,3,23.75
15485,2025-04-02,1925,P029,1,19.23
5370,2025-05-22,2364,P046,2,39.11
2004,2025-07-31,2607,P001,2,42.12
15118,2025-06-12,2959,P007,2,21.85
1903,2025-07-13,1485,P033,1,29.69
15898,17/04/2025,2792,P016,1,19.82
17268,05/05/2025,3594,P043,1,"18,61"
10374,10/11/2025,1125,P008,1,"20,48"
14030,27/04/2025,204,P023,1,31.06
1424,2025-01-11,2060,P014,2,12.66
482,2025-07-10,2427,P029,2,23.68
8145,2025-02-23,4159,P044,1,56.50
16713,2025-05-31,2709,P044,1,21.93
7029,26/06/2025,704,P026,2,41.52
6766,05/08/2025,3454,P039,2,"47,19"
5050,2025-08-22,2947,P028,2,12.08
4394,2025-06-09,213,P030,1,42.04
6387,05-03-2025,2620,P037,3,"16,89"
12979,2025-09-27,2846,P003,2,16.27
8726,04-19-2025,992,P004,-1,"54,05"
10410,2025-10-27,1764,P045,1,31.02
5810,2025-06-05,2043,P019,1,16.46
3232,12/09/2025,2081,P030,2,40.05
10284,17/11/2025,3770,P036,4,25.40
12325,04/09/2025,1281,P007,1,14.80
731,2025-09-12,3962,P003,1,"15,82"
5013,05/08/2025,3600,P002,1,19.26
17869,2025-03-12,3644,P026,1,6.96
10271,07/11/2025,3751,P023,1,55.07
1966,2025-05-13,287,P013,,8.02
13662,2025-05-16,3714,P005,2,51.80
8359,2025-07-05,2145,P006,1,26.92
8843,2025-01-08,2670,P030,2,20.54
14030,27/04/2025,204,P023,1,31.06
9727,08/02/2025,1500,P039,1,"88,45"
10558,17/11/2025,35,P009,1,"11,40"
8854,2025-11-06,2196,P017,1,13.67
4093,2025-12-05,1353,P038,1,"34,95"
12015,09/09/2025,4040,P021,1,31.39
8114,23/02/2025,1801,P046,4,20.76
12795,2025-02-10,3289,P035,1,40.18
5820,2025-08-15,1245,P046,2,55.64
7930,2025-11-05,1125,P022,1,"19,03"
10266,2025-06-09,3842,P007,2,11.09
16494,2025-01-06,2397,P015,1,14.52
2232,22/09/2025,1566,P047,2,15.92
14744,2025-09-26,4145,P004,1,"15,93"
3482,06-02-2025,86,P044,1,68.31
14133,2025-06-28,3410,P006,1,"21,35"
13581,2025-02-14,1604,P001,3,"18,26"
17142,2025-02-04,1643,P033,1,"11,72"
11389,11-13-2025,937,P045,2,13.62
7060,2025-02-17,2290,P044,2,39.41
17662,10-17-2025,248,P045,2,24.08
7755,2025-07-06,1360,P034,1,31.15
2135,27/09/2025,4044,P020,1,40.71
8615,2025-07-20,618,P039,1,10.79
16568,18/11/2025,1294,P040,2,51.49
13878,2025-11-01,1752,P036,1,19.57
13214,2025-11-25,3313,P041,4,34.93
799,2025-01-12,49,P028,1,52.02
2199,2025-10-18,420,P005,1,29.07
12760,2025-07-11,2921,P026,1,20.11
4654,07/03/2025,3942,P029,1,29.49
17121,2025-01-30,2978,P039,1,27.88
9210,10/06/2025,3452,P043,1,"17,16"
7199,2025-12-01,1727,P040,4,"31,28"
11014,2025-03-15,3907,P019,2,6.99
2128,2025-07-29,1502,P040,3,18.82
5753,04/09/2025,44,P047,1,"40,66"
15295,2025-02-11,138,P047,1,24.73
2380,25/01/2025,2292,P037,3,25.62
3074,03-21-2025,3236,P031,1,22.38
17078,2025-07-30,3932,P043,1,"21,78"
2834,07/03/2025,714,P047,2,10.15
14563,2025-06-28,1567,P025,1,28.10
10301,2025-01-07,3567,P026,1,44.45
572,2025-06-25,1454,P010,2,42.37
16826,2025-02-15,288,P006,2,"52,93"
863,2025-11-02,599,P012,1,"66,99"
1985,2025-10-10,3864,P039,1,15.29
15475,13/04/2025,976,P042,1,29.00
12833,01-16-2025,3452,P035,2,28.28
5629,2025-12-14,2587,P032,1,25.58
9787,2025-11-12,719,P032,2,53.59
13240,25/02/2025,2253,P025,1,"25,92"
4938,2025-12-19,2384,P043,2,37.24
3146,18/07/2025,3492,P045,1,21.44
3593,13/02/2025,1380,P008,1,41.08
10687,2025-01-01,2041,P046,1,22.92
15874,14/10/2025,2949,P047,4,16.56
5441,12/06/2025,3989,P045,1,"38,18"
2292,2025-02-16,136,P011,2,"30,25"
887,2025-09-26,162,P012,2,"71,98"
6898,2025-12-16,1684,P029,2,"28,67"
9805,24/04/2025,3446,P012,1,42.42
1700,2025-06-29,513,P046,2,"23,76"
14747,2025-05-10,1605,P010,4,33.79
5332,2025-01-07,857,P033,1,"29,67"
14860,2025-09-27,3123,P041,1,112.19
15193,2025-04-17,1584,P014,4,20.12
1197,06-06-2025,500,P026,1,28.14
11105,2025-07-22,3086,P037,1,42.94
3075,09-04-2025,1209,P006,1,70.83
15270,11-23-2025,3868,P020,1,55.43
14433,30/08/2025,78,P001,1,"62,15"
6873,2025-05-06,3065,P019,1,21.51
2249,2025-09-20,2329,P008,1,"14,56"
7078,2025-08-28,3484,P001,3,33.04
17702,07/12/2025,636,P041,4,"29,65"
542,08/04/2025,1287,P042,2,20.94
13063,2025-10-03,3802,P035,2,33.95
7535,2025-05-06,3661,P010,1,22.65
15981,24/07/2025,3391,P019,1,24.39
8972,05-12-2025,3199,P023,4,56.45
1290,14/11/2025,999999,P011,3,34.64
16312,21/05/2025,1587,P004,2,21.98
16080,2025-06-07,4199,P031,2,"34,88"
2193,2025-09-27,3390,P044,1,23.89
7568,12/07/2025,1031,P001,1,"18,88"
9951,2025-08-06,243,P009,1,"43,04"
674,07-03-2025,174,P033,2,"75,05"
12788,2025-01-18,2961,P012,2,"71,37"
14643,15/05/2025,1891,P012,2,"54,75"
5609,2025-01-01,999999,P001,1,79.69
17520,2025-07-12,987,P038,4,"26,69"
3745,2025-09-27,3257,P040,3,"38,25"
410,2025-09-20,3307,P040,4,"27,81"
913,2025-03-20,1939,P033,3,16.04
4433,2025-12-20,477,P015,1,"52,72"
8133,03/09/2025,2574,P039,1,"14,85"
14437,11-01-2025,242,P018,1,48.91
240,28/02/2025,1932,P001,1,43.33
4153,2025-02-05,2394,P014,1,"32,39"
10259,2025-10-11,2008,P040,1,24.08
10999,02/08/2025,1787,P009,2,35.89
2860,2025-03-01,3274,P048,1,60.69
15139,2025-05-22,675,P029,3,"36,36"
13829,2025-07-09,71,P028,2,35.18
5497,02/10/2025,411,P036,1,11.78
5731,14/02/2025,3275,P032,1,15.74
6481,28/12/2025,3470,P047,1,"35,16"
17937,2025-11-26,3515,P017,2,6.59
1952,2025-04-23,523,P047,1,77.02
1657,2025-06-22,332,P048,1,"39,65"
17320,2025-03-24,3126,P041,1,16.32
1785,10-23-2025,3094,P034,1,21.51
12425,2025-02-08,2425,P041,4,21.06
13795,05/12/2025,910,P010,2,23.69
1738,2025-07-20,973,P023,2,"19,51"
7253,2025-12-08,21,P011,3,14.90
8813,01/04/2025,1665,P046,3,31.35
11208,12-22-2025,2969,P013,1,19.77
3533,09-09-2025,2278,P010,1,"39,02"
944,28/12/2025,2765,P014,2,"20,49"
10776,29/05/2025,4059,P002,2,"17,79"
16197,2025-02-02,3389,P013,1,36.73
6376,02/02/2025,999999,P019,1,"52,26"
13977,01-17-2025,3235,P036,4,"13,23"
6075,18/08/2025,2307,P006,1,18.80
16087,05-28-2025,2748,P046,1,88.92
2978,2025-03-30,3643,P023,2,23.28
1238,08/07/2025,2361,P039,1,14.88
17723,2025-01-15,231,P015,2,"18,26"
7993,2025-08-26,999999,P009,1,17.43
10327,09/02/2025,1256,P031,4,"69,97"
16392,01-30-2025,1369,P024,3,17.13
2525,28/09/2025,4027,P024,1,"11,35"
9482,2025-01-26,153,P005,1,23.82
829,18/12/2025,647,P037,4,"29,60"
13743,10-20-2025,999999,P038,2,19.27
4489,2025-08-19,342,P033,1,18.12
14706,08/03/2025,2297,P011,1,"98,13"
9992,2025-05-11,1423,P025,2,8.11
12116,2025-12-10,1971,P018,2,15.80
15890,2025-03-04,967,P001,1,14.07
2287,2025-09-12,4194,P028,1,46.02
2523,2025-04-20,1922,P017,2,34.49
3060,2025-03-26,104,P039,1,30.42
4733,2025-08-16,1632,P027,1,"9,14"
17275,2025-02-14,4001,P039,1,51.31
11578,2025-11-18,1915,P033,2,30.34
14667,25/09/2025,2146,P002,1,68.04
4846,2025-06-09,1278,P004,2,8.07
5939,2025-05-07,573,P003,3,18.25
16954,2025-04-05,1626,P025,1,44.99
10315,29/03/2025,139,P043,3,59.10
16285,2025-12-18,2394,P021,2,32.78
3187,2025-05-25,999999,P040,1,"17,97"
11423,2025-11-19,651,P021,3,"23,70"
15489,12/06/2025,2288,P034,1,30.99
12437,28/05/2025,2318,P048,1,52.57
5983,2025-07-18,3493,P012,1,"8,21"
6555,04-22-2025,2283,P045,1,12.08
8453,2025-11-29,3221,P039,3,28.55
10746,2025-02-02,1097,P017,2,41.67
8171,2025-04-22,3503,P027,3,27.69
3966,18/10/2025,3646,P035,1,24.78
1732,2025-10-30,3863,P028,1,"33,11"
13311,22/11/2025,265,P023,2,131.80
5813,2025-10-07,3119,P020,1,16.65
1591,09/03/2025,2736,P003,2,27.71
13006,10-14-2025,1921,P026,1,"100,32"
11017,2025-01-16,1114,P003,1,64.71
14229,11/09/2025,211,P020,1,20.26
11691,2025-12-24,3287,P011,2,33.48
17556,2025-02-20,1292,P006,1,"28,41"
17389,12-01-2025,788,P001,2,"19,74"
2073,2025-12-16,4139,P007,2,23.61
2312,07-06-2025,3708,P014,1,14.80
3818,11-18-2025,139,P031,2,20.33
15758,12/04/2025,1015,P007,2,26.23
17781,2025-11-21,2321,P038,1,13.28
13156,2025-12-02,1946,P038,3,"14,63"
3766,2025-05-17,3991,P036,1,49.47
1537,03-17-2025,222,P032,1,"37,89"
10907,02/05/2025,773,P035,3,"17,29"
16680,30/08/2025,3816,P009,2,24.92
9754,2025-10-05,411,P006,3,36.72
15943,07-28-2025,881,P028,1,"75,46"
16801,17/10/2025,1895,P032,1,86.06
5536,2025-06-06,1833,P037,1,87.76
17260,2025-02-17,1850,P023,1,28.53
15520,2025-07-28,2999,P016,2,10.12
8390,2025-12-09,2007,P033,3,16.74
1690,06-19-2025,3649,P042,1,29.66
17182,2025-05-05,1014,P043,1,14.27
171,05/02/2025,1863,P005,1,72.87
5187,2025-05-09,24,P024,1,"24,35"
3205,2025-02-04,1217,P036,1,10.61
14949,24/05/2025,726,P041,1,36.59
8169,2025-07-17,1096,P039,1,53.84
10365,2025-09-27,1440,P013,2,"13,42"
8342,2025-06-27,2506,P022,2,"74,92"
7976,24/09/2025,1450,P038,1,28.94
10634,2025-09-18,4126,P011,1,25.98
3664,2025-12-28,196,P035,3,12.93
4256,30/05/2025,1862,P043,2,33.21
1404,2025-08-26,3590,P030,1,18.67
14482,2025-05-18,3007,P022,1,"13,05"
13885,17/12/2025,3757,P046,2,31.50
7643,2025-09-05,1152,P025,2,38.36
15528,2025-02-25,3568,P020,2,33.88
2462,11-15-2025,3294,P028,1,22.22
6349,2025-11-19,2964,P022,1,"40,43"
9732,2025-05-09,2139,P017,1,21.67
986,2025-09-29,3621,P031,1,10.69
2661,07-13-2025,1706,P005,1,46.16
884,12-05-2025,506,P008,1,73.17
6974,29/10/2025,999999,P047,2,"15,90"
11035,02/03/2025,3033,P026,1,26.90
2565,2025-11-03,3523,P002,2,53.12
16487,12/06/2025,1748,P031,3,"11,40"
13209,2025-10-13,2206,P008,2,"11,74"
10210,17/11/2025,3957,P019,1,27.85
8614,2025-11-30,1838,P023,2,10.55
3256,2025-07-12,2580,P010,1,"27,11"
7684,2025-04-08,1856,P011,1,55.76
17140,2025-02-04,2210,P033,1,7.16
11720,2025-07-15,1525,P022,2,"11,65"
3884,2025-07-18,2747,P016,1,"24,66"
8459,2025-10-14,2135,P036,1,12.58
11294,2025-04-11,1905,P037,1,65.47
16755,2025-01-05,42,P026,1,15.84
13158,2025-10-16,3877,P043,3,"15,18"
1916,2025-11-19,494,P046,2,7.82
15488,2025-02-08,600,P039,2,43.15
16196,2025-12-02,2936,P029,1,12.35
8670,2025-05-09,2790,P009,1,"17,93"
2133,2025-09-16,1171,P023,4,"56,28"
16257,25/10/2025,2404,P037,4,"48,14"
8981,18/03/2025,1824,P023,2,75.61
1322,12/07/2025,1977,P020,1,53.72
6755,25/04/2025,3500,P011,1,81.47
2879,15/05/2025,3291,P036,3,15.20
5549,2025-03-19,2576,P028,4,15.62
10356,20/09/2025,1695,P004,2,"9,72"
10891,20/07/2025,3924,P014,1,33.65
10195,2025-09-23,880,P012,1,"20,66"
4571,2025-04-27,230,P025,3,"78,78"
15739,2025-12-27,1142,P021,2,6.89
875,2025-07-08,3488,P024,1,28.31
3452,09-26-2025,3192,P009,1,16.87
8550,03/12/2025,1141,P004,1,53.44
13391,2025-02-11,3207,P027,4,20.17
5776,26/02/2025,1855,P044,2,"24,34"
12409,2025-03-20,726,P004,2,8.69
607,07/12/2025,1298,P024,1,"17,86"
17012,2025-08-31,2037,P001,3,"15,90"
9843,04/03/2025,1009,P026,1,7.63
12141,01/04/2025,4150,P039,2,"111,83"
17152,2025-12-23,751,P011,1,"36,32"
1308,2025-09-28,2472,P020,1,"48,08"
8130,11/04/2025,3251,P024,2,"39,55"
4491,2025-02-13,2274,P025,2,23.77
10848,2025-09-10,2628,P001,1,"23,59"
13991,2025-06-22,3373,P020,1,52.11
12550,2025-08-26,2839,P005,1,"38,25"
1715,16/08/2025,815,P034,1,17.01
2194,2025-08-25,2825,P045,1,"16,78"
2019,2025-02-01,1836,P002,1,12.49
15083,2025-03-26,1221,P029,1,50.41
4371,2025-03-11,2614,P014,2,15.29
5586,16/07/2025,355,P006,1,31.50
5356,2025-02-16,3342,P040,1,24.96
13988,2025-11-26,3564,P029,2,6.60
16644,2025-05-01,1594,P019,2,"14,11"
8823,2025-01-21,3838,P017,3,"63,50"
15924,2025-01-16,3933,P023,2,64.98
2269,02/12/2025,2317,P016,2,13.51
14646,01/01/2025,1914,P027,1,"16,52"
10772,2025-03-11,887,P033,2,9.67
11784,05/01/2025,1819,P014,1,"20,50"
12309,07/02/2025,2344,P044,1,90.80
2858,2025-01-10,1704,P038,1,43.31
6560,29/03/2025,1142,P037,1,"49,72"
16178,2025-11-20,682,P004,1,14.07
5995,2025-06-21,3740,P012,2,"13,45"
12574,03-12-2025,1477,P011,-1,15.27
12445,2025-06-02,800,P023,2,47.57
13521,2025-07-23,995,P034,3,"9,78"
9864,28/04/2025,2457,P042,2,"39,26"
6164,2025-12-20,3687,P014,2,63.65
13989,18/03/2025,164,P023,3,27.71
7051,12-16-2025,2415,P004,3,76.86
10387,2025-11-03,3956,P025,1,31.45
12205,20/10/2025,3791,P039,2,"61,40"
16929,13/01/2025,280,P002,1,49.78
477,04-21-2025,3868,P032,4,18.94
4420,03/04/2025,2693,P013,1,18.84
3666,2025-02-21,2984,P031,1,44.57
4579,2025-06-18,999999,P025,1,40.92
7718,2025-06-14,3791,P044,1,19.64
9394,07/06/2025,3629,P002,1,31.68
16759,2025-06-20,1336,P015,1,51.73
15428,2025-04-23,1769,P005,4,"19,27"
12191,2025-05-14,1964,P035,2,20.19
10829,2025-06-06,1183,P012,2,"13,19"
15738,2025-10-27,1528,P023,1,"36,87"
7834,2025-07-26,3953,P025,3,"54,90"
7300,21/02/2025,3700,P004,1,"27,90"
14089,2025-08-16,4120,P017,2,73.49
4814,2025-11-14,2367,P016,1,"30,06"
4481,2025-05-06,3195,P035,1,"80,37"
5738,07/04/2025,635,P032,1,14.11
8858,05-12-2025,2156,P017,-1,24.40
14370,2025-07-01,3372,P031,2,45.26
13791,2025-03-14,1653,P020,1,14.97
6969,28/02/2025,2107,P042,1,29.36
3353,24/04/2025,3928,P029,1,"11,72"
387,2025-12-05,2540,P014,1,11.65
10534,25/06/2025,1476,P038,2,61.83
3714,10/05/2025,3310,P013,1,14.76
15290,2025-09-19,4171,P038,1,36.02
11580,2025-08-25,1088,P006,2,74.14
14680,22/10/2025,2341,P042,2,"44,33"
17586,15/02/2025,3666,P009,2,59.34
2718,2025-07-25,711,P002,1,"46,23"
11655,2025-02-13,687,P002,4,54.84
3053,2025-04-18,2092,P009,,23.03
5344,2025-06-02,3393,P046,2,71.99
6038,2025-09-15,2231,P029,1,28.88
10228,2025-04-11,454,P031,1,"36,07"
7877,02/12/2025,2393,P021,2,40.06
15603,08/05/2025,2141,P002,1,"17,62"
3463,2025-09-19,4199,P009,1,"43,93"
16520,17/04/2025,3449,P015,4,5.52
11468,2025-12-21,2291,P038,1,48.96
635,2025-06-26,3204,P015,1,17.10
3380,2025-05-31,2820,P015,2,24.62
8195,2025-02-09,3851,P029,1,"57,10"
6399,2025-10-05,3148,P030,1,10.70
3597,06-11-2025,320,P037,1,"24,53"
14273,2025-09-25,1185,P045,2,22.93
4042,2025-07-03,1422,P040,4,6.30
17478,01/10/2025,3231,P027,2,36.27
11512,2025-06-14,999999,P034,1,16.04
2225,29/03/2025,3706,P018,1,65.85
96,2025-05-22,3262,P033,3,"14,83"
1801,2025-09-18,600,P020,1,24.71
9228,31/12/2025,2675,P003,1,"17,87"
13671,2025-07-01,2662,P010,1,13.97
14555,2025-11-30,1166,P018,1,7.57
9792,2025-06-11,1909,P028,1,74.57
12880,2025-10-06,2050,P002,3,"52,14"
8034,2025-06-04,1673,P009,1,17.95
14154,2025-01-26,2238,P044,2,26.60
4343,12/01/2025,3444,P029,1,44.46
3492,2025-11-24,1112,P034,1,"47,77"
8656,2025-10-03,2967,P022,1,23.05
557,2025-03-03,3487,P001,1,28.13
10693,2025-09-26,2602,P010,2,48.35
15821,21/09/2025,932,P026,2,51.21
8822,2025-06-21,2790,P046,2,"48,15"
16465,2025-01-21,2579,P030,1,41.42
2881,07-15-2025,2334,P031,2,6.93
8107,2025-10-03,2156,P019,1,62.42
5368,2025-04-21,3302,P043,3,"49,19"
9194,2025-10-11,3837,P033,1,"7,21"
1063,2025-04-04,2838,P008,1,20.86
3155,28/09/2025,2078,P026,2,8.28
1388,2025-06-28,3245,P027,2,26.94
14906,2025-11-30,1496,P012,2,9.47
16917,2025-03-24,2306,P019,2,38.08
8464,2025-03-11,2996,P024,1,44.36
14402,07-18-2025,3270,P036,1,29.20
893,18/06/2025,2291,P031,2,"33,51"
1180,2025-03-23,1362,P002,2,11.45
14822,2025-06-10,925,P042,1,31.77
11840,2025-10-19,2152,P040,1,24.12
14616,17/02/2025,2626,P027,2,28.02
7047,2025-04-18,2169,P036,4,"38,05"
1524,08-07-2025,668,P045,1,"20,97"
5888,2025-08-22,748,P006,1,32.82
11212,08-21-2025,1466,P038,1,17.02
17249,14/05/2025,2734,P003,1,18.71
11070,2025-06-14,3604,P043,3,75.10
9364,01-29-2025,2024,P022,1,20.67
15635,2025-07-01,1879,P028,3,19.39
859,2025-06-05,2268,P038,-1,70.60
5415,04-05-2025,1176,P028,2,17.96
16525,05-13-2025,2808,P027,1,23.04
6830,20/04/2025,2679,P034,3,16.46
17964,2025-01-15,1952,P004,3,"18,89"
17807,2025-02-23,1126,P009,4,"19,42"
15299,26/08/2025,1050,P010,2,16.16
5616,2025-09-10,3427,P006,1,63.19
8041,2025-12-27,3015,P031,3,15.87
4873,03/10/2025,1530,P027,4,"9,88"
569,01/10/2025,319,P002,4,"11,20"
2132,2025-07-11,1609,P019,1,16.78
6132,2025-09-15,1010,P041,2,"73,21"
12436,02/06/2025,483,P010,3,35.96
1856,2025-08-21,2796,P003,3,32.96
10074,2025-10-07,2792,P013,2,"60,22"
13850,15/03/2025,1729,P044,1,"34,81"
3233,2025-02-26,2888,P018,1,24.79
11864,2025-08-18,797,P037,2,"63,48"
5115,04/04/2025,132,P039,4,"34,95"
12299,2025-12-31,1235,P043,1,69.66
6169,01-30-2025,2524,P010,1,36.54
6537,2025-02-10,2012,P025,2,44.52
13098,2025-01-26,2025,P004,3,"41,23"
13687,2025-05-02,368,P031,1,37.14
2339,08-30-2025,2045,P028,1,17.82
12671,2025-01-02,3669,P004,2,22.85
15492,17/05/2025,4064,P026,1,"37,50"
7064,2025-10-21,4077,P023,1,5.98
6856,04/05/2025,2648,P007,1,64.42
8277,2025-07-01,4074,P030,-1,10.49
11894,2025-03-08,3169,P002,1,20.66
11670,2025-04-12,2991,P021,3,26.73
5720,2025-11-10,2307,P028,1,17.85
6628,27/12/2025,201,P027,1,50.91
14612,2025-07-15,18,P030,2,20.68
10853,2025-04-21,3433,P007,2,19.79
17005,2025-03-07,1034,P026,1,36.74
9271,2025-06-09,2999,P008,1,23.64
14214,2025-05-06,1257,P038,2,52.07
12548,2025-07-13,1465,P024,1,24.91
16933,2025-03-21,4050,P028,1,23.01
11866,2025-03-07,1159,P048,1,"15,53"
3783,09/09/2025,2119,P042,2,90.44
11631,2025-07-02,1506,P002,1,"23,52"
12314,24/10/2025,2963,P021,1,"64,69"
13817,2025-12-08,1804,P043,2,44.77
418,2025-04-07,3737,P041,1,34.34
3097,2025-11-18,1461,P031,2,"19,37"
7441,18/07/2025,3079,P029,1,25.58
2350,20/12/2025,2388,P044,1,12.70
1131,01/03/2025,2237,P010,2,"31,02"
9434,2025-07-17,1836,P030,1,24.02
2578,2025-10-12,1291,P033,-1,11.86
8302,22/06/2025,316,P012,2,"39,19"
16227,2025-08-28,3725,P042,2,"35,34"
6127,2025-07-23,102,P007,2,"38,73"
15935,2025-08-18,3913,P030,2,5.98
5543,2025-04-08,4195,P006,2,24.31
10352,08-07-2025,1941,P043,1,18.02
6518,21/01/2025,1220,P036,-1,"39,24"
10989,19/07/2025,4002,P017,,"49,73"
1688,2025-11-05,3363,P011,1,"16,02"
14378,2025-07-17,1224,P020,1,20.12
15962,2025-09-26,812,P041,1,33.44
2310,2025-03-31,4179,P027,1,"16,08"
2845,28/09/2025,3239,P032,3,16.34
9476,2025-10-22,491,P040,1,60.06
725,2025-03-06,446,P040,2,"79,56"
15426,2025-09-08,3748,P046,2,"13,50"
4943,2025-05-08,3004,P030,4,"13,87"
17978,11-23-2025,4150,P026,1,"15,59"
6983,2025-02-16,2287,P017,2,27.70
9586,2025-08-13,1778,P012,2,20.11
1157,2025-10-17,1226,P038,1,"17,80"
2336,20/09/2025,108,P035,4,44.57
8013,2025-06-05,450,P033,2,14.64
15570,05/10/2025,3258,P003,2,31.24
3486,2025-02-16,3194,P031,2,39.14
6722,2025-10-06,2232,P007,1,13.89
15971,2025-10-19,2710,P035,1,13.76
15286,01/02/2025,2513,P020,1,47.48
7980,2025-08-31,1223,P018,4,9.22
3941,17/08/2025,1199,P047,1,12.15
16536,2025-11-20,2510,P037,2,"59,32"
14031,2025-01-07,1980,P017,,31.46
5084,2025-04-09,3325,P004,2,"36,40"
8409,2025-11-03,1739,P006,1,29.09
12424,2025-05-18,1398,P033,4,54.22
7507,2025-03-10,1437,P041,1,"6,58"
17454,2025-02-04,3996,P036,2,"23,35"
8243,2025-10-29,64,P047,2,15.13
4367,2025-09-23,2343,P011,1,"45,73"
2169,2025-03-12,1277,P005,3,29.40
1654,2025-03-29,3586,P017,2,14.19
1930,2025-08-17,725,P009,2,"31,47"
1932,2025-05-14,2861,P014,1,45.49
6021,29/07/2025,999999,P003,1,9.81
15073,2025-10-22,999999,P038,1,16.40
223,2025-03-31,519,P035,1,21.79
1527,2025-01-15,2542,P038,1,36.24
3696,2025-11-09,1193,P042,2,"28,18"
11609,2025-02-08,2722,P026,1,36.60
5100,2025-03-04,878,P008,1,12.47
1633,16/10/2025,2128,P046,1,42.72
13778,05/06/2025,346,P005,3,20.87
6585,11/12/2025,585,P022,1,17.20
17497,2025-12-17,1470,P044,1,29.34
9714,2025-01-21,3132,P001,1,22.52
4385,2025-08-08,2832,P020,1,20.00
10038,2025-12-16,262,P007,1,"24,12"
5882,2025-03-08,3841,P005,4,41.98
475,2025-11-22,3523,P029,1,25.63
12257,09/08/2025,2076,P033,2,28.25
15774,2025-05-07,3511,P023,1,33.62
16106,2025-09-12,309,P019,1,14.40
12312,2025-05-04,2954,P047,3,"22,91"
3743,2025-06-15,79,P001,1,82.81
325,2025-12-02,299,P023,1,12.17
4281,2025-09-19,3365,P047,1,"49,93"
5707,22/04/2025,2818,P004,1,16.10
13657,2025-08-09,2031,P004,1,34.02
1777,2025-07-26,2644,P026,1,35.62
16613,2025-09-21,1170,P013,2,20.81
5286,28/04/2025,1155,P033,4,44.34
4747,02-10-2025,3461,P036,1,"16,97"
6486,09-27-2025,1852,P013,1,"42,04"
226,2025-02-06,1989,P018,3,33.64
2392,2025-12-08,1693,P008,1,"12,52"
6608,2025-11-29,1416,P032,1,"8,03"
772,2025-08-11,664,P017,1,"34,38"
12472,2025-08-21,999999,P013,3,"27,08"
467,11-25-2025,2981,P032,1,"14,08"
6919,01-10-2025,206,P031,2,44.20
7361,2025-09-24,689,P006,1,13.80
11528,2025-09-17,4060,P020,4,25.07
16612,2025-06-03,856,P031,1,"12,07"
15544,2025-03-01,1341,P029,2,29.18
17318,2025-11-29,3309,P021,4,23.35
4292,2025-09-05,96,P031,2,53.72
8919,2025-02-27,2435,P047,1,"27,05"
9044,20/10/2025,1319,P019,,10.70
6845,2025-05-06,325,P048,2,34.89
14788,25/02/2025,720,P013,-1,"30,96"
3148,08/12/2025,3336,P040,3,"35,84"
2735,2025-03-30,2836,P033,1,"66,88"
6268,2025-07-27,762,P003,1,"30,81"
11328,09-08-2025,1219,P035,1,25.98
6413,2025-05-09,1691,P033,2,29.18
2295,2025-07-23,3515,P043,2,"23,36"
17927,2025-03-15,1398,P048,-1,6.62
1561,2025-06-30,3274,P011,2,8.89
14809,2025-03-08,78,P042,1,58.22
11001,2025-07-03,1844,P044,1,6.19
17056,2025-08-02,752,P048,4,19.11
14496,2025-01-16,1120,P042,1,31.96
8938,04/09/2025,2049,P016,1,25.37
2542,2025-12-06,371,P016,1,"10,92"
3673,2025-10-03,2054,P033,1,33.05
1745,20/06/2025,543,P047,2,"14,05"
15031,2025-08-28,1383,P040,1,87.97
16770,2025-02-12,1919,P045,1,23.54
5926,09/02/2025,2851,P015,1,"46,79"
15754,26/10/2025,4183,P018,1,27.39
13890,2025-03-08,991,P023,1,57.08
17713,11-29-2025,999999,P031,2,"31,78"
1605,2025-11-27,3702,P048,1,"42,71"
5412,2025-12-18,4067,P034,2,29.16
11018,12-17-2025,2911,P040,2,69.97
17248,2025-11-10,3956,P044,3,12.89
17444,2025-10-19,3701,P026,1,42.95
16001,2025-08-09,3836,P041,1,23.33
8301,2025-09-22,1115,P031,1,44.17
16817,2025-04-18,2996,P018,2,29.83
5493,2025-04-02,561,P039,3,44.71
16386,2025-02-24,3437,P003,1,"70,40"
16971,2025-01-16,3807,P019,3,60.96
14189,2025-04-25,1895,P034,2,16.87
8399,2025-10-04,267,P044,1,"16,79"
10604,2025-12-12,1210,P048,1,30.59
1080,28/03/2025,3070,P031,2,"11,74"
5124,26/01/2025,1513,P036,2,15.37
3717,2025-10-05,3347,P024,2,"53,56"
10930,14/07/2025,791,P023,1,"22,81"
2181,2025-09-12,1088,P024,1,46.96
5015,31/01/2025,3441,P003,1,25.45
8004,2025-08-05,1727,P012,3,55.52
12521,03/08/2025,239,P020,1,60.93
16758,23/12/2025,4096,P022,1,14.53
6144,2025-11-26,1675,P033,2,"21,71"
6051,2025-06-28,27,P041,1,42.61
12398,27/03/2025,1458,P044,3,"16,59"
13204,2025-01-18,3535,P025,1,75.76
6651,2025-12-03,560,P037,2,"15,09"
14267,2025-10-02,3982,P028,2,42.64
17941,2025-03-11,4111,P021,1,109.40
673,2025-04-10,2219,P016,1,22.25
4912,2025-01-30,3389,P045,2,"27,66"
15432,10-12-2025,3634,P032,1,"84,00"
1383,14/05/2025,3610,P016,2,29.67
1658,2025-05-10,3197,P009,1,44.10
11641,16/02/2025,2396,P002,2,6.04
1190,20/10/2025,966,P024,1,"29,60"
13074,2025-10-03,609,P027,1,"33,84"
7302,2025-08-26,2698,P013,2,"93,12"
3319,16/10/2025,1060,P044,1,15.10
263,2025-09-12,519,P024,1,15.00
4507,06-05-2025,1482,P022,1,"11,35"
17571,2025-12-17,1124,P009,1,33.58
5646,2025-10-22,2497,P006,2,46.06
2801,06/12/2025,3284,P023,1,66.13
9127,2025-07-27,1689,P048,3,30.96
17911,2025-02-28,3163,P040,2,23.32
5770,2025-06-20,4183,P021,1,47.49
6331,16/07/2025,1645,P008,3,20.54
2062,2025-11-10,3461,P045,1,48.75
17956,2025-07-29,2212,P016,2,30.52
13677,26/10/2025,3735,P028,2,"34,42"
10516,2025-01-24,2436,P034,1,62.54
11230,08/07/2025,1209,P015,1,53.65
15057,28/11/2025,255,P038,2,"46,07"
905,29/11/2025,3973,P040,2,"66,09"
7072,2025-09-29,3513,P009,1,7.99
1032,2025-03-28,821,P014,1,17.78
10966,2025-01-20,110,P036,2,36.06
1770,29/03/2025,751,P034,3,28.79
1464,2025-06-01,3267,P044,1,70.29
5163,17/05/2025,1635,P019,1,59.19
7950,2025-09-26,2854,P043,1,"16,56"
14579,2025-05-19,212,P019,1,103.35
4212,2025-03-28,849,P030,1,17.39
17945,2025-07-24,512,P026,2,28.36
13040,2025-05-03,2684,P031,3,72.72
11319,2025-12-17,28,P047,1,35.34
17645,2025-08-30,2338,P014,1,"32,59"
14164,2025-05-15,3437,P019,3,63.03
3970,2025-07-29,2271,P014,2,15.86
8166,2025-08-31,3515,P020,1,22.80
6426,04-07-2025,408,P031,1,12.91
16833,25/04/2025,1639,P007,1,"5,48"
12097,2025-07-05,2354,P017,2,"34,39"
3320,2025-05-01,1993,P016,1,22.59
13466,2025-01-19,3583,P040,3,"16,01"
14551,2025-01-18,3409,P041,3,"31,64"
8800,2025-03-19,1392,P047,3,12.75
16374,2025-10-29,789,P015,1,"20,15"
8080,2025-06-15,2617,P010,1,39.33
7960,28/10/2025,2282,P013,1,44.51
9063,12/05/2025,1548,P001,2,20.75
14610,2025-08-30,1873,P039,2,25.56
1855,2025-04-10,3842,P045,1,"15,31"
16966,2025-02-03,1855,P016,2,9.84
9264,2025-03-16,3153,P008,1,"24,67"
13951,2025-08-05,2999,P048,1,"27,53"
15900,2025-05-25,3263,P043,2,38.79
5001,2025-07-12,949,P030,1,24.53
7456,2025-09-09,3881,P034,3,"16,87"
6420,2025-07-04,2550,P041,3,27.05
9845,2025-11-11,2943,P009,1,15.31
10822,04-07-2025,3185,P036,2,50.66
9446,2025-12-14,2722,P008,1,27.57
3620,2025-06-04,684,P002,1,"10,53"
14675,20/11/2025,3766,P036,-1,37.82
14759,2025-01-01,1823,P023,1,40.42
15075,2025-06-10,1262,P027,2,"17,71"
8156,2025-03-27,998,P031,1,48.49
3419,2025-04-09,1308,P042,1,21.59
10796,2025-10-04,2574,P007,2,24.12
7411,02/04/2025,3702,P009,1,59.95
5714,2025-11-14,2871,P030,2,10.44
12476,04/06/2025,630,P047,2,8.59
12019,18/03/2025,3126,P025,-1,34.30
17717,2025-04-25,417,P005,1,"63,17"
17153,15/12/2025,1392,P045,1,49.31
5008,2025-08-06,3117,P020,1,26.31
3329,2025-10-24,2121,P006,2,"35,40"
4917,22/10/2025,4077,P048,1,"51,33"
13638,2025-02-01,1603,P017,1,"34,10"
14650,2025-11-21,3506,P036,4,22.72
5154,2025-01-07,3038,P027,2,20.54
12700,27/01/2025,383,P041,1,55.91
8345,2025-10-29,3962,P017,1,47.35
506,2025-09-25,924,P009,1,61.48
12739,2025-10-28,1034,P011,2,53.00
14380,11/08/2025,3886,P019,1,21.76
10847,28/07/2025,1404,P030,1,"12,88"
17754,13/05/2025,2410,P035,1,"30,99"
8720,2025-09-07,1039,P034,1,51.57
17064,08/11/2025,3380,P034,1,35.86
1345,05-15-2025,142,P045,2,19.01
13193,30/10/2025,3472,P027,1,20.56
17385,24/05/2025,73,P040,1,22.73
9900,2025-03-03,2885,P033,1,"33,55"
12179,20/03/2025,2631,P021,1,42.49
16803,2025-07-25,2577,P032,,"20,79"
11200,2025-06-07,3462,P033,1,8.73
4784,2025-04-13,1013,P012,2,14.15
17345,12/05/2025,244,P022,2,15.71
11981,06-04-2025,2667,P047,1,30.61
11138,2025-02-20,177,P044,2,9.20
4291,2025-12-16,147,P002,2,25.45
12687,11/06/2025,1428,P001,2,18.18
15433,28/06/2025,455,P035,1,48.38
15235,2025-02-12,2851,P042,2,13.39
15715,28/08/2025,2608,P020,1,11.02
4683,2025-03-29,1027,P022,1,36.40
12289,2025-06-17,4196,P048,1,25.21
16903,2025-09-29,183,P025,2,59.72
8071,26/04/2025,613,P018,1,50.98
16015,2025-03-27,1471,P010,3,32.08
3695,2025-09-27,1391,P005,1,"66,34"
15035,27/07/2025,3379,P019,1,"38,32"
6351,2025-09-08,1263,P010,2,"21,83"
13970,2025-05-31,2749,P030,1,14.39
14761,2025-03-16,3463,P006,1,11.06
7432,2025-12-11,2626,P027,1,"33,50"
2412,2025-06-14,4074,P045,1,"23,28"
15439,2025-08-11,946,P016,1,41.89
8651,2025-12-27,831,P047,2,49.78
50,2025-09-17,2115,P030,1,"37,23"
8871,2025-08-10,1141,P018,1,"46,10"
8213,2025-05-17,2959,P032,1,27.25
14922,29/03/2025,3764,P031,2,23.38
8434,27/12/2025,302,P001,1,9.55
9913,17/06/2025,593,P015,3,"6,92"
1403,28/07/2025,3376,P035,1,11.62
312,16/04/2025,1074,P032,1,48.91
957,2025-12-22,3061,P012,1,"14,78"
17493,2025-04-21,1125,P036,3,"40,80"
3493,2025-01-31,1018,P007,1,8.56
17361,01/10/2025,3979,P005,1,30.66
2731,18/11/2025,4185,P029,2,20.40
10162,2025-03-20,3326,P026,1,14.67
4442,2025-04-05,447,P024,1,"16,04"
3498,30/05/2025,291,P039,1,17.09
17217,2025-01-31,1076,P045,1,30.56
4740,06-21-2025,2599,P036,4,9.79
1344,02/07/2025,2025,P018,1,23.93
13793,01/10/2025,2834,P029,1,28.12
11460,29/09/2025,2012,P021,1,17.11
10453,03/03/2025,999999,P006,1,79.01
5710,21/04/2025,1425,P030,2,33.33
428,2025-05-06,798,P022,2,"23,55"
11672,2025-10-11,1838,P011,1,8.41
3846,04/08/2025,724,P036,2,37.90
13082,2025-06-15,787,P018,1,"18,96"
8012,31/07/2025,4002,P027,1,"23,00"
16138,11-22-2025,2998,P010,2,9.48
13465,2025-12-25,2739,P029,1,"72,34"
3970,2025-07-29,2271,P014,2,15.86
10086,2025-01-14,1233,P010,2,30.63
15070,2025-08-11,1821,P027,1,"15,58"
1416,06-11-2025,999999,P030,2,31.48
7850,24/10/2025,3596,P024,1,11.47
15756,04/05/2025,2751,P046,1,20.80
11644,2025-11-16,2808,P022,1,"59,86"
15892,2025-10-24,1760,P027,1,"151,66"
12432,2025-08-23,3087,P018,1,46.03
4103,25/06/2025,3503,P039,4,10.31
10673,2025-08-04,1700,P035,1,"25,98"
16568,18/11/2025,1294,P040,2,51.49
5751,2025-07-23,941,P007,1,"32,48"
2362,25/06/2025,1649,P048,1,20.22
3705,2025-09-24,624,P021,2,35.47
9800,12/09/2025,3452,P006,1,"21,51"
2134,2025-10-06,1285,P006,2,"24,46"
14553,2025-08-08,975,P003,2,46.54
14838,2025-07-29,3153,P032,1,58.29
14061,12-27-2025,3476,P026,1,40.45
13845,2025-07-04,3787,P047,1,18.72
17627,2025-05-19,352,P015,1,37.36
11038,04-18-2025,1072,P042,1,26.29
409,2025-08-14,1103,P047,1,20.17
2641,2025-05-05,2272,P014,1,"12,20"
499,01/10/2025,3185,P040,1,62.63
5962,29/09/2025,3638,P019,4,77.56
2595,13/09/2025,1680,P004,2,23.90
12386,2025-03-31,1844,P003,2,"34,85"
15199,2025-03-02,2776,P001,1,"27,51"
12104,02-13-2025,1748,P040,1,45.09
17327,2025-09-17,1663,P002,1,49.56
12400,2025-06-26,999999,P042,1,16.81
5746,02-03-2025,134,P037,1,20.28
5837,11-03-2025,2761,P043,1,40.18
11073,2025-03-22,2323,P035,-1,27.56
15795,2025-09-21,3219,P023,3,37.33
1235,2025-11-03,330,P028,1,20.66
1198,29/08/2025,1414,P013,1,79.20
14633,16/12/2025,1477,P011,1,13.61
1895,07-12-2025,2792,P022,1,77.19
3492,2025-11-24,1112,P034,1,47.77
8884,2025-10-13,2257,P030,1,"37,13"
1506,09-28-2025,1445,P016,1,"11,64"
11880,2025-02-01,2404,P003,2,"24,03"
8011,2025-05-17,193,P039,1,27.93
2054,28/12/2025,99,P029,-1,9.22
7771,29/07/2025,2815,P029,1,"25,80"
2138,2025-04-10,2565,P014,1,"45,12"
17226,2025-03-09,842,P039,2,"27,15"
17168,2025-01-13,882,P018,1,"14,23"
11886,22/10/2025,2878,P046,1,70.31
16131,2025-11-03,185,P028,1,11.78
280,2025-05-06,999999,P021,1,"5,59"
4966,2025-03-06,4158,P026,2,28.99
3046,2025-08-14,619,P040,1,33.66
1329,13/12/2025,2789,P002,1,14.90
11504,2025-09-08,2749,P019,1,9.09
12413,30/12/2025,4081,P019,1,"22,72"
11915,18/01/2025,1610,P035,3,51.46
17108,09-26-2025,4073,P014,2,49.34
1372,2025-01-13,2483,P045,1,25.89
100,2025-08-07,3158,P023,1,35.19
9220,2025-10-18,47,P033,2,34.79
11545,2025-02-13,3259,P013,1,24.17
11922,2025-11-23,2105,P004,3,"45,08"
13945,2025-01-12,234,P017,2,56.65
15363,07/10/2025,1518,P046,2,"32,86"
16616,29/09/2025,2560,P001,2,19.67
6610,2025-01-17,2797,P042,1,19.52
2416,21/08/2025,2281,P001,1,96.94
4334,2025-01-27,56,P006,1,"51,28"
6886,29/10/2025,3911,P022,1,30.46
17009,2025-08-17,3882,P015,2,23.31
2015,06-16-2025,2852,P024,4,"17,78"
8598,30/05/2025,1666,P040,1,8.21
9150,2025-01-13,3604,P027,1,9.11
3549,2025-07-07,2654,P037,1,45.39
5419,2025-02-26,507,P010,1,"32,46"
7636,28/05/2025,3603,P003,1,"10,46"
15082,2025-10-20,2626,P031,3,43.22
4351,2025-01-27,2636,P027,1,"22,87"
13414,2025-09-06,2276,P001,1,36.43
15320,06/03/2025,4110,P042,3,7.93
15227,04/10/2025,2930,P026,1,"45,54"
4875,2025-05-05,1248,P038,2,13.81
6818,2025-09-23,3663,P005,1,"20,73"
1189,2025-02-26,3893,P004,1,33.12
10346,17/08/2025,2050,P011,2,23.82
14088,2025-11-27,395,P024,4,"44,11"
948,2025-01-29,3476,P025,1,18.85
6509,2025-06-23,1824,P040,2,9.61
14617,04-23-2025,2509,P029,1,53.94
14566,2025-09-08,915,P025,1,20.50
1340,2025-02-27,490,P022,1,26.04
17872,2025-04-22,314,P021,3,11.74
2952,2025-09-13,1514,P033,1,51.63
17050,03-11-2025,999999,P020,1,"42,97"
4727,08/12/2025,793,P015,1,17.23
13149,2025-12-05,2639,P033,1,14.74
3301,2025-02-21,3582,P016,2,14.22
15532,2025-04-27,3620,P020,1,"34,01"
9892,17/03/2025,1304,P042,2,40.73
5404,2025-01-06,2853,P038,1,13.05
738,03/03/2025,1018,P038,2,"16,37"
13262,01/03/2025,897,P030,1,88.30
4318,2025-09-26,2966,P024,1,"13,99"
1627,2025-11-05,1534,P019,1,7.86
1805,31/10/2025,486,P011,1,25.90
17586,15/02/2025,3666,P009,2,59.34
9922,02/11/2025,1860,P016,1,"13,28"
7525,09-10-2025,3333,P038,1,"7,93"
14020,2025-07-19,342,P009,2,63.28
10677,09/10/2025,3810,P004,-1,13.49
11011,2025-03-02,4184,P033,1,41.65
6289,28/01/2025,3449,P044,2,16.46
15803,2025-05-02,2017,P025,1,"19,28"
10596,2025-05-26,305,P014,1,"9,28"
2979,2025-07-04,714,P019,2,"28,46"
11011,2025-03-02,4184,P033,1,41.65
12177,2025-09-04,810,P026,1,29.90
5808,2025-10-08,2451,P023,1,22.81
14015,02/04/2025,1268,P042,2,17.18
8487,2025-05-23,2578,P027,1,33.70
4490,12/01/2025,216,P035,1,28.07
14723,04-16-2025,3361,P012,3,"49,16"
2157,2025-01-14,1381,P012,2,29.76
885,2025-11-24,999999,P002,1,28.72
11169,2025-06-03,1076,P013,1,20.65
2243,18/01/2025,1030,P007,1,30.07
5322,2025-08-10,2394,P023,1,107.18
10934,2025-12-17,1143,P034,2,64.19
5111,2025-08-12,2671,P031,1,39.76
698,01-27-2025,3349,P030,1,"35,92"
12801,04-04-2025,1051,P015,1,13.73
6639,22/10/2025,116,P048,1,"33,35"
14636,11-05-2025,4053,P001,3,30.17
3950,16/07/2025,1037,P017,2,"15,20"
4806,2025-04-07,1783,P031,1,54.98
4687,30/12/2025,1555,P009,1,82.06
9023,2025-06-09,1141,P008,1,"37,01"
1101,2025-03-04,1754,P026,2,23.74
16279,2025-10-04,2192,P033,1,13.97
3521,28/08/2025,3589,P026,4,23.63
12448,2025-04-07,3055,P019,1,"37,67"
16311,2025-11-16,3605,P019,2,11.93
4083,12-20-2025,3749,P025,1,44.79
13852,04-17-2025,1271,P005,2,11.09
9238,2025-12-31,299,P031,4,32.45
10929,2025-06-09,581,P042,1,42.62
14328,03-14-2025,2121,P017,1,"35,86"
11730,28/06/2025,1477,P037,2,24.54
12226,2025-08-25,3448,P029,2,"22,13"
5409,03/05/2025,1315,P040,1,"41,23"
9645,2025-12-19,2030,P014,1,20.27
5832,2025-06-18,1776,P036,2,30.88
4798,19/08/2025,380,P041,2,14.78
7111,2025-06-06,829,P044,1,37.43
12794,2025-08-22,482,P024,3,36.12
10361,2025-07-13,3939,P006,4,19.37
10515,2025-05-06,3160,P038,1,"22,23"
704,04/11/2025,2223,P039,1,"130,70"
17607,2025-01-07,2016,P018,1,38.36
2608,2025-10-06,549,P047,1,"43,55"
13946,30/04/2025,3377,P048,1,26.95
10513,2025-11-23,3886,P022,1,26.01
12465,2025-05-14,924,P032,1,"9,47"
11804,2025-02-21,945,P010,-1,65.70
15432,10-12-2025,3634,P032,1,84.00
4786,2025-11-06,999999,P005,,24.52
17562,2025-01-01,20,P041,3,9.43
1429,2025-07-07,3094,P026,4,11.83
446,2025-09-08,2386,P013,4,"20,77"
13056,09/07/2025,2118,P001,2,20.86
7380,03-21-2025,2848,P006,2,27.14
16476,10/10/2025,1345,P033,1,41.21
11411,2025-08-22,2537,P022,1,"25,66"
5900,08-11-2025,2155,P004,1,31.48
10730,2025-06-16,3713,P015,1,"22,24"
4429,2025-08-10,1625,P002,1,"18,57"
15782,2025-04-22,2761,P032,2,5.00
4534,10-08-2025,1268,P039,1,"23,54"
10867,2025-05-16,1507,P002,1,23.64
7129,2025-11-30,2511,P011,-1,31.16
4217,2025-10-11,1938,P014,3,36.51
8876,2025-10-24,2360,P022,1,"26,98"
2494,2025-09-19,1934,P019,1,"43,64"
1179,10-23-2025,4016,P036,1,30.67
5033,12/10/2025,2378,P013,1,31.16
248,01/10/2025,1429,P033,1,29.98
4849,2025-03-11,1729,P004,1,16.19
12369,31/08/2025,3103,P010,1,44.93
15941,21/05/2025,999999,P042,1,"17,08"
10255,2025-03-09,3035,P024,1,"42,80"
15539,2025-08-17,3883,P010,1,31.10
4960,2025-01-01,800,P025,1,21.50
5792,2025-11-23,2260,P036,2,62.04
3420,2025-11-15,4152,P027,2,13.66
3886,2025-11-20,1217,P027,1,34.55
17983,06-14-2025,2279,P028,1,60.01
5687,2025-02-23,2037,P016,2,14.38
12234,20/03/2025,1006,P013,1,"55,76"
4265,2025-07-09,1616,P036,1,"7,67"
9832,07/03/2025,3796,P003,1,12.51
15660,2025-01-05,999999,P044,1,91.92
6290,03-23-2025,1423,P045,1,37.53
6052,22/02/2025,2593,P024,1,37.84
1014,2025-04-07,4048,P046,2,16.57
3779,11-24-2025,3921,P018,2,32.96
148,2025-03-02,234,P016,1,26.42
17209,2025-05-17,1773,P034,3,24.32
8269,22/09/2025,3808,P010,1,29.36
13630,2025-04-27,646,P011,2,36.50
5850,2025-06-02,3233,P005,2,38.11
14963,2025-12-05,2634,P019,,"14,50"
2800,2025-07-08,257,P046,1,22.76
10000,2025-02-09,763,P027,1,39.87
13223,2025-05-20,3495,P002,3,"171,06"
605,05-27-2025,3555,P028,2,26.68
3727,2025-10-29,4006,P029,3,"58,60"
14826,2025-03-13,1248,P017,4,21.35
2042,2025-01-13,1723,P025,1,20.79
5367,2025-08-07,2908,P012,1,44.78
5669,2025-12-08,2199,P034,2,27.71
11620,2025-01-12,2772,P013,1,21.43
10602,2025-06-27,166,P009,1,8.38
9737,2025-04-23,786,P004,1,21.78
13715,2025-12-16,3163,P032,1,"31,86"
5251,2025-08-19,3277,P041,2,19.60
12644,05/02/2025,1439,P037,2,32.18
8217,25/09/2025,830,P039,1,38.92
11967,2025-09-08,2363,P030,1,58.58
9055,2025-03-14,3072,P014,1,34.22
7255,2025-12-09,2495,P008,1,42.08
3480,2025-05-15,1810,P006,1,41.63
6577,2025-03-01,1509,P033,2,43.26
17637,05/10/2025,3127,P012,2,31.30
14884,05-06-2025,4146,P028,4,33.02
11368,26/09/2025,161,P010,2,"74,39"
8014,09/12/2025,464,P004,2,31.90
9678,31/01/2025,743,P014,1,"9,17"
1616,09/11/2025,2476,P012,1,13.47
9560,2025-06-06,3282,P043,1,52.26
15288,15/11/2025,677,P033,2,"43,16"
17950,2025-01-03,2378,P002,2,"14,42"
5446,2025-10-27,968,P030,4,52.27
5146,2025-09-15,1042,P016,1,27.53
12125,2025-10-27,3200,P033,2,22.52
5213,2025-05-04,3235,P005,1,"49,78"
15681,2025-03-27,1369,P017,1,16.70
12091,2025-03-14,2857,P033,,83.83
4505,2025-10-20,4155,P041,2,19.24
8666,11-06-2025,1511,P006,1,16.77
2764,2025-09-26,3369,P045,1,"21,38"
17843,2025-06-09,1072,P002,1,31.01
7384,2025-03-27,959,P044,1,34.88
10724,2025-07-01,1176,P025,1,36.09
16894,2025-04-16,95,P028,1,39.73
14106,07-03-2025,2575,P045,1,22.26
5471,07/09/2025,2922,P047,2,42.22
7213,2025-08-24,2067,P002,,34.54
17813,2025-03-08,232,P042,1,12.95
5087,10/12/2025,335,P043,1,15.39
12392,2025-11-19,1113,P010,1,20.49
8380,2025-12-12,2169,P004,1,8.97
15538,2025-09-13,3334,P047,3,"22,38"
16681,2025-01-14,3260,P008,1,24.75
17317,2025-10-24,689,P004,-1,"55,29"
8360,03-07-2025,3457,P012,2,"49,52"
16532,17/03/2025,3768,P016,1,"28,85"
2342,2025-04-25,419,P030,1,22.10
9235,2025-05-04,614,P025,1,35.45
12693,2025-03-21,1655,P007,3,21.23
9196,16/08/2025,730,P019,1,51.99
10261,2025-07-07,1946,P022,1,8.34
2572,08-09-2025,2026,P022,,27.52
5588,2025-08-19,612,P029,1,18.36
7958,10-23-2025,2273,P018,1,"75,01"
6125,2025-09-12,1745,P036,2,35.89
4777,11-07-2025,1789,P010,2,"23,11"
9286,2025-07-15,1211,P023,2,"28,77"
524,07/05/2025,1045,P031,3,13.29
11932,11/05/2025,1667,P033,3,43.49
10269,2025-04-09,2612,P041,1,"22,59"
11256,2025-08-24,3222,P048,1,"57,88"
8760,2025-10-27,3391,P042,3,18.86
13329,01/05/2025,735,P033,2,89.13
14005,10/10/2025,9,P026,1,8.04
7584,2025-05-04,257,P023,3,22.18
7268,23/03/2025,21,P030,1,21.75
3826,2025-07-24,1753,P047,1,19.63
4240,18/03/2025,682,P027,1,"62,03"
10511,2025-11-12,2726,P034,1,47.24
14661,26/01/2025,1660,P028,1,41.73
15911,2025-02-16,3581,P026,2,6.57
11116,2025-03-12,1174,P003,2,14.69
13912,2025-01-24,3766,P041,3,11.35
1426,08/05/2025,999999,P031,,35.82
10056,2025-10-16,1892,P035,1,27.12
4316,2025-12-21,2897,P030,3,"32,34"
4138,02-21-2025,2362,P010,1,63.80
14531,27/02/2025,2745,P017,1,"33,00"
964,07/12/2025,635,P033,4,"11,59"
3055,2025-12-02,4174,P006,2,"40,70"
5465,2025-12-07,1623,P039,1,12.81
16385,2025-12-04,3543,P037,2,10.69
9604,2025-04-30,4199,P048,1,57.95
349,2025-04-04,959,P009,1,"23,71"
15335,2025-06-05,115,P011,1,23.44
9635,2025-11-16,3293,P036,2,37.86
7147,2025-12-11,1864,P003,1,9.65
12603,2025-08-02,999999,P004,2,45.29
16687,2025-10-05,307,P048,1,"29,06"
4686,17/09/2025,554,P026,2,30.49
12551,2025-07-11,4074,P041,2,10.76
10665,2025-06-11,3249,P013,1,38.00
2592,31/03/2025,2095,P007,1,37.94
3079,2025-06-14,1969,P038,1,33.38
5987,2025-03-16,1556,P020,3,29.67
2213,2025-05-17,3673,P013,2,95.70
14935,2025-04-09,3636,P030,2,"6,33"
13740,10/01/2025,1199,P023,1,"41,65"
2778,2025-02-04,956,P023,1,"37,78"
10476,2025-04-29,3521,P041,2,"42,21"
184,08/04/2025,146,P042,1,"14,41"
11928,17/08/2025,1305,P047,1,24.25
3537,02/02/2025,2965,P008,1,29.32
2120,2025-08-12,2972,P015,1,18.77
11269,2025-03-14,709,P026,4,35.22
3020,2025-02-22,1425,P024,1,18.84
2298,25/01/2025,4131,P008,1,47.62
10854,2025-10-04,1269,P048,3,35.24
4003,02-18-2025,403,P038,3,"26,52"
2535,20/01/2025,1432,P026,2,47.96
5185,30/06/2025,243,P041,1,19.03
1508,2025-07-23,3185,P018,3,19.71
13191,2025-03-12,11,P010,3,75.22
16409,2025-12-25,2865,P011,1,20.10
641,2025-11-14,1585,P013,4,22.86
1338,2025-09-03,60,P018,2,18.89
4643,2025-11-04,3999,P023,1,"28,07"
10869,2025-05-14,2567,P041,1,11.88
11061,2025-08-18,824,P046,1,"27,42"
8471,14/04/2025,999999,P020,2,13.27
16391,07/03/2025,3613,P025,1,"44,41"
333,2025-02-12,2551,P033,1,95.09
17965,2025-05-19,314,P025,1,30.35
3750,12/11/2025,1117,P044,1,"21,07"
12895,2025-03-06,3010,P036,2,"15,92"
8347,2025-07-22,2656,P025,1,20.90
11278,2025-04-13,4190,P018,1,38.09
13440,19/12/2025,884,P047,1,"25,59"
15111,09-22-2025,2699,P038,1,22.49
12673,2025-03-06,2494,P007,1,"53,17"
10263,2025-09-14,2363,P037,1,33.12
2208,09/12/2025,3155,P046,1,40.79
13566,20/11/2025,2798,P040,1,24.00
12352,2025-06-02,594,P017,1,"17,39"
13237,08/09/2025,1136,P023,1,34.16
8554,2025-07-26,1717,P010,2,33.50
11016,2025-03-30,3606,P033,1,"31,45"
17160,11/12/2025,3347,P019,3,17.56
338,2025-04-17,2023,P044,2,"39,89"
7773,2025-07-27,976,P048,3,72.61
14920,2025-03-12,41,P005,1,16.55
10999,02/08/2025,1787,P009,2,"35,89"
1942,2025-04-13,3921,P038,1,29.94
7913,27/06/2025,2218,P026,2,20.03
6538,05-17-2025,3702,P022,1,11.44
5922,07/05/2025,3584,P046,1,"34,62"
16026,06-24-2025,3189,P041,1,28.14
16942,2025-11-22,3375,P047,1,17.47
13908,2025-12-19,1330,P030,1,17.92
3716,22/11/2025,3015,P034,2,23.75
14527,2025-10-31,1208,P008,1,"52,03"
9105,28/07/2025,3705,P003,1,25.48
743,2025-11-26,2676,P007,1,"22,37"
17250,01-29-2025,1624,P008,1,21.95
3189,2025-03-05,1227,P003,1,"48,20"
7789,2025-04-21,3660,P005,1,39.52
10598,2025-05-20,3018,P018,3,29.14
1768,2025-07-30,2191,P007,1,9.63
12187,30/07/2025,1988,P022,1,"29,56"
14240,2025-08-29,2071,P007,1,8.46
11888,08/05/2025,1264,P003,2,"54,41"
7993,2025-08-26,999999,P009,1,17.43
13820,2025-09-15,1547,P035,1,"7,58"
9600,16/10/2025,2192,P016,1,13.53
11693,2025-10-14,305,P003,1,"26,57"
13612,2025-10-18,2964,P018,1,8.06
7139,2025-06-18,1298,P002,1,"47,29"
15964,2025-01-15,3297,P035,1,29.34
4729,2025-05-10,1752,P047,1,29.09
10784,20/07/2025,147,P009,1,15.86
15444,2025-12-07,4161,P010,1,40.07
12695,09-30-2025,234,P021,1,11.13
15866,04-15-2025,1881,P007,1,38.78
16573,24/11/2025,372,P044,1,"9,82"
10833,2025-01-15,600,P046,1,15.86
7099,2025-03-16,3858,P012,3,12.38
17351,2025-12-27,3798,P020,1,29.37
2082,2025-01-29,791,P024,1,"6,56"
10870,03/11/2025,1656,P042,2,"5,05"
17468,20/11/2025,943,P032,1,28.09
17418,2025-09-12,494,P046,1,13.20
4909,2025-04-26,2708,P020,1,"73,23"
17147,2025-11-29,1436,P023,1,"16,73"
12174,2025-10-08,3129,P011,3,12.56
4816,2025-05-28,2745,P001,2,"33,28"
11007,15/01/2025,736,P024,3,"24,29"
279,2025-04-11,2631,P043,2,16.69
13746,09-16-2025,3648,P037,1,30.45
9858,02-03-2025,303,P044,4,"22,81"
13858,2025-01-26,594,P030,1,22.16
11465,09/12/2025,448,P034,2,"40,76"
8859,2025-03-05,1077,P027,2,22.36
14082,2025-03-27,1615,P021,2,"14,89"
8166,2025-08-31,3515,P020,1,22.80
10115,2025-11-20,387,P014,1,18.72
12511,2025-11-02,103,P035,1,40.33
7050,2025-06-28,3545,P022,1,23.63
12568,06-02-2025,2005,P041,3,7.34
10366,11/02/2025,562,P001,1,74.11
13155,02/08/2025,1446,P034,1,10.54
8203,2025-11-08,914,P027,4,57.97
15436,29/09/2025,1588,P010,3,9.13
15704,20/02/2025,945,P046,1,19.89
6085,2025-08-18,1431,P009,1,48.99
14842,2025-08-23,67,P027,1,47.02
7633,28/11/2025,999999,P030,4,41.15
16914,2025-10-27,1446,P022,1,53.93
10532,2025-07-12,419,P035,1,"12,82"
8486,04/10/2025,374,P015,3,32.36
4485,02-03-2025,1487,P025,1,"11,57"
9376,2025-01-21,3476,P039,1,"49,52"
5612,23/10/2025,3321,P007,1,"99,57"
7500,2025-12-13,3579,P027,2,52.04
10387,2025-11-03,3956,P025,1,31.45
1559,2025-09-29,1625,P043,2,16.68
10803,2025-02-02,797,P034,1,46.91
1882,2025-11-05,1285,P034,1,"30,85"
8393,01/07/2025,1021,P019,1,9.93
14634,2025-12-18,1313,P045,-1,24.18
16307,01/07/2025,2319,P003,3,46.79
4056,2025-08-26,667,P003,1,"22,48"
10958,24/03/2025,2149,P001,2,82.17
2154,27/05/2025,3167,P008,4,"56,33"
12946,2025-12-09,4061,P021,1,15.29
11945,2025-02-23,1122,P023,1,"37,71"
5865,2025-05-11,9,P018,1,16.40
14369,09/11/2025,3988,P026,1,36.89
4905,2025-05-01,3463,P032,1,18.82
6883,2025-08-24,2481,P030,2,50.07
3627,2025-07-26,1576,P029,1,16.14
4181,05-12-2025,25,P032,1,25.74
13212,01/05/2025,999999,P036,2,13.75
1104,13/06/2025,2695,P035,3,21.55
5480,31/10/2025,125,P039,4,87.37
3427,2025-03-21,1615,P002,2,29.08
7598,2025-10-10,2321,P022,1,15.73
9388,28/05/2025,1345,P010,2,13.89
536,05/08/2025,584,P039,1,29.79
13071,23/07/2025,3050,P022,1,48.00
15750,2025-07-03,3117,P001,1,21.59
9715,2025-12-18,1818,P043,2,"15,93"
681,08/11/2025,2747,P031,1,24.38
10649,26/10/2025,4072,P018,1,42.43
17276,18/05/2025,4114,P045,1,15.73
9772,2025-10-02,770,P020,2,49.38
1819,26/01/2025,4149,P029,2,25.20
3222,2025-05-28,2664,P046,1,"50,82"
4851,2025-07-20,2338,P046,2,"24,17"
9815,2025-01-21,1825,P027,1,"79,73"
8312,04/10/2025,68,P033,1,103.08
3007,11/11/2025,2663,P028,2,25.91
6303,2025-03-28,3149,P015,1,"21,61"
8339,2025-05-21,3536,P016,1,"25,00"
8424,11-12-2025,87,P031,1,18.24
14793,2025-07-30,1367,P006,2,15.83
3907,2025-11-27,612,P027,1,"12,93"
15205,14/11/2025,2327,P043,1,20.93
1860,2025-03-18,2709,P015,1,32.12
16859,2025-04-14,785,P039,4,38.72
11575,08-15-2025,2374,P041,1,33.35
16718,23/05/2025,2142,P010,1,"22,45"
12428,2025-08-04,3993,P007,1,"13,99"
15323,01/10/2025,2676,P010,2,"45,21"
10888,25/02/2025,1202,P044,2,31.12
3168,28/05/2025,3411,P018,1,"57,70"
6328,2025-02-10,2554,P023,1,8.82
2593,2025-07-16,2241,P018,3,38.06
16702,2025-08-31,4059,P013,2,25.02
8820,2025-01-29,1593,P047,3,61.03
1671,2025-01-21,2842,P046,4,13.13
16519,2025-01-08,284,P016,2,27.03
14417,2025-07-24,3887,P038,1,34.99
2148,2025-05-22,2939,P033,1,"32,12"
5992,09/06/2025,2499,P020,1,28.18
12554,2025-04-19,1751,P042,1,16.96
7250,2025-10-02,564,P003,2,24.48
13882,2025-05-17,2814,P014,2,"31,60"
15068,2025-07-28,1130,P023,1,40.29
14143,2025-02-25,999999,P042,-1,28.19
8141,26/12/2025,213,P038,1,97.36
12975,2025-09-04,904,P040,1,28.26
14754,2025-12-11,3400,P045,1,33.68
15896,2025-05-08,3848,P021,2,"54,07"
4238,2025-02-04,2483,P039,1,85.24
9552,2025-12-03,1591,P044,1,29.95
1874,2025-06-14,655,P048,3,"123,47"
11790,2025-12-30,1816,P002,1,61.45
14732,2025-04-24,2822,P044,1,14.01
17211,2025-08-19,3956,P019,1,"22,53"
5526,12/03/2025,1216,P023,4,25.22
13663,03-20-2025,2787,P043,1,70.47
6438,2025-05-30,747,P005,2,12.62
2258,2025-06-28,1103,P041,1,40.34
1199,2025-03-31,3510,P021,1,15.42
15001,24/01/2025,270,P033,2,"22,25"
15718,2025-11-25,2402,P015,3,7.39
2694,2025-07-31,2764,P035,1,12.40
14461,2025-02-02,1466,P010,3,"17,49"
12198,30/03/2025,2598,P045,1,59.81
15912,2025-02-05,999999,P014,4,20.42
8678,2025-03-02,1420,P041,1,"23,39"
4607,2025-01-22,3154,P004,1,26.80
9985,2025-09-01,3905,P020,1,47.02
8809,06/03/2025,3651,P036,2,29.14
8837,25/04/2025,2735,P040,1,9.35
4388,27/12/2025,2875,P028,1,"22,31"
14191,08/11/2025,3396,P012,4,"6,82"
1437,2025-03-04,3507,P025,1,8.96
7745,2025-02-28,2913,P009,1,"22,25"
1694,2025-04-21,3746,P046,1,"21,59"
7567,2025-11-26,1463,P042,1,12.47
3099,2025-02-24,1726,P026,2,52.74
13523,2025-01-08,1228,P014,1,"11,03"
4154,2025-06-13,3431,P030,1,"25,89"
5252,2025-12-22,1485,P034,2,18.56
3956,01-27-2025,3448,P048,1,82.63
3777,09-03-2025,1406,P003,1,"47,37"
13048,2025-10-26,1043,P028,1,20.98
5517,02/03/2025,3708,P012,1,30.25
6328,2025-02-10,2554,P023,1,8.82
11897,2025-10-27,3041,P022,1,12.65
7929,2025-02-27,951,P008,2,"49,94"
8965,26/04/2025,1303,P009,1,38.07
4416,2025-12-07,3201,P040,1,11.39
199,02-25-2025,2067,P002,1,"30,04"
9535,2025-01-05,106,P004,2,"22,01"
15569,26/10/2025,1481,P020,2,43.00
15321,04-03-2025,2583,P018,2,14.82
13772,2025-04-14,2741,P036,4,11.06
14414,2025-03-05,1395,P022,3,"25,72"
1712,27/02/2025,2054,P042,2,20.03
7354,2025-04-12,132,P021,1,"12,44"
11254,09/01/2025,849,P012,3,"24,66"
11830,2025-10-08,2879,P018,3,16.33
3931,04-25-2025,336,P045,2,14.28
17665,2025-05-19,996,P011,1,58.43
12531,2025-11-06,4185,P033,1,"11,59"
3296,01-14-2025,1442,P045,1,"19,48"
12422,2025-10-08,4058,P026,1,28.46
15149,2025-06-08,2309,P027,2,"52,06"
946,2025-06-05,2323,P004,2,39.87
14794,2025-08-21,677,P027,2,30.05
2349,2025-07-18,1023,P048,1,"17,65"
15486,2025-05-11,985,P040,2,137.48
12940,2025-03-27,4014,P035,1,20.71
9812,2025-05-24,1258,P027,4,"24,84"
17262,09/07/2025,1764,P027,2,"45,16"
2103,2025-05-11,2745,P024,1,38.08
14519,02/01/2025,3738,P019,1,17.99
13005,11-19-2025,22,P030,1,37.31
3257,01-21-2025,3133,P040,1,"40,54"
352,04-13-2025,1331,P010,1,36.87
2833,29/06/2025,2764,P010,1,20.56
11032,2025-03-10,2041,P010,1,"42,35"
17129,2025-03-05,1409,P018,1,28.72
4853,2025-12-08,3649,P008,-1,16.95
13664,22/11/2025,186,P009,1,38.81
563,26/09/2025,1507,P005,1,"24,86"
12110,2025-11-25,1027,P004,1,23.08
7742,2025-05-09,2879,P005,1,"14,02"
4692,2025-01-21,2709,P021,1,39.02
9365,06-24-2025,88,P030,1,64.41
7142,10/01/2025,671,P003,1,"27,55"
5996,11/03/2025,999999,P016,,13.73
3220,12/08/2025,3631,P030,1,"21,59"
8519,2025-10-06,2600,P006,2,41.25
2761,2025-08-29,2607,P025,1,28.99
16870,01/11/2025,494,P046,1,40.80
12082,2025-01-11,1218,P012,1,"33,30"
5164,15/10/2025,866,P047,2,"28,03"
8856,2025-07-28,3661,P032,2,27.24
17577,10/09/2025,999999,P047,2,"30,51"
1039,2025-01-28,3105,P033,2,28.27
13853,2025-02-01,2460,P015,-1,13.67
11692,16/11/2025,724,P031,2,27.90
9927,2025-12-28,598,P006,1,"25,95"
1918,2025-12-27,434,P018,1,33.30
5873,13/03/2025,94,P003,2,28.31
6178,2025-11-08,716,P002,2,26.90
11613,2025-11-02,3517,P018,1,"21,45"
6030,2025-04-15,195,P018,1,80.17
15032,22/09/2025,4130,P015,1,6.31
15549,06-21-2025,3943,P036,2,115.72
4957,11/05/2025,3996,P002,1,19.34
5473,2025-11-14,788,P038,1,10.28
7427,07/06/2025,999999,P034,3,"33,11"
12459,2025-02-06,1633,P025,1,36.23
6234,11-03-2025,2970,P006,3,37.78
1360,04/11/2025,510,P024,3,"22,60"
13222,2025-04-15,3166,P005,1,"12,09"
10763,2025-09-13,1342,P002,3,9.97
16123,11/05/2025,2513,P026,3,87.47
3180,13/08/2025,3363,P021,1,"38,32"
16088,2025-06-13,1421,P026,1,"22,20"
5534,2025-07-01,3160,P013,1,8.48
10442,17/06/2025,1419,P018,1,"15,95"
13984,2025-05-26,3066,P042,1,18.30
15490,2025-04-24,2962,P026,1,"21,85"
16670,2025-11-15,1825,P020,4,37.48
2920,2025-03-01,2329,P027,1,30.51
6812,2025-12-14,830,P016,1,"23,79"
9669,04/09/2025,2510,P025,1,41.52
6804,12-02-2025,3622,P027,2,"7,75"
12199,2025-05-19,3893,P037,1,10.20
11052,2025-12-21,633,P001,3,57.54
16084,2025-03-12,3304,P043,2,21.35
6054,2025-03-24,249,P042,1,37.48
1970,05-01-2025,4105,P038,-1,34.25
8834,2025-10-16,158,P036,4,"11,75"
17738,2025-12-06,2762,P001,2,"24,51"
12173,2025-05-04,2231,P020,1,27.87
2999,2025-10-15,999999,P001,2,49.06
1481,2025-06-30,2481,P035,2,"41,64"
14677,2025-05-03,3971,P026,2,75.49
2963,08/07/2025,127,P024,3,22.04
994,2025-08-19,1507,P003,1,17.86
9131,04/02/2025,3090,P008,1,"45,95"
3301,2025-02-21,3582,P016,2,"14,22"
16727,2025-12-30,1926,P024,1,10.72
6424,2025-07-26,1955,P011,2,4.21
7135,2025-12-26,74,P035,1,36.13
10391,12/08/2025,2277,P032,3,19.28
7314,2025-08-03,40,P013,1,41.89
9401,2025-11-17,3879,P038,1,48.81
11584,2025-04-18,293,P039,1,"25,00"
4716,06/03/2025,2496,P015,2,9.55
13808,2025-02-28,4143,P030,3,16.54
15455,2025-08-03,1588,P041,3,"139,81"
9816,11-27-2025,2595,P048,1,"47,66"
9976,2025-07-21,384,P032,1,34.08
16350,2025-01-17,2426,P015,1,35.96
5458,12-24-2025,2079,P034,3,55.09
303,2025-03-11,1149,P038,2,"23,81"
1091,2025-04-19,3185,P042,1,"18,87"
14977,14/10/2025,1798,P027,,23.15
2129,2025-01-21,167,P027,2,"32,46"
9512,08-10-2025,2581,P040,1,17.76
10764,2025-11-27,2142,P005,4,40.15
9395,14/10/2025,3181,P015,1,"15,05"
11063,2025-07-14,3585,P010,2,12.77
2360,2025-05-20,3304,P016,4,"86,00"
5489,2025-09-04,2907,P038,1,29.79
16914,2025-10-27,1446,P022,1,53.93
2235,2025-04-15,2498,P015,1,"44,64"
50,2025-09-17,2115,P030,1,"37,23"
2285,2025-07-31,3584,P033,1,61.53
13157,2025-07-05,2231,P021,1,"37,03"
9862,2025-01-20,116,P032,3,"19,38"
5022,2025-08-24,995,P030,4,38.46
13992,2025-01-19,1480,P035,,17.94
13520,2025-10-09,1429,P045,1,48.62
6206,11/05/2025,4166,P045,3,21.68
5733,21/11/2025,3925,P032,1,23.24
16270,08/11/2025,641,P005,1,35.45
3385,2025-05-20,1551,P014,1,38.44
3577,05-23-2025,1709,P041,1,"15,49"
4341,2025-07-18,1699,P043,2,"20,46"
8647,2025-07-14,891,P008,1,27.87
17453,2025-08-22,2561,P047,1,"26,42"
4950,2025-02-10,3779,P010,1,15.27
11832,2025-02-25,3841,P025,1,"26,90"
12478,2025-05-12,1155,P043,1,"12,65"
5358,25/01/2025,1731,P016,2,8.49
3968,20/03/2025,3594,P038,3,56.15
11951,2025-11-17,1093,P003,1,40.30
17543,2025-05-10,2954,P044,1,7.34
17622,2025-02-12,76,P037,1,51.49
1208,21/07/2025,2802,P015,2,45.06
10172,01-26-2025,2352,P033,1,15.82
15924,2025-01-16,3933,P023,2,"64,98"
11728,11/03/2025,2544,P047,1,72.44
6571,2025-08-20,2338,P023,,55.19
14437,11-01-2025,242,P018,1,48.91
5836,2025-09-22,1899,P015,2,100.48
2742,2025-10-09,386,P013,1,"163,50"
16500,17/02/2025,1430,P015,1,39.17
11992,30/12/2025,946,P024,1,22.08
17338,03/09/2025,2131,P004,3,32.59
12918,01/03/2025,849,P017,3,38.22
10430,21/03/2025,3452,P019,2,35.11
4390,2025-12-06,3790,P025,1,"13,75"
7570,2025-07-26,3282,P014,1,28.63
15553,08/11/2025,2808,P044,1,23.37
7083,31/07/2025,2395,P016,1,"66,18"
6525,2025-08-16,999999,P009,1,"23,61"
16184,2025-10-27,252,P009,1,"35,05"
13503,04-19-2025,1212,P025,2,67.12
6225,2025-05-21,696,P013,1,23.78
15968,24/04/2025,3137,P016,2,47.57
4999,17/09/2025,2572,P005,4,11.62
7630,02-11-2025,696,P019,4,23.62
12034,16/04/2025,999999,P030,2,23.24
13102,2025-12-11,2270,P014,1,"21,84"
13589,22/12/2025,1276,P039,1,20.42
17917,2025-06-26,1297,P016,1,14.71
16924,2025-04-25,1536,P014,2,"42,06"
15188,09/05/2025,1765,P031,1,19.71
3359,2025-09-08,3128,P014,2,34.40
10612,07-27-2025,655,P021,1,24.40
13247,04/11/2025,1649,P006,1,"16,05"
5763,18/06/2025,570,P035,1,8.54
7961,2025-10-09,1009,P025,2,13.00
4633,09-03-2025,525,P029,1,23.67
1751,01/07/2025,1496,P013,2,"15,95"
2407,2025-05-11,91,P043,1,29.21
1509,2025-07-17,658,P033,1,65.27
14900,2025-06-02,3331,P032,1,19.55
7094,2025-10-16,64,P026,1,52.25
13180,2025-10-09,2294,P008,1,14.57
16093,2025-10-24,1030,P005,2,53.99
8466,10-01-2025,2006,P032,2,15.68
1401,11/10/2025,1083,P046,1,"18,18"
2029,01/10/2025,2259,P033,1,15.65
8754,26/05/2025,3587,P043,1,37.20
12081,2025-12-22,609,P045,1,74.47
9156,2025-01-18,2190,P009,,54.48
8472,27/03/2025,280,P028,1,"27,73"
2516,2025-11-28,3887,P046,2,"9,71"
3819,2025-12-12,3068,P045,1,"31,50"
16186,2025-01-30,1821,P047,3,14.20
5759,25/06/2025,4180,P031,1,19.08
6756,26/06/2025,2524,P001,1,66.22
621,28/07/2025,3264,P019,2,37.50
9152,28/06/2025,2996,P023,1,"18,99"
8612,03/01/2025,1866,P035,1,"11,14"
4252,2025-05-12,14,P018,1,7.98
7074,20/09/2025,1627,P018,1,13.68
4353,02/10/2025,3974,P021,1,45.34
5323,23/05/2025,428,P018,1,29.92
5902,04-21-2025,2487,P046,3,49.36
2158,2025-01-20,2339,P048,2,42.18
512,21/02/2025,458,P037,1,52.08
13496,2025-01-22,218,P026,3,14.29
17840,2025-08-10,3631,P007,1,"29,77"
1089,2025-12-30,2260,P020,1,17.59
17021,2025-12-17,2759,P035,1,42.61
3590,16/05/2025,2446,P042,1,76.07
11851,2025-04-14,815,P017,1,26.62
9636,2025-04-19,1747,P017,1,144.01
12637,2025-01-12,3666,P024,1,22.54
1945,2025-10-18,3799,P048,3,25.92
14637,21/08/2025,2881,P014,1,18.79
16891,2025-10-12,688,P026,1,26.48
2499,2025-07-31,1522,P023,1,37.09
17371,22/08/2025,3274,P003,1,24.33
15388,01/03/2025,2363,P006,1,"32,55"
9557,2025-01-29,3953,P048,1,"16,71"
1294,2025-07-17,2193,P005,1,"15,76"
17303,2025-09-04,2578,P015,2,"25,61"
11993,2025-04-10,2526,P010,1,"27,35"
16768,12/04/2025,3696,P020,1,46.90
14538,25/08/2025,148,P045,1,14.46
9606,2025-01-11,892,P026,3,26.88
4198,12/06/2025,300,P045,1,35.40
4703,2025-01-09,830,P040,1,"16,14"
393,28/07/2025,671,P019,,"27,45"
11564,2025-11-20,909,P005,1,30.69
3069,22/12/2025,1374,P013,1,29.54
11083,2025-06-10,26,P045,1,37.95
7431,2025-03-14,1142,P029,1,"48,08"
16860,28/02/2025,2172,P031,1,15.08
16067,29/07/2025,4050,P030,1,11.36
17836,2025-09-16,2102,P023,1,36.21
4002,15/05/2025,3888,P007,2,13.24
1959,2025-05-01,3791,P036,1,15.74
14877,2025-10-27,3746,P003,1,"30,42"
16825,21/05/2025,2060,P021,1,96.64
9625,26/01/2025,1213,P010,4,"34,96"
17890,2025-02-03,999999,P011,2,62.14
9467,2025-08-12,1207,P045,1,2.16
11235,02/10/2025,3573,P045,1,17.00
182,2025-01-07,2544,P017,1,39.52
648,2025-07-30,3126,P035,1,22.36
10672,23/01/2025,216,P032,4,17.12
1664,2025-06-30,1808,P022,1,"40,56"
10541,17/02/2025,2312,P019,1,"20,03"
3762,07-23-2025,3694,P004,2,26.74
3405,2025-06-04,3456,P009,2,10.40
2343,10/01/2025,2194,P036,3,55.54
5845,2025-11-14,590,P025,1,28.35
13571,2025-04-07,1891,P036,4,112.84
13583,07/06/2025,476,P021,1,19.96
7239,16/11/2025,2859,P009,1,"8,39"
13140,2025-03-18,3343,P042,1,"17,75"
16571,2025-01-08,2571,P029,1,"16,22"
3235,2025-04-08,1245,P009,4,13.40
6105,20/09/2025,300,P045,1,43.33
703,2025-04-09,69,P037,2,"13,86"
7551,18/11/2025,1526,P036,2,17.55
3072,08/02/2025,1240,P025,2,36.87
6382,2025-09-08,2561,P015,1,16.44
8391,2025-11-05,2368,P004,1,"17,45"
12636,2025-03-27,2058,P020,2,12.20
3633,12-18-2025,2778,P020,2,29.27
1919,2025-02-23,792,P035,1,26.14
15462,02/05/2025,772,P019,2,51.53
10402,09-16-2025,1181,P029,1,"62,87"
3848,2025-11-05,1859,P004,1,"37,51"
3635,2025-02-13,1396,P011,2,"15,77"
6412,2025-05-19,1035,P026,1,"11,89"
6960,2025-01-16,1754,P032,1,28.85
9281,07-06-2025,192,P039,1,"34,71"
17434,2025-09-14,1415,P048,2,46.86
13527,2025-05-01,3570,P023,1,"57,69"
1365,29/01/2025,2017,P018,1,8.18
8706,2025-05-15,3633,P040,2,"68,30"
13952,16/03/2025,1479,P005,1,16.06
7070,07/10/2025,3326,P009,1,21.34
427,2025-08-22,2986,P008,1,25.65
7803,02-07-2025,3009,P033,2,21.42
3315,02/11/2025,768,P026,1,"30,95"
3225,30/09/2025,3648,P048,1,36.34
9253,2025-12-30,2803,P036,4,20.39
8161,2025-11-15,3509,P012,1,30.37
9417,2025-05-11,2050,P004,1,90.61
11377,2025-02-19,2929,P041,2,10.11
8285,11-03-2025,3963,P020,1,14.27
6763,09-14-2025,3472,P039,2,"41,48"
12672,04/08/2025,92,P021,3,49.88
1832,2025-09-28,441,P015,4,"6,22"
4446,03-28-2025,347,P028,2,40.40
5074,05-30-2025,999999,P044,1,46.93
8455,29/11/2025,999999,P024,2,"32,18"
12817,22/03/2025,1347,P005,1,"8,48"
17199,31/05/2025,1982,P037,1,25.89
12303,15/05/2025,2952,P019,1,20.10
8221,23/10/2025,2620,P008,1,18.08
12530,2025-04-16,2626,P036,4,18.78
17366,11-15-2025,2612,P038,1,27.00
16779,2025-09-14,1558,P004,2,15.51
4094,2025-02-17,555,P039,2,"52,88"
1125,31/01/2025,2345,P010,4,25.76
15550,2025-04-05,515,P016,2,"21,21"
9538,2025-06-30,2135,P033,1,12.41
15536,2025-10-18,2359,P033,1,15.50
13641,2025-09-17,3435,P010,1,220.46
12989,2025-07-12,2119,P027,3,43.65
14345,2025-07-22,3153,P002,1,"41,52"
9400,2025-07-25,999999,P032,2,"46,95"
6168,2025-11-26,80,P006,1,24.16
12452,08/05/2025,613,P037,1,11.37
5908,05/04/2025,1055,P024,1,"11,42"
14825,2025-05-23,2927,P010,2,"22,12"
15877,2025-03-17,3846,P047,3,101.85
11957,2025-05-08,3275,P029,1,29.78
1252,04-22-2025,3629,P004,1,29.13
2030,2025-04-25,2562,P044,2,25.96
276,30/10/2025,2923,P034,1,23.54
6278,2025-06-14,809,P029,1,14.14
238,2025-02-12,1130,P024,1,55.35
6249,17/05/2025,3809,P037,1,"23,25"
9255,2025-07-24,604,P018,1,"34,46"
13567,2025-09-02,718,P009,1,12.14
6315,15/08/2025,3224,P028,2,29.74
14991,24/02/2025,999999,P046,2,"62,49"
12268,2025-08-18,2091,P015,1,"73,97"
9109,01/03/2025,1174,P015,3,"16,02"
16760,2025-01-23,4063,P040,1,23.14
17661,2025-10-20,3744,P003,,27.05
13796,2025-10-22,3401,P001,2,20.67
6643,2025-06-18,312,P044,2,31.30
4005,18/05/2025,506,P041,4,45.60
4380,2025-06-25,3090,P003,1,35.70
12654,06/10/2025,599,P047,4,14.03
12992,2025-04-03,1203,P031,1,39.16
16920,20/08/2025,4031,P006,1,"15,26"
9867,2025-09-21,3756,P021,3,12.61
7879,2025-06-11,3509,P001,2,140.44
10234,27/06/2025,1962,P011,1,"28,70"
4583,2025-02-13,3097,P043,1,"7,44"
7399,2025-01-07,1609,P022,2,29.15
11879,2025-09-14,1674,P041,1,25.19
1078,07-04-2025,2538,P023,2,50.14
6272,16/10/2025,3279,P002,2,30.47
9756,2025-03-02,2554,P023,1,30.50
4300,22/12/2025,2457,P016,1,12.61
8504,02/06/2025,972,P029,2,37.88
7925,2025-09-14,2266,P016,3,"15,94"
16604,09/07/2025,1462,P035,1,23.62
7037,12-28-2025,547,P018,1,26.35
9409,02/07/2025,1143,P001,1,16.34
1971,2025-07-16,2432,P002,2,126.86
13256,2025-05-31,3228,P013,1,"19,31"
13014,2025-10-12,1765,P031,1,"8,02"
8991,2025-10-03,865,P024,1,37.71
2959,2025-06-22,3347,P024,1,69.87
10027,17/05/2025,2788,P019,1,38.07
16430,2025-09-13,3918,P023,1,"10,95"
1590,2025-02-07,55,P046,1,30.02
11609,2025-02-08,2722,P026,1,"36,60"
423,07/04/2025,4071,P012,1,"25,23"
3747,01-18-2025,2579,P006,2,9.15
3591,2025-12-24,3748,P039,1,37.67
1330,05/02/2025,775,P005,3,26.50
15894,2025-01-20,1044,P025,2,62.83
16333,08/08/2025,1575,P034,1,25.29
3706,2025-05-20,2030,P037,4,"15,71"
3744,2025-09-10,3049,P022,3,30.26
9667,2025-10-18,1569,P021,1,31.58
16037,2025-01-18,3665,P002,2,60.00
8348,04-06-2025,4082,P006,2,52.33
8911,16/12/2025,117,P037,1,"48,13"
11761,2025-07-30,3898,P021,1,"22,16"
7230,2025-07-16,2520,P045,4,21.74
7957,19/05/2025,2637,P031,1,18.35
16749,30/10/2025,1855,P009,,"45,30"
13739,2025-06-15,946,P031,1,"14,03"
3269,2025-07-14,1789,P005,1,14.69
11258,30/08/2025,2172,P029,1,13.20
17875,2025-03-26,2989,P016,2,37.86
11298,2025-06-06,713,P007,1,"18,30"
7457,26/06/2025,3401,P029,1,"30,17"
13076,2025-08-11,2579,P007,1,21.36
15909,11/11/2025,1900,P005,1,"59,37"
10419,30/10/2025,1708,P034,1,29.91
3840,02-25-2025,3646,P010,1,13.57
16052,2025-06-30,1286,P008,1,8.67
2028,17/01/2025,3,P033,3,26.65
13094,2025-07-13,3738,P019,3,"24,47"
10852,28/02/2025,2943,P045,1,"30,08"
4404,18/01/2025,305,P011,2,"10,98"
4365,08-04-2025,591,P005,1,25.97
12414,2025-10-25,2107,P004,1,77.73
11544,2025-03-04,1367,P002,1,"86,86"
9169,31/03/2025,2420,P015,2,16.55
5097,06/03/2025,3004,P034,1,"14,86"
14435,07-23-2025,2369,P004,,"38,64"
9215,2025-05-15,713,P029,3,"14,50"
9083,2025-04-20,721,P015,1,22.18
11198,30/11/2025,237,P032,1,31.57
261,2025-07-31,2369,P041,1,"24,27"
1961,02-25-2025,1772,P024,2,28.41
15309,18/01/2025,1358,P014,2,"36,23"
10505,13/12/2025,1705,P021,1,36.07
6386,2025-01-08,2347,P041,2,28.60
16890,2025-11-20,952,P047,3,15.59
11191,08/11/2025,1959,P004,1,43.57
8458,2025-11-20,2181,P041,1,"13,22"
16356,2025-09-09,2536,P023,1,17.80
16850,2025-09-10,1918,P029,1,41.60
646,2025-08-24,2936,P027,1,41.20
15689,2025-05-18,69,P036,1,58.36
7910,2025-12-05,1623,P015,2,"8,03"
12856,2025-01-06,1412,P042,4,45.56
249,21/10/2025,734,P027,1,30.62
12777,13/02/2025,1501,P039,1,"12,31"
13089,2025-01-14,3670,P001,1,21.40
7791,05/11/2025,860,P044,1,19.13
7757,2025-05-30,1761,P026,1,50.03
12646,07-21-2025,3711,P048,-1,39.87
174,27/12/2025,2759,P035,3,"17,70"
2012,02/02/2025,1946,P043,1,17.93
6344,2025-08-11,3623,P017,2,33.24
4679,2025-05-09,2871,P028,1,"21,32"
13618,2025-03-04,1664,P006,2,82.46
17683,2025-01-21,14,P019,3,"13,63"
4897,2025-03-02,3179,P032,4,"28,73"
3015,26/05/2025,3500,P041,1,23.17
8591,16/04/2025,191,P032,2,"24,30"
712,2025-11-02,2120,P017,2,27.77
17602,12/03/2025,2378,P038,1,19.24
11188,05-07-2025,3589,P001,1,71.72
13614,2025-12-07,2365,P005,3,33.24
15003,17/11/2025,961,P018,1,"44,44"
16927,18/12/2025,2395,P019,1,74.38
4008,2025-03-06,2430,P014,2,59.33
4275,2025-04-26,3929,P039,1,15.83
835,2025-04-11,3087,P007,1,37.33
916,2025-12-17,2878,P002,1,53.98
10282,09/12/2025,999999,P044,3,15.09
5357,2025-02-13,2183,P004,4,51.37
844,30/09/2025,240,P008,1,21.06
1218,2025-04-09,3331,P005,1,15.45
2842,2025-03-22,3405,P041,2,"33,52"
6584,2025-07-13,627,P028,1,60.10
896,06/10/2025,3626,P015,1,39.50
13281,21/09/2025,3082,P045,1,39.74
17352,04/08/2025,1839,P046,1,27.69
16438,2025-04-27,1140,P001,1,27.73
6727,20/07/2025,3252,P005,1,40.30
10636,05-23-2025,2722,P003,1,29.24
2110,09-24-2025,4181,P005,1,52.69
5456,2025-11-03,530,P038,1,135.10
12207,2025-08-14,3295,P035,2,28.57
7159,2025-07-20,2362,P005,1,27.43
13904,2025-06-16,3194,P008,2,33.25
17694,2025-08-14,2558,P023,1,"29,79"
16959,2025-09-19,2722,P029,1,11.13
4271,2025-12-08,590,P019,1,45.61
1679,11/08/2025,3951,P007,1,17.04
13721,15/02/2025,3108,P035,1,"46,11"
9575,2025-02-04,1386,P034,1,"27,22"
12364,03-14-2025,688,P010,1,"21,39"
6787,2025-11-22,2192,P005,3,35.81
17793,04/02/2025,3184,P027,3,28.35
16782,2025-07-27,1488,P045,2,31.53
8354,20/12/2025,1514,P002,2,"12,30"
12153,13/04/2025,2326,P013,1,"20,05"
8320,30/12/2025,1434,P010,1,"15,17"
13426,31/03/2025,2535,P040,1,36.33
11731,09/03/2025,4005,P043,2,48.82
17906,2025-10-21,706,P021,1,112.56
6521,2025-07-13,2990,P017,1,27.26
12055,03-19-2025,581,P009,1,25.65
13432,02-16-2025,3120,P017,2,28.87
8675,03/11/2025,210,P029,1,60.84
13317,02/11/2025,1197,P011,2,42.32
14259,03-06-2025,116,P046,2,"50,49"
10542,2025-10-16,3996,P037,1,19.80
9396,2025-11-26,309,P028,2,35.51
2116,05-13-2025,3469,P007,2,"7,63"
6472,2025-07-23,1680,P033,1,40.40
10972,2025-01-02,3570,P012,2,59.82
4980,07/03/2025,3485,P022,1,18.72
9114,10-18-2025,2478,P034,4,61.99
11519,24/09/2025,773,P024,3,30.81
5002,18/11/2025,344,P036,1,"31,74"
5020,2025-09-23,541,P031,2,"13,22"
8922,2025-12-08,1457,P005,1,"43,81"
5811,2025-02-15,2873,P023,3,33.49
12666,2025-12-03,4163,P045,1,"41,38"
10049,2025-03-03,60,P024,1,18.47
10817,12/04/2025,999999,P014,2,20.19
5855,26/08/2025,324,P019,3,17.86
14981,06-09-2025,242,P010,2,16.46
11092,08/12/2025,999999,P020,1,16.57
4399,2025-12-01,2358,P004,2,15.38
5938,2025-06-24,397,P043,1,29.19
3998,01/06/2025,841,P024,2,28.68
6784,2025-01-20,4109,P044,1,"35,31"
14883,2025-05-01,1397,P037,4,"67,92"
5246,2025-10-13,3252,P005,1,31.06
10995,03-29-2025,44,P018,1,93.14
2052,2025-02-22,173,P021,1,25.28
16837,2025-06-06,3813,P032,1,51.53
13078,2025-07-23,999999,P023,2,20.10
1211,2025-01-22,451,P022,2,"17,27"
2106,07-01-2025,3955,P044,1,22.40
11167,26/09/2025,1519,P040,1,"15,11"
9257,2025-06-09,2149,P016,1,"61,26"
10787,01/07/2025,2772,P010,1,17.36
8328,16/11/2025,1812,P007,2,17.54
14651,2025-04-04,2971,P033,1,"31,23"
13785,25/06/2025,2188,P010,1,64.17
11331,2025-05-21,2498,P026,1,71.37
17876,2025-11-08,2879,P038,1,"24,77"
4116,09/03/2025,4170,P033,1,54.33
16002,2025-02-21,3324,P013,1,"28,59"
15153,2025-10-06,2901,P007,1,98.71
9139,24/03/2025,3334,P046,1,13.51
3238,06/03/2025,385,P039,,"43,09"
13371,2025-02-01,1922,P039,1,25.02
187,2025-12-15,2535,P011,1,"34,24"
10399,27/06/2025,1151,P019,1,35.17
10260,02/03/2025,1912,P008,2,36.27
3083,2025-05-07,1299,P024,1,46.79
13568,2025-12-24,7,P039,2,"28,18"
7383,2025-11-21,3475,P002,1,32.10
12922,22/09/2025,1424,P018,1,"34,48"
15666,2025-08-18,2168,P006,1,40.97
8733,2025-01-16,3712,P046,1,"39,79"
16412,2025-03-05,747,P014,1,8.03
2204,06/05/2025,1760,P017,1,23.06
6746,2025-08-12,675,P035,1,14.90
6529,2025-09-06,2152,P042,1,50.26
11467,2025-07-02,2499,P028,2,47.51
3942,2025-04-23,2376,P001,1,"28,05"
8560,08-03-2025,3343,P046,1,26.14
11216,2025-08-25,1247,P010,3,8.17
11376,14/12/2025,1719,P043,3,"49,71"
15826,2025-02-28,3317,P008,3,46.22
11995,2025-07-07,3111,P023,3,"14,00"
16893,2025-11-09,2192,P005,2,"32,13"
16844,03/05/2025,1040,P045,1,60.37
1273,16/09/2025,714,P007,2,"7,03"
6200,2025-10-01,2983,P024,1,79.69
4134,02-19-2025,4005,P005,1,16.92
12771,2025-04-23,2218,P031,1,"105,05"
926,10-02-2025,614,P033,1,27.69
15168,11/01/2025,2599,P015,2,73.13
479,02-04-2025,1456,P016,2,"53,01"
5515,2025-04-21,2083,P037,1,28.03
167,2025-06-26,3905,P038,2,57.32
13356,2025-02-14,3116,P039,2,17.47
9484,2025-03-10,4059,P006,1,60.43
9736,2025-12-03,3116,P033,2,42.40
4109,2025-09-23,1481,P048,3,34.20
12737,10/09/2025,1862,P011,1,30.65
9593,2025-10-13,3733,P002,1,61.21
3539,2025-02-08,1387,P035,1,"55,11"
9649,2025-09-26,560,P036,2,60.87
11013,13/06/2025,3344,P027,2,"51,84"
15761,2025-07-07,3218,P013,1,39.04
2185,2025-12-17,1304,P030,2,"48,57"
947,2025-04-23,2848,P017,1,66.67
16187,2025-09-05,354,P014,1,17.11
9969,2025-06-06,1569,P005,1,"38,69"
8072,15/04/2025,3577,P005,4,22.45
6436,2025-01-29,1705,P024,2,8.95
7653,05-16-2025,4053,P039,2,21.65
10073,2025-08-01,1072,P028,1,28.89
6764,2025-06-09,556,P033,1,71.77
7733,2025-05-27,2273,P035,2,"56,55"
15162,2025-05-19,1492,P016,1,"45,60"
4515,2025-02-04,489,P012,1,"12,09"
15701,2025-08-23,3403,P024,1,"12,14"
8331,2025-12-13,833,P041,2,23.19
3596,2025-09-21,3041,P030,1,18.09
6825,2025-12-14,1669,P013,1,"46,29"
4239,2025-04-22,1396,P035,1,"20,75"
12175,2025-09-01,195,P033,1,18.23
4610,26/06/2025,3831,P025,2,"27,42"
2031,2025-11-12,3662,P001,1,57.71
6489,2025-11-11,3798,P016,2,61.76
935,2025-07-25,2169,P023,2,50.49
1449,2025-03-27,1593,P022,1,31.80
9675,2025-03-28,2371,P007,1,14.87
2775,2025-01-12,478,P028,1,"50,15"
560,2025-12-31,3331,P006,1,18.40
11335,2025-08-17,3570,P043,3,21.41
2418,2025-11-06,1553,P040,1,15.24
5297,2025-11-23,1084,P046,2,61.00
10300,30/01/2025,748,P013,1,18.32
13142,24/08/2025,3269,P023,2,56.82
11081,2025-03-09,3646,P001,1,"22,92"
5467,2025-01-22,3716,P043,1,30.52
9016,2025-03-12,2810,P030,1,31.22
6684,2025-11-04,1977,P010,1,49.14
14194,10-28-2025,525,P018,1,70.75
7006,07/06/2025,2564,P001,1,"37,04"
7140,2025-03-05,3321,P029,1,18.26
9344,2025-05-24,202,P011,1,"30,83"
14516,2025-08-16,2181,P004,1,54.31
4775,28/01/2025,152,P005,1,"15,54"
13847,2025-08-04,3374,P008,1,10.97
13349,2025-05-17,1741,P044,1,"33,64"
2257,2025-10-19,188,P040,1,23.62
16864,01/03/2025,1974,P040,1,28.70
3541,2025-12-05,999999,P007,3,14.04
7286,18/10/2025,177,P043,4,"57,06"
5682,2025-03-27,1796,P048,2,44.22
17000,2025-11-26,1946,P010,1,20.81
13538,2025-01-22,2717,P004,1,26.45
6179,2025-03-21,1103,P030,2,"26,20"
6456,14/06/2025,3684,P005,3,41.74
16414,29/03/2025,2168,P030,1,"18,89"
14267,2025-10-02,3982,P028,2,42.64
7940,10/05/2025,1256,P042,2,32.45
10819,2025-11-12,2200,P036,2,41.10
1435,01-19-2025,3163,P008,2,"22,34"
6895,2025-08-23,3057,P031,1,22.88
16722,2025-09-01,3102,P005,1,23.86
6864,2025-06-08,464,P023,3,"35,27"
10344,2025-12-19,3181,P042,1,46.01
3418,2025-07-21,757,P046,1,"10,60"
13453,02-22-2025,3121,P034,1,"40,48"
244,10/10/2025,359,P025,1,13.23
494,2025-04-13,2074,P022,1,"96,26"
17806,30/05/2025,525,P009,1,14.63
13097,02/03/2025,979,P016,1,25.92
5477,2025-04-16,3990,P046,2,17.85
15079,2025-07-20,568,P033,1,"46,09"
7279,24/01/2025,3355,P017,1,31.67
558,2025-01-11,2939,P047,-1,12.13
10669,2025-06-22,782,P039,1,33.18
10353,2025-04-29,1827,P023,1,"11,02"
11342,2025-09-19,1488,P039,1,"41,39"
1800,02/12/2025,3134,P020,3,19.23
5090,2025-08-09,1622,P008,1,30.75
15264,10-16-2025,1272,P022,3,52.71
16326,04/08/2025,585,P025,1,"55,00"
5434,22/11/2025,2996,P007,3,"21,10"
6041,2025-04-24,2121,P024,1,46.80
8290,2025-12-13,3575,P003,1,"40,77"
14554,2025-08-21,1427,P001,2,25.26
12458,17/02/2025,2189,P048,1,20.25
8945,2025-04-26,3881,P042,1,"27,59"
9782,08/09/2025,219,P029,1,"50,89"
16143,2025-11-28,1309,P035,1,"50,71"
3207,2025-03-13,101,P014,1,28.92
11834,30/11/2025,1005,P011,1,32.56
10952,2025-06-02,3426,P002,1,"21,29"
2127,23/04/2025,196,P019,1,"12,05"
11560,2025-06-30,3971,P046,1,15.87
6547,2025-12-21,833,P041,1,9.58
14175,2025-05-18,4160,P028,1,"39,19"
2932,2025-11-15,722,P004,2,36.58
886,2025-07-28,3695,P004,1,"30,94"
2609,2025-03-14,2416,P045,1,70.09
5459,2025-12-26,297,P021,1,17.03
7237,28/10/2025,48,P027,1,"29,95"
341,2025-02-20,1978,P019,1,34.27
11612,03/01/2025,1131,P044,2,"86,11"
13771,26/06/2025,4013,P027,2,12.24
6875,10-02-2025,116,P007,1,14.36
1118,30/10/2025,1536,P041,1,21.50
4813,2025-10-27,1061,P003,1,"40,37"
5211,03/01/2025,3319,P046,3,26.34
11665,2025-07-10,670,P001,1,46.33
12174,2025-10-08,3129,P011,3,12.56
3255,2025-08-20,746,P041,1,44.06
17715,2025-10-31,689,P030,1,12.47
12902,2025-06-09,3742,P030,2,18.94
14019,2025-07-17,2509,P017,1,"20,62"
4976,2025-05-24,98,P033,1,92.11
17741,2025-05-01,3389,P014,1,12.44
8209,24/10/2025,2880,P040,1,36.61
13597,29/10/2025,3097,P006,1,31.43
5455,12-13-2025,481,P010,3,"15,39"
14520,2025-06-21,846,P014,1,13.16
14338,2025-05-09,2475,P040,2,14.46
376,2025-05-16,1143,P012,1,"34,42"
216,2025-03-24,290,P024,1,30.87
12267,2025-07-17,4090,P022,1,"16,19"
5035,2025-04-25,3106,P016,1,26.63
8543,29/11/2025,3761,P002,1,16.67
10270,2025-09-14,3169,P014,1,"34,40"
4059,2025-03-01,4029,P009,1,33.81
6270,2025-06-16,2719,P015,1,13.58
13423,26/09/2025,1220,P047,1,36.25
783,27/12/2025,3295,P007,1,"10,28"
5567,2025-10-23,2079,P029,3,12.68
13245,21/02/2025,3493,P001,2,43.86
8507,2025-06-17,1690,P011,1,34.17
5053,03-28-2025,2428,P040,1,"16,46"
13798,2025-01-15,1436,P041,1,71.69
647,2025-09-17,2510,P033,2,29.53
2958,2025-05-01,3733,P042,2,"19,21"
1837,2025-05-04,706,P006,1,30.87
17952,12/05/2025,2382,P001,3,20.73
15341,03-26-2025,3485,P021,1,61.69
4797,2025-09-15,135,P005,1,"26,14"
6853,2025-05-11,3084,P019,2,"66,48"
3041,2025-04-12,2176,P002,1,40.31
13811,2025-07-11,2734,P047,1,"96,69"
14609,21/12/2025,1937,P008,2,17.22
17072,2025-10-14,3124,P001,2,25.35
8097,2025-09-29,1746,P005,3,41.85
6562,15/02/2025,1053,P003,1,"54,52"
12655,2025-06-23,4053,P027,1,18.08
10834,27/05/2025,669,P045,3,25.95
6848,2025-09-25,1017,P016,1,52.50
6545,2025-11-20,3552,P042,1,52.60
3254,2025-12-22,1727,P016,1,12.12
17113,01-30-2025,1725,P033,1,60.23
7426,2025-06-02,3926,P040,2,18.12
2786,2025-04-28,4044,P020,3,"15,90"
15650,02-20-2025,4046,P016,1,"19,72"
6193,2025-08-01,3448,P037,2,27.26
7111,2025-06-06,829,P044,1,37.43
14685,03-18-2025,1439,P041,1,"21,18"
7146,2025-08-26,2571,P011,4,13.10
15982,2025-06-08,1981,P007,,85.58
7617,23/06/2025,1520,P012,-1,90.46
5705,2025-12-16,3937,P024,3,16.40
11711,26/12/2025,1928,P025,1,19.37
5923,2025-10-07,999999,P034,1,40.05
14047,2025-03-15,2250,P042,1,26.23
2018,2025-12-26,370,P027,1,27.78
4767,27/09/2025,1333,P046,1,64.50
9814,2025-02-19,3681,P019,2,"35,93"
17426,2025-10-13,999999,P015,2,69.67
13704,2025-05-20,3561,P007,4,"45,73"
1391,23/08/2025,2732,P008,3,"36,89"
259,2025-05-17,2862,P040,2,18.30
2180,2025-09-02,1169,P007,1,"122,47"
5305,2025-09-16,1958,P011,4,"21,69"
5890,2025-12-03,2364,P006,1,33.33
539,08/10/2025,3158,P039,1,34.35
1019,2025-01-20,703,P012,3,21.75
1544,2025-05-17,308,P015,1,30.90
11398,17/11/2025,3265,P019,1,14.51
11855,2025-08-15,3910,P017,3,"26,73"
5512,2025-01-25,1846,P017,1,27.72
17036,07/11/2025,3293,P038,2,"117,76"
5417,2025-04-08,3179,P026,1,16.72
10951,03-22-2025,1210,P014,1,14.23
4773,2025-10-21,3596,P041,1,41.26
11908,2025-04-03,1779,P010,1,16.40
3476,2025-07-18,2317,P036,1,"23,83"
15926,11/04/2025,1021,P010,,23.94
17355,21/01/2025,1474,P021,3,"47,31"
17451,13/03/2025,2188,P035,1,26.23
5275,2025-08-14,1967,P012,1,"24,04"
5403,07-16-2025,1775,P003,2,27.43
1483,2025-03-01,1782,P033,1,"24,18"
2088,2025-12-23,957,P021,3,83.91
17047,16/09/2025,1152,P034,1,25.06
14926,04/12/2025,2861,P016,1,37.74
9643,13/11/2025,2920,P015,1,22.54
9808,09/01/2025,999999,P005,2,96.50
10728,2025-04-16,2188,P019,1,27.31
9835,2025-10-08,2188,P011,1,25.14
11574,2025-01-29,1617,P004,4,"20,51"
464,2025-01-15,2704,P011,3,30.82
6226,04-21-2025,999999,P037,1,51.79
15694,2025-11-17,4101,P006,1,"24,91"
11192,2025-05-02,3837,P012,1,"15,92"
8833,2025-06-29,208,P031,1,8.74
16647,2025-05-29,3789,P010,1,58.27
15116,09/08/2025,1475,P019,1,"38,69"
9655,2025-08-17,2544,P034,,"11,14"
9066,2025-02-10,2478,P018,1,"55,03"
15087,24/07/2025,239,P043,2,"23,64"
11438,24/01/2025,3844,P015,1,"16,33"
7857,06-26-2025,3524,P029,1,23.61
9413,10/12/2025,2089,P048,1,15.94
4222,2025-08-21,2286,P038,1,6.43
12960,2025-08-29,2882,P018,2,"18,78"
8956,12/06/2025,1446,P028,1,"92,84"
5278,2025-08-08,717,P031,1,80.50
3974,09-03-2025,3924,P025,1,26.47
5270,09/10/2025,698,P048,1,"44,52"
642,2025-12-02,2180,P031,1,30.39
109,09-27-2025,3661,P024,1,62.54
8282,22/04/2025,1486,P013,2,"10,32"
10445,2025-09-19,1804,P016,1,"25,56"
10916,2025-09-30,682,P048,1,42.41
13220,08/01/2025,2002,P029,1,"46,41"
13611,2025-07-02,13,P017,1,22.00
4333,2025-12-06,3636,P024,1,27.86
2633,17/03/2025,3243,P028,2,6.87
1287,25/01/2025,333,P005,1,26.67
2749,2025-07-29,3170,P023,1,24.13
14859,17/09/2025,1353,P044,3,"13,69"
10858,2025-11-06,2139,P036,3,"38,78"
4218,2025-07-18,611,P018,1,25.76
10635,2025-03-31,1231,P032,4,46.32
12627,2025-09-25,3862,P018,1,95.97
2432,2025-02-18,825,P046,3,"55,58"
7377,2025-07-27,353,P043,3,13.52
7728,15/08/2025,2859,P036,2,27.98
7026,2025-02-09,979,P047,1,26.73
17489,12-11-2025,1564,P026,2,"28,00"
14105,2025-06-03,180,P019,1,7.44
11680,07-27-2025,353,P014,1,38.92
8249,07-02-2025,306,P044,4,17.38
11529,08/04/2025,2544,P047,1,40.72
4848,08-06-2025,3702,P017,1,104.53
17038,2025-09-09,2635,P027,1,12.09
7149,01-02-2025,27,P040,1,"13,99"
12605,2025-07-31,3699,P012,1,"41,08"
15414,2025-05-25,999999,P034,1,26.61
13274,30/12/2025,428,P003,1,10.94
8358,20/08/2025,2303,P035,1,39.80
4837,2025-12-22,2617,P043,1,16.04
7320,2025-08-03,3465,P030,1,"44,09"
7244,04/08/2025,3331,P039,2,18.20
9664,2025-05-22,3862,P010,3,12.77
14921,2025-09-15,3491,P048,3,45.12
805,2025-02-01,2366,P001,4,"26,81"
5261,06-15-2025,1823,P048,3,34.05
6443,2025-09-13,3109,P027,1,"48,33"
11234,2025-02-02,493,P047,1,17.66
17785,14/06/2025,312,P005,1,"18,02"
12685,2025-10-04,1558,P035,1,"15,46"
10318,24/05/2025,1280,P040,2,18.12
12202,2025-06-03,792,P009,1,34.59
3400,2025-01-17,2815,P019,1,49.43
8197,2025-04-06,2137,P008,1,41.19
11348,2025-07-26,149,P041,1,"46,14"
3194,2025-04-21,3350,P007,2,19.30
13512,2025-11-07,1752,P022,1,"29,59"
4162,26/12/2025,202,P012,1,46.22
2844,2025-07-26,3621,P005,4,22.70
14854,2025-10-14,3161,P002,1,"28,27"
13540,2025-11-03,2055,P013,1,36.89
13728,2025-01-11,2189,P002,1,45.54
10811,12-31-2025,1371,P029,1,"12,44"
2373,04/03/2025,1034,P023,-1,"63,17"
16750,03-23-2025,3806,P012,1,"11,83"
16905,20/02/2025,999999,P003,1,18.55
11317,02/01/2025,3312,P014,2,50.33
12707,03/12/2025,1796,P043,4,"29,17"
16363,10-29-2025,3203,P013,1,"36,22"
7136,2025-03-29,191,P036,1,16.12
2366,2025-03-28,635,P048,1,103.61
11829,09-30-2025,2498,P022,1,21.25
13729,2025-12-24,48,P033,-1,24.84
2125,2025-09-30,230,P019,1,"23,02"
10546,2025-02-20,3620,P041,1,18.44
4615,28/12/2025,181,P038,2,17.12
11112,2025-07-17,3551,P018,3,46.27
6279,2025-04-10,2110,P047,1,22.13
3095,2025-12-02,1472,P033,2,29.53
13216,2025-03-26,864,P038,1,"133,39"
7774,2025-01-17,3758,P018,2,19.39
5833,01-30-2025,986,P034,3,6.48
1005,2025-12-19,2275,P007,1,49.25
13529,2025-02-01,1609,P044,1,"14,95"
8292,04/01/2025,2661,P003,2,36.16
15913,19/06/2025,2122,P035,2,27.08
14522,2025-05-27,3992,P034,2,22.90
6754,2025-11-16,2230,P011,3,37.61
3397,08-16-2025,1615,P002,4,46.93
8424,11-12-2025,87,P031,1,18.24
1416,06-11-2025,999999,P030,2,31.48
3661,2025-03-11,1851,P019,1,18.35
17243,2025-10-09,1662,P023,3,"31,90"
6748,2025-10-11,4140,P028,3,43.66
9891,2025-09-29,159,P040,1,68.25
1946,07/05/2025,63,P024,1,28.31
15951,04-22-2025,2339,P030,3,30.65
7088,26/10/2025,2686,P035,1,35.83
2518,23/05/2025,1182,P025,1,25.58
1893,11/04/2025,987,P042,1,"6,39"
136,03-23-2025,1745,P013,1,"31,87"
9507,2025-10-10,1893,P045,1,6.33
10807,02/05/2025,1111,P023,2,40.69
6988,2025-08-05,2406,P020,1,46.17
606,26/12/2025,3473,P026,1,"18,11"
6586,02/04/2025,2255,P045,-1,11.73
934,26/09/2025,2325,P041,1,50.34
3655,18/01/2025,2356,P022,1,47.59
8930,2025-05-24,3194,P031,3,24.20
11667,27/10/2025,672,P036,2,"53,81"
782,06/01/2025,1872,P025,3,16.95
5328,08/10/2025,1622,P019,1,7.47
8315,06-27-2025,1617,P034,2,"44,10"
10077,2025-02-04,3298,P013,1,24.09
4728,2025-06-08,1639,P041,1,"26,18"
3854,06/02/2025,2655,P004,1,"70,20"
17267,2025-03-06,804,P032,1,29.80
4273,2025-05-30,1098,P008,2,71.41
9217,2025-06-13,999999,P025,4,16.87
8074,2025-10-15,2788,P015,1,23.33
10069,2025-07-29,554,P021,1,32.57
8616,2025-11-18,666,P040,2,37.25
16867,2025-05-10,783,P001,1,152.67
10655,16/07/2025,2567,P008,2,16.15
6322,2025-05-03,861,P010,1,13.86
8777,07/09/2025,1101,P045,2,"23,45"
13815,2025-06-23,2544,P001,1,29.54
8740,2025-06-17,2202,P027,1,54.82
16420,05-17-2025,847,P037,1,66.02
10589,03-29-2025,1386,P028,2,15.99
9156,2025-01-18,2190,P009,,54.48
17979,21/08/2025,1120,P040,2,20.46
7257,07/03/2025,3553,P047,1,11.78
16383,31/05/2025,4168,P005,1,"57,61"
14,05-03-2025,2227,P002,1,22.27
797,2025-07-27,356,P032,1,"42,84"
1520,2025-07-03,1984,P019,2,40.48
3967,2025-06-04,4153,P012,1,65.42
7231,17/08/2025,2846,P033,2,33.91
7291,2025-09-06,291,P005,3,24.60
17216,13/04/2025,999999,P040,2,22.76
11177,2025-08-27,517,P035,2,32.90
8139,12-02-2025,3794,P006,3,45.89
14931,2025-12-05,3349,P034,2,66.97
977,2025-11-17,2453,P018,2,15.17
16349,2025-10-30,114,P018,2,"22,41"
10336,09/08/2025,3808,P026,1,16.39
1752,2025-07-19,3383,P004,1,15.38
1992,12-13-2025,1536,P016,1,36.41
15870,2025-05-22,1749,P026,1,"46,75"
13143,12-07-2025,867,P042,1,88.17
10477,2025-08-21,57,P040,2,14.79
462,2025-04-03,3479,P029,2,"36,02"
4101,16/08/2025,3186,P007,1,"86,39"
3895,2025-05-06,4069,P003,1,31.24
1588,22/03/2025,4057,P019,2,"10,32"
2371,2025-09-05,56,P002,4,8.81
2714,2025-01-12,348,P047,1,12.88
11827,2025-03-20,4054,P005,1,"14,87"
15695,09-27-2025,1024,P032,1,48.42
6795,2025-07-07,1536,P020,1,"73,84"
10561,2025-04-23,577,P021,2,16.37
7079,2025-07-14,2546,P035,1,38.06
14147,2025-12-06,2050,P023,2,"40,64"
6490,02-14-2025,153,P005,2,65.32
13147,2025-01-17,3064,P005,1,19.43
17295,12-24-2025,1767,P016,1,"13,51"
9527,2025-07-12,80,P041,1,"30,83"
2351,05/06/2025,536,P015,,"45,55"
2795,28/06/2025,2809,P026,1,64.81
10866,06/09/2025,3814,P029,2,13.46
15013,18/11/2025,1297,P030,1,59.21
147,2025-09-22,3106,P017,4,"14,91"
13694,2025-08-19,3961,P003,3,22.53
17569,07/09/2025,2722,P024,3,"34,93"
15081,2025-11-26,3595,P038,1,18.14
2820,12-03-2025,2272,P029,1,24.46
3788,02-09-2025,2859,P017,1,42.81
7413,2025-01-04,1794,P008,1,32.32
1285,2025-11-26,3899,P043,1,18.56
13508,02/02/2025,36,P048,1,31.01
4982,2025-05-02,1016,P021,1,39.48
777,12/03/2025,473,P018,2,43.04
11913,2025-10-14,2500,P046,2,"38,44"
14331,2025-01-08,3500,P001,1,35.56
53,05/03/2025,3430,P045,1,21.99
11053,03-06-2025,181,P041,1,11.34
3797,2025-06-03,4181,P002,1,27.08
6816,09-28-2025,1493,P047,1,"10,30"
10248,24/11/2025,1971,P028,2,11.87
9724,2025-11-18,388,P016,1,"30,84"
7737,03/07/2025,3141,P045,2,21.11
6024,2025-12-02,2343,P034,2,49.64
16668,2025-12-01,2346,P042,1,35.54
15938,2025-09-03,4047,P006,2,46.44
14474,2025-11-26,1751,P009,1,"24,20"
11100,07-27-2025,1851,P028,1,78.30
9609,2025-09-28,427,P025,1,11.29
5269,2025-11-12,124,P006,1,8.92
17697,04/12/2025,54,P019,2,39.96
10446,2025-07-05,2986,P041,1,"64,21"
4276,05/04/2025,1807,P016,2,20.26
11048,01-02-2025,4159,P021,3,"29,43"
761,02/12/2025,173,P040,1,"51,08"
4860,08-18-2025,1021,P026,2,"15,33"
14570,2025-06-05,2481,P006,2,13.78
6259,27/05/2025,1127,P004,1,44.87
8376,2025-11-28,597,P005,2,10.52
17134,2025-05-30,1384,P037,2,24.91
12081,2025-12-22,609,P045,1,74.47
12510,2025-04-16,3999,P046,1,"7,87"
2888,10/12/2025,2811,P047,2,48.24
15655,2025-04-07,519,P015,3,"15,19"
16912,2025-05-12,794,P005,3,24.60
1880,2025-11-07,1619,P016,1,31.78
10924,2025-08-12,2164,P027,3,8.11
17889,12-31-2025,1913,P007,1,40.41
354,2025-04-23,515,P047,1,60.01
9518,2025-06-15,340,P028,,"46,88"
1567,05-08-2025,3058,P021,2,12.98
5818,2025-10-22,2461,P020,1,24.93
11106,09-27-2025,698,P027,4,46.41
7024,2025-01-20,3705,P007,1,20.35
7620,2025-09-14,2561,P028,2,36.34
2198,12-17-2025,2586,P015,2,35.28
1219,2025-06-06,2913,P021,2,11.16
1664,2025-06-30,1808,P022,1,"40,56"
6255,04/05/2025,2806,P004,2,20.72
7790,25/10/2025,999999,P025,1,"12,59"
8414,06/05/2025,3371,P007,4,25.60
16204,2025-05-06,149,P026,1,17.40
6828,2025-08-30,999999,P025,1,6.05
13291,2025-10-04,214,P026,3,"32,65"
487,2025-05-22,4128,P006,1,42.95
2335,2025-02-23,445,P046,1,6.30
1901,2025-05-08,3244,P031,1,13.31
2582,11/08/2025,3047,P014,4,42.71
3687,2025-10-16,4166,P048,4,22.02
5025,2025-01-05,3119,P033,1,35.77
9232,2025-04-17,2648,P028,1,34.66
2710,2025-05-09,1562,P024,2,54.15
17920,2025-01-12,1925,P026,,65.13
12073,2025-10-25,3320,P042,1,"29,59"
2445,2025-02-20,1621,P014,1,25.31
15832,07/11/2025,2752,P027,1,"23,83"
1615,12-10-2025,1152,P023,1,"73,21"
3985,2025-08-19,2426,P036,2,"15,15"
7814,18/11/2025,3209,P021,1,57.91
3253,2025-03-23,1179,P015,1,"32,25"
1259,2025-12-24,2769,P015,1,"14,11"
10437,2025-03-11,2506,P030,2,17.70
1053,2025-06-27,167,P025,2,"20,85"
5408,14/08/2025,3267,P013,,39.75
11236,10-28-2025,3202,P020,1,28.89
5007,04-17-2025,3294,P041,1,25.49
15452,05/04/2025,440,P030,1,"45,75"
15745,2025-04-22,273,P014,4,48.93
3085,2025-07-21,1110,P034,1,11.95
11521,2025-02-26,437,P008,2,38.91
6576,17/08/2025,3471,P037,2,"48,62"
11515,2025-06-20,1535,P048,2,"29,23"
6934,2025-01-17,257,P047,1,"14,92"
4605,2025-01-10,3335,P028,4,28.10
445,2025-09-18,4021,P035,1,13.64
14886,11/12/2025,3286,P038,1,29.28
17910,2025-01-16,2398,P040,1,"13,61"
14090,2025-04-03,3005,P038,1,11.02
10427,03/08/2025,2750,P028,2,"35,37"
13409,2025-08-16,2416,P043,1,48.83
1528,21/07/2025,1189,P033,1,"25,65"
17170,2025-08-30,371,P003,2,57.31
872,31/05/2025,2262,P005,,57.71
3096,2025-03-27,852,P014,3,49.88
16132,2025-06-22,1396,P016,3,15.87
15904,20/11/2025,2997,P040,1,28.79
14426,2025-10-11,583,P034,1,28.95
13867,2025-05-26,3237,P033,1,26.14
5021,2025-01-06,3396,P019,2,28.34
1728,2025-10-14,568,P043,3,7.13
9180,2025-07-12,3421,P018,1,17.69
16012,18/06/2025,1410,P027,1,47.59
17589,2025-05-10,2033,P027,1,16.17
5227,13/11/2025,1543,P048,-1,"35,63"
4682,2025-08-05,1817,P043,3,29.33
12825,2025-12-30,2034,P043,2,"79,06"
4349,2025-01-08,3873,P041,1,"19,91"
1963,2025-04-18,2163,P040,1,46.92
15897,01/12/2025,2594,P044,1,45.43
16839,2025-07-25,2997,P011,2,"20,08"
1764,2025-12-19,999999,P040,2,"20,27"
489,22/01/2025,41,P011,2,23.17
15732,2025-09-03,247,P021,2,"27,50"
1460,2025-02-14,1926,P029,1,33.48
9558,02-22-2025,109,P013,1,"18,27"
1698,2025-08-03,3029,P016,3,"47,92"
2428,2025-01-12,1598,P006,2,"36,66"
3719,2025-09-21,664,P039,1,18.93
14393,07/08/2025,3344,P024,4,75.76
11751,05-23-2025,277,P009,3,31.89
16902,2025-11-01,3826,P019,2,"18,24"
13755,15/11/2025,570,P019,1,"143,27"
13617,24/11/2025,2110,P029,2,28.41
15600,2025-09-04,1821,P040,1,31.75
10109,09/03/2025,1076,P009,3,39.87
13925,2025-10-10,64,P008,1,"15,21"
4069,06/04/2025,1829,P031,1,57.15
4978,06/02/2025,1761,P041,1,29.21
14313,2025-04-09,1961,P027,1,"29,92"
743,2025-11-26,2676,P007,1,"22,37"
12415,01-28-2025,1386,P026,1,33.90
15167,2025-12-08,3440,P029,1,22.36
1593,2025-07-18,2849,P014,2,39.25
5564,15/09/2025,2692,P047,1,"28,92"
12872,09-22-2025,2306,P019,1,"34,59"
17093,2025-01-03,3926,P017,2,25.68
331,2025-09-06,2552,P038,,"97,00"
2197,01-22-2025,44,P013,1,45.21
11273,08/09/2025,1768,P017,1,37.85
3971,31/03/2025,518,P003,2,24.33
3973,27/07/2025,3546,P024,1,13.00
16349,2025-10-30,114,P018,2,"22,41"
15665,2025-08-09,420,P007,4,"58,85"
16147,2025-05-21,3993,P023,1,60.72
3969,03/04/2025,1242,P026,1,"21,37"
7293,28/06/2025,3918,P022,1,"16,29"
7183,2025-05-03,1462,P025,1,21.13
17942,2025-10-02,3687,P014,1,45.04
9385,24/08/2025,1855,P018,2,"26,29"
1536,2025-03-09,611,P020,1,"23,47"
11642,02-16-2025,1522,P040,2,"8,68"
6998,2025-03-16,2386,P021,3,48.13
7248,30/01/2025,2216,P015,3,10.47
6409,2025-04-12,999999,P022,1,"10,42"
6718,25/08/2025,441,P007,1,42.34
4970,2025-11-25,2268,P019,1,34.71
14611,2025-02-04,2712,P042,1,28.14
17898,2025-01-23,1768,P039,1,21.55
11268,2025-09-11,2591,P018,1,"61,92"
5233,2025-11-07,2757,P002,1,"67,89"
3090,2025-12-23,2550,P006,1,"9,34"
17933,05-24-2025,3568,P033,1,11.21
5713,2025-01-20,1102,P029,1,"38,00"
8510,28/03/2025,3660,P014,2,"11,91"
10381,2025-08-22,1284,P019,1,"18,58"
9203,04/03/2025,693,P009,-1,33.98
2359,2025-04-10,2540,P033,2,16.17
7677,2025-12-19,3587,P020,2,"11,73"
3752,06/12/2025,397,P035,1,37.54
1597,2025-07-10,3416,P015,1,15.53
8815,2025-08-09,3806,P043,2,"39,26"
4043,19/12/2025,1723,P031,2,"36,03"
16183,2025-05-07,1433,P033,3,20.33
11582,08/08/2025,1047,P047,2,"37,56"
5312,2025-06-26,1641,P020,1,63.66
10068,30/09/2025,1661,P028,3,20.32
6534,2025-08-19,757,P043,1,32.10
11738,2025-06-06,2228,P022,1,"21,58"
8316,2025-10-28,649,P014,1,"13,66"
8786,2025-01-23,3998,P007,,55.60
14576,21/07/2025,3317,P038,3,58.56
10751,2025-09-14,1816,P025,1,"25,01"
4731,2025-01-11,999999,P004,1,16.30
17621,12-28-2025,1023,P042,1,65.65
11891,13/08/2025,3365,P020,4,33.20
6625,2025-10-03,2598,P003,1,74.71
894,08-20-2025,3207,P021,1,73.57
13118,2025-10-17,2961,P015,2,36.80
16780,06/08/2025,2105,P035,1,25.82
12738,2025-10-21,963,P030,1,28.76
8332,21/07/2025,718,P046,3,"24,04"
7046,17/06/2025,2824,P004,1,37.69
547,2025-05-12,592,P006,4,"18,75"
10252,2025-07-15,2850,P028,3,49.51
5076,2025-03-06,2679,P011,2,"16,94"
9206,08-26-2025,2842,P009,2,20.41
15289,2025-04-04,1781,P044,1,66.76
10597,04-25-2025,1589,P036,2,40.27
3379,10/11/2025,1957,P026,1,"26,35"
13018,2025-06-16,1196,P030,2,20.93
11684,04-21-2025,1252,P029,1,23.10
3820,08-10-2025,3689,P041,3,"40,37"
4528,2025-11-08,2634,P028,1,"37,61"
15652,2025-02-25,353,P020,1,"27,32"
2686,04-20-2025,3198,P044,1,"55,62"
7374,2025-03-04,675,P047,1,20.70
14856,09/07/2025,192,P015,3,12.18
10748,31/12/2025,1047,P048,1,19.24
12293,2025-09-30,1578,P006,1,84.87
13686,2025-10-12,1434,P036,4,"123,69"
11222,21/01/2025,1025,P017,1,56.98
8498,2025-09-12,782,P022,1,20.71
7223,2025-05-30,37,P038,1,"16,95"
7769,17/02/2025,1833,P004,1,11.86
7645,2025-03-12,2545,P028,2,51.20
8995,2025-07-12,3469,P029,1,61.15
12803,20/02/2025,2358,P048,1,22.36
9915,2025-06-14,226,P045,1,"41,50"
13042,27/10/2025,1837,P026,3,"10,88"
4428,03-08-2025,1871,P018,1,"8,66"
2568,2025-02-20,403,P027,1,18.03
5498,2025-08-21,3845,P022,3,"24,22"
7207,19/03/2025,101,P027,1,"32,13"
5793,2025-10-02,3384,P027,2,"47,50"
1272,30/09/2025,2341,P018,1,"33,56"
17391,19/11/2025,3913,P016,2,43.92
6236,2025-08-17,671,P001,3,"33,48"
11846,12-21-2025,3853,P043,2,19.04
11754,2025-01-09,3023,P019,1,9.76
7697,2025-03-21,1515,P020,2,38.68
14897,2025-09-09,1889,P034,3,100.33
17171,2025-07-30,1557,P005,2,"28,83"
17935,2025-02-23,1680,P027,1,"18,90"
9720,14/10/2025,1171,P038,1,43.34
10547,2025-06-03,1257,P040,1,57.76
10960,2025-12-14,1984,P042,1,53.04
12720,07-07-2025,1752,P019,2,"44,97"
12324,2025-07-07,2734,P044,1,101.34
5927,2025-04-20,5,P006,2,"22,97"
13903,2025-05-04,590,P036,2,43.10
12922,22/09/2025,1424,P018,1,"34,48"
15853,02-13-2025,2417,P036,4,15.65
3316,2025-12-07,1464,P021,1,60.61
2221,07-01-2025,999999,P008,,"17,11"
8468,2025-05-21,1865,P008,1,49.48
17167,2025-05-14,1396,P045,1,26.50
12069,08-18-2025,1157,P039,2,15.32
4359,2025-04-29,3269,P037,2,14.83
15133,2025-11-12,58,P003,1,11.65
10860,2025-10-16,1845,P019,1,16.52
7404,10-07-2025,3928,P036,3,"4,17"
2226,2025-10-14,3879,P019,1,13.55
6479,2025-01-05,3994,P021,2,"37,78"
8254,03/02/2025,2929,P011,1,"22,46"
12721,17/02/2025,2660,P016,2,16.43
9040,2025-02-20,2266,P006,1,65.10
10033,2025-02-04,1485,P036,4,13.03
11912,2025-03-02,2971,P002,1,18.72
16251,2025-08-08,2741,P026,2,30.74
5030,11/02/2025,2713,P045,1,"28,98"
15769,07/02/2025,2751,P039,2,41.25
9097,24/11/2025,3989,P046,1,"32,77"
11366,01-04-2025,3203,P020,2,"21,45"
12641,07/04/2025,579,P006,1,47.20
4988,07/10/2025,1488,P026,4,15.47
17255,2025-12-12,1792,P030,1,17.40
12597,2025-03-10,999999,P036,1,29.38
11177,2025-08-27,517,P035,2,32.90
6060,24/04/2025,1137,P046,1,65.53
5880,2025-05-09,791,P035,1,"17,15"
11629,2025-02-04,247,P013,3,20.84
17944,2025-01-02,1849,P029,1,45.69
1964,2025-08-27,1968,P024,1,20.43
16051,28/03/2025,1206,P039,1,"72,75"
3261,2025-11-28,906,P039,2,29.31
717,07-20-2025,1604,P018,1,"12,96"
4544,15/11/2025,2170,P008,1,17.04
15037,2025-12-04,3816,P007,1,"67,32"
4503,10-03-2025,1737,P026,1,12.72
12014,2025-03-01,3271,P029,1,17.70
16761,2025-01-31,3374,P016,2,17.87
156,05/10/2025,1308,P016,1,14.63
11914,2025-04-14,169,P027,4,"23,05"
4110,30/11/2025,3851,P027,2,23.28
2969,02/07/2025,31,P040,2,28.71
808,2025-10-28,1455,P011,2,49.29
1761,07/09/2025,367,P039,2,6.17
16211,22/02/2025,3236,P014,3,"58,62"
17630,2025-05-16,1266,P031,1,"66,93"
3117,2025-11-04,3044,P032,2,"14,94"
8831,2025-01-30,2896,P032,3,43.27
6468,09/12/2025,2759,P041,2,6.66
6829,2025-05-19,2395,P012,1,"20,47"
12251,2025-04-07,3372,P029,3,19.40
7679,2025-07-24,2592,P034,2,36.07
16110,15/02/2025,4091,P010,1,17.11
12517,2025-08-08,2712,P006,2,32.97
898,09/02/2025,2571,P046,3,"48,42"
15530,2025-03-13,1187,P007,1,28.05
8537,2025-10-28,2081,P033,2,31.33
11365,2025-03-29,3589,P002,1,83.05
2660,06-30-2025,345,P048,1,28.54
8092,24/10/2025,3033,P037,1,"54,44"
13109,04-04-2025,940,P002,1,"10,33"
6897,2025-11-18,1952,P024,2,25.81
16124,2025-07-05,1999,P036,,15.92
11071,2025-04-25,3160,P039,1,27.61
1599,2025-11-18,3021,P039,1,"50,26"
14215,18/02/2025,11,P029,1,46.93
11024,2025-06-09,2159,P048,1,"9,97"
14227,2025-11-30,999999,P006,1,31.25
173,27/07/2025,1585,P004,3,"17,40"
14753,2025-12-31,551,P012,1,40.99
3910,13/04/2025,3851,P002,2,"58,51"
13541,2025-05-10,2683,P020,1,"44,12"
9389,2025-09-04,1257,P019,3,37.40
1763,2025-12-23,337,P012,1,26.41
9934,2025-07-15,3962,P040,1,28.01
7772,10-29-2025,1392,P032,1,101.53
2142,2025-01-27,2175,P023,1,"15,91"
11022,2025-07-24,1972,P023,4,29.99
17787,06/06/2025,677,P036,1,19.66
6777,2025-09-10,1038,P024,1,"3,40"
4921,2025-04-15,868,P039,1,30.90
17413,30/03/2025,653,P046,1,18.68
4078,18/10/2025,3456,P019,2,25.26
754,2025-07-05,1615,P041,1,25.88
9421,27/07/2025,207,P025,2,27.76
15159,31/03/2025,2336,P041,1,"18,79"
15356,15/11/2025,3291,P012,1,4.80
4397,18/06/2025,1956,P016,2,"58,86"
3294,2025-10-15,3883,P001,1,60.77
1787,18/01/2025,3491,P015,3,"26,92"
16955,03/12/2025,2015,P008,4,"26,64"
3896,11/08/2025,2123,P025,2,10.42
7350,15/12/2025,3451,P025,1,"49,31"
8208,2025-11-06,333,P025,4,66.71
5436,2025-02-22,1739,P031,1,18.05
10085,2025-06-23,1114,P012,1,64.97
10232,28/01/2025,1471,P026,1,17.16
2068,08/11/2025,1907,P022,2,"10,12"
4990,2025-07-19,708,P022,1,"13,95"
8189,30/05/2025,1294,P046,1,114.29
12676,08-16-2025,1531,P048,1,"31,48"
8571,08-18-2025,2051,P025,,40.99
16898,2025-04-28,3821,P011,1,16.86
7746,25/07/2025,305,P011,1,16.39
7522,2025-09-18,2075,P007,1,"18,84"
5157,2025-02-12,4107,P006,-1,23.33
17972,2025-06-22,3950,P007,2,"8,29"
8255,14/04/2025,1662,P023,1,"25,40"
7206,2025-09-18,2304,P019,3,16.53
15801,2025-09-29,374,P029,3,23.33
10314,2025-03-14,3971,P011,1,14.31
537,2025-07-10,2920,P038,-1,70.68
794,21/07/2025,357,P023,1,"19,10"
16032,2025-03-06,3267,P045,1,10.56
17154,14/02/2025,2042,P017,1,30.39
13886,2025-07-26,1124,P047,1,43.33
15585,19/02/2025,1283,P035,1,10.16
10662,20/09/2025,1043,P023,1,"20,95"
4345,07-24-2025,999999,P039,4,9.69
5892,07-18-2025,3800,P013,1,"39,43"
15006,2025-11-17,3511,P027,1,"56,76"
10006,07/05/2025,999999,P044,1,32.14
6402,2025-04-17,3911,P043,1,23.96
1788,22/03/2025,746,P044,1,41.23
1543,2025-08-07,2277,P030,1,"41,76"
13513,2025-10-23,3119,P012,2,"15,36"
14406,17/11/2025,3327,P006,1,"30,87"
1495,2025-07-21,3126,P010,1,"19,96"
9402,2025-01-17,2729,P013,1,"101,82"
6165,2025-06-19,2599,P017,1,12.88
10937,2025-07-30,710,P018,1,36.29
687,2025-11-04,2533,P042,2,"18,73"
5433,2025-01-30,1679,P003,1,"15,98"
2561,07/02/2025,3535,P029,3,27.00
17181,09/05/2025,3674,P019,1,37.73
1278,2025-05-08,73,P044,3,"6,48"
5960,2025-05-15,1645,P024,1,"113,93"
6841,10/08/2025,2849,P026,1,15.28
4183,2025-12-31,1570,P023,1,25.34
11596,2025-12-16,1950,P024,1,"6,61"
5125,2025-11-01,1983,P025,1,24.72
12986,25/02/2025,82,P033,2,49.99
14104,23/09/2025,707,P047,2,"22,14"
3957,2025-07-07,3444,P030,2,48.67
10618,04/11/2025,3967,P019,1,12.97
6664,16/08/2025,2020,P030,1,15.44
6737,2025-01-30,4186,P002,-1,45.38
10494,2025-06-25,2496,P025,1,48.56
14449,14/09/2025,3959,P046,2,49.99
17328,2025-03-11,2668,P039,1,32.21
6122,23/06/2025,2947,P007,1,"81,61"
3218,2025-08-08,2832,P020,1,"47,73"
16282,01/01/2025,2472,P032,2,70.29
13152,12-04-2025,2628,P021,2,3.13
17343,11-11-2025,2724,P034,1,"2,84"
15753,11/07/2025,988,P001,2,23.46
10328,2025-05-01,2399,P008,1,28.84
8866,2025-10-10,922,P046,1,17.52
5243,22/03/2025,803,P003,1,"10,71"
5861,2025-07-31,3511,P002,1,22.75
10166,2025-11-13,506,P029,1,26.86
17982,2025-12-14,1800,P003,2,7.07
8712,2025-09-24,3732,P031,1,18.11
10587,25/09/2025,154,P008,3,22.09
9358,11/03/2025,2583,P029,1,32.82
5488,2025-02-21,558,P011,1,11.68
6633,25/04/2025,651,P046,2,72.47
16742,2025-05-10,2965,P001,1,27.91
16328,2025-04-17,3880,P047,1,9.42
3088,08/03/2025,1440,P020,4,86.99
7251,2025-07-11,4021,P043,1,33.31
17882,2025-06-24,266,P039,2,82.44
9289,2025-12-26,3844,P011,2,52.44
6305,2025-03-03,842,P027,1,42.34
5176,2025-06-06,2570,P004,1,"34,48"
5647,2025-02-18,2390,P023,1,49.99
5351,2025-06-02,322,P020,2,17.32
10099,19/02/2025,3891,P037,1,70.35
2632,2025-05-18,2347,P024,1,20.23
1221,31/08/2025,810,P006,1,31.61
202,2025-07-06,2965,P033,4,"59,92"
8007,2025-10-21,496,P016,1,16.58
16402,2025-05-12,268,P047,2,12.04
1121,21/09/2025,3951,P022,1,"29,90"
11026,2025-02-15,2755,P041,3,13.86
11869,30/07/2025,2732,P005,1,31.05
9481,2025-04-26,2050,P037,2,16.55
13179,09/12/2025,1152,P040,1,33.33
14178,2025-06-29,4183,P005,4,51.24
14767,2025-03-03,1896,P011,1,"40,82"
10250,19/02/2025,4193,P039,2,21.96
15788,21/06/2025,996,P028,1,14.89
14032,25/03/2025,1582,P041,1,"32,67"
9918,02/10/2025,3942,P042,1,18.18
13806,01/07/2025,2984,P026,3,31.56
12967,15/09/2025,3943,P022,2,24.19
8873,2025-02-14,2787,P006,1,"16,60"
4576,09/08/2025,2005,P044,2,53.74
4375,2025-12-02,1489,P014,1,"35,27"
15714,2025-03-05,3311,P010,2,24.95
10478,09-01-2025,1412,P028,1,13.85
10207,2025-09-29,2274,P041,-1,21.77
11027,2025-11-01,845,P009,1,34.30
15860,2025-11-29,28,P023,1,26.55
8091,07-17-2025,1256,P042,3,24.78
12488,03-29-2025,991,P034,1,40.20
5183,2025-07-28,2779,P002,2,118.18
10792,03-21-2025,2581,P027,1,"32,07"
13016,2025-06-22,2277,P027,1,"35,82"
15846,2025-03-04,4046,P017,2,12.54
13389,2025-01-20,3120,P036,1,"27,41"
7840,2025-08-11,3145,P007,1,"13,97"
10561,2025-04-23,577,P021,2,16.37
1981,08-21-2025,911,P018,1,30.02
8953,03/07/2025,592,P001,1,"29,77"
4158,26/04/2025,418,P004,1,11.21
6762,2025-06-04,3711,P045,1,24.77
12939,2025-12-07,2451,P033,1,"42,91"
9556,22/02/2025,1600,P024,2,"21,18"
15067,31/10/2025,969,P004,1,"23,32"
14537,2025-03-11,1748,P021,1,75.91
10583,28/09/2025,714,P044,1,37.67
16901,2025-05-28,1353,P008,2,18.84
15633,23/03/2025,550,P047,1,16.17
13491,06-29-2025,1404,P027,1,45.51
5677,15/08/2025,9,P005,2,8.61
2270,2025-08-17,3802,P044,1,133.77
6484,01/09/2025,3711,P021,1,20.77
8895,09/04/2025,2929,P040,3,12.24
14395,15/07/2025,549,P036,2,13.29
10508,2025-07-15,2655,P047,1,17.53
9366,03/03/2025,3635,P039,2,38.13
16798,29/03/2025,2526,P004,4,22.05
6162,2025-01-24,3025,P025,2,14.00
8514,16/08/2025,3496,P039,1,"20,99"
2308,02-21-2025,2038,P009,2,36.34
10205,2025-03-24,2979,P004,2,10.47
4542,02/06/2025,2327,P034,1,25.18
15722,2025-11-04,2571,P026,1,37.17
15049,14/02/2025,3500,P013,1,32.83
5200,2025-09-12,2401,P011,3,28.34
4244,03/08/2025,3144,P010,1,"39,29"
6407,2025-09-07,2150,P008,1,81.12
13586,2025-12-16,3988,P025,1,25.13
6515,07-17-2025,999999,P013,3,"64,82"
14455,2025-03-05,112,P019,1,"51,27"
5703,11-05-2025,17,P023,1,"23,06"
12318,2025-01-14,429,P008,1,"17,11"
14418,11/08/2025,3345,P022,,"16,10"
2961,2025-11-21,2451,P026,1,"23,78"
4890,08-26-2025,3633,P008,3,21.44
590,2025-05-28,2849,P038,2,104.01
9966,23/02/2025,2868,P020,2,26.53
8745,2025-12-09,1569,P042,1,27.28
13909,2025-05-21,1224,P001,3,30.13
1234,2025-11-23,3766,P003,2,"36,19"
11740,2025-12-23,2599,P017,1,19.09
14818,07/04/2025,4028,P043,1,"15,93"
14821,2025-10-24,745,P034,2,14.26
2164,04/11/2025,2518,P032,2,54.38
14275,2025-06-23,3951,P024,1,21.92
11120,19/02/2025,831,P018,1,"51,03"
6599,2025-01-09,1001,P013,1,"25,97"
9570,10/01/2025,2016,P023,1,18.24
12874,17/02/2025,3468,P019,1,21.13
8959,07/08/2025,213,P031,1,"114,07"
4287,2025-07-27,1319,P033,1,"21,33"
11106,09-27-2025,698,P027,4,46.41
3373,13/07/2025,4154,P011,4,"52,37"
3720,06/01/2025,156,P002,1,"16,79"
10112,2025-08-02,1363,P004,2,52.54
7259,05/04/2025,2701,P021,1,44.37
15408,2025-01-23,450,P004,2,5.50
8597,29/01/2025,2455,P027,1,24.61
14632,06-11-2025,71,P040,3,"32,97"
10131,08-18-2025,1669,P009,1,46.66
8549,2025-01-04,495,P041,2,7.05
15233,04/06/2025,2085,P007,2,50.93
2709,06/11/2025,3869,P016,1,17.24
12620,2025-10-01,853,P005,1,21.26
2463,2025-01-06,3057,P025,3,"19,55"
8496,2025-02-26,101,P021,1,46.19
2267,11/11/2025,1124,P018,2,6.51
267,2025-01-10,891,P041,1,7.04
11764,03/02/2025,3782,P016,2,36.61
5681,2025-09-05,1201,P021,3,19.94
12877,2025-06-15,740,P016,1,14.14
16406,12-12-2025,2972,P011,1,13.56
1191,10/12/2025,1000,P022,2,15.11
1280,27/06/2025,1900,P018,1,12.84
8789,2025-09-05,3060,P010,1,"11,00"
9155,2025-05-23,3621,P035,1,9.67
13452,2025-10-31,1436,P042,2,24.42
15262,2025-02-02,1308,P005,1,15.80
5383,2025-06-16,1080,P047,2,29.08
3443,2025-01-23,1245,P002,1,35.92
626,2025-08-09,1645,P004,4,14.22
7551,18/11/2025,1526,P036,2,17.55
8941,2025-07-05,4079,P037,2,46.73
11525,2025-07-29,2048,P033,1,18.73
14052,05/12/2025,2850,P031,3,34.97
16313,22/09/2025,1813,P006,1,7.77
5262,2025-07-15,1299,P007,2,16.28
10060,2025-02-17,1877,P045,1,13.20
15027,14/07/2025,2798,P042,2,12.79
11033,05-16-2025,1649,P013,1,"15,56"
15274,03-06-2025,1562,P044,2,9.34
622,2025-03-12,4163,P041,1,"68,24"
103,18/02/2025,2129,P039,1,12.60
10111,2025-03-21,2940,P013,1,35.03
11130,2025-03-25,1881,P042,2,"91,81"
14039,09/03/2025,3935,P047,2,24.45
7810,24/12/2025,4046,P044,1,50.33
727,2025-09-07,2234,P043,2,17.90
8352,14/09/2025,1174,P009,-1,"26,09"
7580,03/03/2025,2492,P005,2,22.10
17737,2025-11-30,1229,P040,1,17.50
13151,24/08/2025,3918,P043,4,17.24
17566,10/10/2025,1966,P014,1,18.06
13043,01/05/2025,1089,P027,2,"20,36"
181,05/02/2025,908,P036,2,26.40
812,02-25-2025,3522,P025,1,44.34
14502,01/09/2025,1832,P027,2,38.62
6031,2025-12-28,951,P005,4,"59,98"
3959,2025-07-19,3505,P015,1,10.78
6462,12-23-2025,470,P012,1,19.69
4379,2025-03-24,3013,P029,1,32.68
5166,13/03/2025,3145,P032,1,"40,43"
11700,2025-01-31,3569,P037,1,17.41
90,2025-02-03,1617,P048,1,27.40
2448,2025-02-20,791,P034,1,29.17
7340,2025-08-22,2131,P006,1,"24,83"
10409,27/04/2025,3751,P048,,9.91
15130,2025-11-21,782,P024,,30.44
3711,09/03/2025,561,P031,1,31.15
9694,28/12/2025,625,P010,2,35.73
600,03/11/2025,431,P031,1,22.65
3650,2025-06-01,2683,P023,2,12.76
7480,29/04/2025,1732,P028,1,56.98
6111,01/09/2025,2988,P031,,9.38
3454,01-06-2025,2822,P019,2,8.16
4670,2025-09-28,999999,P008,2,10.53
6851,12-09-2025,1020,P042,1,51.70
16971,2025-01-16,3807,P019,3,60.96
15776,2025-01-12,476,P001,1,11.98
3570,2025-03-04,1616,P029,1,"6,84"
10683,2025-04-25,2950,P007,1,"26,96"
6628,27/12/2025,201,P027,1,50.91
12504,2025-03-25,4142,P035,1,"61,53"
5509,2025-03-26,3566,P034,1,15.64
4247,2025-12-09,2400,P006,1,26.87
7805,2025-04-22,1228,P010,2,33.67
14683,12/12/2025,465,P014,1,46.28
17902,2025-06-21,3477,P026,1,14.40
11329,2025-10-05,517,P034,4,36.70
8079,19/08/2025,230,P024,1,18.59
10492,10/10/2025,2434,P013,1,"19,94"
3251,30/06/2025,1910,P021,1,27.20
15373,28/12/2025,2971,P007,1,27.38
4478,2025-04-05,1119,P019,2,13.13
15182,2025-10-19,934,P041,2,42.25
7751,2025-04-29,1730,P029,3,22.73
7860,2025-10-25,151,P032,1,37.60
8433,08/02/2025,911,P022,1,22.75
116,2025-10-06,753,P024,1,17.78
1692,2025-06-28,4123,P024,3,19.39
14057,2025-05-26,4181,P029,1,21.81
5408,14/08/2025,3267,P013,,39.75
88,06-27-2025,2310,P005,1,29.34
14997,2025-10-12,4110,P014,2,22.97
4762,2025-09-09,109,P012,2,23.14
13898,06-10-2025,1722,P036,1,"13,25"
3566,21/12/2025,1176,P039,1,"15,52"
3518,21/11/2025,530,P044,1,18.19
4998,03/01/2025,3363,P028,2,21.95
5319,2025-06-05,1568,P018,4,24.64
16671,03/01/2025,4065,P002,2,17.99
3490,27/08/2025,1933,P011,2,22.10
14679,2025-05-21,1258,P028,2,21.55
6535,2025-06-16,1942,P039,3,"41,79"
4340,2025-07-14,3611,P026,1,8.84
14389,2025-12-27,3966,P023,1,22.63
6854,2025-06-07,1108,P002,1,38.19
2386,2025-06-12,406,P047,4,34.46
1758,05/11/2025,1405,P041,3,21.53
2933,2025-11-03,3273,P006,3,24.02
13313,22/03/2025,2664,P036,1,57.44
5000,2025-01-16,235,P042,1,61.42
4668,22/04/2025,1538,P001,1,"46,04"
8025,07/02/2025,2076,P022,1,54.34
9897,2025-07-20,408,P044,2,36.27
2828,2025-11-25,2019,P024,1,29.51
5649,23/02/2025,1131,P034,1,26.32
16029,2025-05-24,1009,P047,1,19.02
10729,2025-09-18,740,P033,1,"88,25"
2336,20/09/2025,108,P035,4,44.57
17660,20/11/2025,3357,P042,1,25.69
13719,05/02/2025,746,P002,3,"5,65"
84,20/08/2025,4104,P019,1,28.30
3376,08-12-2025,584,P038,1,32.41
13386,01-11-2025,2989,P042,3,14.50
6296,11/01/2025,473,P002,1,38.57
14546,2025-08-25,3732,P047,1,"16,27"
15688,2025-06-03,3348,P041,1,11.14
12193,05/11/2025,1501,P002,2,27.13
6802,2025-09-06,3036,P033,3,20.89
15028,02-11-2025,3855,P011,1,12.93
16417,2025-12-14,3250,P032,,"33,35"
14159,2025-06-07,33,P025,2,39.44
6342,2025-07-12,622,P036,1,"29,71"
6749,2025-01-29,2553,P006,1,"16,79"
4000,2025-05-10,3101,P042,1,"33,74"
2035,11/03/2025,3204,P031,2,"14,44"
3055,2025-12-02,4174,P006,2,"40,70"
2741,2025-06-22,3799,P028,3,19.22
11532,03/11/2025,3014,P048,2,"29,42"
6693,02/07/2025,2501,P018,1,11.73
5709,2025-10-07,2306,P030,1,46.92
559,2025-07-27,3541,P039,2,60.58
6799,2025-07-15,494,P032,1,17.45
1365,29/01/2025,2017,P018,1,8.18
2747,25/05/2025,2360,P017,1,8.85
3889,11-07-2025,3186,P010,1,45.44
7297,2025-09-21,1202,P017,1,52.43
8008,2025-03-20,666,P013,2,28.01
4973,05/01/2025,2808,P011,-1,"43,12"
14235,2025-01-27,1448,P016,2,"43,42"
4129,08-01-2025,2279,P025,2,"39,30"
6425,21/07/2025,1080,P023,2,"44,83"
5198,2025-06-09,3971,P027,2,"18,23"
10067,2025-12-19,3759,P042,1,39.79
3291,2025-07-19,922,P012,1,"37,62"
11583,12-27-2025,2668,P011,1,20.18
1858,26/02/2025,454,P034,1,31.91
1619,12-19-2025,4068,P040,1,16.22
11304,10/09/2025,835,P007,1,"6,91"
2823,10-02-2025,381,P039,,10.09
6343,07/08/2025,2587,P035,-1,13.33
16247,2025-09-18,2090,P030,2,51.34
7225,29/09/2025,2492,P013,1,43.64
7998,2025-10-21,3667,P040,2,23.25
3690,07/07/2025,3389,P018,2,46.66
15551,02-26-2025,4069,P025,1,"25,63"
5349,2025-09-25,2758,P012,1,22.28
10711,01-13-2025,1694,P044,1,27.58
17812,01/02/2025,1548,P026,2,"19,80"
14121,2025-05-23,2589,P025,1,44.85
16735,28/03/2025,1648,P013,2,27.56
9478,2025-12-28,3343,P026,1,18.81
10738,2025-04-05,4126,P046,1,"6,24"
15574,31/12/2025,582,P045,3,9.32
7382,27/09/2025,958,P037,2,"26,64"
14694,28/06/2025,1706,P042,1,"56,22"
1558,2025-10-28,221,P018,3,14.58
9197,11/01/2025,1079,P010,1,50.53
7777,2025-08-09,2333,P014,2,8.90
1545,2025-02-11,2326,P036,1,"40,21"
11883,2025-05-20,2222,P006,3,"27,38"
4191,04-07-2025,1274,P007,1,30.00
13297,2025-05-16,1240,P020,1,53.76
4299,2025-09-07,3570,P044,2,"72,43"
1466,2025-05-28,1018,P044,3,"25,31"
12857,2025-06-04,2072,P038,1,27.17
4822,2025-09-29,4154,P012,1,81.20
1723,2025-02-27,758,P017,3,14.82
696,2025-03-27,3528,P016,1,27.26
1393,2025-08-14,730,P014,1,20.01
2236,05/09/2025,40,P021,2,90.37
12012,26/10/2025,2709,P033,1,64.05
16023,2025-11-09,878,P019,2,19.31
2623,2025-10-09,4191,P019,1,23.04
7671,2025-09-02,878,P022,1,22.88
9057,2025-11-01,2037,P048,1,30.58
9840,12-12-2025,861,P008,1,29.52
2119,14/09/2025,3187,P001,2,"26,67"
16322,2025-03-11,608,P007,1,36.22
14504,10-13-2025,2951,P035,1,"24,40"
7332,2025-01-31,3632,P014,1,"9,70"
15966,2025-10-31,2518,P002,1,35.97
4766,06/04/2025,1265,P017,1,7.14
17701,08/02/2025,4034,P041,1,53.67
133,23/05/2025,1045,P035,1,"40,78"
9704,03-29-2025,267,P026,2,"64,02"
12368,28/04/2025,2684,P037,2,35.27
1707,2025-01-26,3305,P026,1,"12,18"
5435,2025-03-09,581,P037,3,113.42
11,06-02-2025,3061,P026,4,27.11
10608,2025-12-14,2105,P023,1,50.23
3759,2025-09-18,2648,P002,1,"34,38"
14982,2025-01-29,2823,P009,2,91.73
5210,2025-09-08,4122,P043,-1,24.79
12640,2025-04-23,3388,P039,2,19.96
8159,2025-04-19,3664,P018,1,"28,22"
14630,2025-02-25,3479,P025,3,"24,49"
10744,2025-04-10,3157,P031,2,32.75
130,2025-08-31,723,P002,2,"20,77"
6921,2025-09-24,1101,P004,1,7.89
17006,2025-02-22,739,P037,3,18.14
9027,2025-04-29,1884,P019,1,"23,94"
3351,2025-11-02,2198,P023,2,15.88
17159,2025-06-13,2957,P023,1,11.22
7179,02-22-2025,1428,P032,2,33.85
1415,06-29-2025,3745,P028,2,14.18
10087,14/01/2025,3586,P047,1,"27,39"
14872,2025-02-14,3403,P021,2,17.85
17081,2025-04-21,3632,P040,1,"50,80"
8115,16/06/2025,1924,P007,2,"27,49"
2587,05/08/2025,1908,P014,1,22.97
11852,25/12/2025,865,P031,2,"20,03"
3972,29/08/2025,40,P032,1,79.90
6472,2025-07-23,1680,P033,1,40.40
2166,2025-04-18,1658,P032,1,9.54
1886,2025-11-17,1009,P015,3,"10,70"
17061,26/01/2025,3644,P005,1,"106,79"
9488,05/09/2025,917,P014,2,"37,15"
16663,2025-08-05,2516,P026,3,67.42
8743,2025-11-17,124,P010,2,9.61
2090,13/10/2025,477,P004,2,30.48
5301,2025-11-06,1255,P004,1,"43,36"
7317,2025-04-12,1751,P009,1,36.14
5171,2025-06-24,1357,P022,1,"62,31"
17517,2025-02-12,126,P009,1,32.30
11452,2025-02-16,224,P021,3,45.62
14810,2025-01-11,641,P046,1,36.14
5236,2025-06-16,999999,P031,1,44.89
8547,2025-08-17,738,P030,1,"31,91"
914,16/11/2025,537,P030,1,"14,99"
8373,2025-10-14,2609,P043,2,31.79
13264,2025-02-03,1134,P009,3,17.34
7997,2025-03-31,2225,P002,3,16.33
649,30/11/2025,4054,P018,1,"25,71"
16387,19/03/2025,2646,P036,2,16.78
2962,2025-10-03,3379,P020,2,21.46
10676,26/02/2025,3866,P047,3,"115,17"
2239,12/06/2025,1440,P010,1,"48,11"
6149,2025-01-05,978,P036,1,19.47
12210,2025-03-08,1681,P018,1,13.52
10762,2025-10-28,1667,P040,1,30.68
723,2025-04-04,1667,P040,1,"15,55"
8046,2025-08-12,3281,P045,2,24.77
14707,2025-05-04,119,P016,1,"40,58"
9887,2025-12-20,3559,P047,1,13.01
9760,2025-05-27,274,P028,2,90.65
17192,2025-05-13,648,P046,2,7.57
8814,2025-12-21,999999,P023,1,20.56
14684,30/01/2025,818,P039,1,42.01
8594,25/09/2025,777,P034,1,7.68
14335,30/11/2025,606,P022,1,14.65
9059,15/08/2025,3194,P003,1,19.01
2038,2025-07-01,2561,P009,1,22.70
5506,2025-09-28,2092,P035,2,35.27
15742,2025-08-16,481,P045,2,"43,18"
8258,10/08/2025,3090,P033,1,16.41
101,04/12/2025,2357,P008,1,60.65
5941,2025-12-10,1254,P019,3,53.42
13628,2025-04-12,877,P021,1,13.89
10679,2025-12-23,1860,P041,1,23.85
3164,06/06/2025,1961,P015,3,9.02
16729,03-15-2025,3532,P035,,"99,23"
6517,08/05/2025,3189,P020,2,29.08
3906,2025-12-03,2393,P003,1,19.68
11586,2025-11-18,4151,P006,1,15.85
6358,06/11/2025,1538,P005,1,25.68
15826,2025-02-28,3317,P008,3,"46,22"
5559,12/03/2025,508,P033,3,"16,60"
7321,2025-05-14,988,P029,1,36.69
9623,2025-02-11,1369,P034,1,47.27
1298,2025-04-03,505,P008,1,28.66
17677,29/04/2025,2850,P043,1,27.29
5040,04/04/2025,3394,P019,1,31.95
11779,2025-05-05,3533,P030,1,48.82
13953,27/07/2025,3196,P022,1,"50,49"
10809,08/06/2025,730,P028,3,"50,41"
7537,2025-11-06,2339,P031,2,42.65
3241,2025-11-02,1641,P010,2,10.26
5891,2025-05-04,3830,P039,1,36.50
9053,20/01/2025,2104,P031,2,34.76
5394,2025-04-25,1832,P023,1,45.37
12139,11/12/2025,2551,P023,3,20.12
10461,2025-12-25,89,P020,4,"20,88"
15624,2025-12-11,1604,P032,1,12.83
10606,2025-11-23,508,P029,1,33.08
1489,2025-09-04,2514,P032,2,"40,59"
487,2025-05-22,4128,P006,1,42.95
16022,2025-06-30,3345,P006,1,"18,27"
9398,2025-01-29,1871,P002,3,40.81
17035,2025-07-31,2029,P033,1,37.56
10376,02-02-2025,106,P017,1,69.22
6445,27/01/2025,2631,P029,1,"21,54"
11501,2025-01-24,47,P033,3,"9,07"
1515,2025-06-28,1364,P005,2,"16,04"
7286,18/10/2025,177,P043,4,57.06
17430,2025-07-29,2834,P018,2,"26,81"
4830,11-04-2025,2066,P021,2,30.87
14085,2025-07-19,4146,P023,2,"60,52"
10170,2025-04-14,3417,P032,1,31.98
6853,2025-05-11,3084,P019,2,"66,48"
12735,19/06/2025,3154,P025,,20.99
5494,2025-04-14,3654,P043,2,"27,91"
12854,2025-10-02,3240,P033,1,139.58
14374,2025-09-13,754,P042,1,33.33
6869,2025-10-09,1021,P024,2,"15,68"
11393,2025-10-28,2049,P031,1,"121,33"
3404,2025-07-07,4055,P028,4,23.44
16299,2025-03-31,957,P046,1,"29,13"
12955,2025-12-14,3671,P025,4,22.26
15134,2025-12-02,1618,P023,1,14.76
3636,06/03/2025,404,P012,1,"37,65"
15482,2025-01-18,4028,P004,2,26.47
16200,09-09-2025,3240,P044,3,43.73
17291,10-11-2025,620,P027,1,14.12
15411,2025-03-13,1037,P032,1,19.59
6280,2025-09-22,1141,P045,3,"66,04"
16888,2025-03-01,2920,P025,1,"21,48"
9898,2025-07-20,3412,P003,3,"22,78"
8335,16/09/2025,557,P032,2,33.79
5372,2025-01-24,2320,P035,2,21.54
2285,2025-07-31,3584,P033,1,61.53
13119,2025-03-12,3065,P010,-1,17.86
17547,28/06/2025,563,P020,1,"69,67"
12769,17/08/2025,3573,P007,1,19.06
1808,07/10/2025,3854,P014,1,50.59
13178,2025-03-19,3093,P033,1,38.73
10407,2025-08-24,2005,P037,,31.50
2149,22/10/2025,3192,P033,1,22.58
3267,2025-09-01,873,P020,2,"18,64"
10441,01/03/2025,2956,P025,3,60.46
7023,2025-02-10,1347,P001,3,"56,28"
11828,2025-06-01,2775,P012,3,29.00
14740,2025-08-25,2950,P035,2,"28,43"
2263,2025-07-20,280,P017,1,17.15
5445,03/02/2025,2444,P041,,26.85
17060,03-28-2025,2343,P024,1,"41,85"
14441,2025-07-14,1874,P004,1,33.44
10531,13/06/2025,3342,P048,1,38.34
3609,01/12/2025,4052,P019,1,31.96
13408,19/01/2025,810,P014,1,"17,53"
14304,11-10-2025,2656,P040,1,"18,09"
11450,02/08/2025,2426,P043,2,36.96
3964,11-19-2025,289,P038,1,"4,52"
7527,24/10/2025,2767,P026,2,"38,57"
5946,2025-07-09,3829,P024,1,"17,57"
15095,07-03-2025,4115,P030,1,"20,39"
7845,2025-03-22,428,P005,2,63.06
3758,08-23-2025,467,P048,1,"11,15"
8207,2025-04-30,1570,P002,1,17.84
10496,2025-11-12,1631,P028,1,19.33
9650,05/12/2025,746,P009,4,36.95
7831,04/07/2025,2841,P024,1,"49,51"
6825,2025-12-14,1669,P013,1,46.29
6786,15/05/2025,4145,P048,3,102.60
13957,2025-10-17,2019,P044,1,"33,47"
5109,15/05/2025,1171,P018,4,75.01
2264,2025-11-06,539,P009,1,18.62
15420,16/07/2025,171,P044,1,25.10
13497,07/08/2025,1295,P012,2,13.29
5170,2025-08-22,2731,P037,1,74.25
9014,2025-01-10,1387,P043,,26.39
8461,2025-03-12,2739,P025,4,12.91
8677,2025-06-20,485,P048,1,10.98
15797,27/07/2025,1796,P013,1,35.25
6976,03-11-2025,2417,P039,1,14.81
14033,2025-01-02,3705,P034,2,13.13
13052,2025-08-30,3516,P028,2,16.10
13660,2025-10-10,1403,P040,3,10.29
7989,2025-07-05,1926,P010,1,"13,99"
17095,2025-08-20,449,P007,2,"23,06"
9441,2025-01-07,3205,P026,1,20.96
11004,2025-11-30,2646,P016,2,"37,13"
14045,06/12/2025,885,P047,2,23.04
14295,12-08-2025,1323,P004,1,"20,36"
7592,2025-08-30,2,P001,1,61.97
3156,22/11/2025,1174,P034,2,"30,61"
9706,12-14-2025,2340,P038,2,"45,15"
10954,26/10/2025,4010,P026,2,"31,37"
14440,28/11/2025,2383,P003,1,68.70
3368,03-25-2025,1601,P004,2,22.86
13624,06-14-2025,4135,P043,2,15.02
12665,2025-03-26,3762,P026,1,44.16
17846,2025-01-28,203,P048,1,55.58
10663,26/07/2025,4191,P048,3,29.39
5858,2025-10-23,4058,P034,1,"10,51"
9258,31/07/2025,3058,P037,1,38.67
6319,29/01/2025,1227,P005,1,15.62
1056,11/01/2025,1290,P031,1,"19,31"
4765,2025-03-17,666,P044,1,10.44
14951,2025-08-03,1471,P015,1,36.30
3461,2025-02-08,627,P013,1,"9,80"
4230,2025-06-20,515,P016,,"19,90"
15339,01/09/2025,4072,P007,1,100.66
4237,2025-11-30,3592,P001,1,"28,72"
937,01-31-2025,1559,P032,2,41.18
7056,2025-12-29,1589,P020,4,32.71
11752,23/04/2025,1033,P018,1,20.32
10460,2025-03-03,2890,P018,1,16.83
3475,2025-09-24,2953,P007,1,75.90
5482,2025-09-01,1795,P028,1,168.79
8765,2025-08-19,201,P041,1,"13,57"
5221,2025-08-08,1703,P046,1,20.41
7082,04-10-2025,2484,P019,2,47.40
3821,2025-09-20,2038,P045,1,10.84
15508,2025-12-12,2923,P020,1,"55,14"
5052,2025-06-28,2246,P029,1,12.96
2498,2025-12-14,2563,P021,1,17.23
8516,2025-07-16,2555,P015,2,"34,98"
13705,2025-12-19,1393,P011,2,39.35
16424,30/05/2025,2773,P043,1,"17,59"
14725,2025-10-31,4149,P020,1,"64,55"
15177,2025-06-14,3715,P022,1,9.38
15097,2025-10-07,1324,P001,3,48.66
12237,13/02/2025,3783,P026,2,24.28
14647,22/08/2025,165,P044,1,21.03
691,2025-02-11,95,P009,2,26.45
4535,10/08/2025,1192,P024,1,"20,83"
5108,08/06/2025,1454,P015,4,28.43
17895,06/12/2025,1348,P048,1,31.24
1618,10/08/2025,3739,P037,2,17.57
10812,2025-01-18,3052,P025,1,24.41
8742,2025-03-27,2377,P023,1,"26,76"
2482,05-27-2025,756,P008,2,32.58
5007,04-17-2025,3294,P041,1,25.49
4819,2025-01-22,3563,P007,1,42.64
5903,2025-10-12,298,P011,2,14.70
2837,2025-07-31,219,P024,1,"21,22"
8222,2025-10-05,2831,P029,1,"25,04"
7510,2025-01-24,1541,P025,3,"43,46"
5129,2025-05-25,685,P020,1,"50,62"
8679,01-06-2025,3192,P009,1,24.48
17017,29/01/2025,3698,P041,2,"17,89"
7609,05/01/2025,600,P043,1,129.17
10925,2025-11-26,2429,P013,1,27.60
15161,11/05/2025,456,P037,2,"58,53"
233,15/10/2025,1095,P036,2,106.82
1566,2025-03-02,102,P011,2,37.42
14434,2025-06-19,4056,P019,1,"12,07"
10322,2025-04-19,2684,P029,1,24.49
8128,25/09/2025,2921,P033,1,13.95
11094,17/09/2025,2864,P005,4,22.62
9941,2025-11-13,235,P033,4,"69,72"
16416,08/07/2025,1824,P010,2,58.87
14853,2025-10-07,1091,P011,1,"24,84"
14020,2025-07-19,342,P009,2,63.28
10079,13/01/2025,2508,P003,1,83.67
8735,2025-08-16,253,P043,1,55.81
2532,2025-03-08,908,P034,2,23.98
10871,12-11-2025,1916,P037,2,54.00
7627,11/12/2025,1505,P015,2,50.98
8279,13/11/2025,2622,P040,2,29.60
6892,2025-11-14,2609,P033,1,41.40
14348,2025-03-05,3784,P024,1,"48,97"
10898,2025-06-30,3924,P017,1,"16,24"
7242,2025-05-23,4146,P042,2,35.38
3949,2025-12-12,1138,P019,1,18.54
16916,08/11/2025,659,P006,3,"15,26"
3828,2025-07-10,347,P003,3,13.76
17619,2025-03-07,1217,P022,1,5.97
7996,28/03/2025,3333,P016,1,21.91
3247,11-16-2025,2930,P044,1,22.41
7716,2025-07-27,273,P019,1,"20,19"
16133,2025-06-28,367,P029,1,6.48
12006,23/07/2025,2900,P029,1,11.16
7878,2025-04-26,2755,P033,2,"35,58"
5019,2025-02-19,1322,P045,2,15.68
12224,2025-06-15,919,P032,1,"12,66"
7710,2025-07-23,3060,P001,2,15.11
3656,07-08-2025,999999,P006,2,"51,16"
2934,04/12/2025,3170,P033,1,"28,12"
5156,2025-10-30,3623,P006,4,"63,07"
5345,10-10-2025,3197,P004,2,"7,57"
31,2025-04-09,2118,P042,1,21.92
11576,2025-05-19,4159,P036,,12.29
6989,2025-10-18,1029,P025,,14.17
11716,01-05-2025,335,P035,1,17.36
14876,22/10/2025,670,P028,1,19.03
3332,04/05/2025,3001,P025,1,"79,82"
10404,06/06/2025,3598,P038,1,49.43
7712,03/12/2025,2735,P017,3,27.98
9018,08/01/2025,1370,P020,1,"29,08"
10507,2025-06-22,851,P025,1,18.56
16064,29/07/2025,1805,P029,2,"43,60"
11204,2025-02-26,4108,P046,1,"25,14"
593,2025-09-21,4073,P020,1,14.56
14158,22/09/2025,3165,P033,2,13.74
7071,2025-12-09,2397,P017,1,56.41
12027,10-14-2025,2032,P024,1,20.69
15155,2025-10-03,2976,P021,1,"29,26"
12592,02/02/2025,1171,P028,2,"27,85"
11503,13/09/2025,2287,P043,3,"59,74"
796,2025-02-12,4074,P041,1,29.20
4400,2025-12-26,1745,P028,4,"23,07"
2393,2025-11-22,1292,P023,2,29.03
10745,2025-06-27,1310,P047,2,30.57
10013,2025-04-29,1237,P019,3,48.08
11494,2025-03-08,968,P033,1,15.31
3211,18/10/2025,902,P024,4,23.47
4310,14/11/2025,3672,P039,,55.19
735,2025-11-15,1737,P021,2,"65,67"
16310,05/02/2025,660,P047,2,35.35
16346,2025-09-18,1565,P003,1,12.95
10420,2025-06-21,4138,P001,2,38.72
624,05/08/2025,115,P047,2,"13,41"
14957,04/09/2025,413,P034,1,12.28
14179,2025-08-19,3211,P004,1,33.90
17856,2025-11-14,292,P002,1,22.23
8131,06/06/2025,2957,P026,2,"13,94"
639,25/08/2025,3550,P005,1,14.20
2450,2025-11-02,3011,P041,1,"17,14"
15150,03-22-2025,324,P038,2,"10,98"
16559,13/03/2025,1692,P042,4,15.95
6330,06/07/2025,3166,P034,3,13.59
11324,2025-02-02,1974,P021,2,10.89
16991,2025-03-08,1374,P027,3,"37,35"
13062,2025-01-14,3546,P034,1,48.61
13112,2025-07-17,3113,P046,1,"14,55"
7982,13/08/2025,1489,P006,4,27.46
8632,07-20-2025,3249,P035,1,71.89
14061,12-27-2025,3476,P026,1,40.45
13243,19/04/2025,827,P031,1,"7,75"
15839,28/06/2025,162,P010,1,44.57
6428,10/07/2025,2107,P043,2,"8,38"
4413,19/06/2025,4092,P001,3,"55,74"
16641,31/03/2025,685,P016,2,"10,06"
5504,2025-02-03,3027,P042,2,"17,09"
6774,12/04/2025,2386,P036,1,42.43
2851,12-01-2025,4169,P019,2,"74,40"
15817,2025-10-28,55,P033,3,19.68
2997,2025-06-26,4087,P030,1,"16,80"
8724,2025-04-26,935,P027,1,88.78
14225,2025-10-04,1494,P044,1,7.21
11045,2025-05-25,999999,P031,1,21.28
10142,2025-02-19,2496,P020,1,"27,32"
866,14/07/2025,1510,P040,1,9.93
4608,01/01/2025,1208,P025,2,21.84
12403,25/01/2025,1609,P001,2,37.87
14476,2025-10-08,4021,P040,1,31.96
2721,03/11/2025,3418,P039,3,"13,99"
9100,04/09/2025,3693,P037,1,7.15
9584,2025-08-26,1474,P018,1,"40,46"
17851,20/08/2025,999999,P006,2,41.22
10388,2025-07-01,2018,P003,2,"55,15"
10257,2025-06-04,3743,P021,4,155.30
15348,2025-10-27,2828,P045,1,36.43
15051,2025-06-14,1537,P003,1,"29,92"
14286,16/12/2025,1901,P040,1,29.40
15260,2025-08-28,1580,P016,1,"66,86"
13862,2025-11-11,4020,P024,1,31.52
10545,20/12/2025,1569,P040,1,27.93
1366,29/06/2025,678,P032,1,18.17
15223,18/12/2025,3496,P048,1,12.91
6741,2025-03-13,506,P013,1,37.82
484,24/06/2025,2271,P037,1,42.28
9183,2025-08-30,3711,P021,1,16.26
11602,2025-10-22,2931,P039,3,21.08
6109,10-20-2025,1251,P026,2,"11,92"
16035,2025-10-09,1402,P001,1,"30,20"
2509,11-24-2025,1667,P022,1,28.94
5910,10/03/2025,1394,P031,1,8.82
7144,2025-10-10,3832,P006,2,59.32
15784,17/09/2025,2834,P004,1,11.01
10538,28/02/2025,4140,P046,1,22.24
15059,2025-09-11,1218,P021,1,62.40
2443,2025-01-21,1261,P045,3,"21,90"
5152,2025-05-21,176,P030,1,"17,52"
5499,12-04-2025,3025,P039,1,14.31
7088,26/10/2025,2686,P035,1,35.83
7219,2025-12-05,651,P026,1,"82,62"
6095,2025-10-30,3103,P030,1,30.92
14483,2025-11-02,3230,P001,3,13.96
14398,2025-12-31,1177,P013,1,13.08
17397,2025-12-14,4097,P035,1,"17,36"
12384,14/07/2025,4196,P031,1,27.10
9110,2025-04-04,520,P016,2,87.68
2047,2025-12-10,1246,P038,2,"20,31"
12969,2025-03-31,88,P006,1,29.57
3507,2025-05-25,2991,P029,2,19.20
13810,26/10/2025,3072,P038,1,21.09
6318,2025-03-29,2942,P016,2,"18,36"
2337,28/10/2025,1226,P006,1,19.48
15737,2025-11-22,2246,P027,1,67.24
15593,2025-10-16,2719,P043,4,37.69
7419,2025-11-03,3583,P026,2,11.13
5602,2025-06-11,3821,P018,3,46.76
8588,2025-12-20,1470,P016,3,28.50
11299,2025-11-16,2539,P003,4,35.43
8518,11-20-2025,1583,P019,1,27.48
12113,2025-08-09,3876,P024,1,31.18
14420,2025-12-10,1822,P025,1,"32,38"
11318,2025-03-09,2568,P046,1,13.45
12534,2025-08-01,2310,P034,2,9.19
3704,03/10/2025,2651,P045,1,19.17
3798,2025-08-28,4010,P026,1,"30,19"
2944,02-26-2025,3695,P018,3,24.64
17788,2025-01-31,430,P019,2,80.73
6418,2025-03-13,2886,P032,1,36.97
14148,2025-10-16,3930,P039,1,4.39
15189,2025-09-10,3094,P020,2,"24,31"
7325,2025-07-27,4104,P003,,"37,25"
15465,20/01/2025,2030,P012,1,61.84
576,2025-02-26,2755,P016,2,17.99
9158,11-15-2025,1281,P034,1,"13,43"
16636,04-17-2025,1309,P020,1,"12,94"
9829,2025-01-04,2437,P046,1,31.96
4440,2025-08-11,1927,P016,1,"23,15"
270,21/01/2025,4199,P001,1,21.61
15187,13/11/2025,3711,P001,1,60.20
1548,2025-05-19,3973,P048,1,"11,47"
9216,2025-10-10,979,P017,2,56.50
14513,2025-12-19,1545,P023,1,11.96
2187,2025-10-15,305,P010,1,16.73
15209,30/10/2025,818,P018,,29.93
4178,2025-04-20,375,P024,1,18.15
5698,2025-05-23,1398,P014,2,7.27
16431,2025-01-29,1013,P002,3,22.90
4076,13/07/2025,669,P037,1,42.36
1904,2025-12-25,761,P021,1,"25,96"
17421,2025-10-29,604,P015,1,11.72
7127,2025-05-07,1806,P039,2,48.22
3066,27/05/2025,3820,P043,4,36.31
5701,2025-06-22,2746,P029,1,84.85
7784,2025-05-08,183,P024,1,15.35
8485,2025-01-02,2367,P008,1,30.09
16193,2025-07-03,147,P039,1,"25,32"
9011,2025-12-01,3719,P041,1,38.58
9387,2025-01-10,2855,P041,1,28.70
12921,07-04-2025,1170,P011,2,70.20
9882,01/08/2025,1519,P017,1,7.20
2439,2025-06-18,4173,P029,2,44.84
11362,2025-05-06,3864,P048,1,"22,06"
17377,2025-05-28,3591,P017,3,33.37
7732,03-25-2025,1415,P040,1,29.31
11950,16/06/2025,3050,P028,1,18.05
13412,2025-02-13,3204,P047,1,25.32
15340,2025-01-09,1918,P019,1,13.37
13077,2025-04-29,2683,P001,2,66.47
15711,12-15-2025,748,P044,1,23.56
6567,2025-10-17,2011,P024,3,"46,79"
8589,20/11/2025,2858,P023,2,"28,13"
7895,2025-10-08,127,P015,1,60.63
8232,2025-01-16,3940,P042,1,11.80
9187,2025-06-21,1898,P002,1,"52,50"
4114,04-01-2025,167,P005,1,43.32
8857,2025-11-08,1636,P026,1,45.45
3386,28/06/2025,1410,P045,2,5.84
2370,2025-05-27,2072,P001,2,"23,97"
11964,2025-06-18,735,P041,1,"63,74"
16984,22/05/2025,222,P007,2,"18,30"
10823,2025-06-07,2327,P032,1,"6,98"
7735,03/11/2025,3764,P002,1,11.26
9721,2025-07-18,447,P019,1,"28,53"
12617,2025-04-20,3475,P035,1,54.61
4434,20/04/2025,1388,P035,1,"43,57"
11919,2025-07-30,4128,P047,1,16.60
630,2025-08-17,1159,P005,1,38.22
4471,2025-09-17,3911,P039,1,"21,71"
15984,23/08/2025,110,P023,3,"17,55"
3438,2025-04-17,551,P005,1,"14,05"
12429,2025-03-13,2640,P031,2,"8,59"
4700,2025-01-27,146,P027,1,30.55
7744,04-09-2025,366,P009,1,"27,27"
9683,21/07/2025,702,P040,2,21.45
13360,2025-04-06,999999,P032,2,"27,36"
12075,01/08/2025,3236,P022,2,13.02
11829,09-30-2025,2498,P022,1,21.25
13096,23/03/2025,3595,P004,1,17.69
8381,2025-06-28,1275,P036,2,7.77
11291,2025-06-10,1364,P040,2,"16,60"
3851,17/05/2025,1932,P042,2,26.21
15522,2025-09-17,3300,P015,1,21.49
12590,22/10/2025,2972,P022,,10.46
6247,02-27-2025,1371,P002,1,"36,94"
9780,25/07/2025,1158,P005,3,77.90
1613,2025-09-06,2549,P036,1,18.92
13038,2025-03-31,3506,P026,1,6.75
2646,2025-07-14,2555,P036,2,"39,83"
6068,19/03/2025,1202,P033,2,35.82
13305,2025-11-08,3793,P033,1,"31,57"
17649,2025-05-21,2394,P004,2,78.27
11917,2025-02-22,433,P008,1,"44,54"
3124,2025-07-18,1807,P011,1,13.68
14641,01-24-2025,2096,P012,1,26.96
4540,2025-01-02,1933,P017,2,17.36
15366,11/11/2025,3891,P039,3,27.93
15071,19/07/2025,1536,P035,1,32.08
8029,05/04/2025,481,P015,1,"21,98"
9993,2025-03-06,1913,P027,1,13.64
10275,2025-08-14,2567,P002,1,26.69
8291,04-25-2025,833,P038,2,42.76
10917,09/06/2025,801,P040,1,"32,27"
1653,2025-06-02,3272,P046,4,12.05
11327,2025-11-26,3999,P018,3,32.82
10163,13/01/2025,1082,P040,1,21.11
14379,2025-07-26,3656,P026,3,"10,73"
1709,01/12/2025,3511,P037,1,"54,98"
14162,12/12/2025,3090,P026,1,"36,05"
7600,09/04/2025,2416,P012,3,69.13
15296,06/12/2025,2053,P027,1,91.01
9096,19/05/2025,2083,P025,2,67.33
9589,25/12/2025,507,P018,1,40.77
6207,01-16-2025,465,P012,4,27.43
12972,2025-11-07,395,P037,1,"27,41"
2415,2025-01-01,1098,P043,,16.43
15843,2025-09-07,2269,P033,1,13.58
5229,18/06/2025,2875,P006,1,27.25
6637,2025-11-13,4125,P014,1,56.66
16199,13/09/2025,3568,P001,1,"21,27"
13889,2025-03-12,4146,P013,1,12.45
6417,2025-04-06,915,P014,2,18.09
2189,2025-10-13,2126,P011,2,12.33
1564,2025-01-15,2919,P005,4,36.94
14343,2025-11-18,1946,P044,1,"23,01"
13838,18/11/2025,476,P048,1,81.64
16475,04/03/2025,4105,P041,1,17.84
4711,2025-05-31,414,P023,1,21.58
54,2025-07-22,2438,P037,1,9.90
16617,31/10/2025,975,P027,1,15.37
13871,25/10/2025,1223,P005,1,26.76
12024,09/01/2025,4112,P033,1,23.44
4219,07/05/2025,1728,P039,,19.50
8996,2025-02-22,1959,P006,1,14.79
663,31/12/2025,2832,P007,1,12.45
12432,2025-08-23,3087,P018,1,46.03
1193,2025-11-09,4036,P029,1,"23,58"
9935,2025-04-05,121,P045,3,37.62
4426,06-05-2025,3921,P002,1,21.51
9032,20/03/2025,1242,P031,2,22.95
13282,2025-03-22,2016,P021,1,"25,72"
1907,2025-04-15,3589,P005,1,28.15
13524,2025-10-30,1675,P016,2,19.29
8676,2025-11-18,2393,P019,1,13.17
11562,2025-09-28,1316,P034,1,"25,95"
15698,05-28-2025,2093,P009,1,21.32
11877,2025-01-05,4116,P009,3,36.50
16484,2025-03-01,220,P025,3,26.32
2772,2025-10-13,3055,P041,1,23.40
5044,04-13-2025,1726,P001,1,55.23
14281,2025-03-20,567,P044,1,"37,85"
7780,05/07/2025,759,P042,1,"23,38"
17491,2025-03-17,3950,P043,1,15.20
6061,02/06/2025,2269,P017,1,38.02
7907,2025-11-12,3285,P021,3,34.51
1339,2025-11-13,4052,P012,1,41.50
4799,2025-07-04,1217,P002,1,35.77
14621,2025-03-16,787,P016,1,"31,43"
1462,2025-10-18,92,P045,2,18.46
13004,08-08-2025,1549,P004,1,"20,25"
4509,2025-05-31,210,P027,1,"12,98"
1830,2025-07-29,3297,P038,4,"37,85"
15450,2025-12-27,4187,P048,1,29.25
6497,05/05/2025,2337,P042,3,24.14
14764,2025-11-27,1790,P047,3,34.36
17369,12/05/2025,1239,P021,1,34.02
9118,20/06/2025,2093,P009,2,"64,68"
15249,05/06/2025,372,P046,3,41.06
16552,2025-05-24,3086,P029,3,43.08
14460,2025-06-30,4089,P032,1,"36,60"
2558,23/12/2025,2523,P018,3,7.92
3381,28/11/2025,753,P009,1,"48,61"
15573,12-19-2025,2446,P017,1,27.38
12228,2025-01-16,3370,P042,3,22.40
4262,2025-06-23,3652,P029,1,41.23
14132,03/06/2025,137,P010,1,29.03
8552,2025-05-01,2018,P036,,19.51
12839,2025-10-21,2988,P031,1,45.28
14444,08-23-2025,3567,P026,1,"14,66"
3102,11-03-2025,1480,P041,1,26.57
14763,2025-11-10,1030,P029,2,8.73
4346,01-05-2025,3466,P023,1,62.79
14587,09/10/2025,3566,P018,1,"23,87"
2663,08-11-2025,2470,P037,1,33.41
14018,2025-02-07,921,P028,1,32.94
14383,2025-08-13,3563,P013,1,22.40
15972,09/08/2025,1259,P020,1,64.40
12600,2025-09-29,3037,P030,1,9.17
9680,2025-07-06,1186,P017,3,21.36
4024,2025-12-15,2849,P031,1,29.22
17048,2025-06-24,726,P017,1,47.42
17353,31/07/2025,438,P004,1,22.86
14560,2025-03-28,3292,P027,1,70.69
16586,08-28-2025,1233,P015,1,"104,51"
15352,19/03/2025,2893,P039,2,"42,71"
4810,2025-01-07,4060,P015,4,24.93
16943,2025-08-09,1949,P002,1,"22,68"
4492,27/07/2025,1601,P032,2,"29,91"
12797,2025-03-19,557,P005,1,"9,68"
15768,2025-11-08,3650,P037,2,27.78
15837,2025-10-25,2553,P027,1,"65,63"
4156,15/06/2025,2310,P035,1,"13,72"
8578,2025-12-08,2476,P047,3,"12,24"
4456,2025-04-29,1882,P013,,"31,76"
2305,2025-04-24,548,P041,1,39.53
12045,2025-07-26,2527,P038,1,17.70
16987,2025-10-15,2489,P043,3,15.88
13448,2025-09-19,3447,P028,1,"15,48"
8201,2025-06-02,3611,P031,1,20.50
12451,30/05/2025,3965,P045,1,79.07
11397,08-23-2025,2292,P025,3,16.58
5935,2025-07-14,303,P024,3,13.14
7890,2025-01-10,2894,P041,2,39.65
2238,2025-04-04,1719,P020,4,27.00
3046,2025-08-14,619,P040,1,33.66
1203,2025-06-04,214,P034,3,"72,23"
1818,24/02/2025,2056,P047,1,11.90
16056,2025-04-27,2106,P027,2,12.46
16619,04-17-2025,2118,P016,1,24.31
14461,2025-02-02,1466,P010,3,"17,49"
5563,15/09/2025,673,P005,1,65.45
3644,2025-10-16,1375,P026,2,21.01
4833,08/11/2025,1293,P027,2,"25,43"
13982,2025-05-09,976,P024,1,82.83
2874,2025-09-27,41,P048,1,50.71
13153,2025-11-10,860,P034,1,52.25
14486,23/04/2025,288,P044,1,50.73
10564,05-31-2025,2849,P039,1,"16,80"
9067,2025-05-27,3577,P014,1,"18,09"
3467,2025-10-19,1,P037,1,23.02
14238,2025-05-12,815,P036,-1,40.33
9163,2025-03-28,2037,P045,4,18.07
1936,2025-03-23,2532,P020,1,14.81
3730,2025-04-09,3847,P008,1,17.83
9046,2025-06-09,674,P039,3,20.96
227,2025-09-25,2772,P018,3,"113,13"
4301,12-27-2025,764,P006,1,32.86
7883,2025-11-28,4043,P014,4,10.83
13070,2025-12-27,128,P018,1,23.38
8749,2025-12-13,2208,P017,2,31.86
17823,02/02/2025,1148,P038,-1,43.29
16050,2025-05-24,2047,P002,1,19.47
12491,05/04/2025,2609,P038,1,36.82
5540,28/04/2025,1757,P035,4,48.96
13906,09-09-2025,307,P018,,"22,46"
2384,2025-04-29,3787,P036,1,"20,90"
2923,2025-05-18,1053,P046,3,34.14
6334,01-04-2025,187,P007,3,"28,23"
4517,06/02/2025,318,P007,2,19.02
5381,09/08/2025,460,P031,2,55.20
9618,2025-02-28,286,P041,1,24.96
7342,2025-01-29,575,P010,1,52.97
4880,2025-11-13,2305,P044,1,14.23
14925,16/04/2025,1774,P018,2,18.61
4152,2025-03-03,608,P016,1,17.37
3945,2025-05-07,3476,P047,1,40.38
17269,27/07/2025,3445,P002,1,"14,56"
15196,09-02-2025,3450,P025,2,34.70
2843,06-07-2025,772,P034,1,"35,33"
8604,2025-12-25,2758,P014,3,53.52
12048,10-28-2025,3168,P035,3,34.63
2722,2025-03-11,165,P031,1,"18,40"
17548,2025-01-21,1920,P040,2,"36,40"
4641,2025-07-18,496,P003,1,9.24
1810,2025-12-03,670,P004,2,26.03
14381,01-10-2025,1956,P037,1,"21,71"
5421,2025-06-07,1060,P034,1,43.63
1217,16/12/2025,3002,P034,-1,38.19
7526,2025-08-09,3957,P021,1,28.37
8517,19/10/2025,1543,P035,2,"11,99"
15303,2025-12-04,3583,P013,2,18.84
12879,2025-01-17,3443,P044,4,5.37
7459,07-06-2025,3331,P032,2,"23,40"
7447,2025-03-27,2335,P047,1,22.09
9021,2025-04-12,3742,P015,1,"23,02"
9594,2025-11-24,987,P003,1,"20,42"
9413,10/12/2025,2089,P048,1,15.94
16797,2025-12-09,3571,P030,2,15.21
6662,2025-09-02,412,P031,1,39.24
1509,2025-07-17,658,P033,1,65.27
465,2025-07-14,3736,P043,1,19.65
6094,03/01/2025,1768,P026,1,"25,60"
8806,2025-12-24,999999,P018,1,"43,54"
3440,2025-09-08,1325,P003,1,43.18
13462,2025-03-18,38,P034,2,22.14
4785,2025-06-12,529,P024,1,26.96
361,2025-01-02,2471,P047,1,20.14
2743,2025-11-13,2258,P001,2,"30,62"
6688,13/12/2025,1069,P046,2,30.24
11708,11-24-2025,4130,P028,1,24.41
3869,2025-09-23,905,P022,2,33.00
3442,2025-05-18,1589,P002,3,"18,50"
12126,2025-07-20,1580,P011,1,"37,61"
5736,2025-12-27,928,P015,1,"15,66"
13683,01/02/2025,2861,P048,3,103.22
13162,26/12/2025,111,P027,1,72.53
7921,2025-09-01,2297,P017,2,"16,71"
2250,29/07/2025,1666,P008,2,"42,55"
8337,2025-01-23,821,P012,1,34.56
3963,2025-05-12,2128,P030,4,"49,38"
11141,06/02/2025,3665,P011,1,19.16
1003,2025-12-05,3308,P030,1,"40,93"
14893,2025-05-06,26,P004,2,"48,63"
1133,2025-11-16,2466,P036,2,21.97
13666,30/08/2025,314,P004,2,11.33
7605,2025-06-01,666,P005,1,36.92
13605,03-31-2025,2106,P043,3,10.91
2762,2025-02-22,1455,P024,1,18.92
9278,03-10-2025,3737,P022,2,33.24
15763,12/05/2025,1507,P046,1,19.24
15721,26/12/2025,1271,P002,2,26.22
17323,23/12/2025,658,P026,2,26.27
7299,2025-03-12,406,P004,2,22.15
16690,2025-12-20,1411,P001,1,35.92
16693,2025-01-04,2891,P048,1,"13,54"
737,2025-06-12,1979,P010,2,"17,34"
14300,2025-03-29,505,P031,2,28.92
5906,19/09/2025,715,P011,1,6.76
6037,2025-08-05,3326,P024,1,"12,85"
8926,18/07/2025,244,P021,3,"29,41"
9136,10/07/2025,1226,P012,1,26.49
6276,2025-09-25,1459,P039,3,"38,86"
16517,09-08-2025,3806,P008,1,74.47
8327,2025-01-17,2801,P025,3,24.61
15881,2025-10-06,833,P034,1,19.96
9925,11/02/2025,648,P014,1,41.74
7725,2025-02-09,3558,P024,1,33.09
9920,2025-06-16,1383,P030,1,35.04
11626,2025-12-20,122,P018,2,45.73
3571,13/12/2025,545,P012,1,20.77
8028,2025-06-30,1448,P033,1,44.40
3017,2025-04-12,651,P022,2,24.66
17131,2025-07-09,2433,P025,2,13.73
17899,2025-09-16,1651,P037,2,105.99
8695,2025-09-12,999999,P020,1,"17,86"
2584,05-07-2025,647,P041,2,38.47
14037,13/01/2025,1269,P033,3,33.02
4828,26/07/2025,3962,P037,1,23.38
16295,2025-02-02,1366,P037,1,37.24
12446,2025-02-05,3326,P009,-1,42.90
4956,18/04/2025,2231,P021,3,11.29
15858,03-20-2025,689,P025,1,41.48
10213,2025-09-14,2489,P021,3,59.63
7403,22/03/2025,3192,P046,3,25.32
14796,2025-11-27,558,P031,2,26.09
9296,2025-10-06,3678,P021,2,19.87
13661,2025-07-09,576,P022,2,23.43
3189,2025-03-05,1227,P003,1,"48,20"
16419,20/05/2025,673,P044,3,14.96
15197,2025-05-12,3008,P012,1,22.03
13319,2025-08-16,1529,P025,1,24.08
17148,2025-08-04,1469,P013,3,51.22
877,05-10-2025,3220,P025,1,"11,47"
9380,2025-10-01,999,P012,1,9.31
12898,24/06/2025,12,P021,1,37.81
11151,13/06/2025,2717,P012,1,38.98
9279,07-22-2025,3605,P024,3,24.30
14561,2025-07-13,383,P002,2,49.72
9934,2025-07-15,3962,P040,1,28.01
10062,17/07/2025,2517,P041,1,"75,47"
6398,09/10/2025,1553,P002,1,48.65
12264,07/11/2025,2947,P004,4,7.84
1382,2025-10-22,3721,P027,4,8.03
2862,2025-04-30,3751,P012,2,"16,18"
3645,06/01/2025,880,P029,2,78.23
748,11-25-2025,86,P025,,"36,42"
17219,17/02/2025,1590,P030,2,51.43
9875,2025-07-19,1101,P003,1,68.19
9313,24/12/2025,2548,P025,3,19.71
15358,04/12/2025,1606,P001,1,13.58
7091,2025-12-23,3437,P044,1,"14,44"
10735,2025-01-14,2045,P021,3,"27,58"
11748,15/05/2025,3234,P014,3,20.62
1107,14/08/2025,2513,P045,1,39.78
10574,05/01/2025,1049,P043,3,98.99
13784,2025-07-30,3784,P025,1,18.69
342,2025-04-09,1670,P030,2,49.65
2361,24/08/2025,1155,P007,2,20.89
9955,2025-06-09,1184,P041,1,"76,15"
6205,2025-05-10,2155,P042,1,7.90
11705,2025-01-09,152,P038,2,20.25
3210,2025-05-16,3242,P038,2,"25,39"
6150,2025-06-26,1598,P026,3,73.32
2041,2025-09-20,3951,P005,1,56.42
245,2025-01-05,2687,P019,1,31.48
16775,2025-03-03,2575,P001,1,55.93
4348,2025-02-02,2955,P030,1,34.53
8976,24/04/2025,3915,P024,1,42.80
6894,2025-11-26,3886,P009,1,28.93
17342,2025-11-02,712,P030,2,18.58
14301,2025-02-12,3963,P018,2,"74,03"
3813,2025-01-03,1602,P026,2,39.39
13933,2025-12-27,867,P030,1,25.06
7357,09-25-2025,2067,P012,2,13.50
1789,2025-08-06,1272,P034,1,19.85
11062,2025-02-25,817,P022,3,"18,85"
8536,06-18-2025,1118,P019,1,"15,05"
10324,01/08/2025,3615,P012,1,69.52
16624,2025-02-28,741,P029,2,86.11
2869,03-12-2025,2740,P048,3,"42,97"
2484,2025-08-07,1221,P029,1,78.27
504,01/05/2025,654,P001,1,20.61
6251,01/03/2025,3087,P015,2,"23,74"
4070,2025-03-25,1614,P035,2,15.85
12868,2025-02-08,2620,P014,1,22.39
4014,2025-11-02,3631,P044,1,22.10
11661,17/05/2025,3977,P009,1,13.80
11980,04/06/2025,1033,P022,1,"34,63"
17581,2025-09-08,1289,P014,1,10.49
10838,2025-06-05,2316,P018,1,6.78
5101,2025-02-10,902,P047,2,60.99
14347,2025-11-01,1628,P008,1,14.54
7971,27/02/2025,2480,P017,1,73.42
9863,2025-10-14,2663,P019,3,25.83
160,2025-04-19,4122,P002,1,69.98
12128,2025-06-27,1293,P024,1,"36,86"
17839,02-01-2025,3644,P017,-1,"52,22"
16501,2025-09-08,2151,P008,1,"22,74"
12782,19/12/2025,3203,P030,-1,25.52
14318,2025-11-12,2867,P027,1,64.07
12652,2025-04-27,217,P034,2,"21,84"
14394,2025-08-04,2498,P030,1,24.34
4261,27/07/2025,3942,P008,1,14.56
14997,2025-10-12,4110,P014,2,22.97
15268,07-02-2025,985,P012,4,52.93
6536,14/12/2025,4119,P040,1,"35,92"
16728,2025-04-16,3936,P021,2,22.36
12355,2025-05-30,2353,P043,1,22.88
9001,2025-01-29,3171,P044,1,36.99
8930,2025-05-24,3194,P031,3,24.20
15798,25/11/2025,1331,P041,2,"28,99"
1535,2025-10-08,3420,P029,1,35.73
4063,12/02/2025,2375,P008,2,"48,73"
12416,2025-09-18,1208,P027,1,18.71
4618,2025-12-27,2034,P036,1,18.58
14868,2025-02-07,2800,P015,3,"41,29"
6271,2025-12-18,458,P028,3,7.35
13167,2025-07-26,1742,P005,1,"30,57"
8892,2025-05-12,1658,P005,2,40.70
100,2025-08-07,3158,P023,1,35.19
11405,05-02-2025,3933,P011,1,23.02
8000,2025-01-13,3882,P025,2,"18,56"
6111,01/09/2025,2988,P031,,"9,38"
1235,2025-11-03,330,P028,1,20.66
14628,27/07/2025,3616,P003,2,30.64
7555,19/07/2025,2384,P042,1,13.56
9545,20/11/2025,3730,P040,1,35.51
10933,06-24-2025,3221,P016,2,12.51
3862,2025-10-06,3391,P014,1,9.74
9471,08/04/2025,3838,P031,3,"42,16"
17695,2025-06-29,1031,P044,1,43.05
11558,08-23-2025,300,P002,1,38.02
13037,2025-01-19,441,P024,1,20.99
1456,04-13-2025,3181,P041,3,62.05
11414,2025-05-29,2797,P029,1,54.35
8540,2025-02-15,2459,P029,1,"31,47"
2261,02/07/2025,602,P042,3,17.87
5348,2025-04-14,3472,P017,2,"32,00"
4077,22/08/2025,2080,P012,2,43.16
11800,06-14-2025,1054,P034,1,57.82
11941,2025-03-15,1963,P010,1,"13,11"
5603,03/05/2025,490,P043,1,"22,02"
17151,2025-07-13,2344,P011,1,32.37
6967,20/06/2025,2237,P027,1,16.91
17704,15/02/2025,2411,P017,1,26.31
6627,2025-08-05,1257,P008,1,"80,83"
17777,2025-09-29,4103,P037,1,"22,00"
4676,02-27-2025,73,P018,2,"24,22"
8799,2025-09-05,3617,P025,1,37.78
5047,2025-03-23,3067,P046,1,"35,20"
1803,2025-03-17,3085,P039,,29.53
12635,29/06/2025,1970,P017,4,90.65
11463,2025-07-10,3597,P004,2,"22,09"
7693,2025-12-02,2290,P014,1,50.12
8556,2025-10-17,3857,P041,2,28.81
2748,2025-12-20,1763,P033,3,17.49
5103,2025-11-08,1453,P029,4,"21,71"
4774,2025-11-28,3511,P047,1,12.72
6738,2025-11-24,3270,P011,1,25.09
15855,2025-09-19,358,P030,1,27.27
17775,13/01/2025,752,P032,1,39.38
14232,2025-08-14,2211,P048,2,18.64
16073,2025-08-15,1193,P021,1,50.83
10425,26/08/2025,1818,P013,2,82.08
2798,09/04/2025,3899,P032,4,"10,38"
7158,07-24-2025,1461,P036,1,37.66
16620,2025-03-12,343,P042,2,"9,79"
3402,2025-04-09,3247,P044,1,19.34
16866,17/06/2025,2535,P040,2,16.02
14576,21/07/2025,3317,P038,3,58.56
9950,2025-07-14,1195,P015,1,"33,28"
15930,2025-04-09,1578,P047,3,49.63
8944,07/10/2025,1002,P037,1,21.24
4452,21/06/2025,1292,P012,1,25.79
1096,04/09/2025,41,P039,1,10.43
13131,2025-07-09,3112,P005,3,"19,71"
4317,2025-03-04,1899,P028,1,"29,55"
6781,2025-05-18,2535,P020,1,"29,46"
2953,18/08/2025,1199,P025,1,48.62
14130,2025-12-02,3417,P043,2,"27,54"
766,16/08/2025,657,P011,1,22.75
3268,2025-09-11,1884,P021,2,"20,58"
8314,2025-04-11,1391,P031,2,"22,14"
13751,28/07/2025,1240,P024,3,45.85
8490,2025-09-19,3769,P002,1,"26,69"
3741,27/11/2025,4060,P008,1,18.46
11303,2025-03-18,1618,P020,1,35.02
880,06-13-2025,3629,P007,1,21.42
4570,2025-03-27,3877,P021,1,"28,11"
10059,16/03/2025,3047,P013,1,28.41
13444,01-10-2025,2118,P004,1,33.99
10730,2025-06-16,3713,P015,1,"22,24"
17893,2025-01-07,4112,P020,1,9.40
14585,2025-01-17,756,P009,3,31.08
5706,09/08/2025,2595,P001,2,26.76
14638,2025-03-05,3857,P042,4,"34,48"
11114,15/07/2025,3779,P025,2,"18,80"
6839,11/04/2025,2604,P011,1,12.67
6834,03/12/2025,3356,P004,4,9.00
17583,2025-05-18,1339,P044,1,"23,83"
5697,28/05/2025,1573,P041,1,64.73
367,2025-10-25,3748,P005,2,14.50
12397,14/07/2025,21,P018,3,32.39
7241,2025-06-17,3261,P025,3,46.09
16473,2025-04-03,845,P026,1,13.93
7599,2025-05-30,1166,P033,4,"23,29"
13693,2025-10-11,3628,P008,1,16.88
9789,2025-08-24,999999,P015,3,51.55
846,2025-06-05,1222,P039,1,"49,41"
11946,01/10/2025,291,P017,1,13.83
2037,2025-06-29,3038,P040,2,40.43
113,2025-04-09,1896,P009,1,36.71
4796,15/09/2025,2401,P021,2,15.84
14188,23/07/2025,4096,P034,2,"31,17"
8953,03/07/2025,592,P001,1,"29,77"
1813,2025-09-03,2403,P010,1,19.39
13286,2025-12-29,3280,P048,1,47.97
13304,21/11/2025,4165,P012,2,18.37
338,2025-04-17,2023,P044,2,39.89
15796,28/01/2025,2320,P009,1,"50,66"
14973,08-11-2025,1500,P022,1,21.30
5426,15/03/2025,3438,P016,1,32.35
15350,2025-08-13,476,P046,2,27.56
10395,2025-01-30,4078,P040,1,71.72
5295,2025-08-06,2410,P047,2,83.64
14459,06-15-2025,1965,P018,-1,20.64
16397,01-07-2025,1990,P032,1,18.81
6596,2025-01-03,287,P042,,53.26
12043,2025-03-30,1025,P038,1,14.41
12835,2025-04-11,4067,P036,3,21.68
16675,02/07/2025,3480,P001,3,13.26
4392,11/09/2025,3944,P045,1,11.78
9373,2025-03-12,2557,P021,1,23.23
1136,16/10/2025,757,P004,1,20.67
1676,2025-01-23,2045,P028,1,"15,43"
11703,31/05/2025,627,P013,1,27.86
8491,2025-02-22,1567,P040,3,44.02
8970,03/01/2025,1606,P008,4,12.01
950,14/04/2025,3175,P035,1,14.77
9639,2025-12-25,908,P039,2,49.28
15590,2025-07-15,2199,P022,1,11.43
982,2025-03-30,2314,P026,1,14.92
4637,07-30-2025,3040,P020,1,"46,98"
2819,22/10/2025,1089,P014,1,"13,46"
4350,29/12/2025,3313,P002,2,"11,51"
10782,02/10/2025,215,P027,2,23.90
745,11/12/2025,385,P019,,"48,01"
8317,21/05/2025,2160,P003,1,39.43
10364,30/10/2025,1116,P047,1,"31,17"
13121,2025-11-11,2563,P013,1,30.10
16997,2025-04-28,3079,P022,3,35.74
5299,2025-07-23,3639,P031,1,48.45
7343,2025-09-29,3156,P013,2,"16,99"
13266,01-30-2025,1571,P037,1,32.89
13940,14/01/2025,221,P004,2,"31,12"
1379,11-09-2025,825,P012,2,20.83
14972,01-22-2025,3626,P013,2,"26,03"
12370,2025-12-28,2637,P010,4,71.47
5758,04-11-2025,1526,P016,2,12.69
13489,16/12/2025,1383,P039,-1,"5,72"
15725,07/09/2025,1636,P037,-1,45.96
9051,2025-08-28,1744,P020,4,19.83
11949,2025-02-22,3813,P048,1,16.65
15327,2025-09-14,835,P042,1,20.04
6792,2025-03-21,2494,P039,1,20.85
12185,13/08/2025,336,P021,1,36.04
13515,09-19-2025,1280,P002,1,25.59
12543,2025-12-15,868,P024,1,47.44
8845,16/06/2025,1345,P047,2,10.76
9392,23/05/2025,2650,P043,3,9.94
1696,2025-10-01,1972,P018,2,54.77
1419,2025-06-13,1010,P009,1,8.36
6566,27/03/2025,3539,P018,2,13.69
15842,05-05-2025,3725,P024,2,"58,41"
6600,2025-12-11,1462,P007,2,26.88
16435,2025-06-13,3912,P047,1,9.42
8672,03-15-2025,3197,P010,1,32.28
8179,23/09/2025,3184,P048,1,"33,73"
5904,04/05/2025,3392,P027,2,17.08
5331,2025-02-25,1449,P004,1,"40,49"
16237,2025-01-02,1561,P019,2,75.94
7631,2025-03-17,120,P048,1,51.86
8942,27/03/2025,332,P038,2,37.63
2757,18/09/2025,3818,P030,1,"12,82"
2478,20/01/2025,425,P002,2,17.03
9309,2025-01-26,3249,P012,1,6.95
4305,2025-04-29,1592,P037,1,5.94
8251,2025-07-08,138,P042,1,24.12
11756,13/08/2025,584,P017,,"50,87"
5088,2025-04-26,999999,P009,1,"20,20"
7493,02/11/2025,2720,P032,1,"17,99"
14271,2025-09-29,1153,P016,2,19.95
17294,2025-07-24,4070,P031,1,42.43
11069,04-27-2025,2475,P029,3,11.35
5128,2025-03-04,3522,P014,1,"17,56"
7041,08/10/2025,1769,P032,-1,10.78
14181,14/06/2025,83,P007,1,28.96
17729,2025-06-11,3192,P025,3,30.48
11656,2025-08-03,2810,P022,2,13.77
298,2025-03-04,3522,P034,4,59.60
7109,27/02/2025,1480,P042,1,"27,41"
1568,2025-09-14,2107,P042,1,"40,56"
989,14/11/2025,3626,P008,2,17.36
9963,31/01/2025,3670,P004,1,20.02
5212,2025-08-22,2108,P039,3,18.80
1636,2025-07-13,1288,P014,1,27.12
4674,11-01-2025,518,P021,1,"41,83"
3739,2025-04-12,3165,P033,1,25.32
5024,2025-11-03,3057,P007,2,42.36
11811,2025-03-29,3943,P005,1,7.11
9826,17/04/2025,1448,P043,2,"21,45"
14400,05/12/2025,3272,P012,2,"22,88"
33,2025-08-12,1003,P030,3,27.96
13341,2025-08-31,4126,P013,2,"46,47"
7284,2025-05-03,2973,P017,1,42.04
1866,23/10/2025,3401,P030,1,39.74
1232,2025-06-30,20,P001,1,11.66
6876,28/08/2025,1524,P037,1,"48,36"
8791,2025-04-13,1125,P032,1,24.41
16952,2025-07-12,2518,P047,2,58.56
17187,2025-06-11,670,P020,2,9.77
13993,2025-03-07,206,P025,1,"40,61"
14466,2025-07-31,9,P017,3,16.60
12341,2025-06-23,3099,P007,1,"16,31"
11008,2025-06-02,2570,P016,1,38.67
1206,20/04/2025,602,P044,1,"9,75"
14741,04/04/2025,2753,P045,1,14.41
1049,2025-12-16,2994,P020,1,81.95
11989,05-03-2025,3575,P017,2,103.83
17271,21/09/2025,1989,P031,4,"22,70"
17946,04-20-2025,142,P017,4,"37,53"
9323,2025-08-08,3480,P006,3,21.61
16545,07/11/2025,535,P041,3,35.13
3920,16/05/2025,982,P047,3,30.73
1569,2025-02-27,607,P038,1,"25,24"
5587,02/04/2025,3007,P017,1,14.61
10682,13/06/2025,989,P024,2,"13,40"
7749,2025-04-12,2755,P044,1,29.89
8994,20/06/2025,2644,P035,1,13.64
5147,09/01/2025,4038,P039,1,"16,13"
14783,2025-04-03,639,P045,1,55.13
16181,2025-03-14,4104,P024,1,"53,61"
8181,2025-04-21,2206,P010,1,38.86
15076,2025-04-30,3945,P023,1,46.48
11708,11-24-2025,4130,P028,1,24.41
2817,2025-04-01,248,P026,1,16.08
15749,2025-11-21,4046,P024,1,21.24
17189,01-21-2025,2570,P010,1,"69,56"
16615,2025-06-16,1006,P039,1,"42,87"
13470,09/03/2025,2752,P033,2,"17,91"
12948,2025-01-24,424,P014,2,44.89
4545,2025-05-11,3881,P039,1,27.67
4448,13/05/2025,322,P007,3,31.34
15364,2025-10-28,83,P022,1,26.65
12169,08-13-2025,2991,P036,2,26.08
12138,2025-01-08,2013,P031,2,15.91
121,10/12/2025,2247,P022,1,20.80
4082,2025-04-12,3381,P048,1,"26,07"
15371,2025-09-13,812,P021,1,64.53
5783,15/06/2025,1929,P021,1,"9,47"
3614,2025-04-26,3279,P030,1,"25,92"
16390,28/07/2025,297,P018,2,21.47
7209,2025-05-04,2538,P022,2,43.31
8665,2025-09-26,2679,P003,2,"24,74"
12545,31/05/2025,999999,P048,1,31.40
12805,15/03/2025,432,P044,1,"30,99"
1608,2025-02-09,2226,P016,1,"43,72"
2301,2025-05-01,2605,P013,1,46.33
4473,06/02/2025,3469,P042,2,25.46
724,23/06/2025,3749,P019,4,"14,49"
17693,16/09/2025,2009,P025,2,47.62
14920,2025-03-12,41,P005,1,16.55
15822,2025-02-13,2031,P039,1,"19,21"
1542,2025-08-14,551,P036,1,22.98
15591,2025-03-21,2647,P005,1,20.28
9456,2025-12-09,1975,P025,1,"40,05"
7901,2025-06-02,3103,P035,,13.21
14518,17/03/2025,1534,P035,1,64.32
13322,2025-01-01,3635,P035,2,104.81
5972,22/05/2025,3006,P033,4,10.10
203,07-05-2025,3289,P010,2,"40,82"
14171,2025-01-05,2183,P020,2,49.93
1783,2025-08-29,189,P006,1,21.81
8052,2025-09-22,1579,P038,1,"30,06"
7064,2025-10-21,4077,P023,1,5.98
11858,2025-01-10,2114,P015,1,19.15
13750,17/09/2025,1326,P047,1,"25,45"
10789,2025-04-17,423,P029,1,13.35
7077,27/10/2025,1813,P020,2,27.88
13296,2025-07-02,3677,P028,1,"23,30"
7985,2025-09-30,2812,P020,1,26.32
16161,2025-05-16,1936,P045,1,"12,00"
4931,2025-05-19,3067,P022,1,"9,97"
7836,2025-06-20,3157,P022,1,"12,17"
6601,29/08/2025,3141,P025,1,"20,50"
12981,16/11/2025,2795,P019,3,15.77
13344,10/10/2025,3200,P010,1,39.06
1853,2025-02-22,2635,P024,2,19.39
837,15/02/2025,2018,P007,1,"39,02"
707,23/11/2025,549,P028,1,25.66
14532,09/10/2025,863,P031,1,"32,53"
17802,2025-04-16,174,P004,1,"45,68"
12302,12-18-2025,594,P034,2,64.24
14941,02/02/2025,2431,P027,1,26.06
14491,07-24-2025,2801,P043,2,"39,31"
5347,12-27-2025,836,P020,1,11.83
4080,2025-11-05,2859,P006,1,68.51
3701,06-30-2025,2865,P036,2,36.82
2751,29/08/2025,765,P039,1,29.86
8127,30/01/2025,999999,P001,4,"47,69"
7416,2025-01-19,2511,P004,1,10.61
11657,06-06-2025,3525,P016,2,"19,38"
9171,2025-01-22,3873,P021,1,35.58
16679,2025-06-18,3385,P045,2,"73,97"
17199,31/05/2025,1982,P037,1,25.89
6102,2025-01-28,2438,P044,1,56.62
17057,2025-04-18,2060,P040,1,"51,25"
932,11-16-2025,4066,P028,1,53.74
10499,02/04/2025,4091,P046,1,"12,05"
2098,2025-08-10,4195,P027,2,26.65
933,11-19-2025,668,P023,4,75.30
10122,2025-07-15,1062,P011,1,28.24
10603,13/06/2025,3792,P030,1,31.70
16261,27/03/2025,371,P016,1,26.54
10473,02/11/2025,3240,P031,1,14.36
8393,01/07/2025,1021,P019,1,9.93
15156,2025-04-28,3096,P022,1,"15,77"
9827,06/06/2025,2355,P018,2,"56,52"
15342,2025-06-15,1665,P012,1,50.51
1520,2025-07-03,1984,P019,2,40.48
5971,2025-04-28,2905,P020,1,19.91
5256,2025-03-30,3591,P040,1,23.41
7769,17/02/2025,1833,P004,1,11.86
13136,2025-08-25,4003,P020,1,31.70
10588,2025-07-14,2237,P039,1,7.02
5026,2025-11-18,3378,P035,1,31.88
7689,15/10/2025,3162,P036,2,11.37
16530,2025-07-23,1520,P001,1,23.64
788,2025-02-23,999999,P016,1,21.84
17488,2025-10-08,1047,P030,4,16.92
4925,10/03/2025,3848,P043,1,"19,91"
2570,05-08-2025,973,P008,3,32.99
8601,2025-12-26,1263,P035,2,12.36
1207,2025-06-18,3513,P025,2,"42,28"
8135,2025-02-07,444,P040,1,"46,95"
4575,2025-10-08,267,P019,1,33.22
718,2025-02-05,54,P047,1,"26,15"
11768,10-02-2025,3400,P030,1,"39,07"
6480,2025-04-01,164,P028,1,"24,61"
9596,2025-04-06,4076,P033,1,18.40
9541,2025-01-10,3329,P032,4,53.00
3447,08/03/2025,2902,P022,1,24.30
2868,09-08-2025,3606,P028,1,24.79
13177,2025-11-25,3415,P042,1,19.13
3663,2025-03-22,2710,P021,1,"36,48"
6901,2025-12-24,723,P042,2,26.08
11417,2025-04-10,1341,P023,1,60.78
13575,25/02/2025,874,P023,,24.35
8379,2025-03-20,3353,P002,1,39.32
302,2025-12-21,3164,P007,2,62.40
9763,2025-03-18,1616,P033,1,44.75
16437,18/08/2025,1182,P045,1,12.71
3622,12/11/2025,3797,P016,1,15.06
9239,2025-06-09,3526,P042,2,34.90
15810,2025-06-04,1336,P020,2,27.88
14423,20/02/2025,277,P003,2,15.36
7018,2025-01-28,2386,P030,3,16.39
14672,2025-07-23,539,P002,3,"68,95"
6473,01-10-2025,557,P011,2,28.50
7651,19/03/2025,1316,P020,1,"3,93"
292,2025-08-18,703,P013,2,13.21
13752,2025-06-13,1270,P036,3,"34,05"
13090,2025-06-06,2648,P018,1,"67,42"
440,23/01/2025,3272,P036,2,56.84
16794,2025-06-01,3572,P046,2,"15,31"
236,13/01/2025,2581,P046,1,"34,61"
17705,09/10/2025,1622,P015,1,7.70
7939,02-24-2025,1109,P048,1,20.13
4377,01-02-2025,113,P003,1,"28,26"
2161,11-18-2025,950,P036,,35.83
9107,2025-09-07,3158,P009,1,37.50
6491,2025-04-12,1551,P013,2,26.38
9108,2025-11-12,4172,P001,1,24.09
7387,2025-06-04,1220,P035,1,"25,69"
13478,24/12/2025,2966,P026,1,39.63
16730,26/05/2025,390,P018,2,20.67
2078,2025-01-31,3493,P010,1,35.66
7706,2025-11-18,120,P044,1,27.09
9049,2025-04-27,2752,P041,1,"22,98"
16808,2025-10-28,2556,P021,1,47.45
5432,2025-04-02,2381,P010,2,"36,20"
3169,2025-09-23,4166,P008,1,12.42
5557,01-15-2025,130,P009,2,22.43
10544,2025-11-17,999999,P002,1,29.91
7188,2025-04-04,2004,P014,1,"17,67"
11113,16/01/2025,3629,P038,1,"33,75"
4060,2025-11-03,1244,P034,1,30.73
1580,10/07/2025,869,P035,1,18.36
6431,2025-07-30,3157,P017,1,33.31
14648,06-04-2025,2017,P006,3,"17,56"
10316,02/10/2025,281,P026,3,"33,34"
6728,04-26-2025,3586,P037,1,"83,83"
47,2025-02-18,4175,P035,1,"81,11"
6977,2025-09-05,1152,P010,4,24.57
5066,2025-11-06,1325,P045,1,19.40
11870,27/04/2025,3449,P019,1,"56,10"
3281,01-18-2025,1609,P028,1,14.23
13055,2025-06-19,2003,P025,1,35.69
1071,01/12/2025,2336,P028,2,"51,41"
3375,2025-04-24,652,P015,2,"72,64"
10637,2025-05-25,3042,P015,2,17.14
5148,2025-01-14,714,P047,1,67.68
2313,2025-11-18,2214,P048,2,17.50
15392,2025-09-16,549,P002,1,38.87
17955,2025-04-22,1122,P002,1,"91,33"
8395,2025-01-05,18,P046,1,17.69
16910,2025-03-10,2407,P029,1,26.68
9381,2025-11-13,3026,P020,1,22.53
9003,2025-10-21,999999,P029,2,35.81
7559,2025-02-25,744,P003,3,39.14
963,2025-02-23,2908,P029,2,"28,32"
830,2025-08-19,542,P048,1,"9,56"
4320,2025-02-07,999999,P035,2,46.32
294,2025-09-14,2481,P013,1,13.96
3640,2025-05-16,821,P037,1,60.92
291,2025-11-16,2034,P031,2,28.05
6609,2025-08-03,1850,P019,1,"29,58"
7116,2025-06-11,1464,P022,3,11.91
11492,2025-05-13,938,P016,3,53.24
79,2025-04-20,418,P010,1,"26,65"
10378,2025-08-30,3506,P030,3,10.77
1652,01-20-2025,3727,P024,1,23.56
1130,11-05-2025,389,P048,1,36.26
516,2025-03-14,907,P033,1,"46,72"
10896,28/02/2025,18,P046,2,43.61
15712,16/04/2025,1882,P008,1,31.39
14282,02-08-2025,3191,P018,1,14.85
1168,2025-08-14,2114,P042,1,"12,69"
222,2025-07-18,2668,P037,1,"52,57"
2948,2025-09-15,2414,P038,1,48.56
13208,2025-05-11,1406,P043,1,"31,42"
13976,2025-12-19,1272,P047,-1,"20,30"
12998,05-11-2025,1318,P047,2,56.20
4941,12-03-2025,2784,P015,1,19.42
13958,12/05/2025,3383,P017,1,29.59
6771,2025-05-25,2482,P006,2,"35,63"
12087,2025-05-22,2364,P028,3,"84,51"
1119,19/12/2025,559,P009,1,42.47
17363,18/02/2025,623,P044,1,36.32
1521,21/02/2025,3483,P002,1,"14,88"
5825,17/06/2025,795,P006,1,"28,95"
6455,14/03/2025,3058,P037,1,20.11
10297,2025-03-10,132,P039,2,32.09
7987,2025-09-22,2905,P036,3,31.32
8481,24/09/2025,222,P003,1,"60,40"
14073,11/08/2025,777,P036,1,20.88
9090,27/10/2025,963,P007,1,54.96
16547,2025-04-22,1802,P037,1,60.88
13396,2025-05-01,999999,P028,1,"12,47"
14625,2025-05-23,1480,P030,1,"58,35"
16375,17/08/2025,332,P008,3,"55,95"
2658,10/01/2025,2044,P001,1,"47,31"
10182,2025-01-07,1530,P043,1,20.34
12983,2025-03-28,2693,P023,-1,"15,79"
4759,2025-10-08,3084,P039,1,"21,59"
16931,2025-03-31,4075,P031,1,8.87
2607,20/02/2025,4043,P019,2,35.40
13086,13/11/2025,2716,P016,1,"22,18"
2176,2025-01-01,198,P030,1,26.20
12450,2025-07-25,656,P035,2,53.73
7649,2025-05-26,2402,P035,1,24.40
2227,2025-01-22,2352,P035,1,47.67
16918,2025-11-21,2372,P014,2,"45,26"
7663,2025-10-10,3219,P043,1,7.79
12196,2025-01-19,3843,P046,1,"152,25"
10556,2025-07-28,2912,P011,-1,24.38
5748,2025-02-25,2044,P015,1,11.14
2551,2025-08-14,284,P010,1,"33,93"
3579,11/08/2025,1743,P046,1,40.33
3630,01/08/2025,3673,P040,1,119.94
9260,2025-07-27,376,P032,1,"22,32"
4206,2025-01-11,393,P032,1,58.19
6361,05/09/2025,2326,P003,1,"32,45"
15647,06-20-2025,2013,P028,1,"24,24"
5360,2025-04-03,268,P011,2,"13,23"
1183,07/12/2025,3043,P025,1,13.83
13840,2025-12-02,299,P017,1,"36,35"
17919,2025-09-18,3300,P037,1,"12,91"
16453,2025-01-30,3504,P042,1,"24,30"
11186,2025-12-17,3836,P024,2,15.93
8897,09-30-2025,1530,P028,1,"70,88"
308,05/04/2025,1110,P007,1,"26,31"
17593,2025-06-03,2522,P014,1,19.55
11825,2025-01-15,1498,P026,1,23.33
7067,2025-06-05,914,P032,1,23.22
2268,2025-12-05,4188,P008,1,"5,54"
13901,05-07-2025,576,P017,1,16.02
9534,2025-04-06,4063,P034,2,"57,79"
12663,2025-10-24,3527,P033,1,29.09
2905,2025-07-10,923,P009,3,15.82
17732,2025-02-21,454,P015,1,35.60
17595,2025-07-21,240,P031,1,29.39
13822,10/10/2025,3398,P025,4,29.48
5017,2025-03-29,4103,P021,2,"55,24"
12938,20/01/2025,626,P039,,"49,17"
10788,2025-08-11,2277,P015,1,"16,35"
15304,2025-09-30,403,P018,1,51.53
1579,05-11-2025,3503,P001,2,33.98
2505,18/06/2025,3353,P011,4,41.23
9493,01/06/2025,2042,P004,1,"64,56"
5974,2025-07-01,4039,P026,1,"10,63"
7717,21/09/2025,743,P037,1,135.15
11453,08/05/2025,3058,P023,1,"11,95"
12100,08-13-2025,277,P016,1,31.67
2573,2025-07-06,1803,P040,1,22.73
1980,2025-09-11,2030,P023,3,"30,74"
10694,2025-09-23,2935,P029,1,46.13
15547,2025-05-13,1398,P021,1,"39,67"
6026,27/04/2025,268,P040,1,19.29
7569,2025-11-28,3974,P042,1,34.81
10362,04-15-2025,1740,P023,1,26.46
9850,22/12/2025,1192,P028,-1,75.29
17349,2025-01-16,1545,P047,1,42.74
14390,2025-11-25,3751,P046,1,41.75
5827,29/07/2025,2196,P002,2,33.32
15506,2025-03-27,3273,P002,2,12.03
3901,2025-06-20,3244,P043,3,4.82
12231,09-23-2025,3673,P037,2,25.82
14789,28/09/2025,394,P006,1,"31,76"
8551,04/09/2025,989,P023,1,"17,53"
13115,09/06/2025,1320,P012,1,40.74
10771,2025-07-07,469,P019,4,"8,75"
2182,2025-10-02,1242,P048,2,43.35
12136,2025-01-23,3552,P002,2,15.52
9012,08-08-2025,1385,P028,1,48.20
3045,2025-03-18,24,P044,1,24.99
14470,31/08/2025,3056,P038,1,"20,20"
7355,16/05/2025,1841,P010,1,30.90
8039,2025-11-17,2028,P020,1,12.51
12107,2025-09-02,2460,P012,1,44.26
1386,2025-10-08,1118,P043,1,35.81
15836,2025-02-26,1152,P037,-1,30.01
1818,24/02/2025,2056,P047,1,11.90
16939,11-30-2025,760,P048,1,"39,63"
11336,19/09/2025,2211,P002,2,13.54
8700,06-22-2025,2534,P004,1,22.28
3982,2025-06-03,1065,P035,1,17.70
8747,08-06-2025,2288,P023,1,69.51
13965,2025-12-24,1583,P038,1,22.12
3692,2025-06-19,1969,P005,2,17.08
2644,2025-05-23,1999,P001,1,"55,65"
636,11-18-2025,2987,P036,1,19.96
17326,09/04/2025,876,P046,1,45.34
8450,18/02/2025,113,P030,2,48.62
17985,06-10-2025,571,P009,3,"11,35"
9622,2025-02-03,3463,P009,1,69.26
4396,2025-07-09,3466,P032,1,26.28
9627,2025-05-17,3232,P027,1,10.29
13444,01-10-2025,2118,P004,1,33.99
15172,12-29-2025,4178,P015,1,19.00
17270,2025-04-18,4193,P026,1,"32,05"
9499,12/04/2025,2342,P028,3,34.37
2887,02/12/2025,3466,P016,3,"37,26"
9801,2025-05-16,2134,P041,1,37.78
3879,2025-01-17,888,P043,1,16.98
822,2025-07-16,2797,P001,1,17.97
7227,2025-12-18,2337,P048,1,55.81
17866,09/10/2025,3275,P026,1,18.86
13623,2025-08-29,835,P033,1,14.62
11663,2025-09-06,3175,P039,1,"19,64"
14556,2025-02-19,2059,P038,2,22.78
13450,2025-02-05,436,P008,1,47.03
11195,2025-01-14,1187,P005,1,"39,46"
372,2025-04-07,3236,P011,1,31.29
13022,2025-09-29,418,P029,1,"16,31"
12005,2025-08-04,2405,P008,1,38.49
12245,2025-07-15,744,P007,1,21.34
7409,18/01/2025,246,P010,4,55.07
4590,2025-08-19,2717,P048,1,"37,73"
4511,07/05/2025,2815,P028,1,40.95
10664,22/12/2025,3622,P038,1,32.33
15622,06/06/2025,3452,P002,4,5.09
470,25/03/2025,1997,P015,1,30.15
10543,2025-09-29,567,P011,1,38.72
14358,2025-02-25,3226,P012,1,12.11
6159,2025-10-29,240,P011,2,21.92
15627,2025-09-10,1715,P027,3,"48,92"
12388,05/12/2025,3205,P016,1,"46,44"
12760,2025-07-11,2921,P026,1,20.11
4022,27/08/2025,770,P021,1,"10,38"
1610,2025-06-20,3265,P017,2,12.66
7286,18/10/2025,177,P043,4,"57,06"
12085,2025-03-07,2101,P009,1,34.88
5099,2025-07-09,2636,P006,1,16.84
7438,2025-05-25,3737,P036,3,17.78
13430,2025-04-03,2121,P027,1,61.34
11889,13/07/2025,4127,P037,3,41.44
17483,2025-05-27,4189,P039,1,64.32
16463,31/07/2025,3629,P021,1,11.22
1220,06-09-2025,4188,P029,1,27.75
3131,2025-05-04,1474,P019,3,"38,30"
14751,18/05/2025,2004,P024,1,"21,76"
16891,2025-10-12,688,P026,1,26.48
4258,16/10/2025,1838,P027,1,50.05
2697,2025-05-17,1283,P004,1,26.15
11775,18/05/2025,936,P042,3,"21,39"
955,2025-08-14,1806,P033,1,42.06
15612,12-10-2025,2886,P046,2,15.09
11645,02/09/2025,2547,P013,1,"27,97"
13911,2025-09-04,1541,P004,2,13.11
13973,11/04/2025,760,P037,1,28.12
16836,07-17-2025,368,P004,1,"9,83"
13561,05/12/2025,423,P030,1,50.76
966,01-04-2025,3695,P044,4,"51,83"
8539,22/05/2025,2005,P043,3,31.95
11306,2025-10-17,3136,P045,1,"13,15"
14009,2025-08-22,3833,P023,1,87.80
14544,2025-01-07,3730,P040,2,33.52
8966,2025-06-02,1428,P012,1,29.11
16508,2025-01-24,1917,P026,1,12.22
8273,2025-01-23,2475,P032,-1,13.60
588,04/02/2025,3577,P011,2,10.75
1166,2025-10-04,3167,P007,3,16.68
16300,31/05/2025,1565,P037,1,27.97
5994,2025-06-19,292,P043,3,24.26
991,02/02/2025,2871,P008,2,27.69
17455,2025-03-29,4185,P042,4,"25,70"
6066,17/12/2025,2672,P026,2,20.96
13881,2025-07-16,2088,P012,2,46.11
12023,2025-06-15,140,P030,1,14.91
11297,06/08/2025,3502,P029,1,58.63
12809,2025-11-20,1941,P009,1,59.09
12014,2025-03-01,3271,P029,1,17.70
1019,2025-01-20,703,P012,3,21.75
17123,11/12/2025,2483,P021,4,114.62
17237,17/04/2025,2567,P018,2,"47,39"
2809,2025-11-09,2422,P046,3,38.62
8920,2025-05-17,4159,P048,1,"9,43"
11651,2025-04-02,1893,P031,2,14.02
12891,2025-03-17,1715,P014,3,21.68
332,2025-04-26,1077,P046,3,"16,15"
10742,2025-12-09,1205,P013,3,"7,03"
16878,10-10-2025,591,P041,1,17.94
16672,2025-10-30,2640,P042,3,18.94
2170,2025-12-10,2598,P043,1,"16,58"
2728,2025-09-23,1172,P021,-1,"14,81"
17300,2025-01-26,551,P030,1,"68,51"
12358,2025-05-14,2237,P022,2,"18,95"
9300,2025-01-11,3649,P026,3,33.69
10539,07/02/2025,3043,P037,1,"41,78"
16052,2025-06-30,1286,P008,1,8.67
5274,2025-06-04,4193,P007,1,27.61
3138,2025-11-05,863,P024,2,10.38
17845,2025-01-16,4088,P022,1,"31,10"
11087,24/04/2025,308,P010,3,5.99
1826,2025-08-19,3118,P047,1,25.61
10081,2025-11-29,1400,P042,1,51.53
3298,03-03-2025,1921,P011,2,25.93
11681,01/11/2025,742,P008,1,5.11
358,13/10/2025,1048,P031,2,"40,36"
993,2025-10-11,699,P008,1,16.91
16923,2025-02-06,1786,P035,1,48.00
771,2025-08-23,1328,P035,1,34.03
9250,2025-02-21,2527,P008,1,29.28
13692,2025-05-28,1027,P033,2,43.24
10630,2025-10-24,659,P027,1,"19,36"
10576,2025-01-02,1882,P005,4,"7,59"
9605,2025-04-21,3474,P011,1,"16,93"
10392,2025-10-22,2823,P037,1,27.50
14618,2025-01-15,442,P041,2,29.45
2777,31/12/2025,4016,P008,1,18.05
8070,2025-02-06,2174,P033,1,79.96
11689,2025-03-13,669,P041,1,"10,22"
8429,2025-05-11,3971,P040,3,46.63
8353,19/12/2025,4086,P019,1,22.14
10373,28/07/2025,3838,P023,1,17.53
14965,04-09-2025,3795,P038,-1,"38,33"
369,2025-12-20,999999,P035,1,"14,97"
13379,09-09-2025,2341,P028,1,54.69
5578,11/10/2025,914,P040,1,50.13
271,16/06/2025,2997,P008,1,"9,91"
3562,2025-04-14,3711,P003,3,12.13
10452,01-12-2025,3126,P031,2,24.98
13909,2025-05-21,1224,P001,3,30.13
4580,2025-09-02,2278,P017,1,30.57
12978,2025-04-22,515,P027,2,74.81
6273,2025-02-15,4170,P010,1,18.53
14499,2025-08-17,3095,P027,1,12.03
4311,2025-07-31,3574,P008,3,21.13
466,2025-03-19,745,P047,3,"17,06"
10274,2025-05-31,3256,P041,1,38.48
9117,2025-04-21,3628,P025,1,"16,55"
7673,2025-08-06,295,P042,1,25.87
10434,2025-03-09,3231,P021,2,"9,21"
15237,15/04/2025,2144,P008,3,"33,38"
9056,15/07/2025,78,P048,1,106.66
12315,2025-03-09,1527,P046,2,11.24
10397,10/09/2025,3615,P037,1,"31,24"
1708,2025-06-21,2755,P031,3,84.49
8416,2025-09-25,2924,P009,2,"27,39"
5676,14/03/2025,539,P025,1,12.46
10879,08-19-2025,1924,P007,1,44.60
7852,22/07/2025,2308,P027,1,"86,46"
17667,13/06/2025,1949,P046,1,41.79
12334,2025-11-14,2801,P013,3,"90,21"
10292,2025-07-02,1997,P015,2,17.63
10571,2025-04-22,3522,P009,2,"24,13"
17284,27/05/2025,2582,P003,1,22.75
13117,2025-05-18,2781,P045,2,21.16
9129,2025-09-21,2977,P017,2,"52,51"
14517,2025-08-06,3447,P043,1,24.08
2430,2025-02-26,3538,P032,1,34.54
6302,2025-06-18,3609,P032,1,"48,61"
11699,2025-08-24,2624,P029,1,"33,13"
15854,2025-01-28,2575,P025,1,10.57
5203,06/09/2025,1429,P027,3,23.65
8227,2025-01-10,3834,P010,1,8.22
16077,2025-08-30,3454,P037,2,11.54
4616,04-18-2025,2336,P008,1,"42,02"
10893,2025-11-17,3110,P003,1,45.07
10216,15/10/2025,2244,P025,2,103.64
4330,2025-01-23,2323,P047,1,32.93
3601,2025-02-01,1503,P041,1,56.88
13182,04-19-2025,322,P046,3,20.84
4039,06/04/2025,613,P026,2,"6,26"
15405,2025-07-17,327,P002,,47.38
845,2025-06-21,3799,P001,1,34.77
3814,02/03/2025,1696,P035,1,"39,13"
10382,14/03/2025,1580,P020,1,"13,04"
1317,07-15-2025,1928,P031,1,"20,63"
8392,2025-02-06,656,P046,3,9.40
2785,2025-03-15,3026,P007,2,50.57
16401,07-24-2025,303,P030,1,"21,40"
2254,2025-04-02,755,P034,2,24.95
10766,23/10/2025,2729,P024,1,"31,22"
10718,2025-09-17,3028,P034,1,42.71
323,2025-07-16,456,P016,1,31.79
5323,23/05/2025,428,P018,1,29.92
5529,2025-09-15,906,P011,1,39.71
2081,29/12/2025,3817,P008,1,"14,46"
17910,2025-01-16,2398,P040,1,"13,61"
2536,2025-10-10,1117,P008,4,22.83
13676,09/02/2025,2188,P045,2,7.44
2297,09/07/2025,208,P036,1,31.33
3181,2025-03-05,3080,P038,1,"22,02"
16726,2025-12-03,1767,P008,1,"15,18"
6507,2025-02-16,1693,P027,2,"19,49"
13718,2025-03-24,1700,P002,1,22.90
15734,31/05/2025,3116,P030,2,18.54
634,04-18-2025,933,P007,2,15.18
9368,2025-10-26,2686,P042,1,10.51
7372,2025-08-18,2135,P003,4,11.97
15277,09/03/2025,17,P010,1,90.17
17117,14/02/2025,1720,P044,1,25.91
5617,2025-08-11,1337,P044,1,56.82
13528,2025-02-18,465,P007,3,47.56
5463,2025-07-11,2406,P029,1,12.86
17220,2025-01-08,1526,P037,4,"29,26"
14022,2025-07-03,2353,P004,4,"28,50"
5692,2025-06-28,2075,P038,1,53.21
7367,2025-06-05,1868,P018,2,45.03
9165,24/07/2025,356,P040,1,15.60
6807,21/01/2025,2243,P039,1,20.63
13697,24/01/2025,3382,P003,1,16.60
12998,05-11-2025,1318,P047,2,56.20
655,28/11/2025,3462,P041,3,22.16
13559,17/11/2025,428,P038,1,"45,41"
16407,01-16-2025,976,P016,1,"15,75"
5778,2025-11-01,677,P041,1,5.66
14382,2025-04-03,3927,P015,3,63.72
144,27/06/2025,2365,P006,1,18.77
2562,13/02/2025,930,P033,3,29.25
2404,2025-07-24,999999,P027,1,21.05
4715,2025-11-06,2315,P004,1,26.92
6618,2025-11-03,870,P017,1,32.19
1947,2025-10-10,4173,P013,,36.74
5884,12-14-2025,3574,P036,2,"14,46"
17678,2025-10-07,468,P041,1,"16,82"
188,2025-08-23,4036,P002,1,"40,74"
13978,2025-02-28,96,P032,1,10.27
17437,2025-02-10,2874,P030,1,48.97
3036,2025-11-17,2855,P022,1,18.97
7484,2025-11-22,1819,P045,1,11.66
2259,2025-07-28,1911,P002,2,"43,46"
9098,14/03/2025,3770,P010,2,21.03
14060,28/10/2025,1224,P036,1,30.80
1223,2025-06-22,2527,P043,1,"5,34"
2950,2025-02-17,858,P030,3,12.46
12217,02/05/2025,3877,P020,1,"32,71"
12941,2025-06-30,2054,P033,1,32.51
5743,03/02/2025,3375,P018,2,5.36
7714,04-14-2025,2146,P035,1,23.15
12649,2025-08-06,2156,P002,1,13.49
15937,25/08/2025,292,P048,2,"19,21"
14612,2025-07-15,18,P030,2,20.68
9487,2025-12-31,1855,P026,1,41.00
3567,2025-07-13,2341,P043,2,"14,08"
9230,2025-04-27,210,P006,1,20.03
9128,11/05/2025,3990,P041,1,"40,78"
17845,2025-01-16,4088,P022,1,"31,10"
5889,2025-09-22,875,P048,1,"51,07"
42,2025-07-23,2827,P025,2,17.77
411,23/04/2025,2134,P018,2,21.91
13398,2025-11-29,2903,P028,1,83.45
2841,2025-12-01,841,P028,2,"74,30"
7203,2025-03-19,1390,P038,1,"33,70"
11615,2025-05-02,1692,P027,2,"18,87"
6595,03-10-2025,1827,P033,3,8.30
450,2025-11-18,3966,P032,-1,34.56
14122,2025-11-03,2626,P008,1,13.71
6301,28/02/2025,498,P015,1,50.46
16170,12-28-2025,830,P027,1,47.68
1163,2025-05-11,2957,P012,1,19.67
6475,26/05/2025,286,P018,3,32.06
11339,2025-12-12,2602,P004,1,"18,87"
13372,09-24-2025,3834,P015,2,40.72
12132,09-18-2025,3475,P001,1,42.55
9663,2025-08-26,1239,P005,3,32.50
6821,19/10/2025,3920,P018,1,33.82
456,26/02/2025,3708,P023,1,"20,14"
13794,2025-08-14,2751,P031,1,71.93
5786,15/04/2025,2623,P033,1,14.68
3757,16/08/2025,1258,P012,1,27.90
11115,30/07/2025,1726,P042,1,17.35
1008,2025-04-30,3060,P006,4,23.92
8419,2025-12-01,663,P040,1,25.35
16195,07-10-2025,3964,P031,1,24.99
15484,09-06-2025,136,P002,1,20.29
6788,2025-10-26,2838,P041,1,17.27
14344,2025-12-18,2209,P013,1,5.56
6745,2025-10-25,999999,P047,1,"30,36"
6342,2025-07-12,622,P036,1,29.71
12730,2025-11-07,2402,P044,1,"56,44"
16677,2025-02-17,1755,P019,2,19.30
3684,2025-10-16,1376,P013,1,44.28
8305,11-25-2025,1412,P048,2,45.85
12559,2025-02-05,1378,P027,2,"27,46"
15980,2025-02-10,1885,P024,1,15.18
14979,06-16-2025,1334,P048,2,"26,61"
7537,2025-11-06,2339,P031,2,42.65
11701,2025-11-21,933,P048,1,72.33
8679,01-06-2025,3192,P009,1,24.48
13914,2025-11-24,1162,P022,1,"22,13"
11444,12-27-2025,1553,P046,1,"42,01"
14602,2025-03-03,1295,P040,1,11.37
10171,06-12-2025,2894,P011,3,39.11
665,27/09/2025,3180,P034,2,21.02
10434,2025-03-09,3231,P021,2,"9,21"
17288,12-03-2025,2480,P005,1,"15,60"
15164,28/07/2025,2167,P048,2,36.02
5005,2025-02-03,699,P040,1,15.19
1094,2025-12-28,279,P018,1,7.93
2215,08/06/2025,4020,P010,2,"70,07"
17376,2025-06-19,3194,P005,1,20.41
10176,17/03/2025,778,P046,1,16.68
11926,2025-04-21,3995,P006,3,"49,38"
12601,10/11/2025,3030,P037,1,"27,89"
13874,2025-06-05,2661,P035,-1,28.00
7138,2025-10-02,3366,P017,1,19.32
7016,2025-07-29,3127,P029,4,29.18
15649,2025-06-20,880,P025,2,45.75
16928,2025-09-20,3360,P023,2,41.14
17292,2025-06-20,289,P018,1,24.92
16488,2025-01-29,1870,P047,2,56.30
15039,04/10/2025,1367,P002,1,"39,04"
3886,2025-11-20,1217,P027,1,34.55
17213,02-28-2025,1720,P013,1,40.98
11619,19/02/2025,472,P025,1,32.80
3916,2025-10-12,3389,P009,3,"35,63"
11758,2025-06-08,1251,P021,2,17.13
13100,16/03/2025,481,P039,1,22.36
4754,2025-04-06,2966,P031,1,"42,14"
4934,2025-03-15,2712,P028,3,15.54
6683,2025-12-17,2133,P010,1,31.48
4104,07/01/2025,368,P040,1,15.60
14257,2025-04-11,1731,P039,1,28.02
1722,2025-05-26,1783,P017,1,39.35
12103,19/01/2025,3193,P017,1,38.64
16934,2025-03-07,1671,P001,1,37.93
4159,20/07/2025,683,P004,2,"25,60"
1793,07/03/2025,646,P030,1,29.03
177,12-22-2025,1598,P019,1,"53,79"
15986,2025-03-01,1657,P018,1,19.98
4862,2025-09-24,3965,P010,1,18.82
5199,10-23-2025,4020,P035,1,"30,97"
6952,06-30-2025,1432,P024,3,87.07
12585,2025-01-11,1586,P036,1,"44,15"
13404,2025-10-03,2965,P009,1,14.28
5125,2025-11-01,1983,P025,1,24.72
11262,2025-01-26,3770,P024,1,17.56
439,03-12-2025,1613,P008,2,"20,42"
9822,04/06/2025,2635,P004,,6.53
12731,04/05/2025,4096,P032,1,14.10
13133,2025-01-18,2859,P042,2,10.61
15178,2025-06-10,696,P034,1,17.17
13232,2025-05-07,2082,P014,1,18.91
12633,28/03/2025,2125,P008,3,"12,99"
17809,2025-03-22,385,P014,1,44.68
118,14/10/2025,513,P047,1,7.70
8408,04/06/2025,2411,P024,1,60.15
8575,16/03/2025,3753,P015,2,"58,04"
5134,27/01/2025,1043,P046,1,8.73
17834,2025-03-21,1930,P038,1,27.19
11385,2025-07-11,1225,P001,3,19.71
4856,28/02/2025,3622,P005,1,55.37
3929,08/11/2025,1930,P039,3,11.98
4964,2025-03-24,3053,P003,1,17.55
9820,05-31-2025,2725,P033,2,"25,77"
17157,2025-02-23,4188,P034,3,56.43
10125,24/02/2025,737,P005,-1,"41,81"
12197,2025-11-29,2643,P012,1,29.64
8603,2025-12-31,2890,P035,4,"30,04"
16478,2025-10-31,1478,P036,2,86.09
13340,31/12/2025,888,P033,1,"36,47"
3879,2025-01-17,888,P043,1,16.98
1151,2025-06-27,3565,P033,1,"10,68"
12549,2025-12-17,2030,P004,1,75.37
9039,2025-12-16,2267,P039,1,"39,05"
10710,2025-03-21,4057,P037,2,24.90
9873,2025-06-25,694,P009,1,17.19
5201,2025-05-02,1902,P040,1,"76,18"
13072,2025-06-20,171,P029,1,"4,91"
11873,2025-05-16,1733,P045,3,11.84
2668,2025-07-19,3648,P009,4,"77,62"
7594,08/09/2025,2582,P033,1,"22,49"
17505,2025-05-05,3885,P044,1,"24,44"
927,16/10/2025,88,P043,-1,"19,29"
640,2025-09-29,3630,P007,1,30.00
3642,2025-11-02,3685,P016,2,47.18
611,2025-07-28,837,P023,1,"24,69"
10425,26/08/2025,1818,P013,2,82.08
2653,10/05/2025,299,P045,1,28.51
7974,21/05/2025,2068,P020,2,15.95
8595,24/07/2025,2692,P017,1,20.20
3220,12/08/2025,3631,P030,1,"21,59"
6671,04-23-2025,2781,P003,1,58.66
2353,2025-03-21,2893,P022,1,25.99
6434,02-09-2025,2981,P017,1,16.02
11539,2025-01-23,91,P011,-1,26.26
11127,30/05/2025,1329,P023,4,"25,76"
15344,2025-05-28,128,P004,1,8.87
978,03-27-2025,2011,P006,1,20.19
765,2025-07-10,1608,P004,2,22.81
12162,2025-12-27,1214,P014,1,3.50
625,02/04/2025,4007,P044,2,"25,65"
9234,04/09/2025,3220,P043,2,13.77
17443,2025-03-21,4056,P045,1,20.66
12306,04/09/2025,626,P005,1,26.52
10438,05-25-2025,1418,P009,1,34.06
16115,28/09/2025,703,P019,2,"17,74"
14151,2025-08-05,3286,P038,1,"33,58"
1885,2025-01-19,3514,P017,2,34.44
12098,23/02/2025,3829,P014,2,24.65
9874,2025-02-27,2882,P013,2,"24,87"
12884,2025-09-27,3341,P028,1,"40,04"
4174,2025-07-22,2288,P032,2,26.46
9634,2025-06-08,18,P038,1,19.42
4597,19/11/2025,3801,P025,1,24.60
13732,15/12/2025,391,P025,1,30.21
9656,28/02/2025,3091,P020,2,"70,62"
17427,08/08/2025,959,P008,2,"18,86"
3080,2025-11-15,3976,P004,1,15.36
5765,2025-09-07,79,P038,1,29.36
115,10/09/2025,526,P009,1,15.19
13741,2025-10-22,3300,P031,1,"9,28"
2307,2025-05-23,1912,P019,1,"29,54"
15126,02/10/2025,2473,P021,1,22.72
12297,2025-12-24,1877,P017,4,23.78
15942,2025-11-28,94,P020,2,25.26
15236,07/08/2025,4001,P036,1,68.13
14409,2025-05-07,252,P026,2,16.02
17373,2025-08-20,1902,P031,2,7.72
99,28/03/2025,1329,P013,3,30.62
7999,2025-08-29,1068,P001,3,15.99
3084,08/08/2025,3176,P017,1,28.18
17685,2025-06-17,844,P045,2,27.04
2911,2025-06-26,3519,P045,1,"50,82"
6026,27/04/2025,268,P040,1,19.29
16799,2025-08-26,4121,P012,4,40.21
5633,06-22-2025,2125,P032,1,65.05
5382,23/09/2025,999999,P012,1,48.78
9917,2025-03-04,2492,P041,2,29.08
8289,2025-11-02,3321,P026,1,23.98
2760,23/08/2025,1636,P008,1,14.95
2177,2025-03-18,2910,P002,1,17.18
15246,12/01/2025,496,P010,1,"15,10"
5462,2025-07-24,1386,P037,1,24.95
11712,18/05/2025,3209,P020,1,44.44
8759,2025-06-29,800,P003,1,125.90
6233,2025-05-19,3634,P031,1,"48,31"
3239,2025-04-17,2630,P043,2,30.52
5069,03/05/2025,3345,P041,1,34.54
12259,2025-07-01,1482,P048,1,20.32
12261,12/08/2025,4185,P037,1,"35,86"
2971,04-18-2025,3548,P016,1,66.94
16697,2025-11-04,3336,P001,2,"22,23"
13679,2025-09-14,498,P023,3,16.06
14955,2025-04-03,3710,P008,-1,23.89
7518,2025-05-29,1692,P032,1,18.38
9198,2025-10-27,415,P026,3,27.66
1742,2025-05-22,2575,P042,1,42.01
12486,2025-03-26,1123,P048,2,45.99
3996,2025-12-02,2461,P006,1,41.97
16336,12/03/2025,2486,P034,2,"69,62"
628,15/11/2025,233,P001,2,20.53
4177,20/02/2025,1002,P010,1,"96,25"
2765,31/05/2025,2326,P041,1,28.65
15210,04-25-2025,3099,P006,1,15.04
9831,2025-08-15,1995,P008,3,104.87
14738,2025-08-18,3824,P045,1,50.22
15025,20/02/2025,3696,P003,1,23.18
3190,26/04/2025,644,P008,2,13.42
8271,2025-11-12,1431,P025,1,24.00
4665,01-28-2025,4061,P038,1,26.90
16456,2025-03-18,3080,P026,1,68.47
5671,2025-12-30,3754,P041,1,52.64
8401,2025-02-25,264,P020,1,"19,46"
4169,29/10/2025,2980,P008,1,"22,38"
15713,2025-04-05,2273,P045,3,97.38
2179,20/12/2025,4099,P038,1,30.94
4962,2025-02-15,2915,P035,3,22.13
2547,04/12/2025,1659,P006,2,17.43
7732,03-25-2025,1415,P040,1,29.31
3051,2025-06-06,2090,P018,1,"29,37"
10265,2025-07-23,2568,P002,1,"20,57"
9559,2025-03-23,3149,P045,1,46.26
5990,2025-04-17,2661,P033,1,39.58
15667,2025-02-15,1550,P017,1,"6,96"
11861,2025-06-12,3606,P032,1,31.17
12070,2025-05-02,1950,P036,1,29.62
5860,07-05-2025,2755,P028,1,16.76
9590,2025-07-02,2984,P019,2,"18,91"
3274,2025-05-03,551,P018,2,"58,82"
1088,2025-01-14,87,P045,3,20.74
7489,23/03/2025,557,P015,2,10.24
14467,11/08/2025,1570,P025,1,"19,81"
4448,13/05/2025,322,P007,3,31.34
13435,2025-07-11,841,P040,2,"27,90"
1392,2025-09-09,3229,P036,1,55.37
11527,2025-10-01,813,P009,1,10.39
4285,2025-12-11,2606,P029,1,"23,73"
12255,02-25-2025,2424,P019,2,"40,30"
9811,16/06/2025,2372,P012,2,"22,80"
2186,06/03/2025,2642,P037,1,"18,71"
16477,2025-02-03,1543,P031,2,123.09
6971,08-09-2025,1776,P035,1,27.35
16512,2025-12-11,679,P035,2,17.84
9149,28/08/2025,2509,P005,1,23.69
7674,2025-11-13,17,P009,1,18.93
6284,10/11/2025,2429,P031,2,"19,10"
10765,09/07/2025,1080,P010,1,19.06
4160,25/02/2025,3908,P006,3,39.38
13401,2025-02-07,4117,P004,-1,73.57
6512,10/03/2025,942,P021,4,14.10
3376,08-12-2025,584,P038,1,"32,41"
7076,2025-05-20,898,P043,2,39.46
2119,14/09/2025,3187,P001,2,"26,67"
5460,08-19-2025,3481,P003,,44.58
3422,2025-05-05,3197,P019,1,40.90
5998,04/08/2025,3923,P010,1,13.24
14277,24/03/2025,673,P017,1,28.35
11065,2025-11-02,943,P001,1,12.17
12576,2025-05-16,2994,P034,4,14.66
7962,2025-01-11,3703,P046,1,55.37
14493,2025-02-06,1079,P024,1,23.51
13184,2025-10-02,2290,P030,2,21.02
11554,2025-08-16,2780,P016,1,55.40
138,06/01/2025,2990,P031,1,65.58
17358,22/07/2025,3351,P005,2,39.66
4714,2025-02-05,736,P008,2,118.31
15702,09/10/2025,1725,P007,1,"81,46"
8667,2025-02-25,237,P012,2,36.97
14986,23/12/2025,685,P029,3,29.02
13713,2025-11-27,2378,P016,1,38.40
5503,12/08/2025,311,P017,1,23.63
12745,09-25-2025,3182,P033,1,"98,20"
16937,2025-04-08,1323,P014,1,"50,15"
5395,2025-08-31,2586,P025,1,26.87
9272,19/05/2025,4148,P006,2,65.25
15020,2025-01-04,167,P039,3,38.24
3104,2025-12-23,3600,P009,2,"10,30"
13846,11-08-2025,1717,P039,1,"7,22"
9924,2025-05-28,1460,P018,1,25.03
17055,29/05/2025,14,P037,1,19.91
3822,30/09/2025,941,P024,2,43.56
3973,27/07/2025,3546,P024,1,13.00
17404,2025-09-20,3222,P017,-1,13.15
16395,2025-09-17,3759,P029,1,"67,22"
14038,2025-06-10,3625,P041,1,15.09
12249,2025-11-19,3500,P018,1,34.38
3617,2025-03-16,2267,P017,2,7.96
1841,2025-08-21,3421,P017,1,15.15
4816,2025-05-28,2745,P001,2,33.28
14070,01-12-2025,4030,P042,1,64.73
3034,2025-09-03,2955,P004,1,"18,53"
11264,17/11/2025,999999,P023,2,"47,26"
9458,26/07/2025,3778,P033,1,14.11
9354,28/03/2025,2678,P002,1,21.41
11801,07-02-2025,3359,P003,1,"59,94"
5324,2025-03-07,2626,P001,1,59.95
10575,2025-07-19,3521,P019,2,"21,15"
659,2025-08-02,1596,P047,1,"24,57"
13975,2025-09-09,2218,P038,1,25.34
218,2025-12-14,449,P001,2,33.74
16055,2025-08-23,3436,P016,1,"50,71"
11123,12/02/2025,969,P041,1,21.93
15354,29/07/2025,979,P019,2,20.64
292,2025-08-18,703,P013,2,13.21
10147,2025-08-28,517,P026,2,"52,71"
378,2025-03-11,1437,P046,1,14.01
8563,2025-09-21,3485,P009,1,44.43
13650,2025-09-30,574,P006,1,74.23
7865,2025-01-17,2513,P035,1,31.78
11627,2025-08-08,3915,P020,2,25.53
13805,17/03/2025,3811,P022,2,24.01
13204,2025-01-18,3535,P025,1,75.76
8452,2025-10-06,3272,P038,1,9.99
12018,2025-02-27,1690,P020,1,40.22
1612,2025-01-04,1905,P044,-1,15.39
3947,2025-05-07,1850,P003,3,14.80
5837,11-03-2025,2761,P043,1,40.18
14287,2025-10-13,729,P034,1,11.70
5708,07-16-2025,2423,P030,3,"33,41"
16506,2025-03-05,203,P020,1,69.11
7882,21/01/2025,3752,P035,1,"22,12"
6175,2025-06-07,1060,P032,1,73.48
44,2025-04-02,3803,P019,2,33.11
16428,2025-01-18,2161,P030,1,38.66
13592,11/03/2025,3501,P034,3,16.33
7509,09-28-2025,124,P013,1,24.87
14969,2025-10-07,3292,P024,1,"10,28"
16746,12/06/2025,3766,P025,1,25.38
6850,2025-12-11,646,P009,1,10.49
3733,18/04/2025,1756,P020,2,44.67
7390,16/11/2025,1456,P033,2,18.31
13280,31/07/2025,3763,P030,3,"36,10"
9717,2025-03-27,179,P021,1,52.83
6324,2025-12-21,2481,P027,2,"21,67"
12189,2025-07-07,534,P025,1,25.29
8263,27/12/2025,301,P035,1,13.35
9123,2025-05-10,291,P003,2,9.72
3352,2025-10-06,4128,P017,1,15.27
16101,2025-05-30,96,P047,1,21.54
9416,19/05/2025,1520,P028,1,22.81
7495,10-14-2025,2522,P028,3,21.84
17523,2025-05-10,1904,P025,1,34.87
3457,13/01/2025,1291,P043,1,"15,39"
159,2025-10-25,3494,P033,1,"54,84"
519,2025-10-31,2961,P045,1,71.40
7287,26/05/2025,2199,P004,1,22.50
14336,15/09/2025,3844,P046,2,17.09
14921,2025-09-15,3491,P048,3,45.12
9334,2025-08-12,2615,P005,1,25.14
13651,05/04/2025,3384,P015,3,25.45
13477,30/01/2025,3462,P005,2,"50,41"
15390,2025-01-29,106,P024,3,28.69
17578,2025-11-01,2542,P014,2,32.18
6620,2025-08-21,1377,P001,1,12.81
16600,2025-11-02,3468,P031,1,"37,43"
10030,04-06-2025,1834,P029,1,17.59
16066,05/02/2025,2498,P034,2,67.83
4717,2025-01-01,3510,P035,1,16.51
16704,27/07/2025,1629,P040,1,13.96
7546,14/01/2025,1046,P033,1,36.87
15516,05-08-2025,1239,P015,1,"21,86"
14359,2025-02-25,864,P034,3,"25,14"
12632,2025-09-19,2748,P038,3,35.51
13195,2025-05-09,774,P044,1,12.29
13021,2025-03-11,2804,P042,1,27.98
8278,2025-04-06,3900,P014,1,"16,69"
9588,26/11/2025,1269,P048,4,"16,26"
12754,2025-10-07,2636,P046,1,25.98
16134,28/09/2025,2874,P026,1,23.18
12899,2025-08-22,3286,P011,1,7.96
14709,2025-12-12,1443,P005,1,28.25
86,2025-10-26,4050,P034,-1,"26,08"
2178,2025-12-17,3647,P036,1,29.06
8940,2025-08-09,161,P040,2,9.73
13921,2025-07-13,1675,P028,1,70.50
4763,2025-05-23,556,P033,2,18.92
17764,2025-06-19,1556,P016,1,17.96
13250,2025-04-06,1931,P004,1,48.42
2566,2025-04-17,3063,P001,1,"31,12"
1165,2025-07-03,3509,P021,1,"55,76"
4263,02-15-2025,999999,P003,2,13.14
12287,2025-07-19,1677,P028,2,80.44
14699,2025-10-23,668,P031,3,"38,01"
1425,09-17-2025,270,P041,2,59.84
3624,01/08/2025,1276,P039,1,28.91
12059,2025-06-01,2873,P003,3,"24,25"
14837,01/03/2025,1534,P035,1,13.96
9810,2025-10-11,1816,P011,2,"19,89"
8626,12-04-2025,1959,P041,2,18.85
5600,29/09/2025,657,P020,1,10.09
1476,2025-05-17,3584,P010,1,19.44
3193,08/09/2025,1721,P006,2,25.75
12359,09/06/2025,426,P046,2,31.10
6266,2025-09-19,1190,P002,1,9.39
13905,2025-01-31,2767,P031,1,52.59
781,2025-03-03,2842,P008,1,34.60
9599,26/05/2025,2165,P036,1,13.09
12800,2025-12-02,2519,P006,3,35.53
108,2025-11-17,430,P026,2,25.12
4835,2025-03-04,3719,P007,2,"106,74"
1286,2025-12-27,101,P029,1,16.93
6317,2025-11-14,3347,P036,1,18.61
2034,13/02/2025,824,P040,,42.84
11577,23/07/2025,969,P011,2,20.74
13429,2025-08-01,3422,P038,1,"50,29"
11355,2025-11-22,1455,P016,1,55.63
11923,2025-01-23,2559,P031,1,"18,81"
7917,20/09/2025,1383,P040,2,"24,91"
2202,16/12/2025,190,P025,2,21.48
3712,2025-08-26,4030,P028,1,"43,47"
8633,06/05/2025,14,P015,2,"27,02"
3615,2025-05-07,2071,P002,1,"34,58"
6131,15/02/2025,922,P031,1,37.59
15901,2025-10-18,3692,P013,1,67.69
4,06-05-2025,119,P047,1,"10,51"
36,21/01/2025,1549,P035,1,39.62
6123,2025-04-28,1130,P044,4,32.79
1879,2025-05-26,1268,P028,2,37.43
14869,30/08/2025,4026,P037,2,37.71
12461,2025-03-16,3246,P043,1,21.16
4948,2025-11-02,1836,P037,2,"54,84"
3575,2025-08-13,980,P029,1,41.31
6524,14/09/2025,3865,P037,1,"18,57"
13995,2025-12-31,4079,P015,2,11.82
8493,09/10/2025,3473,P035,1,34.94
2306,2025-11-27,1309,P022,2,"11,24"
5343,13/05/2025,3986,P021,1,34.08
7561,2025-11-21,289,P032,1,"60,55"
17472,2025-06-15,3816,P019,3,17.53
12332,2025-06-02,3056,P038,1,"42,21"
3859,2025-11-28,999999,P045,2,33.65
1603,2025-09-24,3470,P006,1,31.64
9819,2025-06-02,3548,P045,2,35.67
11939,2025-02-18,3191,P001,1,"80,05"
8287,2025-09-09,2041,P004,1,43.61
9974,2025-10-14,3122,P041,2,35.47
14584,2025-01-10,1061,P022,2,35.07
9233,2025-06-08,920,P031,1,"13,11"
14554,2025-08-21,1427,P001,2,25.26
3248,2025-08-27,3391,P031,1,"18,49"
1581,21/12/2025,1492,P038,1,19.05
8949,21/01/2025,2116,P018,1,53.25
7075,2025-12-15,1276,P038,1,36.25
14028,12-10-2025,3693,P031,1,"128,72"
1004,12/04/2025,4083,P025,1,39.89
1213,06/02/2025,3314,P026,1,23.31
17827,2025-11-29,1134,P038,4,10.87
8724,2025-04-26,935,P027,1,88.78
11279,06/02/2025,389,P014,1,36.58
2914,2025-06-21,1231,P023,1,"17,45"
13701,2025-04-07,1474,P031,1,45.34
9793,08-09-2025,794,P034,4,22.48
7891,2025-10-28,4107,P009,2,21.93
409,2025-08-14,1103,P047,1,20.17
365,2025-09-19,427,P003,2,"38,74"
15297,17/07/2025,4140,P025,1,"8,43"
7398,15/12/2025,4085,P021,1,"21,74"
8875,10/05/2025,1900,P015,2,51.41
11704,2025-04-14,3605,P002,1,44.97
17473,2025-08-04,333,P044,4,22.42
9362,2025-10-17,2762,P015,1,24.69
15828,10/01/2025,2668,P014,1,23.00
5548,2025-09-20,3151,P027,1,"42,15"
4914,08-22-2025,2750,P001,1,21.54
7102,2025-05-24,3869,P048,,61.51
9599,26/05/2025,2165,P036,1,13.09
11315,21/12/2025,2373,P014,1,"31,28"
10278,2025-05-07,3352,P048,4,"12,40"
4636,01-07-2025,2093,P038,2,"45,08"
7482,2025-06-22,450,P001,1,"30,24"
1311,2025-02-12,3944,P009,3,63.29
15976,2025-09-18,2037,P047,4,20.08
15886,2025-02-05,2912,P012,3,"25,53"
8019,09-05-2025,3773,P024,1,"23,01"
12290,09-07-2025,3179,P020,1,"52,75"
7002,2025-01-23,3891,P036,2,46.21
6655,30/07/2025,438,P043,1,"13,89"
12253,2025-10-17,999999,P010,1,32.44
11690,2025-01-14,1588,P020,2,30.42
6564,03-04-2025,4192,P016,1,14.52
1095,2025-09-01,807,P047,2,90.91
10626,10-23-2025,1915,P007,2,26.44
10029,2025-03-03,1439,P038,1,"28,55"
7727,25/03/2025,1570,P040,2,"16,87"
8515,2025-11-30,1014,P007,3,"36,39"
12647,22/01/2025,590,P002,1,43.65
7109,27/02/2025,1480,P042,1,"27,41"
8566,2025-01-02,3427,P014,1,97.46
12881,05/12/2025,1462,P016,3,16.16
998,30/01/2025,324,P031,1,"20,88"
5206,16/10/2025,449,P043,1,10.72
17939,2025-11-28,3104,P041,3,"13,80"
11963,2025-11-26,1188,P044,1,"11,04"
5788,01-24-2025,4047,P026,2,31.77
17139,2025-12-25,1364,P023,2,32.45
10375,10/02/2025,3946,P015,1,30.85
3737,2025-04-12,120,P006,2,23.64
8318,2025-01-03,829,P003,1,24.97
1500,2025-03-14,3473,P048,3,23.02
4806,2025-04-07,1783,P031,1,54.98
11568,2025-01-14,2004,P013,3,63.70
1764,2025-12-19,999999,P040,2,20.27
17739,2025-06-20,3080,P006,1,16.06
12242,09/01/2025,686,P038,4,67.66
16252,25/12/2025,2289,P026,2,14.95
8476,02/04/2025,3576,P023,1,"111,85"
9686,2025-08-11,3329,P029,1,"24,47"
16332,02/01/2025,619,P026,3,33.07
15168,11/01/2025,2599,P015,2,73.13
9205,05-29-2025,1547,P009,4,21.21
680,2025-11-09,3268,P009,1,"38,42"
1114,2025-10-19,231,P022,2,"78,84"
14016,2025-10-30,319,P033,1,30.04
5696,2025-04-21,3824,P002,1,"24,19"
13087,05-28-2025,3603,P004,1,18.08
10668,2025-09-30,2492,P048,1,26.63
1526,2025-02-05,3369,P016,1,13.29
5174,16/07/2025,145,P035,1,22.63
17445,22/05/2025,2397,P026,1,"42,02"
9852,08/11/2025,1546,P034,1,12.09
3986,27/03/2025,4099,P036,3,14.03
16925,22/10/2025,3671,P005,3,"17,26"
11948,2025-07-26,2870,P044,2,56.50
13760,06/09/2025,264,P028,1,54.76
11111,10/02/2025,1423,P013,2,167.41
7351,2025-08-24,1672,P016,2,71.39
6935,2025-11-30,2635,P002,1,15.76
2531,2025-09-29,3364,P024,1,"36,19"
2878,2025-11-25,2968,P024,3,"41,53"
4621,16/06/2025,3085,P027,1,22.13
7959,2025-01-29,856,P019,1,"19,95"
7696,2025-04-11,3188,P027,4,7.47
1926,02-09-2025,913,P007,2,12.85
91,2025-02-17,909,P017,2,13.88
3089,27/03/2025,3269,P016,1,41.03
16800,08/03/2025,407,P040,1,"20,43"
2141,2025-05-22,46,P021,1,"117,84"
16433,02/03/2025,1524,P038,2,"11,76"
13955,2025-05-31,596,P042,3,63.62
12887,12/07/2025,1162,P021,3,36.28
17273,2025-11-08,1566,P027,1,14.48
8889,16/08/2025,1720,P048,3,32.93
12894,20/01/2025,4127,P029,2,71.92
16302,2025-05-10,357,P028,3,18.84
15062,2025-08-06,911,P015,3,11.66
5717,2025-08-28,1052,P047,1,24.90
9211,2025-04-29,1658,P029,1,15.49
10973,2025-07-02,2048,P046,1,75.79
514,10-28-2025,494,P024,3,19.42
16205,02/03/2025,3093,P040,1,32.89
6153,2025-05-26,390,P006,,46.00
8805,05-21-2025,162,P028,2,32.02
11380,24/09/2025,4179,P014,2,27.83
7475,2025-09-27,4155,P047,1,14.43
7637,2025-11-11,2402,P033,4,25.30
13684,2025-06-08,339,P030,1,62.25
14864,2025-02-24,1837,P043,1,33.09
12393,07/05/2025,3341,P016,3,31.31
17068,09-30-2025,2864,P016,2,"34,82"
4021,12-03-2025,999999,P032,2,32.86
8554,2025-07-26,1717,P010,2,33.50
17002,2025-02-03,346,P024,2,22.57
3611,2025-02-15,2614,P008,3,"69,75"
4011,2025-01-25,1652,P037,3,"18,38"
3123,2025-06-21,1068,P024,2,40.99
2337,28/10/2025,1226,P006,1,19.48
17620,14/10/2025,1417,P026,2,29.47
17275,2025-02-14,4001,P039,1,51.31
5533,2025-05-18,2965,P010,2,27.55
16622,2025-10-21,114,P016,1,75.02
17500,22/03/2025,1946,P014,1,"36,77"
480,2025-01-20,710,P043,1,43.29
7944,2025-09-18,522,P026,1,60.08
5752,2025-01-19,2063,P033,2,37.93
2759,18/01/2025,3445,P033,1,"13,74"
7260,2025-03-31,645,P018,4,25.81
12427,12/07/2025,1909,P048,1,77.76
2271,16/09/2025,582,P011,1,"33,80"
12831,31/03/2025,1607,P005,3,24.06
12675,2025-12-21,2115,P003,1,20.77
2273,2025-04-04,3389,P036,1,"16,02"
15915,01/11/2025,633,P029,1,47.64
13769,2025-10-14,1917,P023,4,32.96
13487,2025-09-04,3711,P013,4,"39,05"
15551,02-26-2025,4069,P025,1,25.63
8355,2025-09-24,2390,P030,1,"20,34"
12313,2025-11-30,3366,P018,2,11.54
1061,02/07/2025,4076,P046,1,30.74
234,27/03/2025,999999,P025,1,20.68
5787,07-31-2025,755,P046,2,29.33
15632,2025-09-27,4169,P017,1,22.35
7360,2025-03-08,2419,P047,1,"42,76"
11638,2025-04-14,3766,P011,1,23.66
14596,19/06/2025,3742,P023,3,31.47
14247,2025-01-22,1975,P028,1,"59,51"
5939,2025-05-07,573,P003,3,"18,25"
709,11/07/2025,519,P005,1,14.39
14605,2025-04-16,1353,P013,1,29.22
6806,11/01/2025,999999,P013,2,47.43
11204,2025-02-26,4108,P046,1,"25,14"
13123,14/09/2025,2335,P017,2,92.43
7193,2025-08-03,2695,P026,1,19.02
13640,2025-05-23,1369,P001,1,46.48
11734,2025-01-03,1523,P048,1,28.11
3865,2025-06-30,3762,P025,2,15.57
5380,05/11/2025,1870,P001,4,18.17
13671,2025-07-01,2662,P010,1,13.97
3245,09-09-2025,2688,P031,1,22.32
3384,05/04/2025,1641,P043,1,65.22
5065,2025-03-04,2054,P007,1,13.85
4220,2025-02-02,2801,P025,3,"10,24"
15423,2025-01-16,3887,P011,1,24.19
1673,01/12/2025,3213,P028,4,"17,25"
13814,2025-03-25,4042,P042,1,8.18
10363,2025-10-10,3775,P008,1,29.75
11168,2025-11-14,3965,P009,2,64.39
6401,07-02-2025,2445,P045,1,28.54
3076,2025-01-15,2414,P028,1,11.11
3112,2025-04-20,4181,P041,1,18.23
6329,23/01/2025,812,P016,1,38.10
3372,03-25-2025,1011,P010,1,"28,77"
9825,2025-03-20,2685,P046,2,24.74
1856,2025-08-21,2796,P003,3,32.96
1778,01/08/2025,3600,P033,1,39.23
7788,13/12/2025,3454,P042,2,58.20
8311,2025-02-03,2950,P046,1,24.12
4046,30/11/2025,4170,P040,1,15.15
11190,2025-05-07,405,P001,2,"17,32"
16787,2025-04-09,1495,P016,3,25.99
938,2025-12-22,532,P022,1,"5,48"
14150,2025-11-05,2678,P036,1,16.70
5702,02/01/2025,1986,P028,2,24.10
8869,01-14-2025,3797,P044,1,40.02
10084,2025-04-14,2178,P039,1,"30,46"
3062,27/02/2025,882,P007,1,26.61
4744,2025-10-06,2841,P019,1,23.24
11174,07/03/2025,2496,P024,1,41.82
1227,2025-07-01,3505,P047,4,20.00
253,2025-04-25,3882,P004,1,"42,81"
8309,04-19-2025,2178,P032,,36.64
12829,17/06/2025,3953,P023,2,"35,18"
3300,01/04/2025,189,P013,1,"40,24"
11049,13/11/2025,2711,P002,3,17.43
5735,29/01/2025,3903,P014,3,57.53
12953,01/08/2025,1768,P032,1,20.35
12300,2025-07-14,4114,P025,4,"50,27"
2109,11/08/2025,3675,P025,1,11.35
17039,2025-04-08,3143,P021,2,24.33
12658,2025-10-18,931,P018,1,7.91
11473,2025-12-25,3352,P011,1,12.66
14991,24/02/2025,999999,P046,2,62.49
14498,2025-06-03,1059,P019,1,41.18
5387,2025-10-02,1325,P033,1,"19,19"
3312,05/11/2025,3177,P007,4,"9,58"
15645,2025-05-28,2959,P046,4,15.00
14446,2025-05-31,990,P042,1,"37,60"
12147,09-15-2025,562,P017,,35.05
17731,2025-07-14,1393,P015,2,16.53
7027,29/06/2025,3624,P029,2,9.82
11206,2025-03-06,3953,P034,-1,63.38
6721,2025-11-02,1385,P007,1,12.43
4936,19/01/2025,1821,P037,1,"13,05"
8475,2025-11-15,1336,P038,1,"34,18"
15905,2025-10-10,4198,P046,1,30.08
5967,10-15-2025,1507,P008,1,36.44
11210,20/11/2025,2536,P032,2,"24,68"
9839,02-04-2025,1695,P008,1,"21,16"
16736,26/06/2025,2212,P039,1,84.39
15056,2025-08-08,1215,P009,1,37.42
15611,30/12/2025,2826,P002,1,"27,58"
1255,30/03/2025,2658,P016,3,9.51
2094,2025-10-10,2715,P009,-1,"77,43"
278,17/11/2025,2598,P007,1,14.80
14066,2025-03-03,3579,P045,1,12.54
708,2025-10-08,2023,P004,1,25.23
5051,2025-08-26,1293,P048,,24.69
13673,2025-08-07,1829,P041,1,21.17
9470,14/05/2025,325,P040,1,"20,71"
2543,12/02/2025,988,P044,1,44.46
5815,2025-03-16,3358,P026,1,"58,65"
15483,09-23-2025,3267,P019,-1,51.33
9086,01/07/2025,3522,P028,2,91.06
14992,2025-06-15,480,P027,1,91.28
16875,2025-12-10,3090,P024,3,77.89
3077,2025-10-02,3511,P023,4,10.10
12823,2025-09-15,2629,P031,1,90.12
15094,2025-01-30,3407,P018,1,20.36
12477,2025-04-10,2423,P010,1,8.27
11430,2025-11-07,2782,P007,4,27.63
13647,27/07/2025,1306,P031,1,25.07
2389,23/05/2025,348,P015,1,15.27
505,2025-02-11,1761,P031,1,"21,41"
11395,2025-11-29,4144,P042,2,"90,29"
17205,2025-12-22,1523,P024,1,"20,66"
11309,22/07/2025,1840,P035,1,28.25
5223,17/06/2025,3428,P020,3,13.23
8879,10/11/2025,1226,P043,1,28.07
15247,2025-08-29,2210,P018,1,12.38
7639,13/05/2025,2126,P001,1,"20,58"
15903,10/07/2025,3143,P024,1,24.53
13801,2025-04-06,2449,P011,3,16.59
1017,2025-10-10,4026,P015,4,23.04
6158,2025-12-18,661,P042,1,12.66
13035,2025-04-28,2981,P009,3,"46,33"
7922,2025-06-16,1256,P020,1,39.34
11753,2025-04-17,821,P040,1,80.44
10150,2025-12-28,1730,P044,2,"101,61"
17315,04/07/2025,406,P004,1,56.83
17934,2025-08-20,4094,P008,2,"38,08"
5337,2025-12-14,1732,P016,1,47.51
15218,2025-09-20,83,P046,2,55.44
1062,12/11/2025,3616,P042,1,13.62
11671,07-12-2025,4107,P006,1,23.49
11418,23/02/2025,2815,P033,1,132.33
11415,18/06/2025,2600,P003,1,52.40
7058,2025-11-21,2028,P008,2,"43,08"
6264,2025-07-26,1259,P005,3,"52,73"
437,2025-03-24,900,P006,1,"22,88"
7562,2025-01-15,2979,P047,1,17.05
12747,2025-10-14,3182,P031,1,"30,57"
15431,12/10/2025,3367,P019,3,"124,89"
14701,04/06/2025,3126,P037,3,32.08
13506,2025-12-03,998,P039,1,"16,33"
3921,04-22-2025,999999,P047,2,38.43
4815,07-29-2025,3081,P013,1,28.66
16173,2025-03-17,1845,P048,1,26.31
1504,2025-07-05,978,P044,1,19.94
14392,2025-05-21,2165,P040,1,21.21
14187,03/12/2025,159,P043,2,11.34
12524,31/03/2025,2562,P024,1,33.74
1417,2025-01-23,1619,P033,3,75.43
7256,26/05/2025,3541,P009,1,"97,25"
644,14/12/2025,3584,P008,1,"34,47"
1968,03-11-2025,1776,P013,1,61.58
7108,2025-12-26,2550,P009,3,"60,68"
5377,04/07/2025,4056,P040,1,31.37
17306,2025-09-11,854,P032,1,24.54
10648,2025-04-20,880,P040,2,13.09
16209,2025-02-04,734,P005,2,14.05
5921,2025-09-11,572,P010,1,"28,60"
6660,2025-09-05,1356,P020,1,"60,56"
37,2025-08-17,2097,P042,2,15.12
4659,17/08/2025,1551,P033,1,26.97
1345,05-15-2025,142,P045,2,19.01
1766,2025-01-16,1194,P015,2,22.45
2331,2025-12-18,1388,P024,1,22.69
6549,2025-10-08,3553,P034,1,32.87
9124,03-25-2025,2162,P008,1,40.64
17247,2025-08-19,3785,P018,1,17.00
11033,05-16-2025,1649,P013,1,"15,56"
1493,2025-12-19,3473,P042,1,18.58
15414,2025-05-25,999999,P034,1,26.61
15668,02/02/2025,2158,P011,1,91.74
7558,05-18-2025,163,P045,2,"41,34"
4725,2025-06-21,2631,P037,2,"22,04"
38,2025-01-01,470,P028,2,13.23
13138,19/04/2025,1160,P031,1,"67,17"
10485,2025-07-07,3777,P041,1,24.77
1490,2025-02-20,999999,P012,1,12.20
1282,05-25-2025,4010,P025,1,"26,30"
11887,2025-08-27,1362,P035,2,25.92
13476,2025-12-20,2361,P008,1,60.17
7756,07/07/2025,3596,P005,1,96.38
837,15/02/2025,2018,P007,1,"39,02"
9019,20/10/2025,3964,P034,2,37.63
3933,29/10/2025,56,P040,1,51.80
3938,2025-01-02,1620,P035,1,34.13
4626,02-19-2025,463,P027,1,50.40
8156,2025-03-27,998,P031,1,48.49
13969,2025-09-09,2347,P028,3,"19,03"
5471,07/09/2025,2922,P047,2,42.22
2645,2025-09-30,3613,P003,1,29.11
11219,17/03/2025,3091,P023,2,24.37
14391,2025-03-01,163,P036,2,56.46
3619,03-16-2025,1654,P041,3,47.51
11189,2025-11-22,3555,P011,,20.96
14971,06-04-2025,3378,P013,2,"42,40"
14465,2025-03-19,2931,P018,1,11.79
1015,07/07/2025,3328,P011,2,"20,89"
746,19/03/2025,2613,P008,1,31.52
833,29/09/2025,3076,P025,4,12.12
15377,2025-11-17,2138,P016,1,10.08
1827,03/03/2025,182,P013,,32.18
7913,27/06/2025,2218,P026,2,20.03
6221,2025-01-23,1788,P044,2,"21,60"
4419,10/11/2025,2328,P014,3,43.50
795,2025-01-16,3566,P011,2,76.42
2790,2025-10-25,632,P034,1,21.88
14322,2025-10-08,1778,P030,3,16.72
8957,2025-06-07,1465,P011,1,30.13
3477,2025-08-25,2086,P046,1,"45,28"
16578,2025-09-06,686,P048,3,48.37
2616,26/02/2025,2414,P047,2,"13,50"
12527,2025-02-06,1053,P045,3,18.72
6947,02/06/2025,575,P011,4,12.21
6616,2025-03-13,3998,P024,2,33.24
3707,09/04/2025,1021,P009,1,30.67
17712,07/08/2025,197,P014,2,34.21
3755,02-08-2025,2718,P025,3,9.94
12866,02/05/2025,3429,P021,1,24.75
16720,2025-11-06,4083,P026,2,9.16
13207,2025-04-06,1818,P006,1,24.55
16053,24/04/2025,2214,P043,1,32.51
4449,2025-01-04,469,P013,2,38.32
7572,2025-03-09,3586,P032,1,"29,37"
14698,2025-12-15,1809,P028,2,48.28
13990,2025-06-23,3076,P037,1,35.90
12991,2025-07-28,354,P038,1,"23,88"
13670,03/07/2025,1035,P029,1,23.19
1823,12/01/2025,2131,P022,4,"24,70"
16609,23/10/2025,1990,P042,1,9.11
6350,2025-02-09,2286,P029,2,70.55
14316,2025-08-20,2679,P048,3,54.93
14482,2025-05-18,3007,P022,1,"13,05"
4290,2025-08-10,2555,P038,2,46.61
6844,21/01/2025,2611,P021,2,"20,36"
14436,2025-11-20,3596,P019,1,17.48
11625,2025-10-03,3080,P029,4,"6,44"
8723,24/04/2025,3615,P021,3,"20,84"
12743,04/09/2025,2020,P047,4,"26,40"
11497,2025-06-21,496,P032,2,44.44
8122,2025-03-04,3214,P031,1,34.28
15979,2025-08-05,2259,P016,2,45.71
14526,2025-07-10,2822,P007,1,19.07
4671,02-26-2025,363,P003,1,22.29
8577,2025-08-30,3661,P017,2,"59,80"
5963,2025-10-30,1000,P016,2,17.67
10875,20/12/2025,2834,P042,1,24.35
15636,10/11/2025,2628,P012,1,18.57
4907,18/11/2025,3786,P016,1,"53,00"
11849,2025-01-29,2753,P004,1,"20,78"
5716,2025-04-23,3737,P031,1,43.71
13996,2025-07-20,933,P015,4,23.56
15856,2025-10-02,2070,P018,1,23.72
13066,23/05/2025,2877,P028,2,"5,45"
17467,06/01/2025,149,P009,1,11.75
11991,29/12/2025,1109,P034,-1,103.95
17001,03-18-2025,1876,P010,1,32.55
11743,07-07-2025,3165,P003,1,39.93
10130,2025-08-24,3762,P027,4,"81,91"
14197,03/07/2025,498,P021,1,24.27
6880,21/11/2025,1850,P044,1,"39,11"
7436,02/05/2025,4109,P033,1,38.34
15074,2025-01-28,3170,P010,2,40.48
12689,2025-02-24,548,P038,1,25.90
15472,11-18-2025,2845,P048,,"14,20"
13461,2025-06-07,4002,P027,1,20.49
14670,2025-06-15,1447,P046,2,34.89
643,10/11/2025,684,P032,3,"6,28"
14664,2025-07-14,1702,P042,2,"20,18"
3069,22/12/2025,1374,P013,1,29.54
4476,25/07/2025,2180,P045,1,"31,70"
12860,16/01/2025,3950,P016,1,18.26
16125,03-27-2025,4143,P041,2,11.84
5218,2025-06-14,2359,P018,1,111.38
1260,2025-09-13,4199,P047,-1,25.63
14863,12-19-2025,2638,P005,2,"51,38"
3243,2025-04-13,3498,P011,2,63.91
14681,2025-07-19,1031,P027,2,19.53
6591,2025-02-11,553,P047,2,45.35
11693,2025-10-14,305,P003,1,26.57
2002,2025-10-10,3830,P018,1,"16,72"
17614,2025-04-21,999999,P028,2,"7,65"
4838,2025-04-20,2300,P001,1,"81,76"
17141,10/09/2025,2604,P043,1,24.97
1296,2025-01-07,2521,P032,3,31.16
3607,11/06/2025,191,P030,1,36.27
12864,10/09/2025,343,P044,1,26.01
16371,23/10/2025,2854,P047,1,32.30
4768,2025-08-04,168,P044,2,26.97
13863,2025-06-19,1917,P017,1,32.86
5423,2025-02-23,678,P027,2,35.52
582,04/09/2025,3351,P004,1,44.93
3331,2025-11-16,1320,P048,1,37.28
1740,05-20-2025,102,P029,1,63.55
15179,16/05/2025,1933,P034,1,59.16
12840,25/04/2025,1623,P003,1,36.99
10554,14/10/2025,831,P011,2,7.88
12265,2025-05-13,1937,P032,1,22.29
17289,2025-04-12,573,P004,3,39.01
6506,2025-01-04,730,P033,1,25.94
2373,04/03/2025,1034,P023,-1,"63,17"
3736,2025-12-31,2963,P016,1,97.49
13260,2025-06-19,607,P045,1,"25,63"
17246,2025-04-26,2038,P010,3,16.11
1490,2025-02-20,999999,P012,1,12.20
2108,17/07/2025,3010,P023,2,"31,55"
14742,11/06/2025,575,P004,3,41.06
1474,2025-11-05,1918,P013,1,16.34
4330,2025-01-23,2323,P047,1,32.93
3013,2025-01-07,3414,P015,1,"45,74"
16089,18/08/2025,1154,P013,2,23.15
12227,03/12/2025,1259,P042,1,38.06
14121,2025-05-23,2589,P025,1,44.85
15375,02-27-2025,853,P008,1,32.34
10955,29/08/2025,3813,P038,2,19.60
6528,2025-11-02,521,P017,1,24.15
11546,2025-09-21,2509,P034,1,10.70
11439,2025-05-21,2255,P012,2,"39,57"
13792,20/06/2025,3586,P002,1,23.56
14048,2025-12-11,1843,P015,2,19.80
2792,06-27-2025,242,P048,2,"70,66"
10977,2025-08-15,2088,P031,1,"10,04"
8728,12/07/2025,1160,P031,1,48.64
15818,2025-03-28,1398,P010,3,53.30
9860,2025-08-20,855,P016,1,48.45
15160,26/12/2025,965,P030,1,85.55
5444,09-26-2025,122,P009,1,32.70
1188,2025-05-12,2658,P039,1,43.21
911,2025-11-17,2144,P014,1,"49,56"
9390,2025-08-03,103,P015,1,24.54
16284,2025-04-08,1044,P018,1,28.79
12778,11-02-2025,2209,P009,1,12.78
1730,2025-04-22,1599,P029,4,"11,93"
5342,2025-10-20,3853,P005,1,"10,02"
7595,2025-04-23,2878,P024,2,53.81
13513,2025-10-23,3119,P012,2,"15,36"
13458,14/05/2025,2077,P001,3,33.52
7835,04-22-2025,1258,P023,1,24.46
6343,07/08/2025,2587,P035,-1,13.33
12172,01/07/2025,1683,P003,1,20.44
4961,09-13-2025,3343,P010,2,13.53
12054,2025-11-29,1583,P020,1,13.42
12492,01-30-2025,3314,P031,1,"19,57"
1553,2025-08-16,2073,P027,1,15.94
5268,2025-09-07,3873,P045,1,"54,11"
9072,2025-04-24,2211,P032,2,32.98
767,2025-05-20,723,P033,1,"15,12"
14580,2025-03-18,477,P001,2,57.10
16921,2025-12-10,1254,P033,3,"12,64"
7842,2025-04-09,3818,P031,4,11.93
7095,25/02/2025,4096,P015,1,41.56
16102,2025-03-24,2139,P041,1,"27,24"
12344,05/11/2025,11,P046,-1,"14,18"
1914,2025-03-25,3081,P020,1,"4,88"
1501,2025-03-24,2370,P025,1,34.37
5076,2025-03-06,2679,P011,2,"16,94"
10585,2025-09-09,3157,P005,1,"11,83"
8057,13/04/2025,312,P031,1,42.87
2871,2025-03-09,386,P001,2,27.81
14055,13/10/2025,1048,P042,1,22.61
13276,2025-01-23,1146,P028,2,24.04
8068,03/05/2025,4150,P025,3,"26,65"
14525,03-25-2025,3064,P015,1,46.88
7319,10/05/2025,987,P043,1,12.06
5981,11/09/2025,3752,P004,2,23.20
17994,25/05/2025,1728,P005,2,17.53
6383,2025-09-10,3663,P036,1,"13,94"
9880,2025-03-11,3662,P035,2,21.61
12363,2025-01-18,861,P043,1,"13,69"
6715,2025-06-27,808,P016,3,24.68
10082,02-07-2025,2776,P023,3,"5,07"
8823,2025-01-21,3838,P017,3,63.50
804,2025-09-03,2811,P004,1,"14,62"
5932,04/12/2025,2354,P008,2,18.80
16824,2025-12-02,2165,P002,1,62.76
12011,06/06/2025,3930,P042,1,57.68
10973,2025-07-02,2048,P046,1,75.79
4462,2025-12-26,2120,P001,1,"34,04"
2143,24/03/2025,1960,P020,1,10.97
17436,2025-01-31,1218,P025,2,16.00
17721,2025-09-18,1703,P039,2,22.35
10629,2025-08-23,2881,P044,2,16.69
6364,12-31-2025,4053,P008,2,28.33
6093,2025-08-19,1629,P023,1,"35,80"
9116,03/03/2025,1861,P009,1,22.14
14298,18/04/2025,2950,P046,3,"24,36"
128,2025-10-12,512,P022,1,26.70
8520,2025-07-30,245,P014,1,22.28
6224,2025-08-20,2568,P037,1,11.89
17164,2025-11-09,737,P013,2,78.39
2567,2025-05-20,3825,P016,1,41.05
17402,08/05/2025,690,P035,-1,45.05
15807,2025-10-26,1493,P042,3,14.09
4373,10-31-2025,137,P034,1,49.43
6911,2025-12-13,1763,P006,2,95.00
13418,06/06/2025,1825,P003,1,"23,14"
7186,2025-09-29,2872,P038,1,13.97
9324,2025-01-09,215,P006,1,17.04
12920,21/10/2025,233,P018,1,5.29
3383,2025-11-02,2345,P018,-1,"32,08"
5929,2025-04-06,3799,P023,1,18.95
5824,29/12/2025,3695,P022,2,"67,45"
7972,10-05-2025,3493,P038,1,9.27
16234,2025-02-12,2720,P047,1,41.06
12168,25/11/2025,1561,P007,3,17.33
5814,2025-09-22,1194,P016,1,"38,85"
15180,2025-07-07,897,P023,1,16.81
16280,2025-10-05,1726,P025,3,22.50
12959,2025-01-13,2090,P031,1,27.83
4118,10-14-2025,225,P031,3,42.98
7577,15/04/2025,2793,P036,3,18.91
1484,2025-05-31,1517,P007,1,22.60
9256,2025-07-28,2354,P012,1,"4,82"
2877,03-24-2025,3284,P007,2,53.33
12350,09/02/2025,3013,P023,1,26.49
4468,2025-09-05,3241,P011,2,75.42
2420,2025-06-07,157,P031,2,12.13
1685,2025-03-25,2902,P044,1,62.58
17077,31/01/2025,2402,P038,1,"32,34"
16583,06-29-2025,92,P027,1,"24,08"
82,2025-12-01,2138,P030,1,17.44
14403,2025-04-10,1106,P024,1,42.64
399,17/12/2025,2460,P004,3,60.43
11702,2025-03-22,3465,P030,1,"35,05"
17202,2025-08-28,1921,P035,4,"17,62"
16208,10/04/2025,308,P002,4,"12,22"
16788,04-13-2025,3202,P022,3,26.46
11608,03/03/2025,561,P030,1,"55,44"
14760,23/11/2025,1278,P035,1,29.58
9773,2025-04-18,3580,P008,1,10.46
5495,2025-07-06,1513,P001,2,"22,30"
384,2025-06-28,857,P022,1,35.82
4405,09-24-2025,1683,P004,1,38.67
7424,2025-11-15,1469,P032,4,53.27
14984,01-08-2025,176,P032,2,"28,94"
12943,27/11/2025,3286,P034,1,58.04
6803,2025-09-28,526,P031,1,"22,31"
15278,20/10/2025,3009,P011,1,"43,07"
4157,2025-06-28,1930,P016,2,"17,85"
15974,2025-04-28,2365,P027,3,"18,45"
13725,2025-10-19,3901,P032,1,"22,43"
3242,2025-07-06,2182,P025,1,"48,32"
1621,02/02/2025,831,P006,3,"26,60"
5219,2025-12-22,1242,P038,1,65.45
16935,2025-10-05,1974,P038,1,4.80
9392,23/05/2025,2650,P043,3,9.94
15398,01/05/2025,847,P033,1,"44,23"
1159,2025-04-09,1094,P020,3,"42,21"
12612,2025-07-30,999999,P023,1,26.77
2822,29/10/2025,710,P022,2,20.41
14816,2025-12-29,1709,P035,4,78.73
9111,26/12/2025,1745,P046,1,"55,22"
997,02-27-2025,1778,P027,1,"77,78"
2921,2025-06-22,839,P021,1,75.65
1677,2025-03-07,3892,P002,1,"27,72"
3370,2025-09-30,1441,P001,1,37.62
8035,23/06/2025,3229,P012,1,46.74
9916,2025-11-26,772,P009,3,"66,61"
17924,2025-09-09,2262,P016,-1,"22,82"
3118,16/03/2025,3576,P009,1,13.88
5023,2025-07-06,3803,P041,1,"32,64"
1638,2025-03-26,4113,P016,2,38.86
8085,06/12/2025,2024,P002,1,33.93
15936,2025-05-03,999999,P047,1,30.58
14312,2025-02-20,2065,P035,3,18.31
10360,2025-09-21,1144,P029,2,20.66
12305,2025-06-02,3772,P045,1,"20,25"
1585,2025-06-10,1205,P014,1,57.67
7983,2025-09-11,1733,P012,4,"11,10"
15241,2025-06-15,3242,P020,1,56.43
10599,2025-01-16,1588,P014,1,7.88
3731,2025-11-22,2327,P032,2,"10,04"
2866,2025-12-12,4013,P036,3,"82,32"
10564,05-31-2025,2849,P039,1,"16,80"
10974,2025-09-17,2195,P044,2,29.60
5903,2025-10-12,298,P011,2,14.70
3021,27/07/2025,2365,P019,1,17.52
3649,17/08/2025,2760,P014,1,37.38
3962,02/12/2025,582,P039,1,"39,89"
12044,2025-10-01,1498,P032,1,17.82
4439,29/12/2025,2450,P004,1,"57,92"
5676,14/03/2025,539,P025,1,12.46
15110,2025-01-12,2163,P011,2,22.68
546,11-30-2025,3280,P035,2,6.31
6133,04/07/2025,2683,P028,1,16.47
8582,2025-04-23,703,P029,1,29.26
8093,2025-07-15,103,P012,2,23.61
17573,2025-12-20,2551,P025,,"15,54"
10288,2025-01-10,2281,P023,2,27.54
10695,2025-05-18,1033,P022,1,"20,43"
4119,2025-11-29,1934,P018,3,"38,96"
971,2025-03-12,3734,P021,1,"27,80"
14916,2025-03-11,2175,P034,2,"33,14"
14975,2025-05-14,1277,P033,1,22.07
8411,23/04/2025,1340,P044,2,36.88
10607,22/11/2025,1226,P038,4,"19,05"
12484,2025-07-15,3301,P013,1,30.43
10005,2025-11-18,3506,P008,1,12.31
14993,05/02/2025,955,P038,,27.51
15023,2025-09-18,383,P005,2,81.64
17647,2025-08-02,1539,P008,4,37.32
6033,2025-07-25,1009,P013,2,26.27
15648,2025-12-29,1226,P005,1,"23,01"
15659,2025-09-29,999999,P041,1,42.35
5568,06-04-2025,3458,P014,1,28.38
11897,2025-10-27,3041,P022,1,12.65
12211,24/01/2025,1510,P034,1,17.54
1993,2025-05-17,1398,P016,3,55.35
197,01/08/2025,3505,P001,1,27.45
7115,2025-07-14,2324,P011,1,21.99
7396,2025-04-24,125,P037,1,12.80
8655,2025-10-29,1160,P044,4,53.62
4059,2025-03-01,4029,P009,1,33.81
13594,06/02/2025,783,P033,1,64.62
14733,10/05/2025,1965,P002,1,38.52
9200,2025-03-13,1534,P015,1,21.72
11158,2025-02-08,3714,P027,1,"30,25"
7782,2025-02-13,2737,P031,1,27.67
2545,21/09/2025,2288,P014,1,27.80
3953,2025-04-24,186,P047,1,23.14
12395,2025-08-20,3009,P003,2,22.52
14206,2025-06-27,2912,P024,1,31.95
11541,08/05/2025,3862,P014,2,15.07
17161,2025-10-10,1191,P043,1,36.95
871,2025-08-31,1697,P048,1,30.95
6613,2025-05-17,3615,P018,1,33.83
6018,2025-09-14,76,P001,1,14.28
5304,18/05/2025,2513,P041,2,14.98
11067,05/12/2025,3024,P019,1,"9,67"
14263,03-05-2025,3930,P048,4,17.05
9284,19/06/2025,2788,P037,1,52.51
10342,11-04-2025,1454,P027,1,46.23
7896,05/02/2025,884,P028,2,25.50
7846,23/01/2025,1855,P045,1,26.18
2237,02/04/2025,11,P005,1,28.76
1887,2025-11-13,614,P013,3,"21,78"
11023,2025-01-26,936,P020,2,64.36
6095,2025-10-30,3103,P030,1,30.92
16947,2025-10-07,999999,P017,1,"26,94"
10824,2025-07-20,1738,P044,3,"29,02"
10725,2025-01-02,3598,P002,1,41.73
8993,18/06/2025,1016,P042,1,"34,06"
15526,2025-08-08,3407,P040,1,"34,60"
16207,07/03/2025,3491,P030,1,29.56
6819,2025-02-11,2343,P008,1,15.05
12017,2025-10-26,3625,P021,1,23.72
1928,2025-03-03,137,P026,1,13.61
10108,2025-08-27,1920,P023,1,50.07
16374,2025-10-29,789,P015,1,"20,15"
6740,2025-12-13,2760,P019,1,"13,91"
7346,09/08/2025,3071,P042,1,"18,88"
6642,27/11/2025,3647,P005,1,"8,85"
13557,2025-11-29,2318,P040,1,11.54
2705,06/08/2025,3778,P007,1,18.57
17252,05-07-2025,1858,P037,1,33.20
9457,09/11/2025,381,P042,1,10.73
7506,03/08/2025,205,P009,1,30.77
10462,03-23-2025,2716,P036,1,118.85
10199,23/03/2025,264,P028,1,13.32
5341,2025-11-28,413,P045,2,"20,12"
17019,2025-12-11,3902,P012,1,17.45
5492,31/10/2025,2044,P032,1,22.26
4164,2025-02-12,1140,P024,4,39.58
11938,06-10-2025,2794,P009,1,15.66
12374,10-08-2025,2251,P014,1,"45,62"
4689,2025-05-22,2006,P031,2,6.50
3173,2025-09-06,1681,P026,2,58.26
13634,18/05/2025,237,P004,1,"41,56"
3524,2025-10-27,4041,P046,2,25.14
10054,09-14-2025,3000,P009,2,"16,30"
10518,2025-09-02,218,P038,4,"41,17"
299,04-22-2025,4054,P012,1,16.20
4021,12-03-2025,999999,P032,2,32.86
11522,2025-03-10,1774,P023,2,"42,38"
17538,20/03/2025,3182,P012,1,"31,84"
9310,2025-11-30,1089,P017,1,17.04
12961,05-14-2025,3978,P034,1,"43,72"
17163,24/08/2025,4120,P029,1,"22,81"
658,09/02/2025,2861,P031,3,36.88
7234,2025-01-17,544,P037,3,18.75
1847,05/02/2025,3553,P027,1,21.83
15908,02-22-2025,682,P039,1,28.85
2740,2025-03-09,1733,P027,1,"23,06"
12980,01/03/2025,3912,P022,1,13.68
13001,2025-09-01,1524,P043,1,44.90
5424,06-03-2025,441,P005,1,"15,62"
4578,10/02/2025,3963,P035,2,56.59
6712,04/01/2025,2725,P010,2,"54,54"
1574,2025-10-15,2459,P039,1,"10,10"
2483,20/06/2025,3144,P024,1,36.54
11386,2025-07-01,288,P008,3,18.15
15195,2025-01-01,2687,P041,2,18.07
15158,2025-11-21,2595,P033,2,"64,56"
4651,24/03/2025,2320,P004,1,20.99
8231,2025-07-11,2722,P001,4,"13,73"
12796,09/04/2025,2119,P005,3,15.41
12664,18/03/2025,3298,P004,2,"43,22"
12694,07-04-2025,618,P008,1,27.26
13753,17/05/2025,2388,P018,1,"25,62"
11245,12/06/2025,3411,P005,2,49.19
15107,2025-06-19,287,P009,2,24.06
12923,2025-01-31,2195,P024,2,8.94
2556,01/10/2025,1708,P013,1,"39,07"
2693,2025-11-08,434,P019,,"23,98"
16,04-04-2025,1162,P048,1,35.04
17914,2025-03-14,882,P037,1,21.27
3226,2025-05-02,2627,P039,1,42.83
15954,2025-12-09,3648,P025,3,"28,90"
8154,2025-05-11,3817,P002,2,58.98
12712,2025-07-04,2071,P047,1,18.03
472,2025-12-24,3375,P047,2,16.69
17135,2025-02-27,248,P013,3,23.85
5462,2025-07-24,1386,P037,1,24.95
6554,07-27-2025,3042,P005,2,12.35
2504,2025-06-19,612,P027,3,56.44
10959,2025-08-11,3054,P047,2,32.47
17518,2025-05-21,179,P031,2,"20,16"
14049,30/06/2025,1032,P015,1,28.80
1956,2025-01-12,2940,P021,2,"8,08"
2633,17/03/2025,3243,P028,2,6.87
7817,07-23-2025,1999,P033,1,"12,24"
9670,2025-12-02,3399,P021,2,19.31
12783,2025-10-07,1462,P033,-1,44.42
8234,29/06/2025,3896,P047,3,55.28
13833,2025-05-16,3082,P009,1,18.84
10590,14/10/2025,3342,P019,1,"23,42"
3115,01/02/2025,340,P031,3,16.48
1572,2025-03-03,2372,P034,-1,24.61
10032,2025-03-08,318,P015,2,43.78
11321,07/03/2025,3836,P028,1,25.82
17747,2025-03-31,1606,P009,1,6.95
2771,16/09/2025,28,P006,1,"154,29"
13646,2025-09-02,2957,P027,2,28.56
12533,10-17-2025,3406,P025,1,"35,37"
4121,12-19-2025,2913,P033,1,7.88
14917,2025-04-20,2664,P008,4,27.52
8912,14/03/2025,999999,P043,1,"10,98"
16767,2025-10-18,1638,P036,2,"12,37"
1248,10/08/2025,2847,P029,2,23.04
15042,27/02/2025,3106,P016,1,34.08
11770,2025-12-19,1241,P038,1,28.57
8643,2025-12-08,1522,P028,2,98.10
12151,2025-01-22,1363,P009,1,"71,93"
6920,2025-05-13,3232,P042,1,16.59
1320,2025-08-18,1206,P047,3,38.72
7632,20/01/2025,3744,P018,2,"25,76"
10289,2025-01-01,1437,P014,1,29.12
7496,2025-09-29,3214,P043,-1,20.72
8683,2025-08-31,1288,P046,1,"19,48"
15043,01-10-2025,426,P035,1,36.02
17762,29/08/2025,220,P040,1,7.98
15983,2025-03-13,2319,P044,1,17.75
6020,2025-11-30,3958,P009,1,49.17
7841,2025-09-05,2811,P032,1,"38,51"
683,2025-11-02,2250,P001,1,26.14
17010,2025-09-25,1152,P027,1,"20,19"
13015,2025-08-22,999999,P010,3,42.74
10001,02-17-2025,1220,P042,4,25.89
12200,2025-01-27,1758,P027,1,"22,57"
14244,2025-12-13,1364,P013,3,"31,95"
9440,2025-07-11,679,P012,2,24.04
8032,2025-02-07,290,P032,1,31.96
7265,2025-06-28,2902,P006,1,12.99
6395,2025-08-10,3800,P043,1,24.56
8788,09/02/2025,1988,P034,1,56.55
10230,09/10/2025,1205,P011,-1,"19,60"
12194,2025-07-11,397,P010,4,13.50
12704,2025-10-12,2774,P028,1,88.03
4384,11/09/2025,3702,P020,1,"41,55"
163,2025-03-26,254,P029,3,27.53
16674,2025-07-24,311,P016,3,23.93
2272,19/01/2025,2795,P030,1,"11,55"
17852,07/04/2025,3928,P039,3,24.20
2146,22/03/2025,2792,P022,1,44.76
8545,10-20-2025,31,P047,4,73.14
17643,22/07/2025,231,P032,1,38.59
12962,2025-01-24,2734,P027,1,26.74
17915,2025-01-04,1544,P020,2,"34,04"
6057,26/11/2025,1466,P048,2,"16,82"
3674,19/07/2025,1106,P038,1,23.14
8523,2025-01-18,3977,P027,1,25.57
3546,14/09/2025,1038,P046,1,"77,56"
17265,17/02/2025,2181,P001,1,20.20
5457,08-26-2025,2735,P008,2,13.73
7868,03/08/2025,966,P015,1,63.89
4321,03/09/2025,3669,P002,1,37.87
11591,2025-03-07,2321,P004,1,"11,30"
15250,03-17-2025,1993,P004,1,"29,36"
3161,24/08/2025,4151,P022,1,13.68
6141,2025-01-16,3716,P004,1,20.17
5058,08-26-2025,3695,P020,1,62.38
8898,17/09/2025,3401,P043,1,39.95
14448,2025-09-09,1836,P008,3,37.48
13934,2025-01-18,2886,P021,4,42.05
2325,2025-05-07,661,P038,4,24.15
1205,06-20-2025,1849,P031,2,110.47
14791,2025-10-03,1605,P019,1,12.94
306,2025-02-08,1999,P014,3,"20,81"
10117,2025-08-21,2252,P027,1,"37,09"
14743,2025-07-07,4066,P002,1,19.25
13333,08-26-2025,3624,P010,3,19.38
16340,15/05/2025,3839,P006,1,15.14
5650,14/12/2025,776,P027,3,21.24
7370,08/12/2025,2738,P023,2,8.55
8825,27/09/2025,3310,P014,2,33.14
3092,13/12/2025,179,P038,1,19.84
9977,15/11/2025,3698,P034,1,110.35
10572,21/12/2025,1306,P019,1,31.91
9423,2025-11-03,1253,P005,1,"15,15"
1085,2025-04-01,1343,P041,1,11.09
12578,2025-06-18,4092,P047,4,"62,79"
14861,31/08/2025,139,P031,2,"42,69"
114,12/05/2025,1790,P039,1,15.27
7657,2025-03-21,609,P015,1,"77,66"
2975,17/07/2025,248,P019,1,21.45
917,2025-06-16,249,P034,1,"46,14"
4622,2025-10-11,243,P043,3,23.72
15716,07-11-2025,1181,P002,1,79.63
19,2025-07-18,2098,P019,1,30.05
1496,03/02/2025,3256,P001,2,"22,23"
2311,11/01/2025,4139,P004,3,27.16
7344,2025-09-13,2664,P026,1,15.59
5448,2025-05-11,4039,P047,4,34.96
12077,2025-07-27,4107,P008,1,"18,57"
15970,14/10/2025,2484,P027,2,27.20
7648,2025-11-02,2510,P009,1,31.86
16882,02-24-2025,1925,P041,1,29.01
3801,2025-03-18,82,P035,3,52.91
15343,02-02-2025,3800,P029,4,42.47
1402,2025-12-29,1909,P048,1,41.61
7301,2025-11-09,999999,P034,3,11.32
9767,2025-12-15,3071,P009,2,58.09
15967,2025-12-22,1243,P043,1,"32,53"
10220,02/04/2025,4005,P019,1,28.67
12071,19/04/2025,3950,P007,1,48.60
4278,01-06-2025,2906,P005,1,16.45
8098,2025-02-25,1029,P011,1,"23,11"
8751,27/07/2025,4085,P011,2,"13,42"
3420,2025-11-15,4152,P027,2,"13,66"
1943,2025-07-31,1126,P014,2,20.37
7086,22/02/2025,2693,P007,1,27.77
4040,2025-02-19,1545,P021,1,33.65
12171,03-23-2025,999999,P046,3,36.45
383,18/08/2025,1920,P030,2,26.76
1332,2025-12-20,1933,P034,1,25.54
17464,08-14-2025,1179,P041,1,22.62
11145,30/12/2025,1949,P004,1,"27,96"
17028,03-22-2025,3905,P040,1,12.36
2758,15/09/2025,2429,P012,1,"28,37"
15002,2025-06-28,2615,P037,1,"31,55"
9968,10/02/2025,2355,P048,3,24.44
12283,2025-03-22,2446,P015,4,"16,61"
1881,12-07-2025,1635,P043,3,84.22
14811,27/10/2025,434,P034,1,54.89
15007,07/07/2025,3884,P001,1,27.71
11387,2025-03-04,1912,P024,4,19.72
9619,2025-07-05,171,P002,1,20.52
4613,2025-06-10,238,P047,1,"61,09"
5010,25/08/2025,4187,P047,2,96.57
15113,2025-02-07,304,P043,1,"34,65"
501,07-07-2025,3074,P026,1,29.02
6510,2025-09-23,4140,P046,3,"75,77"
7793,2025-06-23,2256,P042,2,20.95
7003,2025-01-16,3943,P039,2,"27,53"
8935,10-13-2025,485,P035,1,"44,13"
17689,2025-07-18,1270,P007,4,20.37
4861,2025-05-22,999999,P037,3,14.24
9659,2025-05-13,2646,P026,1,44.28
6496,19/12/2025,3988,P002,1,"14,20"
1370,2025-11-09,2637,P024,2,77.08
1348,20/10/2025,962,P023,2,32.06
8923,2025-08-23,527,P046,1,74.79
15157,2025-04-03,2004,P044,4,"17,40"
2574,29/07/2025,3053,P002,1,25.64
4303,26/07/2025,220,P019,2,20.04
14494,17/04/2025,861,P028,1,20.24
7646,2025-09-18,3564,P004,4,17.25
7182,2025-12-18,216,P034,3,33.46
15474,2025-03-07,666,P031,1,33.59
15513,2025-02-11,1385,P020,-1,19.69
15559,2025-09-12,473,P019,1,"19,09"
2390,03-24-2025,3305,P044,1,25.71
17670,23/05/2025,2328,P044,1,16.07
9877,2025-03-19,3568,P002,3,43.27
3764,2025-02-24,3705,P032,3,"26,49"
15640,2025-02-27,3000,P013,2,"16,32"
8622,2025-09-02,375,P032,1,"23,25"
368,2025-05-18,638,P016,2,"46,10"
10873,2025-08-27,982,P032,1,26.33
2449,2025-05-15,2371,P012,4,44.44
16797,2025-12-09,3571,P030,2,15.21
10409,27/04/2025,3751,P048,,9.91
7533,04/08/2025,3990,P013,1,"30,91"
9698,20/03/2025,3119,P008,1,26.24
13825,2025-01-14,3393,P032,3,24.71
7128,2025-07-21,245,P041,4,"29,07"
16589,2025-06-12,2674,P025,3,"7,26"
11182,24/05/2025,162,P032,1,84.80
5486,23/07/2025,2212,P026,1,34.61
2824,11/01/2025,3631,P004,2,"26,06"
17531,02-20-2025,3780,P001,1,7.89
13600,12/06/2025,1466,P012,1,"36,35"
4289,2025-06-03,433,P034,1,19.75
1595,2025-09-09,3415,P027,3,23.92
6023,2025-02-03,3587,P029,2,"18,69"
10155,23/03/2025,2132,P024,1,31.48
13707,09-03-2025,3893,P016,2,27.23
11549,2025-10-22,3861,P016,1,46.01
3339,28/11/2025,1170,P016,1,8.29
8872,2025-10-22,4097,P025,1,41.59
7932,2025-05-25,2808,P032,2,"15,44"
17801,16/06/2025,2434,P046,3,"56,91"
7894,25/06/2025,1187,P027,1,19.65
2464,15/02/2025,2779,P002,2,44.92
9999,09/11/2025,2482,P002,1,37.53
2508,2025-05-22,2709,P034,,48.04
17549,25/12/2025,4043,P022,1,"20,38"
7028,2025-11-10,682,P012,1,52.11
7208,2025-03-13,776,P024,3,"21,64"
14666,23/12/2025,2162,P025,1,"20,70"
10878,2025-09-26,3715,P019,1,45.52
17606,2025-01-03,598,P007,1,70.36
9633,2025-03-04,1459,P026,3,42.34
1020,2025-04-24,2752,P002,1,"35,74"
4454,2025-12-25,1638,P032,1,28.54
8746,2025-06-05,2891,P042,1,22.05
4638,06-16-2025,1000,P022,1,"42,61"
5877,2025-12-31,1449,P001,1,26.97
1605,2025-11-27,3702,P048,1,"42,71"
11566,2025-09-18,616,P044,1,44.12
3488,07-09-2025,3976,P033,1,"10,65"
12307,07-25-2025,999999,P012,1,16.18
17030,10/11/2025,188,P031,4,43.48
435,2025-05-17,3119,P039,2,16.48
1254,2025-06-30,1407,P033,1,"16,05"
5752,2025-01-19,2063,P033,2,37.93
11221,2025-11-24,24,P009,3,"45,58"
12337,2025-07-11,3998,P031,1,"71,61"
12728,2025-07-19,3775,P014,2,"14,40"
15781,2025-07-17,3599,P017,1,"45,06"
15129,2025-09-18,1679,P006,2,15.28
3900,22/03/2025,2020,P048,1,11.05
13075,2025-06-14,3184,P043,1,"9,50"
8630,2025-09-13,804,P016,1,31.25
5979,2025-11-19,1742,P034,2,59.06
14855,20/03/2025,1103,P003,1,15.64
14183,17/05/2025,3112,P045,1,"24,52"
15121,27/10/2025,2076,P048,1,29.24
9387,2025-01-10,2855,P041,1,28.70
13076,2025-08-11,2579,P007,1,21.36
15777,2025-09-18,738,P025,1,38.68
4406,2025-08-27,1264,P014,1,"27,28"
1951,08-04-2025,559,P022,1,26.80
9737,2025-04-23,786,P004,1,21.78
12215,2025-08-11,179,P012,1,7.09
13428,11/11/2025,79,P033,4,20.50
1756,2025-09-09,3283,P025,1,25.75
8116,09-14-2025,2248,P045,1,55.81
559,2025-07-27,3541,P039,2,60.58
14385,25/04/2025,2597,P020,4,7.51
8600,2025-05-07,2998,P010,1,16.62
5741,2025-05-24,2177,P040,2,36.59
17670,23/05/2025,2328,P044,1,16.07
14949,24/05/2025,726,P041,1,"36,59"
14662,2025-09-10,1670,P009,1,18.83
8383,2025-05-13,496,P014,1,35.95
10215,22/03/2025,3252,P010,4,31.08
10801,2025-03-01,468,P018,2,51.45
16068,2025-03-30,3596,P033,1,25.62
10633,2025-01-17,999999,P047,1,58.03
15556,2025-09-25,1617,P028,1,"32,56"
15851,20/11/2025,3540,P025,1,26.76
4969,2025-10-21,3688,P022,1,"13,92"
14011,2025-10-30,3517,P035,1,5.64
15743,2025-05-07,2016,P027,1,24.33
14373,12/10/2025,883,P042,1,"8,36"
486,2025-11-04,2,P042,3,41.55
12842,2025-07-01,3460,P004,1,28.39
17448,2025-09-13,4119,P040,3,"26,15"
10335,03/09/2025,3000,P022,2,44.29
5137,12-24-2025,348,P021,1,44.40
8967,2025-01-18,2805,P005,2,"47,99"
1507,2025-02-03,1639,P004,2,"35,50"
12418,25/12/2025,2051,P015,3,20.49
6780,29/11/2025,2323,P017,1,22.01
9416,19/05/2025,1520,P028,1,22.81
4945,04/01/2025,2514,P040,1,23.76
9355,06/03/2025,65,P033,3,7.85
2212,05/06/2025,1648,P028,2,72.63
5621,2025-03-01,1145,P041,3,"43,72"
17974,2025-09-17,1607,P025,1,"16,09"
12320,2025-08-01,3203,P037,1,39.30
3023,2025-09-15,3945,P022,2,8.79
8686,17/10/2025,541,P010,2,28.77
16473,2025-04-03,845,P026,1,13.93
16100,17/08/2025,3009,P039,2,"21,54"
13569,2025-09-29,2997,P007,4,22.61
1381,12/10/2025,2529,P047,1,24.91
6520,2025-03-30,835,P009,3,35.27
13174,2025-04-02,3737,P040,2,10.28
17198,2025-02-26,745,P011,3,40.55
1300,2025-07-10,2019,P004,2,51.26
5726,20/05/2025,1688,P029,4,59.95
10643,28/07/2025,3058,P045,1,54.95
9386,12/03/2025,2162,P042,2,24.84
10132,2025-10-09,826,P008,2,6.07
9126,2025-06-09,403,P036,3,33.39
9001,2025-01-29,3171,P044,1,"36,99"
3008,2025-04-25,3016,P022,1,29.04
16320,2025-01-29,3048,P021,1,27.75
2219,2025-10-10,4129,P004,4,"48,55"
17865,2025-08-11,3420,P029,2,22.08
1864,2025-09-24,3761,P025,1,7.10
6563,2025-01-10,2069,P011,2,"17,93"
7322,2025-05-14,3031,P033,1,"14,40"
11773,2025-10-30,1998,P043,1,35.32
12161,2025-08-04,1617,P037,1,12.21
15333,2025-03-15,2278,P021,1,31.58
14543,08/04/2025,2948,P036,1,25.93
10403,2025-11-04,1213,P041,1,91.90
3622,12/11/2025,3797,P016,1,15.06
11416,2025-08-29,622,P042,-1,22.53
15684,01/02/2025,2714,P007,2,18.00
7641,2025-08-22,3853,P032,1,100.37
2972,2025-10-14,84,P023,1,19.82
10337,03/05/2025,1368,P009,2,24.37
11968,09/10/2025,2709,P003,1,40.43
11131,2025-07-11,1586,P021,1,8.58
17423,06-02-2025,1801,P024,1,17.41
17310,2025-06-27,1095,P023,2,31.15
7440,2025-06-05,4175,P037,1,12.76
9844,15/04/2025,1329,P027,1,"23,46"
9326,2025-05-17,605,P043,1,"23,28"
3763,2025-05-08,2560,P036,2,37.21
7828,2025-05-03,2693,P039,1,"59,64"
10943,2025-03-03,2111,P009,1,49.36
11713,2025-11-05,255,P003,1,19.54
11244,2025-10-31,2231,P009,1,"25,34"
3526,01-14-2025,2847,P024,2,24.17
14700,2025-09-12,3492,P039,1,13.10
9304,2025-09-05,2518,P018,1,28.03
10892,05/12/2025,713,P036,1,38.60
16657,19/03/2025,616,P032,1,18.06
11775,18/05/2025,936,P042,3,"21,39"
12041,18/05/2025,439,P024,1,16.30
17198,2025-02-26,745,P011,3,40.55
11301,16/07/2025,2072,P026,1,15.18
15021,2025-06-13,3016,P022,2,15.65
11041,19/10/2025,999999,P044,1,"36,45"
14757,2025-09-18,2322,P027,1,17.81
3042,2025-07-31,1928,P001,2,31.30
2286,2025-04-28,777,P010,1,84.40
1367,2025-10-14,1381,P044,4,64.09
4393,2025-06-30,2032,P020,3,39.65
201,15/04/2025,1203,P019,1,17.12
4472,06/09/2025,2600,P016,4,18.08
11783,2025-08-10,999999,P019,2,58.13
6831,22/08/2025,744,P044,1,"34,22"
14029,20/05/2025,1116,P032,1,"51,43"
8840,2025-12-05,2127,P007,1,14.59
7505,2025-09-13,1341,P026,2,9.26
2228,19/05/2025,2194,P044,2,"46,44"
10726,2025-05-17,592,P034,1,"8,42"
631,2025-02-06,1243,P027,2,6.48
7131,2025-04-04,3902,P027,4,38.59
7736,2025-08-25,2880,P041,1,46.54
9653,09/07/2025,1918,P045,1,32.45
14038,2025-06-10,3625,P041,1,15.09
3433,2025-02-18,2441,P023,1,29.75
7428,2025-01-29,1709,P016,4,17.10
2378,03/08/2025,3241,P020,3,48.83
6161,11-17-2025,1655,P042,1,25.80
11844,2025-04-05,2198,P006,2,"32,40"
2071,2025-12-11,1241,P016,2,32.67
5611,2025-05-15,2397,P008,1,36.39
11025,2025-01-05,677,P027,2,"23,57"
3915,2025-03-05,4155,P022,1,55.17
13951,2025-08-05,2999,P048,1,"27,53"
7433,2025-07-02,2954,P026,1,28.70
5116,02/11/2025,1363,P022,1,34.31
14256,01/05/2025,3898,P012,1,29.52
10140,03/10/2025,987,P030,1,"12,77"
11959,2025-04-17,3795,P019,1,"21,91"
4461,05/06/2025,3940,P021,3,36.23
10530,06/10/2025,1331,P048,4,16.51
9861,01/08/2025,3635,P030,3,"7,51"
15606,2025-12-18,467,P010,3,"28,93"
3965,11/12/2025,999999,P009,4,"14,42"
3237,2025-04-23,1876,P035,1,"19,25"
4701,2025-04-25,2494,P008,1,"10,53"
67,2025-11-26,872,P018,1,26.25
8644,24/12/2025,4115,P028,2,16.92
8580,2025-08-06,1191,P006,2,42.71
3503,2025-03-07,225,P046,1,"26,09"
14657,10-15-2025,370,P004,2,22.11
1798,19/12/2025,2203,P021,1,106.35
14246,07/01/2025,4158,P039,1,14.90
7353,2025-10-01,974,P009,1,6.71
6602,2025-09-18,4116,P006,1,25.03
6677,08-30-2025,1738,P035,1,18.51
15770,2025-11-06,3897,P001,1,25.35
11940,27/09/2025,55,P040,2,"12,08"
9820,05-31-2025,2725,P033,2,"25,77"
17579,2025-05-20,982,P038,1,47.18
4779,07-06-2025,432,P044,2,"36,73"
17357,2025-10-15,1777,P006,1,"79,02"
7276,25/05/2025,2192,P037,3,"8,31"
1693,12/10/2025,2735,P047,2,35.50
6617,2025-10-31,3,P010,1,"70,75"
17567,2025-01-07,2564,P014,1,"8,13"
4029,2025-03-11,3000,P044,1,"20,27"
11531,2025-01-12,2204,P009,4,"11,41"
11899,18/07/2025,2670,P047,1,28.02
6173,2025-08-02,1869,P007,1,"47,68"
7375,2025-07-30,604,P002,1,55.55
13562,2025-12-07,2795,P012,1,7.72
5959,2025-01-26,999999,P043,2,26.43
11053,03-06-2025,181,P041,1,11.34
3881,2025-01-31,1768,P035,3,52.19
7410,09/06/2025,400,P032,,18.81
2511,2025-09-26,2085,P015,1,"17,33"
1502,13/07/2025,3566,P025,1,"60,51"
8298,21/08/2025,98,P025,2,20.43
2938,2025-08-07,3091,P025,1,"64,56"
12244,2025-02-07,2915,P021,1,41.35
9713,14/08/2025,869,P034,1,38.34
1726,2025-06-28,891,P047,1,"12,97"
11567,13/10/2025,3052,P021,1,"18,36"
10048,2025-06-26,2121,P017,1,36.49
9341,2025-08-28,1822,P041,2,28.90
16240,2025-08-02,1843,P036,1,20.13
2320,09/09/2025,2861,P012,1,22.60
5469,20/09/2025,3047,P035,1,32.16
13681,2025-05-15,999999,P009,1,42.11
7310,12/12/2025,1304,P042,2,49.93
4007,2025-07-09,3021,P031,1,15.56
13334,26/06/2025,1123,P025,1,17.67
12565,09-07-2025,1436,P014,4,"23,74"
11847,2025-02-04,1812,P017,1,120.62
12342,2025-05-06,1069,P008,3,21.86
5197,12/06/2025,3375,P043,1,11.86
9779,2025-11-18,40,P028,1,38.90
11076,2025-01-27,2914,P016,2,30.88
2065,2025-04-05,1451,P004,2,36.21
13457,2025-07-20,1301,P024,2,"15,69"
17989,27/02/2025,2947,P019,1,35.05
14078,04/11/2025,1611,P029,2,"19,22"
16410,2025-10-26,763,P017,1,"21,22"
2126,2025-05-18,3650,P023,1,32.28
6393,2025-06-27,787,P004,4,"15,91"
17794,06-30-2025,1209,P007,1,33.13
14750,2025-04-11,999999,P028,1,16.16
8465,2025-08-09,1183,P034,2,95.18
16367,2025-02-21,3258,P046,1,"12,46"
3660,30/01/2025,999999,P036,-1,46.30
3064,18/07/2025,1018,P024,1,18.90
906,27/01/2025,3799,P037,2,49.03
4407,11/02/2025,2986,P047,1,"18,06"
13273,2025-08-03,2148,P016,3,"20,01"
16219,2025-02-23,2985,P003,1,29.15
14731,2025-09-26,3654,P022,1,"29,82"
11136,2025-04-12,4080,P032,2,"77,25"
1087,03-29-2025,820,P021,1,26.36
7454,2025-06-17,3016,P007,1,17.24
3445,15/01/2025,2109,P042,3,19.06
9372,2025-01-05,3751,P015,1,14.94
7586,2025-07-13,2278,P016,-1,66.27
4354,25/07/2025,703,P044,1,17.23
1516,20/01/2025,3913,P001,1,"20,69"
12562,28/09/2025,999999,P043,3,28.73
3994,2025-10-21,87,P029,2,"14,87"
10143,10/04/2025,3067,P023,1,"11,31"
4357,2025-11-01,4126,P036,1,15.44
14040,12-16-2025,2915,P002,2,"6,10"
1665,2025-05-28,2594,P004,1,28.57
16887,01/10/2025,2440,P025,1,"73,43"
7208,2025-03-13,776,P024,3,"21,64"
1652,01-20-2025,3727,P024,1,23.56
10240,2025-07-29,714,P036,2,9.60
6964,2025-09-11,813,P041,2,34.67
3377,2025-10-01,3481,P041,1,10.80
8445,2025-01-06,1372,P034,2,74.98
11719,25/08/2025,3332,P028,2,13.99
11266,2025-10-23,3066,P020,2,55.13
12503,2025-01-04,58,P018,1,51.05
15673,2025-05-25,82,P031,1,38.92
6470,23/07/2025,1350,P004,1,92.65
9414,2025-03-27,3966,P011,1,17.66
17618,2025-06-23,1040,P007,1,18.99
10309,2025-09-17,2710,P029,4,"40,21"
13960,23/11/2025,1459,P034,1,66.41
9088,04-01-2025,3231,P043,3,61.04
11319,2025-12-17,28,P047,1,35.34
14234,05-16-2025,2082,P010,4,27.02
17596,2025-05-08,4185,P035,1,"77,26"
10235,02-03-2025,940,P045,4,33.85
6541,2025-12-17,3722,P016,2,31.63
16437,18/08/2025,1182,P045,1,12.71
2113,2025-11-17,1874,P004,1,"27,70"
8102,2025-10-31,2239,P013,1,22.44
855,10-04-2025,3668,P015,1,18.27
416,11-11-2025,735,P014,1,"30,03"
6508,22/01/2025,3627,P015,3,"11,25"
17722,2025-12-05,447,P047,2,39.95
12417,28/12/2025,769,P029,2,28.74
1140,2025-10-11,2016,P003,1,52.28
15555,2025-05-11,1615,P038,3,9.54
11400,2025-06-13,1573,P013,1,47.24
9236,2025-10-15,3241,P030,2,22.79
16458,2025-07-11,2576,P034,1,18.12
6708,2025-10-05,2486,P019,1,"86,57"
9022,08/09/2025,139,P037,1,22.68
17507,2025-08-12,2213,P038,2,49.23
8371,12/07/2025,2063,P013,1,15.92
10610,2025-02-13,2815,P040,2,15.25
269,07-02-2025,2840,P029,1,41.87
1362,2025-06-25,1705,P032,2,"14,91"
17925,2025-03-05,1371,P041,1,45.07
11632,2025-04-10,2589,P004,1,"43,35"
470,25/03/2025,1997,P015,1,30.15
3321,2025-07-14,1568,P048,4,34.25
11058,27/05/2025,422,P023,2,14.77
6081,2025-11-24,487,P004,2,"49,24"
5648,31/01/2025,3467,P026,2,53.23
14717,2025-01-08,1927,P040,2,45.30
17617,2025-11-15,2437,P043,1,10.66
4532,04/09/2025,3110,P008,2,18.33
8798,2025-07-17,3101,P028,2,"14,19"
4415,26/02/2025,3563,P009,1,48.03
7984,2025-11-25,534,P022,1,45.29
7117,04-26-2025,4150,P044,1,28.74
1408,05/11/2025,3522,P009,2,15.23
11795,14/05/2025,789,P003,1,31.44
10091,2025-09-22,3844,P003,2,62.50
12799,03/10/2025,2394,P009,-1,18.85
5667,17/12/2025,840,P029,2,37.07
11435,25/10/2025,3389,P007,2,"29,17"
16765,2025-08-31,3435,P030,1,13.97
17634,27/06/2025,2817,P022,1,"45,91"
9403,2025-05-31,2286,P011,1,"24,11"
17990,2025-11-09,1017,P020,1,55.07
16198,11-25-2025,3258,P025,1,23.48
11295,12/12/2025,2341,P003,1,19.40
12916,2025-02-19,2347,P002,1,31.04
17525,2025-09-08,1702,P032,2,13.46
6282,29/10/2025,3774,P025,1,"9,74"
9786,2025-09-17,1416,P003,1,40.69
9986,2025-02-19,858,P008,1,41.53
7052,09/12/2025,3155,P029,3,30.63
17102,28/05/2025,2294,P002,3,49.40
9431,2025-12-30,3110,P004,1,19.16
11110,2025-03-06,2677,P045,1,36.88
257,2025-03-19,2701,P029,1,63.96
5950,2025-11-24,3621,P034,1,43.81
15176,2025-07-13,3136,P048,2,"40,67"
8775,2025-08-29,2983,P031,1,11.52
8276,2025-03-18,2252,P013,2,63.08
5904,04/05/2025,3392,P027,2,17.08
4113,2025-12-25,774,P002,3,"19,83"
17479,2025-07-20,2432,P040,1,22.88
7574,09/11/2025,337,P042,3,"24,75"
3120,23/10/2025,1890,P033,1,129.74
17759,2025-01-19,77,P004,3,"88,34"
1771,2025-05-05,1578,P007,1,17.51
9758,31/01/2025,718,P021,1,21.83
17043,28/07/2025,3539,P019,1,13.21
8056,03-26-2025,627,P033,1,27.30
4479,2025-08-30,3693,P010,2,10.59
5339,2025-03-07,4139,P027,2,20.48
5190,2025-10-28,2265,P019,3,36.74
12826,06-30-2025,2280,P032,3,"26,91"
9282,08/12/2025,4068,P007,1,35.85
15011,03/03/2025,4008,P015,4,"105,21"
12023,2025-06-15,140,P030,1,14.91
14766,2025-03-17,1695,P020,3,44.83
10698,2025-02-22,4064,P027,2,24.99
8054,2025-05-02,74,P009,1,43.18
11253,03/06/2025,3359,P031,1,43.97
8807,2025-09-01,2935,P027,3,34.86
17298,05-13-2025,3596,P012,2,"22,60"
11374,09/08/2025,1364,P035,1,30.24
2533,2025-09-02,1723,P007,4,16.80
6188,2025-02-11,235,P040,1,36.47
4519,2025-11-29,2196,P019,1,43.77
14288,2025-04-29,3496,P047,4,16.44
2087,2025-02-24,631,P012,1,23.32
1137,2025-04-25,354,P020,1,"17,65"
2000,02-18-2025,803,P010,3,10.75
589,2025-05-23,2960,P040,1,16.90
6954,2025-09-05,2740,P045,1,"103,24"
8185,2025-04-25,1674,P048,1,41.72
5095,2025-08-19,3250,P039,2,45.84
7514,05-03-2025,2079,P034,2,41.01
4257,2025-07-29,1146,P047,2,29.60
15259,07-20-2025,2321,P006,1,26.79
1170,21/08/2025,469,P005,1,15.09
5378,2025-12-26,3009,P015,1,61.93
17258,05-20-2025,2066,P019,1,"18,28"
5306,2025-09-06,2589,P011,2,27.13
17724,2025-04-04,3301,P013,1,36.64
6894,2025-11-26,3886,P009,1,28.93
11117,2025-07-05,126,P008,1,23.05
1225,2025-04-20,3364,P041,1,27.67
12670,09-27-2025,3551,P029,4,6.47
11471,2025-05-21,2706,P035,3,16.45
2864,06/08/2025,1300,P040,1,36.50
13050,2025-02-27,1656,P004,1,"44,17"
6793,2025-08-05,1031,P045,-1,36.70
1786,2025-12-28,1141,P033,1,13.23
14119,2025-11-01,478,P020,2,26.89
15172,12-29-2025,4178,P015,1,"19,00"
15844,2025-01-12,2413,P006,2,31.71
15285,2025-05-07,999999,P045,1,"32,94"
17912,01/04/2025,4138,P012,1,28.49
6126,2025-02-28,2861,P015,2,"25,73"
14919,11/11/2025,3833,P006,3,46.27
2399,2025-07-07,3898,P017,1,39.69
12164,2025-09-12,167,P032,1,7.42
13299,2025-12-19,2620,P047,1,17.35
5794,2025-09-16,230,P006,3,33.77
16373,2025-03-10,3660,P002,1,12.35
7291,2025-09-06,291,P005,3,24.60
15210,04-25-2025,3099,P006,1,15.04
17098,2025-05-04,1380,P043,1,18.23
398,2025-11-28,3704,P019,1,18.61
189,2025-05-31,523,P002,2,24.74
321,01/07/2025,1236,P015,1,18.47
13488,2025-05-22,2988,P043,1,24.88
123,2025-02-27,2327,P028,2,63.24
6154,2025-05-17,2052,P007,1,25.21
14501,18/04/2025,3545,P043,1,52.88
8997,09-25-2025,3272,P007,1,26.80
10003,04/07/2025,2116,P011,2,"20,77"
15983,2025-03-13,2319,P044,1,17.75
2280,2025-05-17,2095,P018,1,12.93
1376,31/10/2025,1870,P034,1,"29,07"
374,2025-09-17,330,P016,1,51.10
13203,03/02/2025,1141,P009,1,11.92
15921,2025-07-26,1256,P024,2,32.73
4823,2025-11-22,4058,P034,1,21.60
16656,31/10/2025,1637,P013,1,48.52
10555,30/11/2025,2643,P024,1,"14,89"
1670,01-05-2025,26,P045,-1,12.93
12528,2025-05-31,1404,P036,1,22.76
15271,2025-09-18,2985,P047,2,42.79
7352,16/06/2025,3199,P036,1,33.20
10648,2025-04-20,880,P040,2,"13,09"
2691,2025-06-17,1606,P024,1,"38,09"
10047,2025-06-26,3104,P038,1,"114,07"
4201,25/11/2025,530,P048,1,13.80
16046,2025-01-07,382,P044,2,"25,39"
16845,20/04/2025,866,P043,2,"34,40"
11456,2025-04-12,4077,P011,1,37.51
4596,2025-03-24,3991,P026,2,46.84
10241,20/02/2025,2814,P030,1,27.19
15269,23/11/2025,1560,P035,1,42.92
9972,29/07/2025,1328,P033,1,"27,31"
11969,2025-07-05,314,P020,1,"66,82"
16994,04/10/2025,2947,P047,3,"21,62"
742,2025-06-19,2359,P034,,14.92
9378,02-01-2025,2465,P021,1,15.00
2388,2025-12-02,1956,P015,1,14.23
2253,21/06/2025,3665,P007,1,"58,39"
6142,2025-09-03,3859,P014,1,39.31
13979,2025-03-21,592,P010,1,24.00
14687,2025-05-29,3274,P044,1,44.28
14149,2025-03-31,905,P005,1,32.34
5037,2025-07-07,2449,P006,3,56.65
4868,2025-10-02,606,P045,1,61.51
12529,09/04/2025,2051,P041,1,6.97
523,09-06-2025,2616,P013,1,"12,91"
12780,06/11/2025,3330,P034,1,32.44
6449,2025-08-06,1391,P012,1,24.30
4312,2025-07-10,73,P011,1,37.81
1850,2025-01-09,1238,P028,2,18.79
9515,2025-06-14,2524,P026,3,"35,42"
7540,19/09/2025,3626,P043,1,"18,03"
11961,07/09/2025,3752,P026,1,25.76
1262,11-17-2025,3791,P008,2,59.35
3449,2025-01-13,1931,P034,1,13.26
5209,2025-06-07,2960,P006,1,22.06
13842,2025-07-15,617,P040,1,55.42
4102,2025-06-15,1862,P011,2,"40,12"
17282,2025-06-09,4066,P013,1,"30,21"
2317,2025-01-16,4191,P012,2,25.05
12441,30/12/2025,3349,P018,1,40.04
12266,2025-06-03,1920,P027,2,10.28
3314,2025-11-28,452,P032,3,16.47
6906,2025-02-24,3993,P023,2,37.51
9037,2025-02-27,293,P021,1,52.22
14726,03-10-2025,634,P035,2,"20,74"
10586,23/03/2025,1528,P008,2,"11,95"
1917,2025-07-30,2903,P039,1,16.40
8367,2025-08-24,2998,P029,4,"30,49"
8469,2025-05-29,268,P005,3,"19,67"
15867,2025-08-27,3967,P022,1,"19,88"
12894,20/01/2025,4127,P029,2,71.92
17079,2025-03-20,1234,P025,1,22.13
15946,12/06/2025,408,P002,2,"12,64"
11323,2025-03-11,1705,P005,2,27.96
697,2025-08-13,1719,P033,2,23.17
14091,09/09/2025,2610,P004,1,21.38
14907,2025-05-14,4011,P031,2,24.55
6972,20/04/2025,580,P034,1,11.00
11433,2025-03-02,2516,P047,1,33.41
186,2025-06-18,820,P033,1,14.07
739,2025-08-31,1000,P047,1,"15,50"
3983,2025-08-14,442,P014,1,37.02
14457,2025-10-31,3407,P033,1,66.79
2163,11/05/2025,2845,P047,4,7.93
1503,12-15-2025,3290,P043,1,62.22
11359,06-25-2025,2905,P036,2,"15,40"
16225,31/05/2025,2249,P007,3,"24,63"
14097,2025-07-20,3262,P014,3,"20,34"
15254,2025-04-16,1667,P033,1,40.37
726,2025-10-18,2649,P004,1,51.67
436,2025-06-22,3563,P010,1,"30,79"
12372,2025-04-13,2592,P045,1,28.76
14429,2025-03-02,3799,P033,1,"42,33"
4116,09/03/2025,4170,P033,1,54.33
5679,2025-06-21,446,P013,3,5.37
1256,13/03/2025,1866,P004,1,25.47
3984,23/05/2025,2506,P006,1,20.38
15789,2025-04-07,2424,P009,1,73.18
6459,2025-01-31,3536,P004,1,33.17
15441,03-06-2025,3809,P046,2,27.56
11031,2025-08-21,574,P003,1,27.95
14888,10/12/2025,2367,P013,3,24.70
17142,2025-02-04,1643,P033,1,"11,72"
7306,08-18-2025,2499,P044,1,"60,13"
10581,09-03-2025,2771,P030,2,22.09
8500,2025-08-03,2915,P036,1,"51,11"
10121,30/04/2025,800,P030,1,32.05
9115,27/08/2025,2917,P012,1,40.82
5644,24/05/2025,3268,P002,2,28.47
9936,2025-12-09,3037,P005,1,10.50
7108,2025-12-26,2550,P009,3,60.68
4818,28/07/2025,4050,P042,1,34.03
14177,2025-08-21,98,P039,3,33.46
4231,2025-10-05,1636,P017,1,38.93
3606,2025-07-09,3724,P008,1,"35,66"
10757,2025-09-18,195,P018,1,"24,38"
13415,2025-10-12,2294,P006,2,39.05
13786,2025-01-22,1768,P010,2,"16,38"
4360,04-26-2025,2334,P025,1,22.84
8586,30/11/2025,2897,P043,1,30.47
847,2025-12-14,689,P038,2,45.53
12580,13/12/2025,451,P041,1,"39,49"
13576,15/06/2025,748,P037,1,16.10
6396,2025-08-21,410,P044,1,25.51
11356,2025-10-13,1635,P029,2,"15,42"
15775,10/09/2025,961,P034,2,13.26
9592,2025-12-15,2934,P033,2,38.86
4477,2025-05-26,629,P020,4,73.43
2241,2025-12-13,1768,P023,1,"76,18"
9160,2025-10-08,2601,P044,1,36.47
14704,12/02/2025,2910,P031,1,17.72
2727,2025-02-26,3249,P042,3,"14,23"
14302,2025-04-05,2557,P001,3,"23,35"
17411,2025-12-23,2466,P014,2,"48,84"
4996,21/09/2025,285,P005,2,24.77
3000,2025-07-05,2602,P032,1,"18,21"
14833,2025-02-12,621,P023,1,83.64
4644,2025-01-06,2106,P010,1,14.97
8652,2025-02-01,181,P004,1,30.21
16596,2025-08-21,575,P028,1,20.42
3483,11/12/2025,2205,P002,1,38.51
2222,2025-12-29,455,P026,1,"11,85"
1312,2025-01-26,3538,P043,2,31.60
193,2025-08-15,3726,P029,2,37.48
16254,2025-03-10,3749,P025,1,10.07
1929,08-31-2025,52,P023,2,17.75
13505,2025-05-10,628,P039,1,17.69
17522,2025-06-07,3130,P029,1,42.73
5522,2025-08-21,1933,P010,1,15.65
6714,2025-12-06,1617,P026,3,"22,70"
6903,2025-04-13,1246,P003,1,29.01
1242,2025-03-10,1184,P009,4,40.08
598,04/07/2025,22,P043,1,"16,42"
155,2025-05-07,4076,P026,1,10.81
5551,2025-09-01,4126,P008,2,30.22
11668,2025-04-10,2869,P034,1,19.75
17590,2025-09-22,391,P024,2,34.18
5456,2025-11-03,530,P038,1,135.10
3067,2025-08-03,2888,P007,1,"18,34"
5574,15/08/2025,21,P038,1,32.25
8267,2025-08-25,458,P031,2,42.09
738,03/03/2025,1018,P038,2,"16,37"
16618,2025-01-12,2921,P034,1,"11,60"
3842,06/07/2025,3924,P042,2,24.24
6174,2025-01-17,2299,P034,,38.73
4979,12-08-2025,1485,P013,1,37.30
3662,2025-08-29,3722,P017,2,29.02
1055,2025-11-22,3405,P027,1,"8,83"
16675,02/07/2025,3480,P001,3,"13,26"
915,03/05/2025,2356,P022,1,45.99
17496,2025-05-04,3586,P015,1,24.98
17957,09/05/2025,1910,P031,3,33.91
7920,2025-10-25,851,P046,1,23.20
15226,12/05/2025,959,P009,,55.23
4264,2025-08-03,699,P046,1,34.76
7785,05-22-2025,3685,P010,1,26.94
6410,2025-12-18,2697,P004,4,27.59
13186,2025-02-06,3614,P041,1,"22,60"
921,18/02/2025,2910,P021,1,"9,56"
16983,07/10/2025,3459,P027,1,50.69
6040,23/07/2025,162,P001,1,"27,10"
258,2025-12-08,487,P004,1,"14,09"
8448,08-09-2025,211,P014,1,22.40
4824,2025-08-20,2782,P003,1,18.03
7043,2025-07-07,4021,P006,2,"46,40"
769,09-06-2025,2339,P001,3,59.73
6245,2025-07-25,3676,P035,4,34.21
14508,08/12/2025,774,P036,1,37.51
10732,2025-10-31,1346,P011,1,39.76
9919,12/06/2025,2350,P003,1,21.50
6692,2025-02-05,3936,P014,1,13.12
8303,2025-05-17,3276,P019,3,"22,87"
9872,2025-12-24,378,P016,1,"39,47"
11261,07/09/2025,1770,P016,1,"18,14"
8905,2025-12-24,1229,P036,3,35.34
7949,09/06/2025,2643,P043,1,14.64
1480,14/05/2025,1681,P002,2,"16,34"
13449,2025-06-30,2171,P033,3,29.61
3903,2025-09-22,3314,P042,2,12.37
16655,09/01/2025,672,P005,2,36.52
16448,2025-07-22,217,P035,1,25.52
14730,2025-08-05,3617,P036,2,13.26
9287,2025-05-21,2004,P023,1,37.64
5392,2025-03-09,3611,P048,1,21.97
8971,17/12/2025,2090,P042,1,"45,09"
7329,2025-11-25,2461,P008,3,"13,03"
15637,2025-11-09,4134,P042,,23.28
6314,2025-02-06,3399,P007,1,25.96
4179,10/01/2025,3139,P040,4,14.17
2994,2025-12-17,3503,P029,1,74.06
14292,2025-11-25,1235,P042,1,58.25
1851,2025-07-22,814,P026,1,10.28
9554,2025-11-24,2314,P037,1,19.46
15669,2025-10-25,3951,P016,2,27.49
6652,2025-03-02,2344,P015,1,14.35
11937,11/12/2025,161,P003,3,21.06
6656,31/12/2025,1484,P024,1,30.48
2596,26/02/2025,1315,P020,2,14.34
1863,21/01/2025,668,P020,2,"51,94"
12765,02-12-2025,2563,P003,2,43.48
12514,10-30-2025,514,P005,4,18.98
633,11-20-2025,1358,P043,1,29.37
9246,22/09/2025,3855,P007,1,"15,82"
7869,11-17-2025,3202,P039,2,21.04
16083,09-11-2025,3957,P001,1,41.17
11078,2025-02-28,847,P025,1,16.21
11159,06-08-2025,3170,P047,3,17.98
10986,2025-12-27,2943,P039,2,28.04
14790,2025-04-27,605,P023,1,29.89
7628,2025-09-24,128,P048,2,14.11
6822,21/05/2025,2300,P006,1,9.11
4735,2025-10-04,3140,P013,4,24.62
45,2025-06-05,3845,P009,1,"57,57"
13377,07-23-2025,2165,P019,3,30.67
4625,2025-05-27,1611,P047,2,15.67
16380,2025-01-27,535,P036,1,23.58
9352,2025-08-21,3784,P040,2,"24,04"
12383,2025-02-26,294,P004,1,100.52
6320,26/07/2025,1024,P013,1,13.55
6543,22/08/2025,3435,P015,2,36.29
15533,2025-08-18,549,P015,1,51.23
3105,24/09/2025,2575,P042,1,75.05
10272,16/02/2025,452,P036,4,48.11
9614,24/02/2025,2903,P002,2,21.01
12697,2025-07-12,3276,P017,1,"6,68"
4782,2025-05-27,898,P042,1,47.38
17798,2025-08-20,4130,P012,3,"16,29"
145,13/06/2025,3429,P014,1,26.75
16176,31/10/2025,1030,P009,1,13.45
1575,2025-04-15,2734,P021,1,35.11
2314,2025-04-09,3353,P043,1,"4,67"
7968,2025-04-02,2768,P026,1,"12,50"
7263,2025-02-08,3017,P032,1,54.20
8721,2025-08-29,1298,P027,1,"57,99"
6044,02-25-2025,999999,P006,4,"41,20"
14415,28/12/2025,1237,P010,1,"5,81"
7618,2025-04-18,1409,P013,1,"13,66"
836,09/10/2025,648,P014,1,11.32
7948,2025-11-22,1607,P027,1,"16,89"
13983,2025-04-26,675,P041,2,71.77
3694,18/12/2025,3535,P021,1,"37,53"
17544,27/04/2025,1391,P002,1,10.96
8467,2025-06-18,2467,P011,1,37.64
16532,17/03/2025,3768,P016,1,"28,85"
8487,2025-05-23,2578,P027,1,33.70
13059,2025-10-15,2807,P003,3,26.97
7949,09/06/2025,2643,P043,1,14.64
9908,01-23-2025,3473,P038,2,20.65
6821,19/10/2025,3920,P018,1,33.82
3183,03-27-2025,2099,P009,,24.39
16078,07/06/2025,2810,P026,-1,18.79
15105,22/07/2025,999999,P002,2,24.29
3899,01-20-2025,697,P028,4,36.52
10246,2025-01-01,362,P014,4,11.51
9167,2025-01-25,296,P030,1,27.30
11409,16/04/2025,2760,P031,2,23.10
4200,31/12/2025,4079,P034,1,"15,61"
14547,2025-06-28,1921,P019,2,"14,28"
8170,2025-01-09,3619,P023,2,"44,84"
16426,04-06-2025,3214,P013,1,67.73
5483,2025-12-15,2166,P037,2,50.21
16010,07/09/2025,307,P020,1,15.27
16762,13/07/2025,299,P034,1,28.36
2195,09-22-2025,2867,P007,2,43.52
2005,04/12/2025,2722,P038,1,"14,52"
3504,2025-01-22,1170,P036,1,18.58
8398,2025-12-22,327,P031,1,24.81
9261,2025-11-28,2522,P038,2,"23,06"
3186,2025-09-15,3236,P007,1,35.68
7688,22/12/2025,2773,P032,1,7.69
2719,04/10/2025,1983,P027,1,"22,13"
5884,12-14-2025,3574,P036,2,"14,46"
2460,26/12/2025,999999,P014,1,11.10
1983,12/06/2025,30,P024,1,49.81
16104,2025-10-11,3394,P007,2,"39,08"
741,2025-04-13,788,P004,2,18.25
1033,2025-01-05,2063,P026,2,51.79
5521,2025-06-13,2382,P006,2,"58,90"
3047,10/12/2025,2367,P014,1,"15,06"
17248,2025-11-10,3956,P044,3,12.89
2916,01-01-2025,3737,P027,2,10.43
