order_ref,created_at,status,customer_email,customer_name,total,currency,promo_code,shipping_mode
WEB-023473,2025-01-01 09:27:00,PAID,mivino.ravsen@exemple.org,Mivino Ravsen,"34,92 €",EUR,,Retrait magasin
WEB-023450,2025-01-01 11:44:00,paid,duborel.falmer@exemple.org,Duborel Falmer,"63,66 €",eur,,Point relais
WEB-023464,2025-01-01 13:14:00,paid,tasolan.ostmont@courrier.test,Tasolan Ostmont,"195,40 €",EUR,,Point relais
WEB-023465,2025-01-01 14:22:00,paid,rigarea.lansac@mail.example,Rigarea Lansac,"81,07 €",EUR,,Domicile
WEB-023466,2025-01-01 15:09:00,paid,orbori.gallais3@mail.example,Orbori Gallais,"18,44",EUR,,Domicile
WEB-023466,2025-01-01 15:09:00,paid,orbori.gallais3@mail.example,Orbori Gallais,"18,44",EUR,,Domicile
WEB-023459,2025-01-01 15:44:00,paid,YUDANEA.NEVDIS@MAIL.EXAMPLE,Yudanea Nevdis,290.06,eur,,Point relais
WEB-023460,2025-01-01 15:51:00,Paid,zomarin.ostnet@courrier.test,Zomarin Ostnet,"12,26 €",EUR,,Domicile
WEB-023456,2025-01-01 16:03:00,Paid,tarele.ostmer44@exemple.org,Tarele Ostmer,"66,85 €",EUR,,Domicile
WEB-023453,2025-01-01 16:19:00,paid, zodara.brendal52@exemple.org,Zodara Brendal,52.43,EUR,,Retrait magasin
WEB-023457,2025-01-01 17:13:00,PAID,ORVINI.TARKAN@EXEMPLE.ORG,Orvini Tarkan,"82,20",EUR,,Point relais
WEB-023472,2025-01-01 18:14:00,PAID,mamare.tarkan@mail.example,Mamare Tarkan,"29,77",EUR,,Domicile
WEB-023463,2025-01-01 19:23:00,paid,lorisi.pervane@mail.example,Lorisi Pervane,"222,91 €",EUR,,Domicile
WEB-023471,2025-01-01 19:37:00,paid,mimonin.nevsen50@courrier.test,Mimonin Nevsen,13.29,EUR,,Domicile
WEB-023455,2025-01-01 21:49:00,paid,yuteli.tormar@courrier.test,Yuteli Tormar,32.20,€,FIDELITE,Point relais
WEB-023454,2025-01-01 21:55:00,PAID,yunoro.brenlin91@exemple.org,Yunoro Brenlin,"11,23 €",EUR,,Domicile
WEB-023500,2025-01-02 12:22:00,paid,ellisea.nevvane@courrier.test,Ellisea Nevvane,"48,21 €",eur,,Point relais
WEB-023485,2025-01-02 12:27:00,paid, sodanel.nevlin@courrier.test,Sodanel Nevlin,"39,04",eur,,Domicile
WEB-023477,2025-01-02 13:59:00,paid,armonea.sorrand@courrier.test,Armonea Sorrand,259.06,EUR,,Point relais
WEB-023491,2025-01-02 14:00:00,PAID,sodaru.havlin@mail.example,Sodaru Havlin,"132,57 €",eur,,Point relais
WEB-023501,2025-01-02 15:49:00,PAID,zomare.monsen5@mail.example,Zomare Monsen,"116,09 €",EUR,,Point relais
WEB-023502,2025-01-02 16:12:00,paid,BASENAN.RAVVANE@MAIL.EXAMPLE,Basenan Ravvane,"203,54",EUR,,Domicile
WEB-023490,2025-01-02 18:05:00,paid,sorelan.corner@exemple.org,Sorelan Corner,34.92,eur,,Domicile
WEB-023488,2025-01-02 18:48:00,Paid,miveno.havlin@exemple.org,Miveno Havlin,"2,99 €",EUR,,Retrait magasin
WEB-023480,2025-01-02 19:34:00,paid,manelan.tarsac92@courrier.test,Manelan Tarsac,"147,72 €",EUR,,Domicile
WEB-023498,2025-01-02 19:56:00,paid,kalono.dunsen@exemple.org,Kalono Dunsen,"149,78",EUR,,Point relais
WEB-023497,2025-01-02 21:19:00,PAID,rivenin.sormont@mail.example,Rivenin Sormont,"9,69 €",EUR,FIDELITE,Point relais
WEB-023503,2025-01-03 10:32:00,paid,nanora.dorlais@exemple.org,Nanora Dorlais,99.71,EUR,,Domicile
WEB-023528,2025-01-03 11:21:00,PAID,selona.brenrand@exemple.org,Selona Brenrand,28.74,EUR,,Point relais
WEB-023517,2025-01-03 11:57:00,paid,venela.cortier@mail.example,Venela Cortier,"34,92 €",EUR,,Domicile
WEB-023520,2025-01-03 12:19:00,PAID,sevalin.perner@mail.example,Sevalin Perner,29.26,EUR,FIDELITE,Domicile
WEB-023530,2025-01-03 13:09:00,PAID,vegaran.perver@exemple.org,Vegaran Perver,"217,82 €",EUR,FIDELITE,Domicile
WEB-023537,2025-01-03 13:17:00,PAID,jumonin.dorvoir@exemple.org,Jumonin Dorvoir,49.24,eur,,Point relais
WEB-023519,2025-01-03 15:01:00,paid,kadare.tarmont@mail.example,Kadare Tarmont,52.43,EUR,,Point relais
WEB-023508,2025-01-03 15:41:00,paid, mamono.ravdal43@courrier.test,Mamono Ravdal,"238,56 €",EUR,,Domicile
WEB-023508,2025-01-03 15:41:00,paid, mamono.ravdal43@courrier.test,Mamono Ravdal,"238,56 €",EUR,,Domicile
WEB-023523,2025-01-03 16:33:00,paid,sevenu.corver@courrier.test,Sevenu Corver,"208,59 €",EUR,,Point relais
WEB-023538,2025-01-03 17:00:00,paid,dugara.valvane@exemple.org,Dugara Valvane,"11,23",EUR,,Domicile
WEB-023521,2025-01-03 17:39:00,paid,VENORA.DUNDIS@EXEMPLE.ORG,Venora Dundis,28.74,EUR,,Point relais
WEB-023536,2025-01-03 17:41:00,paid,orboro.wensen@courrier.test,Orboro Wensen,153.07,EUR,,Domicile
WEB-023518,2025-01-03 18:00:00,paid,kadari.perdis@exemple.org,Kadari Perdis,"184,46 €",EUR,FIDELITE,Point relais
WEB-023539,2025-01-03 18:08:00,paid,marelo.lanvane@courrier.test,Marelo Lanvane,"29,77 €",EUR,,Domicile
WEB-023511,2025-01-03 19:47:00,paid,arvalu.ostbel53@courrier.test,Arvalu Ostbel,"26,68",eur,,Retrait magasin
WEB-023507,2025-01-03 19:48:00,PAID,sereli.keldis27@mail.example,Sereli Keldis,"45,22 €",EUR,,Domicile
WEB-023509,2025-01-03 21:18:00,paid,nanele.rosver@courrier.test,Nanele Rosver,"92,50 €",EUR,,Domicile
WEB-023558,2025-01-04 09:54:00,paid,jukenan.brenver62@exemple.org,Jukenan Brenver,"61,50 €",EUR,,Domicile
WEB-023578,2025-01-04 12:32:00,paid,duveno.kelver@exemple.org,Duveno Kelver,32.76,EUR,,Retrait magasin
WEB-023550,2025-01-04 12:58:00,paid,feveno.falsac@exemple.org,Feveno Falsac,"154,93 €",EUR,,Point relais
WEB-023574,2025-01-04 13:03:00,paid,nanoro.gallais@mail.example,Nanoro Gallais,10.20,EUR,,Domicile
WEB-023579,2025-01-04 13:03:00,PAID, julona.ravtier@exemple.org,Julona Ravtier,19.37,EUR,,Domicile
WEB-023588,2025-01-04 13:16:00,paid,mamarea.ostbel@exemple.org,Mamarea Ostbel,81.07,eur,,Point relais
WEB-023573,2025-01-04 13:30:00,paid,yutaran.ravmer@courrier.test,Yutaran Ravmer,100.74,EUR,,Domicile
WEB-023551,2025-01-04 13:42:00,cancelled,elveno.roslais86@mail.example,Elveno Roslais,"154,20 €",EUR,,Point relais
WEB-023569,2025-01-04 13:48:00,Paid,lomari.persac@courrier.test,Lomari Persac,90.34,EUR,,Domicile
WEB-023577,2025-01-04 14:04:00,paid,pivene.ravgren@exemple.org,Pivene Ravgren,"117,12",EUR,,Domicile
WEB-023568,2025-01-04 14:18:00,PAID,dusenel.havsen@courrier.test,Dusenel Havsen,"253,81 €",eur,,Domicile
WEB-023580,2025-01-04 15:47:00,paid,fevalel.havmont@exemple.org,Fevalel Havmont,"51,40 €",EUR,,Point relais
WEB-023546,2025-01-04 17:05:00,PAID,orborel.dunkan@courrier.test,Orborel Dunkan,"108,68 €",EUR,,Domicile
WEB-023564,2025-01-04 17:24:00,paid,dudaro.keldis@courrier.test,Dudaro Keldis,"215,90 €",EUR,,Domicile
WEB-023566,2025-01-04 17:50:00,paid,dusenea.torver@exemple.org,Dusenea Torver,57.48,EUR,,Domicile
WEB-023586,2025-01-04 18:27:00,PAID,tasenan.dunmer@mail.example,Tasenan Dunmer,53.16,EUR,,Point relais
WEB-023560,2025-01-04 18:47:00,Paid,miveno.havlin@exemple.org,Miveno Havlin,"126,29 €",EUR,,Domicile
WEB-023559,2025-01-04 18:50:00,paid,rivalia.wenbert@mail.example,Rivalia Wenbert,"207,46 €",EUR,,Retrait magasin
WEB-023552,2025-01-04 18:52:00,paid,namaran.corner@courrier.test,Namaran Corner,93.53,EUR,,Point relais
WEB-023572,2025-01-04 19:33:00,paid,elgari.wenvane@courrier.test,Elgari Wenvane,"67,58",EUR,,Point relais
WEB-023581,2025-01-04 19:33:00,paid,ZOGARA.ROSDAL@EXEMPLE.ORG,Zogara Rosdal,"102,70 €",eur,,Domicile
WEB-023575,2025-01-04 19:42:00,cancelled,arnoru.galdal@courrier.test,Arnoru Galdal,"29,77 €",EUR,,Retrait magasin
WEB-023582,2025-01-04 20:01:00,Paid,natele.roslais@courrier.test,Natele Roslais,"15,25 €",EUR,,Domicile
WEB-023602,2025-01-05 13:55:00,PAID,TADANE.GALVOIR@COURRIER.TEST,Tadane Galvoir,"37,91 €",EUR,,Domicile
WEB-023603,2025-01-05 14:40:00,PAID,dudania.galbert@courrier.test,Dudania Galbert,"16,38 €",EUR,,Retrait magasin
WEB-023598,2025-01-05 14:50:00,paid,kadarin.torner@courrier.test,Kadarin Torner,"131,64 €",EUR,,Point relais
WEB-023596,2025-01-05 14:51:00,Paid, lorisel.nevdal@courrier.test,Lorisel Nevdal,47.08,EUR,,Domicile
WEB-023597,2025-01-05 15:18:00,Paid,zonelia.nevsen31@exemple.org,Zonelia Nevsen,"152,97 €",EUR,,Domicile
WEB-023589,2025-01-05 17:41:00,paid,juvalu.brenmont@courrier.test,Juvalu Brenmont,"81,91",€,FIDELITE,Retrait magasin
WEB-023600,2025-01-05 17:42:00,PAID,serisel.ravnet@exemple.org,Serisel Ravnet,"57,38 €",EUR,,Domicile
WEB-023623,2025-01-06 10:34:00,PAID,balisi.galkan@exemple.org,Balisi Galkan,"104,86 €",EUR,,Domicile
WEB-023613,2025-01-06 12:16:00,Paid,felisea.kelvane69@courrier.test,Felisea Kelvane,"33,79",eur,,Domicile
WEB-023634,2025-01-06 12:17:00,paid,sotaria.mondal@exemple.org,Sotaria Mondal,19.47,€,,Domicile
WEB-023614,2025-01-06 12:52:00,paid, yunora.nevsen@mail.example,Yunora Nevsen,"34,82 €",EUR,,Domicile
WEB-023626,2025-01-06 13:31:00,Paid,sevinel.brenmar@courrier.test,Sevinel Brenmar,124.33,EUR,,Domicile
WEB-023627,2025-01-06 13:42:00,PAID,pivalia.sormer56@courrier.test,Pivalia Sormer,"224,04 €",EUR,,Domicile
WEB-023630,2025-01-06 14:35:00,cancelled,kaseni.ostnet@mail.example,Kaseni Ostnet,40.07,EUR,,Domicile
WEB-023628,2025-01-06 14:37:00,paid,pivenia.havnet@exemple.org,Pivenia Havnet,"30,80",EUR,,Domicile
WEB-023621,2025-01-06 14:51:00,Paid,yumonea.ostsac@courrier.test,Yumonea Ostsac,"275,64 €",eur,,Domicile
WEB-023611,2025-01-06 15:06:00,PAID,tarelea.ravsac@exemple.org,Tarelea Ravsac,"30,80",EUR,,Domicile
WEB-023631,2025-01-06 16:17:00,PAID,bamaru.sorbert@courrier.test,Bamaru Sorbert,"169,35 €",EUR,,Domicile
WEB-023620,2025-01-06 18:11:00,PAID,rivali.langren40@exemple.org,Rivali Langren,33.79,€,,Point relais
WEB-023609,2025-01-06 18:36:00,paid,kaveni.ravbert@mail.example,Kaveni Ravbert,"44,09",EUR,,Domicile
WEB-023610,2025-01-06 18:47:00,paid,vemara.lanver1@exemple.org,Vemara Lanver,73.96,EUR,,Domicile
WEB-023632,2025-01-06 21:24:00,paid,basenia.rosvoir@exemple.org,Basenia Rosvoir,169.55,EUR,,Domicile
WEB-023624,2025-01-06 21:32:00,paid,argaran.galnet@courrier.test,Argaran Galnet,"38,01",EUR,,Domicile
WEB-023649,2025-01-07 08:42:00,paid,zodaran.monvane11@exemple.org,Zodaran Monvane,18.44,EUR,,Domicile
WEB-023644,2025-01-07 10:43:00,Paid,yugare.galner@mail.example,Yugare Galner,"9,17 €",€,,Point relais
WEB-023637,2025-01-07 11:50:00,paid,pirelan.dunrand10@exemple.org,Pirelan Dunrand,"299,03",EUR,,Point relais
WEB-023654,2025-01-07 12:11:00,paid,manorel.persac@mail.example,Manorel Persac,34.82,€,,Domicile
WEB-023643,2025-01-07 14:42:00,paid,elgara.torner11@exemple.org,Elgara Torner,93.43,EUR,,Domicile
WEB-023636,2025-01-07 15:03:00,paid,pimonu.brenner27@exemple.org,Pimonu Brenner,114.03,€,,Domicile
WEB-023635,2025-01-07 15:40:00,paid,yusolo.ostmar@exemple.org,Yusolo Ostmar,"61,60 €",EUR,,Point relais
WEB-023648,2025-01-07 17:17:00,PAID,KADARO.KELSEN@COURRIER.TEST,Kadaro Kelsen,"213,44 €",EUR,,Point relais
WEB-023642,2025-01-07 17:49:00,paid,mavine.tarnet@exemple.org,Mavine Tarnet,"61,50 €",EUR,,Domicile
WEB-023639,2025-01-07 18:30:00,paid,ferelu.fallais@mail.example,Ferelu Fallais,136.49,EUR,,Domicile
WEB-023653,2025-01-07 19:56:00,PAID,orgarel.valgren48@exemple.org,Orgarel Valgren,"183,04 €",EUR,,Point relais
WEB-023652,2025-01-07 20:49:00,PAID,zoseno.sortier@exemple.org,Zoseno Sortier,99.81,eur,,Domicile
WEB-023652,2025-01-07 20:49:00,PAID,zoseno.sortier@exemple.org,Zoseno Sortier,99.81,eur,,Domicile
WEB-023667,2025-01-08 08:58:00,paid,ordari.galmar@exemple.org,Ordari Galmar,94.60,€,SOLDES,Retrait magasin
WEB-023681,2025-01-08 13:14:00,PAID,zovenia.perlin@exemple.org,Zovenia Perlin,"39,97 €",EUR,,Point relais
WEB-023671,2025-01-08 13:37:00,Paid,pirisea.ravnet@courrier.test,Pirisea Ravnet,"45,16 €",EUR,SOLDES,Domicile
WEB-023677,2025-01-08 14:09:00,PAID,dunoran.galver34@courrier.test,Dunoran Galver,10.63,EUR,SOLDES,Domicile
WEB-023657,2025-01-08 14:53:00,PAID,bakenel.falnet@courrier.test,Bakenel Falnet,"3,22 €",EUR,SOLDES,Domicile
WEB-023679,2025-01-08 15:04:00,paid,rivalo.valbel30@exemple.org,Rivalo Valbel,164.33,€,SOLDES,Domicile
WEB-023670,2025-01-08 15:14:00,paid,lovina.pervoir@mail.example,Lovina Pervoir,133.91,EUR,SOLDES,Point relais
WEB-023665,2025-01-08 15:24:00,Paid,yurelea.sorlin@exemple.org,Yurelea Sorlin,"58,27 €",EUR,SOLDES,Retrait magasin
WEB-023674,2025-01-08 16:53:00,paid,solisel.dorner@courrier.test,Solisel Dorner,"90,24 €",€,,Domicile
WEB-023655,2025-01-08 17:16:00,paid,senorin.dundal@mail.example,Senorin Dundal,"104,86 €",EUR,,Point relais
WEB-023663,2025-01-08 17:23:00,paid,navinu.tartier@mail.example,Navinu Tartier,184.07,EUR,,Domicile
WEB-023664,2025-01-08 20:39:00,paid,bamaria.wenvane@mail.example,Bamaria Wenvane,101.57,EUR,,Retrait magasin
WEB-023682,2025-01-08 20:39:00,Paid,kasolia.ostmer@exemple.org,Kasolia Ostmer,"170,58",eur,,Domicile
WEB-023688,2025-01-08 20:43:00,Paid,arlisan.dunsac@exemple.org,Arlisan Dunsac,"63,37",EUR,SOLDES,Domicile
WEB-023673,2025-01-08 21:42:00,PAID,navene.rosbert@courrier.test,Navene Rosbert,"107,78",€,SOLDES,Domicile
WEB-023683,2025-01-08 21:56:00,paid,orsolin.nevmar@courrier.test,Orsolin Nevmar,65.68,EUR,SOLDES,Domicile
WEB-023698,2025-01-09 10:04:00,paid,jusolel.dorvane@exemple.org,Jusolel Dorvane,"42,03 €",EUR,,Domicile
WEB-023693,2025-01-09 12:49:00,paid,sotarin.galsen@courrier.test,Sotarin Galsen,16.38,EUR,,Domicile
WEB-023695,2025-01-09 13:09:00,paid,madanan.wendis39@exemple.org,Madanan Wendis,"83,89 €",EUR,SOLDES,Point relais
WEB-023711,2025-01-09 13:12:00,Paid,yurelin.corbel@exemple.org,Yurelin Corbel,"141,57 €",eur,SOLDES,Domicile
WEB-023690,2025-01-09 13:14:00,paid,kavenan.gallais85@exemple.org,Kavenan Gallais,7.11,EUR,,Domicile
WEB-023704,2025-01-09 13:36:00,paid,tamonel.dunvoir67@courrier.test,Tamonel Dunvoir,"40,30",eur,SOLDES,Point relais
WEB-023707,2025-01-09 14:34:00,Paid,tatelea.nevdal@exemple.org,Tatelea Nevdal,17.41,EUR,,Domicile
WEB-023700,2025-01-09 16:20:00,paid,bagaran.brenbert@mail.example,Bagaran Brenbert,"148,95 €",EUR,,Domicile
WEB-023697,2025-01-09 16:29:00,Paid,NARISIA.DORMONT@EXEMPLE.ORG,Narisia Dormont,309.63,EUR,,Domicile
WEB-023710,2025-01-09 16:54:00,paid,zomari.torver@mail.example,Zomari Torver,"106,62",EUR,,Domicile
WEB-023699,2025-01-09 17:15:00,paid,TATARE.BRENVANE@MAIL.EXAMPLE,Tatare Brenvane,"44,18 €",€,SOLDES,Point relais
WEB-023692,2025-01-09 17:39:00,paid,zoborin.galvane@mail.example,Zoborin Galvane,26.68,EUR,,Retrait magasin
WEB-023701,2025-01-09 21:18:00,Paid,mitarea.targren@courrier.test,Mitarea Targren,"126,29 €",eur,,Point relais
WEB-023731,2025-01-10 10:46:00,paid,mamara.perkan@mail.example,Mamara Perkan,136.49,EUR,,Domicile
WEB-023716,2025-01-10 11:37:00,paid,felise.tormer@exemple.org,Felise Tormer,"194,17 €",EUR,,Point relais
WEB-023725,2025-01-10 13:32:00,paid,elrelin.torlais@exemple.org,Elrelin Torlais,"85,19 €",EUR,,Retrait magasin
WEB-023725,2025-01-10 13:32:00,paid,elrelin.torlais@exemple.org,Elrelin Torlais,"85,19 €",EUR,,Retrait magasin
WEB-023487,2025-01-10 13:52:00,Paid,vedanin.landal@exemple.org,Vedanin Landal,7.34,EUR,SOLDES,Domicile
WEB-023742,2025-01-10 14:28:00,paid,venora.ravbert@mail.example,Venora Ravbert,"169,45",EUR,,Domicile
WEB-023715,2025-01-10 14:29:00,PAID,venorea.sormar@exemple.org,Venorea Sormar,50.27,EUR,,Domicile
WEB-023720,2025-01-10 17:16:00,paid,sekenan.pergren61@exemple.org,Sekenan Pergren,"35,27",EUR,SOLDES,Point relais
WEB-023735,2025-01-10 18:08:00,paid,pisolo.tardis@exemple.org,Pisolo Tardis,128.98,EUR,SOLDES,Domicile
WEB-023717,2025-01-10 19:21:00,paid,narisi.sorsen@courrier.test,Narisi Sorsen,"40,13 €",EUR,SOLDES,Domicile
WEB-023741,2025-01-10 20:00:00,paid,orvinel.falsac@exemple.org,Orvinel Falsac,"224,04",eur,,Domicile
WEB-023740,2025-01-10 20:12:00,Paid,rivalo.ostmer@mail.example,Rivalo Ostmer,"98,58 €",EUR,,Point relais
WEB-023719,2025-01-10 20:26:00,PAID,lovina.pervoir@mail.example,Lovina Pervoir,"228,36",EUR,,Domicile
WEB-023733,2025-01-10 21:04:00,paid,yumarea.corrand@courrier.test,Yumarea Corrand,83.81,€,SOLDES,Domicile
WEB-023743,2025-01-10 21:56:00,paid,zolonu.galgren@exemple.org,Zolonu Galgren,"73,84 €",EUR,SOLDES,Point relais
WEB-023775,2025-01-11 11:04:00,paid,elgaria.cormer@courrier.test,Elgaria Cormer,"83,07 €",EUR,SOLDES,Domicile
WEB-023770,2025-01-11 12:47:00,cancelled,orsolin.nevmar@courrier.test,Orsolin Nevmar,"78,12 €",EUR,SOLDES,Point relais
WEB-023766,2025-01-11 13:44:00,paid,vekenia.tarvoir79@courrier.test,Vekenia Tarvoir,"248,76 €",EUR,,Point relais
WEB-023786,2025-01-11 14:33:00,paid,nadanan.rosdis@mail.example,Nadanan Rosdis,"48,21 €",EUR,,Retrait magasin
WEB-023780,2025-01-11 15:13:00,Paid,orsolia.nevdal@exemple.org,Orsolia Nevdal,38.01,EUR,,Point relais
WEB-023792,2025-01-11 15:28:00,PAID,navenu.cortier@mail.example,Navenu Cortier,"19,47",€,,Point relais
WEB-023760,2025-01-11 15:56:00,PAID,tamoni.havlais@exemple.org,Tamoni Havlais,"44,33 €",EUR,SOLDES,Domicile
WEB-023771,2025-01-11 16:08:00,paid,basolu.sorlin@exemple.org,Basolu Sorlin,"32,76 €",EUR,,Point relais
WEB-023776,2025-01-11 16:16:00,Paid,armonel.dordal@mail.example,Armonel Dordal,40.07,eur,,Retrait magasin
WEB-023776,2025-01-11 16:16:00,Paid,armonel.dordal@mail.example,Armonel Dordal,40.07,eur,,Retrait magasin
WEB-023772,2025-01-11 16:19:00,Paid,kanori.falkan@mail.example,Kanori Falkan,166.05,EUR,SOLDES,Domicile
WEB-023747,2025-01-11 16:38:00,paid,piboro.kelmont@exemple.org,Piboro Kelmont,73.84,EUR,SOLDES,Point relais
WEB-023795,2025-01-11 17:19:00,PAID,arvalu.ostrand@exemple.org,Arvalu Ostrand,"105,31 €",eur,SOLDES,Domicile
WEB-023769,2025-01-11 17:43:00,paid,zosole.brenmar@courrier.test,Zosole Brenmar,53.40,EUR,SOLDES,Point relais
WEB-023785,2025-01-11 18:30:00,paid,elliso.galner@exemple.org,Elliso Galner,24.62,€,,Domicile
WEB-023791,2025-01-11 19:14:00,paid,arsene.brenmer52@courrier.test,Arsene Brenmer,2.39,EUR,SOLDES,Domicile
WEB-023791,2025-01-11 19:14:00,paid,arsene.brenmer52@courrier.test,Arsene Brenmer,2.39,EUR,SOLDES,Domicile
WEB-023781,2025-01-11 19:27:00,paid,orvinu.sorkan@mail.example,Orvinu Sorkan,"166,29",eur,SOLDES,Domicile
WEB-023757,2025-01-11 21:37:00,PAID,lolisia.galdal@courrier.test,Lolisia Galdal,"41,12 €",EUR,SOLDES,Retrait magasin
WEB-023767,2025-01-11 21:42:00,paid,kaveni.ravbert@mail.example,Kaveni Ravbert,"55,42",eur,,Retrait magasin
WEB-023794,2025-01-11 21:57:00,cancelled,vegarin.valgren@exemple.org,Vegarin Valgren,73.86,EUR,,Domicile
WEB-023804,2025-01-12 15:05:00,paid,kadani.brenver@courrier.test,Kadani Brenver,32.06,€,SOLDES,Domicile
WEB-023805,2025-01-12 15:13:00,paid,kataran.ravbel@exemple.org,Kataran Ravbel,"58,51",eur,,Point relais
WEB-023797,2025-01-12 16:29:00,Paid,lolisa.torsen37@mail.example,Lolisa Torsen,172.56,EUR,SOLDES,Domicile
WEB-023798,2025-01-12 17:50:00,PAID,feboran.brentier@mail.example,Feboran Brentier,"44,19 €",EUR,,Point relais
WEB-023803,2025-01-12 17:51:00,paid,zoborin.galvane@mail.example,Zoborin Galvane,"55,87 €",EUR,SOLDES,Point relais
WEB-023800,2025-01-12 18:55:00,paid,ornoran.rossen@exemple.org,Ornoran Rossen,"102,70",EUR,,Domicile
WEB-023822,2025-01-13 10:35:00,paid,rigare.rosgren80@mail.example,Rigare Rosgren,"240,22 €",EUR,,Domicile
WEB-023822,2025-01-13 10:35:00,paid,rigare.rosgren80@mail.example,Rigare Rosgren,"240,22 €",EUR,,Domicile
WEB-023830,2025-01-13 12:41:00,paid,artaria.persac@mail.example,Artaria Persac,"11,23",EUR,,Domicile
WEB-023829,2025-01-13 14:34:00,PAID,arvala.monsac@exemple.org,Arvala Monsac,105.59,EUR,,Domicile
WEB-023831,2025-01-13 16:06:00,PAID,pivalia.sormer56@courrier.test,Pivalia Sormer,"28,74 €",€,,Point relais
WEB-023813,2025-01-13 16:24:00,PAID,ARNORU.GALDAL@COURRIER.TEST,Arnoru Galdal,"125,75 €",eur,SOLDES,Domicile
WEB-023819,2025-01-13 17:04:00,paid,zotarin.fallin@mail.example,Zotarin Fallin,"75,57",EUR,SOLDES,Domicile
WEB-023826,2025-01-13 17:10:00,cancelled,tamara.dornet@exemple.org,Tamara Dornet,"9,81 €",eur,SOLDES,Domicile
WEB-023828,2025-01-13 18:38:00,paid, feboria.galdal@mail.example,Feboria Galdal,"64,79 €",€,,Point relais
WEB-023825,2025-01-13 18:40:00,PAID,zogaru.pertier32@mail.example,Zogaru Pertier,"50,85 €",eur,SOLDES,Domicile
WEB-023820,2025-01-13 19:23:00,Paid,balisin.falvoir@exemple.org,Balisin Falvoir,"3,22 €",EUR,SOLDES,Point relais
WEB-023823,2025-01-13 21:10:00,PAID,dugaru.havnet@courrier.test,Dugaru Havnet,"83,03 €",EUR,,Point relais
WEB-023809,2025-01-13 21:22:00,paid,batare.ostdis@courrier.test,Batare Ostdis,41.94,EUR,SOLDES,Point relais
WEB-023841,2025-01-14 13:45:00,Paid, migaru.brensen@exemple.org,Migaru Brensen,"14,22 €",EUR,,Point relais
WEB-023847,2025-01-14 13:47:00,PAID,yulonia.torver@exemple.org,Yulonia Torver,23.49,EUR,,Point relais
WEB-023850,2025-01-14 14:36:00,paid,senelel.lansen@courrier.test,Senelel Lansen,"119,32",EUR,SOLDES,Point relais
WEB-023838,2025-01-14 15:41:00,paid, eltarea.dorvane@mail.example,Eltarea Dorvane,"93,77 €",EUR,SOLDES,Domicile
WEB-023843,2025-01-14 15:55:00,paid,arveni.havlin@exemple.org,Arveni Havlin,"30,33",eur,SOLDES,Domicile
WEB-023845,2025-01-14 15:55:00,Paid,loreli.monver@courrier.test,Loreli Monver,86.36,EUR,SOLDES,Retrait magasin
WEB-023855,2025-01-14 16:02:00,PAID,yurelea.sorlin@exemple.org,Yurelea Sorlin,"228,36 €",eur,,Point relais
WEB-023836,2025-01-14 16:43:00,paid,somaro.falsac23@mail.example,Somaro Falsac,"23,82",EUR,SOLDES,Domicile
WEB-023857,2025-01-14 17:48:00,PAID,judania.lanmont@courrier.test,Judania Lanmont,"32,76",eur,,Domicile
WEB-023856,2025-01-14 18:03:00,paid,nasenin.dundal@courrier.test,Nasenin Dundal,92.40,EUR,,Domicile
WEB-023851,2025-01-14 19:41:00,paid,orborel.ostmar94@exemple.org,Orborel Ostmar,117.12,EUR,,Domicile
WEB-023858,2025-01-14 21:18:00,paid,mavalo.ostnet@mail.example,Mavalo Ostnet,207.56,EUR,,Domicile
WEB-T0011,2025-01-14 21:18:00,paid,test@example.com,Test Test,"1,00",EUR,,Domicile
WEB-023835,2025-01-14 21:23:00,paid,barisu.brenner@exemple.org,Barisu Brenner,31.98,EUR,SOLDES,Domicile
WEB-023880,2025-01-15 08:47:00,paid,ARDANE.WENMER34@EXEMPLE.ORG,Ardane Wenmer,82.24,EUR,SOLDES,Point relais
WEB-023890,2025-01-15 14:35:00,PAID,jutele.tortier@courrier.test,Jutele Tortier,"92,30",EUR,,Retrait magasin
WEB-023890,2025-01-15 14:35:00,PAID,jutele.tortier@courrier.test,Jutele Tortier,"92,30",EUR,,Retrait magasin
WEB-023883,2025-01-15 16:29:00,PAID,jukenu.brengren@exemple.org,Jukenu Brengren,108.05,EUR,,Domicile
WEB-023875,2025-01-15 16:53:00,paid,juvene.sordal@exemple.org,Juvene Sordal,"28,76 €",EUR,SOLDES,Domicile
WEB-023888,2025-01-15 16:55:00,paid,yuvenu.ravsac@courrier.test,Yuvenu Ravsac,"35,28 €",EUR,SOLDES,Point relais
WEB-023870,2025-01-15 17:37:00,paid,DUTELIA.ROSGREN@EXEMPLE.ORG,Dutelia Rosgren,"121,72 €",EUR,SOLDES,Point relais
WEB-023879,2025-01-15 17:43:00,PAID,arkenan.lanmar@mail.example,Arkenan Lanmar,146.35,EUR,SOLDES,Domicile
WEB-023881,2025-01-15 18:24:00,PAID,MITELEL.FALRAND@COURRIER.TEST,Mitelel Falrand,"217,96 €",EUR,,Domicile
WEB-023868,2025-01-15 18:44:00,PAID,ORVENU.PERGREN@COURRIER.TEST,Orvenu Pergren,13.93,EUR,SOLDES,Point relais
WEB-023884,2025-01-15 18:48:00,paid, zorelu.havvane@mail.example,Zorelu Havvane,"86,44",EUR,SOLDES,Domicile
WEB-023914,2025-01-16 08:45:00,Paid,ornore.nevsen@courrier.test,Ornore Nevsen,"159,05 €",€,,Point relais
WEB-023909,2025-01-16 11:09:00,paid,velonan.ravdal@exemple.org,Velonan Ravdal,"84,71 €",EUR,SOLDES,Point relais
WEB-023920,2025-01-16 11:52:00,Paid,semonin.sorlais@exemple.org,Semonin Sorlais,"9,81 €",EUR,SOLDES,Domicile
WEB-023916,2025-01-16 12:17:00,cancelled,vemara.lanver1@exemple.org,Vemara Lanver,"2,39",eur,SOLDES,Domicile
WEB-023900,2025-01-16 16:11:00,paid,nalono.kelner@exemple.org,Nalono Kelner,"45,99",eur,SOLDES,Point relais
WEB-023894,2025-01-16 17:07:00,paid,arrisa.targren@mail.example,Arrisa Targren,"2,39 €",€,SOLDES,Domicile
WEB-023911,2025-01-16 17:49:00,paid,arvalin.galbert@courrier.test,Arvalin Galbert,"15,58",EUR,SOLDES,Domicile
WEB-023903,2025-01-16 18:43:00,paid,madaru.torner@courrier.test,Madaru Torner,230.02,EUR,,Domicile
WEB-023918,2025-01-16 19:53:00,paid,elrelel.dorver@exemple.org,Elrelel Dorver,71.45,EUR,SOLDES,Domicile
WEB-023922,2025-01-16 21:05:00,PAID,yumonin.torvoir@exemple.org,Yumonin Torvoir,"38,94 €",EUR,,Point relais
WEB-023925,2025-01-17 10:21:00,paid,vemono.nevgren@exemple.org,Vemono Nevgren,73.96,€,,Domicile
WEB-023934,2025-01-17 10:51:00,paid,yulisea.ravver@exemple.org,Yulisea Ravver,"165,53 €",€,,Point relais
WEB-023928,2025-01-17 11:38:00,paid,VELONEL.NEVNER@EXEMPLE.ORG,Velonel Nevner,"41,04 €",EUR,SOLDES,Domicile
WEB-023947,2025-01-17 12:21:00,PAID,kakeno.lanmar@exemple.org,Kakeno Lanmar,84.47,EUR,SOLDES,Domicile
WEB-023929,2025-01-17 13:06:00,PAID,jutele.tortier@courrier.test,Jutele Tortier,"62,46 €",eur,SOLDES,Domicile
WEB-023950,2025-01-17 13:12:00,paid,MASENI.TORSAC@EXEMPLE.ORG,Maseni Torsac,"41,94 €",€,SOLDES,Point relais
WEB-023962,2025-01-17 13:34:00,Paid,tataro.galmont@courrier.test,Tataro Galmont,80.44,€,SOLDES,Domicile
WEB-023960,2025-01-17 13:40:00,PAID,sevenel.perbert@exemple.org,Sevenel Perbert,"107,78 €",EUR,SOLDES,Domicile
WEB-T0015,2025-01-17 13:40:00,PAID,test@example.com,Test Test,"1,00",EUR,SOLDES,Domicile
WEB-023940,2025-01-17 13:46:00,paid,pisole.corvoir@mail.example,Pisole Corvoir,"109,35 €",€,SOLDES,Point relais
WEB-023937,2025-01-17 14:13:00,paid,selonu.dorvoir@mail.example,Selonu Dorvoir,58.34,EUR,SOLDES,Domicile
WEB-023943,2025-01-17 14:59:00,paid,kaborin.ostsen36@courrier.test,Kaborin Ostsen,153.80,EUR,,Retrait magasin
WEB-023958,2025-01-17 16:06:00,paid,jumaru.ostvane@exemple.org,Jumaru Ostvane,26.21,EUR,SOLDES,Domicile
WEB-023948,2025-01-17 17:11:00,PAID,lorelo.corner@courrier.test,Lorelo Corner,158.70,eur,SOLDES,Domicile
WEB-023932,2025-01-17 17:57:00,PAID,magarel.gallais@courrier.test,Magarel Gallais,"99,71 €",eur,,Retrait magasin
WEB-023927,2025-01-17 18:53:00,paid,sevina.havdal@exemple.org,Sevina Havdal,64.11,eur,SOLDES,Domicile
WEB-023926,2025-01-17 19:08:00,PAID,narele.ravdis@courrier.test,Narele Ravdis,55.22,eur,,Point relais
WEB-023955,2025-01-17 20:00:00,Paid,solonan.falbert@exemple.org,Solonan Falbert,"74,74 €",EUR,SOLDES,Point relais
WEB-023957,2025-01-17 20:12:00,paid,eldanel.valvane@mail.example,Eldanel Valvane,124.84,EUR,SOLDES,Domicile
WEB-023939,2025-01-17 20:48:00,Paid,pisolu.perner@courrier.test,Pisolu Perner,"72,27 €",eur,SOLDES,Domicile
WEB-023924,2025-01-17 21:50:00,Paid,rinelan.torbert@courrier.test,Rinelan Torbert,57.52,EUR,SOLDES,Domicile
WEB-023982,2025-01-18 08:41:00,paid,pisolu.rosgren@courrier.test,Pisolu Rosgren,"151,96 €",€,SOLDES,Point relais
WEB-T0014,2025-01-18 08:41:00,paid,test@example.com,Test Test,"1,00",€,SOLDES,Point relais
WEB-023965,2025-01-18 09:52:00,paid,sodana.mondal@courrier.test,Sodana Mondal,87.02,EUR,SOLDES,Domicile
WEB-024005,2025-01-18 10:13:00,Paid,dulone.cortier@courrier.test,Dulone Cortier,"8,16 €",EUR,SOLDES,Domicile
WEB-023981,2025-01-18 11:00:00,paid,somaru.torlin90@courrier.test,Somaru Torlin,"65,52 €",EUR,,Point relais
WEB-023968,2025-01-18 12:40:00,paid,vereli.perkan@courrier.test,Vereli Perkan,"23,82",€,SOLDES,Point relais
WEB-023979,2025-01-18 14:10:00,paid,pimaru.ravlin@courrier.test,Pimaru Ravlin,"86,19 €",EUR,SOLDES,Domicile
WEB-023996,2025-01-18 14:13:00,paid,tavina.brendis@exemple.org,Tavina Brendis,35.95,EUR,,Point relais
WEB-023974,2025-01-18 14:26:00,paid,lomonea.dormont@mail.example,Lomonea Dormont,"101,78 €",EUR,SOLDES,Domicile
WEB-023970,2025-01-18 14:41:00,paid,dudaro.ostvane@exemple.org,Dudaro Ostvane,"111,04",eur,,Domicile
WEB-024002,2025-01-18 14:47:00,PAID,fevinu.vallin@exemple.org,Fevinu Vallin,102.68,EUR,SOLDES,Domicile
WEB-023985,2025-01-18 15:35:00,PAID,tabore.sorbert71@exemple.org,Tabore Sorbert,"99,55 €",EUR,SOLDES,Point relais
WEB-023980,2025-01-18 15:55:00,paid,masoli.tarsen62@mail.example,Masoli Tarsen,24.64,EUR,SOLDES,Domicile
WEB-023975,2025-01-18 16:19:00,paid,duvalan.nevdal@exemple.org,Duvalan Nevdal,126.50,EUR,SOLDES,Domicile
WEB-023966,2025-01-18 17:16:00,PAID,velonan.ravdal@exemple.org,Velonan Ravdal,"96,16",EUR,SOLDES,Domicile
WEB-024001,2025-01-18 17:28:00,PAID,kakenia.galgren@mail.example,Kakenia Galgren,"60,00 €",EUR,SOLDES,Point relais
WEB-023997,2025-01-18 17:33:00,paid,natelel.galsen@courrier.test,Natelel Galsen,"59,99 €",EUR,SOLDES,Point relais
WEB-023989,2025-01-18 17:51:00,paid,orborel.dunkan@courrier.test,Orborel Dunkan,"104,25 €",EUR,SOLDES,Domicile
WEB-023992,2025-01-18 17:57:00,paid,badare.dorlin@mail.example,Badare Dorlin,"19,62",EUR,SOLDES,Domicile
WEB-023964,2025-01-18 18:03:00,Paid,seboro.sorkan@exemple.org,Seboro Sorkan,188.30,EUR,SOLDES,Domicile
WEB-023991,2025-01-18 18:15:00,PAID,tavenin.lanvoir@exemple.org,Tavenin Lanvoir,54.97,€,SOLDES,Point relais
WEB-024004,2025-01-18 19:49:00,paid,sevino.ostvane@courrier.test,Sevino Ostvane,115.20,eur,SOLDES,Point relais
WEB-023986,2025-01-18 19:53:00,paid,natarea.havvoir@mail.example,Natarea Havvoir,110.02,EUR,SOLDES,Domicile
WEB-023993,2025-01-18 20:28:00,PAID, sosenea.sormer@mail.example,Sosenea Sormer,21.34,EUR,SOLDES,Domicile
WEB-024019,2025-01-19 12:39:00,paid,ZONELIA.RAVLAIS@COURRIER.TEST,Zonelia Ravlais,29.50,EUR,SOLDES,Point relais
WEB-024012,2025-01-19 13:58:00,paid,tadara.sorsen@exemple.org,Tadara Sorsen,225.46,EUR,SOLDES,Retrait magasin
WEB-024020,2025-01-19 14:22:00,paid,LONELIA.CORVANE11@EXEMPLE.ORG,Lonelia Corvane,106.14,EUR,SOLDES,Domicile
WEB-024025,2025-01-19 14:28:00,paid,selono.valgren@exemple.org,Selono Valgren,81.42,€,SOLDES,Point relais
WEB-024031,2025-01-19 15:16:00,paid,jutelin.tarrand@exemple.org,Jutelin Tarrand,"10,20 €",EUR,,Point relais
WEB-024011,2025-01-19 16:53:00,paid,batelo.wenkan@exemple.org,Batelo Wenkan,21.26,EUR,SOLDES,Domicile
WEB-024014,2025-01-19 18:09:00,PAID, mimarin.ostver@exemple.org,Mimarin Ostver,106.05,€,SOLDES,Domicile
WEB-T0026,2025-01-19 18:09:00,PAID,test@example.com,Test Test,"1,00",€,SOLDES,Domicile
WEB-024028,2025-01-19 19:24:00,paid,rikenea.falnet95@exemple.org,Rikenea Falnet,96.62,EUR,,Domicile
WEB-024021,2025-01-19 19:41:00,Paid,yusolia.havbert@exemple.org,Yusolia Havbert,19.62,EUR,SOLDES,Domicile
WEB-024058,2025-01-20 11:19:00,Paid,ellonin.sorgren@courrier.test,Ellonin Sorgren,"72,35 €",EUR,SOLDES,Retrait magasin
WEB-024042,2025-01-20 11:39:00,paid,bakenel.falnet@courrier.test,Bakenel Falnet,4.78,EUR,SOLDES,Point relais
WEB-024035,2025-01-20 14:19:00,PAID,BARELIA.RAVMONT@COURRIER.TEST,Barelia Ravmont,"190,93",eur,SOLDES,Domicile
WEB-024052,2025-01-20 14:41:00,paid,juborin.sorvoir4@mail.example,Juborin Sorvoir,"263,94 €",EUR,SOLDES,Domicile
WEB-024065,2025-01-20 14:55:00,paid,velisu.cormont@exemple.org,Velisu Cormont,35.35,EUR,SOLDES,Domicile
WEB-024036,2025-01-20 15:26:00,PAID,judare.tarlais22@courrier.test,Judare Tarlais,2.99,EUR,,Domicile
WEB-024060,2025-01-20 15:28:00,paid,MINELU.MONMONT@EXEMPLE.ORG,Minelu Monmont,"99,46",EUR,SOLDES,Retrait magasin
WEB-024040,2025-01-20 15:59:00,paid,fesolin.falsac@exemple.org,Fesolin Falsac,"113,47 €",eur,SOLDES,Domicile
WEB-024051,2025-01-20 16:37:00,paid,fesolin.falsac@exemple.org,Fesolin Falsac,"88,83 €",EUR,SOLDES,Retrait magasin
WEB-024055,2025-01-20 16:40:00,PAID,yugarin.galbel41@courrier.test,Yugarin Galbel,105.90,eur,SOLDES,Point relais
WEB-024050,2025-01-20 16:42:00,paid,tadanel.sormer@courrier.test,Tadanel Sormer,"107,85",EUR,,Point relais
WEB-024053,2025-01-20 17:36:00,PAID,FEGARIN.LANKAN@EXEMPLE.ORG,Fegarin Lankan,"86,32",€,,Retrait magasin
WEB-024049,2025-01-20 18:56:00,paid,eltaru.wenner@courrier.test,Eltaru Wenner,172.64,EUR,SOLDES,Domicile
WEB-024037,2025-01-20 20:22:00,paid,elvalia.havvoir@courrier.test,Elvalia Havvoir,"120,97 €",€,SOLDES,Domicile
WEB-024090,2025-01-21 09:02:00,PAID,yumonu.rosrand@courrier.test,Yumonu Rosrand,"79,85 €",EUR,SOLDES,Point relais
WEB-024077,2025-01-21 12:01:00,Paid,judanu.sorrand@courrier.test,Judanu Sorrand,"22,09 €",EUR,SOLDES,Domicile
WEB-024101,2025-01-21 13:13:00,paid,dumaro.dunvoir@courrier.test,Dumaro Dunvoir,119.82,EUR,SOLDES,Point relais
WEB-024096,2025-01-21 13:18:00,PAID,vesene.perner@mail.example,Vesene Perner,"56,70",EUR,SOLDES,Domicile
WEB-024076,2025-01-21 14:04:00,paid,migari.tarvane@exemple.org,Migari Tarvane,"52,49 €",EUR,SOLDES,Point relais
WEB-024078,2025-01-21 14:20:00,Paid,fetelan.dunmont@courrier.test,Fetelan Dunmont,195.48,EUR,SOLDES,Point relais
WEB-024068,2025-01-21 14:35:00,PAID,vemonin.dunrand@exemple.org,Vemonin Dunrand,"41,94 €",€,SOLDES,Domicile
WEB-024084,2025-01-21 16:55:00,Paid,sokena.dormer@mail.example,Sokena Dormer,72.93,EUR,,Domicile
WEB-024071,2025-01-21 17:50:00,paid,sesenin.falver@mail.example,Sesenin Falver,8.16,EUR,SOLDES,Domicile
WEB-024079,2025-01-21 17:58:00,PAID,sosole.brennet4@mail.example,Sosole Brennet,"131,34 €",eur,,Point relais
WEB-024093,2025-01-21 17:59:00,paid,dulone.cortier@courrier.test,Dulone Cortier,298.10,eur,,Domicile
WEB-024100,2025-01-21 18:20:00,paid,duvinel.wenver@mail.example,Duvinel Wenver,"30,70",EUR,,Domicile
WEB-024080,2025-01-21 18:58:00,Paid,MAVALEL.KELGREN@MAIL.EXAMPLE,Mavalel Kelgren,37.74,EUR,SOLDES,Domicile
WEB-024074,2025-01-21 19:19:00,paid,jugaru.brenner@mail.example,Jugaru Brenner,"18,71 €",EUR,SOLDES,Domicile
WEB-024091,2025-01-21 19:38:00,paid,arvenia.rosner@courrier.test,Arvenia Rosner,44.19,EUR,,Point relais
WEB-024081,2025-01-21 20:59:00,paid,dusolu.nevner@courrier.test,Dusolu Nevner,"53,36 €",EUR,,Domicile
WEB-024103,2025-01-21 21:13:00,paid,risolin.galbert@exemple.org,Risolin Galbert,"85,09",EUR,,Point relais
WEB-024137,2025-01-22 10:16:00,PAID,velisel.ostmont11@exemple.org,Velisel Ostmont,"2,39 €",€,SOLDES,Point relais
WEB-024136,2025-01-22 12:48:00,paid,rikene.monmont13@exemple.org,Rikene Monmont,"22,56",EUR,,Point relais
WEB-024132,2025-01-22 13:50:00,PAID,BAMONIN.VALLAIS@MAIL.EXAMPLE,Bamonin Vallais,"171,73",€,SOLDES,Domicile
WEB-024112,2025-01-22 13:57:00,PAID,minoran.dunbel@exemple.org,Minoran Dunbel,35.27,eur,SOLDES,Point relais
WEB-024135,2025-01-22 14:00:00,PAID,tatelea.nevdal@exemple.org,Tatelea Nevdal,"8,16",EUR,SOLDES,Domicile
WEB-024119,2025-01-22 14:03:00,paid,jubore.dunmar@exemple.org,Jubore Dunmar,"124,23 €",EUR,,Point relais
WEB-024142,2025-01-22 14:19:00,paid,sokene.tarver@exemple.org,Sokene Tarver,"102,80 €",eur,,Point relais
WEB-024139,2025-01-22 14:24:00,paid,SESENO.BRENDAL86@COURRIER.TEST,Seseno Brendal,40.30,EUR,SOLDES,Domicile
WEB-024120,2025-01-22 14:55:00,paid,arsene.brenmer52@courrier.test,Arsene Brenmer,15.58,EUR,SOLDES,Domicile
WEB-024116,2025-01-22 15:09:00,paid,marisea.valmont@courrier.test,Marisea Valmont,61.64,EUR,SOLDES,Point relais
WEB-024104,2025-01-22 15:42:00,paid,takenu.tordal@exemple.org,Takenu Tordal,45.12,EUR,,Point relais
WEB-024106,2025-01-22 15:50:00,paid,dusole.tornet@courrier.test,Dusole Tornet,"13,10 €",€,SOLDES,Point relais
WEB-024134,2025-01-22 16:47:00,PAID,sesoli.sorbert@exemple.org,Sesoli Sorbert,"69,84 €",eur,,Point relais
WEB-024107,2025-01-22 17:14:00,paid,batelo.wenkan@exemple.org,Batelo Wenkan,"76,47",€,SOLDES,Point relais
WEB-024140,2025-01-22 18:50:00,paid,tasola.nevdis@mail.example,Tasola Nevdis,"24,62",EUR,,Domicile
WEB-024123,2025-01-22 20:53:00,cancelled,sesenin.ravrand@courrier.test,Sesenin Ravrand,38.57,EUR,SOLDES,Domicile
WEB-024131,2025-01-22 20:59:00,cancelled,dudanu.rosmar@exemple.org,Dudanu Rosmar,149.64,eur,SOLDES,Retrait magasin
WEB-024125,2025-01-22 21:10:00,paid,FEDANA.PERRAND@COURRIER.TEST,Fedana Perrand,64.79,EUR,,Domicile
WEB-024108,2025-01-22 21:13:00,PAID,rilone.torsac@exemple.org,Rilone Torsac,50.03,EUR,SOLDES,Domicile
WEB-024130,2025-01-22 21:22:00,PAID,mivine.monmer@courrier.test,Mivine Monmer,36.02,EUR,SOLDES,Domicile
WEB-024117,2025-01-22 21:34:00,paid,ARRISAN.TORDIS@EXEMPLE.ORG,Arrisan Tordis,245.57,EUR,,Point relais
WEB-024113,2025-01-22 21:35:00,paid,tarela.havner@exemple.org,Tarela Havner,"70,70",EUR,SOLDES,Domicile
WEB-024114,2025-01-22 21:37:00,PAID,kareli.rosvane@exemple.org,Kareli Rosvane,"283,78 €",EUR,,Domicile
WEB-024133,2025-01-22 21:50:00,paid,namarea.nevsac@courrier.test,Namarea Nevsac,"63,66",EUR,,Point relais
WEB-024146,2025-01-23 08:56:00,PAID,fedane.galkan51@mail.example,Fedane Galkan,"46,73 €",EUR,SOLDES,Domicile
WEB-024158,2025-01-23 09:51:00,Paid,mirelo.keltier@exemple.org,Mirelo Keltier,"43,06",EUR,,Point relais
WEB-024145,2025-01-23 12:45:00,Paid,kavinia.nevner@courrier.test,Kavinia Nevner,"51,83 €",EUR,SOLDES,Domicile
WEB-024147,2025-01-23 12:57:00,paid,solonel.nevgren@mail.example,Solonel Nevgren,"24,62 €",EUR,,Point relais
WEB-024156,2025-01-23 14:26:00,paid,MASENU.OSTVOIR@MAIL.EXAMPLE,Masenu Ostvoir,"91,97 €",EUR,SOLDES,Retrait magasin
WEB-024149,2025-01-23 14:36:00,paid,JUNORAN.DORVANE5@COURRIER.TEST,Junoran Dorvane,263.79,EUR,SOLDES,Point relais
WEB-024153,2025-01-23 14:55:00,paid,tarisin.vallais58@exemple.org,Tarisin Vallais,58.26,EUR,SOLDES,Domicile
WEB-024159,2025-01-23 16:43:00,PAID,fevalia.ravbel@exemple.org,Fevalia Ravbel,41.94,EUR,SOLDES,Domicile
WEB-024150,2025-01-23 17:01:00,Paid,loborel.torbert@courrier.test,Loborel Torbert,102.76,EUR,SOLDES,Domicile
WEB-024166,2025-01-23 17:05:00,paid,durelin.cordal@courrier.test,Durelin Cordal,71.45,EUR,SOLDES,Point relais
WEB-024155,2025-01-23 20:12:00,PAID,MASENI.TORSAC@EXEMPLE.ORG,Maseni Torsac,"15,58",EUR,SOLDES,Domicile
WEB-024182,2025-01-24 11:52:00,PAID,VEDANEA.VALNET@EXEMPLE.ORG,Vedanea Valnet,"24,64 €",EUR,SOLDES,Point relais
WEB-024197,2025-01-24 12:29:00,PAID,zovino.galdal17@courrier.test,Zovino Galdal,"74,79",eur,,Domicile
WEB-024204,2025-01-24 13:29:00,paid,lotare.brendal84@exemple.org,Lotare Brendal,22.92,EUR,SOLDES,Point relais
WEB-024176,2025-01-24 14:00:00,Paid,narela.lanrand@exemple.org,Narela Lanrand,39.39,eur,SOLDES,Domicile
WEB-024169,2025-01-24 14:29:00,paid,fevale.sormer95@exemple.org,Fevale Sormer,29.50,EUR,SOLDES,Domicile
WEB-024174,2025-01-24 14:40:00,paid,milonan.torlais20@courrier.test,Milonan Torlais,82.24,EUR,SOLDES,Domicile
WEB-023584,2025-01-24 16:23:00,Paid,DUTARI.KELKAN@COURRIER.TEST,Dutari Kelkan,77.29,eur,SOLDES,Point relais
WEB-024187,2025-01-24 16:56:00,paid,ZORISO.GALGREN3@COURRIER.TEST,Zoriso Galgren,"86,20",EUR,SOLDES,Domicile
WEB-024171,2025-01-24 17:02:00,cancelled,tabori.permont@exemple.org,Tabori Permont,108.88,EUR,,Domicile
WEB-024179,2025-01-24 17:02:00,paid,sorisa.sortier@exemple.org,Sorisa Sortier,"154,36",EUR,SOLDES,Point relais
WEB-024195,2025-01-24 17:05:00,paid,kalise.rosmont28@courrier.test,Kalise Rosmont,"20,50 €",EUR,,Domicile
WEB-024199,2025-01-24 17:06:00,PAID,balonan.ravner@mail.example,Balonan Ravner,"44,25 €",eur,SOLDES,Point relais
WEB-024181,2025-01-24 17:21:00,paid,ornoran.rossen@exemple.org,Ornoran Rossen,318.33,EUR,SOLDES,Domicile
WEB-024201,2025-01-24 17:24:00,paid,SESOLI.SORBERT@EXEMPLE.ORG,Sesoli Sorbert,127.24,€,SOLDES,Domicile
WEB-024170,2025-01-24 18:01:00,paid,orrise.wenmer@exemple.org,Orrise Wenmer,30.33,EUR,SOLDES,Domicile
WEB-024198,2025-01-24 18:47:00,paid,tarise.ostbert@exemple.org,Tarise Ostbert,"13,93 €",eur,SOLDES,Point relais
WEB-024192,2025-01-24 20:58:00,paid,kavenan.gallais85@exemple.org,Kavenan Gallais,"38,57 €",EUR,SOLDES,Point relais
WEB-024202,2025-01-24 21:42:00,paid,artelin.nevmar@exemple.org,Artelin Nevmar,"482,57",EUR,,Domicile
WEB-024177,2025-01-24 21:48:00,paid,TAMONI.HAVLAIS@EXEMPLE.ORG,Tamoni Havlais,77.22,eur,SOLDES,Point relais
WEB-024244,2025-01-25 11:20:00,paid,NANOREA.DUNDIS@MAIL.EXAMPLE,Nanorea Dundis,"30,33 €",EUR,SOLDES,Retrait magasin
WEB-024230,2025-01-25 11:43:00,PAID,senelu.sormer@courrier.test,Senelu Sormer,171.66,EUR,SOLDES,Point relais
WEB-024228,2025-01-25 12:15:00,paid,NAVENE.MONVOIR@COURRIER.TEST,Navene Monvoir,19.47,EUR,,Point relais
WEB-024234,2025-01-25 13:12:00,Paid,artaria.vallin@exemple.org,Artaria Vallin,"56,78",EUR,SOLDES,Point relais
WEB-024235,2025-01-25 14:34:00,paid,jusolel.ostrand@exemple.org,Jusolel Ostrand,"134,73 €",EUR,SOLDES,Retrait magasin
WEB-024213,2025-01-25 14:45:00,PAID,juboro.ostvoir98@exemple.org,Juboro Ostvoir,"46,81 €",EUR,SOLDES,Retrait magasin
WEB-024212,2025-01-25 14:47:00,PAID,judania.lanmont@courrier.test,Judania Lanmont,"57,44 €",EUR,SOLDES,Domicile
WEB-024207,2025-01-25 15:12:00,PAID,arrisi.sordis@courrier.test,Arrisi Sordis,117.12,EUR,,Domicile
WEB-024239,2025-01-25 15:17:00,paid,vevinia.wenmont@exemple.org,Vevinia Wenmont,"98,48 €",EUR,,Point relais
WEB-024249,2025-01-25 15:23:00,paid,narela.lanrand@exemple.org,Narela Lanrand,"16,40",EUR,SOLDES,Domicile
WEB-024210,2025-01-25 15:37:00,paid,madane.sorsen@exemple.org,Madane Sorsen,"60,81",EUR,SOLDES,Point relais
WEB-024245,2025-01-25 16:03:00,PAID,orsenin.faldis@exemple.org,Orsenin Faldis,"17,41 €",EUR,,Domicile
WEB-024252,2025-01-25 16:14:00,paid,TATARAN.KELLAIS@COURRIER.TEST,Tataran Kellais,"284,61",EUR,,Point relais
WEB-024217,2025-01-25 16:24:00,paid,jusolo.kelbel@exemple.org,Jusolo Kelbel,52.43,EUR,,Domicile
WEB-024220,2025-01-25 16:54:00,PAID,sereli.keldis27@mail.example,Sereli Keldis,"55,22 €",eur,,Domicile
WEB-024253,2025-01-25 17:11:00,PAID,ormarel.perdal29@courrier.test,Ormarel Perdal,27.03,EUR,SOLDES,Point relais
WEB-024214,2025-01-25 17:13:00,PAID,kagaru.nevlais97@mail.example,Kagaru Nevlais,"105,31",eur,SOLDES,Domicile
WEB-024232,2025-01-25 18:17:00,paid,rigarin.ostgren@mail.example,Rigarin Ostgren,74.67,EUR,SOLDES,Domicile
WEB-024250,2025-01-25 18:18:00,paid,sevinea.wenmar@mail.example,Sevinea Wenmar,135.64,EUR,SOLDES,Point relais
WEB-024243,2025-01-25 18:53:00,paid,juvalan.kelbel@exemple.org,Juvalan Kelbel,152.13,EUR,SOLDES,Domicile
WEB-024215,2025-01-25 20:05:00,Paid,fetelea.havner@courrier.test,Fetelea Havner,"409,34",EUR,,Domicile
WEB-024221,2025-01-25 20:31:00,PAID,risolin.brensac@exemple.org,Risolin Brensac,"95,39 €",EUR,,Domicile
WEB-024225,2025-01-25 21:08:00,paid,SEDANU.GALMONT@EXEMPLE.ORG,Sedanu Galmont,"27,77 €",EUR,SOLDES,Domicile
WEB-024227,2025-01-25 21:29:00,paid,elgari.wenvane@courrier.test,Elgari Wenvane,52.43,EUR,,Domicile
WEB-024275,2025-01-26 10:03:00,PAID,mitara.dornet@exemple.org,Mitara Dornet,"7,34 €",EUR,SOLDES,Point relais
WEB-024259,2025-01-26 10:53:00,PAID,juseni.sorbert@courrier.test,Juseni Sorbert,"88,38 €",EUR,,Domicile
WEB-024259,2025-01-26 10:53:00,PAID,juseni.sorbert@courrier.test,Juseni Sorbert,"88,38 €",EUR,,Domicile
WEB-024257,2025-01-26 14:45:00,paid,fevinia.tarvoir@mail.example,Fevinia Tarvoir,285.36,EUR,SOLDES,Domicile
WEB-024263,2025-01-26 15:45:00,paid,sorelin.monbel@exemple.org,Sorelin Monbel,106.79,EUR,SOLDES,Domicile
WEB-024260,2025-01-26 16:11:00,Paid,zoveni.tordal@courrier.test,Zoveni Tordal,"90,24",EUR,,Point relais
WEB-024262,2025-01-26 17:09:00,PAID,yumaru.tarmar@courrier.test,Yumaru Tarmar,"98,58",EUR,,Domicile
WEB-024273,2025-01-26 17:09:00,cancelled,navala.tarvoir@exemple.org,Navala Tarvoir,"134,00 €",EUR,SOLDES,Domicile
WEB-024265,2025-01-26 17:37:00,paid,ORLONO.LANSAC@MAIL.EXAMPLE,Orlono Lansac,"46,89 €",EUR,SOLDES,Domicile
WEB-024269,2025-01-26 19:24:00,Paid,tataria.corner@courrier.test,Tataria Corner,"24,64 €",EUR,SOLDES,Domicile
WEB-024296,2025-01-27 11:52:00,PAID,feveno.lankan92@mail.example,Feveno Lankan,"282,55",EUR,,Point relais
WEB-024291,2025-01-27 12:14:00,Paid,milisi.dungren@courrier.test,Milisi Dungren,"131,52 €",€,SOLDES,Point relais
WEB-024281,2025-01-27 12:33:00,paid,serisia.lanbert@courrier.test,Serisia Lanbert,"131,54",EUR,,Domicile
WEB-024297,2025-01-27 12:56:00,PAID,yunelu.tornet@mail.example,Yunelu Tornet,176.76,EUR,,Domicile
WEB-024276,2025-01-27 13:08:00,paid,elnoria.dorlais@courrier.test,Elnoria Dorlais,111.04,eur,,Domicile
WEB-024303,2025-01-27 15:11:00,PAID,yurelin.corbel@exemple.org,Yurelin Corbel,"73,76 €",eur,SOLDES,Point relais
WEB-024306,2025-01-27 15:13:00,paid,juboran.valvane@exemple.org,Juboran Valvane,"35,28 €",EUR,SOLDES,Domicile
WEB-024293,2025-01-27 15:17:00,PAID,jurela.ostdal@courrier.test,Jurela Ostdal,33.79,EUR,,Domicile
WEB-024280,2025-01-27 15:41:00,Paid,jumonin.dorvoir@exemple.org,Jumonin Dorvoir,"394,52",EUR,,Retrait magasin
WEB-024305,2025-01-27 16:24:00,Paid,fenelin.tordis@courrier.test,Fenelin Tordis,276.97,EUR,SOLDES,Point relais
WEB-024286,2025-01-27 16:51:00,paid,kaveni.valdis@courrier.test,Kaveni Valdis,"46,15 €",EUR,,Domicile
WEB-024284,2025-01-27 16:52:00,paid,fesenan.brenbert@courrier.test,Fesenan Brenbert,178.72,EUR,,Domicile
WEB-024278,2025-01-27 17:31:00,Paid,rivenin.sormont@mail.example,Rivenin Sormont,137.82,EUR,,Domicile
WEB-024307,2025-01-27 18:27:00,Paid,dulone.cortier@courrier.test,Dulone Cortier,32.76,EUR,,Domicile
WEB-024302,2025-01-27 18:30:00,Paid,natarin.kelmer@courrier.test,Natarin Kelmer,96.09,EUR,SOLDES,Point relais
WEB-024277,2025-01-27 19:02:00,paid,feborea.keldal@exemple.org,Feborea Keldal,18.05,EUR,SOLDES,Domicile
WEB-024294,2025-01-27 21:24:00,paid,vesene.perner@mail.example,Vesene Perner,"28,74 €",EUR,,Domicile
WEB-024279,2025-01-27 21:57:00,PAID,migaran.torbert@exemple.org,Migaran Torbert,"55,52 €",EUR,,Domicile
WEB-024328,2025-01-28 10:19:00,PAID,velisi.roslin@courrier.test,Velisi Roslin,"60,82 €",EUR,SOLDES,Domicile
WEB-024318,2025-01-28 10:34:00,paid,venelia.havdis@exemple.org,Venelia Havdis,108.98,EUR,,Point relais
WEB-024331,2025-01-28 11:34:00,paid,minoro.ostsac@courrier.test,Minoro Ostsac,100.74,EUR,,Domicile
WEB-024333,2025-01-28 11:42:00,paid,narisel.monsac@courrier.test,Narisel Monsac,"98,68 €",EUR,,Point relais
WEB-024311,2025-01-28 12:00:00,paid,riborel.nevner@courrier.test,Riborel Nevner,"103,59 €",EUR,SOLDES,Point relais
WEB-024335,2025-01-28 12:02:00,Paid,MINORU.TORMER@COURRIER.TEST,Minoru Tormer,118.41,EUR,SOLDES,Domicile
WEB-024337,2025-01-28 12:14:00,PAID,vekenia.tarvoir79@courrier.test,Vekenia Tarvoir,"44,19 €",EUR,,Point relais
WEB-024313,2025-01-28 14:17:00,paid,jurisin.valmont@exemple.org,Jurisin Valmont,62.30,EUR,SOLDES,Point relais
WEB-024325,2025-01-28 14:32:00,paid,armarea.cormar@mail.example,Armarea Cormar,122.07,EUR,,Point relais
WEB-024315,2025-01-28 15:26:00,paid,mimarea.tordal@courrier.test,Mimarea Tordal,193.14,€,,Point relais
WEB-024334,2025-01-28 16:40:00,PAID,jumaria.sorlin@exemple.org,Jumaria Sorlin,126.66,EUR,SOLDES,Domicile
WEB-024321,2025-01-28 18:02:00,paid,eldania.persen@mail.example,Eldania Persen,17.41,EUR,,Domicile
WEB-024326,2025-01-28 18:08:00,paid,sosenu.dorsen@courrier.test,Sosenu Dorsen,204.67,EUR,,Point relais
WEB-024312,2025-01-28 20:28:00,PAID, duvinel.nevvoir@exemple.org,Duvinel Nevvoir,"64,79 €",EUR,,Point relais
WEB-024350,2025-01-29 11:16:00,paid,namonel.valdal@courrier.test,Namonel Valdal,87.35,EUR,,Domicile
WEB-024351,2025-01-29 11:22:00,paid,rirelo.lantier@exemple.org,Rirelo Lantier,"111,77 €",€,,Domicile
WEB-024358,2025-01-29 13:20:00,PAID,velisan.lanvoir@courrier.test,Velisan Lanvoir,"166,46",EUR,,Domicile
WEB-024343,2025-01-29 14:28:00,paid,rikene.monmont13@exemple.org,Rikene Monmont,112.07,EUR,,Domicile
WEB-024342,2025-01-29 14:49:00,paid,mavinu.galbel@exemple.org,Mavinu Galbel,"22,56 €",EUR,,Domicile
WEB-024352,2025-01-29 14:59:00,paid,NARISEL.RAVSAC@EXEMPLE.ORG,Narisel Ravsac,"68,81 €",EUR,,Point relais
WEB-024341,2025-01-29 15:31:00,PAID,velono.havnet@exemple.org,Velono Havnet,"152,14 €",EUR,,Domicile
WEB-024353,2025-01-29 16:37:00,paid,kanori.perner38@mail.example,Kanori Perner,"136,49 €",EUR,,Domicile
WEB-024360,2025-01-29 20:19:00,paid,zovino.galdal17@courrier.test,Zovino Galdal,"131,64",EUR,,Point relais
WEB-023746,2025-01-29 20:40:00,paid,yutaro.perlin@exemple.org,Yutaro Perlin,62.63,EUR,,Domicile
WEB-024345,2025-01-29 20:40:00,paid,arsolea.tardis@courrier.test,Arsolea Tardis,64.59,EUR,,Domicile
WEB-024354,2025-01-29 21:47:00,PAID,julisea.ravmar@courrier.test,Julisea Ravmar,"82,20",EUR,,Retrait magasin
WEB-024371,2025-01-30 10:37:00,paid,tamoni.havlais@exemple.org,Tamoni Havlais,"148,95",EUR,,Point relais
WEB-024382,2025-01-30 13:16:00,PAID,PIRELAN.DUNRAND10@EXEMPLE.ORG,Pirelan Dunrand,"91,47 €",EUR,,Retrait magasin
WEB-024361,2025-01-30 14:08:00,paid,MAGARA.OSTNET@EXEMPLE.ORG,Magara Ostnet,38.94,EUR,,Domicile
WEB-024381,2025-01-30 15:31:00,paid,ZOVINE.NEVBEL27@MAIL.EXAMPLE,Zovine Nevbel,"39,04 €",EUR,,Domicile
WEB-024368,2025-01-30 16:22:00,Paid,fevalea.tarbel@exemple.org,Fevalea Tarbel,"70,87 €",EUR,,Retrait magasin
WEB-024364,2025-01-30 18:03:00,cancelled,nakenu.galkan@exemple.org,Nakenu Galkan,"317,67",EUR,,Domicile
WEB-024372,2025-01-30 18:11:00,paid,lokenu.torsen@courrier.test,Lokenu Torsen,140.61,€,,Domicile
WEB-024374,2025-01-30 18:21:00,paid,BAGARO.SORMAR@COURRIER.TEST,Bagaro Sormar,"140,41 €",EUR,,Domicile
WEB-024369,2025-01-30 18:33:00,Paid,tavenea.monver@exemple.org,Tavenea Monver,"118,05",eur,,Domicile
WEB-024405,2025-01-31 11:45:00,paid,dugarea.havner@exemple.org,Dugarea Havner,"272,25 €",EUR,,Point relais
WEB-024412,2025-01-31 12:38:00,paid,masenu.ostvoir@mail.example,Masenu Ostvoir,62.63,EUR,,Retrait magasin
WEB-024390,2025-01-31 15:17:00,paid,bavalea.sorlin51@mail.example,Bavalea Sorlin,"102,60",EUR,,Point relais
WEB-024400,2025-01-31 15:20:00,paid, artari.dungren@exemple.org,Artari Dungren,"63,46",EUR,,Point relais
WEB-024387,2025-01-31 15:25:00,paid,junele.valdal@mail.example,Junele Valdal,"135,66 €",€,,Domicile
WEB-024407,2025-01-31 15:35:00,Paid,zosole.brenmar@courrier.test,Zosole Brenmar,144.93,€,,Point relais
WEB-024409,2025-01-31 15:37:00,paid,malisa.dorvane@exemple.org,Malisa Dorvane,59.54,EUR,,Domicile
WEB-024394,2025-01-31 16:54:00,paid,rivalea.kelnet@courrier.test,Rivalea Kelnet,"30,70 €",EUR,,Domicile
WEB-024401,2025-01-31 16:55:00,PAID, eltele.perdis@courrier.test,Eltele Perdis,"185,00 €",EUR,,Point relais
WEB-024410,2025-01-31 17:42:00,paid,zoboru.perbel@mail.example,Zoboru Perbel,51.30,EUR,,Domicile
WEB-024402,2025-01-31 17:55:00,paid,ormaro.torlin@exemple.org,Ormaro Torlin,"90,34",EUR,,Point relais
WEB-024411,2025-01-31 18:45:00,PAID,artaria.persac@mail.example,Artaria Persac,194.27,€,,Domicile
WEB-024411,2025-01-31 18:45:00,PAID,artaria.persac@mail.example,Artaria Persac,194.27,€,,Domicile
WEB-024389,2025-01-31 21:22:00,PAID,namarin.galbert@exemple.org,Namarin Galbert,"227,23 €",EUR,,Domicile
WEB-024397,2025-01-31 21:40:00,paid,sodaran.nevtier@exemple.org,Sodaran Nevtier,138.75,EUR,,Domicile
WEB-024417,2025-02-01 08:10:00,PAID,NASOLIA.TORKAN@EXEMPLE.ORG,Nasolia Torkan,82.10,EUR,,Domicile
WEB-024438,2025-02-01 11:19:00,paid,eltelia.nevsac@mail.example,Eltelia Nevsac,"120,11",EUR,,Point relais
WEB-024432,2025-02-01 11:32:00,paid,ORDARE.HAVVANE@COURRIER.TEST,Ordare Havvane,54.39,EUR,,Point relais
WEB-024433,2025-02-01 12:14:00,paid,lotaran.dunlais@exemple.org,Lotaran Dunlais,"38,94 €",€,,Domicile
WEB-024428,2025-02-01 13:19:00,Paid,selonin.dorver@exemple.org,Selonin Dorver,61.50,EUR,,Point relais
WEB-024430,2025-02-01 14:02:00,paid,lodaro.kelmar@exemple.org,Lodaro Kelmar,34.72,EUR,,Retrait magasin
WEB-024442,2025-02-01 14:31:00,paid,DUVALAN.NEVDAL@EXEMPLE.ORG,Duvalan Nevdal,67.78,€,,Retrait magasin
WEB-024446,2025-02-01 15:10:00,paid,zotele.nevlin@mail.example,Zotele Nevlin,127.32,EUR,,Domicile
WEB-024448,2025-02-01 15:11:00,paid,sovine.ravdal@exemple.org,Sovine Ravdal,"114,96 €",EUR,,Domicile
WEB-024439,2025-02-01 15:25:00,PAID,pitare.sorner@exemple.org,Pitare Sorner,79.21,EUR,,Point relais
WEB-024440,2025-02-01 15:30:00,paid,ferisi.ravlin@mail.example,Ferisi Ravlin,"109,91",EUR,,Point relais
WEB-024416,2025-02-01 16:11:00,paid,ritaria.kelsen@mail.example,Ritaria Kelsen,"119,28",EUR,,Point relais
WEB-024449,2025-02-01 16:11:00,paid,nadanel.nevmont@mail.example,Nadanel Nevmont,"138,75 €",EUR,,Point relais
WEB-024421,2025-02-01 16:15:00,PAID,YUSOLO.OSTMAR@EXEMPLE.ORG,Yusolo Ostmar,"17,31 €",eur,,Domicile
WEB-024424,2025-02-01 16:28:00,Paid, bavine.lanner@exemple.org,Bavine Lanner,"104,76 €",€,,Point relais
WEB-024445,2025-02-01 18:47:00,paid,kalonin.corbert@courrier.test,Kalonin Corbert,161.41,EUR,,Domicile
WEB-024427,2025-02-01 19:52:00,PAID,juvinea.havbel@exemple.org,Juvinea Havbel,"42,96 €",eur,,Domicile
WEB-024422,2025-02-01 19:53:00,paid,nalono.kelner@exemple.org,Nalono Kelner,89.31,EUR,,Domicile
WEB-024419,2025-02-01 21:07:00,paid,vedaran.wendis@mail.example,Vedaran Wendis,"12,26 €",EUR,,Point relais
WEB-024414,2025-02-01 21:56:00,paid,masenia.ravlin@exemple.org,Masenia Ravlin,"10,20",€,,Domicile
WEB-024460,2025-02-02 10:28:00,paid,juvenin.duntier@exemple.org,Juvenin Duntier,"27,61 €",eur,,Domicile
WEB-024458,2025-02-02 15:27:00,Paid,zorelea.sorsac@exemple.org,Zorelea Sorsac,"106,28 €",eur,FIDELITE,Domicile
WEB-024454,2025-02-02 16:42:00,PAID,marelel.targren@exemple.org,Marelel Targren,"29,77 €",EUR,,Domicile
WEB-024462,2025-02-02 18:48:00,PAID,bagarea.brenver@exemple.org,Bagarea Brenver,108.05,EUR,,Domicile
WEB-024453,2025-02-02 18:50:00,Paid,somone.brenmer@mail.example,Somone Brenmer,22.56,EUR,,Domicile
WEB-024455,2025-02-02 21:20:00,paid,sesoli.sorbert@exemple.org,Sesoli Sorbert,"115,99 €",EUR,,Point relais
WEB-024473,2025-02-03 09:33:00,paid,navenin.ostdal20@exemple.org,Navenin Ostdal,50.17,EUR,,Point relais
WEB-024483,2025-02-03 12:33:00,paid,juloni.monbel@exemple.org,Juloni Monbel,35.85,EUR,,Point relais
WEB-T0032,2025-02-03 12:33:00,paid,test@example.com,Test Test,"1,00",EUR,,Point relais
WEB-024479,2025-02-03 12:44:00,paid,mabora.falbel@courrier.test,Mabora Falbel,"29,77 €",EUR,,Point relais
WEB-024472,2025-02-03 13:01:00,PAID,ardane.wenmer34@exemple.org,Ardane Wenmer,"137,72 €",EUR,,Retrait magasin
WEB-024476,2025-02-03 14:52:00,PAID,loborin.nevbert@courrier.test,Loborin Nevbert,"88,38 €",eur,,Domicile
WEB-024486,2025-02-03 15:02:00,paid,jugarea.falnet@mail.example,Jugarea Falnet,"221,88",EUR,,Domicile
WEB-T0044,2025-02-03 15:02:00,paid,test@example.com,Test Test,"1,00",EUR,,Domicile
WEB-024470,2025-02-03 15:42:00,paid,ritaru.havtier21@mail.example,Ritaru Havtier,57.48,EUR,,Domicile
WEB-024487,2025-02-03 16:20:00,paid,pikenu.rosnet@courrier.test,Pikenu Rosnet,"191,28 €",eur,,Domicile
WEB-024471,2025-02-03 16:34:00,PAID,mivale.falsen@exemple.org,Mivale Falsen,"69,84",EUR,,Point relais
WEB-024482,2025-02-03 16:44:00,Paid,natele.roslais@courrier.test,Natele Roslais,"149,62",EUR,FIDELITE,Point relais
WEB-024475,2025-02-03 19:00:00,cancelled,tadanan.tartier@mail.example,Tadanan Tartier,85.19,EUR,,Domicile
WEB-024484,2025-02-03 19:40:00,paid,fetelea.havner@courrier.test,Fetelea Havner,"79,11 €",EUR,,Domicile
WEB-024466,2025-02-03 19:49:00,paid,zodaru.valdal@exemple.org,Zodaru Valdal,81.17,€,,Domicile
WEB-024480,2025-02-03 21:17:00,Paid,venorea.sormar@exemple.org,Venorea Sormar,"82,93 €",EUR,,Point relais
WEB-024477,2025-02-03 21:21:00,paid,lodana.persac@exemple.org,Lodana Persac,"186,13 €",eur,,Point relais
WEB-024504,2025-02-04 11:10:00,PAID,venoru.lanmar@exemple.org,Venoru Lanmar,158.42,EUR,,Domicile
WEB-024497,2025-02-04 12:47:00,cancelled,jusenel.wenlin@courrier.test,Jusenel Wenlin,"183,97 €",eur,,Domicile
WEB-024493,2025-02-04 12:49:00,paid,elseno.lannet@exemple.org,Elseno Lannet,"67,14 €",EUR,FIDELITE,Point relais
WEB-024502,2025-02-04 14:11:00,paid,milisi.dungren@courrier.test,Milisi Dungren,"69,74 €",€,,Point relais
WEB-024510,2025-02-04 14:18:00,paid,yugare.galner@mail.example,Yugare Galner,"135,56 €",EUR,,Point relais
WEB-024499,2025-02-04 15:35:00,paid,balisa.nevbel@exemple.org,Balisa Nevbel,"38,94 €",EUR,,Domicile
WEB-024496,2025-02-04 15:58:00,paid,zomonu.cormont@exemple.org,Zomonu Cormont,"231,05 €",EUR,,Domicile
WEB-024492,2025-02-04 16:04:00,PAID,JUTAREL.VALTIER@COURRIER.TEST,Jutarel Valtier,"70,87",€,,Domicile
WEB-024500,2025-02-04 17:19:00,Paid,ormona.tarmar@exemple.org,Ormona Tarmar,"61,50 €",eur,,Point relais
WEB-024520,2025-02-04 18:35:00,PAID,fetelo.rosnet@courrier.test,Fetelo Rosnet,"40,07 €",EUR,,Domicile
WEB-024491,2025-02-04 18:41:00,PAID,pigare.wenkan@mail.example,Pigare Wenkan,"59,44 €",EUR,,Domicile
WEB-024491,2025-02-04 18:41:00,PAID,pigare.wenkan@mail.example,Pigare Wenkan,"59,44 €",EUR,,Domicile
WEB-024494,2025-02-04 19:27:00,PAID,ornore.nevsen@courrier.test,Ornore Nevsen,"99,81 €",€,,Domicile
WEB-024529,2025-02-05 08:35:00,Paid,orvinu.ravlin@exemple.org,Orvinu Ravlin,295.01,eur,,Domicile
WEB-024527,2025-02-05 08:51:00,paid,barelel.falsen@mail.example,Barelel Falsen,"26,68 €",EUR,,Point relais
WEB-024531,2025-02-05 13:05:00,paid,yumoni.ostmar85@exemple.org,Yumoni Ostmar,"41,93",EUR,,Domicile
WEB-024521,2025-02-05 13:13:00,paid,PIMONEL.TORMAR@EXEMPLE.ORG,Pimonel Tormar,"228,26",€,,Domicile
WEB-024540,2025-02-05 14:10:00,PAID,kavinea.tarkan@exemple.org,Kavinea Tarkan,"88,38",EUR,,Retrait magasin
WEB-024524,2025-02-05 14:43:00,PAID,baloni.rosmar4@exemple.org,Baloni Rosmar,118.05,EUR,,Domicile
WEB-024539,2025-02-05 14:44:00,paid,YUMARAN.ROSDIS@EXEMPLE.ORG,Yumaran Rosdis,102.50,EUR,,Retrait magasin
WEB-024526,2025-02-05 15:43:00,PAID,junelu.ravlais@courrier.test,Junelu Ravlais,"92,50 €",EUR,,Point relais
WEB-024535,2025-02-05 15:52:00,paid,ARLISIA.KELDIS@EXEMPLE.ORG,Arlisia Keldis,21.53,eur,,Domicile
WEB-024536,2025-02-05 16:26:00,PAID,yutarea.tarkan@courrier.test,Yutarea Tarkan,"19,47 €",EUR,,Domicile
WEB-024533,2025-02-05 16:52:00,paid,ZORISEA.CORKAN@MAIL.EXAMPLE,Zorisea Corkan,16.38,EUR,,Domicile
WEB-024525,2025-02-05 19:27:00,PAID,maboru.havnet@exemple.org,Maboru Havnet,48.21,EUR,,Domicile
WEB-024528,2025-02-05 21:10:00,paid,rivali.tardal@courrier.test,Rivali Tardal,"11,55 €",EUR,FIDELITE,Domicile
WEB-024532,2025-02-05 21:54:00,paid,seboria.nevvoir@exemple.org,Seboria Nevvoir,"44,19 €",EUR,,Point relais
WEB-024561,2025-02-06 12:11:00,Paid,zorelia.falmar@exemple.org,Zorelia Falmar,73.03,EUR,,Point relais
WEB-024554,2025-02-06 16:34:00,paid,matari.ostnet@courrier.test,Matari Ostnet,197.36,EUR,,Domicile
WEB-024563,2025-02-06 17:28:00,Paid,zosenea.lansac@courrier.test,Zosenea Lansac,"91,47 €",EUR,,Point relais
WEB-024551,2025-02-06 17:40:00,paid,venela.cortier@mail.example,Venela Cortier,403.89,EUR,,Domicile
WEB-024547,2025-02-06 18:37:00,paid,judanel.monlin@mail.example,Judanel Monlin,50.27,eur,,Domicile
WEB-024546,2025-02-06 19:26:00,cancelled,verise.ostdal@mail.example,Verise Ostdal,"45,12 €",EUR,,Point relais
WEB-024567,2025-02-06 21:30:00,cancelled,taloni.sorver@exemple.org,Taloni Sorver,"65,62 €",EUR,,Domicile
WEB-024572,2025-02-07 08:17:00,paid,orloni.nevlin@courrier.test,Orloni Nevlin,"70,17 €",EUR,FIDELITE,Point relais
WEB-024589,2025-02-07 09:44:00,paid,sosenea.sormer@mail.example,Sosenea Sormer,109.91,EUR,,Domicile
WEB-024569,2025-02-07 13:11:00,Paid,tatarea.falsac@mail.example,Tatarea Falsac,"2,99 €",EUR,,Domicile
WEB-024586,2025-02-07 13:16:00,paid,NASENE.VALNET@COURRIER.TEST,Nasene Valnet,"173,57 €",EUR,,Point relais
WEB-024570,2025-02-07 13:22:00,PAID,miborel.dunner@exemple.org,Miborel Dunner,"132,57 €",EUR,,Domicile
WEB-024597,2025-02-07 15:47:00,Paid,bavini.ravsac72@courrier.test,Bavini Ravsac,"60,57 €",EUR,,Point relais
WEB-024582,2025-02-07 16:11:00,PAID,kalonel.monvane@exemple.org,Kalonel Monvane,198.29,EUR,,Point relais
WEB-024587,2025-02-07 18:27:00,paid,zogarin.valbel@exemple.org,Zogarin Valbel,"129,18",EUR,,Domicile
WEB-024577,2025-02-07 18:29:00,paid,baboru.lanmont@exemple.org,Baboru Lanmont,"56,56 €",EUR,FIDELITE,Domicile
WEB-024580,2025-02-07 19:32:00,PAID,arsenia.dorrand@mail.example,Arsenia Dorrand,"12,16",EUR,,Point relais
WEB-024581,2025-02-07 20:11:00,paid,navenia.rosbert@exemple.org,Navenia Rosbert,"354,75 €",EUR,,Domicile
WEB-024622,2025-02-08 11:26:00,paid,fegarea.sorsen@exemple.org,Fegarea Sorsen,"42,03 €",EUR,,Point relais
WEB-024600,2025-02-08 12:09:00,PAID,dutarel.falmont@mail.example,Dutarel Falmont,"28,64 €",EUR,,Point relais
WEB-024621,2025-02-08 12:17:00,paid,ridani.dorbel@courrier.test,Ridani Dorbel,73.86,EUR,,Domicile
WEB-024601,2025-02-08 13:39:00,Paid,yuseno.ostner@courrier.test,Yuseno Ostner,"105,89",EUR,,Point relais
WEB-024603,2025-02-08 13:54:00,paid,bagarea.galbel@exemple.org,Bagarea Galbel,84.26,EUR,,Domicile
WEB-024626,2025-02-08 14:28:00,cancelled,kavinea.tarkan@exemple.org,Kavinea Tarkan,"54,39",EUR,,Point relais
WEB-024628,2025-02-08 15:00:00,paid, sedari.galnet@exemple.org,Sedari Galnet,30.70,EUR,,Domicile
WEB-024633,2025-02-08 15:56:00,paid,sosolea.ravvane@exemple.org,Sosolea Ravvane,"304,48 €",EUR,,Domicile
WEB-024616,2025-02-08 16:23:00,paid,NADARE.ROSDAL@MAIL.EXAMPLE,Nadare Rosdal,"130,64 €",€,FIDELITE,Retrait magasin
WEB-024452,2025-02-08 17:39:00,paid,yudanan.cormont@exemple.org,Yudanan Cormont,"91,17",EUR,,Domicile
WEB-024632,2025-02-08 18:20:00,PAID,ortelea.valmar@exemple.org,Ortelea Valmar,"187,06 €",EUR,,Point relais
WEB-024618,2025-02-08 18:53:00,paid,taloni.sorver@exemple.org,Taloni Sorver,26.68,EUR,,Domicile
WEB-024610,2025-02-08 19:23:00,paid,JUGARU.TORMER@EXEMPLE.ORG,Jugaru Tormer,94.36,EUR,,Point relais
WEB-024607,2025-02-08 20:20:00,PAID,orlisia.dorkan@mail.example,Orlisia Dorkan,"104,41 €",EUR,FIDELITE,Domicile
WEB-024607,2025-02-08 20:20:00,PAID,orlisia.dorkan@mail.example,Orlisia Dorkan,"104,41 €",EUR,FIDELITE,Domicile
WEB-024636,2025-02-09 17:11:00,paid,dutelia.rosgren@exemple.org,Dutelia Rosgren,124.03,eur,,Domicile
WEB-024637,2025-02-09 17:56:00,Paid,nalonia.pernet@exemple.org,Nalonia Pernet,"57,45 €",EUR,FIDELITE,Retrait magasin
WEB-024644,2025-02-09 18:41:00,Paid,kadani.brenver@courrier.test,Kadani Brenver,"114,96 €",EUR,,Domicile
WEB-024645,2025-02-10 12:08:00,paid,narisi.sorsen@courrier.test,Narisi Sorsen,49.24,EUR,,Point relais
WEB-024656,2025-02-10 13:15:00,paid,tavinin.cordis@mail.example,Tavinin Cordis,"130,51 €",EUR,,Domicile
WEB-024659,2025-02-10 14:03:00,PAID,mavalo.ostnet@mail.example,Mavalo Ostnet,"50,69 €",eur,FIDELITE,Point relais
WEB-024650,2025-02-10 14:19:00,PAID,badare.cormer@exemple.org,Badare Cormer,"98,68 €",EUR,,Domicile
WEB-024655,2025-02-10 14:44:00,paid,sotaran.torsen@exemple.org,Sotaran Torsen,55.42,EUR,,Domicile
WEB-024647,2025-02-10 16:14:00,paid,baloni.rosmar4@exemple.org,Baloni Rosmar,"29,67 €",eur,,Point relais
WEB-024660,2025-02-10 16:27:00,paid,basolan.rosnet@exemple.org,Basolan Rosnet,37.91,EUR,,Domicile
WEB-024649,2025-02-10 17:10:00,Paid, namonel.valdal@courrier.test,Namonel Valdal,93.43,EUR,,Domicile
WEB-024654,2025-02-10 17:39:00,Paid,lodana.persac@exemple.org,Lodana Persac,156.06,EUR,,Point relais
WEB-024652,2025-02-10 20:56:00,paid,tadanan.tartier@mail.example,Tadanan Tartier,"199,42 €",EUR,,Domicile
WEB-024677,2025-02-11 12:26:00,paid,zotele.falgren@exemple.org,Zotele Falgren,"11,23",EUR,,Domicile
WEB-024670,2025-02-11 12:42:00,paid,lomarin.rossac@exemple.org,Lomarin Rossac,"196,33 €",EUR,,Point relais
WEB-024687,2025-02-11 12:57:00,paid,bamone.roslais@exemple.org,Bamone Roslais,36.88,EUR,,Point relais
WEB-024664,2025-02-11 13:02:00,paid,lolisia.galdal@courrier.test,Lolisia Galdal,88.28,EUR,,Point relais
WEB-024683,2025-02-11 14:58:00,paid,kadare.brenbel@exemple.org,Kadare Brenbel,"111,04",eur,,Point relais
WEB-024685,2025-02-11 15:01:00,paid,matari.ostnet@courrier.test,Matari Ostnet,"136,69",EUR,,Point relais
WEB-024669,2025-02-11 16:26:00,paid,pilona.rosver@courrier.test,Pilona Rosver,"130,41",EUR,,Domicile
WEB-024681,2025-02-11 17:56:00,paid,orsolel.lannet@courrier.test,Orsolel Lannet,"101,67",EUR,,Domicile
WEB-024667,2025-02-11 18:17:00,paid,fevene.tarbel@mail.example,Fevene Tarbel,"153,27 €",EUR,,Retrait magasin
WEB-024679,2025-02-11 19:06:00,paid,yumari.wenner33@exemple.org,Yumari Wenner,80.04,EUR,,Point relais
WEB-024682,2025-02-11 20:10:00,paid,yugaru.monbel@exemple.org,Yugaru Monbel,164.40,EUR,,Point relais
WEB-024673,2025-02-11 21:34:00,PAID, balonan.havrand@exemple.org,Balonan Havrand,84.16,EUR,,Point relais
WEB-024706,2025-02-12 11:25:00,PAID,FEVININ.GALSAC@EXEMPLE.ORG,Fevinin Galsac,191.08,EUR,,Domicile
WEB-024706,2025-02-12 11:25:00,PAID,FEVININ.GALSAC@EXEMPLE.ORG,Fevinin Galsac,191.08,EUR,,Domicile
WEB-024690,2025-02-12 11:28:00,paid,zosolia.wenlin@exemple.org,Zosolia Wenlin,152.24,EUR,,Domicile
WEB-024709,2025-02-12 12:21:00,paid,sotelea.ostbel@courrier.test,Sotelea Ostbel,261.12,EUR,,Point relais
WEB-024695,2025-02-12 13:14:00,PAID,milisel.wenlin@courrier.test,Milisel Wenlin,"46,15 €",EUR,,Point relais
WEB-024705,2025-02-12 13:28:00,paid,FEVALE.LANKAN@EXEMPLE.ORG,Fevale Lankan,83.23,EUR,,Domicile
WEB-024703,2025-02-12 14:43:00,paid,ELGARIA.BRENTIER@COURRIER.TEST,Elgaria Brentier,57.48,eur,,Domicile
WEB-024694,2025-02-12 16:15:00,Paid,zolonea.tordal@courrier.test,Zolonea Tordal,"77,15 €",EUR,,Point relais
WEB-024698,2025-02-12 16:44:00,paid,vevali.permont@courrier.test,Vevali Permont,"59,54 €",€,,Point relais
WEB-024708,2025-02-12 17:34:00,paid,elgare.galbel@exemple.org,Elgare Galbel,178.72,EUR,,Point relais
WEB-024700,2025-02-12 18:14:00,Paid,eldari.wentier@mail.example,Eldari Wentier,"163,57 €",€,,Domicile
WEB-024691,2025-02-12 18:45:00,paid,sodare.nevbel@mail.example,Sodare Nevbel,193.14,EUR,,Retrait magasin
WEB-024692,2025-02-12 20:36:00,Paid,minelan.sordis@exemple.org,Minelan Sordis,"68,61 €",EUR,,Point relais
WEB-024722,2025-02-13 09:08:00,paid,bamonin.valkan@exemple.org,Bamonin Valkan,"211,58",EUR,,Retrait magasin
WEB-024733,2025-02-13 10:08:00,paid,lomonea.dormont@mail.example,Lomonea Dormont,"79,76 €",EUR,FIDELITE,Point relais
WEB-024713,2025-02-13 11:42:00,PAID,talise.rosner@exemple.org,Talise Rosner,220.95,EUR,,Domicile
WEB-024731,2025-02-13 11:47:00,PAID,DUSOLI.ROSSAC@EXEMPLE.ORG,Dusoli Rossac,"37,91 €",EUR,,Domicile
WEB-024725,2025-02-13 13:02:00,paid,sorelel.torner@courrier.test,Sorelel Torner,"12,26 €",eur,,Point relais
WEB-024725,2025-02-13 13:02:00,paid,sorelel.torner@courrier.test,Sorelel Torner,"12,26 €",eur,,Point relais
WEB-024729,2025-02-13 14:31:00,PAID,makena.corgren@mail.example,Makena Corgren,79.11,EUR,,Point relais
WEB-024723,2025-02-13 15:09:00,paid,malisa.dorvane@exemple.org,Malisa Dorvane,101.67,eur,,Point relais
WEB-024715,2025-02-13 15:47:00,Paid,narisel.monsac@courrier.test,Narisel Monsac,95.39,EUR,,Domicile
WEB-024726,2025-02-13 15:52:00,paid,elrelel.dunnet@exemple.org,Elrelel Dunnet,"113,93 €",eur,,Point relais
WEB-024728,2025-02-13 16:08:00,paid,ortaru.dormar@courrier.test,Ortaru Dormar,"57,54 €",EUR,FIDELITE,Point relais
WEB-024716,2025-02-13 17:37:00,paid,FERISE.DUNMONT@MAIL.EXAMPLE,Ferise Dunmont,"92,40 €",EUR,,Domicile
WEB-024750,2025-02-14 08:29:00,PAID,fedarel.valrand@exemple.org,Fedarel Valrand,"108,98 €",EUR,,Point relais
WEB-024753,2025-02-14 12:31:00,PAID, bavalea.kelner@mail.example,Bavalea Kelner,152.24,EUR,,Domicile
WEB-024735,2025-02-14 14:21:00,paid,tavinea.lansen@exemple.org,Tavinea Lansen,"59,54 €",EUR,,Point relais
WEB-024747,2025-02-14 14:56:00,Paid,miborel.dunner@exemple.org,Miborel Dunner,"18,44",eur,,Retrait magasin
WEB-024759,2025-02-14 15:49:00,Paid,fegaro.galdal@exemple.org,Fegaro Galdal,72.31,EUR,FIDELITE,Point relais
WEB-024761,2025-02-14 16:27:00,cancelled,sonela.ravbel@exemple.org,Sonela Ravbel,"10,20",eur,,Domicile
WEB-024743,2025-02-14 17:11:00,paid,yumaran.rosvane@exemple.org,Yumaran Rosvane,99.71,EUR,,Domicile
WEB-024738,2025-02-14 18:42:00,paid,kataro.corlais@exemple.org,Kataro Corlais,"72,83 €",EUR,,Point relais
WEB-024756,2025-02-14 19:27:00,paid,rivalea.monnet@exemple.org,Rivalea Monnet,"118,05 €",€,,Domicile
WEB-024796,2025-02-15 10:58:00,PAID,zonelel.sorbel@courrier.test,Zonelel Sorbel,"81,07 €",EUR,,Domicile
WEB-024792,2025-02-15 11:28:00,Paid,yutarea.sorsac@exemple.org,Yutarea Sorsac,40.91,EUR,FIDELITE,Domicile
WEB-024780,2025-02-15 12:56:00,PAID,rikene.monmont13@exemple.org,Rikene Monmont,101.77,EUR,,Retrait magasin
WEB-024797,2025-02-15 13:33:00,PAID,dukeno.wenkan@exemple.org,Dukeno Wenkan,"79,01 €",EUR,,Domicile
WEB-024797,2025-02-15 13:33:00,PAID,dukeno.wenkan@exemple.org,Dukeno Wenkan,"79,01 €",EUR,,Domicile
WEB-024799,2025-02-15 14:08:00,paid, minelin.sordis@exemple.org,Minelin Sordis,"11,23 €",EUR,,Point relais
WEB-024772,2025-02-15 15:42:00,paid,SONELO.DORMONT@EXEMPLE.ORG,Sonelo Dormont,"50,27 €",EUR,,Point relais
WEB-024774,2025-02-15 16:01:00,paid,armarel.dorvane@exemple.org,Armarel Dorvane,26.68,EUR,,Domicile
WEB-024794,2025-02-15 16:01:00,paid,nakenan.permar@mail.example,Nakenan Permar,133.70,EUR,,Point relais
WEB-024790,2025-02-15 16:17:00,paid,kasenia.havdis@exemple.org,Kasenia Havdis,"62,63",EUR,,Domicile
WEB-024788,2025-02-15 16:48:00,Paid,fetelea.havner@courrier.test,Fetelea Havner,"51,40 €",EUR,,Domicile
WEB-024776,2025-02-15 16:59:00,paid,dunoran.galver34@courrier.test,Dunoran Galver,29.77,EUR,,Domicile
WEB-024775,2025-02-15 17:00:00,paid,orrelia.galvoir@mail.example,Orrelia Galvoir,"51,40 €",eur,,Point relais
WEB-024793,2025-02-15 17:43:00,Paid,nalonia.pernet@exemple.org,Nalonia Pernet,"29,77",EUR,,Domicile
WEB-024789,2025-02-15 18:49:00,paid,basole.monmar@courrier.test,Basole Monmar,"9,17 €",EUR,,Domicile
WEB-024770,2025-02-15 19:23:00,paid,matarin.tarsen@exemple.org,Matarin Tarsen,144.93,EUR,,Domicile
WEB-024798,2025-02-15 20:21:00,paid,tabori.dortier@exemple.org,Tabori Dortier,"175,63",eur,,Point relais
WEB-024773,2025-02-15 21:42:00,paid,RIBOREL.NEVNER@COURRIER.TEST,Riborel Nevner,79.01,EUR,,Domicile
WEB-024806,2025-02-16 14:03:00,PAID,naveni.brengren@courrier.test,Naveni Brengren,"150,08 €",EUR,,Point relais
WEB-024820,2025-02-16 15:25:00,PAID,mirelan.tormer97@mail.example,Mirelan Tormer,"51,40 €",EUR,,Domicile
WEB-024819,2025-02-16 15:58:00,paid,velonan.tordis@exemple.org,Velonan Tordis,"18,50 €",EUR,FIDELITE,Point relais
WEB-024803,2025-02-16 16:50:00,cancelled,yumone.havdal@mail.example,Yumone Havdal,157.29,EUR,,Domicile
WEB-024801,2025-02-16 17:20:00,paid,bavale.wendal@courrier.test,Bavale Wendal,50.27,EUR,,Domicile
WEB-024813,2025-02-16 18:17:00,PAID,sokene.ostnet55@exemple.org,Sokene Ostnet,149.05,EUR,,Domicile
WEB-024810,2025-02-16 18:50:00,paid,ZORISI.NEVVANE@EXEMPLE.ORG,Zorisi Nevvane,52.43,EUR,,Point relais
WEB-024804,2025-02-16 19:03:00,PAID,zomonan.cortier1@exemple.org,Zomonan Cortier,132.47,€,,Domicile
WEB-024817,2025-02-16 20:38:00,PAID,feboro.sorver@mail.example,Feboro Sorver,199.52,EUR,,Domicile
WEB-024833,2025-02-17 08:58:00,paid,ARNORU.GALDAL@COURRIER.TEST,Arnoru Galdal,"44,19 €",eur,,Point relais
WEB-024822,2025-02-17 13:07:00,cancelled,TARELEA.TORBEL@EXEMPLE.ORG,Tarelea Torbel,189.95,eur,,Point relais
WEB-024829,2025-02-17 13:19:00,paid,duliso.havvoir@courrier.test,Duliso Havvoir,34.92,EUR,,Point relais
WEB-024843,2025-02-17 13:52:00,paid,jutele.tortier@courrier.test,Jutele Tortier,"46,78 €",EUR,FIDELITE,Domicile
WEB-024843,2025-02-17 13:52:00,paid,jutele.tortier@courrier.test,Jutele Tortier,"46,78 €",EUR,FIDELITE,Domicile
WEB-024838,2025-02-17 14:23:00,paid,tasene.lantier@exemple.org,Tasene Lantier,"39,97 €",EUR,,Domicile
WEB-024842,2025-02-17 15:02:00,Paid,femono.corgren93@mail.example,Femono Corgren,"228,36 €",EUR,,Point relais
WEB-024846,2025-02-17 16:15:00,paid,baseno.nevbel@mail.example,Baseno Nevbel,"39,04 €",EUR,,Point relais
WEB-024834,2025-02-17 16:21:00,PAID,magari.wenver@exemple.org,Magari Wenver,209.82,EUR,,Point relais
WEB-024826,2025-02-17 16:33:00,paid,duboru.corver@exemple.org,Duboru Corver,57.48,EUR,,Point relais
WEB-024837,2025-02-17 16:40:00,paid,elrelea.langren@exemple.org,Elrelea Langren,112.90,eur,,Domicile
WEB-024835,2025-02-17 18:11:00,cancelled,mirelan.brenbert@mail.example,Mirelan Brenbert,"68,81 €",€,,Point relais
WEB-024835,2025-02-17 18:11:00,cancelled,mirelan.brenbert@mail.example,Mirelan Brenbert,"68,81 €",€,,Point relais
WEB-024831,2025-02-17 19:08:00,PAID,minore.corvane@exemple.org,Minore Corvane,44.19,EUR,,Domicile
WEB-024852,2025-02-18 10:26:00,PAID,somone.brenmer@mail.example,Somone Brenmer,109.08,EUR,,Domicile
WEB-024860,2025-02-18 11:06:00,PAID,narelin.dorlais91@exemple.org,Narelin Dorlais,"123,20 €",EUR,,Point relais
WEB-024857,2025-02-18 13:01:00,PAID,dulonia.brengren@exemple.org,Dulonia Brengren,"44,19 €",EUR,,Point relais
WEB-024850,2025-02-18 13:25:00,Paid,somarin.falgren@exemple.org,Somarin Falgren,"66,65 €",EUR,,Retrait magasin
WEB-024855,2025-02-18 15:09:00,PAID,narisel.monsac@courrier.test,Narisel Monsac,35.03,EUR,FIDELITE,Domicile
WEB-024861,2025-02-18 15:17:00,Paid,marelea.falsen@exemple.org,Marelea Falsen,"112,90",EUR,,Domicile
WEB-024863,2025-02-18 17:30:00,PAID,fetara.kelmar@exemple.org,Fetara Kelmar,"37,91",EUR,,Domicile
WEB-024859,2025-02-18 18:54:00,Paid,juboro.torver96@mail.example,Juboro Torver,"113,00",EUR,,Domicile
WEB-024864,2025-02-18 20:42:00,PAID,sogarea.wenner@courrier.test,Sogarea Wenner,147.09,EUR,,Domicile
WEB-024882,2025-02-19 12:52:00,cancelled,tatarea.pernet@courrier.test,Tatarea Pernet,"224,14 €",EUR,,Domicile
WEB-024891,2025-02-19 14:06:00,PAID,dutari.kelkan@courrier.test,Dutari Kelkan,61.01,EUR,BIENVENUE,Domicile
WEB-024890,2025-02-19 14:59:00,paid,dumarea.dunvoir@mail.example,Dumarea Dunvoir,48.73,EUR,FIDELITE,Domicile
WEB-024875,2025-02-19 15:25:00,Paid,rilonea.tarmer@mail.example,Rilonea Tarmer,"179,75 €",€,,Domicile
WEB-024895,2025-02-19 16:01:00,PAID,rigaria.corlin@courrier.test,Rigaria Corlin,80.14,eur,,Retrait magasin
WEB-024889,2025-02-19 16:02:00,Paid,orvalo.nevlin21@mail.example,Orvalo Nevlin,"94,56",EUR,,Point relais
WEB-024874,2025-02-19 16:31:00,paid,miveni.nevmar@exemple.org,Miveni Nevmar,115.16,€,,Point relais
WEB-024871,2025-02-19 17:07:00,Paid,kalonel.sorgren@exemple.org,Kalonel Sorgren,29.77,EUR,,Domicile
WEB-024870,2025-02-19 17:15:00,Paid,ritaru.havtier21@mail.example,Ritaru Havtier,"65,72",eur,,Domicile
WEB-024876,2025-02-19 18:18:00,paid,barelel.falsen@mail.example,Barelel Falsen,"13,19 €",€,,Point relais
WEB-024893,2025-02-19 18:24:00,Paid,orsenea.perbert15@exemple.org,Orsenea Perbert,170.86,EUR,FIDELITE,Domicile
WEB-024894,2025-02-19 21:26:00,PAID,sosenea.sormer@mail.example,Sosenea Sormer,"88,28 €",EUR,,Retrait magasin
WEB-024879,2025-02-19 21:55:00,paid,tarelo.tarmer@exemple.org,Tarelo Tarmer,"121,14 €",EUR,,Point relais
WEB-024898,2025-02-20 10:19:00,paid,katarel.ostdis@exemple.org,Katarel Ostdis,91.47,EUR,,Domicile
WEB-024907,2025-02-20 11:29:00,paid,namarea.nevsac@courrier.test,Namarea Nevsac,183.97,EUR,,Domicile
WEB-024916,2025-02-20 11:30:00,paid,tavalo.wenbert@exemple.org,Tavalo Wenbert,"59,64",EUR,,Point relais
WEB-024905,2025-02-20 13:34:00,PAID,nalonea.galtier@exemple.org,Nalonea Galtier,64.79,eur,,Point relais
WEB-024900,2025-02-20 14:22:00,Paid,ARLISA.OSTMAR@EXEMPLE.ORG,Arlisa Ostmar,"159,35 €",EUR,,Domicile
WEB-024896,2025-02-20 14:39:00,paid,ritelu.corgren@courrier.test,Ritelu Corgren,"11,23 €",EUR,,Point relais
WEB-024925,2025-02-20 15:06:00,paid,serisel.ravnet@exemple.org,Serisel Ravnet,"29,77 €",EUR,,Domicile
WEB-024913,2025-02-20 16:01:00,paid,dudanea.brendal@courrier.test,Dudanea Brendal,104.86,EUR,,Point relais
WEB-024908,2025-02-20 16:16:00,paid,velono.havnet@exemple.org,Velono Havnet,32.86,EUR,,Point relais
WEB-024912,2025-02-20 17:00:00,paid,juneli.rosdis@mail.example,Juneli Rosdis,"56,55",€,,Domicile
WEB-024910,2025-02-20 17:26:00,PAID,setelel.tordal@exemple.org,Setelel Tordal,20.50,EUR,,Domicile
WEB-024903,2025-02-20 18:54:00,Paid,dudaro.keldis@courrier.test,Dudaro Keldis,"39,97 €",EUR,,Point relais
WEB-024917,2025-02-20 19:06:00,PAID,LOVENAN.RAVMER@COURRIER.TEST,Lovenan Ravmer,"71,90",€,,Domicile
WEB-024909,2025-02-20 19:37:00,paid,serelia.havtier@exemple.org,Serelia Havtier,"448,28",EUR,,Point relais
WEB-024924,2025-02-20 20:50:00,paid,RILONE.BRENTIER@MAIL.EXAMPLE,Rilone Brentier,"72,83",EUR,,Point relais
WEB-024949,2025-02-21 11:08:00,PAID,rigarin.ostgren@mail.example,Rigarin Ostgren,"88,38 €",EUR,,Point relais
WEB-024936,2025-02-21 13:00:00,PAID,kavalel.falvane@courrier.test,Kavalel Falvane,"113,10 €",EUR,,Domicile
WEB-024936,2025-02-21 13:00:00,PAID,kavalel.falvane@courrier.test,Kavalel Falvane,"113,10 €",EUR,,Domicile
WEB-024934,2025-02-21 13:18:00,paid,babore.torgren@mail.example,Babore Torgren,34.92,EUR,,Point relais
WEB-024933,2025-02-21 14:25:00,Paid,risolo.ostvoir@exemple.org,Risolo Ostvoir,71.90,€,,Domicile
WEB-024938,2025-02-21 14:31:00,PAID,risenia.ostbert53@exemple.org,Risenia Ostbert,"57,48 €",EUR,,Domicile
WEB-024928,2025-02-21 14:52:00,PAID,setari.torsac@courrier.test,Setari Torsac,"2,99 €",EUR,,Domicile
WEB-024927,2025-02-21 15:30:00,paid,somonan.torkan@exemple.org,Somonan Torkan,"54,39 €",€,,Domicile
WEB-024942,2025-02-21 15:33:00,PAID,navenin.kelnet@courrier.test,Navenin Kelnet,116.09,EUR,,Retrait magasin
WEB-024944,2025-02-21 15:38:00,PAID,kasena.wenrand@exemple.org,Kasena Wenrand,86.80,EUR,FIDELITE,Retrait magasin
WEB-024947,2025-02-21 15:58:00,Paid,tavalin.ravner@exemple.org,Tavalin Ravner,"60,57 €",EUR,,Domicile
WEB-024945,2025-02-21 17:58:00,Paid,TAVALO.WENBERT@EXEMPLE.ORG,Tavalo Wenbert,"26,68",EUR,,Point relais
WEB-024945,2025-02-21 17:58:00,Paid,TAVALO.WENBERT@EXEMPLE.ORG,Tavalo Wenbert,"26,68",EUR,,Point relais
WEB-024980,2025-02-22 12:08:00,PAID,zotaran.sordis40@exemple.org,Zotaran Sordis,"92,40",EUR,,Retrait magasin
WEB-024988,2025-02-22 12:21:00,Paid,PIVALE.KELSEN@EXEMPLE.ORG,Pivale Kelsen,"206,63 €",EUR,,Domicile
WEB-024965,2025-02-22 13:22:00,PAID,fesenan.havmer@exemple.org,Fesenan Havmer,16.38,EUR,,Point relais
WEB-024973,2025-02-22 13:29:00,PAID,yugare.galner@mail.example,Yugare Galner,"25,55 €",eur,,Retrait magasin
WEB-024975,2025-02-22 13:57:00,PAID,SELONIN.CORMER@COURRIER.TEST,Selonin Cormer,165.33,EUR,,Domicile
WEB-024966,2025-02-22 14:08:00,paid,arrelea.dunver@exemple.org,Arrelea Dunver,"27,61 €",EUR,,Domicile
WEB-024981,2025-02-22 14:49:00,paid,FERELEL.FALVER@EXEMPLE.ORG,Ferelel Falver,370.10,EUR,,Retrait magasin
WEB-024987,2025-02-22 15:31:00,PAID,arvinel.havtier@exemple.org,Arvinel Havtier,"164,50 €",EUR,,Domicile
WEB-024974,2025-02-22 16:23:00,paid,elgaria.cormer@courrier.test,Elgaria Cormer,111.17,EUR,FIDELITE,Domicile
WEB-024968,2025-02-22 16:39:00,Paid,fesolin.falsac@exemple.org,Fesolin Falsac,"81,07",EUR,,Domicile
WEB-024971,2025-02-22 16:59:00,paid,seliso.landal@courrier.test,Seliso Landal,256.80,EUR,,Point relais
WEB-024957,2025-02-22 17:31:00,paid,ortelu.dorner@exemple.org,Ortelu Dorner,"73,86 €",EUR,,Domicile
WEB-024961,2025-02-22 17:34:00,PAID,ordarea.havnet@exemple.org,Ordarea Havnet,"90,34",EUR,,Point relais
WEB-024984,2025-02-22 17:37:00,paid,orlono.kelbert@exemple.org,Orlono Kelbert,"392,76 €",eur,,Domicile
WEB-024982,2025-02-22 18:06:00,paid,barelia.ravmont@courrier.test,Barelia Ravmont,117.12,EUR,,Domicile
WEB-024956,2025-02-22 18:35:00,paid,bavenel.perbel@courrier.test,Bavenel Perbel,"29,77",EUR,,Domicile
WEB-024978,2025-02-22 19:47:00,Paid,basolel.persen@mail.example,Basolel Persen,"74,89 €",eur,,Point relais
WEB-024964,2025-02-22 20:24:00,paid,arsolel.monlin74@mail.example,Arsolel Monlin,35.95,€,,Domicile
WEB-024960,2025-02-22 20:32:00,paid,orgarea.valkan@exemple.org,Orgarea Valkan,"30,15",EUR,FIDELITE,Domicile
WEB-024958,2025-02-22 20:43:00,paid,milonea.kellin@exemple.org,Milonea Kellin,163.91,eur,FIDELITE,Domicile
WEB-025012,2025-02-23 11:39:00,paid,duvene.rosvoir@exemple.org,Duvene Rosvoir,125.26,€,,Domicile
WEB-025008,2025-02-23 13:01:00,paid, kavale.torner@exemple.org,Kavale Torner,254.63,EUR,FIDELITE,Domicile
WEB-025004,2025-02-23 13:18:00,PAID,semonin.sorlais@exemple.org,Semonin Sorlais,"258,13 €",€,,Point relais
WEB-024993,2025-02-23 13:20:00,PAID,dukenin.sormar@exemple.org,Dukenin Sormar,20.40,EUR,,Domicile
WEB-024998,2025-02-23 13:40:00,paid,MADANI.NEVBEL@COURRIER.TEST,Madani Nevbel,"22,46 €",EUR,,Domicile
WEB-024991,2025-02-23 15:15:00,PAID,arsenan.lanmont@exemple.org,Arsenan Lanmont,56.45,eur,,Domicile
WEB-025001,2025-02-23 16:41:00,PAID,yudari.roslais53@exemple.org,Yudari Roslais,80.97,eur,,Point relais
WEB-024994,2025-02-23 16:50:00,PAID,jurelan.tarvoir@exemple.org,Jurelan Tarvoir,"86,12",EUR,,Point relais
WEB-025009,2025-02-23 17:35:00,paid, masoli.tarsen62@mail.example,Masoli Tarsen,"106,47 €",€,FIDELITE,Point relais
WEB-025005,2025-02-23 18:28:00,paid,VESENIA.OSTKAN@MAIL.EXAMPLE,Vesenia Ostkan,7.11,EUR,,Domicile
WEB-025000,2025-02-23 19:30:00,paid,MALONIN.MONLIN@EXEMPLE.ORG,Malonin Monlin,"306,77 €",EUR,FIDELITE,Point relais
WEB-024996,2025-02-23 19:33:00,PAID,somonia.rosdis15@exemple.org,Somonia Rosdis,"20,50 €",EUR,,Domicile
WEB-025011,2025-02-23 19:43:00,paid,madari.wenvane70@exemple.org,Madari Wenvane,141.64,eur,,Domicile
WEB-025026,2025-02-24 09:57:00,paid,tavalin.corbel@courrier.test,Tavalin Corbel,"40,70 €",EUR,,Domicile
WEB-025039,2025-02-24 10:37:00,paid,duvalea.havbel@exemple.org,Duvalea Havbel,"105,39 €",EUR,FIDELITE,Point relais
WEB-T0002,2025-02-24 10:37:00,paid,test@example.com,Test Test,"1,00",EUR,FIDELITE,Point relais
WEB-025039,2025-02-24 10:37:00,paid,duvalea.havbel@exemple.org,Duvalea Havbel,"105,39 €",EUR,FIDELITE,Point relais
WEB-025027,2025-02-24 12:54:00,paid, sedania.kelver@exemple.org,Sedania Kelver,"43,06",EUR,,Domicile
WEB-025044,2025-02-24 14:18:00,paid,arnela.torlin@courrier.test,Arnela Torlin,"73,86",€,,Domicile
WEB-025046,2025-02-24 14:40:00,Paid,navene.monvoir@courrier.test,Navene Monvoir,"185,93",eur,,Domicile
WEB-025030,2025-02-24 14:59:00,PAID,vevinia.wenmont@exemple.org,Vevinia Wenmont,"53,16 €",EUR,,Domicile
WEB-025045,2025-02-24 15:11:00,Paid,ORMONA.RAVKAN@MAIL.EXAMPLE,Ormona Ravkan,249.69,EUR,,Point relais
WEB-025021,2025-02-24 16:02:00,Paid,pisenia.rosmer@exemple.org,Pisenia Rosmer,88.38,EUR,,Point relais
WEB-025031,2025-02-24 16:28:00,Paid,arrelan.roslin@exemple.org,Arrelan Roslin,"69,84 €",EUR,,Retrait magasin
WEB-025015,2025-02-24 17:19:00,paid,karisin.dorbel@exemple.org,Karisin Dorbel,"250,92 €",EUR,,Point relais
WEB-025023,2025-02-24 17:32:00,PAID,kasole.dormar13@exemple.org,Kasole Dormar,"189,22 €",EUR,,Domicile
WEB-025032,2025-02-24 18:12:00,paid,tavalin.corbel@courrier.test,Tavalin Corbel,18.50,eur,FIDELITE,Domicile
WEB-025016,2025-02-24 18:31:00,PAID,rigare.cornet@exemple.org,Rigare Cornet,10.20,EUR,,Point relais
WEB-025018,2025-02-24 19:47:00,Paid,MABORA.FALBEL@COURRIER.TEST,Mabora Falbel,"147,09 €",EUR,,Domicile
WEB-025035,2025-02-24 20:00:00,PAID,ferise.corbert@courrier.test,Ferise Corbert,"34,92",EUR,,Point relais
WEB-025019,2025-02-24 21:25:00,paid,arrelu.ravmer@courrier.test,Arrelu Ravmer,2.99,EUR,,Point relais
WEB-025066,2025-02-25 08:43:00,Paid,DUNELA.LANBERT@EXEMPLE.ORG,Dunela Lanbert,51.40,EUR,,Domicile
WEB-025059,2025-02-25 08:48:00,paid,lovalu.lanner@mail.example,Lovalu Lanner,"68,81 €",EUR,,Domicile
WEB-025047,2025-02-25 14:09:00,PAID,kadanel.ostvoir3@exemple.org,Kadanel Ostvoir,"86,22 €",EUR,,Point relais
WEB-025058,2025-02-25 14:26:00,Paid,KAVINEA.TARKAN@EXEMPLE.ORG,Kavinea Tarkan,73.03,EUR,,Domicile
WEB-025051,2025-02-25 14:28:00,paid,bavina.valner@courrier.test,Bavina Valner,"157,49",EUR,,Point relais
WEB-025054,2025-02-25 14:30:00,paid,eldari.wentier@mail.example,Eldari Wentier,"119,08",EUR,,Domicile
WEB-025071,2025-02-25 15:09:00,PAID,zoneli.torrand@courrier.test,Zoneli Torrand,"111,97",EUR,,Domicile
WEB-025070,2025-02-25 16:18:00,paid,yumonan.rosmer@exemple.org,Yumonan Rosmer,"229,29 €",EUR,,Retrait magasin
WEB-025062,2025-02-25 17:12:00,Paid,balonan.ravvane@exemple.org,Balonan Ravvane,4.02,EUR,,Point relais
WEB-025072,2025-02-25 17:16:00,paid,JUMONEA.DORLIN@EXEMPLE.ORG,Jumonea Dorlin,"125,26 €",EUR,,Domicile
WEB-025056,2025-02-25 18:28:00,cancelled,argarea.galvane@courrier.test,Argarea Galvane,"126,39 €",EUR,,Domicile
WEB-025094,2025-02-26 10:54:00,Paid,NALONIN.BRENKAN@MAIL.EXAMPLE,Nalonin Brenkan,"148,12 €",EUR,,Domicile
WEB-025105,2025-02-26 11:24:00,paid,DUTAREA.GALDIS@EXEMPLE.ORG,Dutarea Galdis,"76,75 €",EUR,,Point relais
WEB-025090,2025-02-26 12:04:00,PAID,sobori.galgren@exemple.org,Sobori Galgren,"19,47",eur,,Domicile
WEB-025096,2025-02-26 12:23:00,paid,mataria.wenkan@mail.example,Mataria Wenkan,"135,76 €",EUR,,Domicile
WEB-025104,2025-02-26 13:28:00,paid,arvinan.kelrand@mail.example,Arvinan Kelrand,"74,89",EUR,,Domicile
WEB-025087,2025-02-26 14:29:00,paid,vemono.nevgren@exemple.org,Vemono Nevgren,"62,63 €",€,,Domicile
WEB-025091,2025-02-26 15:04:00,PAID,BADARE.CORMER@EXEMPLE.ORG,Badare Cormer,"148,02 €",€,,Domicile
WEB-025091,2025-02-26 15:04:00,PAID,BADARE.CORMER@EXEMPLE.ORG,Badare Cormer,"148,02 €",€,,Domicile
WEB-025089,2025-02-26 15:30:00,paid,yusene.gallin@exemple.org,Yusene Gallin,"310,56 €",EUR,,Point relais
WEB-025077,2025-02-26 16:01:00,paid,sorelia.cornet@mail.example,Sorelia Cornet,424.89,EUR,,Domicile
WEB-025098,2025-02-26 16:05:00,paid,verise.dorrand@courrier.test,Verise Dorrand,"185,93 €",EUR,,Point relais
WEB-025075,2025-02-26 16:09:00,paid,mavino.wenmer@courrier.test,Mavino Wenmer,"110,10",EUR,FIDELITE,Point relais
WEB-025092,2025-02-26 16:17:00,PAID,mamara.perkan@mail.example,Mamara Perkan,17.41,EUR,,Domicile
WEB-025080,2025-02-26 18:50:00,paid,setelin.ostver@exemple.org,Setelin Ostver,93.33,eur,,Domicile
WEB-T0029,2025-02-26 18:50:00,paid,test@example.com,Test Test,"1,00",eur,,Domicile
WEB-025106,2025-02-26 19:04:00,paid,JURISI.OSTVANE55@EXEMPLE.ORG,Jurisi Ostvane,103.73,EUR,,Point relais
WEB-025078,2025-02-26 21:47:00,PAID,julisea.ravmar@courrier.test,Julisea Ravmar,"2,84 €",EUR,FIDELITE,Domicile
WEB-025115,2025-02-27 11:47:00,PAID,natarea.havvoir@mail.example,Natarea Havvoir,"144,73",EUR,,Point relais
WEB-025123,2025-02-27 12:47:00,paid,maveno.cormont@courrier.test,Maveno Cormont,"22,56 €",eur,,Point relais
WEB-025109,2025-02-27 13:12:00,PAID, namonel.valdal@courrier.test,Namonel Valdal,"70,77",EUR,,Retrait magasin
WEB-025124,2025-02-27 14:53:00,cancelled,mamaro.kelvoir@mail.example,Mamaro Kelvoir,127.02,EUR,,Domicile
WEB-025114,2025-02-27 15:42:00,paid,NAMARIN.GALBERT@EXEMPLE.ORG,Namarin Galbert,143.60,eur,,Domicile
WEB-025119,2025-02-27 16:13:00,Paid,dukenia.tarmont@courrier.test,Dukenia Tarmont,170.58,EUR,,Retrait magasin
WEB-025121,2025-02-27 16:45:00,paid,elboran.cortier@exemple.org,Elboran Cortier,"57,58 €",EUR,,Domicile
WEB-024565,2025-02-27 16:55:00,PAID,orlisin.wenvane@exemple.org,Orlisin Wenvane,"100,50 €",EUR,BIENVENUE,Retrait magasin
WEB-025127,2025-02-27 17:36:00,paid,tarisia.ravsen@mail.example,Tarisia Ravsen,"135,56 €",EUR,,Point relais
WEB-025125,2025-02-27 17:45:00,paid,zomona.ostmont66@courrier.test,Zomona Ostmont,100.64,€,,Domicile
WEB-025120,2025-02-27 18:00:00,paid,dusoli.rossac@exemple.org,Dusoli Rossac,172.91,EUR,FIDELITE,Point relais
WEB-025111,2025-02-27 18:57:00,paid, bamona.perbel@mail.example,Bamona Perbel,"69,84",eur,,Domicile
WEB-025117,2025-02-27 21:43:00,paid,ferisi.ravlin@mail.example,Ferisi Ravlin,114.86,EUR,,Point relais
WEB-025113,2025-02-27 21:44:00,paid,tamara.dornet@exemple.org,Tamara Dornet,"33,79 €",eur,,Point relais
WEB-025136,2025-02-28 13:16:00,paid,selono.valgren@exemple.org,Selono Valgren,"73,96",eur,,Retrait magasin
WEB-025153,2025-02-28 14:10:00,PAID,orbore.corner61@mail.example,Orbore Corner,"95,49 €",EUR,,Domicile
WEB-025145,2025-02-28 14:50:00,paid,dunore.landis@exemple.org,Dunore Landis,84.16,EUR,,Domicile
WEB-025150,2025-02-28 16:33:00,paid,jukenia.kelvoir88@mail.example,Jukenia Kelvoir,"30,60 €",EUR,,Domicile
WEB-025149,2025-02-28 16:42:00,PAID,KAVENA.RAVSAC@EXEMPLE.ORG,Kavena Ravsac,133.70,EUR,,Point relais
WEB-025131,2025-02-28 16:51:00,paid,selonin.cordal@exemple.org,Selonin Cordal,"67,78 €",EUR,,Point relais
WEB-025134,2025-02-28 17:02:00,Paid,eldani.havmar@courrier.test,Eldani Havmar,"64,79 €",EUR,,Domicile
WEB-025132,2025-02-28 17:12:00,PAID,BAVINE.LANNER@EXEMPLE.ORG,Bavine Lanner,"247,73 €",€,,Retrait magasin
WEB-025139,2025-02-28 20:48:00,paid, takenia.sorlais@mail.example,Takenia Sorlais,111.97,EUR,,Domicile
WEB-025130,2025-02-28 21:10:00,paid,LOLONEA.FALMONT@EXEMPLE.ORG,Lolonea Falmont,119.28,eur,,Domicile
WEB-025130,2025-02-28 21:10:00,paid,LOLONEA.FALMONT@EXEMPLE.ORG,Lolonea Falmont,119.28,eur,,Domicile
WEB-025146,2025-02-28 21:50:00,paid,milonea.falrand@mail.example,Milonea Falrand,"126,39 €",EUR,,Point relais
WEB-025156,2025-03-01 10:20:00,PAID,losolu.valmer@courrier.test,Losolu Valmer,"113,93 €",EUR,,Point relais
WEB-025186,2025-03-01 10:30:00,paid,miliso.torsac@exemple.org,Miliso Torsac,"206,53 €",EUR,,Domicile
WEB-025154,2025-03-01 11:06:00,paid,orgarel.valgren48@exemple.org,Orgarel Valgren,"126,29 €",EUR,,Domicile
WEB-025165,2025-03-01 12:06:00,paid,piboro.kelmont@exemple.org,Piboro Kelmont,"110,01 €",EUR,,Domicile
WEB-025173,2025-03-01 12:50:00,paid,bavenin.lanbel@exemple.org,Bavenin Lanbel,14.32,eur,,Domicile
WEB-025162,2025-03-01 14:09:00,paid,juliso.pernet@courrier.test,Juliso Pernet,"82,10",€,,Domicile
WEB-025193,2025-03-01 14:24:00,paid,arsolu.nevsac@exemple.org,Arsolu Nevsac,"169,35",EUR,,Point relais
WEB-025172,2025-03-01 14:27:00,paid,juvini.ravmont@courrier.test,Juvini Ravmont,39.04,eur,,Point relais
WEB-025185,2025-03-01 14:47:00,Paid,nalonin.brenkan@mail.example,Nalonin Brenkan,125.16,EUR,,Domicile
WEB-025168,2025-03-01 16:12:00,Paid,nanelan.sorver@mail.example,Nanelan Sorver,76.95,EUR,,Retrait magasin
WEB-025159,2025-03-01 16:23:00,paid,orsolu.ostver25@exemple.org,Orsolu Ostver,101.67,EUR,,Domicile
WEB-025178,2025-03-01 17:24:00,paid, vevinia.wenmont@exemple.org,Vevinia Wenmont,"96,62 €",EUR,,Domicile
WEB-025188,2025-03-01 17:29:00,paid,mitelo.kellin@exemple.org,Mitelo Kellin,"43,06 €",EUR,,Domicile
WEB-025167,2025-03-01 17:52:00,PAID,rilonea.tarmer@mail.example,Rilonea Tarmer,"136,59 €",EUR,,Domicile
WEB-025166,2025-03-01 19:06:00,paid,tagaran.lanmer@exemple.org,Tagaran Lanmer,"40,07 €",EUR,,Domicile
WEB-025158,2025-03-01 19:14:00,PAID,duvene.rosvoir@exemple.org,Duvene Rosvoir,54.39,EUR,,Domicile
WEB-025183,2025-03-01 21:33:00,PAID,orkene.wentier@exemple.org,Orkene Wentier,"43,06 €",EUR,,Point relais
WEB-025196,2025-03-02 10:37:00,paid,SEVALI.VALBEL78@MAIL.EXAMPLE,Sevali Valbel,150.08,EUR,,Domicile
WEB-025197,2025-03-02 15:50:00,paid,sekenan.pergren61@exemple.org,Sekenan Pergren,"15,56",EUR,FIDELITE,Retrait magasin
WEB-025203,2025-03-02 16:28:00,cancelled,pirisea.ravnet@courrier.test,Pirisea Ravnet,97.55,EUR,,Domicile
WEB-025202,2025-03-02 17:23:00,paid,vesolin.nevdal22@exemple.org,Vesolin Nevdal,"69,29 €",EUR,FIDELITE,Point relais
WEB-025199,2025-03-02 17:38:00,Paid,vebore.dorrand@exemple.org,Vebore Dorrand,68.81,€,,Domicile
WEB-025207,2025-03-02 18:01:00,paid,artari.sormar@exemple.org,Artari Sormar,"279,66 €",EUR,,Point relais
WEB-025208,2025-03-02 18:17:00,paid,vegaru.persen84@courrier.test,Vegaru Persen,54.39,EUR,,Retrait magasin
WEB-025198,2025-03-02 19:20:00,paid,dunelu.sorkan@exemple.org,Dunelu Sorkan,117.12,eur,,Point relais
WEB-025215,2025-03-02 19:45:00,paid,orborel.dunkan@courrier.test,Orborel Dunkan,24.62,EUR,,Domicile
WEB-025200,2025-03-02 20:38:00,paid,jusolia.roslais@courrier.test,Jusolia Roslais,"29,77",EUR,,Domicile
WEB-025216,2025-03-02 21:50:00,Paid,namarin.valvoir@exemple.org,Namarin Valvoir,44.09,EUR,,Point relais
WEB-025229,2025-03-03 13:19:00,paid,juvenin.duntier@exemple.org,Juvenin Duntier,"104,86",EUR,,Domicile
WEB-025228,2025-03-03 14:05:00,cancelled,masolan.galkan@exemple.org,Masolan Galkan,"49,81 €",€,FIDELITE,Point relais
WEB-025237,2025-03-03 14:13:00,Paid,sedania.galtier@exemple.org,Sedania Galtier,326.11,EUR,,Domicile
WEB-025233,2025-03-03 14:21:00,paid,VETARI.CORSAC@EXEMPLE.ORG,Vetari Corsac,402.23,EUR,,Point relais
WEB-025220,2025-03-03 14:51:00,paid,VEDANEA.VALNET@EXEMPLE.ORG,Vedanea Valnet,"28,64",eur,,Domicile
WEB-025221,2025-03-03 15:01:00,PAID,setela.kelner@exemple.org,Setela Kelner,"34,62",EUR,,Domicile
WEB-025224,2025-03-03 16:03:00,paid,pitare.sorner@exemple.org,Pitare Sorner,73.96,EUR,,Domicile
WEB-025240,2025-03-03 17:41:00,PAID,narelia.wensen30@mail.example,Narelia Wensen,"144,73 €",EUR,,Point relais
WEB-025235,2025-03-03 17:53:00,paid,rivala.ostmont@exemple.org,Rivala Ostmont,44.19,EUR,,Point relais
WEB-025225,2025-03-03 18:29:00,Paid,lobore.monner@exemple.org,Lobore Monner,"94,46 €",EUR,,Point relais
WEB-025238,2025-03-03 19:10:00,PAID,kagaria.brenbel@exemple.org,Kagaria Brenbel,"32,86 €",EUR,,Domicile
WEB-025232,2025-03-03 20:24:00,PAID,solonel.nevgren@mail.example,Solonel Nevgren,"84,26",EUR,,Domicile
WEB-025227,2025-03-03 21:40:00,paid,orsenin.nevvane@courrier.test,Orsenin Nevvane,"235,27 €",EUR,,Domicile
WEB-025239,2025-03-03 21:44:00,paid,dunelo.nevnet@exemple.org,Dunelo Nevnet,84.26,EUR,,Domicile
WEB-025244,2025-03-04 10:41:00,Paid,sosole.perkan@courrier.test,Sosole Perkan,"345,58 €",EUR,,Point relais
WEB-025256,2025-03-04 14:54:00,paid,manelu.ostsac@exemple.org,Manelu Ostsac,"47,08 €",EUR,,Domicile
WEB-025243,2025-03-04 16:02:00,paid,felisin.perbert@courrier.test,Felisin Perbert,130.61,EUR,,Domicile
WEB-025243,2025-03-04 16:02:00,paid,felisin.perbert@courrier.test,Felisin Perbert,130.61,EUR,,Domicile
WEB-025262,2025-03-04 16:14:00,paid,ardania.galmer@mail.example,Ardania Galmer,265.54,EUR,,Domicile
WEB-025251,2025-03-04 16:40:00,paid,sotare.nevbel@exemple.org,Sotare Nevbel,"198,49",EUR,,Point relais
WEB-025258,2025-03-04 17:22:00,PAID,pigarin.monlais@courrier.test,Pigarin Monlais,72.03,EUR,FIDELITE,Domicile
WEB-025263,2025-03-04 17:33:00,paid,DUTELAN.HAVBERT@EXEMPLE.ORG,Dutelan Havbert,"84,06 €",€,,Domicile
WEB-025261,2025-03-04 18:36:00,paid,jutelia.ostdal@exemple.org,Jutelia Ostdal,"91,47",€,,Point relais
WEB-025261,2025-03-04 18:36:00,paid,jutelia.ostdal@exemple.org,Jutelia Ostdal,"91,47",€,,Point relais
WEB-025242,2025-03-04 20:57:00,paid,orsena.sornet@courrier.test,Orsena Sornet,"12,26 €",EUR,,Point relais
WEB-025285,2025-03-05 11:25:00,paid,MIKENIN.TORMAR@COURRIER.TEST,Mikenin Tormar,77.05,EUR,,Point relais
WEB-025271,2025-03-05 11:50:00,PAID,arvenia.perner@mail.example,Arvenia Perner,"259,06",EUR,,Point relais
WEB-025287,2025-03-05 12:28:00,paid,dusene.sorgren@exemple.org,Dusene Sorgren,"139,68 €",EUR,,Domicile
WEB-025282,2025-03-05 12:34:00,paid,TABORE.SORBERT71@EXEMPLE.ORG,Tabore Sorbert,28.74,EUR,,Domicile
WEB-025286,2025-03-05 13:00:00,paid,juvala.falrand@courrier.test,Juvala Falrand,"120,21",EUR,,Point relais
WEB-025264,2025-03-05 13:25:00,paid,kareli.rosvane@exemple.org,Kareli Rosvane,22.56,EUR,,Domicile
WEB-025269,2025-03-05 13:38:00,paid,piveni.sortier19@exemple.org,Piveni Sortier,114.86,EUR,,Domicile
WEB-025265,2025-03-05 15:12:00,Paid,fedari.dundal@exemple.org,Fedari Dundal,70.87,EUR,,Point relais
WEB-025270,2025-03-05 15:57:00,Paid,NALONIA.KELNER@EXEMPLE.ORG,Nalonia Kelner,78.53,eur,BIENVENUE,Point relais
WEB-025268,2025-03-05 16:58:00,PAID,dunelel.corbert@mail.example,Dunelel Corbert,66.65,eur,,Domicile
WEB-025289,2025-03-05 17:27:00,PAID,rimari.dunlais56@exemple.org,Rimari Dunlais,68.91,EUR,,Point relais
WEB-025272,2025-03-05 17:57:00,Paid,elvala.wenrand@exemple.org,Elvala Wenrand,"192,94",€,,Point relais
WEB-025267,2025-03-05 18:14:00,paid,solisan.falgren43@exemple.org,Solisan Falgren,"128,55 €",EUR,,Domicile
WEB-025275,2025-03-05 18:21:00,paid,setaria.dorvoir@exemple.org,Setaria Dorvoir,"56,35 €",EUR,,Domicile
WEB-025280,2025-03-05 18:45:00,paid,jumaro.falmar@exemple.org,Jumaro Falmar,33.79,€,,Domicile
WEB-025288,2025-03-05 19:22:00,paid,rigari.sorbel@exemple.org,Rigari Sorbel,"271,42 €",EUR,,Domicile
WEB-025277,2025-03-05 21:10:00,Paid,elvalia.havvoir@courrier.test,Elvalia Havvoir,"108,98 €",€,,Point relais
WEB-025278,2025-03-05 21:39:00,PAID,selono.valgren@exemple.org,Selono Valgren,"75,92 €",eur,,Domicile
WEB-025323,2025-03-06 11:58:00,paid,kakeni.sornet@mail.example,Kakeni Sornet,110.04,EUR,BIENVENUE,Domicile
WEB-025308,2025-03-06 12:05:00,Paid,kadani.brenver@courrier.test,Kadani Brenver,"29,77 €",EUR,,Point relais
WEB-025299,2025-03-06 13:25:00,Paid,pitare.sorner@exemple.org,Pitare Sorner,"299,86 €",EUR,,Domicile
WEB-025304,2025-03-06 14:21:00,PAID,sodane.pertier@exemple.org,Sodane Pertier,"90,24 €",EUR,,Domicile
WEB-025294,2025-03-06 15:13:00,PAID,nalone.havver@courrier.test,Nalone Havver,"51,30",eur,,Point relais
WEB-025320,2025-03-06 16:15:00,Paid,yugaran.tarver@exemple.org,Yugaran Tarver,76.95,EUR,,Point relais
WEB-025319,2025-03-06 16:49:00,paid,vesolan.wenmer@mail.example,Vesolan Wenmer,"69,74 €",EUR,,Domicile
WEB-025312,2025-03-06 16:51:00,paid,tamarel.havmer@exemple.org,Tamarel Havmer,"91,47",€,,Point relais
WEB-025310,2025-03-06 17:00:00,paid,vedare.brenvane@courrier.test,Vedare Brenvane,109.91,EUR,,Point relais
WEB-025300,2025-03-06 17:01:00,Paid,argare.galvoir@courrier.test,Argare Galvoir,"122,17",EUR,,Point relais
WEB-025322,2025-03-06 17:17:00,Paid,kalisa.galver@exemple.org,Kalisa Galver,"27,61 €",EUR,,Domicile
WEB-025301,2025-03-06 18:19:00,paid,ardanel.ostnet@exemple.org,Ardanel Ostnet,84.16,€,,Domicile
WEB-025321,2025-03-06 18:44:00,cancelled,venele.nevbel@courrier.test,Venele Nevbel,10.20,EUR,,Domicile
WEB-025306,2025-03-06 19:37:00,PAID,arkenel.nevdal@exemple.org,Arkenel Nevdal,"399,14 €",eur,,Domicile
WEB-025318,2025-03-06 21:07:00,Paid,dudanea.brendal@courrier.test,Dudanea Brendal,57.38,EUR,,Domicile
WEB-025325,2025-03-07 12:11:00,paid,vevala.brengren25@exemple.org,Vevala Brengren,179.66,EUR,FIDELITE,Point relais
WEB-025335,2025-03-07 13:50:00,PAID,ortela.ostver@courrier.test,Ortela Ostver,168.42,eur,,Point relais
WEB-025343,2025-03-07 13:54:00,PAID,jumonea.dorlin@exemple.org,Jumonea Dorlin,30.80,eur,,Point relais
WEB-025344,2025-03-07 14:34:00,PAID,dusolel.wenner59@exemple.org,Dusolel Wenner,95.59,EUR,,Domicile
WEB-025334,2025-03-07 14:45:00,paid,pisenia.rosmer@exemple.org,Pisenia Rosmer,312.62,EUR,,Domicile
WEB-025330,2025-03-07 15:05:00,paid,TAMONE.LANRAND76@EXEMPLE.ORG,Tamone Lanrand,"24,62 €",EUR,,Retrait magasin
WEB-025347,2025-03-07 15:13:00,PAID,elgara.torner11@exemple.org,Elgara Torner,"11,23",EUR,,Point relais
WEB-025349,2025-03-07 16:25:00,paid,arrisi.sordis@courrier.test,Arrisi Sordis,42.03,EUR,,Point relais
WEB-T0050,2025-03-07 16:25:00,paid,test@example.com,Test Test,"1,00",EUR,,Point relais
WEB-025338,2025-03-07 17:10:00,paid,sedania.galtier@exemple.org,Sedania Galtier,352.79,€,,Domicile
WEB-025333,2025-03-07 17:12:00,paid,orsenea.perbert15@exemple.org,Orsenea Perbert,91.47,EUR,,Domicile
WEB-025345,2025-03-07 18:42:00,PAID,bamonin.kelsac@exemple.org,Bamonin Kelsac,40.70,EUR,BIENVENUE,Domicile
WEB-025341,2025-03-07 18:44:00,Paid,yudane.mongren@exemple.org,Yudane Mongren,"99,81 €",EUR,,Domicile
WEB-025332,2025-03-07 20:55:00,paid,dusolel.ostbert@mail.example,Dusolel Ostbert,111.97,EUR,,Domicile
WEB-025395,2025-03-08 12:45:00,Paid,eldania.persen@mail.example,Eldania Persen,13.29,EUR,,Domicile
WEB-025383,2025-03-08 13:03:00,paid,FENELA.RAVMONT@MAIL.EXAMPLE,Fenela Ravmont,85.11,EUR,BIENVENUE,Domicile
WEB-025359,2025-03-08 13:10:00,paid,semonea.monbert@exemple.org,Semonea Monbert,"29,67 €",EUR,,Point relais
WEB-025376,2025-03-08 14:11:00,PAID,zogaru.pertier32@mail.example,Zogaru Pertier,"84,26 €",EUR,,Domicile
WEB-025396,2025-03-08 14:13:00,paid,marise.perdal@exemple.org,Marise Perdal,"52,43 €",EUR,,Point relais
WEB-025363,2025-03-08 14:26:00,paid,mirelan.tormer97@mail.example,Mirelan Tormer,"96,52",€,,Retrait magasin
WEB-025373,2025-03-08 15:05:00,Paid,zotarin.fallin@mail.example,Zotarin Fallin,"424,79 €",EUR,,Domicile
WEB-025362,2025-03-08 15:30:00,paid,tagaria.wenbel@mail.example,Tagaria Wenbel,42.03,EUR,,Point relais
WEB-025370,2025-03-08 15:30:00,paid,mavino.wenmer@courrier.test,Mavino Wenmer,"102,80 €",eur,,Domicile
WEB-025374,2025-03-08 15:30:00,PAID,ferelin.tarrand@exemple.org,Ferelin Tarrand,"130,93 €",EUR,FIDELITE,Point relais
WEB-025361,2025-03-08 15:32:00,paid,nanelo.rosdal@courrier.test,Nanelo Rosdal,"143,56",EUR,FIDELITE,Domicile
WEB-025389,2025-03-08 16:06:00,paid,ritela.galgren36@exemple.org,Ritela Galgren,"299,76 €",€,,Domicile
WEB-025399,2025-03-08 16:54:00,cancelled,vevalu.tarvane29@exemple.org,Vevalu Tarvane,132.17,€,,Domicile
WEB-025394,2025-03-08 17:08:00,paid,ridana.nevgren@courrier.test,Ridana Nevgren,"19,47 €",EUR,,Domicile
WEB-025381,2025-03-08 17:27:00,paid,tavalu.ravgren@exemple.org,Tavalu Ravgren,130.31,EUR,,Domicile
WEB-025368,2025-03-08 17:51:00,cancelled,ORDANI.WENRAND44@EXEMPLE.ORG,Ordani Wenrand,110.01,eur,,Domicile
WEB-025360,2025-03-08 17:54:00,paid,JULONI.MONBEL@EXEMPLE.ORG,Juloni Monbel,"173,67 €",EUR,,Point relais
WEB-025393,2025-03-08 18:16:00,PAID,elseno.lannet@exemple.org,Elseno Lannet,"77,05 €",EUR,,Domicile
WEB-025385,2025-03-08 18:30:00,Paid,mimarin.dunkan@exemple.org,Mimarin Dunkan,"122,27",EUR,,Domicile
WEB-025388,2025-03-08 20:06:00,PAID,juboran.valvane@exemple.org,Juboran Valvane,81.07,EUR,,Point relais
WEB-025379,2025-03-08 21:27:00,paid,yugarel.wenner47@exemple.org,Yugarel Wenner,"239,39 €",EUR,,Domicile
WEB-025424,2025-03-09 09:32:00,paid,jurelan.tarvoir@exemple.org,Jurelan Tarvoir,61.46,EUR,FIDELITE,Domicile
WEB-025423,2025-03-09 11:35:00,PAID,arsolea.tardis@courrier.test,Arsolea Tardis,"155,03 €",€,,Domicile
WEB-025407,2025-03-09 12:08:00,paid,tadaru.dorsac@exemple.org,Tadaru Dorsac,"209,62 €",EUR,,Domicile
WEB-025408,2025-03-09 12:16:00,paid,elrelea.langren@exemple.org,Elrelea Langren,70.77,EUR,,Point relais
WEB-025411,2025-03-09 16:47:00,paid,miveno.havlin@exemple.org,Miveno Havlin,"136,39 €",EUR,,Point relais
WEB-025421,2025-03-09 19:03:00,paid,manorea.nevdis@exemple.org,Manorea Nevdis,"235,37 €",EUR,,Domicile
WEB-025422,2025-03-09 19:54:00,paid,dudanu.rosmar@exemple.org,Dudanu Rosmar,71.90,eur,,Domicile
WEB-025440,2025-03-10 15:58:00,paid,natarea.havvoir@mail.example,Natarea Havvoir,82.20,EUR,,Domicile
WEB-025440,2025-03-10 15:58:00,paid,natarea.havvoir@mail.example,Natarea Havvoir,82.20,EUR,,Domicile
WEB-025441,2025-03-10 16:00:00,PAID,yusolel.nevbert@mail.example,Yusolel Nevbert,"249,89",EUR,,Point relais
WEB-025429,2025-03-10 17:58:00,paid,rirelel.havlin@courrier.test,Rirelel Havlin,"52,43 €",EUR,,Point relais
WEB-025444,2025-03-10 19:20:00,paid,pisolu.cormont@exemple.org,Pisolu Cormont,88.28,EUR,,Domicile
WEB-025431,2025-03-10 19:49:00,Paid,zosenea.ostsen@exemple.org,Zosenea Ostsen,"17,21 €",EUR,,Domicile
WEB-025434,2025-03-10 20:30:00,PAID,kavena.ravsac@exemple.org,Kavena Ravsac,"179,02 €",EUR,,Point relais
WEB-025439,2025-03-10 21:00:00,paid,mivinan.nevsac@exemple.org,Mivinan Nevsac,98.68,EUR,,Point relais
WEB-025469,2025-03-11 09:15:00,PAID,fetaran.tordal@courrier.test,Fetaran Tordal,"232,28",EUR,,Point relais
WEB-025452,2025-03-11 14:01:00,paid,mivinu.kelver@courrier.test,Mivinu Kelver,"108,98",EUR,,Point relais
WEB-025461,2025-03-11 14:22:00,paid,riboria.dordal@exemple.org,Riboria Dordal,34.82,EUR,,Domicile
WEB-025458,2025-03-11 15:35:00,paid,fedarel.valrand@exemple.org,Fedarel Valrand,"34,92 €",€,,Point relais
WEB-025466,2025-03-11 16:44:00,paid,midari.ostmer64@courrier.test,Midari Ostmer,"22,56",EUR,,Domicile
WEB-025453,2025-03-11 16:47:00,paid,yutelu.havvane@courrier.test,Yutelu Havvane,68.91,EUR,,Point relais
WEB-025467,2025-03-11 18:18:00,Paid,yugare.wennet@exemple.org,Yugare Wennet,119.08,EUR,,Domicile
WEB-025476,2025-03-12 10:44:00,paid,yunora.nevsen@mail.example,Yunora Nevsen,"159,45 €",EUR,,Domicile
WEB-025485,2025-03-12 10:45:00,PAID,makenan.kelbel@courrier.test,Makenan Kelbel,170.58,EUR,,Domicile
WEB-025480,2025-03-12 12:28:00,PAID,sotaran.torsen@exemple.org,Sotaran Torsen,102.80,EUR,,Domicile
WEB-025479,2025-03-12 13:14:00,paid,lomonia.monrand@courrier.test,Lomonia Monrand,"157,09 €",EUR,,Domicile
WEB-025477,2025-03-12 13:35:00,paid,LOMONIA.MONRAND@COURRIER.TEST,Lomonia Monrand,50.37,EUR,,Domicile
WEB-025487,2025-03-12 13:38:00,paid,elrelin.torlais@exemple.org,Elrelin Torlais,146.59,EUR,,Domicile
WEB-025471,2025-03-12 14:28:00,Paid,zomarin.ostnet@courrier.test,Zomarin Ostnet,"86,02 €",EUR,,Domicile
WEB-025484,2025-03-12 15:18:00,Paid, zovine.nevbel27@mail.example,Zovine Nevbel,"219,92",EUR,,Domicile
WEB-025483,2025-03-12 15:19:00,paid,zonoro.brenvoir@courrier.test,Zonoro Brenvoir,"46,15",eur,,Domicile
WEB-025473,2025-03-12 17:23:00,Paid,tavinea.lansen@exemple.org,Tavinea Lansen,"68,91",EUR,,Point relais
WEB-025475,2025-03-12 18:01:00,PAID,arkenia.valrand@exemple.org,Arkenia Valrand,88.38,EUR,,Point relais
WEB-025494,2025-03-12 18:34:00,Paid,taveno.corlin31@mail.example,Taveno Corlin,"79,95 €",EUR,FIDELITE,Domicile
WEB-025491,2025-03-12 18:43:00,Paid,tanoro.permar64@mail.example,Tanoro Permar,"73,86 €",EUR,,Domicile
WEB-025493,2025-03-12 18:51:00,paid,pivene.ravgren@exemple.org,Pivene Ravgren,"203,44",€,,Point relais
WEB-025492,2025-03-12 19:05:00,paid,rivine.galrand@exemple.org,Rivine Galrand,"122,37 €",EUR,,Point relais
WEB-025488,2025-03-12 19:17:00,paid, rilisa.roslais@mail.example,Rilisa Roslais,"40,07 €",EUR,,Domicile
WEB-025495,2025-03-13 11:15:00,paid,fevine.sormont@exemple.org,Fevine Sormont,"187,69 €",eur,,Point relais
WEB-025498,2025-03-13 15:28:00,PAID,tatara.mondal@mail.example,Tatara Mondal,"80,14 €",EUR,,Domicile
WEB-025496,2025-03-13 15:48:00,Paid,narelin.dorlais91@exemple.org,Narelin Dorlais,"36,98 €",EUR,,Point relais
WEB-025510,2025-03-13 16:44:00,PAID,jukenia.valrand@courrier.test,Jukenia Valrand,"30,50 €",€,,Domicile
WEB-025500,2025-03-13 17:00:00,PAID,dudarin.persen@courrier.test,Dudarin Persen,200.35,EUR,,Domicile
WEB-025497,2025-03-13 18:59:00,paid,zodanu.valmont@mail.example,Zodanu Valmont,128.55,EUR,,Domicile
WEB-025537,2025-03-14 08:03:00,paid,yunoro.brenlin91@exemple.org,Yunoro Brenlin,"72,22",EUR,FIDELITE,Point relais
WEB-025534,2025-03-14 12:21:00,Paid,eldari.rosdal@mail.example,Eldari Rosdal,"93,45 €",EUR,FIDELITE,Point relais
WEB-025519,2025-03-14 13:08:00,paid,arlonan.tarmer@exemple.org,Arlonan Tarmer,135.66,€,,Domicile
WEB-025527,2025-03-14 14:05:00,paid,balonan.ravner@mail.example,Balonan Ravner,"2,99 €",EUR,,Domicile
WEB-025517,2025-03-14 15:18:00,Paid,orrelea.nevlais@courrier.test,Orrelea Nevlais,"133,48 €",EUR,FIDELITE,Point relais
WEB-025535,2025-03-14 16:48:00,paid,setelo.ravgren@exemple.org,Setelo Ravgren,"39,04 €",EUR,,Point relais
WEB-025533,2025-03-14 17:00:00,PAID,ELTARAN.NEVDAL@EXEMPLE.ORG,Eltaran Nevdal,87.25,EUR,,Domicile
WEB-025543,2025-03-14 17:23:00,paid,rigaria.corlin@courrier.test,Rigaria Corlin,33.89,EUR,,Retrait magasin
WEB-025516,2025-03-14 18:22:00,cancelled,kasole.dormar13@exemple.org,Kasole Dormar,60.57,EUR,,Domicile
WEB-025541,2025-03-14 19:15:00,paid,juvene.falsac@exemple.org,Juvene Falsac,"171,21",EUR,,Domicile
WEB-025525,2025-03-14 19:25:00,cancelled,katarel.wenkan25@courrier.test,Katarel Wenkan,101.67,EUR,,Domicile
WEB-025544,2025-03-14 20:26:00,PAID,mitarea.targren@courrier.test,Mitarea Targren,9.17,EUR,,Point relais
WEB-025536,2025-03-14 20:42:00,paid,femoni.corsac@exemple.org,Femoni Corsac,"29,77",EUR,,Domicile
WEB-025522,2025-03-14 20:57:00,Paid,ARRISA.TARGREN@MAIL.EXAMPLE,Arrisa Targren,"120,11 €",eur,,Domicile
WEB-025538,2025-03-14 21:07:00,paid,madaru.torner@courrier.test,Madaru Torner,"118,05",EUR,,Point relais
WEB-025576,2025-03-15 09:34:00,PAID,jusolel.dorvane@exemple.org,Jusolel Dorvane,178.92,EUR,,Point relais
WEB-025569,2025-03-15 13:12:00,PAID,SOLISIA.TARLIN@MAIL.EXAMPLE,Solisia Tarlin,"199,33",EUR,FIDELITE,Retrait magasin
WEB-025592,2025-03-15 13:20:00,paid,elbore.duntier@exemple.org,Elbore Duntier,"96,52 €",EUR,,Point relais
WEB-025563,2025-03-15 13:40:00,PAID,zovinel.tortier84@courrier.test,Zovinel Tortier,125.46,EUR,,Point relais
WEB-025583,2025-03-15 14:38:00,paid,sesena.galner12@exemple.org,Sesena Galner,174.70,EUR,,Domicile
WEB-025580,2025-03-15 14:46:00,paid,zovene.dorvoir@exemple.org,Zovene Dorvoir,266.37,EUR,,Point relais
WEB-025575,2025-03-15 15:47:00,paid,semonia.keldis@exemple.org,Semonia Keldis,247.27,EUR,FIDELITE,Domicile
WEB-T0019,2025-03-15 15:47:00,paid,test@example.com,Test Test,"1,00",EUR,FIDELITE,Domicile
WEB-025591,2025-03-15 16:57:00,PAID,judania.lanmont@courrier.test,Judania Lanmont,"66,85",EUR,,Point relais
WEB-025560,2025-03-15 17:28:00,paid,felonel.wendis@courrier.test,Felonel Wendis,"44,19",EUR,,Domicile
WEB-025566,2025-03-15 17:43:00,cancelled,mavalo.nevmer@courrier.test,Mavalo Nevmer,"73,20 €",EUR,FIDELITE,Domicile
WEB-025585,2025-03-15 17:43:00,PAID, ridani.dorbel@courrier.test,Ridani Dorbel,176.56,EUR,,Domicile
WEB-025557,2025-03-15 18:25:00,paid,mamara.perkan@mail.example,Mamara Perkan,"56,35",EUR,,Domicile
WEB-025550,2025-03-15 18:31:00,cancelled,dugara.valvane@exemple.org,Dugara Valvane,"21,53",EUR,,Domicile
WEB-025568,2025-03-15 19:54:00,paid,rinoru.falkan@mail.example,Rinoru Falkan,"50,27 €",€,,Point relais
WEB-025582,2025-03-15 20:01:00,paid,KABORIN.NEVDIS54@EXEMPLE.ORG,Kaborin Nevdis,82.93,EUR,,Point relais
WEB-025574,2025-03-15 20:13:00,paid,tamara.dornet@exemple.org,Tamara Dornet,"174,60 €",EUR,,Domicile
WEB-025586,2025-03-15 20:53:00,PAID,mavenin.wenvane@exemple.org,Mavenin Wenvane,"54,29 €",EUR,,Point relais
WEB-025607,2025-03-16 08:21:00,paid,arlisin.tormont@courrier.test,Arlisin Tormont,165.87,EUR,FIDELITE,Point relais
WEB-025597,2025-03-16 14:11:00,PAID,kavinu.falbel@courrier.test,Kavinu Falbel,60.47,EUR,,Domicile
WEB-025281,2025-03-16 15:50:00,PAID,tasolu.perbert@courrier.test,Tasolu Perbert,"19,38",EUR,BIENVENUE,Domicile
WEB-025606,2025-03-16 17:24:00,paid,tamonan.dunvoir@courrier.test,Tamonan Dunvoir,104.76,€,,Point relais
WEB-025602,2025-03-16 17:57:00,paid,lotelel.havgren@exemple.org,Lotelel Havgren,"51,40",EUR,,Domicile
WEB-025608,2025-03-16 19:35:00,paid,durise.ravmar@courrier.test,Durise Ravmar,83.13,eur,,Domicile
WEB-025605,2025-03-16 20:24:00,Paid,naborin.falvane@courrier.test,Naborin Falvane,52.43,EUR,,Point relais
WEB-025631,2025-03-17 08:17:00,paid,SEMARE.OSTMER@EXEMPLE.ORG,Semare Ostmer,4.02,EUR,,Point relais
WEB-025624,2025-03-17 11:34:00,Paid,arbore.dunrand62@exemple.org,Arbore Dunrand,17.41,EUR,,Domicile
WEB-025612,2025-03-17 12:18:00,cancelled,kaboro.sorver@courrier.test,Kaboro Sorver,287.60,EUR,,Domicile
WEB-025612,2025-03-17 12:18:00,cancelled,kaboro.sorver@courrier.test,Kaboro Sorver,287.60,EUR,,Domicile
WEB-025622,2025-03-17 13:06:00,paid,VERISU.PERRAND14@COURRIER.TEST,Verisu Perrand,78.09,EUR,FIDELITE,Domicile
WEB-025637,2025-03-17 13:17:00,paid,orrelia.galvoir@mail.example,Orrelia Galvoir,149.98,€,,Point relais
WEB-025613,2025-03-17 13:56:00,PAID,kanori.falkan@mail.example,Kanori Falkan,142.87,EUR,,Point relais
WEB-025630,2025-03-17 14:08:00,cancelled,kareli.rosvane@exemple.org,Kareli Rosvane,116.09,EUR,,Point relais
WEB-025627,2025-03-17 14:17:00,paid,arlisa.ravbert@exemple.org,Arlisa Ravbert,"130,41",€,,Domicile
WEB-025620,2025-03-17 14:41:00,PAID,rimarin.brenver@exemple.org,Rimarin Brenver,"308,50 €",EUR,,Domicile
WEB-025617,2025-03-17 15:18:00,Paid,lovalel.corsac@exemple.org,Lovalel Corsac,"516,66",EUR,,Domicile
WEB-025639,2025-03-17 15:48:00,paid,KAVINEA.TARKAN@EXEMPLE.ORG,Kavinea Tarkan,282.95,EUR,,Domicile
WEB-025626,2025-03-17 16:10:00,PAID,orgarea.valkan@exemple.org,Orgarea Valkan,"121,34 €",EUR,,Point relais
WEB-025623,2025-03-17 16:20:00,PAID,mamari.ravner@courrier.test,Mamari Ravner,"80,97",EUR,,Domicile
WEB-025616,2025-03-17 17:16:00,Paid,lovinan.galsac@courrier.test,Lovinan Galsac,124.33,EUR,,Point relais
WEB-025636,2025-03-17 18:15:00,paid,fetaria.dundal15@courrier.test,Fetaria Dundal,"80,04 €",eur,,Domicile
WEB-025611,2025-03-17 19:05:00,paid,orlono.valmont@courrier.test,Orlono Valmont,"309,33",EUR,,Domicile
WEB-025621,2025-03-17 20:09:00,PAID,narele.brendis@mail.example,Narele Brendis,"218,79 €",€,,Point relais
WEB-025648,2025-03-18 11:22:00,paid,orkena.valsac80@exemple.org,Orkena Valsac,"90,34",EUR,,Domicile
WEB-025645,2025-03-18 14:17:00,paid,ELDANI.RAVMER@EXEMPLE.ORG,Eldani Ravmer,42.03,EUR,,Domicile
WEB-025649,2025-03-18 14:19:00,paid,sosenel.corsac@exemple.org,Sosenel Corsac,"108,68",EUR,,Domicile
WEB-025642,2025-03-18 15:40:00,paid,marisea.faldal@exemple.org,Marisea Faldal,217.03,EUR,,Point relais
WEB-025665,2025-03-18 15:56:00,paid,SEKENIN.RAVRAND@COURRIER.TEST,Sekenin Ravrand,"83,23 €",eur,,Domicile
WEB-025668,2025-03-18 16:13:00,paid,arrelea.lanvoir@exemple.org,Arrelea Lanvoir,"121,44 €",EUR,,Domicile
WEB-025667,2025-03-18 17:00:00,paid,vemare.sorgren@mail.example,Vemare Sorgren,"21,53 €",EUR,,Point relais
WEB-025655,2025-03-18 17:29:00,paid,kareli.rosvane@exemple.org,Kareli Rosvane,"167,69 €",EUR,,Point relais
WEB-025666,2025-03-18 17:45:00,paid,YUDANAN.NEVMAR56@COURRIER.TEST,Yudanan Nevmar,"130,31",EUR,,Point relais
WEB-025663,2025-03-18 20:06:00,paid,tamara.dornet@exemple.org,Tamara Dornet,"264,21 €",EUR,,Domicile
WEB-025661,2025-03-18 21:01:00,paid,nadana.ostver66@exemple.org,Nadana Ostver,85.19,EUR,,Domicile
WEB-025647,2025-03-18 21:04:00,Paid,solise.havvoir@courrier.test,Solise Havvoir,"240,62 €",EUR,,Domicile
WEB-025680,2025-03-19 08:10:00,paid,jurelel.galbel@exemple.org,Jurelel Galbel,77.78,EUR,,Domicile
WEB-025689,2025-03-19 10:16:00,Paid,eldari.wentier@mail.example,Eldari Wentier,"21,53",EUR,,Retrait magasin
WEB-T0047,2025-03-19 10:16:00,Paid,test@example.com,Test Test,"1,00",EUR,,Retrait magasin
WEB-025691,2025-03-19 11:21:00,paid,arsenu.falsac@mail.example,Arsenu Falsac,"82,20 €",EUR,,Domicile
WEB-025674,2025-03-19 11:23:00,PAID,jutele.tortier@courrier.test,Jutele Tortier,107.85,EUR,,Domicile
WEB-025688,2025-03-19 12:08:00,Paid,navene.monvoir@courrier.test,Navene Monvoir,41.00,€,,Domicile
WEB-025695,2025-03-19 13:48:00,PAID,nanele.rosver@courrier.test,Nanele Rosver,"130,71",EUR,,Domicile
WEB-025687,2025-03-19 13:56:00,PAID,RIRISEA.TARMER@COURRIER.TEST,Ririsea Tarmer,"161,11 €",EUR,,Point relais
WEB-025676,2025-03-19 14:03:00,paid,soborin.valvoir@exemple.org,Soborin Valvoir,"29,77",eur,,Domicile
WEB-025677,2025-03-19 14:29:00,Paid,julone.nevbert@mail.example,Julone Nevbert,"8,14",EUR,,Point relais
WEB-025675,2025-03-19 15:04:00,PAID,juvala.falrand@courrier.test,Juvala Falrand,"158,42 €",EUR,,Point relais
WEB-025685,2025-03-19 15:13:00,PAID,lotaran.dunlais@exemple.org,Lotaran Dunlais,"12,26 €",EUR,,Domicile
WEB-025678,2025-03-19 16:09:00,Paid,migari.tarvane@exemple.org,Migari Tarvane,"100,54 €",EUR,,Domicile
WEB-025694,2025-03-19 16:50:00,Paid,ZORELEL.TARMAR@MAIL.EXAMPLE,Zorelel Tarmar,"68,71 €",eur,,Domicile
WEB-025679,2025-03-19 16:55:00,PAID,mivali.tardal82@mail.example,Mivali Tardal,"93,43 €",EUR,,Domicile
WEB-T0038,2025-03-19 16:55:00,PAID,test@example.com,Test Test,"1,00",EUR,,Domicile
WEB-025693,2025-03-19 17:30:00,paid,orborea.falsen@exemple.org,Orborea Falsen,"191,38 €",EUR,,Point relais
WEB-025673,2025-03-19 18:47:00,PAID,narisi.sorsen@courrier.test,Narisi Sorsen,60.57,EUR,,Domicile
WEB-025670,2025-03-19 19:49:00,paid,tavinin.cordis@mail.example,Tavinin Cordis,"24,62",eur,,Domicile
WEB-025682,2025-03-19 21:38:00,paid,pidane.tarmar@courrier.test,Pidane Tarmar,129.48,EUR,,Retrait magasin
WEB-025703,2025-03-20 10:38:00,paid,pisenel.sorvoir@exemple.org,Pisenel Sorvoir,52.43,EUR,,Domicile
WEB-025718,2025-03-20 12:04:00,PAID,fedari.dundal@exemple.org,Fedari Dundal,70.36,EUR,FIDELITE,Domicile
WEB-025697,2025-03-20 12:58:00,PAID,YUSOLEL.NEVBERT@MAIL.EXAMPLE,Yusolel Nevbert,43.06,EUR,,Domicile
WEB-025714,2025-03-20 13:08:00,paid,fedana.perrand@courrier.test,Fedana Perrand,45.12,EUR,,Point relais
WEB-025720,2025-03-20 13:53:00,paid,tasenu.brendal@courrier.test,Tasenu Brendal,41.00,EUR,,Retrait magasin
WEB-025705,2025-03-20 14:32:00,paid,dulonin.wenmont@courrier.test,Dulonin Wenmont,"64,69 €",EUR,,Point relais
WEB-025698,2025-03-20 14:39:00,paid,elmaria.havtier@courrier.test,Elmaria Havtier,"472,47",EUR,,Retrait magasin
WEB-025721,2025-03-20 14:57:00,Paid,DUTAREA.GALDIS@EXEMPLE.ORG,Dutarea Galdis,"16,35 €",EUR,FIDELITE,Point relais
WEB-025707,2025-03-20 15:23:00,paid,masenu.ostvoir@mail.example,Masenu Ostvoir,95.39,€,,Point relais
WEB-025715,2025-03-20 16:04:00,PAID,elmarin.kellin@courrier.test,Elmarin Kellin,"55,52 €",EUR,,Point relais
WEB-025710,2025-03-20 17:42:00,paid,orloni.brenner@exemple.org,Orloni Brenner,"44,09 €",EUR,,Domicile
WEB-025711,2025-03-20 19:00:00,paid,nanoro.gallais@mail.example,Nanoro Gallais,74.89,€,,Domicile
WEB-025709,2025-03-20 21:26:00,paid,minelu.monmont@exemple.org,Minelu Monmont,30.80,EUR,,Retrait magasin
WEB-025738,2025-03-21 08:04:00,paid,losolel.wenmont@exemple.org,Losolel Wenmont,"117,12 €",EUR,,Point relais
WEB-025747,2025-03-21 08:37:00,paid,bavini.falmont@mail.example,Bavini Falmont,"30,80 €",EUR,,Point relais
WEB-025752,2025-03-21 11:14:00,PAID,zogaria.keldis@mail.example,Zogaria Keldis,"118,05",EUR,,Point relais
WEB-025757,2025-03-21 12:34:00,paid,dunore.landis@exemple.org,Dunore Landis,"146,06",EUR,,Domicile
WEB-025741,2025-03-21 12:46:00,paid,narisel.monsac@courrier.test,Narisel Monsac,"90,44",EUR,,Domicile
WEB-025730,2025-03-21 12:52:00,paid,dutaria.rosver@courrier.test,Dutaria Rosver,"110,84",EUR,,Point relais
WEB-025725,2025-03-21 14:08:00,PAID,yuborel.monvane@exemple.org,Yuborel Monvane,"21,43 €",€,FIDELITE,Point relais
WEB-025725,2025-03-21 14:08:00,PAID,yuborel.monvane@exemple.org,Yuborel Monvane,"21,43 €",€,FIDELITE,Point relais
WEB-025753,2025-03-21 14:14:00,paid,rinela.nevnet@exemple.org,Rinela Nevnet,86.32,EUR,,Domicile
WEB-025750,2025-03-21 15:39:00,cancelled,lodanu.faldis@mail.example,Lodanu Faldis,29.26,EUR,FIDELITE,Domicile
WEB-025732,2025-03-21 15:57:00,PAID,rirele.lansen@exemple.org,Rirele Lansen,295.21,EUR,,Point relais
WEB-025735,2025-03-21 16:07:00,paid,jurise.torner@exemple.org,Jurise Torner,"12,26 €",EUR,,Domicile
WEB-025745,2025-03-21 16:13:00,paid,dunele.ostvoir@exemple.org,Dunele Ostvoir,"39,04 €",€,,Point relais
WEB-025729,2025-03-21 17:02:00,PAID,tavalo.wenbert@exemple.org,Tavalo Wenbert,65.52,EUR,,Point relais
WEB-025748,2025-03-21 20:03:00,paid,ARKENEA.SORSAC@EXEMPLE.ORG,Arkenea Sorsac,"111,97",eur,,Point relais
WEB-025723,2025-03-21 21:35:00,PAID,rivenin.nevdal@exemple.org,Rivenin Nevdal,272.25,EUR,,Point relais
WEB-025799,2025-03-22 08:08:00,paid,ZOVINE.NEVBEL27@MAIL.EXAMPLE,Zovine Nevbel,10.20,EUR,,Domicile
WEB-025776,2025-03-22 10:07:00,paid,jutelea.monner@courrier.test,Jutelea Monner,"85,29",EUR,,Domicile
WEB-025761,2025-03-22 10:39:00,PAID,yumonan.rosmer@exemple.org,Yumonan Rosmer,26.58,EUR,,Point relais
WEB-025795,2025-03-22 12:13:00,PAID,sekenin.havdal@courrier.test,Sekenin Havdal,"60,47 €",EUR,,Domicile
WEB-025798,2025-03-22 12:40:00,Paid,ritare.falkan24@exemple.org,Ritare Falkan,65.62,€,,Point relais
WEB-025770,2025-03-22 12:41:00,PAID,fevali.wenbert@exemple.org,Fevali Wenbert,73.96,€,,Retrait magasin
WEB-T0028,2025-03-22 12:41:00,PAID,test@example.com,Test Test,"1,00",€,,Retrait magasin
WEB-025791,2025-03-22 14:19:00,Paid,pisolu.rosrand@exemple.org,Pisolu Rosrand,"270,39",EUR,,Point relais
WEB-025778,2025-03-22 14:44:00,paid,elmonia.sorner@mail.example,Elmonia Sorner,35.95,€,,Domicile
WEB-025784,2025-03-22 15:20:00,paid,zovali.torver@exemple.org,Zovali Torver,111.97,EUR,,Point relais
WEB-025792,2025-03-22 15:30:00,paid,mavalea.torner@courrier.test,Mavalea Torner,"57,48 €",eur,,Point relais
WEB-025794,2025-03-22 15:41:00,paid,serisa.tardis@courrier.test,Serisa Tardis,153.07,EUR,,Point relais
WEB-025771,2025-03-22 15:43:00,paid,vereli.perkan@courrier.test,Vereli Perkan,92.40,€,,Point relais
WEB-025773,2025-03-22 16:48:00,paid,lorelo.corner@courrier.test,Lorelo Corner,41.00,EUR,,Point relais
WEB-025801,2025-03-22 17:30:00,paid,yuvenu.dunlin@exemple.org,Yuvenu Dunlin,"198,29 €",EUR,,Point relais
WEB-025790,2025-03-22 18:05:00,paid,MALONEA.PERKAN@EXEMPLE.ORG,Malonea Perkan,"109,71 €",EUR,,Domicile
WEB-025803,2025-03-22 21:01:00,paid,mivinu.kelver@courrier.test,Mivinu Kelver,57.38,EUR,,Domicile
WEB-025781,2025-03-22 21:19:00,paid,yunora.nevsen@mail.example,Yunora Nevsen,"154,00 €",EUR,,Point relais
WEB-025789,2025-03-22 21:20:00,Paid,rikeni.falmont@exemple.org,Rikeni Falmont,110.10,EUR,FIDELITE,Domicile
WEB-025818,2025-03-23 12:24:00,Paid,vevenia.wensen@mail.example,Vevenia Wensen,"130,51 €",EUR,,Domicile
WEB-025811,2025-03-23 14:07:00,PAID,nalonia.cornet@mail.example,Nalonia Cornet,"26,58 €",EUR,,Point relais
WEB-025813,2025-03-23 14:47:00,PAID,sodaro.falver@exemple.org,Sodaro Falver,"195,40",eur,,Point relais
WEB-025812,2025-03-23 15:59:00,paid,jutelea.monner@courrier.test,Jutelea Monner,74.99,€,,Domicile
WEB-025816,2025-03-23 16:04:00,paid,junelel.valner@exemple.org,Junelel Valner,32.86,EUR,,Domicile
WEB-025805,2025-03-23 16:11:00,paid,yutelin.dunbel@courrier.test,Yutelin Dunbel,223.21,EUR,,Point relais
WEB-025820,2025-03-23 16:24:00,paid,durelin.lannet@exemple.org,Durelin Lannet,"71,70",EUR,,Domicile
WEB-025808,2025-03-23 19:43:00,paid,BALISIN.FALVOIR@EXEMPLE.ORG,Balisin Falvoir,"110,94",EUR,,Point relais
WEB-025814,2025-03-23 20:34:00,paid,banelan.valvoir1@exemple.org,Banelan Valvoir,"21,53 €",EUR,,Point relais
WEB-025817,2025-03-23 20:52:00,PAID,pivini.falsac@courrier.test,Pivini Falsac,139.78,EUR,,Domicile
WEB-025845,2025-03-24 09:36:00,paid,kakene.galvoir58@exemple.org,Kakene Galvoir,199.42,EUR,,Point relais
WEB-025828,2025-03-24 09:45:00,PAID,jurela.ostdal@courrier.test,Jurela Ostdal,"86,12 €",eur,,Point relais
WEB-025827,2025-03-24 12:53:00,paid,rigarin.ostgren@mail.example,Rigarin Ostgren,"21,53 €",EUR,,Point relais
WEB-025823,2025-03-24 13:38:00,paid,orseno.sorbel91@exemple.org,Orseno Sorbel,12.26,EUR,,Domicile
WEB-025849,2025-03-24 14:13:00,paid,tatarea.dorrand@mail.example,Tatarea Dorrand,22.46,EUR,,Domicile
WEB-025842,2025-03-24 14:23:00,PAID,sorisu.nevlais@mail.example,Sorisu Nevlais,35.13,€,FIDELITE,Point relais
WEB-025831,2025-03-24 14:43:00,Paid,navalu.dunvane@courrier.test,Navalu Dunvane,52.43,EUR,,Point relais
WEB-025844,2025-03-24 15:16:00,paid,elvinan.torbert47@courrier.test,Elvinan Torbert,144.93,EUR,,Domicile
WEB-025837,2025-03-24 15:33:00,paid,elboran.cortier@exemple.org,Elboran Cortier,"66,85",EUR,,Domicile
WEB-025843,2025-03-24 17:02:00,PAID,eldari.wentier@mail.example,Eldari Wentier,117.02,€,,Domicile
WEB-025829,2025-03-24 18:02:00,paid,fegaran.wenlais@exemple.org,Fegaran Wenlais,"58,14 €",EUR,BIENVENUE,Domicile
WEB-025841,2025-03-24 21:36:00,PAID,rigara.sorvane@courrier.test,Rigara Sorvane,"85,19",EUR,,Domicile
WEB-025863,2025-03-25 11:07:00,paid,durisin.corbert@exemple.org,Durisin Corbert,5.05,EUR,,Point relais
WEB-025852,2025-03-25 13:30:00,Paid,zoborin.galvane@mail.example,Zoborin Galvane,"59,54 €",eur,,Domicile
WEB-025875,2025-03-25 14:28:00,PAID,setarin.nevner@courrier.test,Setarin Nevner,47.10,EUR,BIENVENUE,Domicile
WEB-025866,2025-03-25 15:29:00,Paid,yutarin.brenmar@exemple.org,Yutarin Brenmar,38.94,eur,,Domicile
WEB-025859,2025-03-25 16:08:00,Paid,fevinin.corvoir@mail.example,Fevinin Corvoir,"143,80",EUR,,Point relais
WEB-025870,2025-03-25 17:47:00,cancelled,selonin.dorver@exemple.org,Selonin Dorver,"52,43 €",EUR,,Domicile
WEB-025858,2025-03-25 17:51:00,cancelled,kalona.wendis@exemple.org,Kalona Wendis,"121,04",EUR,,Point relais
WEB-025865,2025-03-25 18:29:00,paid,MAGARI.WENVER@EXEMPLE.ORG,Magari Wenver,"2,99 €",EUR,,Point relais
WEB-025864,2025-03-25 19:25:00,paid,nadana.sorbert@courrier.test,Nadana Sorbert,"206,83",eur,,Point relais
WEB-025855,2025-03-25 19:45:00,PAID,marise.perdal@exemple.org,Marise Perdal,"110,84 €",EUR,,Point relais
WEB-025903,2025-03-26 11:05:00,paid,malona.dunvane@exemple.org,Malona Dunvane,123.30,EUR,,Domicile
WEB-025887,2025-03-26 11:46:00,paid,velisu.vallin70@exemple.org,Velisu Vallin,"33,89 €",EUR,,Domicile
WEB-025887,2025-03-26 11:46:00,paid,velisu.vallin70@exemple.org,Velisu Vallin,"33,89 €",EUR,,Domicile
WEB-025881,2025-03-26 12:21:00,Paid,pidane.tarmar@courrier.test,Pidane Tarmar,"77,78 €",EUR,,Point relais
WEB-025901,2025-03-26 14:05:00,Paid,sonelea.sorver@exemple.org,Sonelea Sorver,125.36,EUR,,Domicile
WEB-025877,2025-03-26 15:21:00,PAID,mitelel.falrand@courrier.test,Mitelel Falrand,"56,98 €",EUR,,Domicile
WEB-025899,2025-03-26 16:49:00,PAID,fevinan.rosver@exemple.org,Fevinan Rosver,"74,06 €",EUR,,Domicile
WEB-025906,2025-03-26 17:07:00,paid,rilonu.galmont@mail.example,Rilonu Galmont,"111,97 €",EUR,,Point relais
WEB-025894,2025-03-26 17:22:00,paid,jurisel.sormont@exemple.org,Jurisel Sormont,29.77,EUR,,Domicile
WEB-025889,2025-03-26 20:27:00,Paid,natele.roslais@courrier.test,Natele Roslais,"230,32",eur,,Domicile
WEB-025889,2025-03-26 20:27:00,Paid,natele.roslais@courrier.test,Natele Roslais,"230,32",eur,,Domicile
WEB-025879,2025-03-26 21:55:00,paid,zonelia.nevsen31@exemple.org,Zonelia Nevsen,"64,79",EUR,,Domicile
WEB-025931,2025-03-27 10:08:00,paid,sosenea.sormer@mail.example,Sosenea Sormer,"278,53",EUR,,Point relais
WEB-025916,2025-03-27 10:27:00,paid,lovina.pervoir@mail.example,Lovina Pervoir,40.07,EUR,,Domicile
WEB-025908,2025-03-27 10:31:00,PAID,mamara.perkan@mail.example,Mamara Perkan,26.68,EUR,,Point relais
WEB-025924,2025-03-27 11:24:00,paid,SODANE.PERTIER@EXEMPLE.ORG,Sodane Pertier,62.53,EUR,,Domicile
WEB-025934,2025-03-27 12:23:00,paid,orkenel.havbert@mail.example,Orkenel Havbert,16.38,EUR,,Point relais
WEB-025925,2025-03-27 12:37:00,PAID,navenin.kelnet@courrier.test,Navenin Kelnet,"52,33 €",eur,,Domicile
WEB-025920,2025-03-27 15:02:00,PAID,sorisel.dorrand@mail.example,Sorisel Dorrand,28.28,eur,FIDELITE,Domicile
WEB-025923,2025-03-27 15:06:00,PAID,ortelo.ostvane@mail.example,Ortelo Ostvane,"22,56",eur,,Domicile
WEB-025928,2025-03-27 15:11:00,Paid,kasolan.torlin@courrier.test,Kasolan Torlin,"109,51 €",€,,Domicile
WEB-025907,2025-03-27 15:34:00,PAID,orvinu.sorkan@mail.example,Orvinu Sorkan,"139,78",EUR,,Domicile
WEB-025927,2025-03-27 15:46:00,paid,sorelea.keldal@courrier.test,Sorelea Keldal,35.95,EUR,,Domicile
WEB-025912,2025-03-27 17:03:00,PAID,basenan.lanmar93@mail.example,Basenan Lanmar,"67,78 €",EUR,,Point relais
WEB-025926,2025-03-27 17:17:00,Paid,SELONIN.CORDAL@EXEMPLE.ORG,Selonin Cordal,"104,86 €",€,,Domicile
WEB-025917,2025-03-27 18:15:00,PAID,sedania.galtier@exemple.org,Sedania Galtier,"139,78",EUR,,Domicile
WEB-025922,2025-03-27 18:47:00,Paid,elsolia.montier@exemple.org,Elsolia Montier,"131,14 €",€,,Retrait magasin
WEB-025929,2025-03-27 20:48:00,PAID,yudari.kelmar33@mail.example,Yudari Kelmar,"155,01 €",EUR,FIDELITE,Point relais
WEB-025935,2025-03-28 08:37:00,paid,yuteli.wenbert@exemple.org,Yuteli Wenbert,229.39,EUR,,Domicile
WEB-025961,2025-03-28 09:14:00,paid,ferelan.wendal@exemple.org,Ferelan Wendal,"32,76 €",EUR,,Domicile
WEB-025958,2025-03-28 09:49:00,PAID,narisel.monsac@courrier.test,Narisel Monsac,25.55,EUR,,Domicile
WEB-025943,2025-03-28 11:11:00,paid,zoneli.dunmer@mail.example,Zoneli Dunmer,76.85,EUR,,Point relais
WEB-025962,2025-03-28 11:33:00,paid, tarisia.ravsen@mail.example,Tarisia Ravsen,"98,68 €",EUR,,Domicile
WEB-025956,2025-03-28 12:45:00,paid,bataro.lannet@exemple.org,Bataro Lannet,"31,73 €",EUR,,Domicile
WEB-025952,2025-03-28 16:58:00,PAID,kamaro.sordis@courrier.test,Kamaro Sordis,39.04,EUR,,Retrait magasin
WEB-025953,2025-03-28 17:01:00,paid,elvale.brensac@exemple.org,Elvale Brensac,146.99,eur,,Domicile
WEB-025939,2025-03-28 17:02:00,PAID,orlise.monnet29@mail.example,Orlise Monnet,"52,33 €",EUR,,Domicile
WEB-025936,2025-03-28 17:36:00,PAID, feboro.sorver@mail.example,Feboro Sorver,59.64,EUR,,Point relais
WEB-025959,2025-03-28 17:38:00,PAID,takene.dunsen97@exemple.org,Takene Dunsen,"161,21 €",EUR,,Domicile
WEB-025951,2025-03-28 18:52:00,cancelled,losena.pergren@exemple.org,Losena Pergren,"189,02",EUR,,Domicile
WEB-025937,2025-03-28 19:01:00,Paid,fegaro.galdal@exemple.org,Fegaro Galdal,"50,37",EUR,,Domicile
WEB-025955,2025-03-28 21:18:00,PAID,pivalea.ravkan48@exemple.org,Pivalea Ravkan,157.49,EUR,,Point relais
WEB-025949,2025-03-28 21:46:00,PAID,yugaru.monbel@exemple.org,Yugaru Monbel,"420,67",EUR,,Domicile
WEB-025981,2025-03-29 11:25:00,paid,ridarin.dorver@mail.example,Ridarin Dorver,"187,26 €",€,,Domicile
WEB-025969,2025-03-29 12:03:00,PAID,BATARE.OSTDIS@COURRIER.TEST,Batare Ostdis,"100,64 €",eur,,Domicile
WEB-025984,2025-03-29 13:46:00,paid,vegara.wensac@courrier.test,Vegara Wensac,248.76,EUR,,Point relais
WEB-025996,2025-03-29 14:21:00,paid,navenia.rosbert@exemple.org,Navenia Rosbert,28.64,EUR,,Point relais
WEB-025968,2025-03-29 15:39:00,PAID,ortelea.perdis@exemple.org,Ortelea Perdis,"233,41 €",EUR,,Point relais
WEB-025967,2025-03-29 15:52:00,cancelled,rirelin.dorsen@exemple.org,Rirelin Dorsen,"20,50 €",EUR,,Domicile
WEB-025997,2025-03-29 16:15:00,paid,dulonin.wendal@courrier.test,Dulonin Wendal,"130,51",EUR,,Domicile
WEB-025988,2025-03-29 16:35:00,Paid,zoseno.sortier@exemple.org,Zoseno Sortier,"156,06 €",eur,,Point relais
WEB-025998,2025-03-29 16:53:00,paid,NALONIA.PERNET@EXEMPLE.ORG,Nalonia Pernet,"113,10 €",€,,Retrait magasin
WEB-025979,2025-03-29 17:35:00,paid,PIMONA.HAVMER@EXEMPLE.ORG,Pimona Havmer,79.94,EUR,,Domicile
WEB-025965,2025-03-29 18:18:00,paid,vebori.dordal@mail.example,Vebori Dordal,"52,43 €",EUR,,Point relais
WEB-025995,2025-03-29 18:47:00,PAID,ZOKENEL.VALVER@EXEMPLE.ORG,Zokenel Valver,"200,55 €",EUR,,Domicile
WEB-025971,2025-03-29 19:39:00,PAID,sosenel.corsac@exemple.org,Sosenel Corsac,"73,29 €",EUR,FIDELITE,Domicile
WEB-025989,2025-03-29 21:30:00,paid, basolan.ravver@exemple.org,Basolan Ravver,88.28,EUR,,Domicile
WEB-026014,2025-03-30 10:53:00,Paid,taloni.sorver@exemple.org,Taloni Sorver,9.17,EUR,,Point relais
WEB-026003,2025-03-30 14:12:00,Paid,ZODARO.CORNET40@EXEMPLE.ORG,Zodaro Cornet,"180,98 €",EUR,,Domicile
WEB-026004,2025-03-30 14:22:00,paid,fevenea.wendal@mail.example,Fevenea Wendal,"98,58 €",EUR,,Domicile
WEB-026009,2025-03-30 18:31:00,paid,fetelea.havner@courrier.test,Fetelea Havner,17.41,EUR,,Domicile
WEB-026038,2025-03-31 09:48:00,paid,eltelin.tormont69@courrier.test,Eltelin Tormont,96.32,EUR,,Point relais
WEB-026032,2025-03-31 10:51:00,paid,sekenan.pergren61@exemple.org,Sekenan Pergren,"18,50",EUR,FIDELITE,Domicile
WEB-026029,2025-03-31 12:07:00,cancelled,madara.sormont@courrier.test,Madara Sormont,"14,32 €",EUR,,Domicile
WEB-026034,2025-03-31 12:30:00,PAID,yutarel.valdal@exemple.org,Yutarel Valdal,"222,18",EUR,,Domicile
WEB-026027,2025-03-31 13:04:00,paid,SELISO.WENGREN@COURRIER.TEST,Seliso Wengren,"21,53",EUR,,Retrait magasin
WEB-026024,2025-03-31 14:49:00,paid,mavenin.sorrand@exemple.org,Mavenin Sorrand,"261,12 €",EUR,,Point relais
WEB-026041,2025-03-31 15:08:00,paid,ridari.monrand@courrier.test,Ridari Monrand,110.84,EUR,,Point relais
WEB-026031,2025-03-31 15:43:00,PAID,yunoru.pernet@exemple.org,Yunoru Pernet,"148,95 €",EUR,,Point relais
WEB-026040,2025-03-31 16:05:00,PAID,serisin.monver@mail.example,Serisin Monver,52.43,€,,Retrait magasin
WEB-026022,2025-03-31 17:02:00,paid,madaria.tormer@exemple.org,Madaria Tormer,69.84,EUR,,Domicile
WEB-026039,2025-03-31 17:14:00,paid,yulisia.lanvoir@courrier.test,Yulisia Lanvoir,"41,93 €",€,,Point relais
WEB-026021,2025-03-31 17:20:00,paid,elvenea.ravlin@exemple.org,Elvenea Ravlin,"74,89",EUR,,Point relais
WEB-026037,2025-03-31 19:33:00,Paid,loseno.tarver@exemple.org,Loseno Tarver,"29,77 €",EUR,,Point relais
WEB-026042,2025-03-31 21:09:00,PAID,arveni.havlin@exemple.org,Arveni Havlin,"29,67 €",EUR,,Retrait magasin
WEB-026054,2025-04-01 12:47:00,paid,bamaru.sorbert@courrier.test,Bamaru Sorbert,"63,66 €",eur,,Domicile
WEB-026045,2025-04-01 13:07:00,paid,nanelan.sorver@mail.example,Nanelan Sorver,"223,11 €",EUR,,Domicile
WEB-026061,2025-04-01 13:10:00,paid,yugaran.tarver@exemple.org,Yugaran Tarver,"189,95",EUR,,Point relais
WEB-026057,2025-04-01 14:32:00,PAID,dunelo.nevnet@exemple.org,Dunelo Nevnet,"195,30",EUR,,Point relais
WEB-026057,2025-04-01 14:32:00,PAID,dunelo.nevnet@exemple.org,Dunelo Nevnet,"195,30",EUR,,Point relais
WEB-026059,2025-04-01 15:27:00,paid,lonelu.lanmont@exemple.org,Lonelu Lanmont,"66,75 €",eur,,Point relais
WEB-026063,2025-04-01 16:45:00,paid,FEBORIA.SORBERT@EXEMPLE.ORG,Feboria Sorbert,"92,40 €",eur,,Domicile
WEB-026067,2025-04-01 19:28:00,paid,arvena.kelsac@exemple.org,Arvena Kelsac,"76,95 €",EUR,,Domicile
WEB-026068,2025-04-01 20:34:00,paid,artelan.kellais@exemple.org,Artelan Kellais,"92,30 €",EUR,,Point relais
WEB-026049,2025-04-01 21:44:00,paid,ridanin.dorver@mail.example,Ridanin Dorver,150.31,EUR,FIDELITE,Domicile
WEB-026082,2025-04-02 12:50:00,paid,zokena.kelkan@exemple.org,Zokena Kelkan,129.48,EUR,,Retrait magasin
WEB-026104,2025-04-02 12:50:00,paid,ritaru.havtier21@mail.example,Ritaru Havtier,"24,62",EUR,,Domicile
WEB-026070,2025-04-02 13:33:00,cancelled,yusolan.pergren@mail.example,Yusolan Pergren,"195,30 €",EUR,,Point relais
WEB-026107,2025-04-02 14:00:00,paid,seneli.torrand@exemple.org,Seneli Torrand,"144,83",EUR,,Domicile
WEB-026091,2025-04-02 14:11:00,paid,manore.perdis@exemple.org,Manore Perdis,"102,60",EUR,,Domicile
WEB-026078,2025-04-02 14:20:00,paid,ZONELIA.NEVSEN31@EXEMPLE.ORG,Zonelia Nevsen,192.21,EUR,,Point relais
WEB-026089,2025-04-02 15:02:00,paid, tavinan.galdis@courrier.test,Tavinan Galdis,"69,74",€,,Point relais
WEB-026106,2025-04-02 17:00:00,paid,arseni.sorver@exemple.org,Arseni Sorver,"155,23 €",EUR,,Domicile
WEB-026073,2025-04-02 18:03:00,paid,badanu.dorner@exemple.org,Badanu Dorner,64.59,EUR,,Domicile
WEB-026094,2025-04-02 18:13:00,paid,elboran.cortier@exemple.org,Elboran Cortier,"12,26",EUR,,Point relais
WEB-026095,2025-04-02 18:36:00,cancelled,elsolu.torlais@courrier.test,Elsolu Torlais,140.41,EUR,,Domicile
WEB-026077,2025-04-02 19:00:00,PAID,zovalin.dorbel@exemple.org,Zovalin Dorbel,"43,84",EUR,FIDELITE,Domicile
WEB-026105,2025-04-02 21:44:00,cancelled,kaborin.ostsen36@courrier.test,Kaborin Ostsen,"110,01 €",EUR,,Domicile
WEB-026126,2025-04-03 11:56:00,PAID,yumonin.torvoir@exemple.org,Yumonin Torvoir,"117,02",EUR,,Domicile
WEB-026139,2025-04-03 12:45:00,PAID,ELMONAN.PERSEN@MAIL.EXAMPLE,Elmonan Persen,125.36,EUR,,Point relais
WEB-026123,2025-04-03 13:28:00,Paid,duliso.tarrand@exemple.org,Duliso Tarrand,"44,19",€,,Domicile
WEB-026136,2025-04-03 14:01:00,cancelled,madara.sormont@courrier.test,Madara Sormont,22.56,EUR,,Domicile
WEB-026121,2025-04-03 14:39:00,PAID,katelo.kelsen@courrier.test,Katelo Kelsen,"76,02 €",EUR,,Domicile
WEB-026114,2025-04-03 14:40:00,paid,lodara.monvane@exemple.org,Lodara Monvane,137.72,EUR,,Domicile
WEB-026109,2025-04-03 15:03:00,paid,yudanea.falmer@exemple.org,Yudanea Falmer,"17,41",EUR,,Domicile
WEB-026135,2025-04-03 16:02:00,PAID,minore.corvane@exemple.org,Minore Corvane,"176,66 €",EUR,,Domicile
WEB-026113,2025-04-03 16:14:00,paid,fenora.falbel@mail.example,Fenora Falbel,"101,77",EUR,,Point relais
WEB-026127,2025-04-03 16:54:00,Paid,riboro.pernet@mail.example,Riboro Pernet,59.54,EUR,,Domicile
WEB-026134,2025-04-03 17:12:00,paid,tamono.brennet@exemple.org,Tamono Brennet,"73,86",EUR,,Point relais
WEB-026124,2025-04-03 17:50:00,paid,kasenia.havdis@exemple.org,Kasenia Havdis,"153,17",EUR,,Retrait magasin
WEB-026129,2025-04-03 19:34:00,paid, setele.monrand@exemple.org,Setele Monrand,67.68,eur,,Domicile
WEB-026122,2025-04-03 19:48:00,PAID,selono.lannet@courrier.test,Selono Lannet,66.75,€,,Point relais
WEB-026119,2025-04-03 19:56:00,paid,somonia.perrand@courrier.test,Somonia Perrand,55.32,EUR,,Domicile
WEB-026112,2025-04-03 20:19:00,PAID,pitare.sorner@exemple.org,Pitare Sorner,"170,38",EUR,,Domicile
WEB-026130,2025-04-03 20:57:00,paid,pisolu.rosrand@exemple.org,Pisolu Rosrand,65.62,EUR,,Domicile
WEB-026111,2025-04-03 21:44:00,PAID,yutarea.tarkan@courrier.test,Yutarea Tarkan,41.00,EUR,,Domicile
WEB-026162,2025-04-04 12:12:00,Paid, veloni.perbel37@courrier.test,Veloni Perbel,128.25,EUR,,Domicile
WEB-026150,2025-04-04 13:28:00,paid,yutele.wenner@mail.example,Yutele Wenner,"78,08 €",EUR,,Point relais
WEB-026155,2025-04-04 14:06:00,PAID,sevinu.lanmer29@mail.example,Sevinu Lanmer,18.44,EUR,,Domicile
WEB-026153,2025-04-04 14:12:00,paid,marise.perdal@exemple.org,Marise Perdal,13.29,EUR,,Domicile
WEB-026140,2025-04-04 14:47:00,paid,verelin.wengren91@mail.example,Verelin Wengren,30.80,EUR,,Domicile
WEB-026169,2025-04-04 15:29:00,PAID,risenia.ostbert53@exemple.org,Risenia Ostbert,"34,92 €",€,,Domicile
WEB-026152,2025-04-04 15:36:00,paid,jutelo.torrand85@courrier.test,Jutelo Torrand,"80,14 €",EUR,,Point relais
WEB-026171,2025-04-04 15:52:00,paid,juborin.sorvoir4@mail.example,Juborin Sorvoir,"110,94 €",EUR,,Domicile
WEB-026172,2025-04-04 16:59:00,cancelled,ferelu.fallais@mail.example,Ferelu Fallais,"78,08 €",EUR,,Retrait magasin
WEB-026161,2025-04-04 17:11:00,paid,masolan.galkan@exemple.org,Masolan Galkan,163.37,EUR,,Point relais
WEB-026147,2025-04-04 17:56:00,PAID,pidanel.sorlin@exemple.org,Pidanel Sorlin,"92,50",EUR,,Domicile
WEB-026147,2025-04-04 17:56:00,PAID,pidanel.sorlin@exemple.org,Pidanel Sorlin,"92,50",EUR,,Domicile
WEB-026148,2025-04-04 18:14:00,Paid,ortelo.ostvane@mail.example,Ortelo Ostvane,"148,95 €",EUR,,Point relais
WEB-026168,2025-04-04 18:42:00,Paid,eltelia.nevsac@mail.example,Eltelia Nevsac,2.99,€,,Point relais
WEB-026141,2025-04-04 21:10:00,paid,selisia.dorsen@courrier.test,Selisia Dorsen,"76,12 €",EUR,,Domicile
WEB-026185,2025-04-05 12:03:00,paid,talisin.ravrand89@courrier.test,Talisin Ravrand,"92,50",EUR,,Point relais
WEB-026184,2025-04-05 13:05:00,paid,artare.rosmont@mail.example,Artare Rosmont,"82,20 €",EUR,,Point relais
WEB-026202,2025-04-05 13:21:00,PAID,NARISU.MONGREN@COURRIER.TEST,Narisu Mongren,"174,70 €",€,,Domicile
WEB-026191,2025-04-05 13:40:00,PAID,lolonel.corbel@mail.example,Lolonel Corbel,28.74,EUR,,Point relais
WEB-026203,2025-04-05 14:09:00,Paid,nanoria.permer@mail.example,Nanoria Permer,246.50,EUR,,Point relais
WEB-026175,2025-04-05 14:15:00,PAID,kareli.rosvane@exemple.org,Kareli Rosvane,47.08,EUR,,Point relais
WEB-026204,2025-04-05 14:42:00,PAID,seborel.dunvoir@exemple.org,Seborel Dunvoir,"152,14 €",EUR,,Domicile
WEB-026183,2025-04-05 15:08:00,paid,makeno.valbert@courrier.test,Makeno Valbert,"121,24",EUR,,Point relais
WEB-026206,2025-04-05 15:16:00,paid,feveno.lankan92@mail.example,Feveno Lankan,"61,60 €",€,,Domicile
WEB-026187,2025-04-05 15:56:00,paid,minora.sorsac@mail.example,Minora Sorsac,"14,32 €",EUR,,Point relais
WEB-026200,2025-04-05 15:59:00,Paid, eldari.wentier@mail.example,Eldari Wentier,16.38,EUR,,Domicile
WEB-026193,2025-04-05 16:16:00,paid,sekenea.brengren@mail.example,Sekenea Brengren,114.03,EUR,,Point relais
WEB-026195,2025-04-05 16:40:00,paid,zoriso.galgren3@courrier.test,Zoriso Galgren,44.19,EUR,,Retrait magasin
WEB-026179,2025-04-05 17:24:00,paid,zodare.keltier@mail.example,Zodare Keltier,"39,04 €",EUR,,Point relais
WEB-026182,2025-04-05 19:06:00,paid, zodara.brendal52@exemple.org,Zodara Brendal,"125,26 €",EUR,,Point relais
WEB-026199,2025-04-05 19:31:00,paid,arkenia.galnet@exemple.org,Arkenia Galnet,206.43,eur,,Domicile
WEB-026201,2025-04-05 19:39:00,paid,pisolo.keldis@mail.example,Pisolo Keldis,"132,47",EUR,,Domicile
WEB-026194,2025-04-05 20:50:00,paid,sotarel.ravsac@exemple.org,Sotarel Ravsac,"60,57 €",€,,Point relais
WEB-026196,2025-04-05 21:34:00,paid,kaveni.valdis@courrier.test,Kaveni Valdis,"52,64 €",EUR,FIDELITE,Point relais
WEB-026207,2025-04-05 21:56:00,paid,lovalin.galsen@exemple.org,Lovalin Galsen,"132,67 €",EUR,,Domicile
WEB-026209,2025-04-06 12:48:00,paid,riboran.kelbel@mail.example,Riboran Kelbel,"70,77 €",EUR,,Domicile
WEB-026218,2025-04-06 14:14:00,paid,KASENIA.HAVDIS@EXEMPLE.ORG,Kasenia Havdis,"142,77",EUR,,Domicile
WEB-026211,2025-04-06 14:40:00,paid, argara.kelver@courrier.test,Argara Kelver,104.86,EUR,,Domicile
WEB-026210,2025-04-06 14:42:00,Paid,minoru.tormer@courrier.test,Minoru Tormer,"149,78",EUR,,Point relais
WEB-026220,2025-04-06 16:31:00,paid,SEKENAN.PERGREN61@EXEMPLE.ORG,Sekenan Pergren,"112,15",eur,FIDELITE,Point relais
WEB-026219,2025-04-06 17:20:00,paid,zodaru.valdal@exemple.org,Zodaru Valdal,"177,69 €",EUR,,Domicile
WEB-026217,2025-04-06 18:25:00,Paid,baseno.nevbel@mail.example,Baseno Nevbel,47.08,eur,,Domicile
WEB-026226,2025-04-07 11:14:00,paid,orvinu.ravlin@exemple.org,Orvinu Ravlin,"132,67 €",EUR,,Domicile
WEB-026227,2025-04-07 12:32:00,paid,ormarin.tarnet@mail.example,Ormarin Tarnet,"80,14 €",€,,Domicile
WEB-026223,2025-04-07 12:36:00,PAID,eldaria.cormar@exemple.org,Eldaria Cormar,"5,05 €",eur,,Domicile
WEB-026230,2025-04-07 14:13:00,paid,sevala.dorlin@courrier.test,Sevala Dorlin,138.85,EUR,,Domicile
WEB-026230,2025-04-07 14:13:00,paid,sevala.dorlin@courrier.test,Sevala Dorlin,138.85,EUR,,Domicile
WEB-026242,2025-04-07 14:29:00,paid,marisel.ostsac@courrier.test,Marisel Ostsac,"90,71 €",EUR,FIDELITE,Retrait magasin
WEB-026247,2025-04-07 15:50:00,paid,kadanea.kellin@exemple.org,Kadanea Kellin,33.69,EUR,,Point relais
WEB-026236,2025-04-07 16:30:00,paid,kareli.valtier@exemple.org,Kareli Valtier,"208,49",EUR,,Point relais
WEB-026240,2025-04-07 17:18:00,paid,jumara.torvoir32@courrier.test,Jumara Torvoir,83.23,eur,,Domicile
WEB-026234,2025-04-07 18:02:00,PAID,kasenu.perver@mail.example,Kasenu Perver,"200,25 €",EUR,,Domicile
WEB-026249,2025-04-07 18:51:00,paid,arsenu.falsac@mail.example,Arsenu Falsac,"72,73 €",EUR,,Domicile
WEB-026243,2025-04-07 19:05:00,paid,duvinel.nevvoir@exemple.org,Duvinel Nevvoir,"63,66",EUR,,Domicile
WEB-026246,2025-04-07 21:11:00,paid,sorise.sorlais@courrier.test,Sorise Sorlais,"309,43 €",EUR,,Domicile
WEB-026244,2025-04-07 21:23:00,paid,orsenea.perbert15@exemple.org,Orsenea Perbert,4.02,EUR,,Point relais
WEB-026252,2025-04-08 10:10:00,paid,eltelin.tormont69@courrier.test,Eltelin Tormont,"166,46",EUR,,Point relais
WEB-026270,2025-04-08 10:53:00,paid,elrelia.ostmont@exemple.org,Elrelia Ostmont,"129,28 €",EUR,,Domicile
WEB-026267,2025-04-08 12:30:00,PAID,ZODANEL.SORSEN@COURRIER.TEST,Zodanel Sorsen,26.58,€,,Domicile
WEB-026276,2025-04-08 13:14:00,PAID,lomare.pernet@courrier.test,Lomare Pernet,120.95,€,FIDELITE,Domicile
WEB-026266,2025-04-08 13:20:00,paid,yudanea.falmer@exemple.org,Yudanea Falmer,48.21,EUR,,Domicile
WEB-026272,2025-04-08 13:52:00,paid,marisea.faldal@exemple.org,Marisea Faldal,"29,77 €",EUR,,Point relais
WEB-026278,2025-04-08 13:52:00,paid,rigaria.corlin@courrier.test,Rigaria Corlin,"208,49 €",EUR,,Domicile
WEB-026250,2025-04-08 14:36:00,paid,yukenu.monmer@mail.example,Yukenu Monmer,165.53,EUR,,Domicile
WEB-026273,2025-04-08 14:50:00,paid,marisa.brendis@mail.example,Marisa Brendis,"20,45",EUR,FIDELITE,Domicile
WEB-026271,2025-04-08 14:57:00,paid,lovalu.lanner@mail.example,Lovalu Lanner,"41,00 €",EUR,,Retrait magasin
WEB-026268,2025-04-08 15:41:00,PAID,armare.havmont45@exemple.org,Armare Havmont,"65,72 €",EUR,,Domicile
WEB-026282,2025-04-08 17:33:00,PAID,narisan.corsac@courrier.test,Narisan Corsac,"114,58 €",€,BIENVENUE,Point relais
WEB-026284,2025-04-08 18:00:00,Paid,orsena.sornet@courrier.test,Orsena Sornet,"168,62",EUR,,Point relais
WEB-026253,2025-04-08 20:02:00,Paid,semari.havbel14@mail.example,Semari Havbel,"29,77 €",EUR,,Domicile
WEB-026275,2025-04-08 21:11:00,paid,somonia.perrand@courrier.test,Somonia Perrand,39.04,EUR,,Domicile
WEB-026251,2025-04-08 21:20:00,paid,sodare.nevbel@mail.example,Sodare Nevbel,"29,77 €",EUR,,Point relais
WEB-026257,2025-04-08 21:50:00,paid, seboro.sorkan@exemple.org,Seboro Sorkan,223.11,EUR,,Domicile
WEB-T0059,2025-04-08 21:50:00,paid,test@example.com,Test Test,"1,00",EUR,,Domicile
WEB-026269,2025-04-08 21:53:00,paid,MIRELO.VALVANE@MAIL.EXAMPLE,Mirelo Valvane,"71,80",EUR,,Point relais
WEB-026306,2025-04-09 11:56:00,PAID,durisin.corbert@exemple.org,Durisin Corbert,87.25,EUR,,Point relais
WEB-026288,2025-04-09 13:19:00,paid,verelia.permer38@exemple.org,Verelia Permer,"93,27 €",EUR,BIENVENUE,Domicile
WEB-026294,2025-04-09 13:31:00,PAID,dudare.wendal@exemple.org,Dudare Wendal,18.44,EUR,,Point relais
WEB-026308,2025-04-09 14:16:00,Paid,rivalia.wenbert@mail.example,Rivalia Wenbert,"53,36 €",EUR,,Domicile
WEB-026310,2025-04-09 14:27:00,PAID,minelel.ostmar@exemple.org,Minelel Ostmar,227.33,€,,Retrait magasin
WEB-026289,2025-04-09 14:42:00,Paid,sobori.galtier@courrier.test,Sobori Galtier,77.05,EUR,,Point relais
WEB-026302,2025-04-09 14:43:00,PAID,dumarea.corlin@exemple.org,Dumarea Corlin,"92,50 €",EUR,,Point relais
WEB-026290,2025-04-09 15:37:00,paid,kasolan.havlais@mail.example,Kasolan Havlais,"125,26",EUR,,Domicile
WEB-026297,2025-04-09 15:40:00,Paid,barisan.pertier@exemple.org,Barisan Pertier,"51,40 €",EUR,,Domicile
WEB-026309,2025-04-09 15:50:00,paid, kaseni.ostnet@mail.example,Kaseni Ostnet,"131,44 €",EUR,,Point relais
WEB-026304,2025-04-09 15:55:00,paid,artaria.persac@mail.example,Artaria Persac,"135,76 €",EUR,,Domicile
WEB-026293,2025-04-09 16:11:00,paid,kavenan.gallais85@exemple.org,Kavenan Gallais,"30,80 €",eur,,Point relais
WEB-026292,2025-04-09 20:04:00,Paid,fenelin.lanbert@courrier.test,Fenelin Lanbert,"59,54",eur,,Point relais
WEB-026307,2025-04-09 20:17:00,paid,femonel.sorvoir@courrier.test,Femonel Sorvoir,"32,66",EUR,,Domicile
WEB-026318,2025-04-10 14:04:00,Paid,eldanan.ravmont32@mail.example,Eldanan Ravmont,70.77,EUR,,Domicile
WEB-026311,2025-04-10 14:09:00,PAID,batari.torvane@exemple.org,Batari Torvane,"99,71",EUR,,Retrait magasin
WEB-026324,2025-04-10 15:19:00,PAID,pinelo.tormar@mail.example,Pinelo Tormar,"70,77 €",eur,,Domicile
WEB-026322,2025-04-10 16:05:00,PAID,rilisu.nevvane@courrier.test,Rilisu Nevvane,28.74,€,,Domicile
WEB-026323,2025-04-10 16:20:00,Paid,solisan.falgren43@exemple.org,Solisan Falgren,"81,17 €",EUR,,Point relais
WEB-026316,2025-04-10 16:30:00,cancelled,pivinin.dortier55@courrier.test,Pivinin Dortier,78.09,EUR,FIDELITE,Retrait magasin
WEB-026326,2025-04-10 16:36:00,Paid,pigare.wenkan@mail.example,Pigare Wenkan,132.37,eur,,Domicile
WEB-026334,2025-04-10 16:48:00,PAID,jurelea.brenrand@exemple.org,Jurelea Brenrand,"123,40 €",EUR,,Domicile
WEB-026333,2025-04-10 17:02:00,PAID,lorelel.kelnet@mail.example,Lorelel Kelnet,"58,41 €",EUR,,Point relais
WEB-026317,2025-04-10 17:38:00,paid,eltaru.tormar@courrier.test,Eltaru Tormar,35.45,EUR,,Domicile
WEB-026328,2025-04-10 18:38:00,Paid,mitara.dornet@exemple.org,Mitara Dornet,29.77,EUR,,Domicile
WEB-026349,2025-04-10 18:55:00,paid,MARISEA.FALDAL@EXEMPLE.ORG,Marisea Faldal,38.95,EUR,FIDELITE,Domicile
WEB-026338,2025-04-10 19:05:00,paid,sovena.galdis40@exemple.org,Sovena Galdis,"202,51 €",€,,Point relais
WEB-026347,2025-04-10 19:55:00,PAID,YUNORIN.CORVOIR@COURRIER.TEST,Yunorin Corvoir,"55,52",EUR,,Domicile
WEB-026312,2025-04-10 21:08:00,paid,pitaria.ravdis@courrier.test,Pitaria Ravdis,"131,54 €",EUR,,Domicile
WEB-026319,2025-04-10 21:29:00,paid,navenia.valvane@courrier.test,Navenia Valvane,"84,26",EUR,,Domicile
WEB-026345,2025-04-10 21:43:00,paid,madaru.kelsac37@exemple.org,Madaru Kelsac,"192,11 €",EUR,,Point relais
WEB-026386,2025-04-11 09:27:00,Paid,rivina.dundal@mail.example,Rivina Dundal,44.19,EUR,,Domicile
WEB-026394,2025-04-11 10:29:00,PAID,natarea.havvoir@mail.example,Natarea Havvoir,121.97,EUR,,Point relais
WEB-026383,2025-04-11 11:18:00,paid,kavalea.lanmont@courrier.test,Kavalea Lanmont,"66,55",€,,Domicile
WEB-026385,2025-04-11 11:34:00,paid,elborel.wenvoir@courrier.test,Elborel Wenvoir,"10,20 €",eur,,Domicile
WEB-026370,2025-04-11 12:30:00,Paid,batari.torvane@exemple.org,Batari Torvane,"102,70 €",eur,,Point relais
WEB-026384,2025-04-11 12:49:00,paid,RIMAREL.OSTMAR@COURRIER.TEST,Rimarel Ostmar,"17,41",eur,,Domicile
WEB-026367,2025-04-11 13:05:00,paid,karisin.dorbel@exemple.org,Karisin Dorbel,27.61,EUR,,Domicile
WEB-026378,2025-04-11 13:12:00,Paid,kadania.falrand@exemple.org,Kadania Falrand,"60,38 €",eur,FIDELITE,Point relais
WEB-026371,2025-04-11 13:17:00,PAID,navene.monvoir@courrier.test,Navene Monvoir,"30,70 €",eur,,Domicile
WEB-026380,2025-04-11 13:30:00,paid,kasolea.havsac@exemple.org,Kasolea Havsac,52.43,EUR,,Domicile
WEB-026391,2025-04-11 13:37:00,cancelled,lomare.pernet@courrier.test,Lomare Pernet,206.53,eur,,Domicile
WEB-026366,2025-04-11 14:04:00,PAID,rirele.lansen@exemple.org,Rirele Lansen,28.74,EUR,,Point relais
WEB-026365,2025-04-11 14:43:00,paid,judania.lanmont@courrier.test,Judania Lanmont,"210,65 €",EUR,,Domicile
WEB-026395,2025-04-11 14:44:00,cancelled,vevinia.wenmont@exemple.org,Vevinia Wenmont,56.45,EUR,,Domicile
WEB-026364,2025-04-11 14:47:00,paid,orvinu.sorkan@mail.example,Orvinu Sorkan,"335,08",EUR,,Domicile
WEB-026361,2025-04-11 15:27:00,PAID,rivenea.monbel@courrier.test,Rivenea Monbel,79.21,eur,,Point relais
WEB-026390,2025-04-11 15:46:00,paid,rilonan.dorvane@mail.example,Rilonan Dorvane,"10,20",EUR,,Point relais
WEB-026392,2025-04-11 16:29:00,paid,somari.ravner@exemple.org,Somari Ravner,79.01,€,,Retrait magasin
WEB-026359,2025-04-11 16:44:00,PAID,elveni.perbert@exemple.org,Elveni Perbert,43.99,EUR,,Point relais
WEB-026362,2025-04-11 16:44:00,cancelled,ORLISIN.RAVVANE@MAIL.EXAMPLE,Orlisin Ravvane,"101,67 €",EUR,,Point relais
WEB-026358,2025-04-11 16:48:00,paid,sotelel.ravsac@courrier.test,Sotelel Ravsac,114.86,EUR,,Domicile
WEB-026374,2025-04-11 17:06:00,PAID,rilisu.brendis@mail.example,Rilisu Brendis,"17,41",EUR,,Domicile
WEB-026369,2025-04-11 17:40:00,paid,zonelan.galbel@courrier.test,Zonelan Galbel,"170,58 €",EUR,,Point relais
WEB-026393,2025-04-11 18:32:00,PAID,makeni.lannet@mail.example,Makeni Lannet,"138,75",EUR,,Point relais
WEB-026350,2025-04-11 18:45:00,cancelled,bagarin.ostmer81@exemple.org,Bagarin Ostmer,133.50,EUR,,Point relais
WEB-026353,2025-04-11 19:02:00,Paid,juborin.sorvoir4@mail.example,Juborin Sorvoir,"21,53 €",EUR,,Domicile
WEB-026382,2025-04-11 19:37:00,paid,seboran.wenvane43@courrier.test,Seboran Wenvane,130.51,eur,,Domicile
WEB-026372,2025-04-11 19:59:00,PAID,elkeni.lansac73@courrier.test,Elkeni Lansac,"69,64 €",EUR,,Domicile
WEB-026406,2025-04-12 10:06:00,PAID,verelea.nevver98@exemple.org,Verelea Nevver,"166,16 €",€,,Domicile
WEB-026440,2025-04-12 12:05:00,paid,RILISU.NEVVANE@COURRIER.TEST,Rilisu Nevvane,5.05,EUR,,Point relais
WEB-026444,2025-04-12 12:24:00,PAID,jurisa.perdal84@exemple.org,Jurisa Perdal,"55,42 €",EUR,,Point relais
WEB-026415,2025-04-12 13:41:00,paid,milonel.kelsen@mail.example,Milonel Kelsen,282.55,EUR,,Domicile
WEB-026428,2025-04-12 13:52:00,paid,arseni.sorver@exemple.org,Arseni Sorver,"59,64",EUR,,Domicile
WEB-026430,2025-04-12 14:06:00,paid,feveno.valbel@exemple.org,Feveno Valbel,68.91,€,,Point relais
WEB-026405,2025-04-12 14:38:00,PAID,tasena.sorvoir@exemple.org,Tasena Sorvoir,"69,84 €",eur,,Domicile
WEB-026412,2025-04-12 16:15:00,PAID,miveni.ravrand@exemple.org,Miveni Ravrand,21.53,€,,Point relais
WEB-026433,2025-04-12 16:15:00,Paid,yukenin.monnet@exemple.org,Yukenin Monnet,"73,03 €",EUR,,Point relais
WEB-026413,2025-04-12 16:41:00,paid,ordanan.monlais82@exemple.org,Ordanan Monlais,"32,76",EUR,,Domicile
WEB-026436,2025-04-12 17:05:00,paid,femarel.ravnet@exemple.org,Femarel Ravnet,138.57,EUR,FIDELITE,Domicile
WEB-026425,2025-04-12 17:39:00,paid,natele.roslais@courrier.test,Natele Roslais,234.04,EUR,,Domicile
WEB-026431,2025-04-12 17:42:00,paid,junela.nevdal@mail.example,Junela Nevdal,109.08,EUR,,Domicile
WEB-026427,2025-04-12 18:02:00,paid,dunelin.cormer79@mail.example,Dunelin Cormer,"32,86 €",EUR,,Point relais
WEB-026410,2025-04-12 18:17:00,PAID,arrisel.brenmont@mail.example,Arrisel Brenmont,"109,31",EUR,FIDELITE,Domicile
WEB-026401,2025-04-12 18:22:00,cancelled,felisi.havrand@mail.example,Felisi Havrand,49.24,EUR,,Domicile
WEB-026420,2025-04-12 18:22:00,paid,ORSENE.MONTIER16@MAIL.EXAMPLE,Orsene Montier,187.06,EUR,,Domicile
WEB-026404,2025-04-12 19:40:00,PAID, ardania.galmer@mail.example,Ardania Galmer,"145,96 €",eur,,Domicile
WEB-026424,2025-04-12 19:40:00,paid,lobore.ostlin@exemple.org,Lobore Ostlin,12.26,EUR,,Retrait magasin
WEB-026397,2025-04-12 19:51:00,Paid,minelu.monmont@exemple.org,Minelu Monmont,"156,16 €",EUR,,Domicile
WEB-026434,2025-04-12 20:08:00,PAID,arkenia.monbert@courrier.test,Arkenia Monbert,113.00,EUR,,Domicile
WEB-026464,2025-04-13 08:22:00,paid,dulone.cortier@courrier.test,Dulone Cortier,"2,99 €",EUR,,Domicile
WEB-026458,2025-04-13 11:38:00,PAID,badana.falner@exemple.org,Badana Falner,34.92,eur,,Point relais
WEB-026454,2025-04-13 15:23:00,paid,jurele.rosner@mail.example,Jurele Rosner,"40,07",EUR,,Retrait magasin
WEB-026451,2025-04-13 17:31:00,PAID,sedani.torgren@courrier.test,Sedani Torgren,269.16,EUR,,Point relais
WEB-026448,2025-04-13 18:29:00,PAID,dusenea.sorner76@exemple.org,Dusenea Sorner,"158,22 €",EUR,,Domicile
WEB-026450,2025-04-13 19:44:00,PAID,somarea.kelgren@courrier.test,Somarea Kelgren,118.25,eur,,Domicile
WEB-026452,2025-04-13 20:57:00,paid,sonorel.ostsac@exemple.org,Sonorel Ostsac,"121,44 €",EUR,,Point relais
WEB-026465,2025-04-14 08:49:00,PAID,masenia.ravlin@exemple.org,Masenia Ravlin,17.41,EUR,,Point relais
WEB-026474,2025-04-14 11:23:00,PAID, kaneli.dornet@exemple.org,Kaneli Dornet,"151,21 €",EUR,,Point relais
WEB-026475,2025-04-14 11:24:00,PAID,selonu.dorvoir@mail.example,Selonu Dorvoir,52.43,EUR,,Retrait magasin
WEB-026477,2025-04-14 12:00:00,Paid,ORBORI.GALLAIS3@MAIL.EXAMPLE,Orbori Gallais,"89,31 €",EUR,,Domicile
WEB-026478,2025-04-14 12:31:00,paid,barelia.ravmont@courrier.test,Barelia Ravmont,"4,02 €",EUR,,Point relais
WEB-026493,2025-04-14 14:25:00,Paid,katarel.ostdis@exemple.org,Katarel Ostdis,"64,69",EUR,,Retrait magasin
WEB-026473,2025-04-14 14:29:00,PAID,elvalel.dunver@courrier.test,Elvalel Dunver,"192,11",eur,,Point relais
WEB-026486,2025-04-14 14:30:00,paid,miseni.perbel@mail.example,Miseni Perbel,"25,45 €",EUR,,Point relais
WEB-026494,2025-04-14 14:50:00,paid,losolu.landal@courrier.test,Losolu Landal,80.04,EUR,,Point relais
WEB-026468,2025-04-14 15:07:00,PAID,mavino.wenmer@courrier.test,Mavino Wenmer,"84,16",€,,Point relais
WEB-026489,2025-04-14 15:12:00,PAID,ritarin.tarbel@exemple.org,Ritarin Tarbel,"130,31 €",EUR,,Domicile
WEB-026491,2025-04-14 15:15:00,paid,BASENO.NEVBEL@MAIL.EXAMPLE,Baseno Nevbel,"120,11 €",EUR,,Domicile
WEB-026480,2025-04-14 16:04:00,Paid,navalia.ravlais@exemple.org,Navalia Ravlais,"173,87",EUR,,Point relais
WEB-026497,2025-04-14 17:25:00,paid,ZOGARU.PERTIER32@MAIL.EXAMPLE,Zogaru Pertier,"14,32 €",eur,,Retrait magasin
WEB-026487,2025-04-14 18:05:00,paid,fenora.brenlais65@exemple.org,Fenora Brenlais,"152,24 €",eur,,Point relais
WEB-026467,2025-04-14 18:08:00,PAID,mavali.ravlais@courrier.test,Mavali Ravlais,108.98,€,,Domicile
WEB-026488,2025-04-14 19:22:00,Paid,juveni.persac81@exemple.org,Juveni Persac,"20,50 €",€,,Domicile
WEB-026522,2025-04-15 12:04:00,paid,serise.havner61@exemple.org,Serise Havner,"153,25 €",EUR,FIDELITE,Point relais
WEB-026516,2025-04-15 12:18:00,paid,ritaria.kelsen@mail.example,Ritaria Kelsen,"35,85 €",EUR,,Retrait magasin
WEB-026508,2025-04-15 14:36:00,paid,LOLONEA.FALMONT@EXEMPLE.ORG,Lolonea Falmont,"255,97 €",EUR,,Domicile
WEB-026519,2025-04-15 14:55:00,PAID,banela.cormar@courrier.test,Banela Cormar,"41,93",EUR,,Domicile
WEB-026520,2025-04-15 15:03:00,PAID,rimaran.perner@courrier.test,Rimaran Perner,"72,63",eur,,Domicile
WEB-026504,2025-04-15 15:54:00,paid,elnelea.rosvane@courrier.test,Elnelea Rosvane,"57,45",EUR,FIDELITE,Retrait magasin
WEB-026521,2025-04-15 16:02:00,paid,RIDAREA.MONVOIR@MAIL.EXAMPLE,Ridarea Monvoir,74.06,EUR,,Domicile
WEB-026512,2025-04-15 17:38:00,Paid,lonelia.corvane11@exemple.org,Lonelia Corvane,"43,06 €",EUR,,Domicile
WEB-026507,2025-04-15 17:54:00,paid,BASENAN.RAVVANE@MAIL.EXAMPLE,Basenan Ravvane,"313,45 €",EUR,,Domicile
WEB-026514,2025-04-15 18:16:00,paid,bavalia.tarmont@courrier.test,Bavalia Tarmont,"63,76 €",EUR,,Domicile
WEB-026506,2025-04-15 18:38:00,Paid,fetaro.pervane94@courrier.test,Fetaro Pervane,179.55,EUR,,Domicile
WEB-026510,2025-04-15 18:46:00,PAID,vevinel.lanmont@exemple.org,Vevinel Lanmont,44.09,EUR,,Domicile
WEB-026511,2025-04-15 18:52:00,PAID,yumonan.rosmer@exemple.org,Yumonan Rosmer,"245,87 €",€,,Domicile
WEB-026554,2025-04-16 12:13:00,Paid,sekenu.lanbel@mail.example,Sekenu Lanbel,67.78,EUR,,Point relais
WEB-026535,2025-04-16 14:27:00,PAID,ormaro.wenvane@courrier.test,Ormaro Wenvane,"188,57 €",EUR,FIDELITE,Domicile
WEB-026563,2025-04-16 14:28:00,paid,nalono.kelner@exemple.org,Nalono Kelner,88.28,eur,,Point relais
WEB-026560,2025-04-16 14:43:00,paid,tavala.mongren54@exemple.org,Tavala Mongren,68.91,EUR,,Retrait magasin
WEB-026546,2025-04-16 15:14:00,paid,rikene.monmont13@exemple.org,Rikene Monmont,20.50,EUR,,Point relais
WEB-026555,2025-04-16 15:24:00,paid,tatara.mondal@mail.example,Tatara Mondal,"46,25 €",EUR,,Point relais
WEB-026559,2025-04-16 16:07:00,cancelled,zorelu.havvane@mail.example,Zorelu Havvane,98.38,EUR,,Point relais
WEB-026562,2025-04-16 16:10:00,paid,sodaru.havlin@mail.example,Sodaru Havlin,65.46,EUR,FIDELITE,Domicile
WEB-026534,2025-04-16 17:19:00,paid,nanela.ostsen@courrier.test,Nanela Ostsen,"17,41 €",EUR,,Point relais
WEB-026548,2025-04-16 17:22:00,paid,selisia.tarmar@exemple.org,Selisia Tarmar,"64,79 €",EUR,,Domicile
WEB-026545,2025-04-16 17:52:00,PAID, ardane.wenmer34@exemple.org,Ardane Wenmer,7.11,EUR,,Domicile
WEB-026533,2025-04-16 18:27:00,paid,elgaria.ostnet@courrier.test,Elgaria Ostnet,120.21,EUR,,Point relais
WEB-026556,2025-04-16 18:39:00,paid,nataro.monner@exemple.org,Nataro Monner,"120,07",EUR,FIDELITE,Point relais
WEB-026561,2025-04-16 20:19:00,PAID,zonelo.wenmer@exemple.org,Zonelo Wenmer,"56,45 €",eur,,Domicile
WEB-026544,2025-04-16 21:07:00,paid,zovalin.dorbel@exemple.org,Zovalin Dorbel,"165,43 €",EUR,,Point relais
WEB-026584,2025-04-17 08:56:00,PAID,dudari.havmer@exemple.org,Dudari Havmer,96.62,EUR,,Domicile
WEB-026592,2025-04-17 11:27:00,PAID,zoriso.galgren3@courrier.test,Zoriso Galgren,"22,56 €",EUR,,Point relais
WEB-026570,2025-04-17 11:29:00,paid,vesolan.wenmer@mail.example,Vesolan Wenmer,76.12,EUR,,Point relais
WEB-026566,2025-04-17 12:57:00,paid,orgaran.dorvoir@courrier.test,Orgaran Dorvoir,"235,47 €",EUR,,Point relais
WEB-026599,2025-04-17 13:35:00,paid,balisa.ravlin@exemple.org,Balisa Ravlin,"136,69",€,,Point relais
WEB-026591,2025-04-17 13:37:00,paid,tavine.lanmont@exemple.org,Tavine Lanmont,34.92,EUR,,Domicile
WEB-026582,2025-04-17 13:55:00,Paid,BATARI.TORVANE@EXEMPLE.ORG,Batari Torvane,"28,74 €",EUR,,Domicile
WEB-026593,2025-04-17 14:04:00,Paid,sodanin.dordis11@exemple.org,Sodanin Dordis,"52,43",EUR,,Domicile
WEB-026602,2025-04-17 14:43:00,paid,minelan.sordis@exemple.org,Minelan Sordis,"59,44 €",EUR,,Point relais
WEB-026575,2025-04-17 16:00:00,paid,basenan.ravvane@mail.example,Basenan Ravvane,"121,34",EUR,,Domicile
WEB-026595,2025-04-17 16:22:00,Paid,orsene.montier16@mail.example,Orsene Montier,20.50,EUR,,Point relais
WEB-026586,2025-04-17 16:59:00,paid,duborel.sormar@courrier.test,Duborel Sormar,169.65,€,,Domicile
WEB-026588,2025-04-17 17:30:00,PAID,malonea.perkan@exemple.org,Malonea Perkan,"30,80 €",EUR,,Domicile
WEB-026573,2025-04-17 20:23:00,paid,elrelel.dorver@exemple.org,Elrelel Dorver,22.56,EUR,,Point relais
WEB-026567,2025-04-17 20:51:00,paid,YUTELIN.DORGREN@EXEMPLE.ORG,Yutelin Dorgren,"11,23 €",EUR,,Domicile
WEB-026583,2025-04-17 21:27:00,paid,felise.tormer@exemple.org,Felise Tormer,"160,38 €",EUR,,Domicile
WEB-026626,2025-04-18 13:01:00,paid,artaru.brentier34@exemple.org,Artaru Brentier,364.32,eur,,Domicile
WEB-026611,2025-04-18 13:10:00,paid,ritaria.kelsen@mail.example,Ritaria Kelsen,"265,97",EUR,,Point relais
WEB-026636,2025-04-18 13:19:00,paid,argara.lanbert11@courrier.test,Argara Lanbert,"42,96 €",EUR,,Domicile
WEB-026629,2025-04-18 13:20:00,paid,mamari.ravner@courrier.test,Mamari Ravner,"38,94",€,,Point relais
WEB-026623,2025-04-18 13:44:00,PAID,nalonia.cornet@mail.example,Nalonia Cornet,151.01,EUR,,Point relais
WEB-026633,2025-04-18 14:07:00,paid,kadanin.brenvoir@exemple.org,Kadanin Brenvoir,91.37,EUR,,Domicile
WEB-026615,2025-04-18 14:29:00,Paid,zorelu.havvane@mail.example,Zorelu Havvane,"275,44 €",EUR,,Point relais
WEB-026605,2025-04-18 14:37:00,paid,kadare.tarmont@mail.example,Kadare Tarmont,"148,85 €",EUR,,Retrait magasin
WEB-026612,2025-04-18 15:21:00,Paid,yudari.kelmar33@mail.example,Yudari Kelmar,"147,09 €",EUR,,Domicile
WEB-026640,2025-04-18 15:39:00,PAID,felise.tormer@exemple.org,Felise Tormer,"224,67",EUR,FIDELITE,Domicile
WEB-026607,2025-04-18 16:09:00,paid,elbore.duntier@exemple.org,Elbore Duntier,"20,50",EUR,,Domicile
WEB-026643,2025-04-18 16:14:00,PAID,balisa.ravlin@exemple.org,Balisa Ravlin,"110,01",EUR,,Retrait magasin
WEB-026610,2025-04-18 16:31:00,paid,navalia.ravlais@exemple.org,Navalia Ravlais,"131,72 €",EUR,FIDELITE,Domicile
WEB-026639,2025-04-18 17:10:00,paid,MAVINE.TARNET@EXEMPLE.ORG,Mavine Tarnet,"115,06 €",EUR,,Domicile
WEB-026609,2025-04-18 17:39:00,PAID, lorelo.corner@courrier.test,Lorelo Corner,"13,29 €",EUR,,Point relais
WEB-026613,2025-04-18 18:01:00,paid,DUDARO.TORMAR@EXEMPLE.ORG,Dudaro Tormar,"32,76 €",EUR,,Domicile
WEB-026630,2025-04-18 18:32:00,PAID,LOVENE.DUNMER@EXEMPLE.ORG,Lovene Dunmer,"141,74 €",EUR,,Point relais
WEB-026637,2025-04-18 20:23:00,Paid, vevenia.wensen@mail.example,Vevenia Wensen,"54,29",EUR,,Domicile
WEB-026647,2025-04-18 20:37:00,PAID,elvale.ostlin@exemple.org,Elvale Ostlin,16.38,EUR,,Point relais
WEB-026620,2025-04-18 20:46:00,paid,soborin.valvoir@exemple.org,Soborin Valvoir,"161,41 €",EUR,,Domicile
WEB-026659,2025-04-19 11:53:00,paid,FELISIN.GALNET@MAIL.EXAMPLE,Felisin Galnet,"66,75 €",EUR,,Domicile
WEB-026657,2025-04-19 12:14:00,PAID,arnori.permont1@mail.example,Arnori Permont,"2,99 €",EUR,,Domicile
WEB-026667,2025-04-19 13:37:00,paid,magara.ostnet@exemple.org,Magara Ostnet,"18,44",EUR,,Domicile
WEB-026678,2025-04-19 14:11:00,paid,pinelo.tormar@mail.example,Pinelo Tormar,"52,74 €",€,FIDELITE,Domicile
WEB-026678,2025-04-19 14:11:00,paid,pinelo.tormar@mail.example,Pinelo Tormar,"52,74 €",€,FIDELITE,Domicile
WEB-026663,2025-04-19 14:36:00,Paid,dutari.brenbel@courrier.test,Dutari Brenbel,"21,53 €",EUR,,Domicile
WEB-026691,2025-04-19 14:52:00,paid,ZOTELI.WENVOIR@EXEMPLE.ORG,Zoteli Wenvoir,"255,14",EUR,,Point relais
WEB-026679,2025-04-19 14:56:00,paid,ORLISIN.WENVANE@EXEMPLE.ORG,Orlisin Wenvane,76.12,EUR,,Point relais
WEB-026661,2025-04-19 15:41:00,PAID,marisu.wendal@courrier.test,Marisu Wendal,133.50,EUR,,Domicile
WEB-026662,2025-04-19 15:41:00,paid,kareli.monner@courrier.test,Kareli Monner,"140,81",EUR,,Point relais
WEB-026658,2025-04-19 15:50:00,paid,kareli.rosvane@exemple.org,Kareli Rosvane,"76,02",EUR,,Domicile
WEB-026672,2025-04-19 16:31:00,paid,losene.perlais@courrier.test,Losene Perlais,68.81,EUR,,Domicile
WEB-026680,2025-04-19 16:39:00,paid,ritare.falkan24@exemple.org,Ritare Falkan,"24,62 €",EUR,,Domicile
WEB-026671,2025-04-19 16:50:00,paid,juteli.tardis@exemple.org,Juteli Tardis,"74,89",€,,Point relais
WEB-026693,2025-04-19 17:25:00,paid,basolo.ostbel@courrier.test,Basolo Ostbel,"157,15 €",EUR,FIDELITE,Point relais
WEB-026685,2025-04-19 17:41:00,PAID,karelia.wenlais@exemple.org,Karelia Wenlais,110.74,EUR,,Domicile
WEB-026681,2025-04-19 18:29:00,paid,pisolo.tardis@exemple.org,Pisolo Tardis,"30,80",EUR,,Domicile
WEB-026687,2025-04-19 20:06:00,paid,PINORIA.DUNMER@EXEMPLE.ORG,Pinoria Dunmer,"317,47 €",EUR,,Domicile
WEB-026703,2025-04-20 13:18:00,PAID,orborel.ostmar94@exemple.org,Orborel Ostmar,"19,47 €",EUR,FIDELITE,Domicile
WEB-026711,2025-04-20 13:39:00,PAID, duvenan.ravmer@exemple.org,Duvenan Ravmer,259.99,EUR,,Domicile
WEB-026711,2025-04-20 13:39:00,PAID, duvenan.ravmer@exemple.org,Duvenan Ravmer,259.99,EUR,,Domicile
WEB-026710,2025-04-20 13:47:00,PAID,tasene.lantier@exemple.org,Tasene Lantier,67.58,EUR,,Domicile
WEB-026707,2025-04-20 14:12:00,paid,rinorin.torrand@exemple.org,Rinorin Torrand,"65,62 €",€,,Domicile
WEB-026705,2025-04-20 14:38:00,paid,zokenin.nevmar@exemple.org,Zokenin Nevmar,209.82,EUR,,Domicile
WEB-026701,2025-04-20 15:25:00,paid,fevinia.nevkan@mail.example,Fevinia Nevkan,"26,58 €",eur,,Point relais
WEB-026715,2025-04-20 16:10:00,paid,ARLONEA.HAVSEN2@EXEMPLE.ORG,Arlonea Havsen,"92,40",€,,Point relais
WEB-026700,2025-04-20 17:47:00,paid,setarea.perbert@courrier.test,Setarea Perbert,52.33,EUR,,Domicile
WEB-026704,2025-04-20 19:11:00,Paid,bamaro.nevvane60@mail.example,Bamaro Nevvane,69.84,EUR,,Domicile
WEB-026713,2025-04-20 20:40:00,paid,arrelia.wenbel@mail.example,Arrelia Wenbel,"21,53",EUR,,Point relais
WEB-026698,2025-04-20 21:09:00,paid,serela.brenkan40@mail.example,Serela Brenkan,"36,88 €",€,,Point relais
WEB-026724,2025-04-21 12:34:00,cancelled,setela.kelner@exemple.org,Setela Kelner,149.88,EUR,,Retrait magasin
WEB-026738,2025-04-21 13:32:00,cancelled,TATARU.PERGREN94@COURRIER.TEST,Tataru Pergren,8.04,EUR,,Domicile
WEB-026751,2025-04-21 15:06:00,PAID,bavale.wendal@courrier.test,Bavale Wendal,"528,51 €",EUR,FIDELITE,Point relais
WEB-026731,2025-04-21 15:07:00,paid,tatelin.brenlin@exemple.org,Tatelin Brenlin,"58,41 €",EUR,,Domicile
WEB-026743,2025-04-21 16:00:00,PAID, tarele.ostmer44@exemple.org,Tarele Ostmer,146.99,EUR,,Point relais
WEB-T0012,2025-04-21 16:00:00,PAID,test@example.com,Test Test,"1,00",EUR,,Point relais
WEB-026750,2025-04-21 16:05:00,paid,orvalin.rosrand12@exemple.org,Orvalin Rosrand,"88,38 €",€,,Point relais
WEB-026725,2025-04-21 16:22:00,Paid,artele.fallais@courrier.test,Artele Fallais,227.23,EUR,,Domicile
WEB-026753,2025-04-21 16:41:00,paid,batari.torvane@exemple.org,Batari Torvane,"242,88 €",eur,,Point relais
WEB-026737,2025-04-21 17:18:00,Paid,artelin.nevmar@exemple.org,Artelin Nevmar,"220,02 €",EUR,,Point relais
WEB-026755,2025-04-21 17:30:00,Paid,rimarin.brenver@exemple.org,Rimarin Brenver,"66,65",EUR,,Domicile
WEB-026741,2025-04-21 17:53:00,Paid,MIVINIA.SORVER@EXEMPLE.ORG,Mivinia Sorver,"40,07 €",€,,Domicile
WEB-026749,2025-04-21 17:57:00,Paid,tasenu.brendal@courrier.test,Tasenu Brendal,"114,03 €",EUR,,Point relais
WEB-026739,2025-04-21 19:01:00,paid,dutaria.rosver@courrier.test,Dutaria Rosver,"244,54 €",EUR,,Domicile
WEB-026732,2025-04-21 19:51:00,paid,tamoni.havlais@exemple.org,Tamoni Havlais,"159,25 €",EUR,,Domicile
WEB-026735,2025-04-21 19:53:00,paid,duvalu.galmont@exemple.org,Duvalu Galmont,"57,48",EUR,,Domicile
WEB-026748,2025-04-21 20:58:00,paid,narisel.monsac@courrier.test,Narisel Monsac,"373,29 €",EUR,,Point relais
WEB-026744,2025-04-21 21:48:00,paid,ELVALEL.DUNVER@COURRIER.TEST,Elvalel Dunver,"24,62 €",EUR,,Domicile
WEB-026763,2025-04-22 12:11:00,paid,kaseno.sorkan@exemple.org,Kaseno Sorkan,32.86,EUR,,Retrait magasin
WEB-026775,2025-04-22 13:17:00,PAID,badare.cormer@exemple.org,Badare Cormer,44.09,€,,Domicile
WEB-026773,2025-04-22 14:05:00,paid,pilonea.dorgren87@courrier.test,Pilonea Dorgren,10.20,eur,,Domicile
WEB-026776,2025-04-22 15:40:00,paid,milonel.corkan@exemple.org,Milonel Corkan,"66,75 €",EUR,,Domicile
WEB-026764,2025-04-22 15:44:00,paid,bakenia.ravnet@exemple.org,Bakenia Ravnet,"204,57 €",EUR,,Point relais
WEB-026766,2025-04-22 16:08:00,PAID,durisan.falnet51@exemple.org,Durisan Falnet,66.85,EUR,,Domicile
WEB-026777,2025-04-22 16:13:00,paid,mitarea.targren@courrier.test,Mitarea Targren,51.30,EUR,,Point relais
WEB-026760,2025-04-22 16:34:00,paid,tasolan.ostmont@courrier.test,Tasolan Ostmont,"107,85 €",EUR,,Domicile
WEB-026774,2025-04-22 17:45:00,paid,elmonan.tardal@courrier.test,Elmonan Tardal,"38,94 €",EUR,,Point relais
WEB-026761,2025-04-22 17:46:00,paid,yutaran.ravmer@courrier.test,Yutaran Ravmer,64.59,EUR,,Point relais
WEB-026767,2025-04-22 18:05:00,paid,dutarin.brensac6@courrier.test,Dutarin Brensac,"62,63 €",€,,Domicile
WEB-026759,2025-04-22 20:25:00,Paid,sekenan.nevver@courrier.test,Sekenan Nevver,"78,08 €",€,,Retrait magasin
WEB-026794,2025-04-23 08:27:00,PAID,tatara.mondal@mail.example,Tatara Mondal,"23,39 €",EUR,FIDELITE,Retrait magasin
WEB-026787,2025-04-23 11:16:00,paid,magarel.torkan@exemple.org,Magarel Torkan,"135,76",eur,,Domicile
WEB-026797,2025-04-23 12:24:00,paid,minoran.dunvane21@mail.example,Minoran Dunvane,170.58,EUR,,Point relais
WEB-026793,2025-04-23 12:48:00,Paid,migaru.brensen@exemple.org,Migaru Brensen,108.58,EUR,,Domicile
WEB-026778,2025-04-23 13:08:00,Paid,elvalia.havvoir@courrier.test,Elvalia Havvoir,"112,07 €",EUR,,Domicile
WEB-026795,2025-04-23 13:20:00,paid,sonelan.lansen3@mail.example,Sonelan Lansen,39.04,EUR,,Point relais
WEB-026791,2025-04-23 13:34:00,paid,madaria.nevbel@mail.example,Madaria Nevbel,"2,99",EUR,,Retrait magasin
WEB-026792,2025-04-23 14:26:00,Paid,mamari.ravner@courrier.test,Mamari Ravner,"16,38 €",EUR,,Point relais
WEB-026803,2025-04-23 14:33:00,paid,ornori.dortier@exemple.org,Ornori Dortier,"37,81",EUR,,Domicile
WEB-026779,2025-04-23 14:35:00,PAID,yuveni.rossen@courrier.test,Yuveni Rossen,111.97,EUR,,Point relais
WEB-026780,2025-04-23 15:27:00,paid,vevene.ostgren54@courrier.test,Vevene Ostgren,74.89,EUR,,Point relais
WEB-026799,2025-04-23 20:14:00,PAID,mitaro.havsen@courrier.test,Mitaro Havsen,77.78,EUR,,Domicile
WEB-026805,2025-04-23 20:50:00,paid,jurelu.rosgren@courrier.test,Jurelu Rosgren,"96,52 €",€,,Domicile
WEB-026781,2025-04-23 21:58:00,paid,arkeno.rosbert@exemple.org,Arkeno Rosbert,"90,44 €",EUR,,Domicile
WEB-026811,2025-04-24 09:10:00,Paid,elboru.torver@exemple.org,Elboru Torver,"67,78",EUR,,Domicile
WEB-026248,2025-04-24 12:30:00,PAID,ornoru.dungren70@courrier.test,Ornoru Dungren,162.88,eur,BIENVENUE,Retrait magasin
WEB-026818,2025-04-24 14:03:00,paid,SERELE.DORKAN@EXEMPLE.ORG,Serele Dorkan,"45,12 €",EUR,,Domicile
WEB-026823,2025-04-24 14:16:00,PAID,tarisin.vallais58@exemple.org,Tarisin Vallais,"2,99",EUR,,Domicile
WEB-026813,2025-04-24 15:49:00,PAID,mamonia.ravner@exemple.org,Mamonia Ravner,"64,79 €",EUR,,Point relais
WEB-026824,2025-04-24 16:28:00,paid,zorisea.corkan@mail.example,Zorisea Corkan,16.38,EUR,,Point relais
WEB-026827,2025-04-24 16:31:00,Paid,eldanan.pervane@exemple.org,Eldanan Pervane,"44,19",EUR,,Domicile
WEB-026820,2025-04-24 18:34:00,paid,zovino.galdal17@courrier.test,Zovino Galdal,62.63,EUR,,Point relais
WEB-026826,2025-04-24 18:51:00,paid,midari.rostier@exemple.org,Midari Rostier,"51,30",EUR,,Point relais
WEB-026821,2025-04-24 19:41:00,paid,duveno.kelver@exemple.org,Duveno Kelver,"108,05 €",EUR,,Domicile
WEB-026844,2025-04-25 11:05:00,paid,judanel.monlin@mail.example,Judanel Monlin,53.06,EUR,,Domicile
WEB-T0013,2025-04-25 11:05:00,paid,test@example.com,Test Test,"1,00",EUR,,Domicile
WEB-026863,2025-04-25 11:52:00,paid, lobore.ostlin@exemple.org,Lobore Ostlin,"133,50 €",EUR,,Point relais
WEB-026852,2025-04-25 13:03:00,PAID,DULONA.OSTLAIS@MAIL.EXAMPLE,Dulona Ostlais,"10,20 €",EUR,,Point relais
WEB-026866,2025-04-25 13:08:00,paid,orsolel.tordal@courrier.test,Orsolel Tordal,154.20,eur,,Point relais
WEB-026864,2025-04-25 13:36:00,PAID,judania.lanmont@courrier.test,Judania Lanmont,202.61,EUR,,Domicile
WEB-026843,2025-04-25 13:45:00,Paid,dudania.galbert@courrier.test,Dudania Galbert,70.26,EUR,FIDELITE,Point relais
WEB-026833,2025-04-25 13:51:00,paid,juvina.perbert@exemple.org,Juvina Perbert,"180,98",EUR,,Point relais
WEB-026868,2025-04-25 14:42:00,paid,eldani.havmar@courrier.test,Eldani Havmar,"34,82 €",eur,,Domicile
WEB-026835,2025-04-25 15:28:00,paid,orvina.sormar@mail.example,Orvina Sormar,"120,31",EUR,,Domicile
WEB-026850,2025-04-25 16:18:00,Paid,zorelu.nevlin62@mail.example,Zorelu Nevlin,82.10,eur,,Domicile
WEB-026857,2025-04-25 17:03:00,paid,badania.wengren@exemple.org,Badania Wengren,22.56,EUR,,Domicile
WEB-026867,2025-04-25 17:26:00,PAID,riboran.brenmar@exemple.org,Riboran Brenmar,"127,32 €",EUR,,Point relais
WEB-026856,2025-04-25 17:57:00,paid,fesole.tarmer@courrier.test,Fesole Tarmer,"132,57",EUR,,Domicile
WEB-026836,2025-04-25 18:53:00,PAID,fesolel.havkan@exemple.org,Fesolel Havkan,"150,91 €",EUR,,Point relais
WEB-026853,2025-04-25 19:25:00,Paid,sorisea.monmer@exemple.org,Sorisea Monmer,17.41,EUR,,Domicile
WEB-026838,2025-04-25 19:30:00,PAID,semari.havbel14@mail.example,Semari Havbel,87.35,EUR,,Retrait magasin
WEB-026851,2025-04-25 19:31:00,paid,dunelea.dungren@exemple.org,Dunelea Dungren,"36,88 €",EUR,,Point relais
WEB-026839,2025-04-25 19:52:00,paid,mamarea.ostbel@exemple.org,Mamarea Ostbel,57.48,€,,Domicile
WEB-026846,2025-04-25 20:45:00,paid,marisea.valmont@courrier.test,Marisea Valmont,"19,47",EUR,,Point relais
WEB-026914,2025-04-26 12:25:00,Paid,mitaru.ravnet@courrier.test,Mitaru Ravnet,42.96,EUR,,Point relais
WEB-026876,2025-04-26 13:16:00,cancelled,dunelel.corbert@mail.example,Dunelel Corbert,"96,52 €",EUR,,Domicile
WEB-026887,2025-04-26 13:39:00,PAID,vegaru.persen84@courrier.test,Vegaru Persen,"128,55",EUR,,Domicile
WEB-026894,2025-04-26 14:01:00,paid,setela.dornet@mail.example,Setela Dornet,"73,86 €",€,,Domicile
WEB-026895,2025-04-26 14:08:00,paid,kanoria.lantier@exemple.org,Kanoria Lantier,9.17,EUR,,Point relais
WEB-026899,2025-04-26 14:14:00,paid,kaborin.falnet@exemple.org,Kaborin Falnet,108.05,EUR,,Domicile
WEB-026882,2025-04-26 14:34:00,Paid,senela.monner@mail.example,Senela Monner,"245,27 €",EUR,,Point relais
WEB-026913,2025-04-26 14:43:00,PAID,KAMARAN.LANMER@COURRIER.TEST,Kamaran Lanmer,63.56,EUR,,Point relais
WEB-026883,2025-04-26 16:03:00,paid,pivali.monvane@mail.example,Pivali Monvane,"139,78 €",EUR,,Retrait magasin
WEB-026873,2025-04-26 16:53:00,Paid,ORMONA.RAVKAN@MAIL.EXAMPLE,Ormona Ravkan,108.78,EUR,,Domicile
WEB-026898,2025-04-26 16:58:00,Paid,sotaran.torsen@exemple.org,Sotaran Torsen,"59,54 €",EUR,,Point relais
WEB-026880,2025-04-26 17:08:00,paid,naveni.brengren@courrier.test,Naveni Brengren,29.77,€,,Domicile
WEB-026900,2025-04-26 17:08:00,paid,seborea.dormer@exemple.org,Seborea Dormer,96.62,EUR,,Point relais
WEB-026909,2025-04-26 17:15:00,paid,ZORELIN.KELDIS@COURRIER.TEST,Zorelin Keldis,"51,40 €",EUR,,Point relais
WEB-026915,2025-04-26 17:38:00,PAID,arbore.sorrand@exemple.org,Arbore Sorrand,20.50,EUR,,Domicile
WEB-026889,2025-04-26 18:14:00,paid,elkenia.corrand@courrier.test,Elkenia Corrand,"66,65 €",EUR,,Domicile
WEB-026907,2025-04-26 18:36:00,PAID,rilonin.nevtier95@exemple.org,Rilonin Nevtier,"230,32 €",eur,,Point relais
WEB-026885,2025-04-26 19:00:00,paid,felonu.brenvoir@courrier.test,Felonu Brenvoir,"77,15 €",EUR,,Domicile
WEB-026920,2025-04-27 09:56:00,paid,ortaran.monkan54@exemple.org,Ortaran Monkan,"63,66",eur,,Retrait magasin
WEB-026925,2025-04-27 15:11:00,PAID,tadare.dormar@mail.example,Tadare Dormar,74.89,EUR,,Domicile
WEB-026926,2025-04-27 15:19:00,paid,tataria.corner@courrier.test,Tataria Corner,"83,13 €",EUR,,Retrait magasin
WEB-026930,2025-04-27 16:46:00,paid,judania.rosdal@mail.example,Judania Rosdal,"173,77 €",EUR,,Point relais
WEB-026922,2025-04-27 18:59:00,paid,arsene.brenmer52@courrier.test,Arsene Brenmer,222.08,EUR,,Retrait magasin
WEB-026917,2025-04-27 19:54:00,PAID,elvala.kelsac66@exemple.org,Elvala Kelsac,"231,25",EUR,,Domicile
WEB-026947,2025-04-28 11:40:00,paid,manelu.ostsac@exemple.org,Manelu Ostsac,55.42,EUR,,Domicile
WEB-026935,2025-04-28 13:12:00,Paid,orrise.wenmer@exemple.org,Orrise Wenmer,103.63,EUR,,Domicile
WEB-026955,2025-04-28 15:36:00,PAID,pitelea.wengren@exemple.org,Pitelea Wengren,"171,51 €",EUR,,Point relais
WEB-026950,2025-04-28 15:43:00,paid,FETELEA.VALVANE@EXEMPLE.ORG,Fetelea Valvane,"168,62",EUR,,Domicile
WEB-026938,2025-04-28 15:52:00,paid,elsolo.mondal12@mail.example,Elsolo Mondal,32.86,EUR,,Point relais
WEB-026945,2025-04-28 16:03:00,paid,zokenel.dormer@exemple.org,Zokenel Dormer,"103,53 €",EUR,,Point relais
WEB-026948,2025-04-28 16:38:00,Paid,naborin.falvane@courrier.test,Naborin Falvane,"125,46 €",EUR,,Domicile
WEB-026940,2025-04-28 17:00:00,paid, arlisi.faltier@courrier.test,Arlisi Faltier,"90,44 €",EUR,,Domicile
WEB-026937,2025-04-28 17:14:00,Paid,semarea.rosdis@courrier.test,Semarea Rosdis,44.19,EUR,,Domicile
WEB-026953,2025-04-28 17:23:00,paid,duborin.kelner@courrier.test,Duborin Kelner,28.74,EUR,,Point relais
WEB-026958,2025-04-28 18:16:00,PAID,juborin.tornet@courrier.test,Juborin Tornet,"28,74 €",EUR,,Domicile
WEB-026949,2025-04-28 18:43:00,paid,elvena.ostbert@exemple.org,Elvena Ostbert,"32,86 €",EUR,,Domicile
WEB-026946,2025-04-28 19:32:00,PAID,fedaria.perver@exemple.org,Fedaria Perver,"300,16",€,,Point relais
WEB-026933,2025-04-28 20:58:00,Paid,venorel.dunsen@exemple.org,Venorel Dunsen,"146,06 €",EUR,,Domicile
WEB-026968,2025-04-29 09:25:00,paid,judania.lanmont@courrier.test,Judania Lanmont,"107,85 €",EUR,,Domicile
WEB-026982,2025-04-29 13:12:00,paid,julise.lanmer@exemple.org,Julise Lanmer,242.88,EUR,,Retrait magasin
WEB-026978,2025-04-29 14:27:00,cancelled,semona.dorlin@exemple.org,Semona Dorlin,39.04,EUR,,Domicile
WEB-026967,2025-04-29 14:29:00,paid,KAVENA.RAVSAC@EXEMPLE.ORG,Kavena Ravsac,"53,36 €",EUR,,Domicile
WEB-026971,2025-04-29 16:51:00,paid,vesenia.ostkan@mail.example,Vesenia Ostkan,"84,26 €",EUR,,Domicile
WEB-026970,2025-04-29 17:54:00,paid,dubore.lankan@exemple.org,Dubore Lankan,"98,68",EUR,,Domicile
WEB-026976,2025-04-29 19:54:00,paid,juvenin.duntier@exemple.org,Juvenin Duntier,106.18,€,FIDELITE,Point relais
WEB-026980,2025-04-29 20:32:00,Paid,juvala.falrand@courrier.test,Juvala Falrand,169.55,EUR,,Point relais
WEB-026972,2025-04-29 20:54:00,paid,sereli.keldis27@mail.example,Sereli Keldis,"194,07 €",EUR,,Domicile
WEB-T0004,2025-04-29 20:54:00,paid,test@example.com,Test Test,"1,00",EUR,,Domicile
WEB-026989,2025-04-30 09:22:00,PAID,tatarea.dorrand@mail.example,Tatarea Dorrand,72.93,€,,Domicile
WEB-026986,2025-04-30 11:38:00,Paid, nanoru.rosver@exemple.org,Nanoru Rosver,154.00,EUR,,Domicile
WEB-027005,2025-04-30 11:52:00,paid,masolu.tarmer@exemple.org,Masolu Tarmer,"64,79 €",eur,,Domicile
WEB-027012,2025-04-30 12:16:00,paid,dukenan.tartier@exemple.org,Dukenan Tartier,"29,77 €",EUR,,Point relais
WEB-027007,2025-04-30 12:26:00,paid, velona.havtier69@exemple.org,Velona Havtier,"358,67",eur,,Domicile
WEB-027001,2025-04-30 12:59:00,PAID,lovina.pervoir@mail.example,Lovina Pervoir,"9,17 €",EUR,,Point relais
WEB-027006,2025-04-30 13:01:00,paid,BASOLA.DUNBEL@EXEMPLE.ORG,Basola Dunbel,"76,95",EUR,,Domicile
WEB-026994,2025-04-30 13:34:00,paid,dugarin.permar13@mail.example,Dugarin Permar,"53,36 €",EUR,,Point relais
WEB-026996,2025-04-30 14:12:00,paid,marelo.lanvane@courrier.test,Marelo Lanvane,142.87,EUR,,Retrait magasin
WEB-027011,2025-04-30 14:55:00,paid,elvenea.dorsac@exemple.org,Elvenea Dorsac,"169,25 €",€,,Domicile
WEB-027014,2025-04-30 15:09:00,PAID,loboria.havtier@courrier.test,Loboria Havtier,33.79,EUR,,Domicile
WEB-027013,2025-04-30 15:11:00,PAID,ARLONI.LANLAIS@COURRIER.TEST,Arloni Lanlais,48.21,EUR,,Domicile
WEB-027000,2025-04-30 15:55:00,PAID,baloni.rosmar4@exemple.org,Baloni Rosmar,"115,16 €",EUR,,Point relais
WEB-027009,2025-04-30 19:37:00,PAID,orvinia.galgren@courrier.test,Orvinia Galgren,2.84,EUR,FIDELITE,Point relais
WEB-026782,2025-04-30 20:02:00,PAID,loneli.monrand@exemple.org,Loneli Monrand,"168,42 €",EUR,,Point relais
WEB-027010,2025-04-30 20:28:00,PAID,mireli.lansen@exemple.org,Mireli Lansen,26.68,EUR,,Point relais
WEB-026993,2025-04-30 21:24:00,PAID, setari.torsac@courrier.test,Setari Torsac,70.97,EUR,,Domicile
WEB-026995,2025-04-30 21:43:00,paid,duteli.brenlin90@courrier.test,Duteli Brenlin,"19,47 €",EUR,FIDELITE,Retrait magasin
WEB-027044,2025-05-01 10:49:00,cancelled,pirelel.ravver@exemple.org,Pirelel Ravver,178.62,EUR,,Domicile
WEB-027018,2025-05-01 10:59:00,paid,talonan.sorlin@exemple.org,Talonan Sorlin,"26,68 €",EUR,,Domicile
WEB-027045,2025-05-01 12:27:00,PAID,zonore.falbel@courrier.test,Zonore Falbel,26.68,€,,Domicile
WEB-027027,2025-05-01 14:04:00,Paid,sosenea.dunbel@mail.example,Sosenea Dunbel,"62,63 €",EUR,,Point relais
WEB-027016,2025-05-01 14:05:00,paid,malona.dunvane@exemple.org,Malona Dunvane,"10,20 €",EUR,,Retrait magasin
WEB-027026,2025-05-01 14:21:00,paid,lovina.pervoir@mail.example,Lovina Pervoir,69.74,€,,Point relais
WEB-027030,2025-05-01 15:24:00,paid,mavenel.kelvoir@courrier.test,Mavenel Kelvoir,"225,17 €",EUR,,Domicile
WEB-027032,2025-05-01 15:51:00,Paid,setarin.nevner@courrier.test,Setarin Nevner,17.41,€,,Domicile
WEB-027024,2025-05-01 16:00:00,paid,senela.perbert@exemple.org,Senela Perbert,"24,62 €",EUR,,Domicile
WEB-027047,2025-05-01 16:23:00,paid,lovalo.ostvoir@exemple.org,Lovalo Ostvoir,"51,40",EUR,,Point relais
WEB-027040,2025-05-01 16:36:00,paid,mavalo.nevmer@courrier.test,Mavalo Nevmer,"34,92 €",EUR,,Retrait magasin
WEB-027038,2025-05-01 16:42:00,paid,sogari.monkan14@courrier.test,Sogari Monkan,"154,00 €",EUR,,Point relais
WEB-027043,2025-05-01 17:14:00,PAID,kamonea.torgren@mail.example,Kamonea Torgren,"119,08 €",EUR,,Point relais
WEB-027019,2025-05-01 18:55:00,paid,zosolan.dorrand@exemple.org,Zosolan Dorrand,"19,47 €",EUR,FIDELITE,Domicile
WEB-027048,2025-05-02 09:30:00,PAID,ritaria.kelsen@mail.example,Ritaria Kelsen,"18,34 €",EUR,,Domicile
WEB-027056,2025-05-02 11:56:00,paid,arrisin.nevmar@mail.example,Arrisin Nevmar,"78,91 €",EUR,,Domicile
WEB-027057,2025-05-02 12:36:00,paid,zovali.torver@exemple.org,Zovali Torver,27.61,EUR,,Domicile
WEB-027073,2025-05-02 13:09:00,PAID,armonel.kelkan@courrier.test,Armonel Kelkan,"220,02 €",EUR,,Domicile
WEB-027058,2025-05-02 13:56:00,paid,elvine.galdal@exemple.org,Elvine Galdal,"81,17",EUR,,Domicile
WEB-027063,2025-05-02 15:53:00,paid,femarel.havgren68@exemple.org,Femarel Havgren,101.77,EUR,,Point relais
WEB-027068,2025-05-02 16:20:00,paid,vebora.rosmer@exemple.org,Vebora Rosmer,34.92,EUR,,Point relais
WEB-027053,2025-05-02 18:17:00,paid,tamoni.havlais@exemple.org,Tamoni Havlais,183.04,€,,Domicile
WEB-027065,2025-05-02 19:26:00,paid,LODANE.TORVOIR@MAIL.EXAMPLE,Lodane Torvoir,51.40,EUR,,Domicile
WEB-027114,2025-05-03 11:55:00,PAID,dudaro.keldis@courrier.test,Dudaro Keldis,"22,56 €",eur,,Retrait magasin
WEB-027092,2025-05-03 12:00:00,paid,sogaran.havtier@exemple.org,Sogaran Havtier,"75,84 €",EUR,BIENVENUE,Domicile
WEB-027079,2025-05-03 13:00:00,PAID,milona.cordis@exemple.org,Milona Cordis,38.01,EUR,,Point relais
WEB-027091,2025-05-03 13:47:00,paid,ordari.galmar@exemple.org,Ordari Galmar,13.29,EUR,,Retrait magasin
WEB-027082,2025-05-03 15:06:00,paid,JUTELE.HAVMAR@EXEMPLE.ORG,Jutele Havmar,"124,13 €",eur,,Domicile
WEB-027081,2025-05-03 15:48:00,paid,arkenel.nevdal@exemple.org,Arkenel Nevdal,"120,01 €",EUR,,Point relais
WEB-027085,2025-05-03 16:04:00,paid,kakenia.galdis@exemple.org,Kakenia Galdis,"39,04 €",EUR,,Domicile
WEB-027094,2025-05-03 16:35:00,paid,rivalan.monlin76@courrier.test,Rivalan Monlin,183.77,EUR,,Point relais
WEB-027086,2025-05-03 17:09:00,paid,ornelin.ostsac@mail.example,Ornelin Ostsac,"60,57 €",EUR,,Domicile
WEB-027103,2025-05-03 17:23:00,paid,jukene.torlais@courrier.test,Jukene Torlais,"45,02 €",EUR,,Point relais
WEB-027089,2025-05-03 17:41:00,paid,setare.tarmont@courrier.test,Setare Tarmont,"86,32 €",EUR,,Domicile
WEB-027083,2025-05-03 18:03:00,paid,losene.perlais@courrier.test,Losene Perlais,88.08,EUR,,Domicile
WEB-027090,2025-05-03 18:06:00,paid,elvalel.torver@courrier.test,Elvalel Torver,"80,14 €",EUR,,Domicile
WEB-027104,2025-05-03 18:38:00,paid,balisi.galkan@exemple.org,Balisi Galkan,"138,65",EUR,,Domicile
WEB-027098,2025-05-03 18:46:00,paid,mabora.nevmar@exemple.org,Mabora Nevmar,"34,92 €",EUR,,Point relais
WEB-027080,2025-05-03 18:52:00,PAID,zotaran.sordis40@exemple.org,Zotaran Sordis,110.84,EUR,,Domicile
WEB-027093,2025-05-03 18:56:00,paid,fetaria.havnet@mail.example,Fetaria Havnet,"17,41 €",EUR,,Point relais
WEB-027100,2025-05-03 19:10:00,paid,BASOLO.WENSAC@COURRIER.TEST,Basolo Wensac,68.91,EUR,,Point relais
WEB-027097,2025-05-03 19:54:00,PAID,sorelea.keldal@courrier.test,Sorelea Keldal,"4,02",EUR,,Point relais
WEB-027102,2025-05-03 20:34:00,paid,tatarea.dorrand@mail.example,Tatarea Dorrand,"41,00",EUR,,Domicile
WEB-027128,2025-05-04 10:37:00,paid,orlono.brenmont41@mail.example,Orlono Brenmont,"131,54 €",EUR,,Domicile
WEB-027118,2025-05-04 14:26:00,paid,sevinan.roslin@exemple.org,Sevinan Roslin,85.03,EUR,FIDELITE,Domicile
WEB-027136,2025-05-04 14:39:00,Paid,yukena.pergren@exemple.org,Yukena Pergren,"233,11 €",EUR,,Point relais
WEB-027123,2025-05-04 15:08:00,paid,arrelea.lanvoir@exemple.org,Arrelea Lanvoir,40.07,eur,,Domicile
WEB-027133,2025-05-04 15:42:00,PAID,lodane.torvoir@mail.example,Lodane Torvoir,39.77,EUR,,Domicile
WEB-027122,2025-05-04 17:41:00,paid,seliso.wengren@courrier.test,Seliso Wengren,109.08,EUR,,Point relais
WEB-027139,2025-05-04 19:20:00,Paid,sevinea.wenmar@mail.example,Sevinea Wenmar,"121,24 €",EUR,,Domicile
WEB-027126,2025-05-04 21:07:00,paid,pitela.ostver@courrier.test,Pitela Ostver,"99,81",eur,,Point relais
WEB-027154,2025-05-05 10:16:00,PAID,masenu.ostvoir@mail.example,Masenu Ostvoir,62.63,EUR,,Point relais
WEB-027170,2025-05-05 11:28:00,paid,arrisu.landal@mail.example,Arrisu Landal,175.83,EUR,,Point relais
WEB-027157,2025-05-05 12:14:00,paid,BASENO.NEVBEL@MAIL.EXAMPLE,Baseno Nevbel,82.89,EUR,FIDELITE,Domicile
WEB-027161,2025-05-05 12:44:00,paid,yuteli.wenbert@exemple.org,Yuteli Wenbert,"51,40",EUR,,Domicile
WEB-027163,2025-05-05 13:03:00,Paid,masolu.tarmer@exemple.org,Masolu Tarmer,"190,15",EUR,,Domicile
WEB-027142,2025-05-05 13:35:00,paid,tavala.mongren54@exemple.org,Tavala Mongren,"74,99",€,,Point relais
WEB-027151,2025-05-05 13:48:00,paid,pivalea.tormer@courrier.test,Pivalea Tormer,"65,82 €",EUR,,Point relais
WEB-027167,2025-05-05 14:06:00,paid,logara.wenbert@exemple.org,Logara Wenbert,"217,96 €",EUR,,Point relais
WEB-027148,2025-05-05 16:39:00,paid,kadara.osttier@mail.example,Kadara Osttier,45.12,EUR,,Domicile
WEB-027164,2025-05-05 18:00:00,paid,kaseni.valvane@exemple.org,Kaseni Valvane,"21,53 €",EUR,,Point relais
WEB-027146,2025-05-05 18:51:00,paid,mikenin.tormar@courrier.test,Mikenin Tormar,"83,23 €",EUR,,Point relais
WEB-027165,2025-05-05 19:37:00,PAID,SOMONEL.TARNER@MAIL.EXAMPLE,Somonel Tarner,106.92,€,,Point relais
WEB-027166,2025-05-05 19:38:00,PAID,felisel.torner@exemple.org,Felisel Torner,166.26,EUR,,Domicile
WEB-027168,2025-05-05 21:01:00,PAID,ARTARIA.PERSAC@MAIL.EXAMPLE,Artaria Persac,"75,15",EUR,FIDELITE,Point relais
WEB-027149,2025-05-05 21:19:00,Paid,juseni.sorbert@courrier.test,Juseni Sorbert,"104,56 €",€,,Point relais
WEB-027189,2025-05-06 10:18:00,paid,arrelan.roslin@exemple.org,Arrelan Roslin,27.61,eur,,Point relais
WEB-027182,2025-05-06 11:14:00,paid, jukenu.brengren@exemple.org,Jukenu Brengren,30.60,EUR,,Domicile
WEB-027184,2025-05-06 13:05:00,Paid,sedania.kelver@exemple.org,Sedania Kelver,"42,03 €",EUR,,Domicile
WEB-027181,2025-05-06 13:25:00,paid,jusolel.dorvane@exemple.org,Jusolel Dorvane,17.41,EUR,,Point relais
WEB-027190,2025-05-06 14:13:00,PAID,yuteli.tormar@courrier.test,Yuteli Tormar,"140,81 €",EUR,,Domicile
WEB-027186,2025-05-06 15:03:00,paid,somarin.falgren@exemple.org,Somarin Falgren,17.41,eur,,Point relais
WEB-027192,2025-05-06 15:20:00,Paid,velisu.cormont@exemple.org,Velisu Cormont,"69,74 €",EUR,,Domicile
WEB-027178,2025-05-06 15:57:00,Paid,ritele.dorrand@exemple.org,Ritele Dorrand,16.38,EUR,,Point relais
WEB-027194,2025-05-06 16:22:00,PAID,madaria.nevbel@mail.example,Madaria Nevbel,21.53,EUR,,Domicile
WEB-027191,2025-05-06 16:47:00,PAID,yumonan.rosmer@exemple.org,Yumonan Rosmer,408.51,EUR,,Domicile
WEB-027200,2025-05-06 16:56:00,PAID,sekenu.sorner@exemple.org,Sekenu Sorner,"24,52",€,,Domicile
WEB-027195,2025-05-06 17:12:00,paid,jusenel.torsac@exemple.org,Jusenel Torsac,"68,21 €",EUR,FIDELITE,Domicile
WEB-027193,2025-05-06 17:57:00,paid,rigarea.lansac@mail.example,Rigarea Lansac,114.86,EUR,,Point relais
WEB-027198,2025-05-06 17:58:00,paid,felisea.rosner@courrier.test,Felisea Rosner,"59,64",EUR,,Domicile
WEB-027183,2025-05-06 18:33:00,PAID,LONELI.WENLAIS@COURRIER.TEST,Loneli Wenlais,112.07,€,,Point relais
WEB-027175,2025-05-06 19:38:00,paid,orsenin.galgren@courrier.test,Orsenin Galgren,154.10,EUR,,Point relais
WEB-027179,2025-05-06 20:55:00,PAID,sodaru.havlin@mail.example,Sodaru Havlin,"162,24 €",eur,,Point relais
WEB-027211,2025-05-07 09:39:00,paid,vetari.monmont@exemple.org,Vetari Monmont,"66,55 €",EUR,,Point relais
WEB-027229,2025-05-07 12:08:00,Paid,solone.wendal@exemple.org,Solone Wendal,111.87,EUR,,Domicile
WEB-027210,2025-05-07 13:17:00,paid, armarea.cormar@mail.example,Armarea Cormar,155.13,EUR,,Retrait magasin
WEB-027220,2025-05-07 13:39:00,paid,loborin.nevbert@courrier.test,Loborin Nevbert,257.10,EUR,,Point relais
WEB-027206,2025-05-07 13:48:00,PAID,vekenea.falbel@courrier.test,Vekenea Falbel,"112,05",EUR,FIDELITE,Domicile
WEB-027221,2025-05-07 14:44:00,Paid,KASENO.SORKAN@EXEMPLE.ORG,Kaseno Sorkan,"152,04 €",EUR,,Domicile
WEB-027215,2025-05-07 15:49:00,paid,bamono.langren72@mail.example,Bamono Langren,"198,49 €",EUR,,Domicile
WEB-027224,2025-05-07 16:27:00,paid,vemaro.torbel@exemple.org,Vemaro Torbel,"34,72",EUR,,Point relais
WEB-027216,2025-05-07 16:46:00,paid,arnela.torlin@courrier.test,Arnela Torlin,"79,01 €",EUR,,Point relais
WEB-027207,2025-05-07 16:58:00,paid,SOVINEL.KELBERT@EXEMPLE.ORG,Sovinel Kelbert,"57,58 €",EUR,,Domicile
WEB-027227,2025-05-07 17:09:00,paid,marelea.falsen@exemple.org,Marelea Falsen,178.62,EUR,,Point relais
WEB-027208,2025-05-07 17:15:00,Paid,arsolel.monlin74@mail.example,Arsolel Monlin,"365,78",EUR,,Point relais
WEB-027223,2025-05-07 19:31:00,paid,nalonin.corner@courrier.test,Nalonin Corner,"119,18 €",EUR,,Domicile
WEB-027251,2025-05-08 09:17:00,paid,ordari.brenmont@courrier.test,Ordari Brenmont,"72,73 €",EUR,,Domicile
WEB-027242,2025-05-08 09:31:00,cancelled,eltaran.nevdal@exemple.org,Eltaran Nevdal,"147,62",EUR,,Point relais
WEB-027265,2025-05-08 11:30:00,paid,sesenia.tormar95@exemple.org,Sesenia Tormar,218.99,EUR,,Domicile
WEB-027265,2025-05-08 11:30:00,paid,sesenia.tormar95@exemple.org,Sesenia Tormar,218.99,EUR,,Domicile
WEB-027252,2025-05-08 13:01:00,PAID,rimona.torvoir@mail.example,Rimona Torvoir,87.35,EUR,,Domicile
WEB-027255,2025-05-08 13:07:00,paid,SEVENIN.HAVMER24@EXEMPLE.ORG,Sevenin Havmer,"172,74",EUR,,Point relais
WEB-027239,2025-05-08 13:54:00,paid,dutele.wenlais@mail.example,Dutele Wenlais,"44,09 €",EUR,,Domicile
WEB-027239,2025-05-08 13:54:00,paid,dutele.wenlais@mail.example,Dutele Wenlais,"44,09 €",EUR,,Domicile
WEB-027260,2025-05-08 15:03:00,PAID,navenin.kelnet@courrier.test,Navenin Kelnet,"38,94",eur,,Point relais
WEB-027240,2025-05-08 15:27:00,paid,lonelia.corvane11@exemple.org,Lonelia Corvane,"133,60 €",€,,Domicile
WEB-027261,2025-05-08 15:35:00,PAID,orloni.nevlin@courrier.test,Orloni Nevlin,30.80,eur,,Domicile
WEB-027241,2025-05-08 15:40:00,PAID,RIBORA.LANMER@COURRIER.TEST,Ribora Lanmer,192.31,EUR,,Retrait magasin
WEB-027259,2025-05-08 16:14:00,paid,tadanel.sormer@courrier.test,Tadanel Sormer,"110,94 €",EUR,,Retrait magasin
WEB-027235,2025-05-08 16:39:00,paid,maboru.havnet@exemple.org,Maboru Havnet,"79,21",EUR,,Retrait magasin
WEB-027266,2025-05-08 16:50:00,paid,mamone.lanvane@exemple.org,Mamone Lanvane,"90,34 €",EUR,,Domicile
WEB-027234,2025-05-08 17:00:00,Paid,zoloni.dorvoir49@exemple.org,Zoloni Dorvoir,224.34,EUR,,Point relais
WEB-027249,2025-05-08 17:45:00,paid,dunelan.dunvane@courrier.test,Dunelan Dunvane,128.35,EUR,,Point relais
WEB-027263,2025-05-08 19:17:00,paid,zogaro.ravlin@mail.example,Zogaro Ravlin,30.70,EUR,,Point relais
WEB-027231,2025-05-08 19:54:00,paid,rilonan.galbel@courrier.test,Rilonan Galbel,54.39,EUR,,Domicile
WEB-027243,2025-05-08 19:58:00,paid,dusole.tornet@courrier.test,Dusole Tornet,"29,77",EUR,,Domicile
WEB-027237,2025-05-08 20:18:00,paid,elvinan.dunnet@exemple.org,Elvinan Dunnet,37.81,EUR,,Domicile
WEB-027285,2025-05-09 10:39:00,paid,fedari.dundal@exemple.org,Fedari Dundal,58.32,EUR,FIDELITE,Point relais
WEB-027290,2025-05-09 11:35:00,Paid,lovalin.galsen@exemple.org,Lovalin Galsen,"61,60 €",EUR,,Domicile
WEB-027268,2025-05-09 13:43:00,Paid,ardara.wenvane@exemple.org,Ardara Wenvane,"119,08 €",EUR,,Domicile
WEB-027267,2025-05-09 14:26:00,paid,febore.monkan@exemple.org,Febore Monkan,"45,02 €",€,,Domicile
WEB-027272,2025-05-09 17:07:00,Paid,pivenan.rossac@exemple.org,Pivenan Rossac,57.48,€,,Domicile
WEB-027276,2025-05-09 17:20:00,paid,VENELI.ROSVOIR@COURRIER.TEST,Veneli Rosvoir,"80,14 €",EUR,,Point relais
WEB-027288,2025-05-09 17:21:00,paid,sevalel.wenbel11@mail.example,Sevalel Wenbel,"121,24 €",eur,,Point relais
WEB-027292,2025-05-09 17:46:00,PAID,jumara.torvoir32@courrier.test,Jumara Torvoir,63.36,EUR,,Domicile
WEB-027295,2025-05-09 18:18:00,paid,somona.galbert@exemple.org,Somona Galbert,"130,51 €",EUR,,Domicile
WEB-027291,2025-05-09 18:29:00,PAID,sodaro.falver@exemple.org,Sodaro Falver,"21,53 €",EUR,,Point relais
WEB-027275,2025-05-09 19:17:00,PAID,midana.tardal@courrier.test,Midana Tardal,"41,88 €",EUR,FIDELITE,Point relais
WEB-027286,2025-05-09 19:24:00,paid,karisin.sormer@courrier.test,Karisin Sormer,"78,91",EUR,,Domicile
WEB-027280,2025-05-09 20:25:00,paid,segare.ravsen52@exemple.org,Segare Ravsen,"77,98 €",EUR,,Domicile
WEB-027278,2025-05-09 20:41:00,paid,arlisia.keldis@exemple.org,Arlisia Keldis,440.04,EUR,,Domicile
WEB-027271,2025-05-09 21:48:00,paid,lovalu.lanner@mail.example,Lovalu Lanner,2.84,EUR,FIDELITE,Point relais
WEB-027305,2025-05-10 09:00:00,Paid,durisan.tarmer@mail.example,Durisan Tarmer,94.36,EUR,,Domicile
WEB-027338,2025-05-10 10:19:00,paid,zoveni.tordal@courrier.test,Zoveni Tordal,"87,35 €",EUR,,Point relais
WEB-027319,2025-05-10 10:33:00,paid,selonin.cordal@exemple.org,Selonin Cordal,"47,18 €",€,,Retrait magasin
WEB-027299,2025-05-10 12:23:00,paid,dunelel.corbert@mail.example,Dunelel Corbert,"78,08",EUR,,Point relais
WEB-027335,2025-05-10 12:56:00,paid,zomarin.ostnet@courrier.test,Zomarin Ostnet,"58,31",EUR,,Domicile
WEB-027335,2025-05-10 12:56:00,paid,zomarin.ostnet@courrier.test,Zomarin Ostnet,"58,31",EUR,,Domicile
WEB-027331,2025-05-10 12:57:00,paid,ortelel.galvoir78@exemple.org,Ortelel Galvoir,"99,51 €",€,,Domicile
WEB-027313,2025-05-10 13:09:00,paid,elnelea.rosvane@courrier.test,Elnelea Rosvane,"161,41 €",EUR,,Domicile
WEB-027302,2025-05-10 13:28:00,PAID,ORMARIN.DUNVOIR@COURRIER.TEST,Ormarin Dunvoir,"13,29 €",EUR,,Domicile
WEB-027321,2025-05-10 14:02:00,PAID,orloni.nevlin@courrier.test,Orloni Nevlin,"76,02 €",EUR,,Domicile
WEB-027323,2025-05-10 14:38:00,paid,elsoli.lanvane@exemple.org,Elsoli Lanvane,"15,56 €",EUR,FIDELITE,Domicile
WEB-027325,2025-05-10 15:05:00,paid,navenu.keldis@exemple.org,Navenu Keldis,73.03,EUR,,Domicile
WEB-027304,2025-05-10 15:29:00,PAID,zolona.brenbel@exemple.org,Zolona Brenbel,"79,01 €",EUR,,Retrait magasin
WEB-027300,2025-05-10 15:36:00,paid,eldania.persen@mail.example,Eldania Persen,15.35,EUR,,Domicile
WEB-027346,2025-05-10 16:15:00,paid,somonia.perrand@courrier.test,Somonia Perrand,"152,04 €",EUR,,Domicile
WEB-027342,2025-05-10 16:35:00,paid,natele.roslais@courrier.test,Natele Roslais,"72,13",EUR,FIDELITE,Retrait magasin
WEB-027328,2025-05-10 17:10:00,PAID,mavine.tarnet@exemple.org,Mavine Tarnet,"133,50 €",EUR,,Domicile
WEB-027324,2025-05-10 18:02:00,paid,dulonia.brengren@exemple.org,Dulonia Brengren,72.93,EUR,,Retrait magasin
WEB-027322,2025-05-10 18:18:00,Paid,LOVALO.OSTVOIR@EXEMPLE.ORG,Lovalo Ostvoir,44.19,EUR,,Domicile
WEB-027334,2025-05-10 19:51:00,Paid,kakenel.dorvoir@courrier.test,Kakenel Dorvoir,143.90,EUR,,Domicile
WEB-027326,2025-05-10 21:12:00,paid,vetarin.gallin@exemple.org,Vetarin Gallin,"195,20",€,,Domicile
WEB-027347,2025-05-10 21:15:00,Paid,juriso.galnet@mail.example,Juriso Galnet,49.14,EUR,,Point relais
WEB-027337,2025-05-10 21:23:00,PAID,jusolin.ravmar@exemple.org,Jusolin Ravmar,73.96,EUR,,Domicile
WEB-027330,2025-05-10 21:26:00,paid,setelea.lanbert@exemple.org,Setelea Lanbert,"125,36 €",EUR,,Domicile
WEB-027363,2025-05-11 11:14:00,paid,sevala.dorlin@courrier.test,Sevala Dorlin,83.23,€,,Domicile
WEB-027367,2025-05-11 11:56:00,paid,talisan.ravnet@exemple.org,Talisan Ravnet,"78,08 €",EUR,,Point relais
WEB-027370,2025-05-11 13:35:00,paid,elriso.keldal48@exemple.org,Elriso Keldal,62.53,eur,,Domicile
WEB-027355,2025-05-11 15:07:00,PAID,sevala.dorlin@courrier.test,Sevala Dorlin,92.50,EUR,,Domicile
WEB-027353,2025-05-11 15:59:00,paid,karelia.wenlais@exemple.org,Karelia Wenlais,148.95,EUR,,Domicile
WEB-027369,2025-05-11 16:48:00,paid,duliso.havvoir@courrier.test,Duliso Havvoir,"108,88",EUR,,Retrait magasin
WEB-027360,2025-05-11 16:55:00,paid,elgare.galbel@exemple.org,Elgare Galbel,74.06,eur,,Domicile
WEB-027350,2025-05-11 19:52:00,Paid,sotaro.monbel@courrier.test,Sotaro Monbel,61.60,EUR,,Point relais
WEB-027349,2025-05-11 21:17:00,paid,pikenia.roslin@courrier.test,Pikenia Roslin,"340,23 €",EUR,,Domicile
WEB-027386,2025-05-12 09:15:00,paid,fetelel.dunlais@mail.example,Fetelel Dunlais,"100,74",€,,Domicile
WEB-027396,2025-05-12 09:26:00,PAID,sogara.tarlais@exemple.org,Sogara Tarlais,"62,63",EUR,,Domicile
WEB-027397,2025-05-12 11:38:00,paid,pirisa.falmar48@courrier.test,Pirisa Falmar,"365,05",EUR,,Domicile
WEB-027384,2025-05-12 12:32:00,paid,yunoru.pernet@exemple.org,Yunoru Pernet,"104,76",EUR,,Domicile
WEB-027390,2025-05-12 14:24:00,PAID,basolo.wensac@courrier.test,Basolo Wensac,4.02,EUR,,Domicile
WEB-027394,2025-05-12 14:48:00,PAID,ellona.persen@exemple.org,Ellona Persen,"14,32",EUR,,Point relais
WEB-027393,2025-05-12 15:02:00,PAID,mireli.fallin@mail.example,Mireli Fallin,149.05,EUR,,Domicile
WEB-027375,2025-05-12 15:28:00,paid,zoriso.galgren3@courrier.test,Zoriso Galgren,"107,95 €",EUR,,Point relais
WEB-027373,2025-05-12 15:35:00,PAID,madarea.sorner@mail.example,Madarea Sorner,79.21,eur,,Domicile
WEB-027392,2025-05-12 16:46:00,PAID,nadani.monrand@courrier.test,Nadani Monrand,65.52,EUR,,Domicile
WEB-027388,2025-05-12 17:16:00,paid,armaria.lantier@exemple.org,Armaria Lantier,"38,01 €",EUR,,Point relais
WEB-027405,2025-05-12 17:47:00,Paid,arvinan.kelrand@mail.example,Arvinan Kelrand,"112,07 €",EUR,,Domicile
WEB-027383,2025-05-12 18:07:00,paid,tavalu.ravgren@exemple.org,Tavalu Ravgren,119.08,eur,,Domicile
WEB-027387,2025-05-12 18:07:00,paid,elboro.valrand26@exemple.org,Elboro Valrand,"83,96 €",eur,,Point relais
WEB-027403,2025-05-12 18:15:00,Paid,selisu.corlin@exemple.org,Selisu Corlin,115.06,eur,,Domicile
WEB-027389,2025-05-12 18:40:00,PAID,kaloni.lankan@exemple.org,Kaloni Lankan,84.06,EUR,,Point relais
WEB-027385,2025-05-12 18:58:00,Paid, nataria.dornet@exemple.org,Nataria Dornet,"64,59 €",€,,Point relais
WEB-027379,2025-05-12 19:09:00,PAID,ORNORA.ROSLIN44@EXEMPLE.ORG,Ornora Roslin,"77,15 €",EUR,,Point relais
WEB-027371,2025-05-12 20:01:00,paid,orbore.corner61@mail.example,Orbore Corner,24.62,EUR,,Domicile
WEB-027395,2025-05-12 21:17:00,paid,duvinel.wenver@mail.example,Duvinel Wenver,"149,05 €",EUR,,Point relais
WEB-027404,2025-05-12 21:24:00,paid, seveno.nevner@courrier.test,Seveno Nevner,42.03,€,,Domicile
WEB-027430,2025-05-13 12:45:00,paid,pirisi.corvane@exemple.org,Pirisi Corvane,"91,37 €",eur,,Domicile
WEB-027415,2025-05-13 15:08:00,PAID,lorisi.monver@courrier.test,Lorisi Monver,"33,89 €",EUR,,Retrait magasin
WEB-027416,2025-05-13 16:25:00,Paid,navenu.keldis@exemple.org,Navenu Keldis,97.55,eur,,Retrait magasin
WEB-027431,2025-05-13 16:29:00,PAID,nakenan.permar@mail.example,Nakenan Permar,89.31,EUR,,Domicile
WEB-027414,2025-05-13 17:15:00,Paid,katara.kelrand@mail.example,Katara Kelrand,73.96,EUR,,Point relais
WEB-027422,2025-05-13 18:24:00,PAID,matele.torbert@exemple.org,Matele Torbert,"236,60 €",EUR,,Point relais
WEB-027412,2025-05-13 18:38:00,paid,malona.havsac@exemple.org,Malona Havsac,416.55,EUR,,Domicile
WEB-027457,2025-05-14 12:43:00,PAID, miriso.pervoir@courrier.test,Miriso Pervoir,115.79,EUR,,Point relais
WEB-027437,2025-05-14 13:26:00,paid,losenel.monmar@exemple.org,Losenel Monmar,"76,02 €",EUR,,Point relais
WEB-027459,2025-05-14 13:35:00,Paid,DUVALEL.LANVOIR@MAIL.EXAMPLE,Duvalel Lanvoir,32.10,eur,FIDELITE,Point relais
WEB-027442,2025-05-14 14:38:00,paid,sokenu.kelsen@courrier.test,Sokenu Kelsen,101.57,EUR,,Domicile
WEB-027449,2025-05-14 14:38:00,paid,artarin.tarvoir@exemple.org,Artarin Tarvoir,"151,11 €",EUR,,Domicile
WEB-027441,2025-05-14 16:51:00,PAID,kakenel.dorvoir@courrier.test,Kakenel Dorvoir,"146,89",EUR,,Point relais
WEB-027460,2025-05-14 17:09:00,Paid,orvinia.galgren@courrier.test,Orvinia Galgren,"59,44",EUR,,Domicile
WEB-027440,2025-05-14 17:16:00,paid,fesenan.valbert@exemple.org,Fesenan Valbert,95.59,EUR,,Point relais
WEB-027464,2025-05-14 18:29:00,PAID,sevinan.dordis@exemple.org,Sevinan Dordis,"39,04 €",EUR,,Domicile
WEB-027464,2025-05-14 18:29:00,PAID,sevinan.dordis@exemple.org,Sevinan Dordis,"39,04 €",EUR,,Domicile
WEB-027458,2025-05-14 19:25:00,PAID,JUNELAN.CORDAL@EXEMPLE.ORG,Junelan Cordal,"120,31 €",EUR,,Domicile
WEB-027436,2025-05-14 21:06:00,Paid,mirelo.keltier@exemple.org,Mirelo Keltier,"217,76 €",€,,Point relais
WEB-027439,2025-05-14 21:16:00,Paid,jusolo.kelbel@exemple.org,Jusolo Kelbel,"10,20 €",EUR,,Point relais
WEB-027456,2025-05-14 21:30:00,PAID,ZORISIN.LANKAN@COURRIER.TEST,Zorisin Lankan,107.95,eur,,Domicile
WEB-027463,2025-05-14 21:41:00,paid,lorisel.tarsen@courrier.test,Lorisel Tarsen,158.22,EUR,,Retrait magasin
WEB-027467,2025-05-15 11:39:00,paid,fekenea.dunmont@courrier.test,Fekenea Dunmont,"200,02 €",EUR,FIDELITE,Domicile
WEB-027487,2025-05-15 11:59:00,Paid,setelo.ravgren@exemple.org,Setelo Ravgren,32.86,€,,Domicile
WEB-027494,2025-05-15 12:47:00,paid,fenele.ostdis@courrier.test,Fenele Ostdis,"37,91",EUR,,Point relais
WEB-027490,2025-05-15 12:48:00,paid,orvalan.rosmont@exemple.org,Orvalan Rosmont,172.84,EUR,,Domicile
WEB-027481,2025-05-15 13:02:00,Paid,talonin.valner@courrier.test,Talonin Valner,237.63,EUR,,Domicile
WEB-027499,2025-05-15 13:12:00,paid,balisu.perdal@mail.example,Balisu Perdal,"159,45 €",EUR,,Point relais
WEB-027471,2025-05-15 15:53:00,paid,fetarel.perkan@exemple.org,Fetarel Perkan,"194,47",EUR,,Domicile
WEB-027483,2025-05-15 16:09:00,paid,MARISU.WENDAL@COURRIER.TEST,Marisu Wendal,22.56,EUR,,Domicile
WEB-027479,2025-05-15 16:20:00,paid,junoro.torvoir@exemple.org,Junoro Torvoir,"316,84",EUR,,Domicile
WEB-027491,2025-05-15 16:22:00,PAID,madara.sormont@courrier.test,Madara Sormont,206.73,EUR,,Point relais
WEB-027496,2025-05-15 16:27:00,Paid,elsolea.kelver@courrier.test,Elsolea Kelver,"121,24",EUR,,Domicile
WEB-027482,2025-05-15 16:31:00,paid,eltari.nevmont@mail.example,Eltari Nevmont,"191,71 €",EUR,,Point relais
WEB-027465,2025-05-15 16:39:00,paid,vegarel.dorrand@mail.example,Vegarel Dorrand,288.83,€,,Domicile
WEB-027478,2025-05-15 16:50:00,PAID,arvenin.dunver@exemple.org,Arvenin Dunver,"23,49",€,,Point relais
WEB-027468,2025-05-15 17:53:00,paid,ormarin.tarnet@mail.example,Ormarin Tarnet,29.67,EUR,,Point relais
WEB-027477,2025-05-15 18:00:00,PAID,bavinel.nevvoir@exemple.org,Bavinel Nevvoir,"12,26 €",EUR,,Point relais
WEB-027492,2025-05-15 18:19:00,PAID,rivina.valdal@mail.example,Rivina Valdal,173.87,eur,,Point relais
WEB-027504,2025-05-16 08:14:00,Paid,bagaru.havkan@mail.example,Bagaru Havkan,"131,64 €",EUR,,Point relais
WEB-027507,2025-05-16 12:38:00,PAID,fenele.ostdis@courrier.test,Fenele Ostdis,"217,13 €",EUR,,Point relais
WEB-027508,2025-05-16 12:56:00,paid,bagaria.ravdis46@courrier.test,Bagaria Ravdis,126.39,€,,Point relais
WEB-027525,2025-05-16 14:19:00,paid,bavalea.kelner@mail.example,Bavalea Kelner,114.13,EUR,,Domicile
WEB-027517,2025-05-16 15:03:00,paid,taveno.corlin31@mail.example,Taveno Corlin,"26,23 €",EUR,FIDELITE,Point relais
WEB-027512,2025-05-16 15:20:00,paid,balonan.ravner@mail.example,Balonan Ravner,"234,27 €",€,FIDELITE,Domicile
WEB-027523,2025-05-16 17:30:00,paid,arrelel.nevsen@mail.example,Arrelel Nevsen,71.80,EUR,,Domicile
WEB-027503,2025-05-16 17:51:00,paid,orrela.dorlais@mail.example,Orrela Dorlais,66.65,€,,Domicile
WEB-027518,2025-05-16 18:43:00,PAID,babora.monmer@courrier.test,Babora Monmer,"98,68",EUR,,Point relais
WEB-027511,2025-05-16 18:45:00,paid,batari.torvane@exemple.org,Batari Torvane,"110,84 €",EUR,,Point relais
WEB-027514,2025-05-16 19:52:00,PAID,marisea.valmont@courrier.test,Marisea Valmont,61.40,EUR,,Retrait magasin
WEB-027505,2025-05-16 21:22:00,PAID,arvinel.havtier@exemple.org,Arvinel Havtier,29.77,EUR,,Domicile
WEB-027516,2025-05-16 21:37:00,PAID,ririsa.torner@courrier.test,Ririsa Torner,93.75,eur,FIDELITE,Point relais
WEB-027510,2025-05-16 21:53:00,Paid,losolu.valmer@courrier.test,Losolu Valmer,"26,68 €",EUR,,Point relais
WEB-027573,2025-05-17 12:08:00,paid,milona.cordis@exemple.org,Milona Cordis,"68,81",EUR,,Point relais
WEB-027572,2025-05-17 12:42:00,paid,judare.tarlais22@courrier.test,Judare Tarlais,63.56,EUR,,Domicile
WEB-027583,2025-05-17 13:24:00,paid,juteli.tardis@exemple.org,Juteli Tardis,"183,04 €",EUR,,Domicile
WEB-027561,2025-05-17 14:24:00,paid,jugaru.brenner@mail.example,Jugaru Brenner,"57,48",EUR,,Retrait magasin
WEB-027548,2025-05-17 14:37:00,PAID,rinoru.falkan@mail.example,Rinoru Falkan,"2,99 €",EUR,,Point relais
WEB-027582,2025-05-17 14:45:00,paid,NARELA.LANRAND@EXEMPLE.ORG,Narela Lanrand,"45,22 €",EUR,,Point relais
WEB-027538,2025-05-17 14:49:00,Paid,ORBORI.GALLAIS3@MAIL.EXAMPLE,Orbori Gallais,63.76,eur,,Domicile
WEB-027571,2025-05-17 14:50:00,cancelled,pilise.lanbel@mail.example,Pilise Lanbel,64.69,EUR,,Point relais
WEB-027549,2025-05-17 15:04:00,Paid,pirisa.galgren@mail.example,Pirisa Galgren,"70,77 €",EUR,,Domicile
WEB-027559,2025-05-17 15:15:00,paid,sevalo.nevdal73@mail.example,Sevalo Nevdal,"96,42",EUR,,Domicile
WEB-027574,2025-05-17 15:15:00,paid,dumonia.ostmar@mail.example,Dumonia Ostmar,184.07,EUR,,Point relais
WEB-027551,2025-05-17 16:30:00,paid,rinore.valmer@mail.example,Rinore Valmer,"90,34 €",EUR,,Point relais
WEB-027560,2025-05-17 16:49:00,paid,malisea.tornet@exemple.org,Malisea Tornet,"38,94 €",EUR,,Domicile
WEB-027576,2025-05-17 16:50:00,paid,artele.fallais@courrier.test,Artele Fallais,"279,26",EUR,,Point relais
WEB-027543,2025-05-17 17:12:00,Paid,serisin.pergren@exemple.org,Serisin Pergren,261.12,EUR,,Point relais
WEB-027543,2025-05-17 17:12:00,Paid,serisin.pergren@exemple.org,Serisin Pergren,261.12,EUR,,Point relais
WEB-027556,2025-05-17 17:13:00,paid,arvinin.lanver@mail.example,Arvinin Lanver,"55,42 €",EUR,,Retrait magasin
WEB-027568,2025-05-17 17:21:00,paid,tatarea.dorrand@mail.example,Tatarea Dorrand,"194,25",eur,FIDELITE,Point relais
WEB-027579,2025-05-17 17:59:00,paid,venorea.valvane38@courrier.test,Venorea Valvane,123.20,EUR,,Domicile
WEB-027550,2025-05-17 18:44:00,cancelled,elvale.ostlin@exemple.org,Elvale Ostlin,152.97,€,,Domicile
WEB-027566,2025-05-17 18:46:00,PAID,navenu.keldis@exemple.org,Navenu Keldis,"68,91 €",EUR,,Retrait magasin
WEB-027565,2025-05-17 19:10:00,paid,felisin.perbert@courrier.test,Felisin Perbert,"209,92 €",EUR,,Point relais
WEB-027580,2025-05-17 19:17:00,paid,yuvine.falnet@exemple.org,Yuvine Falnet,"170,38 €",EUR,,Domicile
WEB-027534,2025-05-17 19:58:00,paid,basole.monmar@courrier.test,Basole Monmar,47.08,€,,Domicile
WEB-027536,2025-05-17 20:30:00,PAID,LOTAREL.DUNMER@COURRIER.TEST,Lotarel Dunmer,138.85,EUR,,Domicile
WEB-027544,2025-05-17 21:01:00,Paid,dudarel.monvane16@mail.example,Dudarel Monvane,103.83,EUR,,Domicile
WEB-027555,2025-05-17 21:29:00,paid,mitara.dornet@exemple.org,Mitara Dornet,53.36,EUR,,Point relais
WEB-027593,2025-05-18 13:37:00,paid,magaria.tarlin@exemple.org,Magaria Tarlin,10.20,eur,,Domicile
WEB-027594,2025-05-18 13:39:00,paid,magarel.torkan@exemple.org,Magarel Torkan,176.66,EUR,,Domicile
WEB-027602,2025-05-18 13:46:00,cancelled,masenel.corgren@courrier.test,Masenel Corgren,"223,21 €",EUR,,Point relais
WEB-027591,2025-05-18 14:30:00,paid,venelel.ostlais25@mail.example,Venelel Ostlais,"159,05 €",€,,Point relais
WEB-027600,2025-05-18 14:39:00,Paid,zogaria.keldis@mail.example,Zogaria Keldis,114.96,eur,,Point relais
WEB-027590,2025-05-18 15:33:00,Paid,arrelea.vallin@courrier.test,Arrelea Vallin,"106,72 €",EUR,,Point relais
WEB-027597,2025-05-18 15:51:00,PAID,ARRISU.LANDAL@MAIL.EXAMPLE,Arrisu Landal,"200,65",EUR,,Domicile
WEB-027586,2025-05-18 16:33:00,paid,jusolin.falbert@courrier.test,Jusolin Falbert,104.42,EUR,FIDELITE,Domicile
WEB-027601,2025-05-18 17:16:00,Paid,pirelu.havvane@courrier.test,Pirelu Havvane,"16,38 €",EUR,,Point relais
WEB-027592,2025-05-18 17:56:00,PAID,marise.perdal@exemple.org,Marise Perdal,203.64,EUR,,Point relais
WEB-027598,2025-05-18 18:00:00,PAID,feborea.corsen@exemple.org,Feborea Corsen,"209,72",EUR,,Retrait magasin
WEB-027588,2025-05-18 18:05:00,PAID,pirele.dunver@courrier.test,Pirele Dunver,"162,34 €",EUR,,Point relais
WEB-027589,2025-05-18 19:38:00,paid,tamoni.havlais@exemple.org,Tamoni Havlais,298.30,EUR,,Retrait magasin
WEB-027627,2025-05-19 11:35:00,Paid,lotarel.ostdis@exemple.org,Lotarel Ostdis,60.47,EUR,,Domicile
WEB-027633,2025-05-19 12:19:00,paid,eltelia.nevsac@mail.example,Eltelia Nevsac,106.52,EUR,,Retrait magasin
WEB-027635,2025-05-19 13:43:00,paid,VEVINEL.LANMONT@EXEMPLE.ORG,Vevinel Lanmont,"167,59",EUR,,Point relais
WEB-027636,2025-05-19 15:22:00,PAID,orvinu.sorkan@mail.example,Orvinu Sorkan,"27,61",EUR,,Point relais
WEB-027624,2025-05-19 15:34:00,paid,duteli.brenlin90@courrier.test,Duteli Brenlin,39.04,€,,Retrait magasin
WEB-027630,2025-05-19 15:47:00,paid,yuvine.falnet@exemple.org,Yuvine Falnet,210.85,EUR,,Point relais
WEB-027610,2025-05-19 15:54:00,paid,ORRELIN.NEVKAN@EXEMPLE.ORG,Orrelin Nevkan,109.81,eur,,Domicile
WEB-027626,2025-05-19 16:39:00,cancelled,malona.ravlais@exemple.org,Malona Ravlais,121.24,EUR,,Domicile
WEB-027637,2025-05-19 17:25:00,paid,mibore.ravvane@exemple.org,Mibore Ravvane,141.74,EUR,,Domicile
WEB-027606,2025-05-19 17:39:00,PAID,loneli.monrand@exemple.org,Loneli Monrand,"9,17 €",EUR,,Domicile
WEB-027609,2025-05-19 17:54:00,PAID,mitarea.targren@courrier.test,Mitarea Targren,"90,44 €",EUR,,Domicile
WEB-027609,2025-05-19 17:54:00,PAID,mitarea.targren@courrier.test,Mitarea Targren,"90,44 €",EUR,,Domicile
WEB-027617,2025-05-19 18:04:00,Paid,kavinea.wenbel@mail.example,Kavinea Wenbel,"81,17 €",EUR,,Domicile
WEB-027634,2025-05-19 18:45:00,PAID,orvalan.rosmont@exemple.org,Orvalan Rosmont,317.67,EUR,,Domicile
WEB-027612,2025-05-19 19:33:00,paid,ririsa.rosgren@mail.example,Ririsa Rosgren,"16,38",EUR,,Domicile
WEB-027604,2025-05-19 19:37:00,Paid,arrele.nevbert@exemple.org,Arrele Nevbert,"26,68",EUR,,Domicile
WEB-027615,2025-05-19 19:37:00,paid,zogari.wenmar@exemple.org,Zogari Wenmar,18.44,EUR,,Domicile
WEB-027620,2025-05-19 21:19:00,paid,katelea.lanmont@exemple.org,Katelea Lanmont,"82,10 €",EUR,,Domicile
WEB-027618,2025-05-19 21:52:00,paid,rilonel.cordis@mail.example,Rilonel Cordis,217.96,EUR,,Domicile
WEB-027663,2025-05-20 11:08:00,paid,kamonea.torgren@mail.example,Kamonea Torgren,121.34,EUR,,Domicile
WEB-027653,2025-05-20 12:31:00,Paid,kamonia.sortier@exemple.org,Kamonia Sortier,"202,51 €",EUR,,Domicile
WEB-027662,2025-05-20 12:44:00,PAID,judarea.havdis@exemple.org,Judarea Havdis,"249,83",EUR,FIDELITE,Point relais
WEB-027639,2025-05-20 13:12:00,PAID,sedanu.wensen@courrier.test,Sedanu Wensen,38.94,eur,,Point relais
WEB-027669,2025-05-20 13:34:00,cancelled,juborin.sorvoir4@mail.example,Juborin Sorvoir,16.38,EUR,,Domicile
WEB-027654,2025-05-20 14:47:00,paid,rimarel.ostmar@courrier.test,Rimarel Ostmar,65.62,eur,,Point relais
WEB-027638,2025-05-20 15:12:00,paid,bavale.wendal@courrier.test,Bavale Wendal,151.94,EUR,,Retrait magasin
WEB-027645,2025-05-20 15:23:00,PAID,tavala.mongren54@exemple.org,Tavala Mongren,90.71,EUR,FIDELITE,Domicile
WEB-027660,2025-05-20 16:02:00,paid,kalisa.galver@exemple.org,Kalisa Galver,59.54,€,,Domicile
WEB-027655,2025-05-20 16:08:00,paid,elvalu.falrand@exemple.org,Elvalu Falrand,"87,25 €",EUR,,Domicile
WEB-027664,2025-05-20 16:59:00,PAID,soborin.valvoir@exemple.org,Soborin Valvoir,142.97,EUR,,Point relais
WEB-027646,2025-05-20 18:15:00,PAID,feboria.sorbert@exemple.org,Feboria Sorbert,"101,67 €",EUR,,Domicile
WEB-027647,2025-05-20 18:58:00,paid,eltelu.kelmer@mail.example,Eltelu Kelmer,255.87,EUR,,Domicile
WEB-027644,2025-05-20 19:17:00,paid,orvinu.sorkan@mail.example,Orvinu Sorkan,21.43,€,FIDELITE,Domicile
WEB-027649,2025-05-20 20:19:00,Paid,sevinel.brenmar@courrier.test,Sevinel Brenmar,42.03,eur,,Point relais
WEB-027692,2025-05-21 09:00:00,Paid,jurelel.galbel@exemple.org,Jurelel Galbel,"163,03",EUR,FIDELITE,Domicile
WEB-027688,2025-05-21 09:29:00,paid,vemare.sorgren@mail.example,Vemare Sorgren,"27,61",EUR,,Domicile
WEB-027677,2025-05-21 10:29:00,PAID,basola.dunbel@exemple.org,Basola Dunbel,"274,51 €",EUR,,Domicile
WEB-027683,2025-05-21 11:58:00,paid,arsenin.lanlin94@mail.example,Arsenin Lanlin,"64,79",EUR,,Domicile
WEB-027699,2025-05-21 13:09:00,paid,lonora.falmar@exemple.org,Lonora Falmar,"50,37 €",EUR,,Domicile
WEB-027682,2025-05-21 13:13:00,paid,elnelea.kelver@courrier.test,Elnelea Kelver,"88,18 €",eur,,Point relais
WEB-027697,2025-05-21 14:03:00,paid,kaboran.valmar23@mail.example,Kaboran Valmar,"111,04 €",EUR,,Domicile
WEB-027690,2025-05-21 14:34:00,Paid,rimari.dunlais56@exemple.org,Rimari Dunlais,"37,91",EUR,,Domicile
WEB-027687,2025-05-21 15:34:00,paid,solise.nevrand@courrier.test,Solise Nevrand,157.49,EUR,,Domicile
WEB-027685,2025-05-21 15:37:00,paid,banelan.valvoir1@exemple.org,Banelan Valvoir,24.32,EUR,,Domicile
WEB-027681,2025-05-21 15:49:00,PAID,pinori.galrand@exemple.org,Pinori Galrand,"123,20 €",EUR,,Domicile
WEB-027695,2025-05-21 16:08:00,paid,rilisu.brendis@mail.example,Rilisu Brendis,"50,27 €",EUR,,Point relais
WEB-027673,2025-05-21 16:30:00,paid,lolona.dunlais@exemple.org,Lolona Dunlais,"34,82",EUR,,Retrait magasin
WEB-027675,2025-05-21 16:30:00,Paid,yunoru.ostgren60@exemple.org,Yunoru Ostgren,"101,47 €",EUR,,Domicile
WEB-T0057,2025-05-21 16:30:00,paid,test@example.com,Test Test,"1,00",EUR,,Retrait magasin
WEB-027696,2025-05-21 18:57:00,paid,sovalo.kelvane@exemple.org,Sovalo Kelvane,24.62,EUR,,Domicile
WEB-027691,2025-05-21 20:20:00,paid,jugaru.tormer@exemple.org,Jugaru Tormer,"2,99",EUR,,Domicile
WEB-027691,2025-05-21 20:20:00,paid,jugaru.tormer@exemple.org,Jugaru Tormer,"2,99",EUR,,Domicile
WEB-027689,2025-05-21 21:54:00,paid,yubori.dunbert@exemple.org,Yubori Dunbert,"255,87",EUR,,Point relais
WEB-027731,2025-05-22 09:12:00,PAID,tabore.sorbert71@exemple.org,Tabore Sorbert,67.68,EUR,,Domicile
WEB-027732,2025-05-22 11:09:00,paid,sorisu.nevlais@mail.example,Sorisu Nevlais,"18,44 €",EUR,,Point relais
WEB-027728,2025-05-22 12:29:00,paid,yuvinu.keldis@mail.example,Yuvinu Keldis,"11,23",EUR,,Domicile
WEB-027705,2025-05-22 13:11:00,paid,serelia.havtier@exemple.org,Serelia Havtier,80.05,eur,FIDELITE,Point relais
WEB-027709,2025-05-22 13:23:00,paid,fevali.wenbert@exemple.org,Fevali Wenbert,37.91,EUR,,Retrait magasin
WEB-027717,2025-05-22 13:35:00,paid,ORMARU.WENVOIR@MAIL.EXAMPLE,Ormaru Wenvoir,90.34,EUR,,Point relais
WEB-027737,2025-05-22 13:50:00,PAID,BASENAN.RAVVANE@MAIL.EXAMPLE,Basenan Ravvane,"69,84",EUR,,Domicile
WEB-027700,2025-05-22 14:08:00,Paid,zovenel.sorrand@exemple.org,Zovenel Sorrand,"46,25 €",EUR,,Point relais
WEB-027703,2025-05-22 14:22:00,Paid,seboran.wenvane43@courrier.test,Seboran Wenvane,"63,66 €",EUR,,Domicile
WEB-027714,2025-05-22 14:34:00,PAID,tamara.dornet@exemple.org,Tamara Dornet,42.03,EUR,,Domicile
WEB-027713,2025-05-22 14:53:00,paid,barelia.ravmont@courrier.test,Barelia Ravmont,"67,68 €",EUR,,Domicile
WEB-027711,2025-05-22 15:01:00,paid,rivenin.sormont@mail.example,Rivenin Sormont,21.53,€,,Point relais
WEB-027708,2025-05-22 15:08:00,PAID,rimarin.sordal@exemple.org,Rimarin Sordal,"71,90 €",EUR,,Domicile
WEB-027733,2025-05-22 16:31:00,paid,matari.ostnet@courrier.test,Matari Ostnet,48.11,EUR,,Domicile
WEB-027721,2025-05-22 17:23:00,PAID,sorisel.dorrand@mail.example,Sorisel Dorrand,44.19,EUR,,Domicile
WEB-027739,2025-05-22 17:26:00,paid,navene.monvoir@courrier.test,Navene Monvoir,"124,08 €",EUR,FIDELITE,Domicile
WEB-027735,2025-05-22 18:20:00,Paid,ridarel.perbert@courrier.test,Ridarel Perbert,"136,59 €",EUR,,Domicile
WEB-027722,2025-05-22 20:35:00,Paid,tamone.lanrand76@exemple.org,Tamone Lanrand,44.19,EUR,,Domicile
WEB-027726,2025-05-22 20:41:00,paid,vedano.tarver@courrier.test,Vedano Tarver,136.59,EUR,,Domicile
WEB-027701,2025-05-22 21:32:00,PAID,arrelu.ravmer@courrier.test,Arrelu Ravmer,169.65,EUR,,Domicile
WEB-027741,2025-05-23 10:36:00,paid,felisa.gallin21@exemple.org,Felisa Gallin,"85,19 €",EUR,,Point relais
WEB-027761,2025-05-23 10:45:00,PAID,KALISEL.LANSAC@EXEMPLE.ORG,Kalisel Lansac,"71,90",EUR,,Retrait magasin
WEB-027752,2025-05-23 13:12:00,paid,sotaran.torsen@exemple.org,Sotaran Torsen,"187,99",EUR,,Point relais
WEB-027764,2025-05-23 13:14:00,paid,mibore.corvane4@mail.example,Mibore Corvane,19.47,EUR,,Point relais
WEB-027768,2025-05-23 14:16:00,paid,elmonan.tardal@courrier.test,Elmonan Tardal,87.25,EUR,,Point relais
WEB-027765,2025-05-23 14:40:00,paid,zorisan.ravgren@courrier.test,Zorisan Ravgren,"29,77 €",EUR,,Domicile
WEB-027747,2025-05-23 16:06:00,Paid,orvinu.ravlin@exemple.org,Orvinu Ravlin,"99,71",EUR,,Point relais
WEB-027769,2025-05-23 16:20:00,paid,ORDARAN.DUNMAR@MAIL.EXAMPLE,Ordaran Dunmar,"72,93 €",eur,,Domicile
WEB-027753,2025-05-23 17:07:00,PAID,fetarea.ostner@exemple.org,Fetarea Ostner,172.84,EUR,,Retrait magasin
WEB-027749,2025-05-23 17:09:00,paid,somonan.torkan@exemple.org,Somonan Torkan,"46,25 €",€,,Point relais
WEB-027758,2025-05-23 17:22:00,paid,dukenan.tartier@exemple.org,Dukenan Tartier,101.67,EUR,,Domicile
WEB-027760,2025-05-23 19:04:00,cancelled,yudanea.falmer@exemple.org,Yudanea Falmer,"93,65 €",EUR,FIDELITE,Domicile
WEB-027750,2025-05-23 19:42:00,PAID,kagaria.brenbel@exemple.org,Kagaria Brenbel,"43,06 €",EUR,,Point relais
WEB-027743,2025-05-23 20:56:00,Paid,velone.dormar@exemple.org,Velone Dormar,173.87,EUR,,Domicile
WEB-027779,2025-05-24 12:10:00,paid,bamari.tormar@mail.example,Bamari Tormar,"195,50",EUR,,Point relais
WEB-027801,2025-05-24 12:38:00,PAID,ellisan.keldal25@exemple.org,Ellisan Keldal,182.64,EUR,,Domicile
WEB-027804,2025-05-24 14:01:00,PAID,mimona.valdal68@courrier.test,Mimona Valdal,"61,40",eur,,Domicile
WEB-027774,2025-05-24 14:24:00,paid,yutelo.rosdis@courrier.test,Yutelo Rosdis,"82,20 €",EUR,,Domicile
WEB-027770,2025-05-24 15:11:00,paid,zodaran.dunmer@exemple.org,Zodaran Dunmer,"35,04 €",EUR,FIDELITE,Point relais
WEB-027787,2025-05-24 15:11:00,paid,dunelia.torgren@mail.example,Dunelia Torgren,"73,96 €",EUR,,Point relais
WEB-027810,2025-05-24 15:14:00,paid,tataran.tardal95@exemple.org,Tataran Tardal,"79,21 €",EUR,,Point relais
WEB-027775,2025-05-24 15:21:00,paid,ordaran.nevmont@exemple.org,Ordaran Nevmont,262.25,EUR,,Domicile
WEB-027797,2025-05-24 15:41:00,paid,dunoran.galver34@courrier.test,Dunoran Galver,"134,53",EUR,,Domicile
WEB-027776,2025-05-24 16:01:00,Paid,yuvine.tarver@exemple.org,Yuvine Tarver,"150,08 €",EUR,,Point relais
WEB-027809,2025-05-24 16:52:00,cancelled,orsenea.perbert15@exemple.org,Orsenea Perbert,"110,94",EUR,,Domicile
WEB-027786,2025-05-24 16:53:00,cancelled,yuvini.dorrand@courrier.test,Yuvini Dorrand,"32,86 €",EUR,,Point relais
WEB-027777,2025-05-24 18:21:00,PAID,zosole.havrand@courrier.test,Zosole Havrand,"27,61",EUR,,Domicile
WEB-027802,2025-05-24 18:29:00,paid,vedanea.dunbert@exemple.org,Vedanea Dunbert,"84,26 €",EUR,,Point relais
WEB-027806,2025-05-24 18:59:00,PAID,sesolia.pernet@mail.example,Sesolia Pernet,"114,96 €",EUR,,Point relais
WEB-027772,2025-05-24 19:40:00,paid,venoru.lanmar@exemple.org,Venoru Lanmar,178.82,EUR,,Point relais
WEB-027781,2025-05-24 20:06:00,paid,orrisu.dundal@exemple.org,Orrisu Dundal,"246,80 €",EUR,,Domicile
WEB-027796,2025-05-24 20:09:00,paid,marise.perdal@exemple.org,Marise Perdal,"118,05",eur,,Domicile
WEB-027798,2025-05-24 20:17:00,paid,orrelu.galdal@exemple.org,Orrelu Galdal,"51,30",EUR,,Domicile
WEB-027789,2025-05-24 20:42:00,PAID,migarin.tarvane@exemple.org,Migarin Tarvane,"139,68",€,,Domicile
WEB-027785,2025-05-24 21:57:00,paid,pinelin.sordal@exemple.org,Pinelin Sordal,"27,30 €",EUR,FIDELITE,Point relais
WEB-027820,2025-05-25 10:22:00,PAID,lomone.kellin@exemple.org,Lomone Kellin,90.81,EUR,FIDELITE,Point relais
WEB-027814,2025-05-25 11:40:00,paid,yukenea.dunmar@courrier.test,Yukenea Dunmar,"61,60 €",EUR,,Point relais
WEB-027815,2025-05-25 12:57:00,paid,setare.tarmont@courrier.test,Setare Tarmont,40.07,EUR,,Domicile
WEB-027826,2025-05-25 14:42:00,paid,BAGARA.NEVBEL@EXEMPLE.ORG,Bagara Nevbel,"104,86 €",EUR,,Domicile
WEB-027115,2025-05-25 16:07:00,paid,ELLISE.PERGREN@COURRIER.TEST,Ellise Pergren,6.40,EUR,BIENVENUE,Domicile
WEB-027812,2025-05-25 16:34:00,PAID,JUVENIA.ROSVOIR@MAIL.EXAMPLE,Juvenia Rosvoir,"226,20",EUR,,Point relais
WEB-027811,2025-05-25 17:01:00,PAID,arvale.tartier63@exemple.org,Arvale Tartier,"70,77 €",EUR,,Point relais
WEB-027819,2025-05-25 17:58:00,PAID,serisin.monver@mail.example,Serisin Monver,"674,05",EUR,,Domicile
WEB-027816,2025-05-25 18:26:00,PAID,yusola.sorvane@mail.example,Yusola Sorvane,"117,02 €",EUR,,Point relais
WEB-027823,2025-05-25 20:27:00,Paid,zoriso.dunlais@exemple.org,Zoriso Dunlais,82.00,€,,Retrait magasin
WEB-027817,2025-05-25 21:36:00,Paid,sorelel.kelmont@courrier.test,Sorelel Kelmont,"21,53 €",EUR,,Point relais
WEB-027824,2025-05-25 21:50:00,paid,yunoru.pernet@exemple.org,Yunoru Pernet,"44,09 €",EUR,,Point relais
WEB-027849,2025-05-26 08:16:00,paid,dutari.kelkan@courrier.test,Dutari Kelkan,79.07,eur,FIDELITE,Point relais
WEB-027854,2025-05-26 13:49:00,paid,juvenel.corbert@exemple.org,Juvenel Corbert,"37,91 €",EUR,,Point relais
WEB-027852,2025-05-26 13:55:00,paid,vemaro.torbel@exemple.org,Vemaro Torbel,49.24,EUR,,Point relais
WEB-027843,2025-05-26 13:58:00,Paid,fevinia.valgren@mail.example,Fevinia Valgren,"46,15",EUR,,Domicile
WEB-027835,2025-05-26 14:29:00,paid,nanoria.permer@mail.example,Nanoria Permer,"123,20 €",EUR,,Point relais
WEB-027844,2025-05-26 14:55:00,paid,bamaria.wenvane@mail.example,Bamaria Wenvane,"78,91 €",EUR,,Point relais
WEB-027846,2025-05-26 15:26:00,Paid,orsenea.perbert15@exemple.org,Orsenea Perbert,"66,85 €",eur,,Domicile
WEB-027839,2025-05-26 16:02:00,paid,milisel.galbel@courrier.test,Milisel Galbel,111.04,EUR,,Point relais
WEB-027841,2025-05-26 16:54:00,PAID,piveni.tarsac@exemple.org,Piveni Tarsac,"40,07 €",EUR,,Domicile
WEB-027847,2025-05-26 17:33:00,paid,vemonin.dunrand@exemple.org,Vemonin Dunrand,10.20,EUR,,Domicile
WEB-027842,2025-05-26 19:02:00,paid,zovinu.monrand@mail.example,Zovinu Monrand,76.12,EUR,,Point relais
WEB-027837,2025-05-26 20:49:00,PAID,nasolel.lansac@mail.example,Nasolel Lansac,"326,74",EUR,,Point relais
WEB-027860,2025-05-27 11:18:00,paid,kaboru.rosnet@exemple.org,Kaboru Rosnet,"28,64 €",EUR,,Retrait magasin
WEB-027859,2025-05-27 13:06:00,PAID,zorelel.tarmar@mail.example,Zorelel Tarmar,"117,22 €",EUR,,Domicile
WEB-027870,2025-05-27 15:25:00,paid,lokena.kelbert@courrier.test,Lokena Kelbert,"52,43",EUR,,Retrait magasin
WEB-027864,2025-05-27 15:35:00,PAID,vevalin.kelver@exemple.org,Vevalin Kelver,"113,10 €",EUR,,Domicile
WEB-027867,2025-05-27 16:06:00,paid,MARELIA.HAVBEL@COURRIER.TEST,Marelia Havbel,52.43,EUR,,Domicile
WEB-027875,2025-05-27 16:18:00,Paid,MAVINO.NEVMONT@MAIL.EXAMPLE,Mavino Nevmont,231.55,EUR,,Point relais
WEB-027862,2025-05-27 16:33:00,paid,manorel.persac@mail.example,Manorel Persac,166.06,EUR,FIDELITE,Point relais
WEB-027878,2025-05-27 17:10:00,Paid,lomone.wenbel@courrier.test,Lomone Wenbel,"70,77 €",EUR,,Domicile
WEB-027866,2025-05-27 17:42:00,paid,fevenel.sormer@mail.example,Fevenel Sormer,33.79,EUR,,Point relais
WEB-027874,2025-05-27 17:47:00,paid,navinu.tartier@mail.example,Navinu Tartier,377.31,EUR,,Point relais
WEB-027858,2025-05-27 17:53:00,PAID, zotela.sormar@courrier.test,Zotela Sormar,"64,79",EUR,,Point relais
WEB-027865,2025-05-27 18:57:00,Paid,ORNORE.KELMER@EXEMPLE.ORG,Ornore Kelmer,"48,01 €",EUR,,Domicile
WEB-T0049,2025-05-27 18:57:00,Paid,test@example.com,Test Test,"1,00",EUR,,Domicile
WEB-027857,2025-05-27 20:17:00,paid,tadaran.monner@mail.example,Tadaran Monner,"157,29 €",EUR,,Point relais
WEB-027906,2025-05-28 09:29:00,Paid,seboru.corsen@exemple.org,Seboru Corsen,"39,04 €",EUR,,Domicile
WEB-027901,2025-05-28 09:50:00,paid,sosolea.ravvane@exemple.org,Sosolea Ravvane,"245,77",EUR,,Domicile
WEB-027903,2025-05-28 12:23:00,PAID,zovali.torver@exemple.org,Zovali Torver,101.67,EUR,,Domicile
WEB-027902,2025-05-28 12:38:00,Paid,balonan.ravner@mail.example,Balonan Ravner,"46,15",EUR,,Point relais
WEB-027882,2025-05-28 12:52:00,paid,setelu.kellais54@exemple.org,Setelu Kellais,55.52,EUR,,Point relais
WEB-027887,2025-05-28 13:08:00,PAID,DUVINO.WENGREN52@EXEMPLE.ORG,Duvino Wengren,25.55,EUR,,Domicile
WEB-027891,2025-05-28 13:26:00,PAID,pivinin.dortier55@courrier.test,Pivinin Dortier,"91,37 €",EUR,,Domicile
WEB-027888,2025-05-28 15:15:00,PAID,jurelu.rosgren@courrier.test,Jurelu Rosgren,"82,20 €",EUR,,Point relais
WEB-027885,2025-05-28 16:08:00,paid,rigaria.falsac@courrier.test,Rigaria Falsac,"103,83",EUR,,Domicile
WEB-027892,2025-05-28 16:59:00,paid,VEVINEL.LANMONT@EXEMPLE.ORG,Vevinel Lanmont,"8,14 €",EUR,,Domicile
WEB-027896,2025-05-28 17:33:00,PAID,zokenea.langren@courrier.test,Zokenea Langren,95.59,EUR,,Point relais
WEB-027898,2025-05-28 17:58:00,paid,artelea.monvoir24@mail.example,Artelea Monvoir,45.22,EUR,,Point relais
WEB-027883,2025-05-28 20:12:00,paid,talone.corgren@exemple.org,Talone Corgren,54.39,EUR,,Domicile
WEB-027889,2025-05-28 21:42:00,paid,mavinu.monlin@exemple.org,Mavinu Monlin,11.23,EUR,,Domicile
WEB-027933,2025-05-29 12:11:00,PAID,PINORIA.DUNMER@EXEMPLE.ORG,Pinoria Dunmer,"91,37 €",EUR,,Point relais
WEB-027913,2025-05-29 12:31:00,paid,marelea.falsen@exemple.org,Marelea Falsen,"50,27 €",EUR,,Point relais
WEB-027926,2025-05-29 13:20:00,paid,sotaran.brenmont@courrier.test,Sotaran Brenmont,"38,94 €",€,,Domicile
WEB-027945,2025-05-29 13:23:00,paid,pidano.brenmer@exemple.org,Pidano Brenmer,"64,49 €",EUR,,Domicile
WEB-027936,2025-05-29 14:52:00,PAID,arloni.lanlais@courrier.test,Arloni Lanlais,65.62,EUR,,Retrait magasin
WEB-027938,2025-05-29 14:57:00,PAID,ARMONEL.DORDAL@MAIL.EXAMPLE,Armonel Dordal,255.97,eur,,Point relais
WEB-027934,2025-05-29 15:18:00,paid,fesolin.falsac@exemple.org,Fesolin Falsac,159.05,EUR,,Domicile
WEB-027944,2025-05-29 16:18:00,paid,lobore.kelmont@exemple.org,Lobore Kelmont,"88,38 €",EUR,,Domicile
WEB-027916,2025-05-29 16:24:00,paid,zokenin.nevmar@exemple.org,Zokenin Nevmar,44.19,EUR,,Retrait magasin
WEB-027935,2025-05-29 16:28:00,paid,sevini.ravkan@exemple.org,Sevini Ravkan,94.56,EUR,,Domicile
WEB-027931,2025-05-29 17:05:00,paid,lorelu.lanvoir71@exemple.org,Lorelu Lanvoir,127.22,EUR,,Point relais
WEB-027942,2025-05-29 18:39:00,PAID,kakeni.ostver@exemple.org,Kakeni Ostver,"152,97 €",EUR,,Domicile
WEB-027922,2025-05-29 19:42:00,paid,kadarin.sortier71@courrier.test,Kadarin Sortier,"81,07",EUR,,Point relais
WEB-027932,2025-05-29 21:30:00,Paid,duveno.kelver@exemple.org,Duveno Kelver,"56,55 €",EUR,,Point relais
WEB-027930,2025-05-29 21:54:00,PAID,ZOGARIN.VALBEL@EXEMPLE.ORG,Zogarin Valbel,"43,99 €",EUR,,Point relais
WEB-027975,2025-05-30 08:14:00,paid,somone.brenmer@mail.example,Somone Brenmer,169.65,EUR,,Domicile
WEB-027971,2025-05-30 12:41:00,paid, malonin.monlin@exemple.org,Malonin Monlin,13.29,EUR,,Domicile
WEB-027956,2025-05-30 13:07:00,paid,selone.ostvoir@exemple.org,Selone Ostvoir,46.15,EUR,,Retrait magasin
WEB-027961,2025-05-30 13:46:00,paid,sotelu.torbert@courrier.test,Sotelu Torbert,"102,60",EUR,,Point relais
WEB-027955,2025-05-30 15:08:00,PAID,SOKENU.KELSEN@COURRIER.TEST,Sokenu Kelsen,"16,38 €",EUR,,Domicile
WEB-027957,2025-05-30 15:26:00,paid,orlisin.wenvane@exemple.org,Orlisin Wenvane,164.40,EUR,,Domicile
WEB-027980,2025-05-30 15:59:00,paid,pivinin.dortier55@courrier.test,Pivinin Dortier,10.67,€,FIDELITE,Domicile
WEB-027948,2025-05-30 16:08:00,paid,sotarea.corsen@exemple.org,Sotarea Corsen,"32,76 €",EUR,,Domicile
WEB-027967,2025-05-30 16:22:00,paid,bamaria.wenvane@mail.example,Bamaria Wenvane,30.80,EUR,,Point relais
WEB-027958,2025-05-30 16:38:00,paid,sotarin.galsen@courrier.test,Sotarin Galsen,"62,63 €",EUR,,Point relais
WEB-027960,2025-05-30 17:56:00,paid,duboru.corver@exemple.org,Duboru Corver,178.62,EUR,,Domicile
WEB-027972,2025-05-30 18:35:00,paid,verisan.dorbert@exemple.org,Verisan Dorbert,"108,78 €",EUR,,Point relais
WEB-027952,2025-05-30 18:47:00,paid,midari.rostier@exemple.org,Midari Rostier,"135,66 €",eur,,Domicile
WEB-027981,2025-05-30 19:19:00,paid,banorel.brendis@exemple.org,Banorel Brendis,"72,31 €",EUR,FIDELITE,Domicile
WEB-027969,2025-05-30 20:07:00,paid,tarela.havner@exemple.org,Tarela Havner,"233,51 €",EUR,,Point relais
WEB-027963,2025-05-30 21:08:00,Paid,balisa.ravlin@exemple.org,Balisa Ravlin,77.15,EUR,,Domicile
WEB-027968,2025-05-30 21:14:00,Paid,arveni.havlin@exemple.org,Arveni Havlin,95.49,eur,,Domicile
WEB-027992,2025-05-31 10:07:00,PAID,yumonel.corrand@exemple.org,Yumonel Corrand,"199,12 €",EUR,,Retrait magasin
WEB-028011,2025-05-31 10:36:00,paid,lodani.tarmont@courrier.test,Lodani Tarmont,76.12,EUR,,Point relais
WEB-027989,2025-05-31 11:09:00,PAID,arlisia.keldis@exemple.org,Arlisia Keldis,96.52,€,,Point relais
WEB-027996,2025-05-31 11:41:00,paid,zodano.kelbert@courrier.test,Zodano Kelbert,"102,50",EUR,,Point relais
WEB-028018,2025-05-31 12:18:00,PAID,tabora.torner@mail.example,Tabora Torner,45.22,EUR,,Point relais
WEB-027999,2025-05-31 12:24:00,PAID,zorisin.havgren@courrier.test,Zorisin Havgren,"13,60 €",EUR,FIDELITE,Point relais
WEB-027994,2025-05-31 12:37:00,paid,kasolia.ostmer@exemple.org,Kasolia Ostmer,"11,13",EUR,,Domicile
WEB-027983,2025-05-31 13:38:00,paid,pivali.monvane@mail.example,Pivali Monvane,"118,05",EUR,,Point relais
WEB-028033,2025-05-31 14:07:00,PAID,rinela.nevnet@exemple.org,Rinela Nevnet,"68,81 €",EUR,,Point relais
WEB-028008,2025-05-31 14:43:00,PAID,MIMAREA.KELDIS@MAIL.EXAMPLE,Mimarea Keldis,38.94,EUR,,Domicile
WEB-028002,2025-05-31 14:45:00,PAID,bagaran.brenbert@mail.example,Bagaran Brenbert,"162,34 €",EUR,,Point relais
WEB-028028,2025-05-31 15:40:00,Paid,vemare.sorgren@mail.example,Vemare Sorgren,"24,62 €",EUR,,Domicile
WEB-027997,2025-05-31 15:46:00,PAID,ornore.nevsen@courrier.test,Ornore Nevsen,"93,33",EUR,,Point relais
WEB-028015,2025-05-31 16:11:00,PAID,eldani.wenlais19@exemple.org,Eldani Wenlais,"102,55 €",EUR,FIDELITE,Domicile
WEB-028026,2025-05-31 18:29:00,PAID,narisel.monsac@courrier.test,Narisel Monsac,"85,19 €",EUR,,Point relais
WEB-028012,2025-05-31 18:37:00,paid,madaru.torner@courrier.test,Madaru Torner,"127,42",EUR,,Point relais
WEB-028020,2025-05-31 18:59:00,paid,vevinel.lanmont@exemple.org,Vevinel Lanmont,80.14,€,,Domicile
WEB-028010,2025-05-31 19:01:00,paid,dusenea.brenvoir71@courrier.test,Dusenea Brenvoir,152.24,EUR,,Point relais
WEB-027991,2025-05-31 20:02:00,paid,sotarin.galsen@courrier.test,Sotarin Galsen,"57,58 €",€,,Domicile
WEB-028025,2025-05-31 21:41:00,paid,fetara.havsen@exemple.org,Fetara Havsen,145.86,EUR,,Domicile
WEB-028006,2025-05-31 21:49:00,Paid,zovinel.tortier84@courrier.test,Zovinel Tortier,51.40,EUR,,Point relais
WEB-028024,2025-05-31 21:55:00,paid,sonele.cordis@courrier.test,Sonele Cordis,"92,40",EUR,,Domicile
WEB-028050,2025-06-01 09:13:00,Paid,talisea.brenbert@courrier.test,Talisea Brenbert,196.23,EUR,,Point relais
WEB-028040,2025-06-01 10:14:00,PAID,YUDANE.MONGREN@EXEMPLE.ORG,Yudane Mongren,33.79,EUR,,Point relais
WEB-028047,2025-06-01 14:15:00,paid,velisu.cormont@exemple.org,Velisu Cormont,"102,80 €",EUR,,Point relais
WEB-028039,2025-06-01 14:37:00,paid,pirisea.ravnet@courrier.test,Pirisea Ravnet,"107,85 €",€,,Domicile
WEB-028042,2025-06-01 17:49:00,paid,pilise.rosdis45@exemple.org,Pilise Rosdis,"74,99 €",EUR,,Domicile
WEB-028043,2025-06-01 17:51:00,paid,rilisu.kelvane@mail.example,Rilisu Kelvane,44.19,eur,,Point relais
WEB-028037,2025-06-01 17:57:00,paid,zogaria.keldis@mail.example,Zogaria Keldis,"230,42 €",EUR,,Retrait magasin
WEB-028037,2025-06-01 17:57:00,paid,zogaria.keldis@mail.example,Zogaria Keldis,"230,42 €",EUR,,Retrait magasin
WEB-028049,2025-06-01 18:30:00,paid,judania.lanmont@courrier.test,Judania Lanmont,89.41,EUR,,Domicile
WEB-028046,2025-06-01 19:27:00,paid,lovinu.rosbel@exemple.org,Lovinu Rosbel,41.93,EUR,,Domicile
WEB-028068,2025-06-02 09:30:00,paid,kadari.perdis@exemple.org,Kadari Perdis,113.00,€,,Point relais
WEB-028063,2025-06-02 12:28:00,Paid,TATARIA.MONVOIR@EXEMPLE.ORG,Tataria Monvoir,63.66,EUR,,Domicile
WEB-028053,2025-06-02 14:59:00,Paid,eldanea.falgren@mail.example,Eldanea Falgren,77.98,eur,,Retrait magasin
WEB-028073,2025-06-02 15:03:00,paid,rivenan.perkan@courrier.test,Rivenan Perkan,"192,11 €",EUR,,Domicile
WEB-028059,2025-06-02 15:47:00,paid,fetelea.havner@courrier.test,Fetelea Havner,"190,05",EUR,,Domicile
WEB-028079,2025-06-02 16:46:00,PAID,vetari.monmont@exemple.org,Vetari Monmont,"80,14 €",EUR,,Point relais
WEB-028069,2025-06-02 17:14:00,PAID,sevinia.permar@exemple.org,Sevinia Permar,228.36,EUR,,Domicile
WEB-028072,2025-06-02 17:50:00,paid,matari.ostnet@courrier.test,Matari Ostnet,"35,95 €",EUR,,Point relais
WEB-028065,2025-06-02 17:55:00,paid,tarelea.kelsac43@exemple.org,Tarelea Kelsac,"95,59 €",€,,Point relais
WEB-028058,2025-06-02 18:14:00,paid,takenu.tordal@exemple.org,Takenu Tordal,343.42,EUR,,Domicile
WEB-028054,2025-06-02 18:23:00,paid,natele.roslais@courrier.test,Natele Roslais,86.80,EUR,FIDELITE,Domicile
WEB-028071,2025-06-02 21:10:00,paid,orloni.brenner@exemple.org,Orloni Brenner,101.57,EUR,,Domicile
WEB-028103,2025-06-03 11:04:00,PAID,vesolan.wenmer@mail.example,Vesolan Wenmer,76.12,EUR,,Point relais
WEB-028090,2025-06-03 11:49:00,paid,lokenu.torsen@courrier.test,Lokenu Torsen,"224,24",EUR,,Retrait magasin
WEB-028095,2025-06-03 12:26:00,paid,segaria.tarkan@courrier.test,Segaria Tarkan,"17,41",eur,,Retrait magasin
WEB-028091,2025-06-03 13:16:00,paid,ELSENO.WENVOIR17@EXEMPLE.ORG,Elseno Wenvoir,"90,44 €",EUR,,Retrait magasin
WEB-028084,2025-06-03 13:20:00,PAID,kaseno.sorkan@exemple.org,Kaseno Sorkan,"21,43",EUR,FIDELITE,Domicile
WEB-028100,2025-06-03 13:43:00,paid,vedani.ravlin@exemple.org,Vedani Ravlin,"110,94",EUR,,Domicile
WEB-028100,2025-06-03 13:43:00,paid,vedani.ravlin@exemple.org,Vedani Ravlin,"110,94",EUR,,Domicile
WEB-028089,2025-06-03 14:30:00,paid,elvale.brensac@exemple.org,Elvale Brensac,143.80,EUR,,Point relais
WEB-028087,2025-06-03 15:20:00,Paid,risenia.ostbert53@exemple.org,Risenia Ostbert,"104,56",EUR,,Domicile
WEB-028082,2025-06-03 15:48:00,paid,bakenan.mondis@exemple.org,Bakenan Mondis,"22,46",EUR,,Point relais
WEB-028107,2025-06-03 16:48:00,paid,elsole.havlais@mail.example,Elsole Havlais,"184,07 €",EUR,,Domicile
WEB-028106,2025-06-03 20:36:00,PAID,nalonia.kelner@exemple.org,Nalonia Kelner,"44,09 €",EUR,,Domicile
WEB-028098,2025-06-03 21:07:00,paid,lorelel.kelnet@mail.example,Lorelel Kelnet,178.82,EUR,,Point relais
WEB-028080,2025-06-03 21:16:00,paid,fevalia.ravbel@exemple.org,Fevalia Ravbel,"42,03 €",EUR,,Retrait magasin
WEB-028134,2025-06-04 08:46:00,paid,zonorin.nevbert@mail.example,Zonorin Nevbert,"46,15 €",EUR,,Point relais
WEB-028131,2025-06-04 08:48:00,paid,fetelea.havner@courrier.test,Fetelea Havner,"121,44",EUR,,Domicile
WEB-028113,2025-06-04 11:26:00,paid,verisan.dorbert@exemple.org,Verisan Dorbert,"181,81 €",EUR,,Point relais
WEB-028136,2025-06-04 12:24:00,Paid,mimarea.keldis@mail.example,Mimarea Keldis,"98,48",€,,Domicile
WEB-028110,2025-06-04 15:07:00,paid,kareli.monner@courrier.test,Kareli Monner,230.52,EUR,,Domicile
WEB-028137,2025-06-04 15:40:00,PAID,rinela.nevnet@exemple.org,Rinela Nevnet,"420,77 €",EUR,,Point relais
WEB-028125,2025-06-04 16:59:00,PAID,rigare.rosgren80@mail.example,Rigare Rosgren,"149,88 €",EUR,,Domicile
WEB-028135,2025-06-04 17:01:00,paid,sotara.lantier@exemple.org,Sotara Lantier,"39,97 €",EUR,,Domicile
WEB-028118,2025-06-04 17:19:00,paid,vekenea.falbel@courrier.test,Vekenea Falbel,"225,65 €",EUR,FIDELITE,Domicile
WEB-028115,2025-06-04 17:26:00,paid,sesoli.sorbert@exemple.org,Sesoli Sorbert,376.38,eur,,Domicile
WEB-028120,2025-06-04 17:35:00,paid,SEVALIN.PERNER@MAIL.EXAMPLE,Sevalin Perner,"116,09",eur,,Domicile
WEB-028114,2025-06-04 17:53:00,paid,venelu.dorbert@exemple.org,Venelu Dorbert,"74,06",EUR,,Domicile
WEB-028119,2025-06-04 18:02:00,PAID,tagarel.tarlin@exemple.org,Tagarel Tarlin,"16,38 €",EUR,,Retrait magasin
WEB-028122,2025-06-04 18:16:00,paid,pinorea.cormer@exemple.org,Pinorea Cormer,196.33,EUR,,Domicile
WEB-028111,2025-06-04 19:33:00,Paid,RIKENU.BRENMAR@EXEMPLE.ORG,Rikenu Brenmar,"64,79",EUR,,Domicile
WEB-028128,2025-06-04 20:06:00,Paid,sevinel.brenmar@courrier.test,Sevinel Brenmar,18.40,eur,FIDELITE,Point relais
WEB-028157,2025-06-05 12:08:00,paid,bavinel.nevvoir@exemple.org,Bavinel Nevvoir,35.95,EUR,,Domicile
WEB-028151,2025-06-05 13:43:00,paid,duvina.corbel@courrier.test,Duvina Corbel,"93,53",EUR,,Point relais
WEB-028170,2025-06-05 14:33:00,PAID,venelu.dorbert@exemple.org,Venelu Dorbert,"135,46",EUR,,Point relais
WEB-028182,2025-06-05 16:20:00,paid,jurisel.dunvane@exemple.org,Jurisel Dunvane,"256,07 €",EUR,,Domicile
WEB-028148,2025-06-05 16:27:00,PAID,lodanel.landal@exemple.org,Lodanel Landal,"83,03 €",EUR,,Point relais
WEB-028165,2025-06-05 16:28:00,paid,elseno.wenvoir17@exemple.org,Elseno Wenvoir,"30,70 €",EUR,,Domicile
WEB-028163,2025-06-05 17:09:00,Paid,rilonin.galmer@exemple.org,Rilonin Galmer,"74,06",€,,Domicile
WEB-028159,2025-06-05 17:31:00,paid,dureli.dorsac@courrier.test,Dureli Dorsac,"38,86 €",EUR,FIDELITE,Domicile
WEB-028180,2025-06-05 17:39:00,PAID,lovine.brendal@courrier.test,Lovine Brendal,"85,03",EUR,FIDELITE,Point relais
WEB-028181,2025-06-05 18:07:00,PAID,bagaru.havkan@mail.example,Bagaru Havkan,138.75,EUR,,Domicile
WEB-028171,2025-06-05 18:10:00,PAID,KATELEA.LANMONT@EXEMPLE.ORG,Katelea Lanmont,68.91,€,,Point relais
WEB-028166,2025-06-05 18:16:00,Paid,kasenu.perver@mail.example,Kasenu Perver,49.24,EUR,,Domicile
WEB-028173,2025-06-05 18:37:00,PAID,masenu.ostvoir@mail.example,Masenu Ostvoir,103.63,eur,,Domicile
WEB-028152,2025-06-05 19:07:00,paid,zogaro.ravlin@mail.example,Zogaro Ravlin,36.88,EUR,,Point relais
WEB-028179,2025-06-05 19:12:00,paid,tasenin.galmont@mail.example,Tasenin Galmont,59.54,€,,Domicile
WEB-028150,2025-06-05 19:48:00,paid,velone.sorvoir@exemple.org,Velone Sorvoir,86.22,EUR,,Point relais
WEB-028176,2025-06-05 20:59:00,paid,sorisu.nevlais@mail.example,Sorisu Nevlais,"22,56",EUR,,Domicile
WEB-028153,2025-06-05 21:38:00,paid,tarelea.ravsac@exemple.org,Tarelea Ravsac,93.63,eur,,Point relais
WEB-028145,2025-06-05 21:41:00,paid,lomarin.rossac@exemple.org,Lomarin Rossac,174.80,EUR,,Point relais
WEB-028191,2025-06-06 10:52:00,paid,tatelu.mondal@exemple.org,Tatelu Mondal,52.43,EUR,,Point relais
WEB-028198,2025-06-06 10:59:00,PAID,rimarin.sordal@exemple.org,Rimarin Sordal,"20,50 €",eur,,Point relais
WEB-028186,2025-06-06 12:59:00,paid,sogarel.ostkan@courrier.test,Sogarel Ostkan,44.19,EUR,,Domicile
WEB-028215,2025-06-06 13:24:00,paid,argarea.galvane@courrier.test,Argarea Galvane,66.65,EUR,,Point relais
WEB-028200,2025-06-06 13:54:00,cancelled,vedaran.wendis@mail.example,Vedaran Wendis,"95,49",EUR,,Point relais
WEB-028209,2025-06-06 15:03:00,paid,malonin.dunrand@courrier.test,Malonin Dunrand,94.46,EUR,,Point relais
WEB-028214,2025-06-06 15:40:00,PAID,bagaran.brenbert@mail.example,Bagaran Brenbert,"12,26",EUR,,Domicile
WEB-028220,2025-06-06 15:53:00,cancelled,KASENO.SORKAN@EXEMPLE.ORG,Kaseno Sorkan,"133,70",EUR,,Domicile
WEB-028216,2025-06-06 16:34:00,paid,migari.tarvane@exemple.org,Migari Tarvane,85.29,EUR,,Point relais
WEB-028203,2025-06-06 16:46:00,Paid,artelo.nevkan@courrier.test,Artelo Nevkan,138.85,EUR,,Domicile
WEB-028194,2025-06-06 16:51:00,paid,ellisea.nevvane@courrier.test,Ellisea Nevvane,"39,04 €",EUR,,Domicile
WEB-028199,2025-06-06 16:55:00,paid,ortelel.galvoir78@exemple.org,Ortelel Galvoir,"41,00 €",EUR,,Domicile
WEB-028184,2025-06-06 17:43:00,Paid,jusolel.dorvane@exemple.org,Jusolel Dorvane,"96,62 €",eur,,Domicile
WEB-028223,2025-06-06 18:32:00,Paid,tarisu.nevner@exemple.org,Tarisu Nevner,71.90,EUR,,Domicile
WEB-028222,2025-06-06 19:29:00,PAID,fevale.brenkan@courrier.test,Fevale Brenkan,76.12,EUR,,Retrait magasin
WEB-028211,2025-06-06 21:53:00,paid,balisia.ravsac@courrier.test,Balisia Ravsac,"5,05",EUR,,Point relais
WEB-028272,2025-06-07 12:18:00,paid,MALONEA.PERKAN@EXEMPLE.ORG,Malonea Perkan,"67,68 €",EUR,,Point relais
WEB-028241,2025-06-07 13:21:00,paid,lomari.persac@courrier.test,Lomari Persac,62.63,EUR,,Domicile
WEB-028235,2025-06-07 13:47:00,paid,barelo.ravdal@mail.example,Barelo Ravdal,"49,14",eur,,Domicile
WEB-028258,2025-06-07 14:01:00,PAID,SOMONI.TARVER@EXEMPLE.ORG,Somoni Tarver,111.04,EUR,,Domicile
WEB-028247,2025-06-07 14:21:00,paid,femoni.corsac@exemple.org,Femoni Corsac,198.49,EUR,,Domicile
WEB-028231,2025-06-07 15:16:00,paid,narisi.sorsen@courrier.test,Narisi Sorsen,"10,20",EUR,,Point relais
WEB-028245,2025-06-07 15:39:00,paid,ellisan.keldal25@exemple.org,Ellisan Keldal,"370,30 €",EUR,,Domicile
WEB-028275,2025-06-07 16:02:00,paid,kalonan.cortier@exemple.org,Kalonan Cortier,83.23,EUR,,Point relais
WEB-028262,2025-06-07 17:01:00,Paid,tamara.dornet@exemple.org,Tamara Dornet,"104,41 €",eur,FIDELITE,Retrait magasin
WEB-028266,2025-06-07 17:18:00,paid,mirelia.perkan11@mail.example,Mirelia Perkan,68.91,EUR,,Point relais
WEB-028276,2025-06-07 17:18:00,PAID,femonel.dunnet@exemple.org,Femonel Dunnet,"440,04 €",EUR,,Domicile
WEB-028255,2025-06-07 17:31:00,cancelled,dusolel.nevtier68@exemple.org,Dusolel Nevtier,184.80,EUR,,Domicile
WEB-028233,2025-06-07 18:04:00,paid,kavinu.dunnet1@exemple.org,Kavinu Dunnet,"262,25 €",€,,Domicile
WEB-028263,2025-06-07 19:57:00,cancelled,tarela.havner@exemple.org,Tarela Havner,170.58,EUR,,Point relais
WEB-028267,2025-06-07 20:41:00,paid,zogaro.ravlin@mail.example,Zogaro Ravlin,"57,38 €",EUR,,Point relais
WEB-028237,2025-06-07 21:47:00,paid,arvenin.dunver@exemple.org,Arvenin Dunver,81.17,€,,Point relais
WEB-028261,2025-06-07 21:59:00,Paid,orsolia.nevdal@exemple.org,Orsolia Nevdal,"31,83 €",EUR,,Domicile
WEB-028302,2025-06-08 11:43:00,paid,banela.valvane@exemple.org,Banela Valvane,147.82,EUR,,Domicile
WEB-028300,2025-06-08 13:38:00,paid,arrelia.wenbel@mail.example,Arrelia Wenbel,"148,02 €",EUR,,Point relais
WEB-028298,2025-06-08 13:45:00,paid,karisin.dorbel@exemple.org,Karisin Dorbel,136.79,EUR,,Point relais
WEB-028278,2025-06-08 15:11:00,paid,mavine.wenmar@exemple.org,Mavine Wenmar,"126,83",EUR,FIDELITE,Domicile
WEB-028297,2025-06-08 15:21:00,Paid, lodanea.rosbel@mail.example,Lodanea Rosbel,"22,56",EUR,,Point relais
WEB-028288,2025-06-08 16:05:00,paid,narisel.monsac@courrier.test,Narisel Monsac,134.73,EUR,,Point relais
WEB-028285,2025-06-08 16:32:00,paid, tasolan.nevsen@courrier.test,Tasolan Nevsen,84.06,EUR,,Point relais
WEB-028301,2025-06-08 17:08:00,paid,rilonea.dunmer@exemple.org,Rilonea Dunmer,180.88,eur,,Domicile
WEB-028281,2025-06-08 17:12:00,Paid,vemaran.brenbel@exemple.org,Vemaran Brenbel,138.75,EUR,,Domicile
WEB-028283,2025-06-08 17:28:00,paid,senora.monsen@exemple.org,Senora Monsen,"16,38",EUR,,Point relais
WEB-028294,2025-06-08 19:21:00,paid,pidari.falgren@courrier.test,Pidari Falgren,141.64,EUR,,Domicile
WEB-028308,2025-06-09 10:48:00,PAID,malise.falnet@exemple.org,Malise Falnet,118.25,EUR,,Domicile
WEB-028307,2025-06-09 11:25:00,PAID,orborea.falsen@exemple.org,Orborea Falsen,"30,80",€,,Point relais
WEB-028330,2025-06-09 12:09:00,PAID, yunelu.tornet@mail.example,Yunelu Tornet,55.32,EUR,,Domicile
WEB-028306,2025-06-09 12:13:00,paid,fevale.brenkan@courrier.test,Fevale Brenkan,"76,12 €",EUR,,Retrait magasin
WEB-028314,2025-06-09 14:10:00,PAID,riboran.kelbel@mail.example,Riboran Kelbel,"325,91",eur,,Domicile
WEB-028331,2025-06-09 14:59:00,paid,DUBORO.ROSMONT@EXEMPLE.ORG,Duboro Rosmont,"64,69 €",EUR,,Point relais
WEB-028332,2025-06-09 15:16:00,paid,ELTARU.WENNER@COURRIER.TEST,Eltaru Wenner,349.73,EUR,FIDELITE,Domicile
WEB-028311,2025-06-09 15:19:00,PAID,orkeno.havnet@mail.example,Orkeno Havnet,"132,57 €",EUR,,Retrait magasin
WEB-028315,2025-06-09 16:22:00,paid,ardanel.ostnet@exemple.org,Ardanel Ostnet,"288,63 €",EUR,,Point relais
WEB-028327,2025-06-09 16:54:00,Paid,jurelo.wenlais@exemple.org,Jurelo Wenlais,"212,91 €",eur,,Domicile
WEB-028329,2025-06-09 16:57:00,PAID,zorele.lanlin@mail.example,Zorele Lanlin,"184,07",€,,Domicile
WEB-028326,2025-06-09 18:19:00,paid,basenan.ravvane@mail.example,Basenan Ravvane,"47,18 €",EUR,,Domicile
WEB-028318,2025-06-09 18:48:00,PAID,taliso.monrand@exemple.org,Taliso Monrand,"151,28 €",EUR,FIDELITE,Point relais
WEB-028305,2025-06-09 19:43:00,paid,lonelia.corvane11@exemple.org,Lonelia Corvane,"79,11 €",EUR,,Point relais
WEB-028319,2025-06-09 20:40:00,PAID,pidani.dunbert@courrier.test,Pidani Dunbert,"11,23",EUR,,Domicile
WEB-028323,2025-06-09 21:31:00,paid,arrele.nevbert@exemple.org,Arrele Nevbert,112.07,EUR,,Domicile
WEB-028359,2025-06-10 11:16:00,cancelled,ordarin.torbel@exemple.org,Ordarin Torbel,"149,99 €",EUR,BIENVENUE,Domicile
WEB-028351,2025-06-10 11:20:00,PAID,yuvene.fallin5@mail.example,Yuvene Fallin,"86,12 €",eur,,Retrait magasin
WEB-028360,2025-06-10 11:33:00,paid,losenel.monmar@exemple.org,Losenel Monmar,24.52,EUR,,Domicile
WEB-028339,2025-06-10 14:03:00,paid,DULONIA.SORBEL@MAIL.EXAMPLE,Dulonia Sorbel,"136,69 €",EUR,,Domicile
WEB-028335,2025-06-10 14:22:00,PAID,sonelin.nevlin@mail.example,Sonelin Nevlin,"95,49 €",EUR,,Domicile
WEB-028358,2025-06-10 14:41:00,Paid,rinelan.torbert@courrier.test,Rinelan Torbert,"114,96",EUR,,Domicile
WEB-028349,2025-06-10 14:52:00,paid,orkenel.havbert@mail.example,Orkenel Havbert,34.92,€,,Domicile
WEB-028357,2025-06-10 16:10:00,paid,yutara.falrand@mail.example,Yutara Falrand,"78,08 €",EUR,,Domicile
WEB-028346,2025-06-10 16:22:00,PAID,sedari.galnet@exemple.org,Sedari Galnet,192.21,EUR,,Domicile
WEB-028354,2025-06-10 18:10:00,paid,felona.lanlin@exemple.org,Felona Lanlin,"234,34 €",eur,,Domicile
WEB-028352,2025-06-10 19:58:00,paid,madari.wenlais@courrier.test,Madari Wenlais,390.90,EUR,,Point relais
WEB-028353,2025-06-10 21:52:00,paid,sekeno.torsen@exemple.org,Sekeno Torsen,59.44,EUR,,Domicile
WEB-028396,2025-06-11 13:27:00,PAID,fekenea.dunmont@courrier.test,Fekenea Dunmont,"225,27",EUR,,Point relais
WEB-028389,2025-06-11 13:47:00,Paid,maveno.falgren@mail.example,Maveno Falgren,"66,85",EUR,,Point relais
WEB-028368,2025-06-11 13:58:00,PAID,orlono.brenmont41@mail.example,Orlono Brenmont,82.10,€,,Domicile
WEB-028376,2025-06-11 14:41:00,paid,venelel.lanvane@courrier.test,Venelel Lanvane,22.56,EUR,,Point relais
WEB-028363,2025-06-11 15:05:00,paid,juvinel.havmar5@mail.example,Juvinel Havmar,"159,02",EUR,FIDELITE,Domicile
WEB-028383,2025-06-11 15:23:00,paid,arvenin.dorvane@exemple.org,Arvenin Dorvane,"156,26",EUR,,Point relais
WEB-028370,2025-06-11 15:44:00,paid,malonu.permont@exemple.org,Malonu Permont,"137,62 €",EUR,,Point relais
WEB-028393,2025-06-11 15:46:00,Paid,ordarea.havnet@exemple.org,Ordarea Havnet,"163,37",EUR,,Point relais
WEB-028367,2025-06-11 15:59:00,PAID,eltaru.wenner@courrier.test,Eltaru Wenner,"16,38 €",EUR,,Domicile
WEB-028388,2025-06-11 16:23:00,paid,fesolin.falsac@exemple.org,Fesolin Falsac,"59,54 €",€,,Point relais
WEB-028379,2025-06-11 16:25:00,Paid,senelo.cormer@courrier.test,Senelo Cormer,"90,44",EUR,,Domicile
WEB-028386,2025-06-11 16:27:00,PAID,vevinel.lanmont@exemple.org,Vevinel Lanmont,"19,47 €",EUR,,Retrait magasin
WEB-028373,2025-06-11 17:30:00,paid,eltarea.valvoir@exemple.org,Eltarea Valvoir,192.01,EUR,,Point relais
WEB-028385,2025-06-11 17:39:00,Paid,FEVINU.VALLIN@EXEMPLE.ORG,Fevinu Vallin,"28,74 €",EUR,,Domicile
WEB-028365,2025-06-11 19:37:00,PAID,MARELI.TORDAL@EXEMPLE.ORG,Mareli Tordal,51.40,EUR,,Point relais
WEB-028378,2025-06-11 19:51:00,PAID,bagarea.galbel@exemple.org,Bagarea Galbel,106.82,EUR,,Point relais
WEB-028403,2025-06-12 11:11:00,paid,PIMONEA.TORMONT@EXEMPLE.ORG,Pimonea Tormont,"38,94 €",EUR,,Domicile
WEB-028407,2025-06-12 12:35:00,paid, artaria.vallin@exemple.org,Artaria Vallin,258.96,EUR,,Point relais
WEB-028411,2025-06-12 12:42:00,Paid,ZOVALO.OSTMER@EXEMPLE.ORG,Zovalo Ostmer,102.80,€,,Retrait magasin
WEB-028404,2025-06-12 13:14:00,paid,verisia.monlin@exemple.org,Verisia Monlin,49.24,EUR,,Point relais
WEB-028405,2025-06-12 14:08:00,paid,balisia.ravsac@courrier.test,Balisia Ravsac,"21,53 €",EUR,,Domicile
WEB-028417,2025-06-12 14:46:00,PAID,zonore.falbel@courrier.test,Zonore Falbel,47.18,EUR,,Domicile
WEB-028423,2025-06-12 14:54:00,paid,SOTELEA.OSTBEL@COURRIER.TEST,Sotelea Ostbel,74.06,EUR,,Domicile
WEB-028413,2025-06-12 15:01:00,paid,MAMARE.TARKAN@MAIL.EXAMPLE,Mamare Tarkan,"262,15 €",EUR,,Point relais
WEB-028415,2025-06-12 15:27:00,PAID,julona.ravtier@exemple.org,Julona Ravtier,"199,42 €",€,,Domicile
WEB-028402,2025-06-12 15:31:00,paid,arrele.nevbert@exemple.org,Arrele Nevbert,"24,62 €",EUR,,Point relais
WEB-028412,2025-06-12 18:03:00,paid,seneli.wengren85@mail.example,Seneli Wengren,"199,32",EUR,,Domicile
WEB-028420,2025-06-12 18:13:00,paid,zodarel.torvoir59@mail.example,Zodarel Torvoir,44.19,eur,,Point relais
WEB-028410,2025-06-12 18:24:00,paid,jurelel.galbel@exemple.org,Jurelel Galbel,"266,47",EUR,,Domicile
WEB-028414,2025-06-12 18:45:00,paid,yugarin.nevvane@courrier.test,Yugarin Nevvane,"260,09 €",€,,Domicile
WEB-028454,2025-06-13 10:26:00,cancelled,pitaro.rosdis@exemple.org,Pitaro Rosdis,28.74,eur,,Point relais
WEB-028447,2025-06-13 10:47:00,Paid,artare.rosmont@mail.example,Artare Rosmont,"151,21",EUR,,Point relais
WEB-028449,2025-06-13 12:04:00,PAID,ornele.torsen@exemple.org,Ornele Torsen,"39,97 €",€,,Domicile
WEB-028437,2025-06-13 12:41:00,paid,eldania.permont@exemple.org,Eldania Permont,"66,75 €",eur,,Domicile
WEB-028451,2025-06-13 13:07:00,paid,PIDARA.ROSSEN@COURRIER.TEST,Pidara Rossen,64.59,eur,,Domicile
WEB-028433,2025-06-13 13:08:00,paid, yutele.wenner@mail.example,Yutele Wenner,12.26,EUR,,Retrait magasin
WEB-028461,2025-06-13 13:18:00,paid,seboria.nevvoir@exemple.org,Seboria Nevvoir,34.92,EUR,,Domicile
WEB-028431,2025-06-13 14:17:00,paid,riborel.nevner@courrier.test,Riborel Nevner,"29,77 €",EUR,,Point relais
WEB-028425,2025-06-13 14:58:00,Paid,zonoria.galsac@mail.example,Zonoria Galsac,"106,46 €",€,FIDELITE,Domicile
WEB-028439,2025-06-13 15:54:00,paid,kalona.brentier@exemple.org,Kalona Brentier,"131,64 €",EUR,,Point relais
WEB-028441,2025-06-13 16:09:00,paid,elmonin.ostdis@mail.example,Elmonin Ostdis,"105,79 €",EUR,,Point relais
WEB-028438,2025-06-13 16:10:00,PAID,jukenia.valrand@courrier.test,Jukenia Valrand,"21,43 €",EUR,,Domicile
WEB-028427,2025-06-13 16:44:00,paid,ormarin.dunvoir@courrier.test,Ormarin Dunvoir,220.95,EUR,,Domicile
WEB-028434,2025-06-13 16:45:00,paid,tavinan.galdis@courrier.test,Tavinan Galdis,"22,56 €",€,,Domicile
WEB-028445,2025-06-13 16:48:00,paid,fevino.nevbel@exemple.org,Fevino Nevbel,121.24,EUR,,Domicile
WEB-028442,2025-06-13 16:52:00,PAID,zosene.dunbert@exemple.org,Zosene Dunbert,"100,74",EUR,,Domicile
WEB-028458,2025-06-13 17:09:00,paid, yuborel.galbel@mail.example,Yuborel Galbel,77.78,EUR,,Domicile
WEB-028460,2025-06-13 17:42:00,Paid,narele.torner@courrier.test,Narele Torner,"202,61 €",EUR,,Domicile
WEB-028453,2025-06-13 18:25:00,Paid,MARISA.BRENDIS@MAIL.EXAMPLE,Marisa Brendis,108.98,EUR,,Point relais
WEB-028428,2025-06-13 18:30:00,Paid,kavinel.nevkan@courrier.test,Kavinel Nevkan,"85,29 €",eur,,Point relais
WEB-028435,2025-06-13 18:45:00,paid, venelu.dorbert@exemple.org,Venelu Dorbert,324.78,€,,Domicile
WEB-028462,2025-06-13 20:18:00,PAID,TAVENAN.NEVVER@EXEMPLE.ORG,Tavenan Nevver,"108,05 €",EUR,,Point relais
WEB-028440,2025-06-13 21:34:00,paid,SONELAN.OSTMER@EXEMPLE.ORG,Sonelan Ostmer,52.43,eur,,Domicile
WEB-028507,2025-06-14 08:11:00,paid,ribori.havvane30@exemple.org,Ribori Havvane,"33,89 €",EUR,,Domicile
WEB-028478,2025-06-14 11:37:00,paid,bakenel.ravnet@courrier.test,Bakenel Ravnet,133.70,EUR,,Domicile
WEB-028466,2025-06-14 11:39:00,PAID,fetarel.perkan@exemple.org,Fetarel Perkan,"68,91",EUR,,Domicile
WEB-028470,2025-06-14 12:18:00,paid,sogara.tarlais@exemple.org,Sogara Tarlais,"67,78 €",EUR,,Point relais
WEB-028463,2025-06-14 13:00:00,Paid,kaborin.nevdis54@exemple.org,Kaborin Nevdis,"95,59",EUR,,Point relais
WEB-028496,2025-06-14 13:09:00,PAID,arnoran.torsen@exemple.org,Arnoran Torsen,"18,44",€,,Domicile
WEB-028465,2025-06-14 13:35:00,paid,fedane.galkan51@mail.example,Fedane Galkan,"117,12",EUR,,Point relais
WEB-028485,2025-06-14 14:19:00,paid,dutaria.rosver@courrier.test,Dutaria Rosver,"68,91",€,,Point relais
WEB-028491,2025-06-14 14:55:00,PAID,ririsel.wenmer@exemple.org,Ririsel Wenmer,"165,33 €",EUR,,Domicile
WEB-028492,2025-06-14 15:02:00,Paid,ORBORO.DUNMAR@COURRIER.TEST,Orboro Dunmar,182.94,EUR,,Point relais
WEB-028479,2025-06-14 16:59:00,paid,lolona.dorbert35@mail.example,Lolona Dorbert,"130,71",EUR,,Point relais
WEB-028505,2025-06-14 17:20:00,paid,durelin.cordal@courrier.test,Durelin Cordal,182.01,EUR,,Domicile
WEB-028484,2025-06-14 17:28:00,PAID,jugarea.falnet@mail.example,Jugarea Falnet,"131,44 €",EUR,,Point relais
WEB-028498,2025-06-14 17:42:00,paid,milona.cordis@exemple.org,Milona Cordis,158.42,EUR,,Domicile
WEB-028474,2025-06-14 18:09:00,paid,rilonin.wendis@exemple.org,Rilonin Wendis,"44,19 €",EUR,,Domicile
WEB-028471,2025-06-14 19:14:00,paid,NASOLEA.VALMONT@COURRIER.TEST,Nasolea Valmont,49.14,EUR,,Point relais
WEB-028467,2025-06-14 19:40:00,paid,duvalu.galmont@exemple.org,Duvalu Galmont,"156,16 €",eur,,Domicile
WEB-028483,2025-06-14 20:51:00,paid,yunelia.tortier@exemple.org,Yunelia Tortier,"137,82 €",EUR,,Domicile
WEB-028506,2025-06-14 21:21:00,paid,zomone.rosgren@exemple.org,Zomone Rosgren,56.45,EUR,,Point relais
WEB-028488,2025-06-14 21:33:00,Paid,mivinan.nevsac@exemple.org,Mivinan Nevsac,32.86,EUR,,Domicile
WEB-028522,2025-06-15 12:49:00,paid,migari.tarvane@exemple.org,Migari Tarvane,63.56,EUR,,Point relais
WEB-028514,2025-06-15 13:09:00,paid,ORSENEL.BRENTIER29@EXEMPLE.ORG,Orsenel Brentier,12.63,EUR,FIDELITE,Point relais
WEB-028510,2025-06-15 13:35:00,paid,rimarin.ostner@courrier.test,Rimarin Ostner,201.28,EUR,FIDELITE,Domicile
WEB-028527,2025-06-15 14:52:00,paid,mataria.wenkan@mail.example,Mataria Wenkan,"159,45 €",EUR,,Domicile
WEB-028508,2025-06-15 14:53:00,Paid, rilisa.roslais@mail.example,Rilisa Roslais,"31,73 €",€,,Point relais
WEB-028521,2025-06-15 15:16:00,paid,rirelel.havlin@courrier.test,Rirelel Havlin,270.39,EUR,,Domicile
WEB-028526,2025-06-15 15:17:00,Paid,RIMARIN.OSTNER@COURRIER.TEST,Rimarin Ostner,"29,67",EUR,,Domicile
WEB-028513,2025-06-15 15:48:00,paid,kalonel.monvane@exemple.org,Kalonel Monvane,"39,04 €",EUR,,Domicile
WEB-028515,2025-06-15 16:28:00,PAID,balonan.ravner@mail.example,Balonan Ravner,"172,72 €",EUR,FIDELITE,Domicile
WEB-028524,2025-06-15 17:01:00,paid,eltelu.kelmer@mail.example,Eltelu Kelmer,"24,52 €",EUR,,Domicile
WEB-028523,2025-06-15 17:22:00,paid,lolonan.valkan@exemple.org,Lolonan Valkan,"12,26 €",EUR,,Domicile
WEB-028518,2025-06-15 17:56:00,paid,zorelu.havvane@mail.example,Zorelu Havvane,"73,96 €",EUR,,Point relais
WEB-028512,2025-06-15 18:41:00,paid,zodaru.valdal@exemple.org,Zodaru Valdal,303.25,EUR,,Point relais
WEB-028516,2025-06-15 19:58:00,paid,yugaran.tarver@exemple.org,Yugaran Tarver,217.96,EUR,,Domicile
WEB-T0058,2025-06-15 19:58:00,paid,test@example.com,Test Test,"1,00",EUR,,Domicile
WEB-028520,2025-06-15 21:00:00,paid,navene.monvoir@courrier.test,Navene Monvoir,53.26,EUR,,Retrait magasin
WEB-028536,2025-06-16 12:06:00,Paid,namaro.corsen@courrier.test,Namaro Corsen,"192,41",EUR,,Point relais
WEB-028540,2025-06-16 12:21:00,PAID,juliso.pernet@courrier.test,Juliso Pernet,53.26,EUR,,Point relais
WEB-028535,2025-06-16 12:25:00,paid,eltele.perdis@courrier.test,Eltele Perdis,16.38,EUR,,Domicile
WEB-028564,2025-06-16 12:44:00,paid,solisan.lansac@exemple.org,Solisan Lansac,"360,20",€,,Domicile
WEB-028541,2025-06-16 12:54:00,cancelled,mavino.wenmer@courrier.test,Mavino Wenmer,96.62,EUR,,Domicile
WEB-028543,2025-06-16 13:11:00,PAID,MAGARI.WENVER@EXEMPLE.ORG,Magari Wenver,"52,33 €",EUR,,Point relais
WEB-028562,2025-06-16 14:30:00,cancelled,senelu.valsen@exemple.org,Senelu Valsen,"200,55 €",€,,Domicile
WEB-028550,2025-06-16 14:34:00,PAID,senelin.montier@exemple.org,Senelin Montier,"90,24",EUR,,Point relais
WEB-028537,2025-06-16 14:50:00,paid,SOVINA.OSTTIER@COURRIER.TEST,Sovina Osttier,"107,85",EUR,,Point relais
WEB-028529,2025-06-16 15:17:00,paid,duborin.kelner@courrier.test,Duborin Kelner,26.68,€,,Point relais
WEB-028546,2025-06-16 15:40:00,paid,jurisea.valbert@mail.example,Jurisea Valbert,"55,32 €",€,,Domicile
WEB-028533,2025-06-16 16:08:00,paid,mitarea.targren@courrier.test,Mitarea Targren,"278,93 €",EUR,,Point relais
WEB-028534,2025-06-16 16:28:00,paid,lovalel.torbel@exemple.org,Lovalel Torbel,"13,19",EUR,,Point relais
WEB-028549,2025-06-16 16:33:00,paid,seveni.brennet@exemple.org,Seveni Brennet,"175,83",EUR,,Domicile
WEB-028554,2025-06-16 16:34:00,PAID,JUDANIA.LANMONT@COURRIER.TEST,Judania Lanmont,16.38,EUR,,Domicile
WEB-028532,2025-06-16 18:41:00,Paid,pilona.rosver@courrier.test,Pilona Rosver,79.01,EUR,,Point relais
WEB-028545,2025-06-16 20:42:00,paid,rinelan.torbert@courrier.test,Rinelan Torbert,134.73,EUR,,Domicile
WEB-028580,2025-06-17 11:40:00,paid,orsenia.nevsen@exemple.org,Orsenia Nevsen,"2,99 €",EUR,,Domicile
WEB-028569,2025-06-17 14:06:00,PAID,yureli.dunkan@exemple.org,Yureli Dunkan,"117,12 €",EUR,,Retrait magasin
WEB-T0030,2025-06-17 14:06:00,PAID,test@example.com,Test Test,"1,00",EUR,,Retrait magasin
WEB-028582,2025-06-17 15:10:00,paid,mamare.tarkan@mail.example,Mamare Tarkan,"85,29",€,,Domicile
WEB-028588,2025-06-17 15:57:00,paid,sotare.nevbel@exemple.org,Sotare Nevbel,"53,26",€,,Domicile
WEB-028590,2025-06-17 16:04:00,Paid,dulone.cortier@courrier.test,Dulone Cortier,"170,58 €",€,,Domicile
WEB-028571,2025-06-17 16:24:00,paid,sodare.nevbel@mail.example,Sodare Nevbel,115.06,eur,,Retrait magasin
WEB-028593,2025-06-17 16:36:00,paid,nataro.monner@exemple.org,Nataro Monner,"25,55",EUR,,Point relais
WEB-028570,2025-06-17 17:01:00,paid,arnoran.torsen@exemple.org,Arnoran Torsen,"24,62",EUR,,Domicile
WEB-028579,2025-06-17 17:15:00,paid,juvenin.duntier@exemple.org,Juvenin Duntier,"40,90 €",€,,Domicile
WEB-028567,2025-06-17 17:24:00,PAID,rimari.dunlais56@exemple.org,Rimari Dunlais,"78,08 €",EUR,,Domicile
WEB-028575,2025-06-17 17:33:00,PAID,zonelia.nevsen31@exemple.org,Zonelia Nevsen,274.31,EUR,,Point relais
WEB-028581,2025-06-17 17:51:00,paid,namonu.tarver@exemple.org,Namonu Tarver,94.46,EUR,,Point relais
WEB-028589,2025-06-17 18:07:00,PAID,dutarin.brensac6@courrier.test,Dutarin Brensac,"118,15 €",eur,,Domicile
WEB-028587,2025-06-17 18:28:00,Paid,bamaran.falgren@mail.example,Bamaran Falgren,161.31,EUR,,Domicile
WEB-028583,2025-06-17 18:52:00,paid,riboran.brenmar@exemple.org,Riboran Brenmar,"56,55",€,,Domicile
WEB-028584,2025-06-17 19:47:00,paid,natele.roslais@courrier.test,Natele Roslais,"41,00 €",EUR,,Domicile
WEB-028601,2025-06-18 11:01:00,paid,minelel.ostmar@exemple.org,Minelel Ostmar,"125,46 €",EUR,,Domicile
WEB-028614,2025-06-18 13:30:00,paid,pinelo.tormar@mail.example,Pinelo Tormar,71.80,EUR,,Retrait magasin
WEB-028615,2025-06-18 13:50:00,paid,tataro.galmont@courrier.test,Tataro Galmont,"17,52 €",EUR,FIDELITE,Retrait magasin
WEB-028624,2025-06-18 14:51:00,paid,dutaria.landis45@mail.example,Dutaria Landis,66.55,€,,Retrait magasin
WEB-028611,2025-06-18 15:20:00,Paid,fevalel.havmont@exemple.org,Fevalel Havmont,"91,47 €",EUR,,Domicile
WEB-028621,2025-06-18 15:41:00,Paid,pirelan.dunrand10@exemple.org,Pirelan Dunrand,"164,40 €",EUR,,Point relais
WEB-028606,2025-06-18 16:35:00,paid,ortelea.perdis@exemple.org,Ortelea Perdis,39.04,EUR,,Domicile
WEB-028618,2025-06-18 17:00:00,paid,ormonan.brenmont@courrier.test,Ormonan Brenmont,64.39,EUR,,Point relais
WEB-028622,2025-06-18 17:39:00,cancelled,jurisel.dunvane@exemple.org,Jurisel Dunvane,"138,85 €",EUR,,Domicile
WEB-028620,2025-06-18 17:42:00,paid,SOTELEA.RAVRAND69@COURRIER.TEST,Sotelea Ravrand,84.16,EUR,,Domicile
WEB-028605,2025-06-18 19:01:00,PAID,pimonel.tormar@exemple.org,Pimonel Tormar,"278,59 €",EUR,FIDELITE,Domicile
WEB-028617,2025-06-18 19:04:00,Paid,talone.corgren@exemple.org,Talone Corgren,8.14,EUR,,Point relais
WEB-028609,2025-06-18 19:39:00,Paid,jumarin.havmont78@courrier.test,Jumarin Havmont,85.09,EUR,,Point relais
WEB-028623,2025-06-18 19:51:00,paid,durela.perbel@mail.example,Durela Perbel,"71,90 €",EUR,,Domicile
WEB-028619,2025-06-18 20:37:00,PAID,rikenia.tarnet@exemple.org,Rikenia Tarnet,"32,86",EUR,,Domicile
WEB-028602,2025-06-18 21:53:00,PAID,nasolea.valmont@courrier.test,Nasolea Valmont,104.76,€,,Point relais
WEB-028594,2025-06-18 21:59:00,paid,naboru.roslais26@exemple.org,Naboru Roslais,29.77,EUR,,Domicile
WEB-028626,2025-06-19 11:11:00,paid,SODANU.PERNER62@MAIL.EXAMPLE,Sodanu Perner,"76,95 €",EUR,,Point relais
WEB-028647,2025-06-19 11:59:00,paid,vebora.monnet47@exemple.org,Vebora Monnet,151.01,EUR,,Domicile
WEB-028660,2025-06-19 12:01:00,paid,nadanea.perlais@mail.example,Nadanea Perlais,"105,89 €",EUR,,Domicile
WEB-028636,2025-06-19 12:12:00,PAID,rirelel.havlin@courrier.test,Rirelel Havlin,"52,43 €",EUR,,Domicile
WEB-028631,2025-06-19 12:19:00,paid,elsene.valbert@courrier.test,Elsene Valbert,322.62,€,,Domicile
WEB-028629,2025-06-19 14:00:00,Paid,ZOKENEL.DORMER@EXEMPLE.ORG,Zokenel Dormer,"218,79",EUR,,Point relais
WEB-028648,2025-06-19 15:13:00,Paid,rinore.valmer@mail.example,Rinore Valmer,"156,26 €",€,,Domicile
WEB-028630,2025-06-19 15:45:00,paid,vedare.nevtier@courrier.test,Vedare Nevtier,"140,91 €",€,,Point relais
WEB-028638,2025-06-19 15:53:00,Paid,felise.havmar@exemple.org,Felise Havmar,"28,74 €",EUR,,Domicile
WEB-028645,2025-06-19 16:01:00,Paid,solonan.falbert@exemple.org,Solonan Falbert,"194,37 €",€,,Point relais
WEB-028658,2025-06-19 16:04:00,paid,orrela.dorlais@mail.example,Orrela Dorlais,32.76,EUR,,Point relais
WEB-028646,2025-06-19 16:05:00,PAID,yutele.wenner@mail.example,Yutele Wenner,68.71,EUR,,Point relais
WEB-028650,2025-06-19 16:27:00,paid,lomara.falbert@exemple.org,Lomara Falbert,"190,05 €",EUR,,Domicile
WEB-028659,2025-06-19 16:46:00,Paid,batari.torvane@exemple.org,Batari Torvane,224.04,EUR,,Domicile
WEB-028641,2025-06-19 16:57:00,paid, kanora.wenner@mail.example,Kanora Wenner,"24,52 €",EUR,,Point relais
WEB-028642,2025-06-19 17:29:00,Paid,SORELIN.MONBEL@EXEMPLE.ORG,Sorelin Monbel,53.36,eur,,Domicile
WEB-028639,2025-06-19 17:53:00,paid,jutarea.brenbel57@exemple.org,Jutarea Brenbel,"36,98 €",EUR,,Domicile
WEB-028643,2025-06-19 17:59:00,paid,rikenu.brenmar@exemple.org,Rikenu Brenmar,24.62,EUR,,Domicile
WEB-028625,2025-06-19 18:48:00,paid, nadana.sorbert@courrier.test,Nadana Sorbert,"83,23",EUR,,Domicile
WEB-028634,2025-06-19 18:50:00,paid, kasena.corsac@exemple.org,Kasena Corsac,46.25,€,,Point relais
WEB-028637,2025-06-19 21:17:00,paid,rinoru.perkan@courrier.test,Rinoru Perkan,"186,13 €",EUR,,Point relais
WEB-028692,2025-06-20 10:05:00,Paid,tasenan.dunmer@mail.example,Tasenan Dunmer,135.66,EUR,,Domicile
WEB-028665,2025-06-20 10:41:00,PAID,rikene.monmont13@exemple.org,Rikene Monmont,190.62,EUR,FIDELITE,Domicile
WEB-028682,2025-06-20 12:58:00,paid,solonea.sormar@exemple.org,Solonea Sormar,39.04,EUR,,Domicile
WEB-028689,2025-06-20 14:24:00,PAID,zodano.galmer12@exemple.org,Zodano Galmer,276.67,€,,Domicile
WEB-028673,2025-06-20 15:13:00,PAID,arlisi.faltier@courrier.test,Arlisi Faltier,"192,21 €",EUR,,Point relais
WEB-028671,2025-06-20 15:19:00,PAID,lolona.dunlais@exemple.org,Lolona Dunlais,50.27,EUR,,Domicile
WEB-028681,2025-06-20 15:24:00,paid,elvino.torkan@mail.example,Elvino Torkan,"66,65 €",EUR,,Point relais
WEB-028663,2025-06-20 16:48:00,paid,FELONEL.TORTIER@MAIL.EXAMPLE,Felonel Tortier,"221,78 €",EUR,,Point relais
WEB-028676,2025-06-20 17:01:00,paid,yumona.lanvane@exemple.org,Yumona Lanvane,"154,20",EUR,,Domicile
WEB-028676,2025-06-20 17:01:00,paid,yumona.lanvane@exemple.org,Yumona Lanvane,"154,20",EUR,,Domicile
WEB-028687,2025-06-20 17:35:00,Paid,duvinea.cormer@exemple.org,Duvinea Cormer,"58,41 €",EUR,,Point relais
WEB-028685,2025-06-20 19:47:00,paid,barisu.torrand43@exemple.org,Barisu Torrand,"89,31 €",EUR,,Domicile
WEB-028684,2025-06-20 20:59:00,paid,juborin.sorvoir4@mail.example,Juborin Sorvoir,254.01,EUR,,Point relais
WEB-028674,2025-06-20 21:46:00,paid,fevinin.galsac@exemple.org,Fevinin Galsac,209.72,EUR,,Point relais
WEB-028702,2025-06-21 10:30:00,Paid,ZOVININ.PERMONT@MAIL.EXAMPLE,Zovinin Permont,208.93,EUR,FIDELITE,Domicile
WEB-028695,2025-06-21 10:45:00,Paid,jusolel.ostrand@exemple.org,Jusolel Ostrand,"155,01 €",EUR,FIDELITE,Point relais
WEB-028721,2025-06-21 11:22:00,paid,ARKENEL.NEVDAL@EXEMPLE.ORG,Arkenel Nevdal,"88,38 €",€,,Point relais
WEB-028729,2025-06-21 12:03:00,Paid,sorelel.kelmont@courrier.test,Sorelel Kelmont,"86,12 €",EUR,,Domicile
WEB-028732,2025-06-21 12:10:00,PAID,lonelia.corvane11@exemple.org,Lonelia Corvane,"44,19 €",EUR,,Domicile
WEB-028697,2025-06-21 12:48:00,Paid,rirela.tormont@courrier.test,Rirela Tormont,38.94,EUR,,Domicile
WEB-028739,2025-06-21 12:57:00,PAID,orborea.falsen@exemple.org,Orborea Falsen,"49,14 €",EUR,,Domicile
WEB-028741,2025-06-21 13:01:00,paid,elmara.dorvane@exemple.org,Elmara Dorvane,214.89,EUR,FIDELITE,Domicile
WEB-028717,2025-06-21 13:29:00,Paid,rinelu.perdal@exemple.org,Rinelu Perdal,"99,71 €",EUR,,Point relais
WEB-028728,2025-06-21 14:17:00,PAID,kaneli.dornet@exemple.org,Kaneli Dornet,56.45,EUR,,Point relais
WEB-028737,2025-06-21 15:16:00,Paid,ormaro.torlin@exemple.org,Ormaro Torlin,101.57,EUR,,Retrait magasin
WEB-028733,2025-06-21 15:32:00,Paid,vebori.wensac@mail.example,Vebori Wensac,160.48,EUR,,Domicile
WEB-028701,2025-06-21 16:40:00,paid,pidanea.brenlais@courrier.test,Pidanea Brenlais,"202,61",EUR,,Point relais
WEB-028698,2025-06-21 17:01:00,paid,sevalea.dormar@courrier.test,Sevalea Dormar,43.99,EUR,,Domicile
WEB-028704,2025-06-21 17:05:00,paid,fevale.lankan@exemple.org,Fevale Lankan,134.73,EUR,,Domicile
WEB-028736,2025-06-21 17:32:00,paid,zorisin.lankan@courrier.test,Zorisin Lankan,"85,19 €",EUR,,Domicile
WEB-028740,2025-06-21 18:28:00,paid,MATARIN.TARSEN@EXEMPLE.ORG,Matarin Tarsen,"32,86 €",EUR,,Point relais
WEB-028715,2025-06-21 18:49:00,paid,tavenea.monver@exemple.org,Tavenea Monver,"174,90 €",EUR,,Domicile
WEB-028730,2025-06-21 19:08:00,paid,ZOGARU.PERTIER32@MAIL.EXAMPLE,Zogaru Pertier,"149,05 €",EUR,,Point relais
WEB-028711,2025-06-21 19:54:00,paid,arvino.mondis@mail.example,Arvino Mondis,"89,31",EUR,,Domicile
WEB-028727,2025-06-21 20:44:00,PAID,fesolia.dorsen@exemple.org,Fesolia Dorsen,"212,81",EUR,,Point relais
WEB-028706,2025-06-21 20:49:00,paid,orsene.montier16@mail.example,Orsene Montier,114.86,eur,,Point relais
WEB-028742,2025-06-21 21:00:00,paid,elgare.galbel@exemple.org,Elgare Galbel,"35,95 €",€,,Domicile
WEB-028707,2025-06-21 21:28:00,PAID,tarise.montier84@courrier.test,Tarise Montier,"113,93 €",EUR,,Point relais
WEB-028725,2025-06-21 21:34:00,paid,arlonia.ostmont@courrier.test,Arlonia Ostmont,"140,61",EUR,,Point relais
WEB-028766,2025-06-22 10:57:00,paid,yuvinan.ravvoir@mail.example,Yuvinan Ravvoir,78.08,eur,,Domicile
WEB-028760,2025-06-22 11:57:00,PAID, kasola.monmer@exemple.org,Kasola Monmer,"138,75 €",EUR,,Point relais
WEB-028755,2025-06-22 14:10:00,paid,VENORU.LANMAR@EXEMPLE.ORG,Venoru Lanmar,"73,86 €",eur,,Point relais
WEB-028759,2025-06-22 14:26:00,paid,naborin.falvane@courrier.test,Naborin Falvane,"100,41",EUR,FIDELITE,Domicile
WEB-028767,2025-06-22 14:57:00,PAID,ritaria.dunmar@mail.example,Ritaria Dunmar,56.25,€,,Retrait magasin
WEB-028744,2025-06-22 15:35:00,paid,zovina.rossac@courrier.test,Zovina Rossac,"123,20 €",EUR,,Domicile
WEB-028751,2025-06-22 16:07:00,paid,lovinin.monlin@mail.example,Lovinin Monlin,"87,25 €",eur,,Point relais
WEB-028747,2025-06-22 16:14:00,paid,dusoli.rossac@exemple.org,Dusoli Rossac,"5,05 €",eur,,Retrait magasin
WEB-028757,2025-06-22 17:26:00,PAID,kasolia.ostmer@exemple.org,Kasolia Ostmer,25.55,EUR,,Domicile
WEB-028756,2025-06-22 17:57:00,paid,ARNELIA.PERMER@EXEMPLE.ORG,Arnelia Permer,"79,21",EUR,,Domicile
WEB-028768,2025-06-22 18:42:00,paid,batarel.lanbel1@exemple.org,Batarel Lanbel,"132,57 €",EUR,,Domicile
WEB-028764,2025-06-22 20:28:00,paid,bagaro.sormar@courrier.test,Bagaro Sormar,"91,47",EUR,,Domicile
WEB-028792,2025-06-23 10:13:00,PAID,risolin.brensac@exemple.org,Risolin Brensac,279.38,eur,FIDELITE,Retrait magasin
WEB-028792,2025-06-23 10:13:00,PAID,risolin.brensac@exemple.org,Risolin Brensac,279.38,eur,FIDELITE,Retrait magasin
WEB-028784,2025-06-23 11:32:00,paid,senoru.wendis@exemple.org,Senoru Wendis,200.45,EUR,,Domicile
WEB-028774,2025-06-23 11:44:00,PAID,zodano.kelbert@courrier.test,Zodano Kelbert,79.11,EUR,,Domicile
WEB-028780,2025-06-23 12:58:00,cancelled,tavala.mongren54@exemple.org,Tavala Mongren,"105,49",EUR,FIDELITE,Point relais
WEB-028795,2025-06-23 14:00:00,paid,BAGARA.RAVBERT@COURRIER.TEST,Bagara Ravbert,93.43,EUR,,Domicile
WEB-028788,2025-06-23 14:14:00,PAID,banorel.dunmer@exemple.org,Banorel Dunmer,"147,92 €",eur,,Domicile
WEB-028781,2025-06-23 16:35:00,PAID,narisi.sorsen@courrier.test,Narisi Sorsen,"68,91",€,,Domicile
WEB-028770,2025-06-23 17:07:00,paid,kanelel.dunrand@exemple.org,Kanelel Dunrand,"93,63 €",EUR,,Point relais
WEB-028776,2025-06-23 17:43:00,PAID,ORDAREA.HAVNET@EXEMPLE.ORG,Ordarea Havnet,"211,68 €",EUR,,Point relais
WEB-028789,2025-06-23 18:49:00,PAID,fevali.wenbert@exemple.org,Fevali Wenbert,160.38,EUR,,Domicile
WEB-028791,2025-06-23 19:18:00,paid,PIMONE.NEVMER@MAIL.EXAMPLE,Pimone Nevmer,"151,11 €",EUR,,Domicile
WEB-028790,2025-06-23 21:28:00,paid,ferelel.falver@exemple.org,Ferelel Falver,146.89,EUR,,Domicile
WEB-028794,2025-06-23 21:45:00,paid,seboro.sorkan@exemple.org,Seboro Sorkan,"35,95",EUR,,Domicile
WEB-028824,2025-06-24 09:32:00,PAID,serisin.monver@mail.example,Serisin Monver,270.39,EUR,,Domicile
WEB-028800,2025-06-24 10:09:00,paid,pitare.sorner@exemple.org,Pitare Sorner,116.53,EUR,SOLDES,Point relais
WEB-028810,2025-06-24 10:11:00,cancelled,rilonu.lanlais@exemple.org,Rilonu Lanlais,90.24,€,SOLDES,Point relais
WEB-028814,2025-06-24 12:43:00,PAID,argara.kelver@courrier.test,Argara Kelver,53.16,€,,Domicile
WEB-028802,2025-06-24 13:23:00,PAID,rigare.rosgren80@mail.example,Rigare Rosgren,4.02,EUR,,Point relais
WEB-028811,2025-06-24 13:54:00,paid,fevinin.galsac@exemple.org,Fevinin Galsac,20.50,€,,Domicile
WEB-028828,2025-06-24 14:01:00,paid,kavino.falvane@courrier.test,Kavino Falvane,2.39,EUR,SOLDES,Domicile
WEB-028827,2025-06-24 14:08:00,PAID,KATAREA.RAVSAC@EXEMPLE.ORG,Katarea Ravsac,"71,90 €",eur,,Point relais
WEB-028799,2025-06-24 14:18:00,paid,orsolel.tordal@courrier.test,Orsolel Tordal,"60,73 €",EUR,SOLDES,Domicile
WEB-028801,2025-06-24 15:56:00,paid,pimona.havmer@exemple.org,Pimona Havmer,"83,07 €",EUR,SOLDES,Domicile
WEB-028829,2025-06-24 17:26:00,paid,lolisea.dorlin@mail.example,Lolisea Dorlin,63.37,EUR,SOLDES,Point relais
WEB-028806,2025-06-24 17:27:00,paid,orlisin.tarbel@courrier.test,Orlisin Tarbel,"63,37 €",EUR,SOLDES,Domicile
WEB-028816,2025-06-24 18:12:00,Paid,eltaran.nevdal@exemple.org,Eltaran Nevdal,"46,06 €",EUR,SOLDES,Domicile
WEB-028834,2025-06-24 18:20:00,PAID,vesolea.rosmont@exemple.org,Vesolea Rosmont,48.21,EUR,,Domicile
WEB-028804,2025-06-24 18:50:00,paid,mimarea.tordal@courrier.test,Mimarea Tordal,126.39,EUR,,Point relais
WEB-028808,2025-06-24 20:12:00,paid,tavalin.ravner@exemple.org,Tavalin Ravner,"34,36",€,SOLDES,Point relais
WEB-028815,2025-06-24 20:51:00,paid,zodanin.monver@courrier.test,Zodanin Monver,"36,10 €",EUR,SOLDES,Point relais
WEB-028823,2025-06-24 21:17:00,Paid,feboria.sorbert@exemple.org,Feboria Sorbert,"139,85 €",EUR,SOLDES,Domicile
WEB-T0056,2025-06-24 21:17:00,Paid,test@example.com,Test Test,"1,00",EUR,SOLDES,Domicile
WEB-028862,2025-06-25 08:33:00,PAID,zomoni.sormar@exemple.org,Zomoni Sormar,77.98,EUR,,Point relais
WEB-028855,2025-06-25 09:19:00,paid,elvala.brengren@exemple.org,Elvala Brengren,22.56,EUR,,Point relais
WEB-028851,2025-06-25 11:28:00,Paid,rikenu.brenmar@exemple.org,Rikenu Brenmar,79.11,EUR,,Domicile
WEB-028865,2025-06-25 12:34:00,paid,kalonel.sorgren@exemple.org,Kalonel Sorgren,"125,99",EUR,SOLDES,Domicile
WEB-028854,2025-06-25 13:49:00,cancelled,elrisia.gallais@exemple.org,Elrisia Gallais,"94,56 €",EUR,,Point relais
WEB-028846,2025-06-25 13:54:00,Paid,yutarea.brendis@exemple.org,Yutarea Brendis,"28,64 €",EUR,,Point relais
WEB-028849,2025-06-25 14:20:00,paid,nanoro.gallais@mail.example,Nanoro Gallais,"107,62 €",€,SOLDES,Point relais
WEB-028844,2025-06-25 14:21:00,PAID,setara.wenlais@exemple.org,Setara Wenlais,"22,91 €",EUR,SOLDES,Domicile
WEB-028861,2025-06-25 14:44:00,paid,ornelel.corver@courrier.test,Ornelel Corver,"156,26",EUR,,Domicile
WEB-028853,2025-06-25 14:53:00,Paid,orgaria.galrand@courrier.test,Orgaria Galrand,"101,94 €",EUR,SOLDES,Point relais
WEB-T0037,2025-06-25 14:53:00,Paid,test@example.com,Test Test,"1,00",EUR,SOLDES,Point relais
WEB-028840,2025-06-25 15:38:00,PAID,balisia.nevtier@courrier.test,Balisia Nevtier,"49,24 €",EUR,,Domicile
WEB-028850,2025-06-25 15:53:00,paid,narisel.ravkan@courrier.test,Narisel Ravkan,"111,97 €",EUR,,Domicile
WEB-028860,2025-06-25 15:54:00,paid,pisolu.rosgren@courrier.test,Pisolu Rosgren,"130,41",EUR,,Domicile
WEB-028841,2025-06-25 16:14:00,PAID,sogara.havgren@exemple.org,Sogara Havgren,45.08,EUR,SOLDES,Domicile
WEB-028847,2025-06-25 17:53:00,PAID,sesenel.langren@exemple.org,Sesenel Langren,"63,37 €",EUR,SOLDES,Point relais
WEB-028838,2025-06-25 18:05:00,paid,velone.dormar@exemple.org,Velone Dormar,41.94,EUR,SOLDES,Point relais
WEB-028859,2025-06-25 18:48:00,paid,zorisin.lankan@courrier.test,Zorisin Lankan,"134,82 €",EUR,SOLDES,Point relais
WEB-028863,2025-06-25 19:03:00,paid,semonia.keldis@exemple.org,Semonia Keldis,"85,38 €",eur,SOLDES,Retrait magasin
WEB-028845,2025-06-25 21:51:00,paid,rivenu.ostnet@exemple.org,Rivenu Ostnet,"50,37 €",EUR,,Domicile
WEB-028880,2025-06-26 09:55:00,paid,felisea.kelvane69@courrier.test,Felisea Kelvane,"139,68",€,SOLDES,Retrait magasin
WEB-028868,2025-06-26 14:11:00,PAID, elrelel.dorver@exemple.org,Elrelel Dorver,216.73,EUR,,Domicile
WEB-028876,2025-06-26 14:30:00,paid,kasenia.havdis@exemple.org,Kasenia Havdis,149.15,EUR,,Point relais
WEB-028869,2025-06-26 15:17:00,paid,lonelel.wendal@exemple.org,Lonelel Wendal,"18,05 €",EUR,SOLDES,Domicile
WEB-028889,2025-06-26 15:34:00,Paid,lolisa.torsen37@mail.example,Lolisa Torsen,57.38,EUR,,Point relais
WEB-028871,2025-06-26 16:32:00,paid,felisea.rosner@courrier.test,Felisea Rosner,73.84,eur,SOLDES,Retrait magasin
WEB-028886,2025-06-26 16:49:00,PAID,velisi.roslin@courrier.test,Velisi Roslin,"26,21",EUR,SOLDES,Domicile
WEB-028878,2025-06-26 17:01:00,PAID,lolona.dunlais@exemple.org,Lolona Dunlais,"125,99",EUR,SOLDES,Domicile
WEB-028867,2025-06-26 17:02:00,paid,misena.dunkan@mail.example,Misena Dunkan,"79,21",EUR,,Point relais
WEB-028892,2025-06-26 17:40:00,PAID,MAMONE.VALKAN@EXEMPLE.ORG,Mamone Valkan,"26,48 €",EUR,,Domicile
WEB-028887,2025-06-26 17:43:00,paid,kadari.perdis@exemple.org,Kadari Perdis,156.26,eur,,Domicile
WEB-028890,2025-06-26 17:52:00,PAID,lolona.dunlais@exemple.org,Lolona Dunlais,"104,17 €",EUR,SOLDES,Point relais
WEB-028882,2025-06-26 20:17:00,paid,madaru.kelsac37@exemple.org,Madaru Kelsac,"40,22 €",EUR,SOLDES,Domicile
WEB-028884,2025-06-26 20:56:00,PAID,magari.wenver@exemple.org,Magari Wenver,31.07,EUR,SOLDES,Domicile
WEB-028903,2025-06-27 09:06:00,paid,ardanan.tarvoir@exemple.org,Ardanan Tarvoir,22.99,EUR,SOLDES,Domicile
WEB-028922,2025-06-27 13:29:00,Paid,orlonan.havsac@exemple.org,Orlonan Havsac,"27,03 €",EUR,SOLDES,Point relais
WEB-028904,2025-06-27 13:52:00,paid,sesenel.langren@exemple.org,Sesenel Langren,"97,65 €",EUR,SOLDES,Point relais
WEB-028928,2025-06-27 14:29:00,paid,sovenea.dunbert@exemple.org,Sovenea Dunbert,187.63,EUR,SOLDES,Domicile
WEB-028907,2025-06-27 14:46:00,paid,minelan.sordis@exemple.org,Minelan Sordis,"27,51 €",EUR,,Point relais
WEB-028918,2025-06-27 15:35:00,paid,semono.lanver@exemple.org,Semono Lanver,"18,05",EUR,SOLDES,Point relais
WEB-028897,2025-06-27 15:44:00,Paid,pimonea.tormont@exemple.org,Pimonea Tormont,"182,84",EUR,,Domicile
WEB-028893,2025-06-27 16:01:00,paid, pidanan.ravner@courrier.test,Pidanan Ravner,"16,38 €",€,,Domicile
WEB-028910,2025-06-27 16:16:00,paid,JUTELIA.ROSDAL@COURRIER.TEST,Jutelia Rosdal,66.85,EUR,,Point relais
WEB-028917,2025-06-27 16:25:00,paid,yunorin.corvoir@courrier.test,Yunorin Corvoir,"10,20 €",eur,,Point relais
WEB-028912,2025-06-27 16:57:00,PAID,sovalu.dunner@exemple.org,Sovalu Dunner,"296,99 €",EUR,SOLDES,Point relais
WEB-028908,2025-06-27 17:13:00,paid,elboran.cortier@exemple.org,Elboran Cortier,69.74,EUR,,Point relais
WEB-028899,2025-06-27 17:51:00,PAID,SERISI.NEVLAIS@EXEMPLE.ORG,Serisi Nevlais,"188,19",EUR,,Domicile
WEB-028927,2025-06-27 18:08:00,paid,seboro.sorkan@exemple.org,Seboro Sorkan,182.53,EUR,SOLDES,Point relais
WEB-028923,2025-06-27 19:38:00,PAID,RIVENEA.TORKAN@MAIL.EXAMPLE,Rivenea Torkan,143.05,EUR,SOLDES,Point relais
WEB-028924,2025-06-27 20:03:00,PAID,rilonan.galbel@courrier.test,Rilonan Galbel,"8,16 €",EUR,SOLDES,Domicile
WEB-028935,2025-06-28 11:06:00,paid,yutarel.permont71@courrier.test,Yutarel Permont,23.82,€,SOLDES,Domicile
WEB-028933,2025-06-28 11:48:00,paid,fetelin.wenmont@exemple.org,Fetelin Wenmont,226.20,EUR,SOLDES,Point relais
WEB-028940,2025-06-28 13:23:00,PAID,mavine.tarnet@exemple.org,Mavine Tarnet,29.51,EUR,SOLDES,Domicile
WEB-028955,2025-06-28 13:31:00,paid,vedanea.valnet@exemple.org,Vedanea Valnet,"28,74",EUR,,Point relais
WEB-028960,2025-06-28 14:14:00,paid,elborea.wensen@exemple.org,Elborea Wensen,"50,85 €",EUR,SOLDES,Point relais
WEB-028951,2025-06-28 14:25:00,Paid,bavini.falmont@mail.example,Bavini Falmont,"155,50",€,SOLDES,Point relais
WEB-028977,2025-06-28 14:58:00,PAID,judania.lanmont@courrier.test,Judania Lanmont,58.34,EUR,SOLDES,Domicile
WEB-028937,2025-06-28 15:36:00,Paid,marelan.wennet@exemple.org,Marelan Wennet,93.70,EUR,SOLDES,Retrait magasin
WEB-028966,2025-06-28 16:02:00,paid,ELVALA.KELSAC66@EXEMPLE.ORG,Elvala Kelsac,54.39,€,,Domicile
WEB-028963,2025-06-28 18:03:00,paid,judara.valsac@courrier.test,Judara Valsac,"236,08",EUR,SOLDES,Domicile
WEB-028932,2025-06-28 18:34:00,paid,marelan.wennet@exemple.org,Marelan Wennet,"77,96",EUR,SOLDES,Point relais
WEB-028964,2025-06-28 18:41:00,PAID,elborea.wensen@exemple.org,Elborea Wensen,"24,62 €",EUR,,Point relais
WEB-028964,2025-06-28 18:41:00,PAID,elborea.wensen@exemple.org,Elborea Wensen,"24,62 €",EUR,,Point relais
WEB-028938,2025-06-28 19:01:00,PAID,junelu.ravlais@courrier.test,Junelu Ravlais,155.57,€,SOLDES,Domicile
WEB-028939,2025-06-28 19:46:00,paid,kagarin.wentier75@mail.example,Kagarin Wentier,315.81,€,,Retrait magasin
WEB-028945,2025-06-28 20:25:00,PAID,lovene.dunmer@exemple.org,Lovene Dunmer,"37,74 €",EUR,SOLDES,Point relais
WEB-028980,2025-06-29 08:20:00,paid,zosenin.cortier@mail.example,Zosenin Cortier,"97,82",eur,SOLDES,Domicile
WEB-029002,2025-06-29 12:02:00,PAID,feneli.brenrand20@courrier.test,Feneli Brenrand,22.46,EUR,,Domicile
WEB-028989,2025-06-29 12:54:00,PAID,solisan.lansac@exemple.org,Solisan Lansac,"173,77",EUR,,Domicile
WEB-028983,2025-06-29 16:02:00,paid,dumonia.ostmar@mail.example,Dumonia Ostmar,27.03,EUR,SOLDES,Domicile
WEB-028995,2025-06-29 16:52:00,PAID,pirelel.tarnet@courrier.test,Pirelel Tarnet,8.98,EUR,SOLDES,Point relais
WEB-028985,2025-06-29 17:07:00,paid,SOSENEL.CORSAC@EXEMPLE.ORG,Sosenel Corsac,"213,92 €",EUR,SOLDES,Point relais
WEB-028992,2025-06-29 17:45:00,Paid,orsenia.nevsen@exemple.org,Orsenia Nevsen,"34,82 €",EUR,,Point relais
WEB-028979,2025-06-29 17:52:00,paid,yumona.rosmer92@exemple.org,Yumona Rosmer,"19,70 €",eur,SOLDES,Point relais
WEB-028999,2025-06-29 18:28:00,Paid,sorelea.keldal@courrier.test,Sorelea Keldal,"75,48",EUR,SOLDES,Point relais
WEB-028982,2025-06-29 20:00:00,paid,sorelan.corner@exemple.org,Sorelan Corner,"9,81 €",€,SOLDES,Domicile
WEB-028986,2025-06-29 20:53:00,PAID,yuvene.fallin5@mail.example,Yuvene Fallin,377.98,EUR,SOLDES,Domicile
WEB-029022,2025-06-30 08:51:00,paid,semare.ostmer@exemple.org,Semare Ostmer,53.48,EUR,SOLDES,Point relais
WEB-029030,2025-06-30 11:01:00,paid,ORVALO.VALBEL15@EXEMPLE.ORG,Orvalo Valbel,80.14,EUR,,Point relais
WEB-029031,2025-06-30 12:36:00,Paid,batelo.wenkan@exemple.org,Batelo Wenkan,31.23,EUR,SOLDES,Point relais
WEB-029008,2025-06-30 13:34:00,paid,yunora.nevsen@mail.example,Yunora Nevsen,203.34,EUR,,Domicile
WEB-029033,2025-06-30 13:53:00,paid,PIVALEA.TORMER@COURRIER.TEST,Pivalea Tormer,"170,99",EUR,SOLDES,Domicile
WEB-029026,2025-06-30 15:06:00,paid,ormari.lanmont@exemple.org,Ormari Lanmont,"54,39 €",EUR,,Point relais
WEB-029016,2025-06-30 15:43:00,paid,pimona.havmer@exemple.org,Pimona Havmer,155.42,EUR,SOLDES,Domicile
WEB-029028,2025-06-30 15:54:00,paid,sotaria.mondal@exemple.org,Sotaria Mondal,97.15,eur,SOLDES,Domicile
WEB-029012,2025-06-30 16:28:00,paid,ZONORE.FALBEL@COURRIER.TEST,Zonore Falbel,"141,64",EUR,,Retrait magasin
WEB-029007,2025-06-30 16:46:00,paid,KADANEA.KELBERT@MAIL.EXAMPLE,Kadanea Kelbert,"37,00 €",EUR,SOLDES,Point relais
WEB-029011,2025-06-30 16:47:00,paid,barisu.torrand43@exemple.org,Barisu Torrand,58.42,EUR,SOLDES,Retrait magasin
WEB-029029,2025-06-30 18:02:00,paid,lomarin.rossac@exemple.org,Lomarin Rossac,"116,19",EUR,,Domicile
WEB-029064,2025-07-01 08:13:00,paid,somone.corvoir@exemple.org,Somone Corvoir,"119,17 €",EUR,SOLDES,Domicile
WEB-029036,2025-07-01 13:00:00,PAID,rivenia.havlin@mail.example,Rivenia Havlin,"104,40 €",€,SOLDES,Domicile
WEB-029041,2025-07-01 14:36:00,paid,velisel.ostmont11@exemple.org,Velisel Ostmont,9.17,EUR,,Point relais
WEB-029062,2025-07-01 15:19:00,Paid,pilisea.ostdal@exemple.org,Pilisea Ostdal,"113,10",EUR,,Domicile
WEB-T0052,2025-07-01 15:19:00,Paid,test@example.com,Test Test,"1,00",EUR,,Domicile
WEB-029053,2025-07-01 16:06:00,paid,yutarel.pertier@exemple.org,Yutarel Pertier,"103,63 €",EUR,,Point relais
WEB-029045,2025-07-01 16:57:00,PAID,kakenan.ravver@mail.example,Kakenan Ravver,"8,98",EUR,SOLDES,Domicile
WEB-029039,2025-07-01 17:59:00,paid,MIMARAN.GALKAN@EXEMPLE.ORG,Mimaran Galkan,30.41,EUR,SOLDES,Point relais
WEB-029047,2025-07-01 18:13:00,paid,miborel.dunner@exemple.org,Miborel Dunner,"30,80",eur,,Point relais
WEB-029048,2025-07-01 18:43:00,Paid,ZOKENU.DORTIER@EXEMPLE.ORG,Zokenu Dortier,"260,29 €",EUR,,Point relais
WEB-029061,2025-07-01 19:26:00,Paid,dudari.havmer@exemple.org,Dudari Havmer,"113,55 €",EUR,SOLDES,Point relais
WEB-029058,2025-07-01 20:50:00,paid,segare.ravsen52@exemple.org,Segare Ravsen,92.40,EUR,,Domicile
WEB-029074,2025-07-02 12:12:00,paid,elrelan.wenver@courrier.test,Elrelan Wenver,19.70,EUR,SOLDES,Domicile
WEB-029093,2025-07-02 12:55:00,PAID,zonoro.brenvoir@courrier.test,Zonoro Brenvoir,64.94,EUR,SOLDES,Domicile
WEB-029071,2025-07-02 13:26:00,PAID,VEVENE.OSTGREN54@COURRIER.TEST,Vevene Ostgren,"55,42 €",EUR,,Domicile
WEB-029076,2025-07-02 13:28:00,paid,navalia.ravlais@exemple.org,Navalia Ravlais,"71,61 €",eur,SOLDES,Domicile
WEB-029091,2025-07-02 13:50:00,Paid,YUTELI.WENBERT@EXEMPLE.ORG,Yuteli Wenbert,"28,76 €",eur,SOLDES,Retrait magasin
WEB-029095,2025-07-02 14:43:00,paid,rikenel.valdis@exemple.org,Rikenel Valdis,65.52,eur,,Point relais
WEB-029089,2025-07-02 15:00:00,paid,orsolia.nevdal@exemple.org,Orsolia Nevdal,42.03,EUR,,Point relais
WEB-029087,2025-07-02 15:38:00,paid,arborea.vallin@courrier.test,Arborea Vallin,"60,90 €",EUR,SOLDES,Domicile
WEB-029092,2025-07-02 15:48:00,paid,nasole.pergren@exemple.org,Nasole Pergren,77.14,eur,SOLDES,Domicile
WEB-029081,2025-07-02 16:43:00,PAID,zoriso.galgren3@courrier.test,Zoriso Galgren,"97,65 €",EUR,,Domicile
WEB-029069,2025-07-02 16:45:00,PAID,yuvena.ostlin@mail.example,Yuvena Ostlin,230.32,EUR,,Retrait magasin
WEB-029068,2025-07-02 17:05:00,PAID,dugaran.sormer44@mail.example,Dugaran Sormer,38.41,EUR,SOLDES,Domicile
WEB-029083,2025-07-02 17:05:00,paid,nanorel.sorver@exemple.org,Nanorel Sorver,269.79,€,SOLDES,Domicile
WEB-029075,2025-07-02 17:31:00,paid,kavino.falvane@courrier.test,Kavino Falvane,"198,78 €",€,SOLDES,Domicile
WEB-029070,2025-07-02 17:46:00,paid,vedaro.dorsen@exemple.org,Vedaro Dorsen,146.27,€,SOLDES,Domicile
WEB-029086,2025-07-02 17:56:00,paid,fenora.falbel@mail.example,Fenora Falbel,"23,82 €",EUR,SOLDES,Point relais
WEB-029072,2025-07-02 18:02:00,paid,pirisa.galgren@mail.example,Pirisa Galgren,"118,18 €",EUR,SOLDES,Domicile
WEB-029096,2025-07-02 18:42:00,paid,zogaria.keldis@mail.example,Zogaria Keldis,226.20,€,,Point relais
WEB-029119,2025-07-03 10:42:00,PAID,ellonia.monner@exemple.org,Ellonia Monner,"171,41 €",EUR,,Domicile
WEB-029123,2025-07-03 12:45:00,cancelled,ortara.falsac@exemple.org,Ortara Falsac,"23,82 €",EUR,SOLDES,Domicile
WEB-029117,2025-07-03 13:14:00,paid,LOVALEL.CORSAC@EXEMPLE.ORG,Lovalel Corsac,183.42,EUR,SOLDES,Point relais
WEB-029104,2025-07-03 13:35:00,Paid,basene.tormont@courrier.test,Basene Tormont,"241,94",EUR,SOLDES,Point relais
WEB-029107,2025-07-03 13:55:00,paid,juvene.sordal@exemple.org,Juvene Sordal,222.91,€,,Domicile
WEB-029115,2025-07-03 13:56:00,paid,lolonea.lanner@exemple.org,Lolonea Lanner,454.96,EUR,SOLDES,Domicile
WEB-029097,2025-07-03 14:03:00,paid,rirelel.havlin@courrier.test,Rirelel Havlin,"62,63",EUR,,Domicile
WEB-029098,2025-07-03 14:45:00,paid, elvenea.ravlin@exemple.org,Elvenea Ravlin,41.00,EUR,,Domicile
WEB-029121,2025-07-03 14:49:00,paid,PISOLAN.BRENDIS@EXEMPLE.ORG,Pisolan Brendis,20.44,EUR,SOLDES,Domicile
WEB-029105,2025-07-03 15:43:00,paid,jusolel.dorvane@exemple.org,Jusolel Dorvane,455.69,EUR,,Point relais
WEB-029109,2025-07-03 15:54:00,cancelled,FEBORIA.SORBERT@EXEMPLE.ORG,Feboria Sorbert,"364,32",EUR,,Point relais
WEB-029122,2025-07-03 16:26:00,paid,jugaria.brentier@mail.example,Jugaria Brentier,78.08,EUR,,Point relais
WEB-029103,2025-07-03 17:34:00,Paid,ELDANI.RAVMER@EXEMPLE.ORG,Eldani Ravmer,"138,12 €",EUR,SOLDES,Point relais
WEB-029108,2025-07-03 17:45:00,paid,ridara.rosner@exemple.org,Ridara Rosner,"18,05 €",EUR,SOLDES,Domicile
WEB-029111,2025-07-03 19:20:00,PAID,vemarin.wenmont@mail.example,Vemarin Wenmont,92.95,EUR,SOLDES,Domicile
WEB-029124,2025-07-03 20:09:00,paid,baloni.rosmar4@exemple.org,Baloni Rosmar,"150,39",eur,SOLDES,Domicile
WEB-029154,2025-07-04 12:51:00,paid,arkenel.havmar63@mail.example,Arkenel Havmar,133.25,EUR,SOLDES,Point relais
WEB-029132,2025-07-04 13:46:00,Paid,ZOSENIN.CORTIER@MAIL.EXAMPLE,Zosenin Cortier,"119,25 €",EUR,SOLDES,Domicile
WEB-029129,2025-07-04 14:03:00,paid,elsolea.kelver@courrier.test,Elsolea Kelver,"209,80 €",EUR,SOLDES,Domicile
WEB-029125,2025-07-04 14:33:00,paid,arkenel.nevdal@exemple.org,Arkenel Nevdal,"90,48",eur,SOLDES,Domicile
WEB-029147,2025-07-04 14:54:00,paid,bavenin.corner@mail.example,Bavenin Corner,41.94,EUR,SOLDES,Domicile
WEB-029136,2025-07-04 15:01:00,PAID,sesena.corkan@exemple.org,Sesena Corkan,"31,07 €",€,SOLDES,Point relais
WEB-029137,2025-07-04 15:04:00,paid,ferelan.wendal@exemple.org,Ferelan Wendal,"86,44",EUR,SOLDES,Domicile
WEB-029160,2025-07-04 15:32:00,paid,sotelea.brenmar@exemple.org,Sotelea Brenmar,"63,29",EUR,SOLDES,Domicile
WEB-029159,2025-07-04 15:54:00,cancelled,kanoru.ravnet27@mail.example,Kanoru Ravnet,251.98,EUR,SOLDES,Point relais
WEB-029138,2025-07-04 17:51:00,paid,yusoli.vallais@courrier.test,Yusoli Vallais,"280,75 €",EUR,SOLDES,Domicile
WEB-029127,2025-07-04 19:57:00,paid,katara.kelrand@mail.example,Katara Kelrand,"66,59",EUR,SOLDES,Retrait magasin
WEB-029130,2025-07-04 20:05:00,paid,lomone.sormar@courrier.test,Lomone Sormar,29.77,eur,,Domicile
WEB-029156,2025-07-04 20:35:00,paid,loboru.dornet@mail.example,Loboru Dornet,"118,25 €",EUR,,Domicile
WEB-029157,2025-07-04 21:14:00,Paid,verelin.wengren91@mail.example,Verelin Wengren,51.30,EUR,,Domicile
WEB-029153,2025-07-04 21:25:00,cancelled,namarea.nevsac@courrier.test,Namarea Nevsac,79.77,EUR,SOLDES,Domicile
WEB-029145,2025-07-04 21:34:00,PAID,kalonel.sorgren@exemple.org,Kalonel Sorgren,27.03,EUR,SOLDES,Domicile
WEB-029139,2025-07-04 21:39:00,paid,LOMARO.KELDIS@EXEMPLE.ORG,Lomaro Keldis,495.58,EUR,SOLDES,Point relais
WEB-029151,2025-07-04 21:54:00,Paid,vesene.perner@mail.example,Vesene Perner,97.15,eur,SOLDES,Point relais
WEB-029170,2025-07-05 10:28:00,PAID,kavenan.gallais85@exemple.org,Kavenan Gallais,"6,51 €",EUR,SOLDES,Point relais
WEB-029180,2025-07-05 11:10:00,PAID,zovena.torkan@courrier.test,Zovena Torkan,102.68,EUR,SOLDES,Domicile
WEB-029202,2025-07-05 12:05:00,paid,arrelin.osttier@exemple.org,Arrelin Osttier,"77,30 €",EUR,SOLDES,Domicile
WEB-029205,2025-07-05 12:16:00,PAID,ORRELIA.GALVOIR@MAIL.EXAMPLE,Orrelia Galvoir,"76,02",€,,Domicile
WEB-029201,2025-07-05 13:31:00,paid,soboru.ostvane@courrier.test,Soboru Ostvane,314.68,€,,Domicile
WEB-029175,2025-07-05 13:50:00,paid,junorea.wentier19@courrier.test,Junorea Wentier,"70,77 €",EUR,,Domicile
WEB-029171,2025-07-05 14:26:00,paid, tadanu.torrand@exemple.org,Tadanu Torrand,210.75,eur,,Domicile
WEB-029176,2025-07-05 14:28:00,paid,fevini.ostmar@exemple.org,Fevini Ostmar,211.29,EUR,SOLDES,Point relais
WEB-029211,2025-07-05 14:37:00,paid,yugarin.nevvane@courrier.test,Yugarin Nevvane,11.23,EUR,,Point relais
WEB-029186,2025-07-05 14:59:00,PAID,juvalan.kelbel@exemple.org,Juvalan Kelbel,"60,90 €",EUR,SOLDES,Point relais
WEB-029174,2025-07-05 15:16:00,Paid,mavalan.dormar@exemple.org,Mavalan Dormar,"18,05 €",EUR,SOLDES,Domicile
WEB-029212,2025-07-05 15:44:00,paid,zonelea.dorsac@exemple.org,Zonelea Dorsac,"24,62 €",EUR,,Domicile
WEB-029207,2025-07-05 17:21:00,paid,batari.falrand@exemple.org,Batari Falrand,40.90,EUR,,Point relais
WEB-029188,2025-07-05 17:53:00,paid,tagarel.tarlin@exemple.org,Tagarel Tarlin,"22,09 €",EUR,SOLDES,Domicile
WEB-029221,2025-07-05 17:54:00,paid,judanu.nevvane@mail.example,Judanu Nevvane,"216,39 €",EUR,SOLDES,Point relais
WEB-029221,2025-07-05 17:54:00,paid,judanu.nevvane@mail.example,Judanu Nevvane,"216,39 €",EUR,SOLDES,Point relais
WEB-029189,2025-07-05 17:57:00,Paid,sonelin.ravsen@mail.example,Sonelin Ravsen,91.07,EUR,SOLDES,Point relais
WEB-029183,2025-07-05 18:11:00,Paid,ellisel.tardal@exemple.org,Ellisel Tardal,207.92,EUR,SOLDES,Domicile
WEB-029172,2025-07-05 18:43:00,Paid,mimonin.nevsen50@courrier.test,Mimonin Nevsen,"31,23 €",EUR,SOLDES,Domicile
WEB-029195,2025-07-05 18:44:00,Paid,yumono.monner@courrier.test,Yumono Monner,"122,62 €",EUR,SOLDES,Domicile
WEB-029215,2025-07-05 18:50:00,paid,KATELAN.OSTBEL@MAIL.EXAMPLE,Katelan Ostbel,"52,43",EUR,,Point relais
WEB-029187,2025-07-05 19:20:00,PAID,bakenel.falnet@courrier.test,Bakenel Falnet,"130,31 €",EUR,,Domicile
WEB-029199,2025-07-05 19:25:00,paid,losolin.kelmar@courrier.test,Losolin Kelmar,536.54,EUR,SOLDES,Domicile
WEB-029197,2025-07-05 20:05:00,paid,sevinel.ostmer@courrier.test,Sevinel Ostmer,"384,33 €",EUR,SOLDES,Domicile
WEB-029190,2025-07-05 20:58:00,PAID,ridari.monrand@courrier.test,Ridari Monrand,"44,26 €",EUR,SOLDES,Point relais
WEB-029190,2025-07-05 20:58:00,PAID,ridari.monrand@courrier.test,Ridari Monrand,"44,26 €",EUR,SOLDES,Point relais
WEB-029167,2025-07-05 21:12:00,PAID,duborel.falmer@exemple.org,Duborel Falmer,16.38,EUR,,Domicile
WEB-029231,2025-07-06 10:33:00,PAID,MASOLA.OSTBEL@EXEMPLE.ORG,Masola Ostbel,66.65,EUR,,Retrait magasin
WEB-029237,2025-07-06 12:07:00,paid,TAVALE.LANRAND@MAIL.EXAMPLE,Tavale Lanrand,66.85,EUR,,Domicile
WEB-029227,2025-07-06 12:40:00,Paid,yunora.brenmar78@exemple.org,Yunora Brenmar,13.10,EUR,SOLDES,Retrait magasin
WEB-029247,2025-07-06 13:21:00,Paid,vegarel.dorrand@mail.example,Vegarel Dorrand,"3,22 €",eur,SOLDES,Domicile
WEB-029240,2025-07-06 13:50:00,PAID,zoriso.dunlais@exemple.org,Zoriso Dunlais,"27,78 €",eur,SOLDES,Point relais
WEB-029225,2025-07-06 14:36:00,PAID,tarelea.ravsac@exemple.org,Tarelea Ravsac,"44,33 €",EUR,SOLDES,Point relais
WEB-029238,2025-07-06 14:36:00,PAID,dusolo.falbert@exemple.org,Dusolo Falbert,"2,39 €",EUR,SOLDES,Domicile
WEB-029246,2025-07-06 14:47:00,paid,sevine.galtier@mail.example,Sevine Galtier,"30,60 €",EUR,,Point relais
WEB-029250,2025-07-06 15:05:00,paid,nanori.galdis@exemple.org,Nanori Galdis,9.81,EUR,SOLDES,Domicile
WEB-029223,2025-07-06 15:30:00,Paid,elmoni.dorver@courrier.test,Elmoni Dorver,"205,60 €",EUR,,Domicile
WEB-029222,2025-07-06 16:50:00,PAID,FEVINIA.TARVOIR@MAIL.EXAMPLE,Fevinia Tarvoir,24.48,EUR,SOLDES,Domicile
WEB-029245,2025-07-06 18:43:00,paid,zorelu.havvane@mail.example,Zorelu Havvane,313.54,eur,SOLDES,Domicile
WEB-029230,2025-07-06 18:47:00,paid,zotele.nevlin@mail.example,Zotele Nevlin,"44,19 €",EUR,,Point relais
WEB-029239,2025-07-06 20:06:00,paid,sevalo.nevdal73@mail.example,Sevalo Nevdal,120.06,EUR,SOLDES,Point relais
WEB-029242,2025-07-06 21:36:00,paid,vekenia.tarvoir79@courrier.test,Vekenia Tarvoir,"74,06 €",EUR,,Point relais
WEB-029267,2025-07-07 12:40:00,paid,yumarel.dunvoir@courrier.test,Yumarel Dunvoir,35.85,EUR,,Domicile
WEB-029268,2025-07-07 13:35:00,paid,rigarin.monsac@courrier.test,Rigarin Monsac,12.26,€,,Retrait magasin
WEB-029266,2025-07-07 15:25:00,PAID,selonin.dorver@exemple.org,Selonin Dorver,"28,74 €",EUR,,Point relais
WEB-029265,2025-07-07 15:38:00,paid,ormonia.havrand@exemple.org,Ormonia Havrand,"108,98",€,,Point relais
WEB-029263,2025-07-07 15:57:00,paid,yunoro.brenlin91@exemple.org,Yunoro Brenlin,9.81,EUR,SOLDES,Retrait magasin
WEB-029256,2025-07-07 15:59:00,paid,yusene.gallin@exemple.org,Yusene Gallin,"447,77 €",EUR,SOLDES,Point relais
WEB-029251,2025-07-07 16:24:00,Paid,lobora.dorrand@mail.example,Lobora Dorrand,"183,97 €",EUR,,Domicile
WEB-029274,2025-07-07 16:53:00,paid,vevalu.tarvane29@exemple.org,Vevalu Tarvane,"16,32",EUR,SOLDES,Domicile
WEB-029275,2025-07-07 17:56:00,PAID,tamonel.dunvoir67@courrier.test,Tamonel Dunvoir,24.62,EUR,,Point relais
WEB-029264,2025-07-07 18:07:00,paid,minelo.dunlin@exemple.org,Minelo Dunlin,212.43,EUR,SOLDES,Point relais
WEB-029253,2025-07-07 20:44:00,PAID,lovalia.rossen@courrier.test,Lovalia Rossen,"83,13 €",EUR,,Domicile
WEB-029273,2025-07-07 21:22:00,paid,jumaria.dorlin@mail.example,Jumaria Dorlin,"231,30 €",eur,SOLDES,Domicile
WEB-029307,2025-07-08 09:22:00,paid,dudanu.wentier@exemple.org,Dudanu Wentier,"24,64",EUR,SOLDES,Domicile
WEB-029303,2025-07-08 11:52:00,paid,sodanin.dordis11@exemple.org,Sodanin Dordis,81.90,EUR,,Domicile
WEB-029291,2025-07-08 12:00:00,paid,bavenel.perbel@courrier.test,Bavenel Perbel,"108,05 €",EUR,,Domicile
WEB-029282,2025-07-08 13:06:00,PAID,FEDANA.PERRAND@COURRIER.TEST,Fedana Perrand,239.59,EUR,,Point relais
WEB-029295,2025-07-08 13:36:00,paid,selisia.tarmar@exemple.org,Selisia Tarmar,"95,35 €",EUR,SOLDES,Retrait magasin
WEB-029289,2025-07-08 13:56:00,cancelled,lobore.kelmont@exemple.org,Lobore Kelmont,"152,20 €",EUR,SOLDES,Domicile
WEB-029311,2025-07-08 13:57:00,paid,somone.lanmont@courrier.test,Somone Lanmont,"219,82 €",EUR,,Domicile
WEB-029287,2025-07-08 14:30:00,paid, jutelan.ravlais@exemple.org,Jutelan Ravlais,177.75,€,SOLDES,Retrait magasin
WEB-029299,2025-07-08 16:03:00,paid,pidanel.tordis@mail.example,Pidanel Tordis,"59,44 €",EUR,,Domicile
WEB-029300,2025-07-08 16:53:00,PAID, ormare.brennet@mail.example,Ormare Brennet,"8,16 €",EUR,SOLDES,Domicile
WEB-029290,2025-07-08 17:48:00,paid,narela.lanrand@exemple.org,Narela Lanrand,40.07,EUR,,Domicile
WEB-029293,2025-07-08 20:48:00,cancelled,ELBORAN.CORTIER@EXEMPLE.ORG,Elboran Cortier,19.70,EUR,SOLDES,Domicile
WEB-029304,2025-07-08 21:03:00,PAID,zotela.sormar@courrier.test,Zotela Sormar,"76,12 €",EUR,,Point relais
WEB-029304,2025-07-08 21:03:00,PAID,zotela.sormar@courrier.test,Zotela Sormar,"76,12 €",EUR,,Point relais
WEB-029310,2025-07-08 21:27:00,PAID,dulonea.tarlais@mail.example,Dulonea Tarlais,"92,13",EUR,SOLDES,Point relais
WEB-T0027,2025-07-08 21:27:00,PAID,test@example.com,Test Test,"1,00",EUR,SOLDES,Point relais
WEB-029326,2025-07-09 13:02:00,paid,fevinu.vallin@exemple.org,Fevinu Vallin,199.76,EUR,SOLDES,Point relais
WEB-029331,2025-07-09 13:40:00,PAID,sevenel.perbert@exemple.org,Sevenel Perbert,"89,41",EUR,,Domicile
WEB-029322,2025-07-09 14:46:00,paid,dunoria.vallais@mail.example,Dunoria Vallais,82.08,EUR,SOLDES,Point relais
WEB-029327,2025-07-09 16:04:00,paid,zomone.rosgren@exemple.org,Zomone Rosgren,9.81,EUR,SOLDES,Point relais
WEB-029323,2025-07-09 16:18:00,paid,lodane.torvoir@mail.example,Lodane Torvoir,"220,95",EUR,,Point relais
WEB-029332,2025-07-09 16:25:00,Paid,dunoran.tarrand@exemple.org,Dunoran Tarrand,68.91,EUR,,Domicile
WEB-029313,2025-07-09 16:44:00,paid,sogaro.tarvoir94@exemple.org,Sogaro Tarvoir,"46,06",EUR,SOLDES,Domicile
WEB-029328,2025-07-09 17:48:00,PAID,durisu.havbert@exemple.org,Durisu Havbert,"99,46 €",EUR,SOLDES,Domicile
WEB-029314,2025-07-09 18:18:00,paid,bavenia.brenbert@courrier.test,Bavenia Brenbert,"358,97 €",EUR,,Domicile
WEB-029320,2025-07-09 19:15:00,paid,nasolel.lansac@mail.example,Nasolel Lansac,26.68,€,,Domicile
WEB-029317,2025-07-09 21:19:00,paid,dugaran.rosbel@courrier.test,Dugaran Rosbel,"4,04 €",EUR,SOLDES,Domicile
WEB-029359,2025-07-10 12:42:00,paid,kamonin.dormer@exemple.org,Kamonin Dormer,"135,64 €",EUR,SOLDES,Domicile
WEB-029364,2025-07-10 13:21:00,paid,zovinel.tortier84@courrier.test,Zovinel Tortier,49.24,EUR,,Domicile
WEB-029367,2025-07-10 15:04:00,Paid,juvini.ravmont@courrier.test,Juvini Ravmont,85.54,€,SOLDES,Point relais
WEB-029353,2025-07-10 15:15:00,paid,balisia.nevtier@courrier.test,Balisia Nevtier,"76,23",EUR,SOLDES,Domicile
WEB-029351,2025-07-10 16:20:00,PAID,zogari.wenmar@exemple.org,Zogari Wenmar,196.33,EUR,,Point relais
WEB-029368,2025-07-10 16:41:00,paid, pivene.dormar@courrier.test,Pivene Dormar,266.37,EUR,,Domicile
WEB-029340,2025-07-10 17:03:00,paid,zomona.ostmont66@courrier.test,Zomona Ostmont,"13,29 €",EUR,,Domicile
WEB-029348,2025-07-10 17:18:00,Paid,ririse.rosvane@exemple.org,Ririse Rosvane,"125,99 €",eur,SOLDES,Domicile
WEB-029356,2025-07-10 18:03:00,paid, nanela.ostsen@courrier.test,Nanela Ostsen,"96,62 €",EUR,,Point relais
WEB-029370,2025-07-10 19:38:00,paid, duvinin.wentier@exemple.org,Duvinin Wentier,"97,65 €",EUR,,Retrait magasin
WEB-029363,2025-07-10 20:01:00,paid,kamonin.dormer@exemple.org,Kamonin Dormer,"24,52 €",EUR,,Domicile
WEB-029349,2025-07-10 20:13:00,PAID,yudaran.ostrand@courrier.test,Yudaran Ostrand,115.06,EUR,,Point relais
WEB-029355,2025-07-10 20:37:00,paid,dumonia.wenvane@exemple.org,Dumonia Wenvane,"121,34",€,,Point relais
WEB-029358,2025-07-10 21:26:00,paid,seboro.sorkan@exemple.org,Seboro Sorkan,197.44,eur,SOLDES,Point relais
WEB-029343,2025-07-10 21:49:00,PAID,mavalo.lanmont@exemple.org,Mavalo Lanmont,108.05,EUR,,Domicile
WEB-029347,2025-07-10 21:51:00,Paid,sevalo.nevdal73@mail.example,Sevalo Nevdal,"11,23",EUR,,Point relais
WEB-029402,2025-07-11 08:04:00,PAID,KADARA.OSTTIER@MAIL.EXAMPLE,Kadara Osttier,45.12,EUR,,Domicile
WEB-029377,2025-07-11 11:15:00,Paid,zoseno.sortier@exemple.org,Zoseno Sortier,"83,07",EUR,SOLDES,Domicile
WEB-029385,2025-07-11 11:49:00,PAID,sogaria.corlin@mail.example,Sogaria Corlin,93.63,EUR,,Domicile
WEB-029409,2025-07-11 13:17:00,paid,kaborin.ostsen36@courrier.test,Kaborin Ostsen,32.80,EUR,SOLDES,Domicile
WEB-029411,2025-07-11 13:20:00,PAID,dulisin.wensac@courrier.test,Dulisin Wensac,224.34,EUR,,Domicile
WEB-029408,2025-07-11 13:45:00,paid,ribora.dunmer@exemple.org,Ribora Dunmer,"69,84 €",EUR,,Point relais
WEB-029392,2025-07-11 13:54:00,paid,RISOLO.OSTVOIR@EXEMPLE.ORG,Risolo Ostvoir,163.17,EUR,,Point relais
WEB-029395,2025-07-11 14:06:00,PAID,yunelea.monner@exemple.org,Yunelea Monner,88.75,EUR,SOLDES,Domicile
WEB-029375,2025-07-11 14:25:00,paid,vevenia.wensen@mail.example,Vevenia Wensen,"76,12",EUR,,Domicile
WEB-029380,2025-07-11 15:45:00,PAID,lokenin.corbel@courrier.test,Lokenin Corbel,"82,20 €",EUR,,Domicile
WEB-029381,2025-07-11 16:36:00,Paid,arrisia.kelmar@exemple.org,Arrisia Kelmar,"73,91",EUR,SOLDES,Point relais
WEB-029406,2025-07-11 16:54:00,paid,karise.valnet@courrier.test,Karise Valnet,"151,38 €",EUR,SOLDES,Retrait magasin
WEB-029386,2025-07-11 18:30:00,paid,ZOLONIN.LANDIS@EXEMPLE.ORG,Zolonin Landis,"68,91 €",EUR,,Retrait magasin
WEB-029398,2025-07-11 18:40:00,paid,zodanin.monver@courrier.test,Zodanin Monver,"194,30 €",EUR,SOLDES,Domicile
WEB-029410,2025-07-11 18:56:00,PAID,SOTARO.MONBEL@COURRIER.TEST,Sotaro Monbel,203.54,EUR,,Retrait magasin
WEB-029383,2025-07-11 19:12:00,PAID,BAKENU.KELSEN@EXEMPLE.ORG,Bakenu Kelsen,"114,21 €",EUR,SOLDES,Domicile
WEB-029399,2025-07-11 19:54:00,PAID,ormarel.galsen@courrier.test,Ormarel Galsen,102.02,eur,SOLDES,Domicile
WEB-029401,2025-07-11 19:55:00,paid,badania.wengren@exemple.org,Badania Wengren,"111,83 €",EUR,SOLDES,Domicile
WEB-029405,2025-07-11 19:58:00,Paid, soboran.galkan2@exemple.org,Soboran Galkan,"184,26 €",eur,SOLDES,Point relais
WEB-029466,2025-07-12 11:09:00,PAID,dudarea.monvane@mail.example,Dudarea Monvane,"116,85 €",eur,SOLDES,Point relais
WEB-029419,2025-07-12 12:03:00,paid,ARSENU.FALSAC@MAIL.EXAMPLE,Arsenu Falsac,44.19,EUR,,Domicile
WEB-029436,2025-07-12 12:18:00,paid,ribore.dortier@exemple.org,Ribore Dortier,132.34,EUR,SOLDES,Retrait magasin
WEB-029468,2025-07-12 12:39:00,PAID,juteli.tardis@exemple.org,Juteli Tardis,"98,68 €",EUR,,Point relais
WEB-029415,2025-07-12 13:39:00,paid,RIVINAN.ROSGREN@MAIL.EXAMPLE,Rivinan Rosgren,2.99,EUR,,Point relais
WEB-029433,2025-07-12 13:39:00,Paid,pisenia.rosmer@exemple.org,Pisenia Rosmer,"14,75",EUR,SOLDES,Domicile
WEB-029437,2025-07-12 13:56:00,paid,vebora.rosmer@exemple.org,Vebora Rosmer,"39,31 €",EUR,SOLDES,Domicile
WEB-029458,2025-07-12 13:59:00,Paid,semone.tormer@exemple.org,Semone Tormer,68.23,EUR,SOLDES,Domicile
WEB-029422,2025-07-12 14:22:00,paid,rimono.galvoir@courrier.test,Rimono Galvoir,"18,05",eur,SOLDES,Domicile
WEB-029447,2025-07-12 14:25:00,PAID,jukenin.dornet@courrier.test,Jukenin Dornet,36.88,EUR,,Domicile
WEB-029453,2025-07-12 14:29:00,paid,minelu.monmont@exemple.org,Minelu Monmont,"74,99 €",eur,,Retrait magasin
WEB-029417,2025-07-12 15:16:00,paid,SEMARE.OSTMER@EXEMPLE.ORG,Semare Ostmer,93.53,EUR,,Domicile
WEB-029443,2025-07-12 15:26:00,cancelled,natele.roslais@courrier.test,Natele Roslais,74.00,EUR,SOLDES,Point relais
WEB-029430,2025-07-12 15:40:00,Paid,mivinia.torlais6@mail.example,Mivinia Torlais,"66,75 €",EUR,,Point relais
WEB-029431,2025-07-12 16:02:00,PAID,fedarel.valrand@exemple.org,Fedarel Valrand,59.92,EUR,SOLDES,Retrait magasin
WEB-029444,2025-07-12 16:02:00,paid,mamonia.ravner@exemple.org,Mamonia Ravner,"59,17 €",eur,SOLDES,Point relais
WEB-029469,2025-07-12 16:16:00,PAID,naveni.brengren@courrier.test,Naveni Brengren,"119,08 €",EUR,,Point relais
WEB-029413,2025-07-12 17:21:00,paid, elkenia.corrand@courrier.test,Elkenia Corrand,"55,05",EUR,SOLDES,Domicile
WEB-029434,2025-07-12 17:22:00,PAID,orlono.brenmont41@mail.example,Orlono Brenmont,14.67,EUR,SOLDES,Domicile
WEB-029412,2025-07-12 17:32:00,paid,fenori.lanbert28@exemple.org,Fenori Lanbert,"158,42",EUR,,Domicile
WEB-029441,2025-07-12 17:46:00,paid,zovine.nevbel27@mail.example,Zovine Nevbel,39.04,€,,Point relais
WEB-029442,2025-07-12 17:52:00,PAID,jugari.ravkan@courrier.test,Jugari Ravkan,"97,55",EUR,,Domicile
WEB-029462,2025-07-12 17:56:00,paid,seboro.sorkan@exemple.org,Seboro Sorkan,47.18,EUR,,Point relais
WEB-029425,2025-07-12 18:19:00,cancelled,juvenea.valbert@courrier.test,Juvenea Valbert,"39,97",EUR,,Domicile
WEB-029440,2025-07-12 19:33:00,paid,felise.havmar@exemple.org,Felise Havmar,"42,96 €",EUR,,Point relais
WEB-T0045,2025-07-12 19:33:00,paid,test@example.com,Test Test,"1,00",EUR,,Point relais
WEB-029418,2025-07-12 20:21:00,PAID,serelo.wenlin@courrier.test,Serelo Wenlin,231.45,EUR,,Point relais
WEB-029481,2025-07-13 11:53:00,paid,mavali.ravlais@courrier.test,Mavali Ravlais,180.05,EUR,,Point relais
WEB-029487,2025-07-13 14:21:00,paid, riborel.perbel@mail.example,Riborel Perbel,74.99,EUR,,Domicile
WEB-029485,2025-07-13 15:00:00,PAID,zovina.valgren@exemple.org,Zovina Valgren,109.81,EUR,,Retrait magasin
WEB-029478,2025-07-13 15:54:00,PAID,argaran.galnet@courrier.test,Argaran Galnet,59.25,EUR,SOLDES,Domicile
WEB-029477,2025-07-13 15:56:00,paid,lorelea.galrand@exemple.org,Lorelea Galrand,43.06,EUR,,Domicile
WEB-029482,2025-07-13 16:44:00,paid,mikenea.nevner@exemple.org,Mikenea Nevner,8.14,€,,Point relais
WEB-029486,2025-07-13 17:05:00,PAID,lorelel.kelnet@mail.example,Lorelel Kelnet,90.44,eur,,Domicile
WEB-029476,2025-07-13 17:06:00,PAID,orvenia.fallin@mail.example,Orvenia Fallin,"154,43 €",EUR,SOLDES,Domicile
WEB-029472,2025-07-13 17:26:00,paid,SODANE.TARSEN@MAIL.EXAMPLE,Sodane Tarsen,"380,70 €",EUR,,Point relais
WEB-029480,2025-07-13 18:43:00,PAID,PILONO.GALTIER@EXEMPLE.ORG,Pilono Galtier,"17,14 €",EUR,SOLDES,Point relais
WEB-029470,2025-07-13 18:57:00,PAID,vedanin.landal@exemple.org,Vedanin Landal,55.13,€,SOLDES,Domicile
WEB-029520,2025-07-14 09:34:00,paid, miveno.havlin@exemple.org,Miveno Havlin,197.45,EUR,SOLDES,Point relais
WEB-029493,2025-07-14 09:39:00,PAID,yudari.roslais53@exemple.org,Yudari Roslais,"95,59",EUR,,Domicile
WEB-029512,2025-07-14 13:57:00,Paid,jukenia.valrand@courrier.test,Jukenia Valrand,"76,47",EUR,SOLDES,Domicile
WEB-029502,2025-07-14 14:04:00,Paid,velisi.roslin@courrier.test,Velisi Roslin,"76,31 €",EUR,SOLDES,Point relais
WEB-029515,2025-07-14 16:58:00,Paid,kasolan.torlin@courrier.test,Kasolan Torlin,"130,62 €",EUR,SOLDES,Domicile
WEB-029499,2025-07-14 17:12:00,paid,orrisea.valsen@courrier.test,Orrisea Valsen,333.85,eur,,Domicile
WEB-029511,2025-07-14 17:20:00,PAID,mirise.havner@exemple.org,Mirise Havner,93.54,EUR,SOLDES,Point relais
WEB-029501,2025-07-14 18:59:00,PAID,semonin.sorlais@exemple.org,Semonin Sorlais,277.60,EUR,,Point relais
WEB-029509,2025-07-14 19:32:00,PAID,mimaria.dorkan@mail.example,Mimaria Dorkan,37.00,eur,SOLDES,Retrait magasin
WEB-029498,2025-07-14 19:49:00,paid,ORVENE.OSTMAR@EXEMPLE.ORG,Orvene Ostmar,"45,16",EUR,SOLDES,Point relais
WEB-029504,2025-07-14 21:04:00,PAID,mavalia.permer3@exemple.org,Mavalia Permer,"72,93 €",EUR,,Domicile
WEB-029541,2025-07-15 11:29:00,PAID,fevini.ostmar@exemple.org,Fevini Ostmar,"226,10",EUR,,Domicile
WEB-029531,2025-07-15 11:30:00,Paid,zolonan.dorsac@courrier.test,Zolonan Dorsac,"92,50 €",EUR,,Domicile
WEB-029528,2025-07-15 14:24:00,PAID,pidara.galsac@exemple.org,Pidara Galsac,"157,49 €",eur,,Domicile
WEB-029538,2025-07-15 14:43:00,PAID,mataria.wenkan@mail.example,Mataria Wenkan,41.10,EUR,,Domicile
WEB-029522,2025-07-15 15:45:00,Paid,zorisin.dorbel70@exemple.org,Zorisin Dorbel,"549,32 €",EUR,,Point relais
WEB-029532,2025-07-15 16:33:00,paid,judare.ravtier@courrier.test,Judare Ravtier,"524,90 €",EUR,,Point relais
WEB-029525,2025-07-15 17:45:00,paid,armaria.lantier@exemple.org,Armaria Lantier,"24,62 €",EUR,,Domicile
WEB-029536,2025-07-15 18:15:00,PAID,pitelel.corsac@mail.example,Pitelel Corsac,53.16,EUR,,Domicile
WEB-029524,2025-07-15 18:28:00,paid,banoro.nevmer@courrier.test,Banoro Nevmer,66.75,EUR,,Domicile
WEB-029540,2025-07-15 18:40:00,paid,midari.rostier@exemple.org,Midari Rostier,153.27,EUR,,Point relais
WEB-029548,2025-07-16 08:24:00,paid,solonan.falbert@exemple.org,Solonan Falbert,218.16,eur,,Retrait magasin
WEB-029549,2025-07-16 10:47:00,paid,ormono.galkan@mail.example,Ormono Galkan,"92,40 €",€,,Domicile
WEB-029560,2025-07-16 10:49:00,PAID,rinorin.torrand@exemple.org,Rinorin Torrand,91.47,eur,,Point relais
WEB-029559,2025-07-16 14:08:00,PAID,ortaru.dormar@courrier.test,Ortaru Dormar,185.93,EUR,,Domicile
WEB-029551,2025-07-16 15:08:00,paid, pikenan.kelsac@exemple.org,Pikenan Kelsac,195.93,EUR,,Domicile
WEB-029563,2025-07-16 15:24:00,Paid,JURELA.OSTDAL@COURRIER.TEST,Jurela Ostdal,35.75,€,,Domicile
WEB-029554,2025-07-16 15:38:00,paid,arrisia.kelmar@exemple.org,Arrisia Kelmar,104.41,eur,FIDELITE,Domicile
WEB-029550,2025-07-16 16:02:00,paid,tarisin.vallais58@exemple.org,Tarisin Vallais,"24,62 €",€,,Domicile
WEB-029544,2025-07-16 17:13:00,paid,semaro.pertier10@exemple.org,Semaro Pertier,"2,99 €",EUR,,Point relais
WEB-029561,2025-07-16 17:24:00,PAID,pilone.tarver@exemple.org,Pilone Tarver,381.63,EUR,,Domicile
WEB-029562,2025-07-16 17:25:00,Paid,balonan.ravner@mail.example,Balonan Ravner,"67,68 €",EUR,,Point relais
WEB-029564,2025-07-16 18:41:00,Paid,arrisu.landal@mail.example,Arrisu Landal,"61,60 €",EUR,,Retrait magasin
WEB-029572,2025-07-17 11:29:00,paid,femonu.tormont@exemple.org,Femonu Tormont,"89,31",EUR,,Domicile
WEB-029566,2025-07-17 12:33:00,PAID,fevinea.kelmont@courrier.test,Fevinea Kelmont,413.66,EUR,,Point relais
WEB-029565,2025-07-17 13:44:00,cancelled,kanori.perner38@mail.example,Kanori Perner,45.95,EUR,,Domicile
WEB-029576,2025-07-17 14:06:00,Paid,sodare.nevbel@mail.example,Sodare Nevbel,"122,27 €",EUR,,Domicile
WEB-029587,2025-07-17 14:29:00,PAID,MASOLAN.PERTIER10@EXEMPLE.ORG,Masolan Pertier,443.33,EUR,,Point relais
WEB-029586,2025-07-17 15:02:00,paid,ormarel.falrand@mail.example,Ormarel Falrand,"95,49 €",EUR,,Domicile
WEB-029588,2025-07-17 15:28:00,paid,kamarea.wendal@exemple.org,Kamarea Wendal,"111,87 €",€,,Domicile
WEB-029569,2025-07-17 15:38:00,paid,zovenel.sorrand@exemple.org,Zovenel Sorrand,"274,48",€,FIDELITE,Point relais
WEB-029575,2025-07-17 16:45:00,PAID,felisi.monner@mail.example,Felisi Monner,83.23,EUR,,Domicile
WEB-029585,2025-07-17 16:49:00,paid,arvena.kelsac@exemple.org,Arvena Kelsac,"89,51",EUR,,Domicile
WEB-029574,2025-07-17 17:48:00,paid,SESOLIA.PERNET@MAIL.EXAMPLE,Sesolia Pernet,"32,76 €",EUR,,Domicile
WEB-029581,2025-07-17 18:39:00,paid,tamarea.ostner14@mail.example,Tamarea Ostner,"118,15",€,,Domicile
WEB-029568,2025-07-17 19:53:00,Paid,kavino.falvane@courrier.test,Kavino Falvane,"103,83 €",EUR,,Domicile
WEB-029606,2025-07-18 09:32:00,paid,kavena.ravsac@exemple.org,Kavena Ravsac,"138,85",EUR,,Domicile
WEB-029601,2025-07-18 10:07:00,paid,rivalan.monlin76@courrier.test,Rivalan Monlin,21.53,eur,,Domicile
WEB-029605,2025-07-18 10:58:00,Paid,nalisan.sorvoir@mail.example,Nalisan Sorvoir,"98,38 €",EUR,,Point relais
WEB-029602,2025-07-18 11:32:00,PAID,elrisia.gallais@exemple.org,Elrisia Gallais,"55,52 €",EUR,,Point relais
WEB-029607,2025-07-18 12:00:00,PAID,duvalel.lanvoir@mail.example,Duvalel Lanvoir,"28,28 €",EUR,FIDELITE,Domicile
WEB-029594,2025-07-18 12:25:00,paid,tatelea.nevdal@exemple.org,Tatelea Nevdal,"83,13 €",EUR,,Domicile
WEB-029613,2025-07-18 13:17:00,paid,ferisi.dorkan@exemple.org,Ferisi Dorkan,"99,61",EUR,,Point relais
WEB-029596,2025-07-18 13:50:00,paid,orseno.galvane@exemple.org,Orseno Galvane,"98,58 €",EUR,,Domicile
WEB-029615,2025-07-18 13:59:00,PAID,sedanan.vallin@exemple.org,Sedanan Vallin,"293,15 €",EUR,,Domicile
WEB-029603,2025-07-18 14:00:00,paid,yuborel.wenmer@mail.example,Yuborel Wenmer,87.15,EUR,,Domicile
WEB-029600,2025-07-18 15:02:00,PAID,dudanu.rosmar@exemple.org,Dudanu Rosmar,"232,48 €",eur,,Point relais
WEB-029614,2025-07-18 16:33:00,paid,sovinan.dunsac@exemple.org,Sovinan Dunsac,"167,49 €",EUR,,Domicile
WEB-029612,2025-07-18 17:40:00,PAID,tanelel.sorbel@courrier.test,Tanelel Sorbel,"323,75 €",EUR,,Domicile
WEB-029641,2025-07-19 08:14:00,Paid,jurisan.monrand@courrier.test,Jurisan Monrand,"112,07 €",EUR,,Domicile
WEB-029635,2025-07-19 08:51:00,PAID,magaro.kelbel@courrier.test,Magaro Kelbel,67.68,EUR,,Point relais
WEB-029645,2025-07-19 10:15:00,paid,zorelu.nevlin62@mail.example,Zorelu Nevlin,"101,47 €",€,,Point relais
WEB-029634,2025-07-19 11:48:00,paid,elvenea.dorsac@exemple.org,Elvenea Dorsac,"127,42 €",EUR,,Point relais
WEB-029623,2025-07-19 12:38:00,paid,DURELIN.LANNET@EXEMPLE.ORG,Durelin Lannet,"246,60 €",EUR,,Point relais
WEB-029630,2025-07-19 12:48:00,paid,yurelea.sorlin@exemple.org,Yurelea Sorlin,"274,61 €",EUR,,Point relais
WEB-029638,2025-07-19 13:38:00,paid,rinela.nevnet@exemple.org,Rinela Nevnet,52.33,EUR,,Point relais
WEB-029640,2025-07-19 13:42:00,paid,dusoli.rossac@exemple.org,Dusoli Rossac,"79,21",EUR,,Domicile
WEB-029637,2025-07-19 14:51:00,paid,VEBORE.DUNTIER@COURRIER.TEST,Vebore Duntier,"68,81 €",EUR,,Point relais
WEB-029647,2025-07-19 14:54:00,paid,sovalo.kelvane@exemple.org,Sovalo Kelvane,79.21,EUR,,Domicile
WEB-029626,2025-07-19 14:57:00,paid,manelu.ostsac@exemple.org,Manelu Ostsac,19.47,eur,,Domicile
WEB-029620,2025-07-19 15:44:00,paid,tasenan.dunmer@mail.example,Tasenan Dunmer,195.40,EUR,,Domicile
WEB-029631,2025-07-19 15:57:00,PAID,tavinia.galrand@courrier.test,Tavinia Galrand,"101,77 €",EUR,,Domicile
WEB-029648,2025-07-19 16:28:00,paid,elboran.cortier@exemple.org,Elboran Cortier,5.05,EUR,,Domicile
WEB-029646,2025-07-19 17:19:00,paid,TATAREL.DUNVANE@MAIL.EXAMPLE,Tatarel Dunvane,68.81,€,,Point relais
WEB-029644,2025-07-19 18:54:00,PAID,ELTAREL.NEVBERT@EXEMPLE.ORG,Eltarel Nevbert,250.82,eur,,Point relais
WEB-029627,2025-07-19 19:23:00,Paid, sodarea.nevlais@exemple.org,Sodarea Nevlais,52.43,EUR,,Point relais
WEB-029629,2025-07-19 20:30:00,paid,dudaro.tormar@exemple.org,Dudaro Tormar,"64,79 €",EUR,,Domicile
WEB-029661,2025-07-20 12:43:00,Paid,duvene.rosvoir@exemple.org,Duvene Rosvoir,"174,80 €",EUR,,Domicile
WEB-029667,2025-07-20 14:18:00,Paid,eldania.persen@mail.example,Eldania Persen,"159,25 €",EUR,,Domicile
WEB-029659,2025-07-20 15:22:00,PAID,zolisi.brennet@exemple.org,Zolisi Brennet,"189,12",eur,,Point relais
WEB-029663,2025-07-20 16:22:00,PAID,tamarea.ostner14@mail.example,Tamarea Ostner,"62,33 €",€,,Point relais
WEB-029655,2025-07-20 16:52:00,Paid,ellisan.keldal25@exemple.org,Ellisan Keldal,"111,97 €",eur,,Point relais
WEB-029653,2025-07-20 16:53:00,paid,orvinia.galgren@courrier.test,Orvinia Galgren,"21,43 €",EUR,FIDELITE,Domicile
WEB-029668,2025-07-20 17:09:00,paid,pirelan.dunrand10@exemple.org,Pirelan Dunrand,"163,27",EUR,,Domicile
WEB-029654,2025-07-20 17:41:00,paid,orvenea.rosmer@courrier.test,Orvenea Rosmer,"46,15",EUR,,Domicile
WEB-029665,2025-07-20 17:56:00,paid,YURELEA.SORLIN@EXEMPLE.ORG,Yurelea Sorlin,"188,09 €",EUR,,Domicile
WEB-029664,2025-07-20 18:38:00,Paid,mivinin.valver@mail.example,Mivinin Valver,"39,04 €",EUR,,Domicile
WEB-029678,2025-07-21 11:47:00,Paid,TAKENIA.SORLAIS@MAIL.EXAMPLE,Takenia Sorlais,134.73,EUR,,Domicile
WEB-029673,2025-07-21 12:43:00,paid,venora.ravbert@mail.example,Venora Ravbert,49.24,EUR,,Domicile
WEB-029694,2025-07-21 13:01:00,PAID,basenan.ravvane@mail.example,Basenan Ravvane,52.33,EUR,,Domicile
WEB-029681,2025-07-21 13:36:00,Paid,duvinel.wenver@mail.example,Duvinel Wenver,19.47,EUR,,Domicile
WEB-029699,2025-07-21 14:46:00,PAID,riborel.nevner@courrier.test,Riborel Nevner,"35,95",EUR,,Point relais
WEB-029676,2025-07-21 15:02:00,Paid,minoran.dunbel@exemple.org,Minoran Dunbel,"90,71",EUR,FIDELITE,Domicile
WEB-029680,2025-07-21 16:16:00,paid,VEMARAN.BRENBEL@EXEMPLE.ORG,Vemaran Brenbel,"28,74 €",EUR,,Domicile
WEB-029679,2025-07-21 18:10:00,Paid,lovena.tornet82@courrier.test,Lovena Tornet,"43,99 €",EUR,,Point relais
WEB-029687,2025-07-21 21:01:00,PAID,nalona.sorsen84@courrier.test,Nalona Sorsen,"60,57 €",EUR,,Point relais
WEB-029710,2025-07-22 11:09:00,paid,selonin.dorver@exemple.org,Selonin Dorver,244.74,eur,,Domicile
WEB-029708,2025-07-22 11:20:00,PAID,selona.brenrand@exemple.org,Selona Brenrand,"103,73",€,,Point relais
WEB-029715,2025-07-22 11:48:00,paid,kalonel.valmont@exemple.org,Kalonel Valmont,80.04,EUR,,Domicile
WEB-029724,2025-07-22 12:06:00,paid,femarel.havgren68@exemple.org,Femarel Havgren,144.93,€,,Domicile
WEB-029728,2025-07-22 12:17:00,PAID,riloni.galmar@exemple.org,Riloni Galmar,290.06,EUR,,Domicile
WEB-029701,2025-07-22 13:26:00,paid,rirela.ostbert@exemple.org,Rirela Ostbert,"124,33",€,,Point relais
WEB-029719,2025-07-22 13:29:00,paid,fegaran.wenlais@exemple.org,Fegaran Wenlais,"251,95",EUR,,Domicile
WEB-029718,2025-07-22 13:53:00,paid,bagaran.brenbert@mail.example,Bagaran Brenbert,"76,12 €",€,,Point relais
WEB-029714,2025-07-22 14:19:00,paid,masenia.ravlin@exemple.org,Masenia Ravlin,"137,52 €",EUR,,Domicile
WEB-029711,2025-07-22 15:02:00,paid,kaboran.dorkan@exemple.org,Kaboran Dorkan,"58,41",EUR,,Point relais
WEB-029731,2025-07-22 15:23:00,cancelled,rikenel.valdis@exemple.org,Rikenel Valdis,"41,79 €",eur,FIDELITE,Domicile
WEB-029716,2025-07-22 16:51:00,paid,ferisi.dorkan@exemple.org,Ferisi Dorkan,"95,49 €",eur,,Domicile
WEB-029712,2025-07-22 17:36:00,paid,sonelea.sorver@exemple.org,Sonelea Sorver,28.74,EUR,,Point relais
WEB-029720,2025-07-22 18:17:00,paid,yudanan.cormont@exemple.org,Yudanan Cormont,"128,45",EUR,,Domicile
WEB-029727,2025-07-22 18:43:00,paid,ellona.persen@exemple.org,Ellona Persen,"137,62 €",EUR,,Domicile
WEB-029709,2025-07-22 20:01:00,PAID,talono.mongren@mail.example,Talono Mongren,116.19,EUR,,Domicile
WEB-029726,2025-07-22 21:44:00,cancelled,elrisia.gallais@exemple.org,Elrisia Gallais,170.68,EUR,,Point relais
WEB-029751,2025-07-23 11:09:00,paid,ELKENEL.FALDIS37@COURRIER.TEST,Elkenel Faldis,"161,41 €",EUR,,Point relais
WEB-029755,2025-07-23 13:15:00,PAID,barelia.ravmont@courrier.test,Barelia Ravmont,"131,54",€,,Retrait magasin
WEB-029737,2025-07-23 13:38:00,Paid,elboran.cortier@exemple.org,Elboran Cortier,"73,96 €",EUR,,Domicile
WEB-029758,2025-07-23 13:54:00,PAID,dutaran.corrand@mail.example,Dutaran Corrand,394.19,EUR,,Point relais
WEB-029735,2025-07-23 14:24:00,Paid, maboru.havnet@exemple.org,Maboru Havnet,83.23,EUR,,Point relais
WEB-029759,2025-07-23 15:51:00,paid,tasene.lantier@exemple.org,Tasene Lantier,"45,12 €",EUR,,Domicile
WEB-029756,2025-07-23 15:57:00,paid,fesolia.dorsen@exemple.org,Fesolia Dorsen,116.09,EUR,,Retrait magasin
WEB-029732,2025-07-23 16:02:00,paid,zomarin.ostnet@courrier.test,Zomarin Ostnet,167.59,EUR,,Retrait magasin
WEB-029750,2025-07-23 16:08:00,paid,karelia.wenlais@exemple.org,Karelia Wenlais,"143,80 €",EUR,,Retrait magasin
WEB-029757,2025-07-23 16:08:00,PAID,zokenea.falvane@mail.example,Zokenea Falvane,"52,66 €",EUR,BIENVENUE,Domicile
WEB-029734,2025-07-23 16:50:00,paid,kadarin.torner@courrier.test,Kadarin Torner,"28,28 €",eur,FIDELITE,Domicile
WEB-029753,2025-07-23 17:36:00,paid,yusolin.sorgren@courrier.test,Yusolin Sorgren,"156,16 €",EUR,,Point relais
WEB-029745,2025-07-23 20:36:00,paid,zorelu.havvane@mail.example,Zorelu Havvane,"74,79 €",EUR,,Domicile
WEB-029749,2025-07-23 21:12:00,Paid,sotara.lantier@exemple.org,Sotara Lantier,"27,61 €",EUR,,Point relais
WEB-029782,2025-07-24 12:04:00,paid,FEVALEL.HAVMONT@EXEMPLE.ORG,Fevalel Havmont,"130,61 €",€,,Domicile
WEB-029785,2025-07-24 12:09:00,PAID,NARISEA.PERBEL47@EXEMPLE.ORG,Narisea Perbel,"136,79",EUR,,Domicile
WEB-029784,2025-07-24 14:17:00,paid,sovala.dundal@exemple.org,Sovala Dundal,"26,68 €",EUR,,Domicile
WEB-029766,2025-07-24 14:33:00,paid,manore.perdis@exemple.org,Manore Perdis,"57,48 €",EUR,,Domicile
WEB-029775,2025-07-24 14:41:00,paid,YUMARA.TORNER@COURRIER.TEST,Yumara Torner,"77,88 €",EUR,,Domicile
WEB-029786,2025-07-24 15:03:00,paid,SEDANIA.KELVER@EXEMPLE.ORG,Sedania Kelver,"226,20 €",EUR,,Retrait magasin
WEB-029764,2025-07-24 17:06:00,PAID,yutelin.dorgren@exemple.org,Yutelin Dorgren,13.29,eur,,Domicile
WEB-029768,2025-07-24 17:52:00,paid,lovalel.corsac@exemple.org,Lovalel Corsac,"41,00 €",EUR,,Domicile
WEB-029765,2025-07-24 17:58:00,paid,fenore.faldis62@courrier.test,Fenore Faldis,106.92,EUR,,Domicile
WEB-029772,2025-07-24 18:15:00,paid,madarea.sorner@mail.example,Madarea Sorner,"190,15",EUR,,Point relais
WEB-029776,2025-07-24 18:35:00,paid,dunelin.ostbel@exemple.org,Dunelin Ostbel,36.78,EUR,,Domicile
WEB-029802,2025-07-25 08:32:00,paid,dunelan.monvane@exemple.org,Dunelan Monvane,"70,87 €",EUR,,Point relais
WEB-029807,2025-07-25 12:12:00,Paid,solonan.falbert@exemple.org,Solonan Falbert,7.11,EUR,,Domicile
WEB-029788,2025-07-25 14:07:00,paid,kavino.falvane@courrier.test,Kavino Falvane,"157,49",EUR,,Domicile
WEB-029789,2025-07-25 15:25:00,paid,nasola.torlais@exemple.org,Nasola Torlais,"14,22",EUR,,Point relais
WEB-029805,2025-07-25 16:00:00,paid,kaloni.galtier@exemple.org,Kaloni Galtier,"65,52 €",EUR,,Domicile
WEB-029796,2025-07-25 16:39:00,paid,yuborel.galbel@mail.example,Yuborel Galbel,"16,38 €",EUR,,Point relais
WEB-029800,2025-07-25 17:03:00,Paid,tasolu.perbert@courrier.test,Tasolu Perbert,"68,91 €",€,,Domicile
WEB-029809,2025-07-25 17:35:00,paid,rivalo.valbel30@exemple.org,Rivalo Valbel,"328,30",€,FIDELITE,Domicile
WEB-029814,2025-07-25 18:13:00,PAID,orrelin.sorgren@courrier.test,Orrelin Sorgren,39.04,EUR,,Point relais
WEB-029806,2025-07-25 18:27:00,paid,lorisi.pervane@mail.example,Lorisi Pervane,"20,50 €",eur,,Point relais
WEB-029799,2025-07-25 19:02:00,paid,arkenia.valrand@exemple.org,Arkenia Valrand,"98,48",EUR,,Domicile
WEB-029792,2025-07-25 19:35:00,Paid,VEMARE.SORGREN@MAIL.EXAMPLE,Vemare Sorgren,"110,01 €",EUR,,Point relais
WEB-029843,2025-07-26 10:27:00,Paid,serisin.monver@mail.example,Serisin Monver,28.64,€,,Domicile
WEB-029861,2025-07-26 12:08:00,paid,fekenea.dunmont@courrier.test,Fekenea Dunmont,"132,70",EUR,FIDELITE,Domicile
WEB-029856,2025-07-26 12:27:00,paid,tadarin.monlin@exemple.org,Tadarin Monlin,"128,97 €",EUR,FIDELITE,Domicile
WEB-029821,2025-07-26 13:37:00,paid,julone.nevbert@mail.example,Julone Nevbert,113.00,EUR,,Point relais
WEB-029858,2025-07-26 14:04:00,paid,sotaru.dorver@mail.example,Sotaru Dorver,"195,40 €",EUR,,Point relais
WEB-029840,2025-07-26 14:30:00,PAID,pirisea.ravnet@courrier.test,Pirisea Ravnet,"62,43",EUR,,Point relais
WEB-029848,2025-07-26 14:37:00,paid,duloni.dormar@exemple.org,Duloni Dormar,"50,37 €",EUR,,Domicile
WEB-029860,2025-07-26 14:49:00,paid,bagaran.brenbert@mail.example,Bagaran Brenbert,"113,00",€,,Point relais
WEB-029855,2025-07-26 15:26:00,paid,vekenu.nevbert@courrier.test,Vekenu Nevbert,"39,97 €",EUR,,Point relais
WEB-029823,2025-07-26 15:53:00,paid,elmarel.dunrand@courrier.test,Elmarel Dunrand,"118,25",EUR,,Domicile
WEB-029834,2025-07-26 15:56:00,paid,MIDARI.OSTMER64@COURRIER.TEST,Midari Ostmer,257.00,eur,,Point relais
WEB-029835,2025-07-26 16:20:00,Paid,sovinel.kelbert@exemple.org,Sovinel Kelbert,"134,63",EUR,,Point relais
WEB-029845,2025-07-26 16:29:00,paid,karise.valnet@courrier.test,Karise Valnet,"86,22",€,,Retrait magasin
WEB-029847,2025-07-26 16:30:00,paid,yukenu.monmer@mail.example,Yukenu Monmer,173.01,EUR,FIDELITE,Point relais
WEB-029830,2025-07-26 16:44:00,PAID,kaborin.falnet@exemple.org,Kaborin Falnet,"154,10 €",EUR,,Domicile
WEB-029832,2025-07-26 16:57:00,paid,ornore.nevrand@exemple.org,Ornore Nevrand,17.41,eur,,Domicile
WEB-029859,2025-07-26 18:20:00,Paid,ardane.wenmer34@exemple.org,Ardane Wenmer,24.62,eur,,Domicile
WEB-029826,2025-07-26 19:10:00,paid,bagare.sornet@courrier.test,Bagare Sornet,40.90,EUR,,Point relais
WEB-029842,2025-07-26 19:11:00,paid,jumonu.brengren@exemple.org,Jumonu Brengren,"42,03 €",EUR,,Retrait magasin
WEB-029849,2025-07-26 19:47:00,Paid,zonelia.nevsen31@exemple.org,Zonelia Nevsen,118.15,EUR,,Point relais
WEB-029857,2025-07-26 20:22:00,paid,zonore.falbel@courrier.test,Zonore Falbel,188.92,EUR,,Domicile
WEB-029862,2025-07-26 20:28:00,paid,pitaru.valsen@courrier.test,Pitaru Valsen,"121,24",EUR,,Point relais
WEB-029865,2025-07-27 12:42:00,paid,NAVINU.TARTIER@MAIL.EXAMPLE,Navinu Tartier,189.22,EUR,,Domicile
WEB-029872,2025-07-27 14:03:00,paid,tasolu.perbert@courrier.test,Tasolu Perbert,39.04,EUR,,Point relais
WEB-029867,2025-07-27 16:34:00,paid,JUBORU.HAVBERT@COURRIER.TEST,Juboru Havbert,"60,27 €",eur,,Domicile
WEB-029876,2025-07-27 16:47:00,Paid,vedanin.gallais@mail.example,Vedanin Gallais,189.12,EUR,,Domicile
WEB-029876,2025-07-27 16:47:00,Paid,vedanin.gallais@mail.example,Vedanin Gallais,189.12,EUR,,Domicile
WEB-029877,2025-07-27 17:31:00,PAID,kalonel.sorgren@exemple.org,Kalonel Sorgren,"710,70",€,FIDELITE,Retrait magasin
WEB-029871,2025-07-27 17:51:00,paid,jutele.tortier@courrier.test,Jutele Tortier,"104,32 €",eur,FIDELITE,Point relais
WEB-029866,2025-07-27 18:10:00,paid,mavali.tarlais@exemple.org,Mavali Tarlais,"52,33 €",EUR,,Point relais
WEB-029898,2025-07-28 08:07:00,PAID,elvalia.havvoir@courrier.test,Elvalia Havvoir,130.51,€,,Domicile
WEB-029898,2025-07-28 08:07:00,PAID,elvalia.havvoir@courrier.test,Elvalia Havvoir,130.51,€,,Domicile
WEB-029886,2025-07-28 12:10:00,PAID,ZOMARE.MONSEN5@MAIL.EXAMPLE,Zomare Monsen,"72,83",EUR,,Domicile
WEB-029878,2025-07-28 13:15:00,PAID,fevinea.permar14@exemple.org,Fevinea Permar,"72,93 €",EUR,,Point relais
WEB-029880,2025-07-28 14:12:00,Paid,serela.brenkan40@mail.example,Serela Brenkan,157.29,€,,Point relais
WEB-029903,2025-07-28 14:31:00,PAID,elloni.wensen@exemple.org,Elloni Wensen,"343,52 €",eur,,Point relais
WEB-029879,2025-07-28 14:35:00,PAID,sogaru.lannet@exemple.org,Sogaru Lannet,"114,03 €",EUR,,Point relais
WEB-029896,2025-07-28 14:48:00,paid,ellisea.dorbert@courrier.test,Ellisea Dorbert,165.43,€,,Domicile
WEB-029901,2025-07-28 16:04:00,paid,yuvinel.dorkan@exemple.org,Yuvinel Dorkan,225.90,EUR,,Domicile
WEB-029902,2025-07-28 17:24:00,PAID,selonin.cormer@courrier.test,Selonin Cormer,62.53,EUR,,Domicile
WEB-029890,2025-07-28 17:30:00,paid,vetara.monlin@courrier.test,Vetara Monlin,159.25,eur,,Domicile
WEB-029899,2025-07-28 17:52:00,paid,losene.perlais@courrier.test,Losene Perlais,"53,36 €",EUR,,Domicile
WEB-029883,2025-07-28 18:08:00,paid,badare.cormer@exemple.org,Badare Cormer,"258,13 €",EUR,,Domicile
WEB-029892,2025-07-28 19:06:00,paid,basenan.ravvane@mail.example,Basenan Ravvane,"250,92 €",EUR,,Point relais
WEB-029887,2025-07-28 19:29:00,paid,orsenin.pervane@courrier.test,Orsenin Pervane,"264,21",EUR,,Point relais
WEB-029894,2025-07-28 20:49:00,paid,dusole.tornet@courrier.test,Dusole Tornet,229.19,EUR,,Domicile
WEB-029927,2025-07-29 12:44:00,paid,tanelel.sorbel@courrier.test,Tanelel Sorbel,"44,82 €",EUR,FIDELITE,Domicile
WEB-029934,2025-07-29 13:10:00,PAID,juvenia.rosvoir@mail.example,Juvenia Rosvoir,"29,77",eur,,Domicile
WEB-029769,2025-07-29 13:19:00,cancelled,DUGARI.MONNER@EXEMPLE.ORG,Dugari Monner,"29,57 €",EUR,BIENVENUE,Point relais
WEB-029933,2025-07-29 13:20:00,paid,mimarea.keldis@mail.example,Mimarea Keldis,"271,12 €",EUR,,Point relais
WEB-029916,2025-07-29 14:02:00,paid,ormaru.wenvoir@mail.example,Ormaru Wenvoir,"404,19",EUR,,Point relais
WEB-029913,2025-07-29 14:08:00,Paid,arsenu.falsac@mail.example,Arsenu Falsac,"33,79 €",EUR,,Domicile
WEB-029910,2025-07-29 14:37:00,PAID,tavinea.lankan@exemple.org,Tavinea Lankan,45.22,EUR,,Domicile
WEB-029935,2025-07-29 14:41:00,PAID,mimari.corner@mail.example,Mimari Corner,159.45,EUR,,Point relais
WEB-029920,2025-07-29 14:54:00,paid,ormarin.dunvoir@courrier.test,Ormarin Dunvoir,45.12,EUR,,Point relais
WEB-029920,2025-07-29 14:54:00,paid,ormarin.dunvoir@courrier.test,Ormarin Dunvoir,45.12,EUR,,Point relais
WEB-029923,2025-07-29 15:02:00,paid,bavena.ostvoir@courrier.test,Bavena Ostvoir,87.25,€,,Retrait magasin
WEB-029912,2025-07-29 15:59:00,paid,kakeni.sornet@mail.example,Kakeni Sornet,"144,00",EUR,,Domicile
WEB-029922,2025-07-29 16:05:00,Paid,sevenan.ostvane92@courrier.test,Sevenan Ostvane,"62,63",EUR,,Point relais
WEB-029911,2025-07-29 16:28:00,Paid,sesole.fallais@courrier.test,Sesole Fallais,"193,34 €",EUR,,Point relais
WEB-029926,2025-07-29 17:20:00,paid,TASOLA.BRENGREN@COURRIER.TEST,Tasola Brengren,"38,84 €",EUR,,Point relais
WEB-029915,2025-07-29 17:23:00,paid,risolin.galbert@exemple.org,Risolin Galbert,"74,79 €",EUR,,Domicile
WEB-029924,2025-07-29 19:01:00,PAID,pitelel.corsac@mail.example,Pitelel Corsac,"41,10 €",EUR,,Point relais
WEB-029919,2025-07-29 19:47:00,PAID,semone.faldal@mail.example,Semone Faldal,98.48,eur,,Point relais
WEB-029909,2025-07-29 21:01:00,Paid,elvine.dorner@courrier.test,Elvine Dorner,124.23,EUR,,Point relais
WEB-029964,2025-07-30 09:18:00,Paid,duvenea.nevtier@mail.example,Duvenea Nevtier,"33,89 €",EUR,,Point relais
WEB-029938,2025-07-30 10:16:00,PAID,lomaru.dorsac@exemple.org,Lomaru Dorsac,"123,30",EUR,,Point relais
WEB-029954,2025-07-30 11:02:00,paid,yunore.ravlin@exemple.org,Yunore Ravlin,"42,03 €",€,,Domicile
WEB-T0003,2025-07-30 11:02:00,paid,test@example.com,Test Test,"1,00",€,,Domicile
WEB-029956,2025-07-30 11:19:00,Paid,SENELIN.MONTIER@EXEMPLE.ORG,Senelin Montier,126.49,EUR,,Point relais
WEB-029968,2025-07-30 11:45:00,paid,kanori.perner38@mail.example,Kanori Perner,"64,59",EUR,,Point relais
WEB-029958,2025-07-30 11:55:00,paid,FEBOREA.CORSEN@EXEMPLE.ORG,Feborea Corsen,155.13,EUR,,Point relais
WEB-029965,2025-07-30 12:17:00,paid,orvali.dorbert@exemple.org,Orvali Dorbert,"114,13 €",€,,Domicile
WEB-029961,2025-07-30 12:23:00,Paid,barelea.tormont@exemple.org,Barelea Tormont,115.06,EUR,,Domicile
WEB-029936,2025-07-30 13:26:00,PAID,marisa.dormont@courrier.test,Marisa Dormont,73.86,EUR,,Point relais
WEB-029944,2025-07-30 14:17:00,paid,solonan.falbert@exemple.org,Solonan Falbert,139.78,EUR,,Point relais
WEB-029948,2025-07-30 14:55:00,paid,senelo.ostlais@exemple.org,Senelo Ostlais,"102,70 €",eur,,Retrait magasin
WEB-029970,2025-07-30 15:10:00,paid,senela.monner@mail.example,Senela Monner,"172,74 €",eur,,Domicile
WEB-029484,2025-07-30 15:16:00,paid,femare.brenner80@mail.example,Femare Brenner,"250,77",EUR,BIENVENUE,Domicile
WEB-029967,2025-07-30 16:04:00,paid,elmonan.persen@mail.example,Elmonan Persen,151.01,EUR,,Point relais
WEB-029937,2025-07-30 16:11:00,paid,RIVALIA.MONVOIR@EXEMPLE.ORG,Rivalia Monvoir,"135,56 €",EUR,,Point relais
WEB-029943,2025-07-30 16:41:00,paid,mitelia.ostvane@mail.example,Mitelia Ostvane,"155,33 €",EUR,,Point relais
WEB-029959,2025-07-30 17:05:00,PAID,DUDANIA.GALBERT@COURRIER.TEST,Dudania Galbert,"366,28 €",eur,,Point relais
WEB-029949,2025-07-30 17:09:00,paid,yureli.kelbert@courrier.test,Yureli Kelbert,"223,11 €",EUR,,Domicile
WEB-029972,2025-07-30 17:44:00,paid,ferelan.wendal@exemple.org,Ferelan Wendal,"136,69",EUR,,Domicile
WEB-029950,2025-07-30 17:55:00,paid,rikene.monmont13@exemple.org,Rikene Monmont,36.99,EUR,FIDELITE,Point relais
WEB-029971,2025-07-30 18:54:00,paid,yumara.torner@courrier.test,Yumara Torner,"59,64 €",EUR,,Domicile
WEB-029981,2025-07-31 10:32:00,Paid,arvenin.dorvane@exemple.org,Arvenin Dorvane,"327,14 €",EUR,,Domicile
WEB-T0010,2025-07-31 10:32:00,Paid,test@example.com,Test Test,"1,00",EUR,,Domicile
WEB-029984,2025-07-31 12:10:00,PAID,milisi.falsen@mail.example,Milisi Falsen,84.26,€,,Retrait magasin
WEB-029973,2025-07-31 13:42:00,PAID,ornora.fallin@exemple.org,Ornora Fallin,"79,21 €",EUR,,Point relais
WEB-029983,2025-07-31 14:08:00,paid,orborel.dunkan@courrier.test,Orborel Dunkan,310.50,EUR,FIDELITE,Domicile
WEB-029975,2025-07-31 14:22:00,PAID,karisa.perbel29@mail.example,Karisa Perbel,"74,99 €",EUR,,Point relais
WEB-029996,2025-07-31 16:52:00,PAID,tatelea.nevdal@exemple.org,Tatelea Nevdal,"108,78 €",EUR,,Domicile
WEB-029987,2025-07-31 17:02:00,paid,fetelin.wenmont@exemple.org,Fetelin Wenmont,90.34,EUR,,Domicile
WEB-029990,2025-07-31 17:08:00,paid,setarea.perbert@courrier.test,Setarea Perbert,28.64,EUR,,Domicile
WEB-029995,2025-07-31 17:41:00,paid,kalonin.corbert@courrier.test,Kalonin Corbert,"65,72 €",EUR,,Domicile
WEB-029997,2025-07-31 17:54:00,paid,jugari.ravkan@courrier.test,Jugari Ravkan,39.97,EUR,,Domicile
WEB-029980,2025-07-31 18:28:00,paid,vetari.corsac@exemple.org,Vetari Corsac,"160,28 €",eur,,Point relais
WEB-029980,2025-07-31 18:28:00,paid,vetari.corsac@exemple.org,Vetari Corsac,"160,28 €",eur,,Point relais
WEB-029985,2025-07-31 18:44:00,paid,venela.brensac@exemple.org,Venela Brensac,150.18,EUR,,Domicile
WEB-029993,2025-07-31 18:54:00,PAID,feneli.brenrand20@courrier.test,Feneli Brenrand,211.88,EUR,,Domicile
WEB-030004,2025-08-01 09:30:00,paid,setari.torsac@courrier.test,Setari Torsac,"61,60 €",eur,,Point relais
WEB-030014,2025-08-01 13:14:00,paid,tadare.dormar@mail.example,Tadare Dormar,77.15,eur,,Domicile
WEB-030010,2025-08-01 13:21:00,paid,juborea.galgren@exemple.org,Juborea Galgren,68.91,€,,Retrait magasin
WEB-030016,2025-08-01 13:45:00,paid,zoveni.tordal@courrier.test,Zoveni Tordal,"26,68 €",EUR,,Point relais
WEB-030008,2025-08-01 16:02:00,PAID,lovenia.monbert@courrier.test,Lovenia Monbert,"24,62 €",EUR,,Domicile
WEB-030017,2025-08-01 16:57:00,paid,marisa.dormont@courrier.test,Marisa Dormont,244.74,EUR,,Domicile
WEB-030006,2025-08-01 18:20:00,paid,vemara.lanver1@exemple.org,Vemara Lanver,"84,16",EUR,,Domicile
WEB-030005,2025-08-01 20:03:00,PAID,pirelan.dunrand10@exemple.org,Pirelan Dunrand,"62,63",EUR,,Point relais
WEB-030002,2025-08-01 21:51:00,PAID,fekenin.perdal@exemple.org,Fekenin Perdal,"135,66 €",EUR,,Domicile
WEB-030024,2025-08-02 15:59:00,paid,elsoli.permont@mail.example,Elsoli Permont,"103,83",EUR,,Point relais
WEB-030023,2025-08-02 17:02:00,PAID,yulono.sorlin@exemple.org,Yulono Sorlin,"295,21",EUR,,Point relais
WEB-030039,2025-08-02 18:55:00,PAID,zokenel.valver@exemple.org,Zokenel Valver,"212,84 €",EUR,FIDELITE,Domicile
WEB-030036,2025-08-02 19:18:00,paid, jusenan.langren@courrier.test,Jusenan Langren,176.76,EUR,,Domicile
WEB-030040,2025-08-02 21:02:00,paid,DURISE.RAVMAR@COURRIER.TEST,Durise Ravmar,"457,95",EUR,,Domicile
WEB-030047,2025-08-02 21:57:00,paid,kaseni.valvane@exemple.org,Kaseni Valvane,"44,19",EUR,,Domicile
WEB-030058,2025-08-03 10:07:00,paid,yugarin.nevvane@courrier.test,Yugarin Nevvane,183.87,EUR,,Retrait magasin
WEB-030057,2025-08-03 11:43:00,paid,zorisin.lankan@courrier.test,Zorisin Lankan,"51,40 €",EUR,,Domicile
WEB-030059,2025-08-03 11:54:00,PAID,kavena.ravsac@exemple.org,Kavena Ravsac,"11,23",EUR,,Domicile
WEB-030055,2025-08-03 13:27:00,PAID,MIDARI.OSTMER64@COURRIER.TEST,Midari Ostmer,115.16,EUR,,Domicile
WEB-030053,2025-08-03 14:49:00,paid,duvena.rosdal@exemple.org,Duvena Rosdal,79.21,EUR,,Domicile
WEB-030062,2025-08-03 15:26:00,paid,JUSOLI.GALBERT@COURRIER.TEST,Jusoli Galbert,"151,74",EUR,,Point relais
WEB-030095,2025-08-04 10:46:00,Paid,dutarel.falmont@mail.example,Dutarel Falmont,172.84,€,,Point relais
WEB-030086,2025-08-04 11:48:00,paid,ormonia.havrand@exemple.org,Ormonia Havrand,55.42,EUR,,Point relais
WEB-030086,2025-08-04 11:48:00,paid,ormonia.havrand@exemple.org,Ormonia Havrand,55.42,EUR,,Point relais
WEB-030068,2025-08-04 12:10:00,PAID,eldane.rosbel@courrier.test,Eldane Rosbel,"11,23",EUR,,Domicile
WEB-030097,2025-08-04 12:33:00,PAID,seboro.sorkan@exemple.org,Seboro Sorkan,"226,30 €",EUR,,Point relais
WEB-030073,2025-08-04 13:23:00,PAID,marelea.falsen@exemple.org,Marelea Falsen,"174,70",EUR,,Domicile
WEB-030066,2025-08-04 13:25:00,paid,lodana.persac@exemple.org,Lodana Persac,"36,98 €",€,,Domicile
WEB-030074,2025-08-04 14:05:00,paid,navalu.dunvane@courrier.test,Navalu Dunvane,24.62,EUR,,Point relais
WEB-030089,2025-08-04 14:35:00,paid,narisi.sorsen@courrier.test,Narisi Sorsen,"190,35 €",EUR,,Domicile
WEB-030078,2025-08-04 15:27:00,paid,velisu.cormont@exemple.org,Velisu Cormont,50.27,EUR,,Domicile
WEB-030085,2025-08-04 15:47:00,paid,arvenu.dorlais@courrier.test,Arvenu Dorlais,"53,36 €",EUR,,Domicile
WEB-030072,2025-08-04 16:08:00,Paid,jutele.tortier@courrier.test,Jutele Tortier,"123,40 €",EUR,,Domicile
WEB-030072,2025-08-04 16:08:00,Paid,jutele.tortier@courrier.test,Jutele Tortier,"123,40 €",EUR,,Domicile
WEB-030075,2025-08-04 17:08:00,PAID,segare.tarmer@exemple.org,Segare Tarmer,"15,35",EUR,,Point relais
WEB-030092,2025-08-04 17:09:00,Paid,elsolea.kelver@courrier.test,Elsolea Kelver,"99,71",€,,Point relais
WEB-030079,2025-08-04 17:44:00,paid,yuvinea.nevbel@exemple.org,Yuvinea Nevbel,"104,76 €",EUR,,Point relais
WEB-030098,2025-08-04 18:35:00,paid,zonoro.brenvoir@courrier.test,Zonoro Brenvoir,"80,14 €",eur,,Domicile
WEB-030064,2025-08-04 18:46:00,PAID,zotarin.fallin@mail.example,Zotarin Fallin,64.59,eur,,Domicile
WEB-030067,2025-08-04 18:47:00,paid,fesolin.falsac@exemple.org,Fesolin Falsac,"69,84",EUR,,Domicile
WEB-030096,2025-08-04 20:55:00,Paid,LOVINA.PERVOIR@MAIL.EXAMPLE,Lovina Pervoir,"91,47",EUR,,Point relais
WEB-030069,2025-08-04 21:17:00,Paid,VELONO.HAVNET@EXEMPLE.ORG,Velono Havnet,170.68,EUR,,Point relais
WEB-030112,2025-08-05 13:22:00,paid,jusolel.ostrand@exemple.org,Jusolel Ostrand,"143,45 €",EUR,FIDELITE,Domicile
WEB-030109,2025-08-05 13:38:00,PAID,marele.faldis@courrier.test,Marele Faldis,"126,49 €",EUR,,Domicile
WEB-030105,2025-08-05 13:51:00,paid,YUTELU.HAVVANE@COURRIER.TEST,Yutelu Havvane,28.64,EUR,,Point relais
WEB-030117,2025-08-05 14:33:00,PAID,vesolan.wenmer@mail.example,Vesolan Wenmer,"110,01",EUR,,Point relais
WEB-030113,2025-08-05 15:19:00,Paid,ordari.galmar@exemple.org,Ordari Galmar,"116,19 €",EUR,,Domicile
WEB-030106,2025-08-05 15:47:00,paid,zoveno.kellais@mail.example,Zoveno Kellais,117.95,EUR,,Point relais
WEB-030118,2025-08-05 16:46:00,PAID,tasolan.ostmont@courrier.test,Tasolan Ostmont,"31,83 €",EUR,,Domicile
WEB-030114,2025-08-05 17:52:00,paid,minelo.valver@exemple.org,Minelo Valver,"52,43",EUR,,Point relais
WEB-030108,2025-08-05 19:31:00,paid,rinoru.perkan@courrier.test,Rinoru Perkan,240.22,EUR,,Domicile
WEB-030116,2025-08-05 20:29:00,paid,fetelin.wenkan@mail.example,Fetelin Wenkan,"233,31 €",EUR,,Domicile
WEB-030100,2025-08-05 21:04:00,PAID,sedarea.galgren@exemple.org,Sedarea Galgren,"95,59",EUR,,Point relais
WEB-030144,2025-08-06 08:49:00,PAID,juvenin.duntier@exemple.org,Juvenin Duntier,199.12,€,,Domicile
WEB-030136,2025-08-06 11:37:00,paid,RIBOREL.NEVNER@COURRIER.TEST,Riborel Nevner,139.58,EUR,,Domicile
WEB-030135,2025-08-06 13:49:00,Paid,kalise.ravmont@mail.example,Kalise Ravmont,156.16,EUR,,Domicile
WEB-030137,2025-08-06 15:05:00,PAID,setare.tarmont@courrier.test,Setare Tarmont,20.50,EUR,,Domicile
WEB-030149,2025-08-06 15:14:00,Paid,banela.valvane@exemple.org,Banela Valvane,46.15,EUR,,Retrait magasin
WEB-030126,2025-08-06 15:41:00,paid,jusena.tarver@mail.example,Jusena Tarver,"98,48",EUR,,Point relais
WEB-030132,2025-08-06 16:33:00,paid,serelu.tarrand@exemple.org,Serelu Tarrand,"34,82 €",EUR,,Point relais
WEB-030133,2025-08-06 16:44:00,paid,sevini.ravkan@exemple.org,Sevini Ravkan,"40,07 €",EUR,,Domicile
WEB-030157,2025-08-06 18:24:00,PAID,yuboru.tarnet@mail.example,Yuboru Tarnet,"88,85 €",EUR,FIDELITE,Domicile
WEB-030145,2025-08-06 19:11:00,paid,pirisia.dordis22@courrier.test,Pirisia Dordis,44.19,EUR,,Domicile
WEB-030158,2025-08-06 19:20:00,PAID,yudanan.dorsen37@courrier.test,Yudanan Dorsen,"50,27 €",EUR,,Domicile
WEB-030141,2025-08-06 19:47:00,paid,rikenea.valmar@mail.example,Rikenea Valmar,"100,64 €",EUR,,Domicile
WEB-030161,2025-08-07 10:36:00,cancelled,SEDARI.GALNET@EXEMPLE.ORG,Sedari Galnet,"103,73 €",EUR,,Point relais
WEB-030169,2025-08-07 11:30:00,paid,yumona.lanvane@exemple.org,Yumona Lanvane,"51,30",EUR,,Retrait magasin
WEB-030170,2025-08-07 14:05:00,paid,femono.corgren93@mail.example,Femono Corgren,"359,80 €",EUR,,Domicile
WEB-030167,2025-08-07 14:20:00,paid,pilona.tarnet@exemple.org,Pilona Tarnet,91.27,EUR,,Point relais
WEB-030181,2025-08-07 15:41:00,cancelled,selisea.ostbert@mail.example,Selisea Ostbert,"8,14 €",EUR,,Domicile
WEB-030171,2025-08-07 17:01:00,paid,ARRELE.NEVBERT@EXEMPLE.ORG,Arrele Nevbert,247.83,EUR,,Point relais
WEB-030182,2025-08-07 17:19:00,PAID,kavenan.gallais85@exemple.org,Kavenan Gallais,"71,60 €",EUR,,Domicile
WEB-030172,2025-08-07 17:20:00,PAID,DUVININ.WENTIER@EXEMPLE.ORG,Duvinin Wentier,"112,07 €",EUR,,Retrait magasin
WEB-030159,2025-08-07 18:58:00,paid,lodanea.sorgren@mail.example,Lodanea Sorgren,22.56,EUR,,Domicile
WEB-030173,2025-08-07 20:54:00,PAID,vebora.rosmer@exemple.org,Vebora Rosmer,76.13,EUR,FIDELITE,Domicile
WEB-030162,2025-08-07 21:28:00,paid,duliso.tarrand@exemple.org,Duliso Tarrand,17.41,EUR,,Domicile
WEB-030193,2025-08-08 08:30:00,paid,zovina.rossac@courrier.test,Zovina Rossac,"34,92",EUR,,Domicile
WEB-030201,2025-08-08 11:08:00,PAID,rikene.monmont13@exemple.org,Rikene Monmont,"139,74",EUR,FIDELITE,Domicile
WEB-030190,2025-08-08 11:21:00,paid,ortelu.valnet@mail.example,Ortelu Valnet,"34,92 €",EUR,,Point relais
WEB-030203,2025-08-08 12:21:00,PAID,YUTARA.FALRAND@MAIL.EXAMPLE,Yutara Falrand,"24,62",EUR,,Domicile
WEB-030202,2025-08-08 13:52:00,PAID,sonorea.wendal34@exemple.org,Sonorea Wendal,"21,43 €",EUR,,Domicile
WEB-030197,2025-08-08 14:11:00,paid,lokenia.falsen@mail.example,Lokenia Falsen,"237,53 €",EUR,,Domicile
WEB-030200,2025-08-08 17:05:00,Paid,fevale.lankan@exemple.org,Fevale Lankan,"49,24 €",EUR,,Domicile
WEB-030188,2025-08-08 18:45:00,paid,segarel.ostmont@exemple.org,Segarel Ostmont,"200,25 €",EUR,,Domicile
WEB-030188,2025-08-08 18:45:00,paid,segarel.ostmont@exemple.org,Segarel Ostmont,"200,25 €",EUR,,Domicile
WEB-030199,2025-08-08 20:02:00,paid,dudanu.rosmar@exemple.org,Dudanu Rosmar,59.54,EUR,,Domicile
WEB-030199,2025-08-08 20:02:00,paid,dudanu.rosmar@exemple.org,Dudanu Rosmar,59.54,EUR,,Domicile
WEB-030196,2025-08-08 20:30:00,paid,SEMARE.SORVANE@EXEMPLE.ORG,Semare Sorvane,"52,43 €",EUR,,Domicile
WEB-030205,2025-08-08 21:40:00,paid,mimonin.nevsen50@courrier.test,Mimonin Nevsen,"204,67 €",EUR,,Domicile
WEB-030215,2025-08-09 08:00:00,PAID,kakenel.dorvoir@courrier.test,Kakenel Dorvoir,"21,53",EUR,,Domicile
WEB-030229,2025-08-09 08:04:00,paid,soborin.valvoir@exemple.org,Soborin Valvoir,"44,09 €",EUR,,Point relais
WEB-030224,2025-08-09 13:26:00,PAID,migaru.brensen@exemple.org,Migaru Brensen,"196,23",EUR,,Domicile
WEB-030218,2025-08-09 13:37:00,paid,tabore.sorbert71@exemple.org,Tabore Sorbert,"206,43 €",EUR,,Point relais
WEB-030233,2025-08-09 15:38:00,paid,jurisu.dunbel@exemple.org,Jurisu Dunbel,"2,99 €",EUR,,Point relais
WEB-030235,2025-08-09 15:46:00,paid,miseni.perbel@mail.example,Miseni Perbel,242.58,eur,,Domicile
WEB-030234,2025-08-09 16:36:00,paid,NAVENIA.ROSBERT@EXEMPLE.ORG,Navenia Rosbert,"22,56 €",EUR,,Domicile
WEB-030227,2025-08-09 16:45:00,paid,pimaru.ravlin@courrier.test,Pimaru Ravlin,"56,35 €",EUR,,Domicile
WEB-030211,2025-08-09 16:47:00,Paid,yunela.galkan@courrier.test,Yunela Galkan,205.70,EUR,,Point relais
WEB-030221,2025-08-09 16:52:00,paid, malonea.perkan@exemple.org,Malonea Perkan,"99,51 €",EUR,,Domicile
WEB-030213,2025-08-09 16:58:00,PAID,ardani.kelver@courrier.test,Ardani Kelver,"26,58 €",EUR,,Domicile
WEB-030226,2025-08-09 17:39:00,Paid,rikene.monmont13@exemple.org,Rikene Monmont,10.10,eur,,Point relais
WEB-030222,2025-08-09 18:10:00,Paid,somonea.falbel15@mail.example,Somonea Falbel,"88,85 €",EUR,FIDELITE,Point relais
WEB-030220,2025-08-09 18:51:00,paid,duboran.sorgren@exemple.org,Duboran Sorgren,"47,08",EUR,,Domicile
WEB-030246,2025-08-10 08:35:00,PAID,elmarea.sorvane@mail.example,Elmarea Sorvane,"207,46",eur,,Domicile
WEB-030239,2025-08-10 12:11:00,PAID,zovale.brenlin@mail.example,Zovale Brenlin,"17,41 €",EUR,,Domicile
WEB-030244,2025-08-10 15:17:00,paid,SEVINI.RAVKAN@EXEMPLE.ORG,Sevini Ravkan,24.62,EUR,,Point relais
WEB-030237,2025-08-10 16:51:00,paid,tamonin.cormont@exemple.org,Tamonin Cormont,"170,68",EUR,,Domicile
WEB-030247,2025-08-10 17:24:00,paid,LOMONE.WENBEL@COURRIER.TEST,Lomone Wenbel,"26,68 €",EUR,,Retrait magasin
WEB-030240,2025-08-10 21:33:00,PAID,kanorin.tarner@mail.example,Kanorin Tarner,131.64,€,,Retrait magasin
WEB-030240,2025-08-10 21:33:00,PAID,kanorin.tarner@mail.example,Kanorin Tarner,131.64,€,,Retrait magasin
WEB-030260,2025-08-11 08:56:00,PAID,nadanan.rosdis@mail.example,Nadanan Rosdis,"121,97 €",EUR,,Domicile
WEB-030259,2025-08-11 12:05:00,Paid,ortelin.dunmer@mail.example,Ortelin Dunmer,"253,91 €",€,,Domicile
WEB-030257,2025-08-11 12:57:00,PAID,TAMARA.DORNET@EXEMPLE.ORG,Tamara Dornet,207.86,EUR,,Point relais
WEB-030254,2025-08-11 14:04:00,paid,tadara.rosvane@courrier.test,Tadara Rosvane,272.44,EUR,FIDELITE,Domicile
WEB-030252,2025-08-11 14:43:00,paid,kareli.rosvane@exemple.org,Kareli Rosvane,"354,02",EUR,,Retrait magasin
WEB-030266,2025-08-11 14:54:00,PAID,pigaria.kelner@exemple.org,Pigaria Kelner,"72,31",EUR,FIDELITE,Point relais
WEB-030270,2025-08-11 15:22:00,paid,kagarin.wentier75@mail.example,Kagarin Wentier,"63,66 €",EUR,,Point relais
WEB-030251,2025-08-11 15:37:00,PAID,ellise.pergren@courrier.test,Ellise Pergren,109.71,EUR,,Retrait magasin
WEB-030255,2025-08-11 16:27:00,paid,venela.monmer@exemple.org,Venela Monmer,19.47,EUR,FIDELITE,Point relais
WEB-T0025,2025-08-11 16:27:00,paid,test@example.com,Test Test,"1,00",EUR,FIDELITE,Point relais
WEB-030253,2025-08-11 16:39:00,PAID, natarea.havvoir@mail.example,Natarea Havvoir,205.70,EUR,,Domicile
WEB-030268,2025-08-11 17:35:00,paid,mimara.ostmer@exemple.org,Mimara Ostmer,188.66,EUR,FIDELITE,Point relais
WEB-030267,2025-08-11 18:58:00,Paid,jubore.wenmar@exemple.org,Jubore Wenmar,104.86,EUR,,Point relais
WEB-030261,2025-08-11 19:06:00,PAID, nanelo.rosdal@courrier.test,Nanelo Rosdal,"41,00",EUR,,Point relais
WEB-030300,2025-08-12 15:07:00,PAID,tadane.dorvane@exemple.org,Tadane Dorvane,"11,23 €",EUR,,Domicile
WEB-030285,2025-08-12 15:16:00,paid,ritaru.havtier21@mail.example,Ritaru Havtier,"95,59 €",€,,Point relais
WEB-T0024,2025-08-12 15:16:00,paid,test@example.com,Test Test,"1,00",€,,Point relais
WEB-030273,2025-08-12 15:42:00,cancelled,pivinin.dortier55@courrier.test,Pivinin Dortier,161.41,€,,Point relais
WEB-030282,2025-08-12 16:06:00,paid,makeni.lannet@mail.example,Makeni Lannet,"99,61",€,,Domicile
WEB-030295,2025-08-12 16:28:00,PAID,elvalu.dunbel@exemple.org,Elvalu Dunbel,"29,77",EUR,,Domicile
WEB-030280,2025-08-12 16:49:00,paid,orkeni.torbel63@courrier.test,Orkeni Torbel,53.36,EUR,,Point relais
WEB-030278,2025-08-12 16:50:00,paid,sebori.falnet41@exemple.org,Sebori Falnet,21.53,€,,Domicile
WEB-030286,2025-08-12 17:52:00,PAID,balonel.valdal@mail.example,Balonel Valdal,187.99,EUR,,Point relais
WEB-030279,2025-08-12 18:33:00,paid,duvino.wengren52@exemple.org,Duvino Wengren,55.42,EUR,,Point relais
WEB-030301,2025-08-12 18:49:00,paid,kakenia.galgren@mail.example,Kakenia Galgren,47.18,EUR,,Domicile
WEB-T0016,2025-08-12 18:49:00,paid,test@example.com,Test Test,"1,00",EUR,,Domicile
WEB-030293,2025-08-12 21:18:00,PAID,seboro.sorkan@exemple.org,Seboro Sorkan,41.00,eur,,Point relais
WEB-030304,2025-08-13 10:11:00,paid,pitelel.corsac@mail.example,Pitelel Corsac,"20,50",EUR,,Point relais
WEB-030310,2025-08-13 12:29:00,cancelled,ellisan.keldal25@exemple.org,Ellisan Keldal,22.56,EUR,,Retrait magasin
WEB-030309,2025-08-13 12:56:00,paid,tavalin.corbel@courrier.test,Tavalin Corbel,115.37,EUR,FIDELITE,Point relais
WEB-030325,2025-08-13 14:41:00,PAID,taveno.corlin31@mail.example,Taveno Corlin,"24,52 €",EUR,,Point relais
WEB-030306,2025-08-13 17:25:00,paid,ormaru.wenvoir@mail.example,Ormaru Wenvoir,"22,56 €",EUR,,Point relais
WEB-030315,2025-08-13 19:14:00,paid,vedana.falver@mail.example,Vedana Falver,"242,68 €",EUR,,Point relais
WEB-030308,2025-08-13 21:04:00,PAID,yulisia.tardis@courrier.test,Yulisia Tardis,"54,61 €",EUR,FIDELITE,Point relais
WEB-T0036,2025-08-13 21:04:00,PAID,test@example.com,Test Test,"1,00",EUR,FIDELITE,Point relais
WEB-030303,2025-08-13 21:18:00,PAID,serisi.nevlais@exemple.org,Serisi Nevlais,"219,09 €",EUR,,Point relais
WEB-030329,2025-08-14 09:30:00,PAID,sorelea.ravkan@mail.example,Sorelea Ravkan,"91,47 €",EUR,,Domicile
WEB-030345,2025-08-14 11:43:00,paid,fedara.pervane@exemple.org,Fedara Pervane,"44,19 €",eur,,Domicile
WEB-030336,2025-08-14 13:05:00,paid,kasenel.keldal47@courrier.test,Kasenel Keldal,19.37,EUR,,Point relais
WEB-030339,2025-08-14 14:25:00,PAID,marisel.ostsac@courrier.test,Marisel Ostsac,"101,77 €",EUR,,Domicile
WEB-030350,2025-08-14 15:07:00,paid,jusolin.brenvane@courrier.test,Jusolin Brenvane,4.02,EUR,,Point relais
WEB-030326,2025-08-14 15:39:00,paid,yunelia.tortier@exemple.org,Yunelia Tortier,"127,42 €",EUR,,Domicile
WEB-030328,2025-08-14 16:04:00,PAID,orkeni.torbel63@courrier.test,Orkeni Torbel,"126,49 €",EUR,,Point relais
WEB-030337,2025-08-14 16:26:00,PAID,mataran.monner@courrier.test,Mataran Monner,49.24,€,,Domicile
WEB-030343,2025-08-14 17:53:00,PAID,rimone.dunvoir@courrier.test,Rimone Dunvoir,"306,24 €",EUR,,Point relais
WEB-030341,2025-08-14 17:58:00,paid,ormari.valmer@exemple.org,Ormari Valmer,140.54,EUR,BIENVENUE,Point relais
WEB-030351,2025-08-14 19:56:00,PAID,zodanu.valmont@mail.example,Zodanu Valmont,108.05,EUR,,Point relais
WEB-030331,2025-08-14 21:16:00,Paid,tatara.mondal@mail.example,Tatara Mondal,"163,37 €",EUR,,Domicile
WEB-030376,2025-08-15 12:29:00,Paid,orlisia.dorkan@mail.example,Orlisia Dorkan,"168,52",EUR,,Domicile
WEB-030384,2025-08-15 12:36:00,paid,yulisea.ravver@exemple.org,Yulisea Ravver,40.90,EUR,,Domicile
WEB-030380,2025-08-15 12:39:00,paid,pivina.monvoir2@courrier.test,Pivina Monvoir,"21,53 €",EUR,,Point relais
WEB-030377,2025-08-15 13:41:00,PAID,mavino.nevmont@mail.example,Mavino Nevmont,"130,71",€,,Domicile
WEB-030362,2025-08-15 13:49:00,paid,kagaria.brenbel@exemple.org,Kagaria Brenbel,"119,28 €",€,,Point relais
WEB-030361,2025-08-15 14:57:00,paid,orsenin.kelver@exemple.org,Orsenin Kelver,474.33,EUR,,Domicile
WEB-030360,2025-08-15 15:02:00,paid,batari.falrand@exemple.org,Batari Falrand,"61,50 €",EUR,,Domicile
WEB-030366,2025-08-15 16:10:00,paid,arrelin.osttier@exemple.org,Arrelin Osttier,"97,65",EUR,,Domicile
WEB-030382,2025-08-15 17:10:00,Paid,fetarea.ostner@exemple.org,Fetarea Ostner,"247,83",EUR,,Retrait magasin
WEB-030381,2025-08-15 17:16:00,paid,midanu.sorlais@courrier.test,Midanu Sorlais,"12,26 €",EUR,,Domicile
WEB-030379,2025-08-15 18:19:00,paid,FETARAN.BRENSEN@EXEMPLE.ORG,Fetaran Brensen,"83,23 €",eur,,Point relais
WEB-030389,2025-08-15 19:53:00,paid,ridara.valvane@exemple.org,Ridara Valvane,"119,28 €",EUR,,Point relais
WEB-030373,2025-08-15 20:16:00,paid,pirelan.brenvoir@exemple.org,Pirelan Brenvoir,121.44,EUR,,Retrait magasin
WEB-030398,2025-08-16 09:13:00,paid,zosenin.cortier@mail.example,Zosenin Cortier,"349,70",EUR,,Domicile
WEB-030409,2025-08-16 10:41:00,Paid,senelo.cormer@courrier.test,Senelo Cormer,"121,44 €",EUR,,Domicile
WEB-030420,2025-08-16 10:46:00,Paid,arsolel.monlin74@mail.example,Arsolel Monlin,"60,57 €",EUR,,Point relais
WEB-T0055,2025-08-16 10:46:00,Paid,test@example.com,Test Test,"1,00",EUR,,Point relais
WEB-030416,2025-08-16 11:48:00,paid,arnela.torlin@courrier.test,Arnela Torlin,"126,29 €",EUR,,Point relais
WEB-030397,2025-08-16 12:37:00,PAID,jukenea.vallin90@courrier.test,Jukenea Vallin,138.65,EUR,,Point relais
WEB-030418,2025-08-16 13:26:00,PAID,arlisin.tormont@courrier.test,Arlisin Tormont,"65,46 €",EUR,FIDELITE,Domicile
WEB-030395,2025-08-16 13:35:00,paid,maveno.falgren@mail.example,Maveno Falgren,"154,20",€,,Domicile
WEB-030415,2025-08-16 14:53:00,Paid,jumarin.mongren@mail.example,Jumarin Mongren,133.20,€,,Point relais
WEB-030428,2025-08-16 15:10:00,paid,yudara.sorrand@exemple.org,Yudara Sorrand,"461,87",EUR,,Domicile
WEB-030417,2025-08-16 15:18:00,PAID,elgare.galbel@exemple.org,Elgare Galbel,175.53,EUR,,Domicile
WEB-030407,2025-08-16 15:35:00,paid,orvinu.sorkan@mail.example,Orvinu Sorkan,22.56,€,,Domicile
WEB-030430,2025-08-16 15:42:00,paid,ARTARU.BRENTIER34@EXEMPLE.ORG,Artaru Brentier,131.54,EUR,,Domicile
WEB-030390,2025-08-16 15:54:00,Paid,zodaro.cornet40@exemple.org,Zodaro Cornet,36.78,EUR,,Domicile
WEB-030405,2025-08-16 15:57:00,paid,RIKENIA.TORVOIR@EXEMPLE.ORG,Rikenia Torvoir,"141,94",EUR,,Domicile
WEB-030403,2025-08-16 16:23:00,paid,kakenia.galgren@mail.example,Kakenia Galgren,"89,31",EUR,,Domicile
WEB-030419,2025-08-16 16:53:00,paid,jusolin.dunvoir@mail.example,Jusolin Dunvoir,249.59,EUR,,Domicile
WEB-030426,2025-08-16 17:58:00,Paid,zovini.wenvane@courrier.test,Zovini Wenvane,74.89,EUR,,Point relais
WEB-030411,2025-08-16 17:59:00,paid,talonan.sorlin@exemple.org,Talonan Sorlin,273.58,EUR,,Point relais
WEB-030413,2025-08-16 18:25:00,Paid,lorisea.galver@mail.example,Lorisea Galver,"6,75 €",EUR,FIDELITE,Domicile
WEB-030396,2025-08-16 18:44:00,PAID,naborin.brenvoir75@exemple.org,Naborin Brenvoir,2.99,EUR,,Domicile
WEB-030399,2025-08-16 18:57:00,Paid,duvene.rosvoir@exemple.org,Duvene Rosvoir,31.73,EUR,,Retrait magasin
WEB-030424,2025-08-16 18:59:00,Paid,seboria.ostsac@exemple.org,Seboria Ostsac,"94,46 €",€,,Point relais
WEB-030422,2025-08-16 20:38:00,paid,orvalo.nevlin21@mail.example,Orvalo Nevlin,"18,44",EUR,,Retrait magasin
WEB-030444,2025-08-17 08:11:00,paid,pivalia.ravsen@mail.example,Pivalia Ravsen,"225,07 €",EUR,,Domicile
WEB-030435,2025-08-17 13:43:00,PAID,zomaru.ravkan@exemple.org,Zomaru Ravkan,"126,39",EUR,,Domicile
WEB-030438,2025-08-17 15:35:00,Paid,duborel.falmer@exemple.org,Duborel Falmer,104.86,EUR,,Domicile
WEB-030433,2025-08-17 18:41:00,Paid,DURELEL.DORKAN42@EXEMPLE.ORG,Durelel Dorkan,"30,70",EUR,,Domicile
WEB-030434,2025-08-17 19:03:00,paid,NATELAN.LANSEN@EXEMPLE.ORG,Natelan Lansen,"251,12 €",eur,,Point relais
WEB-030451,2025-08-18 11:45:00,PAID,eltaru.wenner@courrier.test,Eltaru Wenner,161.41,€,,Point relais
WEB-030459,2025-08-18 13:13:00,PAID,midari.ostmer64@courrier.test,Midari Ostmer,76.04,EUR,FIDELITE,Domicile
WEB-030465,2025-08-18 13:54:00,paid,sesenin.ravrand@courrier.test,Sesenin Ravrand,"16,38 €",EUR,,Domicile
WEB-030463,2025-08-18 15:05:00,Paid,zoteli.dunvoir@exemple.org,Zoteli Dunvoir,"89,41",EUR,,Domicile
WEB-030453,2025-08-18 15:42:00,PAID,rirelel.havlin@courrier.test,Rirelel Havlin,"44,92 €",EUR,,Domicile
WEB-030460,2025-08-18 16:06:00,paid,nadana.sorbert@courrier.test,Nadana Sorbert,221.88,EUR,,Point relais
WEB-030447,2025-08-18 18:52:00,Paid,fereli.monkan@exemple.org,Fereli Monkan,29.39,€,BIENVENUE,Domicile
WEB-030448,2025-08-18 20:08:00,paid,orvini.kelmer@exemple.org,Orvini Kelmer,57.38,EUR,,Domicile
WEB-030487,2025-08-19 08:07:00,paid,tadanan.tartier@mail.example,Tadanan Tartier,30.60,EUR,,Domicile
WEB-030480,2025-08-19 11:17:00,PAID,ornoran.rossen@exemple.org,Ornoran Rossen,68.91,eur,,Domicile
WEB-030469,2025-08-19 11:53:00,paid,zorisea.corkan@mail.example,Zorisea Corkan,"42,96",EUR,,Domicile
WEB-030484,2025-08-19 13:22:00,paid,jurisea.valbert@mail.example,Jurisea Valbert,"463,00 €",EUR,,Point relais
WEB-030471,2025-08-19 14:06:00,paid, jurisin.valmont@exemple.org,Jurisin Valmont,"252,15",EUR,,Domicile
WEB-030488,2025-08-19 14:09:00,paid,tamare.galsen@mail.example,Tamare Galsen,133.50,eur,,Point relais
WEB-030489,2025-08-19 14:35:00,paid, lorelel.kelnet@mail.example,Lorelel Kelnet,"180,88 €",EUR,,Domicile
WEB-T0035,2025-08-19 14:35:00,paid,test@example.com,Test Test,"1,00",EUR,,Domicile
WEB-030485,2025-08-19 16:46:00,paid,arrisia.kelmar@exemple.org,Arrisia Kelmar,121.93,EUR,FIDELITE,Domicile
WEB-030479,2025-08-19 16:58:00,paid,pikenel.cortier@mail.example,Pikenel Cortier,"88,95",EUR,FIDELITE,Point relais
WEB-030473,2025-08-19 17:55:00,PAID,navinu.tartier@mail.example,Navinu Tartier,10.20,EUR,,Point relais
WEB-030483,2025-08-19 18:04:00,paid,sedare.kellin@mail.example,Sedare Kellin,9.17,eur,,Domicile
WEB-030475,2025-08-19 19:00:00,Paid,yugarin.galbel41@courrier.test,Yugarin Galbel,52.43,EUR,,Domicile
WEB-030504,2025-08-20 11:33:00,PAID,kakenel.dorvoir@courrier.test,Kakenel Dorvoir,"73,96",EUR,,Domicile
WEB-030491,2025-08-20 11:58:00,PAID,BARELEL.FALSEN@MAIL.EXAMPLE,Barelel Falsen,2.99,€,,Point relais
WEB-030506,2025-08-20 12:37:00,paid,mavenin.wenvane@exemple.org,Mavenin Wenvane,"66,65 €",EUR,,Domicile
WEB-030510,2025-08-20 13:59:00,paid,orrisu.dundal@exemple.org,Orrisu Dundal,"215,90 €",EUR,,Point relais
WEB-030512,2025-08-20 15:16:00,PAID,yutarea.tarkan@courrier.test,Yutarea Tarkan,"35,85 €",EUR,,Domicile
WEB-030494,2025-08-20 16:31:00,paid,jumonin.dorvoir@exemple.org,Jumonin Dorvoir,234.44,EUR,,Domicile
WEB-030494,2025-08-20 16:31:00,paid,jumonin.dorvoir@exemple.org,Jumonin Dorvoir,234.44,EUR,,Domicile
WEB-030498,2025-08-20 16:36:00,paid,madanu.ostver@courrier.test,Madanu Ostver,"34,82 €",EUR,,Domicile
WEB-030508,2025-08-20 16:59:00,PAID,orsolel.falkan88@exemple.org,Orsolel Falkan,"98,64 €",eur,FIDELITE,Domicile
WEB-030502,2025-08-20 17:48:00,PAID,verisa.brenkan@mail.example,Verisa Brenkan,"127,52 €",€,,Point relais
WEB-030502,2025-08-20 17:48:00,PAID,verisa.brenkan@mail.example,Verisa Brenkan,"127,52 €",€,,Point relais
WEB-030495,2025-08-20 18:09:00,paid,pirisi.corvane@exemple.org,Pirisi Corvane,"51,30 €",eur,,Point relais
WEB-030493,2025-08-20 18:25:00,paid,tamare.valvoir@exemple.org,Tamare Valvoir,"145,51 €",€,FIDELITE,Domicile
WEB-030505,2025-08-20 19:27:00,cancelled,arvino.cormar@exemple.org,Arvino Cormar,"85,29",€,,Point relais
WEB-030497,2025-08-20 19:53:00,paid,vegaria.corsac@exemple.org,Vegaria Corsac,171.88,€,BIENVENUE,Point relais
WEB-030496,2025-08-20 20:26:00,Paid,navenia.valvane@courrier.test,Navenia Valvane,"30,80 €",EUR,,Domicile
WEB-030519,2025-08-21 11:26:00,PAID,tamara.dornet@exemple.org,Tamara Dornet,281.72,EUR,,Point relais
WEB-030516,2025-08-21 12:11:00,paid,rigare.cornet@exemple.org,Rigare Cornet,46.15,eur,,Domicile
WEB-030513,2025-08-21 13:36:00,PAID,sogarea.wenner@courrier.test,Sogarea Wenner,"192,21 €",EUR,,Domicile
WEB-030524,2025-08-21 13:57:00,paid,pisolu.rosgren@courrier.test,Pisolu Rosgren,"117,02 €",EUR,,Point relais
WEB-030515,2025-08-21 14:18:00,PAID,kasole.dormar13@exemple.org,Kasole Dormar,"205,50",EUR,,Domicile
WEB-030523,2025-08-21 15:55:00,paid,duborin.kelner@courrier.test,Duborin Kelner,74.99,EUR,,Point relais
WEB-030520,2025-08-21 15:59:00,PAID,jurisa.dorver@mail.example,Jurisa Dorver,"133,60",EUR,,Domicile
WEB-030517,2025-08-21 16:14:00,Paid,vevino.permont85@mail.example,Vevino Permont,"46,05",EUR,,Point relais
WEB-030525,2025-08-21 16:30:00,Paid, tabori.dortier@exemple.org,Tabori Dortier,27.30,EUR,FIDELITE,Point relais
WEB-030529,2025-08-21 18:02:00,paid,felisea.kelvane69@courrier.test,Felisea Kelvane,68.21,EUR,FIDELITE,Domicile
WEB-030534,2025-08-21 18:53:00,Paid,zodaru.valdal@exemple.org,Zodaru Valdal,"120,01",EUR,,Domicile
WEB-030533,2025-08-21 19:57:00,paid,soboran.galkan2@exemple.org,Soboran Galkan,30.80,€,,Domicile
WEB-030544,2025-08-22 13:05:00,paid,mabori.rosvane@courrier.test,Mabori Rosvane,"20,45 €",eur,FIDELITE,Domicile
WEB-030547,2025-08-22 14:18:00,PAID,PIVENA.PERSEN@COURRIER.TEST,Pivena Persen,78.08,EUR,,Point relais
WEB-030564,2025-08-22 15:23:00,paid,mavenin.wenvane@exemple.org,Mavenin Wenvane,"150,91 €",EUR,,Domicile
WEB-030557,2025-08-22 15:48:00,Paid,yunorin.corvoir@courrier.test,Yunorin Corvoir,107.85,EUR,,Domicile
WEB-030563,2025-08-22 16:13:00,paid,vemone.rossen@exemple.org,Vemone Rossen,"238,56",EUR,,Point relais
WEB-030561,2025-08-22 16:42:00,cancelled,pivinel.dunner@courrier.test,Pivinel Dunner,96.62,EUR,,Retrait magasin
WEB-030542,2025-08-22 16:55:00,PAID,fevenan.galdis@exemple.org,Fevenan Galdis,"11,23 €",eur,,Retrait magasin
WEB-030548,2025-08-22 17:11:00,paid,lokeni.falsen51@exemple.org,Lokeni Falsen,27.30,eur,FIDELITE,Point relais
WEB-030538,2025-08-22 17:14:00,Paid,narisel.monsac@courrier.test,Narisel Monsac,302.42,EUR,,Domicile
WEB-030550,2025-08-22 17:19:00,Paid,lonelan.kelbert@exemple.org,Lonelan Kelbert,"20,50 €",EUR,,Domicile
WEB-030549,2025-08-22 17:45:00,Paid,femonu.vallais@exemple.org,Femonu Vallais,19.37,EUR,,Domicile
WEB-030546,2025-08-22 17:54:00,cancelled,kavalea.kelsac@mail.example,Kavalea Kelsac,"152,97 €",EUR,,Domicile
WEB-030559,2025-08-22 18:33:00,paid,serelia.havtier@exemple.org,Serelia Havtier,"96,52 €",EUR,,Point relais
WEB-030536,2025-08-22 19:53:00,cancelled,FETELEA.VALVANE@EXEMPLE.ORG,Fetelea Valvane,167.59,EUR,,Retrait magasin
WEB-030568,2025-08-23 11:02:00,cancelled, lotela.sorkan@mail.example,Lotela Sorkan,"66,65 €",EUR,,Domicile
WEB-030599,2025-08-23 11:53:00,Paid,rilisu.kelvane@mail.example,Rilisu Kelvane,210.65,EUR,,Point relais
WEB-030598,2025-08-23 12:00:00,PAID,ZOVINI.WENVANE@COURRIER.TEST,Zovini Wenvane,"153,17",EUR,,Retrait magasin
WEB-030570,2025-08-23 15:09:00,paid,duteli.brenlin90@courrier.test,Duteli Brenlin,101.77,EUR,,Point relais
WEB-030592,2025-08-23 15:14:00,paid,mavine.wenmar@exemple.org,Mavine Wenmar,101.77,EUR,,Point relais
WEB-030569,2025-08-23 15:36:00,paid,zorisan.dunvane@courrier.test,Zorisan Dunvane,"73,76 €",EUR,,Domicile
WEB-030590,2025-08-23 15:36:00,paid,MAGARE.PERSEN@MAIL.EXAMPLE,Magare Persen,155.13,EUR,,Domicile
WEB-030582,2025-08-23 16:01:00,paid,juvina.perbert@exemple.org,Juvina Perbert,45.22,EUR,,Point relais
WEB-030583,2025-08-23 16:04:00,paid,orloni.nevlin@courrier.test,Orloni Nevlin,29.26,EUR,FIDELITE,Domicile
WEB-030593,2025-08-23 16:16:00,Paid,dulone.cortier@courrier.test,Dulone Cortier,"16,38",EUR,,Domicile
WEB-030589,2025-08-23 16:28:00,paid,seliso.landal@courrier.test,Seliso Landal,"43,06 €",EUR,,Domicile
WEB-030588,2025-08-23 16:30:00,paid,sebori.falnet41@exemple.org,Sebori Falnet,"199,32 €",EUR,,Point relais
WEB-030567,2025-08-23 17:38:00,paid,pivalin.dundis@courrier.test,Pivalin Dundis,12.26,EUR,,Domicile
WEB-030571,2025-08-23 18:14:00,PAID,tatarea.falsac@mail.example,Tatarea Falsac,"210,85 €",eur,,Retrait magasin
WEB-030584,2025-08-23 19:40:00,PAID,setarin.nevner@courrier.test,Setarin Nevner,119.18,EUR,,Point relais
WEB-030587,2025-08-23 19:48:00,Paid,mivinin.valver@mail.example,Mivinin Valver,"95,52 €",EUR,FIDELITE,Domicile
WEB-030574,2025-08-23 20:09:00,paid,dusole.tornet@courrier.test,Dusole Tornet,"28,74 €",eur,,Point relais
WEB-030572,2025-08-23 20:32:00,PAID,tataran.kellais@courrier.test,Tataran Kellais,"69,84",EUR,,Domicile
WEB-030576,2025-08-23 20:49:00,Paid,milisi.falsen@mail.example,Milisi Falsen,"124,33 €",EUR,,Domicile
WEB-030581,2025-08-23 21:26:00,paid,lorisi.pervane@mail.example,Lorisi Pervane,"196,53 €",€,,Retrait magasin
WEB-030609,2025-08-24 11:53:00,Paid,mavenin.wenvane@exemple.org,Mavenin Wenvane,"205,70",EUR,,Point relais
WEB-030607,2025-08-24 13:10:00,paid,eldanea.falgren@mail.example,Eldanea Falgren,"64,69",€,,Domicile
WEB-030608,2025-08-24 15:04:00,PAID,tamara.dornet@exemple.org,Tamara Dornet,39.04,EUR,,Retrait magasin
WEB-030603,2025-08-24 15:07:00,PAID,yudanea.nevdis@mail.example,Yudanea Nevdis,"16,38 €",EUR,,Point relais
WEB-030610,2025-08-24 15:59:00,paid,zokenin.nevmar@exemple.org,Zokenin Nevmar,"22,56 €",eur,,Point relais
WEB-030612,2025-08-24 16:18:00,paid,elboran.cortier@exemple.org,Elboran Cortier,"21,43",EUR,,Domicile
WEB-030605,2025-08-24 16:47:00,paid,artaro.sorlin1@courrier.test,Artaro Sorlin,"16,60 €",EUR,BIENVENUE,Domicile
WEB-030614,2025-08-24 17:43:00,paid,zodano.kelbert@courrier.test,Zodano Kelbert,74.99,EUR,,Domicile
WEB-030629,2025-08-25 12:29:00,Paid,jusenin.faldal@exemple.org,Jusenin Faldal,"86,02 €",eur,,Domicile
WEB-030615,2025-08-25 13:13:00,paid,senelin.montier@exemple.org,Senelin Montier,206.73,EUR,,Domicile
WEB-030630,2025-08-25 14:13:00,paid,pitelel.wenbel@exemple.org,Pitelel Wenbel,"34,82 €",EUR,,Domicile
WEB-030636,2025-08-25 14:30:00,Paid,bamaro.nevvane60@mail.example,Bamaro Nevvane,44.19,EUR,,Domicile
WEB-030635,2025-08-25 15:05:00,PAID,vevalin.kelver@exemple.org,Vevalin Kelver,"341,46",EUR,,Point relais
WEB-030637,2025-08-25 16:07:00,Paid,zovino.galdal17@courrier.test,Zovino Galdal,"25,55",€,,Domicile
WEB-030637,2025-08-25 16:07:00,Paid,zovino.galdal17@courrier.test,Zovino Galdal,"25,55",€,,Domicile
WEB-030626,2025-08-25 16:49:00,cancelled,zodanu.valmont@mail.example,Zodanu Valmont,"85,29 €",€,,Domicile
WEB-030616,2025-08-25 16:52:00,paid,selona.brenrand@exemple.org,Selona Brenrand,"21,53 €",EUR,,Point relais
WEB-030627,2025-08-25 18:55:00,Paid,tadara.rosvane@courrier.test,Tadara Rosvane,"25,35 €",EUR,FIDELITE,Point relais
WEB-030618,2025-08-25 19:55:00,Paid,ornelo.ravmar@mail.example,Ornelo Ravmar,"40,07 €",EUR,,Point relais
WEB-030634,2025-08-25 21:03:00,Paid,DUBOREL.FALMER@EXEMPLE.ORG,Duborel Falmer,201.58,EUR,,Point relais
WEB-030643,2025-08-26 08:42:00,paid,kalono.dunsen@exemple.org,Kalono Dunsen,77.98,EUR,,Domicile
WEB-030645,2025-08-26 12:09:00,Paid,felisa.gallin21@exemple.org,Felisa Gallin,67.58,EUR,,Domicile
WEB-030646,2025-08-26 12:29:00,paid,SONELEA.FALGREN@EXEMPLE.ORG,Sonelea Falgren,77.90,EUR,FIDELITE,Domicile
WEB-030653,2025-08-26 13:12:00,paid,madaru.rosmar@exemple.org,Madaru Rosmar,"249,99 €",EUR,,Point relais
WEB-030647,2025-08-26 14:02:00,PAID,elmaran.valtier65@exemple.org,Elmaran Valtier,"86,32 €",EUR,,Point relais
WEB-030648,2025-08-26 18:48:00,paid,arrelel.nevsen@mail.example,Arrelel Nevsen,"44,19 €",EUR,,Domicile
WEB-030638,2025-08-26 20:49:00,paid,MATELE.TORBERT@EXEMPLE.ORG,Matele Torbert,"13,29 €",EUR,,Point relais
WEB-030652,2025-08-26 20:53:00,PAID,jutele.tortier@courrier.test,Jutele Tortier,17.41,EUR,,Domicile
WEB-030680,2025-08-27 10:40:00,Paid,lolisia.rosdal@courrier.test,Lolisia Rosdal,158.42,EUR,,Domicile
WEB-030674,2025-08-27 13:56:00,paid,navale.kelmont@exemple.org,Navale Kelmont,82.93,EUR,,Domicile
WEB-030665,2025-08-27 15:24:00,PAID,NAVENU.KELDIS@EXEMPLE.ORG,Navenu Keldis,"266,37",€,,Point relais
WEB-030675,2025-08-27 16:28:00,PAID,nakenu.galkan@exemple.org,Nakenu Galkan,128.55,eur,,Domicile
WEB-030660,2025-08-27 16:41:00,Paid,zokena.dundal@exemple.org,Zokena Dundal,4.02,EUR,,Point relais
WEB-030659,2025-08-27 17:44:00,PAID,jugarea.falnet@mail.example,Jugarea Falnet,126.49,eur,,Point relais
WEB-030659,2025-08-27 17:44:00,PAID,jugarea.falnet@mail.example,Jugarea Falnet,126.49,eur,,Point relais
WEB-030676,2025-08-27 18:09:00,paid,yutelin.dunbel@courrier.test,Yutelin Dunbel,"149,05",€,,Point relais
WEB-030670,2025-08-27 19:17:00,paid,jusolia.roslais@courrier.test,Jusolia Roslais,"50,27",EUR,,Point relais
WEB-030673,2025-08-27 19:37:00,paid,TADANEL.TARVER@EXEMPLE.ORG,Tadanel Tarver,"56,45 €",EUR,,Domicile
WEB-030678,2025-08-27 19:58:00,Paid,narisel.monsac@courrier.test,Narisel Monsac,"8,14 €",EUR,,Domicile
WEB-030688,2025-08-28 11:31:00,paid,kamare.corlin@exemple.org,Kamare Corlin,47.08,eur,,Domicile
WEB-030705,2025-08-28 14:21:00,paid,jumaria.dorlin@mail.example,Jumaria Dorlin,86.12,EUR,,Domicile
WEB-030697,2025-08-28 14:45:00,paid,natele.roslais@courrier.test,Natele Roslais,"63,66",EUR,,Point relais
WEB-030694,2025-08-28 15:18:00,PAID,orsenin.faldis@exemple.org,Orsenin Faldis,121.44,EUR,,Point relais
WEB-030689,2025-08-28 16:15:00,cancelled, zoboro.havnet@exemple.org,Zoboro Havnet,"82,32 €",EUR,BIENVENUE,Domicile
WEB-030700,2025-08-28 18:02:00,PAID,zomona.ostmont66@courrier.test,Zomona Ostmont,77.98,EUR,,Domicile
WEB-030702,2025-08-28 18:47:00,Paid,jusoli.perlin@mail.example,Jusoli Perlin,"7,01 €",EUR,,Domicile
WEB-030704,2025-08-28 18:55:00,Paid,solone.wendal@exemple.org,Solone Wendal,"160,48 €",EUR,,Point relais
WEB-030684,2025-08-28 19:38:00,paid,MINELAN.SORDIS@EXEMPLE.ORG,Minelan Sordis,"21,43 €",EUR,,Point relais
WEB-030686,2025-08-28 19:44:00,PAID,lomonea.dormont@mail.example,Lomonea Dormont,141.84,EUR,,Domicile
WEB-030701,2025-08-28 20:22:00,paid,tabore.sorbert71@exemple.org,Tabore Sorbert,"344,45 €",EUR,,Domicile
WEB-030699,2025-08-28 21:50:00,paid,madani.nevbel@courrier.test,Madani Nevbel,"79,01 €",€,,Point relais
WEB-030729,2025-08-29 12:09:00,paid,serelo.wenlin@courrier.test,Serelo Wenlin,95.59,EUR,,Domicile
WEB-030713,2025-08-29 12:10:00,paid,lolisia.galdal@courrier.test,Lolisia Galdal,"172,64 €",EUR,,Point relais
WEB-030711,2025-08-29 12:15:00,paid,orvinu.sorkan@mail.example,Orvinu Sorkan,"213,64",EUR,,Point relais
WEB-030720,2025-08-29 12:42:00,paid,femarel.havgren68@exemple.org,Femarel Havgren,"8,14",EUR,,Domicile
WEB-030706,2025-08-29 12:45:00,paid,RIKENU.BRENMAR@EXEMPLE.ORG,Rikenu Brenmar,"217,96 €",EUR,,Domicile
WEB-030553,2025-08-29 14:17:00,PAID,karelel.mondal@mail.example,Karelel Mondal,"35,95 €",€,,Point relais
WEB-030722,2025-08-29 15:07:00,paid,duvino.wengren52@exemple.org,Duvino Wengren,"121,44 €",€,,Point relais
WEB-030719,2025-08-29 17:01:00,PAID,jubore.sorgren@exemple.org,Jubore Sorgren,"209,72",EUR,,Domicile
WEB-030333,2025-08-29 17:45:00,PAID,jumarea.nevbel@courrier.test,Jumarea Nevbel,176.86,EUR,,Retrait magasin
WEB-030717,2025-08-29 19:00:00,paid,manoria.havver@mail.example,Manoria Havver,161.51,EUR,,Point relais
WEB-030714,2025-08-29 19:07:00,Paid,kaloni.lankan@exemple.org,Kaloni Lankan,176.76,EUR,,Point relais
WEB-030743,2025-08-30 08:31:00,PAID,rigare.cornet@exemple.org,Rigare Cornet,"34,92 €",EUR,,Domicile
WEB-030739,2025-08-30 10:57:00,PAID,ornori.kelbert@exemple.org,Ornori Kelbert,174.60,EUR,,Point relais
WEB-030738,2025-08-30 11:27:00,PAID,maboru.havnet@exemple.org,Maboru Havnet,"28,74 €",EUR,,Domicile
WEB-030767,2025-08-30 12:28:00,PAID,katarel.ostdis@exemple.org,Katarel Ostdis,"88,28 €",EUR,,Domicile
WEB-030745,2025-08-30 12:48:00,paid,DUTARI.BRENBEL@COURRIER.TEST,Dutari Brenbel,"31,73 €",€,,Point relais
WEB-030755,2025-08-30 13:04:00,paid,bavena.ravdis@exemple.org,Bavena Ravdis,"117,95 €",EUR,,Domicile
WEB-030757,2025-08-30 13:33:00,paid,zogara.rosdal@exemple.org,Zogara Rosdal,"170,68 €",EUR,,Domicile
WEB-030737,2025-08-30 13:53:00,paid,manelo.perrand@courrier.test,Manelo Perrand,"132,57 €",EUR,,Domicile
WEB-030752,2025-08-30 15:57:00,PAID,logari.havlin@courrier.test,Logari Havlin,"84,26 €",EUR,,Domicile
WEB-030734,2025-08-30 17:46:00,paid,semono.lanver@exemple.org,Semono Lanver,46.15,EUR,,Domicile
WEB-030769,2025-08-30 19:00:00,paid,midari.rostier@exemple.org,Midari Rostier,44.19,EUR,,Domicile
WEB-030733,2025-08-30 21:20:00,PAID,kamono.pergren@mail.example,Kamono Pergren,"19,38 €",EUR,FIDELITE,Domicile
WEB-030735,2025-08-30 21:22:00,paid,lonelia.corvane11@exemple.org,Lonelia Corvane,113.93,€,,Domicile
WEB-030744,2025-08-30 21:40:00,PAID,juloni.monbel@exemple.org,Juloni Monbel,"104,86",EUR,,Domicile
WEB-030780,2025-08-31 13:23:00,PAID,sesena.dunmont@exemple.org,Sesena Dunmont,"57,48",EUR,,Point relais
WEB-030783,2025-08-31 14:52:00,paid,elsoli.permont@mail.example,Elsoli Permont,"113,93",EUR,,Retrait magasin
WEB-030774,2025-08-31 15:40:00,Paid,rireli.ravmer@exemple.org,Rireli Ravmer,"90,34",EUR,,Domicile
WEB-030781,2025-08-31 15:51:00,paid,manelia.dorbel@exemple.org,Manelia Dorbel,"27,61 €",EUR,,Domicile
WEB-030779,2025-08-31 15:55:00,paid,nadana.ostver66@exemple.org,Nadana Ostver,24.52,EUR,,Point relais
WEB-030772,2025-08-31 17:16:00,paid,ELLISEA.NEVVANE@COURRIER.TEST,Ellisea Nevvane,"69,74",EUR,,Domicile
WEB-030775,2025-08-31 17:23:00,paid,tamara.dornet@exemple.org,Tamara Dornet,"165,63",EUR,,Domicile
WEB-030808,2025-09-01 09:32:00,paid,pitarel.galver@exemple.org,Pitarel Galver,"70,17 €",EUR,FIDELITE,Domicile
WEB-030791,2025-09-01 10:19:00,paid,femonu.vallais@exemple.org,Femonu Vallais,117.12,eur,,Domicile
WEB-030796,2025-09-01 10:32:00,paid,orsolel.tordal@courrier.test,Orsolel Tordal,174.80,eur,,Domicile
WEB-030805,2025-09-01 12:09:00,paid,zosole.brenmar@mail.example,Zosole Brenmar,"165,53",EUR,,Domicile
WEB-030818,2025-09-01 13:53:00,Paid,zorelu.valvoir@exemple.org,Zorelu Valvoir,252.78,EUR,,Domicile
WEB-030792,2025-09-01 15:24:00,paid,bavinel.nevvoir@exemple.org,Bavinel Nevvoir,"144,83",EUR,,Domicile
WEB-030798,2025-09-01 16:05:00,paid,pinoran.dordal@mail.example,Pinoran Dordal,"154,10 €",eur,,Domicile
WEB-030802,2025-09-01 16:22:00,paid,sosole.perkan@courrier.test,Sosole Perkan,4.02,EUR,,Domicile
WEB-030807,2025-09-01 17:35:00,paid,pidane.tarmar@courrier.test,Pidane Tarmar,"31,73",€,,Point relais
WEB-030800,2025-09-01 17:49:00,paid,sedania.kelver@exemple.org,Sedania Kelver,19.37,EUR,,Point relais
WEB-030804,2025-09-01 17:57:00,paid,dunelia.torgren@mail.example,Dunelia Torgren,"112,07 €",EUR,,Point relais
WEB-030801,2025-09-01 18:28:00,PAID,fetaria.dundal15@courrier.test,Fetaria Dundal,"188,37 €",EUR,FIDELITE,Domicile
WEB-030815,2025-09-01 18:33:00,PAID,sosenea.sormer@mail.example,Sosenea Sormer,155.13,EUR,,Domicile
WEB-030806,2025-09-01 18:46:00,paid,tavinan.galdis@courrier.test,Tavinan Galdis,"161,26 €",€,FIDELITE,Point relais
WEB-030812,2025-09-01 19:32:00,paid,pilise.lanbel@mail.example,Pilise Lanbel,143.70,EUR,,Domicile
WEB-030811,2025-09-01 19:53:00,paid,pidara.rossen@courrier.test,Pidara Rossen,87.25,EUR,,Domicile
WEB-030794,2025-09-01 21:05:00,paid,sodare.nevbel@mail.example,Sodare Nevbel,77.05,EUR,,Domicile
WEB-030844,2025-09-02 10:13:00,paid,minelin.sordis@exemple.org,Minelin Sordis,"183,97 €",eur,,Domicile
WEB-030843,2025-09-02 10:28:00,paid,pidanel.tordis@mail.example,Pidanel Tordis,109.91,EUR,,Point relais
WEB-030846,2025-09-02 11:47:00,paid,yudarel.torvoir@exemple.org,Yudarel Torvoir,"65,46",EUR,FIDELITE,Domicile
WEB-030845,2025-09-02 11:50:00,Paid,orvinia.galgren@courrier.test,Orvinia Galgren,"34,72 €",EUR,,Point relais
WEB-030832,2025-09-02 12:00:00,PAID,tatarea.dorrand@mail.example,Tatarea Dorrand,257.94,EUR,FIDELITE,Domicile
WEB-030838,2025-09-02 14:07:00,PAID,tavalia.nevmont@exemple.org,Tavalia Nevmont,98.68,EUR,,Domicile
WEB-030833,2025-09-02 14:33:00,paid,dunelea.ravsac@mail.example,Dunelea Ravsac,66.75,EUR,,Point relais
WEB-030839,2025-09-02 15:06:00,paid,DUSENEL.HAVSEN@COURRIER.TEST,Dusenel Havsen,88.38,EUR,,Point relais
WEB-030828,2025-09-02 17:14:00,paid,semari.ostrand@exemple.org,Semari Ostrand,20.50,EUR,,Domicile
WEB-030823,2025-09-02 17:19:00,Paid,riborel.nevner@courrier.test,Riborel Nevner,79.21,eur,,Point relais
WEB-030837,2025-09-02 17:30:00,paid,rilonin.wendis@exemple.org,Rilonin Wendis,"55,32 €",EUR,,Domicile
WEB-030850,2025-09-02 17:32:00,paid,ferelu.fallais@mail.example,Ferelu Fallais,"11,23",EUR,,Domicile
WEB-030827,2025-09-02 17:38:00,paid,julisel.dornet53@mail.example,Julisel Dornet,"76,75",EUR,,Point relais
WEB-030878,2025-09-03 09:30:00,paid,kasenu.perver@mail.example,Kasenu Perver,"30,80",EUR,,Domicile
WEB-030873,2025-09-03 11:09:00,Paid,juvala.falrand@courrier.test,Juvala Falrand,38.74,EUR,,Domicile
WEB-030880,2025-09-03 13:33:00,paid,marisea.faldal@exemple.org,Marisea Faldal,64.79,EUR,,Point relais
WEB-030852,2025-09-03 14:46:00,paid,ORRELO.FALVER@EXEMPLE.ORG,Orrelo Falver,"41,83",EUR,,Point relais
WEB-030881,2025-09-03 15:20:00,paid,tavinea.lansen@exemple.org,Tavinea Lansen,186.13,EUR,,Domicile
WEB-030889,2025-09-03 15:34:00,PAID,tabore.sorbert71@exemple.org,Tabore Sorbert,"11,13",EUR,,Domicile
WEB-030890,2025-09-03 15:37:00,PAID,rikenea.valmar@mail.example,Rikenea Valmar,"73,96",EUR,,Domicile
WEB-030869,2025-09-03 15:46:00,Paid,junela.nevdal@mail.example,Junela Nevdal,108.05,€,,Domicile
WEB-030868,2025-09-03 16:21:00,paid,vesenu.duntier@courrier.test,Vesenu Duntier,165.07,EUR,FIDELITE,Point relais
WEB-030879,2025-09-03 16:36:00,cancelled,rivalo.valbel30@exemple.org,Rivalo Valbel,63.51,EUR,FIDELITE,Domicile
WEB-030860,2025-09-03 16:37:00,paid,pimonu.brenner27@exemple.org,Pimonu Brenner,"64,79 €",€,,Point relais
WEB-030858,2025-09-03 16:42:00,Paid,batari.torvane@exemple.org,Batari Torvane,61.60,EUR,,Domicile
WEB-030858,2025-09-03 16:42:00,Paid,batari.torvane@exemple.org,Batari Torvane,61.60,EUR,,Domicile
WEB-030872,2025-09-03 17:59:00,paid,DUVINEL.WENVER@MAIL.EXAMPLE,Duvinel Wenver,20.45,EUR,FIDELITE,Domicile
WEB-030883,2025-09-03 18:06:00,PAID,elrelel.dorver@exemple.org,Elrelel Dorver,76.12,EUR,,Point relais
WEB-030853,2025-09-03 18:31:00,PAID,sesoli.sorbert@exemple.org,Sesoli Sorbert,"245,87 €",EUR,,Retrait magasin
WEB-030864,2025-09-03 18:46:00,paid,rimaro.ravdal@mail.example,Rimaro Ravdal,86.32,EUR,,Domicile
WEB-030861,2025-09-03 18:59:00,paid,ortela.ostver@courrier.test,Ortela Ostver,"24,62 €",€,,Point relais
WEB-030875,2025-09-03 19:21:00,paid,fedarin.nevner@courrier.test,Fedarin Nevner,"169,75 €",EUR,,Domicile
WEB-030882,2025-09-03 19:33:00,paid,basenan.lanmar93@mail.example,Basenan Lanmar,"346,51",EUR,,Domicile
WEB-030870,2025-09-03 20:40:00,Paid,bataro.lannet@exemple.org,Bataro Lannet,120.01,EUR,,Point relais
WEB-030919,2025-09-04 12:14:00,paid,elvale.ostlin@exemple.org,Elvale Ostlin,205.50,EUR,,Domicile
WEB-030920,2025-09-04 12:25:00,cancelled,orsolel.lannet@courrier.test,Orsolel Lannet,"41,00",EUR,,Point relais
WEB-030901,2025-09-04 13:00:00,paid,ritela.galgren36@exemple.org,Ritela Galgren,33.59,EUR,,Domicile
WEB-T0054,2025-09-04 13:00:00,paid,test@example.com,Test Test,"1,00",EUR,,Domicile
WEB-030898,2025-09-04 13:48:00,paid,yumonan.rosmer@exemple.org,Yumonan Rosmer,70.87,€,,Domicile
WEB-030907,2025-09-04 14:49:00,paid,pimarin.nevlais30@exemple.org,Pimarin Nevlais,"126,39 €",eur,,Point relais
WEB-030897,2025-09-04 15:44:00,paid,ortela.ostver@courrier.test,Ortela Ostver,39.97,EUR,,Point relais
WEB-030921,2025-09-04 15:52:00,paid,ORNORA.ROSLIN44@EXEMPLE.ORG,Ornora Roslin,78.08,EUR,,Point relais
WEB-030913,2025-09-04 16:09:00,PAID,marelea.falsen@exemple.org,Marelea Falsen,"271,22",EUR,,Domicile
WEB-030906,2025-09-04 16:15:00,paid,yulisea.ravver@exemple.org,Yulisea Ravver,21.53,EUR,,Point relais
WEB-030900,2025-09-04 16:31:00,paid,ornelel.sorgren@exemple.org,Ornelel Sorgren,"70,77 €",EUR,,Domicile
WEB-030902,2025-09-04 17:04:00,paid,sonelin.ravsen@mail.example,Sonelin Ravsen,"14,32 €",€,,Domicile
WEB-030917,2025-09-04 18:26:00,paid,tarelea.ravsac@exemple.org,Tarelea Ravsac,90.44,EUR,,Point relais
WEB-030894,2025-09-04 18:30:00,Paid,pinore.rosmer@courrier.test,Pinore Rosmer,"234,44 €",eur,,Point relais
WEB-030899,2025-09-04 18:45:00,PAID,bagaria.ravdis46@courrier.test,Bagaria Ravdis,"10,67 €",EUR,FIDELITE,Point relais
WEB-030905,2025-09-04 18:57:00,Paid,losolel.ravbel@exemple.org,Losolel Ravbel,"4,02 €",EUR,,Point relais
WEB-030952,2025-09-05 12:00:00,paid,pinoria.dunmer@exemple.org,Pinoria Dunmer,374.42,EUR,,Domicile
WEB-030949,2025-09-05 12:01:00,paid,orlono.valmont@courrier.test,Orlono Valmont,74.79,EUR,,Retrait magasin
WEB-030953,2025-09-05 13:47:00,PAID,vekena.brentier@exemple.org,Vekena Brentier,229.19,EUR,,Domicile
WEB-030925,2025-09-05 14:10:00,PAID,arseni.sorver@exemple.org,Arseni Sorver,94.46,EUR,,Domicile
WEB-030955,2025-09-05 14:51:00,PAID,ARRISA.TARGREN@MAIL.EXAMPLE,Arrisa Targren,62.53,€,,Domicile
WEB-030932,2025-09-05 15:00:00,paid,dudana.rossen@exemple.org,Dudana Rossen,"188,47",EUR,FIDELITE,Domicile
WEB-030950,2025-09-05 15:09:00,paid,dukenan.galsac@exemple.org,Dukenan Galsac,"28,64",€,,Domicile
WEB-030959,2025-09-05 15:41:00,Paid,pivalea.nevgren@exemple.org,Pivalea Nevgren,"131,44 €",EUR,,Domicile
WEB-030936,2025-09-05 16:06:00,paid,yuvalia.torbel@exemple.org,Yuvalia Torbel,"211,78 €",EUR,,Retrait magasin
WEB-030954,2025-09-05 16:10:00,PAID,mirelea.corner@exemple.org,Mirelea Corner,"8,97 €",€,,Point relais
WEB-030930,2025-09-05 16:17:00,cancelled,ARLISIN.NEVVANE@EXEMPLE.ORG,Arlisin Nevvane,"91,17",€,,Domicile
WEB-030939,2025-09-05 16:42:00,paid,rinoru.falkan@mail.example,Rinoru Falkan,"63,76",EUR,,Domicile
WEB-030923,2025-09-05 17:11:00,paid,ortela.ostver@courrier.test,Ortela Ostver,71.80,EUR,,Point relais
WEB-030924,2025-09-05 18:14:00,PAID,lodano.falbel@courrier.test,Lodano Falbel,"76,12",EUR,,Point relais
WEB-030935,2025-09-05 18:53:00,PAID,JUVENE.SORDAL@EXEMPLE.ORG,Juvene Sordal,48.94,EUR,,Point relais
WEB-030946,2025-09-05 18:59:00,PAID,tavina.brendis@exemple.org,Tavina Brendis,"64,69",€,,Domicile
WEB-030947,2025-09-05 20:43:00,paid,arlisia.havdal@courrier.test,Arlisia Havdal,"113,32 €",EUR,FIDELITE,Point relais
WEB-030989,2025-09-06 08:44:00,Paid,julisan.brenmont87@courrier.test,Julisan Brenmont,196.33,eur,,Domicile
WEB-030988,2025-09-06 11:13:00,Paid,zogara.rosdal@exemple.org,Zogara Rosdal,156.16,EUR,,Domicile
WEB-031003,2025-09-06 11:47:00,paid,kaliso.dorbel@courrier.test,Kaliso Dorbel,"85,82",eur,FIDELITE,Domicile
WEB-T0033,2025-09-06 11:47:00,paid,test@example.com,Test Test,"1,00",eur,FIDELITE,Domicile
WEB-030992,2025-09-06 12:06:00,paid,rirelea.brenvoir@exemple.org,Rirelea Brenvoir,94.46,€,,Point relais
WEB-030998,2025-09-06 12:11:00,paid,jutela.dungren@courrier.test,Jutela Dungren,"104,76",EUR,,Domicile
WEB-030969,2025-09-06 13:00:00,paid,dunelin.cormer79@mail.example,Dunelin Cormer,219.09,EUR,,Point relais
WEB-030969,2025-09-06 13:00:00,paid,dunelin.cormer79@mail.example,Dunelin Cormer,219.09,EUR,,Point relais
WEB-030978,2025-09-06 13:01:00,paid,orvine.galmer18@mail.example,Orvine Galmer,"22,56 €",EUR,,Domicile
WEB-031001,2025-09-06 13:11:00,paid,juboru.havbert@courrier.test,Juboru Havbert,"117,22 €",EUR,,Point relais
WEB-031013,2025-09-06 13:36:00,Paid,sekenan.nevver@courrier.test,Sekenan Nevver,"98,58",EUR,,Point relais
WEB-030965,2025-09-06 13:39:00,paid,yulonel.nevkan@courrier.test,Yulonel Nevkan,"38,94 €",eur,,Point relais
WEB-030970,2025-09-06 14:09:00,Paid,lomonea.dormont@mail.example,Lomonea Dormont,"26,68",EUR,,Domicile
WEB-030987,2025-09-06 14:16:00,Paid,NAVINE.ROSMONT@MAIL.EXAMPLE,Navine Rosmont,254.11,EUR,,Point relais
WEB-030976,2025-09-06 14:39:00,paid,vedana.rosner@exemple.org,Vedana Rosner,339.40,EUR,,Point relais
WEB-030973,2025-09-06 14:44:00,PAID,JUKENIA.VALRAND@COURRIER.TEST,Jukenia Valrand,"64,59",eur,,Domicile
WEB-031018,2025-09-06 15:01:00,paid,senorea.havgren@exemple.org,Senorea Havgren,"17,41",€,,Domicile
WEB-030972,2025-09-06 15:32:00,Paid,seborea.dormer@exemple.org,Seborea Dormer,15.25,€,,Domicile
WEB-031017,2025-09-06 15:52:00,paid,vebora.corlais@mail.example,Vebora Corlais,99.51,EUR,,Domicile
WEB-030985,2025-09-06 16:03:00,Paid,elvenea.ravlin@exemple.org,Elvenea Ravlin,387.61,EUR,,Point relais
WEB-031005,2025-09-06 16:23:00,cancelled,mivenin.rosvoir@courrier.test,Mivenin Rosvoir,"21,14 €",EUR,BIENVENUE,Domicile
WEB-031011,2025-09-06 16:42:00,cancelled,semarea.rosdis@courrier.test,Semarea Rosdis,"138,85",EUR,,Domicile
WEB-031012,2025-09-06 16:43:00,Paid,dulisin.wensac@courrier.test,Dulisin Wensac,5.98,EUR,,Domicile
WEB-031009,2025-09-06 17:23:00,paid,namaran.corner@courrier.test,Namaran Corner,"65,72 €",EUR,,Domicile
WEB-030982,2025-09-06 17:24:00,PAID,lonoran.corver@courrier.test,Lonoran Corver,72.93,EUR,,Domicile
WEB-030999,2025-09-06 17:57:00,Paid,jutaria.sorsac@mail.example,Jutaria Sorsac,"108,68 €",€,,Point relais
WEB-030980,2025-09-06 18:53:00,paid,sogarea.wenner@courrier.test,Sogarea Wenner,148.12,EUR,,Point relais
WEB-031002,2025-09-06 19:02:00,PAID,rikenia.torvoir@exemple.org,Rikenia Torvoir,"193,34 €",€,,Point relais
WEB-030991,2025-09-06 19:10:00,Paid,jukenia.valrand@courrier.test,Jukenia Valrand,"167,92",EUR,FIDELITE,Domicile
WEB-031016,2025-09-06 19:15:00,paid,fenele.ostdis@courrier.test,Fenele Ostdis,152.97,EUR,,Retrait magasin
WEB-030996,2025-09-06 19:25:00,paid,navenu.tordis@courrier.test,Navenu Tordis,"133,50",EUR,,Point relais
WEB-031044,2025-09-07 08:10:00,paid,JUVENEA.VALBERT@COURRIER.TEST,Juvenea Valbert,"202,71 €",EUR,,Point relais
WEB-031026,2025-09-07 08:42:00,paid,arnelin.langren@exemple.org,Arnelin Langren,"17,41",EUR,,Domicile
WEB-031030,2025-09-07 13:11:00,PAID,duboro.dorkan@courrier.test,Duboro Dorkan,"263,29",EUR,BIENVENUE,Domicile
WEB-031031,2025-09-07 13:39:00,paid,masenia.ravlin@exemple.org,Masenia Ravlin,80.04,eur,,Point relais
WEB-031034,2025-09-07 14:38:00,paid,KADANI.PERVOIR@COURRIER.TEST,Kadani Pervoir,29.77,€,,Domicile
WEB-031029,2025-09-07 15:31:00,paid,SEMARE.OSTMER@EXEMPLE.ORG,Semare Ostmer,"387,61 €",EUR,,Point relais
WEB-031022,2025-09-07 15:54:00,paid,zomoni.perdis@mail.example,Zomoni Perdis,"199,22 €",EUR,,Domicile
WEB-031036,2025-09-07 16:01:00,paid,sevinea.wenmar@mail.example,Sevinea Wenmar,"28,74 €",€,,Point relais
WEB-031027,2025-09-07 16:55:00,paid,ferisia.torver@mail.example,Ferisia Torver,124.43,EUR,,Domicile
WEB-031033,2025-09-07 18:02:00,Paid,mivinu.duntier@exemple.org,Mivinu Duntier,99.71,EUR,,Point relais
WEB-031041,2025-09-07 19:05:00,paid,kavenin.vallais@exemple.org,Kavenin Vallais,"104,86",EUR,,Point relais
WEB-031021,2025-09-07 19:56:00,paid,rikenel.valdis@exemple.org,Rikenel Valdis,"13,29 €",EUR,,Point relais
WEB-031066,2025-09-08 09:38:00,paid,masolan.pertier10@exemple.org,Masolan Pertier,19.47,EUR,,Retrait magasin
WEB-031049,2025-09-08 12:53:00,PAID,arvenia.rosner@courrier.test,Arvenia Rosner,139.68,EUR,,Domicile
WEB-031045,2025-09-08 13:07:00,Paid,bavinan.valvoir@courrier.test,Bavinan Valvoir,"70,36 €",EUR,FIDELITE,Domicile
WEB-031057,2025-09-08 13:12:00,PAID,elmarin.kellin@courrier.test,Elmarin Kellin,73.86,€,,Point relais
WEB-031065,2025-09-08 14:06:00,paid,SOLISAN.FALGREN43@EXEMPLE.ORG,Solisan Falgren,21.53,EUR,,Point relais
WEB-031054,2025-09-08 14:17:00,paid,manelo.perrand@courrier.test,Manelo Perrand,"40,07 €",eur,,Domicile
WEB-031072,2025-09-08 14:45:00,paid,lovenu.corgren@exemple.org,Lovenu Corgren,101.77,EUR,,Point relais
WEB-031068,2025-09-08 15:18:00,PAID,venelu.dorbert@exemple.org,Venelu Dorbert,"51,30 €",eur,,Domicile
WEB-031055,2025-09-08 15:55:00,paid,misolu.rosrand@courrier.test,Misolu Rosrand,49.14,EUR,,Domicile
WEB-031073,2025-09-08 17:16:00,paid,milono.keldal@exemple.org,Milono Keldal,112.07,EUR,,Point relais
WEB-031075,2025-09-08 17:56:00,paid,tadana.nevnet@mail.example,Tadana Nevnet,55.58,EUR,FIDELITE,Point relais
WEB-031058,2025-09-08 17:57:00,paid,tarisu.nevner@exemple.org,Tarisu Nevner,"4,02",EUR,,Point relais
WEB-031062,2025-09-08 18:11:00,paid,batari.torvane@exemple.org,Batari Torvane,104.86,EUR,,Domicile
WEB-031046,2025-09-08 18:12:00,paid,seveni.brennet@exemple.org,Seveni Brennet,"29,67 €",EUR,,Domicile
WEB-031069,2025-09-08 18:26:00,paid,yugarin.nevvane@courrier.test,Yugarin Nevvane,"70,77",EUR,,Domicile
WEB-031074,2025-09-08 19:29:00,paid,somaria.dundis@exemple.org,Somaria Dundis,"129,91 €",EUR,,Domicile
WEB-031053,2025-09-08 20:38:00,paid,fedanel.pervane@mail.example,Fedanel Pervane,"120,21",EUR,,Domicile
WEB-031080,2025-09-09 09:57:00,paid,tataro.galmont@courrier.test,Tataro Galmont,78.08,EUR,,Domicile
WEB-031098,2025-09-09 10:15:00,paid,jukenea.vallin90@courrier.test,Jukenea Vallin,"165,53",€,,Retrait magasin
WEB-031078,2025-09-09 12:07:00,paid,selonin.dorver@exemple.org,Selonin Dorver,"108,68 €",EUR,,Domicile
WEB-031101,2025-09-09 12:19:00,paid,narisi.sorsen@courrier.test,Narisi Sorsen,79.21,eur,,Retrait magasin
WEB-031096,2025-09-09 12:22:00,paid,basolo.wensac@courrier.test,Basolo Wensac,7.01,EUR,,Point relais
WEB-031100,2025-09-09 12:24:00,Paid,tasolan.ostmont@courrier.test,Tasolan Ostmont,25.35,EUR,FIDELITE,Domicile
WEB-031100,2025-09-09 12:24:00,Paid,tasolan.ostmont@courrier.test,Tasolan Ostmont,25.35,EUR,FIDELITE,Domicile
WEB-031104,2025-09-09 12:25:00,paid,elrelel.tarmer@mail.example,Elrelel Tarmer,152.24,EUR,,Domicile
WEB-031084,2025-09-09 13:31:00,paid,juvinel.havmar5@mail.example,Juvinel Havmar,"161,21 €",EUR,,Domicile
WEB-031095,2025-09-09 14:40:00,paid,pirelan.dunrand10@exemple.org,Pirelan Dunrand,345.58,EUR,,Point relais
WEB-031085,2025-09-09 15:57:00,PAID, yuvenin.brenlais69@exemple.org,Yuvenin Brenlais,313.55,EUR,,Point relais
WEB-031088,2025-09-09 16:32:00,Paid,mavalia.ravmar@courrier.test,Mavalia Ravmar,31.83,EUR,,Domicile
WEB-031103,2025-09-09 18:25:00,paid,ormari.valmer@exemple.org,Ormari Valmer,40.07,EUR,,Domicile
WEB-031099,2025-09-09 18:53:00,paid,durela.rosrand87@exemple.org,Durela Rosrand,28.74,EUR,,Domicile
WEB-031099,2025-09-09 18:53:00,paid,durela.rosrand87@exemple.org,Durela Rosrand,28.74,EUR,,Domicile
WEB-031086,2025-09-09 18:58:00,paid,kalona.brentier@exemple.org,Kalona Brentier,120.21,EUR,,Point relais
WEB-031077,2025-09-09 20:59:00,paid, tadara.rosvane@courrier.test,Tadara Rosvane,"83,13 €",eur,,Retrait magasin
WEB-031094,2025-09-09 21:53:00,paid,tarisu.nevner@exemple.org,Tarisu Nevner,"86,22 €",EUR,,Domicile
WEB-031130,2025-09-10 13:21:00,PAID,velise.vallais@mail.example,Velise Vallais,"50,07 €",€,,Point relais
WEB-031128,2025-09-10 13:59:00,PAID,sevenin.havmer24@exemple.org,Sevenin Havmer,"136,69",eur,,Domicile
WEB-031115,2025-09-10 14:38:00,paid,vemara.lanver1@exemple.org,Vemara Lanver,154.20,€,,Domicile
WEB-031135,2025-09-10 14:48:00,paid,kaborin.nevdis54@exemple.org,Kaborin Nevdis,"293,98 €",EUR,,Domicile
WEB-031112,2025-09-10 15:08:00,PAID,arkenel.nevdal@exemple.org,Arkenel Nevdal,44.09,EUR,,Domicile
WEB-031136,2025-09-10 15:34:00,PAID,kaborin.ostsen36@courrier.test,Kaborin Ostsen,"41,00",eur,,Domicile
WEB-031109,2025-09-10 15:52:00,PAID,orsenea.perbert15@exemple.org,Orsenea Perbert,"152,46 €",eur,FIDELITE,Domicile
WEB-031123,2025-09-10 18:24:00,paid,dusolea.pertier70@exemple.org,Dusolea Pertier,"25,55",EUR,,Domicile
WEB-031131,2025-09-10 18:55:00,paid,mitele.sormer@mail.example,Mitele Sormer,"2,99 €",EUR,,Point relais
WEB-031110,2025-09-10 19:17:00,PAID,basenia.osttier@mail.example,Basenia Osttier,41.98,EUR,FIDELITE,Point relais
WEB-031127,2025-09-10 19:33:00,PAID,arnelin.langren@exemple.org,Arnelin Langren,"80,14 €",EUR,,Point relais
WEB-031106,2025-09-10 20:04:00,PAID,ORMONE.DORTIER@EXEMPLE.ORG,Ormone Dortier,222.18,eur,,Point relais
WEB-031132,2025-09-10 21:42:00,paid,zodanel.dunmont@courrier.test,Zodanel Dunmont,133.49,EUR,FIDELITE,Domicile
WEB-031114,2025-09-10 21:55:00,Paid,tasenu.dorsen@exemple.org,Tasenu Dorsen,"63,66",EUR,,Point relais
WEB-031166,2025-09-11 11:37:00,paid,arrise.perbel@mail.example,Arrise Perbel,"86,71 €",EUR,FIDELITE,Retrait magasin
WEB-031163,2025-09-11 13:03:00,paid,sovina.nevdal37@mail.example,Sovina Nevdal,"115,06 €",EUR,,Retrait magasin
WEB-031151,2025-09-11 14:23:00,paid,selisi.montier@exemple.org,Selisi Montier,"53,72 €",EUR,FIDELITE,Retrait magasin
WEB-031165,2025-09-11 16:42:00,Paid,venora.dundis@exemple.org,Venora Dundis,256.90,EUR,,Point relais
WEB-031143,2025-09-11 17:18:00,paid,elnorin.brentier@courrier.test,Elnorin Brentier,109.91,EUR,,Domicile
WEB-031157,2025-09-11 17:30:00,paid,ritare.falkan24@exemple.org,Ritare Falkan,"235,47 €",EUR,,Point relais
WEB-031142,2025-09-11 17:53:00,Paid,basola.dunbel@exemple.org,Basola Dunbel,"89,31 €",EUR,,Domicile
WEB-031169,2025-09-11 18:32:00,PAID,kalisel.lansac@exemple.org,Kalisel Lansac,"156,18 €",EUR,FIDELITE,Domicile
WEB-031158,2025-09-11 19:59:00,paid,nalonin.brenkan@mail.example,Nalonin Brenkan,"290,89",EUR,,Domicile
WEB-031147,2025-09-11 20:31:00,Paid,yudanan.nevmar56@courrier.test,Yudanan Nevmar,"233,61 €",EUR,,Domicile
WEB-031138,2025-09-11 20:38:00,paid,kaboru.rosnet@exemple.org,Kaboru Rosnet,"79,21 €",EUR,,Domicile
WEB-031160,2025-09-11 20:54:00,paid,FELONEL.WENDIS@COURRIER.TEST,Felonel Wendis,29.77,EUR,,Point relais
WEB-031144,2025-09-11 21:41:00,paid,arrisia.kelmar@exemple.org,Arrisia Kelmar,"2,99",EUR,,Point relais
WEB-031188,2025-09-12 11:21:00,paid,kasolo.torner26@courrier.test,Kasolo Torner,"40,07",EUR,,Domicile
WEB-031208,2025-09-12 12:58:00,PAID,fedarin.nevner@courrier.test,Fedarin Nevner,88.18,eur,,Point relais
WEB-031207,2025-09-12 13:12:00,paid,balisia.nevtier@courrier.test,Balisia Nevtier,"105,59 €",eur,,Domicile
WEB-031201,2025-09-12 13:24:00,paid,zobore.tarlais@exemple.org,Zobore Tarlais,"106,62",EUR,,Domicile
WEB-031203,2025-09-12 13:50:00,paid,elgaria.brenbert74@exemple.org,Elgaria Brenbert,96.52,EUR,,Point relais
WEB-031209,2025-09-12 14:20:00,paid,mikenin.galdal@exemple.org,Mikenin Galdal,121.24,EUR,,Domicile
WEB-031171,2025-09-12 14:21:00,paid,bamaria.perlin@exemple.org,Bamaria Perlin,"159,25",€,,Point relais
WEB-031179,2025-09-12 14:31:00,paid,sorisi.tortier@mail.example,Sorisi Tortier,"65,62 €",EUR,,Point relais
WEB-031205,2025-09-12 14:35:00,Paid,arrelea.vallin@courrier.test,Arrelea Vallin,23.49,EUR,,Domicile
WEB-031172,2025-09-12 15:33:00,cancelled,marise.perdal@exemple.org,Marise Perdal,"74,06",EUR,,Point relais
WEB-031196,2025-09-12 15:46:00,paid,ELDANI.ROSMONT@EXEMPLE.ORG,Eldani Rosmont,83.23,EUR,,Retrait magasin
WEB-031184,2025-09-12 16:12:00,paid,YUGARE.GALNER@MAIL.EXAMPLE,Yugare Galner,214.89,€,FIDELITE,Point relais
WEB-031197,2025-09-12 16:24:00,Paid,pimare.havmont73@mail.example,Pimare Havmont,"224,24",EUR,,Domicile
WEB-031185,2025-09-12 16:42:00,paid,selonin.cordal@exemple.org,Selonin Cordal,"125,26 €",EUR,,Point relais
WEB-031200,2025-09-12 16:54:00,paid,elsolel.sormont62@exemple.org,Elsolel Sormont,96.62,EUR,,Domicile
WEB-031181,2025-09-12 18:02:00,paid,arrisa.dunsac91@exemple.org,Arrisa Dunsac,"73,66 €",eur,,Point relais
WEB-031181,2025-09-12 18:02:00,paid,arrisa.dunsac91@exemple.org,Arrisa Dunsac,"73,66 €",eur,,Point relais
WEB-031198,2025-09-12 18:06:00,paid,sosenu.dorsen@courrier.test,Sosenu Dorsen,131.44,EUR,,Point relais
WEB-031183,2025-09-12 18:34:00,paid,riborea.cordal@exemple.org,Riborea Cordal,4.02,EUR,,Domicile
WEB-031180,2025-09-12 18:46:00,paid,arnorel.brentier@mail.example,Arnorel Brentier,"117,04",EUR,FIDELITE,Domicile
WEB-031176,2025-09-12 18:49:00,paid,pirele.dunver@courrier.test,Pirele Dunver,"83,13 €",EUR,,Retrait magasin
WEB-031193,2025-09-12 21:54:00,paid,duvinel.wenver@mail.example,Duvinel Wenver,"195,50 €",EUR,,Domicile
WEB-031212,2025-09-13 08:12:00,paid,pitari.valkan54@exemple.org,Pitari Valkan,"135,56 €",EUR,,Retrait magasin
WEB-031266,2025-09-13 10:50:00,paid,vemono.dorvoir@courrier.test,Vemono Dorvoir,30.70,EUR,,Point relais
WEB-031227,2025-09-13 11:11:00,Paid,lorelu.lanvoir71@exemple.org,Lorelu Lanvoir,"61,60 €",EUR,,Domicile
WEB-031226,2025-09-13 11:35:00,paid,yumonan.rosmer@exemple.org,Yumonan Rosmer,134.73,EUR,,Domicile
WEB-031230,2025-09-13 11:56:00,paid,ARTARIN.TARVOIR@EXEMPLE.ORG,Artarin Tarvoir,44.09,EUR,,Point relais
WEB-031220,2025-09-13 12:45:00,paid,pivene.dorlin@exemple.org,Pivene Dorlin,"62,53",EUR,,Domicile
WEB-031267,2025-09-13 12:58:00,Paid,semonea.kelbel@courrier.test,Semonea Kelbel,"16,28 €",EUR,,Point relais
WEB-031240,2025-09-13 13:33:00,paid,masolu.tarmer@exemple.org,Masolu Tarmer,"260,09 €",EUR,,Point relais
WEB-031217,2025-09-13 13:38:00,Paid,serisia.torgren@courrier.test,Serisia Torgren,"32,86",EUR,,Point relais
WEB-031234,2025-09-13 14:00:00,paid,ferise.valrand18@mail.example,Ferise Valrand,69.84,€,,Point relais
WEB-031248,2025-09-13 14:08:00,Paid,tarisel.havner@mail.example,Tarisel Havner,"127,32 €",EUR,,Domicile
WEB-031253,2025-09-13 14:12:00,PAID,elvinan.dunnet@exemple.org,Elvinan Dunnet,"25,55",EUR,,Point relais
WEB-031223,2025-09-13 15:07:00,paid,orloni.nevlin@courrier.test,Orloni Nevlin,"23,20",EUR,FIDELITE,Domicile
WEB-031254,2025-09-13 15:56:00,PAID,elsoli.lanvane@exemple.org,Elsoli Lanvane,15.47,EUR,FIDELITE,Point relais
WEB-031215,2025-09-13 15:59:00,Paid,artara.persen@exemple.org,Artara Persen,121.44,EUR,,Domicile
WEB-031232,2025-09-13 16:13:00,Paid,setara.kellin@exemple.org,Setara Kellin,"20,40 €",EUR,,Domicile
WEB-031255,2025-09-13 16:25:00,paid,felonan.lantier@exemple.org,Felonan Lantier,"254,43 €",EUR,FIDELITE,Domicile
WEB-031252,2025-09-13 17:19:00,paid,ormonin.brenbert@mail.example,Ormonin Brenbert,"158,13",EUR,FIDELITE,Point relais
WEB-031213,2025-09-13 18:35:00,paid,yutelin.dunbel@courrier.test,Yutelin Dunbel,"109,91 €",EUR,,Retrait magasin
WEB-031236,2025-09-13 18:50:00,paid,talono.mongren@mail.example,Talono Mongren,"120,31 €",EUR,,Point relais
WEB-031264,2025-09-13 18:54:00,paid,elloni.wensen@exemple.org,Elloni Wensen,28.64,EUR,,Domicile
WEB-031244,2025-09-13 18:55:00,Paid,narisi.sorsen@courrier.test,Narisi Sorsen,178.72,EUR,,Domicile
WEB-031225,2025-09-13 20:23:00,paid,yunora.brenmar78@exemple.org,Yunora Brenmar,"133,50 €",EUR,,Retrait magasin
WEB-031245,2025-09-13 20:37:00,paid,orsenea.perbert15@exemple.org,Orsenea Perbert,88.66,EUR,FIDELITE,Domicile
WEB-031298,2025-09-14 11:41:00,PAID,vesolan.wenmer@mail.example,Vesolan Wenmer,49.24,EUR,,Retrait magasin
WEB-031275,2025-09-14 11:45:00,paid,vedari.sornet@courrier.test,Vedari Sornet,4.02,eur,,Domicile
WEB-031294,2025-09-14 13:38:00,paid,dutelan.ostrand@courrier.test,Dutelan Ostrand,91.79,EUR,FIDELITE,Point relais
WEB-031282,2025-09-14 13:51:00,paid,pitelel.corsac@mail.example,Pitelel Corsac,11.23,EUR,,Point relais
WEB-031300,2025-09-14 14:24:00,paid,seneli.lanbel@exemple.org,Seneli Lanbel,"221,88",EUR,,Domicile
WEB-031297,2025-09-14 14:47:00,paid,elnelea.kelver@courrier.test,Elnelea Kelver,"40,90",€,,Point relais
WEB-031271,2025-09-14 14:50:00,paid,sodaran.ostner@exemple.org,Sodaran Ostner,"85,03 €",€,FIDELITE,Point relais
WEB-031276,2025-09-14 16:45:00,PAID,orvinu.sorkan@mail.example,Orvinu Sorkan,51.20,eur,,Point relais
WEB-031289,2025-09-14 16:53:00,paid,vetelea.sormar37@exemple.org,Vetelea Sormar,21.43,€,FIDELITE,Point relais
WEB-031290,2025-09-14 17:36:00,paid,orgarea.dunsac@courrier.test,Orgarea Dunsac,18.44,EUR,,Retrait magasin
WEB-031280,2025-09-14 17:54:00,paid,ferisi.ravlin@mail.example,Ferisi Ravlin,"32,86",EUR,,Domicile
WEB-031273,2025-09-14 18:45:00,PAID,tarela.havner@exemple.org,Tarela Havner,89.51,€,,Domicile
WEB-031278,2025-09-14 20:39:00,paid,narisel.monsac@courrier.test,Narisel Monsac,"113,93 €",EUR,,Domicile
WEB-031318,2025-09-15T11:30:00Z,paid,seboro.sorkan@exemple.org,Seboro Sorkan,3492,EUR,,Point relais
WEB-031322,2025-09-15T12:54:00Z,paid,sevenan.nevdal@exemple.org,Sevenan Nevdal,18809,€,,Retrait magasin
WEB-031326,2025-09-15T13:04:00Z,paid,eltelan.dorlais5@courrier.test,Eltelan Dorlais,4883,€,FIDELITE,Domicile
WEB-031307,2025-09-15T13:35:00Z,paid, pidane.tarmar@courrier.test,Pidane Tarmar,12423,EUR,,Domicile
WEB-031317,2025-09-15T13:46:00Z,paid,pivinin.dortier55@courrier.test,Pivinin Dortier,1123,EUR,,Point relais
WEB-031328,2025-09-15T13:54:00Z,PAID,marisea.faldal@exemple.org,Marisea Faldal,33886,eur,FIDELITE,Domicile
WEB-031302,2025-09-15T14:46:00Z,Paid,takenia.sorlais@mail.example,Takenia Sorlais,3894,€,,Domicile
WEB-031319,2025-09-15T15:53:00Z,PAID,rigaro.monsac@mail.example,Rigaro Monsac,8097,EUR,,Point relais
WEB-031303,2025-09-15T16:22:00Z,paid,kasolia.dunlais8@mail.example,Kasolia Dunlais,2977,EUR,,Domicile
WEB-031314,2025-09-15T16:57:00Z,paid,DUBORO.DORKAN@COURRIER.TEST,Duboro Dorkan,10930,EUR,BIENVENUE,Point relais
WEB-031327,2025-09-15T17:01:00Z,PAID,kanori.perner38@mail.example,Kanori Perner,12855,EUR,,Point relais
WEB-031305,2025-09-15T17:13:00Z,PAID,dutelia.ravkan@mail.example,Dutelia Ravkan,14297,EUR,,Point relais
WEB-031310,2025-09-15T18:45:00Z,paid,magarel.torkan@exemple.org,Magarel Torkan,15224,EUR,,Point relais
WEB-031304,2025-09-15T21:41:00Z,paid,jusolo.kelbel@exemple.org,Jusolo Kelbel,17387,EUR,,Domicile
WEB-031352,2025-09-16T12:14:00Z,paid,vedare.brenvane@courrier.test,Vedare Brenvane,7386,EUR,,Point relais
WEB-031346,2025-09-16T12:35:00Z,paid,pilise.nevlin@mail.example,Pilise Nevlin,24057,EUR,BIENVENUE,Domicile
WEB-031338,2025-09-16T12:53:00Z,paid,sevalia.monbert@exemple.org,Sevalia Monbert,5738,EUR,,Point relais
WEB-031355,2025-09-16T12:56:00Z,paid,arnorea.brenlais49@courrier.test,Arnorea Brenlais,2256,EUR,,Domicile
WEB-031347,2025-09-16T13:05:00Z,paid,yumari.lanver@mail.example,Yumari Lanver,7408,EUR,FIDELITE,Domicile
WEB-031340,2025-09-16T13:33:00Z,Paid,rikene.monmont13@exemple.org,Rikene Monmont,6562,€,,Point relais
WEB-031341,2025-09-16T14:27:00Z,paid,manelia.dorbel@exemple.org,Manelia Dorbel,6572,EUR,,Point relais
WEB-031339,2025-09-16T15:08:00Z,paid,tamonin.cormont@exemple.org,Tamonin Cormont,3492,EUR,,Domicile
WEB-031333,2025-09-16T16:06:00Z,paid,fenelin.lanbert@courrier.test,Fenelin Lanbert,2452,EUR,,Point relais
WEB-031353,2025-09-16T16:09:00Z,PAID,vemono.nevgren@exemple.org,Vemono Nevgren,5758,EUR,,Domicile
WEB-031357,2025-09-16T16:14:00Z,paid,orlisin.wenvane@exemple.org,Orlisin Wenvane,1937,EUR,,Retrait magasin
WEB-031357,2025-09-16T16:14:00Z,paid,orlisin.wenvane@exemple.org,Orlisin Wenvane,1937,EUR,,Retrait magasin
WEB-031331,2025-09-16T16:20:00Z,PAID,jurisan.monrand@courrier.test,Jurisan Monrand,10177,€,,Point relais
WEB-031351,2025-09-16T18:16:00Z,PAID,sevalin.rosnet@exemple.org,Sevalin Rosnet,17882,EUR,,Point relais
WEB-031358,2025-09-16T18:38:00Z,paid,pirelan.dunrand10@exemple.org,Pirelan Dunrand,10805,EUR,,Domicile
WEB-031335,2025-09-16T20:18:00Z,paid,zoneli.dunmer@mail.example,Zoneli Dunmer,13350,EUR,,Domicile
WEB-031337,2025-09-16T21:29:00Z,paid,artarin.tarvoir@exemple.org,Artarin Tarvoir,8093,EUR,FIDELITE,Point relais
WEB-031343,2025-09-16T21:50:00Z,paid,feborea.keldal@exemple.org,Feborea Keldal,15719,EUR,,Domicile
WEB-031395,2025-09-17T08:55:00Z,paid,ormari.valmer@exemple.org,Ormari Valmer,4904,EUR,,Domicile
WEB-031373,2025-09-17T09:33:00Z,cancelled,kareli.rosvane@exemple.org,Kareli Rosvane,2153,EUR,,Domicile
WEB-031366,2025-09-17T11:31:00Z,paid,ferisia.galkan@exemple.org,Ferisia Galkan,1741,EUR,,Domicile
WEB-031365,2025-09-17T12:06:00Z,Paid,ARDARA.WENVANE@EXEMPLE.ORG,Ardara Wenvane,3595,EUR,,Domicile
WEB-031362,2025-09-17T12:11:00Z,paid,SEVENI.BRENNET@EXEMPLE.ORG,Seveni Brennet,19427,EUR,,Point relais
WEB-031392,2025-09-17T12:31:00Z,Paid,orsena.sornet@courrier.test,Orsena Sornet,17862,EUR,,Domicile
WEB-031374,2025-09-17T13:01:00Z,cancelled,semaria.lanmont@exemple.org,Semaria Lanmont,19211,EUR,,Domicile
WEB-031393,2025-09-17T14:39:00Z,Paid,dunele.ostvoir@exemple.org,Dunele Ostvoir,4419,EUR,,Domicile
WEB-031370,2025-09-17T14:44:00Z,Paid,zogaru.pertier32@mail.example,Zogaru Pertier,3688,EUR,,Domicile
WEB-031375,2025-09-17T14:44:00Z,paid,talonan.lanmar@courrier.test,Talonan Lanmar,5861,EUR,,Domicile
WEB-031361,2025-09-17T15:13:00Z,paid,ARDANE.FALBEL@MAIL.EXAMPLE,Ardane Falbel,11332,EUR,FIDELITE,Point relais
WEB-031372,2025-09-17T15:52:00Z,Paid,venorea.wenver@courrier.test,Venorea Wenver,8181,EUR,FIDELITE,Domicile
WEB-031364,2025-09-17T16:15:00Z,paid,orvenel.havlais36@exemple.org,Orvenel Havlais,1020,EUR,,Domicile
WEB-031380,2025-09-17T17:58:00Z,PAID,orvinu.ravlin@exemple.org,Orvinu Ravlin,804,EUR,,Domicile
WEB-031388,2025-09-17T18:22:00Z,PAID,selisea.ostbert@mail.example,Selisea Ostbert,4306,EUR,,Point relais
WEB-031384,2025-09-17T19:02:00Z,paid,ellona.persen@exemple.org,Ellona Persen,11918,EUR,,Domicile
WEB-031377,2025-09-17T19:20:00Z,Paid,yunore.ravlin@exemple.org,Yunore Ravlin,1226,EUR,,Point relais
WEB-031412,2025-09-18T09:02:00Z,paid,orkenia.dunsen@courrier.test,Orkenia Dunsen,3894,EUR,,Point relais
WEB-031422,2025-09-18T11:27:00Z,PAID,orvenan.keldal@courrier.test,Orvenan Keldal,13742,EUR,,Point relais
WEB-031407,2025-09-18T11:35:00Z,paid,kasena.corsac@exemple.org,Kasena Corsac,5243,EUR,,Point relais
WEB-031398,2025-09-18T12:37:00Z,paid,kadare.brenbel@exemple.org,Kadare Brenbel,9044,eur,,Domicile
WEB-031428,2025-09-18T12:43:00Z,paid,tavinea.lansen@exemple.org,Tavinea Lansen,11094,EUR,,Point relais
WEB-031405,2025-09-18T12:45:00Z,paid,zoteli.monkan@exemple.org,Zoteli Monkan,8004,EUR,,Domicile
WEB-031427,2025-09-18T12:57:00Z,paid,judane.corner@mail.example,Judane Corner,6748,eur,,Point relais
WEB-031418,2025-09-18T13:59:00Z,paid,zogaria.keldis@mail.example,Zogaria Keldis,5954,EUR,,Retrait magasin
WEB-031416,2025-09-18T14:13:00Z,paid,bamaran.falgren@mail.example,Bamaran Falgren,4482,EUR,FIDELITE,Domicile
WEB-031400,2025-09-18T15:14:00Z,cancelled,arsolu.nevsac@exemple.org,Arsolu Nevsac,6479,EUR,,Point relais
WEB-031429,2025-09-18T15:25:00Z,paid,NARISAN.CORSAC@COURRIER.TEST,Narisan Corsac,35196,€,,Domicile
WEB-031432,2025-09-18T15:38:00Z,paid,BAVENA.OSTVOIR@COURRIER.TEST,Bavena Ostvoir,8489,EUR,,Domicile
WEB-031401,2025-09-18T15:43:00Z,PAID,zodarin.lansac@exemple.org,Zodarin Lansac,37216,EUR,,Domicile
WEB-031409,2025-09-18T16:30:00Z,cancelled,jurisel.dunvane@exemple.org,Jurisel Dunvane,9240,EUR,,Domicile
WEB-031413,2025-09-18T16:38:00Z,paid,yuvinea.nevbel@exemple.org,Yuvinea Nevbel,8921,EUR,,Point relais
WEB-031426,2025-09-18T16:54:00Z,PAID,RIVALAN.MONLIN76@COURRIER.TEST,Rivalan Monlin,13526,EUR,,Point relais
WEB-031421,2025-09-18T17:15:00Z,paid,pirelan.dunrand10@exemple.org,Pirelan Dunrand,15523,EUR,,Domicile
WEB-031431,2025-09-18T18:10:00Z,paid,LORISEL.NEVDAL@COURRIER.TEST,Lorisel Nevdal,21693,EUR,,Domicile
WEB-031434,2025-09-18T18:17:00Z,paid,magari.wenver@exemple.org,Magari Wenver,15832,EUR,,Domicile
WEB-031402,2025-09-18T19:26:00Z,cancelled,lolonea.lanner@exemple.org,Lolonea Lanner,4188,EUR,FIDELITE,Point relais
WEB-031410,2025-09-18T21:28:00Z,paid,vesolea.havmont82@mail.example,Vesolea Havmont,711,EUR,,Domicile
WEB-031441,2025-09-19T10:13:00Z,Paid,mivenea.persac@exemple.org,Mivenea Persac,12742,EUR,,Domicile
WEB-031458,2025-09-19T10:17:00Z,paid,zoneli.torrand@courrier.test,Zoneli Torrand,4512,eur,,Point relais
WEB-031457,2025-09-19T11:47:00Z,PAID,zorelu.nevlin62@mail.example,Zorelu Nevlin,23826,EUR,,Point relais
WEB-031444,2025-09-19T12:26:00Z,paid,pitelel.corsac@mail.example,Pitelel Corsac,2339,EUR,,Domicile
WEB-031122,2025-09-19T12:44:00Z,paid,zosenan.torsen86@exemple.org,Zosenan Torsen,9971,EUR,,Domicile
WEB-031462,2025-09-19T14:09:00Z,PAID,arnoru.galdal@courrier.test,Arnoru Galdal,6057,EUR,,Domicile
WEB-031446,2025-09-19T14:11:00Z,PAID,natarea.havvoir@mail.example,Natarea Havvoir,9034,EUR,,Point relais
WEB-031448,2025-09-19T14:47:00Z,paid,zorisa.havbert@mail.example,Zorisa Havbert,9426,EUR,,Domicile
WEB-031438,2025-09-19T15:44:00Z,Paid,bavena.falvane@exemple.org,Bavena Falvane,4419,EUR,,Domicile
WEB-031454,2025-09-19T16:34:00Z,PAID,malona.dunvane@exemple.org,Malona Dunvane,5944,EUR,,Domicile
WEB-031456,2025-09-19T16:34:00Z,paid,elrisa.tarnet43@courrier.test,Elrisa Tarnet,13350,EUR,,Point relais
WEB-031445,2025-09-19T16:35:00Z,Paid,lodanea.sorgren@mail.example,Lodanea Sorgren,6891,EUR,,Point relais
WEB-031466,2025-09-19T16:49:00Z,PAID,sotaria.landis@exemple.org,Sotaria Landis,22713,EUR,,Domicile
WEB-031447,2025-09-19T17:04:00Z,PAID,ELSENO.LANNET@EXEMPLE.ORG,Elseno Lannet,2153,EUR,,Domicile
WEB-031468,2025-09-19T17:20:00Z,paid,vevali.permont@courrier.test,Vevali Permont,19437,eur,,Domicile
WEB-031450,2025-09-19T18:12:00Z,paid,elrisan.dunrand@courrier.test,Elrisan Dunrand,1350,EUR,FIDELITE,Point relais
WEB-031467,2025-09-19T19:03:00Z,Paid,bamono.langren72@mail.example,Bamono Langren,24454,EUR,,Point relais
WEB-031449,2025-09-19T19:41:00Z,paid,zoreli.brennet@courrier.test,Zoreli Brennet,1741,eur,,Domicile
WEB-031487,2025-09-20T08:54:00Z,paid,zovina.rossac@courrier.test,Zovina Rossac,6150,EUR,,Point relais
WEB-031489,2025-09-20T10:02:00Z,Paid,mimona.valdal68@courrier.test,Mimona Valdal,10177,EUR,,Point relais
WEB-031495,2025-09-20T11:22:00Z,paid,rilonu.lanlais@exemple.org,Rilonu Lanlais,16244,EUR,,Point relais
WEB-031515,2025-09-20T12:02:00Z,PAID,maseni.torsac@exemple.org,Maseni Torsac,4571,EUR,FIDELITE,Domicile
WEB-031507,2025-09-20T12:59:00Z,Paid,elnoran.sorver@exemple.org,Elnoran Sorver,7911,EUR,,Point relais
WEB-031520,2025-09-20T13:10:00Z,paid,durisin.corbert@exemple.org,Durisin Corbert,7376,EUR,,Domicile
WEB-031476,2025-09-20T13:44:00Z,paid,sodaro.falver@exemple.org,Sodaro Falver,17377,EUR,,Retrait magasin
WEB-031512,2025-09-20T15:31:00Z,paid,balisia.ravsac@courrier.test,Balisia Ravsac,1123,EUR,,Point relais
WEB-031470,2025-09-20T16:06:00Z,paid,dudanu.rosmar@exemple.org,Dudanu Rosmar,4718,EUR,,Point relais
WEB-031497,2025-09-20T16:27:00Z,PAID,MASOLI.SORBERT@EXEMPLE.ORG,Masoli Sorbert,10373,EUR,,Retrait magasin
WEB-031474,2025-09-20T16:36:00Z,Paid,zovinin.pertier@courrier.test,Zovinin Pertier,9353,EUR,,Domicile
WEB-031478,2025-09-20T16:57:00Z,PAID,arrelea.dunver@exemple.org,Arrelea Dunver,3286,€,,Domicile
WEB-031509,2025-09-20T17:30:00Z,paid,tanori.ostgren@exemple.org,Tanori Ostgren,10383,EUR,,Domicile
WEB-031472,2025-09-20T17:33:00Z,paid,namaran.corner@courrier.test,Namaran Corner,13370,eur,,Domicile
WEB-031471,2025-09-20T17:45:00Z,PAID,badaran.cordis@exemple.org,Badaran Cordis,18809,€,,Domicile
WEB-031519,2025-09-20T18:15:00Z,PAID,lolona.dunsac11@exemple.org,Lolona Dunsac,15236,EUR,FIDELITE,Retrait magasin
WEB-031475,2025-09-20T18:23:00Z,paid,orvalin.rosrand12@exemple.org,Orvalin Rosrand,3595,EUR,,Domicile
WEB-031492,2025-09-20T18:45:00Z,Paid,kaveni.valdis@courrier.test,Kaveni Valdis,1123,€,,Domicile
WEB-031498,2025-09-20T18:50:00Z,PAID,orvalel.rosgren@courrier.test,Orvalel Rosgren,19043,EUR,FIDELITE,Point relais
WEB-031499,2025-09-20T19:26:00Z,paid,rilonin.wendis@exemple.org,Rilonin Wendis,12536,eur,,Domicile
WEB-031499,2025-09-20T19:26:00Z,paid,rilonin.wendis@exemple.org,Rilonin Wendis,12536,eur,,Domicile
WEB-031501,2025-09-20T19:46:00Z,paid,miveno.havlin@exemple.org,Miveno Havlin,7077,EUR,,Point relais
WEB-031537,2025-09-21T11:25:00Z,PAID,dugarea.havner@exemple.org,Dugarea Havner,7798,EUR,,Domicile
WEB-031531,2025-09-21T13:21:00Z,paid,bavenin.lanbel@exemple.org,Bavenin Lanbel,12207,EUR,,Domicile
WEB-031543,2025-09-21T14:14:00Z,PAID,elrelan.wenver@courrier.test,Elrelan Wenver,4924,EUR,,Domicile
WEB-031533,2025-09-21T15:14:00Z,paid,junelel.valner@exemple.org,Junelel Valner,33219,EUR,,Point relais
WEB-031544,2025-09-21T16:15:00Z,Paid,ornelu.dorvane@exemple.org,Ornelu Dorvane,8725,EUR,,Domicile
WEB-031541,2025-09-21T19:45:00Z,PAID,tavalin.corbel@courrier.test,Tavalin Corbel,8632,EUR,,Domicile
WEB-031566,2025-09-22T12:54:00Z,PAID,baloni.rosmar4@exemple.org,Baloni Rosmar,8416,€,,Point relais
WEB-031582,2025-09-22T13:59:00Z,paid,dusolo.falbert@exemple.org,Dusolo Falbert,27431,EUR,,Domicile
WEB-031582,2025-09-22T13:59:00Z,paid,dusolo.falbert@exemple.org,Dusolo Falbert,27431,EUR,,Domicile
WEB-031568,2025-09-22T14:35:00Z,paid,yumonin.montier@exemple.org,Yumonin Montier,14184,EUR,,Point relais
WEB-031583,2025-09-22T15:15:00Z,paid,ritare.falkan24@exemple.org,Ritare Falkan,2153,€,,Retrait magasin
WEB-031574,2025-09-22T15:41:00Z,paid,sorelea.keldal@courrier.test,Sorelea Keldal,5130,EUR,,Domicile
WEB-031551,2025-09-22T16:26:00Z,PAID,tavinin.cordis@mail.example,Tavinin Cordis,4203,eur,,Domicile
WEB-031551,2025-09-22T16:26:00Z,PAID,tavinin.cordis@mail.example,Tavinin Cordis,4203,eur,,Domicile
WEB-031569,2025-09-22T16:53:00Z,paid,yugare.wennet@exemple.org,Yugare Wennet,2977,eur,,Domicile
WEB-031562,2025-09-22T16:57:00Z,Paid,orsolo.dunbert@exemple.org,Orsolo Dunbert,17985,EUR,,Point relais
WEB-031564,2025-09-22T18:08:00Z,paid,rimarel.ostmar@courrier.test,Rimarel Ostmar,12134,EUR,,Domicile
WEB-031578,2025-09-22T19:13:00Z,PAID,ormonin.brenbert@mail.example,Ormonin Brenbert,29229,EUR,FIDELITE,Domicile
WEB-031581,2025-09-22T19:13:00Z,paid,yudanan.nevmar56@courrier.test,Yudanan Nevmar,1329,EUR,,Point relais
WEB-031581,2025-09-22T19:13:00Z,paid,yudanan.nevmar56@courrier.test,Yudanan Nevmar,1329,EUR,,Point relais
WEB-031567,2025-09-22T19:43:00Z,paid,lomone.wenbel@courrier.test,Lomone Wenbel,21085,eur,,Domicile
WEB-031554,2025-09-22T19:44:00Z,PAID,somonia.targren@mail.example,Somonia Targren,7911,€,,Domicile
WEB-031579,2025-09-22T20:00:00Z,paid,MAGAREL.GALLAIS@COURRIER.TEST,Magarel Gallais,5130,EUR,,Domicile
WEB-031563,2025-09-22T20:58:00Z,paid,tatelea.ravmer@exemple.org,Tatelea Ravmer,2442,eur,,Domicile
WEB-031552,2025-09-22T21:05:00Z,PAID,elvale.ostlin@exemple.org,Elvale Ostlin,5655,EUR,,Domicile
WEB-031571,2025-09-22T21:21:00Z,paid,LONORU.DORSAC@EXEMPLE.ORG,Lonoru Dorsac,6459,EUR,,Point relais
WEB-031558,2025-09-22T21:24:00Z,PAID,sodanu.sorsac96@exemple.org,Sodanu Sorsac,9549,EUR,,Domicile
WEB-031595,2025-09-23T10:20:00Z,PAID,tadana.nevnet@mail.example,Tadana Nevnet,8808,EUR,,Domicile
WEB-031590,2025-09-23T11:05:00Z,PAID,NAVINIA.ROSMAR@COURRIER.TEST,Navinia Rosmar,6263,EUR,,Domicile
WEB-031587,2025-09-23T11:20:00Z,PAID,yumono.monner@courrier.test,Yumono Monner,15822,EUR,,Point relais
WEB-031610,2025-09-23T11:45:00Z,paid,pivinin.dortier55@courrier.test,Pivinin Dortier,5647,EUR,FIDELITE,Point relais
WEB-031589,2025-09-23T12:26:00Z,paid,pirisa.falmar48@courrier.test,Pirisa Falmar,9662,€,,Point relais
WEB-031592,2025-09-23T12:38:00Z,paid,dunoru.ostgren@courrier.test,Dunoru Ostgren,7602,EUR,,Domicile
WEB-031591,2025-09-23T13:11:00Z,paid,orsolu.ostver25@exemple.org,Orsolu Ostver,10775,EUR,,Point relais
WEB-031603,2025-09-23T13:39:00Z,paid,lovenia.monbert@courrier.test,Lovenia Monbert,402,EUR,,Domicile
WEB-031588,2025-09-23T16:25:00Z,paid,judania.lanmont@courrier.test,Judania Lanmont,16206,EUR,FIDELITE,Domicile
WEB-031605,2025-09-23T16:29:00Z,paid,naboro.keldal54@courrier.test,Naboro Keldal,1226,EUR,,Domicile
WEB-031612,2025-09-23T16:40:00Z,PAID,tavino.pernet@courrier.test,Tavino Pernet,8014,EUR,,Domicile
WEB-031599,2025-09-23T16:50:00Z,paid,yunorin.corvoir@courrier.test,Yunorin Corvoir,9662,EUR,,Point relais
WEB-031602,2025-09-23T17:19:00Z,paid,ardanan.tarvoir@exemple.org,Ardanan Tarvoir,15327,EUR,,Point relais
WEB-031596,2025-09-23T18:09:00Z,PAID,TAVENAN.NEVVER@EXEMPLE.ORG,Tavenan Nevver,14998,eur,,Point relais
WEB-031615,2025-09-23T18:09:00Z,PAID,MASENI.TORSAC@EXEMPLE.ORG,Maseni Torsac,7026,€,FIDELITE,Point relais
WEB-031607,2025-09-23T18:18:00Z,paid,mikena.wenver@courrier.test,Mikena Wenver,11084,eur,,Retrait magasin
WEB-031620,2025-09-23T18:18:00Z,PAID,orsenel.brentier29@exemple.org,Orsenel Brentier,42808,EUR,,Domicile
WEB-031604,2025-09-23T18:54:00Z,paid,fedaria.perver@exemple.org,Fedaria Perver,19035,EUR,,Domicile
WEB-031585,2025-09-23T19:49:00Z,paid,SEDARE.KELLIN@MAIL.EXAMPLE,Sedare Kellin,12752,EUR,,Domicile
WEB-031638,2025-09-24T11:28:00Z,paid,JUTARIN.WENBEL@EXEMPLE.ORG,Jutarin Wenbel,3389,EUR,,Domicile
WEB-031648,2025-09-24T12:42:00Z,PAID,yunora.lanrand@courrier.test,Yunora Lanrand,10074,EUR,,Domicile
WEB-031629,2025-09-24T13:47:00Z,paid,zoliso.valrand@exemple.org,Zoliso Valrand,1329,EUR,,Domicile
WEB-031641,2025-09-24T14:48:00Z,paid,tavalin.corbel@courrier.test,Tavalin Corbel,30305,EUR,FIDELITE,Point relais
WEB-031658,2025-09-24T15:51:00Z,paid,narisel.monsac@courrier.test,Narisel Monsac,10260,EUR,,Domicile
WEB-031637,2025-09-24T16:54:00Z,Paid,orvenia.falnet@mail.example,Orvenia Falnet,1263,eur,FIDELITE,Domicile
WEB-031633,2025-09-24T17:02:00Z,paid,ordanu.tarvoir@exemple.org,Ordanu Tarvoir,402,€,,Domicile
WEB-031631,2025-09-24T17:05:00Z,paid,yulisea.ravver@exemple.org,Yulisea Ravver,14895,EUR,,Domicile
WEB-031634,2025-09-24T17:13:00Z,PAID,kakenel.dorvoir@courrier.test,Kakenel Dorvoir,6449,EUR,,Domicile
WEB-031645,2025-09-24T18:18:00Z,paid,feboro.sorver@mail.example,Feboro Sorver,4924,EUR,,Point relais
WEB-031625,2025-09-24T18:28:00Z,paid,zomoni.perdis@mail.example,Zomoni Perdis,22919,EUR,,Point relais
WEB-031636,2025-09-24T18:32:00Z,Paid,nagaro.sormer@mail.example,Nagaro Sormer,8117,EUR,,Domicile
WEB-031640,2025-09-24T18:58:00Z,paid,bagaran.brenbert@mail.example,Bagaran Brenbert,1628,EUR,,Domicile
WEB-031661,2025-09-24T19:01:00Z,paid,ridare.dorbert@mail.example,Ridare Dorbert,15008,EUR,,Domicile
WEB-031644,2025-09-24T19:57:00Z,PAID,duvene.rosvoir@exemple.org,Duvene Rosvoir,31571,€,,Point relais
WEB-031635,2025-09-24T20:03:00Z,paid,vedane.cordal71@exemple.org,Vedane Cordal,20015,EUR,,Domicile
WEB-031647,2025-09-24T20:05:00Z,PAID,zosenia.kelner@mail.example,Zosenia Kelner,1844,eur,,Domicile
WEB-031628,2025-09-24T20:07:00Z,Paid,seboro.sorkan@exemple.org,Seboro Sorkan,11496,eur,,Domicile
WEB-031630,2025-09-24T20:24:00Z,PAID,zovinin.pertier@courrier.test,Zovinin Pertier,6160,EUR,,Retrait magasin
WEB-031662,2025-09-24T20:51:00Z,PAID,SEMONO.LANVER@EXEMPLE.ORG,Semono Lanver,3173,€,,Domicile
WEB-031649,2025-09-24T20:56:00Z,paid,eltaru.tormar@courrier.test,Eltaru Tormar,2967,EUR,,Point relais
WEB-031643,2025-09-24T21:37:00Z,paid,yumarel.dunvoir@courrier.test,Yumarel Dunvoir,2668,EUR,,Domicile
WEB-031693,2025-09-25T09:30:00Z,paid,yudana.wenkan16@courrier.test,Yudana Wenkan,2761,EUR,,Point relais
WEB-031700,2025-09-25T11:11:00Z,PAID,dudania.galbert@courrier.test,Dudania Galbert,2036,EUR,FIDELITE,Domicile
WEB-031694,2025-09-25T11:39:00Z,Paid,sevenea.dorsen@courrier.test,Sevenea Dorsen,2050,EUR,,Point relais
WEB-031674,2025-09-25T12:05:00Z,paid,yuvinel.dorkan@exemple.org,Yuvinel Dorkan,16769,EUR,,Retrait magasin
WEB-031670,2025-09-25T12:31:00Z,Paid,pikenan.torsac@exemple.org,Pikenan Torsac,2452,EUR,,Point relais
WEB-031697,2025-09-25T14:56:00Z,PAID,senelu.sormer@courrier.test,Senelu Sormer,1850,€,FIDELITE,Point relais
WEB-031698,2025-09-25T15:10:00Z,paid,kasenin.brendal@exemple.org,Kasenin Brendal,1123,€,,Point relais
WEB-031667,2025-09-25T15:46:00Z,PAID,juvina.perbert@exemple.org,Juvina Perbert,2256,EUR,,Domicile
WEB-031664,2025-09-25T16:00:00Z,paid,marisea.valmont@courrier.test,Marisea Valmont,1525,EUR,,Point relais
WEB-031695,2025-09-25T16:00:00Z,paid,veborel.ostmar@mail.example,Veborel Ostmar,6479,EUR,,Point relais
WEB-031675,2025-09-25T17:26:00Z,paid,baseno.nevbel@mail.example,Baseno Nevbel,4296,EUR,FIDELITE,Point relais
WEB-031679,2025-09-25T18:46:00Z,PAID,manela.havrand90@exemple.org,Manela Havrand,10280,EUR,,Domicile
WEB-031686,2025-09-25T21:02:00Z,paid,pisolu.rosgren@courrier.test,Pisolu Rosgren,3080,EUR,,Domicile
WEB-031718,2025-09-26T09:58:00Z,Paid,judare.tarlais22@courrier.test,Judare Tarlais,4100,€,,Point relais
WEB-031738,2025-09-26T11:08:00Z,paid,bakenan.mondis@exemple.org,Bakenan Mondis,402,€,,Domicile
WEB-031733,2025-09-26T11:13:00Z,paid,zogaru.pertier32@mail.example,Zogaru Pertier,1123,eur,,Point relais
WEB-031703,2025-09-26T11:36:00Z,paid,orseno.rosmer@exemple.org,Orseno Rosmer,12649,€,,Domicile
WEB-031716,2025-09-26T11:44:00Z,Paid,dunelan.dunvane@courrier.test,Dunelan Dunvane,4512,EUR,,Domicile
WEB-031741,2025-09-26T12:16:00Z,paid,sevalo.sorsen@courrier.test,Sevalo Sorsen,8426,EUR,,Domicile
WEB-031714,2025-09-26T12:44:00Z,paid,artaria.persac@mail.example,Artaria Persac,9559,EUR,,Domicile
WEB-031714,2025-09-26T12:44:00Z,paid,artaria.persac@mail.example,Artaria Persac,9559,EUR,,Domicile
WEB-031710,2025-09-26T12:54:00Z,paid,jurisan.monrand@courrier.test,Jurisan Monrand,15184,EUR,,Domicile
WEB-031705,2025-09-26T13:15:00Z,PAID, duvene.rosvoir@exemple.org,Duvene Rosvoir,4482,EUR,FIDELITE,Domicile
WEB-031743,2025-09-26T14:21:00Z,Paid,kanori.perner38@mail.example,Kanori Perner,18593,EUR,,Domicile
WEB-031707,2025-09-26T14:22:00Z,paid,ormona.ravkan@mail.example,Ormona Ravkan,8489,eur,,Point relais
WEB-031711,2025-09-26T14:41:00Z,PAID,bamaru.falsen75@courrier.test,Bamaru Falsen,10692,EUR,,Domicile
WEB-031735,2025-09-26T15:35:00Z,PAID,zomoni.perdis@mail.example,Zomoni Perdis,5758,EUR,,Domicile
WEB-031706,2025-09-26T19:02:00Z,PAID,pilisu.ravver81@exemple.org,Pilisu Ravver,2761,EUR,,Point relais
WEB-031730,2025-09-26T19:29:00Z,Paid,jumarea.nevbel@courrier.test,Jumarea Nevbel,13134,EUR,,Retrait magasin
WEB-031717,2025-09-26T19:46:00Z,paid,pisenel.sorvoir@exemple.org,Pisenel Sorvoir,6366,EUR,,Domicile
WEB-031746,2025-09-26T19:54:00Z,Paid, solisia.mongren@courrier.test,Solisia Mongren,16925,EUR,,Point relais
WEB-031708,2025-09-26T19:56:00Z,PAID,felisea.rosner@courrier.test,Felisea Rosner,6057,EUR,,Point relais
WEB-T0009,2025-09-26T19:56:00Z,PAID,test@example.com,Test Test,"1,00",EUR,,Point relais
WEB-031724,2025-09-26T20:04:00Z,paid,elsenin.havlais@exemple.org,Elsenin Havlais,18005,eur,,Domicile
WEB-031742,2025-09-26T20:23:00Z,Paid,orgarea.dunsac@courrier.test,Orgarea Dunsac,6974,EUR,,Point relais
WEB-031719,2025-09-26T21:15:00Z,paid,pidanea.brenlais@courrier.test,Pidanea Brenlais,31372,EUR,FIDELITE,Point relais
WEB-031782,2025-09-27T12:26:00Z,paid,fevino.nevbel@exemple.org,Fevino Nevbel,16234,EUR,,Domicile
WEB-031791,2025-09-27T13:01:00Z,paid,zomarin.ostnet@courrier.test,Zomarin Ostnet,50988,EUR,,Point relais
WEB-031771,2025-09-27T13:21:00Z,paid,sodare.nevbel@mail.example,Sodare Nevbel,1741,EUR,,Point relais
WEB-031769,2025-09-27T14:26:00Z,paid,kanelea.falvoir@exemple.org,Kanelea Falvoir,22761,EUR,FIDELITE,Domicile
WEB-031757,2025-09-27T14:29:00Z,paid,MARELEA.FALSEN@EXEMPLE.ORG,Marelea Falsen,4821,EUR,,Point relais
WEB-031747,2025-09-27T14:41:00Z,paid,eltarin.ravmer@exemple.org,Eltarin Ravmer,1947,EUR,,Retrait magasin
WEB-031753,2025-09-27T14:42:00Z,Paid,elvine.dorner@courrier.test,Elvine Dorner,9353,EUR,,Point relais
WEB-031772,2025-09-27T14:44:00Z,paid,nalono.torsen@exemple.org,Nalono Torsen,37319,EUR,,Domicile
WEB-031784,2025-09-27T14:45:00Z,paid,mamara.perkan@mail.example,Mamara Perkan,6891,EUR,,Point relais
WEB-031751,2025-09-27T15:10:00Z,paid,mavine.wenmar@exemple.org,Mavine Wenmar,1654,EUR,FIDELITE,Domicile
WEB-031774,2025-09-27T15:20:00Z,paid,masenel.torkan88@mail.example,Masenel Torkan,299,EUR,,Domicile
WEB-031777,2025-09-27T15:33:00Z,paid,juboru.havbert@courrier.test,Juboru Havbert,5748,EUR,,Domicile
WEB-031763,2025-09-27T16:20:00Z,paid,somonel.havnet@exemple.org,Somonel Havnet,15307,EUR,,Point relais
WEB-031768,2025-09-27T16:21:00Z,paid,ortelel.galvoir78@exemple.org,Ortelel Galvoir,62883,EUR,,Domicile
WEB-031764,2025-09-27T16:28:00Z,paid,elkenia.corrand@courrier.test,Elkenia Corrand,22055,EUR,,Domicile
WEB-031780,2025-09-27T16:55:00Z,paid,sesene.sortier@exemple.org,Sesene Sortier,8690,EUR,FIDELITE,Point relais
WEB-031789,2025-09-27T17:00:00Z,PAID,soveni.valtier@mail.example,Soveni Valtier,4924,EUR,,Domicile
WEB-031787,2025-09-27T17:07:00Z,PAID,PITELEA.WENGREN@EXEMPLE.ORG,Pitelea Wengren,10589,EUR,,Point relais
WEB-031779,2025-09-27T17:55:00Z,paid,balisia.nevtier@courrier.test,Balisia Nevtier,2050,EUR,,Retrait magasin
WEB-031775,2025-09-27T18:26:00Z,paid,sekenan.pergren61@exemple.org,Sekenan Pergren,12752,EUR,,Domicile
WEB-031754,2025-09-27T19:25:00Z,Paid,orsolin.nevmar@courrier.test,Orsolin Nevmar,13582,EUR,FIDELITE,Domicile
WEB-031762,2025-09-27T19:55:00Z,paid,pisole.corvoir@mail.example,Pisole Corvoir,14380,EUR,,Point relais
WEB-031760,2025-09-27T21:21:00Z,PAID,fetarel.perkan@exemple.org,Fetarel Perkan,14689,EUR,,Point relais
WEB-031794,2025-09-28T12:46:00Z,paid,femoni.keltier@mail.example,Femoni Keltier,16214,EUR,,Point relais
WEB-031811,2025-09-28T13:36:00Z,paid,juveni.persac81@exemple.org,Juveni Persac,15224,eur,,Retrait magasin
WEB-031800,2025-09-28T14:09:00Z,PAID,ortelel.galvoir78@exemple.org,Ortelel Galvoir,6675,EUR,,Domicile
WEB-031809,2025-09-28T15:09:00Z,paid,zomonin.valgren@exemple.org,Zomonin Valgren,25607,EUR,,Domicile
WEB-031814,2025-09-28T15:40:00Z,PAID,venori.rosver51@courrier.test,Venori Rosver,27976,EUR,,Point relais
WEB-031805,2025-09-28T17:07:00Z,Paid,yutarel.valdal@exemple.org,Yutarel Valdal,2751,EUR,,Retrait magasin
WEB-031802,2025-09-28T17:12:00Z,paid,yugarin.galbel41@courrier.test,Yugarin Galbel,9662,EUR,,Point relais
WEB-031801,2025-09-28T17:17:00Z,paid, dukenea.rosnet@courrier.test,Dukenea Rosnet,6150,EUR,,Domicile
WEB-031808,2025-09-28T17:40:00Z,paid,pilono.galtier@exemple.org,Pilono Galtier,8583,€,FIDELITE,Point relais
WEB-031807,2025-09-28T18:51:00Z,paid,takenia.sorlais@mail.example,Takenia Sorlais,9951,EUR,,Domicile
WEB-031798,2025-09-28T19:15:00Z,paid,BAKENIA.TORDAL23@EXEMPLE.ORG,Bakenia Tordal,4409,eur,,Point relais
WEB-031798,2025-09-28T19:15:00Z,paid,BAKENIA.TORDAL23@EXEMPLE.ORG,Bakenia Tordal,4409,eur,,Point relais
WEB-031795,2025-09-28T20:00:00Z,paid,mineli.monvoir@courrier.test,Mineli Monvoir,7077,EUR,,Domicile
WEB-031799,2025-09-28T20:56:00Z,paid,FEDARIN.NEVNER@COURRIER.TEST,Fedarin Nevner,29727,EUR,,Point relais
WEB-031806,2025-09-28T21:56:00Z,paid,nadana.ostver66@exemple.org,Nadana Ostver,9542,€,FIDELITE,Domicile
WEB-031853,2025-09-29T13:18:00Z,Paid,ririsa.rosgren@mail.example,Ririsa Rosgren,20540,EUR,,Point relais
WEB-031844,2025-09-29T13:24:00Z,paid,junele.havdal@exemple.org,Junele Havdal,20065,eur,,Domicile
WEB-031817,2025-09-29T13:38:00Z,PAID,ridani.dorbel@courrier.test,Ridani Dorbel,12443,EUR,,Domicile
WEB-031847,2025-09-29T13:49:00Z,Paid,kagarin.wentier75@mail.example,Kagarin Wentier,26215,EUR,,Domicile
WEB-031852,2025-09-29T14:01:00Z,Paid,dutelin.kelmont59@exemple.org,Dutelin Kelmont,4330,EUR,BIENVENUE,Point relais
WEB-031852,2025-09-29T14:01:00Z,Paid,dutelin.kelmont59@exemple.org,Dutelin Kelmont,4330,EUR,BIENVENUE,Point relais
WEB-031824,2025-09-29T14:49:00Z,paid,lorisi.pervane@mail.example,Lorisi Pervane,9363,EUR,,Domicile
WEB-031825,2025-09-29T14:49:00Z,PAID,vegarea.torrand@courrier.test,Vegarea Torrand,16909,EUR,FIDELITE,Domicile
WEB-031855,2025-09-29T14:52:00Z,paid,kavinu.falbel@courrier.test,Kavinu Falbel,9127,EUR,,Domicile
WEB-031858,2025-09-29T15:37:00Z,paid,batari.falrand@exemple.org,Batari Falrand,19829,EUR,,Point relais
WEB-031818,2025-09-29T15:44:00Z,Paid,VERELIN.WENGREN91@MAIL.EXAMPLE,Verelin Wengren,17151,EUR,,Domicile
WEB-031842,2025-09-29T15:48:00Z,paid,bavenin.havver@exemple.org,Bavenin Havver,10692,EUR,,Point relais
WEB-031835,2025-09-29T16:05:00Z,paid,nasolel.lansac@mail.example,Nasolel Lansac,16615,EUR,FIDELITE,Point relais
WEB-031841,2025-09-29T16:09:00Z,paid,yunora.brenmar78@exemple.org,Yunora Brenmar,6038,EUR,FIDELITE,Point relais
WEB-031840,2025-09-29T16:17:00Z,paid,elsolel.sormont62@exemple.org,Elsolel Sormont,5655,EUR,,Point relais
WEB-031819,2025-09-29T16:33:00Z,paid,kaneli.dornet@exemple.org,Kaneli Dornet,7921,EUR,,Retrait magasin
WEB-031850,2025-09-29T16:54:00Z,paid,orrela.dorlais@mail.example,Orrela Dorlais,23846,eur,,Domicile
WEB-031832,2025-09-29T17:01:00Z,PAID,BAMARO.NEVVANE60@MAIL.EXAMPLE,Bamaro Nevvane,15616,eur,,Domicile
WEB-031821,2025-09-29T17:10:00Z,paid,fekenin.perdal@exemple.org,Fekenin Perdal,3080,EUR,,Point relais
WEB-031837,2025-09-29T17:54:00Z,PAID,senorin.dundal@mail.example,Senorin Dundal,57208,EUR,,Point relais
WEB-031828,2025-09-29T18:33:00Z,Paid,sodane.tarsen@mail.example,Sodane Tarsen,17387,EUR,,Point relais
WEB-031856,2025-09-29T20:08:00Z,PAID,VEMONIA.ROSNET@EXEMPLE.ORG,Vemonia Rosnet,9951,EUR,,Domicile
WEB-031830,2025-09-29T20:09:00Z,paid,tataria.monvoir@exemple.org,Tataria Monvoir,2045,EUR,FIDELITE,Domicile
WEB-031836,2025-09-29T20:36:00Z,PAID,dulonin.wendal@courrier.test,Dulonin Wendal,4286,EUR,FIDELITE,Point relais
WEB-031838,2025-09-29T20:37:00Z,paid,piteli.permont45@exemple.org,Piteli Permont,22414,eur,,Point relais
WEB-031834,2025-09-29T21:00:00Z,paid,katelu.kelbel@exemple.org,Katelu Kelbel,1123,eur,,Domicile
WEB-031845,2025-09-29T21:19:00Z,PAID,tatarea.pernet@courrier.test,Tatarea Pernet,18098,EUR,,Retrait magasin
WEB-031857,2025-09-29T21:26:00Z,paid,pisole.corvoir@mail.example,Pisole Corvoir,11496,EUR,,Domicile
WEB-031883,2025-09-30T10:45:00Z,cancelled,sotelu.torbert@courrier.test,Sotelu Torbert,9745,EUR,,Point relais
WEB-031873,2025-09-30T13:03:00Z,paid,rilonin.wendis@exemple.org,Rilonin Wendis,2256,EUR,,Domicile
WEB-031879,2025-09-30T13:49:00Z,Paid,magara.ostnet@exemple.org,Magara Ostnet,16327,€,,Point relais
WEB-031868,2025-09-30T13:51:00Z,PAID,fenora.ravdal@courrier.test,Fenora Ravdal,5223,EUR,,Domicile
WEB-031863,2025-09-30T14:51:00Z,paid,fenore.tarmar@courrier.test,Fenore Tarmar,4007,EUR,,Domicile
WEB-031871,2025-09-30T16:44:00Z,Paid,SODARU.HAVLIN@MAIL.EXAMPLE,Sodaru Havlin,10226,EUR,FIDELITE,Point relais
WEB-031867,2025-09-30T17:15:00Z,PAID,ELDARI.WENTIER@MAIL.EXAMPLE,Eldari Wentier,9240,€,,Retrait magasin
WEB-031862,2025-09-30T17:50:00Z,paid,rikenea.valmar@mail.example,Rikenea Valmar,7798,EUR,,Domicile
WEB-031860,2025-09-30T17:54:00Z,paid,jusenel.faltier@exemple.org,Jusenel Faltier,10805,EUR,,Domicile
WEB-031877,2025-09-30T17:57:00Z,paid,vemonin.dunrand@exemple.org,Vemonin Dunrand,5140,EUR,,Domicile
WEB-031875,2025-09-30T18:52:00Z,PAID,fetelin.wenmont@exemple.org,Fetelin Wenmont,3791,EUR,,Domicile
WEB-031866,2025-09-30T18:54:00Z,cancelled,julone.nevbert@mail.example,Julone Nevbert,7386,€,,Domicile
WEB-031859,2025-09-30T18:57:00Z,paid,mamare.tarkan@mail.example,Mamare Tarkan,8014,EUR,,Domicile
WEB-031876,2025-09-30T21:07:00Z,paid,yulisea.ravver@exemple.org,Yulisea Ravver,23527,€,,Domicile
WEB-031913,2025-10-01T10:44:00Z,paid, ritaria.tarnet@exemple.org,Ritaria Tarnet,4914,EUR,,Point relais
WEB-031887,2025-10-01T13:21:00Z,paid,SOMARE.PERDAL@EXEMPLE.ORG,Somare Perdal,6984,EUR,,Point relais
WEB-031896,2025-10-01T13:21:00Z,paid,pitelin.tarrand@courrier.test,Pitelin Tarrand,2045,EUR,FIDELITE,Point relais
WEB-031902,2025-10-01T13:26:00Z,Paid,yunorin.corvoir@courrier.test,Yunorin Corvoir,8509,EUR,,Point relais
WEB-031890,2025-10-01T13:35:00Z,PAID,dudana.rossen@exemple.org,Dudana Rossen,12134,EUR,,Domicile
WEB-031898,2025-10-01T15:47:00Z,paid,namonel.valdal@courrier.test,Namonel Valdal,8220,EUR,,Domicile
WEB-031884,2025-10-01T16:04:00Z,paid,kagaru.nevlais97@mail.example,Kagaru Nevlais,13566,EUR,,Point relais
WEB-031895,2025-10-01T16:04:00Z,paid,zonelia.nevsen31@exemple.org,Zonelia Nevsen,3308,eur,FIDELITE,Domicile
WEB-031914,2025-10-01T16:38:00Z,paid,manorel.persac@mail.example,Manorel Persac,13582,eur,FIDELITE,Point relais
WEB-031917,2025-10-01T16:46:00Z,paid,LODARO.TARSEN@COURRIER.TEST,Lodaro Tarsen,1422,EUR,,Domicile
WEB-031917,2025-10-01T16:46:00Z,paid,LODARO.TARSEN@COURRIER.TEST,Lodaro Tarsen,1422,EUR,,Domicile
WEB-031900,2025-10-01T17:09:00Z,PAID,tamoni.havlais@exemple.org,Tamoni Havlais,17038,EUR,,Domicile
WEB-031886,2025-10-01T17:35:00Z,paid,eldane.rosbel@courrier.test,Eldane Rosbel,6984,EUR,,Domicile
WEB-031906,2025-10-01T17:55:00Z,paid,ellisu.nevmont@exemple.org,Ellisu Nevmont,11187,EUR,,Domicile
WEB-031897,2025-10-01T18:36:00Z,PAID,fedaria.perver@exemple.org,Fedaria Perver,13247,EUR,,Point relais
WEB-031899,2025-10-01T19:10:00Z,paid,armarel.dorvane@exemple.org,Armarel Dorvane,4419,EUR,,Point relais
WEB-031889,2025-10-01T19:36:00Z,paid,sedani.torgren@courrier.test,Sedani Torgren,5233,EUR,,Domicile
WEB-031892,2025-10-01T21:18:00Z,PAID,FETELEA.HAVNER@COURRIER.TEST,Fetelea Havner,14802,EUR,,Point relais
WEB-031915,2025-10-01T21:32:00Z,paid,fevale.lankan@exemple.org,Fevale Lankan,16327,eur,,Point relais
WEB-031921,2025-10-02T11:14:00Z,paid,KALONEL.VALMONT@EXEMPLE.ORG,Kalonel Valmont,11506,€,,Domicile
WEB-031926,2025-10-02T12:26:00Z,paid,yudarel.torvoir@exemple.org,Yudarel Torvoir,35063,EUR,,Domicile
WEB-031925,2025-10-02T13:17:00Z,paid,bamonin.valkan@exemple.org,Bamonin Valkan,16121,EUR,,Domicile
WEB-031953,2025-10-02T14:56:00Z,paid,mikenin.tormar@courrier.test,Mikenin Tormar,25979,EUR,,Point relais
WEB-031928,2025-10-02T15:07:00Z,paid,arnelan.havvane@exemple.org,Arnelan Havvane,15224,EUR,,Point relais
WEB-031946,2025-10-02T15:11:00Z,paid,PILISEA.OSTDAL@EXEMPLE.ORG,Pilisea Ostdal,6376,EUR,,Domicile
WEB-031943,2025-10-02T15:19:00Z,paid,durelel.ostsac@exemple.org,Durelel Ostsac,15307,EUR,,Domicile
WEB-031929,2025-10-02T15:21:00Z,paid,navalia.dorkan@exemple.org,Navalia Dorkan,1654,EUR,FIDELITE,Domicile
WEB-031947,2025-10-02T15:26:00Z,paid,ormono.corsac@courrier.test,Ormono Corsac,3173,EUR,,Domicile
WEB-031945,2025-10-02T15:28:00Z,PAID,ornelel.corver@courrier.test,Ornelel Corver,2864,EUR,,Domicile
WEB-031961,2025-10-02T15:40:00Z,paid,arnorea.brenlais49@courrier.test,Arnorea Brenlais,2874,EUR,,Domicile
WEB-031934,2025-10-02T15:44:00Z,paid,ZONORO.BRENVOIR@COURRIER.TEST,Zonoro Brenvoir,15523,EUR,,Domicile
WEB-031950,2025-10-02T16:04:00Z,PAID,jutelea.ravrand31@courrier.test,Jutelea Ravrand,4419,EUR,,Point relais
WEB-031951,2025-10-02T16:20:00Z,paid,pimari.wenver91@mail.example,Pimari Wenver,12835,EUR,,Point relais
WEB-031960,2025-10-02T16:31:00Z,Paid,bakenan.mondis@exemple.org,Bakenan Mondis,10805,EUR,,Point relais
WEB-031920,2025-10-02T18:01:00Z,Paid,marelan.wennet@exemple.org,Marelan Wennet,814,EUR,,Point relais
WEB-031939,2025-10-02T20:17:00Z,cancelled,dugari.monner@exemple.org,Dugari Monner,2462,EUR,,Point relais
WEB-031940,2025-10-02T21:04:00Z,PAID,dudanu.rosmar@exemple.org,Dudanu Rosmar,6881,EUR,,Domicile
WEB-031981,2025-10-03T10:50:00Z,Paid,lonelan.kelbert@exemple.org,Lonelan Kelbert,4306,€,,Point relais
WEB-031997,2025-10-03T12:30:00Z,paid,LOVENE.DUNMER@EXEMPLE.ORG,Lovene Dunmer,2452,€,,Point relais
WEB-031990,2025-10-03T13:05:00Z,paid,mamonia.ravner@exemple.org,Mamonia Ravner,10157,EUR,,Domicile
WEB-031978,2025-10-03T13:28:00Z,PAID,vebora.monnet47@exemple.org,Vebora Monnet,40914,EUR,,Domicile
WEB-031991,2025-10-03T13:36:00Z,paid,juvini.ravmont@courrier.test,Juvini Ravmont,6768,EUR,,Point relais
WEB-031995,2025-10-03T13:49:00Z,paid,fetaran.corsen@courrier.test,Fetaran Corsen,39605,EUR,,Point relais
WEB-031982,2025-10-03T13:59:00Z,paid,sevalia.nevrand@exemple.org,Sevalia Nevrand,16347,eur,,Domicile
WEB-031969,2025-10-03T14:01:00Z,cancelled,ormaru.havmont@exemple.org,Ormaru Havmont,26550,eur,FIDELITE,Point relais
WEB-031993,2025-10-03T14:16:00Z,paid,pigaria.cormar@exemple.org,Pigaria Cormar,12330,EUR,,Point relais
WEB-031984,2025-10-03T14:25:00Z,PAID,manelo.perrand@courrier.test,Manelo Perrand,7124,EUR,FIDELITE,Domicile
WEB-031971,2025-10-03T14:41:00Z,paid,ortelel.galvoir78@exemple.org,Ortelel Galvoir,2050,EUR,,Domicile
WEB-T0053,2025-10-03T14:41:00Z,paid,test@example.com,Test Test,"1,00",EUR,,Domicile
WEB-031986,2025-10-03T15:38:00Z,paid, tadarin.monlin@exemple.org,Tadarin Monlin,12227,EUR,,Domicile
WEB-031994,2025-10-03T16:09:00Z,paid,tavala.mongren54@exemple.org,Tavala Mongren,2045,EUR,FIDELITE,Domicile
WEB-031965,2025-10-03T16:38:00Z,Paid,bavinan.valvoir@courrier.test,Bavinan Valvoir,2977,EUR,,Point relais
WEB-031996,2025-10-03T17:11:00Z,paid,kadara.osttier@mail.example,Kadara Osttier,3183,EUR,,Point relais
WEB-031998,2025-10-03T17:14:00Z,paid,MARISEA.VALMONT@COURRIER.TEST,Marisea Valmont,20540,EUR,,Domicile
WEB-031977,2025-10-03T17:20:00Z,paid,zonorel.roskan@courrier.test,Zonorel Roskan,23743,EUR,,Domicile
WEB-031966,2025-10-03T17:57:00Z,Paid,zosenan.rostier@mail.example,Zosenan Rostier,1226,EUR,,Domicile
WEB-032000,2025-10-03T18:04:00Z,paid,arrisa.falsen@courrier.test,Arrisa Falsen,14812,EUR,,Domicile
WEB-032003,2025-10-03T18:37:00Z,PAID, babora.monmer@courrier.test,Babora Monmer,5748,eur,,Point relais
WEB-031987,2025-10-03T18:38:00Z,paid,YUGARIN.NEVVANE@COURRIER.TEST,Yugarin Nevvane,31498,EUR,,Point relais
WEB-031989,2025-10-03T18:52:00Z,paid,yulise.kelgren@exemple.org,Yulise Kelgren,9632,EUR,,Domicile
WEB-031975,2025-10-03T19:11:00Z,paid,bamaro.nevvane60@mail.example,Bamaro Nevvane,17583,EUR,,Domicile
WEB-031975,2025-10-03T19:11:00Z,paid,bamaro.nevvane60@mail.example,Bamaro Nevvane,17583,EUR,,Domicile
WEB-031964,2025-10-03T20:41:00Z,paid,kakenia.galdis@exemple.org,Kakenia Galdis,3266,€,,Domicile
WEB-031968,2025-10-03T21:15:00Z,PAID,katele.havlais@courrier.test,Katele Havlais,6469,EUR,,Point relais
WEB-031983,2025-10-03T21:53:00Z,cancelled,lokenin.corbel@courrier.test,Lokenin Corbel,6572,EUR,,Point relais
WEB-032044,2025-10-04T09:50:00Z,paid,somone.lanmont@courrier.test,Somone Lanmont,9561,EUR,FIDELITE,Domicile
WEB-032004,2025-10-04T13:10:00Z,paid,dusolel.wenner59@exemple.org,Dusolel Wenner,12742,EUR,,Domicile
WEB-032045,2025-10-04T13:58:00Z,PAID,jukenia.valrand@courrier.test,Jukenia Valrand,18819,EUR,,Point relais
WEB-032033,2025-10-04T14:15:00Z,Paid,tavenan.nevver@exemple.org,Tavenan Nevver,2864,EUR,,Domicile
WEB-032009,2025-10-04T15:17:00Z,paid,yunora.galsac@courrier.test,Yunora Galsac,5306,EUR,,Domicile
WEB-032005,2025-10-04T15:21:00Z,paid,fevinia.valgren@mail.example,Fevinia Valgren,34156,€,,Domicile
WEB-032013,2025-10-04T15:42:00Z,paid,barisu.torrand43@exemple.org,Barisu Torrand,24660,EUR,,Domicile
WEB-032014,2025-10-04T15:57:00Z,PAID,YURELI.VALBERT@EXEMPLE.ORG,Yureli Valbert,29481,EUR,,Point relais
WEB-032018,2025-10-04T16:54:00Z,paid,juboria.nevlais@exemple.org,Juboria Nevlais,13257,EUR,,Domicile
WEB-032018,2025-10-04T16:54:00Z,paid,juboria.nevlais@exemple.org,Juboria Nevlais,13257,EUR,,Domicile
WEB-032027,2025-10-04T17:04:00Z,PAID,yugaran.falgren@mail.example,Yugaran Falgren,8941,EUR,,Retrait magasin
WEB-032010,2025-10-04T17:12:00Z,paid,migari.tarvane@exemple.org,Migari Tarvane,20653,EUR,,Domicile
WEB-032020,2025-10-04T17:48:00Z,PAID,tatarin.kelbert@exemple.org,Tatarin Kelbert,15523,EUR,,Point relais
WEB-032046,2025-10-04T17:54:00Z,paid,basolan.rosnet@exemple.org,Basolan Rosnet,28584,EUR,,Point relais
WEB-T0008,2025-10-04T17:54:00Z,paid,test@example.com,Test Test,"1,00",EUR,,Point relais
WEB-032040,2025-10-04T18:07:00Z,paid,matele.torbert@exemple.org,Matele Torbert,9446,€,,Domicile
WEB-032040,2025-10-04T18:07:00Z,paid,matele.torbert@exemple.org,Matele Torbert,9446,€,,Domicile
WEB-032028,2025-10-04T18:11:00Z,PAID,sotaro.monbel@courrier.test,Sotaro Monbel,11280,EUR,,Retrait magasin
WEB-032021,2025-10-04T18:26:00Z,paid,TANELI.KELKAN@EXEMPLE.ORG,Taneli Kelkan,4306,EUR,,Point relais
WEB-032008,2025-10-04T18:57:00Z,Paid,dunoro.galrand@mail.example,Dunoro Galrand,9858,EUR,,Domicile
WEB-032050,2025-10-04T19:09:00Z,paid,yunelu.tornet@mail.example,Yunelu Tornet,3276,EUR,,Domicile
WEB-032032,2025-10-04T21:15:00Z,paid,setaria.dorvoir@exemple.org,Setaria Dorvoir,32910,€,,Retrait magasin
WEB-032026,2025-10-04T21:36:00Z,paid,sovalo.ravdis@mail.example,Sovalo Ravdis,13247,EUR,,Domicile
WEB-032056,2025-10-05T08:25:00Z,paid,seboran.wenvane43@courrier.test,Seboran Wenvane,6685,EUR,,Retrait magasin
WEB-032063,2025-10-05T10:55:00Z,cancelled,sogara.tarlais@exemple.org,Sogara Tarlais,15101,EUR,,Domicile
WEB-032059,2025-10-05T11:57:00Z,paid,duloni.lansac@mail.example,Duloni Lansac,8117,EUR,,Domicile
WEB-032064,2025-10-05T12:37:00Z,PAID,dugaria.nevsac@courrier.test,Dugaria Nevsac,299,€,,Point relais
WEB-032062,2025-10-05T16:08:00Z,paid,orboro.wensen@courrier.test,Orboro Wensen,2864,eur,,Domicile
WEB-032067,2025-10-05T17:33:00Z,PAID,pisolu.perner@courrier.test,Pisolu Perner,5223,EUR,,Domicile
WEB-032052,2025-10-05T21:58:00Z,paid,rimaru.falmer@exemple.org,Rimaru Falmer,3585,EUR,,Domicile
WEB-032052,2025-10-05T21:58:00Z,paid,rimaru.falmer@exemple.org,Rimaru Falmer,3585,EUR,,Domicile
WEB-032076,2025-10-06T12:51:00Z,PAID,ZOVINU.MONRAND@MAIL.EXAMPLE,Zovinu Monrand,14473,EUR,,Domicile
WEB-032094,2025-10-06T14:31:00Z,paid,feboro.nevsen@courrier.test,Feboro Nevsen,6881,EUR,,Domicile
WEB-032078,2025-10-06T14:33:00Z,PAID,ortara.falsac@exemple.org,Ortara Falsac,7516,EUR,FIDELITE,Retrait magasin
WEB-032093,2025-10-06T14:33:00Z,PAID,lorelea.permont94@exemple.org,Lorelea Permont,5110,EUR,,Point relais
WEB-032099,2025-10-06T15:07:00Z,Paid,zomona.ostmont66@courrier.test,Zomona Ostmont,6685,EUR,,Point relais
WEB-032096,2025-10-06T15:23:00Z,PAID,lonelu.valmont@exemple.org,Lonelu Valmont,12770,EUR,FIDELITE,Point relais
WEB-032083,2025-10-06T15:37:00Z,PAID,ferelan.wendal@exemple.org,Ferelan Wendal,7386,EUR,,Point relais
WEB-032086,2025-10-06T16:00:00Z,PAID,arrelu.ravmer@courrier.test,Arrelu Ravmer,3791,€,,Domicile
WEB-032088,2025-10-06T16:32:00Z,Paid,rikenel.valdis@exemple.org,Rikenel Valdis,4785,EUR,FIDELITE,Point relais
WEB-032077,2025-10-06T17:02:00Z,paid,zolonin.landis@exemple.org,Zolonin Landis,10888,EUR,,Domicile
WEB-032073,2025-10-06T18:41:00Z,Paid,pivinel.dunner@courrier.test,Pivinel Dunner,6263,EUR,,Domicile
WEB-032100,2025-10-06T19:44:00Z,paid,yuborel.monvane@exemple.org,Yuborel Monvane,2462,EUR,,Retrait magasin
WEB-032087,2025-10-06T21:21:00Z,paid,jurelin.sorvoir@courrier.test,Jurelin Sorvoir,10888,EUR,,Domicile
WEB-032090,2025-10-06T21:55:00Z,paid,ornoran.tarlais@exemple.org,Ornoran Tarlais,9559,EUR,,Domicile
WEB-032109,2025-10-07T11:51:00Z,paid,somone.lanmont@courrier.test,Somone Lanmont,25185,EUR,,Domicile
WEB-032132,2025-10-07T12:38:00Z,paid, sosolea.ravvane@exemple.org,Sosolea Ravvane,2977,EUR,,Domicile
WEB-032135,2025-10-07T14:10:00Z,cancelled,jukenu.brengren@exemple.org,Jukenu Brengren,13649,EUR,,Retrait magasin
WEB-032118,2025-10-07T14:41:00Z,PAID,natele.roslais@courrier.test,Natele Roslais,13855,eur,,Point relais
WEB-032105,2025-10-07T14:48:00Z,PAID,elkena.roslais@mail.example,Elkena Roslais,1329,EUR,,Domicile
WEB-032115,2025-10-07T15:06:00Z,paid,yunora.brenmar78@exemple.org,Yunora Brenmar,11310,EUR,,Domicile
WEB-032108,2025-10-07T15:31:00Z,paid,zoteli.wenvoir@exemple.org,Zoteli Wenvoir,6881,EUR,,Domicile
WEB-032111,2025-10-07T15:38:00Z,paid,lolisia.rosdal@courrier.test,Lolisia Rosdal,4007,EUR,,Domicile
WEB-032121,2025-10-07T15:42:00Z,paid,argaran.galnet@courrier.test,Argaran Galnet,6048,eur,FIDELITE,Domicile
WEB-032119,2025-10-07T15:48:00Z,Paid,natelia.galbert@mail.example,Natelia Galbert,2329,EUR,FIDELITE,Domicile
WEB-032122,2025-10-07T17:26:00Z,PAID,yudana.dorsac@courrier.test,Yudana Dorsac,5243,EUR,,Point relais
WEB-032136,2025-10-07T17:29:00Z,PAID,kanora.wenner@mail.example,Kanora Wenner,2452,EUR,,Domicile
WEB-032113,2025-10-07T18:47:00Z,Paid,somonia.rosdis15@exemple.org,Somonia Rosdis,22929,eur,,Domicile
WEB-032110,2025-10-07T18:50:00Z,cancelled,yuvini.dorrand@courrier.test,Yuvini Dorrand,7602,EUR,,Point relais
WEB-032110,2025-10-07T18:50:00Z,cancelled,yuvini.dorrand@courrier.test,Yuvini Dorrand,7602,EUR,,Point relais
WEB-032151,2025-10-08T08:55:00Z,PAID,mamari.ravner@courrier.test,Mamari Ravner,711,EUR,,Domicile
WEB-031938,2025-10-08T09:47:00Z,PAID,bagaran.pertier@mail.example,Bagaran Pertier,14517,EUR,BIENVENUE,Domicile
WEB-032153,2025-10-08T10:32:00Z,paid,dutara.valvane51@courrier.test,Dutara Valvane,3173,EUR,,Domicile
WEB-032165,2025-10-08T11:47:00Z,Paid,lodane.torvoir@mail.example,Lodane Torvoir,12938,€,,Retrait magasin
WEB-032169,2025-10-08T12:05:00Z,paid,tamare.valvoir@exemple.org,Tamare Valvoir,3492,EUR,,Domicile
WEB-032148,2025-10-08T13:44:00Z,PAID,vedara.tarsac86@courrier.test,Vedara Tarsac,7861,EUR,BIENVENUE,Domicile
WEB-032137,2025-10-08T14:37:00Z,PAID,armare.havmont45@exemple.org,Armare Havmont,23642,EUR,FIDELITE,Domicile
WEB-032162,2025-10-08T15:01:00Z,paid,durise.ravmar@courrier.test,Durise Ravmar,16646,EUR,,Point relais
WEB-032173,2025-10-08T15:16:00Z,PAID,vevinia.wenmont@exemple.org,Vevinia Wenmont,14081,EUR,,Domicile
WEB-032143,2025-10-08T15:21:00Z,paid,ellisu.nevmont@exemple.org,Ellisu Nevmont,7190,EUR,,Point relais
WEB-032142,2025-10-08T17:11:00Z,paid,arsenin.ostdal@exemple.org,Arsenin Ostdal,1947,eur,,Domicile
WEB-032150,2025-10-08T17:26:00Z,Paid,balisia.nevtier@courrier.test,Balisia Nevtier,3894,EUR,,Point relais
WEB-032138,2025-10-08T17:49:00Z,paid,talisin.ravrand89@courrier.test,Talisin Ravrand,1638,EUR,,Domicile
WEB-032170,2025-10-08T18:27:00Z,PAID,vevala.brengren25@exemple.org,Vevala Brengren,14772,€,,Domicile
WEB-032147,2025-10-08T20:23:00Z,Paid,vebore.dorrand@exemple.org,Vebore Dorrand,10373,€,,Domicile
WEB-032145,2025-10-08T20:46:00Z,Paid,juvalan.ostdis@courrier.test,Juvalan Ostdis,2462,EUR,,Domicile
WEB-032146,2025-10-08T20:54:00Z,paid,somara.lanlais@mail.example,Somara Lanlais,2349,EUR,,Retrait magasin
WEB-032140,2025-10-08T21:22:00Z,Paid,orlise.monnet29@mail.example,Orlise Monnet,18480,EUR,,Domicile
WEB-032157,2025-10-08T21:32:00Z,paid,selonin.dorver@exemple.org,Selonin Dorver,16553,EUR,,Domicile
WEB-032180,2025-10-09T11:23:00Z,PAID,tavenia.dormont@exemple.org,Tavenia Dormont,1422,EUR,,Domicile
WEB-032184,2025-10-09T11:25:00Z,paid,zotaria.dorner@courrier.test,Zotaria Dorner,12526,EUR,,Domicile
WEB-032175,2025-10-09T12:29:00Z,paid,fesoli.nevdis@exemple.org,Fesoli Nevdis,814,€,,Domicile
WEB-032213,2025-10-09T12:38:00Z,paid,ZOTELA.SORMAR@COURRIER.TEST,Zotela Sormar,6974,EUR,,Domicile
WEB-032190,2025-10-09T13:20:00Z,PAID,zodanel.dunmont@courrier.test,Zodanel Dunmont,1654,EUR,FIDELITE,Domicile
WEB-032181,2025-10-09T13:33:00Z,PAID,bamonin.kelsac@exemple.org,Bamonin Kelsac,1525,eur,,Point relais
WEB-032177,2025-10-09T14:16:00Z,paid,MAMARO.KELVOIR@MAIL.EXAMPLE,Mamaro Kelvoir,9323,EUR,,Point relais
WEB-032176,2025-10-09T14:55:00Z,paid,mavalea.torner@courrier.test,Mavalea Torner,18274,EUR,,Domicile
WEB-032206,2025-10-09T15:17:00Z,paid,yumari.wenner33@exemple.org,Yumari Wenner,8220,EUR,,Domicile
WEB-032197,2025-10-09T16:14:00Z,PAID,basolan.falvoir@exemple.org,Basolan Falvoir,6469,EUR,,Retrait magasin
WEB-032195,2025-10-09T16:18:00Z,Paid,masenu.ostvoir@mail.example,Masenu Ostvoir,13350,EUR,,Point relais
WEB-032187,2025-10-09T16:46:00Z,paid,orrelin.sorgren@courrier.test,Orrelin Sorgren,7180,€,,Domicile
WEB-032192,2025-10-09T17:02:00Z,paid,natarea.tarsen@exemple.org,Natarea Tarsen,24876,€,,Domicile
WEB-032192,2025-10-09T17:02:00Z,paid,natarea.tarsen@exemple.org,Natarea Tarsen,24876,€,,Domicile
WEB-032204,2025-10-09T17:32:00Z,paid,vereli.corvane@courrier.test,Vereli Corvane,6366,EUR,,Point relais
WEB-032183,2025-10-09T17:41:00Z,paid,zodanu.valmont@mail.example,Zodanu Valmont,6160,EUR,,Point relais
WEB-032211,2025-10-09T17:43:00Z,paid,ritaru.havtier21@mail.example,Ritaru Havtier,16460,EUR,,Domicile
WEB-032185,2025-10-09T18:47:00Z,PAID,orrelo.falver@exemple.org,Orrelo Falver,4110,EUR,,Point relais
WEB-032210,2025-10-09T20:07:00Z,paid,JUDARI.RAVNET@EXEMPLE.ORG,Judari Ravnet,17583,EUR,,Domicile
WEB-032188,2025-10-09T21:46:00Z,paid,felise.havmar@exemple.org,Felise Havmar,2730,EUR,FIDELITE,Domicile
WEB-032179,2025-10-09T21:51:00Z,paid,yukenea.dunmar@courrier.test,Yukenea Dunmar,6150,EUR,,Domicile
WEB-032234,2025-10-10T09:18:00Z,Paid,judanu.nevvane@mail.example,Judanu Nevvane,24062,eur,,Domicile
WEB-032250,2025-10-10T11:20:00Z,PAID,tavalo.wenbert@exemple.org,Tavalo Wenbert,12217,EUR,,Domicile
WEB-032221,2025-10-10T12:19:00Z,paid,fetara.kelmar@exemple.org,Fetara Kelmar,9034,eur,,Domicile
WEB-032230,2025-10-10T13:11:00Z,paid,tavinin.cordis@mail.example,Tavinin Cordis,3595,EUR,,Domicile
WEB-032248,2025-10-10T13:13:00Z,paid,arlonan.tarmer@exemple.org,Arlonan Tarmer,814,EUR,,Domicile
WEB-032232,2025-10-10T13:21:00Z,paid,navenea.valkan@courrier.test,Navenea Valkan,11712,EUR,,Domicile
WEB-032226,2025-10-10T14:09:00Z,paid,VEVINO.PERMONT85@MAIL.EXAMPLE,Vevino Permont,2050,EUR,,Point relais
WEB-032238,2025-10-10T14:12:00Z,cancelled,ridara.valvane@exemple.org,Ridara Valvane,2874,eur,,Point relais
WEB-032247,2025-10-10T14:35:00Z,paid,jurisel.dunvane@exemple.org,Jurisel Dunvane,34455,EUR,,Domicile
WEB-032231,2025-10-10T14:52:00Z,paid,arsenin.ostdal@exemple.org,Arsenin Ostdal,7489,EUR,,Point relais
WEB-032241,2025-10-10T16:15:00Z,PAID,duvinel.nevvoir@exemple.org,Duvinel Nevvoir,2050,EUR,,Domicile
WEB-032214,2025-10-10T16:45:00Z,PAID,ORRISU.DUNDAL@EXEMPLE.ORG,Orrisu Dundal,2256,EUR,,Point relais
WEB-032240,2025-10-10T17:13:00Z,Paid,nakenu.galkan@exemple.org,Nakenu Galkan,2040,EUR,,Domicile
WEB-032217,2025-10-10T17:16:00Z,paid,tatarea.dorrand@mail.example,Tatarea Dorrand,17882,EUR,,Domicile
WEB-032244,2025-10-10T17:18:00Z,cancelled,LOSOLU.VALMER@COURRIER.TEST,Losolu Valmer,5243,EUR,,Point relais
WEB-032244,2025-10-10T17:18:00Z,cancelled,LOSOLU.VALMER@COURRIER.TEST,Losolu Valmer,5243,EUR,,Point relais
WEB-032245,2025-10-10T18:10:00Z,paid,somari.ravrand@courrier.test,Somari Ravrand,5954,EUR,,Domicile
WEB-032249,2025-10-10T18:22:00Z,paid,pisola.sorver@exemple.org,Pisola Sorver,19746,EUR,,Domicile
WEB-032233,2025-10-10T18:59:00Z,paid, ormarel.falrand@mail.example,Ormarel Falrand,2153,EUR,,Point relais
WEB-032246,2025-10-10T20:03:00Z,cancelled,tanelea.havkan@exemple.org,Tanelea Havkan,8838,€,,Domicile
WEB-032300,2025-10-11T08:50:00Z,PAID,pinelo.tormar@mail.example,Pinelo Tormar,10805,EUR,,Domicile
WEB-032289,2025-10-11T09:08:00Z,Paid,yuvene.fallin5@mail.example,Yuvene Fallin,17573,eur,,Domicile
WEB-032298,2025-10-11T10:09:00Z,Paid,sevalo.sorsen@courrier.test,Sevalo Sorsen,20055,€,,Domicile
WEB-032298,2025-10-11T10:09:00Z,Paid,sevalo.sorsen@courrier.test,Sevalo Sorsen,20055,€,,Domicile
WEB-032268,2025-10-11T10:21:00Z,PAID,orseno.brensen@exemple.org,Orseno Brensen,21796,EUR,,Point relais
WEB-032290,2025-10-11T10:51:00Z,paid,elvalin.cordis@exemple.org,Elvalin Cordis,10559,EUR,,Point relais
WEB-032297,2025-10-11T11:41:00Z,paid,lomone.sormar@courrier.test,Lomone Sormar,6562,EUR,,Domicile
WEB-032276,2025-10-11T11:56:00Z,paid,ridari.monrand@courrier.test,Ridari Monrand,44240,€,,Point relais
WEB-032272,2025-10-11T12:20:00Z,paid,dunele.ostvoir@exemple.org,Dunele Ostvoir,10353,eur,,Point relais
WEB-032259,2025-10-11T12:23:00Z,paid,orvenea.rosmer@courrier.test,Orvenea Rosmer,3688,EUR,,Domicile
WEB-032273,2025-10-11T13:16:00Z,PAID,sosola.valkan@exemple.org,Sosola Valkan,3575,EUR,,Domicile
WEB-032303,2025-10-11T14:35:00Z,PAID,RIKENU.BRENMAR@EXEMPLE.ORG,Rikenu Brenmar,17347,EUR,,Point relais
WEB-032288,2025-10-11T14:39:00Z,PAID,dudanu.rosmar@exemple.org,Dudanu Rosmar,10672,EUR,,Point relais
WEB-032257,2025-10-11T14:54:00Z,paid,dusolo.falbert@exemple.org,Dusolo Falbert,10682,EUR,,Point relais
WEB-032308,2025-10-11T15:22:00Z,paid,artare.rosmont@mail.example,Artare Rosmont,9848,eur,,Point relais
WEB-032280,2025-10-11T15:34:00Z,paid,orsenea.perbert15@exemple.org,Orsenea Perbert,675,EUR,FIDELITE,Point relais
WEB-032266,2025-10-11T15:44:00Z,paid,orbori.gallais3@mail.example,Orbori Gallais,8426,EUR,,Domicile
WEB-032275,2025-10-11T16:25:00Z,paid,jukene.torlais@courrier.test,Jukene Torlais,8117,EUR,,Point relais
WEB-032264,2025-10-11T16:38:00Z,paid,RIBOREA.WENMAR@COURRIER.TEST,Riborea Wenmar,3492,EUR,,Domicile
WEB-032261,2025-10-11T16:47:00Z,PAID,semonin.sorlais@exemple.org,Semonin Sorlais,14905,EUR,,Point relais
WEB-032305,2025-10-11T16:55:00Z,Paid,somonia.rosdis15@exemple.org,Somonia Rosdis,19962,EUR,,Domicile
WEB-032270,2025-10-11T17:02:00Z,Paid,orvalel.rosgren@courrier.test,Orvalel Rosgren,3801,EUR,,Point relais
WEB-032294,2025-10-11T18:23:00Z,PAID,mivenel.ravvane63@exemple.org,Mivenel Ravvane,4090,€,,Point relais
WEB-032295,2025-10-11T18:28:00Z,PAID,RIVALIA.MONVOIR@EXEMPLE.ORG,Rivalia Monvoir,29006,EUR,,Point relais
WEB-032299,2025-10-11T18:41:00Z,Paid,eldare.valmer@courrier.test,Eldare Valmer,11290,€,,Retrait magasin
WEB-032255,2025-10-11T18:46:00Z,paid,YUDARA.SORRAND@EXEMPLE.ORG,Yudara Sorrand,4625,EUR,,Domicile
WEB-032258,2025-10-11T19:23:00Z,paid,fesenan.valbert@exemple.org,Fesenan Valbert,4419,EUR,,Point relais
WEB-T0034,2025-10-11T19:23:00Z,paid,test@example.com,Test Test,"1,00",EUR,,Point relais
WEB-032286,2025-10-11T19:27:00Z,paid,sesolia.brenbert@exemple.org,Sesolia Brenbert,14194,EUR,,Domicile
WEB-032291,2025-10-11T19:54:00Z,PAID,venora.ravbert@mail.example,Venora Ravbert,4007,EUR,,Point relais
WEB-032283,2025-10-11T21:09:00Z,paid,velonan.tordis@exemple.org,Velonan Tordis,9137,EUR,,Point relais
WEB-032309,2025-10-11T21:31:00Z,Paid,FELONU.BRENVOIR@COURRIER.TEST,Felonu Brenvoir,3308,EUR,FIDELITE,Domicile
WEB-032331,2025-10-12T13:44:00Z,paid,jumarin.mongren@mail.example,Jumarin Mongren,2143,EUR,FIDELITE,Domicile
WEB-032314,2025-10-12T13:53:00Z,paid,mineli.monvoir@courrier.test,Mineli Monvoir,18048,EUR,,Domicile
WEB-032317,2025-10-12T14:43:00Z,paid,yumonea.ostsac@courrier.test,Yumonea Ostsac,8220,EUR,,Point relais
WEB-032311,2025-10-12T16:45:00Z,paid,julisi.havlin21@exemple.org,Julisi Havlin,16543,EUR,,Point relais
WEB-032324,2025-10-12T17:21:00Z,Paid, malonea.perkan@exemple.org,Malonea Perkan,23145,EUR,,Domicile
WEB-032326,2025-10-12T18:12:00Z,Paid,orsenia.nevsen@exemple.org,Orsenia Nevsen,2256,EUR,,Domicile
WEB-032326,2025-10-12T18:12:00Z,Paid,orsenia.nevsen@exemple.org,Orsenia Nevsen,2256,EUR,,Domicile
WEB-032310,2025-10-12T18:14:00Z,paid,zosenea.lansac@courrier.test,Zosenea Lansac,2462,EUR,,Domicile
WEB-032322,2025-10-12T18:22:00Z,paid,sesenin.falver@mail.example,Sesenin Falver,6562,EUR,,Point relais
WEB-032319,2025-10-12T19:31:00Z,PAID,misole.cormont@mail.example,Misole Cormont,2256,EUR,,Domicile
WEB-032316,2025-10-12T20:06:00Z,paid,mamara.perkan@mail.example,Mamara Perkan,26823,EUR,,Domicile
WEB-032320,2025-10-12T21:41:00Z,paid,yuvene.lanvane@mail.example,Yuvene Lanvane,10991,EUR,,Point relais
WEB-032335,2025-10-13T10:26:00Z,paid,milisi.dungren@courrier.test,Milisi Dungren,7798,EUR,,Domicile
WEB-032364,2025-10-13T10:52:00Z,paid,tanelia.dorlais@exemple.org,Tanelia Dorlais,14895,EUR,,Point relais
WEB-032359,2025-10-13T11:15:00Z,paid,vetaru.ravnet@mail.example,Vetaru Ravnet,9868,eur,,Domicile
WEB-032353,2025-10-13T11:18:00Z,PAID,sokenia.tarmont@courrier.test,Sokenia Tarmont,6253,EUR,,Domicile
WEB-032357,2025-10-13T13:11:00Z,Paid,VEGARA.WENSAC@COURRIER.TEST,Vegara Wensac,16812,eur,,Point relais
WEB-032343,2025-10-13T13:17:00Z,paid,ardarea.kelmar@mail.example,Ardarea Kelmar,8519,EUR,,Domicile
WEB-032339,2025-10-13T13:30:00Z,PAID,elriso.keldal48@exemple.org,Elriso Keldal,1020,EUR,,Point relais
WEB-032340,2025-10-13T13:46:00Z,paid,juborin.tornet@courrier.test,Juborin Tornet,18623,EUR,,Domicile
WEB-032358,2025-10-13T14:15:00Z,paid,namonel.rosdis11@exemple.org,Namonel Rosdis,2153,EUR,,Point relais
WEB-032356,2025-10-13T14:34:00Z,PAID,orvenea.rosmer@courrier.test,Orvenea Rosmer,2462,eur,,Domicile
WEB-032361,2025-10-13T14:34:00Z,paid,naborin.falvane@courrier.test,Naborin Falvane,4296,EUR,FIDELITE,Point relais
WEB-032336,2025-10-13T15:50:00Z,paid,narele.brendis@mail.example,Narele Brendis,8313,EUR,,Domicile
WEB-032337,2025-10-13T16:39:00Z,paid,arvalo.ravtier@courrier.test,Arvalo Ravtier,7612,eur,,Point relais
WEB-032348,2025-10-13T17:11:00Z,paid,kaboran.dorkan@exemple.org,Kaboran Dorkan,2153,EUR,,Domicile
WEB-032366,2025-10-13T17:40:00Z,Paid,veboro.kelgren56@exemple.org,Veboro Kelgren,15802,EUR,,Retrait magasin
WEB-032355,2025-10-13T17:52:00Z,paid,arsenel.galmar51@mail.example,Arsenel Galmar,8210,EUR,,Retrait magasin
WEB-032363,2025-10-13T18:46:00Z,paid,zogaria.keldis@mail.example,Zogaria Keldis,2050,EUR,,Domicile
WEB-032347,2025-10-13T19:23:00Z,paid,sorisia.wendal@exemple.org,Sorisia Wendal,2452,EUR,,Point relais
WEB-032349,2025-10-13T20:26:00Z,paid,pidara.rossen@courrier.test,Pidara Rossen,11177,EUR,,Domicile
WEB-032389,2025-10-14T08:53:00Z,paid,fetaro.pervane94@courrier.test,Fetaro Pervane,3492,EUR,,Domicile
WEB-032409,2025-10-14T10:29:00Z,paid,elvenea.ravlin@exemple.org,Elvenea Ravlin,22291,eur,,Point relais
WEB-032386,2025-10-14T11:35:00Z,Paid,jubore.dunmar@exemple.org,Jubore Dunmar,20015,€,,Retrait magasin
WEB-032371,2025-10-14T12:42:00Z,PAID,maseni.dorvoir@courrier.test,Maseni Dorvoir,22208,EUR,,Domicile
WEB-032399,2025-10-14T12:45:00Z,PAID,ardane.wenmer34@exemple.org,Ardane Wenmer,8632,EUR,,Domicile
WEB-032372,2025-10-14T13:02:00Z,paid,zokenea.langren@courrier.test,Zokenea Langren,15204,EUR,,Domicile
WEB-032384,2025-10-14T13:25:00Z,paid,sosoli.dunbert@courrier.test,Sosoli Dunbert,37216,€,,Domicile
WEB-032376,2025-10-14T13:26:00Z,PAID,pisenia.duntier@exemple.org,Pisenia Duntier,5542,EUR,,Domicile
WEB-032382,2025-10-14T14:07:00Z,paid,ormarel.perdal29@courrier.test,Ormarel Perdal,5243,€,,Retrait magasin
WEB-032374,2025-10-14T14:10:00Z,paid, ririse.rosvane@exemple.org,Ririse Rosvane,4522,EUR,,Point relais
WEB-032390,2025-10-14T14:35:00Z,paid,kakenia.galdis@exemple.org,Kakenia Galdis,14144,EUR,,Domicile
WEB-032383,2025-10-14T15:47:00Z,PAID,ferelan.wendal@exemple.org,Ferelan Wendal,3112,EUR,FIDELITE,Retrait magasin
WEB-032410,2025-10-14T16:40:00Z,Paid,zoborel.dorkan@courrier.test,Zoborel Dorkan,7067,EUR,,Domicile
WEB-032378,2025-10-14T16:48:00Z,Paid,vevenia.wensen@mail.example,Vevenia Wensen,12310,EUR,FIDELITE,Domicile
WEB-032403,2025-10-14T16:52:00Z,Paid,minelin.sordis@exemple.org,Minelin Sordis,17470,EUR,,Domicile
WEB-032381,2025-10-14T17:50:00Z,paid,ritele.dorrand@exemple.org,Ritele Dorrand,8097,EUR,,Domicile
WEB-032377,2025-10-14T18:24:00Z,paid,feborea.corsen@exemple.org,Feborea Corsen,3585,eur,,Point relais
WEB-032398,2025-10-14T19:37:00Z,paid,narelel.ostlais@exemple.org,Narelel Ostlais,30428,EUR,,Point relais
WEB-032405,2025-10-14T19:46:00Z,paid,armarin.wensen@courrier.test,Armarin Wensen,299,EUR,,Point relais
WEB-032408,2025-10-14T20:11:00Z,PAID,serisin.monver@mail.example,Serisin Monver,6572,EUR,,Domicile
WEB-032379,2025-10-14T20:32:00Z,PAID,eldari.wentier@mail.example,Eldari Wentier,2977,EUR,,Point relais
WEB-032395,2025-10-14T21:25:00Z,paid,ferisi.ravlin@mail.example,Ferisi Ravlin,6919,€,FIDELITE,Domicile
WEB-032391,2025-10-14T21:30:00Z,paid,dutaria.havvane@courrier.test,Dutaria Havvane,40502,eur,,Point relais
WEB-032437,2025-10-15T11:50:00Z,paid,fenelan.valmer@exemple.org,Fenelan Valmer,8426,EUR,,Domicile
WEB-032422,2025-10-15T12:46:00Z,paid,serelea.pertier@exemple.org,Serelea Pertier,4625,€,,Point relais
WEB-032435,2025-10-15T13:23:00Z,paid,bataro.lannet@exemple.org,Bataro Lannet,11506,€,,Domicile
WEB-032445,2025-10-15T13:23:00Z,cancelled,duvina.falver@exemple.org,Duvina Falver,21806,EUR,,Domicile
WEB-032430,2025-10-15T13:40:00Z,Paid,mavinu.galbel@exemple.org,Mavinu Galbel,12134,EUR,,Point relais
WEB-032438,2025-10-15T14:07:00Z,paid,lorisi.pervane@mail.example,Lorisi Pervane,24165,EUR,,Point relais
WEB-032448,2025-10-15T16:03:00Z,Paid,badania.wengren@exemple.org,Badania Wengren,20972,EUR,,Domicile
WEB-032429,2025-10-15T16:20:00Z,paid,zovine.nevbel27@mail.example,Zovine Nevbel,6057,eur,,Point relais
WEB-032466,2025-10-16T12:49:00Z,cancelled,zosole.brenmar@courrier.test,Zosole Brenmar,8426,EUR,,Point relais
WEB-032464,2025-10-16T13:03:00Z,PAID,mimonia.permar@mail.example,Mimonia Permar,5336,EUR,,Domicile
WEB-032470,2025-10-16T13:24:00Z,PAID,lolisea.dorlin@mail.example,Lolisea Dorlin,9539,EUR,,Domicile
WEB-032451,2025-10-16T14:32:00Z,paid,marelel.targren@exemple.org,Marelel Targren,5542,EUR,,Domicile
WEB-032479,2025-10-16T14:33:00Z,PAID,orsenin.faldis@exemple.org,Orsenin Faldis,10476,EUR,,Domicile
WEB-032462,2025-10-16T14:55:00Z,paid,jumonu.brengren@exemple.org,Jumonu Brengren,10054,EUR,,Domicile
WEB-032454,2025-10-16T15:19:00Z,PAID,tarele.ostmer44@exemple.org,Tarele Ostmer,19427,EUR,,Domicile
WEB-032480,2025-10-16T16:14:00Z,paid,bavenin.havver@exemple.org,Bavenin Havver,17171,eur,,Domicile
WEB-032484,2025-10-16T17:04:00Z,paid,mivenin.rosvoir@courrier.test,Mivenin Rosvoir,11413,EUR,,Domicile
WEB-032456,2025-10-16T19:14:00Z,cancelled,bagarea.brenver@exemple.org,Bagarea Brenver,4605,€,,Domicile
WEB-032483,2025-10-16T19:14:00Z,PAID,elnorin.brentier@courrier.test,Elnorin Brentier,5461,EUR,FIDELITE,Domicile
WEB-032485,2025-10-16T19:24:00Z,paid,ORMONIN.BRENBERT@MAIL.EXAMPLE,Ormonin Brenbert,2977,EUR,,Domicile
WEB-032478,2025-10-16T20:36:00Z,cancelled,matari.ostnet@courrier.test,Matari Ostnet,7283,EUR,,Domicile
WEB-032474,2025-10-16T20:46:00Z,PAID,pidanea.brenlais@courrier.test,Pidanea Brenlais,12888,EUR,FIDELITE,Point relais
WEB-032516,2025-10-17T10:03:00Z,Paid,KATAREL.OSTDIS@EXEMPLE.ORG,Katarel Ostdis,10672,EUR,,Domicile
WEB-032491,2025-10-17T10:16:00Z,paid,vebore.duntier@courrier.test,Vebore Duntier,18201,EUR,,Domicile
WEB-032498,2025-10-17T11:44:00Z,PAID,lovene.dunmer@exemple.org,Lovene Dunmer,5027,EUR,,Domicile
WEB-032511,2025-10-17T11:50:00Z,paid,kasena.corsac@exemple.org,Kasena Corsac,1525,EUR,,Domicile
WEB-032502,2025-10-17T12:02:00Z,paid,fetara.havsen@exemple.org,Fetara Havsen,3210,EUR,FIDELITE,Point relais
WEB-032506,2025-10-17T13:28:00Z,paid,mitaru.ravnet@courrier.test,Mitaru Ravnet,14194,EUR,,Point relais
WEB-032523,2025-10-17T14:22:00Z,PAID,kavinea.tarkan@exemple.org,Kavinea Tarkan,3997,eur,,Point relais
WEB-032495,2025-10-17T15:03:00Z,Paid,rikenia.galkan@exemple.org,Rikenia Galkan,28800,EUR,,Domicile
WEB-032500,2025-10-17T15:07:00Z,PAID,jusolel.ostrand@exemple.org,Jusolel Ostrand,44024,EUR,,Domicile
WEB-032512,2025-10-17T15:10:00Z,PAID,venorea.wenver@courrier.test,Venorea Wenver,45951,EUR,,Domicile
WEB-032487,2025-10-17T15:13:00Z,paid,sevalin.perner@mail.example,Sevalin Perner,8838,EUR,,Domicile
WEB-032503,2025-10-17T15:22:00Z,PAID,ellisea.dorbert@courrier.test,Ellisea Dorbert,36661,EUR,,Point relais
WEB-032525,2025-10-17T15:36:00Z,paid,selonin.cormer@courrier.test,Selonin Cormer,13237,€,,Point relais
WEB-032514,2025-10-17T16:47:00Z,paid,VELONAN.RAVDAL@EXEMPLE.ORG,Velonan Ravdal,20746,€,,Point relais
WEB-032520,2025-10-17T17:25:00Z,PAID,orgarel.havdal@exemple.org,Orgarel Havdal,7705,€,,Point relais
WEB-032490,2025-10-17T17:32:00Z,paid,vevalin.kelver@exemple.org,Vevalin Kelver,6572,€,,Point relais
WEB-032509,2025-10-17T18:02:00Z,Paid,BATELEA.SORBERT@COURRIER.TEST,Batelea Sorbert,5037,EUR,,Domicile
WEB-032507,2025-10-17T18:33:00Z,paid,ORLISIN.RAVVANE@MAIL.EXAMPLE,Orlisin Ravvane,2977,EUR,,Domicile
WEB-032507,2025-10-17T18:33:00Z,paid,ORLISIN.RAVVANE@MAIL.EXAMPLE,Orlisin Ravvane,2977,EUR,,Domicile
WEB-032519,2025-10-17T21:32:00Z,cancelled,elvinan.torbert47@courrier.test,Elvinan Torbert,2462,EUR,,Domicile
WEB-032541,2025-10-18T09:25:00Z,PAID,fedarin.nevner@courrier.test,Fedarin Nevner,21271,€,,Retrait magasin
WEB-032532,2025-10-18T10:46:00Z,Paid,taboria.pernet@exemple.org,Taboria Pernet,11616,€,FIDELITE,Point relais
WEB-032561,2025-10-18T12:59:00Z,paid,tadani.monlin@courrier.test,Tadani Monlin,2668,EUR,,Point relais
WEB-032572,2025-10-18T13:30:00Z,paid,lodania.lanrand@courrier.test,Lodania Lanrand,7190,EUR,,Point relais
WEB-032552,2025-10-18T13:31:00Z,PAID,nanori.galdis@exemple.org,Nanori Galdis,5243,eur,,Domicile
WEB-032542,2025-10-18T13:51:00Z,paid,vemara.lanver1@exemple.org,Vemara Lanver,3698,EUR,,Domicile
WEB-032535,2025-10-18T14:00:00Z,paid,artelan.kellais@exemple.org,Artelan Kellais,15194,EUR,,Point relais
WEB-032556,2025-10-18T14:10:00Z,paid,somonan.tormer@exemple.org,Somonan Tormer,13573,eur,FIDELITE,Point relais
WEB-032527,2025-10-18T14:24:00Z,paid,kasolea.havsac@exemple.org,Kasolea Havsac,2246,EUR,,Domicile
WEB-032570,2025-10-18T15:40:00Z,paid,milona.cordis@exemple.org,Milona Cordis,15749,EUR,,Retrait magasin
WEB-032573,2025-10-18T15:51:00Z,PAID,soboran.galkan2@exemple.org,Soboran Galkan,6881,EUR,,Point relais
WEB-032566,2025-10-18T16:10:00Z,paid,lolona.dorbert35@mail.example,Lolona Dorbert,2256,EUR,,Domicile
WEB-032557,2025-10-18T16:16:00Z,paid,sorisin.galvane@exemple.org,Sorisin Galvane,8426,EUR,,Domicile
WEB-032544,2025-10-18T16:20:00Z,paid,ferisu.havner@exemple.org,Ferisu Havner,13463,EUR,,Domicile
WEB-032563,2025-10-18T16:59:00Z,paid,pimonel.tormar@exemple.org,Pimonel Tormar,2967,EUR,,Domicile
WEB-032563,2025-10-18T16:59:00Z,paid,pimonel.tormar@exemple.org,Pimonel Tormar,2967,EUR,,Domicile
WEB-032537,2025-10-18T18:25:00Z,paid,zorisin.lankan@courrier.test,Zorisin Lankan,9662,EUR,,Point relais
WEB-032564,2025-10-18T18:39:00Z,paid,jugarea.falnet@mail.example,Jugarea Falnet,7097,EUR,,Point relais
WEB-032539,2025-10-18T19:13:00Z,paid,zoveno.kellais@mail.example,Zoveno Kellais,13649,EUR,,Domicile
WEB-032085,2025-10-18T19:44:00Z,PAID,tasenan.havlais@exemple.org,Tasenan Havlais,7583,€,BIENVENUE,Domicile
WEB-032545,2025-10-18T20:22:00Z,paid,elmonin.ostdis@mail.example,Elmonin Ostdis,4419,eur,,Point relais
WEB-032589,2025-10-19T08:21:00Z,paid,mamoni.havlais55@mail.example,Mamoni Havlais,15533,EUR,,Point relais
WEB-032597,2025-10-19T09:26:00Z,paid,sorelan.corner@exemple.org,Sorelan Corner,4419,eur,,Domicile
WEB-032576,2025-10-19T12:16:00Z,paid,sevina.havdal@exemple.org,Sevina Havdal,12948,EUR,,Domicile
WEB-032590,2025-10-19T13:58:00Z,paid,vesolin.dorver@courrier.test,Vesolin Dorver,15925,EUR,,Domicile
WEB-032595,2025-10-19T14:56:00Z,paid,dukenea.rosnet@courrier.test,Dukenea Rosnet,9240,EUR,,Domicile
WEB-032588,2025-10-19T15:11:00Z,paid,barelia.ravmont@courrier.test,Barelia Ravmont,12639,EUR,,Domicile
WEB-032591,2025-10-19T16:56:00Z,PAID,veveno.ravmar@mail.example,Veveno Ravmar,6537,€,FIDELITE,Retrait magasin
WEB-032581,2025-10-19T17:19:00Z,paid,RINORU.FALKAN@MAIL.EXAMPLE,Rinoru Falkan,3112,EUR,FIDELITE,Retrait magasin
WEB-032574,2025-10-19T17:35:00Z,PAID,lovenan.ravmer@courrier.test,Lovenan Ravmer,3070,EUR,,Domicile
WEB-032596,2025-10-19T17:45:00Z,paid,jutelo.wenner@mail.example,Jutelo Wenner,23959,EUR,,Domicile
WEB-032577,2025-10-19T20:57:00Z,paid,batara.landis@exemple.org,Batara Landis,23238,eur,,Point relais
WEB-032613,2025-10-20T12:00:00Z,paid,MARISA.BRENDIS@MAIL.EXAMPLE,Marisa Brendis,9137,eur,,Retrait magasin
WEB-032605,2025-10-20T13:10:00Z,Paid,FELONE.BRENVER@EXEMPLE.ORG,Felone Brenver,16699,EUR,,Point relais
WEB-032609,2025-10-20T14:30:00Z,paid,fesena.valdal@exemple.org,Fesena Valdal,15636,EUR,,Domicile
WEB-032630,2025-10-20T15:20:00Z,paid,pivala.perver69@exemple.org,Pivala Perver,9962,EUR,FIDELITE,Point relais
WEB-032626,2025-10-20T17:03:00Z,cancelled,mitelel.falrand@courrier.test,Mitelel Falrand,4811,EUR,,Domicile
WEB-032623,2025-10-20T17:14:00Z,Paid, sogarea.wenner@courrier.test,Sogarea Wenner,3482,EUR,,Point relais
WEB-032618,2025-10-20T17:57:00Z,paid,orsolia.nevdal@exemple.org,Orsolia Nevdal,4100,EUR,,Domicile
WEB-032631,2025-10-20T18:14:00Z,PAID,yunore.ravlin@exemple.org,Yunore Ravlin,3997,EUR,,Domicile
WEB-032632,2025-10-20T18:15:00Z,paid,rilonin.nevtier95@exemple.org,Rilonin Nevtier,7087,eur,,Domicile
WEB-032615,2025-10-20T18:45:00Z,Paid,namarin.galbert@exemple.org,Namarin Galbert,6572,EUR,,Domicile
WEB-032600,2025-10-20T19:09:00Z,PAID,yudari.kelmar33@mail.example,Yudari Kelmar,2668,EUR,,Domicile
WEB-032629,2025-10-20T20:29:00Z,paid,losole.monmar19@exemple.org,Losole Monmar,44961,EUR,,Domicile
WEB-032634,2025-10-20T21:56:00Z,paid,sevenan.ostvane92@courrier.test,Sevenan Ostvane,1535,EUR,,Domicile
WEB-032657,2025-10-21T08:48:00Z,Paid,artelan.kellais@exemple.org,Artelan Kellais,7057,EUR,,Point relais
WEB-032639,2025-10-21T11:49:00Z,Paid,tavinu.ravmont@exemple.org,Tavinu Ravmont,6160,€,,Point relais
WEB-032649,2025-10-21T12:03:00Z,paid, mavenan.havnet@courrier.test,Mavenan Havnet,15214,EUR,,Domicile
WEB-032646,2025-10-21T12:34:00Z,PAID,yukena.pergren@exemple.org,Yukena Pergren,25999,EUR,,Domicile
WEB-032640,2025-10-21T12:55:00Z,Paid,nalonin.corner@courrier.test,Nalonin Corner,16440,EUR,,Domicile
WEB-032660,2025-10-21T13:56:00Z,paid,junelel.valner@exemple.org,Junelel Valner,19024,EUR,FIDELITE,Domicile
WEB-032652,2025-10-21T14:25:00Z,Paid,vereli.dunlin@exemple.org,Vereli Dunlin,4924,EUR,,Domicile
WEB-032651,2025-10-21T15:08:00Z,PAID,nadana.sorbert@courrier.test,Nadana Sorbert,21610,EUR,,Domicile
WEB-032638,2025-10-21T15:15:00Z,paid,pibore.cormont@exemple.org,Pibore Cormont,22404,EUR,,Domicile
WEB-032662,2025-10-21T15:41:00Z,PAID,narise.gallais@exemple.org,Narise Gallais,14493,EUR,,Domicile
WEB-032654,2025-10-21T16:09:00Z,paid,pisole.corvoir@mail.example,Pisole Corvoir,9662,EUR,,Point relais
WEB-032643,2025-10-21T16:21:00Z,paid,zokenea.dorver@courrier.test,Zokenea Dorver,6459,€,,Point relais
WEB-032655,2025-10-21T16:22:00Z,Paid,orlono.kelbert@exemple.org,Orlono Kelbert,7695,EUR,,Domicile
WEB-032653,2025-10-21T16:46:00Z,PAID,jurisel.dunvane@exemple.org,Jurisel Dunvane,5027,EUR,,Domicile
WEB-032656,2025-10-21T17:09:00Z,paid,DUTELAN.SORVOIR@EXEMPLE.ORG,Dutelan Sorvoir,20168,EUR,,Domicile
WEB-032647,2025-10-21T17:19:00Z,PAID,baloni.rosmar4@exemple.org,Baloni Rosmar,4502,€,,Domicile
WEB-032637,2025-10-21T18:03:00Z,paid,masolel.lannet@exemple.org,Masolel Lannet,1432,EUR,,Point relais
WEB-032642,2025-10-21T18:29:00Z,PAID,elkenan.galsen@courrier.test,Elkenan Galsen,7396,EUR,,Retrait magasin
WEB-032661,2025-10-21T20:39:00Z,paid,basenan.lanmar93@mail.example,Basenan Lanmar,9137,EUR,,Domicile
WEB-032693,2025-10-22T08:17:00Z,paid,argara.kelver@courrier.test,Argara Kelver,10363,EUR,,Domicile
WEB-032673,2025-10-22T11:14:00Z,paid,yuteli.wenbert@exemple.org,Yuteli Wenbert,10383,EUR,,Point relais
WEB-032690,2025-10-22T12:39:00Z,paid,setarea.dorvoir@exemple.org,Setarea Dorvoir,6439,EUR,FIDELITE,Point relais
WEB-032694,2025-10-22T12:54:00Z,paid,jurisel.sormont@exemple.org,Jurisel Sormont,1123,EUR,,Point relais
WEB-032697,2025-10-22T12:58:00Z,paid,lorelin.brenvane@courrier.test,Lorelin Brenvane,34661,EUR,,Domicile
WEB-032683,2025-10-22T13:29:00Z,paid,kanoran.falner@exemple.org,Kanoran Falner,1741,EUR,,Domicile
WEB-032679,2025-10-22T13:30:00Z,PAID,ritele.dorrand@exemple.org,Ritele Dorrand,7592,eur,,Domicile
WEB-032678,2025-10-22T13:46:00Z,paid,YUDANAN.NEVMAR56@COURRIER.TEST,Yudanan Nevmar,17892,€,,Domicile
WEB-032692,2025-10-22T14:10:00Z,paid,zovene.dorvoir@exemple.org,Zovene Dorvoir,1844,EUR,,Point relais
WEB-032687,2025-10-22T15:43:00Z,PAID, bakenan.mondis@exemple.org,Bakenan Mondis,15317,EUR,,Point relais
WEB-032682,2025-10-22T17:21:00Z,paid,mimonea.wenver@exemple.org,Mimonea Wenver,15237,EUR,FIDELITE,Domicile
WEB-032696,2025-10-22T17:45:00Z,paid,narisel.monsac@courrier.test,Narisel Monsac,10638,EUR,FIDELITE,Domicile
WEB-032669,2025-10-22T18:21:00Z,PAID,tatarea.falsac@mail.example,Tatarea Falsac,5233,EUR,,Domicile
WEB-032671,2025-10-22T18:34:00Z,paid,badaran.cordis@exemple.org,Badaran Cordis,7808,€,,Point relais
WEB-032709,2025-10-23T08:53:00Z,PAID,orkene.wentier@exemple.org,Orkene Wentier,9642,€,,Retrait magasin
WEB-032707,2025-10-23T09:07:00Z,paid,segare.tarmer@exemple.org,Segare Tarmer,10476,EUR,,Domicile
WEB-032711,2025-10-23T10:35:00Z,Paid,narisel.monsac@courrier.test,Narisel Monsac,9250,EUR,,Domicile
WEB-032715,2025-10-23T11:30:00Z,paid,dusoli.rossac@exemple.org,Dusoli Rossac,1226,€,,Point relais
WEB-032708,2025-10-23T12:49:00Z,paid,namarea.nevsac@courrier.test,Namarea Nevsac,2462,EUR,,Point relais
WEB-032713,2025-10-23T13:04:00Z,paid,lodanu.faldis@mail.example,Lodanu Faldis,9240,EUR,,Point relais
WEB-032727,2025-10-23T14:52:00Z,paid, mimono.permer@exemple.org,Mimono Permer,4007,EUR,,Domicile
WEB-032723,2025-10-23T15:34:00Z,paid,marelia.havbel@courrier.test,Marelia Havbel,9333,EUR,,Retrait magasin
WEB-032710,2025-10-23T15:42:00Z,paid,midanu.sorlais@courrier.test,Midanu Sorlais,2668,EUR,,Domicile
WEB-032731,2025-10-23T17:02:00Z,paid,dunore.landis@exemple.org,Dunore Landis,1123,EUR,,Domicile
WEB-032700,2025-10-23T17:07:00Z,paid,arrele.nevbert@exemple.org,Arrele Nevbert,23763,EUR,,Domicile
WEB-032714,2025-10-23T17:12:00Z,paid,elmarin.wenmont@courrier.test,Elmarin Wenmont,2040,eur,,Domicile
WEB-032722,2025-10-23T17:37:00Z,PAID,dunoran.galver34@courrier.test,Dunoran Galver,3482,EUR,,Domicile
WEB-032746,2025-10-23T17:46:00Z,PAID,duvinan.dunlais@exemple.org,Duvinan Dunlais,3514,EUR,BIENVENUE,Point relais
WEB-032738,2025-10-23T18:10:00Z,paid,pisole.corvoir@mail.example,Pisole Corvoir,20344,EUR,,Point relais
WEB-032730,2025-10-23T19:18:00Z,paid,elgaria.ostnet@courrier.test,Elgaria Ostnet,1165,EUR,FIDELITE,Point relais
WEB-032741,2025-10-23T20:49:00Z,paid,zomari.torver@mail.example,Zomari Torver,7921,eur,,Point relais
WEB-032741,2025-10-23T20:49:00Z,paid,zomari.torver@mail.example,Zomari Torver,7921,eur,,Point relais
WEB-032772,2025-10-24T08:43:00Z,paid,milona.nevlin@exemple.org,Milona Nevlin,4306,€,,Point relais
WEB-032774,2025-10-24T10:45:00Z,paid,solonel.nevgren@mail.example,Solonel Nevgren,9147,EUR,,Point relais
WEB-032780,2025-10-24T12:24:00Z,paid,pimono.nevmer@exemple.org,Pimono Nevmer,14071,EUR,,Domicile
WEB-032776,2025-10-24T12:41:00Z,PAID,lovena.tornet82@courrier.test,Lovena Tornet,4419,eur,,Retrait magasin
WEB-032785,2025-10-24T13:52:00Z,paid,TARISAN.GALDAL@MAIL.EXAMPLE,Tarisan Galdal,6479,EUR,,Point relais
WEB-032777,2025-10-24T14:03:00Z,paid,arvenin.dunver@exemple.org,Arvenin Dunver,14400,EUR,,Point relais
WEB-032755,2025-10-24T14:07:00Z,paid,marisea.faldal@exemple.org,Marisea Faldal,14679,EUR,,Domicile
WEB-032770,2025-10-24T14:49:00Z,Paid,mavale.brenlin@courrier.test,Mavale Brenlin,19653,EUR,,Domicile
WEB-032751,2025-10-24T15:02:00Z,paid,sogari.monkan14@courrier.test,Sogari Monkan,8838,€,,Domicile
WEB-032757,2025-10-24T15:53:00Z,paid,kareli.wenbel@courrier.test,Kareli Wenbel,23042,EUR,,Point relais
WEB-032762,2025-10-24T16:07:00Z,Paid,magarel.torkan@exemple.org,Magarel Torkan,48669,EUR,,Point relais
WEB-032763,2025-10-24T17:04:00Z,paid, tatelea.ravmer@exemple.org,Tatelea Ravmer,6984,EUR,,Domicile
WEB-032759,2025-10-24T18:07:00Z,PAID,felonel.tortier@mail.example,Felonel Tortier,2555,EUR,,Domicile
WEB-032779,2025-10-24T18:09:00Z,paid,sevalia.monbert@exemple.org,Sevalia Monbert,10672,EUR,,Point relais
WEB-032750,2025-10-24T18:38:00Z,paid,milisa.sorlais@mail.example,Milisa Sorlais,17781,€,FIDELITE,Domicile
WEB-032766,2025-10-24T18:50:00Z,paid,artaria.vallin@exemple.org,Artaria Vallin,1020,EUR,,Retrait magasin
WEB-032765,2025-10-24T19:45:00Z,paid,orvinel.dunmont@mail.example,Orvinel Dunmont,4100,EUR,,Point relais
WEB-032752,2025-10-24T19:59:00Z,paid,fedari.dundal@exemple.org,Fedari Dundal,12282,EUR,FIDELITE,Point relais
WEB-032829,2025-10-25T12:24:00Z,paid,mamari.ravner@courrier.test,Mamari Ravner,7592,EUR,,Point relais
WEB-032824,2025-10-25T13:06:00Z,paid,nalona.sorsen84@courrier.test,Nalona Sorsen,8838,€,,Domicile
WEB-032820,2025-10-25T13:49:00Z,paid,zoveni.tordal@courrier.test,Zoveni Tordal,10074,EUR,,Domicile
WEB-032792,2025-10-25T14:05:00Z,PAID,vebora.corlais@mail.example,Vebora Corlais,14287,EUR,,Point relais
WEB-032790,2025-10-25T14:14:00Z,paid,bakenel.falnet@courrier.test,Bakenel Falnet,13865,EUR,,Point relais
WEB-032793,2025-10-25T14:18:00Z,Paid,vedarea.nevbel80@exemple.org,Vedarea Nevbel,6778,EUR,,Retrait magasin
WEB-032807,2025-10-25T14:22:00Z,Paid,ARLISIN.TORMONT@COURRIER.TEST,Arlisin Tormont,4512,EUR,,Point relais
WEB-032830,2025-10-25T14:22:00Z,Paid,elnelu.brenbert@exemple.org,Elnelu Brenbert,13958,EUR,,Domicile
WEB-032797,2025-10-25T14:44:00Z,paid,arseni.sorver@exemple.org,Arseni Sorver,22948,EUR,FIDELITE,Domicile
WEB-032796,2025-10-25T15:27:00Z,paid,jurelo.wenlais@exemple.org,Jurelo Wenlais,18593,EUR,,Domicile
WEB-032805,2025-10-25T15:32:00Z,paid,rimaro.ravdal@mail.example,Rimaro Ravdal,1329,EUR,,Domicile
WEB-032823,2025-10-25T15:36:00Z,Paid,juvalan.kelbel@exemple.org,Juvalan Kelbel,7077,€,,Point relais
WEB-032809,2025-10-25T15:41:00Z,PAID,ririse.rosvane@exemple.org,Ririse Rosvane,25999,EUR,,Domicile
WEB-032813,2025-10-25T16:07:00Z,paid,BAMONIN.KELSAC@EXEMPLE.ORG,Bamonin Kelsac,7911,EUR,,Domicile
WEB-032819,2025-10-25T16:15:00Z,paid,elvalin.cordis@exemple.org,Elvalin Cordis,9755,EUR,,Domicile
WEB-032808,2025-10-25T17:04:00Z,Paid,malonea.galdal@courrier.test,Malonea Galdal,17779,EUR,,Point relais
WEB-032810,2025-10-25T17:06:00Z,PAID,kadania.falrand@exemple.org,Kadania Falrand,7898,EUR,FIDELITE,Domicile
WEB-032810,2025-10-25T17:06:00Z,PAID,kadania.falrand@exemple.org,Kadania Falrand,7898,EUR,FIDELITE,Domicile
WEB-032822,2025-10-25T17:14:00Z,paid,zomona.ostmont66@courrier.test,Zomona Ostmont,16523,eur,,Point relais
WEB-032817,2025-10-25T17:26:00Z,Paid,midania.lanmar@exemple.org,Midania Lanmar,13988,€,,Domicile
WEB-032800,2025-10-25T17:51:00Z,PAID,vesena.wenvane@courrier.test,Vesena Wenvane,13576,€,,Domicile
WEB-032795,2025-10-25T17:54:00Z,Paid,rilisu.nevvane@courrier.test,Rilisu Nevvane,11187,EUR,,Point relais
WEB-032806,2025-10-25T18:24:00Z,paid,nanoria.permer@mail.example,Nanoria Permer,3668,EUR,,Domicile
WEB-032816,2025-10-25T19:20:00Z,PAID,fekenia.nevnet@courrier.test,Fekenia Nevnet,11001,EUR,,Domicile
WEB-032789,2025-10-25T20:57:00Z,paid,yulonia.sorsac@courrier.test,Yulonia Sorsac,24484,EUR,,Point relais
WEB-032818,2025-10-25T21:52:00Z,paid,masenia.ravlin@exemple.org,Masenia Ravlin,4615,EUR,,Domicile
WEB-032845,2025-10-26T10:03:00Z,PAID,tasolu.perbert@courrier.test,Tasolu Perbert,48207,EUR,,Domicile
WEB-032843,2025-10-26T12:38:00Z,Paid,mamone.valkan@exemple.org,Mamone Valkan,1525,EUR,,Domicile
WEB-032833,2025-10-26T13:02:00Z,paid,dudanin.brenmer@courrier.test,Dudanin Brenmer,16127,EUR,FIDELITE,Point relais
WEB-032848,2025-10-26T13:40:00Z,Paid,zokenea.falvane@mail.example,Zokenea Falvane,10991,€,,Domicile
WEB-T0018,2025-10-26T13:40:00Z,Paid,test@example.com,Test Test,"1,00",€,,Domicile
WEB-032831,2025-10-26T14:10:00Z,paid,jutelu.falbel@exemple.org,Jutelu Falbel,8735,EUR,,Point relais
WEB-032839,2025-10-26T15:47:00Z,paid,jutela.dungren@courrier.test,Jutela Dungren,18490,EUR,,Domicile
WEB-032846,2025-10-26T16:10:00Z,paid,VEVINEA.DORBERT@MAIL.EXAMPLE,Vevinea Dorbert,5964,EUR,,Point relais
WEB-032837,2025-10-26T16:44:00Z,PAID,serelu.monkan@courrier.test,Serelu Monkan,20148,EUR,,Domicile
WEB-032835,2025-10-26T18:11:00Z,PAID,marisu.wendal@courrier.test,Marisu Wendal,5542,€,,Point relais
WEB-032842,2025-10-26T19:46:00Z,paid,kamare.tarver@courrier.test,Kamare Tarver,2658,EUR,,Point relais
WEB-032851,2025-10-26T21:12:00Z,Paid,NANELA.OSTSEN@COURRIER.TEST,Nanela Ostsen,5954,EUR,,Domicile
WEB-032838,2025-10-26T21:49:00Z,paid,FEKENI.SORDIS@COURRIER.TEST,Fekeni Sordis,16965,EUR,,Domicile
WEB-032879,2025-10-27T08:01:00Z,paid,vebora.monnet47@exemple.org,Vebora Monnet,6685,EUR,,Domicile
WEB-032885,2025-10-27T11:08:00Z,cancelled,orsolel.tordal@courrier.test,Orsolel Tordal,15224,EUR,,Point relais
WEB-032874,2025-10-27T12:28:00Z,Paid, kaneli.dornet@exemple.org,Kaneli Dornet,39379,EUR,,Point relais
WEB-032864,2025-10-27T13:04:00Z,paid,pirise.monvoir@exemple.org,Pirise Monvoir,10167,EUR,,Point relais
WEB-032515,2025-10-27T13:07:00Z,paid,mavali.langren@exemple.org,Mavali Langren,11013,EUR,BIENVENUE,Domicile
WEB-032887,2025-10-27T13:16:00Z,PAID,jutelo.wenner@mail.example,Jutelo Wenner,7489,€,,Point relais
WEB-T0042,2025-10-27T13:16:00Z,PAID,test@example.com,Test Test,"1,00",€,,Point relais
WEB-032854,2025-10-27T13:42:00Z,Paid,artari.dungren@exemple.org,Artari Dungren,15214,EUR,,Domicile
WEB-032857,2025-10-27T14:29:00Z,paid,mivinia.sorver@exemple.org,Mivinia Sorver,11197,EUR,,Point relais
WEB-032878,2025-10-27T14:47:00Z,PAID,RIVENIN.NEVDAL@EXEMPLE.ORG,Rivenin Nevdal,8426,EUR,,Domicile
WEB-032859,2025-10-27T15:05:00Z,paid,venora.dundis@exemple.org,Venora Dundis,2828,EUR,FIDELITE,Domicile
WEB-032877,2025-10-27T15:58:00Z,paid,fekenia.nevnet@courrier.test,Fekenia Nevnet,5954,EUR,,Domicile
WEB-032863,2025-10-27T15:59:00Z,PAID,marise.rosmar@courrier.test,Marise Rosmar,12486,EUR,,Retrait magasin
WEB-032884,2025-10-27T16:13:00Z,paid,maliso.dunmar38@exemple.org,Maliso Dunmar,6459,EUR,,Domicile
WEB-032865,2025-10-27T16:55:00Z,paid,kaseni.ostnet@mail.example,Kaseni Ostnet,5243,EUR,,Point relais
WEB-032862,2025-10-27T16:59:00Z,paid,jutelia.ostdal@exemple.org,Jutelia Ostdal,11722,EUR,,Domicile
WEB-032855,2025-10-27T17:50:00Z,paid,ormare.brennet@mail.example,Ormare Brennet,21271,EUR,,Domicile
WEB-032882,2025-10-27T19:07:00Z,paid,duborel.sormar@courrier.test,Duborel Sormar,1020,EUR,,Domicile
WEB-032894,2025-10-28T11:51:00Z,PAID,zomaru.perlin60@exemple.org,Zomaru Perlin,13968,€,,Point relais
WEB-032913,2025-10-28T13:22:00Z,PAID,orvine.galmer18@mail.example,Orvine Galmer,3276,EUR,,Retrait magasin
WEB-032890,2025-10-28T13:53:00Z,paid,rikenel.valdis@exemple.org,Rikenel Valdis,8519,EUR,,Domicile
WEB-032898,2025-10-28T14:45:00Z,paid,mamoni.havlais55@mail.example,Mamoni Havlais,11313,EUR,FIDELITE,Domicile
WEB-032910,2025-10-28T16:16:00Z,paid,arseni.sorver@exemple.org,Arseni Sorver,18172,EUR,FIDELITE,Point relais
WEB-032912,2025-10-28T17:23:00Z,paid,dudana.rossen@exemple.org,Dudana Rossen,13021,EUR,,Domicile
WEB-032889,2025-10-28T17:47:00Z,paid,yuborel.galbel@mail.example,Yuborel Galbel,4615,EUR,,Domicile
WEB-032895,2025-10-28T18:45:00Z,paid,orvalo.nevlin21@mail.example,Orvalo Nevlin,1123,€,,Domicile
WEB-032907,2025-10-28T21:03:00Z,paid,migaru.brensen@exemple.org,Migaru Brensen,5552,EUR,,Domicile
WEB-032891,2025-10-28T21:55:00Z,paid,fesenea.sordis@mail.example,Fesenea Sordis,16430,EUR,,Domicile
WEB-032942,2025-10-29T08:37:00Z,paid,nalonia.cornet@mail.example,Nalonia Cornet,3894,EUR,,Domicile
WEB-032923,2025-10-29T10:54:00Z,PAID,risenea.rosmer@mail.example,Risenea Rosmer,10167,EUR,,Domicile
WEB-032921,2025-10-29T11:36:00Z,Paid,rivena.valvoir@mail.example,Rivena Valvoir,8529,eur,,Point relais
WEB-032929,2025-10-29T12:59:00Z,PAID,yumarel.dunvoir@courrier.test,Yumarel Dunvoir,11928,€,,Domicile
WEB-032935,2025-10-29T14:45:00Z,paid,kavinel.brendis@courrier.test,Kavinel Brendis,10373,EUR,,Domicile
WEB-032931,2025-10-29T15:07:00Z,paid,yumonu.rosrand@courrier.test,Yumonu Rosrand,15925,EUR,,Point relais
WEB-032914,2025-10-29T15:08:00Z,paid,YUDANA.DORSAC@COURRIER.TEST,Yudana Dorsac,2153,€,,Domicile
WEB-032918,2025-10-29T15:12:00Z,paid,FEDANE.GALKAN51@MAIL.EXAMPLE,Fedane Galkan,2246,EUR,,Point relais
WEB-032922,2025-10-29T15:28:00Z,paid,yugarel.ostdal@exemple.org,Yugarel Ostdal,13071,EUR,,Point relais
WEB-032917,2025-10-29T16:26:00Z,Paid,venora.ravbert@mail.example,Venora Ravbert,7602,EUR,,Domicile
WEB-032205,2025-10-29T16:49:00Z,PAID, kasolan.dorbel@exemple.org,Kasolan Dorbel,7676,EUR,BIENVENUE,Retrait magasin
WEB-032925,2025-10-29T17:12:00Z,PAID,soboria.dornet@exemple.org,Soboria Dornet,5306,eur,,Domicile
WEB-032936,2025-10-29T18:37:00Z,paid,sosenan.valkan@courrier.test,Sosenan Valkan,13164,EUR,,Domicile
WEB-032940,2025-10-29T18:37:00Z,Paid,namone.ravrand@courrier.test,Namone Ravrand,9549,EUR,,Point relais
WEB-032945,2025-10-29T19:16:00Z,PAID,mavinu.monlin@exemple.org,Mavinu Monlin,8563,eur,FIDELITE,Point relais
WEB-032944,2025-10-29T20:02:00Z,paid,fedaria.perver@exemple.org,Fedaria Perver,10383,EUR,,Point relais
WEB-032932,2025-10-29T20:12:00Z,paid,NAVALU.DUNVANE@COURRIER.TEST,Navalu Dunvane,3183,EUR,,Point relais
WEB-032928,2025-10-29T20:50:00Z,PAID,elgaria.cormer@courrier.test,Elgaria Cormer,7499,EUR,,Point relais
WEB-032926,2025-10-29T21:44:00Z,PAID,makeno.valbert@courrier.test,Makeno Valbert,2256,EUR,,Retrait magasin
WEB-032963,2025-10-30T11:39:00Z,Paid,tasene.lantier@exemple.org,Tasene Lantier,3904,EUR,,Domicile
WEB-032989,2025-10-30T11:41:00Z,paid,ortaran.valrand@exemple.org,Ortaran Valrand,1011,EUR,BIENVENUE,Domicile
WEB-032988,2025-10-30T13:39:00Z,Paid,yutele.tarlais56@exemple.org,Yutele Tarlais,2050,EUR,,Domicile
WEB-032951,2025-10-30T13:42:00Z,paid,RITELEA.LANMONT@MAIL.EXAMPLE,Ritelea Lanmont,15523,EUR,,Point relais
WEB-032947,2025-10-30T14:11:00Z,paid,ZOLISAN.DUNGREN@COURRIER.TEST,Zolisan Dungren,2957,EUR,,Domicile
WEB-032952,2025-10-30T14:28:00Z,paid,mitelin.dunner@exemple.org,Mitelin Dunner,13576,EUR,,Domicile
WEB-032970,2025-10-30T15:02:00Z,Paid,rilonin.wendis@exemple.org,Rilonin Wendis,26833,EUR,,Domicile
WEB-032950,2025-10-30T15:29:00Z,PAID,senelo.cormer@courrier.test,Senelo Cormer,7231,EUR,FIDELITE,Domicile
WEB-032990,2025-10-30T15:51:00Z,PAID,vesolan.valkan@mail.example,Vesolan Valkan,11928,EUR,,Point relais
WEB-032977,2025-10-30T15:56:00Z,PAID,ardanan.tarvoir@exemple.org,Ardanan Tarvoir,2977,EUR,,Point relais
WEB-032956,2025-10-30T16:42:00Z,paid,FEBORO.SORVER@MAIL.EXAMPLE,Feboro Sorver,2339,eur,FIDELITE,Point relais
WEB-032959,2025-10-30T17:29:00Z,paid,nanoro.gallais@mail.example,Nanoro Gallais,7695,EUR,,Retrait magasin
WEB-032969,2025-10-30T17:34:00Z,paid,ZOLONI.DORVOIR49@EXEMPLE.ORG,Zoloni Dorvoir,8396,€,FIDELITE,Domicile
WEB-032986,2025-10-30T17:41:00Z,paid,sesene.sortier@exemple.org,Sesene Sortier,13958,EUR,,Domicile
WEB-032981,2025-10-30T21:14:00Z,paid,mamonia.ravner@exemple.org,Mamonia Ravner,16518,EUR,FIDELITE,Point relais
WEB-032965,2025-10-30T21:55:00Z,paid,MARELIN.LANLAIS@EXEMPLE.ORG,Marelin Lanlais,3050,eur,BIENVENUE,Point relais
WEB-033022,2025-10-31T09:02:00Z,Paid,seboro.sorkan@exemple.org,Seboro Sorkan,10157,EUR,,Point relais
WEB-033031,2025-10-31T09:25:00Z,paid,fesenea.sorkan@exemple.org,Fesenea Sorkan,23846,eur,,Retrait magasin
WEB-033003,2025-10-31T14:05:00Z,Paid,mimarea.keldis@mail.example,Mimarea Keldis,2452,EUR,,Point relais
WEB-033021,2025-10-31T15:51:00Z,PAID,MAKENAN.LANVOIR32@EXEMPLE.ORG,Makenan Lanvoir,21656,EUR,FIDELITE,Point relais
WEB-033002,2025-10-31T15:53:00Z,paid,jurelan.tarvoir@exemple.org,Jurelan Tarvoir,8210,EUR,,Domicile
WEB-033005,2025-10-31T16:10:00Z,paid,rilonia.perkan@exemple.org,Rilonia Perkan,41615,EUR,,Domicile
WEB-033000,2025-10-31T17:22:00Z,PAID,nanela.ostsen@courrier.test,Nanela Ostsen,6160,EUR,,Domicile
WEB-033026,2025-10-31T17:34:00Z,PAID,yuvinel.dorkan@exemple.org,Yuvinel Dorkan,10878,EUR,,Domicile
WEB-032996,2025-10-31T17:42:00Z,paid,nasoli.torsac@mail.example,Nasoli Torsac,20457,EUR,,Domicile
WEB-033030,2025-10-31T17:51:00Z,paid,MITARU.KELMER@EXEMPLE.ORG,Mitaru Kelmer,10280,EUR,,Point relais
WEB-033019,2025-10-31T17:53:00Z,paid,dulonea.tarlais@mail.example,Dulonea Tarlais,2977,EUR,,Point relais
WEB-033027,2025-10-31T18:05:00Z,paid,yumarea.corrand@courrier.test,Yumarea Corrand,17480,EUR,,Domicile
WEB-032998,2025-10-31T18:32:00Z,paid,bavini.falmont@mail.example,Bavini Falmont,1947,€,,Domicile
WEB-033011,2025-10-31T18:36:00Z,paid,arsene.brenmer52@courrier.test,Arsene Brenmer,8210,EUR,,Point relais
WEB-033013,2025-10-31T18:48:00Z,paid, velonu.lanbert@courrier.test,Velonu Lanbert,10908,EUR,,Domicile
WEB-033020,2025-10-31T19:32:00Z,Paid,yunoru.ostgren60@exemple.org,Yunoru Ostgren,9147,eur,,Point relais
WEB-032993,2025-10-31T19:59:00Z,paid,yugari.lanver7@courrier.test,Yugari Lanver,3904,EUR,,Domicile
WEB-032995,2025-10-31T20:14:00Z,paid,orseno.kelsen30@exemple.org,Orseno Kelsen,18922,EUR,,Domicile
WEB-033018,2025-10-31T21:05:00Z,paid,risoli.pergren@exemple.org,Risoli Pergren,5243,€,,Domicile
WEB-032997,2025-10-31T21:09:00Z,Paid,fenele.ostdis@courrier.test,Fenele Ostdis,3997,EUR,,Domicile
WEB-033037,2025-11-01T09:11:00Z,PAID,SETARI.TORSAC@COURRIER.TEST,Setari Torsac,8323,EUR,,Point relais
WEB-033094,2025-11-01T10:07:00Z,cancelled,yuvalia.havtier@courrier.test,Yuvalia Havtier,1020,EUR,,Domicile
WEB-033065,2025-11-01T11:14:00Z,paid,kasolia.ostmer@exemple.org,Kasolia Ostmer,2874,EUR,,Domicile
WEB-033052,2025-11-01T11:28:00Z,paid,lomone.sormar@courrier.test,Lomone Sormar,8622,EUR,,Domicile
WEB-033035,2025-11-01T12:05:00Z,Paid,marele.faldis@courrier.test,Marele Faldis,4203,EUR,,Domicile
WEB-033061,2025-11-01T12:13:00Z,PAID,jurela.ostdal@courrier.test,Jurela Ostdal,8107,EUR,,Point relais
WEB-033051,2025-11-01T12:37:00Z,PAID,femarel.havgren68@exemple.org,Femarel Havgren,2349,EUR,,Domicile
WEB-033043,2025-11-01T13:19:00Z,PAID,sotarel.ravsac@exemple.org,Sotarel Ravsac,5140,EUR,,Domicile
WEB-033048,2025-11-01T13:19:00Z,paid,sevali.nevlin@exemple.org,Sevali Nevlin,8689,eur,FIDELITE,Domicile
WEB-033058,2025-11-01T13:54:00Z,PAID,malonea.perkan@exemple.org,Malonea Perkan,7293,€,,Retrait magasin
WEB-033064,2025-11-01T14:59:00Z,PAID,zovina.rossac@courrier.test,Zovina Rossac,12227,EUR,,Domicile
WEB-033050,2025-11-01T15:01:00Z,Paid,pivine.dornet@courrier.test,Pivine Dornet,9151,EUR,BIENVENUE,Point relais
WEB-033072,2025-11-01T15:12:00Z,paid,mitara.dornet@exemple.org,Mitara Dornet,22949,eur,,Retrait magasin
WEB-033070,2025-11-01T16:21:00Z,Paid,jugaru.tormer@exemple.org,Jugaru Tormer,15317,EUR,,Point relais
WEB-033086,2025-11-01T16:59:00Z,PAID,arnorea.rosvoir85@mail.example,Arnorea Rosvoir,3286,EUR,,Point relais
WEB-033077,2025-11-01T17:44:00Z,paid,losenel.monmar@exemple.org,Losenel Monmar,9276,eur,FIDELITE,Domicile
WEB-033078,2025-11-01T18:21:00Z,paid,arrele.nevbert@exemple.org,Arrele Nevbert,13669,EUR,,Domicile
WEB-033069,2025-11-01T18:39:00Z,paid,kamare.corlin@exemple.org,Kamare Corlin,3389,EUR,,Domicile
WEB-033063,2025-11-01T19:11:00Z,cancelled,lobora.valver@exemple.org,Lobora Valver,18603,EUR,,Point relais
WEB-033075,2025-11-01T19:14:00Z,paid,dutarin.monmont@mail.example,Dutarin Monmont,12443,EUR,,Point relais
WEB-033049,2025-11-01T19:40:00Z,paid,ZOSOLE.BRENMAR@COURRIER.TEST,Zosole Brenmar,9559,EUR,,Retrait magasin
WEB-033084,2025-11-01T20:01:00Z,Paid,ortaran.valrand@exemple.org,Ortaran Valrand,5358,eur,BIENVENUE,Point relais
WEB-033068,2025-11-01T20:50:00Z,paid,pidanan.ravner@courrier.test,Pidanan Ravner,8210,EUR,,Domicile
WEB-033076,2025-11-01T20:50:00Z,paid,lonelan.kelbert@exemple.org,Lonelan Kelbert,4419,eur,,Point relais
WEB-033057,2025-11-01T20:57:00Z,Paid,venoru.lanmar@exemple.org,Venoru Lanmar,3266,EUR,,Domicile
WEB-033088,2025-11-01T21:22:00Z,paid,sotaro.monbel@courrier.test,Sotaro Monbel,4698,EUR,,Domicile
WEB-033045,2025-11-01T21:32:00Z,paid,rivenea.torkan@mail.example,Rivenea Torkan,1844,EUR,,Point relais
WEB-033112,2025-11-02T09:34:00Z,PAID,nareli.monbert@courrier.test,Nareli Monbert,26740,eur,,Domicile
WEB-033127,2025-11-02T11:07:00Z,paid,tasolin.monbert@mail.example,Tasolin Monbert,2668,EUR,,Domicile
WEB-033123,2025-11-02T12:02:00Z,PAID,orsenea.perbert15@exemple.org,Orsenea Perbert,8190,EUR,FIDELITE,Domicile
WEB-033095,2025-11-02T13:06:00Z,PAID,verelia.permer38@exemple.org,Verelia Permer,4419,EUR,,Point relais
WEB-033107,2025-11-02T13:11:00Z,PAID,kamonia.sortier@exemple.org,Kamonia Sortier,12134,EUR,,Domicile
WEB-033126,2025-11-02T13:15:00Z,PAID,sodanin.dordis11@exemple.org,Sodanin Dordis,711,EUR,,Domicile
WEB-033125,2025-11-02T13:16:00Z,paid,zotele.nevlin@mail.example,Zotele Nevlin,6572,eur,,Point relais
WEB-033100,2025-11-02T13:44:00Z,paid,nanora.dorlais@exemple.org,Nanora Dorlais,17377,EUR,,Point relais
WEB-033128,2025-11-02T13:54:00Z,PAID,ORSENEA.PERBERT15@EXEMPLE.ORG,Orsenea Perbert,711,EUR,,Domicile
WEB-033113,2025-11-02T14:40:00Z,paid,pivinea.fallin@courrier.test,Pivinea Fallin,3080,eur,,Point relais
WEB-033109,2025-11-02T15:10:00Z,PAID,lomone.kellin@exemple.org,Lomone Kellin,7711,EUR,FIDELITE,Point relais
WEB-033103,2025-11-02T15:25:00Z,PAID,seloni.dorlais@exemple.org,Seloni Dorlais,11104,EUR,,Domicile
WEB-033105,2025-11-02T16:03:00Z,paid,sesenu.lanlin@exemple.org,Sesenu Lanlin,917,EUR,,Point relais
WEB-033104,2025-11-02T16:06:00Z,paid,felonan.lantier@exemple.org,Felonan Lantier,10054,EUR,,Domicile
WEB-033122,2025-11-02T16:37:00Z,paid,dusolo.falbert@exemple.org,Dusolo Falbert,6625,EUR,FIDELITE,Point relais
WEB-033102,2025-11-02T17:13:00Z,paid,kalisel.lansac@exemple.org,Kalisel Lansac,7396,EUR,,Point relais
WEB-033119,2025-11-02T18:36:00Z,paid,jutelo.torrand85@courrier.test,Jutelo Torrand,13968,EUR,,Domicile
WEB-033124,2025-11-02T20:31:00Z,paid,FESOLU.RAVLIN@COURRIER.TEST,Fesolu Ravlin,17769,EUR,,Domicile
WEB-033117,2025-11-02T21:22:00Z,paid,dusena.galmar17@mail.example,Dusena Galmar,9642,EUR,,Domicile
WEB-033142,2025-11-03T10:26:00Z,paid,sesole.brenmar@exemple.org,Sesole Brenmar,8014,EUR,,Point relais
WEB-033136,2025-11-03T13:24:00Z,cancelled,midari.ostmer64@courrier.test,Midari Ostmer,7525,eur,FIDELITE,Point relais
WEB-033155,2025-11-03T15:22:00Z,paid,vemono.nevgren@exemple.org,Vemono Nevgren,10662,EUR,,Domicile
WEB-033129,2025-11-03T15:25:00Z,paid, arsene.brenmer52@courrier.test,Arsene Brenmer,22105,EUR,,Point relais
WEB-033139,2025-11-03T15:27:00Z,paid,mivino.ravsen@exemple.org,Mivino Ravsen,2668,EUR,,Domicile
WEB-033156,2025-11-03T17:15:00Z,paid,nanoru.monkan@mail.example,Nanoru Monkan,13679,EUR,,Domicile
WEB-033134,2025-11-03T17:17:00Z,paid,ZOVINI.WENVANE@COURRIER.TEST,Zovini Wenvane,6562,eur,,Retrait magasin
WEB-033144,2025-11-03T18:45:00Z,PAID,balisia.nevtier@courrier.test,Balisia Nevtier,15400,EUR,,Domicile
WEB-033141,2025-11-03T19:44:00Z,paid,lovenan.ravmer@courrier.test,Lovenan Ravmer,16131,EUR,,Domicile
WEB-033152,2025-11-03T21:01:00Z,PAID,dutaria.havvane@courrier.test,Dutaria Havvane,8004,eur,,Point relais
WEB-T0043,2025-11-03T21:01:00Z,PAID,test@example.com,Test Test,"1,00",eur,,Point relais
WEB-033151,2025-11-03T21:31:00Z,paid,mireli.ostvoir@exemple.org,Mireli Ostvoir,8602,EUR,,Domicile
WEB-033173,2025-11-04T10:26:00Z,PAID,vemare.sorgren@mail.example,Vemare Sorgren,6675,EUR,,Retrait magasin
WEB-033189,2025-11-04T11:41:00Z,paid,elmonel.dorbel@exemple.org,Elmonel Dorbel,23032,EUR,,Domicile
WEB-033190,2025-11-04T13:28:00Z,paid,bavalia.rosbert@courrier.test,Bavalia Rosbert,2256,EUR,,Domicile
WEB-033197,2025-11-04T13:58:00Z,paid,zosenin.galkan@exemple.org,Zosenin Galkan,382,EUR,FIDELITE,Domicile
WEB-033176,2025-11-04T14:44:00Z,paid,felise.tormer@exemple.org,Felise Tormer,5645,EUR,,Domicile
WEB-033172,2025-11-04T15:00:00Z,PAID,somoni.tarver@exemple.org,Somoni Tarver,10466,EUR,,Retrait magasin
WEB-033172,2025-11-04T15:00:00Z,PAID,somoni.tarver@exemple.org,Somoni Tarver,10466,EUR,,Retrait magasin
WEB-033192,2025-11-04T15:04:00Z,PAID,rilisu.nevvane@courrier.test,Rilisu Nevvane,1123,EUR,,Point relais
WEB-033168,2025-11-04T15:12:00Z,paid,malisa.dorvane@exemple.org,Malisa Dorvane,13865,EUR,,Point relais
WEB-033200,2025-11-04T15:41:00Z,PAID,tabore.sorbert71@exemple.org,Tabore Sorbert,10486,EUR,,Domicile
WEB-033191,2025-11-04T15:49:00Z,PAID,tarela.havner@exemple.org,Tarela Havner,7087,EUR,,Domicile
WEB-033199,2025-11-04T16:01:00Z,paid,dugaria.nevsac@courrier.test,Dugaria Nevsac,7406,EUR,,Domicile
WEB-033161,2025-11-04T16:36:00Z,PAID,feboro.nevsen@courrier.test,Feboro Nevsen,8519,EUR,,Domicile
WEB-033188,2025-11-04T16:52:00Z,paid,juvina.perbert@exemple.org,Juvina Perbert,3791,EUR,,Domicile
WEB-033204,2025-11-04T16:56:00Z,paid,tarise.ostbert@exemple.org,Tarise Ostbert,9463,EUR,FIDELITE,Domicile
WEB-033163,2025-11-04T18:45:00Z,paid,pisenel.sorvoir@exemple.org,Pisenel Sorvoir,2874,EUR,,Domicile
WEB-033174,2025-11-04T19:37:00Z,Paid,milonin.faldal@mail.example,Milonin Faldal,2246,eur,,Domicile
WEB-033166,2025-11-04T20:25:00Z,paid,marelin.corgren@exemple.org,Marelin Corgren,299,€,,Domicile
WEB-033175,2025-11-04T20:25:00Z,paid,dulisi.ravkan@mail.example,Dulisi Ravkan,8014,EUR,,Domicile
WEB-033178,2025-11-04T21:06:00Z,cancelled,rigare.rosgren80@mail.example,Rigare Rosgren,14400,EUR,,Domicile
WEB-033164,2025-11-04T21:26:00Z,paid,loborel.torbert@courrier.test,Loborel Torbert,3406,EUR,FIDELITE,Domicile
WEB-033209,2025-11-05T08:02:00Z,paid,bamaru.sorbert@courrier.test,Bamaru Sorbert,7190,EUR,,Domicile
WEB-033218,2025-11-05T09:03:00Z,PAID,julonea.havlin@exemple.org,Julonea Havlin,3595,EUR,,Domicile
WEB-033229,2025-11-05T13:31:00Z,paid,vebora.rosmer@exemple.org,Vebora Rosmer,5738,EUR,,Domicile
WEB-033231,2025-11-05T13:41:00Z,paid,talisin.ravrand89@courrier.test,Talisin Ravrand,7499,EUR,,Point relais
WEB-033214,2025-11-05T14:05:00Z,Paid,pikenan.kelsac@exemple.org,Pikenan Kelsac,9561,EUR,FIDELITE,Domicile
WEB-033228,2025-11-05T15:08:00Z,paid,PIVENEA.VALTIER@COURRIER.TEST,Pivenea Valtier,20756,EUR,,Point relais
WEB-033207,2025-11-05T15:13:00Z,paid,VERISO.MONNER@EXEMPLE.ORG,Veriso Monner,5645,EUR,,Domicile
WEB-033222,2025-11-05T15:49:00Z,paid,arsenia.sorbert@exemple.org,Arsenia Sorbert,6768,EUR,,Point relais
WEB-033211,2025-11-05T16:06:00Z,Paid,rivalo.valbel30@exemple.org,Rivalo Valbel,6057,EUR,,Point relais
WEB-033216,2025-11-05T16:13:00Z,Paid,taboria.lanmont@exemple.org,Taboria Lanmont,13463,EUR,,Point relais
WEB-033227,2025-11-05T16:58:00Z,paid,nalonea.galtier@exemple.org,Nalonea Galtier,12124,€,,Domicile
WEB-033230,2025-11-05T17:18:00Z,paid,sonelo.dormont@exemple.org,Sonelo Dormont,15101,EUR,,Domicile
WEB-033221,2025-11-05T17:22:00Z,PAID,sokeno.wensac@exemple.org,Sokeno Wensac,3987,EUR,,Domicile
WEB-033233,2025-11-05T17:25:00Z,paid,veboria.perkan@courrier.test,Veboria Perkan,2153,eur,,Domicile
WEB-033252,2025-11-06T10:04:00Z,paid,tamoni.havlais@exemple.org,Tamoni Havlais,10682,€,,Domicile
WEB-033256,2025-11-06T10:11:00Z,paid,nanorel.sorver@exemple.org,Nanorel Sorver,14493,€,,Domicile
WEB-033273,2025-11-06T10:27:00Z,paid,milise.nevdal@exemple.org,Milise Nevdal,2153,EUR,,Domicile
WEB-033240,2025-11-06T12:13:00Z,PAID,barisea.dorner@exemple.org,Barisea Dorner,29265,EUR,,Domicile
WEB-033245,2025-11-06T13:09:00Z,paid,lolonea.lanner@exemple.org,Lolonea Lanner,13093,EUR,FIDELITE,Point relais
WEB-033257,2025-11-06T14:03:00Z,PAID,balisia.nevtier@courrier.test,Balisia Nevtier,21879,EUR,,Point relais
WEB-033258,2025-11-06T14:37:00Z,paid,jutela.dungren@courrier.test,Jutela Dungren,12742,EUR,,Point relais
WEB-033249,2025-11-06T15:02:00Z,paid,KANOREL.MONDAL@COURRIER.TEST,Kanorel Mondal,27657,eur,,Domicile
WEB-033277,2025-11-06T15:03:00Z,PAID,mamonea.kelmont@exemple.org,Mamonea Kelmont,10476,EUR,,Domicile
WEB-033275,2025-11-06T16:43:00Z,paid,feloni.ravlais@mail.example,Feloni Ravlais,4924,EUR,,Domicile
WEB-033243,2025-11-06T17:03:00Z,paid,ridani.dorbel@courrier.test,Ridani Dorbel,3060,eur,,Domicile
WEB-033254,2025-11-06T17:24:00Z,paid,orlisin.ravvane@mail.example,Orlisin Ravvane,9828,EUR,,Domicile
WEB-033242,2025-11-06T17:33:00Z,paid,sorisea.monmer@exemple.org,Sorisea Monmer,3286,€,,Point relais
WEB-033250,2025-11-06T17:45:00Z,cancelled,junelia.faldis69@mail.example,Junelia Faldis,10373,EUR,,Domicile
WEB-033268,2025-11-06T17:49:00Z,paid,jurisel.dunvane@exemple.org,Jurisel Dunvane,4625,EUR,,Point relais
WEB-033270,2025-11-06T18:56:00Z,paid,orvinu.ravlin@exemple.org,Orvinu Ravlin,6155,€,FIDELITE,Domicile
WEB-033270,2025-11-06T18:56:00Z,paid,orvinu.ravlin@exemple.org,Orvinu Ravlin,6155,€,FIDELITE,Domicile
WEB-033244,2025-11-06T19:03:00Z,paid,elrelin.torlais@exemple.org,Elrelin Torlais,1741,EUR,,Domicile
WEB-033272,2025-11-06T19:42:00Z,Paid,somonan.torkan@exemple.org,Somonan Torkan,13350,EUR,,Domicile
WEB-033262,2025-11-06T20:28:00Z,paid, vesenan.dunlais@mail.example,Vesenan Dunlais,15599,EUR,FIDELITE,Domicile
WEB-033274,2025-11-06T21:24:00Z,PAID,ornelel.dunbel@exemple.org,Ornelel Dunbel,3698,EUR,,Domicile
WEB-033292,2025-11-07T10:46:00Z,paid,nanoro.gallais@mail.example,Nanoro Gallais,8509,EUR,,Point relais
WEB-033332,2025-11-07T11:03:00Z,paid,TATARIA.GALTIER@EXEMPLE.ORG,Tataria Galtier,22939,EUR,,Point relais
WEB-033314,2025-11-07T12:00:00Z,Paid,lovenia.monbert@courrier.test,Lovenia Monbert,31591,EUR,,Domicile
WEB-033327,2025-11-07T12:49:00Z,paid,eldani.ravmer@exemple.org,Eldani Ravmer,30541,EUR,,Domicile
WEB-033331,2025-11-07T12:54:00Z,paid,ORVALIN.TARDAL@COURRIER.TEST,Orvalin Tardal,1947,EUR,FIDELITE,Domicile
WEB-033322,2025-11-07T12:56:00Z,paid,tanore.perrand@exemple.org,Tanore Perrand,9652,EUR,,Domicile
WEB-033289,2025-11-07T13:01:00Z,paid,SOMARI.RAVNER@EXEMPLE.ORG,Somari Ravner,12227,EUR,,Point relais
WEB-033326,2025-11-07T13:48:00Z,PAID,FEMARO.SORVER@EXEMPLE.ORG,Femaro Sorver,9559,EUR,,Point relais
WEB-033335,2025-11-07T14:10:00Z,paid,mamari.ravner@courrier.test,Mamari Ravner,20663,EUR,,Retrait magasin
WEB-033303,2025-11-07T14:17:00Z,PAID,lotela.sorkan@mail.example,Lotela Sorkan,8931,EUR,,Point relais
WEB-033287,2025-11-07T14:19:00Z,paid,manelo.perrand@courrier.test,Manelo Perrand,11599,EUR,,Point relais
WEB-033307,2025-11-07T14:40:00Z,Paid,elmonin.brenlin@courrier.test,Elmonin Brenlin,3709,EUR,FIDELITE,Point relais
WEB-033305,2025-11-07T14:55:00Z,PAID,ortela.ostver@courrier.test,Ortela Ostver,7582,EUR,,Domicile
WEB-033313,2025-11-07T15:14:00Z,paid,dudania.nevner@exemple.org,Dudania Nevner,5213,EUR,,Point relais
WEB-033291,2025-11-07T15:19:00Z,PAID,kareli.wenbel@courrier.test,Kareli Wenbel,3389,EUR,,Domicile
WEB-033308,2025-11-07T15:38:00Z,paid,mavalia.ravmar@courrier.test,Mavalia Ravmar,1226,EUR,,Domicile
WEB-033280,2025-11-07T15:48:00Z,paid,dulisia.kelrand@courrier.test,Dulisia Kelrand,6160,EUR,,Domicile
WEB-033306,2025-11-07T15:53:00Z,paid,rinorin.torrand@exemple.org,Rinorin Torrand,15749,EUR,,Domicile
WEB-033336,2025-11-07T16:03:00Z,PAID,pitare.sorner@exemple.org,Pitare Sorner,7685,EUR,,Point relais
WEB-033329,2025-11-07T16:18:00Z,paid,zokeni.falnet@exemple.org,Zokeni Falnet,5243,EUR,,Retrait magasin
WEB-T0023,2025-11-07T16:18:00Z,paid,test@example.com,Test Test,"1,00",EUR,,Retrait magasin
WEB-033304,2025-11-07T17:04:00Z,Paid,vedano.tarver@courrier.test,Vedano Tarver,2658,EUR,,Domicile
WEB-033330,2025-11-07T17:18:00Z,paid,KAKENE.MONNER@EXEMPLE.ORG,Kakene Monner,1937,EUR,,Domicile
WEB-033302,2025-11-07T17:40:00Z,Paid,rimono.galvoir@courrier.test,Rimono Galvoir,1226,EUR,,Domicile
WEB-033295,2025-11-07T18:27:00Z,paid,nasolel.lansac@mail.example,Nasolel Lansac,9662,eur,,Domicile
WEB-033300,2025-11-07T18:56:00Z,paid,mivenin.falner@courrier.test,Mivenin Falner,5173,EUR,BIENVENUE,Domicile
WEB-033285,2025-11-07T19:46:00Z,PAID,selonin.cordal@exemple.org,Selonin Cordal,5140,EUR,,Domicile
WEB-033316,2025-11-07T21:03:00Z,Paid,vebora.monnet47@exemple.org,Vebora Monnet,9436,eur,,Point relais
WEB-033333,2025-11-07T21:15:00Z,paid,lonorel.havbert@exemple.org,Lonorel Havbert,8503,EUR,FIDELITE,Domicile
WEB-033309,2025-11-07T21:17:00Z,paid,riborel.nevner@courrier.test,Riborel Nevner,15040,EUR,FIDELITE,Point relais
WEB-033312,2025-11-07T21:53:00Z,paid,sosole.brennet4@mail.example,Sosole Brennet,23836,eur,,Retrait magasin
WEB-033400,2025-11-08T09:12:00Z,Paid,bavenin.havver@exemple.org,Bavenin Havver,5140,EUR,,Domicile
WEB-033355,2025-11-08T10:17:00Z,paid,kaboru.rosnet@exemple.org,Kaboru Rosnet,6944,EUR,,Domicile
WEB-033392,2025-11-08T10:44:00Z,paid,sekeno.lansac@exemple.org,Sekeno Lansac,8210,eur,,Domicile
WEB-033361,2025-11-08T11:18:00Z,paid,soboru.valtier@courrier.test,Soboru Valtier,16234,eur,,Retrait magasin
WEB-033342,2025-11-08T11:21:00Z,paid,zomoni.perdis@mail.example,Zomoni Perdis,7612,EUR,,Point relais
WEB-033362,2025-11-08T11:22:00Z,PAID,narela.lanrand@exemple.org,Narela Lanrand,5027,EUR,,Domicile
WEB-033391,2025-11-08T11:23:00Z,paid,julona.ravtier@exemple.org,Julona Ravtier,6768,EUR,,Domicile
WEB-033379,2025-11-08T11:36:00Z,paid,ORKENIA.DUNDIS@COURRIER.TEST,Orkenia Dundis,6366,EUR,,Domicile
WEB-033351,2025-11-08T11:49:00Z,paid,madaru.torner@courrier.test,Madaru Torner,17676,EUR,,Domicile
WEB-033381,2025-11-08T12:54:00Z,PAID,tavenin.lanvoir@exemple.org,Tavenin Lanvoir,12536,EUR,,Domicile
WEB-033346,2025-11-08T13:58:00Z,paid,basena.kelnet@courrier.test,Basena Kelnet,1638,eur,,Domicile
WEB-033404,2025-11-08T14:12:00Z,paid,elsenin.pervane@courrier.test,Elsenin Pervane,21281,€,,Domicile
WEB-033376,2025-11-08T14:13:00Z,paid,kadania.falrand@exemple.org,Kadania Falrand,5738,EUR,,Point relais
WEB-033352,2025-11-08T14:36:00Z,paid, rilonan.galbel@courrier.test,Rilonan Galbel,13752,EUR,,Point relais
WEB-033356,2025-11-08T14:50:00Z,paid,mavalia.ravmar@courrier.test,Mavalia Ravmar,22414,EUR,,Point relais
WEB-033402,2025-11-08T15:23:00Z,paid,bavalia.faltier@mail.example,Bavalia Faltier,4615,eur,,Domicile
WEB-033403,2025-11-08T15:28:00Z,PAID,artele.fallais@courrier.test,Artele Fallais,27893,EUR,,Domicile
WEB-033344,2025-11-08T15:39:00Z,paid,orsolo.dunbert@exemple.org,Orsolo Dunbert,2246,EUR,,Point relais
WEB-033338,2025-11-08T15:59:00Z,PAID,NARELA.LANRAND@EXEMPLE.ORG,Narela Lanrand,8828,€,,Point relais
WEB-033363,2025-11-08T16:13:00Z,Paid,JUVINI.RAVMONT@COURRIER.TEST,Juvini Ravmont,5439,EUR,,Domicile
WEB-033367,2025-11-08T16:16:00Z,paid,elvinan.dunnet@exemple.org,Elvinan Dunnet,3585,eur,,Point relais
WEB-033387,2025-11-08T16:26:00Z,PAID,lovenia.monbert@courrier.test,Lovenia Monbert,36299,EUR,,Retrait magasin
WEB-033350,2025-11-08T17:01:00Z,paid,venora.ravbert@mail.example,Venora Ravbert,8715,EUR,,Retrait magasin
WEB-033385,2025-11-08T17:15:00Z,paid,dutelan.ostrand@courrier.test,Dutelan Ostrand,1329,EUR,,Domicile
WEB-033345,2025-11-08T17:46:00Z,paid,natelea.havmont@exemple.org,Natelea Havmont,3143,EUR,BIENVENUE,Domicile
WEB-033383,2025-11-08T18:23:00Z,Paid,mirele.ostmer34@exemple.org,Mirele Ostmer,8941,eur,,Domicile
WEB-033378,2025-11-08T18:25:00Z,PAID,masenia.ravlin@exemple.org,Masenia Ravlin,10981,EUR,,Point relais
WEB-033396,2025-11-08T18:39:00Z,paid,arkenea.sorsac@exemple.org,Arkenea Sorsac,16430,EUR,,Retrait magasin
WEB-033398,2025-11-08T19:02:00Z,Paid,ortelu.dorner@exemple.org,Ortelu Dorner,17975,EUR,,Domicile
WEB-033357,2025-11-08T19:10:00Z,paid,fekeni.sordis@courrier.test,Fekeni Sordis,7604,EUR,FIDELITE,Domicile
WEB-033375,2025-11-08T19:19:00Z,PAID,lovinu.galver@courrier.test,Lovinu Galver,13885,eur,,Point relais
WEB-033349,2025-11-08T19:34:00Z,paid,juborea.galgren@exemple.org,Juborea Galgren,10167,eur,,Domicile
WEB-033366,2025-11-08T19:37:00Z,Paid,banelan.valvoir1@exemple.org,Banelan Valvoir,7310,eur,FIDELITE,Domicile
WEB-033370,2025-11-08T21:40:00Z,paid,dudaro.tormar@exemple.org,Dudaro Tormar,5944,EUR,,Point relais
WEB-033397,2025-11-08T21:52:00Z,paid,somaria.dundis@exemple.org,Somaria Dundis,4924,EUR,,Retrait magasin
WEB-033397,2025-11-08T21:52:00Z,paid,somaria.dundis@exemple.org,Somaria Dundis,4924,EUR,,Retrait magasin
WEB-033424,2025-11-09T09:21:00Z,PAID,dukenan.tartier@exemple.org,Dukenan Tartier,2828,€,FIDELITE,Point relais
WEB-033438,2025-11-09T12:15:00Z,PAID,rimari.dormar@courrier.test,Rimari Dormar,10579,€,,Domicile
WEB-033437,2025-11-09T13:31:00Z,PAID,mamonea.kelmont@exemple.org,Mamonea Kelmont,5532,€,,Point relais
WEB-033420,2025-11-09T13:40:00Z,PAID,sovinin.havmar@exemple.org,Sovinin Havmar,5758,EUR,,Point relais
WEB-033409,2025-11-09T15:15:00Z,paid,yunora.nevsen@mail.example,Yunora Nevsen,5130,EUR,,Point relais
WEB-033429,2025-11-09T15:34:00Z,PAID,orseno.rosmer@exemple.org,Orseno Rosmer,1638,EUR,,Point relais
WEB-033415,2025-11-09T17:31:00Z,paid,mivale.falsen@exemple.org,Mivale Falsen,10785,€,,Domicile
WEB-033428,2025-11-09T18:06:00Z,paid,makeno.valbert@courrier.test,Makeno Valbert,10682,EUR,,Point relais
WEB-033413,2025-11-09T18:50:00Z,paid,kamonel.vallin@courrier.test,Kamonel Vallin,6057,€,,Domicile
WEB-033421,2025-11-09T18:56:00Z,paid,zogaro.ravlin@mail.example,Zogaro Ravlin,22816,EUR,,Domicile
WEB-033408,2025-11-09T19:52:00Z,PAID,kareli.persen@exemple.org,Kareli Persen,25298,EUR,,Point relais
WEB-033427,2025-11-09T21:23:00Z,paid,feborea.corsen@exemple.org,Feborea Corsen,6346,€,,Domicile
WEB-033430,2025-11-09T21:38:00Z,paid,elsolia.montier@exemple.org,Elsolia Montier,4100,€,,Domicile
WEB-033416,2025-11-09T21:53:00Z,PAID,ORRELIN.SORGREN@COURRIER.TEST,Orrelin Sorgren,22301,eur,,Point relais
WEB-033491,2025-11-10T09:55:00Z,PAID,artaran.permer69@courrier.test,Artaran Permer,9765,EUR,,Domicile
WEB-T0039,2025-11-10T09:55:00Z,PAID,test@example.com,Test Test,"1,00",EUR,,Domicile
WEB-033473,2025-11-10T12:06:00Z,paid,somari.ravrand@courrier.test,Somari Ravrand,6263,EUR,,Domicile
WEB-033448,2025-11-10T12:19:00Z,paid,pisolia.sorgren85@exemple.org,Pisolia Sorgren,7808,EUR,,Retrait magasin
WEB-033465,2025-11-10T12:56:00Z,paid,jutela.nevgren@exemple.org,Jutela Nevgren,12619,€,,Domicile
WEB-033475,2025-11-10T13:31:00Z,PAID,riboria.rosdal@exemple.org,Riboria Rosdal,5037,EUR,,Point relais
WEB-033462,2025-11-10T14:04:00Z,cancelled,arrelan.roslin@exemple.org,Arrelan Roslin,12639,EUR,,Point relais
WEB-033449,2025-11-10T14:08:00Z,PAID,pivalel.ravmer@mail.example,Pivalel Ravmer,1010,EUR,,Point relais
WEB-033497,2025-11-10T14:19:00Z,PAID,elvenia.tarvoir@courrier.test,Elvenia Tarvoir,16945,EUR,,Retrait magasin
WEB-033492,2025-11-10T14:27:00Z,paid,sekenu.dorsen@exemple.org,Sekenu Dorsen,7077,EUR,,Point relais
WEB-033479,2025-11-10T14:37:00Z,paid,manelo.perrand@courrier.test,Manelo Perrand,11104,EUR,,Point relais
WEB-033036,2025-11-10T14:45:00Z,paid,migaru.duntier@exemple.org,Migaru Duntier,2462,€,,Domicile
WEB-033470,2025-11-10T14:58:00Z,paid,YUVINU.KELDIS@MAIL.EXAMPLE,Yuvinu Keldis,5851,EUR,,Retrait magasin
WEB-033493,2025-11-10T15:08:00Z,paid,seneli.lanbel@exemple.org,Seneli Lanbel,2977,EUR,,Point relais
WEB-T0040,2025-11-10T15:08:00Z,paid,test@example.com,Test Test,"1,00",EUR,,Point relais
WEB-033445,2025-11-10T15:17:00Z,PAID,zoboru.perbel@mail.example,Zoboru Perbel,3894,EUR,,Domicile
WEB-033453,2025-11-10T15:38:00Z,paid,yumonu.rosrand@courrier.test,Yumonu Rosrand,4625,EUR,,Point relais
WEB-033454,2025-11-10T15:38:00Z,paid, lodanan.tornet@courrier.test,Lodanan Tornet,17789,EUR,,Domicile
WEB-033467,2025-11-10T16:02:00Z,PAID,fedane.ostkan@exemple.org,Fedane Ostkan,1020,EUR,,Domicile
WEB-033443,2025-11-10T17:04:00Z,paid,yuvenel.kelner94@courrier.test,Yuvenel Kelner,4419,EUR,,Domicile
WEB-033488,2025-11-10T17:11:00Z,PAID,zovina.brenvoir@exemple.org,Zovina Brenvoir,5243,EUR,,Domicile
WEB-033451,2025-11-10T17:14:00Z,paid,SEDARI.GALNET@EXEMPLE.ORG,Sedari Galnet,10280,EUR,,Domicile
WEB-033450,2025-11-10T17:18:00Z,PAID,DUSOLI.ROSSAC@EXEMPLE.ORG,Dusoli Rossac,11104,EUR,,Point relais
WEB-033486,2025-11-10T17:20:00Z,paid,junelu.ravlais@courrier.test,Junelu Ravlais,8014,EUR,,Point relais
WEB-033469,2025-11-10T17:28:00Z,paid,vemonin.dunrand@exemple.org,Vemonin Dunrand,8117,EUR,,Retrait magasin
WEB-033495,2025-11-10T17:28:00Z,PAID,elmaria.brenlin@exemple.org,Elmaria Brenlin,4419,EUR,,Domicile
WEB-T0021,2025-11-10T17:28:00Z,paid,test@example.com,Test Test,"1,00",EUR,,Retrait magasin
WEB-033452,2025-11-10T17:46:00Z,paid, marisea.faldal@exemple.org,Marisea Faldal,3709,EUR,FIDELITE,Domicile
WEB-033498,2025-11-10T18:08:00Z,PAID,arrelu.ravmer@courrier.test,Arrelu Ravmer,16018,EUR,,Domicile
WEB-033480,2025-11-10T19:02:00Z,paid,zolona.ostdal@exemple.org,Zolona Ostdal,15204,EUR,,Domicile
WEB-033468,2025-11-10T19:39:00Z,paid,TADARA.ROSVANE@COURRIER.TEST,Tadara Rosvane,6459,EUR,,Point relais
WEB-033474,2025-11-10T20:49:00Z,paid,vekenea.falbel@courrier.test,Vekenea Falbel,12144,€,,Point relais
WEB-033494,2025-11-10T21:59:00Z,Paid,ORGAREA.DUNSAC@COURRIER.TEST,Orgarea Dunsac,11167,EUR,,Domicile
WEB-033521,2025-11-11T11:29:00Z,PAID,lovena.tornet82@courrier.test,Lovena Tornet,6871,EUR,,Retrait magasin
WEB-033515,2025-11-11T11:46:00Z,Paid,yuboru.tarnet@mail.example,Yuboru Tarnet,11506,EUR,,Retrait magasin
WEB-033528,2025-11-11T12:19:00Z,paid,talonan.havmar7@exemple.org,Talonan Havmar,6263,EUR,,Point relais
WEB-033512,2025-11-11T13:24:00Z,Paid,bamaria.perlin@exemple.org,Bamaria Perlin,5964,EUR,,Retrait magasin
WEB-033510,2025-11-11T13:36:00Z,paid,arsenu.falsac@mail.example,Arsenu Falsac,15998,EUR,,Domicile
WEB-033499,2025-11-11T14:05:00Z,paid,elrisel.perrand@exemple.org,Elrisel Perrand,917,EUR,,Domicile
WEB-033529,2025-11-11T14:34:00Z,paid,MAGARI.WENVER@EXEMPLE.ORG,Magari Wenver,7396,€,,Point relais
WEB-033526,2025-11-11T15:09:00Z,paid,lodanu.faldis@mail.example,Lodanu Faldis,6572,eur,,Domicile
WEB-033513,2025-11-11T15:23:00Z,PAID,orvenea.rosmer@courrier.test,Orvenea Rosmer,11805,EUR,,Point relais
WEB-033534,2025-11-11T15:33:00Z,paid,zomarin.ostnet@courrier.test,Zomarin Ostnet,8014,EUR,,Domicile
WEB-033520,2025-11-11T15:35:00Z,paid,sogari.monkan14@courrier.test,Sogari Monkan,2916,€,FIDELITE,Domicile
WEB-033522,2025-11-11T16:13:00Z,PAID,tavine.lanmont@exemple.org,Tavine Lanmont,6140,€,,Domicile
WEB-033524,2025-11-11T16:34:00Z,PAID,bamonea.ravmont@exemple.org,Bamonea Ravmont,5645,EUR,,Retrait magasin
WEB-033531,2025-11-11T16:49:00Z,paid,JUMARO.FALMAR@EXEMPLE.ORG,Jumaro Falmar,711,EUR,,Domicile
WEB-033530,2025-11-11T18:00:00Z,PAID,fesene.ostmer@courrier.test,Fesene Ostmer,9034,EUR,,Point relais
WEB-033527,2025-11-11T18:47:00Z,PAID,eldane.rosbel@courrier.test,Eldane Rosbel,21065,EUR,,Retrait magasin
WEB-033533,2025-11-11T19:52:00Z,PAID,jumarin.mongren@mail.example,Jumarin Mongren,25217,eur,FIDELITE,Point relais
WEB-033514,2025-11-11T20:59:00Z,paid,serelu.monkan@courrier.test,Serelu Monkan,3276,EUR,,Point relais
WEB-033506,2025-11-11T21:43:00Z,PAID,elvalel.torver@courrier.test,Elvalel Torver,8921,EUR,,Domicile
WEB-033552,2025-11-12T10:39:00Z,Paid,magarin.havlais64@exemple.org,Magarin Havlais,17892,EUR,,Domicile
WEB-033581,2025-11-12T11:09:00Z,PAID,arborea.vallin@courrier.test,Arborea Vallin,7087,EUR,,Domicile
WEB-033550,2025-11-12T11:28:00Z,paid,mavenin.wenvane@exemple.org,Mavenin Wenvane,9745,€,,Point relais
WEB-033582,2025-11-12T12:18:00Z,paid,eldani.rosmont@exemple.org,Eldani Rosmont,13041,EUR,,Domicile
WEB-033551,2025-11-12T12:22:00Z,Paid,lorelo.corner@courrier.test,Lorelo Corner,2040,EUR,,Point relais
WEB-033555,2025-11-12T12:46:00Z,PAID,MAGARI.WENVER@EXEMPLE.ORG,Magari Wenver,3183,EUR,,Point relais
WEB-033538,2025-11-12T12:50:00Z,PAID,soreli.valvane@mail.example,Soreli Valvane,6778,EUR,,Point relais
WEB-033569,2025-11-12T12:50:00Z,paid,pivenan.rossac@exemple.org,Pivenan Rossac,1525,EUR,,Retrait magasin
WEB-033558,2025-11-12T13:14:00Z,PAID,ormarin.perner@exemple.org,Ormarin Perner,6479,EUR,,Domicile
WEB-033566,2025-11-12T14:12:00Z,paid,orsena.sornet@courrier.test,Orsena Sornet,10074,EUR,,Point relais
WEB-033585,2025-11-12T14:12:00Z,paid,dudanu.rosmar@exemple.org,Dudanu Rosmar,9034,EUR,,Point relais
WEB-033562,2025-11-12T16:20:00Z,PAID,sekenan.pergren61@exemple.org,Sekenan Pergren,5120,EUR,,Domicile
WEB-033580,2025-11-12T16:23:00Z,paid,judana.tarvane@exemple.org,Judana Tarvane,5316,EUR,,Point relais
WEB-033579,2025-11-12T16:59:00Z,PAID,orbori.gallais3@mail.example,Orbori Gallais,12413,eur,,Domicile
WEB-033554,2025-11-12T17:05:00Z,PAID,dumona.falkan@exemple.org,Dumona Falkan,3122,EUR,FIDELITE,Point relais
WEB-033549,2025-11-12T17:23:00Z,Paid,bagaran.pertier@mail.example,Bagaran Pertier,19726,EUR,,Point relais
WEB-033549,2025-11-12T17:23:00Z,Paid,bagaran.pertier@mail.example,Bagaran Pertier,19726,EUR,,Point relais
WEB-033568,2025-11-12T17:43:00Z,paid,ardania.galmar@exemple.org,Ardania Galmar,3894,EUR,,Retrait magasin
WEB-033586,2025-11-12T17:58:00Z,Paid,duvalan.nevdal@exemple.org,Duvalan Nevdal,4419,EUR,,Domicile
WEB-033560,2025-11-12T18:03:00Z,paid,PIMONU.HAVNET@EXEMPLE.ORG,Pimonu Havnet,12629,€,,Domicile
WEB-033544,2025-11-12T19:28:00Z,Paid,marise.perdal@exemple.org,Marise Perdal,1741,EUR,,Point relais
WEB-T0022,2025-11-12T19:28:00Z,Paid,test@example.com,Test Test,"1,00",EUR,,Point relais
WEB-033540,2025-11-12T19:31:00Z,paid,madaria.nevbel@mail.example,Madaria Nevbel,2864,EUR,,Domicile
WEB-033567,2025-11-12T20:28:00Z,PAID,vedano.dunrand81@exemple.org,Vedano Dunrand,10579,EUR,,Domicile
WEB-033615,2025-11-13T11:26:00Z,paid,elnore.valbert@courrier.test,Elnore Valbert,4698,EUR,,Domicile
WEB-033601,2025-11-13T12:48:00Z,PAID,mavenin.sorrand@exemple.org,Mavenin Sorrand,5037,EUR,,Domicile
WEB-033592,2025-11-13T12:51:00Z,paid,DURELIN.CORDAL@COURRIER.TEST,Durelin Cordal,3585,EUR,,Point relais
WEB-033610,2025-11-13T14:08:00Z,paid,kanori.perner38@mail.example,Kanori Perner,5439,€,,Domicile
WEB-033620,2025-11-13T14:11:00Z,paid,arnorin.ostbert@mail.example,Arnorin Ostbert,18613,EUR,,Domicile
WEB-033588,2025-11-13T14:34:00Z,PAID,bagarea.brenver@exemple.org,Bagarea Brenver,7396,€,,Point relais
WEB-033613,2025-11-13T14:46:00Z,PAID,DUSENEA.BRENVOIR71@COURRIER.TEST,Dusenea Brenvoir,10805,eur,,Point relais
WEB-033609,2025-11-13T15:07:00Z,paid,fenelin.lanbert@courrier.test,Fenelin Lanbert,3389,EUR,,Point relais
WEB-033612,2025-11-13T15:21:00Z,paid,fesenan.valbert@exemple.org,Fesenan Valbert,7283,EUR,,Point relais
WEB-033617,2025-11-13T16:09:00Z,paid,FEVALIN.LANDAL@COURRIER.TEST,Fevalin Landal,8632,EUR,,Point relais
WEB-033608,2025-11-13T16:33:00Z,PAID,ridaro.dundis@courrier.test,Ridaro Dundis,20952,EUR,,Point relais
WEB-033598,2025-11-13T16:59:00Z,cancelled,lodanea.sorgren@mail.example,Lodanea Sorgren,6871,EUR,,Point relais
WEB-033619,2025-11-13T17:34:00Z,paid,dugarea.havner@exemple.org,Dugarea Havner,2977,EUR,,Domicile
WEB-033626,2025-11-13T17:35:00Z,PAID,nadarin.nevver@courrier.test,Nadarin Nevver,1638,EUR,,Domicile
WEB-033603,2025-11-13T18:28:00Z,PAID,yusenan.wenbel@exemple.org,Yusenan Wenbel,29913,EUR,,Point relais
WEB-033605,2025-11-13T19:06:00Z,paid,arkenel.nevdal@exemple.org,Arkenel Nevdal,13443,EUR,,Retrait magasin
WEB-033624,2025-11-13T19:12:00Z,paid,pivenan.torver@mail.example,Pivenan Torver,814,EUR,,Domicile
WEB-033614,2025-11-13T19:15:00Z,paid,seboru.corsen@exemple.org,Seboru Corsen,8004,eur,,Domicile
WEB-033616,2025-11-13T19:35:00Z,Paid,solisu.valmar@exemple.org,Solisu Valmar,2977,EUR,,Point relais
WEB-033594,2025-11-13T19:54:00Z,PAID,yukena.pergren@exemple.org,Yukena Pergren,2153,EUR,,Point relais
WEB-033602,2025-11-13T20:00:00Z,paid,ornora.ostbert@exemple.org,Ornora Ostbert,4007,EUR,,Domicile
WEB-033622,2025-11-13T20:01:00Z,paid,bagari.havlin@mail.example,Bagari Havlin,2761,EUR,,Point relais
WEB-033595,2025-11-13T21:46:00Z,cancelled,orvine.galmer18@mail.example,Orvine Galmer,3220,EUR,FIDELITE,Domicile
WEB-033641,2025-11-14T10:03:00Z,Paid,jutelan.ravtier@courrier.test,Jutelan Ravtier,6047,EUR,,Point relais
WEB-033669,2025-11-14T10:53:00Z,PAID,seboro.valmer@courrier.test,Seboro Valmer,2153,EUR,,Domicile
WEB-033672,2025-11-14T11:01:00Z,paid,vesolia.dorbert@courrier.test,Vesolia Dorbert,5037,EUR,,Domicile
WEB-033631,2025-11-14T11:03:00Z,paid,riboria.rosdal@exemple.org,Riboria Rosdal,2555,EUR,,Domicile
WEB-033648,2025-11-14T12:06:00Z,PAID,arnorea.brenlais49@courrier.test,Arnorea Brenlais,3492,EUR,,Domicile
WEB-033654,2025-11-14T12:36:00Z,paid,serelea.pertier@exemple.org,Serelea Pertier,8004,EUR,,Point relais
WEB-033670,2025-11-14T12:43:00Z,PAID, vedara.tarsac86@courrier.test,Vedara Tarsac,23979,EUR,,Point relais
WEB-033640,2025-11-14T14:10:00Z,PAID,elmara.dorvane@exemple.org,Elmara Dorvane,8838,€,,Domicile
WEB-033630,2025-11-14T14:37:00Z,paid,MIMARAN.GALKAN@EXEMPLE.ORG,Mimaran Galkan,1947,€,,Point relais
WEB-033644,2025-11-14T14:53:00Z,paid,fegarin.lankan@exemple.org,Fegarin Lankan,24454,EUR,,Point relais
WEB-033650,2025-11-14T16:08:00Z,paid,sorelan.corner@exemple.org,Sorelan Corner,7283,€,,Domicile
WEB-033639,2025-11-14T16:21:00Z,paid,mibora.valmar@exemple.org,Mibora Valmar,12536,€,,Domicile
WEB-033628,2025-11-14T16:22:00Z,paid,ritele.dorrand@exemple.org,Ritele Dorrand,299,EUR,,Point relais
WEB-033662,2025-11-14T17:15:00Z,Paid,pivalia.ravsen@mail.example,Pivalia Ravsen,3050,EUR,,Point relais
WEB-033659,2025-11-14T17:22:00Z,PAID,fedara.pervane@exemple.org,Fedara Pervane,6974,EUR,,Domicile
WEB-033666,2025-11-14T17:23:00Z,paid,dutarin.monmont@mail.example,Dutarin Monmont,22115,EUR,,Domicile
WEB-033656,2025-11-14T17:42:00Z,paid,pimonu.havnet@exemple.org,Pimonu Havnet,1329,EUR,,Point relais
WEB-033646,2025-11-14T18:07:00Z,Paid,MADAREA.SORNER@MAIL.EXAMPLE,Madarea Sorner,8494,eur,FIDELITE,Point relais
WEB-033660,2025-11-14T18:09:00Z,paid,nalonea.galtier@exemple.org,Nalonea Galtier,5954,EUR,,Domicile
WEB-033671,2025-11-14T18:15:00Z,paid,orrelea.nevlais@courrier.test,Orrelea Nevlais,11815,EUR,,Domicile
WEB-033674,2025-11-14T18:21:00Z,paid,pisolu.cormont@exemple.org,Pisolu Cormont,2977,EUR,,Domicile
WEB-033633,2025-11-14T18:25:00Z,paid,DUSOLIA.SORKAN@MAIL.EXAMPLE,Dusolia Sorkan,17573,EUR,,Point relais
WEB-033643,2025-11-14T18:27:00Z,paid,fesenan.brenbert@courrier.test,Fesenan Brenbert,8529,EUR,,Retrait magasin
WEB-033638,2025-11-14T18:28:00Z,paid,dunelia.torgren@mail.example,Dunelia Torgren,2977,EUR,,Domicile
WEB-033652,2025-11-14T19:09:00Z,Paid,tataro.galmont@courrier.test,Tataro Galmont,10476,EUR,,Domicile
WEB-033664,2025-11-14T19:49:00Z,cancelled,elgaria.ostnet@courrier.test,Elgaria Ostnet,1329,EUR,,Domicile
WEB-033637,2025-11-14T21:00:00Z,Paid,balonan.ravner@mail.example,Balonan Ravner,11918,EUR,,Point relais
WEB-033637,2025-11-14T21:00:00Z,Paid,balonan.ravner@mail.example,Balonan Ravner,11918,EUR,,Point relais
WEB-033705,2025-11-15T08:17:00Z,paid,zovine.ostgren@exemple.org,Zovine Ostgren,1123,€,,Domicile
WEB-033714,2025-11-15T09:23:00Z,paid,rivenin.sormont@mail.example,Rivenin Sormont,17367,EUR,,Domicile
WEB-033690,2025-11-15T09:24:00Z,PAID,kasola.monmer@exemple.org,Kasola Monmer,20972,EUR,,Point relais
WEB-033712,2025-11-15T10:20:00Z,paid,sodaru.havlin@mail.example,Sodaru Havlin,13350,EUR,,Domicile
WEB-033725,2025-11-15T10:41:00Z,paid,vesena.wenvane@courrier.test,Vesena Wenvane,6964,EUR,,Point relais
WEB-033693,2025-11-15T11:52:00Z,Paid,semara.monmer@exemple.org,Semara Monmer,3492,EUR,,Point relais
WEB-033708,2025-11-15T12:03:00Z,paid,arsolea.brenbel@exemple.org,Arsolea Brenbel,6479,EUR,,Point relais
WEB-033726,2025-11-15T12:36:00Z,Paid,talono.mongren@mail.example,Talono Mongren,1741,EUR,,Domicile
WEB-033730,2025-11-15T13:22:00Z,PAID,juborea.monver@exemple.org,Juborea Monver,6974,EUR,,Domicile
WEB-033721,2025-11-15T13:28:00Z,paid,navene.rosbert@courrier.test,Navene Rosbert,2153,EUR,,Domicile
WEB-033736,2025-11-15T13:47:00Z,paid,BAVINEL.NEVVOIR@EXEMPLE.ORG,Bavinel Nevvoir,3894,EUR,,Domicile
WEB-033713,2025-11-15T14:24:00Z,paid,tagara.rossen@courrier.test,Tagara Rossen,12443,EUR,,Point relais
WEB-033680,2025-11-15T14:25:00Z,paid,pimaru.ravlin@courrier.test,Pimaru Ravlin,11516,EUR,,Point relais
WEB-033717,2025-11-15T14:35:00Z,paid,JUGAREA.FALNET@MAIL.EXAMPLE,Jugarea Falnet,10805,EUR,,Point relais
WEB-033723,2025-11-15T15:16:00Z,paid,arrelan.roslin@exemple.org,Arrelan Roslin,1123,€,,Domicile
WEB-033691,2025-11-15T15:45:00Z,PAID,naboro.falsen94@courrier.test,Naboro Falsen,22806,EUR,,Point relais
WEB-033733,2025-11-15T16:05:00Z,PAID,orrelo.falver@exemple.org,Orrelo Falver,9044,EUR,,Point relais
WEB-033699,2025-11-15T16:31:00Z,paid,kasena.corsac@exemple.org,Kasena Corsac,14689,EUR,,Point relais
WEB-033707,2025-11-15T16:46:00Z,paid,sogarea.wenner@courrier.test,Sogarea Wenner,4605,eur,,Domicile
WEB-033689,2025-11-15T16:57:00Z,paid,pikene.corbel@exemple.org,Pikene Corbel,10260,EUR,,Point relais
WEB-033682,2025-11-15T17:28:00Z,Paid,pitelea.wengren@exemple.org,Pitelea Wengren,8612,EUR,,Point relais
WEB-033684,2025-11-15T17:47:00Z,paid,banelu.monver32@exemple.org,Banelu Monver,13227,EUR,,Domicile
WEB-033711,2025-11-15T17:53:00Z,Paid,sorelan.corner@exemple.org,Sorelan Corner,1638,EUR,,Domicile
WEB-033692,2025-11-15T18:14:00Z,PAID,tasenu.brendal@courrier.test,Tasenu Brendal,6881,EUR,,Domicile
WEB-033704,2025-11-15T18:17:00Z,paid,sotaru.dorver@mail.example,Sotaru Dorver,9137,EUR,,Point relais
WEB-033715,2025-11-15T18:39:00Z,paid,elkenia.corrand@courrier.test,Elkenia Corrand,8931,eur,,Domicile
WEB-033696,2025-11-15T19:01:00Z,paid, dusenel.havsen@courrier.test,Dusenel Havsen,3904,€,,Domicile
WEB-033698,2025-11-15T20:38:00Z,Paid,arvenin.dunver@exemple.org,Arvenin Dunver,8828,EUR,,Point relais
WEB-033700,2025-11-15T21:46:00Z,paid,selisi.montier@exemple.org,Selisi Montier,9456,eur,,Point relais
WEB-033755,2025-11-16T08:00:00Z,PAID,arlonea.havsen2@exemple.org,Arlonea Havsen,19015,eur,,Domicile
WEB-033758,2025-11-16T08:10:00Z,PAID,tarisi.falgren@courrier.test,Tarisi Falgren,4384,EUR,FIDELITE,Domicile
WEB-033760,2025-11-16T12:01:00Z,paid,zosenea.lansac@courrier.test,Zosenea Lansac,1947,EUR,,Point relais
WEB-033771,2025-11-16T12:58:00Z,PAID,vevino.permont85@mail.example,Vevino Permont,10373,EUR,,Domicile
WEB-033749,2025-11-16T13:06:00Z,Paid,zoveni.tordal@courrier.test,Zoveni Tordal,505,EUR,,Domicile
WEB-033759,2025-11-16T13:45:00Z,PAID,ORNORIN.TORMONT@EXEMPLE.ORG,Ornorin Tormont,1638,eur,,Domicile
WEB-033768,2025-11-16T15:11:00Z,PAID,tasolan.nevsen@courrier.test,Tasolan Nevsen,7715,EUR,,Domicile
WEB-033764,2025-11-16T15:40:00Z,paid,losole.monbert@exemple.org,Losole Monbert,15729,eur,,Domicile
WEB-033767,2025-11-16T15:43:00Z,paid,yugarin.galbel41@courrier.test,Yugarin Galbel,12629,EUR,,Point relais
WEB-033744,2025-11-16T16:05:00Z,paid,arkenia.valrand@exemple.org,Arkenia Valrand,5027,EUR,,Point relais
WEB-033744,2025-11-16T16:05:00Z,paid,arkenia.valrand@exemple.org,Arkenia Valrand,5027,EUR,,Point relais
WEB-033747,2025-11-16T16:11:00Z,paid,VEGARI.WENGREN@EXEMPLE.ORG,Vegari Wengren,37824,EUR,,Point relais
WEB-033737,2025-11-16T16:30:00Z,paid,orkene.wentier@exemple.org,Orkene Wentier,14689,€,,Domicile
WEB-033772,2025-11-16T16:30:00Z,paid,fenore.tarmar@courrier.test,Fenore Tarmar,8014,EUR,,Domicile
WEB-033738,2025-11-16T17:21:00Z,paid,rivino.tarrand@mail.example,Rivino Tarrand,3286,EUR,,Domicile
WEB-033750,2025-11-16T17:22:00Z,PAID,midaran.falvoir@exemple.org,Midaran Falvoir,6871,EUR,,Point relais
WEB-033769,2025-11-16T17:33:00Z,paid,seseni.havtier@exemple.org,Seseni Havtier,19756,EUR,,Domicile
WEB-033766,2025-11-16T18:16:00Z,PAID,arborea.monrand@courrier.test,Arborea Monrand,2452,EUR,,Domicile
WEB-033739,2025-11-16T18:34:00Z,PAID,tagaran.lanmer@exemple.org,Tagaran Lanmer,12443,€,,Point relais
WEB-033742,2025-11-16T19:16:00Z,paid,balisin.falvoir@exemple.org,Balisin Falvoir,4718,EUR,,Domicile
WEB-033740,2025-11-16T19:45:00Z,paid,pidari.falgren@courrier.test,Pidari Falgren,8941,EUR,,Point relais
WEB-033761,2025-11-16T21:10:00Z,Paid,SOLONEL.NEVGREN@MAIL.EXAMPLE,Solonel Nevgren,15400,EUR,,Point relais
WEB-033777,2025-11-17T10:13:00Z,paid, logarea.ostner@courrier.test,Logarea Ostner,31654,eur,,Point relais
WEB-033778,2025-11-17T11:11:00Z,PAID,pidanel.sorlin@exemple.org,Pidanel Sorlin,2153,EUR,,Point relais
WEB-033810,2025-11-17T12:24:00Z,paid,pitelel.corsac@mail.example,Pitelel Corsac,5017,EUR,,Domicile
WEB-033806,2025-11-17T12:40:00Z,paid,dugaru.lanbert86@courrier.test,Dugaru Lanbert,2040,€,,Point relais
WEB-033775,2025-11-17T13:32:00Z,paid,elseno.lannet@exemple.org,Elseno Lannet,6155,EUR,FIDELITE,Point relais
WEB-033811,2025-11-17T14:06:00Z,paid,TADANU.TORRAND@EXEMPLE.ORG,Tadanu Torrand,4419,EUR,,Point relais
WEB-033787,2025-11-17T14:44:00Z,Paid,dunelia.torgren@mail.example,Dunelia Torgren,7612,EUR,,Domicile
WEB-033798,2025-11-17T14:44:00Z,paid,feboro.nevsen@courrier.test,Feboro Nevsen,5243,EUR,,Domicile
WEB-033799,2025-11-17T14:47:00Z,Paid,ferisi.dorkan@exemple.org,Ferisi Dorkan,25886,EUR,,Domicile
WEB-033783,2025-11-17T14:58:00Z,PAID,argare.galvoir@courrier.test,Argare Galvoir,5851,EUR,,Point relais
WEB-033805,2025-11-17T15:03:00Z,paid,LODANEA.SORGREN@MAIL.EXAMPLE,Lodanea Sorgren,4419,EUR,,Domicile
WEB-033818,2025-11-17T15:47:00Z,paid,zokenel.dormer@exemple.org,Zokenel Dormer,917,eur,,Domicile
WEB-033807,2025-11-17T16:29:00Z,PAID,tadanu.torrand@exemple.org,Tadanu Torrand,4904,EUR,,Domicile
WEB-033796,2025-11-17T17:19:00Z,paid,bavena.ravdis@exemple.org,Bavena Ravdis,6356,EUR,,Domicile
WEB-033785,2025-11-17T17:22:00Z,paid,eltarin.ravmer@exemple.org,Eltarin Ravmer,9343,eur,,Point relais
WEB-033817,2025-11-17T17:50:00Z,PAID,lodano.falbel@courrier.test,Lodano Falbel,2040,€,,Retrait magasin
WEB-033794,2025-11-17T19:30:00Z,paid,midarea.corlais@courrier.test,Midarea Corlais,5336,EUR,,Domicile
WEB-033816,2025-11-17T20:07:00Z,paid,madaru.kelsac37@exemple.org,Madaru Kelsac,14998,EUR,,Retrait magasin
WEB-033856,2025-11-18T09:09:00Z,paid,segarel.ostmont@exemple.org,Segarel Ostmont,10250,EUR,,Domicile
WEB-033857,2025-11-18T11:31:00Z,paid,elgarel.galdal77@exemple.org,Elgarel Galdal,5758,EUR,,Retrait magasin
WEB-033870,2025-11-18T12:16:00Z,paid,nakenu.galkan@exemple.org,Nakenu Galkan,4914,EUR,,Retrait magasin
WEB-033867,2025-11-18T12:52:00Z,PAID,somarea.monmer@exemple.org,Somarea Monmer,17676,EUR,,Retrait magasin
WEB-033865,2025-11-18T13:17:00Z,Paid,senelo.cormer@courrier.test,Senelo Cormer,9652,EUR,,Retrait magasin
WEB-033833,2025-11-18T13:32:00Z,paid,SOTELEA.OSTBEL@COURRIER.TEST,Sotelea Ostbel,3987,EUR,,Retrait magasin
WEB-033833,2025-11-18T13:32:00Z,paid,SOTELEA.OSTBEL@COURRIER.TEST,Sotelea Ostbel,3987,EUR,,Retrait magasin
WEB-033834,2025-11-18T13:45:00Z,paid,RISENIA.OSTBERT53@EXEMPLE.ORG,Risenia Ostbert,4718,eur,,Domicile
WEB-033828,2025-11-18T14:19:00Z,paid,pilonel.ostnet@courrier.test,Pilonel Ostnet,13566,EUR,,Domicile
WEB-033824,2025-11-18T14:22:00Z,paid,vesenu.duntier@courrier.test,Vesenu Duntier,4924,EUR,,Domicile
WEB-033823,2025-11-18T14:34:00Z,paid,jutarel.valtier@courrier.test,Jutarel Valtier,6665,EUR,,Domicile
WEB-033855,2025-11-18T15:06:00Z,paid,kasola.monmer@exemple.org,Kasola Monmer,9858,EUR,,Point relais
WEB-033862,2025-11-18T15:18:00Z,PAID,somaran.torlin@exemple.org,Somaran Torlin,3492,EUR,,Domicile
WEB-033820,2025-11-18T15:43:00Z,paid,sevalin.rosnet@exemple.org,Sevalin Rosnet,1020,EUR,,Point relais
WEB-033863,2025-11-18T16:07:00Z,paid,midari.ostmer64@courrier.test,Midari Ostmer,13875,EUR,,Point relais
WEB-033839,2025-11-18T17:04:00Z,Paid,zokenel.dormer@exemple.org,Zokenel Dormer,7901,EUR,,Domicile
WEB-033835,2025-11-18T18:37:00Z,paid,mivale.falsen@exemple.org,Mivale Falsen,27534,EUR,,Domicile
WEB-033849,2025-11-18T18:45:00Z,PAID,badanel.galdis@exemple.org,Badanel Galdis,8097,EUR,,Domicile
WEB-033864,2025-11-18T19:16:00Z,Paid,durisan.falnet51@exemple.org,Durisan Falnet,2246,eur,,Point relais
WEB-033821,2025-11-18T19:45:00Z,Paid,vemono.dorvoir@courrier.test,Vemono Dorvoir,6984,EUR,,Domicile
WEB-033846,2025-11-18T19:51:00Z,PAID,masenu.sormar@mail.example,Masenu Sormar,10569,eur,,Point relais
WEB-033829,2025-11-18T20:19:00Z,paid,zomone.rosgren@exemple.org,Zomone Rosgren,4615,EUR,,Retrait magasin
WEB-033829,2025-11-18T20:19:00Z,paid,zomone.rosgren@exemple.org,Zomone Rosgren,4615,EUR,,Retrait magasin
WEB-033854,2025-11-18T21:12:00Z,paid,fesolu.ravlin@courrier.test,Fesolu Ravlin,7293,EUR,,Domicile
WEB-033854,2025-11-18T21:12:00Z,paid,fesolu.ravlin@courrier.test,Fesolu Ravlin,7293,EUR,,Domicile
WEB-033888,2025-11-19T08:01:00Z,paid,vevene.ostgren54@courrier.test,Vevene Ostgren,5954,EUR,,Point relais
WEB-033881,2025-11-19T11:04:00Z,paid,durisea.falbert@courrier.test,Durisea Falbert,3791,EUR,,Point relais
WEB-033873,2025-11-19T11:47:00Z,Paid,sogarea.wenner@courrier.test,Sogarea Wenner,1741,EUR,,Point relais
WEB-033876,2025-11-19T12:01:00Z,PAID,rivalo.ostmer@mail.example,Rivalo Ostmer,7190,EUR,,Domicile
WEB-033907,2025-11-19T12:10:00Z,paid,sedani.torgren@courrier.test,Sedani Torgren,14390,EUR,,Point relais
WEB-033897,2025-11-19T12:30:00Z,Paid,mitele.sormer@mail.example,Mitele Sormer,5542,EUR,,Domicile
WEB-033872,2025-11-19T12:49:00Z,PAID,arvenin.dunver@exemple.org,Arvenin Dunver,4924,EUR,,Domicile
WEB-033912,2025-11-19T13:03:00Z,Paid,semonea.monbert@exemple.org,Semonea Monbert,1123,EUR,,Domicile
WEB-033886,2025-11-19T14:39:00Z,paid,jugarea.falnet@mail.example,Jugarea Falnet,11795,EUR,,Domicile
WEB-033902,2025-11-19T16:05:00Z,PAID,ZOVENI.BRENDAL@EXEMPLE.ORG,Zoveni Brendal,5635,EUR,,Point relais
WEB-033914,2025-11-19T16:11:00Z,paid,vebora.monnet47@exemple.org,Vebora Monnet,4203,EUR,,Domicile
WEB-033895,2025-11-19T17:28:00Z,PAID,artaru.brentier34@exemple.org,Artaru Brentier,15390,€,,Domicile
WEB-033892,2025-11-19T18:00:00Z,paid,zogaria.keldis@mail.example,Zogaria Keldis,11290,EUR,,Point relais
WEB-033877,2025-11-19T18:28:00Z,PAID, elvinan.dunnet@exemple.org,Elvinan Dunnet,4419,EUR,,Domicile
WEB-033875,2025-11-19T18:34:00Z,paid,duvinel.wenver@mail.example,Duvinel Wenver,22384,EUR,,Domicile
WEB-033904,2025-11-19T18:43:00Z,paid,zosenin.cortier@mail.example,Zosenin Cortier,6665,EUR,,Point relais
WEB-033874,2025-11-19T19:19:00Z,paid,arbori.torsac@courrier.test,Arbori Torsac,6984,EUR,,Domicile
WEB-033900,2025-11-19T19:40:00Z,paid,dugari.monner@exemple.org,Dugari Monner,28162,EUR,,Point relais
WEB-033887,2025-11-19T19:42:00Z,paid,balonan.ravner@mail.example,Balonan Ravner,5336,EUR,,Retrait magasin
WEB-033913,2025-11-19T19:45:00Z,Paid,dulona.ostlais@mail.example,Dulona Ostlais,2874,eur,,Point relais
WEB-033890,2025-11-19T21:09:00Z,paid,fetelel.valner@exemple.org,Fetelel Valner,17995,EUR,,Point relais
WEB-033922,2025-11-20T12:30:00Z,paid,duboro.wenrand@courrier.test,Duboro Wenrand,27574,EUR,,Domicile
WEB-033954,2025-11-20T13:01:00Z,PAID,ormari.valmer@exemple.org,Ormari Valmer,21590,EUR,,Domicile
WEB-033927,2025-11-20T13:03:00Z,paid,FELISE.TORMER@EXEMPLE.ORG,Felise Tormer,19108,EUR,,Point relais
WEB-033929,2025-11-20T13:53:00Z,paid,rirela.ostbert@exemple.org,Rirela Ostbert,13938,EUR,,Point relais
WEB-033919,2025-11-20T14:01:00Z,paid,orvinel.dunmont@mail.example,Orvinel Dunmont,13257,EUR,,Point relais
WEB-033952,2025-11-20T14:16:00Z,Paid,mimarea.keldis@mail.example,Mimarea Keldis,21889,EUR,,Point relais
WEB-033950,2025-11-20T14:38:00Z,PAID,sodaro.tarkan22@courrier.test,Sodaro Tarkan,4522,EUR,,Domicile
WEB-033963,2025-11-20T14:39:00Z,PAID,rivenea.torkan@mail.example,Rivenea Torkan,11094,EUR,,Point relais
WEB-033946,2025-11-20T15:01:00Z,PAID,bagaran.pertier@mail.example,Bagaran Pertier,1741,EUR,,Point relais
WEB-033946,2025-11-20T15:01:00Z,PAID,bagaran.pertier@mail.example,Bagaran Pertier,1741,EUR,,Point relais
WEB-033960,2025-11-20T15:05:00Z,paid,RIBORAN.KELBEL@MAIL.EXAMPLE,Riboran Kelbel,1937,eur,,Retrait magasin
WEB-033934,2025-11-20T15:34:00Z,paid,rivalia.lanvoir50@exemple.org,Rivalia Lanvoir,5233,EUR,,Point relais
WEB-033943,2025-11-20T16:26:00Z,paid,zogaria.keldis@mail.example,Zogaria Keldis,27244,EUR,FIDELITE,Domicile
WEB-033926,2025-11-20T16:48:00Z,paid,bakeno.tarmar@exemple.org,Bakeno Tarmar,19736,EUR,,Domicile
WEB-033962,2025-11-20T17:01:00Z,paid,sosole.perkan@courrier.test,Sosole Perkan,5037,EUR,,Point relais
WEB-033959,2025-11-20T17:24:00Z,cancelled,dudarel.monvane16@mail.example,Dudarel Monvane,3482,EUR,,Domicile
WEB-033920,2025-11-20T17:38:00Z,paid,elgaria.cormer@courrier.test,Elgaria Cormer,19756,EUR,,Domicile
WEB-033939,2025-11-20T17:41:00Z,paid,bagare.gallais@courrier.test,Bagare Gallais,15925,EUR,,Domicile
WEB-033928,2025-11-20T20:51:00Z,Paid,kagarea.valmar@courrier.test,Kagarea Valmar,5544,EUR,BIENVENUE,Domicile
WEB-033944,2025-11-20T21:02:00Z,paid,juvina.perbert@exemple.org,Juvina Perbert,12732,EUR,,Domicile
WEB-033924,2025-11-20T21:24:00Z,Paid,PINELIA.VALNER@COURRIER.TEST,Pinelia Valner,3688,EUR,,Domicile
WEB-033921,2025-11-20T21:54:00Z,paid,kasolea.havsac@exemple.org,Kasolea Havsac,3276,eur,,Domicile
WEB-034031,2025-11-21T08:35:00Z,paid,FEDARI.DUNDAL@EXEMPLE.ORG,Fedari Dundal,20736,EUR,,Domicile
WEB-034011,2025-11-21T09:02:00Z,paid,arsene.brenmer52@courrier.test,Arsene Brenmer,10775,€,,Domicile
WEB-034011,2025-11-21T09:02:00Z,paid,arsene.brenmer52@courrier.test,Arsene Brenmer,10775,€,,Domicile
WEB-034021,2025-11-21T10:16:00Z,PAID,orsenea.perbert15@exemple.org,Orsenea Perbert,13453,EUR,,Point relais
WEB-033981,2025-11-21T11:25:00Z,paid,riborel.nevner@courrier.test,Riborel Nevner,4090,€,,Domicile
WEB-034018,2025-11-21T11:30:00Z,PAID,juliso.pernet@courrier.test,Juliso Pernet,5243,eur,,Domicile
WEB-033980,2025-11-21T12:13:00Z,cancelled,solonea.sormar@exemple.org,Solonea Sormar,18098,EUR,,Point relais
WEB-033995,2025-11-21T12:22:00Z,paid,TARELEA.TORBEL@EXEMPLE.ORG,Tarelea Torbel,1020,EUR,,Domicile
WEB-033979,2025-11-21T12:30:00Z,paid,rilonin.wendis@exemple.org,Rilonin Wendis,10280,EUR,,Domicile
WEB-034020,2025-11-21T12:49:00Z,PAID,elkenel.dorrand@courrier.test,Elkenel Dorrand,1741,EUR,,Domicile
WEB-034014,2025-11-21T13:02:00Z,paid,ZOVENU.ROSDAL@MAIL.EXAMPLE,Zovenu Rosdal,20942,EUR,,Point relais
WEB-033990,2025-11-21T13:14:00Z,paid,durelia.dundis@exemple.org,Durelia Dundis,1226,EUR,,Domicile
WEB-034006,2025-11-21T13:47:00Z,paid,talisan.ravnet@exemple.org,Talisan Ravnet,10476,EUR,,Point relais
WEB-033970,2025-11-21T14:06:00Z,paid,yudanan.nevmar56@courrier.test,Yudanan Nevmar,897,eur,,Domicile
WEB-034016,2025-11-21T14:15:00Z,Paid,ornore.nevsen@courrier.test,Ornore Nevsen,3585,EUR,,Retrait magasin
WEB-033967,2025-11-21T15:10:00Z,paid,yuvena.ostlin@mail.example,Yuvena Ostlin,10476,EUR,,Domicile
WEB-034023,2025-11-21T15:20:00Z,paid,mavine.tarnet@exemple.org,Mavine Tarnet,4924,EUR,,Domicile
WEB-033976,2025-11-21T15:28:00Z,paid,orrisea.valsen@courrier.test,Orrisea Valsen,1020,EUR,,Point relais
WEB-034007,2025-11-21T15:37:00Z,paid,zovenin.sorkan@courrier.test,Zovenin Sorkan,32546,EUR,FIDELITE,Point relais
WEB-034025,2025-11-21T15:43:00Z,Paid,fedarin.nevner@courrier.test,Fedarin Nevner,7808,EUR,,Domicile
WEB-034000,2025-11-21T16:35:00Z,paid,kavinea.tarkan@exemple.org,Kavinea Tarkan,4007,EUR,,Domicile
WEB-034017,2025-11-21T16:37:00Z,PAID,orvinu.ravlin@exemple.org,Orvinu Ravlin,40942,EUR,FIDELITE,Domicile
WEB-033998,2025-11-21T16:52:00Z,paid,sovinel.kelbert@exemple.org,Sovinel Kelbert,17779,EUR,,Point relais
WEB-034019,2025-11-21T18:07:00Z,paid,lomonel.galbel@mail.example,Lomonel Galbel,2153,EUR,,Domicile
WEB-033978,2025-11-21T18:13:00Z,paid,fesenan.valbert@exemple.org,Fesenan Valbert,14998,EUR,,Domicile
WEB-033977,2025-11-21T18:57:00Z,PAID,seboro.sorkan@exemple.org,Seboro Sorkan,6469,eur,,Domicile
WEB-034001,2025-11-21T19:33:00Z,Paid,tasolu.perbert@courrier.test,Tasolu Perbert,11310,EUR,,Domicile
WEB-033993,2025-11-21T20:03:00Z,PAID,mataria.wenkan@mail.example,Mataria Wenkan,1741,EUR,,Domicile
WEB-034070,2025-11-22T08:35:00Z,Paid,banelan.valvoir1@exemple.org,Banelan Valvoir,1558,EUR,SOLDES,Domicile
WEB-034053,2025-11-22T09:44:00Z,PAID,elnorin.brentier@courrier.test,Elnorin Brentier,6263,EUR,,Domicile
WEB-034077,2025-11-22T10:20:00Z,paid,venorel.dunsen@exemple.org,Venorel Dunsen,5011,EUR,SOLDES,Domicile
WEB-034074,2025-11-22T12:34:00Z,PAID,dugari.monner@exemple.org,Dugari Monner,18397,EUR,,Retrait magasin
WEB-034033,2025-11-22T13:07:00Z,PAID,FEDANEL.PERVANE@MAIL.EXAMPLE,Fedanel Pervane,12144,EUR,,Point relais
WEB-T0005,2025-11-22T13:07:00Z,PAID,test@example.com,Test Test,"1,00",EUR,,Point relais
WEB-034041,2025-11-22T13:13:00Z,paid,jusolel.ostrand@exemple.org,Jusolel Ostrand,2658,EUR,,Domicile
WEB-034034,2025-11-22T13:16:00Z,PAID,sekenea.brengren@mail.example,Sekenea Brengren,5505,€,SOLDES,Point relais
WEB-034042,2025-11-22T13:47:00Z,paid, fesolin.falsac@exemple.org,Fesolin Falsac,9024,EUR,,Domicile
WEB-034060,2025-11-22T14:00:00Z,PAID,kasenia.havdis@exemple.org,Kasenia Havdis,12089,EUR,SOLDES,Point relais
WEB-034032,2025-11-22T14:04:00Z,PAID,vedania.torgren@exemple.org,Vedania Torgren,2349,eur,,Domicile
WEB-034076,2025-11-22T14:09:00Z,paid,elvenea.ravlin@exemple.org,Elvenea Ravlin,1226,EUR,,Point relais
WEB-034043,2025-11-22T14:10:00Z,paid,kadano.falmont@mail.example,Kadano Falmont,24238,EUR,,Point relais
WEB-034063,2025-11-22T14:15:00Z,paid,JUVINO.TORGREN@EXEMPLE.ORG,Juvino Torgren,5842,EUR,SOLDES,Domicile
WEB-034090,2025-11-22T14:33:00Z,Paid,lomonel.galbel@mail.example,Lomonel Galbel,5708,EUR,,Domicile
WEB-034071,2025-11-22T14:41:00Z,paid,duvene.rosvoir@exemple.org,Duvene Rosvoir,2462,EUR,,Domicile
WEB-034073,2025-11-22T14:50:00Z,paid,jusole.landal@exemple.org,Jusole Landal,8190,eur,,Point relais
WEB-034047,2025-11-22T15:07:00Z,paid,tavala.mongren54@exemple.org,Tavala Mongren,3280,EUR,SOLDES,Point relais
WEB-034057,2025-11-22T15:15:00Z,paid,sevini.ravkan@exemple.org,Sevini Ravkan,4409,EUR,,Point relais
WEB-034055,2025-11-22T15:16:00Z,PAID,ELMARA.DORVANE@EXEMPLE.ORG,Elmara Dorvane,2382,EUR,SOLDES,Point relais
WEB-034068,2025-11-22T15:28:00Z,Paid,pimonea.tormont@exemple.org,Pimonea Tormont,7812,EUR,SOLDES,Point relais
WEB-034050,2025-11-22T16:38:00Z,PAID,tadara.rosvane@courrier.test,Tadara Rosvane,4104,EUR,SOLDES,Domicile
WEB-034058,2025-11-22T16:39:00Z,PAID,lovena.tornet82@courrier.test,Lovena Tornet,1329,EUR,,Domicile
WEB-034087,2025-11-22T17:12:00Z,Paid,lobora.dorrand@mail.example,Lobora Dorrand,1722,EUR,SOLDES,Point relais
WEB-034061,2025-11-22T17:13:00Z,PAID,manelia.dorbel@exemple.org,Manelia Dorbel,9848,EUR,,Domicile
WEB-034083,2025-11-22T17:37:00Z,Paid,dusolia.sorkan@mail.example,Dusolia Sorkan,2977,€,,Domicile
WEB-034093,2025-11-22T17:43:00Z,PAID,riboro.pernet@mail.example,Riboro Pernet,7097,EUR,,Domicile
WEB-034095,2025-11-22T17:47:00Z,paid,RIRISE.ROSVANE@EXEMPLE.ORG,Ririse Rosvane,5735,EUR,SOLDES,Point relais
WEB-034072,2025-11-22T18:08:00Z,PAID,jugari.ravkan@courrier.test,Jugari Ravkan,4512,eur,,Domicile
WEB-034091,2025-11-22T18:24:00Z,paid,dunelan.dunvane@courrier.test,Dunelan Dunvane,4178,EUR,SOLDES,Domicile
WEB-034069,2025-11-22T18:26:00Z,paid,navenu.tordis@courrier.test,Navenu Tordis,10466,€,,Domicile
WEB-034059,2025-11-22T19:01:00Z,paid,maliso.dunmar38@exemple.org,Maliso Dunmar,18603,€,,Domicile
WEB-034094,2025-11-22T19:31:00Z,PAID,ferisu.galvoir@exemple.org,Ferisu Galvoir,11928,EUR,,Point relais
WEB-034065,2025-11-22T21:09:00Z,Paid,duvalan.nevdal@exemple.org,Duvalan Nevdal,6576,EUR,SOLDES,Domicile
WEB-034056,2025-11-22T21:34:00Z,Paid,lokenia.falsen@mail.example,Lokenia Falsen,15749,EUR,,Point relais
WEB-034066,2025-11-22T21:43:00Z,paid,elvala.wendal@exemple.org,Elvala Wendal,8950,EUR,SOLDES,Domicile
WEB-034110,2025-11-23T12:32:00Z,paid,miveni.nevmar@exemple.org,Miveni Nevmar,239,EUR,SOLDES,Domicile
WEB-034110,2025-11-23T12:32:00Z,paid,miveni.nevmar@exemple.org,Miveni Nevmar,239,EUR,SOLDES,Domicile
WEB-034122,2025-11-23T12:37:00Z,paid,femaria.galner@exemple.org,Femaria Galner,1947,EUR,,Retrait magasin
WEB-034100,2025-11-23T12:58:00Z,PAID,sorelia.cornet@mail.example,Sorelia Cornet,2208,€,SOLDES,Domicile
WEB-034121,2025-11-23T13:09:00Z,paid,jurelea.keltier@exemple.org,Jurelea Keltier,10486,EUR,,Point relais
WEB-T0017,2025-11-23T13:09:00Z,paid,test@example.com,Test Test,"1,00",EUR,,Point relais
WEB-034098,2025-11-23T14:43:00Z,Paid,mivale.falsen@exemple.org,Mivale Falsen,11347,EUR,SOLDES,Point relais
WEB-034108,2025-11-23T15:10:00Z,Paid,dudarel.monvane16@mail.example,Dudarel Monvane,18284,eur,,Retrait magasin
WEB-034102,2025-11-23T15:24:00Z,paid,solisan.falgren43@exemple.org,Solisan Falgren,5744,EUR,SOLDES,Domicile
WEB-034105,2025-11-23T17:01:00Z,PAID,mivina.corgren@exemple.org,Mivina Corgren,3601,EUR,SOLDES,Domicile
WEB-034116,2025-11-23T17:06:00Z,paid,arveni.havlin@exemple.org,Arveni Havlin,8620,EUR,SOLDES,Point relais
WEB-034116,2025-11-23T17:06:00Z,paid,arveni.havlin@exemple.org,Arveni Havlin,8620,EUR,SOLDES,Point relais
WEB-034113,2025-11-23T17:11:00Z,PAID,lorelu.cormar@exemple.org,Lorelu Cormar,8389,EUR,SOLDES,Point relais
WEB-034097,2025-11-23T17:34:00Z,Paid,yulisea.ravver@exemple.org,Yulisea Ravver,10250,EUR,,Retrait magasin
WEB-034096,2025-11-23T19:03:00Z,paid,setarin.nevner@courrier.test,Setarin Nevner,7721,EUR,SOLDES,Domicile
WEB-034115,2025-11-23T20:09:00Z,PAID,nasene.tarlais@mail.example,Nasene Tarlais,4419,EUR,,Domicile
WEB-034114,2025-11-23T20:44:00Z,PAID,SOMARU.TORLIN90@COURRIER.TEST,Somaru Torlin,5130,EUR,,Domicile
WEB-034106,2025-11-23T20:58:00Z,paid,ornore.keltier@exemple.org,Ornore Keltier,7067,EUR,,Domicile
WEB-034120,2025-11-23T21:42:00Z,paid,dunorea.havdis7@exemple.org,Dunorea Havdis,8545,EUR,SOLDES,Domicile
WEB-034131,2025-11-24T09:53:00Z,Paid,rigaria.falsac@courrier.test,Rigaria Falsac,4100,EUR,,Domicile
WEB-034161,2025-11-24T10:35:00Z,paid,kalona.montier62@courrier.test,Kalona Montier,6675,eur,,Domicile
WEB-034177,2025-11-24T12:02:00Z,paid,setarin.nevner@courrier.test,Setarin Nevner,29145,EUR,SOLDES,Domicile
WEB-034176,2025-11-24T12:28:00Z,paid,YUTELE.SORNET@MAIL.EXAMPLE,Yutele Sornet,10515,EUR,SOLDES,Domicile
WEB-034138,2025-11-24T12:42:00Z,paid,elrisia.gallais@exemple.org,Elrisia Gallais,1310,EUR,SOLDES,Point relais
WEB-034141,2025-11-24T12:57:00Z,PAID,kanelel.dunrand@exemple.org,Kanelel Dunrand,7063,EUR,SOLDES,Domicile
WEB-034172,2025-11-24T13:02:00Z,paid,bavena.ravdis@exemple.org,Bavena Ravdis,13463,EUR,,Point relais
WEB-034128,2025-11-24T13:28:00Z,PAID,ormonia.havrand@exemple.org,Ormonia Havrand,16759,EUR,,Domicile
WEB-034167,2025-11-24T13:32:00Z,paid,orgarel.havdal@exemple.org,Orgarel Havdal,26501,EUR,SOLDES,Domicile
WEB-034147,2025-11-24T13:52:00Z,PAID,eltarin.ravmer@exemple.org,Eltarin Ravmer,8134,EUR,SOLDES,Retrait magasin
WEB-034136,2025-11-24T13:55:00Z,PAID,orkena.valsac80@exemple.org,Orkena Valsac,20914,EUR,SOLDES,Domicile
WEB-034146,2025-11-24T13:56:00Z,paid,fevinia.valsen@mail.example,Fevinia Valsen,5842,EUR,SOLDES,Point relais
WEB-034130,2025-11-24T15:15:00Z,paid,felonan.lantier@exemple.org,Felonan Lantier,2621,EUR,SOLDES,Point relais
WEB-034157,2025-11-24T15:15:00Z,paid,arloni.wenkan78@mail.example,Arloni Wenkan,402,EUR,,Point relais
WEB-034154,2025-11-24T15:21:00Z,PAID,sodare.nevbel@mail.example,Sodare Nevbel,2118,EUR,SOLDES,Domicile
WEB-034139,2025-11-24T15:32:00Z,Paid,sodare.nevbel@mail.example,Sodare Nevbel,14957,EUR,SOLDES,Point relais
WEB-034173,2025-11-24T16:58:00Z,paid,pivenel.nevkan@exemple.org,Pivenel Nevkan,48815,EUR,SOLDES,Point relais
WEB-034156,2025-11-24T17:10:00Z,paid,manela.havrand90@exemple.org,Manela Havrand,11916,EUR,SOLDES,Domicile
WEB-034132,2025-11-24T18:39:00Z,paid,kalona.montier62@courrier.test,Kalona Montier,5439,EUR,,Point relais
WEB-034155,2025-11-24T19:09:00Z,paid,juveni.persac81@exemple.org,Juveni Persac,12822,EUR,SOLDES,Point relais
WEB-034175,2025-11-24T19:29:00Z,Paid,KALISE.LANVER61@COURRIER.TEST,Kalise Lanver,6246,eur,SOLDES,Domicile
WEB-034168,2025-11-24T19:58:00Z,PAID,artele.tarvoir@exemple.org,Artele Tarvoir,23954,EUR,SOLDES,Domicile
WEB-034135,2025-11-24T20:32:00Z,cancelled,narelan.nevlais@mail.example,Narelan Nevlais,3276,€,,Retrait magasin
WEB-034164,2025-11-24T21:35:00Z,PAID,marisi.havmont@exemple.org,Marisi Havmont,13069,EUR,SOLDES,Domicile
WEB-034193,2025-11-25T09:02:00Z,Paid,BASENAN.RAVVANE@MAIL.EXAMPLE,Basenan Ravvane,1741,eur,,Domicile
WEB-034196,2025-11-25T11:34:00Z,paid,vesenan.dunlais@mail.example,Vesenan Dunlais,8942,EUR,SOLDES,Point relais
WEB-034204,2025-11-25T11:58:00Z,paid,bavale.wendal@courrier.test,Bavale Wendal,6366,EUR,,Point relais
WEB-034184,2025-11-25T12:16:00Z,paid,arlisa.ostmar@exemple.org,Arlisa Ostmar,5326,EUR,,Domicile
WEB-034219,2025-11-25T13:24:00Z,Paid,misolu.rosrand@courrier.test,Misolu Rosrand,17779,EUR,,Domicile
WEB-034225,2025-11-25T13:33:00Z,paid,junoru.wenbel@exemple.org,Junoru Wenbel,6263,EUR,,Retrait magasin
WEB-034194,2025-11-25T14:15:00Z,paid,fevalea.tarbel@exemple.org,Fevalea Tarbel,4516,EUR,SOLDES,Domicile
WEB-034208,2025-11-25T14:29:00Z,cancelled,masola.ostbel@exemple.org,Masola Ostbel,3904,EUR,,Domicile
WEB-034210,2025-11-25T14:46:00Z,PAID,seboria.sorbel@courrier.test,Seboria Sorbel,5010,EUR,SOLDES,Point relais
WEB-034198,2025-11-25T14:51:00Z,paid,julone.nevbert@mail.example,Julone Nevbert,1947,EUR,,Domicile
WEB-034201,2025-11-25T15:22:00Z,paid,ferelan.wendal@exemple.org,Ferelan Wendal,24474,EUR,,Domicile
WEB-034214,2025-11-25T16:10:00Z,PAID,nanoro.dunmont@exemple.org,Nanoro Dunmont,3379,EUR,,Point relais
WEB-034203,2025-11-25T16:39:00Z,cancelled,pivale.kelsen@exemple.org,Pivale Kelsen,5092,EUR,SOLDES,Domicile
WEB-034188,2025-11-25T17:13:00Z,paid, duvinel.nevvoir@exemple.org,Duvinel Nevvoir,8735,EUR,,Domicile
WEB-034187,2025-11-25T17:24:00Z,paid, sedarea.galgren@exemple.org,Sedarea Galgren,6871,EUR,,Retrait magasin
WEB-034217,2025-11-25T17:44:00Z,paid,zoseno.sortier@exemple.org,Zoseno Sortier,10079,EUR,SOLDES,Domicile
WEB-034192,2025-11-25T17:51:00Z,PAID,dunelia.torgren@mail.example,Dunelia Torgren,9446,EUR,,Domicile
WEB-034179,2025-11-25T18:11:00Z,paid,ritela.galgren36@exemple.org,Ritela Galgren,17593,EUR,,Domicile
WEB-034226,2025-11-25T19:08:00Z,paid,junele.havdal@exemple.org,Junele Havdal,6582,eur,,Domicile
WEB-034189,2025-11-25T19:35:00Z,paid,ormaro.torlin@exemple.org,Ormaro Torlin,17032,EUR,SOLDES,Point relais
WEB-034191,2025-11-25T19:41:00Z,PAID,MAVALIA.PERMER3@EXEMPLE.ORG,Mavalia Permer,816,EUR,SOLDES,Point relais
WEB-034222,2025-11-25T20:42:00Z,Paid,magara.ostnet@exemple.org,Magara Ostnet,3610,EUR,SOLDES,Point relais
WEB-034257,2025-11-26T10:03:00Z,paid,jutele.tortier@courrier.test,Jutele Tortier,4178,EUR,SOLDES,Point relais
WEB-034259,2025-11-26T12:45:00Z,paid,PIDANAN.RAVNER@COURRIER.TEST,Pidanan Ravner,21786,€,,Point relais
WEB-034277,2025-11-26T12:48:00Z,paid,zoteli.wenvoir@exemple.org,Zoteli Wenvoir,2977,EUR,,Retrait magasin
WEB-034270,2025-11-26T13:07:00Z,paid,orlisa.galvane71@exemple.org,Orlisa Galvane,5758,eur,,Point relais
WEB-034272,2025-11-26T13:17:00Z,cancelled,pinelia.valner@courrier.test,Pinelia Valner,6685,EUR,,Point relais
WEB-034280,2025-11-26T13:32:00Z,cancelled,pisenan.faldal@courrier.test,Pisenan Faldal,33312,eur,,Domicile
WEB-034234,2025-11-26T14:18:00Z,PAID,orsene.montier16@mail.example,Orsene Montier,2456,EUR,SOLDES,Domicile
WEB-034256,2025-11-26T14:39:00Z,PAID,dutelin.falgren@courrier.test,Dutelin Falgren,17849,EUR,SOLDES,Domicile
WEB-034276,2025-11-26T14:43:00Z,Paid,lovene.dunmer@exemple.org,Lovene Dunmer,1638,eur,,Domicile
WEB-034239,2025-11-26T14:45:00Z,paid,fekenia.nevnet@courrier.test,Fekenia Nevnet,7067,€,,Domicile
WEB-034244,2025-11-26T14:54:00Z,PAID,yudarea.sorrand@exemple.org,Yudarea Sorrand,10352,EUR,SOLDES,Point relais
WEB-034265,2025-11-26T16:18:00Z,paid,felone.brenver@exemple.org,Felone Brenver,39781,€,,Domicile
WEB-034262,2025-11-26T16:31:00Z,paid,pinelo.tormar@mail.example,Pinelo Tormar,13968,EUR,,Point relais
WEB-034275,2025-11-26T16:49:00Z,paid,fevalia.brenmar@courrier.test,Fevalia Brenmar,10373,EUR,,Point relais
WEB-034263,2025-11-26T16:50:00Z,paid,dudari.havmer@exemple.org,Dudari Havmer,6057,EUR,,Point relais
WEB-034285,2025-11-26T16:53:00Z,Paid,lovina.pervoir@mail.example,Lovina Pervoir,9609,EUR,SOLDES,Retrait magasin
WEB-034264,2025-11-26T17:18:00Z,paid,semono.lanver@exemple.org,Semono Lanver,3445,EUR,SOLDES,Domicile
WEB-034278,2025-11-26T17:32:00Z,PAID,dudanu.rosmar@exemple.org,Dudanu Rosmar,20055,eur,,Domicile
WEB-034230,2025-11-26T17:54:00Z,paid,felisea.rosner@courrier.test,Felisea Rosner,1640,EUR,SOLDES,Domicile
WEB-034267,2025-11-26T18:08:00Z,paid,fesene.ostmer@courrier.test,Fesene Ostmer,5017,EUR,,Point relais
WEB-034237,2025-11-26T18:44:00Z,cancelled,orkenia.dunsen@courrier.test,Orkenia Dunsen,8216,EUR,SOLDES,Point relais
WEB-034250,2025-11-26T19:28:00Z,paid,sevina.havdal@exemple.org,Sevina Havdal,7804,EUR,SOLDES,Point relais
WEB-034246,2025-11-26T19:37:00Z,PAID,sosole.perkan@courrier.test,Sosole Perkan,17048,EUR,,Point relais
WEB-034333,2025-11-27T08:03:00Z,paid,setarea.dorvoir@exemple.org,Setarea Dorvoir,21869,EUR,,Point relais
WEB-034324,2025-11-27T10:31:00Z,paid, ellisan.lansac@exemple.org,Ellisan Lansac,11300,EUR,,Retrait magasin
WEB-034311,2025-11-27T11:41:00Z,paid,navene.rosbert@courrier.test,Navene Rosbert,5243,EUR,,Point relais
WEB-034287,2025-11-27T12:33:00Z,cancelled,ardano.dorver@exemple.org,Ardano Dorver,8546,eur,SOLDES,Domicile
WEB-034294,2025-11-27T12:37:00Z,paid,batare.torner@exemple.org,Batare Torner,9040,EUR,SOLDES,Domicile
WEB-034318,2025-11-27T12:47:00Z,paid,orvinu.ravlin@exemple.org,Orvinu Ravlin,10276,eur,SOLDES,Point relais
WEB-034332,2025-11-27T13:51:00Z,PAID,orrisu.dundal@exemple.org,Orrisu Dundal,16965,EUR,,Point relais
WEB-034325,2025-11-27T14:04:00Z,paid,tarisu.nevner@exemple.org,Tarisu Nevner,4924,eur,,Point relais
WEB-034316,2025-11-27T14:14:00Z,paid,armarel.torlais@exemple.org,Armarel Torlais,9951,EUR,,Domicile
WEB-034329,2025-11-27T14:56:00Z,paid,JURISEL.SORMONT@EXEMPLE.ORG,Jurisel Sormont,12526,EUR,,Domicile
WEB-034305,2025-11-27T15:32:00Z,paid,bamari.tormar@mail.example,Bamari Tormar,8793,EUR,SOLDES,Point relais
WEB-034315,2025-11-27T15:56:00Z,paid,yutarel.nevlin@mail.example,Yutarel Nevlin,8472,EUR,SOLDES,Point relais
WEB-034314,2025-11-27T16:17:00Z,PAID,artelea.ostmer@exemple.org,Artelea Ostmer,6572,EUR,,Point relais
WEB-034321,2025-11-27T16:21:00Z,paid,somari.sorkan@exemple.org,Somari Sorkan,7062,EUR,SOLDES,Point relais
WEB-034320,2025-11-27T16:28:00Z,paid,sovinin.monvoir@exemple.org,Sovinin Monvoir,13878,eur,SOLDES,Domicile
WEB-034334,2025-11-27T16:28:00Z,cancelled,vemarin.wenmont@mail.example,Vemarin Wenmont,14689,EUR,,Point relais
WEB-034300,2025-11-27T16:44:00Z,PAID,mimarin.dunkan@exemple.org,Mimarin Dunkan,8463,EUR,SOLDES,Point relais
WEB-034317,2025-11-27T17:56:00Z,PAID,duliso.havvoir@courrier.test,Duliso Havvoir,3286,EUR,,Point relais
WEB-034299,2025-11-27T18:02:00Z,paid,zorisan.valmar85@exemple.org,Zorisan Valmar,7190,EUR,,Point relais
WEB-034304,2025-11-27T19:09:00Z,cancelled,sonelin.nevlin@mail.example,Sonelin Nevlin,2291,EUR,SOLDES,Domicile
WEB-034323,2025-11-27T19:58:00Z,paid,veborel.ostmar@mail.example,Veborel Ostmar,6477,EUR,SOLDES,Point relais
WEB-034301,2025-11-27T20:00:00Z,paid,jugarel.mondal52@courrier.test,Jugarel Mondal,1310,EUR,SOLDES,Domicile
WEB-034295,2025-11-27T20:34:00Z,PAID,lovine.brendal@courrier.test,Lovine Brendal,6140,EUR,,Domicile
WEB-034308,2025-11-27T21:33:00Z,cancelled,pimonel.tarbel@exemple.org,Pimonel Tarbel,10177,EUR,,Point relais
WEB-034347,2025-11-28T08:02:00Z,PAID,artaria.vallin@exemple.org,Artaria Vallin,2977,EUR,,Domicile
WEB-034360,2025-11-28T08:58:00Z,paid,maveno.falgren@mail.example,Maveno Falgren,9755,EUR,,Point relais
WEB-034363,2025-11-28T10:46:00Z,paid,armaran.corvoir@courrier.test,Armaran Corvoir,6799,EUR,SOLDES,Domicile
WEB-034393,2025-11-28T11:01:00Z,paid,zonoran.rosbert@exemple.org,Zonoran Rosbert,2462,EUR,,Retrait magasin
WEB-034344,2025-11-28T11:16:00Z,PAID,somarin.falgren@exemple.org,Somarin Falgren,18367,EUR,,Domicile
WEB-034337,2025-11-28T11:40:00Z,paid,marise.perdal@exemple.org,Marise Perdal,402,EUR,,Domicile
WEB-034376,2025-11-28T12:00:00Z,paid,mamarea.ostbel@exemple.org,Mamarea Ostbel,1220,€,SOLDES,Domicile
WEB-034379,2025-11-28T12:16:00Z,Paid,rivenea.torkan@mail.example,Rivenea Torkan,1741,EUR,,Point relais
WEB-034365,2025-11-28T12:17:00Z,PAID,dugarea.havner@exemple.org,Dugarea Havner,16543,EUR,,Domicile
WEB-034364,2025-11-28T12:42:00Z,paid,judania.kelmer@exemple.org,Judania Kelmer,13164,eur,,Domicile
WEB-034384,2025-11-28T12:57:00Z,PAID, arvinin.cormar@exemple.org,Arvinin Cormar,8059,EUR,SOLDES,Point relais
WEB-034361,2025-11-28T13:13:00Z,paid,narisel.monsac@courrier.test,Narisel Monsac,9774,EUR,SOLDES,Domicile
WEB-034369,2025-11-28T13:45:00Z,paid,sotara.lantier@exemple.org,Sotara Lantier,21804,€,SOLDES,Domicile
WEB-034408,2025-11-28T13:51:00Z,paid,tasolu.perbert@courrier.test,Tasolu Perbert,18995,eur,SOLDES,Domicile
WEB-034373,2025-11-28T13:59:00Z,paid,minorea.havvane@mail.example,Minorea Havvane,5645,EUR,,Point relais
WEB-034398,2025-11-28T14:14:00Z,paid,kareli.monner@courrier.test,Kareli Monner,5093,EUR,SOLDES,Point relais
WEB-034362,2025-11-28T14:16:00Z,PAID,yuvalan.kelvane@exemple.org,Yuvalan Kelvane,2456,eur,SOLDES,Domicile
WEB-034406,2025-11-28T14:21:00Z,paid,dugara.valvane@exemple.org,Dugara Valvane,7592,EUR,,Point relais
WEB-034390,2025-11-28T14:28:00Z,PAID,mavine.nevkan@exemple.org,Mavine Nevkan,11850,EUR,SOLDES,Domicile
WEB-034404,2025-11-28T15:07:00Z,paid,fesenea.sorvoir@exemple.org,Fesenea Sorvoir,1640,EUR,SOLDES,Domicile
WEB-034372,2025-11-28T15:08:00Z,paid, vebora.corlais@mail.example,Vebora Corlais,11609,eur,,Domicile
WEB-034394,2025-11-28T15:18:00Z,Paid,pigaran.kelsac77@exemple.org,Pigaran Kelsac,2256,€,,Domicile
WEB-034382,2025-11-28T15:21:00Z,PAID,pisenan.faldal@courrier.test,Pisenan Faldal,3610,EUR,SOLDES,Domicile
WEB-034403,2025-11-28T15:30:00Z,paid,velona.havtier69@exemple.org,Velona Havtier,8097,EUR,,Point relais
WEB-034391,2025-11-28T15:39:00Z,paid,sosoli.havner@exemple.org,Sosoli Havner,2629,EUR,SOLDES,Retrait magasin
WEB-034359,2025-11-28T15:46:00Z,paid,sokenia.tarmont@courrier.test,Sokenia Tarmont,12904,EUR,SOLDES,Domicile
WEB-034367,2025-11-28T15:46:00Z,paid,elmoni.falner82@exemple.org,Elmoni Falner,5249,EUR,SOLDES,Domicile
WEB-034355,2025-11-28T15:55:00Z,paid,pivinea.ravnet@exemple.org,Pivinea Ravnet,7647,EUR,SOLDES,Domicile
WEB-034392,2025-11-28T15:55:00Z,Paid,veborel.ostmar@mail.example,Veborel Ostmar,1123,EUR,,Domicile
WEB-034370,2025-11-28T16:02:00Z,paid,vedare.nevtier@courrier.test,Vedare Nevtier,2876,EUR,SOLDES,Domicile
WEB-034350,2025-11-28T16:05:00Z,paid,SOKENIA.HAVGREN@COURRIER.TEST,Sokenia Havgren,4442,EUR,SOLDES,Domicile
WEB-034339,2025-11-28T16:24:00Z,Paid,vedaro.dorsen@exemple.org,Vedaro Dorsen,3492,EUR,,Retrait magasin
WEB-034407,2025-11-28T16:55:00Z,paid,sonelan.ostmer@exemple.org,Sonelan Ostmer,4605,EUR,,Domicile
WEB-034352,2025-11-28T17:09:00Z,paid,fevala.duntier@exemple.org,Fevala Duntier,6164,EUR,SOLDES,Domicile
WEB-034345,2025-11-28T17:26:00Z,Paid,rivenea.torkan@mail.example,Rivenea Torkan,5954,EUR,,Domicile
WEB-034351,2025-11-28T17:27:00Z,paid,sotarel.dorvane@exemple.org,Sotarel Dorvane,2794,EUR,SOLDES,Domicile
WEB-034380,2025-11-28T17:40:00Z,paid,mamari.ravner@courrier.test,Mamari Ravner,12147,EUR,SOLDES,Domicile
WEB-034389,2025-11-28T18:04:00Z,paid, badari.ravnet@exemple.org,Badari Ravnet,20045,EUR,,Point relais
WEB-034356,2025-11-28T18:58:00Z,PAID,zovena.torkan@courrier.test,Zovena Torkan,14905,EUR,,Domicile
WEB-034388,2025-11-28T19:03:00Z,paid,ortara.falsac@exemple.org,Ortara Falsac,13745,eur,SOLDES,Domicile
WEB-034387,2025-11-28T20:34:00Z,paid,pivini.falsac@courrier.test,Pivini Falsac,8323,EUR,,Point relais
WEB-034383,2025-11-28T20:49:00Z,PAID,mimaran.galkan@exemple.org,Mimaran Galkan,2299,eur,SOLDES,Domicile
WEB-034494,2025-11-29T08:18:00Z,Paid,eldari.wentier@mail.example,Eldari Wentier,16543,EUR,,Domicile
WEB-034468,2025-11-29T08:50:00Z,PAID,ELVALEL.DUNVER@COURRIER.TEST,Elvalel Dunver,7812,EUR,SOLDES,Domicile
WEB-034492,2025-11-29T12:35:00Z,PAID, elriso.rosgren@mail.example,Elriso Rosgren,8622,€,,Point relais
WEB-034448,2025-11-29T12:52:00Z,paid,navenu.keldis@exemple.org,Navenu Keldis,6890,EUR,SOLDES,Retrait magasin
WEB-034463,2025-11-29T13:43:00Z,paid,yukeni.corsen@mail.example,Yukeni Corsen,8381,EUR,SOLDES,Point relais
WEB-034464,2025-11-29T13:56:00Z,paid,yudane.gallin@courrier.test,Yudane Gallin,5954,EUR,,Point relais
WEB-034484,2025-11-29T14:08:00Z,Paid,ritelel.lanlais@mail.example,Ritelel Lanlais,10878,€,,Point relais
WEB-034487,2025-11-29T14:29:00Z,paid,baboru.lanmont@exemple.org,Baboru Lanmont,22002,EUR,,Domicile
WEB-034493,2025-11-29T14:34:00Z,PAID,lovinu.rosbel@exemple.org,Lovinu Rosbel,9436,EUR,,Point relais
WEB-034445,2025-11-29T14:45:00Z,paid,sotare.dunlais3@mail.example,Sotare Dunlais,9868,EUR,,Domicile
WEB-034430,2025-11-29T15:06:00Z,paid,pibora.brenvoir@courrier.test,Pibora Brenvoir,2382,EUR,SOLDES,Point relais
WEB-034456,2025-11-29T15:14:00Z,paid,seliso.wengren@courrier.test,Seliso Wengren,3997,EUR,,Domicile
WEB-034465,2025-11-29T15:14:00Z,PAID,yugaru.monbel@exemple.org,Yugaru Monbel,46064,EUR,SOLDES,Domicile
WEB-034461,2025-11-29T15:23:00Z,paid,vetelea.sormar37@exemple.org,Vetelea Sormar,18574,EUR,SOLDES,Point relais
WEB-034466,2025-11-29T15:33:00Z,paid,PIMARIA.SORNER@EXEMPLE.ORG,Pimaria Sorner,2382,EUR,SOLDES,Point relais
WEB-034425,2025-11-29T15:52:00Z,Paid,ririse.rosvane@exemple.org,Ririse Rosvane,6651,EUR,SOLDES,Point relais
WEB-034443,2025-11-29T16:07:00Z,PAID,solisan.falgren43@exemple.org,Solisan Falgren,12972,EUR,SOLDES,Point relais
WEB-034479,2025-11-29T16:10:00Z,paid,natele.roslais@courrier.test,Natele Roslais,5168,EUR,SOLDES,Point relais
WEB-034450,2025-11-29T16:20:00Z,paid,yumari.wenner33@exemple.org,Yumari Wenner,299,EUR,,Domicile
WEB-034440,2025-11-29T16:24:00Z,PAID,yuvenu.dunlin@exemple.org,Yuvenu Dunlin,10908,EUR,,Retrait magasin
WEB-034472,2025-11-29T16:35:00Z,cancelled,arrelia.brenmer@exemple.org,Arrelia Brenmer,2876,EUR,SOLDES,Retrait magasin
WEB-034418,2025-11-29T16:42:00Z,PAID,elkenia.corrand@courrier.test,Elkenia Corrand,5183,EUR,SOLDES,Domicile
WEB-034485,2025-11-29T16:45:00Z,paid,pisolan.tarkan@courrier.test,Pisolan Tarkan,4306,EUR,,Domicile
WEB-034467,2025-11-29T18:08:00Z,PAID,kataran.ravbel@exemple.org,Kataran Ravbel,24640,€,,Domicile
WEB-034473,2025-11-29T18:15:00Z,paid,dunelel.corbert@mail.example,Dunelel Corbert,9848,EUR,,Point relais
WEB-034449,2025-11-29T18:25:00Z,PAID,bagara.kelmar5@exemple.org,Bagara Kelmar,4522,EUR,,Point relais
WEB-034429,2025-11-29T18:59:00Z,paid, mireli.lansen@exemple.org,Mireli Lansen,21144,EUR,SOLDES,Point relais
WEB-034433,2025-11-29T19:08:00Z,paid,mitarea.targren@courrier.test,Mitarea Targren,6321,EUR,SOLDES,Domicile
WEB-034414,2025-11-29T19:23:00Z,Paid,pitaru.galvane@courrier.test,Pitaru Galvane,1970,eur,SOLDES,Point relais
WEB-034447,2025-11-29T19:49:00Z,Paid,marise.perdal@exemple.org,Marise Perdal,25743,EUR,SOLDES,Point relais
WEB-034488,2025-11-29T20:10:00Z,paid,dunelel.havbert@exemple.org,Dunelel Havbert,2546,€,SOLDES,Point relais
WEB-034457,2025-11-29T20:36:00Z,paid,YUVINE.FALNET@EXEMPLE.ORG,Yuvine Falnet,14081,EUR,,Domicile
WEB-034475,2025-11-29T20:52:00Z,Paid,sotarel.ravsac@exemple.org,Sotarel Ravsac,14267,EUR,,Domicile
WEB-034471,2025-11-29T21:45:00Z,Paid,manoro.falver76@exemple.org,Manoro Falver,8323,EUR,,Point relais
WEB-034491,2025-11-29T21:56:00Z,PAID,duboran.sorgren@exemple.org,Duboran Sorgren,9981,EUR,,Domicile
WEB-034514,2025-11-30T11:16:00Z,paid,vevinel.lanmont@exemple.org,Vevinel Lanmont,8793,€,SOLDES,Domicile
WEB-034503,2025-11-30T12:35:00Z,paid,badare.cormer@exemple.org,Badare Cormer,5002,EUR,SOLDES,Domicile
WEB-034538,2025-11-30T13:14:00Z,PAID,pitari.galner@courrier.test,Pitari Galner,15220,€,SOLDES,Domicile
WEB-034509,2025-11-30T13:47:00Z,paid, elnorin.ostlais@courrier.test,Elnorin Ostlais,6329,EUR,SOLDES,Domicile
WEB-034521,2025-11-30T13:58:00Z,paid,zosole.brenmar@mail.example,Zosole Brenmar,3527,eur,SOLDES,Point relais
WEB-034525,2025-11-30T14:02:00Z,PAID,sovena.falnet@mail.example,Sovena Falnet,4343,EUR,SOLDES,Domicile
WEB-T0041,2025-11-30T14:02:00Z,PAID,test@example.com,Test Test,"1,00",EUR,SOLDES,Domicile
WEB-034533,2025-11-30T14:12:00Z,paid,orrisu.dundal@exemple.org,Orrisu Dundal,4821,EUR,,Domicile
WEB-034540,2025-11-30T14:51:00Z,PAID,orlisin.wenvane@exemple.org,Orlisin Wenvane,12179,EUR,SOLDES,Point relais
WEB-034534,2025-11-30T15:13:00Z,Paid,tanelia.dorlais@exemple.org,Tanelia Dorlais,6974,€,,Domicile
WEB-034516,2025-11-30T15:14:00Z,paid,selisia.tarmar@exemple.org,Selisia Tarmar,1640,EUR,SOLDES,Domicile
WEB-034542,2025-11-30T15:27:00Z,paid,elmari.valmont@mail.example,Elmari Valmont,2778,eur,SOLDES,Point relais
WEB-034528,2025-11-30T15:52:00Z,paid,lolonea.falmont@exemple.org,Lolonea Falmont,17058,EUR,,Domicile
WEB-034539,2025-11-30T15:58:00Z,PAID,milisi.falsen@mail.example,Milisi Falsen,15616,EUR,,Point relais
WEB-034513,2025-11-30T16:23:00Z,paid,rilisa.wenkan@exemple.org,Rilisa Wenkan,7960,EUR,SOLDES,Domicile
WEB-034501,2025-11-30T16:33:00Z,PAID,orloni.brenner@exemple.org,Orloni Brenner,897,EUR,,Retrait magasin
WEB-034499,2025-11-30T17:22:00Z,paid,kamonin.dormer@exemple.org,Kamonin Dormer,8463,eur,SOLDES,Point relais
WEB-034520,2025-11-30T17:39:00Z,paid,elsolu.wenrand@exemple.org,Elsolu Wenrand,1123,EUR,,Point relais
WEB-034502,2025-11-30T18:56:00Z,Paid,madari.permer@courrier.test,Madari Permer,10270,EUR,,Domicile
WEB-034527,2025-11-30T19:12:00Z,paid,tarise.corlais@courrier.test,Tarise Corlais,1741,€,,Point relais
WEB-034512,2025-11-30T19:33:00Z,PAID,baloni.rosmar4@exemple.org,Baloni Rosmar,16613,eur,SOLDES,Domicile
WEB-034497,2025-11-30T19:37:00Z,PAID,maveno.cormont@courrier.test,Maveno Cormont,11197,EUR,,Point relais
WEB-034507,2025-11-30T19:54:00Z,Paid,elvala.brengren@exemple.org,Elvala Brengren,13489,EUR,SOLDES,Domicile
WEB-034495,2025-11-30T20:26:00Z,paid,yusene.gallin@exemple.org,Yusene Gallin,9691,EUR,SOLDES,Point relais
WEB-034531,2025-11-30T21:15:00Z,PAID,arreli.sormer@exemple.org,Arreli Sormer,5027,EUR,,Domicile
WEB-034586,2025-12-01T08:46:00Z,PAID,milona.cordis@exemple.org,Milona Cordis,11712,EUR,,Point relais
WEB-034557,2025-12-01T10:52:00Z,paid,ornora.fallin@exemple.org,Ornora Fallin,18181,eur,,Domicile
WEB-034553,2025-12-01T11:22:00Z,paid,sevalo.nevdal73@mail.example,Sevalo Nevdal,7409,EUR,FIDELITE,Domicile
WEB-034596,2025-12-01T11:47:00Z,PAID,lovena.ravlais@exemple.org,Lovena Ravlais,11928,€,,Point relais
WEB-034564,2025-12-01T12:31:00Z,PAID,riborel.nevner@courrier.test,Riborel Nevner,10476,eur,,Retrait magasin
WEB-034587,2025-12-01T12:51:00Z,paid,dunelea.permer@exemple.org,Dunelea Permer,17779,EUR,,Retrait magasin
WEB-034587,2025-12-01T12:51:00Z,paid,dunelea.permer@exemple.org,Dunelea Permer,17779,EUR,,Retrait magasin
WEB-034572,2025-12-01T13:31:00Z,paid,felonia.dorbel26@courrier.test,Felonia Dorbel,8210,EUR,,Point relais
WEB-034594,2025-12-01T14:18:00Z,paid,fevalia.ravbel@exemple.org,Fevalia Ravbel,3997,EUR,,Domicile
WEB-034598,2025-12-01T14:52:00Z,paid,pilisea.ostdal@exemple.org,Pilisea Ostdal,1329,EUR,,Domicile
WEB-034560,2025-12-01T15:39:00Z,PAID,zonoro.brenvoir@courrier.test,Zonoro Brenvoir,7170,EUR,,Domicile
WEB-034581,2025-12-01T15:46:00Z,PAID,banela.valvane@exemple.org,Banela Valvane,23045,eur,FIDELITE,Point relais
WEB-034570,2025-12-01T15:51:00Z,Paid,ritaru.havtier21@mail.example,Ritaru Havtier,1020,EUR,,Domicile
WEB-034552,2025-12-01T16:13:00Z,paid,arkenia.valrand@exemple.org,Arkenia Valrand,3781,EUR,,Point relais
WEB-034565,2025-12-01T16:24:00Z,PAID,rivalan.monlin76@courrier.test,Rivalan Monlin,7612,EUR,,Point relais
WEB-034549,2025-12-01T16:26:00Z,Paid,pisenia.rosmer@exemple.org,Pisenia Rosmer,7303,EUR,,Domicile
WEB-034546,2025-12-01T16:28:00Z,paid,BARELO.RAVDAL@MAIL.EXAMPLE,Barelo Ravdal,16214,EUR,,Retrait magasin
WEB-034559,2025-12-01T16:41:00Z,Paid,serise.havner61@exemple.org,Serise Havner,2977,EUR,,Domicile
WEB-034558,2025-12-01T16:54:00Z,paid,sorelan.falbel@exemple.org,Sorelan Falbel,2874,EUR,,Point relais
WEB-034576,2025-12-01T17:05:00Z,PAID,fevinea.kelmont@courrier.test,Fevinea Kelmont,1123,EUR,,Domicile
WEB-034584,2025-12-01T17:07:00Z,paid,dunelea.ravsac@mail.example,Dunelea Ravsac,7026,EUR,FIDELITE,Domicile
WEB-034585,2025-12-01T17:13:00Z,paid,milisi.falsen@mail.example,Milisi Falsen,2256,EUR,,Domicile
WEB-034550,2025-12-01T17:29:00Z,paid,bamaria.wenvane@mail.example,Bamaria Wenvane,5336,EUR,,Domicile
WEB-034591,2025-12-01T18:37:00Z,paid,bavini.falmont@mail.example,Bavini Falmont,44868,EUR,,Domicile
WEB-034588,2025-12-01T19:03:00Z,paid,mitelin.dunner@exemple.org,Mitelin Dunner,14998,EUR,,Domicile
WEB-034573,2025-12-01T19:09:00Z,PAID,SESOLI.SORBERT@EXEMPLE.ORG,Sesoli Sorbert,20437,EUR,,Domicile
WEB-034580,2025-12-01T19:34:00Z,Paid,elrisel.perrand@exemple.org,Elrisel Perrand,18696,€,,Point relais
WEB-034543,2025-12-01T20:02:00Z,Paid,talonan.sorlin@exemple.org,Talonan Sorlin,5223,EUR,,Point relais
WEB-034567,2025-12-01T20:13:00Z,Paid,talisu.sorner@mail.example,Talisu Sorner,10050,EUR,FIDELITE,Domicile
WEB-034548,2025-12-01T20:27:00Z,paid,pidanel.tordis@mail.example,Pidanel Tordis,12217,€,,Point relais
WEB-034607,2025-12-01T20:36:00Z,paid,marele.faldis@courrier.test,Marele Faldis,4718,EUR,,Point relais
WEB-034589,2025-12-01T21:39:00Z,paid,ARRELIA.BRENMER@EXEMPLE.ORG,Arrelia Brenmer,31262,EUR,,Point relais
WEB-034675,2025-12-02T10:12:00Z,paid,sovinel.kelbert@exemple.org,Sovinel Kelbert,10682,EUR,,Point relais
WEB-034650,2025-12-02T11:13:00Z,paid,MABORA.OSTNET@EXEMPLE.ORG,Mabora Ostnet,11310,EUR,,Domicile
WEB-034636,2025-12-02T11:26:00Z,PAID,elrelin.torlais@exemple.org,Elrelin Torlais,9267,EUR,FIDELITE,Point relais
WEB-034638,2025-12-02T11:49:00Z,PAID,banelan.valvoir1@exemple.org,Banelan Valvoir,14493,EUR,,Domicile
WEB-034618,2025-12-02T11:53:00Z,paid,orgarea.dunsac@courrier.test,Orgarea Dunsac,18520,EUR,,Point relais
WEB-034663,2025-12-02T12:09:00Z,PAID,ortaran.valrand@exemple.org,Ortaran Valrand,6964,EUR,,Domicile
WEB-034665,2025-12-02T12:18:00Z,paid,seveni.brennet@exemple.org,Seveni Brennet,7396,EUR,,Domicile
WEB-034641,2025-12-02T12:22:00Z,paid,artare.rosmont@mail.example,Artare Rosmont,12227,EUR,,Domicile
WEB-034653,2025-12-02T12:29:00Z,paid,mitaro.havsen@courrier.test,Mitaro Havsen,8004,EUR,,Domicile
WEB-034626,2025-12-02T12:44:00Z,paid,yunorin.corvoir@courrier.test,Yunorin Corvoir,5130,EUR,,Point relais
WEB-034608,2025-12-02T12:52:00Z,PAID,nasene.galsen83@exemple.org,Nasene Galsen,16739,EUR,,Point relais
WEB-034639,2025-12-02T13:00:00Z,PAID,arrele.nevbert@exemple.org,Arrele Nevbert,1947,EUR,FIDELITE,Domicile
WEB-034627,2025-12-02T13:50:00Z,paid,yumono.monner@courrier.test,Yumono Monner,8632,EUR,,Domicile
WEB-034668,2025-12-02T13:50:00Z,paid,yunoru.sorlais@mail.example,Yunoru Sorlais,7897,eur,FIDELITE,Domicile
WEB-034613,2025-12-02T14:00:00Z,paid,verisan.dorbert@exemple.org,Verisan Dorbert,2967,EUR,,Retrait magasin
WEB-034637,2025-12-02T14:26:00Z,Paid,elkenia.corrand@courrier.test,Elkenia Corrand,14081,EUR,,Domicile
WEB-034662,2025-12-02T14:37:00Z,paid,ORGAREL.HAVDAL@EXEMPLE.ORG,Orgarel Havdal,5748,EUR,,Domicile
WEB-034672,2025-12-02T14:49:00Z,paid,jusolea.ostlais@exemple.org,Jusolea Ostlais,23547,EUR,,Domicile
WEB-034672,2025-12-02T14:49:00Z,paid,jusolea.ostlais@exemple.org,Jusolea Ostlais,23547,EUR,,Domicile
WEB-034630,2025-12-02T14:55:00Z,paid,lodara.monvane@exemple.org,Lodara Monvane,10785,EUR,,Domicile
WEB-034610,2025-12-02T15:12:00Z,paid,ridare.galbert@exemple.org,Ridare Galbert,30933,EUR,,Retrait magasin
WEB-034623,2025-12-02T15:20:00Z,paid,JUDARE.TARLAIS22@COURRIER.TEST,Judare Tarlais,10579,EUR,,Domicile
WEB-034658,2025-12-02T15:22:00Z,paid,sovine.brenmar@mail.example,Sovine Brenmar,17563,eur,,Domicile
WEB-034674,2025-12-02T16:29:00Z,PAID,duvinea.cormer@exemple.org,Duvinea Cormer,3585,EUR,,Domicile
WEB-034629,2025-12-02T16:42:00Z,paid,dukenea.sordis@exemple.org,Dukenea Sordis,7612,EUR,,Domicile
WEB-034654,2025-12-02T16:46:00Z,PAID,solonel.nevgren@mail.example,Solonel Nevgren,12433,EUR,,Domicile
WEB-034632,2025-12-02T17:02:00Z,paid,pirisin.vallais@mail.example,Pirisin Vallais,20859,EUR,,Domicile
WEB-034640,2025-12-02T17:07:00Z,paid,fenelin.lanbert@courrier.test,Fenelin Lanbert,4306,EUR,,Domicile
WEB-034628,2025-12-02T17:19:00Z,paid,piteli.permont45@exemple.org,Piteli Permont,5243,eur,,Domicile
WEB-034652,2025-12-02T17:45:00Z,PAID,setaru.galgren@exemple.org,Setaru Galgren,5027,EUR,,Domicile
WEB-034611,2025-12-02T17:47:00Z,cancelled,masenel.torkan88@mail.example,Masenel Torkan,2977,EUR,,Domicile
WEB-034673,2025-12-02T17:52:00Z,paid,pibora.brenvoir@courrier.test,Pibora Brenvoir,6731,EUR,BIENVENUE,Point relais
WEB-034620,2025-12-02T17:56:00Z,PAID,ritare.falkan24@exemple.org,Ritare Falkan,2761,EUR,,Domicile
WEB-034635,2025-12-02T18:29:00Z,paid,yudane.wenlin@courrier.test,Yudane Wenlin,33199,EUR,,Point relais
WEB-034612,2025-12-02T19:03:00Z,PAID,orlono.dunbert@courrier.test,Orlono Dunbert,4193,€,,Point relais
WEB-034621,2025-12-02T19:50:00Z,paid,zokenel.dormer@exemple.org,Zokenel Dormer,7386,EUR,,Point relais
WEB-034676,2025-12-02T19:58:00Z,paid,orborel.dunkan@courrier.test,Orborel Dunkan,17769,EUR,,Retrait magasin
WEB-034643,2025-12-02T20:36:00Z,paid,somone.havdal@exemple.org,Somone Havdal,1020,EUR,,Domicile
WEB-034659,2025-12-02T21:15:00Z,paid,TASOLAN.NEVSEN@COURRIER.TEST,Tasolan Nevsen,12845,EUR,,Point relais
WEB-034657,2025-12-02T21:24:00Z,paid, yumara.osttier@exemple.org,Yumara Osttier,12958,EUR,,Point relais
WEB-034682,2025-12-03T12:39:00Z,paid,segarel.ravdal@exemple.org,Segarel Ravdal,7386,EUR,,Point relais
WEB-T0048,2025-12-03T12:39:00Z,paid,test@example.com,Test Test,"1,00",EUR,,Point relais
WEB-034677,2025-12-03T13:00:00Z,paid,yudane.wenlin@courrier.test,Yudane Wenlin,8632,EUR,,Domicile
WEB-034703,2025-12-03T13:00:00Z,paid,vemonia.rosnet@exemple.org,Vemonia Rosnet,3389,EUR,,Domicile
WEB-034684,2025-12-03T14:06:00Z,paid,kanoria.lantier@exemple.org,Kanoria Lantier,7705,EUR,,Domicile
WEB-034709,2025-12-03T14:16:00Z,paid,nakena.sormont@exemple.org,Nakena Sormont,14297,EUR,,Domicile
WEB-034697,2025-12-03T14:30:00Z,paid,fevinan.perrand@exemple.org,Fevinan Perrand,23557,EUR,,Domicile
WEB-034686,2025-12-03T15:49:00Z,paid,zogari.wenmar@exemple.org,Zogari Wenmar,19015,EUR,,Domicile
WEB-034687,2025-12-03T16:30:00Z,paid,somonel.tarner@mail.example,Somonel Tarner,28388,EUR,,Domicile
WEB-034680,2025-12-03T16:54:00Z,paid,midana.sorbel@mail.example,Midana Sorbel,10064,EUR,,Domicile
WEB-034711,2025-12-03T17:02:00Z,paid,senelin.montier@exemple.org,Senelin Montier,14596,EUR,,Domicile
WEB-034710,2025-12-03T17:41:00Z,cancelled,serelia.havtier@exemple.org,Serelia Havtier,12742,€,,Domicile
WEB-034696,2025-12-03T17:52:00Z,paid,SEMONE.FALDAL@MAIL.EXAMPLE,Semone Faldal,31973,EUR,,Point relais
WEB-034714,2025-12-03T18:28:00Z,PAID,taborea.valner@exemple.org,Taborea Valner,2040,EUR,,Domicile
WEB-034693,2025-12-03T19:12:00Z,paid,pirisea.ravnet@courrier.test,Pirisea Ravnet,12433,EUR,,Domicile
WEB-034715,2025-12-03T19:41:00Z,paid,arrelu.ravmer@courrier.test,Arrelu Ravmer,15204,EUR,,Domicile
WEB-034679,2025-12-03T19:56:00Z,paid,MIBORE.ROSGREN@EXEMPLE.ORG,Mibore Rosgren,6562,€,,Retrait magasin
WEB-034716,2025-12-03T20:45:00Z,paid,madari.wenlais@courrier.test,Madari Wenlais,14802,EUR,,Domicile
WEB-034713,2025-12-03T21:26:00Z,paid,tamoni.havlais@exemple.org,Tamoni Havlais,9549,EUR,,Domicile
WEB-034717,2025-12-03T21:34:00Z,PAID,sogare.sordal@exemple.org,Sogare Sordal,11506,EUR,,Domicile
WEB-034748,2025-12-04T08:47:00Z,PAID,riboria.rosdal@exemple.org,Riboria Rosdal,22620,EUR,,Point relais
WEB-034756,2025-12-04T09:12:00Z,paid,sodanel.havmont@courrier.test,Sodanel Havmont,23198,eur,,Domicile
WEB-034743,2025-12-04T09:20:00Z,paid,yugarin.galbel41@courrier.test,Yugarin Galbel,1329,EUR,,Domicile
WEB-034725,2025-12-04T10:07:00Z,paid,takenea.dunner@mail.example,Takenea Dunner,4718,€,,Point relais
WEB-034736,2025-12-04T10:13:00Z,paid,yurelo.perbel88@exemple.org,Yurelo Perbel,13154,€,,Domicile
WEB-034729,2025-12-04T10:14:00Z,PAID,DURELEL.GALVANE@EXEMPLE.ORG,Durelel Galvane,4924,EUR,,Domicile
WEB-034727,2025-12-04T12:11:00Z,PAID,yuvinel.dorkan@exemple.org,Yuvinel Dorkan,10486,EUR,,Domicile
WEB-034770,2025-12-04T12:27:00Z,PAID,duvenea.nevtier@mail.example,Duvenea Nevtier,3791,EUR,,Point relais
WEB-034760,2025-12-04T12:37:00Z,paid,rinelia.tarbert@mail.example,Rinelia Tarbert,16759,EUR,,Point relais
WEB-034782,2025-12-04T13:26:00Z,paid,arsolea.tardis@courrier.test,Arsolea Tardis,9652,€,,Point relais
WEB-034732,2025-12-04T13:30:00Z,paid,babori.valbel@exemple.org,Babori Valbel,2926,EUR,FIDELITE,Point relais
WEB-034726,2025-12-04T15:02:00Z,Paid,balisu.perdal@mail.example,Balisu Perdal,4718,EUR,,Domicile
WEB-034739,2025-12-04T15:11:00Z,Paid,orlise.ostdal@mail.example,Orlise Ostdal,299,€,,Point relais
WEB-034776,2025-12-04T15:16:00Z,paid,arkenu.falrand@courrier.test,Arkenu Falrand,4409,EUR,,Domicile
WEB-034778,2025-12-04T15:24:00Z,paid,orgaran.dorvoir@courrier.test,Orgaran Dorvoir,8921,EUR,,Point relais
WEB-034746,2025-12-04T15:34:00Z,paid,judarea.havdis@exemple.org,Judarea Havdis,3781,EUR,,Domicile
WEB-034781,2025-12-04T15:46:00Z,paid,fesolu.ravlin@courrier.test,Fesolu Ravlin,32076,EUR,,Point relais
WEB-034764,2025-12-04T15:51:00Z,paid,zomoni.sormar@exemple.org,Zomoni Sormar,2874,EUR,,Domicile
WEB-034758,2025-12-04T16:07:00Z,PAID,elrisea.tormar28@mail.example,Elrisea Tormar,14380,EUR,,Point relais
WEB-034734,2025-12-04T16:25:00Z,PAID,jutelea.monner@courrier.test,Jutelea Monner,5243,EUR,,Domicile
WEB-034721,2025-12-04T16:44:00Z,Paid,kamaran.lanmer@courrier.test,Kamaran Lanmer,6562,EUR,,Domicile
WEB-034761,2025-12-04T16:52:00Z,paid,arrisan.tordis@exemple.org,Arrisan Tordis,4100,EUR,,Point relais
WEB-034767,2025-12-04T17:03:00Z,paid,lotare.wenver@mail.example,Lotare Wenver,5851,EUR,,Point relais
WEB-034731,2025-12-04T17:19:00Z,paid,dumarea.dunvoir@mail.example,Dumarea Dunvoir,5558,EUR,FIDELITE,Point relais
WEB-034723,2025-12-04T17:24:00Z,paid,tanelel.corlin@exemple.org,Tanelel Corlin,16038,eur,,Domicile
WEB-034771,2025-12-04T18:33:00Z,Paid,rivenan.corkan@exemple.org,Rivenan Corkan,17666,EUR,,Point relais
WEB-034747,2025-12-04T18:39:00Z,paid,rimaru.kelnet@exemple.org,Rimaru Kelnet,12217,EUR,,Retrait magasin
WEB-034744,2025-12-04T18:47:00Z,paid,duborel.sormar@courrier.test,Duborel Sormar,8612,eur,,Point relais
WEB-034722,2025-12-04T19:04:00Z,Paid,zomaru.ravkan@exemple.org,Zomaru Ravkan,5439,€,,Point relais
WEB-034730,2025-12-04T19:13:00Z,Paid,armarel.torlais@exemple.org,Armarel Torlais,19015,EUR,,Retrait magasin
WEB-034719,2025-12-04T19:14:00Z,PAID,yulonan.falvane@exemple.org,Yulonan Falvane,8622,€,,Point relais
WEB-034753,2025-12-04T19:20:00Z,paid,yusolo.falsac@courrier.test,Yusolo Falsac,1020,EUR,,Domicile
WEB-034738,2025-12-04T21:02:00Z,paid,arrisin.nevmar@mail.example,Arrisin Nevmar,7406,EUR,,Point relais
WEB-034741,2025-12-04T21:35:00Z,paid,dunelu.galsac@exemple.org,Dunelu Galsac,4409,EUR,,Domicile
WEB-034838,2025-12-05T11:12:00Z,Paid,manelo.ostlais@exemple.org,Manelo Ostlais,9456,EUR,,Point relais
WEB-034842,2025-12-05T11:20:00Z,paid,seborea.dormer@exemple.org,Seborea Dormer,5027,EUR,,Point relais
WEB-034803,2025-12-05T11:33:00Z,paid,NALONO.KELNER@EXEMPLE.ORG,Nalono Kelner,917,EUR,,Domicile
WEB-034820,2025-12-05T11:49:00Z,paid,elgaria.cormer@courrier.test,Elgaria Cormer,15324,EUR,FIDELITE,Domicile
WEB-034826,2025-12-05T12:10:00Z,paid,arnorea.brenlais49@courrier.test,Arnorea Brenlais,35701,EUR,,Domicile
WEB-034828,2025-12-05T12:38:00Z,Paid,elgari.wenvane@courrier.test,Elgari Wenvane,3791,EUR,,Domicile
WEB-034849,2025-12-05T13:01:00Z,paid,duvinin.wentier@exemple.org,Duvinin Wentier,5451,eur,FIDELITE,Retrait magasin
WEB-034843,2025-12-05T13:18:00Z,paid,natarin.wengren@courrier.test,Natarin Wengren,814,EUR,,Domicile
WEB-034806,2025-12-05T14:03:00Z,paid,elboro.gallais@courrier.test,Elboro Gallais,7798,EUR,,Domicile
WEB-034814,2025-12-05T14:47:00Z,paid,zoboro.galsac@exemple.org,Zoboro Galsac,4718,eur,,Domicile
WEB-034835,2025-12-05T14:57:00Z,Paid,zoveno.kellais@mail.example,Zoveno Kellais,4785,EUR,FIDELITE,Point relais
WEB-034791,2025-12-05T15:01:00Z,paid,dumonia.ostmar@mail.example,Dumonia Ostmar,6675,EUR,,Point relais
WEB-034830,2025-12-05T15:06:00Z,paid,mavenin.sorrand@exemple.org,Mavenin Sorrand,16543,€,,Domicile
WEB-034846,2025-12-05T15:09:00Z,PAID,duvine.brenvoir@exemple.org,Duvine Brenvoir,4100,EUR,,Domicile
WEB-034833,2025-12-05T15:26:00Z,paid,FETELEL.NEVNET@EXEMPLE.ORG,Fetelel Nevnet,7798,EUR,,Point relais
WEB-034852,2025-12-05T15:36:00Z,paid,ormarin.dunvoir@courrier.test,Ormarin Dunvoir,14061,EUR,,Domicile
WEB-034813,2025-12-05T15:42:00Z,paid,sotelea.ostbel@courrier.test,Sotelea Ostbel,12330,EUR,,Retrait magasin
WEB-034800,2025-12-05T16:03:00Z,paid,FEVINU.VALLIN@EXEMPLE.ORG,Fevinu Vallin,7705,EUR,,Point relais
WEB-034810,2025-12-05T16:04:00Z,PAID,pivinin.dortier55@courrier.test,Pivinin Dortier,12506,eur,FIDELITE,Domicile
WEB-034837,2025-12-05T16:33:00Z,Paid,seriso.brennet@exemple.org,Seriso Brennet,1263,EUR,FIDELITE,Domicile
WEB-034795,2025-12-05T17:22:00Z,paid,baveno.corsen@mail.example,Baveno Corsen,12526,€,,Point relais
WEB-034832,2025-12-05T17:26:00Z,PAID,MIRELO.VALVANE@MAIL.EXAMPLE,Mirelo Valvane,14812,EUR,,Domicile
WEB-034801,2025-12-05T17:30:00Z,PAID,elmoni.dormar@courrier.test,Elmoni Dormar,10476,EUR,,Point relais
WEB-034794,2025-12-05T18:00:00Z,cancelled,zolonea.dungren@courrier.test,Zolonea Dungren,11197,EUR,,Point relais
WEB-034844,2025-12-05T18:50:00Z,Paid,argara.kelver@courrier.test,Argara Kelver,1226,EUR,,Point relais
WEB-034807,2025-12-05T18:58:00Z,paid,artaria.persac@mail.example,Artaria Persac,9333,EUR,,Domicile
WEB-034834,2025-12-05T19:19:00Z,paid,armonan.tarnet@mail.example,Armonan Tarnet,14164,EUR,,Domicile
WEB-034790,2025-12-05T19:20:00Z,paid,sosola.valkan@exemple.org,Sosola Valkan,14566,€,,Point relais
WEB-034827,2025-12-05T19:44:00Z,Paid,orvalia.brenmar@courrier.test,Orvalia Brenmar,11393,EUR,,Domicile
WEB-034788,2025-12-05T20:06:00Z,paid,nanoro.gallais@mail.example,Nanoro Gallais,6582,€,,Domicile
WEB-034817,2025-12-05T20:29:00Z,paid,JURELO.WENLAIS@EXEMPLE.ORG,Jurelo Wenlais,15915,EUR,,Retrait magasin
WEB-034875,2025-12-06T09:03:00Z,paid,fevinin.galsac@exemple.org,Fevinin Galsac,1535,EUR,,Point relais
WEB-034911,2025-12-06T09:21:00Z,PAID,vetelan.landis@exemple.org,Vetelan Landis,6685,€,,Domicile
WEB-034906,2025-12-06T11:29:00Z,paid,yulisea.ravver@exemple.org,Yulisea Ravver,20972,€,,Point relais
WEB-034924,2025-12-06T11:47:00Z,paid,fevinan.perrand@exemple.org,Fevinan Perrand,1638,EUR,,Domicile
WEB-034896,2025-12-06T12:03:00Z,PAID,zovena.torkan@courrier.test,Zovena Torkan,8107,EUR,,Domicile
WEB-034925,2025-12-06T12:03:00Z,paid,juvene.sordal@exemple.org,Juvene Sordal,25195,EUR,,Domicile
WEB-034884,2025-12-06T12:21:00Z,paid,lomone.wenbel@courrier.test,Lomone Wenbel,15214,EUR,,Domicile
WEB-034939,2025-12-06T12:24:00Z,paid,ORVENEA.ROSMER@COURRIER.TEST,Orvenea Rosmer,2462,eur,,Retrait magasin
WEB-034877,2025-12-06T13:16:00Z,paid,eldane.rosbel@courrier.test,Eldane Rosbel,10177,EUR,,Retrait magasin
WEB-034885,2025-12-06T13:17:00Z,Paid,vesolia.dorbert@courrier.test,Vesolia Dorbert,21374,EUR,,Point relais
WEB-034870,2025-12-06T13:37:00Z,PAID,armari.valsac@exemple.org,Armari Valsac,14241,EUR,BIENVENUE,Domicile
WEB-034867,2025-12-06T14:02:00Z,PAID,taborea.valner@exemple.org,Taborea Valner,8529,EUR,,Domicile
WEB-034869,2025-12-06T14:15:00Z,PAID,losolu.landal@courrier.test,Losolu Landal,6160,EUR,,Domicile
WEB-034899,2025-12-06T14:19:00Z,paid,arlisin.ostbert@exemple.org,Arlisin Ostbert,28800,EUR,,Domicile
WEB-034914,2025-12-06T14:29:00Z,paid,namonel.valdal@courrier.test,Namonel Valdal,23424,EUR,,Domicile
WEB-034891,2025-12-06T14:32:00Z,paid,orvinu.sorkan@mail.example,Orvinu Sorkan,7705,EUR,,Domicile
WEB-034858,2025-12-06T14:39:00Z,paid,sorisi.tortier@mail.example,Sorisi Tortier,6160,EUR,,Domicile
WEB-034888,2025-12-06T14:42:00Z,PAID,yusolo.falsac@courrier.test,Yusolo Falsac,6675,eur,,Domicile
WEB-034931,2025-12-06T14:42:00Z,paid,dunorin.ostsen@courrier.test,Dunorin Ostsen,9127,EUR,,Domicile
WEB-034888,2025-12-06T14:42:00Z,PAID,yusolo.falsac@courrier.test,Yusolo Falsac,6675,eur,,Domicile
WEB-034938,2025-12-06T14:59:00Z,PAID,sokenu.kelsen@courrier.test,Sokenu Kelsen,5233,€,,Point relais
WEB-034912,2025-12-06T15:20:00Z,cancelled,arnelia.permer@exemple.org,Arnelia Permer,14895,EUR,,Domicile
WEB-034933,2025-12-06T15:42:00Z,paid,sevina.havdal@exemple.org,Sevina Havdal,19221,EUR,,Point relais
WEB-034923,2025-12-06T15:44:00Z,Paid,basola.dunbel@exemple.org,Basola Dunbel,3070,€,,Domicile
WEB-034900,2025-12-06T15:55:00Z,Paid,ELNELO.TARGREN@EXEMPLE.ORG,Elnelo Targren,5243,EUR,,Domicile
WEB-034857,2025-12-06T16:08:00Z,paid, sotelea.ravrand69@courrier.test,Sotelea Ravrand,11712,eur,,Domicile
WEB-034917,2025-12-06T16:20:00Z,paid,maseni.torsac@exemple.org,Maseni Torsac,9482,€,FIDELITE,Domicile
WEB-034854,2025-12-06T16:22:00Z,PAID,basolan.valver@mail.example,Basolan Valver,2153,EUR,,Point relais
WEB-034937,2025-12-06T16:32:00Z,paid,kavinea.wenbel@mail.example,Kavinea Wenbel,3997,EUR,,Domicile
WEB-034878,2025-12-06T16:59:00Z,paid,verisu.perrand14@courrier.test,Verisu Perrand,12722,EUR,,Retrait magasin
WEB-034927,2025-12-06T17:35:00Z,paid,pinelia.valner@courrier.test,Pinelia Valner,2977,EUR,,Domicile
WEB-034904,2025-12-06T18:08:00Z,paid,somaran.monvane@exemple.org,Somaran Monvane,6479,EUR,,Domicile
WEB-034919,2025-12-06T18:14:00Z,paid,dukenea.rosnet@courrier.test,Dukenea Rosnet,4007,EUR,,Domicile
WEB-034920,2025-12-06T18:16:00Z,paid,madara.sormont@courrier.test,Madara Sormont,12855,EUR,,Domicile
WEB-034908,2025-12-06T18:33:00Z,paid,vetaru.ravnet@mail.example,Vetaru Ravnet,16018,EUR,,Domicile
WEB-034892,2025-12-06T18:49:00Z,paid,nadarin.nevver@courrier.test,Nadarin Nevver,10672,EUR,,Domicile
WEB-034901,2025-12-06T19:07:00Z,PAID,TAVALIN.CORBEL@COURRIER.TEST,Tavalin Corbel,3220,EUR,FIDELITE,Domicile
WEB-034915,2025-12-06T19:17:00Z,PAID,tasene.lantier@exemple.org,Tasene Lantier,10074,EUR,,Point relais
WEB-034860,2025-12-06T19:52:00Z,paid, pivenel.nevkan@exemple.org,Pivenel Nevkan,35259,EUR,,Domicile
WEB-034897,2025-12-06T21:24:00Z,Paid,elnele.wenlais@exemple.org,Elnele Wenlais,4419,eur,,Domicile
WEB-034871,2025-12-06T21:31:00Z,Paid,zoneli.dunmer@mail.example,Zoneli Dunmer,10805,EUR,,Point relais
WEB-034930,2025-12-06T21:35:00Z,paid,makenea.havdis@mail.example,Makenea Havdis,3492,eur,,Domicile
WEB-034861,2025-12-06T21:52:00Z,PAID,orsenea.galmont@exemple.org,Orsenea Galmont,16440,EUR,,Domicile
WEB-034964,2025-12-07T10:41:00Z,paid,rimono.brensac@courrier.test,Rimono Brensac,18088,EUR,,Point relais
WEB-034951,2025-12-07T12:20:00Z,paid,kaboran.valmar23@mail.example,Kaboran Valmar,13154,EUR,,Point relais
WEB-034974,2025-12-07T13:16:00Z,paid,tavenan.nevver@exemple.org,Tavenan Nevver,15380,EUR,,Point relais
WEB-034975,2025-12-07T13:38:00Z,paid,yugare.wennet@exemple.org,Yugare Wennet,10795,EUR,,Domicile
WEB-034970,2025-12-07T13:44:00Z,paid,pivalea.tormer@courrier.test,Pivalea Tormer,7303,€,,Domicile
WEB-034955,2025-12-07T13:57:00Z,PAID,sonorea.wendal34@exemple.org,Sonorea Wendal,2977,EUR,,Point relais
WEB-034968,2025-12-07T14:28:00Z,PAID,FELONE.BRENVER@EXEMPLE.ORG,Felone Brenver,13071,EUR,,Domicile
WEB-034967,2025-12-07T14:50:00Z,PAID,fetelea.valvane@exemple.org,Fetelea Valvane,5130,EUR,,Domicile
WEB-034948,2025-12-07T15:16:00Z,paid,zoneli.dunmer@mail.example,Zoneli Dunmer,13370,EUR,,Domicile
WEB-034957,2025-12-07T15:24:00Z,paid,VESOLAN.WENMER@MAIL.EXAMPLE,Vesolan Wenmer,14340,EUR,,Domicile
WEB-034953,2025-12-07T15:50:00Z,paid,pilisu.kelmont@courrier.test,Pilisu Kelmont,2349,EUR,,Retrait magasin
WEB-034943,2025-12-07T16:58:00Z,paid,basolu.sorlin@exemple.org,Basolu Sorlin,13370,EUR,,Domicile
WEB-034949,2025-12-07T17:46:00Z,paid,ORSENO.SORBEL91@EXEMPLE.ORG,Orseno Sorbel,10795,EUR,,Point relais
WEB-034945,2025-12-07T18:13:00Z,PAID,sevinel.brenmar@courrier.test,Sevinel Brenmar,4007,EUR,,Point relais
WEB-034977,2025-12-07T18:25:00Z,PAID,kaseni.faldal@courrier.test,Kaseni Faldal,12433,€,,Point relais
WEB-034947,2025-12-07T19:25:00Z,Paid,arvale.tartier63@exemple.org,Arvale Tartier,1123,EUR,,Domicile
WEB-034969,2025-12-07T19:28:00Z,paid,RINELIA.TARBERT@MAIL.EXAMPLE,Rinelia Tarbert,25783,eur,,Domicile
WEB-034944,2025-12-07T21:42:00Z,paid,bavali.roskan@exemple.org,Bavali Roskan,4286,EUR,FIDELITE,Domicile
WEB-034956,2025-12-07T21:42:00Z,cancelled,vegaran.perver@exemple.org,Vegaran Perver,4419,EUR,,Domicile
WEB-034966,2025-12-07T21:42:00Z,paid,yutelu.havbert68@exemple.org,Yutelu Havbert,6469,€,,Point relais
WEB-035031,2025-12-08T10:51:00Z,Paid,elvenan.ostvoir@exemple.org,Elvenan Ostvoir,3904,EUR,,Domicile
WEB-035011,2025-12-08T11:21:00Z,paid,minoran.dunvane21@mail.example,Minoran Dunvane,37648,EUR,,Point relais
WEB-035017,2025-12-08T11:53:00Z,paid,jusena.tarver@mail.example,Jusena Tarver,3585,eur,,Point relais
WEB-035036,2025-12-08T14:04:00Z,PAID,tamare.valvoir@exemple.org,Tamare Valvoir,10373,EUR,,Domicile
WEB-035024,2025-12-08T14:05:00Z,PAID,nalonia.cornet@mail.example,Nalonia Cornet,23723,eur,,Point relais
WEB-035012,2025-12-08T14:13:00Z,paid,vesolea.havmont82@mail.example,Vesolea Havmont,2256,EUR,,Domicile
WEB-035005,2025-12-08T14:19:00Z,paid,minore.corvane@exemple.org,Minore Corvane,14905,EUR,,Domicile
WEB-034978,2025-12-08T14:21:00Z,paid,sesenu.lanlin@exemple.org,Sesenu Lanlin,9333,EUR,,Point relais
WEB-034989,2025-12-08T14:22:00Z,paid,batare.ostdis@courrier.test,Batare Ostdis,4007,EUR,,Point relais
WEB-035015,2025-12-08T14:22:00Z,paid,sodaro.tarkan22@courrier.test,Sodaro Tarkan,8941,EUR,,Domicile
WEB-035025,2025-12-08T15:14:00Z,paid,orvina.sormar@mail.example,Orvina Sormar,14988,EUR,,Point relais
WEB-035009,2025-12-08T15:17:00Z,paid,midaru.sorbert@courrier.test,Midaru Sorbert,7808,€,,Point relais
WEB-034994,2025-12-08T16:22:00Z,PAID,bavine.lanner@exemple.org,Bavine Lanner,8632,EUR,,Domicile
WEB-035030,2025-12-08T16:30:00Z,PAID,SOKENA.DORMER@MAIL.EXAMPLE,Sokena Dormer,3688,EUR,,Domicile
WEB-035004,2025-12-08T16:31:00Z,Paid,risolin.brensac@exemple.org,Risolin Brensac,3807,EUR,FIDELITE,Domicile
WEB-034991,2025-12-08T17:08:00Z,paid,nadanu.monmer@courrier.test,Nadanu Monmer,6469,€,,Domicile
WEB-035038,2025-12-08T17:16:00Z,paid,ornori.dortier@exemple.org,Ornori Dortier,8004,EUR,,Domicile
WEB-035014,2025-12-08T17:17:00Z,PAID,solisel.dorner@courrier.test,Solisel Dorner,12845,EUR,,Domicile
WEB-035033,2025-12-08T17:44:00Z,paid,vedani.ravlin@exemple.org,Vedani Ravlin,6572,EUR,,Retrait magasin
WEB-034984,2025-12-08T18:31:00Z,paid,junelu.ravlais@courrier.test,Junelu Ravlais,9107,EUR,,Point relais
WEB-034986,2025-12-08T21:19:00Z,paid, tatarea.dorrand@mail.example,Tatarea Dorrand,7398,€,FIDELITE,Retrait magasin
WEB-035034,2025-12-08T21:37:00Z,paid,somonan.torkan@exemple.org,Somonan Torkan,5954,EUR,,Domicile
WEB-034981,2025-12-08T21:39:00Z,paid,solonan.falbert@exemple.org,Solonan Falbert,1844,EUR,,Retrait magasin
WEB-035086,2025-12-09T08:11:00Z,paid,nanelo.rosdal@courrier.test,Nanelo Rosdal,1741,EUR,,Domicile
WEB-035088,2025-12-09T09:06:00Z,paid,rikenu.brenmar@exemple.org,Rikenu Brenmar,12021,EUR,,Domicile
WEB-035090,2025-12-09T11:09:00Z,PAID,zonelea.dorsac@exemple.org,Zonelea Dorsac,2143,EUR,FIDELITE,Domicile
WEB-035064,2025-12-09T12:17:00Z,paid,batelea.sorbert@courrier.test,Batelea Sorbert,7612,EUR,,Domicile
WEB-035046,2025-12-09T13:03:00Z,Paid,elboro.valrand26@exemple.org,Elboro Valrand,29109,EUR,,Domicile
WEB-035073,2025-12-09T13:03:00Z,paid,mavalo.nevmer@courrier.test,Mavalo Nevmer,8014,eur,,Point relais
WEB-035087,2025-12-09T13:35:00Z,paid, artele.fallais@courrier.test,Artele Fallais,14380,€,,Domicile
WEB-035052,2025-12-09T13:43:00Z,paid,elborea.wensen@exemple.org,Elborea Wensen,20859,EUR,,Retrait magasin
WEB-035060,2025-12-09T13:52:00Z,PAID,milona.cordis@exemple.org,Milona Cordis,6253,eur,,Point relais
WEB-035075,2025-12-09T14:18:00Z,paid,serisi.nevlais@exemple.org,Serisi Nevlais,8201,EUR,FIDELITE,Domicile
WEB-035040,2025-12-09T14:26:00Z,PAID,losenu.havnet@mail.example,Losenu Havnet,15224,EUR,,Domicile
WEB-035047,2025-12-09T14:37:00Z,PAID,SODARO.TARKAN22@COURRIER.TEST,Sodaro Tarkan,6778,EUR,,Point relais
WEB-035080,2025-12-09T14:40:00Z,PAID,narelin.dorlais91@exemple.org,Narelin Dorlais,14297,EUR,,Point relais
WEB-035079,2025-12-09T14:48:00Z,paid,orlono.valmont@courrier.test,Orlono Valmont,12639,EUR,,Domicile
WEB-035050,2025-12-09T15:23:00Z,Paid,narisel.monsac@courrier.test,Narisel Monsac,12855,EUR,,Domicile
WEB-035078,2025-12-09T15:30:00Z,paid,kasenu.perver@mail.example,Kasenu Perver,7489,EUR,,Domicile
WEB-035049,2025-12-09T16:14:00Z,PAID,sevinan.roslin@exemple.org,Sevinan Roslin,1020,EUR,,Retrait magasin
WEB-035054,2025-12-09T16:18:00Z,PAID,verelel.valvoir@courrier.test,Verelel Valvoir,4409,EUR,,Point relais
WEB-035071,2025-12-09T16:39:00Z,PAID,zotele.nevlin@mail.example,Zotele Nevlin,19406,EUR,FIDELITE,Point relais
WEB-035076,2025-12-09T16:49:00Z,paid,lovalia.rossen@courrier.test,Lovalia Rossen,21806,EUR,,Point relais
WEB-035082,2025-12-09T16:57:00Z,paid,kadari.perdis@exemple.org,Kadari Perdis,15227,EUR,FIDELITE,Point relais
WEB-035044,2025-12-09T17:11:00Z,paid,jutelea.monner@courrier.test,Jutelea Monner,13762,EUR,,Domicile
WEB-035084,2025-12-09T17:34:00Z,paid,yuborel.wenmer@mail.example,Yuborel Wenmer,25876,EUR,,Domicile
WEB-035048,2025-12-09T17:36:00Z,paid,ORTELEL.GALVOIR78@EXEMPLE.ORG,Ortelel Galvoir,10785,eur,,Point relais
WEB-035055,2025-12-09T18:15:00Z,paid,FENELI.RAVMONT@MAIL.EXAMPLE,Feneli Ravmont,5027,eur,,Domicile
WEB-035092,2025-12-09T19:39:00Z,paid,orkenia.dunsen@courrier.test,Orkenia Dunsen,3791,€,,Point relais
WEB-035070,2025-12-09T20:30:00Z,paid,selonin.cormer@courrier.test,Selonin Cormer,4306,EUR,,Point relais
WEB-035063,2025-12-09T20:35:00Z,paid,risolia.vallais50@exemple.org,Risolia Vallais,14978,€,,Point relais
WEB-035074,2025-12-09T21:31:00Z,paid,somoni.tarver@exemple.org,Somoni Tarver,6984,EUR,,Domicile
WEB-035144,2025-12-10T08:33:00Z,PAID,tarela.havner@exemple.org,Tarela Havner,13782,EUR,,Point relais
WEB-035123,2025-12-10T10:17:00Z,PAID,FERELI.MONKAN@EXEMPLE.ORG,Fereli Monkan,1654,EUR,FIDELITE,Domicile
WEB-035107,2025-12-10T12:23:00Z,Paid,mavenan.havnet@courrier.test,Mavenan Havnet,7283,EUR,,Domicile
WEB-035146,2025-12-10T12:45:00Z,paid,selonu.dorvoir@mail.example,Selonu Dorvoir,13857,EUR,FIDELITE,Domicile
WEB-035131,2025-12-10T12:48:00Z,Paid,julone.nevbert@mail.example,Julone Nevbert,10280,€,,Domicile
WEB-035131,2025-12-10T12:48:00Z,Paid,julone.nevbert@mail.example,Julone Nevbert,10280,€,,Domicile
WEB-035098,2025-12-10T14:52:00Z,cancelled,jukenin.dornet@courrier.test,Jukenin Dornet,19201,€,,Point relais
WEB-035142,2025-12-10T15:13:00Z,PAID,zogarel.monner@exemple.org,Zogarel Monner,3173,EUR,,Domicile
WEB-035104,2025-12-10T15:35:00Z,paid,basola.dunbel@exemple.org,Basola Dunbel,18181,EUR,,Point relais
WEB-035122,2025-12-10T15:39:00Z,paid,arkenia.monbert@courrier.test,Arkenia Monbert,1638,EUR,,Domicile
WEB-035121,2025-12-10T15:57:00Z,PAID,yumarel.dunvoir@courrier.test,Yumarel Dunvoir,20972,EUR,,Domicile
WEB-035112,2025-12-10T16:09:00Z,PAID,madaru.kelsac37@exemple.org,Madaru Kelsac,19643,EUR,,Domicile
WEB-035145,2025-12-10T16:21:00Z,Paid,tamonia.nevlin@exemple.org,Tamonia Nevlin,6685,EUR,,Retrait magasin
WEB-035149,2025-12-10T16:23:00Z,paid,sorelan.falbel@exemple.org,Sorelan Falbel,6459,EUR,,Retrait magasin
WEB-035149,2025-12-10T16:23:00Z,paid,sorelan.falbel@exemple.org,Sorelan Falbel,6459,EUR,,Retrait magasin
WEB-035143,2025-12-10T16:28:00Z,paid,orvenia.fallin@mail.example,Orvenia Fallin,13576,EUR,,Retrait magasin
WEB-035096,2025-12-10T16:32:00Z,paid,kaneli.dornet@exemple.org,Kaneli Dornet,2462,EUR,,Point relais
WEB-035141,2025-12-10T16:34:00Z,paid,KAVINEA.WENBEL@MAIL.EXAMPLE,Kavinea Wenbel,10280,EUR,,Domicile
WEB-035099,2025-12-10T16:47:00Z,paid,arsenel.galmar51@mail.example,Arsenel Galmar,9549,EUR,,Domicile
WEB-035114,2025-12-10T16:49:00Z,paid,sevalin.perner@mail.example,Sevalin Perner,9549,EUR,,Domicile
WEB-035132,2025-12-10T16:56:00Z,paid,pidanan.ravner@courrier.test,Pidanan Ravner,9353,EUR,,Point relais
WEB-035133,2025-12-10T17:12:00Z,paid,jumaru.ostvane@exemple.org,Jumaru Ostvane,23650,€,,Domicile
WEB-035120,2025-12-10T17:17:00Z,paid,natarea.havvoir@mail.example,Natarea Havvoir,2050,EUR,,Domicile
WEB-035100,2025-12-10T17:42:00Z,Paid,orlisin.tarbel@courrier.test,Orlisin Tarbel,9034,EUR,,Domicile
WEB-035125,2025-12-10T18:05:00Z,paid,marelin.corgren@exemple.org,Marelin Corgren,4904,EUR,,Point relais
WEB-035110,2025-12-10T18:19:00Z,paid,elnelea.rosvane@courrier.test,Elnelea Rosvane,8895,EUR,FIDELITE,Domicile
WEB-035138,2025-12-10T18:31:00Z,paid,vemono.dorvoir@courrier.test,Vemono Dorvoir,27057,EUR,FIDELITE,Domicile
WEB-035136,2025-12-10T18:50:00Z,PAID,sodane.tarsen@mail.example,Sodane Tarsen,10373,EUR,,Domicile
WEB-035130,2025-12-10T18:54:00Z,paid,zoboro.galsac@exemple.org,Zoboro Galsac,4924,EUR,,Retrait magasin
WEB-035135,2025-12-10T19:31:00Z,Paid,orlono.dunbert@courrier.test,Orlono Dunbert,5748,€,,Point relais
WEB-035140,2025-12-10T19:39:00Z,paid,sevinea.monlais@courrier.test,Sevinea Monlais,4431,EUR,BIENVENUE,Domicile
WEB-035152,2025-12-10T20:45:00Z,paid, sekenu.lanbel@mail.example,Sekenu Lanbel,4306,EUR,,Domicile
WEB-035108,2025-12-10T20:52:00Z,PAID,dusenea.torver@exemple.org,Dusenea Torver,20055,EUR,,Domicile
WEB-035095,2025-12-10T21:14:00Z,PAID,orrisu.dundal@exemple.org,Orrisu Dundal,19377,EUR,,Domicile
WEB-035111,2025-12-10T21:29:00Z,Paid,eltelia.keldal@exemple.org,Eltelia Keldal,9652,EUR,,Domicile
WEB-035150,2025-12-10T21:59:00Z,PAID,ARNOREL.BRENTIER@MAIL.EXAMPLE,Arnorel Brentier,2977,EUR,,Domicile
WEB-035192,2025-12-11T08:23:00Z,PAID, ornelel.corver@courrier.test,Ornelel Corver,3080,EUR,,Domicile
WEB-035182,2025-12-11T11:04:00Z,PAID,yutaria.dunmont@mail.example,Yutaria Dunmont,10074,EUR,,Point relais
WEB-035169,2025-12-11T11:31:00Z,PAID,tatarea.dorrand@mail.example,Tatarea Dorrand,2256,eur,,Retrait magasin
WEB-035195,2025-12-11T11:43:00Z,paid,elvala.kelsac66@exemple.org,Elvala Kelsac,4419,EUR,,Domicile
WEB-035210,2025-12-11T11:44:00Z,Paid,zodania.brenvoir@mail.example,Zodania Brenvoir,13669,EUR,,Point relais
WEB-035208,2025-12-11T12:22:00Z,paid,sevalea.kelkan3@courrier.test,Sevalea Kelkan,8406,EUR,,Domicile
WEB-035165,2025-12-11T12:53:00Z,paid,semari.ostrand@exemple.org,Semari Ostrand,12217,EUR,,Domicile
WEB-035206,2025-12-11T13:05:00Z,paid,kasolan.dorbel@exemple.org,Kasolan Dorbel,27966,EUR,,Domicile
WEB-035188,2025-12-11T13:11:00Z,PAID,bakeno.tarmar@exemple.org,Bakeno Tarmar,12413,EUR,,Domicile
WEB-035174,2025-12-11T13:23:00Z,paid,felise.havmar@exemple.org,Felise Havmar,1263,EUR,FIDELITE,Domicile
WEB-035162,2025-12-11T13:44:00Z,paid,YUNORU.OSTGREN60@EXEMPLE.ORG,Yunoru Ostgren,9034,€,,Domicile
WEB-035154,2025-12-11T14:32:00Z,paid,mivale.falsen@exemple.org,Mivale Falsen,25597,EUR,,Point relais
WEB-035159,2025-12-11T14:55:00Z,paid,zokena.dundal@exemple.org,Zokena Dundal,6263,EUR,,Domicile
WEB-035158,2025-12-11T15:13:00Z,paid,pitare.sorner@exemple.org,Pitare Sorner,2751,EUR,,Point relais
WEB-035171,2025-12-11T15:29:00Z,PAID,junela.nevdal@mail.example,Junela Nevdal,6974,EUR,,Domicile
WEB-035156,2025-12-11T15:49:00Z,paid,matelel.permar@mail.example,Matelel Permar,5130,EUR,,Point relais
WEB-035205,2025-12-11T15:51:00Z,paid,arborin.nevkan@exemple.org,Arborin Nevkan,11518,EUR,FIDELITE,Domicile
WEB-035180,2025-12-11T16:38:00Z,PAID,fevinu.tormar@exemple.org,Fevinu Tormar,19530,EUR,,Point relais
WEB-035176,2025-12-11T16:46:00Z,paid,kadanin.brenvoir@exemple.org,Kadanin Brenvoir,5037,eur,,Domicile
WEB-035155,2025-12-11T17:14:00Z,paid, judania.rosdal@mail.example,Judania Rosdal,1123,EUR,,Domicile
WEB-035155,2025-12-11T17:14:00Z,paid, judania.rosdal@mail.example,Judania Rosdal,1123,EUR,,Domicile
WEB-035177,2025-12-11T17:21:00Z,PAID,elgare.galbel@exemple.org,Elgare Galbel,3904,€,,Domicile
WEB-035198,2025-12-11T17:26:00Z,paid,kagarin.falsac@courrier.test,Kagarin Falsac,2874,eur,,Point relais
WEB-035157,2025-12-11T18:11:00Z,paid,zogaria.lanvoir24@mail.example,Zogaria Lanvoir,12094,EUR,,Domicile
WEB-035173,2025-12-11T18:45:00Z,Paid,masola.brenvoir@courrier.test,Masola Brenvoir,9559,EUR,,Domicile
WEB-035173,2025-12-11T18:45:00Z,Paid,masola.brenvoir@courrier.test,Masola Brenvoir,9559,EUR,,Domicile
WEB-035172,2025-12-11T19:17:00Z,paid,navene.monvoir@courrier.test,Navene Monvoir,4409,EUR,,Point relais
WEB-035187,2025-12-11T19:43:00Z,paid,yutarel.nevlin@mail.example,Yutarel Nevlin,33827,EUR,,Retrait magasin
WEB-035207,2025-12-11T21:03:00Z,paid,MISENIA.BRENBEL@EXEMPLE.ORG,Misenia Brenbel,2050,EUR,,Domicile
WEB-035203,2025-12-11T21:42:00Z,paid,jusenin.dunbert@exemple.org,Jusenin Dunbert,17583,EUR,,Retrait magasin
WEB-035209,2025-12-11T21:47:00Z,PAID,ornelel.corver@courrier.test,Ornelel Corver,2977,EUR,,Domicile
WEB-035189,2025-12-11T21:52:00Z,paid,tamoni.havlais@exemple.org,Tamoni Havlais,15214,EUR,,Domicile
WEB-035230,2025-12-12T09:01:00Z,PAID,basolo.wensac@courrier.test,Basolo Wensac,7911,eur,,Point relais
WEB-035282,2025-12-12T10:33:00Z,paid,jugaro.dunrand@exemple.org,Jugaro Dunrand,7695,EUR,,Point relais
WEB-035277,2025-12-12T11:30:00Z,paid,orsenin.nevvane@courrier.test,Orsenin Nevvane,45230,EUR,,Point relais
WEB-035263,2025-12-12T11:42:00Z,paid,mimarin.ostver@exemple.org,Mimarin Ostver,20344,EUR,,Point relais
WEB-035228,2025-12-12T12:11:00Z,paid,marisi.galsac@mail.example,Marisi Galsac,11177,EUR,,Domicile
WEB-035223,2025-12-12T12:27:00Z,paid,ormarin.dunvoir@courrier.test,Ormarin Dunvoir,7994,EUR,,Domicile
WEB-035233,2025-12-12T12:42:00Z,paid,orvalin.rosdis@courrier.test,Orvalin Rosdis,12536,EUR,,Domicile
WEB-034600,2025-12-12T13:09:00Z,PAID,SOVALIA.WENGREN74@MAIL.EXAMPLE,Sovalia Wengren,16345,EUR,BIENVENUE,Domicile
WEB-035236,2025-12-12T13:11:00Z,Paid,pidanel.tordis@mail.example,Pidanel Tordis,23045,EUR,FIDELITE,Point relais
WEB-035268,2025-12-12T13:12:00Z,paid,orsolin.nevmar@courrier.test,Orsolin Nevmar,1123,EUR,,Domicile
WEB-035225,2025-12-12T13:39:00Z,Paid,arsenin.ostdal@exemple.org,Arsenin Ostdal,10280,EUR,,Domicile
WEB-035278,2025-12-12T13:48:00Z,paid,yumone.ostsen@mail.example,Yumone Ostsen,3492,EUR,,Point relais
WEB-035240,2025-12-12T14:08:00Z,PAID,milona.cordis@exemple.org,Milona Cordis,31056,EUR,,Point relais
WEB-035279,2025-12-12T14:27:00Z,paid,armare.havmont45@exemple.org,Armare Havmont,3611,EUR,FIDELITE,Retrait magasin
WEB-035227,2025-12-12T14:34:00Z,paid,ARLISA.VALNER@EXEMPLE.ORG,Arlisa Valner,6758,EUR,,Point relais
WEB-035219,2025-12-12T14:38:00Z,paid,elvala.kelsac66@exemple.org,Elvala Kelsac,7386,EUR,,Domicile
WEB-035247,2025-12-12T14:50:00Z,paid,fevini.sorbert@exemple.org,Fevini Sorbert,3585,EUR,,Domicile
WEB-035284,2025-12-12T14:51:00Z,paid,arnorea.brenlais49@courrier.test,Arnorea Brenlais,5439,eur,,Domicile
WEB-035269,2025-12-12T15:06:00Z,cancelled,fedaria.perver@exemple.org,Fedaria Perver,5851,EUR,,Domicile
WEB-035276,2025-12-12T15:08:00Z,Paid,pivinel.nevrand@exemple.org,Pivinel Nevrand,8200,EUR,FIDELITE,Domicile
WEB-035215,2025-12-12T15:22:00Z,paid,zorisin.lankan@courrier.test,Zorisin Lankan,1741,EUR,,Point relais
WEB-035254,2025-12-12T15:37:00Z,paid,juvalan.ostdis@courrier.test,Juvalan Ostdis,11722,EUR,,Point relais
WEB-035251,2025-12-12T15:54:00Z,paid,lorelu.lanvoir71@exemple.org,Lorelu Lanvoir,5964,EUR,,Domicile
WEB-035261,2025-12-12T16:16:00Z,Paid,sonorel.ostsac@exemple.org,Sonorel Ostsac,46775,EUR,,Domicile
WEB-035235,2025-12-12T16:18:00Z,Paid,orlisa.galvane71@exemple.org,Orlisa Galvane,5243,EUR,,Domicile
WEB-035243,2025-12-12T16:20:00Z,paid,ferisia.galkan@exemple.org,Ferisia Galkan,10044,€,,Point relais
WEB-035229,2025-12-12T16:27:00Z,PAID,magarin.havlais64@exemple.org,Magarin Havlais,1319,EUR,,Domicile
WEB-035218,2025-12-12T16:28:00Z,paid,yunoru.sorlais@mail.example,Yunoru Sorlais,11486,EUR,,Point relais
WEB-035265,2025-12-12T16:44:00Z,paid,nalona.sorsen84@courrier.test,Nalona Sorsen,1226,EUR,,Domicile
WEB-035232,2025-12-12T16:59:00Z,paid,setara.kellin@exemple.org,Setara Kellin,3492,EUR,,Domicile
WEB-035242,2025-12-12T17:53:00Z,paid,fetarea.dunkan@courrier.test,Fetarea Dunkan,7097,EUR,,Point relais
WEB-035214,2025-12-12T19:06:00Z,paid,natelel.galsen@courrier.test,Natelel Galsen,8102,EUR,FIDELITE,Domicile
WEB-035280,2025-12-12T19:31:00Z,paid,tasene.sormer@exemple.org,Tasene Sormer,2967,EUR,,Retrait magasin
WEB-035272,2025-12-12T19:39:00Z,paid, orrelu.wenvane@exemple.org,Orrelu Wenvane,1947,EUR,,Domicile
WEB-035255,2025-12-12T20:00:00Z,paid, artarin.tarvoir@exemple.org,Artarin Tarvoir,5130,EUR,,Domicile
WEB-035274,2025-12-12T21:03:00Z,paid,ferele.brenvoir46@courrier.test,Ferele Brenvoir,1947,EUR,,Point relais
WEB-035221,2025-12-12T21:44:00Z,paid,jugarea.falnet@mail.example,Jugarea Falnet,1113,EUR,,Domicile
WEB-035350,2025-12-13T10:11:00Z,Paid,FERELEL.FALVER@EXEMPLE.ORG,Ferelel Falver,6130,EUR,,Point relais
WEB-035328,2025-12-13T11:30:00Z,PAID,ARVENI.HAVLIN@EXEMPLE.ORG,Arveni Havlin,4110,EUR,,Retrait magasin
WEB-035312,2025-12-13T12:05:00Z,paid,malisea.faldal43@exemple.org,Malisea Faldal,21168,EUR,,Domicile
WEB-035353,2025-12-13T12:08:00Z,paid,pigarin.monlais@courrier.test,Pigarin Monlais,7809,EUR,FIDELITE,Domicile
WEB-035288,2025-12-13T12:13:00Z,PAID,taboria.nevbert@exemple.org,Taboria Nevbert,10147,EUR,,Domicile
WEB-035297,2025-12-13T12:23:00Z,paid,tarela.ostsen@exemple.org,Tarela Ostsen,814,EUR,,Domicile
WEB-035321,2025-12-13T13:11:00Z,paid,sonore.pervane@mail.example,Sonore Pervane,3379,EUR,,Retrait magasin
WEB-035351,2025-12-13T13:16:00Z,paid,orbora.rosdal@courrier.test,Orbora Rosdal,15071,EUR,,Domicile
WEB-035294,2025-12-13T13:40:00Z,cancelled,fetelo.rosnet@courrier.test,Fetelo Rosnet,16224,EUR,,Domicile
WEB-035336,2025-12-13T14:56:00Z,paid,duveno.kelver@exemple.org,Duveno Kelver,9250,€,,Point relais
WEB-035360,2025-12-13T15:36:00Z,paid,tasola.brengren@courrier.test,Tasola Brengren,2668,EUR,,Domicile
WEB-035313,2025-12-13T15:38:00Z,paid,vemono.nevgren@exemple.org,Vemono Nevgren,17872,EUR,,Domicile
WEB-035287,2025-12-13T16:11:00Z,paid,vekena.lanvane@exemple.org,Vekena Lanvane,9333,eur,,Domicile
WEB-035352,2025-12-13T16:21:00Z,PAID,milonel.corkan@exemple.org,Milonel Corkan,2874,EUR,,Point relais
WEB-035339,2025-12-13T16:26:00Z,paid,kamarin.kelsen80@exemple.org,Kamarin Kelsen,5655,eur,,Retrait magasin
WEB-035356,2025-12-13T16:45:00Z,Paid,lomonin.lansen@exemple.org,Lomonin Lansen,2977,EUR,,Point relais
WEB-035322,2025-12-13T16:49:00Z,paid,lorelel.valnet@mail.example,Lorelel Valnet,3904,EUR,,Domicile
WEB-035299,2025-12-13T17:01:00Z,PAID,risolin.brensac@exemple.org,Risolin Brensac,5842,EUR,FIDELITE,Point relais
WEB-035340,2025-12-13T17:06:00Z,paid,takenu.brengren@exemple.org,Takenu Brengren,402,EUR,,Domicile
WEB-035332,2025-12-13T17:12:00Z,paid,pirele.dunver@courrier.test,Pirele Dunver,6984,EUR,,Domicile
WEB-035355,2025-12-13T17:36:00Z,paid,tasolan.nevsen@courrier.test,Tasolan Nevsen,30737,EUR,,Domicile
WEB-035316,2025-12-13T17:55:00Z,cancelled,tasene.lantier@exemple.org,Tasene Lantier,27245,EUR,,Domicile
WEB-035317,2025-12-13T18:04:00Z,Paid,feboro.nevsen@courrier.test,Feboro Nevsen,11383,EUR,,Domicile
WEB-035324,2025-12-13T18:18:00Z,paid,yukeni.corsen@mail.example,Yukeni Corsen,11506,EUR,,Domicile
WEB-035331,2025-12-13T18:27:00Z,paid,minorea.tarlais@courrier.test,Minorea Tarlais,4512,eur,,Point relais
WEB-035320,2025-12-13T19:04:00Z,Paid,eltela.monlin@exemple.org,Eltela Monlin,1741,EUR,,Domicile
WEB-035357,2025-12-13T19:39:00Z,PAID,sovinu.wensac@exemple.org,Sovinu Wensac,10383,EUR,,Point relais
WEB-035346,2025-12-13T19:42:00Z,cancelled,elvalu.falrand@exemple.org,Elvalu Falrand,21683,EUR,,Point relais
WEB-035300,2025-12-13T21:24:00Z,PAID,sesolin.brenmont@exemple.org,Sesolin Brenmont,16028,EUR,,Point relais
WEB-035347,2025-12-13T21:29:00Z,paid,maseno.kelkan@exemple.org,Maseno Kelkan,20241,€,,Point relais
WEB-035330,2025-12-13T21:39:00Z,PAID,lodania.lanrand@courrier.test,Lodania Lanrand,7489,€,,Domicile
WEB-035303,2025-12-13T21:45:00Z,PAID,vesene.perner@mail.example,Vesene Perner,3482,EUR,,Domicile
WEB-035327,2025-12-13T21:49:00Z,PAID,badania.wengren@exemple.org,Badania Wengren,6351,eur,FIDELITE,Domicile
WEB-035388,2025-12-14T09:10:00Z,paid,fesenan.valbert@exemple.org,Fesenan Valbert,7499,EUR,,Domicile
WEB-035384,2025-12-14T11:19:00Z,PAID,nanorel.sorver@exemple.org,Nanorel Sorver,13566,EUR,,Domicile
WEB-035365,2025-12-14T11:37:00Z,PAID,pimaria.sorner@exemple.org,Pimaria Sorner,24268,EUR,,Domicile
WEB-035370,2025-12-14T13:28:00Z,paid,balonan.ravner@mail.example,Balonan Ravner,2977,EUR,,Domicile
WEB-035378,2025-12-14T14:32:00Z,paid,ortelin.dunmer@mail.example,Ortelin Dunmer,29398,EUR,,Domicile
WEB-035390,2025-12-14T14:49:00Z,Paid,risenia.ostbert53@exemple.org,Risenia Ostbert,4007,EUR,,Point relais
WEB-035368,2025-12-14T15:30:00Z,paid,bagare.gallais@courrier.test,Bagare Gallais,4522,EUR,,Point relais
WEB-035364,2025-12-14T15:54:00Z,Paid,vevino.permont85@mail.example,Vevino Permont,4512,EUR,,Domicile
WEB-035395,2025-12-14T16:31:00Z,Paid,vevinel.lanmont@exemple.org,Vevinel Lanmont,7808,EUR,,Domicile
WEB-035387,2025-12-14T16:38:00Z,paid,ORSENO.SORBEL91@EXEMPLE.ORG,Orseno Sorbel,299,EUR,,Domicile
WEB-035373,2025-12-14T16:47:00Z,paid,mireli.lansen@exemple.org,Mireli Lansen,6723,EUR,FIDELITE,Domicile
WEB-035379,2025-12-14T16:59:00Z,PAID,setelin.ostver@exemple.org,Setelin Ostver,4007,EUR,,Domicile
WEB-035391,2025-12-14T17:06:00Z,paid,fevinia.valsen@mail.example,Fevinia Valsen,12320,EUR,,Domicile
WEB-035393,2025-12-14T17:18:00Z,PAID, tadaru.dorsac@exemple.org,Tadaru Dorsac,3389,EUR,,Domicile
WEB-035362,2025-12-14T19:20:00Z,paid,ornori.dortier@exemple.org,Ornori Dortier,6685,EUR,,Domicile
WEB-035380,2025-12-14T20:02:00Z,paid,senoran.lanrand@exemple.org,Senoran Lanrand,4924,EUR,,Point relais
WEB-035374,2025-12-14T21:06:00Z,paid,TALISE.ROSNER@EXEMPLE.ORG,Talise Rosner,9662,EUR,,Retrait magasin
WEB-035416,2025-12-15T08:09:00Z,paid,nadanan.kelnet@courrier.test,Nadanan Kelnet,10878,EUR,,Domicile
WEB-035417,2025-12-15T09:31:00Z,paid,PISOLO.TARDIS@EXEMPLE.ORG,Pisolo Tardis,9961,EUR,,Domicile
WEB-035409,2025-12-15T13:35:00Z,PAID,baloni.rosmar4@exemple.org,Baloni Rosmar,8886,€,FIDELITE,Point relais
WEB-035425,2025-12-15T13:55:00Z,Paid,ELKENIA.CORRAND@COURRIER.TEST,Elkenia Corrand,9355,EUR,FIDELITE,Domicile
WEB-035314,2025-12-15T14:18:00Z,paid,vemonin.valvoir@exemple.org,Vemonin Valvoir,10920,EUR,BIENVENUE,Point relais
WEB-035436,2025-12-15T14:48:00Z,PAID,tavalin.corbel@courrier.test,Tavalin Corbel,2721,EUR,FIDELITE,Domicile
WEB-035419,2025-12-15T14:54:00Z,Paid,elgaria.faldis@exemple.org,Elgaria Faldis,1535,EUR,,Domicile
WEB-035422,2025-12-15T15:24:00Z,paid,PIRELAN.DUNRAND10@EXEMPLE.ORG,Pirelan Dunrand,20261,EUR,,Point relais
WEB-035439,2025-12-15T15:34:00Z,PAID,manelu.ostsac@exemple.org,Manelu Ostsac,5655,EUR,,Domicile
WEB-035414,2025-12-15T15:41:00Z,paid,zoloni.ostmer@exemple.org,Zoloni Ostmer,18446,eur,FIDELITE,Domicile
WEB-035434,2025-12-15T16:21:00Z,PAID,dutarea.galdis@exemple.org,Dutarea Galdis,4419,€,,Domicile
WEB-035429,2025-12-15T16:33:00Z,paid,elmaria.brenlin@exemple.org,Elmaria Brenlin,12815,eur,,Domicile
WEB-035445,2025-12-15T17:28:00Z,paid,PINOREA.VALNET@COURRIER.TEST,Pinorea Valnet,25185,EUR,,Domicile
WEB-035397,2025-12-15T17:30:00Z,paid,milisi.dungren@courrier.test,Milisi Dungren,2256,€,,Domicile
WEB-035412,2025-12-15T17:35:00Z,paid,zotaran.sordis40@exemple.org,Zotaran Sordis,8323,EUR,,Domicile
WEB-035449,2025-12-15T17:45:00Z,paid,ritelea.lanmont@mail.example,Ritelea Lanmont,7190,€,,Point relais
WEB-035399,2025-12-15T17:51:00Z,paid,elsoli.lanvane@exemple.org,Elsoli Lanvane,2153,eur,,Domicile
WEB-035408,2025-12-15T18:05:00Z,paid,madane.sorsen@exemple.org,Madane Sorsen,1741,EUR,,Domicile
WEB-035411,2025-12-15T18:26:00Z,PAID,seborea.dormer@exemple.org,Seborea Dormer,2256,EUR,,Domicile
WEB-035410,2025-12-15T19:21:00Z,paid,ormarin.perner@exemple.org,Ormarin Perner,7612,€,,Point relais
WEB-035457,2025-12-16T12:24:00Z,paid,jurisan.monrand@courrier.test,Jurisan Monrand,6984,EUR,,Domicile
WEB-035469,2025-12-16T12:58:00Z,Paid,jumonea.dorlin@exemple.org,Jumonea Dorlin,10373,EUR,,Point relais
WEB-035483,2025-12-16T13:04:00Z,paid,tamonia.nevlin@exemple.org,Tamonia Nevlin,4409,EUR,,Retrait magasin
WEB-035452,2025-12-16T13:13:00Z,paid,FEMARE.BRENNER80@MAIL.EXAMPLE,Femare Brenner,8323,EUR,,Point relais
WEB-035459,2025-12-16T13:22:00Z,PAID,jukenia.galnet@exemple.org,Jukenia Galnet,1226,EUR,,Point relais
WEB-035473,2025-12-16T13:40:00Z,paid,zogari.wenmar@exemple.org,Zogari Wenmar,9549,€,,Domicile
WEB-035487,2025-12-16T13:40:00Z,paid,rilisa.roslais@mail.example,Rilisa Roslais,5954,EUR,,Domicile
WEB-035487,2025-12-16T13:40:00Z,paid,rilisa.roslais@mail.example,Rilisa Roslais,5954,EUR,,Domicile
WEB-035455,2025-12-16T14:47:00Z,paid,durisea.falbert@courrier.test,Durisea Falbert,15483,EUR,,Domicile
WEB-035489,2025-12-16T14:53:00Z,paid,lomonia.monrand@courrier.test,Lomonia Monrand,10692,EUR,,Point relais
WEB-035482,2025-12-16T14:59:00Z,paid,yumonin.torvoir@exemple.org,Yumonin Torvoir,2256,EUR,,Domicile
WEB-035490,2025-12-16T15:14:00Z,Paid,seboria.nevvoir@exemple.org,Seboria Nevvoir,22198,EUR,,Domicile
WEB-035488,2025-12-16T15:44:00Z,paid,elrelin.torlais@exemple.org,Elrelin Torlais,15327,EUR,,Domicile
WEB-035498,2025-12-16T15:55:00Z,paid,marelia.havbel@courrier.test,Marelia Havbel,29398,EUR,,Point relais
WEB-035460,2025-12-16T16:00:00Z,Paid,zonelea.dorsac@exemple.org,Zonelea Dorsac,8931,€,,Domicile
WEB-035456,2025-12-16T16:18:00Z,paid,pisenel.sorvoir@exemple.org,Pisenel Sorvoir,2143,EUR,,Domicile
WEB-035461,2025-12-16T16:53:00Z,paid,nanoro.dunmont@exemple.org,Nanoro Dunmont,9848,eur,,Domicile
WEB-035466,2025-12-16T17:18:00Z,paid,sesole.landis70@courrier.test,Sesole Landis,5243,EUR,,Domicile
WEB-035486,2025-12-16T17:33:00Z,paid,vevinia.wenmont@exemple.org,Vevinia Wenmont,14669,EUR,,Domicile
WEB-035500,2025-12-16T17:51:00Z,Paid,arrelan.roslin@exemple.org,Arrelan Roslin,13875,EUR,,Domicile
WEB-035463,2025-12-16T18:22:00Z,paid,ZODANEL.DUNMONT@COURRIER.TEST,Zodanel Dunmont,13544,EUR,FIDELITE,Domicile
WEB-035495,2025-12-16T18:23:00Z,paid,orvinel.falsac@exemple.org,Orvinel Falsac,2977,EUR,,Retrait magasin
WEB-035477,2025-12-16T18:41:00Z,paid,orgaran.dorvoir@courrier.test,Orgaran Dorvoir,10167,EUR,,Point relais
WEB-035478,2025-12-16T21:19:00Z,PAID,TABOREA.VALNER@EXEMPLE.ORG,Taborea Valner,1741,eur,,Point relais
WEB-T0006,2025-12-16T21:19:00Z,PAID,test@example.com,Test Test,"1,00",eur,,Point relais
WEB-035467,2025-12-16T21:28:00Z,paid,arrele.nevbert@exemple.org,Arrele Nevbert,3997,EUR,,Point relais
WEB-T0031,2025-12-16T21:28:00Z,paid,test@example.com,Test Test,"1,00",EUR,,Point relais
WEB-035481,2025-12-16T21:51:00Z,paid,semonan.ostmar@courrier.test,Semonan Ostmar,402,EUR,,Domicile
WEB-035540,2025-12-17T09:01:00Z,paid,jugaru.havmar@exemple.org,Jugaru Havmar,5017,EUR,,Domicile
WEB-035506,2025-12-17T09:30:00Z,PAID,ZOKENIN.NEVMAR@EXEMPLE.ORG,Zokenin Nevmar,29202,EUR,,Point relais
WEB-035525,2025-12-17T11:34:00Z,paid,TARISIN.VALLAIS58@EXEMPLE.ORG,Tarisin Vallais,10898,EUR,,Point relais
WEB-035536,2025-12-17T11:37:00Z,paid,dutaria.havvane@courrier.test,Dutaria Havvane,16224,EUR,,Point relais
WEB-035546,2025-12-17T11:43:00Z,PAID,ARBOREA.VALLIN@COURRIER.TEST,Arborea Vallin,1123,EUR,,Point relais
WEB-035534,2025-12-17T12:28:00Z,paid, kakeni.ostver@exemple.org,Kakeni Ostver,1638,EUR,,Domicile
WEB-T0007,2025-12-17T12:28:00Z,paid,test@example.com,Test Test,"1,00",EUR,,Domicile
WEB-035505,2025-12-17T12:39:00Z,PAID,barisu.sormar@mail.example,Barisu Sormar,10682,EUR,,Retrait magasin
WEB-035537,2025-12-17T13:43:00Z,paid,sevinia.ostsen@courrier.test,Sevinia Ostsen,3310,EUR,BIENVENUE,Retrait magasin
WEB-035545,2025-12-17T14:28:00Z,PAID,jukenin.dornet@courrier.test,Jukenin Dornet,16935,EUR,,Domicile
WEB-035511,2025-12-17T15:11:00Z,paid,mitara.dornet@exemple.org,Mitara Dornet,26637,EUR,,Domicile
WEB-035509,2025-12-17T15:37:00Z,paid,arseni.sorver@exemple.org,Arseni Sorver,19005,EUR,,Point relais
WEB-035512,2025-12-17T16:05:00Z,paid,DUVINI.BRENVANE@EXEMPLE.ORG,Duvini Brenvane,15915,€,,Point relais
WEB-035516,2025-12-17T16:09:00Z,paid,elmaria.brenlin@exemple.org,Elmaria Brenlin,2452,EUR,,Point relais
WEB-035501,2025-12-17T16:13:00Z,paid,zotele.nevlin@mail.example,Zotele Nevlin,3173,€,,Domicile
WEB-035519,2025-12-17T16:17:00Z,paid,jugaria.mondal@exemple.org,Jugaria Mondal,4615,EUR,,Point relais
WEB-035552,2025-12-17T16:47:00Z,Paid,yumari.lanver@mail.example,Yumari Lanver,9868,EUR,,Point relais
WEB-035543,2025-12-17T17:00:00Z,PAID,junela.nevdal@mail.example,Junela Nevdal,4924,EUR,,Domicile
WEB-035514,2025-12-17T17:50:00Z,paid,fevinu.tormar@exemple.org,Fevinu Tormar,2256,EUR,,Point relais
WEB-035547,2025-12-17T18:55:00Z,cancelled,sevenan.ostvane92@courrier.test,Sevenan Ostvane,2153,EUR,,Retrait magasin
WEB-035507,2025-12-17T19:48:00Z,PAID,arkenea.sorsac@exemple.org,Arkenea Sorsac,18387,eur,,Domicile
WEB-035530,2025-12-17T19:56:00Z,Paid, zosole.brenmar@mail.example,Zosole Brenmar,3482,EUR,,Domicile
WEB-035539,2025-12-17T20:03:00Z,paid,SEVENU.WENTIER@EXEMPLE.ORG,Sevenu Wentier,8725,EUR,,Domicile
WEB-035541,2025-12-17T20:36:00Z,Paid,tasenu.dorsen@exemple.org,Tasenu Dorsen,9230,EUR,,Point relais
WEB-035510,2025-12-17T20:44:00Z,paid,mineli.sorbert@courrier.test,Mineli Sorbert,7479,EUR,,Domicile
WEB-035571,2025-12-18T11:59:00Z,paid,yusenan.ravmer@courrier.test,Yusenan Ravmer,43416,€,,Point relais
WEB-035569,2025-12-18T12:44:00Z,Paid,JURISO.SORNER@COURRIER.TEST,Juriso Sorner,46084,€,,Point relais
WEB-035553,2025-12-18T13:49:00Z,Paid,zotele.nevlin@mail.example,Zotele Nevlin,21870,EUR,FIDELITE,Domicile
WEB-035591,2025-12-18T14:24:00Z,PAID,judarea.havdis@exemple.org,Judarea Havdis,6881,EUR,,Domicile
WEB-035574,2025-12-18T14:54:00Z,Paid,venorea.sormar@exemple.org,Venorea Sormar,7798,EUR,,Point relais
WEB-035559,2025-12-18T15:14:00Z,Paid,MISENI.PERBEL@MAIL.EXAMPLE,Miseni Perbel,17965,EUR,,Point relais
WEB-035557,2025-12-18T15:25:00Z,paid,katelan.ostbel@mail.example,Katelan Ostbel,3894,EUR,,Domicile
WEB-035605,2025-12-18T16:08:00Z,paid,SENELO.OSTLAIS@EXEMPLE.ORG,Senelo Ostlais,8220,EUR,,Point relais
WEB-035581,2025-12-18T16:29:00Z,paid,JUMAREA.NEVBEL@COURRIER.TEST,Jumarea Nevbel,20653,eur,,Point relais
WEB-035588,2025-12-18T16:54:00Z,Paid,feboria.galdal@mail.example,Feboria Galdal,16646,EUR,,Point relais
WEB-035596,2025-12-18T17:17:00Z,paid,tavinia.galrand@courrier.test,Tavinia Galrand,12134,EUR,,Domicile
WEB-035579,2025-12-18T17:21:00Z,cancelled,elkenia.corrand@courrier.test,Elkenia Corrand,11420,EUR,FIDELITE,Point relais
WEB-035601,2025-12-18T17:24:00Z,paid,yunoru.pernet@exemple.org,Yunoru Pernet,5336,EUR,,Domicile
WEB-035604,2025-12-18T17:50:00Z,paid,dutara.valvane51@courrier.test,Dutara Valvane,10579,EUR,,Point relais
WEB-035567,2025-12-18T17:51:00Z,paid,vedaran.wendis@mail.example,Vedaran Wendis,10785,€,,Point relais
WEB-035606,2025-12-18T18:03:00Z,paid,talono.mongren@mail.example,Talono Mongren,17490,EUR,,Domicile
WEB-035600,2025-12-18T18:17:00Z,Paid,zoteli.wenvoir@exemple.org,Zoteli Wenvoir,5037,eur,,Domicile
WEB-035594,2025-12-18T18:47:00Z,PAID,batari.torvane@exemple.org,Batari Torvane,2977,EUR,,Point relais
WEB-035589,2025-12-18T18:51:00Z,PAID,vedari.sornet@courrier.test,Vedari Sornet,3997,EUR,,Point relais
WEB-035555,2025-12-18T18:54:00Z,paid, rivali.tardal@courrier.test,Rivali Tardal,3688,EUR,,Point relais
WEB-035609,2025-12-18T18:56:00Z,paid,lodaro.kelmar@exemple.org,Lodaro Kelmar,4924,EUR,,Point relais
WEB-035560,2025-12-18T18:58:00Z,paid,arnorea.brenlais49@courrier.test,Arnorea Brenlais,1020,EUR,,Domicile
WEB-035598,2025-12-18T19:40:00Z,paid, artaria.vallin@exemple.org,Artaria Vallin,5233,EUR,,Domicile
WEB-035599,2025-12-18T19:44:00Z,PAID,TALISE.ROSNER@EXEMPLE.ORG,Talise Rosner,18068,EUR,,Point relais
WEB-035568,2025-12-18T19:54:00Z,PAID,kareli.wenbel@courrier.test,Kareli Wenbel,12938,EUR,,Retrait magasin
WEB-035562,2025-12-18T20:46:00Z,paid,yuveni.ostlais@courrier.test,Yuveni Ostlais,11403,EUR,,Point relais
WEB-035578,2025-12-18T21:08:00Z,paid,tavenin.lanvoir@exemple.org,Tavenin Lanvoir,9652,EUR,,Domicile
WEB-035576,2025-12-18T21:43:00Z,cancelled,feboria.sorbert@exemple.org,Feboria Sorbert,3266,eur,,Domicile
WEB-035615,2025-12-19T10:03:00Z,paid, arnelo.corsac@exemple.org,Arnelo Corsac,56889,EUR,,Point relais
WEB-035678,2025-12-19T10:26:00Z,paid,KAMONIN.DORMER@EXEMPLE.ORG,Kamonin Dormer,7592,EUR,,Point relais
WEB-035635,2025-12-19T11:34:00Z,Paid,artaria.vallin@exemple.org,Artaria Vallin,14895,EUR,,Domicile
WEB-035680,2025-12-19T11:35:00Z,paid,fetelel.valner@exemple.org,Fetelel Valner,14390,EUR,,Domicile
WEB-035666,2025-12-19T11:43:00Z,Paid,lorelel.ostlais@exemple.org,Lorelel Ostlais,14880,EUR,BIENVENUE,Point relais
WEB-T0001,2025-12-19T11:43:00Z,Paid,test@example.com,Test Test,"1,00",EUR,BIENVENUE,Point relais
WEB-035639,2025-12-19T12:20:00Z,paid,DUMONEA.SORNET@COURRIER.TEST,Dumonea Sornet,2977,EUR,,Point relais
WEB-035644,2025-12-19T12:28:00Z,paid,sogarea.wenner@courrier.test,Sogarea Wenner,9745,EUR,,Domicile
WEB-035664,2025-12-19T12:52:00Z,cancelled,feboria.sorbert@exemple.org,Feboria Sorbert,22620,EUR,,Domicile
WEB-035612,2025-12-19T12:58:00Z,Paid,orrisu.dundal@exemple.org,Orrisu Dundal,8818,eur,,Point relais
WEB-035612,2025-12-19T12:58:00Z,Paid,orrisu.dundal@exemple.org,Orrisu Dundal,8818,eur,,Point relais
WEB-035629,2025-12-19T13:02:00Z,PAID,YUDANEA.NEVDIS@MAIL.EXAMPLE,Yudanea Nevdis,6479,EUR,,Domicile
WEB-035651,2025-12-19T13:15:00Z,cancelled,arlisa.valner@exemple.org,Arlisa Valner,4821,€,,Retrait magasin
WEB-035651,2025-12-19T13:15:00Z,cancelled,arlisa.valner@exemple.org,Arlisa Valner,4821,€,,Retrait magasin
WEB-035617,2025-12-19T13:47:00Z,paid,ARRELEA.VALLIN@COURRIER.TEST,Arrelea Vallin,4110,EUR,,Domicile
WEB-035624,2025-12-19T13:55:00Z,Paid,vesenu.ravgren@courrier.test,Vesenu Ravgren,2050,EUR,,Domicile
WEB-035610,2025-12-19T14:00:00Z,PAID,zogara.rosdal@exemple.org,Zogara Rosdal,11918,EUR,,Domicile
WEB-035634,2025-12-19T14:04:00Z,paid,bagarea.wenvane@courrier.test,Bagarea Wenvane,4007,EUR,,Domicile
WEB-035647,2025-12-19T14:32:00Z,paid,losolu.landal@courrier.test,Losolu Landal,4409,EUR,,Domicile
WEB-035647,2025-12-19T14:32:00Z,paid,losolu.landal@courrier.test,Losolu Landal,4409,EUR,,Domicile
WEB-035623,2025-12-19T14:39:00Z,paid,marisea.valmont@courrier.test,Marisea Valmont,7303,EUR,,Domicile
WEB-035673,2025-12-19T14:44:00Z,paid,sevalel.wenbel11@mail.example,Sevalel Wenbel,5748,EUR,,Retrait magasin
WEB-035654,2025-12-19T14:47:00Z,paid,yugaru.monbel@exemple.org,Yugaru Monbel,8426,EUR,,Domicile
WEB-035659,2025-12-19T14:51:00Z,paid,mikena.wenver@courrier.test,Mikena Wenver,10177,EUR,,Domicile
WEB-035628,2025-12-19T15:10:00Z,Paid,masenel.torkan88@mail.example,Masenel Torkan,5851,EUR,,Retrait magasin
WEB-035616,2025-12-19T15:40:00Z,paid,velone.valdal@courrier.test,Velone Valdal,7592,EUR,,Domicile
WEB-035648,2025-12-19T16:06:00Z,paid,elbore.duntier@exemple.org,Elbore Duntier,3369,EUR,,Domicile
WEB-035674,2025-12-19T16:12:00Z,Paid,pinelin.landal30@courrier.test,Pinelin Landal,4718,EUR,,Point relais
WEB-035640,2025-12-19T16:50:00Z,PAID,orseno.sorbel91@exemple.org,Orseno Sorbel,3482,EUR,,Domicile
WEB-035655,2025-12-19T17:04:00Z,paid,eldane.rosbel@courrier.test,Eldane Rosbel,8828,EUR,,Point relais
WEB-035633,2025-12-19T17:18:00Z,PAID,maseni.torsac@exemple.org,Maseni Torsac,1263,EUR,FIDELITE,Domicile
WEB-035622,2025-12-19T17:21:00Z,PAID,elrelel.dorver@exemple.org,Elrelel Dorver,6881,eur,,Retrait magasin
WEB-035649,2025-12-19T17:22:00Z,paid,sogari.monkan14@courrier.test,Sogari Monkan,6984,EUR,,Domicile
WEB-035619,2025-12-19T17:32:00Z,paid,femari.lanrand18@exemple.org,Femari Lanrand,19241,EUR,,Point relais
WEB-035614,2025-12-19T17:37:00Z,paid,pisenia.rosmer@exemple.org,Pisenia Rosmer,3276,EUR,,Point relais
WEB-035656,2025-12-19T18:14:00Z,paid,ririsia.sorgren93@exemple.org,Ririsia Sorgren,14340,EUR,,Point relais
WEB-035670,2025-12-19T18:24:00Z,Paid,jurisea.valbert@mail.example,Jurisea Valbert,9353,eur,,Point relais
WEB-035650,2025-12-19T18:29:00Z,paid,artarin.tarvoir@exemple.org,Artarin Tarvoir,7077,EUR,,Domicile
WEB-035630,2025-12-19T18:33:00Z,paid,kadare.tarmont@mail.example,Kadare Tarmont,23424,EUR,,Domicile
WEB-035645,2025-12-19T18:52:00Z,paid,kavale.torner@exemple.org,Kavale Torner,4007,EUR,,Domicile
WEB-035645,2025-12-19T18:52:00Z,paid,kavale.torner@exemple.org,Kavale Torner,4007,EUR,,Domicile
WEB-035626,2025-12-19T19:13:00Z,paid,argaria.ostrand@exemple.org,Argaria Ostrand,16460,EUR,,Domicile
WEB-035652,2025-12-19T19:20:00Z,PAID,nadana.sorbert@courrier.test,Nadana Sorbert,4914,EUR,,Point relais
WEB-035653,2025-12-19T19:58:00Z,Paid,sovina.osttier@courrier.test,Sovina Osttier,5645,EUR,,Domicile
WEB-035642,2025-12-19T20:39:00Z,paid,losolea.torsen@courrier.test,Losolea Torsen,5233,EUR,,Domicile
WEB-035671,2025-12-19T20:40:00Z,paid,dulone.cortier@courrier.test,Dulone Cortier,11619,€,,Domicile
WEB-035618,2025-12-19T21:35:00Z,PAID,pirele.dunver@courrier.test,Pirele Dunver,4409,EUR,,Point relais
WEB-035706,2025-12-20T08:11:00Z,paid,vesenu.duntier@courrier.test,Vesenu Duntier,7386,EUR,,Domicile
WEB-035753,2025-12-20T08:18:00Z,Paid,juvinel.havmar5@mail.example,Juvinel Havmar,17175,€,FIDELITE,Domicile
WEB-035684,2025-12-20T08:35:00Z,Paid,ardanu.brengren@exemple.org,Ardanu Brengren,7396,EUR,,Domicile
WEB-035698,2025-12-20T09:13:00Z,cancelled,ridaru.valver@courrier.test,Ridaru Valver,4409,EUR,,Domicile
WEB-035733,2025-12-20T10:33:00Z,paid,nadana.sorbert@courrier.test,Nadana Sorbert,15008,EUR,,Point relais
WEB-T0000,2025-12-20T10:33:00Z,paid,test@example.com,Test Test,"1,00",EUR,,Point relais
WEB-035739,2025-12-20T10:46:00Z,PAID,yurelin.corbel@exemple.org,Yurelin Corbel,299,EUR,,Domicile
WEB-035745,2025-12-20T11:09:00Z,PAID,yuvine.tarver@exemple.org,Yuvine Tarver,14541,EUR,FIDELITE,Domicile
WEB-035721,2025-12-20T11:12:00Z,paid,sotelel.ravsac@courrier.test,Sotelel Ravsac,25557,EUR,,Domicile
WEB-035748,2025-12-20T12:01:00Z,paid,SEVALEL.WENBEL11@MAIL.EXAMPLE,Sevalel Wenbel,2926,EUR,FIDELITE,Domicile
WEB-035707,2025-12-20T12:12:00Z,Paid,loseno.galbel@exemple.org,Loseno Galbel,6974,EUR,,Domicile
WEB-035715,2025-12-20T12:18:00Z,paid,tagara.rossen@courrier.test,Tagara Rossen,8519,EUR,,Point relais
WEB-035767,2025-12-20T12:34:00Z,paid,kakenia.galgren@mail.example,Kakenia Galgren,7901,EUR,,Point relais
WEB-035710,2025-12-20T12:36:00Z,Paid,lomari.persac@courrier.test,Lomari Persac,8117,EUR,,Domicile
WEB-035701,2025-12-20T12:44:00Z,PAID,durisan.tarmer@mail.example,Durisan Tarmer,24248,EUR,,Point relais
WEB-035682,2025-12-20T12:55:00Z,PAID,zovale.brenlin@mail.example,Zovale Brenlin,2143,EUR,,Point relais
WEB-035757,2025-12-20T13:00:00Z,paid,narisel.ravsac@exemple.org,Narisel Ravsac,7479,EUR,,Point relais
WEB-035761,2025-12-20T13:31:00Z,paid,felisa.gallin21@exemple.org,Felisa Gallin,20839,EUR,,Domicile
WEB-035755,2025-12-20T14:11:00Z,paid,duborel.falmer@exemple.org,Duborel Falmer,15513,EUR,,Domicile
WEB-035762,2025-12-20T14:12:00Z,paid,ardarea.kelmar@mail.example,Ardarea Kelmar,2462,EUR,,Point relais
WEB-035762,2025-12-20T14:12:00Z,paid,ardarea.kelmar@mail.example,Ardarea Kelmar,2462,EUR,,Point relais
WEB-035744,2025-12-20T14:13:00Z,paid,sevalo.sorsen@courrier.test,Sevalo Sorsen,3492,eur,,Point relais
WEB-035732,2025-12-20T14:27:00Z,paid,sorisin.corbert@mail.example,Sorisin Corbert,5326,EUR,,Domicile
WEB-035776,2025-12-20T14:32:00Z,paid,miveni.ravrand@exemple.org,Miveni Ravrand,3595,EUR,,Domicile
WEB-035709,2025-12-20T14:54:00Z,Paid,orboro.dunmar@courrier.test,Orboro Dunmar,25175,eur,,Retrait magasin
WEB-035754,2025-12-20T15:11:00Z,paid,SOBORU.VALTIER@COURRIER.TEST,Soboru Valtier,11712,€,,Domicile
WEB-035727,2025-12-20T15:42:00Z,paid,verisan.dorbert@exemple.org,Verisan Dorbert,6938,EUR,FIDELITE,Retrait magasin
WEB-035719,2025-12-20T15:46:00Z,paid,elgare.galbel@exemple.org,Elgare Galbel,10795,EUR,,Domicile
WEB-035764,2025-12-20T15:58:00Z,PAID,mirisi.havbert@mail.example,Mirisi Havbert,6723,€,FIDELITE,Domicile
WEB-035683,2025-12-20T16:01:00Z,paid,tadanan.ravmar@mail.example,Tadanan Ravmar,7901,eur,,Domicile
WEB-035724,2025-12-20T16:04:00Z,paid,dudaro.tormar@exemple.org,Dudaro Tormar,16533,EUR,,Point relais
WEB-035773,2025-12-20T16:05:00Z,PAID,sevinan.pergren@exemple.org,Sevinan Pergren,5120,EUR,,Domicile
WEB-035747,2025-12-20T16:07:00Z,paid,tasenan.dunmer@mail.example,Tasenan Dunmer,7808,EUR,,Domicile
WEB-035723,2025-12-20T16:10:00Z,paid,duvenan.ravmer@exemple.org,Duvenan Ravmer,11928,€,,Domicile
WEB-035729,2025-12-20T16:22:00Z,PAID,nanelo.rosdal@courrier.test,Nanelo Rosdal,6562,EUR,,Domicile
WEB-035720,2025-12-20T16:49:00Z,paid,taseno.ostlais@exemple.org,Taseno Ostlais,14081,EUR,,Point relais
WEB-035751,2025-12-20T16:51:00Z,paid,ardanel.sorbel63@mail.example,Ardanel Sorbel,5758,EUR,,Domicile
WEB-035756,2025-12-20T17:02:00Z,paid,mavenin.monmont21@exemple.org,Mavenin Monmont,17995,EUR,,Domicile
WEB-035705,2025-12-20T17:10:00Z,paid,zokenel.valver@exemple.org,Zokenel Valver,5027,EUR,,Domicile
WEB-035759,2025-12-20T17:21:00Z,paid,VEMARU.BRENGREN@EXEMPLE.ORG,Vemaru Brengren,18098,EUR,,Domicile
WEB-035766,2025-12-20T17:21:00Z,paid,arkenel.nevdal@exemple.org,Arkenel Nevdal,14174,eur,,Domicile
WEB-035688,2025-12-20T17:38:00Z,paid,marise.perdal@exemple.org,Marise Perdal,17284,EUR,,Point relais
WEB-035768,2025-12-20T17:39:00Z,cancelled,BASENIA.OSTTIER@MAIL.EXAMPLE,Basenia Osttier,7301,EUR,FIDELITE,Point relais
WEB-035712,2025-12-20T17:42:00Z,paid,DURISEA.FALBERT@COURRIER.TEST,Durisea Falbert,1741,eur,,Domicile
WEB-035771,2025-12-20T18:10:00Z,Paid,yumonin.torvoir@exemple.org,Yumonin Torvoir,6891,eur,,Domicile
WEB-035778,2025-12-20T18:12:00Z,paid, mavalia.ravmar@courrier.test,Mavalia Ravmar,3482,EUR,,Domicile
WEB-035692,2025-12-20T18:20:00Z,Paid,elkenia.corrand@courrier.test,Elkenia Corrand,1731,eur,,Domicile
WEB-035760,2025-12-20T18:24:00Z,PAID,JURISEL.DUNVANE@EXEMPLE.ORG,Jurisel Dunvane,11290,EUR,,Point relais
WEB-035738,2025-12-20T19:07:00Z,PAID,orvinu.sorkan@mail.example,Orvinu Sorkan,10280,EUR,,Point relais
WEB-035691,2025-12-20T19:31:00Z,Paid,badare.cormer@exemple.org,Badare Cormer,7602,EUR,,Point relais
WEB-035697,2025-12-20T19:56:00Z,paid,elsolu.wenrand@exemple.org,Elsolu Wenrand,7303,EUR,,Domicile
WEB-035749,2025-12-20T20:06:00Z,paid,kaborin.nevdis54@exemple.org,Kaborin Nevdis,16945,eur,,Domicile
WEB-035695,2025-12-20T20:52:00Z,paid,pidano.havsen@exemple.org,Pidano Havsen,3369,EUR,,Point relais
WEB-035735,2025-12-20T21:07:00Z,paid,tadaru.dorsac@exemple.org,Tadaru Dorsac,7283,EUR,,Retrait magasin
WEB-035708,2025-12-20T21:26:00Z,PAID,kasenu.perver@mail.example,Kasenu Perver,25514,EUR,,Domicile
WEB-035693,2025-12-20T21:45:00Z,PAID,elmaran.dunkan@courrier.test,Elmaran Dunkan,7705,EUR,,Point relais
WEB-035777,2025-12-20T21:58:00Z,paid,orvalo.nevlin21@mail.example,Orvalo Nevlin,12330,EUR,,Domicile
WEB-035795,2025-12-21T10:10:00Z,Paid,manela.havrand90@exemple.org,Manela Havrand,13144,EUR,,Point relais
WEB-035817,2025-12-21T11:41:00Z,paid,manelan.wensen@exemple.org,Manelan Wensen,13154,EUR,,Point relais
WEB-035785,2025-12-21T11:51:00Z,PAID,rivinia.havdal45@courrier.test,Rivinia Havdal,3575,eur,,Domicile
WEB-035783,2025-12-21T12:39:00Z,Paid,elmonan.persen@mail.example,Elmonan Persen,1020,EUR,,Domicile
WEB-035821,2025-12-21T12:48:00Z,PAID,FERISIA.GALKAN@EXEMPLE.ORG,Ferisia Galkan,4914,EUR,,Point relais
WEB-035814,2025-12-21T13:32:00Z,paid,zoteli.wenvoir@exemple.org,Zoteli Wenvoir,299,EUR,,Domicile
WEB-035809,2025-12-21T13:45:00Z,paid,mavali.langren@exemple.org,Mavali Langren,19211,EUR,,Point relais
WEB-035800,2025-12-21T13:48:00Z,Paid,tadare.dormar@mail.example,Tadare Dormar,2256,EUR,,Domicile
WEB-035800,2025-12-21T13:48:00Z,Paid,tadare.dormar@mail.example,Tadare Dormar,2256,EUR,,Domicile
WEB-035804,2025-12-21T13:56:00Z,paid,vemonin.dunrand@exemple.org,Vemonin Dunrand,8725,EUR,,Domicile
WEB-035790,2025-12-21T14:47:00Z,paid,SOGARIA.CORLIN@MAIL.EXAMPLE,Sogaria Corlin,9250,EUR,,Point relais
WEB-035789,2025-12-21T15:11:00Z,paid,yukenea.dunmar@courrier.test,Yukenea Dunmar,18882,eur,,Domicile
WEB-035781,2025-12-21T15:23:00Z,Paid,mirelan.brenbert@mail.example,Mirelan Brenbert,9147,EUR,,Point relais
WEB-035801,2025-12-21T16:08:00Z,paid,yutarea.tarkan@courrier.test,Yutarea Tarkan,13370,EUR,,Domicile
WEB-035780,2025-12-21T16:30:00Z,PAID,lotelel.nevbert2@courrier.test,Lotelel Nevbert,4605,EUR,,Point relais
WEB-035797,2025-12-21T17:15:00Z,paid,pidanan.ravner@courrier.test,Pidanan Ravner,12124,EUR,,Retrait magasin
WEB-035796,2025-12-21T18:22:00Z,paid,sotare.dunlais3@mail.example,Sotare Dunlais,2977,eur,,Domicile
WEB-035803,2025-12-21T18:25:00Z,paid,SOGARIA.CORLIN@MAIL.EXAMPLE,Sogaria Corlin,2462,EUR,,Domicile
WEB-035791,2025-12-21T18:46:00Z,paid,bagarea.wenvane@courrier.test,Bagarea Wenvane,5037,EUR,,Point relais
WEB-035816,2025-12-21T21:23:00Z,paid,dudaro.tormar@exemple.org,Dudaro Tormar,13772,€,,Domicile
WEB-035856,2025-12-22T10:12:00Z,paid,MIBORIN.OSTMONT@MAIL.EXAMPLE,Miborin Ostmont,9353,eur,,Retrait magasin
WEB-035867,2025-12-22T10:33:00Z,PAID,kaveni.valdis@courrier.test,Kaveni Valdis,1535,EUR,,Point relais
WEB-035871,2025-12-22T10:46:00Z,paid,VELISI.ROSLIN@COURRIER.TEST,Velisi Roslin,8838,EUR,,Point relais
WEB-035831,2025-12-22T11:22:00Z,paid,PILISU.RAVVER81@EXEMPLE.ORG,Pilisu Ravver,12433,EUR,,Domicile
WEB-035866,2025-12-22T11:46:00Z,cancelled,zolona.ravsac@courrier.test,Zolona Ravsac,2256,EUR,,Domicile
WEB-035837,2025-12-22T12:09:00Z,PAID,mavenin.sorrand@exemple.org,Mavenin Sorrand,2977,EUR,,Point relais
WEB-035877,2025-12-22T12:19:00Z,Paid,rimonu.sormar@exemple.org,Rimonu Sormar,18367,EUR,,Domicile
WEB-035859,2025-12-22T12:24:00Z,paid,jumaro.falmar@exemple.org,Jumaro Falmar,4110,EUR,,Domicile
WEB-035862,2025-12-22T12:40:00Z,paid,baseno.nevbel@mail.example,Baseno Nevbel,5037,EUR,,Domicile
WEB-035835,2025-12-22T13:32:00Z,PAID,JUTELIA.OSTDAL@EXEMPLE.ORG,Jutelia Ostdal,711,EUR,,Point relais
WEB-035864,2025-12-22T14:12:00Z,Paid,ORTARAN.VALRAND@EXEMPLE.ORG,Ortaran Valrand,6871,eur,,Retrait magasin
WEB-035852,2025-12-22T14:23:00Z,paid, barelu.corlais@courrier.test,Barelu Corlais,8416,€,,Point relais
WEB-035848,2025-12-22T14:58:00Z,paid,arvenia.perner@mail.example,Arvenia Perner,11506,EUR,,Domicile
WEB-035836,2025-12-22T15:26:00Z,paid,ortaran.valrand@exemple.org,Ortaran Valrand,5336,EUR,,Point relais
WEB-035873,2025-12-22T15:41:00Z,PAID,dutaria.rosver@courrier.test,Dutaria Rosver,15749,EUR,,Domicile
WEB-035832,2025-12-22T15:47:00Z,paid,tarisel.valrand@mail.example,Tarisel Valrand,8828,EUR,,Point relais
WEB-035847,2025-12-22T16:01:00Z,Paid,piveni.sortier19@exemple.org,Piveni Sortier,13164,EUR,,Point relais
WEB-035834,2025-12-22T16:10:00Z,paid,marisi.galsac@mail.example,Marisi Galsac,4718,EUR,,Domicile
WEB-035855,2025-12-22T16:42:00Z,Paid,SORELEA.RAVKAN@MAIL.EXAMPLE,Sorelea Ravkan,8014,EUR,,Point relais
WEB-035869,2025-12-22T17:24:00Z,PAID,somare.perdal@exemple.org,Somare Perdal,1535,EUR,,Point relais
WEB-035858,2025-12-22T17:52:00Z,PAID,solonel.nevgren@mail.example,Solonel Nevgren,4924,EUR,,Domicile
WEB-035842,2025-12-22T18:05:00Z,Paid,sotaru.roslais@exemple.org,Sotaru Roslais,15110,EUR,FIDELITE,Domicile
WEB-035846,2025-12-22T18:22:00Z,paid,jutela.dungren@courrier.test,Jutela Dungren,3276,eur,,Domicile
WEB-035822,2025-12-22T18:25:00Z,PAID,venelu.dorbert@exemple.org,Venelu Dorbert,7612,EUR,,Domicile
WEB-035851,2025-12-22T18:25:00Z,paid,juteli.corgren@exemple.org,Juteli Corgren,5130,eur,,Domicile
WEB-035833,2025-12-22T18:35:00Z,paid, fetaria.dundal15@courrier.test,Fetaria Dundal,3904,eur,,Domicile
WEB-035827,2025-12-22T19:16:00Z,paid, elneli.lanner@courrier.test,Elneli Lanner,12443,EUR,,Domicile
WEB-035844,2025-12-22T20:42:00Z,PAID,kadara.osttier@mail.example,Kadara Osttier,1329,EUR,,Point relais
WEB-035875,2025-12-22T21:56:00Z,paid,basolia.cordis@exemple.org,Basolia Cordis,3389,EUR,,Domicile
WEB-035927,2025-12-23T08:40:00Z,PAID,ardaran.sorgren@courrier.test,Ardaran Sorgren,13340,EUR,,Domicile
WEB-035904,2025-12-23T11:02:00Z,Paid,zodare.keltier@mail.example,Zodare Keltier,10363,€,,Domicile
WEB-035924,2025-12-23T12:20:00Z,paid,feveni.tarvane77@courrier.test,Feveni Tarvane,8941,€,,Point relais
WEB-035901,2025-12-23T12:26:00Z,paid,fereli.ostrand@courrier.test,Fereli Ostrand,14905,EUR,,Domicile
WEB-035925,2025-12-23T12:32:00Z,PAID,sovenin.galver53@exemple.org,Sovenin Galver,8323,eur,,Retrait magasin
WEB-035891,2025-12-23T12:46:00Z,paid,sogara.tarlais@exemple.org,Sogara Tarlais,1422,EUR,,Domicile
WEB-035903,2025-12-23T13:00:00Z,paid,sedanan.vallin@exemple.org,Sedanan Vallin,6160,EUR,,Point relais
WEB-035887,2025-12-23T13:04:00Z,paid, navenu.tordis@courrier.test,Navenu Tordis,1226,EUR,,Point relais
WEB-035894,2025-12-23T14:13:00Z,cancelled,KAKENI.OSTVER@EXEMPLE.ORG,Kakeni Ostver,11898,€,,Domicile
WEB-035911,2025-12-23T14:16:00Z,paid,ornelel.corver@courrier.test,Ornelel Corver,1226,EUR,,Retrait magasin
WEB-035890,2025-12-23T14:53:00Z,PAID,basolo.ostbel@courrier.test,Basolo Ostbel,10177,EUR,,Point relais
WEB-035878,2025-12-23T15:15:00Z,PAID,sekenin.havdal@courrier.test,Sekenin Havdal,9652,EUR,,Retrait magasin
WEB-035934,2025-12-23T15:15:00Z,paid,ardanel.sorbel63@mail.example,Ardanel Sorbel,13865,EUR,,Point relais
WEB-035909,2025-12-23T15:52:00Z,Paid,dukenea.sordis@exemple.org,Dukenea Sordis,7695,eur,,Domicile
WEB-035892,2025-12-23T16:21:00Z,PAID,dumonea.sornet@courrier.test,Dumonea Sornet,10765,EUR,,Domicile
WEB-035914,2025-12-23T16:34:00Z,PAID,dumaro.dunvoir@courrier.test,Dumaro Dunvoir,3894,€,,Domicile
WEB-035931,2025-12-23T16:46:00Z,cancelled,fesenan.valbert@exemple.org,Fesenan Valbert,299,EUR,,Domicile
WEB-035935,2025-12-23T16:47:00Z,paid,kanoran.falner@exemple.org,Kanoran Falner,32405,EUR,,Domicile
WEB-035919,2025-12-23T16:49:00Z,PAID,bavalia.tarmont@courrier.test,Bavalia Tarmont,15327,EUR,,Domicile
WEB-035880,2025-12-23T17:01:00Z,paid,elgare.galbel@exemple.org,Elgare Galbel,22414,EUR,,Point relais
WEB-035896,2025-12-23T17:16:00Z,Paid,navalia.ravlais@exemple.org,Navalia Ravlais,15120,EUR,FIDELITE,Domicile
WEB-035915,2025-12-23T17:47:00Z,paid,velonu.lanbert@courrier.test,Velonu Lanbert,5233,EUR,,Domicile
WEB-035933,2025-12-23T18:08:00Z,PAID,balonan.ravner@mail.example,Balonan Ravner,9745,EUR,,Domicile
WEB-035929,2025-12-23T18:24:00Z,Paid,tatelin.brenlin@exemple.org,Tatelin Brenlin,15749,EUR,,Retrait magasin
WEB-035922,2025-12-23T18:52:00Z,paid,pidanan.ravner@courrier.test,Pidanan Ravner,4522,EUR,,Domicile
WEB-035899,2025-12-23T19:06:00Z,Paid,risenea.rosmer@mail.example,Risenea Rosmer,11722,EUR,,Point relais
WEB-035905,2025-12-23T19:07:00Z,paid,sotelel.ravsac@courrier.test,Sotelel Ravsac,15307,EUR,,Domicile
WEB-035913,2025-12-23T21:02:00Z,Paid,bagaran.pertier@mail.example,Bagaran Pertier,3904,EUR,,Domicile
WEB-035932,2025-12-23T21:07:00Z,paid,banelan.valvoir1@exemple.org,Banelan Valvoir,41027,EUR,,Domicile
WEB-035957,2025-12-24T11:01:00Z,paid,losena.pergren@exemple.org,Losena Pergren,2153,EUR,,Point relais
WEB-035951,2025-12-24T11:06:00Z,cancelled,fesenan.brenbert@courrier.test,Fesenan Brenbert,6356,EUR,,Point relais
WEB-035977,2025-12-24T11:21:00Z,paid,elloni.wensen@exemple.org,Elloni Wensen,36824,EUR,,Point relais
WEB-035988,2025-12-24T12:40:00Z,paid,venela.cortier@mail.example,Venela Cortier,2977,€,,Point relais
WEB-035969,2025-12-24T13:04:00Z,paid,bamona.perbel@mail.example,Bamona Perbel,5851,€,,Point relais
WEB-035937,2025-12-24T13:36:00Z,paid,rikenia.tarnet@exemple.org,Rikenia Tarnet,10682,EUR,,Domicile
WEB-035941,2025-12-24T14:14:00Z,paid,basena.kelnet@courrier.test,Basena Kelnet,21766,EUR,,Domicile
WEB-035954,2025-12-24T14:15:00Z,paid,seliso.wengren@courrier.test,Seliso Wengren,2874,€,,Domicile
WEB-035943,2025-12-24T15:13:00Z,Paid,yugari.lanver7@courrier.test,Yugari Lanver,2462,EUR,,Domicile
WEB-035981,2025-12-24T15:21:00Z,Paid, zovenel.sorrand@exemple.org,Zovenel Sorrand,6263,EUR,,Domicile
WEB-035986,2025-12-24T15:22:00Z,paid,rimari.dunlais56@exemple.org,Rimari Dunlais,7077,EUR,,Point relais
WEB-035964,2025-12-24T15:42:00Z,Paid,navenin.kelnet@courrier.test,Navenin Kelnet,4007,EUR,,Domicile
WEB-035966,2025-12-24T16:08:00Z,paid,arnelin.langren@exemple.org,Arnelin Langren,9612,EUR,,Domicile
WEB-035978,2025-12-24T16:22:00Z,paid,solisan.falgren43@exemple.org,Solisan Falgren,5914,EUR,,Domicile
WEB-T0051,2025-12-24T16:22:00Z,paid,test@example.com,Test Test,"1,00",EUR,,Domicile
WEB-035974,2025-12-24T16:38:00Z,paid,dudania.nevner@exemple.org,Dudania Nevner,4482,EUR,FIDELITE,Domicile
WEB-035965,2025-12-24T16:57:00Z,paid,nalono.falbert@courrier.test,Nalono Falbert,9267,EUR,FIDELITE,Domicile
WEB-035967,2025-12-24T17:03:00Z,PAID,navenia.valvane@courrier.test,Navenia Valvane,31644,EUR,,Domicile
WEB-035938,2025-12-24T17:18:00Z,paid,sedanu.wensen@courrier.test,Sedanu Wensen,3678,EUR,,Point relais
WEB-035973,2025-12-24T17:33:00Z,PAID,orvinan.ravbert89@mail.example,Orvinan Ravbert,5130,EUR,,Point relais
WEB-035950,2025-12-24T17:40:00Z,PAID,lobore.monner@exemple.org,Lobore Monner,15729,EUR,,Point relais
WEB-035947,2025-12-24T17:54:00Z,Paid,SEBORO.SORKAN@EXEMPLE.ORG,Seboro Sorkan,5233,EUR,,Retrait magasin
WEB-035975,2025-12-24T17:56:00Z,paid,arlisa.valner@exemple.org,Arlisa Valner,7788,EUR,,Domicile
WEB-035976,2025-12-24T18:18:00Z,paid,sesoli.sorbert@exemple.org,Sesoli Sorbert,6778,EUR,,Point relais
WEB-035985,2025-12-24T18:41:00Z,paid,vemono.nevgren@exemple.org,Vemono Nevgren,4007,EUR,,Domicile
WEB-035972,2025-12-24T19:50:00Z,Paid,jurisel.sormont@exemple.org,Jurisel Sormont,2452,EUR,,Domicile
WEB-035956,2025-12-24T19:57:00Z,paid,zolono.ostvane@exemple.org,Zolono Ostvane,10148,EUR,FIDELITE,Point relais
WEB-035982,2025-12-24T19:59:00Z,paid,yusoli.vallais@courrier.test,Yusoli Vallais,6974,eur,,Domicile
WEB-035945,2025-12-24T20:16:00Z,paid,durelel.dorkan42@exemple.org,Durelel Dorkan,12526,eur,,Point relais
WEB-035971,2025-12-24T20:29:00Z,PAID,yuvine.tarver@exemple.org,Yuvine Tarver,15214,EUR,,Point relais
WEB-035979,2025-12-24T21:10:00Z,PAID,felisea.kelvane69@courrier.test,Felisea Kelvane,9652,EUR,,Domicile
WEB-035949,2025-12-24T21:55:00Z,Paid,selonin.cormer@courrier.test,Selonin Cormer,5851,EUR,,Point relais
WEB-036007,2025-12-25T09:00:00Z,paid,dutarea.galdis@exemple.org,Dutarea Galdis,14071,EUR,,Point relais
WEB-036039,2025-12-25T10:16:00Z,paid,zomarin.ostnet@courrier.test,Zomarin Ostnet,14071,EUR,,Point relais
WEB-036039,2025-12-25T10:16:00Z,paid,zomarin.ostnet@courrier.test,Zomarin Ostnet,14071,EUR,,Point relais
WEB-036010,2025-12-25T11:41:00Z,PAID,pidanea.brenlais@courrier.test,Pidanea Brenlais,16616,EUR,FIDELITE,Domicile
WEB-035991,2025-12-25T11:51:00Z,paid,selisia.tarmar@exemple.org,Selisia Tarmar,13041,EUR,,Domicile
WEB-035997,2025-12-25T12:04:00Z,Paid,juvalan.ostdis@courrier.test,Juvalan Ostdis,16347,EUR,,Point relais
WEB-036026,2025-12-25T12:12:00Z,paid,kadarin.torner@courrier.test,Kadarin Torner,9333,EUR,,Domicile
WEB-036019,2025-12-25T13:23:00Z,PAID,dutarel.falmont@mail.example,Dutarel Falmont,6136,EUR,FIDELITE,Point relais
WEB-036024,2025-12-25T13:50:00Z,paid,lodanu.dormont@exemple.org,Lodanu Dormont,4617,EUR,BIENVENUE,Domicile
WEB-036046,2025-12-25T13:57:00Z,Paid,julone.nevbert@mail.example,Julone Nevbert,6366,EUR,,Domicile
WEB-036052,2025-12-25T14:06:00Z,paid,kagarin.dornet@mail.example,Kagarin Dornet,9961,EUR,,Domicile
WEB-036021,2025-12-25T14:07:00Z,paid,kareli.rosvane@exemple.org,Kareli Rosvane,20663,EUR,,Domicile
WEB-035999,2025-12-25T14:09:00Z,PAID,somone.corvoir@exemple.org,Somone Corvoir,5336,EUR,,Domicile
WEB-036005,2025-12-25T14:18:00Z,paid,orrisu.dundal@exemple.org,Orrisu Dundal,13134,EUR,,Domicile
WEB-036000,2025-12-25T14:42:00Z,paid,kabora.havmer@exemple.org,Kabora Havmer,18387,EUR,,Domicile
WEB-036009,2025-12-25T15:09:00Z,paid,artele.fallais@courrier.test,Artele Fallais,1741,EUR,,Domicile
WEB-036023,2025-12-25T15:21:00Z,paid,yumonia.brenner54@courrier.test,Yumonia Brenner,7994,EUR,,Point relais
WEB-036014,2025-12-25T15:52:00Z,Paid,armare.havmont45@exemple.org,Armare Havmont,16038,EUR,,Domicile
WEB-036002,2025-12-25T16:07:00Z,PAID,ortela.ostver@courrier.test,Ortela Ostver,8941,eur,,Point relais
WEB-036030,2025-12-25T16:19:00Z,paid,juvali.galmont@courrier.test,Juvali Galmont,1731,EUR,,Point relais
WEB-036035,2025-12-25T16:32:00Z,PAID,arvenin.dorvane@exemple.org,Arvenin Dorvane,8014,EUR,,Point relais
WEB-036013,2025-12-25T17:14:00Z,paid,eltelin.monmar@exemple.org,Eltelin Monmar,36485,€,,Point relais
WEB-036040,2025-12-25T17:38:00Z,Paid,kavini.wenmont@exemple.org,Kavini Wenmont,3709,EUR,FIDELITE,Point relais
WEB-036012,2025-12-25T17:40:00Z,PAID,PITELO.OSTMONT51@EXEMPLE.ORG,Pitelo Ostmont,23537,EUR,,Point relais
WEB-036017,2025-12-25T18:07:00Z,paid,mavenin.wenvane@exemple.org,Mavenin Wenvane,17470,EUR,,Domicile
WEB-036004,2025-12-25T18:21:00Z,PAID,DUDANEA.PERVOIR@EXEMPLE.ORG,Dudanea Pervoir,5326,EUR,,Retrait magasin
WEB-T0020,2025-12-25T18:21:00Z,PAID,test@example.com,Test Test,"1,00",EUR,,Retrait magasin
WEB-036016,2025-12-25T18:32:00Z,paid,ormonin.brenbert@mail.example,Ormonin Brenbert,15749,EUR,,Domicile
WEB-036031,2025-12-25T19:16:00Z,paid,nanore.ostrand@exemple.org,Nanore Ostrand,16769,EUR,,Point relais
WEB-036037,2025-12-25T21:51:00Z,paid,vemonia.rosnet@exemple.org,Vemonia Rosnet,2246,EUR,,Retrait magasin
WEB-036087,2025-12-26T10:34:00Z,cancelled,yudanan.kelner@exemple.org,Yudanan Kelner,11506,EUR,,Retrait magasin
WEB-036060,2025-12-26T10:37:00Z,paid,senore.faltier@courrier.test,Senore Faltier,13855,EUR,,Domicile
WEB-036123,2025-12-26T10:54:00Z,paid,kasena.torbel@courrier.test,Kasena Torbel,26544,€,,Domicile
WEB-036084,2025-12-26T11:26:00Z,paid,tavalu.ravgren@exemple.org,Tavalu Ravgren,10373,EUR,,Domicile
WEB-036063,2025-12-26T12:27:00Z,paid,SEDANU.WENSEN@COURRIER.TEST,Sedanu Wensen,5635,EUR,,Point relais
WEB-036073,2025-12-26T12:33:00Z,paid,minore.torvane9@mail.example,Minore Torvane,27957,EUR,FIDELITE,Point relais
WEB-036083,2025-12-26T12:36:00Z,paid,NAVENE.MONVOIR@COURRIER.TEST,Navene Monvoir,21384,EUR,,Domicile
WEB-036092,2025-12-26T12:58:00Z,PAID,pimonu.havnet@exemple.org,Pimonu Havnet,8426,EUR,,Domicile
WEB-036072,2025-12-26T13:03:00Z,paid,fevinin.corvoir@mail.example,Fevinin Corvoir,18614,EUR,FIDELITE,Point relais
WEB-036079,2025-12-26T13:04:00Z,PAID,taborea.valner@exemple.org,Taborea Valner,5243,€,,Domicile
WEB-036125,2025-12-26T13:39:00Z,PAID,arbori.ostdal@courrier.test,Arbori Ostdal,917,eur,,Point relais
WEB-036093,2025-12-26T13:42:00Z,PAID,orlisin.wenvane@exemple.org,Orlisin Wenvane,7695,EUR,,Retrait magasin
WEB-036090,2025-12-26T14:23:00Z,paid,duvena.rosdal@exemple.org,Duvena Rosdal,8004,EUR,,Point relais
WEB-036089,2025-12-26T14:28:00Z,paid,fesenan.brenbert@courrier.test,Fesenan Brenbert,8313,eur,,Domicile
WEB-036116,2025-12-26T14:41:00Z,PAID,juteli.tardis@exemple.org,Juteli Tardis,3492,EUR,,Point relais
WEB-T0046,2025-12-26T14:41:00Z,PAID,test@example.com,Test Test,"1,00",EUR,,Point relais
WEB-036122,2025-12-26T15:03:00Z,PAID,pimaria.sorner@exemple.org,Pimaria Sorner,5256,EUR,FIDELITE,Retrait magasin
WEB-036096,2025-12-26T15:10:00Z,paid,sorisia.nevdis84@exemple.org,Sorisia Nevdis,3080,EUR,,Point relais
WEB-036124,2025-12-26T16:07:00Z,paid,mamono.sornet@exemple.org,Mamono Sornet,8004,eur,,Point relais
WEB-036085,2025-12-26T16:09:00Z,paid,minelo.ravbert@exemple.org,Minelo Ravbert,16107,EUR,FIDELITE,Domicile
WEB-036094,2025-12-26T16:24:00Z,paid,basola.dunbel@exemple.org,Basola Dunbel,299,EUR,,Domicile
WEB-036082,2025-12-26T16:29:00Z,paid,bagara.ravbert@courrier.test,Bagara Ravbert,16018,EUR,,Domicile
WEB-036082,2025-12-26T16:29:00Z,paid,bagara.ravbert@courrier.test,Bagara Ravbert,16018,EUR,,Domicile
WEB-036062,2025-12-26T16:32:00Z,paid,kasolan.havlais@mail.example,Kasolan Havlais,5552,eur,,Domicile
WEB-036097,2025-12-26T16:54:00Z,paid,YUTELO.ROSDIS@COURRIER.TEST,Yutelo Rosdis,13071,EUR,,Domicile
WEB-036110,2025-12-26T17:04:00Z,PAID,yuvene.fallin5@mail.example,Yuvene Fallin,9662,EUR,,Domicile
WEB-036106,2025-12-26T17:12:00Z,PAID,KARELI.ROSVANE@EXEMPLE.ORG,Kareli Rosvane,35475,eur,,Domicile
WEB-036120,2025-12-26T17:17:00Z,PAID,mivine.monmer@courrier.test,Mivine Monmer,11795,EUR,,Point relais
WEB-036077,2025-12-26T17:21:00Z,PAID,vebori.wensac@mail.example,Vebori Wensac,3389,EUR,,Retrait magasin
WEB-036115,2025-12-26T17:43:00Z,paid,jutarel.valtier@courrier.test,Jutarel Valtier,11393,EUR,,Point relais
WEB-036101,2025-12-26T17:56:00Z,cancelled,ordare.havvane@courrier.test,Ordare Havvane,3183,EUR,,Point relais
WEB-036064,2025-12-26T18:57:00Z,Paid,arvalin.galbert@courrier.test,Arvalin Galbert,10383,EUR,,Point relais
WEB-036108,2025-12-26T19:02:00Z,paid,tagaria.kelvoir@exemple.org,Tagaria Kelvoir,9981,EUR,,Point relais
WEB-036053,2025-12-26T19:55:00Z,PAID,banelan.valvoir1@exemple.org,Banelan Valvoir,3080,eur,,Domicile
WEB-036099,2025-12-26T19:57:00Z,paid,sevinia.ostsen@courrier.test,Sevinia Ostsen,2679,EUR,BIENVENUE,Domicile
WEB-036117,2025-12-26T20:02:00Z,paid,taveno.corlin31@mail.example,Taveno Corlin,4375,EUR,FIDELITE,Domicile
WEB-036119,2025-12-26T20:25:00Z,Paid,elrisia.gallais@exemple.org,Elrisia Gallais,10559,EUR,,Point relais
WEB-036109,2025-12-26T21:17:00Z,PAID,yuseno.ostner@courrier.test,Yuseno Ostner,6160,€,,Domicile
WEB-036057,2025-12-26T21:23:00Z,PAID, mabora.nevmar@exemple.org,Mabora Nevmar,19520,EUR,,Point relais
WEB-036080,2025-12-26T21:29:00Z,paid,taborea.valner@exemple.org,Taborea Valner,10476,EUR,,Domicile
WEB-036086,2025-12-26T21:39:00Z,Paid,mivenan.lanmar@exemple.org,Mivenan Lanmar,1834,€,,Domicile
WEB-036155,2025-12-27T09:51:00Z,Paid,selonel.tardis@courrier.test,Selonel Tardis,8941,EUR,,Retrait magasin
WEB-036195,2025-12-27T10:29:00Z,paid,tatelea.nevdal@exemple.org,Tatelea Nevdal,2977,EUR,,Point relais
WEB-036172,2025-12-27T11:51:00Z,paid,orkenel.havbert@mail.example,Orkenel Havbert,13566,eur,,Domicile
WEB-036199,2025-12-27T11:53:00Z,paid,tatarea.pernet@courrier.test,Tatarea Pernet,6974,EUR,,Domicile
WEB-036197,2025-12-27T12:06:00Z,paid,sodaru.havlin@mail.example,Sodaru Havlin,5655,EUR,,Domicile
WEB-036149,2025-12-27T12:40:00Z,PAID,midari.rostier@exemple.org,Midari Rostier,13071,€,,Domicile
WEB-036140,2025-12-27T13:22:00Z,PAID,PISOLU.CORMONT@EXEMPLE.ORG,Pisolu Cormont,11187,EUR,,Domicile
WEB-036138,2025-12-27T13:40:00Z,paid,narelel.ostlais@exemple.org,Narelel Ostlais,8416,eur,,Point relais
WEB-036196,2025-12-27T13:57:00Z,paid,orgaran.dorvoir@courrier.test,Orgaran Dorvoir,10167,eur,,Point relais
WEB-036182,2025-12-27T14:09:00Z,paid, ardane.wenmer34@exemple.org,Ardane Wenmer,14689,EUR,,Domicile
WEB-036139,2025-12-27T14:17:00Z,Paid,yulisa.ostbel58@exemple.org,Yulisa Ostbel,7798,EUR,,Domicile
WEB-036137,2025-12-27T14:24:00Z,cancelled, zovinu.monrand@mail.example,Zovinu Monrand,6366,EUR,,Point relais
WEB-036179,2025-12-27T14:33:00Z,paid,elrelan.wenver@courrier.test,Elrelan Wenver,10064,EUR,,Point relais
WEB-036183,2025-12-27T14:51:00Z,paid,arrisan.tordis@exemple.org,Arrisan Tordis,3369,EUR,,Point relais
WEB-036167,2025-12-27T14:56:00Z,paid,elboro.gallais@courrier.test,Elboro Gallais,7087,EUR,,Point relais
WEB-036142,2025-12-27T15:05:00Z,paid,mavenin.falrand13@courrier.test,Mavenin Falrand,4419,eur,,Domicile
WEB-036142,2025-12-27T15:05:00Z,paid,mavenin.falrand13@courrier.test,Mavenin Falrand,4419,eur,,Domicile
WEB-036181,2025-12-27T15:12:00Z,paid,selono.havsen87@courrier.test,Selono Havsen,15719,EUR,,Domicile
WEB-036207,2025-12-27T15:20:00Z,PAID,lorelel.ostlais@exemple.org,Lorelel Ostlais,20055,EUR,,Point relais
WEB-036180,2025-12-27T15:22:00Z,Paid,migaru.brensen@exemple.org,Migaru Brensen,20633,EUR,,Point relais
WEB-036191,2025-12-27T15:22:00Z,paid,badare.perkan@exemple.org,Badare Perkan,6572,EUR,,Domicile
WEB-036198,2025-12-27T15:25:00Z,PAID,somone.lanmont@courrier.test,Somone Lanmont,16759,EUR,,Point relais
WEB-036148,2025-12-27T15:47:00Z,PAID,rilonin.wendis@exemple.org,Rilonin Wendis,5243,eur,,Domicile
WEB-036129,2025-12-27T16:05:00Z,paid,ridara.valvane@exemple.org,Ridara Valvane,9456,eur,,Domicile
WEB-036128,2025-12-27T16:39:00Z,paid,serele.dorkan@exemple.org,Serele Dorkan,5233,EUR,,Point relais
WEB-036144,2025-12-27T17:21:00Z,Paid,orrelin.sorgren@courrier.test,Orrelin Sorgren,15008,EUR,,Domicile
WEB-036187,2025-12-27T17:41:00Z,Paid,judarea.nevmar@exemple.org,Judarea Nevmar,6366,€,,Point relais
WEB-036133,2025-12-27T17:45:00Z,paid,jurisea.galbel@mail.example,Jurisea Galbel,11815,EUR,,Point relais
WEB-036135,2025-12-27T18:14:00Z,paid,maveno.cormont@courrier.test,Maveno Cormont,1654,EUR,FIDELITE,Point relais
WEB-036164,2025-12-27T18:38:00Z,Paid, seveni.brennet@exemple.org,Seveni Brennet,1947,€,,Point relais
WEB-036163,2025-12-27T18:53:00Z,paid,lorelu.nevgren@courrier.test,Lorelu Nevgren,5130,EUR,,Point relais
WEB-036156,2025-12-27T19:09:00Z,Paid,serelia.havtier@exemple.org,Serelia Havtier,10147,EUR,,Domicile
WEB-036205,2025-12-27T19:09:00Z,PAID,SELISEL.ROSVOIR@EXEMPLE.ORG,Selisel Rosvoir,6057,EUR,,Point relais
WEB-036165,2025-12-27T19:28:00Z,PAID,felonan.lantier@exemple.org,Felonan Lantier,12320,EUR,,Domicile
WEB-036160,2025-12-27T19:40:00Z,paid, nalonia.cornet@mail.example,Nalonia Cornet,7057,€,,Domicile
WEB-036132,2025-12-27T20:17:00Z,cancelled,ferelea.mongren@exemple.org,Ferelea Mongren,598,eur,,Domicile
WEB-036150,2025-12-27T20:46:00Z,paid,bamaria.monkan16@courrier.test,Bamaria Monkan,12330,EUR,,Point relais
WEB-036184,2025-12-27T21:31:00Z,paid,badanu.dorner@exemple.org,Badanu Dorner,7489,EUR,,Retrait magasin
WEB-036136,2025-12-27T21:56:00Z,PAID,dugarin.permar13@mail.example,Dugarin Permar,8426,eur,,Point relais
WEB-036225,2025-12-28T08:06:00Z,PAID,maseni.dorvoir@courrier.test,Maseni Dorvoir,1329,EUR,,Domicile
WEB-036231,2025-12-28T11:25:00Z,PAID,yudanan.nevmar56@courrier.test,Yudanan Nevmar,3492,EUR,,Retrait magasin
WEB-036224,2025-12-28T11:36:00Z,PAID,armarel.torlais@exemple.org,Armarel Torlais,5439,EUR,,Point relais
WEB-036255,2025-12-28T11:53:00Z,paid,vebori.wensac@mail.example,Vebori Wensac,8117,EUR,,Domicile
WEB-036214,2025-12-28T12:04:00Z,paid,orvalo.valbel15@exemple.org,Orvalo Valbel,15729,EUR,,Point relais
WEB-036219,2025-12-28T13:03:00Z,paid,tarisia.ravsen@mail.example,Tarisia Ravsen,25803,eur,,Domicile
WEB-036228,2025-12-28T13:15:00Z,paid,jukenin.dornet@courrier.test,Jukenin Dornet,7180,EUR,,Domicile
WEB-036212,2025-12-28T13:33:00Z,PAID,velisel.ostmont11@exemple.org,Velisel Ostmont,5944,€,,Domicile
WEB-036241,2025-12-28T14:02:00Z,PAID,yudaria.sormont@exemple.org,Yudaria Sormont,7283,EUR,,Domicile
WEB-036236,2025-12-28T14:38:00Z,paid,lomare.pernet@courrier.test,Lomare Pernet,2668,EUR,,Point relais
WEB-036234,2025-12-28T14:39:00Z,PAID,malise.falnet@exemple.org,Malise Falnet,1947,EUR,FIDELITE,Domicile
WEB-036223,2025-12-28T14:55:00Z,PAID,arrelia.brenmer@exemple.org,Arrelia Brenmer,1937,eur,,Point relais
WEB-036215,2025-12-28T15:32:00Z,cancelled,elnore.valbert@courrier.test,Elnore Valbert,8951,EUR,,Point relais
WEB-036244,2025-12-28T15:52:00Z,Paid,rigaria.corlin@courrier.test,Rigaria Corlin,9971,EUR,,Retrait magasin
WEB-036233,2025-12-28T16:23:00Z,paid,vemaro.torbel@exemple.org,Vemaro Torbel,17470,EUR,,Point relais
WEB-036209,2025-12-28T16:43:00Z,paid,yurelin.corbel@exemple.org,Yurelin Corbel,11177,EUR,,Domicile
WEB-036247,2025-12-28T16:59:00Z,Paid,pinoran.dordal@mail.example,Pinoran Dordal,37133,EUR,,Point relais
WEB-036256,2025-12-28T17:14:00Z,paid,kaneli.dornet@exemple.org,Kaneli Dornet,24577,€,,Domicile
WEB-036220,2025-12-28T17:37:00Z,Paid,nanelel.ostvane@exemple.org,Nanelel Ostvane,8499,€,,Retrait magasin
WEB-036222,2025-12-28T18:05:00Z,PAID,balonan.ravvane@exemple.org,Balonan Ravvane,12433,EUR,,Point relais
WEB-036258,2025-12-28T19:02:00Z,Paid,eldara.sorlin@exemple.org,Eldara Sorlin,9363,EUR,,Point relais
WEB-036251,2025-12-28T19:24:00Z,paid,velona.dundis@courrier.test,Velona Dundis,3894,EUR,,Domicile
WEB-036213,2025-12-28T19:25:00Z,paid,dukenin.sormar@exemple.org,Dukenin Sormar,10991,eur,,Domicile
WEB-036249,2025-12-28T19:36:00Z,paid,marisea.valmont@courrier.test,Marisea Valmont,13978,€,,Point relais
WEB-036240,2025-12-28T19:57:00Z,paid,fesolin.falsac@exemple.org,Fesolin Falsac,3585,EUR,,Point relais
WEB-036221,2025-12-28T20:47:00Z,paid,juliso.pernet@courrier.test,Juliso Pernet,10579,EUR,,Domicile
WEB-036285,2025-12-29T10:04:00Z,paid,elsenin.pervane@courrier.test,Elsenin Pervane,3492,EUR,,Point relais
WEB-036278,2025-12-29T10:39:00Z,paid,orrelia.galvoir@mail.example,Orrelia Galvoir,2153,EUR,,Point relais
WEB-036286,2025-12-29T10:44:00Z,paid,zodare.monnet@exemple.org,Zodare Monnet,24773,EUR,,Point relais
WEB-036263,2025-12-29T11:04:00Z,Paid,pitelu.corlin@exemple.org,Pitelu Corlin,5336,EUR,,Point relais
WEB-036293,2025-12-29T11:08:00Z,PAID,taloni.sorver@exemple.org,Taloni Sorver,9127,EUR,,Domicile
WEB-036276,2025-12-29T11:17:00Z,paid,sevinia.ostsen@courrier.test,Sevinia Ostsen,6057,EUR,,Domicile
WEB-036264,2025-12-29T13:09:00Z,paid,artele.fallais@courrier.test,Artele Fallais,4419,EUR,,Point relais
WEB-036297,2025-12-29T14:11:00Z,Paid,rimarin.ostner@courrier.test,Rimarin Ostner,2256,EUR,,Point relais
WEB-036297,2025-12-29T14:11:00Z,Paid,rimarin.ostner@courrier.test,Rimarin Ostner,2256,EUR,,Point relais
WEB-036280,2025-12-29T14:25:00Z,PAID,vesolan.wenmer@mail.example,Vesolan Wenmer,3791,EUR,,Domicile
WEB-036292,2025-12-29T14:29:00Z,paid,zodaro.cornet40@exemple.org,Zodaro Cornet,8529,EUR,,Point relais
WEB-036282,2025-12-29T14:45:00Z,paid,duboru.corver@exemple.org,Duboru Corver,4198,EUR,FIDELITE,Point relais
WEB-036294,2025-12-29T15:46:00Z,PAID,fegara.tormar@exemple.org,Fegara Tormar,5950,EUR,FIDELITE,Domicile
WEB-036294,2025-12-29T15:46:00Z,PAID,fegara.tormar@exemple.org,Fegara Tormar,5950,EUR,FIDELITE,Domicile
WEB-036262,2025-12-29T15:50:00Z,paid,sekenan.pergren61@exemple.org,Sekenan Pergren,25785,EUR,FIDELITE,Domicile
WEB-036274,2025-12-29T15:57:00Z,paid,yutara.monver@exemple.org,Yutara Monver,7087,EUR,,Domicile
WEB-036281,2025-12-29T17:03:00Z,cancelled,jugaru.brenner@mail.example,Jugaru Brenner,1741,EUR,,Domicile
WEB-036284,2025-12-29T17:25:00Z,paid,BAVINI.FALMONT@MAIL.EXAMPLE,Bavini Falmont,3904,eur,,Domicile
WEB-036275,2025-12-29T18:45:00Z,Paid,kalonel.valmont@exemple.org,Kalonel Valmont,9034,EUR,,Domicile
WEB-036272,2025-12-29T18:54:00Z,Paid,jumaro.falmar@exemple.org,Jumaro Falmar,3997,EUR,,Point relais
WEB-036309,2025-12-30T08:39:00Z,paid,RILISA.WENKAN@EXEMPLE.ORG,Rilisa Wenkan,6974,EUR,,Domicile
WEB-036331,2025-12-30T12:43:00Z,paid,sesolin.brenmont@exemple.org,Sesolin Brenmont,4419,eur,,Point relais
WEB-036333,2025-12-30T13:17:00Z,paid,arrelea.lanvoir@exemple.org,Arrelea Lanvoir,12742,EUR,,Domicile
WEB-036321,2025-12-30T13:29:00Z,paid,narisel.monsac@courrier.test,Narisel Monsac,27976,EUR,,Point relais
WEB-036318,2025-12-30T13:32:00Z,Paid,VERISAN.DORBERT@EXEMPLE.ORG,Verisan Dorbert,299,EUR,,Point relais
WEB-036327,2025-12-30T14:01:00Z,paid,lonelia.corvane11@exemple.org,Lonelia Corvane,6253,EUR,,Point relais
WEB-036307,2025-12-30T14:09:00Z,PAID,orsolea.wenbert@exemple.org,Orsolea Wenbert,3699,EUR,FIDELITE,Domicile
WEB-036334,2025-12-30T14:11:00Z,PAID,marisa.brendis@mail.example,Marisa Brendis,2050,eur,,Domicile
WEB-036302,2025-12-30T14:19:00Z,PAID,lovalu.lanner@mail.example,Lovalu Lanner,8004,eur,,Domicile
WEB-036329,2025-12-30T14:29:00Z,cancelled,zovini.wenvane@courrier.test,Zovini Wenvane,9662,EUR,,Point relais
WEB-036326,2025-12-30T14:54:00Z,paid,fedari.dundal@exemple.org,Fedari Dundal,9363,EUR,,Domicile
WEB-036317,2025-12-30T16:02:00Z,paid,elvale.brensac@exemple.org,Elvale Brensac,14483,EUR,,Domicile
WEB-036303,2025-12-30T16:24:00Z,paid,zoteli.monkan@exemple.org,Zoteli Monkan,1226,EUR,,Domicile
WEB-036338,2025-12-30T16:26:00Z,Paid,rilisu.nevvane@courrier.test,Rilisu Nevvane,5542,EUR,,Domicile
WEB-036341,2025-12-30T16:39:00Z,PAID,ZODARAN.DUNMER@EXEMPLE.ORG,Zodaran Dunmer,16749,EUR,,Domicile
WEB-036304,2025-12-30T16:50:00Z,paid,sovinin.monvoir@exemple.org,Sovinin Monvoir,5027,€,,Domicile
WEB-036308,2025-12-30T16:59:00Z,PAID,zoriso.galgren3@courrier.test,Zoriso Galgren,505,eur,,Domicile
WEB-036323,2025-12-30T17:15:00Z,paid,sekenea.brengren@mail.example,Sekenea Brengren,3482,EUR,,Point relais
WEB-036332,2025-12-30T17:54:00Z,PAID,lodanu.faldis@mail.example,Lodanu Faldis,15523,EUR,,Point relais
WEB-036305,2025-12-30T18:08:00Z,Paid,jutela.nevgren@exemple.org,Jutela Nevgren,24670,eur,,Domicile
WEB-036315,2025-12-30T21:12:00Z,paid,setela.kelner@exemple.org,Setela Kelner,10833,EUR,FIDELITE,Domicile
WEB-036380,2025-12-31T12:09:00Z,PAID,artelea.monvoir24@mail.example,Artelea Monvoir,9981,eur,,Domicile
WEB-036353,2025-12-31T12:36:00Z,PAID,bamonin.vallais@mail.example,Bamonin Vallais,4718,EUR,,Point relais
WEB-036372,2025-12-31T13:21:00Z,Paid,katelia.ravver@exemple.org,Katelia Ravver,7911,eur,,Domicile
WEB-036392,2025-12-31T13:27:00Z,paid,ELGARIA.CORMER@COURRIER.TEST,Elgaria Cormer,6974,EUR,,Domicile
WEB-036356,2025-12-31T14:13:00Z,paid,tavine.lanmont@exemple.org,Tavine Lanmont,14895,eur,,Domicile
WEB-036393,2025-12-31T14:17:00Z,paid, zorelel.tarmar@mail.example,Zorelel Tarmar,7303,EUR,,Domicile
WEB-036365,2025-12-31T14:43:00Z,PAID,yugarel.wenner47@exemple.org,Yugarel Wenner,6160,EUR,,Point relais
WEB-036360,2025-12-31T15:52:00Z,paid,vegara.wensac@courrier.test,Vegara Wensac,8313,EUR,,Domicile
WEB-036394,2025-12-31T16:00:00Z,Paid,jukenu.monmont58@exemple.org,Jukenu Monmont,1741,EUR,,Domicile
WEB-036373,2025-12-31T16:05:00Z,Paid,marelo.lanvane@courrier.test,Marelo Lanvane,5647,EUR,FIDELITE,Point relais
WEB-036362,2025-12-31T16:55:00Z,paid, katele.havlais@courrier.test,Katele Havlais,1535,EUR,,Domicile
WEB-036363,2025-12-31T17:45:00Z,paid,bamaro.nevvane60@mail.example,Bamaro Nevvane,897,EUR,,Retrait magasin
WEB-036381,2025-12-31T18:03:00Z,paid,ornori.kelbert@exemple.org,Ornori Kelbert,3894,EUR,,Point relais
WEB-036350,2025-12-31T18:50:00Z,paid,elboru.torver@exemple.org,Elboru Torver,2668,eur,,Retrait magasin
WEB-036370,2025-12-31T19:24:00Z,paid,vesena.wenvane@courrier.test,Vesena Wenvane,6881,EUR,,Domicile
WEB-036389,2025-12-31T19:26:00Z,PAID,rivino.tarrand@mail.example,Rivino Tarrand,13114,eur,,Point relais
WEB-036349,2025-12-31T19:47:00Z,Paid,ortelel.galvoir78@exemple.org,Ortelel Galvoir,14194,EUR,,Point relais
WEB-036377,2025-12-31T21:17:00Z,PAID,zokenel.dormer@exemple.org,Zokenel Dormer,8951,€,,Domicile
WEB-036366,2025-12-31T21:24:00Z,PAID,navalia.ravlais@exemple.org,Navalia Ravlais,11224,EUR,FIDELITE,Domicile
