id_ligne,id_commande,date_commande,id_client,canal,id_produit,quantite,total_ligne
62263,27015,2025-05-01,2932,Réseaux,17,2,32.76
62264,27015,2025-05-01,2932,Réseaux,91,2,179.02
62265,27016,2025-05-01,4931,Site,64,1,10.2
62266,27017,2025-05-01,605,Boutique,104,1,32.86
62267,27018,2025-05-01,3086,Site,25,1,26.68
62268,27019,2025-05-01,693,Site,102,1,19.47
62269,27020,2025-05-01,2813,Boutique,76,1,18.44
62270,27020,2025-05-01,2813,Boutique,45,2,133.7
62271,27020,2025-05-01,2813,Boutique,105,1,17.41
62272,27021,2025-05-01,3725,Réseaux,63,3,12.06
62273,27021,2025-05-01,3725,Réseaux,108,2,92.5
62274,27021,2025-05-01,3725,Réseaux,6,1,44.19
62275,27022,2025-05-01,1556,Boutique,76,1,18.44
62276,27023,2025-05-01,2948,Boutique,100,1,22.56
62277,27024,2025-05-01,2572,Site,43,1,24.62
62278,27025,2025-05-01,5058,Boutique,64,1,10.2
62279,27025,2025-05-01,5058,Boutique,86,1,157.49
62280,27025,2025-05-01,5058,Boutique,31,1,22.56
62281,27026,2025-05-01,2126,Site,102,1,20.5
62282,27026,2025-05-01,2126,Site,32,2,49.24
62283,27027,2025-05-01,865,Site,104,1,32.86
62284,27027,2025-05-01,865,Site,41,1,29.77
62285,27028,2025-05-01,28,Boutique,75,2,13.51
62286,27028,2025-05-01,28,Boutique,66,1,8.71
62287,27029,2025-05-01,1682,Boutique,103,1,29.77
62288,27029,2025-05-01,1682,Boutique,81,1,16.38
62289,27030,2025-05-01,4000,Site,87,1,121.44
62290,27030,2025-05-01,4000,Site,32,1,24.62
62291,27030,2025-05-01,4000,Site,83,1,76.12
62292,27030,2025-05-01,4000,Site,62,1,2.99
62293,27031,2025-05-01,2181,Boutique,61,1,11.23
62294,27031,2025-05-01,2181,Boutique,22,1,52.43
62295,27031,2025-05-01,2181,Boutique,1,2,88.38
62296,27032,2025-05-01,5471,Site,51,1,17.41
62297,27033,2025-05-01,1479,Boutique,39,1,66.85
62298,27033,2025-05-01,1479,Boutique,44,1,22.56
62299,27033,2025-05-01,1479,Boutique,42,1,29.77
62300,27034,2025-05-01,4019,Boutique,62,1,2.99
62301,27034,2025-05-01,4019,Boutique,49,1,30.8
62302,27034,2025-05-01,4019,Boutique,69,1,8.14
62303,27035,2025-05-01,5319,Boutique,5,1,49.81
62304,27035,2025-05-01,5319,Boutique,96,1,11.65
62305,27036,2025-05-01,15,Boutique,1,2,88.38
62306,27036,2025-05-01,15,Boutique,90,1,74.06
62307,27036,2025-05-01,15,Boutique,2,1,40.07
62308,27036,2025-05-01,15,Boutique,82,1,79.21
62309,27037,2025-05-01,4154,Boutique,88,1,21.53
62310,27038,2025-05-01,4698,Site,6,1,44.19
62311,27038,2025-05-01,4698,Site,69,1,8.14
62312,27038,2025-05-01,4698,Site,43,2,49.24
62313,27038,2025-05-01,4698,Site,22,1,52.43
62314,27039,2025-05-01,2455,Boutique,1,1,41.98
62315,27039,2025-05-01,2455,Boutique,12,1,37.09
62316,27040,2025-05-01,1176,Site,47,1,34.92
62317,27041,2025-05-01,4914,Réseaux,23,1,20.5
62318,27041,2025-05-01,4914,Réseaux,54,1,56.55
62319,27041,2025-05-01,4914,Réseaux,3,2,78.08
62320,27042,2025-05-01,55,Réseaux,63,1,4.02
62321,27043,2025-05-01,5294,Site,42,4,119.08
62322,27044,2025-05-01,3722,Site,104,3,98.58
62323,27044,2025-05-01,3722,Site,4,1,40.07
62324,27044,2025-05-01,3722,Site,111,1,10.2
62325,27044,2025-05-01,3722,Site,42,1,29.77
62326,27045,2025-05-01,1186,Site,112,1,26.68
62327,27046,2025-05-01,3357,Réseaux,6,1,44.19
62328,27046,2025-05-01,3357,Réseaux,83,1,76.12
62329,27047,2025-05-01,2587,Site,115,1,51.4
62330,27048,2025-05-02,1719,Site,66,2,18.34
62331,27049,2025-05-02,4910,Boutique,107,2,30.7
62332,27049,2025-05-02,4910,Boutique,96,1,12.26
62333,27049,2025-05-02,4910,Boutique,3,1,39.04
62334,27050,2025-05-02,5282,Boutique,20,1,27.3
62335,27051,2025-05-02,1643,Boutique,1,1,44.19
62336,27052,2025-05-02,2659,Boutique,7,1,17.41
62337,27052,2025-05-02,2659,Boutique,27,1,108.05
62338,27053,2025-05-02,2953,Site,26,1,64.79
62339,27053,2025-05-02,2953,Site,45,1,66.85
62340,27053,2025-05-02,2953,Site,93,1,51.4
62341,27054,2025-05-02,2290,Réseaux,20,2,57.48
62342,27054,2025-05-02,2290,Réseaux,45,2,133.7
62343,27055,2025-05-02,2771,Boutique,49,1,30.8
62344,27055,2025-05-02,2771,Boutique,45,1,66.85
62345,27056,2025-05-02,4487,Site,61,1,11.23
62346,27056,2025-05-02,4487,Site,84,3,67.68
62347,27057,2025-05-02,5232,Site,35,1,16.38
62348,27057,2025-05-02,5232,Site,61,1,11.23
62349,27058,2025-05-02,4687,Site,89,1,68.91
62350,27058,2025-05-02,4687,Site,92,1,12.26
62351,27059,2025-05-02,1047,Boutique,67,1,2.99
62352,27059,2025-05-02,1047,Boutique,84,1,22.56
62353,27060,2025-05-02,1554,Boutique,71,1,21.53
62354,27060,2025-05-02,1554,Boutique,41,1,29.77
62355,27061,2025-05-02,1349,Boutique,62,1,2.99
62356,27061,2025-05-02,1349,Boutique,97,1,8.14
62357,27061,2025-05-02,1349,Boutique,31,1,22.56
62358,27061,2025-05-02,1349,Boutique,27,1,108.05
62359,27061,2025-05-02,1349,Boutique,51,2,34.82
62360,27062,2025-05-02,271,Boutique,22,1,52.43
62361,27062,2025-05-02,271,Boutique,96,1,12.26
62362,27062,2025-05-02,271,Boutique,51,1,17.41
62363,27063,2025-05-02,1912,Site,104,1,32.86
62364,27063,2025-05-02,1912,Site,36,1,68.91
62365,27064,2025-05-02,3035,Boutique,27,1,108.05
62366,27064,2025-05-02,3035,Boutique,60,1,31.83
62367,27064,2025-05-02,3035,Boutique,1,1,44.19
62368,27065,2025-05-02,4860,Site,93,1,51.4
62369,27066,2025-05-02,2339,Réseaux,1,1,44.19
62370,27066,2025-05-02,2339,Réseaux,112,1,26.68
62371,27066,2025-05-02,2339,Réseaux,75,2,14.22
62372,27067,2025-05-02,1386,Boutique,63,1,4.02
62373,27067,2025-05-02,1386,Boutique,34,1,109.08
62374,27068,2025-05-02,2894,Site,24,1,34.92
62375,27069,2025-05-02,24,Boutique,50,1,69.38
62376,27069,2025-05-02,24,Boutique,81,1,15.56
62377,27069,2025-05-02,24,Boutique,60,1,30.24
62378,27069,2025-05-02,24,Boutique,42,1,28.28
62379,27069,2025-05-02,24,Boutique,94,1,37.09
62380,27070,2025-05-02,2778,Boutique,1,2,88.38
62381,27070,2025-05-02,2778,Boutique,54,1,56.55
62382,27071,2025-05-02,2343,Boutique,95,3,73.86
62383,27071,2025-05-02,2343,Boutique,81,1,16.38
62384,27072,2025-05-02,256,Réseaux,85,1,11.23
62385,27073,2025-05-02,3738,Site,43,1,24.62
62386,27073,2025-05-02,3738,Site,22,1,52.43
62387,27073,2025-05-02,3738,Site,90,1,74.06
62388,27073,2025-05-02,3738,Site,89,1,68.91
62389,27074,2025-05-02,2410,Boutique,63,1,4.02
62390,27074,2025-05-02,2410,Boutique,102,2,41.0
62391,27074,2025-05-02,2410,Boutique,102,1,20.5
62392,27075,2025-05-02,2827,Boutique,63,1,4.02
62393,27076,2025-05-02,5030,Réseaux,4,1,40.07
62394,27077,2025-05-02,4049,Réseaux,44,1,22.56
62395,27077,2025-05-02,4049,Réseaux,5,1,52.43
62396,27078,2025-05-02,4241,Boutique,103,1,29.77
62397,27078,2025-05-02,4241,Boutique,44,1,22.56
62398,27079,2025-05-03,3905,Site,37,1,38.01
62399,27080,2025-05-03,4579,Site,53,1,20.5
62400,27080,2025-05-03,4579,Site,55,1,65.82
62401,27080,2025-05-03,4579,Site,68,1,21.53
62402,27080,2025-05-03,4579,Site,72,1,2.99
62403,27081,2025-05-03,5425,Site,72,1,2.99
62404,27081,2025-05-03,5425,Site,68,3,64.59
62405,27081,2025-05-03,5425,Site,22,1,52.43
62406,27082,2025-05-03,2973,Site,2,1,40.07
62407,27082,2025-05-03,2973,Site,17,3,49.14
62408,27082,2025-05-03,2973,Site,47,1,34.92
62409,27083,2025-05-03,2862,Site,101,1,19.47
62410,27083,2025-05-03,2862,Site,102,1,20.5
62411,27083,2025-05-03,2862,Site,85,1,11.23
62412,27083,2025-05-03,2862,Site,69,1,8.14
62413,27083,2025-05-03,2862,Site,48,1,28.74
62414,27084,2025-05-03,4983,Boutique,106,1,45.22
62415,27084,2025-05-03,4983,Boutique,98,1,93.63
62416,27084,2025-05-03,4983,Boutique,26,1,64.79
62417,27084,2025-05-03,4983,Boutique,81,1,16.38
62418,27085,2025-05-03,3979,Site,3,1,39.04
62419,27086,2025-05-03,363,Site,66,1,9.17
62420,27086,2025-05-03,363,Site,115,1,51.4
62421,27087,2025-05-03,5575,Boutique,42,1,29.77
62422,27087,2025-05-03,5575,Boutique,22,1,52.43
62423,27088,2025-05-03,124,Boutique,6,1,44.19
62424,27089,2025-05-03,2706,Site,89,1,68.91
62425,27089,2025-05-03,2706,Site,7,1,17.41
62426,27090,2025-05-03,241,Site,29,1,57.58
62427,27090,2025-05-03,241,Site,77,1,22.56
62428,27091,2025-05-03,3315,Site,21,1,13.29
62429,27092,2025-05-03,5574,Site,22,1,47.19
62430,27092,2025-05-03,5574,Site,60,1,28.65
62431,27093,2025-05-03,2147,Site,105,1,17.41
62432,27094,2025-05-03,1737,Site,109,4,114.96
62433,27094,2025-05-03,1737,Site,65,1,18.44
62434,27094,2025-05-03,1737,Site,28,1,50.37
62435,27095,2025-05-03,4371,Boutique,13,1,55.52
62436,27096,2025-05-03,165,Boutique,49,1,30.8
62437,27096,2025-05-03,165,Boutique,46,1,33.89
62438,27097,2025-05-03,4742,Site,63,1,4.02
62439,27098,2025-05-03,5472,Site,47,1,34.92
62440,27099,2025-05-03,1165,Boutique,22,1,52.43
62441,27100,2025-05-03,4693,Site,89,1,68.91
62442,27101,2025-05-03,2179,Boutique,23,1,20.5
62443,27101,2025-05-03,2179,Boutique,65,1,18.44
62444,27101,2025-05-03,2179,Boutique,47,1,34.92
62445,27102,2025-05-03,5071,Site,43,1,24.62
62446,27102,2025-05-03,5071,Site,81,1,16.38
62447,27103,2025-05-03,2813,Site,64,1,10.2
62448,27103,2025-05-03,2813,Site,92,1,12.26
62449,27103,2025-05-03,2813,Site,100,1,22.56
62450,27104,2025-05-03,2664,Site,70,1,14.32
62451,27104,2025-05-03,2664,Site,42,2,59.54
62452,27104,2025-05-03,2664,Site,26,1,64.79
62453,27105,2025-05-03,3574,Boutique,92,1,12.26
62454,27105,2025-05-03,3574,Boutique,12,1,39.04
62455,27105,2025-05-03,3574,Boutique,29,1,57.58
62456,27105,2025-05-03,3574,Boutique,18,1,13.29
62457,27106,2025-05-03,1988,Boutique,53,1,20.5
62458,27106,2025-05-03,1988,Boutique,43,1,24.62
62459,27107,2025-05-03,4257,Boutique,90,1,74.06
62460,27108,2025-05-03,4169,Réseaux,31,1,22.56
62461,27109,2025-05-03,4254,Boutique,52,3,151.11
62462,27109,2025-05-03,4254,Boutique,115,1,51.4
62463,27109,2025-05-03,4254,Boutique,23,1,20.5
62464,27110,2025-05-03,1391,Boutique,23,1,19.47
62465,27110,2025-05-03,1391,Boutique,5,1,49.81
62466,27110,2025-05-03,1391,Boutique,98,1,88.95
62467,27111,2025-05-03,4211,Boutique,95,1,23.39
62468,27112,2025-05-03,3690,Boutique,60,1,31.83
62469,27112,2025-05-03,3690,Boutique,95,1,24.62
62470,27113,2025-05-03,5569,Boutique,44,1,20.3
62471,27113,2025-05-03,5569,Boutique,83,1,68.51
62472,27113,2025-05-03,5569,Boutique,27,2,194.49
62473,27114,2025-05-03,280,Site,44,1,22.56
62474,27115,2025-05-25,5619,Site,75,1,6.4
62475,27116,2025-05-03,1065,Réseaux,81,1,16.38
62476,27116,2025-05-03,1065,Réseaux,8,2,71.9
62477,27116,2025-05-03,1065,Réseaux,22,3,157.29
62478,27117,2025-05-04,1487,Boutique,78,3,21.33
62479,27117,2025-05-04,1487,Boutique,24,1,34.92
62480,27117,2025-05-04,1487,Boutique,66,3,27.51
62481,27117,2025-05-04,1487,Boutique,103,1,29.77
62482,27118,2025-05-04,5115,Site,91,1,85.03
62483,27119,2025-05-04,3357,Boutique,14,1,41.1
62484,27119,2025-05-04,3357,Boutique,90,1,74.06
62485,27120,2025-05-04,4858,Boutique,31,1,22.56
62486,27120,2025-05-04,4858,Boutique,28,2,100.74
62487,27120,2025-05-04,4858,Boutique,12,1,39.04
62488,27121,2025-05-04,4796,Réseaux,9,1,44.19
62489,27121,2025-05-04,4796,Réseaux,101,1,19.47
62490,27122,2025-05-04,3987,Site,34,1,109.08
62491,27123,2025-05-04,1921,Site,2,1,40.07
62492,27124,2025-05-04,1556,Boutique,1,1,44.19
62493,27124,2025-05-04,1556,Boutique,32,1,24.62
62494,27124,2025-05-04,1556,Boutique,117,1,12.26
62495,27125,2025-05-04,4148,Boutique,96,1,12.26
62496,27125,2025-05-04,4148,Boutique,43,1,24.62
62497,27126,2025-05-04,4095,Site,56,1,99.81
62498,27127,2025-05-04,975,Boutique,7,1,17.41
62499,27127,2025-05-04,975,Boutique,84,1,22.56
62500,27128,2025-05-04,2703,Site,70,1,14.32
62501,27128,2025-05-04,2703,Site,119,2,117.22
62502,27129,2025-05-04,923,Boutique,82,1,79.21
62503,27129,2025-05-04,923,Boutique,42,1,29.77
62504,27129,2025-05-04,923,Boutique,85,1,11.23
62505,27130,2025-05-04,5584,Boutique,106,1,45.22
62506,27131,2025-05-04,2078,Boutique,85,1,11.23
62507,27132,2025-05-04,39,Boutique,21,1,12.63
62508,27133,2025-05-04,4860,Site,31,1,22.56
62509,27133,2025-05-04,4860,Site,67,2,5.98
62510,27133,2025-05-04,4860,Site,61,1,11.23
62511,27134,2025-05-06,5590,Boutique,62,1,2.99
62512,27134,2025-05-06,5590,Boutique,114,1,19.47
62513,27135,2025-05-04,3759,Boutique,25,1,26.68
62514,27135,2025-05-04,3759,Boutique,1,1,44.19
62515,27135,2025-05-04,3759,Boutique,51,1,17.41
62516,27136,2025-05-04,543,Site,89,1,68.91
62517,27136,2025-05-04,543,Site,83,1,76.12
62518,27136,2025-05-04,543,Site,51,4,69.64
62519,27136,2025-05-04,543,Site,65,1,18.44
62520,27137,2025-05-04,1334,Boutique,6,2,88.38
62521,27137,2025-05-04,1334,Boutique,98,1,93.63
62522,27138,2025-05-04,775,Boutique,22,1,52.43
62523,27139,2025-05-04,4217,Site,2,1,40.07
62524,27139,2025-05-04,4217,Site,120,1,12.26
62525,27139,2025-05-04,4217,Site,89,1,68.91
62526,27140,2025-05-04,702,Boutique,77,1,22.56
62527,27141,2025-05-05,2088,Boutique,61,2,22.46
62528,27141,2025-05-05,2088,Boutique,20,1,28.74
62529,27142,2025-05-05,2689,Site,84,1,22.56
62530,27142,2025-05-05,2689,Site,30,1,52.43
62531,27143,2025-05-05,3747,Boutique,84,1,22.56
62532,27143,2025-05-05,3747,Boutique,21,1,13.29
62533,27143,2025-05-05,3747,Boutique,33,1,130.71
62534,27143,2025-05-05,3747,Boutique,58,1,36.98
62535,27144,2025-05-05,2697,Boutique,28,1,50.37
62536,27144,2025-05-05,2697,Boutique,57,1,17.41
62537,27144,2025-05-05,2697,Boutique,61,1,11.23
62538,27145,2025-05-05,5345,Réseaux,1,2,88.38
62539,27146,2025-05-05,1920,Site,9,1,44.19
62540,27146,2025-05-05,1920,Site,94,1,39.04
62541,27147,2025-05-05,4045,Boutique,22,1,52.43
62542,27147,2025-05-05,4045,Boutique,21,1,13.29
62543,27147,2025-05-05,4045,Boutique,28,4,201.48
62544,27148,2025-05-05,3019,Site,44,2,45.12
62545,27149,2025-05-05,1909,Site,84,1,22.56
62546,27149,2025-05-05,1909,Site,21,1,13.29
62547,27149,2025-05-05,1909,Site,85,2,22.46
62548,27149,2025-05-05,1909,Site,108,1,46.25
62549,27150,2025-05-05,767,Boutique,99,2,127.52
62550,27151,2025-05-05,1950,Site,55,1,65.82
62551,27152,2025-05-05,965,Boutique,8,1,35.95
62552,27152,2025-05-05,965,Boutique,82,1,79.21
62553,27152,2025-05-05,965,Boutique,23,1,20.5
62554,27153,2025-05-05,4861,Réseaux,83,1,76.12
62555,27153,2025-05-05,4861,Réseaux,97,2,16.28
62556,27154,2025-05-05,4770,Site,10,1,51.4
62557,27154,2025-05-05,4770,Site,85,1,11.23
62558,27155,2025-05-05,1175,Boutique,54,1,56.55
62559,27155,2025-05-05,1175,Boutique,86,1,157.49
62560,27155,2025-05-05,1175,Boutique,50,2,146.06
62561,27155,2025-05-05,1175,Boutique,107,1,15.35
62562,27156,2025-05-05,279,Boutique,92,1,12.26
62563,27156,2025-05-05,279,Boutique,84,1,22.56
62564,27157,2025-05-05,622,Site,81,1,15.56
62565,27157,2025-05-05,622,Site,65,1,17.52
62566,27157,2025-05-05,622,Site,22,1,49.81
62567,27158,2025-05-05,2528,Réseaux,48,1,28.74
62568,27158,2025-05-05,2528,Réseaux,25,1,26.68
62569,27159,2025-05-05,3292,Boutique,81,1,16.38
62570,27159,2025-05-05,3292,Boutique,23,1,20.5
62571,27160,2025-05-05,225,Boutique,2,1,40.07
62572,27160,2025-05-05,225,Boutique,105,1,17.41
62573,27161,2025-05-05,1081,Site,10,1,51.4
62574,27162,2025-05-05,5500,Réseaux,21,1,13.29
62575,27163,2025-05-05,2488,Site,27,1,108.05
62576,27163,2025-05-05,2488,Site,81,1,16.38
62577,27163,2025-05-05,2488,Site,104,2,65.72
62578,27164,2025-05-05,4066,Site,68,1,21.53
62579,27165,2025-05-05,4009,Site,4,1,40.07
62580,27165,2025-05-05,4009,Site,45,1,66.85
62581,27166,2025-05-05,4087,Site,73,2,10.1
62582,27166,2025-05-05,4087,Site,12,4,156.16
62583,27167,2025-05-05,4844,Site,104,2,65.72
62584,27167,2025-05-05,4844,Site,83,2,152.24
62585,27168,2025-05-05,2065,Site,89,1,65.46
62586,27168,2025-05-05,2065,Site,64,1,9.69
62587,27169,2025-05-05,846,Réseaux,16,2,20.4
62588,27169,2025-05-05,846,Réseaux,81,1,16.38
62589,27169,2025-05-05,846,Réseaux,80,1,19.47
62590,27170,2025-05-05,906,Site,119,3,175.83
62591,27171,2025-05-05,3618,Boutique,53,2,41.0
62592,27171,2025-05-05,3618,Boutique,27,1,108.05
62593,27172,2025-05-05,456,Boutique,32,1,24.62
62594,27173,2025-05-06,5522,Boutique,26,1,64.79
62595,27173,2025-05-06,5522,Boutique,61,1,11.23
62596,27174,2025-05-06,5401,Boutique,29,1,57.58
62597,27174,2025-05-06,5401,Boutique,22,1,52.43
62598,27174,2025-05-06,5401,Boutique,108,1,46.25
62599,27175,2025-05-06,138,Site,66,1,9.17
62600,27175,2025-05-06,138,Site,89,1,68.91
62601,27175,2025-05-06,138,Site,89,1,68.91
62602,27175,2025-05-06,138,Site,78,1,7.11
62603,27176,2025-05-06,3341,Boutique,16,1,10.2
62604,27176,2025-05-06,3341,Boutique,81,1,16.38
62605,27176,2025-05-06,3341,Boutique,6,1,44.19
62606,27176,2025-05-06,3341,Boutique,25,2,53.36
62607,27177,2025-05-06,4112,Boutique,9,1,44.19
62608,27178,2025-05-06,943,Site,81,1,16.38
62609,27179,2025-05-06,3757,Site,18,1,13.29
62610,27179,2025-05-06,3757,Site,16,1,10.2
62611,27179,2025-05-06,3757,Site,21,1,13.29
62612,27179,2025-05-06,3757,Site,34,1,109.08
62613,27179,2025-05-06,3757,Site,81,1,16.38
62614,27180,2025-05-06,1865,Boutique,41,1,29.77
62615,27181,2025-05-06,4154,Site,7,1,17.41
62616,27182,2025-05-06,1165,Site,97,1,8.14
62617,27182,2025-05-06,1165,Site,85,2,22.46
62618,27183,2025-05-06,643,Site,91,1,89.51
62619,27183,2025-05-06,643,Site,44,1,22.56
62620,27184,2025-05-06,4283,Site,75,1,7.11
62621,27184,2025-05-06,4283,Site,47,1,34.92
62622,27185,2025-05-06,1516,Boutique,61,1,11.23
62623,27185,2025-05-06,1516,Boutique,25,1,26.68
62624,27186,2025-05-06,4085,Site,7,1,17.41
62625,27187,2025-05-06,2179,Boutique,23,1,20.5
62626,27187,2025-05-06,2179,Boutique,82,1,79.21
62627,27188,2025-05-06,614,Boutique,83,1,72.31
62628,27188,2025-05-06,614,Boutique,36,1,65.46
62629,27189,2025-05-06,4739,Site,107,1,15.35
62630,27189,2025-05-06,4739,Site,92,1,12.26
62631,27190,2025-05-06,2867,Site,91,1,89.51
62632,27190,2025-05-06,2867,Site,12,1,39.04
62633,27190,2025-05-06,2867,Site,92,1,12.26
62634,27191,2025-05-06,654,Site,9,1,44.19
62635,27191,2025-05-06,654,Site,87,3,364.32
62636,27192,2025-05-06,2747,Site,41,1,29.77
62637,27192,2025-05-06,2747,Site,85,1,11.23
62638,27192,2025-05-06,2747,Site,109,1,28.74
62639,27193,2025-05-06,2802,Site,105,1,17.41
62640,27193,2025-05-06,2802,Site,95,1,24.62
62641,27193,2025-05-06,2802,Site,92,1,12.26
62642,27193,2025-05-06,2802,Site,4,1,40.07
62643,27193,2025-05-06,2802,Site,23,1,20.5
62644,27194,2025-05-06,4158,Site,88,1,21.53
62645,27195,2025-05-06,908,Site,65,1,17.52
62646,27195,2025-05-06,908,Site,43,1,23.39
62647,27195,2025-05-06,908,Site,109,1,27.3
62648,27196,2025-05-06,3513,Boutique,62,1,2.99
62649,27197,2025-05-06,3001,Réseaux,84,2,45.12
62650,27197,2025-05-06,3001,Réseaux,44,1,22.56
62651,27198,2025-05-06,55,Site,11,1,59.64
62652,27199,2025-05-06,5264,Réseaux,43,1,24.62
62653,27200,2025-05-06,3349,Site,70,1,14.32
62654,27200,2025-05-06,3349,Site,111,1,10.2
62655,27201,2025-05-06,830,Réseaux,88,2,43.06
62656,27201,2025-05-06,830,Réseaux,89,2,137.82
62657,27202,2025-05-06,306,Boutique,87,2,242.88
62658,27203,2025-05-06,123,Boutique,9,1,44.19
62659,27204,2025-05-06,4574,Boutique,32,1,24.62
62660,27204,2025-05-06,4574,Boutique,101,1,19.47
62661,27205,2025-05-07,3991,Boutique,3,1,39.04
62662,27205,2025-05-07,3991,Boutique,83,1,76.12
62663,27205,2025-05-07,3991,Boutique,56,1,99.81
62664,27205,2025-05-07,3991,Boutique,82,1,79.21
62665,27206,2025-05-07,3628,Site,117,4,46.59
62666,27206,2025-05-07,3628,Site,36,1,65.46
62667,27207,2025-05-07,5198,Site,29,1,57.58
62668,27208,2025-05-07,568,Site,7,1,17.41
62669,27208,2025-05-07,568,Site,40,1,77.15
62670,27208,2025-05-07,568,Site,12,1,39.04
62671,27208,2025-05-07,568,Site,106,1,45.22
62672,27208,2025-05-07,568,Site,103,3,89.31
62673,27208,2025-05-07,568,Site,89,1,68.91
62674,27208,2025-05-07,568,Site,109,1,28.74
62675,27209,2025-05-07,2624,Boutique,16,1,10.2
62676,27209,2025-05-07,2624,Boutique,42,1,29.77
62677,27210,2025-05-07,4622,Site,94,2,78.08
62678,27210,2025-05-07,4622,Site,21,1,13.29
62679,27210,2025-05-07,4622,Site,99,1,63.76
62680,27211,2025-05-07,146,Site,96,3,36.78
62681,27211,2025-05-07,146,Site,103,1,29.77
62682,27212,2025-05-07,4440,Boutique,84,1,22.56
62683,27212,2025-05-07,4440,Boutique,75,1,7.11
62684,27213,2025-05-07,1292,Boutique,61,1,11.23
62685,27213,2025-05-07,1292,Boutique,86,1,157.49
62686,27213,2025-05-07,1292,Boutique,1,2,88.38
62687,27214,2025-05-07,4728,Boutique,111,1,10.2
62688,27214,2025-05-07,4728,Boutique,75,1,7.11
62689,27214,2025-05-07,4728,Boutique,63,1,4.02
62690,27215,2025-05-07,5048,Site,4,1,40.07
62691,27215,2025-05-07,5048,Site,82,2,158.42
62692,27216,2025-05-07,3357,Site,41,1,29.77
62693,27216,2025-05-07,3357,Site,101,1,19.47
62694,27216,2025-05-07,3357,Site,103,1,29.77
62695,27217,2025-05-07,2249,Boutique,118,1,12.26
62696,27217,2025-05-07,2249,Boutique,52,1,50.37
62697,27217,2025-05-07,2249,Boutique,46,1,33.89
62698,27218,2025-05-07,3955,Boutique,24,1,34.92
62699,27219,2025-05-07,1904,Boutique,5,1,49.81
62700,27219,2025-05-07,1904,Boutique,63,1,3.82
62701,27219,2025-05-07,1904,Boutique,104,1,31.22
62702,27219,2025-05-07,1904,Boutique,95,2,46.78
62703,27219,2025-05-07,1904,Boutique,3,1,37.09
62704,27220,2025-05-07,2448,Site,32,1,24.62
62705,27220,2025-05-07,2448,Site,44,1,22.56
62706,27220,2025-05-07,2448,Site,5,1,52.43
62707,27220,2025-05-07,2448,Site,86,1,157.49
62708,27221,2025-05-07,1041,Site,24,1,34.92
62709,27221,2025-05-07,1041,Site,97,1,8.14
62710,27221,2025-05-07,1041,Site,82,1,79.21
62711,27221,2025-05-07,1041,Site,41,1,29.77
62712,27222,2025-05-07,2318,Boutique,102,1,19.47
62713,27222,2025-05-07,2318,Boutique,65,1,17.52
62714,27223,2025-05-07,2754,Site,91,1,89.51
62715,27223,2025-05-07,2754,Site,92,1,12.26
62716,27223,2025-05-07,2754,Site,57,1,17.41
62717,27224,2025-05-07,66,Site,64,1,10.2
62718,27224,2025-05-07,66,Site,81,1,16.38
62719,27224,2025-05-07,66,Site,69,1,8.14
62720,27225,2025-05-07,4820,Réseaux,44,1,22.56
62721,27226,2025-05-07,3835,Boutique,92,1,12.26
62722,27226,2025-05-07,3835,Boutique,23,1,20.5
62723,27227,2025-05-07,3401,Site,94,1,39.04
62724,27227,2025-05-07,3401,Site,11,1,59.64
62725,27227,2025-05-07,3401,Site,70,1,14.32
62726,27227,2025-05-07,3401,Site,81,2,32.76
62727,27227,2025-05-07,3401,Site,38,1,32.86
62728,27228,2025-05-07,2804,Boutique,112,1,26.68
62729,27228,2025-05-07,2804,Boutique,28,1,50.37
62730,27228,2025-05-07,2804,Boutique,1,1,44.19
62731,27229,2025-05-07,2866,Site,21,1,13.29
62732,27229,2025-05-07,2866,Site,66,1,9.17
62733,27229,2025-05-07,2866,Site,23,1,20.5
62734,27229,2025-05-07,2866,Site,36,1,68.91
62735,27230,2025-05-08,1731,Boutique,2,1,40.07
62736,27230,2025-05-08,1731,Boutique,46,1,33.89
62737,27231,2025-05-08,2868,Site,41,1,29.77
62738,27231,2025-05-08,2868,Site,43,1,24.62
62739,27232,2025-05-08,3035,Boutique,23,1,19.47
62740,27232,2025-05-08,3035,Boutique,93,1,48.83
62741,27233,2025-05-08,737,Boutique,43,1,24.62
62742,27234,2025-05-08,3333,Site,98,1,93.63
62743,27234,2025-05-08,3333,Site,33,1,130.71
62744,27235,2025-05-08,224,Site,82,1,79.21
62745,27236,2025-05-08,3404,Boutique,12,1,39.04
62746,27236,2025-05-08,3404,Boutique,63,2,8.04
62747,27236,2025-05-08,3404,Boutique,120,1,12.26
62748,27236,2025-05-08,3404,Boutique,28,1,50.37
62749,27236,2025-05-08,3404,Boutique,101,1,19.47
62750,27236,2025-05-08,3404,Boutique,83,1,76.12
62751,27237,2025-05-08,739,Site,15,1,12.26
62752,27237,2025-05-08,739,Site,62,1,2.99
62753,27237,2025-05-08,739,Site,84,1,22.56
62754,27238,2025-05-08,682,Boutique,47,1,34.92
62755,27238,2025-05-08,682,Boutique,98,1,93.63
62756,27238,2025-05-08,682,Boutique,86,1,157.49
62757,27239,2025-05-08,2209,Site,84,1,22.56
62758,27239,2025-05-08,2209,Site,88,1,21.53
62759,27240,2025-05-08,1905,Site,28,1,50.37
62760,27240,2025-05-08,1905,Site,35,1,16.38
62761,27240,2025-05-08,1905,Site,39,1,66.85
62762,27241,2025-05-08,72,Site,86,1,157.49
62763,27241,2025-05-08,72,Site,84,1,22.56
62764,27241,2025-05-08,72,Site,118,1,12.26
62765,27242,2025-05-08,4436,Site,65,2,36.88
62766,27242,2025-05-08,4436,Site,94,1,39.04
62767,27242,2025-05-08,4436,Site,107,1,15.35
62768,27242,2025-05-08,4436,Site,63,1,4.02
62769,27242,2025-05-08,4436,Site,84,1,22.56
62770,27242,2025-05-08,4436,Site,41,1,29.77
62771,27243,2025-05-08,1330,Site,103,1,29.77
62772,27244,2025-05-08,2713,Réseaux,89,1,68.91
62773,27244,2025-05-08,2713,Réseaux,94,1,39.04
62774,27245,2025-05-08,1877,Réseaux,56,1,99.81
62775,27246,2025-05-08,5013,Réseaux,97,1,8.14
62776,27246,2025-05-08,5013,Réseaux,35,1,16.38
62777,27247,2025-05-08,4416,Boutique,1,1,41.98
62778,27247,2025-05-08,4416,Boutique,60,1,30.24
62779,27248,2025-05-08,1982,Réseaux,69,1,8.14
62780,27248,2025-05-08,1982,Réseaux,44,1,22.56
62781,27248,2025-05-08,1982,Réseaux,15,1,12.26
62782,27249,2025-05-08,1111,Site,12,1,39.04
62783,27249,2025-05-08,1111,Site,46,1,33.89
62784,27249,2025-05-08,1111,Site,85,1,11.23
62785,27249,2025-05-08,1111,Site,1,1,44.19
62786,27250,2025-05-08,2078,Boutique,82,1,79.21
62787,27250,2025-05-08,2078,Boutique,103,1,29.77
62788,27251,2025-05-08,1796,Site,61,1,11.23
62789,27251,2025-05-08,1796,Site,120,2,24.52
62790,27251,2025-05-08,1796,Site,58,1,36.98
62791,27252,2025-05-08,5025,Site,45,1,66.85
62792,27252,2025-05-08,5025,Site,23,1,20.5
62793,27253,2025-05-08,4393,Boutique,30,1,52.43
62794,27253,2025-05-08,4393,Boutique,71,1,21.53
62795,27253,2025-05-08,4393,Boutique,92,1,12.26
62796,27253,2025-05-08,4393,Boutique,44,1,22.56
62797,27254,2025-05-08,5568,Boutique,7,1,17.41
62798,27254,2025-05-08,5568,Boutique,14,2,82.2
62799,27254,2025-05-08,5568,Boutique,65,1,18.44
62800,27255,2025-05-08,5440,Site,104,1,32.86
62801,27255,2025-05-08,5440,Site,87,1,121.44
62802,27255,2025-05-08,5440,Site,65,1,18.44
62803,27256,2025-05-08,4500,Boutique,90,1,74.06
62804,27256,2025-05-08,4500,Boutique,41,1,29.77
62805,27256,2025-05-08,4500,Boutique,35,1,16.38
62806,27257,2025-05-08,4971,Réseaux,85,1,11.23
62807,27257,2025-05-08,4971,Réseaux,82,1,79.21
62808,27257,2025-05-08,4971,Réseaux,62,1,2.99
62809,27257,2025-05-08,4971,Réseaux,92,1,12.26
62810,27257,2025-05-08,4971,Réseaux,61,1,11.23
62811,27257,2025-05-08,4971,Réseaux,41,1,29.77
62812,27258,2025-05-08,2545,Boutique,84,3,67.68
62813,27258,2025-05-08,2545,Boutique,43,1,24.62
62814,27259,2025-05-08,4632,Site,83,1,76.12
62815,27259,2025-05-08,4632,Site,51,2,34.82
62816,27260,2025-05-08,863,Site,92,1,12.26
62817,27260,2025-05-08,863,Site,25,1,26.68
62818,27261,2025-05-08,3418,Site,19,1,30.8
62819,27262,2025-05-08,1453,Réseaux,47,1,34.92
62820,27262,2025-05-08,1453,Réseaux,17,1,16.38
62821,27262,2025-05-08,1453,Réseaux,51,1,17.41
62822,27262,2025-05-08,1453,Réseaux,67,1,2.99
62823,27263,2025-05-08,3762,Site,61,1,11.23
62824,27263,2025-05-08,3762,Site,101,1,19.47
62825,27264,2025-05-08,1752,Boutique,21,1,13.29
62826,27264,2025-05-08,1752,Boutique,83,1,76.12
62827,27265,2025-05-08,5433,Site,39,2,133.7
62828,27265,2025-05-08,5433,Site,12,1,39.04
62829,27265,2025-05-08,5433,Site,108,1,46.25
62830,27266,2025-05-08,4519,Site,42,1,29.77
62831,27266,2025-05-08,4519,Site,69,1,8.14
62832,27266,2025-05-08,4519,Site,22,1,52.43
62833,27267,2025-05-09,112,Site,70,2,28.64
62834,27267,2025-05-09,112,Site,35,1,16.38
62835,27268,2025-05-09,3001,Site,82,1,79.21
62836,27268,2025-05-09,3001,Site,92,1,12.26
62837,27268,2025-05-09,3001,Site,35,1,16.38
62838,27268,2025-05-09,3001,Site,85,1,11.23
62839,27269,2025-05-09,4876,Boutique,75,3,21.33
62840,27269,2025-05-09,4876,Boutique,22,1,52.43
62841,27270,2025-05-09,386,Boutique,44,1,22.56
62842,27270,2025-05-09,386,Boutique,27,1,108.05
62843,27271,2025-05-09,818,Site,62,1,2.84
62844,27272,2025-05-09,383,Site,78,1,7.11
62845,27272,2025-05-09,383,Site,28,1,50.37
62846,27273,2025-05-09,2966,Réseaux,42,1,28.28
62847,27273,2025-05-09,2966,Réseaux,85,1,10.67
62848,27273,2025-05-09,2966,Réseaux,54,1,53.72
62849,27274,2025-05-09,4514,Boutique,2,1,40.07
62850,27274,2025-05-09,4514,Boutique,1,1,44.19
62851,27274,2025-05-09,4514,Boutique,88,1,21.53
62852,27274,2025-05-09,4514,Boutique,56,2,199.62
62853,27274,2025-05-09,4514,Boutique,38,1,32.86
62854,27275,2025-05-09,4594,Site,84,1,21.43
62855,27275,2025-05-09,4594,Site,71,1,20.45
62856,27276,2025-05-09,889,Site,4,2,80.14
62857,27277,2025-05-09,768,Boutique,96,1,12.26
62858,27278,2025-05-09,1866,Site,3,2,78.08
62859,27278,2025-05-09,1866,Site,67,2,5.98
62860,27278,2025-05-09,1866,Site,53,2,41.0
62861,27278,2025-05-09,1866,Site,86,2,314.98
62862,27279,2025-05-09,3828,Boutique,9,1,44.19
62863,27280,2025-05-09,78,Site,58,1,36.98
62864,27280,2025-05-09,78,Site,101,1,19.47
62865,27280,2025-05-09,78,Site,68,1,21.53
62866,27281,2025-05-09,925,Réseaux,22,1,49.81
62867,27281,2025-05-09,925,Réseaux,22,1,49.81
62868,27282,2025-05-09,1965,Boutique,23,1,20.5
62869,27282,2025-05-09,1965,Boutique,53,1,20.5
62870,27283,2025-05-09,2476,Boutique,63,1,4.02
62871,27284,2025-05-09,75,Boutique,11,1,59.64
62872,27284,2025-05-09,75,Boutique,5,1,52.43
62873,27284,2025-05-09,75,Boutique,64,1,10.2
62874,27284,2025-05-09,75,Boutique,81,1,16.38
62875,27284,2025-05-09,75,Boutique,41,1,29.77
62876,27285,2025-05-09,70,Site,68,1,20.45
62877,27285,2025-05-09,70,Site,75,1,6.75
62878,27285,2025-05-09,70,Site,81,2,31.12
62879,27286,2025-05-09,2470,Site,53,1,20.5
62880,27286,2025-05-09,2470,Site,44,1,22.56
62881,27286,2025-05-09,2470,Site,21,1,13.29
62882,27286,2025-05-09,2470,Site,44,1,22.56
62883,27287,2025-05-09,993,Boutique,26,2,129.58
62884,27288,2025-05-09,4425,Site,53,1,20.5
62885,27288,2025-05-09,4425,Site,85,1,11.23
62886,27288,2025-05-09,4425,Site,91,1,89.51
62887,27289,2025-05-09,742,Boutique,103,1,29.77
62888,27289,2025-05-09,742,Boutique,114,1,19.47
62889,27289,2025-05-09,742,Boutique,24,1,34.92
62890,27289,2025-05-09,742,Boutique,88,1,21.53
62891,27290,2025-05-09,4318,Site,94,1,39.04
62892,27290,2025-05-09,4318,Site,84,1,22.56
62893,27291,2025-05-09,4416,Site,74,1,21.53
62894,27292,2025-05-09,2717,Site,37,1,38.01
62895,27292,2025-05-09,2717,Site,16,1,10.2
62896,27292,2025-05-09,2717,Site,66,1,9.17
62897,27292,2025-05-09,2717,Site,62,2,5.98
62898,27293,2025-05-09,1883,Réseaux,42,1,28.28
62899,27293,2025-05-09,1883,Réseaux,89,1,65.46
62900,27294,2025-05-09,2997,Boutique,99,1,63.76
62901,27295,2025-05-09,3295,Site,27,1,108.05
62902,27295,2025-05-09,3295,Site,59,1,12.26
62903,27295,2025-05-09,3295,Site,111,1,10.2
62904,27296,2025-05-09,4886,Boutique,102,1,20.5
62905,27297,2025-05-09,2012,Boutique,81,1,16.38
62906,27297,2025-05-09,2012,Boutique,93,3,154.2
62907,27297,2025-05-09,2012,Boutique,8,1,35.95
62908,27298,2025-05-09,3913,Boutique,92,1,11.65
62909,27298,2025-05-09,3913,Boutique,92,1,11.65
62910,27298,2025-05-09,3913,Boutique,83,1,72.31
62911,27299,2025-05-10,4055,Site,54,1,56.55
62912,27299,2025-05-10,4055,Site,74,1,21.53
62913,27300,2025-05-10,4938,Site,107,1,15.35
62914,27301,2025-05-10,1222,Boutique,104,2,65.72
62915,27302,2025-05-10,5264,Site,18,1,13.29
62916,27303,2025-05-10,1395,Réseaux,114,2,38.94
62917,27303,2025-05-10,1395,Réseaux,88,1,21.53
62918,27303,2025-05-10,1395,Réseaux,41,1,29.77
62919,27303,2025-05-10,1395,Réseaux,32,1,24.62
62920,27304,2025-05-10,2895,Site,21,2,26.58
62921,27304,2025-05-10,2895,Site,22,1,52.43
62922,27305,2025-05-10,4825,Site,77,1,22.56
62923,27305,2025-05-10,4825,Site,23,1,20.5
62924,27305,2025-05-10,4825,Site,32,1,24.62
62925,27305,2025-05-10,4825,Site,25,1,26.68
62926,27306,2025-05-10,547,Boutique,42,1,29.77
62927,27306,2025-05-10,547,Boutique,4,1,40.07
62928,27307,2025-05-10,5294,Boutique,69,1,8.14
62929,27307,2025-05-10,5294,Boutique,49,1,30.8
62930,27307,2025-05-10,5294,Boutique,21,1,13.29
62931,27308,2025-05-10,5097,Boutique,20,1,28.74
62932,27308,2025-05-10,5097,Boutique,84,1,22.56
62933,27309,2025-05-10,2850,Boutique,100,1,22.56
62934,27309,2025-05-10,2850,Boutique,115,2,102.8
62935,27309,2025-05-10,2850,Boutique,69,1,8.14
62936,27309,2025-05-10,2850,Boutique,89,1,68.91
62937,27309,2025-05-10,2850,Boutique,75,1,7.11
62938,27309,2025-05-10,2850,Boutique,40,4,308.6
62939,27310,2025-05-10,3253,Boutique,11,2,119.28
62940,27310,2025-05-10,3253,Boutique,89,1,68.91
62941,27310,2025-05-10,3253,Boutique,81,1,16.38
62942,27311,2025-05-10,1141,Boutique,56,1,99.81
62943,27311,2025-05-10,1141,Boutique,95,1,24.62
62944,27312,2025-05-10,1855,Boutique,84,1,22.56
62945,27312,2025-05-10,1855,Boutique,2,1,40.07
62946,27313,2025-05-10,2526,Site,28,1,50.37
62947,27313,2025-05-10,2526,Site,5,1,52.43
62948,27313,2025-05-10,2526,Site,119,1,58.61
62949,27314,2025-05-10,1656,Réseaux,81,1,16.38
62950,27314,2025-05-10,1656,Réseaux,6,1,44.19
62951,27315,2025-05-10,4383,Boutique,18,1,13.29
62952,27315,2025-05-10,4383,Boutique,15,2,24.52
62953,27315,2025-05-10,4383,Boutique,87,1,121.44
62954,27316,2025-05-10,1028,Boutique,104,1,32.86
62955,27316,2025-05-10,1028,Boutique,14,1,41.1
62956,27316,2025-05-10,1028,Boutique,88,1,21.53
62957,27316,2025-05-10,1028,Boutique,27,1,108.05
62958,27317,2025-05-10,3203,Réseaux,74,1,20.45
62959,27317,2025-05-10,3203,Réseaux,74,1,20.45
62960,27318,2025-05-10,3937,Boutique,29,1,57.58
62961,27319,2025-05-10,573,Site,2,1,40.07
62962,27319,2025-05-10,573,Site,78,1,7.11
62963,27320,2025-05-10,4871,Boutique,23,1,20.5
62964,27320,2025-05-10,4871,Boutique,111,1,10.2
62965,27321,2025-05-10,3418,Site,43,1,24.62
62966,27321,2025-05-10,3418,Site,10,1,51.4
62967,27322,2025-05-10,2587,Site,1,1,44.19
62968,27323,2025-05-10,227,Site,81,1,15.56
62969,27324,2025-05-10,272,Site,28,1,50.37
62970,27324,2025-05-10,272,Site,44,1,22.56
62971,27325,2025-05-10,125,Site,50,1,73.03
62972,27326,2025-05-10,4326,Site,3,1,39.04
62973,27326,2025-05-10,4326,Site,42,3,89.31
62974,27326,2025-05-10,4326,Site,45,1,66.85
62975,27327,2025-05-10,97,Réseaux,36,1,68.91
62976,27327,2025-05-10,97,Réseaux,36,1,68.91
62977,27328,2025-05-10,3803,Site,28,2,100.74
62978,27328,2025-05-10,3803,Site,85,1,11.23
62979,27328,2025-05-10,3803,Site,71,1,21.53
62980,27329,2025-05-10,4753,Réseaux,47,1,34.92
62981,27329,2025-05-10,4753,Réseaux,9,1,44.19
62982,27329,2025-05-10,4753,Réseaux,3,1,39.04
62983,27330,2025-05-10,3867,Site,3,1,39.04
62984,27330,2025-05-10,3867,Site,118,1,12.26
62985,27330,2025-05-10,3867,Site,90,1,74.06
62986,27331,2025-05-10,2276,Site,24,1,34.92
62987,27331,2025-05-10,2276,Site,25,2,53.36
62988,27331,2025-05-10,2276,Site,61,1,11.23
62989,27332,2025-05-10,737,Boutique,24,1,33.17
62990,27332,2025-05-10,737,Boutique,91,1,85.03
62991,27332,2025-05-10,737,Boutique,100,1,21.43
62992,27333,2025-05-10,2875,Réseaux,90,1,74.06
62993,27333,2025-05-10,2875,Réseaux,62,2,5.98
62994,27334,2025-05-10,5592,Site,50,1,73.03
62995,27334,2025-05-10,5592,Site,25,1,26.68
62996,27334,2025-05-10,5592,Site,6,1,44.19
62997,27335,2025-05-10,3471,Site,67,1,2.99
62998,27335,2025-05-10,3471,Site,88,2,43.06
62999,27335,2025-05-10,3471,Site,120,1,12.26
63000,27336,2025-05-10,3861,Boutique,61,1,11.23
63001,27336,2025-05-10,3861,Boutique,4,1,40.07
63002,27337,2025-05-10,1621,Site,115,1,51.4
63003,27337,2025-05-10,1621,Site,100,1,22.56
63004,27338,2025-05-10,3903,Site,61,1,11.23
63005,27338,2025-05-10,3903,Site,83,1,76.12
63006,27339,2025-05-10,5312,Boutique,21,1,13.29
63007,27339,2025-05-10,5312,Boutique,83,2,152.24
63008,27339,2025-05-10,5312,Boutique,88,1,21.53
63009,27339,2025-05-10,5312,Boutique,66,1,9.17
63010,27340,2025-05-10,5517,Réseaux,81,2,32.76
63011,27340,2025-05-10,5517,Réseaux,86,1,157.49
63012,27341,2025-05-10,5488,Boutique,43,1,24.62
63013,27341,2025-05-10,5488,Boutique,78,3,21.33
63014,27341,2025-05-10,5488,Boutique,100,1,22.56
63015,27342,2025-05-10,1327,Site,108,1,43.94
63016,27342,2025-05-10,1327,Site,62,1,2.84
63017,27342,2025-05-10,1327,Site,110,1,25.35
63018,27343,2025-05-10,2421,Boutique,16,1,10.2
63019,27343,2025-05-10,2421,Boutique,22,1,52.43
63020,27343,2025-05-10,2421,Boutique,65,2,36.88
63021,27343,2025-05-10,2421,Boutique,81,1,16.38
63022,27344,2025-05-10,3820,Réseaux,3,1,39.04
63023,27344,2025-05-10,3820,Réseaux,21,1,13.29
63024,27344,2025-05-10,3820,Réseaux,83,1,76.12
63025,27345,2025-05-10,4900,Boutique,50,1,73.03
63026,27345,2025-05-10,4900,Boutique,43,1,24.62
63027,27345,2025-05-10,4900,Boutique,47,1,34.92
63028,27346,2025-05-10,5437,Site,9,1,44.19
63029,27346,2025-05-10,5437,Site,50,1,73.03
63030,27346,2025-05-10,5437,Site,44,1,22.56
63031,27346,2025-05-10,5437,Site,15,1,12.26
63032,27347,2025-05-10,1427,Site,42,1,29.77
63033,27347,2025-05-10,1427,Site,66,1,9.17
63034,27347,2025-05-10,1427,Site,64,1,10.2
63035,27348,2025-05-11,1546,Boutique,89,1,68.91
63036,27349,2025-05-11,77,Site,102,1,20.5
63037,27349,2025-05-11,77,Site,44,1,22.56
63038,27349,2025-05-11,77,Site,86,1,157.49
63039,27349,2025-05-11,77,Site,104,2,65.72
63040,27349,2025-05-11,77,Site,5,1,52.43
63041,27349,2025-05-11,77,Site,88,1,21.53
63042,27350,2025-05-11,2552,Site,7,1,17.41
63043,27350,2025-05-11,2552,Site,1,1,44.19
63044,27351,2025-05-11,1144,Boutique,45,1,66.85
63045,27351,2025-05-11,1144,Boutique,84,1,22.56
63046,27352,2025-05-11,4598,Réseaux,61,1,11.23
63047,27353,2025-05-11,4886,Site,106,1,45.22
63048,27353,2025-05-11,4886,Site,85,1,11.23
63049,27353,2025-05-11,4886,Site,22,1,52.43
63050,27353,2025-05-11,4886,Site,2,1,40.07
63051,27354,2025-05-11,1650,Boutique,4,1,40.07
63052,27355,2025-05-11,682,Site,81,1,16.38
63053,27355,2025-05-11,682,Site,83,1,76.12
63054,27356,2025-05-11,2069,Réseaux,98,1,93.63
63055,27356,2025-05-11,2069,Réseaux,13,1,55.52
63056,27357,2025-05-11,4340,Réseaux,104,1,32.86
63057,27357,2025-05-11,4340,Réseaux,66,1,9.17
63058,27358,2025-05-11,5592,Boutique,64,2,20.4
63059,27358,2025-05-11,5592,Boutique,102,1,20.5
63060,27359,2025-05-11,3802,Boutique,111,1,10.2
63061,27359,2025-05-11,3802,Boutique,50,1,73.03
63062,27360,2025-05-11,3169,Site,90,1,74.06
63063,27361,2025-05-11,3632,Boutique,10,1,51.4
63064,27361,2025-05-11,3632,Boutique,46,1,33.89
63065,27362,2025-05-11,2018,Boutique,107,1,15.35
63066,27362,2025-05-11,2018,Boutique,2,2,80.14
63067,27362,2025-05-11,2018,Boutique,17,1,16.38
63068,27362,2025-05-11,2018,Boutique,42,1,29.77
63069,27363,2025-05-11,682,Site,116,1,70.97
63070,27363,2025-05-11,682,Site,59,1,12.26
63071,27364,2025-05-11,4175,Réseaux,87,1,121.44
63072,27365,2025-05-11,5268,Boutique,108,1,43.94
63073,27365,2025-05-11,5268,Boutique,42,1,28.28
63074,27366,2025-05-11,3533,Réseaux,108,1,46.25
63075,27366,2025-05-11,3533,Réseaux,61,2,22.46
63076,27366,2025-05-11,3533,Réseaux,61,1,11.23
63077,27367,2025-05-11,1619,Site,94,2,78.08
63078,27368,2025-05-11,1920,Boutique,83,1,76.12
63079,27368,2025-05-11,1920,Boutique,65,1,18.44
63080,27369,2025-05-11,2585,Site,50,1,73.03
63081,27369,2025-05-11,2585,Site,85,1,11.23
63082,27369,2025-05-11,2585,Site,32,1,24.62
63083,27370,2025-05-11,1541,Site,3,1,39.04
63084,27370,2025-05-11,1541,Site,64,1,10.2
63085,27370,2025-05-11,1541,Site,18,1,13.29
63086,27371,2025-05-12,561,Site,43,1,24.62
63087,27372,2025-05-12,2557,Boutique,81,1,16.38
63088,27373,2025-05-12,3678,Site,82,1,79.21
63089,27374,2025-05-12,274,Réseaux,67,1,2.99
63090,27375,2025-05-12,3081,Site,3,1,39.04
63091,27375,2025-05-12,3081,Site,36,1,68.91
63092,27376,2025-05-12,664,Réseaux,18,1,13.29
63093,27376,2025-05-12,664,Réseaux,23,1,20.5
63094,27377,2025-05-12,4006,Boutique,83,1,76.12
63095,27377,2025-05-12,4006,Boutique,39,1,66.85
63096,27377,2025-05-12,4006,Boutique,28,1,50.37
63097,27378,2025-05-12,1961,Boutique,45,1,66.85
63098,27378,2025-05-12,1961,Boutique,26,1,64.79
63099,27378,2025-05-12,1961,Boutique,47,1,34.92
63100,27378,2025-05-12,1961,Boutique,4,2,80.14
63101,27379,2025-05-12,4103,Site,40,1,77.15
63102,27380,2025-05-12,4782,Boutique,2,1,40.07
63103,27380,2025-05-12,4782,Boutique,75,1,7.11
63104,27380,2025-05-12,4782,Boutique,37,1,38.01
63105,27381,2025-05-12,1555,Boutique,63,1,4.02
63106,27381,2025-05-12,1555,Boutique,43,1,24.62
63107,27381,2025-05-12,1555,Boutique,101,1,19.47
63108,27382,2025-05-12,4425,Boutique,81,1,16.38
63109,27382,2025-05-12,4425,Boutique,9,1,44.19
63110,27382,2025-05-12,4425,Boutique,57,1,17.41
63111,27383,2025-05-12,3776,Site,24,1,34.92
63112,27383,2025-05-12,3776,Site,114,1,19.47
63113,27383,2025-05-12,3776,Site,9,1,44.19
63114,27383,2025-05-12,3776,Site,23,1,20.5
63115,27384,2025-05-12,1001,Site,43,2,49.24
63116,27384,2025-05-12,1001,Site,13,1,55.52
63117,27385,2025-05-12,5341,Site,66,1,9.17
63118,27385,2025-05-12,5341,Site,2,1,40.07
63119,27385,2025-05-12,5341,Site,107,1,15.35
63120,27386,2025-05-12,4484,Site,28,2,100.74
63121,27387,2025-05-12,764,Site,9,1,44.19
63122,27387,2025-05-12,764,Site,85,1,11.23
63123,27387,2025-05-12,764,Site,84,1,22.56
63124,27387,2025-05-12,764,Site,72,2,5.98
63125,27388,2025-05-12,58,Site,37,1,38.01
63126,27389,2025-05-12,354,Site,84,1,22.56
63127,27389,2025-05-12,354,Site,117,1,12.26
63128,27389,2025-05-12,354,Site,109,1,28.74
63129,27389,2025-05-12,354,Site,53,1,20.5
63130,27390,2025-05-12,4693,Site,63,1,4.02
63131,27391,2025-05-12,4638,Boutique,3,1,39.04
63132,27391,2025-05-12,4638,Boutique,12,1,39.04
63133,27391,2025-05-12,4638,Boutique,43,1,24.62
63134,27392,2025-05-12,5196,Site,63,1,4.02
63135,27392,2025-05-12,5196,Site,12,1,39.04
63136,27392,2025-05-12,5196,Site,61,2,22.46
63137,27393,2025-05-12,1210,Site,42,1,29.77
63138,27393,2025-05-12,1210,Site,91,1,89.51
63139,27393,2025-05-12,1210,Site,103,1,29.77
63140,27394,2025-05-12,4781,Site,70,1,14.32
63141,27395,2025-05-12,5032,Site,87,1,121.44
63142,27395,2025-05-12,5032,Site,62,1,2.99
63143,27395,2025-05-12,5032,Site,43,1,24.62
63144,27396,2025-05-12,158,Site,46,1,33.89
63145,27396,2025-05-12,158,Site,48,1,28.74
63146,27397,2025-05-12,1583,Site,100,1,22.56
63147,27397,2025-05-12,1583,Site,27,2,216.1
63148,27397,2025-05-12,1583,Site,22,1,52.43
63149,27397,2025-05-12,1583,Site,84,1,22.56
63150,27397,2025-05-12,1583,Site,115,1,51.4
63151,27398,2025-05-12,600,Boutique,82,1,79.21
63152,27398,2025-05-12,600,Boutique,94,2,78.08
63153,27399,2025-05-12,4931,Réseaux,44,1,22.56
63154,27400,2025-05-12,949,Boutique,37,1,38.01
63155,27400,2025-05-12,949,Boutique,21,2,26.58
63156,27401,2025-05-12,3646,Boutique,81,1,16.38
63157,27401,2025-05-12,3646,Boutique,26,1,64.79
63158,27401,2025-05-12,3646,Boutique,94,1,39.04
63159,27402,2025-05-12,2493,Réseaux,28,1,50.37
63160,27403,2025-05-12,4210,Site,1,2,88.38
63161,27403,2025-05-12,4210,Site,25,1,26.68
63162,27404,2025-05-12,2018,Site,23,1,20.5
63163,27404,2025-05-12,2018,Site,68,1,21.53
63164,27405,2025-05-12,4858,Site,11,1,59.64
63165,27405,2025-05-12,4858,Site,5,1,52.43
63166,27406,2025-05-12,1697,Réseaux,85,1,11.23
63167,27406,2025-05-12,1697,Réseaux,3,1,39.04
63168,27406,2025-05-12,1697,Réseaux,58,1,36.98
63169,27407,2025-05-12,2455,Boutique,43,1,23.39
63170,27407,2025-05-12,2455,Boutique,14,1,39.04
63171,27408,2025-05-13,4254,Réseaux,2,1,40.07
63172,27408,2025-05-13,4254,Réseaux,25,1,26.68
63173,27408,2025-05-13,4254,Réseaux,28,1,50.37
63174,27409,2025-05-13,5281,Réseaux,51,2,34.82
63175,27409,2025-05-13,5281,Réseaux,102,1,20.5
63176,27410,2025-05-13,4751,Boutique,104,1,32.86
63177,27410,2025-05-13,4751,Boutique,98,3,280.89
63178,27411,2025-05-13,1191,Boutique,92,1,12.26
63179,27411,2025-05-13,1191,Boutique,100,1,22.56
63180,27411,2025-05-13,1191,Boutique,38,1,32.86
63181,27411,2025-05-13,1191,Boutique,88,1,21.53
63182,27412,2025-05-13,2505,Site,42,1,29.77
63183,27412,2025-05-13,2505,Site,46,1,33.89
63184,27412,2025-05-13,2505,Site,33,1,130.71
63185,27412,2025-05-13,2505,Site,90,3,222.18
63186,27413,2025-05-13,372,Boutique,4,1,40.07
63187,27414,2025-05-13,801,Site,1,1,44.19
63188,27414,2025-05-13,801,Site,42,1,29.77
63189,27415,2025-05-13,3318,Site,46,1,33.89
63190,27416,2025-05-13,125,Site,24,1,34.92
63191,27416,2025-05-13,125,Site,108,1,46.25
63192,27416,2025-05-13,125,Site,17,1,16.38
63193,27417,2025-05-13,5443,Boutique,21,1,13.29
63194,27417,2025-05-13,5443,Boutique,10,1,51.4
63195,27417,2025-05-13,5443,Boutique,111,1,10.2
63196,27417,2025-05-13,5443,Boutique,116,1,70.97
63197,27417,2025-05-13,5443,Boutique,61,1,11.23
63198,27418,2025-05-13,2032,Boutique,11,1,59.64
63199,27418,2025-05-13,2032,Boutique,85,1,11.23
63200,27418,2025-05-13,2032,Boutique,65,1,18.44
63201,27419,2025-05-13,3882,Boutique,50,1,73.03
63202,27420,2025-05-13,3829,Réseaux,111,1,9.69
63203,27420,2025-05-13,3829,Réseaux,94,1,37.09
63204,27420,2025-05-13,3829,Réseaux,42,1,28.28
63205,27420,2025-05-13,3829,Réseaux,106,1,42.96
63206,27420,2025-05-13,3829,Réseaux,81,1,15.56
63207,27421,2025-05-13,3138,Boutique,49,2,61.6
63208,27421,2025-05-13,3138,Boutique,4,1,40.07
63209,27421,2025-05-13,3138,Boutique,95,1,24.62
63210,27422,2025-05-13,4620,Site,22,1,52.43
63211,27422,2025-05-13,4620,Site,83,1,76.12
63212,27422,2025-05-13,4620,Site,27,1,108.05
63213,27423,2025-05-13,5349,Réseaux,110,1,26.68
63214,27423,2025-05-13,5349,Réseaux,85,1,11.23
63215,27423,2025-05-13,5349,Réseaux,61,1,11.23
63216,27424,2025-05-13,795,Boutique,35,1,16.38
63217,27424,2025-05-13,795,Boutique,39,1,66.85
63218,27425,2025-05-13,3941,Boutique,80,2,38.94
63219,27425,2025-05-13,3941,Boutique,104,1,32.86
63220,27426,2025-05-13,3260,Boutique,41,1,29.77
63221,27426,2025-05-13,3260,Boutique,43,1,24.62
63222,27426,2025-05-13,3260,Boutique,87,1,121.44
63223,27427,2025-05-13,3936,Boutique,93,1,51.4
63224,27427,2025-05-13,3936,Boutique,68,3,64.59
63225,27427,2025-05-13,3936,Boutique,66,1,9.17
63226,27428,2025-05-13,2882,Réseaux,4,1,40.07
63227,27428,2025-05-13,2882,Réseaux,12,1,39.04
63228,27428,2025-05-13,2882,Réseaux,5,1,52.43
63229,27429,2025-05-13,693,Boutique,17,1,16.38
63230,27429,2025-05-13,693,Boutique,61,1,11.23
63231,27430,2025-05-13,1350,Site,45,1,66.85
63232,27430,2025-05-13,1350,Site,117,2,24.52
63233,27431,2025-05-13,4696,Site,73,1,5.05
63234,27431,2025-05-13,4696,Site,4,1,40.07
63235,27431,2025-05-13,4696,Site,1,1,44.19
63236,27432,2025-05-13,1200,Boutique,57,2,34.82
63237,27432,2025-05-13,1200,Boutique,60,1,31.83
63238,27432,2025-05-13,1200,Boutique,89,2,137.82
63239,27432,2025-05-13,1200,Boutique,21,1,13.29
63240,27433,2025-05-13,1985,Boutique,88,1,21.53
63241,27434,2025-05-13,796,Boutique,81,1,16.38
63242,27434,2025-05-13,796,Boutique,107,2,30.7
63243,27434,2025-05-13,796,Boutique,84,1,22.56
63244,27435,2025-05-14,4635,Boutique,73,1,5.05
63245,27435,2025-05-14,4635,Boutique,37,1,38.01
63246,27436,2025-05-14,152,Site,99,1,63.76
63247,27436,2025-05-14,152,Site,24,1,34.92
63248,27436,2025-05-14,152,Site,41,4,119.08
63249,27437,2025-05-14,3035,Site,29,1,57.58
63250,27437,2025-05-14,3035,Site,65,1,18.44
63251,27438,2025-05-14,4631,Boutique,67,1,2.99
63252,27439,2025-05-14,93,Site,64,1,10.2
63253,27440,2025-05-14,422,Site,45,1,66.85
63254,27440,2025-05-14,422,Site,48,1,28.74
63255,27441,2025-05-14,5592,Site,46,1,33.89
63256,27441,2025-05-14,5592,Site,18,1,13.29
63257,27441,2025-05-14,5592,Site,25,1,26.68
63258,27441,2025-05-14,5592,Site,50,1,73.03
63259,27442,2025-05-14,2324,Site,62,1,2.99
63260,27442,2025-05-14,2324,Site,83,1,76.12
63261,27442,2025-05-14,2324,Site,51,1,17.41
63262,27442,2025-05-14,2324,Site,79,1,5.05
63263,27443,2025-05-14,3765,Réseaux,85,1,10.67
63264,27443,2025-05-14,3765,Réseaux,15,1,11.65
63265,27443,2025-05-14,3765,Réseaux,1,1,41.98
63266,27444,2025-05-14,664,Boutique,27,1,108.05
63267,27444,2025-05-14,664,Boutique,114,1,19.47
63268,27444,2025-05-14,664,Boutique,26,1,64.79
63269,27445,2025-05-14,4806,Boutique,78,1,6.75
63270,27445,2025-05-14,4806,Boutique,8,2,68.31
63271,27446,2025-05-14,906,Boutique,86,1,157.49
63272,27447,2025-05-14,5368,Boutique,72,1,2.99
63273,27447,2025-05-14,5368,Boutique,82,1,79.21
63274,27447,2025-05-14,5368,Boutique,43,1,24.62
63275,27448,2025-05-14,3737,Boutique,101,1,19.47
63276,27448,2025-05-14,3737,Boutique,120,1,12.26
63277,27449,2025-05-14,2140,Site,56,1,99.81
63278,27449,2025-05-14,2140,Site,9,1,44.19
63279,27449,2025-05-14,2140,Site,75,1,7.11
63280,27450,2025-05-14,3829,Boutique,87,1,115.37
63281,27450,2025-05-14,3829,Boutique,34,1,103.63
63282,27450,2025-05-14,3829,Boutique,6,1,41.98
63283,27451,2025-05-14,309,Boutique,104,1,32.86
63284,27451,2025-05-14,309,Boutique,88,1,21.53
63285,27451,2025-05-14,309,Boutique,93,1,51.4
63286,27452,2025-05-14,5362,Boutique,35,1,16.38
63287,27453,2025-05-14,3871,Boutique,24,1,34.92
63288,27454,2025-05-14,1551,Réseaux,26,1,64.79
63289,27454,2025-05-14,1551,Réseaux,56,1,99.81
63290,27455,2025-05-14,2626,Boutique,106,1,45.22
63291,27456,2025-05-14,4121,Site,99,1,63.76
63292,27456,2025-05-14,4121,Site,9,1,44.19
63293,27457,2025-05-14,1153,Site,32,1,24.62
63294,27457,2025-05-14,1153,Site,63,2,8.04
63295,27457,2025-05-14,1153,Site,111,1,10.2
63296,27457,2025-05-14,1153,Site,84,1,22.56
63297,27457,2025-05-14,1153,Site,28,1,50.37
63298,27458,2025-05-14,5457,Site,85,1,11.23
63299,27458,2025-05-14,5457,Site,34,1,109.08
63300,27459,2025-05-14,2027,Site,49,1,29.26
63301,27459,2025-05-14,2027,Site,62,1,2.84
63302,27460,2025-05-14,179,Site,105,2,34.82
63303,27460,2025-05-14,179,Site,43,1,24.62
63304,27461,2025-05-14,2386,Réseaux,27,1,108.05
63305,27461,2025-05-14,2386,Réseaux,82,1,79.21
63306,27461,2025-05-14,2386,Réseaux,42,1,29.77
63307,27462,2025-05-14,165,Boutique,95,1,24.62
63308,27463,2025-05-14,2861,Site,26,2,129.58
63309,27463,2025-05-14,2861,Site,92,1,12.26
63310,27463,2025-05-14,2861,Site,81,1,16.38
63311,27464,2025-05-14,4452,Site,3,1,39.04
63312,27465,2025-05-15,1512,Site,27,2,216.1
63313,27465,2025-05-15,1512,Site,7,3,52.23
63314,27465,2025-05-15,1512,Site,23,1,20.5
63315,27466,2025-05-15,2120,Boutique,36,1,68.91
63316,27466,2025-05-15,2120,Boutique,87,2,242.88
63317,27466,2025-05-15,2120,Boutique,44,1,22.56
63318,27466,2025-05-15,2120,Boutique,77,1,22.56
63319,27467,2025-05-15,2386,Site,42,1,28.28
63320,27467,2025-05-15,2386,Site,70,1,13.6
63321,27467,2025-05-15,2386,Site,43,1,23.39
63322,27467,2025-05-15,2386,Site,36,2,130.93
63323,27467,2025-05-15,2386,Site,63,1,3.82
63324,27468,2025-05-15,1928,Site,17,1,16.38
63325,27468,2025-05-15,1928,Site,21,1,13.29
63326,27469,2025-05-15,4316,Boutique,104,2,65.72
63327,27469,2025-05-15,4316,Boutique,30,1,52.43
63328,27469,2025-05-15,4316,Boutique,3,1,39.04
63329,27470,2025-05-15,4310,Réseaux,44,1,22.56
63330,27470,2025-05-15,4310,Réseaux,45,1,66.85
63331,27470,2025-05-15,4310,Réseaux,90,1,74.06
63332,27470,2025-05-15,4310,Réseaux,51,1,17.41
63333,27470,2025-05-15,4310,Réseaux,73,1,5.05
63334,27471,2025-05-15,1362,Site,58,1,36.98
63335,27471,2025-05-15,1362,Site,86,1,157.49
63336,27472,2025-05-15,3334,Boutique,115,1,51.4
63337,27472,2025-05-15,3334,Boutique,27,1,108.05
63338,27472,2025-05-15,3334,Boutique,9,1,44.19
63339,27472,2025-05-15,3334,Boutique,56,1,99.81
63340,27473,2025-05-15,4962,Boutique,94,1,39.04
63341,27473,2025-05-15,4962,Boutique,5,1,52.43
63342,27473,2025-05-15,4962,Boutique,99,1,63.76
63343,27474,2025-05-15,1988,Boutique,44,1,21.43
63344,27474,2025-05-15,1988,Boutique,64,1,9.69
63345,27474,2025-05-15,1988,Boutique,22,1,49.81
63346,27474,2025-05-15,1988,Boutique,94,1,37.09
63347,27475,2025-05-15,680,Boutique,87,1,121.44
63348,27475,2025-05-15,680,Boutique,88,1,21.53
63349,27476,2025-05-15,2097,Boutique,28,1,50.37
63350,27476,2025-05-15,2097,Boutique,81,1,16.38
63351,27476,2025-05-15,2097,Boutique,4,1,40.07
63352,27477,2025-05-15,4253,Site,92,1,12.26
63353,27478,2025-05-15,4921,Site,78,1,7.11
63354,27478,2025-05-15,4921,Site,81,1,16.38
63355,27479,2025-05-15,1637,Site,82,2,158.42
63356,27479,2025-05-15,1637,Site,119,1,58.61
63357,27479,2025-05-15,1637,Site,56,1,99.81
63358,27480,2025-05-15,5196,Boutique,2,2,80.14
63359,27481,2025-05-15,4241,Site,27,1,108.05
63360,27481,2025-05-15,4241,Site,26,2,129.58
63361,27482,2025-05-15,3068,Site,15,1,12.26
63362,27482,2025-05-15,3068,Site,49,1,30.8
63363,27482,2025-05-15,3068,Site,4,1,40.07
63364,27482,2025-05-15,3068,Site,101,2,38.94
63365,27482,2025-05-15,3068,Site,57,4,69.64
63366,27483,2025-05-15,3700,Site,84,1,22.56
63367,27484,2025-05-16,5607,Boutique,6,1,39.77
63368,27484,2025-05-16,5607,Boutique,83,1,68.51
63369,27485,2025-05-15,4595,Boutique,51,2,34.82
63370,27485,2025-05-15,4595,Boutique,40,1,77.15
63371,27485,2025-05-15,4595,Boutique,48,1,28.74
63372,27486,2025-05-15,607,Boutique,83,1,72.31
63373,27486,2025-05-15,607,Boutique,56,1,94.82
63374,27487,2025-05-15,3428,Site,38,1,32.86
63375,27488,2025-05-15,1349,Réseaux,66,1,9.17
63376,27488,2025-05-15,1349,Réseaux,104,2,65.72
63377,27488,2025-05-15,1349,Réseaux,39,1,66.85
63378,27489,2025-05-15,5061,Boutique,92,1,12.26
63379,27489,2025-05-15,5061,Boutique,92,1,12.26
63380,27489,2025-05-15,5061,Boutique,53,1,20.5
63381,27490,2025-05-15,3617,Site,87,1,121.44
63382,27490,2025-05-15,3617,Site,115,1,51.4
63383,27491,2025-05-15,1722,Site,49,1,30.8
63384,27491,2025-05-15,1722,Site,83,1,76.12
63385,27491,2025-05-15,1722,Site,56,1,99.81
63386,27492,2025-05-15,2067,Site,81,1,16.38
63387,27492,2025-05-15,2067,Site,86,1,157.49
63388,27493,2025-05-15,3713,Boutique,69,1,8.14
63389,27493,2025-05-15,3713,Boutique,31,1,22.56
63390,27493,2025-05-15,3713,Boutique,84,1,22.56
63391,27494,2025-05-15,2436,Site,53,1,20.5
63392,27494,2025-05-15,2436,Site,7,1,17.41
63393,27495,2025-05-15,3110,Boutique,83,1,76.12
63394,27496,2025-05-15,5348,Site,76,1,18.44
63395,27496,2025-05-15,5348,Site,42,1,29.77
63396,27496,2025-05-15,5348,Site,50,1,73.03
63397,27497,2025-05-15,884,Boutique,12,1,39.04
63398,27497,2025-05-15,884,Boutique,22,1,52.43
63399,27498,2025-05-15,3185,Boutique,55,2,131.64
63400,27499,2025-05-15,1405,Site,115,1,51.4
63401,27499,2025-05-15,1405,Site,27,1,108.05
63402,27500,2025-05-15,2789,Boutique,19,1,29.26
63403,27500,2025-05-15,2789,Boutique,25,1,25.35
63404,27501,2025-05-15,1883,Boutique,48,1,28.74
63405,27501,2025-05-15,1883,Boutique,2,1,40.07
63406,27502,2025-05-15,2604,Boutique,85,1,11.23
63407,27502,2025-05-15,2604,Boutique,61,1,11.23
63408,27502,2025-05-15,2604,Boutique,81,1,16.38
63409,27502,2025-05-15,2604,Boutique,78,3,21.33
63410,27502,2025-05-15,2604,Boutique,55,1,65.82
63411,27503,2025-05-16,3866,Site,85,1,11.23
63412,27503,2025-05-16,3866,Site,110,1,26.68
63413,27503,2025-05-16,3866,Site,109,1,28.74
63414,27504,2025-05-16,2476,Site,29,1,57.58
63415,27504,2025-05-16,2476,Site,90,1,74.06
63416,27505,2025-05-16,4757,Site,42,1,29.77
63417,27506,2025-05-16,892,Réseaux,55,1,65.82
63418,27507,2025-05-16,2436,Site,34,1,109.08
63419,27507,2025-05-16,2436,Site,27,1,108.05
63420,27508,2025-05-16,1947,Site,66,1,9.17
63421,27508,2025-05-16,1947,Site,55,1,65.82
63422,27508,2025-05-16,1947,Site,93,1,51.4
63423,27509,2025-05-16,1482,Boutique,63,2,8.04
63424,27509,2025-05-16,1482,Boutique,30,1,52.43
63425,27509,2025-05-16,1482,Boutique,101,1,19.47
63426,27509,2025-05-16,1482,Boutique,9,1,44.19
63427,27510,2025-05-16,1305,Site,25,1,26.68
63428,27511,2025-05-16,3265,Site,49,1,30.8
63429,27511,2025-05-16,3265,Site,12,1,39.04
63430,27511,2025-05-16,3265,Site,68,1,21.53
63431,27511,2025-05-16,3265,Site,101,1,19.47
63432,27512,2025-05-16,90,Site,7,2,33.08
63433,27512,2025-05-16,90,Site,41,1,28.28
63434,27512,2025-05-16,90,Site,27,1,102.65
63435,27512,2025-05-16,90,Site,10,1,48.83
63436,27512,2025-05-16,90,Site,31,1,21.43
63437,27513,2025-05-16,1907,Réseaux,107,1,15.35
63438,27513,2025-05-16,1907,Réseaux,78,1,7.11
63439,27513,2025-05-16,1907,Réseaux,4,1,40.07
63440,27513,2025-05-16,1907,Réseaux,27,1,108.05
63441,27514,2025-05-16,2180,Site,7,1,17.41
63442,27514,2025-05-16,2180,Site,61,2,22.46
63443,27514,2025-05-16,2180,Site,68,1,21.53
63444,27515,2025-05-16,1674,Réseaux,56,2,199.62
63445,27516,2025-05-16,5282,Site,82,1,75.25
63446,27516,2025-05-16,5282,Site,101,1,18.5
63447,27517,2025-05-16,2136,Site,43,1,23.39
63448,27517,2025-05-16,2136,Site,72,1,2.84
63449,27518,2025-05-16,914,Site,114,1,19.47
63450,27518,2025-05-16,914,Site,82,1,79.21
63451,27519,2025-05-16,2667,Boutique,50,1,73.03
63452,27519,2025-05-16,2667,Boutique,5,2,104.86
63453,27519,2025-05-16,2667,Boutique,101,1,19.47
63454,27520,2025-05-16,121,Boutique,97,2,16.28
63455,27520,2025-05-16,121,Boutique,21,1,13.29
63456,27520,2025-05-16,121,Boutique,6,1,44.19
63457,27521,2025-05-16,3769,Boutique,48,1,27.3
63458,27521,2025-05-16,3769,Boutique,24,2,66.35
63459,27522,2025-05-16,3062,Boutique,87,1,121.44
63460,27522,2025-05-16,3062,Boutique,49,1,30.8
63461,27522,2025-05-16,3062,Boutique,42,1,29.77
63462,27522,2025-05-16,3062,Boutique,41,1,29.77
63463,27523,2025-05-16,3906,Site,5,1,52.43
63464,27523,2025-05-16,3906,Site,85,1,11.23
63465,27523,2025-05-16,3906,Site,69,1,8.14
63466,27524,2025-05-16,4844,Boutique,62,1,2.99
63467,27524,2025-05-16,4844,Boutique,43,1,24.62
63468,27524,2025-05-16,4844,Boutique,33,1,130.71
63469,27524,2025-05-16,4844,Boutique,94,2,78.08
63470,27525,2025-05-16,1732,Site,2,1,40.07
63471,27525,2025-05-16,1732,Site,90,1,74.06
63472,27526,2025-05-16,5246,Boutique,83,1,72.31
63473,27526,2025-05-16,5246,Boutique,34,1,103.63
63474,27527,2025-05-16,4597,Réseaux,99,1,60.57
63475,27527,2025-05-16,4597,Réseaux,55,1,62.53
63476,27528,2025-05-16,209,Réseaux,52,2,100.74
63477,27528,2025-05-16,209,Réseaux,100,1,22.56
63478,27529,2025-05-16,515,Boutique,68,1,21.53
63479,27530,2025-05-16,3513,Boutique,62,1,2.99
63480,27531,2025-05-16,2166,Boutique,21,1,13.29
63481,27532,2025-05-16,3503,Réseaux,28,1,50.37
63482,27532,2025-05-16,3503,Réseaux,60,3,95.49
63483,27532,2025-05-16,3503,Réseaux,106,2,90.44
63484,27533,2025-05-16,4331,Boutique,35,1,16.38
63485,27533,2025-05-16,4331,Boutique,1,1,44.19
63486,27534,2025-05-17,4212,Site,68,2,43.06
63487,27534,2025-05-17,4212,Site,63,1,4.02
63488,27535,2025-05-17,2552,Boutique,48,1,28.74
63489,27535,2025-05-17,2552,Boutique,113,1,10.2
63490,27535,2025-05-17,2552,Boutique,33,4,522.84
63491,27535,2025-05-17,2552,Boutique,81,1,16.38
63492,27535,2025-05-17,2552,Boutique,89,1,68.91
63493,27536,2025-05-17,4589,Site,57,1,17.41
63494,27536,2025-05-17,4589,Site,87,1,121.44
63495,27537,2025-05-17,2135,Boutique,3,1,39.04
63496,27537,2025-05-17,2135,Boutique,4,1,40.07
63497,27538,2025-05-17,274,Site,99,1,63.76
63498,27539,2025-05-17,929,Réseaux,107,1,15.35
63499,27539,2025-05-17,929,Réseaux,9,1,44.19
63500,27539,2025-05-17,929,Réseaux,17,1,16.38
63501,27540,2025-05-17,3739,Réseaux,6,1,44.19
63502,27541,2025-05-17,2575,Boutique,21,1,13.29
63503,27541,2025-05-17,2575,Boutique,76,1,18.44
63504,27541,2025-05-17,2575,Boutique,50,1,73.03
63505,27542,2025-05-17,835,Réseaux,29,1,57.58
63506,27542,2025-05-17,835,Réseaux,15,1,12.26
63507,27543,2025-05-17,5399,Site,11,1,59.64
63508,27543,2025-05-17,5399,Site,11,1,59.64
63509,27543,2025-05-17,5399,Site,12,1,39.04
63510,27543,2025-05-17,5399,Site,10,2,102.8
63511,27544,2025-05-17,4082,Site,99,1,63.76
63512,27544,2025-05-17,4082,Site,2,1,40.07
900008,27077,2025-05-02,90008,Réseaux,44,1,22.56
63513,27545,2025-05-17,3652,Réseaux,40,1,77.15
63514,27545,2025-05-17,3652,Réseaux,86,1,157.49
63515,27546,2025-05-17,1309,Boutique,3,1,39.04
63516,27546,2025-05-17,1309,Boutique,44,1,22.56
63517,27547,2025-05-17,2389,Boutique,6,1,44.19
63518,27547,2025-05-17,2389,Boutique,89,1,68.91
63519,27548,2025-05-17,4175,Site,67,1,2.99
63520,27549,2025-05-17,3051,Site,44,1,22.56
63521,27549,2025-05-17,3051,Site,24,1,34.92
63522,27549,2025-05-17,3051,Site,21,1,13.29
63523,27550,2025-05-17,2695,Site,39,1,66.85
63524,27550,2025-05-17,2695,Site,96,1,12.26
63525,27550,2025-05-17,2695,Site,60,1,31.83
63526,27550,2025-05-17,2695,Site,60,1,31.83
63527,27550,2025-05-17,2695,Site,64,1,10.2
63528,27551,2025-05-17,2120,Site,55,1,65.82
63529,27551,2025-05-17,2120,Site,92,2,24.52
63530,27552,2025-05-17,2339,Boutique,23,1,20.5
63531,27552,2025-05-17,2339,Boutique,46,2,67.78
63532,27553,2025-05-17,2958,Réseaux,114,1,19.47
63533,27553,2025-05-17,2958,Réseaux,45,2,133.7
63534,27553,2025-05-17,2958,Réseaux,37,1,38.01
63535,27553,2025-05-17,2958,Réseaux,30,1,52.43
63536,27553,2025-05-17,2958,Réseaux,99,1,63.76
63537,27554,2025-05-17,935,Boutique,66,3,27.51
63538,27555,2025-05-17,4441,Site,8,1,35.95
63539,27555,2025-05-17,4441,Site,105,1,17.41
63540,27556,2025-05-17,1872,Site,46,1,33.89
63541,27556,2025-05-17,1872,Site,88,1,21.53
63542,27557,2025-05-17,5110,Boutique,72,1,2.84
63543,27557,2025-05-17,5110,Boutique,55,1,62.53
63544,27558,2025-05-17,2587,Réseaux,86,1,157.49
63545,27558,2025-05-17,2587,Réseaux,86,2,314.98
63546,27558,2025-05-17,2587,Réseaux,34,4,436.32
63547,27558,2025-05-17,2587,Réseaux,83,1,76.12
63548,27558,2025-05-17,2587,Réseaux,62,1,2.99
63549,27559,2025-05-17,1765,Site,23,1,20.5
63550,27559,2025-05-17,1765,Site,16,1,10.2
63551,27559,2025-05-17,1765,Site,1,1,44.19
63552,27559,2025-05-17,1765,Site,88,1,21.53
63553,27560,2025-05-17,26,Site,84,1,22.56
63554,27560,2025-05-17,26,Site,17,1,16.38
63555,27561,2025-05-17,5357,Site,105,1,17.41
63556,27561,2025-05-17,5357,Site,2,1,40.07
63557,27562,2025-05-17,57,Boutique,99,1,63.76
63558,27562,2025-05-17,57,Boutique,1,1,44.19
63559,27562,2025-05-17,57,Boutique,45,1,66.85
63560,27562,2025-05-17,57,Boutique,65,1,18.44
63561,27563,2025-05-17,2455,Boutique,64,1,10.2
63562,27564,2025-05-17,740,Boutique,15,1,12.26
63563,27564,2025-05-17,740,Boutique,63,1,4.02
63564,27565,2025-05-17,3157,Site,22,1,52.43
63565,27565,2025-05-17,3157,Site,86,1,157.49
63566,27566,2025-05-17,125,Site,36,1,68.91
63567,27567,2025-05-17,1166,Boutique,11,3,178.92
63568,27567,2025-05-17,1166,Boutique,109,1,28.74
63569,27568,2025-05-17,5071,Site,12,1,37.09
63570,27568,2025-05-17,5071,Site,6,1,41.98
63571,27568,2025-05-17,5071,Site,35,1,15.56
63572,27568,2025-05-17,5071,Site,5,2,99.62
63573,27569,2025-05-17,5040,Boutique,47,1,34.92
63574,27569,2025-05-17,5040,Boutique,85,2,22.46
63575,27570,2025-05-17,3746,Boutique,102,1,19.47
63576,27570,2025-05-17,3746,Boutique,44,1,21.43
63577,27571,2025-05-17,445,Site,102,1,20.5
63578,27571,2025-05-17,445,Site,9,1,44.19
63579,27572,2025-05-17,4593,Site,49,1,30.8
63580,27572,2025-05-17,4593,Site,16,1,10.2
63581,27572,2025-05-17,4593,Site,44,1,22.56
63582,27573,2025-05-17,3905,Site,81,1,16.38
63583,27573,2025-05-17,3905,Site,5,1,52.43
63584,27574,2025-05-17,1461,Site,2,1,40.07
63585,27574,2025-05-17,1461,Site,98,1,93.63
63586,27574,2025-05-17,1461,Site,28,1,50.37
63587,27575,2025-05-17,545,Boutique,88,3,64.59
63588,27575,2025-05-17,545,Boutique,82,1,79.21
63589,27575,2025-05-17,545,Boutique,82,1,79.21
63590,27576,2025-05-17,1290,Site,49,1,30.8
63591,27576,2025-05-17,1290,Site,30,3,157.29
63592,27576,2025-05-17,1290,Site,14,1,41.1
63593,27576,2025-05-17,1290,Site,113,1,10.2
63594,27576,2025-05-17,1290,Site,21,3,39.87
63595,27577,2025-05-17,4076,Boutique,16,1,10.2
63596,27577,2025-05-17,4076,Boutique,119,1,58.61
63597,27578,2025-05-17,4836,Boutique,57,1,16.54
63598,27578,2025-05-17,4836,Boutique,89,1,65.46
63599,27578,2025-05-17,4836,Boutique,26,3,184.65
63600,27578,2025-05-17,4836,Boutique,66,1,8.71
63601,27578,2025-05-17,4836,Boutique,43,1,23.39
63602,27578,2025-05-17,4836,Boutique,84,1,21.43
63603,27578,2025-05-17,4836,Boutique,27,1,102.65
63604,27579,2025-05-17,1366,Site,7,1,17.41
63605,27579,2025-05-17,1366,Site,108,1,46.25
63606,27579,2025-05-17,1366,Site,42,2,59.54
63607,27580,2025-05-17,1673,Site,43,1,24.62
63608,27580,2025-05-17,1673,Site,21,3,39.87
63609,27580,2025-05-17,1673,Site,3,1,39.04
63610,27580,2025-05-17,1673,Site,39,1,66.85
63611,27581,2025-05-17,2245,Boutique,69,1,8.14
63612,27581,2025-05-17,2245,Boutique,54,1,56.55
63613,27582,2025-05-17,2494,Site,106,1,45.22
63614,27583,2025-05-17,1985,Site,106,1,45.22
63615,27583,2025-05-17,1985,Site,98,1,93.63
63616,27583,2025-05-17,1985,Site,6,1,44.19
63617,27584,2025-05-17,4372,Boutique,47,1,34.92
63618,27584,2025-05-17,4372,Boutique,41,1,29.77
63619,27584,2025-05-17,4372,Boutique,48,1,28.74
63620,27584,2025-05-17,4372,Boutique,12,1,39.04
63621,27585,2025-05-17,5138,Boutique,85,3,33.69
63622,27586,2025-05-18,2627,Site,94,1,37.09
63623,27586,2025-05-18,2627,Site,110,1,25.35
63624,27586,2025-05-18,2627,Site,1,1,41.98
63625,27587,2025-05-18,2226,Boutique,42,1,29.77
63626,27588,2025-05-18,5129,Site,70,1,14.32
63627,27588,2025-05-18,5129,Site,22,1,52.43
63628,27588,2025-05-18,5129,Site,19,1,30.8
63629,27588,2025-05-18,5129,Site,26,1,64.79
63630,27589,2025-05-18,2953,Site,103,1,29.77
63631,27589,2025-05-18,2953,Site,91,3,268.53
63632,27590,2025-05-18,4870,Site,58,2,73.96
63633,27590,2025-05-18,4870,Site,113,1,10.2
63634,27590,2025-05-18,4870,Site,44,1,22.56
63635,27591,2025-05-18,5426,Site,8,1,35.95
63636,27591,2025-05-18,5426,Site,69,1,8.14
63637,27591,2025-05-18,5426,Site,18,1,13.29
63638,27591,2025-05-18,5426,Site,46,3,101.67
63639,27592,2025-05-18,5037,Site,86,1,157.49
63640,27592,2025-05-18,5037,Site,81,1,16.38
63641,27592,2025-05-18,5037,Site,103,1,29.77
63642,27593,2025-05-18,1433,Site,64,1,10.2
63643,27594,2025-05-18,5103,Site,15,1,12.26
63644,27594,2025-05-18,5103,Site,22,1,52.43
63645,27594,2025-05-18,5103,Site,64,1,10.2
63646,27594,2025-05-18,5103,Site,29,1,57.58
63647,27594,2025-05-18,5103,Site,1,1,44.19
63648,27595,2025-05-18,3962,Réseaux,48,1,28.74
63649,27595,2025-05-18,3962,Réseaux,87,2,242.88
63650,27596,2025-05-18,4634,Boutique,53,1,20.5
63651,27596,2025-05-18,4634,Boutique,2,1,40.07
63652,27596,2025-05-18,4634,Boutique,62,1,2.99
63653,27597,2025-05-18,906,Site,82,1,79.21
63654,27597,2025-05-18,906,Site,87,1,121.44
63655,27598,2025-05-18,2078,Site,91,1,89.51
63656,27598,2025-05-18,2078,Site,4,3,120.21
63657,27599,2025-05-18,129,Réseaux,43,1,24.62
63658,27600,2025-05-18,3181,Site,105,1,17.41
63659,27600,2025-05-18,3181,Site,3,2,78.08
63660,27600,2025-05-18,3181,Site,101,1,19.47
63661,27601,2025-05-18,3561,Site,35,1,16.38
63662,27602,2025-05-18,1620,Site,22,1,52.43
63663,27602,2025-05-18,1620,Site,21,1,13.29
63664,27602,2025-05-18,1620,Site,86,1,157.49
63665,27603,2025-05-18,4304,Réseaux,84,2,45.12
63666,27603,2025-05-18,4304,Réseaux,75,1,7.11
63667,27603,2025-05-18,4304,Réseaux,89,3,206.73
63668,27604,2025-05-19,3106,Site,25,1,26.68
63669,27605,2025-05-19,1206,Boutique,82,1,79.21
63670,27605,2025-05-19,1206,Boutique,3,1,39.04
63671,27605,2025-05-19,1206,Boutique,45,1,66.85
63672,27606,2025-05-19,5583,Site,66,1,9.17
63673,27607,2025-05-19,2508,Réseaux,60,2,63.66
63674,27607,2025-05-19,2508,Réseaux,13,1,55.52
63675,27607,2025-05-19,2508,Réseaux,104,1,32.86
63676,27608,2025-05-19,1026,Réseaux,100,1,22.56
63677,27608,2025-05-19,1026,Réseaux,103,1,29.77
63678,27608,2025-05-19,1026,Réseaux,91,1,89.51
63679,27609,2025-05-19,2533,Site,37,1,38.01
63680,27609,2025-05-19,2533,Site,22,1,52.43
63681,27610,2025-05-19,3723,Site,46,1,33.89
63682,27610,2025-05-19,3723,Site,81,1,16.38
63683,27610,2025-05-19,3723,Site,4,1,40.07
63684,27610,2025-05-19,3723,Site,101,1,19.47
63685,27611,2025-05-19,27,Boutique,33,1,130.71
63686,27611,2025-05-19,27,Boutique,109,3,86.22
63687,27611,2025-05-19,27,Boutique,22,1,52.43
63688,27612,2025-05-19,621,Site,81,1,16.38
63689,27613,2025-05-19,411,Boutique,84,1,22.56
63690,27613,2025-05-19,411,Boutique,22,1,52.43
63691,27613,2025-05-19,411,Boutique,108,2,92.5
63692,27613,2025-05-19,411,Boutique,95,1,24.62
63693,27614,2025-05-19,346,Boutique,68,1,21.53
63694,27614,2025-05-19,346,Boutique,10,1,51.4
63695,27614,2025-05-19,346,Boutique,4,1,40.07
63696,27614,2025-05-19,346,Boutique,71,1,21.53
63697,27614,2025-05-19,346,Boutique,50,1,73.03
63698,27615,2025-05-19,2688,Site,65,1,18.44
63699,27616,2025-05-19,5057,Réseaux,2,1,40.07
63700,27616,2025-05-19,5057,Réseaux,93,1,51.4
63701,27617,2025-05-19,3799,Site,119,1,58.61
63702,27617,2025-05-19,3799,Site,100,1,22.56
63703,27618,2025-05-19,5505,Site,31,1,22.56
63704,27618,2025-05-19,5505,Site,33,1,130.71
63705,27618,2025-05-19,5505,Site,24,1,34.92
63706,27618,2025-05-19,5505,Site,41,1,29.77
63707,27619,2025-05-19,3903,Boutique,97,2,16.28
63708,27620,2025-05-19,2643,Site,49,1,30.8
63709,27620,2025-05-19,2643,Site,70,1,14.32
63710,27620,2025-05-19,2643,Site,58,1,36.98
63711,27621,2025-05-19,328,Boutique,52,1,50.37
63712,27621,2025-05-19,328,Boutique,63,1,4.02
63713,27621,2025-05-19,328,Boutique,6,1,44.19
63714,27622,2025-05-19,4650,Boutique,74,1,21.53
63715,27622,2025-05-19,4650,Boutique,81,1,16.38
63716,27622,2025-05-19,4650,Boutique,48,2,57.48
63717,27622,2025-05-19,4650,Boutique,87,1,121.44
63718,27623,2025-05-19,4605,Boutique,105,1,17.41
63719,27624,2025-05-19,1800,Site,94,1,39.04
63720,27625,2025-05-19,2454,Boutique,43,1,24.62
63721,27625,2025-05-19,2454,Boutique,101,1,19.47
63722,27625,2025-05-19,2454,Boutique,86,1,157.49
63723,27625,2025-05-19,2454,Boutique,96,2,24.52
63724,27625,2025-05-19,2454,Boutique,44,1,22.56
63725,27626,2025-05-19,674,Site,84,1,22.56
63726,27626,2025-05-19,674,Site,101,1,19.47
63727,27626,2025-05-19,674,Site,82,1,79.21
63728,27627,2025-05-19,5458,Site,74,2,43.06
63729,27627,2025-05-19,5458,Site,105,1,17.41
63730,27628,2025-05-19,5563,Réseaux,85,1,11.23
63731,27628,2025-05-19,5563,Réseaux,63,1,4.02
63732,27629,2025-05-19,4314,Boutique,41,1,29.77
63733,27629,2025-05-19,4314,Boutique,82,2,158.42
63734,27629,2025-05-19,4314,Boutique,91,1,89.51
63735,27629,2025-05-19,4314,Boutique,9,1,44.19
63736,27630,2025-05-19,1673,Site,27,1,108.05
63737,27630,2025-05-19,1673,Site,29,1,57.58
63738,27630,2025-05-19,1673,Site,106,1,45.22
63739,27631,2025-05-19,191,Boutique,25,1,26.68
63740,27631,2025-05-19,191,Boutique,98,1,93.63
63741,27631,2025-05-19,191,Boutique,19,1,30.8
63742,27631,2025-05-19,191,Boutique,54,1,56.55
63743,27632,2025-05-19,1962,Boutique,113,1,10.2
63744,27633,2025-05-19,4697,Site,67,1,2.99
63745,27633,2025-05-19,4697,Site,101,3,58.41
63746,27633,2025-05-19,4697,Site,31,2,45.12
63747,27634,2025-05-19,3617,Site,30,1,52.43
63748,27634,2025-05-19,3617,Site,10,1,51.4
63749,27634,2025-05-19,3617,Site,5,2,104.86
63750,27634,2025-05-19,3617,Site,90,1,74.06
63751,27634,2025-05-19,3617,Site,47,1,34.92
63752,27635,2025-05-19,2455,Site,45,1,66.85
63753,27635,2025-05-19,2455,Site,28,2,100.74
63754,27636,2025-05-19,795,Site,61,1,11.23
63755,27636,2025-05-19,795,Site,81,1,16.38
63756,27637,2025-05-19,2859,Site,65,2,36.88
63757,27637,2025-05-19,2859,Site,22,2,104.86
63758,27638,2025-05-20,3092,Site,5,1,52.43
63759,27638,2025-05-20,3092,Site,8,2,71.9
63760,27638,2025-05-20,3092,Site,105,1,17.41
63761,27638,2025-05-20,3092,Site,111,1,10.2
63762,27639,2025-05-20,5598,Site,114,2,38.94
63763,27640,2025-05-20,3751,Boutique,23,2,41.0
63764,27640,2025-05-20,3751,Boutique,26,1,64.79
63765,27641,2025-05-20,2367,Boutique,47,1,34.92
63766,27641,2025-05-20,2367,Boutique,89,1,68.91
63767,27641,2025-05-20,2367,Boutique,1,1,44.19
63768,27642,2025-05-20,534,Boutique,111,1,10.2
63769,27643,2025-05-20,4959,Boutique,52,4,201.48
63770,27643,2025-05-20,4959,Boutique,6,1,44.19
63771,27644,2025-05-20,795,Site,44,1,21.43
63772,27645,2025-05-20,2689,Site,2,2,76.13
63773,27645,2025-05-20,2689,Site,107,1,14.58
63774,27646,2025-05-20,3323,Site,65,1,18.44
63775,27646,2025-05-20,3323,Site,75,1,7.11
63776,27646,2025-05-20,3323,Site,83,1,76.12
63777,27647,2025-05-20,5278,Site,49,1,30.8
63778,27647,2025-05-20,5278,Site,91,1,89.51
63779,27647,2025-05-20,5278,Site,15,1,12.26
63780,27647,2025-05-20,5278,Site,65,1,18.44
63781,27647,2025-05-20,5278,Site,22,2,104.86
63782,27648,2025-05-20,411,Boutique,5,1,52.43
63783,27648,2025-05-20,411,Boutique,109,1,28.74
63784,27648,2025-05-20,411,Boutique,79,1,5.05
63785,27649,2025-05-20,929,Site,51,1,17.41
63786,27649,2025-05-20,929,Site,32,1,24.62
63787,27650,2025-05-20,619,Boutique,50,2,146.06
63788,27651,2025-05-20,3218,Réseaux,49,1,30.8
63789,27651,2025-05-20,3218,Réseaux,7,2,34.82
63790,27651,2025-05-20,3218,Réseaux,32,1,24.62
63791,27652,2025-05-20,2771,Boutique,81,1,16.38
63792,27653,2025-05-20,3335,Site,82,2,158.42
63793,27653,2025-05-20,3335,Site,100,1,22.56
63794,27653,2025-05-20,3335,Site,88,1,21.53
63795,27654,2025-05-20,4798,Site,81,1,16.38
63796,27654,2025-05-20,4798,Site,58,1,36.98
63797,27654,2025-05-20,4798,Site,96,1,12.26
63798,27655,2025-05-20,3659,Site,38,1,32.86
63799,27655,2025-05-20,3659,Site,62,1,2.99
63800,27655,2025-05-20,3659,Site,93,1,51.4
63801,27656,2025-05-20,5380,Boutique,24,1,34.92
63802,27656,2025-05-20,5380,Boutique,85,1,11.23
63803,27657,2025-05-20,1516,Boutique,28,1,47.85
63804,27657,2025-05-20,1516,Boutique,85,1,10.67
63805,27658,2025-05-20,2180,Boutique,82,1,79.21
63806,27659,2025-05-20,1149,Boutique,81,1,16.38
63807,27659,2025-05-20,1149,Boutique,26,1,64.79
63808,27660,2025-05-20,4731,Site,42,2,59.54
63809,27661,2025-05-20,381,Boutique,101,1,19.47
63810,27661,2025-05-20,381,Boutique,1,2,88.38
63811,27662,2025-05-20,744,Site,61,1,10.67
63812,27662,2025-05-20,744,Site,40,1,73.29
63813,27662,2025-05-20,744,Site,65,1,17.52
63814,27662,2025-05-20,744,Site,3,4,148.35
63815,27663,2025-05-20,5294,Site,27,1,108.05
63816,27663,2025-05-20,5294,Site,21,1,13.29
63817,27664,2025-05-20,5138,Site,99,1,63.76
63818,27664,2025-05-20,5138,Site,82,1,79.21
63819,27665,2025-05-20,4476,Boutique,106,1,45.22
63820,27665,2025-05-20,4476,Boutique,48,1,28.74
63821,27665,2025-05-20,4476,Boutique,119,1,58.61
63822,27666,2025-05-20,965,Boutique,4,1,40.07
63823,27666,2025-05-20,965,Boutique,54,1,56.55
63824,27666,2025-05-20,965,Boutique,82,4,316.84
63825,27667,2025-05-20,1881,Boutique,42,1,29.77
63826,27667,2025-05-20,1881,Boutique,94,1,39.04
63827,27668,2025-05-20,2315,Boutique,81,1,16.38
63828,27668,2025-05-20,2315,Boutique,34,1,109.08
63829,27669,2025-05-20,3284,Site,17,1,16.38
63830,27670,2025-05-20,2333,Réseaux,87,1,121.44
63831,27670,2025-05-20,2333,Réseaux,21,1,13.29
63832,27671,2025-05-20,543,Boutique,7,1,17.41
63833,27672,2025-05-21,3460,Boutique,68,1,21.53
63834,27672,2025-05-21,3460,Boutique,69,1,8.14
63835,27672,2025-05-21,3460,Boutique,61,1,11.23
63836,27673,2025-05-21,5476,Site,117,1,12.26
63837,27673,2025-05-21,5476,Site,44,1,22.56
63838,27674,2025-05-21,12,Boutique,5,1,49.81
63839,27674,2025-05-21,12,Boutique,6,4,167.92
63840,27675,2025-05-21,260,Site,96,2,24.52
63841,27675,2025-05-21,260,Site,41,2,59.54
63842,27675,2025-05-21,260,Site,51,1,17.41
63843,27676,2025-05-21,3260,Boutique,4,1,40.07
63844,27676,2025-05-21,3260,Boutique,102,1,20.5
63845,27676,2025-05-21,3260,Boutique,66,1,9.17
63846,27677,2025-05-21,3950,Site,82,1,79.21
63847,27677,2025-05-21,3950,Site,43,2,49.24
63848,27677,2025-05-21,3950,Site,95,1,24.62
63849,27677,2025-05-21,3950,Site,87,1,121.44
63850,27678,2025-05-21,3146,Boutique,12,2,78.08
63851,27678,2025-05-21,3146,Boutique,84,1,22.56
63852,27678,2025-05-21,3146,Boutique,110,1,26.68
63853,27678,2025-05-21,3146,Boutique,82,1,79.21
63854,27678,2025-05-21,3146,Boutique,44,1,22.56
63855,27678,2025-05-21,3146,Boutique,95,1,24.62
63856,27679,2025-05-21,2987,Boutique,26,1,64.79
63857,27680,2025-05-21,3195,Réseaux,97,1,8.14
63858,27680,2025-05-21,3195,Réseaux,117,1,12.26
63859,27681,2025-05-21,3539,Site,108,1,46.25
63860,27681,2025-05-21,3539,Site,53,2,41.0
63861,27681,2025-05-21,3539,Site,8,1,35.95
63862,27682,2025-05-21,4234,Site,47,1,34.92
63863,27682,2025-05-21,4234,Site,48,1,28.74
63864,27682,2025-05-21,4234,Site,15,2,24.52
63865,27683,2025-05-21,4824,Site,26,1,64.79
63866,27684,2025-05-21,3550,Boutique,30,1,52.43
63867,27685,2025-05-21,4915,Site,96,1,12.26
63868,27685,2025-05-21,4915,Site,63,3,12.06
63869,27686,2025-05-21,3860,Boutique,84,1,22.56
63870,27686,2025-05-21,3860,Boutique,82,2,158.42
63871,27686,2025-05-21,3860,Boutique,90,1,74.06
63872,27687,2025-05-21,3666,Site,86,1,157.49
63873,27688,2025-05-21,1712,Site,64,1,10.2
63874,27688,2025-05-21,1712,Site,7,1,17.41
63875,27689,2025-05-21,4581,Site,109,2,57.48
63876,27689,2025-05-21,4581,Site,54,3,169.65
63877,27689,2025-05-21,4581,Site,109,1,28.74
63878,27690,2025-05-21,2493,Site,88,1,21.53
63879,27690,2025-05-21,2493,Site,35,1,16.38
63880,27691,2025-05-21,3976,Site,62,1,2.99
63881,27692,2025-05-21,3286,Site,12,1,37.09
63882,27692,2025-05-21,3286,Site,1,1,41.98
63883,27692,2025-05-21,3286,Site,51,1,16.54
63884,27692,2025-05-21,3286,Site,116,1,67.42
63885,27693,2025-05-21,3320,Boutique,45,1,66.85
63886,27694,2025-05-21,2532,Boutique,15,1,12.26
63887,27694,2025-05-21,2532,Boutique,41,1,29.77
63888,27695,2025-05-21,3164,Site,23,1,20.5
63889,27695,2025-05-21,3164,Site,42,1,29.77
63890,27696,2025-05-21,4076,Site,43,1,24.62
63891,27697,2025-05-21,1821,Site,119,1,58.61
63892,27697,2025-05-21,1821,Site,5,1,52.43
63893,27698,2025-05-21,5120,Réseaux,3,1,37.09
63894,27698,2025-05-21,5120,Réseaux,49,1,29.26
63895,27698,2025-05-21,5120,Réseaux,16,1,9.69
63896,27699,2025-05-21,551,Site,28,1,50.37
63897,27700,2025-05-22,4332,Site,108,1,46.25
63898,27701,2025-05-22,3794,Site,2,2,80.14
63899,27701,2025-05-22,3794,Site,91,1,89.51
63900,27702,2025-05-22,603,Boutique,12,1,39.04
63901,27703,2025-05-22,1051,Site,101,1,19.47
63902,27703,2025-05-22,1051,Site,9,1,44.19
63903,27704,2025-05-22,5543,Boutique,92,1,11.65
63904,27704,2025-05-22,5543,Boutique,120,1,11.65
63905,27704,2025-05-22,5543,Boutique,41,1,28.28
63906,27705,2025-05-22,68,Site,3,1,37.09
63907,27705,2025-05-22,68,Site,106,1,42.96
63908,27706,2025-05-22,4837,Réseaux,42,1,29.77
63909,27706,2025-05-22,4837,Réseaux,49,1,30.8
63910,27707,2025-05-22,4194,Boutique,85,4,44.92
63911,27708,2025-05-22,910,Site,52,1,50.37
63912,27708,2025-05-22,910,Site,74,1,21.53
63913,27709,2025-05-22,342,Site,21,1,13.29
63914,27709,2025-05-22,342,Site,95,1,24.62
63915,27710,2025-05-22,4910,Boutique,92,1,12.26
63916,27711,2025-05-22,1914,Site,68,1,21.53
63917,27712,2025-05-22,935,Boutique,81,1,16.38
63918,27713,2025-05-22,4162,Site,63,1,4.02
63919,27713,2025-05-22,4162,Site,73,1,5.05
63920,27713,2025-05-22,4162,Site,119,1,58.61
63921,27714,2025-05-22,5095,Site,42,1,29.77
63922,27714,2025-05-22,5095,Site,96,1,12.26
63923,27715,2025-05-22,1228,Boutique,45,1,66.85
63924,27716,2025-05-22,3473,Boutique,114,1,19.47
63925,27717,2025-05-22,1543,Site,46,1,33.89
63926,27717,2025-05-22,1543,Site,15,1,12.26
63927,27717,2025-05-22,1543,Site,1,1,44.19
63928,27718,2025-05-22,1164,Boutique,81,1,16.38
63929,27718,2025-05-22,1164,Boutique,85,1,11.23
63930,27718,2025-05-22,1164,Boutique,85,2,22.46
63931,27719,2025-05-22,4258,Boutique,36,1,68.91
63932,27719,2025-05-22,4258,Boutique,7,1,17.41
63933,27719,2025-05-22,4258,Boutique,70,1,14.32
63934,27719,2025-05-22,4258,Boutique,8,1,35.95
63935,27720,2025-05-22,49,Réseaux,44,1,22.56
63936,27720,2025-05-22,49,Réseaux,93,1,51.4
63937,27720,2025-05-22,49,Réseaux,100,1,22.56
63938,27720,2025-05-22,49,Réseaux,42,1,29.77
63939,27721,2025-05-22,2051,Site,1,1,44.19
63940,27722,2025-05-22,3809,Site,9,1,44.19
63941,27723,2025-05-22,4340,Boutique,22,1,52.43
63942,27723,2025-05-22,4340,Boutique,84,1,22.56
63943,27724,2025-05-22,75,Boutique,24,1,34.92
63944,27724,2025-05-22,75,Boutique,92,1,12.26
63945,27724,2025-05-22,75,Boutique,54,1,56.55
63946,27724,2025-05-22,75,Boutique,19,1,30.8
63947,27725,2025-05-22,1970,Boutique,50,1,73.03
63948,27725,2025-05-22,1970,Boutique,90,1,74.06
63949,27725,2025-05-22,1970,Boutique,51,1,17.41
63950,27726,2025-05-22,2614,Site,64,1,10.2
63951,27726,2025-05-22,2614,Site,92,1,12.26
63952,27726,2025-05-22,2614,Site,90,1,74.06
63953,27726,2025-05-22,2614,Site,4,1,40.07
63954,27727,2025-05-22,1271,Boutique,108,1,46.25
63955,27727,2025-05-22,1271,Boutique,57,1,17.41
63956,27727,2025-05-22,1271,Boutique,33,1,130.71
63957,27727,2025-05-22,1271,Boutique,44,1,22.56
63958,27728,2025-05-22,577,Site,61,1,11.23
63959,27729,2025-05-22,5280,Réseaux,98,1,93.63
63960,27730,2025-05-22,3719,Boutique,4,1,38.07
63961,27731,2025-05-22,3788,Site,21,1,13.29
63962,27731,2025-05-22,3788,Site,58,1,36.98
63963,27731,2025-05-22,3788,Site,51,1,17.41
63964,27732,2025-05-22,374,Site,76,1,18.44
63965,27733,2025-05-22,5371,Site,61,1,11.23
63966,27733,2025-05-22,5371,Site,65,2,36.88
63967,27734,2025-05-22,2995,Boutique,90,1,74.06
63968,27735,2025-05-22,5113,Site,52,1,50.37
63969,27735,2025-05-22,5113,Site,48,3,86.22
63970,27736,2025-05-22,4575,Boutique,89,1,68.91
63971,27737,2025-05-22,2685,Site,47,2,69.84
63972,27738,2025-05-22,5145,Boutique,68,1,21.53
63973,27739,2025-05-22,2172,Site,29,1,54.7
63974,27739,2025-05-22,2172,Site,50,1,69.38
63975,27740,2025-05-22,738,Boutique,4,1,40.07
63976,27741,2025-05-23,2339,Site,61,1,11.23
63977,27741,2025-05-23,2339,Site,42,1,29.77
63978,27741,2025-05-23,2339,Site,9,1,44.19
63979,27742,2025-05-23,1479,Boutique,19,1,30.8
63980,27742,2025-05-23,1479,Boutique,54,1,56.55
63981,27743,2025-05-23,1293,Site,81,1,16.38
63982,27743,2025-05-23,1293,Site,86,1,157.49
63983,27744,2025-05-23,1208,Boutique,87,1,121.44
63984,27744,2025-05-23,1208,Boutique,71,1,21.53
63985,27744,2025-05-23,1208,Boutique,79,3,15.15
63986,27745,2025-05-23,810,Boutique,82,1,79.21
63987,27745,2025-05-23,810,Boutique,73,1,5.05
63988,27745,2025-05-23,810,Boutique,47,1,34.92
63989,27745,2025-05-23,810,Boutique,84,3,67.68
63990,27746,2025-05-23,4473,Boutique,102,1,20.5
63991,27746,2025-05-23,4473,Boutique,120,1,12.26
63992,27746,2025-05-23,4473,Boutique,28,1,50.37
63993,27746,2025-05-23,4473,Boutique,40,1,77.15
63994,27747,2025-05-23,1395,Site,110,1,26.68
63995,27747,2025-05-23,1395,Site,50,1,73.03
63996,27748,2025-05-23,2604,Boutique,7,1,17.41
63997,27748,2025-05-23,2604,Boutique,104,1,32.86
63998,27749,2025-05-23,619,Site,108,1,46.25
63999,27750,2025-05-23,479,Site,49,1,30.8
64000,27750,2025-05-23,479,Site,120,1,12.26
64001,27751,2025-05-23,1210,Boutique,28,1,50.37
64002,27751,2025-05-23,1210,Boutique,42,1,29.77
64003,27752,2025-05-23,1880,Site,30,2,104.86
64004,27752,2025-05-23,1880,Site,66,1,9.17
64005,27752,2025-05-23,1880,Site,10,1,51.4
64006,27752,2025-05-23,1880,Site,77,1,22.56
64007,27753,2025-05-23,1258,Site,27,1,108.05
64008,27753,2025-05-23,1258,Site,26,1,64.79
64009,27754,2025-05-23,1543,Boutique,93,1,51.4
64010,27754,2025-05-23,1543,Boutique,13,1,55.52
64011,27755,2025-05-23,3832,Boutique,107,1,15.35
64012,27756,2025-05-23,5443,Boutique,7,1,17.41
64013,27756,2025-05-23,5443,Boutique,45,1,66.85
64014,27757,2025-05-23,3787,Boutique,46,1,33.89
64015,27758,2025-05-23,973,Site,71,1,21.53
64016,27758,2025-05-23,973,Site,28,1,50.37
64017,27758,2025-05-23,973,Site,103,1,29.77
64018,27759,2025-05-23,5041,Boutique,82,2,158.42
64019,27759,2025-05-23,5041,Boutique,10,1,51.4
64020,27759,2025-05-23,5041,Boutique,1,1,44.19
64021,27759,2025-05-23,5041,Boutique,109,1,28.74
64022,27760,2025-05-23,5338,Site,52,1,47.85
64023,27760,2025-05-23,5338,Site,110,1,25.35
64024,27760,2025-05-23,5338,Site,68,1,20.45
64025,27761,2025-05-23,3717,Site,101,1,19.47
64026,27761,2025-05-23,3717,Site,5,1,52.43
64027,27762,2025-05-23,2997,Boutique,47,1,33.17
64028,27762,2025-05-23,2997,Boutique,69,1,7.73
64029,27763,2025-05-23,3260,Boutique,80,1,19.47
64030,27764,2025-05-23,5027,Site,101,1,19.47
64031,27765,2025-05-23,626,Site,42,1,29.77
64032,27766,2025-05-23,1544,Boutique,100,1,22.56
64033,27767,2025-05-23,3800,Boutique,111,1,10.2
64034,27767,2025-05-23,3800,Boutique,95,1,24.62
64035,27767,2025-05-23,3800,Boutique,106,1,45.22
64036,27767,2025-05-23,3800,Boutique,30,1,52.43
64037,27768,2025-05-23,593,Site,13,1,55.52
64038,27768,2025-05-23,593,Site,110,1,26.68
64039,27768,2025-05-23,593,Site,79,1,5.05
64040,27769,2025-05-23,377,Site,1,1,44.19
64041,27769,2025-05-23,377,Site,48,1,28.74
64042,27770,2025-05-24,489,Site,65,2,35.04
64043,27771,2025-05-24,2584,Boutique,70,2,28.64
64044,27771,2025-05-24,2584,Boutique,27,1,108.05
64045,27771,2025-05-24,2584,Boutique,87,1,121.44
64046,27772,2025-05-24,4172,Site,49,1,30.8
64047,27772,2025-05-24,4172,Site,63,1,4.02
64048,27772,2025-05-24,4172,Site,98,1,93.63
64049,27772,2025-05-24,4172,Site,28,1,50.37
64050,27773,2025-05-24,843,Boutique,26,1,64.79
64051,27774,2025-05-24,4410,Site,14,2,82.2
64052,27775,2025-05-24,1735,Site,21,1,13.29
64053,27775,2025-05-24,1735,Site,45,1,66.85
64054,27775,2025-05-24,1735,Site,33,1,130.71
64055,27775,2025-05-24,1735,Site,115,1,51.4
64056,27776,2025-05-24,2592,Site,89,1,68.91
64057,27776,2025-05-24,2592,Site,6,1,44.19
64058,27776,2025-05-24,2592,Site,58,1,36.98
64059,27777,2025-05-24,5086,Site,92,1,12.26
64060,27777,2025-05-24,5086,Site,107,1,15.35
64061,27778,2025-05-24,3943,Boutique,59,1,12.26
64062,27778,2025-05-24,3943,Boutique,4,1,40.07
64063,27779,2025-05-24,5518,Site,90,1,74.06
64064,27779,2025-05-24,5518,Site,87,1,121.44
64065,27780,2025-05-24,3887,Boutique,12,1,39.04
64066,27780,2025-05-24,3887,Boutique,43,1,24.62
64067,27780,2025-05-24,3887,Boutique,119,1,58.61
64068,27780,2025-05-24,3887,Boutique,85,1,11.23
64069,27781,2025-05-24,5542,Site,81,1,16.38
64070,27781,2025-05-24,5542,Site,87,1,121.44
64071,27781,2025-05-24,5542,Site,1,1,44.19
64072,27781,2025-05-24,5542,Site,26,1,64.79
64073,27782,2025-05-24,1647,Boutique,1,1,44.19
64074,27782,2025-05-24,1647,Boutique,81,1,16.38
64075,27783,2025-05-24,391,Boutique,81,1,16.38
64076,27784,2025-05-24,50,Boutique,45,1,66.85
64077,27784,2025-05-24,50,Boutique,87,1,121.44
64078,27784,2025-05-24,50,Boutique,68,1,21.53
64079,27784,2025-05-24,50,Boutique,44,1,22.56
64080,27785,2025-05-24,5016,Site,20,1,27.3
64081,27786,2025-05-24,4227,Site,38,1,32.86
64082,27787,2025-05-24,277,Site,22,1,52.43
64083,27787,2025-05-24,277,Site,88,1,21.53
64084,27788,2025-05-24,1466,Boutique,16,1,10.2
64085,27788,2025-05-24,1466,Boutique,88,2,43.06
64086,27788,2025-05-24,1466,Boutique,105,3,52.23
64087,27789,2025-05-24,5491,Site,84,1,22.56
64088,27789,2025-05-24,5491,Site,105,1,17.41
64089,27789,2025-05-24,5491,Site,38,1,32.86
64090,27789,2025-05-24,5491,Site,39,1,66.85
64091,27790,2025-05-24,2162,Boutique,95,1,24.62
64092,27790,2025-05-24,2162,Boutique,64,1,10.2
64093,27790,2025-05-24,2162,Boutique,25,2,53.36
64094,27791,2025-05-24,1306,Boutique,81,2,32.76
64095,27791,2025-05-24,1306,Boutique,82,1,79.21
64096,27792,2025-05-24,2162,Réseaux,118,1,12.26
64097,27792,2025-05-24,2162,Réseaux,3,1,39.04
64098,27793,2025-05-24,4553,Boutique,12,1,37.09
64099,27793,2025-05-24,4553,Boutique,3,1,37.09
64100,27794,2025-05-24,1115,Boutique,99,1,63.76
64101,27794,2025-05-24,1115,Boutique,52,1,50.37
64102,27794,2025-05-24,1115,Boutique,106,1,45.22
64103,27794,2025-05-24,1115,Boutique,6,1,44.19
64104,27794,2025-05-24,1115,Boutique,13,1,55.52
64105,27795,2025-05-24,388,Boutique,1,4,176.76
64106,27795,2025-05-24,388,Boutique,30,1,52.43
64107,27796,2025-05-24,5037,Site,63,1,4.02
64108,27796,2025-05-24,5037,Site,113,2,20.4
64109,27796,2025-05-24,5037,Site,98,1,93.63
64110,27797,2025-05-24,4446,Site,96,1,12.26
64111,27797,2025-05-24,4446,Site,24,1,34.92
64112,27797,2025-05-24,4446,Site,26,1,64.79
64113,27797,2025-05-24,4446,Site,44,1,22.56
64114,27798,2025-05-24,5526,Site,84,1,22.56
64115,27798,2025-05-24,5526,Site,48,1,28.74
64116,27799,2025-05-24,3139,Boutique,48,1,28.74
64117,27799,2025-05-24,3139,Boutique,32,1,24.62
64118,27800,2025-05-24,2026,Boutique,63,2,8.04
64119,27801,2025-05-24,4236,Site,41,1,29.77
64120,27801,2025-05-24,4236,Site,68,4,86.12
64121,27801,2025-05-24,4236,Site,66,1,9.17
64122,27801,2025-05-24,4236,Site,29,1,57.58
64123,27802,2025-05-24,784,Site,104,1,32.86
64124,27802,2025-05-24,784,Site,93,1,51.4
64125,27803,2025-05-24,1360,Boutique,87,1,115.37
64126,27803,2025-05-24,1360,Boutique,45,1,63.51
64127,27804,2025-05-24,5160,Site,71,1,21.53
64128,27804,2025-05-24,5160,Site,21,3,39.87
64129,27805,2025-05-24,2241,Boutique,94,1,39.04
64130,27805,2025-05-24,2241,Boutique,41,2,59.54
64131,27805,2025-05-24,2241,Boutique,65,1,18.44
64132,27806,2025-05-24,2680,Site,110,3,80.04
64133,27806,2025-05-24,2680,Site,47,1,34.92
64134,27807,2025-05-24,4376,Boutique,93,1,51.4
64135,27807,2025-05-24,4376,Boutique,87,1,121.44
64136,27808,2025-05-24,3005,Boutique,83,1,76.12
64137,27808,2025-05-24,3005,Boutique,63,1,4.02
64138,27808,2025-05-24,3005,Boutique,2,1,40.07
64139,27808,2025-05-24,3005,Boutique,11,1,59.64
64140,27808,2025-05-24,3005,Boutique,112,1,26.68
64141,27809,2025-05-24,2997,Site,64,1,10.2
64142,27809,2025-05-24,2997,Site,52,2,100.74
64143,27810,2025-05-24,771,Site,82,1,79.21
64144,27811,2025-05-25,3991,Site,44,1,22.56
64145,27811,2025-05-25,3991,Site,65,1,18.44
64146,27811,2025-05-25,3991,Site,41,1,29.77
64147,27812,2025-05-25,4787,Site,41,1,29.77
64148,27812,2025-05-25,4787,Site,24,1,34.92
64149,27812,2025-05-25,4787,Site,49,1,30.8
64150,27812,2025-05-25,4787,Site,33,1,130.71
64151,27813,2025-05-25,937,Boutique,109,2,57.48
64152,27814,2025-05-25,1180,Site,19,2,61.6
64153,27815,2025-05-25,2706,Site,2,1,40.07
64154,27816,2025-05-25,258,Site,90,1,74.06
64155,27816,2025-05-25,258,Site,62,1,2.99
64156,27816,2025-05-25,258,Site,62,1,2.99
64157,27816,2025-05-25,258,Site,58,1,36.98
64158,27817,2025-05-25,3128,Site,71,1,21.53
64159,27818,2025-05-25,2011,Boutique,16,1,10.2
64160,27818,2025-05-25,2011,Boutique,38,1,32.86
64161,27819,2025-05-25,4913,Site,86,4,629.96
64162,27819,2025-05-25,4913,Site,64,1,10.2
64163,27819,2025-05-25,4913,Site,46,1,33.89
64164,27820,2025-05-25,4959,Site,83,1,72.31
64165,27820,2025-05-25,4959,Site,101,1,18.5
64166,27821,2025-05-25,199,Boutique,44,1,22.56
64167,27821,2025-05-25,199,Boutique,11,2,119.28
64168,27821,2025-05-25,199,Boutique,61,1,11.23
64169,27821,2025-05-25,199,Boutique,10,2,102.8
64170,27822,2025-05-25,1667,Réseaux,87,2,242.88
64171,27822,2025-05-25,1667,Réseaux,14,1,41.1
64172,27823,2025-05-25,4933,Site,29,1,57.58
64173,27823,2025-05-25,4933,Site,69,3,24.42
64174,27824,2025-05-25,1001,Site,88,1,21.53
64175,27824,2025-05-25,1001,Site,84,1,22.56
64176,27825,2025-05-25,3605,Boutique,103,1,29.77
64177,27825,2025-05-25,3605,Boutique,63,1,4.02
64178,27826,2025-05-25,3532,Site,22,2,104.86
64179,27827,2025-05-26,4235,Boutique,86,1,157.49
64180,27827,2025-05-26,4235,Boutique,89,1,68.91
64181,27827,2025-05-26,4235,Boutique,34,1,109.08
64182,27827,2025-05-26,4235,Boutique,61,2,22.46
64183,27828,2025-05-26,1276,Boutique,32,1,24.62
64184,27829,2025-05-26,2128,Boutique,109,1,28.74
64185,27830,2025-05-26,5294,Réseaux,97,1,8.14
64186,27830,2025-05-26,5294,Réseaux,44,1,22.56
64187,27831,2025-05-26,1626,Boutique,12,1,39.04
64188,27831,2025-05-26,1626,Boutique,106,1,45.22
64189,27831,2025-05-26,1626,Boutique,84,1,22.56
64190,27831,2025-05-26,1626,Boutique,56,1,99.81
64191,27831,2025-05-26,1626,Boutique,23,1,20.5
64192,27832,2025-05-26,1267,Réseaux,77,2,45.12
64193,27832,2025-05-26,1267,Réseaux,48,1,28.74
64194,27833,2025-05-26,3308,Boutique,3,1,39.04
64195,27833,2025-05-26,3308,Boutique,92,1,12.26
64196,27833,2025-05-26,3308,Boutique,48,1,28.74
64197,27833,2025-05-26,3308,Boutique,75,1,7.11
64198,27834,2025-05-26,1630,Boutique,21,1,13.29
64199,27834,2025-05-26,1630,Boutique,49,1,30.8
64200,27835,2025-05-26,4753,Site,107,2,30.7
64201,27835,2025-05-26,4753,Site,82,1,79.21
64202,27835,2025-05-26,4753,Site,21,1,13.29
64203,27836,2025-05-26,4809,Boutique,42,1,29.77
64204,27836,2025-05-26,4809,Boutique,8,1,35.95
64205,27836,2025-05-26,4809,Boutique,4,1,40.07
64206,27837,2025-05-26,4360,Site,24,1,34.92
64207,27837,2025-05-26,4360,Site,64,1,10.2
64208,27837,2025-05-26,4360,Site,9,4,176.76
64209,27837,2025-05-26,4360,Site,30,2,104.86
64210,27838,2025-05-26,1415,Réseaux,91,1,89.51
64211,27839,2025-05-26,924,Site,83,1,76.12
64212,27839,2025-05-26,924,Site,24,1,34.92
64213,27840,2025-05-26,1937,Boutique,92,2,24.52
64214,27841,2025-05-26,1442,Site,4,1,40.07
64215,27842,2025-05-26,2240,Site,83,1,76.12
64216,27843,2025-05-26,4032,Site,48,1,28.74
64217,27843,2025-05-26,4032,Site,51,1,17.41
64218,27844,2025-05-26,499,Site,7,3,52.23
64219,27844,2025-05-26,499,Site,112,1,26.68
64220,27845,2025-05-26,1531,Boutique,21,1,13.29
64221,27845,2025-05-26,1531,Boutique,23,2,41.0
64222,27846,2025-05-26,2997,Site,45,1,66.85
64223,27847,2025-05-26,2797,Site,64,1,10.2
64224,27848,2025-05-26,5500,Boutique,2,1,40.07
64225,27848,2025-05-26,5500,Boutique,61,1,11.23
64226,27848,2025-05-26,5500,Boutique,109,3,86.22
64227,27849,2025-05-26,5411,Site,9,1,41.98
64228,27849,2025-05-26,5411,Site,12,1,37.09
64229,27850,2025-05-26,930,Boutique,25,1,26.68
64230,27850,2025-05-26,930,Boutique,1,1,44.19
64231,27850,2025-05-26,930,Boutique,86,1,157.49
64232,27850,2025-05-26,930,Boutique,81,1,16.38
64233,27851,2025-05-26,355,Réseaux,10,1,51.4
64234,27852,2025-05-26,66,Site,43,2,49.24
64235,27853,2025-05-26,1496,Boutique,23,1,20.5
64236,27854,2025-05-26,3600,Site,62,1,2.99
64237,27854,2025-05-26,3600,Site,47,1,34.92
64238,27855,2025-05-27,5491,Boutique,48,1,28.74
64239,27855,2025-05-27,5491,Boutique,97,1,8.14
64240,27856,2025-05-27,3489,Boutique,96,1,12.26
64241,27856,2025-05-27,3489,Boutique,43,1,24.62
64242,27856,2025-05-27,3489,Boutique,120,1,12.26
64243,27856,2025-05-27,3489,Boutique,45,1,66.85
64244,27857,2025-05-27,5185,Site,4,1,40.07
64245,27857,2025-05-27,5185,Site,2,1,40.07
64246,27857,2025-05-27,5185,Site,40,1,77.15
64247,27858,2025-05-27,5532,Site,26,1,64.79
64248,27859,2025-05-27,4469,Site,45,1,66.85
64249,27859,2025-05-27,4469,Site,28,1,50.37
64250,27860,2025-05-27,1699,Site,21,1,13.29
64251,27860,2025-05-27,1699,Site,107,1,15.35
64252,27861,2025-05-27,3106,Boutique,63,1,4.02
64253,27861,2025-05-27,3106,Boutique,82,1,79.21
64254,27862,2025-05-27,2196,Site,95,1,23.39
64255,27862,2025-05-27,2196,Site,90,1,70.36
64256,27862,2025-05-27,2196,Site,83,1,72.31
64257,27863,2025-05-27,4690,Boutique,42,2,56.56
64258,27863,2025-05-27,4690,Boutique,46,1,32.2
64259,27864,2025-05-27,3108,Site,89,1,68.91
64260,27864,2025-05-27,3108,Site,1,1,44.19
64261,27865,2025-05-27,5535,Site,21,1,13.29
64262,27865,2025-05-27,5535,Site,65,1,18.44
64263,27865,2025-05-27,5535,Site,69,2,16.28
64264,27866,2025-05-27,5162,Site,77,1,22.56
64265,27866,2025-05-27,5162,Site,85,1,11.23
64266,27867,2025-05-27,1482,Site,22,1,52.43
64267,27868,2025-05-27,3163,Boutique,5,1,52.43
64268,27869,2025-05-27,1776,Réseaux,61,1,11.23
64269,27869,2025-05-27,1776,Réseaux,49,1,30.8
64270,27870,2025-05-27,201,Site,5,1,52.43
64271,27871,2025-05-27,1325,Réseaux,103,1,29.77
64272,27872,2025-05-27,5198,Boutique,42,1,29.77
64273,27872,2025-05-27,5198,Boutique,27,1,108.05
64274,27872,2025-05-27,5198,Boutique,24,1,34.92
64275,27873,2025-05-27,5571,Boutique,11,1,59.64
64276,27873,2025-05-27,5571,Boutique,47,1,34.92
64277,27873,2025-05-27,5571,Boutique,101,1,19.47
64278,27873,2025-05-27,5571,Boutique,104,1,32.86
64279,27874,2025-05-27,2771,Site,34,2,218.16
64280,27874,2025-05-27,2771,Site,43,2,49.24
64281,27874,2025-05-27,2771,Site,26,1,64.79
64282,27874,2025-05-27,2771,Site,53,1,20.5
64283,27874,2025-05-27,2771,Site,43,1,24.62
64284,27875,2025-05-27,2481,Site,86,1,157.49
64285,27875,2025-05-27,2481,Site,90,1,74.06
64286,27876,2025-05-27,2662,Boutique,85,1,11.23
64287,27876,2025-05-27,2662,Boutique,115,1,51.4
64288,27877,2025-05-27,2107,Boutique,43,1,23.39
64289,27877,2025-05-27,2107,Boutique,43,1,23.39
64290,27877,2025-05-27,2107,Boutique,87,1,115.37
64291,27877,2025-05-27,2107,Boutique,1,1,41.98
64292,27877,2025-05-27,2107,Boutique,87,1,115.37
64293,27877,2025-05-27,2107,Boutique,44,1,21.43
64294,27878,2025-05-27,775,Site,25,1,26.68
64295,27878,2025-05-27,775,Site,74,1,21.53
64296,27878,2025-05-27,775,Site,84,1,22.56
64297,27879,2025-05-27,4283,Boutique,87,3,364.32
64298,27879,2025-05-27,4283,Boutique,81,1,16.38
64299,27880,2025-05-27,3380,Boutique,61,1,11.23
64300,27880,2025-05-27,3380,Boutique,37,1,38.01
64301,27881,2025-05-27,1042,Boutique,22,1,49.81
64302,27881,2025-05-27,1042,Boutique,88,1,20.45
64303,27881,2025-05-27,1042,Boutique,50,1,69.38
64304,27881,2025-05-27,1042,Boutique,104,1,31.22
64305,27881,2025-05-27,1042,Boutique,87,1,115.37
64306,27881,2025-05-27,1042,Boutique,44,1,21.43
64307,27882,2025-05-28,2402,Site,13,1,55.52
64308,27883,2025-05-28,375,Site,7,1,17.41
64309,27883,2025-05-28,375,Site,58,1,36.98
64310,27884,2025-05-28,1822,Boutique,61,1,11.23
64311,27884,2025-05-28,1822,Boutique,47,1,34.92
64312,27885,2025-05-28,747,Site,47,1,34.92
64313,27885,2025-05-28,747,Site,89,1,68.91
64314,27886,2025-05-28,1001,Boutique,26,1,61.55
64315,27886,2025-05-28,1001,Boutique,92,1,11.65
64316,27887,2025-05-28,4754,Site,105,1,17.41
64317,27887,2025-05-28,4754,Site,69,1,8.14
64318,27888,2025-05-28,2967,Site,82,1,79.21
64319,27888,2025-05-28,2967,Site,62,1,2.99
64320,27889,2025-05-28,1162,Site,61,1,11.23
64321,27890,2025-05-28,2557,Boutique,105,1,17.41
64322,27891,2025-05-28,2913,Site,51,1,17.41
64323,27891,2025-05-28,2913,Site,12,1,39.04
64324,27891,2025-05-28,2913,Site,24,1,34.92
64325,27892,2025-05-28,2455,Site,97,1,8.14
64326,27893,2025-05-28,2573,Boutique,1,1,44.19
64327,27893,2025-05-28,2573,Boutique,113,1,10.2
64328,27893,2025-05-28,2573,Boutique,113,1,10.2
64329,27894,2025-05-28,5494,Boutique,47,1,34.92
64330,27894,2025-05-28,5494,Boutique,42,1,29.77
64331,27895,2025-05-28,4517,Boutique,68,1,21.53
64332,27896,2025-05-28,4325,Site,48,1,28.74
64333,27896,2025-05-28,4325,Site,39,1,66.85
64334,27897,2025-05-28,3268,Boutique,29,1,57.58
64335,27898,2025-05-28,2619,Site,106,1,45.22
64336,27899,2025-05-28,1035,Boutique,118,1,12.26
64337,27900,2025-05-28,3401,Boutique,63,1,4.02
64338,27900,2025-05-28,3401,Boutique,1,1,44.19
64339,27900,2025-05-28,3401,Boutique,37,1,38.01
64340,27901,2025-05-28,3206,Site,45,1,66.85
64341,27901,2025-05-28,3206,Site,5,2,104.86
64342,27901,2025-05-28,3206,Site,90,1,74.06
64343,27902,2025-05-28,90,Site,43,1,24.62
64344,27902,2025-05-28,90,Site,88,1,21.53
64345,27903,2025-05-28,5232,Site,20,2,57.48
64346,27903,2025-05-28,5232,Site,6,1,44.19
64347,27904,2025-05-28,724,Boutique,89,1,68.91
64348,27904,2025-05-28,724,Boutique,15,4,49.04
64349,27904,2025-05-28,724,Boutique,56,1,99.81
64350,27904,2025-05-28,724,Boutique,46,1,33.89
64351,27905,2025-05-28,5542,Boutique,99,1,63.76
64352,27906,2025-05-28,657,Site,94,1,39.04
64353,27907,2025-05-28,3490,Réseaux,61,1,11.23
64354,27907,2025-05-28,3490,Réseaux,12,1,39.04
64355,27907,2025-05-28,3490,Réseaux,83,1,76.12
64356,27908,2025-05-28,5103,Boutique,111,1,10.2
64357,27908,2025-05-28,5103,Boutique,64,1,10.2
64358,27909,2025-05-28,4434,Réseaux,38,1,32.86
64359,27910,2025-05-28,5296,Boutique,30,1,52.43
64360,27911,2025-05-28,3638,Boutique,118,1,12.26
64361,27912,2025-05-28,865,Boutique,37,1,38.01
64362,27912,2025-05-28,865,Boutique,88,1,21.53
64363,27913,2025-05-29,3401,Site,4,1,40.07
64364,27913,2025-05-29,3401,Site,64,1,10.2
64365,27914,2025-05-29,4379,Boutique,81,1,16.38
64366,27914,2025-05-29,4379,Boutique,61,1,11.23
64367,27914,2025-05-29,4379,Boutique,107,2,30.7
64368,27915,2025-05-29,1608,Réseaux,76,1,18.44
64369,27916,2025-05-29,3614,Site,6,1,44.19
64370,27917,2025-05-29,195,Boutique,90,1,74.06
64371,27917,2025-05-29,195,Boutique,104,1,32.86
64372,27918,2025-05-29,316,Boutique,100,1,22.56
64373,27918,2025-05-29,316,Boutique,12,1,39.04
64374,27919,2025-05-29,1434,Réseaux,58,1,36.98
64375,27919,2025-05-29,1434,Réseaux,73,1,5.05
64376,27919,2025-05-29,1434,Réseaux,60,1,31.83
64377,27920,2025-05-29,1699,Boutique,115,1,51.4
64378,27920,2025-05-29,1699,Boutique,41,1,29.77
64379,27920,2025-05-29,1699,Boutique,68,1,21.53
64380,27921,2025-05-29,205,Boutique,83,1,76.12
64381,27921,2025-05-29,205,Boutique,46,1,33.89
64382,27921,2025-05-29,205,Boutique,105,1,17.41
64383,27922,2025-05-29,3123,Site,1,1,44.19
64384,27922,2025-05-29,3123,Site,65,2,36.88
64385,27923,2025-05-29,2945,Boutique,71,1,21.53
64386,27924,2025-05-29,3260,Boutique,69,1,8.14
64387,27924,2025-05-29,3260,Boutique,95,2,49.24
64388,27924,2025-05-29,3260,Boutique,11,1,59.64
64389,27924,2025-05-29,3260,Boutique,46,2,67.78
64390,27925,2025-05-29,3850,Boutique,42,1,29.77
64391,27925,2025-05-29,3850,Boutique,2,1,40.07
64392,27925,2025-05-29,3850,Boutique,33,1,130.71
64393,27925,2025-05-29,3850,Boutique,94,3,117.12
64394,27926,2025-05-29,2443,Site,16,1,10.2
64395,27926,2025-05-29,2443,Site,109,1,28.74
64396,27927,2025-05-29,5522,Réseaux,107,2,29.16
64397,27927,2025-05-29,5522,Réseaux,66,1,8.71
64398,27928,2025-05-29,2344,Boutique,37,2,76.02
64399,27928,2025-05-29,2344,Boutique,63,1,4.02
64400,27928,2025-05-29,2344,Boutique,66,2,18.34
64401,27929,2025-05-29,3531,Boutique,22,1,52.43
64402,27929,2025-05-29,3531,Boutique,46,1,33.89
64403,27929,2025-05-29,3531,Boutique,101,1,19.47
64404,27930,2025-05-29,1321,Site,21,1,13.29
64405,27930,2025-05-29,1321,Site,88,1,21.53
64406,27930,2025-05-29,1321,Site,66,1,9.17
64407,27931,2025-05-29,3550,Site,77,1,22.56
64408,27931,2025-05-29,3550,Site,84,2,45.12
64409,27931,2025-05-29,3550,Site,58,1,36.98
64410,27931,2025-05-29,3550,Site,31,1,22.56
64411,27932,2025-05-29,168,Site,54,1,56.55
64412,27933,2025-05-29,4031,Site,22,1,52.43
64413,27933,2025-05-29,4031,Site,101,2,38.94
64414,27934,2025-05-29,381,Site,42,1,29.77
64415,27934,2025-05-29,381,Site,106,1,45.22
64416,27934,2025-05-29,381,Site,51,1,17.41
64417,27934,2025-05-29,381,Site,42,1,29.77
64418,27934,2025-05-29,381,Site,65,2,36.88
64419,27935,2025-05-29,3626,Site,76,1,18.44
64420,27935,2025-05-29,3626,Site,83,1,76.12
64421,27936,2025-05-29,2333,Site,21,2,26.58
64422,27936,2025-05-29,2333,Site,12,1,39.04
64423,27937,2025-05-29,3452,Boutique,69,1,8.14
64424,27937,2025-05-29,3452,Boutique,38,1,32.86
64425,27937,2025-05-29,3452,Boutique,48,1,28.74
64426,27938,2025-05-29,956,Site,62,1,2.99
64427,27938,2025-05-29,956,Site,42,1,29.77
64428,27938,2025-05-29,956,Site,44,1,22.56
64429,27938,2025-05-29,956,Site,82,1,79.21
64430,27938,2025-05-29,956,Site,87,1,121.44
64431,27939,2025-05-29,4322,Boutique,43,1,24.62
64432,27939,2025-05-29,4322,Boutique,18,1,13.29
64433,27939,2025-05-29,4322,Boutique,110,1,26.68
64434,27940,2025-05-29,250,Boutique,88,4,86.12
64435,27940,2025-05-29,250,Boutique,48,1,28.74
64436,27940,2025-05-29,250,Boutique,38,2,65.72
64437,27941,2025-05-29,2516,Réseaux,28,1,50.37
64438,27941,2025-05-29,2516,Réseaux,22,3,157.29
64439,27942,2025-05-29,1596,Site,39,1,66.85
64440,27942,2025-05-29,1596,Site,68,2,43.06
64441,27942,2025-05-29,1596,Site,68,2,43.06
64442,27943,2025-05-29,2273,Boutique,62,1,2.99
64443,27943,2025-05-29,2273,Boutique,97,1,8.14
64444,27944,2025-05-29,892,Site,6,2,88.38
64445,27945,2025-05-29,4638,Site,63,1,4.02
64446,27945,2025-05-29,4638,Site,104,1,32.86
64447,27945,2025-05-29,4638,Site,101,1,19.47
64448,27945,2025-05-29,4638,Site,69,1,8.14
64449,27946,2025-05-29,616,Boutique,28,1,50.37
64450,27946,2025-05-29,616,Boutique,87,1,121.44
64451,27946,2025-05-29,616,Boutique,52,1,50.37
64452,27947,2025-05-29,3226,Boutique,73,2,10.1
64453,27948,2025-05-30,5156,Site,81,1,16.38
64454,27948,2025-05-30,5156,Site,81,1,16.38
64455,27949,2025-05-30,499,Boutique,2,1,40.07
64456,27949,2025-05-30,499,Boutique,95,1,24.62
64457,27950,2025-05-30,4441,Boutique,50,1,73.03
64458,27950,2025-05-30,4441,Boutique,94,1,39.04
64459,27950,2025-05-30,4441,Boutique,88,1,21.53
64460,27951,2025-05-30,3306,Boutique,42,1,29.77
64461,27952,2025-05-30,3929,Site,6,1,44.19
64462,27952,2025-05-30,3929,Site,43,1,24.62
64463,27952,2025-05-30,3929,Site,45,1,66.85
64464,27953,2025-05-30,4804,Boutique,45,1,66.85
64465,27953,2025-05-30,4804,Boutique,3,1,39.04
64466,27953,2025-05-30,4804,Boutique,61,1,11.23
64467,27954,2025-05-30,32,Réseaux,84,1,22.56
64468,27954,2025-05-30,32,Réseaux,84,1,22.56
64469,27955,2025-05-30,2324,Site,35,1,16.38
64470,27956,2025-05-30,4598,Site,37,1,38.01
64471,27956,2025-05-30,4598,Site,97,1,8.14
64472,27957,2025-05-30,5467,Site,14,4,164.4
64473,27958,2025-05-30,2872,Site,95,1,24.62
64474,27958,2025-05-30,2872,Site,37,1,38.01
64475,27959,2025-05-30,2760,Boutique,22,1,52.43
64476,27959,2025-05-30,2760,Boutique,101,1,19.47
64477,27960,2025-05-30,4774,Site,42,2,59.54
64478,27960,2025-05-30,4774,Site,46,1,33.89
64479,27960,2025-05-30,4774,Site,81,1,16.38
64480,27960,2025-05-30,4774,Site,7,1,17.41
64481,27960,2025-05-30,4774,Site,10,1,51.4
64482,27961,2025-05-30,1518,Site,65,1,18.44
64483,27961,2025-05-30,1518,Site,47,1,34.92
64484,27961,2025-05-30,1518,Site,95,1,24.62
64485,27961,2025-05-30,1518,Site,43,1,24.62
64486,27962,2025-05-30,3092,Boutique,47,1,34.92
64487,27962,2025-05-30,3092,Boutique,107,1,15.35
64488,27963,2025-05-30,2335,Site,40,1,77.15
64489,27964,2025-05-30,5159,Boutique,67,2,5.98
64490,27965,2025-05-30,3991,Réseaux,21,1,13.29
64491,27965,2025-05-30,3991,Réseaux,16,1,10.2
64492,27965,2025-05-30,3991,Réseaux,64,1,10.2
64493,27965,2025-05-30,3991,Réseaux,26,1,64.79
64494,27965,2025-05-30,3991,Réseaux,109,2,57.48
64495,27966,2025-05-30,1035,Réseaux,8,1,35.95
64496,27966,2025-05-30,1035,Réseaux,81,1,16.38
64497,27967,2025-05-30,499,Site,19,1,30.8
64498,27968,2025-05-30,348,Site,70,1,14.32
64499,27968,2025-05-30,348,Site,115,1,51.4
64500,27968,2025-05-30,348,Site,103,1,29.77
64501,27969,2025-05-30,5337,Site,50,1,73.03
64502,27969,2025-05-30,5337,Site,87,1,121.44
64503,27969,2025-05-30,5337,Site,3,1,39.04
64504,27970,2025-05-30,3305,Boutique,81,1,16.38
64505,27971,2025-05-30,2979,Site,21,1,13.29
64506,27972,2025-05-30,2382,Site,7,1,17.41
64507,27972,2025-05-30,2382,Site,85,1,11.23
64508,27972,2025-05-30,2382,Site,83,1,76.12
64509,27972,2025-05-30,2382,Site,63,1,4.02
64510,27973,2025-05-30,2552,Réseaux,97,1,8.14
64511,27974,2025-05-30,4198,Boutique,1,1,44.19
64512,27974,2025-05-30,4198,Boutique,82,1,79.21
64513,27975,2025-05-30,4639,Site,24,2,69.84
64514,27975,2025-05-30,4639,Site,56,1,99.81
64515,27976,2025-05-30,96,Boutique,84,1,22.56
64516,27976,2025-05-30,96,Boutique,84,1,22.56
64517,27977,2025-05-30,3336,Boutique,79,1,5.05
64518,27977,2025-05-30,3336,Boutique,4,1,40.07
64519,27977,2025-05-30,3336,Boutique,6,1,44.19
64520,27977,2025-05-30,3336,Boutique,86,1,157.49
64521,27978,2025-05-30,394,Boutique,41,1,28.28
64522,27978,2025-05-30,394,Boutique,53,1,19.47
64523,27979,2025-05-30,3485,Boutique,56,1,99.81
64524,27979,2025-05-30,3485,Boutique,89,1,68.91
64525,27979,2025-05-30,3485,Boutique,26,1,64.79
64526,27980,2025-05-30,2913,Site,85,1,10.67
64527,27981,2025-05-30,5130,Site,83,1,72.31
64528,27982,2025-05-30,2494,Boutique,20,1,28.74
64529,27982,2025-05-30,2494,Boutique,80,1,19.47
64530,27983,2025-05-31,556,Site,116,1,70.97
64531,27983,2025-05-31,556,Site,96,2,24.52
64532,27983,2025-05-31,556,Site,31,1,22.56
64533,27984,2025-05-31,5129,Boutique,54,1,56.55
64534,27985,2025-05-31,3597,Boutique,1,1,44.19
64535,27986,2025-05-31,3854,Boutique,44,1,22.56
64536,27986,2025-05-31,3854,Boutique,62,1,2.99
64537,27987,2025-05-31,307,Boutique,84,1,22.56
64538,27988,2025-05-31,3138,Boutique,25,1,26.68
64539,27988,2025-05-31,3138,Boutique,44,1,22.56
64540,27989,2025-05-31,1866,Site,97,1,8.14
64541,27989,2025-05-31,1866,Site,1,2,88.38
64542,27990,2025-05-31,1764,Boutique,66,1,9.17
64543,27990,2025-05-31,1764,Boutique,30,1,52.43
64544,27990,2025-05-31,1764,Boutique,78,1,7.11
64545,27991,2025-05-31,2872,Site,29,1,57.58
64546,27992,2025-05-31,1707,Site,90,1,74.06
64547,27992,2025-05-31,1707,Site,63,1,4.02
64548,27992,2025-05-31,1707,Site,49,1,30.8
64549,27992,2025-05-31,1707,Site,44,4,90.24
64550,27993,2025-05-31,2949,Boutique,49,1,30.8
64551,27993,2025-05-31,2949,Boutique,118,1,12.26
64552,27994,2025-05-31,165,Site,62,1,2.99
64553,27994,2025-05-31,165,Site,69,1,8.14
64554,27995,2025-05-31,2953,Boutique,85,1,11.23
64555,27995,2025-05-31,2953,Boutique,10,1,51.4
64556,27996,2025-05-31,3671,Site,81,1,16.38
64557,27996,2025-05-31,3671,Site,5,1,52.43
64558,27996,2025-05-31,3671,Site,85,3,33.69
64559,27997,2025-05-31,4946,Site,81,3,49.14
64560,27997,2025-05-31,4946,Site,6,1,44.19
64561,27998,2025-05-31,5471,Boutique,23,1,20.5
64562,27998,2025-05-31,5471,Boutique,43,1,24.62
64563,27998,2025-05-31,5471,Boutique,15,1,12.26
64564,27999,2025-05-31,958,Site,70,1,13.6
64565,28000,2025-05-31,810,Boutique,95,1,24.62
64566,28000,2025-05-31,810,Boutique,95,3,73.86
64567,28001,2025-05-31,1865,Boutique,22,1,52.43
64568,28001,2025-05-31,1865,Boutique,7,2,34.82
64569,28001,2025-05-31,1865,Boutique,4,1,40.07
64570,28002,2025-05-31,3070,Site,69,2,16.28
64571,28002,2025-05-31,3070,Site,87,1,121.44
64572,28002,2025-05-31,3070,Site,95,1,24.62
64573,28003,2025-05-31,3569,Boutique,48,1,28.74
64574,28003,2025-05-31,3569,Boutique,87,1,121.44
64575,28004,2025-05-31,2508,Boutique,54,1,56.55
64576,28004,2025-05-31,2508,Boutique,114,1,19.47
64577,28005,2025-05-31,3314,Réseaux,8,1,35.95
64578,28005,2025-05-31,3314,Réseaux,29,2,115.16
64579,28005,2025-05-31,3314,Réseaux,36,1,68.91
64580,28006,2025-05-31,5349,Site,10,1,51.4
64581,28007,2025-05-31,1321,Boutique,85,1,11.23
64582,28008,2025-05-31,5500,Site,7,1,17.41
64583,28008,2025-05-31,5500,Site,88,1,21.53
64584,28009,2025-05-31,2309,Réseaux,81,1,16.38
64585,28009,2025-05-31,2309,Réseaux,44,1,22.56
64586,28009,2025-05-31,2309,Réseaux,102,3,61.5
64587,28010,2025-05-31,4971,Site,82,1,79.21
64588,28010,2025-05-31,4971,Site,50,1,73.03
64589,28011,2025-05-31,3360,Site,83,1,76.12
64590,28012,2025-05-31,5151,Site,115,2,102.8
64591,28012,2025-05-31,5151,Site,43,1,24.62
64592,28013,2025-05-31,3192,Boutique,42,1,29.77
64593,28014,2025-05-31,2291,Boutique,51,1,17.41
64594,28015,2025-05-31,4761,Site,36,1,65.46
64595,28015,2025-05-31,4761,Site,3,1,37.09
64596,28016,2025-05-31,340,Réseaux,83,1,76.12
64597,28016,2025-05-31,340,Réseaux,13,1,55.52
64598,28016,2025-05-31,340,Réseaux,82,1,79.21
64599,28016,2025-05-31,340,Réseaux,23,1,20.5
64600,28017,2025-05-31,284,Boutique,88,1,21.53
64601,28017,2025-05-31,284,Boutique,95,1,24.62
64602,28018,2025-05-31,969,Site,106,1,45.22
64603,28019,2025-05-31,104,Boutique,87,1,121.44
64604,28019,2025-05-31,104,Boutique,23,1,20.5
64605,28019,2025-05-31,104,Boutique,92,2,24.52
64606,28020,2025-05-31,2455,Site,108,1,46.25
64607,28020,2025-05-31,2455,Site,46,1,33.89
64608,28021,2025-05-31,3267,Réseaux,67,1,2.99
64609,28021,2025-05-31,3267,Réseaux,84,2,45.12
64610,28022,2025-05-31,1659,Boutique,117,1,12.26
64611,28022,2025-05-31,1659,Boutique,37,1,38.01
64612,28022,2025-05-31,1659,Boutique,99,1,63.76
64613,28023,2025-05-31,131,Boutique,89,1,68.91
64614,28023,2025-05-31,131,Boutique,111,1,10.2
64615,28024,2025-05-31,2586,Site,29,1,57.58
64616,28024,2025-05-31,2586,Site,51,2,34.82
64617,28025,2025-05-31,3231,Site,11,1,59.64
64618,28025,2025-05-31,3231,Site,48,1,28.74
64619,28025,2025-05-31,3231,Site,49,1,30.8
64620,28025,2025-05-31,3231,Site,25,1,26.68
64621,28026,2025-05-31,1360,Site,4,1,40.07
64622,28026,2025-05-31,1360,Site,102,1,20.5
64623,28026,2025-05-31,1360,Site,32,1,24.62
64624,28027,2025-05-31,3682,Réseaux,81,1,15.56
64625,28027,2025-05-31,3682,Réseaux,6,1,41.98
64626,28028,2025-05-31,1712,Site,95,1,24.62
64627,28029,2025-05-31,225,Boutique,8,1,35.95
64628,28029,2025-05-31,225,Boutique,85,1,11.23
64629,28029,2025-05-31,225,Boutique,97,1,8.14
64630,28029,2025-05-31,225,Boutique,67,1,2.99
64631,28029,2025-05-31,225,Boutique,5,1,52.43
64632,28030,2025-05-31,5301,Boutique,61,1,10.67
64633,28030,2025-05-31,5301,Boutique,53,2,38.95
64634,28030,2025-05-31,5301,Boutique,32,1,23.39
64635,28031,2025-05-31,4728,Boutique,41,1,29.77
64636,28031,2025-05-31,4728,Boutique,32,1,24.62
64637,28031,2025-05-31,4728,Boutique,69,2,16.28
64638,28031,2025-05-31,4728,Boutique,12,1,39.04
64639,28032,2025-05-31,65,Boutique,2,1,38.07
64640,28032,2025-05-31,65,Boutique,66,1,8.71
64641,28033,2025-05-31,5451,Site,42,1,29.77
64642,28033,2025-05-31,5451,Site,94,1,39.04
64643,28034,2025-05-31,2076,Boutique,68,1,21.53
64644,28034,2025-05-31,2076,Boutique,60,1,31.83
64645,28034,2025-05-31,2076,Boutique,39,1,66.85
64646,28035,2025-05-31,2206,Boutique,90,1,74.06
64647,28035,2025-05-31,2206,Boutique,81,1,16.38
64648,28035,2025-05-31,2206,Boutique,67,1,2.99
64649,28035,2025-05-31,2206,Boutique,85,1,11.23
