id_ligne,id_commande,date_commande,id_client,canal,id_produit,quantite,montant
60038,26044,2025-04-01,1625,Boutique,75,1,7.11
60039,26044,2025-04-01,1625,Boutique,45,1,66.85
60040,26044,2025-04-01,1625,Boutique,102,1,20.5
60041,26044,2025-04-01,1625,Boutique,13,2,111.04
60042,26045,2025-04-01,3673,Site,116,3,212.91
60043,26045,2025-04-01,3673,Site,64,1,10.2
60044,26046,2025-04-01,3788,Boutique,88,1,21.53
60045,26046,2025-04-01,3788,Boutique,45,1,66.85
60046,26047,2025-04-01,706,Boutique,33,1,130.71
60047,26048,2025-04-01,3560,Boutique,71,1,21.53
60048,26049,2025-04-01,195,Site,87,1,115.37
60049,26049,2025-04-01,195,Site,59,3,34.94
60050,26050,2025-04-01,2333,Boutique,46,1,32.2
60051,26050,2025-04-01,2333,Boutique,22,1,49.81
60052,26050,2025-04-01,2333,Boutique,6,1,41.98
60053,26051,2025-04-01,2806,Boutique,90,1,74.06
60054,26051,2025-04-01,2806,Boutique,105,1,17.41
60055,26051,2025-04-01,2806,Boutique,19,1,30.8
60056,26051,2025-04-01,2806,Boutique,38,1,32.86
60057,26051,2025-04-01,2806,Boutique,75,1,7.11
60058,26052,2025-04-01,4066,Boutique,81,1,16.38
60059,26052,2025-04-01,4066,Boutique,62,1,2.99
60060,26052,2025-04-01,4066,Boutique,65,1,18.44
60061,26052,2025-04-01,4066,Boutique,108,1,46.25
60062,26053,2025-04-01,3893,Boutique,87,2,242.88
60063,26053,2025-04-01,3893,Boutique,11,1,59.64
60064,26053,2025-04-01,3893,Boutique,90,1,74.06
60065,26053,2025-04-01,3893,Boutique,31,2,45.12
60066,26054,2025-04-01,25,Site,5,1,52.43
60067,26054,2025-04-01,25,Site,61,1,11.23
60068,26055,2025-04-01,4442,Boutique,51,2,34.82
60069,26056,2025-04-01,1569,Boutique,45,1,66.85
60070,26057,2025-04-01,3622,Site,98,2,187.26
60071,26057,2025-04-01,3622,Site,63,2,8.04
60072,26058,2025-04-01,654,Boutique,37,2,76.02
60073,26058,2025-04-01,654,Boutique,61,1,11.23
60074,26058,2025-04-01,654,Boutique,68,1,21.53
60075,26059,2025-04-01,4449,Site,2,1,40.07
60076,26059,2025-04-01,4449,Site,110,1,26.68
60077,26060,2025-04-01,3352,Boutique,42,1,29.77
60078,26060,2025-04-01,3352,Boutique,13,1,55.52
60079,26060,2025-04-01,3352,Boutique,103,2,59.54
60080,26061,2025-04-01,2995,Site,15,1,12.26
60081,26061,2025-04-01,2995,Site,54,3,169.65
60082,26061,2025-04-01,2995,Site,63,2,8.04
60083,26062,2025-04-01,341,Boutique,82,1,79.21
60084,26062,2025-04-01,341,Boutique,89,1,68.91
60085,26062,2025-04-01,341,Boutique,32,4,98.48
60086,26063,2025-04-01,3323,Site,44,1,22.56
60087,26063,2025-04-01,3323,Site,29,1,57.58
60088,26063,2025-04-01,3323,Site,15,1,12.26
60089,26064,2025-04-01,292,Boutique,69,1,8.14
60090,26064,2025-04-01,292,Boutique,28,1,50.37
60091,26064,2025-04-01,292,Boutique,3,1,39.04
60092,26064,2025-04-01,292,Boutique,11,1,59.64
60093,26064,2025-04-01,292,Boutique,80,1,19.47
60094,26064,2025-04-01,292,Boutique,57,1,17.41
60095,26065,2025-04-01,3737,Réseaux,89,1,68.91
60096,26065,2025-04-01,3737,Réseaux,1,3,132.57
60097,26065,2025-04-01,3737,Réseaux,82,1,79.21
60098,26065,2025-04-01,3737,Réseaux,114,1,19.47
60099,26066,2025-04-01,3442,Boutique,21,1,13.29
60100,26066,2025-04-01,3442,Boutique,54,1,56.55
60101,26066,2025-04-01,3442,Boutique,106,1,45.22
60102,26067,2025-04-01,2828,Site,71,1,21.53
60103,26067,2025-04-01,2828,Site,68,1,21.53
60104,26067,2025-04-01,2828,Site,46,1,33.89
60105,26068,2025-04-01,915,Site,111,1,10.2
60106,26068,2025-04-01,915,Site,48,2,57.48
60107,26068,2025-04-01,915,Site,43,1,24.62
60108,26069,2025-04-01,3261,Réseaux,44,1,22.56
60109,26069,2025-04-01,3261,Réseaux,3,1,39.04
60110,26069,2025-04-01,3261,Réseaux,3,1,39.04
60111,26070,2025-04-02,2858,Site,89,2,137.82
60112,26070,2025-04-02,2858,Site,4,1,40.07
60113,26070,2025-04-02,2858,Site,105,1,17.41
60114,26071,2025-04-02,4,Réseaux,37,1,38.01
60115,26071,2025-04-02,4,Réseaux,30,1,52.43
60116,26072,2025-04-02,1737,Réseaux,81,1,16.38
60117,26073,2025-04-02,153,Site,68,3,64.59
60118,26074,2025-04-02,1898,Boutique,60,3,95.49
60119,26074,2025-04-02,1898,Boutique,56,2,199.62
60120,26074,2025-04-02,1898,Boutique,84,1,22.56
60121,26074,2025-04-02,1898,Boutique,92,1,12.26
60122,26074,2025-04-02,1898,Boutique,53,1,20.5
60123,26075,2025-04-02,515,Boutique,2,1,40.07
60124,26075,2025-04-02,515,Boutique,45,1,66.85
60125,26075,2025-04-02,515,Boutique,102,1,20.5
60126,26076,2025-04-02,2778,Boutique,101,1,19.47
60127,26077,2025-04-02,4294,Site,107,1,14.58
60128,26077,2025-04-02,4294,Site,19,1,29.26
60129,26078,2025-04-02,2724,Site,51,1,17.41
60130,26078,2025-04-02,2724,Site,33,1,130.71
60131,26078,2025-04-02,2724,Site,61,1,11.23
60132,26078,2025-04-02,2724,Site,104,1,32.86
60133,26079,2025-04-02,3211,Boutique,21,1,12.63
60134,26079,2025-04-02,3211,Boutique,32,1,23.39
60135,26080,2025-04-02,3449,Boutique,41,1,29.77
60136,26080,2025-04-02,3449,Boutique,87,1,121.44
60137,26080,2025-04-02,3449,Boutique,43,1,24.62
60138,26081,2025-04-02,382,Réseaux,27,1,108.05
60139,26081,2025-04-02,382,Réseaux,110,1,26.68
60140,26082,2025-04-02,1994,Site,84,1,22.56
60141,26082,2025-04-02,1994,Site,13,1,55.52
60142,26082,2025-04-02,1994,Site,10,1,51.4
60143,26083,2025-04-02,3751,Réseaux,106,1,45.22
60144,26083,2025-04-02,3751,Réseaux,6,1,44.19
60145,26084,2025-04-02,5017,Réseaux,104,1,32.86
60146,26085,2025-04-02,5119,Boutique,85,1,10.67
60147,26086,2025-04-02,763,Boutique,42,1,28.28
60148,26086,2025-04-02,763,Boutique,103,1,28.28
60149,26087,2025-04-02,253,Boutique,69,2,16.28
60150,26087,2025-04-02,253,Boutique,44,4,90.24
60151,26087,2025-04-02,253,Boutique,7,1,17.41
60152,26088,2025-04-02,4699,Boutique,46,1,33.89
60153,26088,2025-04-02,4699,Boutique,44,1,22.56
60154,26088,2025-04-02,4699,Boutique,83,1,76.12
60155,26088,2025-04-02,4699,Boutique,21,1,13.29
60156,26088,2025-04-02,4699,Boutique,120,1,12.26
60157,26089,2025-04-02,675,Site,4,1,40.07
60158,26089,2025-04-02,675,Site,57,1,17.41
60159,26089,2025-04-02,675,Site,118,1,12.26
60160,26090,2025-04-02,3969,Boutique,24,2,69.84
60161,26090,2025-04-02,3969,Boutique,27,2,216.1
60162,26091,2025-04-02,4961,Site,110,1,26.68
60163,26091,2025-04-02,4961,Site,7,1,17.41
60164,26091,2025-04-02,4961,Site,62,1,2.99
60165,26091,2025-04-02,4961,Site,13,1,55.52
60166,26092,2025-04-02,5217,Boutique,21,4,53.16
60167,26092,2025-04-02,5217,Boutique,59,1,12.26
60168,26092,2025-04-02,5217,Boutique,27,1,108.05
60169,26092,2025-04-02,5217,Boutique,5,1,52.43
60170,26093,2025-04-02,4640,Boutique,84,3,67.68
60171,26093,2025-04-02,4640,Boutique,107,2,30.7
60172,26094,2025-04-02,4339,Site,96,1,12.26
60173,26095,2025-04-02,4427,Site,19,1,30.8
60174,26095,2025-04-02,4427,Site,66,3,27.51
60175,26095,2025-04-02,4427,Site,112,1,26.68
60176,26095,2025-04-02,4427,Site,48,1,28.74
60177,26095,2025-04-02,4427,Site,110,1,26.68
60178,26096,2025-04-02,3703,Boutique,48,2,57.48
60179,26096,2025-04-02,3703,Boutique,82,1,79.21
60180,26097,2025-04-02,2590,Boutique,51,1,17.41
60181,26097,2025-04-02,2590,Boutique,79,1,5.05
60182,26097,2025-04-02,2590,Boutique,85,1,11.23
60183,26098,2025-04-02,4332,Boutique,48,1,28.74
60184,26098,2025-04-02,4332,Boutique,11,1,59.64
60185,26099,2025-04-02,2720,Réseaux,4,1,40.07
60186,26099,2025-04-02,2720,Réseaux,22,1,52.43
60187,26099,2025-04-02,2720,Réseaux,57,1,17.41
60188,26099,2025-04-02,2720,Réseaux,1,1,44.19
60189,26099,2025-04-02,2720,Réseaux,31,1,22.56
60190,26100,2025-04-02,4640,Réseaux,30,1,52.43
60191,26100,2025-04-02,4640,Réseaux,19,1,30.8
60192,26100,2025-04-02,4640,Réseaux,107,1,15.35
60193,26100,2025-04-02,4640,Réseaux,110,2,53.36
60194,26101,2025-04-02,2491,Boutique,31,3,67.68
60195,26101,2025-04-02,2491,Boutique,85,2,22.46
60196,26101,2025-04-02,2491,Boutique,101,1,19.47
60197,26102,2025-04-02,611,Boutique,85,1,11.23
60198,26102,2025-04-02,611,Boutique,8,1,35.95
60199,26103,2025-04-02,3718,Boutique,6,2,88.38
60200,26103,2025-04-02,3718,Boutique,33,3,392.13
60201,26103,2025-04-02,3718,Boutique,44,2,45.12
60202,26104,2025-04-02,694,Site,32,1,24.62
60203,26105,2025-04-02,2458,Site,94,1,39.04
60204,26105,2025-04-02,2458,Site,116,1,70.97
60205,26106,2025-04-02,2557,Site,88,1,21.53
60206,26106,2025-04-02,2557,Site,45,2,133.7
60207,26107,2025-04-02,1413,Site,1,1,44.19
60208,26107,2025-04-02,1413,Site,46,2,67.78
60209,26107,2025-04-02,1413,Site,38,1,32.86
60210,26108,2025-04-03,166,Boutique,111,1,10.2
60211,26108,2025-04-03,166,Boutique,4,1,40.07
60212,26108,2025-04-03,166,Boutique,52,1,50.37
60213,26109,2025-04-03,5338,Site,7,1,17.41
60214,26110,2025-04-03,5024,Boutique,2,1,40.07
60215,26110,2025-04-03,5024,Boutique,65,1,18.44
60216,26110,2025-04-03,5024,Boutique,47,1,34.92
60217,26110,2025-04-03,5024,Boutique,64,1,10.2
60218,26110,2025-04-03,5024,Boutique,67,1,2.99
60219,26111,2025-04-03,5176,Site,76,1,18.44
60220,26111,2025-04-03,5176,Site,44,1,22.56
60221,26112,2025-04-03,4288,Site,23,1,20.5
60222,26112,2025-04-03,4288,Site,8,2,71.9
60223,26112,2025-04-03,4288,Site,16,1,10.2
60224,26112,2025-04-03,4288,Site,28,1,50.37
60225,26112,2025-04-03,4288,Site,7,1,17.41
60226,26113,2025-04-03,3981,Site,10,1,51.4
60227,26113,2025-04-03,3981,Site,28,1,50.37
60228,26114,2025-04-03,5206,Site,66,1,9.17
60229,26114,2025-04-03,5206,Site,50,1,73.03
60230,26114,2025-04-03,5206,Site,13,1,55.52
60231,26115,2025-04-03,3337,Boutique,8,1,35.95
60232,26115,2025-04-03,3337,Boutique,83,1,76.12
60233,26116,2025-04-03,1917,Boutique,63,2,8.04
60234,26117,2025-04-12,5550,Boutique,118,1,12.26
60235,26118,2025-04-03,2949,Boutique,92,1,12.26
60236,26118,2025-04-03,2949,Boutique,102,1,20.5
60237,26118,2025-04-03,2949,Boutique,9,1,44.19
60238,26118,2025-04-03,2949,Boutique,84,2,45.12
60239,26119,2025-04-03,5437,Site,15,2,24.52
60240,26119,2025-04-03,5437,Site,19,1,30.8
60241,26120,2025-04-03,1471,Boutique,5,1,52.43
60242,26120,2025-04-03,1471,Boutique,25,1,26.68
60243,26121,2025-04-03,4037,Site,26,1,64.79
60244,26121,2025-04-03,4037,Site,85,1,11.23
60245,26122,2025-04-03,3468,Site,2,1,40.07
60246,26122,2025-04-03,3468,Site,110,1,26.68
60247,26123,2025-04-03,4319,Site,1,1,44.19
60248,26124,2025-04-03,4106,Site,85,2,22.46
60249,26124,2025-04-03,4106,Site,33,1,130.71
60250,26125,2025-04-03,1332,Boutique,84,1,22.56
60251,26125,2025-04-03,1332,Boutique,70,1,14.32
60252,26125,2025-04-03,1332,Boutique,70,2,28.64
60253,26125,2025-04-03,1332,Boutique,63,1,4.02
60254,26125,2025-04-03,1332,Boutique,2,1,40.07
60255,26126,2025-04-03,495,Site,77,2,45.12
60256,26126,2025-04-03,495,Site,14,1,41.1
60257,26126,2025-04-03,495,Site,49,1,30.8
60258,26127,2025-04-03,3859,Site,101,1,19.47
60259,26127,2025-04-03,3859,Site,4,1,40.07
60260,26128,2025-04-03,1772,Boutique,63,1,4.02
60261,26128,2025-04-03,1772,Boutique,82,1,79.21
60262,26128,2025-04-03,1772,Boutique,3,1,39.04
60263,26128,2025-04-03,1772,Boutique,41,1,29.77
60264,26129,2025-04-03,2879,Site,84,3,67.68
60265,26130,2025-04-03,986,Site,44,1,22.56
60266,26130,2025-04-03,986,Site,63,1,4.02
60267,26130,2025-04-03,986,Site,3,1,39.04
60268,26131,2025-04-03,4738,Boutique,8,1,35.95
60269,26131,2025-04-03,4738,Boutique,44,1,22.56
60270,26132,2025-04-03,3765,Boutique,20,1,28.74
60271,26132,2025-04-03,3765,Boutique,31,1,22.56
60272,26133,2025-04-03,1432,Boutique,11,1,59.64
60273,26133,2025-04-03,1432,Boutique,28,1,50.37
60274,26134,2025-04-03,4920,Site,61,1,11.23
60275,26134,2025-04-03,4920,Site,104,1,32.86
60276,26134,2025-04-03,4920,Site,103,1,29.77
60277,26135,2025-04-03,3658,Site,42,3,89.31
60278,26135,2025-04-03,3658,Site,19,1,30.8
60279,26135,2025-04-03,3658,Site,54,1,56.55
60280,26136,2025-04-03,1722,Site,84,1,22.56
60281,26137,2025-04-03,3408,Boutique,45,1,66.85
60282,26137,2025-04-03,3408,Boutique,48,1,28.74
60283,26138,2025-04-03,3048,Boutique,50,1,73.03
60284,26139,2025-04-03,2903,Site,10,1,51.4
60285,26139,2025-04-03,2903,Site,70,1,14.32
60286,26139,2025-04-03,2903,Site,11,1,59.64
60287,26140,2025-04-04,169,Site,49,1,30.8
60288,26141,2025-04-04,3999,Site,83,1,76.12
60289,26142,2025-04-04,2942,Boutique,95,1,24.62
60290,26142,2025-04-04,2942,Boutique,41,1,29.77
60291,26143,2025-04-04,1495,Boutique,43,1,24.62
60292,26143,2025-04-04,1495,Boutique,31,3,67.68
60293,26144,2025-04-04,1232,Boutique,107,1,15.35
60294,26144,2025-04-04,1232,Boutique,71,1,21.53
60295,26145,2025-04-04,3913,Réseaux,42,1,29.77
60296,26146,2025-04-04,1900,Boutique,98,1,93.63
60297,26146,2025-04-04,1900,Boutique,106,1,45.22
60298,26147,2025-04-04,4105,Site,4,1,40.07
60299,26147,2025-04-04,4105,Site,5,1,52.43
60300,26148,2025-04-04,2936,Site,64,1,10.2
60301,26148,2025-04-04,2936,Site,4,1,40.07
60302,26148,2025-04-04,2936,Site,94,1,39.04
60303,26148,2025-04-04,2936,Site,11,1,59.64
60304,26149,2025-04-04,1961,Boutique,116,2,141.94
60305,26149,2025-04-04,1961,Boutique,92,1,12.26
60306,26149,2025-04-04,1961,Boutique,31,1,22.56
60307,26150,2025-04-04,4065,Site,1,1,44.19
60308,26150,2025-04-04,4065,Site,46,1,33.89
60309,26151,2025-04-04,2685,Boutique,95,2,49.24
60310,26151,2025-04-04,2685,Boutique,4,1,40.07
60311,26152,2025-04-04,1380,Site,43,1,24.62
60312,26152,2025-04-04,1380,Site,13,1,55.52
60313,26153,2025-04-04,5037,Site,21,1,13.29
60314,26154,2025-04-04,5359,Boutique,101,1,19.47
60315,26154,2025-04-04,5359,Boutique,27,1,108.05
60316,26154,2025-04-04,5359,Boutique,51,1,17.41
60317,26154,2025-04-04,5359,Boutique,27,2,216.1
60318,26155,2025-04-04,3949,Site,65,1,18.44
60319,26156,2025-04-04,3218,Boutique,3,1,39.04
60320,26156,2025-04-04,3218,Boutique,67,1,2.99
60321,26157,2025-04-04,4325,Boutique,1,1,41.98
60322,26157,2025-04-04,4325,Boutique,26,1,61.55
60323,26158,2025-04-04,1412,Boutique,104,1,32.86
60324,26158,2025-04-04,1412,Boutique,9,1,44.19
60325,26159,2025-04-04,2773,Boutique,31,1,22.56
60326,26159,2025-04-04,2773,Boutique,12,2,78.08
60327,26160,2025-04-04,3001,Boutique,42,1,29.77
60328,26160,2025-04-04,3001,Boutique,26,1,64.79
60329,26161,2025-04-04,1168,Site,62,1,2.99
60330,26161,2025-04-04,1168,Site,81,1,16.38
60331,26161,2025-04-04,1168,Site,40,1,77.15
60332,26161,2025-04-04,1168,Site,45,1,66.85
60333,26162,2025-04-04,4208,Site,65,3,55.32
60334,26162,2025-04-04,4208,Site,84,1,22.56
60335,26162,2025-04-04,4208,Site,28,1,50.37
60336,26163,2025-04-04,3446,Boutique,71,1,21.53
60337,26163,2025-04-04,3446,Boutique,23,1,20.5
60338,26163,2025-04-04,3446,Boutique,27,1,108.05
60339,26163,2025-04-04,3446,Boutique,17,1,16.38
60340,26164,2025-04-04,729,Boutique,56,1,99.81
60341,26164,2025-04-04,729,Boutique,57,1,17.41
60342,26165,2025-04-04,5402,Réseaux,63,1,3.82
60343,26165,2025-04-04,5402,Réseaux,23,1,19.47
60344,26166,2025-04-04,5444,Boutique,13,1,55.52
60345,26166,2025-04-04,5444,Boutique,70,2,28.64
60346,26167,2025-04-04,5082,Boutique,53,2,41.0
60347,26167,2025-04-04,5082,Boutique,31,2,45.12
60348,26167,2025-04-04,5082,Boutique,102,1,20.5
60349,26168,2025-04-04,4697,Site,62,1,2.99
60350,26169,2025-04-04,5314,Site,24,1,34.92
60351,26170,2025-04-04,1242,Réseaux,14,1,41.1
60352,26170,2025-04-04,1242,Réseaux,69,1,8.14
60353,26171,2025-04-04,3284,Site,91,1,89.51
60354,26171,2025-04-04,3284,Site,81,1,16.38
60355,26171,2025-04-04,3284,Site,73,1,5.05
60356,26172,2025-04-04,1351,Site,21,1,13.29
60357,26172,2025-04-04,1351,Site,26,1,64.79
60358,26173,2025-04-04,1546,Boutique,44,1,22.56
60359,26173,2025-04-04,1546,Boutique,79,1,5.05
60360,26174,2025-04-05,753,Réseaux,45,1,66.85
60361,26175,2025-04-05,4409,Site,7,2,34.82
60362,26175,2025-04-05,4409,Site,117,1,12.26
60363,26176,2025-04-05,3949,Boutique,32,1,24.62
60364,26177,2025-04-05,1670,Boutique,55,1,65.82
60365,26177,2025-04-05,1670,Boutique,26,1,64.79
60366,26177,2025-04-05,1670,Boutique,86,1,157.49
60367,26177,2025-04-05,1670,Boutique,88,1,21.53
60368,26178,2025-04-05,1940,Réseaux,1,1,44.19
60369,26179,2025-04-05,5165,Site,12,1,39.04
60370,26180,2025-04-05,1265,Boutique,33,2,261.42
60371,26180,2025-04-05,1265,Boutique,87,1,121.44
60372,26181,2025-04-05,4055,Boutique,97,1,8.14
60373,26181,2025-04-05,4055,Boutique,87,1,121.44
60374,26181,2025-04-05,4055,Boutique,3,1,39.04
60375,26181,2025-04-05,4055,Boutique,23,1,20.5
60376,26181,2025-04-05,4055,Boutique,81,1,16.38
60377,26182,2025-04-05,4495,Site,41,1,29.77
60378,26182,2025-04-05,4495,Site,23,1,20.5
60379,26182,2025-04-05,4495,Site,1,1,44.19
60380,26182,2025-04-05,4495,Site,19,1,30.8
60381,26183,2025-04-05,4302,Site,88,1,21.53
60382,26183,2025-04-05,4302,Site,2,1,40.07
60383,26183,2025-04-05,4302,Site,11,1,59.64
60384,26184,2025-04-05,3538,Site,45,1,66.85
60385,26184,2025-04-05,3538,Site,107,1,15.35
60386,26185,2025-04-05,4145,Site,50,1,73.03
60387,26185,2025-04-05,4145,Site,80,1,19.47
60388,26186,2025-04-05,1120,Boutique,12,1,39.04
60389,26186,2025-04-05,1120,Boutique,61,1,11.23
60390,26186,2025-04-05,1120,Boutique,21,1,13.29
60391,26187,2025-04-05,4458,Site,70,1,14.32
60392,26188,2025-04-05,2821,Boutique,55,1,65.82
60393,26189,2025-04-05,4750,Réseaux,58,1,36.98
60394,26189,2025-04-05,4750,Réseaux,81,1,16.38
60395,26189,2025-04-05,4750,Réseaux,118,1,12.26
60396,26189,2025-04-05,4750,Réseaux,30,1,52.43
60397,26190,2025-04-05,4274,Boutique,80,1,19.47
60398,26190,2025-04-05,4274,Boutique,5,1,52.43
60399,26190,2025-04-05,4274,Boutique,5,2,104.86
60400,26190,2025-04-05,4274,Boutique,102,1,20.5
60401,26191,2025-04-05,854,Site,48,1,28.74
60402,26192,2025-04-05,2301,Boutique,45,1,66.85
60403,26193,2025-04-05,1418,Site,50,1,73.03
60404,26193,2025-04-05,1418,Site,102,2,41.0
60405,26194,2025-04-05,5358,Site,29,1,57.58
60406,26194,2025-04-05,5358,Site,67,1,2.99
60407,26195,2025-04-05,3081,Site,1,1,44.19
60408,26196,2025-04-05,1193,Site,24,1,33.17
60409,26196,2025-04-05,1193,Site,53,1,19.47
60410,26197,2025-04-05,5384,Boutique,81,1,16.38
60411,26197,2025-04-05,5384,Boutique,67,1,2.99
60412,26197,2025-04-05,5384,Boutique,87,1,121.44
60413,26198,2025-04-05,2747,Boutique,1,1,44.19
60414,26199,2025-04-05,4949,Site,57,2,34.82
60415,26199,2025-04-05,4949,Site,36,1,68.91
60416,26199,2025-04-05,4949,Site,111,1,10.2
60417,26199,2025-04-05,4949,Site,40,1,77.15
60418,26199,2025-04-05,4949,Site,107,1,15.35
60419,26200,2025-04-05,2942,Site,81,1,16.38
60420,26201,2025-04-05,3997,Site,15,1,12.26
60421,26201,2025-04-05,3997,Site,39,1,66.85
60422,26201,2025-04-05,3997,Site,9,1,44.19
60423,26201,2025-04-05,3997,Site,66,1,9.17
60424,26202,2025-04-05,2433,Site,11,1,59.64
60425,26202,2025-04-05,2433,Site,81,1,16.38
60426,26202,2025-04-05,2433,Site,91,1,89.51
60427,26202,2025-04-05,2433,Site,66,1,9.17
60428,26203,2025-04-05,4753,Site,54,1,56.55
60429,26203,2025-04-05,4753,Site,1,1,44.19
60430,26203,2025-04-05,4753,Site,83,1,76.12
60431,26203,2025-04-05,4753,Site,51,4,69.64
60432,26204,2025-04-05,2692,Site,58,1,36.98
60433,26204,2025-04-05,2692,Site,116,1,70.97
60434,26204,2025-04-05,2692,Site,9,1,44.19
60435,26205,2025-04-05,738,Boutique,61,1,11.23
60436,26206,2025-04-05,5300,Site,49,2,61.6
60437,26207,2025-04-05,4318,Site,56,1,99.81
60438,26207,2025-04-05,4318,Site,104,1,32.86
60439,26208,2025-04-06,1112,Réseaux,31,1,22.56
60440,26208,2025-04-06,1112,Réseaux,58,1,36.98
60441,26208,2025-04-06,1112,Réseaux,102,1,20.5
60442,26209,2025-04-06,2221,Site,114,1,19.47
60443,26209,2025-04-06,2221,Site,3,1,39.04
60444,26209,2025-04-06,2221,Site,96,1,12.26
60445,26210,2025-04-06,2131,Site,81,1,16.38
60446,26210,2025-04-06,2131,Site,19,1,30.8
60447,26210,2025-04-06,2131,Site,67,1,2.99
60448,26210,2025-04-06,2131,Site,67,2,5.98
60449,26210,2025-04-06,2131,Site,98,1,93.63
60450,26211,2025-04-06,3882,Site,22,2,104.86
60451,26212,2025-04-06,2124,Boutique,86,2,314.98
60452,26212,2025-04-06,2124,Boutique,14,3,123.3
60453,26213,2025-04-06,3831,Réseaux,76,2,36.88
60454,26213,2025-04-06,3831,Réseaux,22,1,52.43
60455,26214,2025-04-06,1368,Boutique,62,1,2.99
60456,26215,2025-04-06,5266,Boutique,4,1,40.07
60457,26215,2025-04-06,5266,Boutique,23,1,20.5
60458,26216,2025-04-06,5419,Boutique,53,3,61.5
60459,26217,2025-04-06,622,Site,44,1,22.56
60460,26217,2025-04-06,622,Site,63,1,4.02
60461,26217,2025-04-06,622,Site,23,1,20.5
60462,26218,2025-04-06,4106,Site,107,1,15.35
60463,26218,2025-04-06,4106,Site,3,1,39.04
60464,26218,2025-04-06,4106,Site,5,1,52.43
60465,26218,2025-04-06,4106,Site,8,1,35.95
60466,26219,2025-04-06,4617,Site,84,1,22.56
60467,26219,2025-04-06,4617,Site,105,1,17.41
60468,26219,2025-04-06,4617,Site,11,1,59.64
60469,26219,2025-04-06,4617,Site,94,2,78.08
60470,26220,2025-04-06,3746,Site,24,3,99.52
60471,26220,2025-04-06,3746,Site,18,1,12.63
60472,26221,2025-04-06,5411,Boutique,1,1,41.98
60473,26221,2025-04-06,5411,Boutique,18,1,12.63
60474,26221,2025-04-06,5411,Boutique,39,1,63.51
60475,26222,2025-04-07,325,Réseaux,92,2,24.52
60476,26222,2025-04-07,325,Réseaux,3,1,39.04
60477,26223,2025-04-07,5396,Site,73,1,5.05
60478,26224,2025-04-07,1936,Réseaux,22,1,52.43
60479,26225,2025-04-07,1062,Réseaux,23,1,20.5
60480,26225,2025-04-07,1062,Réseaux,3,1,39.04
60481,26226,2025-04-07,1395,Site,27,1,108.05
60482,26226,2025-04-07,1395,Site,43,1,24.62
60483,26227,2025-04-07,1928,Site,2,2,80.14
60484,26228,2025-04-07,5284,Réseaux,17,1,16.38
60485,26228,2025-04-07,5284,Réseaux,10,1,51.4
60486,26228,2025-04-07,5284,Réseaux,8,1,35.95
60487,26229,2025-04-07,802,Réseaux,3,1,39.04
60488,26229,2025-04-07,802,Réseaux,112,2,53.36
60489,26229,2025-04-07,802,Réseaux,78,1,7.11
60490,26230,2025-04-07,682,Site,33,1,130.71
60491,26230,2025-04-07,682,Site,69,1,8.14
60492,26231,2025-04-07,2541,Boutique,72,2,5.68
60493,26232,2025-04-07,608,Boutique,42,1,29.77
60494,26232,2025-04-07,608,Boutique,118,1,12.26
60495,26233,2025-04-07,3434,Boutique,41,1,29.77
60496,26233,2025-04-07,3434,Boutique,43,2,49.24
60497,26233,2025-04-07,3434,Boutique,71,1,21.53
60498,26234,2025-04-07,1432,Site,44,2,45.12
60499,26234,2025-04-07,1432,Site,85,1,11.23
60500,26234,2025-04-07,1432,Site,57,1,17.41
60501,26234,2025-04-07,1432,Site,90,1,74.06
60502,26234,2025-04-07,1432,Site,22,1,52.43
60503,26235,2025-04-07,4829,Boutique,7,1,17.41
60504,26236,2025-04-07,909,Site,27,1,108.05
60505,26236,2025-04-07,909,Site,102,4,82.0
60506,26236,2025-04-07,909,Site,65,1,18.44
60507,26237,2025-04-07,5294,Boutique,27,1,108.05
60508,26237,2025-04-07,5294,Boutique,105,1,17.41
60509,26237,2025-04-07,5294,Boutique,105,1,17.41
60510,26237,2025-04-07,5294,Boutique,82,2,158.42
60511,26238,2025-04-07,167,Boutique,87,1,121.44
60512,26238,2025-04-07,167,Boutique,46,2,67.78
60513,26238,2025-04-07,167,Boutique,105,1,17.41
60514,26239,2025-04-07,1540,Boutique,103,2,59.54
60515,26239,2025-04-07,1540,Boutique,30,1,52.43
60516,26239,2025-04-07,1540,Boutique,1,3,132.57
60517,26239,2025-04-07,1540,Boutique,26,1,64.79
60518,26240,2025-04-07,2717,Site,45,1,66.85
60519,26240,2025-04-07,2717,Site,81,1,16.38
60520,26241,2025-04-07,4959,Boutique,115,1,48.83
60521,26241,2025-04-07,4959,Boutique,21,1,12.63
60522,26242,2025-04-07,4678,Site,6,2,83.96
60523,26242,2025-04-07,4678,Site,75,1,6.75
60524,26243,2025-04-07,2678,Site,21,1,13.29
60525,26243,2025-04-07,2678,Site,28,1,50.37
60526,26244,2025-04-07,2997,Site,63,1,4.02
60527,26245,2025-04-07,76,Boutique,67,1,2.99
60528,26245,2025-04-07,76,Boutique,98,1,93.63
60529,26246,2025-04-07,5079,Site,87,1,121.44
60530,26246,2025-04-07,5079,Site,104,1,32.86
60531,26246,2025-04-07,5079,Site,24,2,69.84
60532,26246,2025-04-07,5079,Site,101,1,19.47
60533,26246,2025-04-07,5079,Site,55,1,65.82
60534,26247,2025-04-07,2214,Site,85,1,11.23
60535,26247,2025-04-07,2214,Site,61,2,22.46
60536,26248,2025-04-24,5573,Site,23,1,18.45
60537,26248,2025-04-24,5573,Site,27,1,97.24
60538,26248,2025-04-24,5573,Site,22,1,47.19
60539,26249,2025-04-07,361,Site,43,2,49.24
60540,26249,2025-04-07,361,Site,72,1,2.99
60541,26249,2025-04-07,361,Site,23,1,20.5
60542,26250,2025-04-08,1904,Site,61,1,11.23
60543,26250,2025-04-08,1904,Site,40,2,154.3
60544,26251,2025-04-08,1466,Site,42,1,29.77
60545,26252,2025-04-08,673,Site,91,1,89.51
60546,26252,2025-04-08,673,Site,4,1,40.07
60547,26252,2025-04-08,673,Site,111,1,10.2
60548,26252,2025-04-08,673,Site,25,1,26.68
60549,26253,2025-04-08,3571,Site,42,1,29.77
60550,26254,2025-04-08,5185,Boutique,94,1,39.04
60551,26254,2025-04-08,5185,Boutique,46,1,33.89
60552,26254,2025-04-08,5185,Boutique,88,1,21.53
60553,26255,2025-04-08,5225,Boutique,18,1,13.29
60554,26255,2025-04-08,5225,Boutique,82,1,79.21
60555,26256,2025-04-08,4858,Boutique,72,1,2.99
60556,26256,2025-04-08,4858,Boutique,45,1,66.85
60557,26257,2025-04-08,2987,Site,8,1,35.95
60558,26257,2025-04-08,2987,Site,74,1,21.53
60559,26257,2025-04-08,2987,Site,87,1,121.44
60560,26257,2025-04-08,2987,Site,6,1,44.19
60561,26258,2025-04-08,5425,Boutique,111,1,10.2
60562,26259,2025-04-08,5462,Boutique,100,1,22.56
60563,26259,2025-04-08,5462,Boutique,5,1,52.43
60564,26259,2025-04-08,5462,Boutique,44,1,22.56
60565,26259,2025-04-08,5462,Boutique,108,1,46.25
60566,26259,2025-04-08,5462,Boutique,106,3,135.66
60567,26260,2025-04-08,5453,Réseaux,102,1,20.5
60568,26260,2025-04-08,5453,Réseaux,44,1,22.56
60569,26261,2025-04-08,125,Boutique,23,1,20.5
60570,26261,2025-04-08,125,Boutique,29,2,115.16
60571,26262,2025-04-08,5500,Boutique,37,1,34.21
60572,26263,2025-04-08,2691,Boutique,67,2,5.98
60573,26263,2025-04-08,2691,Boutique,69,1,8.14
60574,26263,2025-04-08,2691,Boutique,107,1,15.35
60575,26264,2025-04-08,3557,Boutique,30,1,52.43
60576,26264,2025-04-08,3557,Boutique,112,1,26.68
60577,26265,2025-04-08,5444,Réseaux,110,1,26.68
60578,26265,2025-04-08,5444,Réseaux,108,1,46.25
60579,26265,2025-04-08,5444,Réseaux,24,1,34.92
60580,26265,2025-04-08,5444,Réseaux,45,1,66.85
60581,26266,2025-04-08,5338,Site,24,1,34.92
60582,26266,2025-04-08,5338,Site,21,1,13.29
60583,26267,2025-04-08,5134,Site,88,1,21.53
60584,26267,2025-04-08,5134,Site,73,1,5.05
60585,26268,2025-04-08,1373,Site,38,2,65.72
60586,26269,2025-04-08,1182,Site,109,1,28.74
60587,26269,2025-04-08,1182,Site,68,2,43.06
60588,26270,2025-04-08,259,Site,35,1,16.38
60589,26270,2025-04-08,259,Site,4,2,80.14
60590,26270,2025-04-08,259,Site,81,2,32.76
60591,26271,2025-04-08,818,Site,49,1,30.8
60592,26271,2025-04-08,818,Site,64,1,10.2
60593,26272,2025-04-08,75,Site,42,1,29.77
60594,26273,2025-04-08,4371,Site,74,1,20.45
60595,26274,2025-04-08,4409,Boutique,26,1,64.79
60596,26274,2025-04-08,4409,Boutique,44,1,22.56
60597,26275,2025-04-08,5437,Site,3,1,39.04
60598,26276,2025-04-08,2253,Site,20,1,27.3
60599,26276,2025-04-08,2253,Site,103,2,56.56
60600,26276,2025-04-08,2253,Site,94,1,37.09
60601,26277,2025-04-08,5263,Boutique,42,1,29.77
60602,26277,2025-04-08,5263,Boutique,92,1,12.26
60603,26277,2025-04-08,5263,Boutique,27,1,108.05
60604,26278,2025-04-08,4424,Site,22,1,52.43
60605,26278,2025-04-08,4424,Site,62,2,5.98
60606,26278,2025-04-08,4424,Site,15,1,12.26
60607,26278,2025-04-08,4424,Site,89,2,137.82
60608,26279,2025-04-08,3323,Réseaux,63,1,4.02
60609,26279,2025-04-08,3323,Réseaux,32,1,24.62
60610,26279,2025-04-08,3323,Réseaux,21,1,13.29
60611,26280,2025-04-08,2724,Boutique,12,1,39.04
60612,26281,2025-04-08,3009,Boutique,83,1,76.12
60613,26281,2025-04-08,3009,Boutique,2,1,40.07
60614,26281,2025-04-08,3009,Boutique,82,2,158.42
60615,26282,2025-04-08,5497,Site,26,1,58.31
60616,26282,2025-04-08,5497,Site,41,1,26.79
60617,26282,2025-04-08,5497,Site,81,2,29.48
60618,26283,2025-04-08,282,Boutique,94,2,78.08
60619,26283,2025-04-08,282,Boutique,5,1,52.43
60620,26283,2025-04-08,282,Boutique,52,1,50.37
60621,26284,2025-04-08,1613,Site,50,2,146.06
60622,26284,2025-04-08,1613,Site,31,1,22.56
60623,26285,2025-04-09,3652,Boutique,23,1,20.5
60624,26285,2025-04-09,3652,Boutique,7,1,17.41
60625,26286,2025-04-09,4461,Boutique,47,1,34.92
60626,26286,2025-04-09,4461,Boutique,32,1,24.62
60627,26286,2025-04-09,4461,Boutique,24,1,34.92
60628,26287,2025-04-09,1716,Boutique,101,1,19.47
60629,26287,2025-04-09,1716,Boutique,101,1,19.47
60630,26287,2025-04-09,1716,Boutique,5,2,104.86
60631,26287,2025-04-09,1716,Boutique,5,1,52.43
60632,26287,2025-04-09,1716,Boutique,44,1,22.56
60633,26288,2025-04-09,5524,Site,7,1,15.67
60634,26288,2025-04-09,5524,Site,45,1,60.16
60635,26288,2025-04-09,5524,Site,85,1,10.11
60636,26288,2025-04-09,5524,Site,97,1,7.33
60637,26289,2025-04-09,175,Site,52,1,50.37
60638,26289,2025-04-09,175,Site,112,1,26.68
60639,26290,2025-04-09,91,Site,96,2,24.52
60640,26290,2025-04-09,91,Site,85,1,11.23
60641,26290,2025-04-09,91,Site,91,1,89.51
60642,26291,2025-04-09,3987,Boutique,8,1,35.95
60643,26292,2025-04-09,4391,Site,3,1,39.04
60644,26292,2025-04-09,4391,Site,23,1,20.5
60645,26293,2025-04-09,4376,Site,19,1,30.8
60646,26294,2025-04-09,3505,Site,65,1,18.44
60647,26295,2025-04-09,1010,Boutique,53,1,20.5
60648,26296,2025-04-09,823,Réseaux,89,1,68.91
60649,26296,2025-04-09,823,Réseaux,86,1,157.49
60650,26297,2025-04-09,2755,Site,93,1,51.4
60651,26298,2025-04-09,1650,Réseaux,62,1,2.99
60652,26298,2025-04-09,1650,Réseaux,22,1,52.43
60653,26299,2025-04-09,1272,Boutique,23,1,20.5
60654,26299,2025-04-09,1272,Boutique,4,1,40.07
60655,26300,2025-04-09,4175,Boutique,31,1,22.56
60656,26300,2025-04-09,4175,Boutique,19,1,30.8
60657,26301,2025-04-09,1838,Boutique,23,1,20.5
60658,26302,2025-04-09,3677,Site,104,1,32.86
60659,26302,2025-04-09,3677,Site,11,1,59.64
60660,26303,2025-04-09,4622,Boutique,23,2,41.0
60661,26303,2025-04-09,4622,Boutique,103,1,29.77
60662,26303,2025-04-09,4622,Boutique,92,1,12.26
60663,26303,2025-04-09,4622,Boutique,73,1,5.05
60664,26303,2025-04-09,4622,Boutique,105,1,17.41
60665,26304,2025-04-09,2065,Site,87,1,121.44
60666,26304,2025-04-09,2065,Site,70,1,14.32
60667,26305,2025-04-09,358,Boutique,29,2,115.16
60668,26305,2025-04-09,358,Boutique,41,1,29.77
60669,26305,2025-04-09,358,Boutique,56,1,99.81
60670,26306,2025-04-09,3407,Site,85,1,11.23
60671,26306,2025-04-09,3407,Site,62,1,2.99
60672,26306,2025-04-09,3407,Site,50,1,73.03
60673,26307,2025-04-09,2246,Site,66,2,18.34
60674,26307,2025-04-09,2246,Site,70,1,14.32
60675,26308,2025-04-09,3393,Site,20,1,28.74
60676,26308,2025-04-09,3393,Site,43,1,24.62
60677,26309,2025-04-09,2289,Site,10,2,102.8
60678,26309,2025-04-09,2289,Site,43,1,24.62
60679,26309,2025-04-09,2289,Site,63,1,4.02
60680,26310,2025-04-09,3750,Site,112,1,26.68
60681,26310,2025-04-09,3750,Site,87,1,121.44
60682,26310,2025-04-09,3750,Site,82,1,79.21
60683,26311,2025-04-10,3265,Site,89,1,68.91
60684,26311,2025-04-10,3265,Site,49,1,30.8
60685,26312,2025-04-10,474,Site,82,1,79.21
60686,26312,2025-04-10,474,Site,57,1,17.41
60687,26312,2025-04-10,474,Site,24,1,34.92
60688,26313,2025-04-10,1019,Réseaux,27,1,108.05
60689,26313,2025-04-10,1019,Réseaux,3,1,39.04
60690,26314,2025-04-10,143,Boutique,90,1,74.06
60691,26315,2025-04-10,4479,Boutique,25,1,26.68
60692,26315,2025-04-10,4479,Boutique,64,1,10.2
60693,26316,2025-04-10,2913,Site,30,1,49.81
60694,26316,2025-04-10,2913,Site,41,1,28.28
60695,26317,2025-04-10,3619,Site,62,1,2.99
60696,26317,2025-04-10,3619,Site,23,1,20.5
60697,26317,2025-04-10,3619,Site,62,4,11.96
60698,26318,2025-04-10,1870,Site,11,1,59.64
60699,26318,2025-04-10,1870,Site,75,1,7.11
60700,26318,2025-04-10,1870,Site,63,1,4.02
60701,26319,2025-04-10,3665,Site,61,1,11.23
60702,26319,2025-04-10,3665,Site,50,1,73.03
60703,26320,2025-04-10,1772,Boutique,42,2,59.54
60704,26320,2025-04-10,1772,Boutique,63,1,4.02
60705,26320,2025-04-10,1772,Boutique,7,1,17.41
60706,26321,2025-04-10,3486,Boutique,17,1,15.56
60707,26321,2025-04-10,3486,Boutique,106,1,42.96
60708,26321,2025-04-10,3486,Boutique,101,1,18.5
60709,26322,2025-04-10,2371,Site,20,1,28.74
60710,26323,2025-04-10,743,Site,2,1,40.07
60711,26323,2025-04-10,743,Site,14,1,41.1
60712,26324,2025-04-10,1054,Site,61,1,11.23
60713,26324,2025-04-10,1054,Site,41,2,59.54
60714,26325,2025-04-10,1650,Réseaux,45,1,66.85
60715,26325,2025-04-10,1650,Réseaux,54,1,56.55
60716,26325,2025-04-10,1650,Réseaux,5,1,52.43
60717,26326,2025-04-10,4147,Site,53,3,61.5
60718,26326,2025-04-10,4147,Site,9,1,44.19
60719,26326,2025-04-10,4147,Site,25,1,26.68
60720,26327,2025-04-10,1225,Boutique,44,1,22.56
60721,26327,2025-04-10,1225,Boutique,46,1,33.89
60722,26328,2025-04-10,4441,Site,41,1,29.77
60723,26329,2025-04-10,2070,Boutique,37,1,38.01
60724,26330,2025-04-10,4149,Boutique,24,1,34.92
60725,26331,2025-04-10,1726,Réseaux,42,1,29.77
60726,26332,2025-04-10,2389,Boutique,12,2,78.08
60727,26333,2025-04-10,3993,Site,79,1,5.05
60728,26333,2025-04-10,3993,Site,25,2,53.36
60729,26334,2025-04-10,1382,Site,82,1,79.21
60730,26334,2025-04-10,1382,Site,1,1,44.19
60731,26335,2025-04-10,3274,Boutique,3,2,78.08
60732,26335,2025-04-10,3274,Boutique,21,1,13.29
60733,26336,2025-04-10,4931,Réseaux,66,1,9.17
60734,26336,2025-04-10,4931,Réseaux,38,1,32.86
60735,26337,2025-04-10,8,Réseaux,63,2,8.04
60736,26338,2025-04-10,1324,Site,14,1,41.1
60737,26338,2025-04-10,1324,Site,18,1,13.29
60738,26338,2025-04-10,1324,Site,2,1,40.07
60739,26338,2025-04-10,1324,Site,27,1,108.05
60740,26339,2025-04-10,5257,Boutique,21,2,26.58
60741,26339,2025-04-10,5257,Boutique,25,1,26.68
60742,26339,2025-04-10,5257,Boutique,82,1,79.21
60743,26340,2025-04-10,3242,Boutique,3,1,39.04
60744,26340,2025-04-10,3242,Boutique,7,1,17.41
60745,26341,2025-04-10,468,Boutique,25,1,26.68
60746,26342,2025-04-10,1569,Réseaux,28,1,50.37
60747,26343,2025-04-10,712,Réseaux,85,1,11.23
60748,26344,2025-04-10,2300,Réseaux,29,1,57.58
900019,26066,2025-04-01,4598,Boutique,21,1,-72.83
60749,26344,2025-04-10,2300,Réseaux,102,1,20.5
60750,26344,2025-04-10,2300,Réseaux,23,1,20.5
60751,26345,2025-04-10,29,Site,70,2,28.64
60752,26345,2025-04-10,29,Site,1,1,44.19
60753,26345,2025-04-10,29,Site,11,2,119.28
60754,26346,2025-04-10,1224,Réseaux,101,1,18.5
60755,26346,2025-04-10,1224,Réseaux,73,3,14.39
60756,26346,2025-04-10,1224,Réseaux,65,1,17.52
60757,26346,2025-04-10,1224,Réseaux,103,1,28.28
60758,26347,2025-04-10,494,Site,13,1,55.52
60759,26348,2025-04-10,2261,Réseaux,25,1,26.68
60760,26348,2025-04-10,2261,Réseaux,109,1,28.74
60761,26348,2025-04-10,2261,Réseaux,115,1,51.4
60762,26348,2025-04-10,2261,Réseaux,33,1,130.71
60763,26349,2025-04-10,75,Site,32,1,23.39
60764,26349,2025-04-10,75,Site,81,1,15.56
60765,26350,2025-04-11,4068,Site,108,2,92.5
60766,26350,2025-04-11,4068,Site,102,2,41.0
60767,26351,2025-04-11,5141,Réseaux,10,1,51.4
60768,26351,2025-04-11,5141,Réseaux,22,1,52.43
60769,26351,2025-04-11,5141,Réseaux,15,1,12.26
60770,26351,2025-04-11,5141,Réseaux,106,1,45.22
60771,26352,2025-04-11,4858,Boutique,103,4,119.08
60772,26352,2025-04-11,4858,Boutique,2,1,40.07
60773,26353,2025-04-11,3284,Site,71,1,21.53
60774,26354,2025-04-11,1718,Boutique,9,1,44.19
60775,26354,2025-04-11,1718,Boutique,11,1,59.64
60776,26354,2025-04-11,1718,Boutique,49,1,30.8
60777,26354,2025-04-11,1718,Boutique,22,1,52.43
60778,26355,2025-04-11,2527,Boutique,108,1,46.25
60779,26356,2025-04-11,5524,Boutique,106,1,40.7
60780,26356,2025-04-11,5524,Boutique,112,1,24.01
60781,26356,2025-04-11,5524,Boutique,17,1,14.74
60782,26356,2025-04-11,5524,Boutique,105,1,15.67
60783,26357,2025-04-11,1795,Boutique,21,1,13.29
60784,26357,2025-04-11,1795,Boutique,7,1,17.41
60785,26357,2025-04-11,1795,Boutique,13,1,55.52
60786,26358,2025-04-11,5137,Site,97,1,8.14
60787,26358,2025-04-11,5137,Site,25,1,26.68
60788,26358,2025-04-11,5137,Site,25,3,80.04
60789,26359,2025-04-11,478,Site,66,1,9.17
60790,26359,2025-04-11,478,Site,105,2,34.82
60791,26360,2025-04-11,5387,Boutique,108,2,92.5
60792,26360,2025-04-11,5387,Boutique,20,1,28.74
60793,26360,2025-04-11,5387,Boutique,41,2,59.54
60794,26360,2025-04-11,5387,Boutique,5,1,52.43
60795,26360,2025-04-11,5387,Boutique,11,1,59.64
60796,26361,2025-04-11,1668,Site,82,1,79.21
60797,26362,2025-04-11,2498,Site,46,3,101.67
60798,26363,2025-04-11,2284,Boutique,97,1,8.14
60799,26363,2025-04-11,2284,Boutique,30,1,52.43
60800,26363,2025-04-11,2284,Boutique,50,2,146.06
60801,26364,2025-04-11,795,Site,55,1,65.82
60802,26364,2025-04-11,795,Site,66,1,9.17
60803,26364,2025-04-11,795,Site,65,2,36.88
60804,26364,2025-04-11,795,Site,104,2,65.72
60805,26364,2025-04-11,795,Site,86,1,157.49
60806,26365,2025-04-11,4553,Site,29,3,172.74
60807,26365,2025-04-11,4553,Site,67,1,2.99
60808,26365,2025-04-11,4553,Site,47,1,34.92
60809,26366,2025-04-11,1705,Site,48,1,28.74
60810,26367,2025-04-11,4976,Site,69,1,8.14
60811,26367,2025-04-11,4976,Site,101,1,19.47
60812,26368,2025-04-11,1468,Boutique,71,1,21.53
60813,26368,2025-04-11,1468,Boutique,64,1,10.2
60814,26368,2025-04-11,1468,Boutique,18,1,13.29
60815,26368,2025-04-11,1468,Boutique,22,1,52.43
60816,26368,2025-04-11,1468,Boutique,3,2,78.08
60817,26368,2025-04-11,1468,Boutique,27,1,108.05
60818,26369,2025-04-11,881,Site,9,1,44.19
60819,26369,2025-04-11,881,Site,27,1,108.05
60820,26369,2025-04-11,881,Site,66,2,18.34
60821,26370,2025-04-11,3265,Site,44,2,45.12
60822,26370,2025-04-11,3265,Site,29,1,57.58
60823,26371,2025-04-11,2172,Site,21,1,13.29
60824,26371,2025-04-11,2172,Site,7,1,17.41
60825,26372,2025-04-11,1688,Site,73,1,5.05
60826,26372,2025-04-11,1688,Site,120,1,12.26
60827,26372,2025-04-11,1688,Site,101,1,19.47
60828,26372,2025-04-11,1688,Site,104,1,32.86
60829,26373,2025-04-11,2953,Boutique,54,1,56.55
60830,26373,2025-04-11,2953,Boutique,3,1,39.04
60831,26373,2025-04-11,2953,Boutique,119,1,58.61
60832,26373,2025-04-11,2953,Boutique,8,1,35.95
60833,26373,2025-04-11,2953,Boutique,41,1,29.77
60834,26374,2025-04-11,3164,Site,7,1,17.41
60835,26375,2025-04-11,1912,Boutique,3,1,39.04
60836,26376,2025-04-11,484,Boutique,7,1,17.41
60837,26376,2025-04-11,484,Boutique,116,1,70.97
60838,26377,2025-04-11,5253,Boutique,93,1,51.4
60839,26378,2025-04-11,1938,Site,43,1,23.39
60840,26378,2025-04-11,1938,Site,7,1,16.54
60841,26378,2025-04-11,1938,Site,74,1,20.45
60842,26379,2025-04-11,5106,Boutique,51,2,34.82
60843,26380,2025-04-11,441,Site,5,1,52.43
60844,26381,2025-04-11,1718,Boutique,43,1,24.62
60845,26381,2025-04-11,1718,Boutique,29,1,57.58
60846,26381,2025-04-11,1718,Boutique,60,1,31.83
60847,26381,2025-04-11,1718,Boutique,2,1,40.07
60848,26381,2025-04-11,1718,Boutique,5,1,52.43
60849,26382,2025-04-11,1051,Site,1,1,44.19
60850,26382,2025-04-11,1051,Site,42,1,29.77
60851,26382,2025-04-11,1051,Site,54,1,56.55
60852,26383,2025-04-11,1283,Site,81,1,16.38
60853,26383,2025-04-11,1283,Site,113,1,10.2
60854,26383,2025-04-11,1283,Site,76,1,18.44
60855,26383,2025-04-11,1283,Site,74,1,21.53
60856,26384,2025-04-11,4798,Site,7,1,17.41
60857,26385,2025-04-11,2736,Site,64,1,10.2
60858,26386,2025-04-11,4260,Site,1,1,44.19
60859,26387,2025-04-11,1107,Boutique,109,2,57.48
60860,26387,2025-04-11,1107,Boutique,8,1,35.95
60861,26388,2025-04-11,2455,Boutique,68,2,43.06
60862,26388,2025-04-11,2455,Boutique,26,1,64.79
60863,26389,2025-04-11,3468,Boutique,33,2,261.42
60864,26390,2025-04-11,262,Site,113,1,10.2
60865,26391,2025-04-11,2253,Site,4,1,40.07
60866,26391,2025-04-11,2253,Site,95,1,24.62
60867,26391,2025-04-11,2253,Site,45,2,133.7
60868,26391,2025-04-11,2253,Site,69,1,8.14
60869,26392,2025-04-11,1462,Site,44,1,22.56
60870,26392,2025-04-11,1462,Site,7,1,17.41
60871,26392,2025-04-11,1462,Site,3,1,39.04
60872,26393,2025-04-11,1011,Site,8,2,71.9
60873,26393,2025-04-11,1011,Site,45,1,66.85
60874,26394,2025-04-11,5030,Site,103,3,89.31
60875,26394,2025-04-11,5030,Site,70,2,28.64
60876,26394,2025-04-11,5030,Site,63,1,4.02
60877,26395,2025-04-11,3226,Site,57,1,17.41
60878,26395,2025-04-11,3226,Site,12,1,39.04
60879,26396,2025-04-12,5163,Boutique,102,1,20.5
60880,26396,2025-04-12,5163,Boutique,63,1,4.02
60881,26396,2025-04-12,5163,Boutique,9,1,44.19
60882,26397,2025-04-12,5347,Site,16,1,10.2
60883,26397,2025-04-12,5347,Site,5,2,104.86
60884,26397,2025-04-12,5347,Site,14,1,41.1
60885,26398,2025-04-12,1633,Boutique,87,4,485.76
60886,26398,2025-04-12,1633,Boutique,21,1,13.29
60887,26399,2025-04-12,5122,Boutique,58,1,36.98
60888,26399,2025-04-12,5122,Boutique,43,2,49.24
60889,26399,2025-04-12,5122,Boutique,87,4,485.76
60890,26399,2025-04-12,5122,Boutique,24,1,34.92
60891,26399,2025-04-12,5122,Boutique,87,1,121.44
60892,26400,2025-04-12,2489,Boutique,28,1,50.37
60893,26400,2025-04-12,2489,Boutique,64,1,10.2
60894,26401,2025-04-12,3378,Site,108,1,46.25
60895,26401,2025-04-12,3378,Site,67,1,2.99
60896,26402,2025-04-12,2223,Boutique,3,1,39.04
60897,26402,2025-04-12,2223,Boutique,28,1,50.37
60898,26402,2025-04-12,2223,Boutique,63,1,4.02
60899,26403,2025-04-12,873,Boutique,103,1,29.77
60900,26403,2025-04-12,873,Boutique,29,1,57.58
60901,26403,2025-04-12,873,Boutique,102,2,41.0
60902,26404,2025-04-12,3995,Site,91,1,89.51
60903,26404,2025-04-12,3995,Site,51,1,17.41
60904,26404,2025-04-12,3995,Site,12,1,39.04
60905,26405,2025-04-12,1110,Site,28,1,50.37
60906,26405,2025-04-12,1110,Site,101,1,19.47
60907,26406,2025-04-12,3627,Site,103,1,29.77
60908,26406,2025-04-12,3627,Site,84,4,90.24
60909,26406,2025-04-12,3627,Site,42,1,29.77
60910,26406,2025-04-12,3627,Site,81,1,16.38
60911,26407,2025-04-12,1844,Boutique,83,1,76.12
60912,26407,2025-04-12,1844,Boutique,23,1,20.5
60913,26407,2025-04-12,1844,Boutique,66,2,18.34
60914,26408,2025-04-12,1967,Réseaux,63,4,16.08
60915,26408,2025-04-12,1967,Réseaux,12,3,117.12
60916,26409,2025-04-12,2315,Boutique,64,2,20.4
60917,26410,2025-04-12,2616,Site,29,1,54.7
60918,26410,2025-04-12,2616,Site,48,2,54.61
60919,26411,2025-04-12,4128,Réseaux,42,1,29.77
60920,26411,2025-04-12,4128,Réseaux,3,2,78.08
60921,26412,2025-04-12,957,Site,71,1,21.53
60922,26413,2025-04-12,4061,Site,61,1,11.23
60923,26413,2025-04-12,4061,Site,68,1,21.53
60924,26414,2025-04-12,1716,Boutique,32,1,24.62
60925,26415,2025-04-12,3896,Site,1,4,176.76
60926,26415,2025-04-12,3896,Site,69,1,8.14
60927,26415,2025-04-12,3896,Site,71,1,21.53
60928,26415,2025-04-12,3896,Site,83,1,76.12
60929,26416,2025-04-12,567,Boutique,94,1,39.04
60930,26416,2025-04-12,567,Boutique,97,1,8.14
60931,26416,2025-04-12,567,Boutique,82,1,79.21
60932,26417,2025-04-12,2148,Réseaux,110,1,26.68
60933,26417,2025-04-12,2148,Réseaux,16,1,10.2
60934,26418,2025-04-12,1015,Boutique,105,2,34.82
60935,26418,2025-04-12,1015,Boutique,87,1,121.44
60936,26419,2025-04-12,3208,Boutique,47,1,34.92
60937,26419,2025-04-12,3208,Boutique,112,1,26.68
60938,26420,2025-04-12,2409,Site,25,1,26.68
60939,26420,2025-04-12,2409,Site,45,1,66.85
60940,26420,2025-04-12,2409,Site,39,1,66.85
900001,26110,2025-04-03,90001,Boutique,65,1,18.44
60941,26420,2025-04-12,2409,Site,110,1,26.68
60942,26421,2025-04-12,4776,Boutique,51,4,69.64
60943,26421,2025-04-12,4776,Boutique,48,3,86.22
60944,26421,2025-04-12,4776,Boutique,96,2,24.52
60945,26422,2025-04-12,2616,Réseaux,52,1,47.85
60946,26423,2025-04-12,3545,Boutique,45,1,66.85
60947,26423,2025-04-12,3545,Boutique,27,1,108.05
60948,26423,2025-04-12,3545,Boutique,54,1,56.55
60949,26424,2025-04-12,3425,Site,92,1,12.26
60950,26425,2025-04-12,1327,Site,102,1,20.5
60951,26425,2025-04-12,1327,Site,3,1,39.04
60952,26425,2025-04-12,1327,Site,65,1,18.44
60953,26425,2025-04-12,1327,Site,81,1,16.38
60954,26425,2025-04-12,1327,Site,39,1,66.85
60955,26425,2025-04-12,1327,Site,32,1,24.62
60956,26425,2025-04-12,1327,Site,42,1,29.77
60957,26425,2025-04-12,1327,Site,76,1,18.44
60958,26426,2025-04-12,5513,Boutique,36,1,68.91
60959,26426,2025-04-12,5513,Boutique,109,1,28.74
60960,26426,2025-04-12,5513,Boutique,60,2,63.66
60961,26426,2025-04-12,5513,Boutique,23,1,20.5
60962,26427,2025-04-12,5062,Site,104,1,32.86
60963,26428,2025-04-12,2557,Site,11,1,59.64
60964,26429,2025-04-12,1013,Boutique,1,1,44.19
60965,26429,2025-04-12,1013,Boutique,89,3,206.73
60966,26430,2025-04-12,4947,Site,36,1,68.91
60967,26431,2025-04-12,2305,Site,34,1,109.08
60968,26432,2025-04-12,316,Boutique,5,1,52.43
60969,26432,2025-04-12,316,Boutique,58,1,36.98
60970,26433,2025-04-12,4396,Site,50,1,73.03
60971,26434,2025-04-12,3854,Site,64,1,10.2
60972,26434,2025-04-12,3854,Site,8,1,35.95
60973,26434,2025-04-12,3854,Site,45,1,66.85
60974,26435,2025-04-12,533,Réseaux,49,1,30.8
60975,26435,2025-04-12,533,Réseaux,87,1,121.44
60976,26436,2025-04-12,3057,Site,22,1,49.81
60977,26436,2025-04-12,3057,Site,112,1,25.35
60978,26436,2025-04-12,3057,Site,52,1,47.85
60979,26436,2025-04-12,3057,Site,81,1,15.56
60980,26437,2025-04-12,2948,Boutique,42,1,29.77
60981,26437,2025-04-12,2948,Boutique,74,1,21.53
60982,26438,2025-04-12,5411,Boutique,62,1,2.99
60983,26438,2025-04-12,5411,Boutique,78,1,7.11
60984,26439,2025-04-12,711,Boutique,52,1,50.37
60985,26439,2025-04-12,711,Boutique,20,1,28.74
60986,26439,2025-04-12,711,Boutique,76,1,18.44
60987,26440,2025-04-12,2371,Site,79,1,5.05
60988,26441,2025-04-12,2458,Boutique,116,1,70.97
60989,26441,2025-04-12,2458,Boutique,68,1,21.53
60990,26441,2025-04-12,2458,Boutique,1,1,44.19
60991,26442,2025-04-12,28,Boutique,67,1,2.99
60992,26443,2025-04-12,2305,Réseaux,51,1,17.41
60993,26443,2025-04-12,2305,Réseaux,2,1,40.07
60994,26443,2025-04-12,2305,Réseaux,3,1,39.04
60995,26443,2025-04-12,2305,Réseaux,1,1,44.19
60996,26444,2025-04-12,400,Site,62,1,2.99
60997,26444,2025-04-12,400,Site,22,1,52.43
60998,26445,2025-04-12,5100,Boutique,22,1,52.43
60999,26445,2025-04-12,5100,Boutique,38,2,65.72
61000,26445,2025-04-12,5100,Boutique,98,1,93.63
61001,26446,2025-04-13,4915,Boutique,106,2,90.44
61002,26446,2025-04-13,4915,Boutique,8,1,35.95
61003,26447,2025-04-13,2320,Boutique,112,1,26.68
61004,26448,2025-04-13,2220,Site,113,1,10.2
61005,26448,2025-04-13,2220,Site,45,1,66.85
61006,26448,2025-04-13,2220,Site,88,1,21.53
61007,26448,2025-04-13,2220,Site,11,1,59.64
61008,26449,2025-04-13,600,Boutique,46,1,33.89
61009,26450,2025-04-13,640,Site,91,1,89.51
61010,26450,2025-04-13,640,Site,48,1,28.74
61011,26451,2025-04-13,251,Site,104,1,32.86
61012,26451,2025-04-13,251,Site,9,1,44.19
61013,26451,2025-04-13,251,Site,1,2,88.38
61014,26451,2025-04-13,251,Site,28,2,100.74
61015,26451,2025-04-13,251,Site,67,1,2.99
61016,26452,2025-04-13,2558,Site,87,1,121.44
61017,26453,2025-04-13,5349,Boutique,67,1,2.99
61018,26454,2025-04-13,5056,Site,4,1,40.07
61019,26455,2025-04-13,799,Boutique,85,1,10.67
61020,26455,2025-04-13,799,Boutique,6,1,41.98
61021,26456,2025-04-13,3005,Boutique,82,1,79.21
61022,26456,2025-04-13,3005,Boutique,96,1,12.26
61023,26457,2025-04-13,1432,Boutique,96,1,12.26
61024,26457,2025-04-13,1432,Boutique,81,1,16.38
61025,26457,2025-04-13,1432,Boutique,66,1,9.17
61026,26458,2025-04-13,3220,Site,24,1,34.92
61027,26459,2025-04-13,2851,Boutique,21,1,13.29
61028,26459,2025-04-13,2851,Boutique,46,4,135.56
61029,26460,2025-04-13,4166,Boutique,70,2,28.64
61030,26461,2025-04-13,4175,Boutique,96,1,12.26
61031,26461,2025-04-13,4175,Boutique,26,1,64.79
61032,26461,2025-04-13,4175,Boutique,34,1,109.08
61033,26462,2025-04-13,4125,Boutique,115,1,51.4
61034,26462,2025-04-13,4125,Boutique,114,1,19.47
61035,26462,2025-04-13,4125,Boutique,47,1,34.92
61036,26463,2025-04-13,68,Boutique,41,1,29.77
61037,26464,2025-04-13,1222,Site,72,1,2.99
61038,26465,2025-04-14,2778,Site,7,1,17.41
61039,26466,2025-04-14,4935,Boutique,43,1,24.62
61040,26466,2025-04-14,4935,Boutique,5,1,52.43
61041,26466,2025-04-14,4935,Boutique,24,1,34.92
61042,26467,2025-04-14,3545,Site,91,1,89.51
61043,26467,2025-04-14,3545,Site,114,1,19.47
61044,26468,2025-04-14,2632,Site,5,1,52.43
61045,26468,2025-04-14,2632,Site,85,1,11.23
61046,26468,2025-04-14,2632,Site,23,1,20.5
61047,26469,2025-04-14,4914,Boutique,89,1,68.91
61048,26470,2025-04-14,1936,Boutique,62,1,2.99
61049,26470,2025-04-14,1936,Boutique,74,1,21.53
61050,26470,2025-04-14,1936,Boutique,31,1,22.56
61051,26470,2025-04-14,1936,Boutique,34,1,109.08
61052,26470,2025-04-14,1936,Boutique,33,1,130.71
61053,26470,2025-04-14,1936,Boutique,79,1,5.05
61054,26471,2025-04-14,2324,Boutique,94,1,39.04
61055,26471,2025-04-14,2324,Boutique,29,1,57.58
61056,26471,2025-04-14,2324,Boutique,63,1,4.02
61057,26472,2025-04-14,12,Boutique,62,1,2.99
61058,26472,2025-04-14,12,Boutique,23,3,61.5
61059,26473,2025-04-14,2401,Site,28,1,50.37
61060,26473,2025-04-14,2401,Site,22,1,52.43
61061,26473,2025-04-14,2401,Site,105,1,17.41
61062,26473,2025-04-14,2401,Site,38,1,32.86
61063,26473,2025-04-14,2401,Site,12,1,39.04
61064,26474,2025-04-14,1943,Site,23,1,20.5
61065,26474,2025-04-14,1943,Site,33,1,130.71
61066,26475,2025-04-14,3252,Site,22,1,52.43
61067,26476,2025-04-14,422,Boutique,6,1,44.19
61068,26476,2025-04-14,422,Boutique,58,1,36.98
61069,26477,2025-04-14,274,Site,23,1,20.5
61070,26477,2025-04-14,274,Site,54,1,56.55
61071,26477,2025-04-14,274,Site,59,1,12.26
61072,26478,2025-04-14,4162,Site,63,1,4.02
61073,26479,2025-04-14,5009,Boutique,61,4,44.92
61074,26479,2025-04-14,5009,Boutique,69,2,16.28
61075,26480,2025-04-14,4592,Site,81,1,16.38
61076,26480,2025-04-14,4592,Site,86,1,157.49
61077,26481,2025-04-14,209,Boutique,66,2,18.34
61078,26481,2025-04-14,209,Boutique,27,1,108.05
61079,26482,2025-04-14,993,Boutique,3,1,39.04
61080,26482,2025-04-14,993,Boutique,112,1,26.68
61081,26482,2025-04-14,993,Boutique,109,1,28.74
61082,26483,2025-04-14,2813,Boutique,63,1,4.02
61083,26483,2025-04-14,2813,Boutique,65,1,18.44
61084,26483,2025-04-14,2813,Boutique,41,1,29.77
61085,26484,2025-04-14,3962,Boutique,82,1,79.21
61086,26484,2025-04-14,3962,Boutique,10,2,102.8
61087,26485,2025-04-14,3448,Boutique,26,3,194.37
61088,26485,2025-04-14,3448,Boutique,108,1,46.25
61089,26486,2025-04-14,1332,Site,114,1,19.47
61090,26486,2025-04-14,1332,Site,67,2,5.98
61091,26487,2025-04-14,2752,Site,1,1,44.19
61092,26487,2025-04-14,2752,Site,27,1,108.05
61093,26488,2025-04-14,5153,Site,23,1,20.5
61094,26489,2025-04-14,4136,Site,31,1,22.56
61095,26489,2025-04-14,4136,Site,14,1,41.1
61096,26489,2025-04-14,4136,Site,109,2,57.48
61097,26489,2025-04-14,4136,Site,66,1,9.17
61098,26490,2025-04-14,1546,Boutique,84,2,45.12
61099,26490,2025-04-14,1546,Boutique,48,1,28.74
61100,26491,2025-04-14,622,Site,26,1,64.79
61101,26491,2025-04-14,622,Site,7,1,17.41
61102,26491,2025-04-14,622,Site,21,1,13.29
61103,26491,2025-04-14,622,Site,43,1,24.62
61104,26492,2025-04-14,4837,Réseaux,85,1,11.23
61105,26492,2025-04-14,4837,Réseaux,42,1,29.77
61106,26492,2025-04-14,4837,Réseaux,39,1,66.85
61107,26492,2025-04-14,4837,Réseaux,57,1,17.41
61108,26493,2025-04-14,1010,Site,6,1,44.19
61109,26493,2025-04-14,1010,Site,23,1,20.5
61110,26494,2025-04-14,3546,Site,25,1,26.68
61111,26494,2025-04-14,3546,Site,25,2,53.36
61112,26495,2025-04-14,4302,Boutique,13,1,55.52
61113,26495,2025-04-14,4302,Boutique,96,1,12.26
61114,26495,2025-04-14,4302,Boutique,41,1,29.77
61115,26496,2025-04-14,2165,Boutique,2,1,38.07
61116,26496,2025-04-14,2165,Boutique,48,1,27.3
61117,26497,2025-04-14,1198,Site,70,1,14.32
61118,26498,2025-04-14,3138,Réseaux,15,1,12.26
61119,26498,2025-04-14,3138,Réseaux,53,1,20.5
61120,26498,2025-04-14,3138,Réseaux,61,1,11.23
61121,26498,2025-04-14,3138,Réseaux,62,1,2.99
61122,26499,2025-04-14,1217,Boutique,42,2,59.54
61123,26499,2025-04-14,1217,Boutique,1,1,44.19
61124,26499,2025-04-14,1217,Boutique,2,1,40.07
61125,26500,2025-04-15,1522,Boutique,64,1,9.69
61126,26501,2025-04-15,3551,Boutique,10,1,51.4
61127,26501,2025-04-15,3551,Boutique,70,1,14.32
61128,26501,2025-04-15,3551,Boutique,104,2,65.72
61129,26501,2025-04-15,3551,Boutique,83,1,76.12
61130,26502,2025-04-15,3456,Boutique,101,1,19.47
61131,26502,2025-04-15,3456,Boutique,5,1,52.43
61132,26502,2025-04-15,3456,Boutique,105,1,17.41
61133,26502,2025-04-15,3456,Boutique,104,1,32.86
61134,26502,2025-04-15,3456,Boutique,16,1,10.2
61135,26503,2025-04-15,1582,Boutique,42,1,28.28
61136,26503,2025-04-15,1582,Boutique,82,3,225.75
61137,26503,2025-04-15,1582,Boutique,73,1,4.8
61138,26504,2025-04-15,2526,Site,7,1,16.54
61139,26504,2025-04-15,2526,Site,74,2,40.91
61140,26505,2025-04-15,4547,Boutique,9,1,44.19
61141,26505,2025-04-15,4547,Boutique,44,1,22.56
61142,26506,2025-04-15,820,Site,41,1,29.77
61143,26506,2025-04-15,820,Site,50,1,73.03
61144,26506,2025-04-15,820,Site,66,2,18.34
61145,26506,2025-04-15,820,Site,102,1,20.5
61146,26506,2025-04-15,820,Site,88,1,21.53
61147,26506,2025-04-15,820,Site,81,1,16.38
61148,26507,2025-04-15,2685,Site,6,3,132.57
61149,26507,2025-04-15,2685,Site,40,1,77.15
61150,26507,2025-04-15,2685,Site,103,1,29.77
61151,26507,2025-04-15,2685,Site,88,1,21.53
61152,26507,2025-04-15,2685,Site,22,1,52.43
61153,26508,2025-04-15,1194,Site,41,1,29.77
61154,26508,2025-04-15,1194,Site,22,3,157.29
61155,26508,2025-04-15,1194,Site,89,1,68.91
61156,26509,2025-04-15,1306,Boutique,84,1,22.56
61157,26510,2025-04-15,2455,Site,43,1,24.62
61158,26510,2025-04-15,2455,Site,114,1,19.47
61159,26511,2025-04-15,654,Site,90,1,74.06
61160,26511,2025-04-15,654,Site,87,1,121.44
61161,26511,2025-04-15,654,Site,28,1,50.37
61162,26512,2025-04-15,1905,Site,65,1,18.44
61163,26512,2025-04-15,1905,Site,32,1,24.62
61164,26513,2025-04-15,4797,Boutique,85,1,11.23
61165,26513,2025-04-15,4797,Boutique,3,1,39.04
61166,26514,2025-04-15,581,Site,99,1,63.76
61167,26515,2025-04-15,2051,Boutique,7,1,16.54
61168,26515,2025-04-15,2051,Boutique,46,1,32.2
61169,26516,2025-04-15,1719,Site,81,1,16.38
61170,26516,2025-04-15,1719,Site,114,1,19.47
61171,26517,2025-04-15,5311,Boutique,31,1,22.56
61172,26517,2025-04-15,5311,Boutique,32,1,24.62
61173,26517,2025-04-15,5311,Boutique,61,1,11.23
61174,26517,2025-04-15,5311,Boutique,24,2,69.84
61175,26518,2025-04-15,4278,Boutique,31,2,45.12
61176,26518,2025-04-15,4278,Boutique,12,1,39.04
61177,26518,2025-04-15,4278,Boutique,99,1,63.76
61178,26519,2025-04-15,2991,Site,51,1,17.41
61179,26519,2025-04-15,2991,Site,15,2,24.52
61180,26520,2025-04-15,5180,Site,105,3,52.23
61181,26520,2025-04-15,5180,Site,16,2,20.4
61182,26521,2025-04-15,4207,Site,90,1,74.06
61183,26522,2025-04-15,5146,Site,25,1,25.35
61184,26522,2025-04-15,5146,Site,38,1,31.22
61185,26522,2025-04-15,5146,Site,6,1,41.98
61186,26522,2025-04-15,5146,Site,29,1,54.7
61187,26523,2025-04-15,2688,Réseaux,106,1,45.22
61188,26523,2025-04-15,2688,Réseaux,1,1,44.19
61189,26524,2025-04-15,2913,Boutique,56,2,189.64
61190,26525,2025-04-15,742,Boutique,101,1,19.47
61191,26525,2025-04-15,742,Boutique,101,1,19.47
61192,26525,2025-04-15,742,Boutique,63,1,4.02
61193,26526,2025-04-15,2172,Boutique,89,1,68.91
61194,26526,2025-04-15,2172,Boutique,117,1,12.26
61195,26527,2025-04-15,2977,Réseaux,88,1,21.53
61196,26528,2025-04-15,4236,Boutique,36,1,68.91
61197,26528,2025-04-15,4236,Boutique,4,2,80.14
61198,26528,2025-04-15,4236,Boutique,46,2,67.78
61199,26529,2025-04-15,5118,Réseaux,78,2,14.22
61200,26529,2025-04-15,5118,Réseaux,2,1,40.07
61201,26530,2025-04-16,2121,Boutique,44,1,22.56
61202,26530,2025-04-16,2121,Boutique,26,1,64.79
61203,26531,2025-04-16,5227,Boutique,89,1,68.91
61204,26532,2025-04-16,3180,Boutique,41,1,29.77
61205,26532,2025-04-16,3180,Boutique,88,1,21.53
61206,26532,2025-04-16,3180,Boutique,48,1,28.74
61207,26533,2025-04-16,4240,Site,52,2,100.74
61208,26533,2025-04-16,4240,Site,101,1,19.47
61209,26534,2025-04-16,4910,Site,105,1,17.41
61210,26535,2025-04-16,4259,Site,86,1,149.62
61211,26535,2025-04-16,4259,Site,23,2,38.95
61212,26536,2025-04-16,3707,Réseaux,75,1,7.11
61213,26536,2025-04-16,3707,Réseaux,42,1,29.77
61214,26536,2025-04-16,3707,Réseaux,85,1,11.23
61215,26536,2025-04-16,3707,Réseaux,21,1,13.29
61216,26536,2025-04-16,3707,Réseaux,109,1,28.74
61217,26537,2025-04-16,1572,Boutique,2,1,40.07
61218,26537,2025-04-16,1572,Boutique,66,1,9.17
61219,26538,2025-04-16,1584,Boutique,8,1,35.95
61220,26538,2025-04-16,1584,Boutique,119,2,117.22
61221,26538,2025-04-16,1584,Boutique,34,1,109.08
61222,26539,2025-04-16,1911,Boutique,85,1,11.23
61223,26539,2025-04-16,1911,Boutique,85,1,11.23
61224,26539,2025-04-16,1911,Boutique,83,1,76.12
61225,26540,2025-04-16,3607,Boutique,18,1,13.29
61226,26540,2025-04-16,3607,Boutique,42,1,29.77
61227,26541,2025-04-16,90,Boutique,69,1,8.14
61228,26541,2025-04-16,90,Boutique,24,1,34.92
61229,26542,2025-04-16,4317,Boutique,38,1,32.86
61230,26543,2025-04-16,217,Boutique,96,2,24.52
61231,26543,2025-04-16,217,Boutique,83,1,76.12
61232,26543,2025-04-16,217,Boutique,46,3,101.67
61233,26544,2025-04-16,4294,Site,81,1,16.38
61234,26544,2025-04-16,4294,Site,13,1,55.52
61235,26544,2025-04-16,4294,Site,54,1,56.55
61236,26544,2025-04-16,4294,Site,58,1,36.98
61237,26545,2025-04-16,3417,Site,78,1,7.11
61238,26546,2025-04-16,4782,Site,53,1,20.5
61239,26547,2025-04-16,3713,Boutique,22,3,157.29
61240,26548,2025-04-16,3537,Site,26,1,64.79
61241,26549,2025-04-16,5151,Boutique,24,1,34.92
61242,26549,2025-04-16,5151,Boutique,19,1,30.8
61243,26550,2025-04-16,3828,Boutique,30,1,52.43
61244,26551,2025-04-16,4931,Boutique,42,1,29.77
61245,26551,2025-04-16,4931,Boutique,16,1,10.2
61246,26551,2025-04-16,4931,Boutique,62,1,2.99
61247,26551,2025-04-16,4931,Boutique,42,1,29.77
61248,26552,2025-04-16,5543,Boutique,100,3,60.91
61249,26552,2025-04-16,5543,Boutique,5,1,47.19
61250,26552,2025-04-16,5543,Boutique,116,1,63.87
61251,26552,2025-04-16,5543,Boutique,82,1,71.29
61252,26552,2025-04-16,5543,Boutique,27,1,97.24
61253,26553,2025-04-16,1230,Réseaux,45,1,66.85
61254,26554,2025-04-16,4583,Site,46,2,67.78
61255,26555,2025-04-16,3373,Site,108,1,46.25
61256,26556,2025-04-16,3588,Site,4,1,38.07
61257,26556,2025-04-16,3588,Site,83,1,72.31
61258,26556,2025-04-16,3588,Site,111,1,9.69
61259,26557,2025-04-16,352,Boutique,37,1,38.01
61260,26557,2025-04-16,352,Boutique,68,1,21.53
61261,26557,2025-04-16,352,Boutique,75,1,7.11
61262,26557,2025-04-16,352,Boutique,29,1,57.58
61263,26558,2025-04-16,2771,Boutique,39,1,66.85
61264,26558,2025-04-16,2771,Boutique,81,1,16.38
61265,26558,2025-04-16,2771,Boutique,61,1,11.23
61266,26559,2025-04-16,5225,Site,71,1,21.53
61267,26559,2025-04-16,5225,Site,105,2,34.82
61268,26559,2025-04-16,5225,Site,118,1,12.26
61269,26559,2025-04-16,5225,Site,42,1,29.77
61270,26560,2025-04-16,2689,Site,36,1,68.91
61271,26561,2025-04-16,473,Site,24,1,34.92
61272,26561,2025-04-16,473,Site,88,1,21.53
61273,26562,2025-04-16,3757,Site,36,1,65.46
61274,26563,2025-04-16,2917,Site,22,1,52.43
61275,26563,2025-04-16,2917,Site,62,1,2.99
61276,26563,2025-04-16,2917,Site,104,1,32.86
61277,26564,2025-04-16,753,Réseaux,81,1,16.38
61278,26564,2025-04-16,753,Réseaux,13,1,55.52
61279,26564,2025-04-16,753,Réseaux,65,4,73.76
61280,26564,2025-04-16,753,Réseaux,43,1,24.62
61281,26565,2025-04-16,4726,Boutique,41,1,29.77
61282,26565,2025-04-16,4726,Boutique,6,1,44.19
61283,26565,2025-04-16,4726,Boutique,32,1,24.62
61284,26565,2025-04-16,4726,Boutique,112,1,26.68
61285,26565,2025-04-16,4726,Boutique,38,1,32.86
61286,26565,2025-04-16,4726,Boutique,36,2,137.82
61287,26566,2025-04-17,1726,Site,56,1,99.81
61288,26566,2025-04-17,1726,Site,4,1,40.07
61289,26566,2025-04-17,1726,Site,13,1,55.52
61290,26566,2025-04-17,1726,Site,4,1,40.07
61291,26567,2025-04-17,5519,Site,61,1,11.23
61292,26568,2025-04-17,5114,Réseaux,26,1,64.79
61293,26568,2025-04-17,5114,Réseaux,3,1,39.04
61294,26568,2025-04-17,5114,Réseaux,12,1,39.04
61295,26569,2025-04-17,3824,Boutique,21,1,12.63
61296,26569,2025-04-17,3824,Boutique,55,1,62.53
61297,26570,2025-04-17,2484,Site,83,1,76.12
61298,26571,2025-04-17,5145,Boutique,29,1,57.58
61299,26571,2025-04-17,5145,Boutique,43,1,24.62
61300,26571,2025-04-17,5145,Boutique,87,2,242.88
61301,26571,2025-04-17,5145,Boutique,66,1,9.17
61302,26572,2025-04-17,4858,Boutique,11,1,59.64
61303,26573,2025-04-17,4006,Site,100,1,22.56
61304,26574,2025-04-17,901,Boutique,76,2,36.88
61305,26574,2025-04-17,901,Boutique,28,1,50.37
61306,26575,2025-04-17,2685,Site,59,1,12.26
61307,26575,2025-04-17,2685,Site,34,1,109.08
61308,26576,2025-04-17,5348,Réseaux,2,1,40.07
61309,26576,2025-04-17,5348,Réseaux,85,2,22.46
61310,26577,2025-04-17,2798,Réseaux,61,1,10.67
61311,26577,2025-04-17,2798,Réseaux,60,1,30.24
61312,26578,2025-04-17,1542,Réseaux,41,1,29.77
61313,26578,2025-04-17,1542,Réseaux,61,1,11.23
61314,26578,2025-04-17,1542,Réseaux,48,1,28.74
61315,26579,2025-04-17,3188,Boutique,22,2,104.86
61316,26579,2025-04-17,3188,Boutique,32,1,24.62
61317,26579,2025-04-17,3188,Boutique,5,1,52.43
61318,26580,2025-04-17,4588,Boutique,114,1,19.47
61319,26580,2025-04-17,4588,Boutique,69,1,8.14
61320,26580,2025-04-17,4588,Boutique,112,1,26.68
61321,26580,2025-04-17,4588,Boutique,38,1,32.86
61322,26580,2025-04-17,4588,Boutique,4,1,40.07
61323,26581,2025-04-17,4986,Réseaux,42,1,29.77
61324,26582,2025-04-17,3265,Site,48,1,28.74
61325,26583,2025-04-17,821,Site,26,1,64.79
61326,26583,2025-04-17,821,Site,83,1,76.12
61327,26583,2025-04-17,821,Site,101,1,19.47
61328,26584,2025-04-17,247,Site,82,1,79.21
61329,26584,2025-04-17,247,Site,51,1,17.41
61330,26585,2025-04-17,1574,Boutique,8,1,35.95
61331,26585,2025-04-17,1574,Boutique,43,1,24.62
61332,26585,2025-04-17,1574,Boutique,13,2,111.04
61333,26585,2025-04-17,1574,Boutique,61,1,11.23
61334,26586,2025-04-17,1949,Site,36,1,68.91
61335,26586,2025-04-17,1949,Site,91,1,89.51
61336,26586,2025-04-17,1949,Site,61,1,11.23
61337,26587,2025-04-17,2312,Boutique,12,1,39.04
61338,26588,2025-04-17,980,Site,49,1,30.8
61339,26589,2025-04-17,742,Boutique,45,4,267.4
61340,26590,2025-04-17,2941,Boutique,110,1,26.68
61341,26591,2025-04-17,1749,Site,47,1,34.92
61342,26592,2025-04-17,3081,Site,84,1,22.56
61343,26593,2025-04-17,1898,Site,30,1,52.43
61344,26594,2025-04-17,821,Boutique,6,1,44.19
61345,26594,2025-04-17,821,Boutique,68,1,21.53
61346,26595,2025-04-17,2409,Site,102,1,20.5
61347,26596,2025-04-17,821,Boutique,2,1,40.07
61348,26596,2025-04-17,821,Boutique,116,1,70.97
61349,26596,2025-04-17,821,Boutique,24,2,69.84
61350,26597,2025-04-17,1676,Boutique,71,1,21.53
61351,26598,2025-04-17,1505,Boutique,16,1,10.2
61352,26598,2025-04-17,1505,Boutique,107,1,15.35
61353,26599,2025-04-17,2335,Site,48,2,57.48
61354,26599,2025-04-17,2335,Site,82,1,79.21
61355,26600,2025-04-17,2441,Boutique,94,2,78.08
61356,26600,2025-04-17,2441,Boutique,41,1,29.77
61357,26601,2025-04-17,50,Boutique,13,1,55.52
61358,26601,2025-04-17,50,Boutique,103,2,59.54
61359,26601,2025-04-17,50,Boutique,113,1,10.2
61360,26602,2025-04-17,4597,Site,25,1,26.68
61361,26602,2025-04-17,4597,Site,15,1,12.26
61362,26602,2025-04-17,4597,Site,102,1,20.5
61363,26603,2025-04-17,3212,Boutique,102,1,20.5
61364,26604,2025-04-18,4967,Boutique,23,1,20.5
61365,26604,2025-04-18,4967,Boutique,25,1,26.68
61366,26604,2025-04-18,4967,Boutique,42,2,59.54
61367,26605,2025-04-18,3412,Site,43,1,24.62
61368,26605,2025-04-18,3412,Site,25,2,53.36
61369,26605,2025-04-18,3412,Site,101,1,19.47
61370,26605,2025-04-18,3412,Site,93,1,51.4
61371,26606,2025-04-18,1073,Réseaux,82,1,79.21
61372,26606,2025-04-18,1073,Réseaux,9,1,44.19
61373,26607,2025-04-18,4370,Site,102,1,20.5
61374,26608,2025-04-18,2683,Boutique,5,1,52.43
61375,26608,2025-04-18,2683,Boutique,104,1,32.86
61376,26608,2025-04-18,2683,Boutique,5,1,52.43
61377,26608,2025-04-18,2683,Boutique,70,3,42.96
61378,26609,2025-04-18,3320,Site,21,1,13.29
61379,26610,2025-04-18,4592,Site,1,2,83.96
61380,26610,2025-04-18,4592,Site,94,1,37.09
61381,26610,2025-04-18,4592,Site,85,1,10.67
61382,26611,2025-04-18,1719,Site,50,1,73.03
61383,26611,2025-04-18,1719,Site,67,3,8.97
61384,26611,2025-04-18,1719,Site,12,3,117.12
61385,26611,2025-04-18,1719,Site,39,1,66.85
61386,26612,2025-04-18,5279,Site,27,1,108.05
61387,26612,2025-04-18,5279,Site,94,1,39.04
61388,26613,2025-04-18,1633,Site,61,1,11.23
61389,26613,2025-04-18,1633,Site,74,1,21.53
61390,26614,2025-04-18,5033,Boutique,83,1,76.12
61391,26615,2025-04-18,5225,Site,22,1,52.43
61392,26615,2025-04-18,5225,Site,21,1,13.29
61393,26615,2025-04-18,5225,Site,5,4,209.72
61394,26616,2025-04-18,2425,Boutique,5,1,52.43
61395,26617,2025-04-18,2894,Boutique,26,1,64.79
61396,26618,2025-04-18,556,Boutique,4,1,40.07
61397,26618,2025-04-18,556,Boutique,103,1,29.77
61398,26618,2025-04-18,556,Boutique,100,1,22.56
61399,26618,2025-04-18,556,Boutique,62,1,2.99
61400,26619,2025-04-18,2389,Réseaux,25,1,26.68
61401,26619,2025-04-18,2389,Réseaux,77,1,22.56
61402,26620,2025-04-18,5138,Site,26,1,64.79
61403,26620,2025-04-18,5138,Site,103,1,29.77
61404,26620,2025-04-18,5138,Site,45,1,66.85
61405,26621,2025-04-18,1765,Réseaux,103,2,59.54
61406,26622,2025-04-18,3492,Boutique,22,1,52.43
61407,26622,2025-04-18,3492,Boutique,41,1,29.77
61408,26623,2025-04-18,205,Site,28,1,50.37
61409,26623,2025-04-18,205,Site,1,1,44.19
61410,26623,2025-04-18,205,Site,1,1,44.19
61411,26623,2025-04-18,205,Site,117,1,12.26
61412,26624,2025-04-18,5539,Boutique,105,2,31.34
61413,26624,2025-04-18,5539,Boutique,1,1,39.77
61414,26624,2025-04-18,5539,Boutique,45,1,60.16
61415,26624,2025-04-18,5539,Boutique,27,1,97.24
61416,26625,2025-04-18,5195,Boutique,53,1,20.5
61417,26625,2025-04-18,5195,Boutique,25,1,26.68
61418,26626,2025-04-18,680,Site,87,3,364.32
61419,26627,2025-04-18,70,Boutique,72,1,2.99
61420,26627,2025-04-18,70,Boutique,47,1,34.92
61421,26628,2025-04-18,2735,Boutique,4,1,40.07
61422,26628,2025-04-18,2735,Boutique,17,1,16.38
61423,26628,2025-04-18,2735,Boutique,66,1,9.17
61424,26629,2025-04-18,1993,Site,65,1,18.44
61425,26629,2025-04-18,1993,Site,23,1,20.5
61426,26630,2025-04-18,802,Site,47,1,34.92
61427,26630,2025-04-18,802,Site,65,1,18.44
61428,26630,2025-04-18,802,Site,1,2,88.38
61429,26631,2025-04-18,4231,Boutique,83,1,76.12
61430,26632,2025-04-18,3641,Réseaux,34,1,103.63
61431,26632,2025-04-18,3641,Réseaux,14,1,39.04
61432,26633,2025-04-18,571,Site,9,1,44.19
61433,26633,2025-04-18,571,Site,96,1,12.26
61434,26633,2025-04-18,571,Site,24,1,34.92
61435,26634,2025-04-18,4262,Boutique,84,1,22.56
61436,26634,2025-04-18,4262,Boutique,116,1,70.97
61437,26635,2025-04-18,1860,Boutique,12,1,39.04
61438,26635,2025-04-18,1860,Boutique,76,2,36.88
61439,26635,2025-04-18,1860,Boutique,19,1,30.8
61440,26635,2025-04-18,1860,Boutique,2,1,40.07
61441,26636,2025-04-18,4614,Site,102,1,20.5
61442,26636,2025-04-18,4614,Site,114,1,19.47
61443,26636,2025-04-18,4614,Site,62,1,2.99
61444,26637,2025-04-18,789,Site,69,1,8.14
61445,26637,2025-04-18,789,Site,24,1,34.92
61446,26637,2025-04-18,789,Site,61,1,11.23
61447,26638,2025-04-18,4961,Réseaux,59,1,12.26
61448,26638,2025-04-18,4961,Réseaux,62,1,2.99
61449,26639,2025-04-18,3803,Site,67,2,5.98
61450,26639,2025-04-18,3803,Site,34,1,109.08
61451,26640,2025-04-18,821,Site,41,2,56.56
61452,26640,2025-04-18,821,Site,89,1,65.46
61453,26640,2025-04-18,821,Site,27,1,102.65
61454,26641,2025-04-18,4693,Boutique,41,1,29.77
61455,26641,2025-04-18,4693,Boutique,81,1,16.38
61456,26641,2025-04-18,4693,Boutique,50,1,73.03
61457,26642,2025-04-18,4325,Boutique,21,1,13.29
61458,26643,2025-04-18,2335,Site,17,1,16.38
61459,26643,2025-04-18,2335,Site,98,1,93.63
61460,26644,2025-04-18,1596,Boutique,5,1,52.43
61461,26645,2025-04-18,3371,Boutique,29,1,57.58
61462,26646,2025-04-18,5137,Réseaux,43,1,24.62
61463,26646,2025-04-18,5137,Réseaux,71,1,21.53
61464,26646,2025-04-18,5137,Réseaux,68,1,21.53
61465,26647,2025-04-18,2695,Site,81,1,16.38
61466,26648,2025-04-18,3081,Boutique,10,1,51.4
61467,26648,2025-04-18,3081,Boutique,41,1,29.77
61468,26649,2025-04-19,4919,Boutique,106,1,45.22
61469,26649,2025-04-19,4919,Boutique,65,1,18.44
61470,26649,2025-04-19,4919,Boutique,52,1,50.37
61471,26649,2025-04-19,4919,Boutique,104,1,32.86
61472,26649,2025-04-19,4919,Boutique,57,1,17.41
61473,26650,2025-04-19,4199,Boutique,49,1,30.8
61474,26650,2025-04-19,4199,Boutique,11,1,59.64
61475,26651,2025-04-19,863,Boutique,81,1,16.38
61476,26651,2025-04-19,863,Boutique,43,1,24.62
61477,26651,2025-04-19,863,Boutique,6,2,88.38
61478,26651,2025-04-19,863,Boutique,41,1,29.77
61479,26652,2025-04-19,2673,Réseaux,51,1,17.41
61480,26652,2025-04-19,2673,Réseaux,2,1,40.07
61481,26653,2025-04-19,1596,Boutique,45,1,66.85
61482,26653,2025-04-19,1596,Boutique,49,1,30.8
61483,26653,2025-04-19,1596,Boutique,71,2,43.06
61484,26654,2025-04-19,1198,Boutique,101,1,19.47
61485,26654,2025-04-19,1198,Boutique,12,1,39.04
61486,26654,2025-04-19,1198,Boutique,6,1,44.19
61487,26655,2025-04-19,1491,Réseaux,43,1,24.62
61488,26655,2025-04-19,1491,Réseaux,103,1,29.77
61489,26655,2025-04-19,1491,Réseaux,81,1,16.38
61490,26656,2025-04-19,2987,Boutique,25,1,26.68
61491,26656,2025-04-19,2987,Boutique,1,2,88.38
61492,26656,2025-04-19,2987,Boutique,87,1,121.44
61493,26656,2025-04-19,2987,Boutique,4,1,40.07
61494,26657,2025-04-19,3963,Site,67,1,2.99
61495,26658,2025-04-19,4409,Site,89,1,68.91
61496,26658,2025-04-19,4409,Site,75,1,7.11
61497,26659,2025-04-19,391,Site,1,1,44.19
61498,26659,2025-04-19,391,Site,44,1,22.56
61499,26660,2025-04-19,1679,Boutique,90,1,70.36
61500,26660,2025-04-19,1679,Boutique,76,3,52.55
61501,26661,2025-04-19,3700,Site,7,1,17.41
61502,26661,2025-04-19,3700,Site,21,1,13.29
61503,26661,2025-04-19,3700,Site,10,2,102.8
61504,26662,2025-04-19,1171,Site,34,1,109.08
61505,26662,2025-04-19,1171,Site,64,1,10.2
61506,26662,2025-04-19,1171,Site,88,1,21.53
61507,26663,2025-04-19,4232,Site,88,1,21.53
61508,26664,2025-04-19,1322,Boutique,110,1,26.68
61509,26664,2025-04-19,1322,Boutique,5,1,52.43
61510,26665,2025-04-19,3310,Boutique,56,1,99.81
61511,26666,2025-04-19,4805,Boutique,110,1,26.68
61512,26666,2025-04-19,4805,Boutique,1,1,44.19
61513,26666,2025-04-19,4805,Boutique,6,1,44.19
61514,26667,2025-04-19,3941,Site,65,1,18.44
61515,26668,2025-04-19,1885,Réseaux,6,2,88.38
61516,26668,2025-04-19,1885,Réseaux,83,1,76.12
61517,26669,2025-04-19,5237,Boutique,108,1,46.25
61518,26669,2025-04-19,5237,Boutique,104,1,32.86
61519,26670,2025-04-19,1896,Boutique,53,1,20.5
61520,26670,2025-04-19,1896,Boutique,73,1,5.05
61521,26670,2025-04-19,1896,Boutique,96,1,12.26
61522,26671,2025-04-19,1985,Site,104,1,32.86
61523,26671,2025-04-19,1985,Site,41,1,29.77
61524,26671,2025-04-19,1985,Site,92,1,12.26
61525,26672,2025-04-19,2862,Site,43,1,24.62
61526,26672,2025-04-19,2862,Site,6,1,44.19
61527,26673,2025-04-19,4790,Boutique,88,1,21.53
61528,26673,2025-04-19,4790,Boutique,2,1,40.07
61529,26673,2025-04-19,4790,Boutique,23,1,20.5
61530,26674,2025-04-19,1113,Boutique,62,2,5.98
61531,26675,2025-04-19,1384,Boutique,55,1,65.82
61532,26675,2025-04-19,1384,Boutique,62,1,2.99
61533,26675,2025-04-19,1384,Boutique,2,1,40.07
61534,26676,2025-04-19,1191,Boutique,47,3,104.76
61535,26676,2025-04-19,1191,Boutique,115,1,51.4
61536,26676,2025-04-19,1191,Boutique,42,2,59.54
61537,26677,2025-04-19,3927,Boutique,46,1,33.89
61538,26677,2025-04-19,3927,Boutique,25,1,26.68
61539,26677,2025-04-19,3927,Boutique,57,1,17.41
61540,26677,2025-04-19,3927,Boutique,61,1,11.23
61541,26678,2025-04-19,1054,Site,13,1,52.74
61542,26679,2025-04-19,5467,Site,83,1,76.12
61543,26680,2025-04-19,253,Site,43,1,24.62
61544,26681,2025-04-19,3408,Site,19,1,30.8
61545,26682,2025-04-19,3130,Boutique,102,1,20.5
61546,26683,2025-04-19,241,Boutique,34,1,109.08
61547,26684,2025-04-19,9,Boutique,49,1,30.8
61548,26684,2025-04-19,9,Boutique,48,1,28.74
61549,26685,2025-04-19,4886,Site,107,1,15.35
61550,26685,2025-04-19,4886,Site,96,2,24.52
61551,26685,2025-04-19,4886,Site,49,1,30.8
61552,26685,2025-04-19,4886,Site,4,1,40.07
61553,26686,2025-04-19,2836,Boutique,28,2,100.74
61554,26686,2025-04-19,2836,Boutique,105,1,17.41
61555,26686,2025-04-19,2836,Boutique,2,1,40.07
61556,26687,2025-04-19,4031,Site,104,3,98.58
61557,26687,2025-04-19,4031,Site,37,4,152.04
61558,26687,2025-04-19,4031,Site,45,1,66.85
61559,26688,2025-04-19,2575,Réseaux,71,1,21.53
61560,26688,2025-04-19,2575,Réseaux,65,1,18.44
61561,26689,2025-04-19,85,Boutique,44,1,22.56
61562,26689,2025-04-19,85,Boutique,72,1,2.99
61563,26689,2025-04-19,85,Boutique,92,1,12.26
61564,26690,2025-04-19,4141,Réseaux,82,1,79.21
61565,26690,2025-04-19,4141,Réseaux,48,1,28.74
61566,26691,2025-04-19,3962,Site,33,1,130.71
61567,26691,2025-04-19,3962,Site,62,1,2.99
61568,26691,2025-04-19,3962,Site,87,1,121.44
61569,26692,2025-04-19,1650,Boutique,45,1,66.85
61570,26692,2025-04-19,1650,Boutique,84,1,22.56
61571,26692,2025-04-19,1650,Boutique,64,2,20.4
61572,26693,2025-04-19,1028,Site,69,1,7.73
61573,26693,2025-04-19,1028,Site,89,1,65.46
61574,26693,2025-04-19,1028,Site,6,2,83.96
61575,26694,2025-04-19,537,Boutique,105,1,17.41
61576,26694,2025-04-19,537,Boutique,36,4,275.64
61577,26695,2025-04-19,798,Boutique,116,1,70.97
61578,26695,2025-04-19,798,Boutique,63,1,4.02
61579,26695,2025-04-19,798,Boutique,5,1,52.43
61580,26696,2025-04-20,1679,Boutique,43,1,24.62
61581,26696,2025-04-20,1679,Boutique,88,1,21.53
61582,26696,2025-04-20,1679,Boutique,69,2,16.28
61583,26696,2025-04-20,1679,Boutique,101,1,19.47
61584,26696,2025-04-20,1679,Boutique,96,1,12.26
61585,26697,2025-04-20,3545,Boutique,12,1,39.04
61586,26697,2025-04-20,3545,Boutique,42,1,29.77
61587,26698,2025-04-20,15,Site,25,1,26.68
61588,26698,2025-04-20,15,Site,113,1,10.2
61589,26699,2025-04-20,3181,Boutique,54,1,56.55
61590,26699,2025-04-20,3181,Boutique,44,1,22.56
61591,26700,2025-04-20,19,Site,44,1,22.56
61592,26700,2025-04-20,19,Site,41,1,29.77
61593,26701,2025-04-20,1021,Site,51,1,17.41
61594,26701,2025-04-20,1021,Site,66,1,9.17
61595,26702,2025-04-20,3765,Boutique,48,1,28.74
61596,26703,2025-04-20,1968,Site,23,1,19.47
61597,26704,2025-04-20,1877,Site,4,1,40.07
61598,26704,2025-04-20,1877,Site,41,1,29.77
61599,26705,2025-04-20,3614,Site,83,1,76.12
61600,26705,2025-04-20,3614,Site,39,1,66.85
61601,26705,2025-04-20,3614,Site,45,1,66.85
61602,26706,2025-04-20,5155,Boutique,86,1,157.49
61603,26706,2025-04-20,5155,Boutique,43,1,24.62
61604,26707,2025-04-20,4328,Site,101,1,19.47
61605,26707,2025-04-20,4328,Site,64,1,10.2
61606,26707,2025-04-20,4328,Site,8,1,35.95
61607,26708,2025-04-20,91,Réseaux,120,1,12.26
61608,26708,2025-04-20,91,Réseaux,84,2,45.12
61609,26709,2025-04-20,2722,Boutique,70,1,14.32
61610,26709,2025-04-20,2722,Boutique,13,1,55.52
61611,26709,2025-04-20,2722,Boutique,65,1,18.44
61612,26709,2025-04-20,2722,Boutique,46,1,33.89
61613,26710,2025-04-20,3736,Site,4,1,40.07
61614,26710,2025-04-20,3736,Site,96,2,24.52
61615,26710,2025-04-20,3736,Site,62,1,2.99
61616,26711,2025-04-20,1126,Site,45,1,66.85
61617,26711,2025-04-20,1126,Site,20,1,28.74
61618,26711,2025-04-20,1126,Site,67,2,5.98
61619,26711,2025-04-20,1126,Site,82,2,158.42
61620,26712,2025-04-20,4790,Boutique,93,1,51.4
61621,26712,2025-04-20,4790,Boutique,72,1,2.99
61622,26713,2025-04-20,4118,Site,71,1,21.53
61623,26714,2025-04-20,764,Boutique,12,1,39.04
61624,26715,2025-04-20,351,Site,25,2,53.36
61625,26715,2025-04-20,351,Site,3,1,39.04
61626,26716,2025-04-20,60,Boutique,61,2,22.46
61627,26717,2025-04-20,834,Boutique,65,1,18.44
61628,26717,2025-04-20,834,Boutique,15,1,12.26
61629,26717,2025-04-20,834,Boutique,47,1,34.92
61630,26717,2025-04-20,834,Boutique,64,1,10.2
61631,26717,2025-04-20,834,Boutique,1,1,44.19
61632,26718,2025-04-20,5308,Réseaux,116,1,70.97
61633,26718,2025-04-20,5308,Réseaux,69,1,8.14
61634,26718,2025-04-20,5308,Réseaux,93,1,51.4
61635,26719,2025-04-20,4599,Boutique,84,1,22.56
61636,26719,2025-04-20,4599,Boutique,12,1,39.04
61637,26720,2025-04-20,5161,Réseaux,82,1,79.21
61638,26720,2025-04-20,5161,Réseaux,4,1,40.07
61639,26721,2025-04-20,3499,Boutique,44,1,22.56
61640,26721,2025-04-20,3499,Boutique,17,1,16.38
61641,26722,2025-04-20,2409,Boutique,118,1,12.26
61642,26722,2025-04-20,2409,Boutique,24,1,34.92
61643,26723,2025-04-21,1859,Boutique,5,1,52.43
61644,26724,2025-04-21,2161,Site,72,2,5.98
61645,26724,2025-04-21,2161,Site,29,1,57.58
61646,26724,2025-04-21,2161,Site,26,1,64.79
61647,26724,2025-04-21,2161,Site,71,1,21.53
61648,26725,2025-04-21,1290,Site,104,1,32.86
61649,26725,2025-04-21,1290,Site,109,1,28.74
61650,26725,2025-04-21,1290,Site,87,1,121.44
61651,26725,2025-04-21,1290,Site,6,1,44.19
61652,26726,2025-04-21,1466,Boutique,107,1,15.35
61653,26726,2025-04-21,1466,Boutique,41,2,59.54
61654,26726,2025-04-21,1466,Boutique,38,1,32.86
61655,26726,2025-04-21,1466,Boutique,2,1,40.07
61656,26727,2025-04-21,4429,Boutique,1,1,41.98
61657,26727,2025-04-21,4429,Boutique,31,1,21.43
61658,26727,2025-04-21,4429,Boutique,61,1,10.67
61659,26728,2025-04-21,738,Boutique,27,1,108.05
61660,26729,2025-04-21,3886,Boutique,65,1,18.44
61661,26730,2025-04-21,2471,Boutique,102,1,20.5
61662,26730,2025-04-21,2471,Boutique,88,3,64.59
61663,26731,2025-04-21,546,Site,105,1,17.41
61664,26731,2025-04-21,546,Site,23,2,41.0
61665,26732,2025-04-21,2953,Site,90,1,74.06
61666,26732,2025-04-21,2953,Site,44,2,45.12
61667,26732,2025-04-21,2953,Site,2,1,40.07
61668,26733,2025-04-21,1803,Boutique,22,1,52.43
61669,26733,2025-04-21,1803,Boutique,59,1,12.26
61670,26733,2025-04-21,1803,Boutique,104,1,32.86
61671,26734,2025-04-21,1712,Boutique,16,1,10.2
61672,26734,2025-04-21,1712,Boutique,24,1,34.92
61673,26735,2025-04-21,2545,Site,8,1,35.95
61674,26735,2025-04-21,2545,Site,71,1,21.53
61675,26736,2025-04-21,72,Boutique,34,1,109.08
61676,26736,2025-04-21,72,Boutique,42,2,59.54
61677,26737,2025-04-21,4375,Site,104,1,32.86
61678,26737,2025-04-21,4375,Site,89,1,68.91
61679,26737,2025-04-21,4375,Site,30,1,52.43
61680,26737,2025-04-21,4375,Site,55,1,65.82
61681,26738,2025-04-21,547,Site,63,2,8.04
61682,26739,2025-04-21,4830,Site,34,1,109.08
61683,26739,2025-04-21,4830,Site,84,1,22.56
61684,26739,2025-04-21,4830,Site,44,1,22.56
61685,26739,2025-04-21,4830,Site,22,1,52.43
61686,26739,2025-04-21,4830,Site,81,1,16.38
61687,26739,2025-04-21,4830,Site,71,1,21.53
61688,26740,2025-04-21,2957,Boutique,71,1,21.53
61689,26740,2025-04-21,2957,Boutique,95,1,24.62
61690,26741,2025-04-21,3478,Site,2,1,40.07
61691,26742,2025-04-21,2882,Boutique,90,1,74.06
61692,26742,2025-04-21,2882,Boutique,42,1,29.77
61693,26743,2025-04-21,1716,Site,9,1,44.19
61694,26743,2025-04-21,1716,Site,103,1,29.77
61695,26743,2025-04-21,1716,Site,50,1,73.03
61696,26744,2025-04-21,2401,Site,43,1,24.62
61697,26745,2025-04-21,3902,Boutique,38,1,32.86
61698,26745,2025-04-21,3902,Boutique,1,1,44.19
61699,26746,2025-04-21,3106,Boutique,73,1,4.8
900013,26050,2025-04-01,90013,Boutique,46,1,32.2
61700,26746,2025-04-21,3106,Boutique,29,1,54.7
61701,26746,2025-04-21,3106,Boutique,90,1,70.36
61702,26747,2025-04-21,3493,Réseaux,52,1,50.37
61703,26747,2025-04-21,3493,Réseaux,21,1,13.29
61704,26748,2025-04-21,1360,Site,97,1,8.14
61705,26748,2025-04-21,1360,Site,36,2,137.82
61706,26748,2025-04-21,1360,Site,98,1,93.63
61707,26748,2025-04-21,1360,Site,39,2,133.7
61708,26749,2025-04-21,822,Site,74,1,21.53
61709,26749,2025-04-21,822,Site,62,1,2.99
61710,26749,2025-04-21,822,Site,91,1,89.51
61711,26750,2025-04-21,1772,Site,6,2,88.38
61712,26751,2025-04-21,3092,Site,45,4,254.03
61713,26751,2025-04-21,3092,Site,106,1,42.96
61714,26751,2025-04-21,3092,Site,40,1,73.29
61715,26751,2025-04-21,3092,Site,99,1,60.57
61716,26751,2025-04-21,3092,Site,115,2,97.66
61717,26752,2025-04-21,172,Réseaux,62,2,5.98
61718,26752,2025-04-21,172,Réseaux,65,1,18.44
61719,26753,2025-04-21,3265,Site,87,2,242.88
61720,26754,2025-04-21,3975,Boutique,104,1,32.86
61721,26754,2025-04-21,3975,Boutique,26,1,64.79
61722,26755,2025-04-21,1533,Site,105,1,17.41
61723,26755,2025-04-21,1533,Site,77,1,22.56
61724,26755,2025-04-21,1533,Site,110,1,26.68
61725,26756,2025-04-21,3775,Réseaux,73,1,5.05
61726,26756,2025-04-21,3775,Réseaux,103,1,29.77
61727,26756,2025-04-21,3775,Réseaux,44,1,22.56
61728,26757,2025-04-22,3649,Boutique,69,1,7.73
61729,26757,2025-04-22,3649,Boutique,102,2,38.95
61730,26757,2025-04-22,3649,Boutique,47,1,33.17
61731,26757,2025-04-22,3649,Boutique,13,1,52.74
61732,26758,2025-04-22,2719,Réseaux,22,1,49.81
61733,26758,2025-04-22,2719,Réseaux,62,2,5.68
61734,26759,2025-04-22,4084,Site,96,1,12.26
61735,26759,2025-04-22,4084,Site,55,1,65.82
61736,26760,2025-04-22,2975,Site,8,3,107.85
61737,26761,2025-04-22,1279,Site,110,1,26.68
61738,26761,2025-04-22,1279,Site,66,1,9.17
61739,26761,2025-04-22,1279,Site,48,1,28.74
61740,26762,2025-04-22,2276,Boutique,24,1,34.92
61741,26762,2025-04-22,2276,Boutique,79,1,5.05
61742,26763,2025-04-22,1041,Site,104,1,32.86
61743,26764,2025-04-22,1854,Site,22,1,52.43
61744,26764,2025-04-22,1854,Site,109,1,28.74
61745,26764,2025-04-22,1854,Site,27,1,108.05
61746,26764,2025-04-22,1854,Site,107,1,15.35
61747,26765,2025-04-22,2180,Boutique,41,3,89.31
61748,26766,2025-04-22,3158,Site,45,1,66.85
61749,26767,2025-04-22,5188,Site,4,1,40.07
61750,26767,2025-04-22,5188,Site,44,1,22.56
61751,26768,2025-04-22,4946,Boutique,81,1,16.38
61752,26769,2025-04-22,90,Boutique,25,1,26.68
61753,26769,2025-04-22,90,Boutique,16,1,10.2
61754,26770,2025-04-22,2577,Boutique,60,1,31.83
61755,26770,2025-04-22,2577,Boutique,107,3,46.05
61756,26770,2025-04-22,2577,Boutique,11,1,59.64
61757,26771,2025-04-29,5579,Boutique,9,1,39.77
61758,26771,2025-04-29,5579,Boutique,103,1,26.79
61759,26772,2025-04-22,4690,Boutique,49,3,92.4
61760,26773,2025-04-22,4768,Site,113,1,10.2
61761,26774,2025-04-22,593,Site,46,1,33.89
61762,26774,2025-04-22,593,Site,73,1,5.05
61763,26775,2025-04-22,266,Site,42,1,29.77
61764,26775,2025-04-22,266,Site,70,1,14.32
61765,26776,2025-04-22,3513,Site,31,1,22.56
61766,26776,2025-04-22,3513,Site,1,1,44.19
61767,26777,2025-04-22,2533,Site,15,1,12.26
61768,26777,2025-04-22,2533,Site,3,1,39.04
61769,26778,2025-04-23,12,Site,84,1,22.56
61770,26778,2025-04-23,12,Site,91,1,89.51
61771,26779,2025-04-23,4008,Site,28,1,50.37
61772,26779,2025-04-23,4008,Site,1,1,44.19
61773,26779,2025-04-23,4008,Site,7,1,17.41
61774,26780,2025-04-23,1940,Site,42,1,29.77
61775,26780,2025-04-23,1940,Site,17,1,16.38
61776,26780,2025-04-23,1940,Site,109,1,28.74
61777,26781,2025-04-23,2057,Site,6,1,44.19
61778,26781,2025-04-23,2057,Site,108,1,46.25
61779,26782,2025-04-30,5583,Site,9,1,44.19
61780,26782,2025-04-30,5583,Site,42,1,29.77
61781,26782,2025-04-30,5583,Site,69,1,8.14
61782,26782,2025-04-30,5583,Site,11,1,59.64
61783,26782,2025-04-30,5583,Site,110,1,26.68
61784,26783,2025-04-23,5148,Boutique,38,1,32.86
61785,26783,2025-04-23,5148,Boutique,4,1,40.07
61786,26783,2025-04-23,5148,Boutique,63,1,4.02
61787,26783,2025-04-23,5148,Boutique,48,1,28.74
61788,26784,2025-04-23,2166,Boutique,120,3,36.78
61789,26784,2025-04-23,2166,Boutique,11,1,59.64
61790,26784,2025-04-23,2166,Boutique,48,1,28.74
61791,26785,2025-04-23,5223,Boutique,93,1,51.4
61792,26785,2025-04-23,5223,Boutique,22,1,52.43
61793,26786,2025-04-23,3214,Boutique,4,1,40.07
61794,26786,2025-04-23,3214,Boutique,60,1,31.83
61795,26787,2025-04-23,5103,Site,108,1,46.25
61796,26787,2025-04-23,5103,Site,91,1,89.51
61797,26788,2025-04-23,2339,Boutique,23,1,19.47
61798,26789,2025-04-23,5274,Boutique,42,1,29.77
61799,26789,2025-04-23,5274,Boutique,81,2,32.76
61800,26790,2025-04-23,1512,Réseaux,112,1,26.68
61801,26790,2025-04-23,1512,Réseaux,20,1,28.74
61802,26790,2025-04-23,1512,Réseaux,116,2,141.94
61803,26791,2025-04-23,4158,Site,67,1,2.99
61804,26792,2025-04-23,1993,Site,17,1,16.38
61805,26793,2025-04-23,1731,Site,69,1,8.14
61806,26793,2025-04-23,1731,Site,81,1,16.38
61807,26793,2025-04-23,1731,Site,24,1,34.92
61808,26793,2025-04-23,1731,Site,81,3,49.14
61809,26794,2025-04-23,3373,Site,43,1,23.39
61810,26795,2025-04-23,1184,Site,3,1,39.04
61811,26796,2025-04-23,4879,Boutique,43,1,24.62
61812,26797,2025-04-23,365,Site,37,1,38.01
61813,26797,2025-04-23,365,Site,4,2,80.14
61814,26797,2025-04-23,365,Site,5,1,52.43
61815,26798,2025-04-23,1729,Réseaux,24,1,34.92
61816,26799,2025-04-23,1601,Site,69,4,32.56
61817,26799,2025-04-23,1601,Site,106,1,45.22
61818,26800,2025-04-23,4166,Réseaux,23,2,41.0
61819,26801,2025-04-23,601,Boutique,105,1,17.41
61820,26802,2025-04-23,4798,Boutique,101,1,19.47
61821,26803,2025-04-23,221,Site,64,2,20.4
61822,26803,2025-04-23,221,Site,51,1,17.41
61823,26804,2025-04-23,3036,Boutique,56,1,99.81
61824,26804,2025-04-23,3036,Boutique,86,1,157.49
61825,26805,2025-04-23,2967,Site,47,2,69.84
61826,26805,2025-04-23,2967,Site,25,1,26.68
61827,26806,2025-04-23,509,Réseaux,54,1,56.55
61828,26807,2025-04-24,3011,Boutique,63,1,4.02
61829,26808,2025-04-24,1466,Réseaux,86,1,157.49
61830,26808,2025-04-24,1466,Réseaux,42,3,89.31
61831,26808,2025-04-24,1466,Réseaux,7,1,17.41
61832,26809,2025-04-24,1043,Réseaux,21,1,13.29
61833,26809,2025-04-24,1043,Réseaux,103,1,29.77
61834,26809,2025-04-24,1043,Réseaux,27,1,108.05
61835,26810,2025-04-24,3646,Boutique,62,1,2.99
61836,26810,2025-04-24,3646,Boutique,3,1,39.04
61837,26810,2025-04-24,3646,Boutique,23,1,20.5
61838,26811,2025-04-24,4049,Site,81,1,16.38
61839,26811,2025-04-24,4049,Site,93,1,51.4
61840,26812,2025-04-24,1453,Boutique,83,1,76.12
61841,26812,2025-04-24,1453,Boutique,23,1,20.5
61842,26812,2025-04-24,1453,Boutique,12,1,39.04
61843,26813,2025-04-24,2407,Site,26,1,64.79
61844,26814,2025-04-24,4610,Boutique,1,2,88.38
61845,26815,2025-04-24,2949,Boutique,68,1,21.53
61846,26815,2025-04-24,2949,Boutique,52,1,50.37
61847,26816,2025-04-24,706,Boutique,9,1,44.19
61848,26816,2025-04-24,706,Boutique,9,1,44.19
61849,26817,2025-04-24,1796,Réseaux,3,1,39.04
61850,26817,2025-04-24,1796,Réseaux,29,1,57.58
61851,26818,2025-04-24,1714,Site,100,2,45.12
61852,26819,2025-04-24,4698,Boutique,67,1,2.99
61853,26820,2025-04-24,2535,Site,111,1,10.2
61854,26820,2025-04-24,2535,Site,5,1,52.43
61855,26821,2025-04-24,168,Site,27,1,108.05
61856,26822,2025-04-24,4575,Boutique,45,2,133.7
61857,26822,2025-04-24,4575,Boutique,41,1,29.77
61858,26822,2025-04-24,4575,Boutique,45,1,66.85
61859,26823,2025-04-24,3676,Site,62,1,2.99
61860,26824,2025-04-24,5327,Site,81,1,16.38
61861,26825,2025-04-24,4717,Boutique,63,1,4.02
61862,26826,2025-04-24,3929,Site,71,1,21.53
61863,26826,2025-04-24,3929,Site,42,1,29.77
61864,26827,2025-04-24,2704,Site,1,1,44.19
61865,26828,2025-04-24,3491,Boutique,65,1,17.52
61866,26828,2025-04-24,3491,Boutique,46,2,64.39
61867,26828,2025-04-24,3491,Boutique,22,1,49.81
61868,26829,2025-04-24,807,Boutique,61,1,11.23
61869,26829,2025-04-24,807,Boutique,1,1,44.19
61870,26830,2025-04-24,4810,Boutique,71,1,21.53
61871,26831,2025-04-24,3503,Boutique,87,2,242.88
61872,26831,2025-04-24,3503,Boutique,80,1,19.47
61873,26832,2025-04-25,4923,Boutique,9,1,44.19
61874,26832,2025-04-25,4923,Boutique,44,1,22.56
61875,26833,2025-04-25,790,Site,84,1,22.56
61876,26833,2025-04-25,790,Site,82,2,158.42
61877,26834,2025-04-25,4437,Boutique,66,2,18.34
61878,26834,2025-04-25,4437,Boutique,116,2,141.94
61879,26834,2025-04-25,4437,Boutique,8,1,35.95
61880,26835,2025-04-25,3427,Site,26,1,64.79
61881,26835,2025-04-25,3427,Site,13,1,55.52
61882,26836,2025-04-25,2827,Site,82,1,79.21
61883,26836,2025-04-25,2827,Site,21,1,13.29
61884,26836,2025-04-25,2827,Site,114,3,58.41
61885,26837,2025-04-25,1189,Boutique,105,2,34.82
61886,26837,2025-04-25,1189,Boutique,113,1,10.2
61887,26837,2025-04-25,1189,Boutique,114,3,58.41
61888,26838,2025-04-25,3571,Site,89,1,68.91
61889,26838,2025-04-25,3571,Site,65,1,18.44
61890,26839,2025-04-25,1966,Site,109,2,57.48
61891,26840,2025-04-25,1348,Boutique,83,1,76.12
61892,26840,2025-04-25,1348,Boutique,115,3,154.2
61893,26841,2025-04-25,742,Boutique,44,1,22.56
61894,26841,2025-04-25,742,Boutique,21,1,13.29
61895,26842,2025-04-25,4696,Boutique,47,1,34.92
61896,26842,2025-04-25,4696,Boutique,23,1,20.5
61897,26843,2025-04-25,3682,Site,6,1,41.98
61898,26843,2025-04-25,3682,Site,103,1,28.28
61899,26844,2025-04-25,5159,Site,69,4,32.56
61900,26844,2025-04-25,5159,Site,102,1,20.5
61901,26845,2025-04-25,3668,Boutique,72,1,2.99
61902,26846,2025-04-25,2180,Site,101,1,19.47
61903,26847,2025-04-25,2889,Boutique,24,1,34.92
61904,26848,2025-04-25,1536,Boutique,8,1,35.95
61905,26849,2025-04-25,2685,Boutique,72,1,2.99
61906,26849,2025-04-25,2685,Boutique,80,1,19.47
61907,26849,2025-04-25,2685,Boutique,45,1,66.85
61908,26850,2025-04-25,5321,Site,71,2,43.06
61909,26850,2025-04-25,5321,Site,3,1,39.04
61910,26851,2025-04-25,2392,Site,63,1,4.02
61911,26851,2025-04-25,2392,Site,104,1,32.86
61912,26852,2025-04-25,319,Site,64,1,10.2
61913,26853,2025-04-25,4470,Site,105,1,17.41
61914,26854,2025-04-25,205,Boutique,87,1,121.44
61915,26854,2025-04-25,205,Boutique,48,2,57.48
61916,26855,2025-04-25,1342,Boutique,4,1,40.07
61917,26855,2025-04-25,1342,Boutique,43,1,24.62
61918,26855,2025-04-25,1342,Boutique,43,1,24.62
61919,26856,2025-04-25,299,Site,5,1,52.43
61920,26856,2025-04-25,299,Site,4,2,80.14
61921,26857,2025-04-25,9,Site,84,1,22.56
61922,26858,2025-04-25,3044,Boutique,99,3,191.28
61923,26859,2025-04-25,4182,Boutique,73,1,5.05
61924,26859,2025-04-25,4182,Boutique,62,1,2.99
61925,26859,2025-04-25,4182,Boutique,41,1,29.77
61926,26859,2025-04-25,4182,Boutique,78,1,7.11
61927,26860,2025-04-25,2963,Boutique,83,1,76.12
61928,26861,2025-04-25,3987,Boutique,101,1,19.47
61929,26861,2025-04-25,3987,Boutique,50,1,73.03
61930,26862,2025-04-25,259,Réseaux,92,1,12.26
61931,26862,2025-04-25,259,Réseaux,30,1,52.43
61932,26862,2025-04-25,259,Réseaux,105,1,17.41
61933,26863,2025-04-25,3425,Site,107,1,15.35
61934,26863,2025-04-25,3425,Site,41,1,29.77
61935,26863,2025-04-25,3425,Site,83,1,76.12
61936,26863,2025-04-25,3425,Site,92,1,12.26
61937,26864,2025-04-25,4553,Site,33,1,130.71
61938,26864,2025-04-25,4553,Site,29,1,57.58
61939,26864,2025-04-25,4553,Site,70,1,14.32
61940,26865,2025-04-25,2692,Boutique,5,1,52.43
61941,26865,2025-04-25,2692,Boutique,44,1,22.56
61942,26865,2025-04-25,2692,Boutique,24,2,69.84
61943,26865,2025-04-25,2692,Boutique,71,1,21.53
61944,26866,2025-04-25,3110,Site,10,3,154.2
61945,26867,2025-04-25,2231,Site,89,1,68.91
61946,26867,2025-04-25,2231,Site,105,1,17.41
61947,26867,2025-04-25,2231,Site,65,1,18.44
61948,26867,2025-04-25,2231,Site,31,1,22.56
61949,26868,2025-04-25,433,Site,7,2,34.82
61950,26869,2025-04-26,358,Boutique,60,1,31.83
61951,26869,2025-04-26,358,Boutique,48,1,28.74
61952,26870,2025-04-26,2685,Boutique,94,1,39.04
61953,26871,2025-04-26,2948,Boutique,105,1,17.41
61954,26871,2025-04-26,2948,Boutique,21,1,13.29
61955,26872,2025-04-26,4113,Boutique,49,1,30.8
61956,26873,2025-04-26,2998,Site,116,1,70.97
61957,26873,2025-04-26,2998,Site,78,1,7.11
61958,26873,2025-04-26,2998,Site,107,2,30.7
61959,26874,2025-04-26,3631,Boutique,57,1,17.41
61960,26874,2025-04-26,3631,Boutique,63,1,4.02
61961,26875,2025-04-26,303,Boutique,26,1,64.79
61962,26875,2025-04-26,303,Boutique,76,1,18.44
61963,26876,2025-04-26,4055,Site,22,1,52.43
61964,26876,2025-04-26,4055,Site,42,1,29.77
61965,26876,2025-04-26,4055,Site,70,1,14.32
61966,26877,2025-04-26,695,Boutique,72,1,2.99
61967,26878,2025-04-26,3051,Boutique,43,1,24.62
61968,26879,2025-04-26,1579,Boutique,46,1,33.89
61969,26879,2025-04-26,1579,Boutique,64,2,20.4
61970,26880,2025-04-26,2471,Site,41,1,29.77
61971,26881,2025-04-26,1087,Boutique,48,1,28.74
61972,26882,2025-04-26,4713,Site,64,1,10.2
61973,26882,2025-04-26,4713,Site,1,1,44.19
61974,26882,2025-04-26,4713,Site,2,1,40.07
61975,26882,2025-04-26,4713,Site,46,4,135.56
61976,26882,2025-04-26,4713,Site,61,1,11.23
61977,26882,2025-04-26,4713,Site,63,1,4.02
61978,26883,2025-04-26,556,Site,3,1,39.04
61979,26883,2025-04-26,556,Site,28,2,100.74
61980,26884,2025-04-26,4626,Boutique,104,1,31.22
61981,26885,2025-04-26,3013,Site,40,1,77.15
61982,26886,2025-04-26,3596,Boutique,85,1,11.23
61983,26887,2025-04-26,4880,Site,23,1,20.5
61984,26887,2025-04-26,4880,Site,27,1,108.05
61985,26888,2025-04-26,2526,Boutique,67,1,2.99
61986,26888,2025-04-26,2526,Boutique,10,2,102.8
61987,26888,2025-04-26,2526,Boutique,63,1,4.02
61988,26889,2025-04-26,3044,Site,46,1,33.89
61989,26889,2025-04-26,3044,Site,42,1,29.77
61990,26889,2025-04-26,3044,Site,62,1,2.99
61991,26890,2025-04-26,506,Boutique,92,1,12.26
61992,26890,2025-04-26,506,Boutique,1,1,44.19
61993,26891,2025-04-26,5511,Boutique,41,4,119.08
61994,26891,2025-04-26,5511,Boutique,110,1,26.68
61995,26891,2025-04-26,5511,Boutique,17,1,16.38
61996,26891,2025-04-26,5511,Boutique,23,1,20.5
61997,26891,2025-04-26,5511,Boutique,66,1,9.17
61998,26892,2025-04-26,1052,Réseaux,30,4,209.72
61999,26893,2025-04-26,873,Boutique,9,2,88.38
62000,26894,2025-04-26,1911,Site,61,1,11.23
62001,26894,2025-04-26,1911,Site,16,1,10.2
62002,26894,2025-04-26,1911,Site,30,1,52.43
62003,26895,2025-04-26,3422,Site,66,1,9.17
62004,26896,2025-04-26,5436,Boutique,32,1,24.62
62005,26896,2025-04-26,5436,Boutique,76,1,18.44
62006,26897,2025-04-26,1098,Boutique,92,1,12.26
62007,26897,2025-04-26,1098,Boutique,22,2,104.86
62008,26898,2025-04-26,1880,Site,101,1,19.47
62009,26898,2025-04-26,1880,Site,4,1,40.07
62010,26899,2025-04-26,2582,Site,27,1,108.05
62011,26900,2025-04-26,1768,Site,82,1,79.21
62012,26900,2025-04-26,1768,Site,7,1,17.41
62013,26901,2025-04-26,4737,Réseaux,13,1,52.74
62014,26901,2025-04-26,4737,Réseaux,61,1,10.67
62015,26902,2025-04-26,2557,Boutique,19,1,29.26
62016,26902,2025-04-26,2557,Boutique,60,1,30.24
62017,26902,2025-04-26,2557,Boutique,36,2,130.93
62018,26903,2025-04-26,4253,Boutique,33,1,130.71
62019,26903,2025-04-26,4253,Boutique,27,3,324.15
62020,26903,2025-04-26,4253,Boutique,110,1,26.68
62021,26903,2025-04-26,4253,Boutique,118,1,12.26
62022,26904,2025-04-26,2056,Boutique,97,2,16.28
62023,26904,2025-04-26,2056,Boutique,48,1,28.74
62024,26904,2025-04-26,2056,Boutique,66,3,27.51
62025,26904,2025-04-26,2056,Boutique,45,1,66.85
62026,26904,2025-04-26,2056,Boutique,107,1,15.35
62027,26904,2025-04-26,2056,Boutique,110,1,26.68
62028,26905,2025-04-26,3987,Boutique,83,1,76.12
62029,26905,2025-04-26,3987,Boutique,40,1,77.15
62030,26905,2025-04-26,3987,Boutique,81,1,16.38
62031,26906,2025-04-26,1697,Boutique,29,1,57.58
62032,26907,2025-04-26,2325,Site,5,1,52.43
62033,26907,2025-04-26,2325,Site,22,1,52.43
62034,26907,2025-04-26,2325,Site,63,1,4.02
62035,26907,2025-04-26,2325,Site,87,1,121.44
62036,26908,2025-04-26,807,Réseaux,37,1,38.01
62037,26908,2025-04-26,807,Réseaux,46,1,33.89
62038,26908,2025-04-26,807,Réseaux,97,1,8.14
62039,26909,2025-04-26,3957,Site,10,1,51.4
62040,26910,2025-04-26,519,Réseaux,42,1,29.77
62041,26910,2025-04-26,519,Réseaux,86,2,314.98
62042,26911,2025-04-26,130,Boutique,115,1,51.4
62043,26911,2025-04-26,130,Boutique,23,1,20.5
62044,26912,2025-04-26,4471,Réseaux,82,4,316.84
62045,26913,2025-04-26,5281,Site,105,1,17.41
62046,26913,2025-04-26,5281,Site,43,1,24.62
62047,26913,2025-04-26,5281,Site,88,1,21.53
62048,26914,2025-04-26,3514,Site,111,1,10.2
62049,26914,2025-04-26,3514,Site,59,1,12.26
62050,26914,2025-04-26,3514,Site,102,1,20.5
62051,26915,2025-04-26,1003,Site,23,1,20.5
62052,26916,2025-04-27,1852,Boutique,23,1,20.5
62053,26916,2025-04-27,1852,Boutique,31,1,22.56
62054,26916,2025-04-27,1852,Boutique,86,1,157.49
62055,26916,2025-04-27,1852,Boutique,111,1,10.2
62056,26917,2025-04-27,2528,Site,2,2,80.14
62057,26917,2025-04-27,2528,Site,11,1,59.64
62058,26917,2025-04-27,2528,Site,3,1,39.04
62059,26917,2025-04-27,2528,Site,5,1,52.43
62060,26918,2025-04-27,2325,Boutique,86,1,157.49
62061,26918,2025-04-27,2325,Boutique,43,1,24.62
62062,26918,2025-04-27,2325,Boutique,82,1,79.21
62063,26919,2025-04-27,3605,Boutique,93,4,205.6
62064,26919,2025-04-27,3605,Boutique,45,1,66.85
62065,26920,2025-04-27,4957,Site,28,1,50.37
62066,26920,2025-04-27,4957,Site,21,1,13.29
62067,26921,2025-04-27,4407,Réseaux,25,2,53.36
62068,26922,2025-04-27,925,Site,62,2,5.98
62069,26922,2025-04-27,925,Site,27,2,216.1
62070,26923,2025-04-27,821,Boutique,111,1,10.2
62071,26923,2025-04-27,821,Boutique,45,1,66.85
62072,26924,2025-04-27,3213,Boutique,58,1,36.98
62073,26924,2025-04-27,3213,Boutique,52,1,50.37
62074,26925,2025-04-27,265,Site,57,1,17.41
62075,26925,2025-04-27,265,Site,20,1,28.74
62076,26925,2025-04-27,265,Site,48,1,28.74
62077,26926,2025-04-27,1446,Site,38,1,32.86
62078,26926,2025-04-27,1446,Site,49,1,30.8
62079,26926,2025-04-27,1446,Site,101,1,19.47
62080,26927,2025-04-27,5070,Boutique,53,1,20.5
62081,26927,2025-04-27,5070,Boutique,77,1,22.56
62082,26928,2025-04-27,869,Boutique,22,1,52.43
62083,26928,2025-04-27,869,Boutique,30,1,52.43
62084,26928,2025-04-27,869,Boutique,44,1,22.56
62085,26929,2025-04-27,4154,Boutique,97,4,32.56
62086,26929,2025-04-27,4154,Boutique,117,1,12.26
62087,26929,2025-04-27,4154,Boutique,115,1,51.4
62088,26930,2025-04-27,2109,Site,89,1,68.91
62089,26930,2025-04-27,2109,Site,8,1,35.95
62090,26930,2025-04-27,2109,Site,89,1,68.91
62091,26931,2025-04-27,2757,Boutique,48,1,28.74
62092,26931,2025-04-27,2757,Boutique,43,1,24.62
62093,26932,2025-04-27,1650,Boutique,22,2,104.86
62094,26932,2025-04-27,1650,Boutique,47,1,34.92
62095,26933,2025-04-28,4734,Site,45,1,66.85
62096,26933,2025-04-28,4734,Site,82,1,79.21
62097,26934,2025-04-28,3129,Réseaux,119,1,58.61
62098,26935,2025-04-28,4795,Site,1,1,44.19
62099,26935,2025-04-28,4795,Site,88,1,21.53
62100,26935,2025-04-28,4795,Site,25,1,26.68
62101,26935,2025-04-28,4795,Site,85,1,11.23
62102,26936,2025-04-28,3243,Boutique,84,1,22.56
62103,26937,2025-04-28,3751,Site,6,1,44.19
62104,26938,2025-04-28,2171,Site,38,1,32.86
62105,26939,2025-04-28,2731,Réseaux,3,1,39.04
62106,26939,2025-04-28,2731,Réseaux,43,1,24.62
62107,26939,2025-04-28,2731,Réseaux,15,1,12.26
62108,26940,2025-04-28,1004,Site,55,1,65.82
62109,26940,2025-04-28,1004,Site,95,1,24.62
62110,26941,2025-04-28,1645,Boutique,81,1,16.38
62111,26941,2025-04-28,1645,Boutique,44,1,22.56
62112,26941,2025-04-28,1645,Boutique,46,1,33.89
62113,26941,2025-04-28,1645,Boutique,29,1,57.58
62114,26942,2025-04-28,2394,Boutique,8,1,35.95
62115,26943,2025-04-28,5567,Boutique,65,1,18.44
62116,26944,2025-04-28,2659,Boutique,1,3,132.57
62117,26945,2025-04-28,1540,Site,104,1,32.86
62118,26945,2025-04-28,1540,Site,49,1,30.8
62119,26945,2025-04-28,1540,Site,65,2,36.88
62120,26945,2025-04-28,1540,Site,62,1,2.99
62121,26946,2025-04-28,3668,Site,86,1,157.49
62122,26946,2025-04-28,3668,Site,42,1,29.77
62123,26946,2025-04-28,3668,Site,43,3,73.86
62124,26946,2025-04-28,3668,Site,3,1,39.04
62125,26947,2025-04-28,1091,Site,3,1,39.04
62126,26947,2025-04-28,1091,Site,81,1,16.38
62127,26948,2025-04-28,4407,Site,51,1,17.41
62128,26948,2025-04-28,4407,Site,27,1,108.05
62129,26949,2025-04-28,1907,Site,104,1,32.86
62130,26950,2025-04-28,1097,Site,50,2,146.06
62131,26950,2025-04-28,1097,Site,77,1,22.56
62132,26951,2025-04-28,4064,Réseaux,109,1,28.74
62133,26951,2025-04-28,4064,Réseaux,45,1,66.85
62134,26952,2025-04-28,1315,Réseaux,94,1,37.09
62135,26953,2025-04-28,3304,Site,20,1,28.74
62136,26954,2025-04-28,2540,Boutique,64,1,10.2
62137,26954,2025-04-28,2540,Boutique,43,2,49.24
62138,26955,2025-04-28,1426,Site,2,4,160.28
62139,26955,2025-04-28,1426,Site,85,1,11.23
62140,26956,2025-04-28,2662,Boutique,42,1,29.77
62141,26956,2025-04-28,2662,Boutique,114,3,58.41
62142,26956,2025-04-28,2662,Boutique,43,1,24.62
62143,26957,2025-04-28,3861,Réseaux,26,1,64.79
62144,26957,2025-04-28,3861,Réseaux,112,1,26.68
62145,26957,2025-04-28,3861,Réseaux,29,1,57.58
62146,26958,2025-04-28,706,Site,48,1,28.74
62147,26959,2025-04-29,1456,Boutique,92,1,12.26
62148,26960,2025-04-29,1799,Boutique,31,2,45.12
62149,26961,2025-04-29,4946,Boutique,2,1,40.07
62150,26961,2025-04-29,4946,Boutique,32,1,24.62
62151,26962,2025-04-29,1803,Boutique,108,1,46.25
62152,26962,2025-04-29,1803,Boutique,103,1,29.77
62153,26962,2025-04-29,1803,Boutique,109,3,86.22
62154,26963,2025-04-29,4569,Boutique,7,1,17.41
62155,26964,2025-04-29,995,Boutique,62,1,2.99
62156,26964,2025-04-29,995,Boutique,47,1,34.92
62157,26965,2025-04-29,4441,Réseaux,27,1,108.05
62158,26965,2025-04-29,4441,Réseaux,25,3,80.04
62159,26966,2025-04-29,2667,Boutique,6,1,44.19
62160,26967,2025-04-29,3888,Site,110,2,53.36
62161,26968,2025-04-29,4553,Site,111,1,10.2
62162,26968,2025-04-29,4553,Site,29,1,57.58
62163,26968,2025-04-29,4553,Site,2,1,40.07
62164,26969,2025-04-29,2693,Boutique,6,1,44.19
62165,26969,2025-04-29,2693,Boutique,107,1,15.35
62166,26969,2025-04-29,2693,Boutique,67,1,2.99
62167,26969,2025-04-29,2693,Boutique,34,1,109.08
62168,26970,2025-04-29,1294,Site,119,1,58.61
62169,26970,2025-04-29,1294,Site,2,1,40.07
62170,26971,2025-04-29,4750,Site,60,1,31.83
62171,26971,2025-04-29,4750,Site,5,1,52.43
62172,26972,2025-04-29,3032,Site,25,1,26.68
62173,26972,2025-04-29,3032,Site,29,2,115.16
62174,26972,2025-04-29,3032,Site,23,1,20.5
62175,26972,2025-04-29,3032,Site,107,1,15.35
62176,26972,2025-04-29,3032,Site,81,1,16.38
62177,26973,2025-04-29,1712,Boutique,51,2,34.82
62178,26973,2025-04-29,1712,Boutique,21,1,13.29
62179,26973,2025-04-29,1712,Boutique,52,1,50.37
62180,26973,2025-04-29,1712,Boutique,111,1,10.2
62181,26974,2025-04-29,3513,Boutique,42,1,29.77
62182,26974,2025-04-29,3513,Boutique,29,1,57.58
62183,26975,2025-04-29,680,Boutique,102,1,20.5
62184,26975,2025-04-29,680,Boutique,100,1,22.56
62185,26975,2025-04-29,680,Boutique,47,1,34.92
62186,26975,2025-04-29,680,Boutique,84,1,22.56
62187,26975,2025-04-29,680,Boutique,62,1,2.99
62188,26976,2025-04-29,982,Site,63,1,3.82
62189,26976,2025-04-29,982,Site,6,2,83.96
62190,26976,2025-04-29,982,Site,64,1,9.69
62191,26976,2025-04-29,982,Site,66,1,8.71
62192,26977,2025-04-29,2454,Boutique,16,1,10.2
62193,26977,2025-04-29,2454,Boutique,12,1,39.04
62194,26977,2025-04-29,2454,Boutique,42,1,29.77
62195,26978,2025-04-29,2968,Site,3,1,39.04
62196,26979,2025-04-29,3898,Boutique,82,1,79.21
62197,26980,2025-04-29,1556,Site,72,1,2.99
62198,26980,2025-04-29,1556,Site,13,3,166.56
62199,26981,2025-04-29,5336,Réseaux,105,1,17.41
62200,26982,2025-04-29,3789,Site,87,2,242.88
62201,26983,2025-04-29,5476,Boutique,77,1,22.56
62202,26983,2025-04-29,5476,Boutique,63,1,4.02
62203,26984,2025-04-29,935,Boutique,31,1,22.56
62204,26985,2025-04-29,5029,Boutique,72,1,2.99
62205,26985,2025-04-29,5029,Boutique,3,1,39.04
62206,26986,2025-04-30,5430,Site,61,1,11.23
62207,26986,2025-04-30,5430,Site,45,1,66.85
62208,26986,2025-04-30,5430,Site,47,1,34.92
62209,26986,2025-04-30,5430,Site,23,2,41.0
62210,26987,2025-04-30,27,Boutique,66,1,9.17
62211,26987,2025-04-30,27,Boutique,73,1,5.05
62212,26987,2025-04-30,27,Boutique,7,1,17.41
62213,26987,2025-04-30,27,Boutique,1,1,44.19
62214,26988,2025-04-30,2022,Boutique,4,1,40.07
62215,26988,2025-04-30,2022,Boutique,101,1,19.47
62216,26989,2025-04-30,5071,Site,52,1,50.37
62217,26989,2025-04-30,5071,Site,44,1,22.56
62218,26990,2025-04-30,5235,Boutique,61,1,11.23
62219,26990,2025-04-30,5235,Boutique,88,1,21.53
62220,26991,2025-04-30,4083,Boutique,102,1,20.5
62221,26991,2025-04-30,4083,Boutique,109,1,28.74
62222,26992,2025-04-30,3269,Boutique,61,1,11.23
62223,26992,2025-04-30,3269,Boutique,1,2,88.38
62224,26993,2025-04-30,4571,Site,116,1,70.97
62225,26994,2025-04-30,862,Site,52,1,50.37
62226,26994,2025-04-30,862,Site,67,1,2.99
62227,26995,2025-04-30,1800,Site,102,1,19.47
62228,26996,2025-04-30,3395,Site,43,1,24.62
62229,26996,2025-04-30,3395,Site,65,1,18.44
62230,26996,2025-04-30,3395,Site,56,1,99.81
62231,26997,2025-04-30,3198,Boutique,83,1,76.12
62232,26998,2025-04-30,2778,Boutique,93,2,102.8
62233,26998,2025-04-30,2778,Boutique,25,1,26.68
62234,26998,2025-04-30,2778,Boutique,14,1,41.1
62235,26999,2025-04-30,2977,Boutique,77,2,45.12
62236,27000,2025-04-30,3270,Site,40,1,77.15
62237,27000,2025-04-30,3270,Site,37,1,38.01
62238,27001,2025-04-30,2126,Site,66,1,9.17
62239,27002,2025-04-30,3091,Boutique,22,1,52.43
62240,27002,2025-04-30,3091,Boutique,10,1,51.4
62241,27003,2025-04-30,3000,Réseaux,36,2,137.82
62242,27003,2025-04-30,3000,Réseaux,70,1,14.32
62243,27004,2025-04-30,2519,Boutique,43,1,24.62
62244,27005,2025-04-30,2488,Site,26,1,64.79
62245,27006,2025-04-30,3950,Site,31,2,45.12
62246,27006,2025-04-30,3950,Site,60,1,31.83
62247,27007,2025-04-30,1422,Site,105,1,17.41
62248,27007,2025-04-30,1422,Site,86,1,157.49
62249,27007,2025-04-30,1422,Site,118,1,12.26
62250,27007,2025-04-30,1422,Site,41,4,119.08
62251,27007,2025-04-30,1422,Site,5,1,52.43
62252,27008,2025-04-30,5568,Boutique,23,4,73.8
62253,27009,2025-04-30,179,Site,62,1,2.84
62254,27010,2025-04-30,3248,Site,25,1,26.68
62255,27011,2025-04-30,4582,Site,102,4,82.0
62256,27011,2025-04-30,4582,Site,7,1,17.41
62257,27011,2025-04-30,4582,Site,24,2,69.84
62258,27012,2025-04-30,973,Site,41,1,29.77
62259,27013,2025-04-30,2333,Site,63,1,4.02
62260,27013,2025-04-30,2333,Site,6,1,44.19
62261,27014,2025-04-30,1439,Site,35,1,16.38
62262,27014,2025-04-30,1439,Site,105,1,17.41
