id_ligne,id_commande,date_commande,id_client,canal,id_produit,quantite,montant
64650,28036,2025-06-01,3961,Réseaux,43,2,49.24
64651,28036,2025-06-01,3961,Réseaux,69,1,8.14
64652,28036,2025-06-01,3961,Réseaux,50,1,73.03
64653,28037,2025-06-01,3181,Site,28,1,50.37
64654,28037,2025-06-01,3181,Site,77,1,22.56
64655,28037,2025-06-01,3181,Site,86,1,157.49
64656,28038,2025-06-01,2981,Réseaux,4,1,40.07
64657,28038,2025-06-01,2981,Réseaux,64,1,10.2
64658,28038,2025-06-01,2981,Réseaux,92,1,12.26
64659,28038,2025-06-01,2981,Réseaux,41,2,59.54
64660,28039,2025-06-01,408,Site,94,2,78.08
64661,28039,2025-06-01,408,Site,42,1,29.77
64662,28040,2025-06-01,4011,Site,85,1,11.23
64663,28040,2025-06-01,4011,Site,84,1,22.56
64664,28041,2025-06-01,124,Réseaux,111,1,10.2
64665,28041,2025-06-01,124,Réseaux,40,1,77.15
64666,28042,2025-06-01,855,Site,84,1,22.56
64667,28042,2025-06-01,855,Site,30,1,52.43
64668,28043,2025-06-01,2432,Site,1,1,44.19
64669,28044,2025-06-01,1995,Boutique,41,2,56.56
64670,28044,2025-06-01,1995,Boutique,3,2,74.18
64671,28044,2025-06-01,1995,Boutique,96,1,11.65
64672,28044,2025-06-01,1995,Boutique,47,1,33.17
64673,28045,2025-06-01,3824,Réseaux,89,1,68.91
64674,28045,2025-06-01,3824,Réseaux,68,2,43.06
64675,28045,2025-06-01,3824,Réseaux,4,1,40.07
64676,28046,2025-06-01,3819,Site,114,1,19.47
64677,28046,2025-06-01,3819,Site,92,1,12.26
64678,28046,2025-06-01,3819,Site,64,1,10.2
64679,28047,2025-06-01,2747,Site,93,2,102.8
64680,28048,2025-06-01,626,Boutique,86,1,157.49
64681,28048,2025-06-01,626,Boutique,68,3,64.59
64682,28048,2025-06-01,626,Boutique,89,1,68.91
64683,28049,2025-06-01,4553,Site,28,1,50.37
64684,28049,2025-06-01,4553,Site,94,1,39.04
64685,28050,2025-06-01,1399,Site,97,1,8.14
64686,28050,2025-06-01,1399,Site,76,1,18.44
64687,28050,2025-06-01,1399,Site,82,2,158.42
64688,28050,2025-06-01,1399,Site,85,1,11.23
64689,28051,2025-06-01,5587,Boutique,64,1,9.18
64690,28051,2025-06-01,5587,Boutique,8,1,32.36
64691,28052,2025-06-01,807,Boutique,104,2,62.43
64692,28052,2025-06-01,807,Boutique,16,1,9.69
64693,28053,2025-06-02,3024,Site,69,1,8.14
64694,28053,2025-06-02,3024,Site,47,2,69.84
64695,28054,2025-06-02,1327,Site,58,1,35.13
64696,28054,2025-06-02,1327,Site,24,1,33.17
64697,28054,2025-06-02,1327,Site,101,1,18.5
64698,28055,2025-06-02,2932,Boutique,62,1,2.99
64699,28056,2025-06-02,4551,Boutique,11,1,59.64
64700,28056,2025-06-02,4551,Boutique,1,1,44.19
64701,28057,2025-06-02,4560,Boutique,27,1,108.05
64702,28058,2025-06-02,705,Site,83,4,304.48
64703,28058,2025-06-02,705,Site,65,1,18.44
64704,28058,2025-06-02,705,Site,23,1,20.5
64705,28059,2025-06-02,4379,Site,85,1,11.23
64706,28059,2025-06-02,4379,Site,81,2,32.76
64707,28059,2025-06-02,4379,Site,50,2,146.06
64708,28060,2025-06-02,3341,Boutique,44,1,21.43
64709,28061,2025-06-02,3596,Boutique,63,1,4.02
64710,28062,2025-06-02,2948,Boutique,21,1,13.29
64711,28063,2025-06-02,5631,Site,43,1,24.62
64712,28063,2025-06-02,5631,Site,94,1,39.04
64713,28064,2025-06-02,32,Boutique,72,2,5.98
64714,28065,2025-06-02,2108,Site,26,1,64.79
64715,28065,2025-06-02,2108,Site,19,1,30.8
64716,28066,2025-06-02,5545,Boutique,87,1,121.44
64717,28067,2025-06-02,5078,Boutique,30,1,52.43
64718,28067,2025-06-02,5078,Boutique,81,1,16.38
64719,28067,2025-06-02,5078,Boutique,76,1,18.44
64720,28068,2025-06-02,1113,Site,36,1,68.91
64721,28068,2025-06-02,1113,Site,84,1,22.56
64722,28068,2025-06-02,1113,Site,71,1,21.53
64723,28069,2025-06-02,2554,Site,87,1,121.44
64724,28069,2025-06-02,2554,Site,21,1,13.29
64725,28069,2025-06-02,2554,Site,98,1,93.63
64726,28070,2025-06-02,1975,Boutique,113,1,10.2
64727,28070,2025-06-02,1975,Boutique,36,1,68.91
64728,28071,2025-06-02,1585,Site,53,1,20.5
64729,28071,2025-06-02,1585,Site,66,1,9.17
64730,28071,2025-06-02,1585,Site,8,2,71.9
64731,28072,2025-06-02,5371,Site,8,1,35.95
64732,28073,2025-06-02,4532,Site,112,1,26.68
64733,28073,2025-06-02,4532,Site,26,1,64.79
64734,28073,2025-06-02,4532,Site,111,1,10.2
64735,28073,2025-06-02,4532,Site,81,1,16.38
64736,28073,2025-06-02,4532,Site,90,1,74.06
64737,28074,2025-06-02,4547,Boutique,80,1,19.47
64738,28074,2025-06-02,4547,Boutique,66,1,9.17
64739,28075,2025-06-02,1709,Boutique,85,1,11.23
64740,28075,2025-06-02,1709,Boutique,35,1,16.38
64741,28075,2025-06-02,1709,Boutique,101,1,19.47
64742,28075,2025-06-02,1709,Boutique,81,1,16.38
64743,28076,2025-06-02,1924,Réseaux,100,2,45.12
64744,28076,2025-06-02,1924,Réseaux,22,1,52.43
64745,28077,2025-06-02,4134,Boutique,7,1,16.54
64746,28077,2025-06-02,4134,Boutique,81,1,15.56
64747,28077,2025-06-02,4134,Boutique,5,1,49.81
64748,28078,2025-06-02,1870,Boutique,13,1,55.52
64749,28078,2025-06-02,1870,Boutique,107,1,15.35
64750,28079,2025-06-02,146,Site,83,1,76.12
64751,28079,2025-06-02,146,Site,63,1,4.02
64752,28080,2025-06-03,2609,Site,23,1,20.5
64753,28080,2025-06-03,2609,Site,88,1,21.53
64754,28081,2025-06-03,2557,Boutique,107,1,15.35
64755,28082,2025-06-03,1579,Site,16,1,10.2
64756,28082,2025-06-03,1579,Site,120,1,12.26
64757,28083,2025-06-03,3646,Boutique,107,1,15.35
64758,28083,2025-06-03,3646,Boutique,42,1,29.77
64759,28083,2025-06-03,3646,Boutique,25,1,26.68
64760,28084,2025-06-03,1041,Site,84,1,21.43
64761,28085,2025-06-03,5109,Boutique,62,1,2.99
64762,28086,2025-06-03,804,Boutique,62,1,2.99
64763,28087,2025-06-03,5314,Site,85,1,11.23
64764,28087,2025-06-03,5314,Site,35,3,49.14
64765,28087,2025-06-03,5314,Site,6,1,44.19
64766,28088,2025-06-03,97,Boutique,25,1,26.68
64767,28088,2025-06-03,97,Boutique,23,1,20.5
64768,28088,2025-06-03,97,Boutique,109,1,28.74
64769,28088,2025-06-03,97,Boutique,29,1,57.58
64770,28089,2025-06-03,5078,Site,74,2,43.06
64771,28089,2025-06-03,5078,Site,82,1,79.21
64772,28089,2025-06-03,5078,Site,88,1,21.53
64773,28090,2025-06-03,2812,Site,10,2,102.8
64774,28090,2025-06-03,2812,Site,87,1,121.44
64775,28091,2025-06-03,2101,Site,85,1,11.23
64776,28091,2025-06-03,2101,Site,82,1,79.21
64777,28092,2025-06-03,1546,Boutique,49,1,30.8
64778,28092,2025-06-03,1546,Boutique,76,1,18.44
64779,28093,2025-06-03,547,Boutique,49,1,30.8
64780,28094,2025-06-03,3110,Boutique,41,1,29.77
64781,28094,2025-06-03,3110,Boutique,93,1,51.4
64782,28094,2025-06-03,3110,Boutique,83,1,76.12
64783,28095,2025-06-03,380,Site,105,1,17.41
64784,28096,2025-06-03,4846,Réseaux,81,1,16.38
64785,28097,2025-06-03,5516,Boutique,2,1,40.07
64786,28098,2025-06-03,3993,Site,84,1,22.56
64787,28098,2025-06-03,3993,Site,1,1,44.19
64788,28098,2025-06-03,3993,Site,91,1,89.51
64789,28098,2025-06-03,3993,Site,100,1,22.56
64790,28099,2025-06-03,3984,Boutique,107,1,15.35
64791,28099,2025-06-03,3984,Boutique,88,1,21.53
64792,28099,2025-06-03,3984,Boutique,35,1,16.38
64793,28100,2025-06-03,3321,Site,1,2,88.38
64794,28100,2025-06-03,3321,Site,100,1,22.56
64795,28101,2025-06-03,5556,Boutique,81,1,16.38
64796,28101,2025-06-03,5556,Boutique,3,2,78.08
64797,28101,2025-06-03,5556,Boutique,44,1,22.56
64798,28102,2025-06-03,4199,Boutique,115,1,51.4
64799,28102,2025-06-03,4199,Boutique,33,1,130.71
64800,28102,2025-06-03,4199,Boutique,88,1,21.53
64801,28102,2025-06-03,4199,Boutique,61,1,11.23
64802,28103,2025-06-03,2484,Site,83,1,76.12
64803,28104,2025-06-03,3772,Boutique,105,1,17.41
64804,28104,2025-06-03,3772,Boutique,60,1,31.83
64805,28105,2025-06-03,3061,Réseaux,21,1,13.29
64806,28106,2025-06-03,5448,Site,110,1,26.68
64807,28106,2025-06-03,5448,Site,105,1,17.41
64808,28107,2025-06-03,3917,Site,33,1,130.71
64809,28107,2025-06-03,3917,Site,8,1,35.95
64810,28107,2025-06-03,3917,Site,57,1,17.41
64811,28108,2025-06-04,4264,Boutique,82,1,79.21
64812,28108,2025-06-04,4264,Boutique,4,1,40.07
64813,28109,2025-06-09,5640,Réseaux,93,1,46.26
64814,28109,2025-06-09,5640,Réseaux,84,1,20.3
64815,28110,2025-06-04,1171,Site,50,1,73.03
64816,28110,2025-06-04,1171,Site,86,1,157.49
64817,28111,2025-06-04,724,Site,26,1,64.79
64818,28112,2025-06-04,599,Boutique,88,1,21.53
64819,28112,2025-06-04,599,Boutique,27,1,108.05
64820,28113,2025-06-04,2382,Site,4,3,120.21
64821,28113,2025-06-04,2382,Site,100,1,22.56
64822,28113,2025-06-04,2382,Site,3,1,39.04
64823,28114,2025-06-04,5523,Site,90,1,74.06
64824,28115,2025-06-04,3126,Site,1,1,44.19
64825,28115,2025-06-04,3126,Site,5,1,52.43
64826,28115,2025-06-04,3126,Site,83,3,228.36
64827,28115,2025-06-04,3126,Site,115,1,51.4
64828,28116,2025-06-04,5524,Boutique,26,1,64.79
64829,28116,2025-06-04,5524,Boutique,4,1,40.07
64830,28117,2025-06-04,3762,Boutique,33,4,522.84
64831,28117,2025-06-04,3762,Boutique,27,1,108.05
64832,28117,2025-06-04,3762,Boutique,61,1,11.23
64833,28118,2025-06-04,3628,Site,82,1,75.25
64834,28118,2025-06-04,3628,Site,6,1,41.98
64835,28118,2025-06-04,3628,Site,89,1,65.46
64836,28118,2025-06-04,3628,Site,106,1,42.96
64837,28119,2025-06-04,761,Site,81,1,16.38
64838,28120,2025-06-04,1444,Site,6,1,44.19
64839,28120,2025-06-04,1444,Site,8,2,71.9
64840,28121,2025-06-04,5065,Boutique,73,1,5.05
64841,28121,2025-06-04,5065,Boutique,22,1,52.43
64842,28121,2025-06-04,5065,Boutique,25,1,26.68
64843,28122,2025-06-04,2602,Site,88,1,21.53
64844,28122,2025-06-04,2602,Site,81,1,16.38
64845,28122,2025-06-04,2602,Site,82,2,158.42
64846,28123,2025-06-04,2826,Boutique,43,1,24.62
64847,28123,2025-06-04,2826,Boutique,12,1,39.04
64848,28123,2025-06-04,2826,Boutique,22,1,52.43
64849,28123,2025-06-04,2826,Boutique,113,1,10.2
64850,28124,2025-06-04,1509,Boutique,86,1,157.49
64851,28124,2025-06-04,1509,Boutique,114,1,19.47
64852,28124,2025-06-04,1509,Boutique,103,1,29.77
64853,28124,2025-06-04,1509,Boutique,53,2,41.0
64854,28124,2025-06-04,1509,Boutique,66,1,9.17
64855,28124,2025-06-04,1509,Boutique,97,1,8.14
64856,28125,2025-06-04,4964,Site,61,1,11.23
64857,28125,2025-06-04,4964,Site,39,1,66.85
64858,28125,2025-06-04,4964,Site,81,1,16.38
64859,28125,2025-06-04,4964,Site,38,1,32.86
64860,28125,2025-06-04,4964,Site,84,1,22.56
64861,28126,2025-06-04,1812,Boutique,64,1,10.2
64862,28126,2025-06-04,1812,Boutique,83,1,76.12
64863,28127,2025-06-04,2448,Boutique,62,1,2.99
64864,28128,2025-06-04,929,Site,67,1,2.84
64865,28128,2025-06-04,929,Site,17,1,15.56
64866,28129,2025-06-04,1270,Boutique,45,1,66.85
64867,28129,2025-06-04,1270,Boutique,23,1,20.5
64868,28130,2025-06-04,5029,Boutique,25,1,26.68
64869,28131,2025-06-04,4379,Site,87,1,121.44
64870,28132,2025-06-04,3689,Boutique,74,1,21.53
64871,28133,2025-06-04,5329,Boutique,95,1,24.62
64872,28133,2025-06-04,5329,Boutique,104,1,32.86
64873,28133,2025-06-04,5329,Boutique,81,1,16.38
64874,28134,2025-06-04,2268,Site,81,1,16.38
64875,28134,2025-06-04,2268,Site,41,1,29.77
64876,28135,2025-06-04,787,Site,110,1,26.68
64877,28135,2025-06-04,787,Site,21,1,13.29
64878,28136,2025-06-04,5500,Site,95,4,98.48
64879,28137,2025-06-04,5451,Site,8,1,35.95
64880,28137,2025-06-04,5451,Site,47,2,69.84
64881,28137,2025-06-04,5451,Site,86,2,314.98
64882,28138,2025-06-04,771,Réseaux,19,1,30.8
64883,28138,2025-06-04,771,Réseaux,14,1,41.1
64884,28139,2025-06-04,5225,Boutique,62,1,2.99
64885,28139,2025-06-04,5225,Boutique,96,1,12.26
64886,28139,2025-06-04,5225,Boutique,62,3,8.97
64887,28139,2025-06-04,5225,Boutique,85,1,11.23
64888,28139,2025-06-04,5225,Boutique,61,1,11.23
64889,28140,2025-06-04,2145,Boutique,28,2,100.74
64890,28140,2025-06-04,2145,Boutique,11,2,119.28
64891,28140,2025-06-04,2145,Boutique,42,2,59.54
64892,28141,2025-06-04,3931,Boutique,31,1,22.56
64893,28142,2025-06-04,4140,Boutique,46,1,32.2
64894,28143,2025-06-04,5601,Réseaux,5,1,52.43
64895,28143,2025-06-04,5601,Réseaux,9,1,44.19
64896,28143,2025-06-04,5601,Réseaux,101,2,38.94
64897,28144,2025-06-05,4031,Boutique,42,1,29.77
64898,28144,2025-06-05,4031,Boutique,2,1,40.07
64899,28144,2025-06-05,4031,Boutique,7,1,17.41
64900,28145,2025-06-05,6,Site,110,2,53.36
64901,28145,2025-06-05,6,Site,87,1,121.44
64902,28146,2025-06-05,3199,Boutique,110,3,80.04
64903,28147,2025-06-05,1147,Boutique,84,1,22.56
64904,28147,2025-06-05,1147,Boutique,29,1,57.58
64905,28147,2025-06-05,1147,Boutique,85,1,11.23
64906,28147,2025-06-05,1147,Boutique,61,4,44.92
64907,28148,2025-06-05,287,Site,44,1,22.56
64908,28148,2025-06-05,287,Site,21,1,13.29
64909,28148,2025-06-05,287,Site,64,1,10.2
64910,28148,2025-06-05,287,Site,58,1,36.98
64911,28149,2025-06-05,1616,Boutique,48,1,28.74
64912,28149,2025-06-05,1616,Boutique,91,1,89.51
64913,28149,2025-06-05,1616,Boutique,25,1,26.68
64914,28150,2025-06-05,4213,Site,48,1,28.74
64915,28150,2025-06-05,4213,Site,48,2,57.48
64916,28151,2025-06-05,366,Site,37,1,38.01
64917,28151,2025-06-05,366,Site,13,1,55.52
64918,28152,2025-06-05,3762,Site,64,1,10.2
64919,28152,2025-06-05,3762,Site,112,1,26.68
64920,28153,2025-06-05,1885,Site,98,1,93.63
64921,28154,2025-06-05,4582,Réseaux,41,1,29.77
64922,28154,2025-06-05,4582,Réseaux,38,1,32.86
64923,28154,2025-06-05,4582,Réseaux,81,1,16.38
64924,28154,2025-06-05,4582,Réseaux,105,1,17.41
64925,28155,2025-06-05,682,Boutique,81,1,16.38
64926,28155,2025-06-05,682,Boutique,81,1,16.38
64927,28156,2025-06-05,4195,Boutique,88,1,21.53
64928,28156,2025-06-05,4195,Boutique,91,1,89.51
64929,28157,2025-06-05,4253,Site,8,1,35.95
64930,28158,2025-06-05,74,Boutique,103,1,28.28
64931,28158,2025-06-05,74,Boutique,85,2,21.34
64932,28159,2025-06-05,2651,Site,92,1,11.65
64933,28159,2025-06-05,2651,Site,85,1,10.67
64934,28159,2025-06-05,2651,Site,105,1,16.54
64935,28160,2025-06-05,785,Boutique,23,1,20.5
64936,28160,2025-06-05,785,Boutique,71,1,21.53
64937,28161,2025-06-05,3492,Boutique,86,1,157.49
64938,28162,2025-06-05,3437,Boutique,81,1,16.38
64939,28162,2025-06-05,3437,Boutique,84,1,22.56
64940,28163,2025-06-05,2272,Site,90,1,74.06
64941,28164,2025-06-05,1531,Boutique,105,1,17.41
64942,28165,2025-06-05,2101,Site,64,1,10.2
64943,28165,2025-06-05,2101,Site,23,1,20.5
64944,28166,2025-06-05,1432,Site,102,1,20.5
64945,28166,2025-06-05,1432,Site,109,1,28.74
64946,28167,2025-06-05,3843,Boutique,33,1,130.71
64947,28167,2025-06-05,3843,Boutique,81,1,16.38
64948,28168,2025-06-05,79,Boutique,120,1,12.26
64949,28169,2025-06-05,1613,Boutique,66,1,9.17
64950,28169,2025-06-05,1613,Boutique,60,1,31.83
64951,28170,2025-06-05,5523,Site,82,1,79.21
64952,28170,2025-06-05,5523,Site,61,2,22.46
64953,28170,2025-06-05,5523,Site,100,1,22.56
64954,28170,2025-06-05,5523,Site,85,1,11.23
64955,28171,2025-06-05,2643,Site,89,1,68.91
64956,28172,2025-06-05,3594,Réseaux,2,1,40.07
64957,28172,2025-06-05,3594,Réseaux,34,1,109.08
64958,28173,2025-06-05,4770,Site,81,1,16.38
64959,28173,2025-06-05,4770,Site,109,2,57.48
64960,28173,2025-06-05,4770,Site,41,1,29.77
64961,28174,2025-06-05,2517,Boutique,23,1,20.5
64962,28175,2025-06-05,3120,Boutique,82,1,79.21
64963,28175,2025-06-05,3120,Boutique,66,2,18.34
64964,28175,2025-06-05,3120,Boutique,82,1,79.21
64965,28176,2025-06-05,374,Site,100,1,22.56
64966,28177,2025-06-05,1181,Boutique,3,1,39.04
64967,28177,2025-06-05,1181,Boutique,115,1,51.4
64968,28177,2025-06-05,1181,Boutique,61,1,11.23
64969,28178,2025-06-05,5017,Boutique,88,1,21.53
64970,28178,2025-06-05,5017,Boutique,106,1,45.22
64971,28178,2025-06-05,5017,Boutique,42,1,29.77
64972,28179,2025-06-05,154,Site,20,1,28.74
64973,28179,2025-06-05,154,Site,49,1,30.8
64974,28180,2025-06-05,2365,Site,91,1,85.03
64975,28181,2025-06-05,2476,Site,98,1,93.63
64976,28181,2025-06-05,2476,Site,84,2,45.12
64977,28182,2025-06-05,5436,Site,37,2,76.02
64978,28182,2025-06-05,5436,Site,84,1,22.56
64979,28182,2025-06-05,5436,Site,86,1,157.49
64980,28183,2025-06-05,4621,Boutique,81,1,16.38
64981,28183,2025-06-05,4621,Boutique,76,1,18.44
64982,28183,2025-06-05,4621,Boutique,6,1,44.19
64983,28184,2025-06-06,4154,Site,44,1,22.56
64984,28184,2025-06-06,4154,Site,90,1,74.06
64985,28185,2025-06-06,1225,Boutique,62,1,2.99
64986,28186,2025-06-06,1285,Site,1,1,44.19
64987,28187,2025-06-06,3982,Boutique,105,1,17.41
64988,28188,2025-06-06,4172,Boutique,14,1,41.1
64989,28188,2025-06-06,4172,Boutique,1,1,44.19
64990,28188,2025-06-06,4172,Boutique,15,2,24.52
64991,28188,2025-06-06,4172,Boutique,41,4,119.08
64992,28189,2025-06-06,458,Boutique,109,1,27.3
64993,28190,2025-06-06,4123,Réseaux,98,1,93.63
64994,28190,2025-06-06,4123,Réseaux,92,1,12.26
64995,28190,2025-06-06,4123,Réseaux,85,2,22.46
64996,28190,2025-06-06,4123,Réseaux,25,1,26.68
64997,28191,2025-06-06,3285,Site,5,1,52.43
64998,28192,2025-06-06,241,Boutique,25,1,26.68
64999,28193,2025-06-06,939,Boutique,42,1,29.77
65000,28193,2025-06-06,939,Boutique,84,1,22.56
65001,28194,2025-06-06,2621,Site,12,1,39.04
900017,28054,2025-06-02,90017,Site,101,1,18.5
65002,28195,2025-06-06,1314,Boutique,118,1,12.26
65003,28196,2025-06-06,3622,Réseaux,42,1,29.77
65004,28196,2025-06-06,3622,Réseaux,96,1,12.26
65005,28196,2025-06-06,3622,Réseaux,25,1,26.68
65006,28196,2025-06-06,3622,Réseaux,33,2,261.42
65007,28197,2025-06-06,3057,Réseaux,84,1,22.56
65008,28197,2025-06-06,3057,Réseaux,86,1,157.49
65009,28198,2025-06-06,910,Site,102,1,20.5
65010,28199,2025-06-06,2276,Site,32,1,24.62
65011,28199,2025-06-06,2276,Site,81,1,16.38
65012,28200,2025-06-06,2441,Site,91,1,89.51
65013,28200,2025-06-06,2441,Site,62,2,5.98
65014,28201,2025-06-06,1643,Boutique,94,1,39.04
65015,28202,2025-06-06,1395,Boutique,112,1,26.68
65016,28202,2025-06-06,1395,Boutique,32,1,24.62
65017,28202,2025-06-06,1395,Boutique,86,1,157.49
65018,28202,2025-06-06,1395,Boutique,4,1,40.07
65019,28203,2025-06-06,4892,Site,7,1,17.41
65020,28203,2025-06-06,4892,Site,87,1,121.44
65021,28204,2025-06-06,2451,Réseaux,85,1,11.23
65022,28204,2025-06-06,2451,Réseaux,71,1,21.53
65023,28204,2025-06-06,2451,Réseaux,49,1,30.8
65024,28205,2025-06-06,2769,Boutique,52,1,50.37
65025,28205,2025-06-06,2769,Boutique,25,1,26.68
65026,28205,2025-06-06,2769,Boutique,4,1,40.07
65027,28206,2025-06-06,2541,Réseaux,69,2,16.28
65028,28206,2025-06-06,2541,Réseaux,11,1,59.64
65029,28207,2025-06-06,1327,Boutique,81,1,16.38
65030,28208,2025-06-06,2561,Réseaux,83,2,152.24
65031,28208,2025-06-06,2561,Réseaux,104,1,32.86
65032,28209,2025-06-06,1403,Site,8,2,71.9
65033,28209,2025-06-06,1403,Site,100,1,22.56
65034,28210,2025-06-06,3913,Boutique,83,2,152.24
65035,28210,2025-06-06,3913,Boutique,66,1,9.17
65036,28210,2025-06-06,3913,Boutique,48,1,28.74
65037,28211,2025-06-06,920,Site,73,1,5.05
65038,28212,2025-06-06,3233,Réseaux,47,1,34.92
65039,28213,2025-06-06,397,Réseaux,87,1,121.44
65040,28213,2025-06-06,397,Réseaux,66,1,9.17
65041,28214,2025-06-06,3070,Site,96,1,12.26
65042,28215,2025-06-06,1428,Site,47,1,34.92
65043,28215,2025-06-06,1428,Site,85,1,11.23
65044,28215,2025-06-06,1428,Site,23,1,20.5
65045,28216,2025-06-06,2323,Site,89,1,68.91
65046,28216,2025-06-06,2323,Site,81,1,16.38
65047,28217,2025-06-06,2978,Boutique,81,1,16.38
65048,28217,2025-06-06,2978,Boutique,41,1,29.77
65049,28217,2025-06-06,2978,Boutique,118,1,12.26
65050,28218,2025-06-06,5467,Boutique,93,1,51.4
65051,28219,2025-06-06,1322,Boutique,99,1,63.76
65052,28220,2025-06-06,1041,Site,56,1,99.81
65053,28220,2025-06-06,1041,Site,46,1,33.89
65054,28221,2025-06-06,2725,Réseaux,78,1,7.11
65055,28221,2025-06-06,2725,Réseaux,5,1,52.43
65056,28222,2025-06-06,2870,Site,83,1,76.12
65057,28223,2025-06-06,2672,Site,46,1,33.89
65058,28223,2025-06-06,2672,Site,37,1,38.01
65059,28224,2025-06-06,163,Boutique,9,1,44.19
65060,28224,2025-06-06,163,Boutique,87,1,121.44
65061,28224,2025-06-06,163,Boutique,87,3,364.32
65062,28224,2025-06-06,163,Boutique,81,1,16.38
65063,28225,2025-06-06,556,Boutique,94,1,39.04
65064,28225,2025-06-06,556,Boutique,85,3,33.69
65065,28225,2025-06-06,556,Boutique,95,1,24.62
65066,28226,2025-06-06,2282,Boutique,21,1,13.29
65067,28226,2025-06-06,2282,Boutique,97,1,8.14
65068,28227,2025-06-07,3993,Boutique,56,1,99.81
65069,28227,2025-06-07,3993,Boutique,6,1,44.19
65070,28227,2025-06-07,3993,Boutique,89,1,68.91
65071,28228,2025-06-07,1765,Réseaux,81,1,16.38
65072,28228,2025-06-07,1765,Réseaux,58,1,36.98
65073,28229,2025-06-07,4986,Boutique,9,1,44.19
65074,28229,2025-06-07,4986,Boutique,25,1,26.68
65075,28229,2025-06-07,4986,Boutique,105,1,17.41
65076,28229,2025-06-07,4986,Boutique,42,1,29.77
65077,28229,2025-06-07,4986,Boutique,92,1,12.26
65078,28230,2025-06-07,1982,Réseaux,76,1,18.44
65079,28230,2025-06-07,1982,Réseaux,89,1,68.91
65080,28231,2025-06-07,1967,Site,64,1,10.2
65081,28232,2025-06-07,2998,Boutique,104,1,32.86
65082,28232,2025-06-07,2998,Boutique,105,1,17.41
65083,28233,2025-06-07,1499,Site,87,1,121.44
65084,28233,2025-06-07,1499,Site,19,2,61.6
65085,28233,2025-06-07,1499,Site,82,1,79.21
65086,28234,2025-06-07,1540,Boutique,80,1,19.47
65087,28234,2025-06-07,1540,Boutique,44,1,22.56
65088,28235,2025-06-07,1883,Site,81,3,49.14
65089,28236,2025-06-07,2998,Boutique,7,1,17.41
65090,28236,2025-06-07,2998,Boutique,84,1,22.56
65091,28237,2025-06-07,4921,Site,57,1,17.41
65092,28237,2025-06-07,4921,Site,99,1,63.76
65093,28238,2025-06-07,3943,Boutique,66,2,18.34
65094,28238,2025-06-07,3943,Boutique,57,2,34.82
65095,28239,2025-06-07,4812,Boutique,81,1,16.38
65096,28240,2025-06-07,179,Boutique,10,1,48.83
65097,28241,2025-06-07,4025,Site,16,1,10.2
65098,28241,2025-06-07,4025,Site,30,1,52.43
65099,28242,2025-06-07,1361,Boutique,82,1,79.21
65100,28242,2025-06-07,1361,Boutique,54,1,56.55
65101,28242,2025-06-07,1361,Boutique,99,1,63.76
65102,28242,2025-06-07,1361,Boutique,108,2,92.5
65103,28243,2025-06-07,573,Boutique,35,1,16.38
65104,28243,2025-06-07,573,Boutique,82,1,79.21
65105,28243,2025-06-07,573,Boutique,26,1,64.79
65106,28244,2025-06-07,4588,Boutique,88,1,21.53
65107,28244,2025-06-07,4588,Boutique,83,1,76.12
65108,28245,2025-06-07,4236,Site,120,1,12.26
65109,28245,2025-06-07,4236,Site,91,4,358.04
65110,28246,2025-06-07,1542,Réseaux,106,1,45.22
65111,28246,2025-06-07,1542,Réseaux,94,2,78.08
65112,28246,2025-06-07,1542,Réseaux,19,1,30.8
65113,28247,2025-06-07,329,Site,53,2,41.0
65114,28247,2025-06-07,329,Site,86,1,157.49
65115,28248,2025-06-07,3271,Boutique,89,1,68.91
65116,28248,2025-06-07,3271,Boutique,86,1,157.49
65117,28248,2025-06-07,3271,Boutique,85,1,11.23
65118,28248,2025-06-07,3271,Boutique,18,3,39.87
65119,28248,2025-06-07,3271,Boutique,111,1,10.2
65120,28249,2025-06-07,4470,Boutique,61,2,22.46
65121,28249,2025-06-07,4470,Boutique,44,1,22.56
65122,28249,2025-06-07,4470,Boutique,82,1,79.21
65123,28250,2025-06-07,4075,Boutique,32,1,24.62
65124,28250,2025-06-07,4075,Boutique,107,1,15.35
65125,28251,2025-06-07,285,Boutique,26,1,64.79
65126,28252,2025-06-07,5071,Boutique,93,1,48.83
65127,28252,2025-06-07,5071,Boutique,45,2,127.01
65128,28252,2025-06-07,5071,Boutique,82,1,75.25
65129,28253,2025-06-07,1449,Boutique,30,1,49.81
65130,28254,2025-06-07,4898,Réseaux,3,1,39.04
65131,28254,2025-06-07,4898,Réseaux,104,1,32.86
65132,28255,2025-06-07,5251,Site,28,2,100.74
65133,28255,2025-06-07,5251,Site,43,1,24.62
65134,28255,2025-06-07,5251,Site,23,1,20.5
65135,28255,2025-06-07,5251,Site,114,2,38.94
65136,28256,2025-06-07,4378,Réseaux,66,1,9.17
65137,28256,2025-06-07,4378,Réseaux,66,1,9.17
65138,28256,2025-06-07,4378,Réseaux,27,1,108.05
65139,28256,2025-06-07,4378,Réseaux,62,1,2.99
65140,28256,2025-06-07,4378,Réseaux,67,1,2.99
65141,28257,2025-06-07,2901,Boutique,75,1,7.11
65142,28257,2025-06-07,2901,Boutique,68,1,21.53
65143,28258,2025-06-07,2091,Site,13,2,111.04
65144,28259,2025-06-07,3652,Réseaux,25,2,53.36
65145,28260,2025-06-07,1186,Boutique,65,1,18.44
65146,28260,2025-06-07,1186,Boutique,101,1,19.47
65147,28260,2025-06-07,1186,Boutique,47,1,34.92
65148,28261,2025-06-07,3005,Site,60,1,31.83
65149,28262,2025-06-07,5095,Site,83,1,72.31
65150,28262,2025-06-07,5095,Site,61,1,10.67
65151,28262,2025-06-07,5095,Site,100,1,21.43
65152,28263,2025-06-07,5337,Site,89,1,68.91
65153,28263,2025-06-07,5337,Site,59,1,12.26
65154,28263,2025-06-07,5337,Site,6,1,44.19
65155,28263,2025-06-07,5337,Site,106,1,45.22
65156,28264,2025-06-07,1729,Boutique,90,1,74.06
65157,28264,2025-06-07,1729,Boutique,88,1,21.53
65158,28264,2025-06-07,1729,Boutique,65,1,18.44
65159,28265,2025-06-07,445,Boutique,4,1,40.07
65160,28265,2025-06-07,445,Boutique,17,1,16.38
65161,28265,2025-06-07,445,Boutique,82,2,158.42
65162,28266,2025-06-07,3347,Site,89,1,68.91
65163,28267,2025-06-07,3762,Site,81,1,16.38
65164,28267,2025-06-07,3762,Site,74,1,21.53
65165,28267,2025-06-07,3762,Site,101,1,19.47
65166,28268,2025-06-07,5129,Réseaux,67,1,2.99
65167,28268,2025-06-07,5129,Réseaux,65,1,18.44
65168,28268,2025-06-07,5129,Réseaux,38,1,32.86
65169,28269,2025-06-07,2172,Boutique,31,1,22.56
65170,28269,2025-06-07,2172,Boutique,77,1,22.56
65171,28270,2025-06-07,718,Boutique,24,1,34.92
65172,28270,2025-06-07,718,Boutique,92,1,12.26
65173,28270,2025-06-07,718,Boutique,67,1,2.99
65174,28270,2025-06-07,718,Boutique,67,1,2.99
65175,28271,2025-06-07,4267,Boutique,81,1,16.38
65176,28271,2025-06-07,4267,Boutique,79,1,5.05
65177,28272,2025-06-07,980,Site,65,1,18.44
65178,28272,2025-06-07,980,Site,43,2,49.24
65179,28273,2025-06-07,2619,Boutique,8,1,35.95
65180,28273,2025-06-07,2619,Boutique,62,1,2.99
65181,28273,2025-06-07,2619,Boutique,107,1,15.35
65182,28273,2025-06-07,2619,Boutique,83,1,76.12
65183,28274,2025-06-07,798,Boutique,87,1,121.44
65184,28274,2025-06-07,798,Boutique,79,1,5.05
65185,28274,2025-06-07,798,Boutique,30,1,52.43
65186,28274,2025-06-07,798,Boutique,41,1,29.77
65187,28275,2025-06-07,1708,Site,90,1,74.06
65188,28275,2025-06-07,1708,Site,66,1,9.17
65189,28276,2025-06-07,1183,Site,28,1,50.37
65190,28276,2025-06-07,1183,Site,115,3,154.2
65191,28276,2025-06-07,1183,Site,82,2,158.42
65192,28276,2025-06-07,1183,Site,25,1,26.68
65193,28276,2025-06-07,1183,Site,28,1,50.37
65194,28277,2025-06-07,4797,Boutique,69,2,16.28
65195,28278,2025-06-08,4251,Site,76,1,17.52
65196,28278,2025-06-08,4251,Site,13,2,105.49
65197,28278,2025-06-08,4251,Site,63,1,3.82
65198,28279,2025-06-08,5104,Boutique,61,1,11.23
65199,28279,2025-06-08,5104,Boutique,82,2,158.42
65200,28280,2025-06-08,2128,Boutique,111,2,20.4
65201,28280,2025-06-08,2128,Boutique,107,1,15.35
65202,28281,2025-06-08,1923,Site,108,3,138.75
65203,28282,2025-06-08,2788,Réseaux,71,3,64.59
65204,28283,2025-06-08,5284,Site,35,1,16.38
65205,28284,2025-06-08,85,Boutique,83,1,76.12
65206,28284,2025-06-08,85,Boutique,118,1,12.26
65207,28285,2025-06-08,1333,Site,85,1,11.23
65208,28285,2025-06-08,1333,Site,120,1,12.26
65209,28285,2025-06-08,1333,Site,9,1,44.19
65210,28285,2025-06-08,1333,Site,35,1,16.38
65211,28286,2025-06-08,1449,Boutique,111,1,10.2
65212,28287,2025-06-08,2180,Boutique,62,1,2.99
65213,28287,2025-06-08,2180,Boutique,84,1,22.56
65214,28288,2025-06-08,1360,Site,21,1,13.29
65215,28288,2025-06-08,1360,Site,87,1,121.44
65216,28289,2025-06-08,2714,Boutique,85,1,11.23
65217,28289,2025-06-08,2714,Boutique,1,1,44.19
65218,28289,2025-06-08,2714,Boutique,84,1,22.56
65219,28289,2025-06-08,2714,Boutique,97,4,32.56
65220,28289,2025-06-08,2714,Boutique,75,1,7.11
65221,28290,2025-06-08,637,Boutique,87,1,121.44
65222,28290,2025-06-08,637,Boutique,66,1,9.17
65223,28290,2025-06-08,637,Boutique,88,1,21.53
65224,28291,2025-06-08,192,Boutique,82,1,79.21
65225,28291,2025-06-08,192,Boutique,104,1,32.86
65226,28292,2025-06-08,4891,Boutique,107,1,15.35
65227,28292,2025-06-08,4891,Boutique,23,3,61.5
65228,28293,2025-06-08,446,Boutique,43,1,24.62
65229,28293,2025-06-08,446,Boutique,51,1,17.41
65230,28293,2025-06-08,446,Boutique,82,1,79.21
65231,28294,2025-06-08,4455,Site,11,1,59.64
65232,28294,2025-06-08,4455,Site,9,1,44.19
65233,28294,2025-06-08,4455,Site,103,1,29.77
65234,28294,2025-06-08,4455,Site,63,2,8.04
65235,28295,2025-06-08,3976,Boutique,95,1,24.62
65236,28295,2025-06-08,3976,Boutique,100,3,67.68
65237,28295,2025-06-08,3976,Boutique,72,1,2.99
65238,28296,2025-06-08,2588,Boutique,65,1,18.44
65239,28296,2025-06-08,2588,Boutique,84,1,22.56
65240,28296,2025-06-08,2588,Boutique,63,1,4.02
65241,28296,2025-06-08,2588,Boutique,56,1,99.81
65242,28296,2025-06-08,2588,Boutique,81,1,16.38
65243,28297,2025-06-08,2100,Site,31,1,22.56
65244,28298,2025-06-08,4976,Site,99,1,63.76
65245,28298,2025-06-08,4976,Site,50,1,73.03
65246,28299,2025-06-08,901,Boutique,5,1,52.43
65247,28299,2025-06-08,901,Boutique,81,1,16.38
65248,28300,2025-06-08,4118,Site,88,1,21.53
65249,28300,2025-06-08,4118,Site,89,1,68.91
65250,28300,2025-06-08,4118,Site,29,1,57.58
65251,28301,2025-06-08,5,Site,98,1,93.63
65252,28301,2025-06-08,5,Site,63,2,8.04
65253,28301,2025-06-08,5,Site,82,1,79.21
65254,28302,2025-06-08,2541,Site,22,2,104.86
65255,28302,2025-06-08,2541,Site,16,1,10.2
65256,28302,2025-06-08,2541,Site,21,1,13.29
65257,28302,2025-06-08,2541,Site,114,1,19.47
65258,28303,2025-06-09,739,Boutique,17,1,16.38
65259,28303,2025-06-09,739,Boutique,87,1,121.44
65260,28304,2025-06-09,3042,Boutique,8,1,35.95
65261,28304,2025-06-09,3042,Boutique,49,1,30.8
65262,28305,2025-06-09,1905,Site,4,1,40.07
65263,28305,2025-06-09,1905,Site,3,1,39.04
65264,28306,2025-06-09,2870,Site,83,1,76.12
65265,28307,2025-06-09,74,Site,19,1,30.8
65266,28308,2025-06-09,3653,Site,48,1,28.74
65267,28308,2025-06-09,3653,Site,91,1,89.51
65268,28309,2025-06-09,2879,Réseaux,98,1,93.63
65269,28309,2025-06-09,2879,Réseaux,89,1,68.91
65270,28310,2025-06-09,4804,Boutique,67,1,2.99
65271,28310,2025-06-09,4804,Boutique,47,1,34.92
65272,28311,2025-06-09,3560,Site,9,2,88.38
65273,28311,2025-06-09,3560,Site,1,1,44.19
65274,28312,2025-06-09,3802,Boutique,51,1,17.41
65275,28313,2025-06-09,2898,Boutique,112,1,26.68
65276,28313,2025-06-09,2898,Boutique,93,3,154.2
65277,28314,2025-06-09,2221,Site,83,4,304.48
65278,28314,2025-06-09,2221,Site,21,1,13.29
65279,28314,2025-06-09,2221,Site,97,1,8.14
65280,28315,2025-06-09,89,Site,81,1,16.38
65281,28315,2025-06-09,89,Site,46,1,33.89
65282,28315,2025-06-09,89,Site,120,1,12.26
65283,28315,2025-06-09,89,Site,76,1,18.44
65284,28315,2025-06-09,89,Site,102,1,20.5
65285,28315,2025-06-09,89,Site,98,1,93.63
65286,28315,2025-06-09,89,Site,89,1,68.91
65287,28315,2025-06-09,89,Site,95,1,24.62
65288,28316,2025-06-09,5129,Boutique,11,1,59.64
65289,28317,2025-06-09,5532,Réseaux,85,1,11.23
65290,28317,2025-06-09,5532,Réseaux,90,1,74.06
65291,28318,2025-06-09,4161,Site,102,1,19.47
65292,28318,2025-06-09,4161,Site,41,1,28.28
65293,28318,2025-06-09,4161,Site,26,1,61.55
65294,28318,2025-06-09,4161,Site,6,1,41.98
65295,28319,2025-06-09,773,Site,61,1,11.23
65296,28320,2025-06-09,3594,Boutique,62,1,2.99
65297,28320,2025-06-09,3594,Boutique,59,1,12.26
65298,28320,2025-06-09,3594,Boutique,19,1,30.8
65299,28321,2025-06-09,5491,Réseaux,90,1,74.06
65300,28321,2025-06-09,5491,Réseaux,90,1,74.06
65301,28322,2025-06-09,3386,Boutique,2,1,40.07
65302,28322,2025-06-09,3386,Boutique,36,1,68.91
65303,28322,2025-06-09,3386,Boutique,88,2,43.06
65304,28323,2025-06-09,3106,Site,5,1,52.43
65305,28323,2025-06-09,3106,Site,11,1,59.64
65306,28324,2025-06-09,5349,Boutique,43,1,24.62
65307,28324,2025-06-09,5349,Boutique,96,1,12.26
65308,28325,2025-06-09,5225,Réseaux,25,1,26.68
65309,28325,2025-06-09,5225,Réseaux,47,2,69.84
65310,28326,2025-06-09,2685,Site,104,1,32.86
65311,28326,2025-06-09,2685,Site,70,1,14.32
65312,28327,2025-06-09,3875,Site,81,1,16.38
65313,28327,2025-06-09,3875,Site,86,1,157.49
65314,28327,2025-06-09,3875,Site,3,1,39.04
65315,28328,2025-06-09,3098,Boutique,15,1,12.26
65316,28328,2025-06-09,3098,Boutique,33,2,261.42
65317,28328,2025-06-09,3098,Boutique,93,1,51.4
65318,28329,2025-06-09,4574,Site,64,1,10.2
65319,28329,2025-06-09,4574,Site,17,1,16.38
65320,28329,2025-06-09,4574,Site,86,1,157.49
65321,28330,2025-06-09,4784,Site,7,2,34.82
65322,28330,2025-06-09,4784,Site,102,1,20.5
65323,28331,2025-06-09,535,Site,102,1,20.5
65324,28331,2025-06-09,535,Site,1,1,44.19
65325,28332,2025-06-09,536,Site,4,1,38.07
65326,28332,2025-06-09,536,Site,90,2,140.71
65327,28332,2025-06-09,536,Site,82,2,150.5
65328,28332,2025-06-09,536,Site,88,1,20.45
65329,28333,2025-06-10,5198,Boutique,99,1,63.76
65330,28333,2025-06-10,5198,Boutique,73,1,5.05
65331,28333,2025-06-10,5198,Boutique,61,1,11.23
65332,28334,2025-06-10,1171,Boutique,21,1,13.29
65333,28335,2025-06-10,23,Site,22,1,52.43
65334,28335,2025-06-10,23,Site,23,1,20.5
65335,28335,2025-06-10,23,Site,44,1,22.56
65336,28336,2025-06-10,4327,Boutique,86,1,157.49
65337,28336,2025-06-10,4327,Boutique,83,1,76.12
65338,28337,2025-06-10,4086,Boutique,45,1,66.85
65339,28337,2025-06-10,4086,Boutique,106,1,45.22
65340,28337,2025-06-10,4086,Boutique,82,1,79.21
65341,28338,2025-06-10,4789,Boutique,35,1,16.38
65342,28338,2025-06-10,4789,Boutique,21,1,13.29
65343,28338,2025-06-10,4789,Boutique,19,1,30.8
65344,28339,2025-06-10,3552,Site,5,1,52.43
65345,28339,2025-06-10,3552,Site,109,1,28.74
65346,28339,2025-06-10,3552,Site,13,1,55.52
65347,28340,2025-06-10,2692,Réseaux,4,1,40.07
65348,28341,2025-06-10,3737,Réseaux,46,1,32.2
65349,28341,2025-06-10,3737,Réseaux,61,2,21.34
65350,28342,2025-06-10,3139,Réseaux,110,2,53.36
65351,28342,2025-06-10,3139,Réseaux,94,3,117.12
65352,28342,2025-06-10,3139,Réseaux,87,1,121.44
65353,28342,2025-06-10,3139,Réseaux,95,1,24.62
65354,28342,2025-06-10,3139,Réseaux,24,4,139.68
65355,28343,2025-06-10,1900,Boutique,42,1,29.77
65356,28343,2025-06-10,1900,Boutique,12,1,39.04
65357,28344,2025-06-10,4473,Boutique,5,1,52.43
65358,28344,2025-06-10,4473,Boutique,118,1,12.26
65359,28344,2025-06-10,4473,Boutique,89,1,68.91
65360,28345,2025-06-10,1898,Réseaux,40,1,77.15
65361,28345,2025-06-10,1898,Réseaux,3,1,39.04
65362,28345,2025-06-10,1898,Réseaux,107,2,30.7
65363,28346,2025-06-10,2932,Site,89,1,68.91
65364,28346,2025-06-10,2932,Site,99,1,63.76
65365,28346,2025-06-10,2932,Site,103,2,59.54
65366,28347,2025-06-10,2557,Boutique,42,3,89.31
65367,28347,2025-06-10,2557,Boutique,27,1,108.05
65368,28348,2025-06-10,3558,Boutique,97,1,8.14
65369,28349,2025-06-10,4738,Site,47,1,34.92
65370,28350,2025-06-10,3230,Réseaux,66,1,9.17
65371,28350,2025-06-10,3230,Réseaux,90,1,74.06
65372,28351,2025-06-10,1338,Site,19,1,30.8
65373,28351,2025-06-10,1338,Site,14,1,41.1
65374,28351,2025-06-10,1338,Site,62,1,2.99
65375,28351,2025-06-10,1338,Site,61,1,11.23
65376,28352,2025-06-10,2575,Site,99,3,191.28
65377,28352,2025-06-10,2575,Site,56,2,199.62
65378,28353,2025-06-10,4889,Site,24,1,34.92
65379,28353,2025-06-10,4889,Site,88,1,21.53
65380,28353,2025-06-10,4889,Site,62,1,2.99
65381,28354,2025-06-10,689,Site,90,2,148.12
65382,28354,2025-06-10,689,Site,41,2,59.54
65383,28354,2025-06-10,689,Site,25,1,26.68
65384,28355,2025-06-10,1992,Boutique,26,1,64.79
65385,28355,2025-06-10,1992,Boutique,84,2,45.12
65386,28355,2025-06-10,1992,Boutique,24,1,34.92
65387,28355,2025-06-10,1992,Boutique,25,1,26.68
65388,28356,2025-06-10,2968,Boutique,17,1,16.38
65389,28357,2025-06-10,833,Site,25,1,26.68
65390,28357,2025-06-10,833,Site,93,1,51.4
65391,28358,2025-06-10,3558,Site,109,4,114.96
65392,28359,2025-06-10,5603,Site,86,1,141.74
65393,28359,2025-06-10,5603,Site,66,1,8.25
65394,28360,2025-06-10,3035,Site,59,1,12.26
65395,28360,2025-06-10,3035,Site,117,1,12.26
65396,28361,2025-06-10,1555,Boutique,81,1,16.38
65397,28361,2025-06-10,1555,Boutique,27,1,108.05
65398,28362,2025-06-11,4428,Boutique,32,1,24.62
65399,28362,2025-06-11,4428,Boutique,86,1,157.49
65400,28363,2025-06-11,2094,Site,1,1,41.98
65401,28363,2025-06-11,2094,Site,10,1,48.83
65402,28363,2025-06-11,2094,Site,48,1,27.3
65403,28363,2025-06-11,2094,Site,32,1,23.39
65404,28363,2025-06-11,2094,Site,65,1,17.52
65405,28364,2025-06-11,3106,Boutique,81,1,16.38
65406,28364,2025-06-11,3106,Boutique,68,1,21.53
65407,28365,2025-06-11,1693,Site,93,1,51.4
65408,28366,2025-06-11,2997,Boutique,110,1,26.68
65409,28366,2025-06-11,2997,Boutique,95,1,24.62
65410,28366,2025-06-11,2997,Boutique,17,1,16.38
65411,28366,2025-06-11,2997,Boutique,84,1,22.56
65412,28367,2025-06-11,536,Site,81,1,16.38
65413,28368,2025-06-11,2703,Site,90,1,74.06
65414,28368,2025-06-11,2703,Site,63,2,8.04
65415,28369,2025-06-11,3090,Réseaux,2,1,38.07
65416,28370,2025-06-11,4440,Site,80,1,19.47
65417,28370,2025-06-11,4440,Site,41,1,29.77
65418,28370,2025-06-11,4440,Site,9,2,88.38
65419,28371,2025-06-11,2411,Boutique,24,1,34.92
65420,28371,2025-06-11,2411,Boutique,38,1,32.86
65421,28371,2025-06-11,2411,Boutique,83,1,76.12
65422,28371,2025-06-11,2411,Boutique,23,1,20.5
65423,28372,2025-06-11,2659,Réseaux,91,1,89.51
65424,28372,2025-06-11,2659,Réseaux,21,1,13.29
65425,28372,2025-06-11,2659,Réseaux,23,2,41.0
65426,28372,2025-06-11,2659,Réseaux,97,2,16.28
65427,28372,2025-06-11,2659,Réseaux,62,1,2.99
65428,28373,2025-06-11,1999,Site,18,1,13.29
65429,28373,2025-06-11,1999,Site,82,1,79.21
65430,28373,2025-06-11,1999,Site,101,1,19.47
65431,28373,2025-06-11,1999,Site,110,1,26.68
65432,28373,2025-06-11,1999,Site,110,2,53.36
65433,28374,2025-06-11,543,Réseaux,83,3,228.36
65434,28374,2025-06-11,543,Réseaux,29,1,57.58
65435,28374,2025-06-11,543,Réseaux,60,1,31.83
65436,28375,2025-06-11,2528,Boutique,84,1,22.56
65437,28376,2025-06-11,996,Site,84,1,22.56
65438,28377,2025-06-11,9,Boutique,95,1,23.39
65439,28377,2025-06-11,9,Boutique,82,1,75.25
65440,28378,2025-06-11,4102,Site,106,1,45.22
65441,28378,2025-06-11,4102,Site,84,1,22.56
65442,28378,2025-06-11,4102,Site,3,1,39.04
65443,28379,2025-06-11,807,Site,10,1,51.4
65444,28379,2025-06-11,807,Site,3,1,39.04
65445,28380,2025-06-11,1303,Réseaux,67,1,2.99
65446,28381,2025-06-11,4768,Boutique,61,1,11.23
65447,28381,2025-06-11,4768,Boutique,1,1,44.19
65448,28382,2025-06-11,303,Boutique,50,1,73.03
65449,28382,2025-06-11,303,Boutique,107,1,15.35
65450,28383,2025-06-11,4690,Site,83,1,76.12
65451,28383,2025-06-11,4690,Site,11,1,59.64
65452,28383,2025-06-11,4690,Site,102,1,20.5
65453,28384,2025-06-11,2018,Boutique,72,2,5.98
65454,28384,2025-06-11,2018,Boutique,100,1,22.56
65455,28385,2025-06-11,105,Site,48,1,28.74
65456,28386,2025-06-11,2455,Site,101,1,19.47
65457,28387,2025-06-11,473,Réseaux,58,1,36.98
65458,28387,2025-06-11,473,Réseaux,10,1,51.4
65459,28388,2025-06-11,381,Site,94,1,39.04
65460,28388,2025-06-11,381,Site,23,1,20.5
65461,28389,2025-06-11,1697,Site,45,1,66.85
65462,28390,2025-06-11,4686,Boutique,92,1,12.26
65463,28390,2025-06-11,4686,Boutique,87,1,121.44
65464,28390,2025-06-11,4686,Boutique,14,1,41.1
65465,28390,2025-06-11,4686,Boutique,90,1,74.06
65466,28390,2025-06-11,4686,Boutique,40,1,77.15
65467,28390,2025-06-11,4686,Boutique,24,1,34.92
65468,28391,2025-06-11,1470,Boutique,34,1,109.08
65469,28391,2025-06-11,1470,Boutique,90,1,74.06
65470,28392,2025-06-11,1963,Réseaux,44,1,22.56
65471,28392,2025-06-11,1963,Réseaux,15,2,24.52
65472,28393,2025-06-11,271,Site,92,1,12.26
65473,28393,2025-06-11,271,Site,83,1,76.12
65474,28393,2025-06-11,271,Site,7,1,17.41
65475,28393,2025-06-11,271,Site,29,1,57.58
65476,28394,2025-06-11,744,Boutique,103,1,29.77
65477,28395,2025-06-11,1669,Réseaux,89,1,65.46
65478,28395,2025-06-11,1669,Réseaux,82,1,75.25
65479,28396,2025-06-11,2386,Site,81,1,16.38
65480,28396,2025-06-11,2386,Site,86,1,157.49
65481,28396,2025-06-11,2386,Site,93,1,51.4
65482,28397,2025-06-12,3105,Réseaux,53,1,20.5
65483,28397,2025-06-12,3105,Réseaux,28,1,50.37
65484,28398,2025-06-12,1722,Boutique,14,1,41.1
65485,28399,2025-06-12,4988,Boutique,102,1,20.5
65486,28399,2025-06-12,4988,Boutique,7,1,17.41
65487,28399,2025-06-12,4988,Boutique,81,1,16.38
65488,28399,2025-06-12,4988,Boutique,84,1,22.56
65489,28400,2025-06-12,1765,Boutique,13,1,52.74
65490,28400,2025-06-12,1765,Boutique,23,1,19.47
65491,28400,2025-06-12,1765,Boutique,91,1,85.03
65492,28400,2025-06-12,1765,Boutique,1,2,83.96
65493,28400,2025-06-12,1765,Boutique,85,1,10.67
65494,28400,2025-06-12,1765,Boutique,84,1,21.43
65495,28401,2025-06-12,3300,Boutique,82,1,79.21
65496,28401,2025-06-12,3300,Boutique,45,1,66.85
65497,28401,2025-06-12,3300,Boutique,21,1,13.29
65498,28402,2025-06-12,3106,Site,95,1,24.62
65499,28403,2025-06-12,565,Site,65,1,18.44
65500,28403,2025-06-12,565,Site,23,1,20.5
65501,28404,2025-06-12,2302,Site,43,2,49.24
65502,28405,2025-06-12,920,Site,88,1,21.53
65503,28406,2025-06-12,4993,Boutique,93,1,51.4
65504,28406,2025-06-12,4993,Boutique,27,2,216.1
65505,28407,2025-06-12,1820,Site,111,1,10.2
65506,28407,2025-06-12,1820,Site,15,1,12.26
65507,28407,2025-06-12,1820,Site,83,1,76.12
65508,28407,2025-06-12,1820,Site,97,1,8.14
65509,28407,2025-06-12,1820,Site,83,2,152.24
65510,28408,2025-06-12,1715,Boutique,104,1,32.86
65511,28408,2025-06-12,1715,Boutique,22,1,52.43
65512,28409,2025-06-12,4798,Boutique,97,1,8.14
65513,28409,2025-06-12,4798,Boutique,3,1,39.04
65514,28410,2025-06-12,3286,Site,83,1,76.12
65515,28410,2025-06-12,3286,Site,87,1,121.44
65516,28410,2025-06-12,3286,Site,89,1,68.91
65517,28411,2025-06-12,2265,Site,83,1,76.12
65518,28411,2025-06-12,2265,Site,112,1,26.68
65519,28412,2025-06-12,1989,Site,22,3,157.29
65520,28412,2025-06-12,1989,Site,24,1,34.92
65521,28412,2025-06-12,1989,Site,78,1,7.11
65522,28413,2025-06-12,2090,Site,99,1,63.76
65523,28413,2025-06-12,2090,Site,102,1,20.5
65524,28413,2025-06-12,2090,Site,41,1,29.77
65525,28413,2025-06-12,2090,Site,90,2,148.12
65526,28414,2025-06-12,1502,Site,113,1,10.2
65527,28414,2025-06-12,1502,Site,36,1,68.91
65528,28414,2025-06-12,1502,Site,115,1,51.4
65529,28414,2025-06-12,1502,Site,28,1,50.37
65530,28414,2025-06-12,1502,Site,82,1,79.21
65531,28415,2025-06-12,5270,Site,29,1,57.58
65532,28415,2025-06-12,5270,Site,82,1,79.21
65533,28415,2025-06-12,5270,Site,48,1,28.74
65534,28415,2025-06-12,5270,Site,46,1,33.89
65535,28416,2025-06-12,2735,Boutique,11,1,59.64
65536,28417,2025-06-12,1186,Site,84,1,22.56
65537,28417,2025-06-12,1186,Site,43,1,24.62
65538,28418,2025-06-12,536,Boutique,117,1,11.65
65539,28418,2025-06-12,536,Boutique,89,2,130.93
65540,28419,2025-06-12,1556,Boutique,32,1,24.62
65541,28419,2025-06-12,1556,Boutique,91,1,89.51
65542,28419,2025-06-12,1556,Boutique,24,2,69.84
65543,28419,2025-06-12,1556,Boutique,40,1,77.15
65544,28419,2025-06-12,1556,Boutique,10,2,102.8
65545,28419,2025-06-12,1556,Boutique,21,1,13.29
65546,28420,2025-06-12,2430,Site,9,1,44.19
65547,28421,2025-06-12,2232,Boutique,41,1,29.77
65548,28422,2025-06-12,6,Boutique,3,1,39.04
65549,28422,2025-06-12,6,Boutique,103,1,29.77
65550,28423,2025-06-12,4692,Site,90,1,74.06
65551,28424,2025-06-12,2475,Réseaux,99,1,63.76
65552,28424,2025-06-12,2475,Réseaux,109,1,28.74
65553,28424,2025-06-12,2475,Réseaux,100,1,22.56
65554,28424,2025-06-12,2475,Réseaux,50,1,73.03
65555,28425,2025-06-13,2950,Site,91,1,85.03
65556,28425,2025-06-13,2950,Site,84,1,21.43
65557,28426,2025-06-13,3015,Réseaux,75,1,7.11
65558,28426,2025-06-13,3015,Réseaux,28,1,50.37
65559,28426,2025-06-13,3015,Réseaux,105,2,34.82
65560,28427,2025-06-13,5264,Site,4,1,40.07
65561,28427,2025-06-13,5264,Site,23,1,20.5
65562,28427,2025-06-13,5264,Site,101,1,19.47
65563,28427,2025-06-13,5264,Site,26,1,64.79
65564,28427,2025-06-13,5264,Site,83,1,76.12
65565,28428,2025-06-13,3168,Site,41,1,29.77
65566,28428,2025-06-13,3168,Site,13,1,55.52
65567,28429,2025-06-13,5437,Boutique,13,1,55.52
65568,28429,2025-06-13,5437,Boutique,26,1,64.79
65569,28430,2025-06-13,2436,Boutique,85,2,22.46
65570,28431,2025-06-13,2735,Site,103,1,29.77
65571,28432,2025-06-13,5264,Boutique,82,1,79.21
65572,28432,2025-06-13,5264,Boutique,80,1,19.47
65573,28433,2025-06-13,4065,Site,59,1,12.26
65574,28434,2025-06-13,675,Site,31,1,22.56
65575,28435,2025-06-13,5523,Site,22,2,104.86
65576,28435,2025-06-13,5523,Site,117,1,12.26
65577,28435,2025-06-13,5523,Site,109,1,28.74
65578,28435,2025-06-13,5523,Site,82,2,158.42
65579,28435,2025-06-13,5523,Site,102,1,20.5
65580,28436,2025-06-13,4444,Réseaux,81,1,16.38
65581,28436,2025-06-13,4444,Réseaux,46,1,33.89
65582,28436,2025-06-13,4444,Réseaux,76,1,18.44
65583,28436,2025-06-13,4444,Réseaux,83,1,76.12
65584,28436,2025-06-13,4444,Réseaux,1,1,44.19
65585,28436,2025-06-13,4444,Réseaux,71,1,21.53
65586,28437,2025-06-13,10,Site,9,1,44.19
65587,28437,2025-06-13,10,Site,84,1,22.56
65588,28438,2025-06-13,4235,Site,18,1,13.29
65589,28438,2025-06-13,4235,Site,97,1,8.14
65590,28439,2025-06-13,635,Site,83,1,76.12
65591,28439,2025-06-13,635,Site,13,1,55.52
65592,28440,2025-06-13,3982,Site,22,1,52.43
65593,28441,2025-06-13,1532,Site,80,2,38.94
65594,28441,2025-06-13,1532,Site,45,1,66.85
65595,28442,2025-06-13,663,Site,9,1,44.19
65596,28442,2025-06-13,663,Site,54,1,56.55
65597,28443,2025-06-13,1290,Réseaux,32,1,24.62
65598,28444,2025-06-13,961,Boutique,82,1,79.21
65599,28445,2025-06-13,3450,Site,28,1,50.37
65600,28445,2025-06-13,3450,Site,63,1,4.02
65601,28445,2025-06-13,3450,Site,45,1,66.85
65602,28446,2025-06-13,2294,Réseaux,22,1,52.43
65603,28446,2025-06-13,2294,Réseaux,21,1,13.29
65604,28447,2025-06-13,3538,Site,103,1,29.77
65605,28447,2025-06-13,3538,Site,87,1,121.44
65606,28448,2025-06-13,507,Boutique,89,1,68.91
65607,28448,2025-06-13,507,Boutique,9,1,44.19
65608,28448,2025-06-13,507,Boutique,43,1,24.62
65609,28449,2025-06-13,595,Site,48,1,28.74
65610,28449,2025-06-13,595,Site,85,1,11.23
65611,28450,2025-06-13,2323,Boutique,1,1,44.19
65612,28450,2025-06-13,2323,Boutique,23,1,20.5
65613,28450,2025-06-13,2323,Boutique,81,1,16.38
65614,28451,2025-06-13,2977,Site,88,3,64.59
65615,28452,2025-06-13,2233,Boutique,65,1,18.44
65616,28452,2025-06-13,2233,Boutique,26,1,64.79
65617,28452,2025-06-13,2233,Boutique,66,1,9.17
65618,28453,2025-06-13,4371,Site,41,1,29.77
65619,28453,2025-06-13,4371,Site,82,1,79.21
65620,28454,2025-06-13,5023,Site,48,1,28.74
65621,28455,2025-06-13,1763,Boutique,89,1,68.91
65622,28455,2025-06-13,1763,Boutique,50,3,219.09
65623,28456,2025-06-13,2914,Réseaux,11,1,59.64
65624,28457,2025-06-13,2061,Boutique,91,1,89.51
65625,28458,2025-06-13,4182,Site,44,2,45.12
65626,28458,2025-06-13,4182,Site,62,1,2.99
65627,28458,2025-06-13,4182,Site,51,1,17.41
65628,28458,2025-06-13,4182,Site,59,1,12.26
65629,28459,2025-06-13,1049,Boutique,31,1,22.56
65630,28459,2025-06-13,1049,Boutique,69,2,16.28
65631,28459,2025-06-13,1049,Boutique,21,1,13.29
65632,28459,2025-06-13,1049,Boutique,86,2,314.98
65633,28459,2025-06-13,1049,Boutique,22,1,52.43
65634,28459,2025-06-13,1049,Boutique,6,1,44.19
65635,28460,2025-06-13,347,Site,84,2,45.12
65636,28460,2025-06-13,347,Site,86,1,157.49
65637,28461,2025-06-13,3469,Site,47,1,34.92
65638,28462,2025-06-13,2055,Site,27,1,108.05
65639,28463,2025-06-14,995,Site,89,1,68.91
65640,28463,2025-06-14,995,Site,25,1,26.68
65641,28464,2025-06-14,5062,Boutique,85,1,11.23
65642,28464,2025-06-14,5062,Boutique,83,1,76.12
65643,28464,2025-06-14,5062,Boutique,21,2,26.58
65644,28464,2025-06-14,5062,Boutique,93,1,51.4
65645,28465,2025-06-14,2990,Site,94,3,117.12
65646,28466,2025-06-14,1362,Site,36,1,68.91
65647,28467,2025-06-14,2545,Site,77,1,22.56
65648,28467,2025-06-14,2545,Site,5,1,52.43
65649,28467,2025-06-14,2545,Site,83,1,76.12
65650,28467,2025-06-14,2545,Site,79,1,5.05
65651,28468,2025-06-14,2771,Boutique,81,1,16.38
65652,28468,2025-06-14,2771,Boutique,64,1,10.2
65653,28469,2025-06-14,2180,Réseaux,11,1,59.64
65654,28469,2025-06-14,2180,Réseaux,34,1,109.08
65655,28469,2025-06-14,2180,Réseaux,117,1,12.26
65656,28469,2025-06-14,2180,Réseaux,49,1,30.8
65657,28470,2025-06-14,158,Site,81,1,16.38
65658,28470,2025-06-14,158,Site,93,1,51.4
65659,28471,2025-06-14,3685,Site,81,3,49.14
65660,28472,2025-06-14,594,Réseaux,25,1,26.68
65661,28473,2025-06-14,3997,Réseaux,3,1,39.04
65662,28473,2025-06-14,3997,Réseaux,62,1,2.99
65663,28473,2025-06-14,3997,Réseaux,5,1,52.43
65664,28473,2025-06-14,3997,Réseaux,2,1,40.07
65665,28473,2025-06-14,3997,Réseaux,67,1,2.99
65666,28474,2025-06-14,3835,Site,9,1,44.19
65667,28475,2025-06-14,929,Boutique,23,1,20.5
65668,28476,2025-06-14,2778,Boutique,23,1,20.5
65669,28476,2025-06-14,2778,Boutique,21,1,13.29
65670,28476,2025-06-14,2778,Boutique,99,1,63.76
65671,28476,2025-06-14,2778,Boutique,41,1,29.77
65672,28477,2025-06-14,2460,Réseaux,3,1,39.04
65673,28477,2025-06-14,2460,Réseaux,85,1,11.23
65674,28477,2025-06-14,2460,Réseaux,25,1,26.68
65675,28478,2025-06-14,4021,Site,6,1,44.19
65676,28478,2025-06-14,4021,Site,91,1,89.51
65677,28479,2025-06-14,2444,Site,33,1,130.71
65678,28480,2025-06-14,3887,Boutique,22,1,52.43
65679,28480,2025-06-14,3887,Boutique,87,1,121.44
65680,28480,2025-06-14,3887,Boutique,87,1,121.44
65681,28480,2025-06-14,3887,Boutique,114,1,19.47
65682,28480,2025-06-14,3887,Boutique,53,1,20.5
65683,28481,2025-06-14,4193,Réseaux,71,2,43.06
65684,28481,2025-06-14,4193,Réseaux,101,1,19.47
65685,28482,2025-06-14,1418,Réseaux,71,1,21.53
65686,28482,2025-06-14,1418,Réseaux,6,1,44.19
65687,28483,2025-06-14,5205,Site,89,2,137.82
65688,28484,2025-06-14,3472,Site,61,1,11.23
65689,28484,2025-06-14,3472,Site,58,1,36.98
65690,28484,2025-06-14,3472,Site,63,1,4.02
65691,28484,2025-06-14,3472,Site,82,1,79.21
65692,28485,2025-06-14,4830,Site,89,1,68.91
65693,28486,2025-06-14,1627,Réseaux,101,1,19.47
65694,28487,2025-06-14,4227,Boutique,15,1,12.26
65695,28487,2025-06-14,4227,Boutique,75,1,7.11
65696,28487,2025-06-14,4227,Boutique,95,4,98.48
65697,28488,2025-06-14,3770,Site,104,1,32.86
65698,28489,2025-06-14,2719,Boutique,42,1,29.77
65699,28489,2025-06-14,2719,Boutique,66,1,9.17
65700,28489,2025-06-14,2719,Boutique,23,1,20.5
65701,28489,2025-06-14,2719,Boutique,81,1,16.38
65702,28490,2025-06-14,1579,Boutique,27,1,108.05
65703,28490,2025-06-14,1579,Boutique,83,1,76.12
65704,28490,2025-06-14,1579,Boutique,83,1,76.12
65705,28491,2025-06-14,1575,Site,8,1,35.95
65706,28491,2025-06-14,1575,Site,24,2,69.84
65707,28491,2025-06-14,1575,Site,42,2,59.54
65708,28492,2025-06-14,4146,Site,5,1,52.43
65709,28492,2025-06-14,4146,Site,5,1,52.43
65710,28492,2025-06-14,4146,Site,94,2,78.08
65711,28493,2025-06-14,97,Réseaux,86,2,314.98
65712,28494,2025-06-14,3673,Réseaux,53,1,20.5
65713,28494,2025-06-14,3673,Réseaux,102,1,20.5
65714,28494,2025-06-14,3673,Réseaux,86,1,157.49
65715,28494,2025-06-14,3673,Réseaux,42,1,29.77
65716,28494,2025-06-14,3673,Réseaux,52,1,50.37
65717,28494,2025-06-14,3673,Réseaux,94,1,39.04
65718,28495,2025-06-14,4145,Boutique,103,1,29.77
65719,28495,2025-06-14,4145,Boutique,87,1,121.44
65720,28495,2025-06-14,4145,Boutique,111,1,10.2
65721,28496,2025-06-14,4382,Site,65,1,18.44
65722,28497,2025-06-14,2547,Boutique,83,1,76.12
65723,28497,2025-06-14,2547,Boutique,84,2,45.12
65724,28498,2025-06-14,3905,Site,28,1,50.37
65725,28498,2025-06-14,3905,Site,27,1,108.05
65726,28499,2025-06-14,72,Boutique,22,1,52.43
65727,28499,2025-06-14,72,Boutique,91,1,89.51
65728,28499,2025-06-14,72,Boutique,101,1,19.47
65729,28499,2025-06-14,72,Boutique,91,1,89.51
65730,28499,2025-06-14,72,Boutique,99,3,191.28
65731,28500,2025-06-14,621,Boutique,17,1,16.38
65732,28501,2025-06-14,5436,Boutique,16,1,10.2
65733,28502,2025-06-14,75,Boutique,7,1,17.41
65734,28502,2025-06-14,75,Boutique,81,1,16.38
65735,28503,2025-06-14,2231,Boutique,85,1,11.23
65736,28504,2025-06-14,3486,Boutique,108,1,43.94
65737,28504,2025-06-14,3486,Boutique,46,1,32.2
65738,28504,2025-06-14,3486,Boutique,96,1,11.65
65739,28505,2025-06-14,5308,Site,82,1,79.21
65740,28505,2025-06-14,5308,Site,112,1,26.68
65741,28505,2025-06-14,5308,Site,83,1,76.12
65742,28506,2025-06-14,5586,Site,96,1,12.26
65743,28506,2025-06-14,5586,Site,6,1,44.19
65744,28507,2025-06-14,4586,Site,46,1,33.89
65745,28508,2025-06-15,4861,Site,111,1,10.2
65746,28508,2025-06-15,4861,Site,88,1,21.53
65747,28509,2025-06-15,5192,Réseaux,92,2,24.52
65748,28509,2025-06-15,5192,Réseaux,43,1,24.62
65749,28509,2025-06-15,5192,Réseaux,94,1,39.04
65750,28509,2025-06-15,5192,Réseaux,110,1,26.68
65751,28509,2025-06-15,5192,Réseaux,86,1,157.49
65752,28509,2025-06-15,5192,Réseaux,2,1,40.07
65753,28510,2025-06-15,21,Site,87,1,115.37
65754,28510,2025-06-15,21,Site,36,1,65.46
65755,28510,2025-06-15,21,Site,68,1,20.45
65756,28511,2025-06-15,3608,Boutique,86,1,157.49
65757,28511,2025-06-15,3608,Boutique,86,1,157.49
65758,28512,2025-06-15,4617,Site,86,1,157.49
65759,28512,2025-06-15,4617,Site,69,2,16.28
65760,28512,2025-06-15,4617,Site,54,1,56.55
65761,28512,2025-06-15,4617,Site,88,1,21.53
65762,28512,2025-06-15,4617,Site,10,1,51.4
65763,28513,2025-06-15,944,Site,94,1,39.04
65764,28514,2025-06-15,2766,Site,21,1,12.63
65765,28515,2025-06-15,90,Site,46,2,64.39
65766,28515,2025-06-15,90,Site,43,1,23.39
65767,28515,2025-06-15,90,Site,50,1,69.38
65768,28515,2025-06-15,90,Site,81,1,15.56
65769,28516,2025-06-15,2995,Site,45,3,200.55
65770,28516,2025-06-15,2995,Site,51,1,17.41
65771,28517,2025-06-15,980,Boutique,111,1,10.2
65772,28517,2025-06-15,980,Boutique,43,1,24.62
65773,28518,2025-06-15,5225,Site,24,1,34.92
65774,28518,2025-06-15,5225,Site,94,1,39.04
65775,28519,2025-06-15,2777,Boutique,89,1,68.91
65776,28520,2025-06-15,2172,Site,15,1,12.26
65777,28520,2025-06-15,2172,Site,61,1,11.23
65778,28520,2025-06-15,2172,Site,41,1,29.77
65779,28521,2025-06-15,2644,Site,91,1,89.51
65780,28521,2025-06-15,2644,Site,90,1,74.06
65781,28521,2025-06-15,2644,Site,85,1,11.23
65782,28521,2025-06-15,2644,Site,28,1,50.37
65783,28521,2025-06-15,2644,Site,106,1,45.22
65784,28522,2025-06-15,2323,Site,41,2,59.54
65785,28522,2025-06-15,2323,Site,63,1,4.02
65786,28523,2025-06-15,1073,Site,96,1,12.26
65787,28524,2025-06-15,5278,Site,96,1,12.26
65788,28524,2025-06-15,5278,Site,117,1,12.26
65789,28525,2025-06-15,3802,Boutique,4,1,40.07
65790,28525,2025-06-15,3802,Boutique,3,1,39.04
65791,28525,2025-06-15,3802,Boutique,89,2,137.82
65792,28526,2025-06-15,21,Site,92,1,12.26
65793,28526,2025-06-15,21,Site,7,1,17.41
65794,28527,2025-06-15,3596,Site,48,1,28.74
65795,28527,2025-06-15,3596,Site,33,1,130.71
65796,28528,2025-06-16,5401,Réseaux,91,1,89.51
65797,28529,2025-06-16,3304,Site,25,1,26.68
65798,28530,2025-06-16,807,Boutique,100,1,22.56
65799,28530,2025-06-16,807,Boutique,45,1,66.85
65800,28531,2025-06-16,2724,Boutique,83,1,76.12
65801,28531,2025-06-16,2724,Boutique,91,1,89.51
65802,28532,2025-06-16,1578,Site,37,1,38.01
65803,28532,2025-06-16,1578,Site,71,1,21.53
65804,28532,2025-06-16,1578,Site,101,1,19.47
65805,28533,2025-06-16,2533,Site,86,1,157.49
65806,28533,2025-06-16,2533,Site,87,1,121.44
65807,28534,2025-06-16,1309,Site,64,1,10.2
65808,28534,2025-06-16,1309,Site,67,1,2.99
65809,28535,2025-06-16,2676,Site,81,1,16.38
65810,28536,2025-06-16,5487,Site,24,1,34.92
65811,28536,2025-06-16,5487,Site,86,1,157.49
65812,28537,2025-06-16,1276,Site,52,1,50.37
65813,28537,2025-06-16,1276,Site,58,1,36.98
65814,28537,2025-06-16,1276,Site,23,1,20.5
65815,28538,2025-06-16,1967,Réseaux,82,1,79.21
65816,28538,2025-06-16,1967,Réseaux,33,1,130.71
65817,28539,2025-06-16,981,Réseaux,92,1,12.26
65818,28540,2025-06-16,4346,Site,88,1,21.53
65819,28540,2025-06-16,4346,Site,65,1,18.44
65820,28540,2025-06-16,4346,Site,18,1,13.29
65821,28541,2025-06-16,2632,Site,83,1,76.12
65822,28541,2025-06-16,2632,Site,23,1,20.5
65823,28542,2025-06-16,3668,Boutique,90,1,74.06
65824,28543,2025-06-16,3832,Site,102,1,20.5
65825,28543,2025-06-16,3832,Site,60,1,31.83
65826,28544,2025-06-16,1466,Boutique,7,2,34.82
65827,28544,2025-06-16,1466,Boutique,15,1,12.26
65828,28544,2025-06-16,1466,Boutique,47,1,34.92
65829,28545,2025-06-16,3558,Site,106,1,45.22
65830,28545,2025-06-16,3558,Site,91,1,89.51
65831,28546,2025-06-16,5067,Site,101,2,38.94
65832,28546,2025-06-16,5067,Site,17,1,16.38
65833,28547,2025-06-16,1172,Boutique,27,1,108.05
65834,28547,2025-06-16,1172,Boutique,75,1,7.11
65835,28547,2025-06-16,1172,Boutique,82,1,79.21
65836,28547,2025-06-16,1172,Boutique,45,1,66.85
65837,28548,2025-06-16,3259,Réseaux,77,1,22.56
65838,28548,2025-06-16,3259,Réseaux,43,1,24.62
65839,28549,2025-06-16,993,Site,90,1,74.06
65840,28549,2025-06-16,993,Site,31,1,22.56
65841,28549,2025-06-16,993,Site,82,1,79.21
65842,28550,2025-06-16,4165,Site,82,1,79.21
65843,28550,2025-06-16,4165,Site,62,1,2.99
65844,28550,2025-06-16,4165,Site,63,2,8.04
65845,28551,2025-06-16,4251,Boutique,88,1,20.45
65846,28551,2025-06-16,4251,Boutique,92,1,11.65
65847,28551,2025-06-16,4251,Boutique,93,1,48.83
65848,28552,2025-06-16,2355,Boutique,84,1,22.56
65849,28552,2025-06-16,2355,Boutique,88,1,21.53
65850,28553,2025-06-16,1312,Boutique,62,1,2.99
65851,28554,2025-06-16,4553,Site,81,1,16.38
65852,28555,2025-06-16,4971,Boutique,85,1,11.23
65853,28555,2025-06-16,4971,Boutique,84,1,22.56
65854,28555,2025-06-16,4971,Boutique,76,1,18.44
65855,28556,2025-06-16,2056,Boutique,77,2,45.12
65856,28556,2025-06-16,2056,Boutique,89,1,68.91
65857,28557,2025-06-16,4025,Boutique,41,3,89.31
65858,28557,2025-06-16,4025,Boutique,20,1,28.74
65859,28557,2025-06-16,4025,Boutique,33,1,130.71
65860,28557,2025-06-16,4025,Boutique,8,1,35.95
65861,28558,2025-06-16,4946,Boutique,24,1,34.92
65862,28558,2025-06-16,4946,Boutique,81,1,16.38
65863,28559,2025-06-16,1405,Boutique,15,2,24.52
65864,28560,2025-06-16,4154,Boutique,92,1,12.26
65865,28561,2025-06-16,764,Boutique,89,1,68.91
65866,28561,2025-06-16,764,Boutique,21,1,13.29
65867,28562,2025-06-16,1964,Site,24,1,34.92
65868,28562,2025-06-16,1964,Site,91,1,89.51
65869,28562,2025-06-16,1964,Site,83,1,76.12
65870,28563,2025-06-16,1774,Réseaux,64,1,9.69
65871,28563,2025-06-16,1774,Réseaux,1,1,41.98
65872,28563,2025-06-16,1774,Réseaux,78,1,6.75
65873,28564,2025-06-16,5000,Site,106,1,45.22
65874,28564,2025-06-16,5000,Site,86,1,157.49
65875,28564,2025-06-16,5000,Site,86,1,157.49
65876,28565,2025-06-16,3605,Boutique,7,1,17.41
65877,28565,2025-06-16,3605,Boutique,64,1,10.2
65878,28566,2025-06-17,3418,Boutique,84,2,45.12
65879,28566,2025-06-17,3418,Boutique,21,1,13.29
65880,28567,2025-06-17,2493,Site,13,1,55.52
65881,28567,2025-06-17,2493,Site,44,1,22.56
65882,28568,2025-06-17,1555,Réseaux,12,1,39.04
65883,28568,2025-06-17,1555,Réseaux,84,1,22.56
65884,28568,2025-06-17,1555,Réseaux,27,1,108.05
65885,28568,2025-06-17,1555,Réseaux,65,1,18.44
65886,28568,2025-06-17,1555,Réseaux,29,1,57.58
65887,28569,2025-06-17,2834,Site,54,1,56.55
65888,28569,2025-06-17,2834,Site,64,1,10.2
65889,28569,2025-06-17,2834,Site,28,1,50.37
65890,28570,2025-06-17,4382,Site,43,1,24.62
65891,28571,2025-06-17,1466,Site,6,1,44.19
65892,28571,2025-06-17,1466,Site,12,1,39.04
65893,28571,2025-06-17,1466,Site,60,1,31.83
65894,28572,2025-06-17,5609,Boutique,61,1,11.23
65895,28573,2025-06-17,2442,Boutique,81,1,16.38
65896,28573,2025-06-17,2442,Boutique,68,1,21.53
65897,28574,2025-06-17,3039,Boutique,5,1,52.43
65898,28575,2025-06-17,2724,Site,16,2,20.4
65899,28575,2025-06-17,2724,Site,116,1,70.97
65900,28575,2025-06-17,2724,Site,24,1,34.92
65901,28575,2025-06-17,2724,Site,23,1,20.5
65902,28575,2025-06-17,2724,Site,37,1,38.01
65903,28575,2025-06-17,2724,Site,91,1,89.51
65904,28576,2025-06-17,3627,Boutique,104,1,32.86
65905,28576,2025-06-17,3627,Boutique,94,1,39.04
65906,28576,2025-06-17,3627,Boutique,46,1,33.89
65907,28577,2025-06-17,4733,Réseaux,8,1,35.95
65908,28578,2025-06-17,2201,Réseaux,54,1,56.55
65909,28578,2025-06-17,2201,Réseaux,101,4,77.88
65910,28578,2025-06-17,2201,Réseaux,105,1,17.41
65911,28578,2025-06-17,2201,Réseaux,83,1,76.12
65912,28579,2025-06-17,982,Site,72,2,5.98
65913,28579,2025-06-17,982,Site,24,1,34.92
65914,28580,2025-06-17,5442,Site,67,1,2.99
65915,28581,2025-06-17,2970,Site,28,1,50.37
65916,28581,2025-06-17,2970,Site,47,1,34.92
65917,28581,2025-06-17,2970,Site,66,1,9.17
65918,28582,2025-06-17,2090,Site,45,1,66.85
65919,28582,2025-06-17,2090,Site,65,1,18.44
65920,28583,2025-06-17,2231,Site,54,1,56.55
65921,28584,2025-06-17,1327,Site,23,2,41.0
65922,28585,2025-06-17,1015,Boutique,25,1,26.68
65923,28586,2025-06-17,3744,Boutique,74,1,21.53
65924,28587,2025-06-17,1764,Site,64,1,10.2
65925,28587,2025-06-17,1764,Site,28,3,151.11
65926,28588,2025-06-17,952,Site,84,1,22.56
65927,28588,2025-06-17,952,Site,84,1,22.56
65928,28588,2025-06-17,952,Site,97,1,8.14
65929,28589,2025-06-17,5188,Site,25,1,26.68
65930,28589,2025-06-17,5188,Site,2,1,40.07
65931,28589,2025-06-17,5188,Site,93,1,51.4
65932,28590,2025-06-17,1222,Site,89,1,68.91
65933,28590,2025-06-17,1222,Site,90,1,74.06
65934,28590,2025-06-17,1222,Site,81,1,16.38
65935,28590,2025-06-17,1222,Site,85,1,11.23
65936,28591,2025-06-17,3307,Boutique,14,1,41.1
65937,28591,2025-06-17,3307,Boutique,22,1,52.43
65938,28592,2025-06-17,3003,Boutique,24,1,34.92
65939,28593,2025-06-17,3588,Site,62,1,2.99
65940,28593,2025-06-17,3588,Site,31,1,22.56
65941,28594,2025-06-18,2416,Site,103,1,29.77
65942,28595,2025-06-18,2719,Boutique,24,1,33.17
65943,28595,2025-06-18,2719,Boutique,23,2,38.95
65944,28595,2025-06-18,2719,Boutique,118,1,11.65
65945,28596,2025-06-18,738,Réseaux,7,1,17.41
65946,28597,2025-06-18,709,Boutique,97,1,8.14
65947,28597,2025-06-18,709,Boutique,59,1,12.26
65948,28597,2025-06-18,709,Boutique,39,1,66.85
65949,28597,2025-06-18,709,Boutique,15,1,12.26
65950,28597,2025-06-18,709,Boutique,104,1,32.86
65951,28598,2025-06-18,4607,Boutique,91,1,89.51
65952,28599,2025-06-18,5033,Boutique,5,2,104.86
65953,28600,2025-06-18,2355,Réseaux,96,1,12.26
65954,28601,2025-06-18,3750,Site,115,1,51.4
65955,28601,2025-06-18,3750,Site,90,1,74.06
65956,28602,2025-06-18,3685,Site,47,3,104.76
65957,28603,2025-06-18,3848,Boutique,96,1,12.26
65958,28603,2025-06-18,3848,Boutique,85,1,11.23
65959,28603,2025-06-18,3848,Boutique,68,1,21.53
65960,28604,2025-06-18,2585,Boutique,47,1,34.92
65961,28605,2025-06-18,5061,Site,54,1,53.72
65962,28605,2025-06-18,5061,Site,82,1,75.25
65963,28605,2025-06-18,5061,Site,86,1,149.62
65964,28606,2025-06-18,402,Site,94,1,39.04
65965,28607,2025-06-18,5497,Boutique,24,1,34.92
65966,28607,2025-06-18,5497,Boutique,91,1,89.51
65967,28607,2025-06-18,5497,Boutique,82,1,79.21
65968,28608,2025-06-18,1596,Boutique,44,2,45.12
65969,28608,2025-06-18,1596,Boutique,43,3,73.86
65970,28609,2025-06-18,1282,Site,85,1,11.23
65971,28609,2025-06-18,1282,Site,48,1,28.74
65972,28609,2025-06-18,1282,Site,44,2,45.12
65973,28610,2025-06-18,3181,Réseaux,76,1,18.44
65974,28610,2025-06-18,3181,Réseaux,3,2,78.08
65975,28611,2025-06-18,3863,Site,82,1,79.21
65976,28611,2025-06-18,3863,Site,92,1,12.26
900026,28107,2025-06-03,1510,Site,8,1,-76.28
65977,28612,2025-06-18,2078,Boutique,51,1,17.41
65978,28613,2025-06-18,1189,Boutique,106,1,45.22
65979,28613,2025-06-18,1189,Boutique,81,1,16.38
65980,28613,2025-06-18,1189,Boutique,102,1,20.5
65981,28613,2025-06-18,1189,Boutique,70,1,14.32
65982,28614,2025-06-18,1054,Site,85,1,11.23
65983,28614,2025-06-18,1054,Site,35,1,16.38
65984,28614,2025-06-18,1054,Site,6,1,44.19
65985,28615,2025-06-18,2165,Site,65,1,17.52
65986,28616,2025-06-18,482,Boutique,92,2,24.52
65987,28617,2025-06-18,375,Site,69,1,8.14
65988,28618,2025-06-18,2380,Site,62,1,2.99
65989,28618,2025-06-18,2380,Site,80,1,19.47
65990,28618,2025-06-18,2380,Site,81,1,16.38
65991,28618,2025-06-18,2380,Site,51,1,17.41
65992,28618,2025-06-18,2380,Site,97,1,8.14
65993,28619,2025-06-18,3672,Site,38,1,32.86
65994,28620,2025-06-18,5405,Site,95,1,24.62
65995,28620,2025-06-18,5405,Site,21,1,13.29
65996,28620,2025-06-18,5405,Site,108,1,46.25
65997,28621,2025-06-18,3802,Site,44,1,22.56
65998,28621,2025-06-18,3802,Site,16,2,20.4
65999,28621,2025-06-18,3802,Site,87,1,121.44
66000,28622,2025-06-18,5436,Site,27,1,108.05
66001,28622,2025-06-18,5436,Site,19,1,30.8
66002,28623,2025-06-18,1371,Site,12,1,39.04
66003,28623,2025-06-18,1371,Site,104,1,32.86
66004,28624,2025-06-18,5223,Site,92,1,12.26
66005,28624,2025-06-18,5223,Site,66,1,9.17
66006,28624,2025-06-18,5223,Site,77,2,45.12
66007,28625,2025-06-19,600,Site,50,1,73.03
66008,28625,2025-06-19,600,Site,64,1,10.2
66009,28626,2025-06-19,1163,Site,101,1,19.47
66010,28626,2025-06-19,1163,Site,47,1,34.92
66011,28626,2025-06-19,1163,Site,31,1,22.56
66012,28627,2025-06-19,2454,Réseaux,49,1,30.8
66013,28627,2025-06-19,2454,Réseaux,19,1,30.8
66014,28628,2025-06-19,2376,Boutique,87,1,121.44
66015,28628,2025-06-19,2376,Boutique,86,1,157.49
66016,28629,2025-06-19,1540,Site,106,1,45.22
66017,28629,2025-06-19,1540,Site,48,1,28.74
66018,28629,2025-06-19,1540,Site,3,1,39.04
66019,28629,2025-06-19,1540,Site,83,1,76.12
66020,28629,2025-06-19,1540,Site,76,1,18.44
66021,28629,2025-06-19,1540,Site,85,1,11.23
66022,28630,2025-06-19,714,Site,83,1,76.12
66023,28630,2025-06-19,714,Site,26,1,64.79
66024,28631,2025-06-19,1634,Site,100,1,22.56
66025,28631,2025-06-19,1634,Site,21,1,13.29
66026,28631,2025-06-19,1634,Site,77,1,22.56
66027,28631,2025-06-19,1634,Site,64,1,10.2
66028,28631,2025-06-19,1634,Site,30,1,52.43
66029,28631,2025-06-19,1634,Site,91,2,179.02
66030,28631,2025-06-19,1634,Site,77,1,22.56
66031,28632,2025-06-19,5253,Réseaux,115,1,51.4
66032,28632,2025-06-19,5253,Réseaux,45,1,66.85
66033,28632,2025-06-19,5253,Réseaux,117,2,24.52
66034,28632,2025-06-19,5253,Réseaux,42,1,29.77
66035,28633,2025-06-19,703,Boutique,22,1,52.43
66036,28633,2025-06-19,703,Boutique,81,1,16.38
66037,28633,2025-06-19,703,Boutique,50,1,73.03
66038,28633,2025-06-19,703,Boutique,21,1,13.29
66039,28634,2025-06-19,3646,Site,108,1,46.25
66040,28635,2025-06-19,5496,Boutique,45,1,66.85
66041,28636,2025-06-19,2644,Site,22,1,52.43
66042,28637,2025-06-19,97,Site,86,1,157.49
66043,28637,2025-06-19,97,Site,70,2,28.64
66044,28638,2025-06-19,961,Site,48,1,28.74
66045,28639,2025-06-19,575,Site,58,1,36.98
66046,28640,2025-06-19,3832,Boutique,64,1,10.2
66047,28640,2025-06-19,3832,Boutique,117,1,12.26
66048,28641,2025-06-19,3299,Site,97,1,8.14
66049,28641,2025-06-19,3299,Site,81,1,16.38
66050,28642,2025-06-19,388,Site,102,1,20.5
66051,28642,2025-06-19,388,Site,104,1,32.86
66052,28643,2025-06-19,724,Site,95,1,24.62
66053,28644,2025-06-19,4633,Boutique,101,4,77.88
66054,28644,2025-06-19,4633,Boutique,92,1,12.26
66055,28644,2025-06-19,4633,Boutique,44,1,22.56
66056,28644,2025-06-19,4633,Boutique,42,1,29.77
66057,28645,2025-06-19,4724,Site,107,1,15.35
66058,28645,2025-06-19,4724,Site,91,2,179.02
66059,28646,2025-06-19,4065,Site,75,1,7.11
66060,28646,2025-06-19,4065,Site,49,2,61.6
66061,28647,2025-06-19,1975,Site,3,2,78.08
66062,28647,2025-06-19,1975,Site,5,1,52.43
66063,28647,2025-06-19,1975,Site,23,1,20.5
66064,28648,2025-06-19,2120,Site,83,1,76.12
66065,28648,2025-06-19,2120,Site,4,2,80.14
66066,28649,2025-06-19,1914,Boutique,81,1,16.38
66067,28650,2025-06-19,3069,Site,81,1,16.38
66068,28650,2025-06-19,3069,Site,81,1,16.38
66069,28650,2025-06-19,3069,Site,119,2,117.22
66070,28650,2025-06-19,3069,Site,4,1,40.07
66071,28651,2025-06-19,1679,Boutique,100,1,22.56
66072,28652,2025-06-19,5063,Boutique,2,1,40.07
66073,28652,2025-06-19,5063,Boutique,27,1,108.05
66074,28652,2025-06-19,5063,Boutique,44,2,45.12
66075,28653,2025-06-19,40,Réseaux,44,1,22.56
66076,28653,2025-06-19,40,Réseaux,70,1,14.32
66077,28654,2025-06-19,5476,Boutique,84,1,22.56
66078,28654,2025-06-19,5476,Boutique,73,1,5.05
66079,28654,2025-06-19,5476,Boutique,27,1,108.05
66080,28655,2025-06-19,1763,Boutique,82,1,79.21
66081,28655,2025-06-19,1763,Boutique,45,1,66.85
66082,28655,2025-06-19,1763,Boutique,117,1,12.26
66083,28656,2025-06-19,4391,Boutique,83,1,76.12
66084,28657,2025-06-19,4782,Réseaux,16,1,10.2
66085,28657,2025-06-19,4782,Réseaux,11,1,59.64
66086,28657,2025-06-19,4782,Réseaux,4,1,40.07
66087,28658,2025-06-19,3866,Site,81,2,32.76
66088,28659,2025-06-19,3265,Site,4,3,120.21
66089,28659,2025-06-19,3265,Site,12,1,39.04
66090,28659,2025-06-19,3265,Site,26,1,64.79
66091,28660,2025-06-19,2036,Site,83,1,76.12
66092,28660,2025-06-19,2036,Site,103,1,29.77
66093,28661,2025-06-19,561,Réseaux,2,1,40.07
66094,28661,2025-06-19,561,Réseaux,43,2,49.24
66095,28661,2025-06-19,561,Réseaux,1,2,88.38
66096,28661,2025-06-19,561,Réseaux,83,3,228.36
66097,28662,2025-06-20,4582,Boutique,1,1,44.19
66098,28662,2025-06-20,4582,Boutique,62,1,2.99
66099,28662,2025-06-20,4582,Boutique,82,1,79.21
66100,28663,2025-06-20,2638,Site,83,1,76.12
66101,28663,2025-06-20,2638,Site,32,1,24.62
66102,28663,2025-06-20,2638,Site,83,1,76.12
66103,28663,2025-06-20,2638,Site,85,4,44.92
66104,28664,2025-06-20,2009,Réseaux,93,1,51.4
66105,28664,2025-06-20,2009,Réseaux,21,3,39.87
66106,28664,2025-06-20,2009,Réseaux,5,1,52.43
66107,28665,2025-06-20,4782,Site,82,1,75.25
66108,28665,2025-06-20,4782,Site,87,1,115.37
66109,28666,2025-06-20,2366,Boutique,93,1,51.4
66110,28666,2025-06-20,2366,Boutique,88,1,21.53
66111,28667,2025-06-20,5197,Boutique,64,1,10.2
66112,28667,2025-06-20,5197,Boutique,93,1,51.4
66113,28667,2025-06-20,5197,Boutique,69,1,8.14
66114,28668,2025-06-20,5357,Boutique,13,1,55.52
66115,28668,2025-06-20,5357,Boutique,50,1,73.03
66116,28668,2025-06-20,5357,Boutique,82,1,79.21
66117,28668,2025-06-20,5357,Boutique,26,1,64.79
66118,28669,2025-06-20,926,Boutique,108,1,46.25
66119,28669,2025-06-20,926,Boutique,22,1,52.43
66120,28669,2025-06-20,926,Boutique,31,2,45.12
66121,28670,2025-06-20,5164,Boutique,37,1,38.01
66122,28670,2025-06-20,5164,Boutique,87,1,121.44
66123,28670,2025-06-20,5164,Boutique,44,1,22.56
66124,28670,2025-06-20,5164,Boutique,26,1,64.79
66125,28671,2025-06-20,5476,Site,104,1,32.86
66126,28671,2025-06-20,5476,Site,57,1,17.41
66127,28672,2025-06-20,1268,Boutique,33,1,130.71
66128,28672,2025-06-20,1268,Boutique,1,1,44.19
66129,28673,2025-06-20,1004,Site,12,1,39.04
66130,28673,2025-06-20,1004,Site,76,1,18.44
66131,28673,2025-06-20,1004,Site,14,1,41.1
66132,28673,2025-06-20,1004,Site,98,1,93.63
66133,28674,2025-06-20,3436,Site,1,2,88.38
66134,28674,2025-06-20,3436,Site,22,1,52.43
66135,28674,2025-06-20,3436,Site,36,1,68.91
66136,28675,2025-06-20,1670,Boutique,24,1,34.92
66137,28675,2025-06-20,1670,Boutique,82,1,79.21
66138,28676,2025-06-20,3909,Site,34,1,109.08
66139,28676,2025-06-20,3909,Site,81,1,16.38
66140,28676,2025-06-20,3909,Site,48,1,28.74
66141,28677,2025-06-20,858,Boutique,47,1,33.17
66142,28678,2025-06-20,104,Boutique,64,1,10.2
66143,28678,2025-06-20,104,Boutique,1,1,44.19
66144,28678,2025-06-20,104,Boutique,54,2,113.1
66145,28679,2025-06-20,5253,Boutique,39,1,66.85
66146,28680,2025-06-20,422,Boutique,81,1,16.38
66147,28680,2025-06-20,422,Boutique,84,1,22.56
66148,28680,2025-06-20,422,Boutique,22,1,52.43
66149,28680,2025-06-20,422,Boutique,85,1,11.23
66150,28681,2025-06-20,5266,Site,60,2,63.66
66151,28681,2025-06-20,5266,Site,67,1,2.99
66152,28682,2025-06-20,61,Site,3,1,39.04
66153,28683,2025-06-20,2685,Boutique,1,1,44.19
66154,28684,2025-06-20,3284,Site,56,2,199.62
66155,28684,2025-06-20,3284,Site,62,1,2.99
66156,28684,2025-06-20,3284,Site,93,1,51.4
66157,28685,2025-06-20,5076,Site,84,1,22.56
66158,28685,2025-06-20,5076,Site,41,1,29.77
66159,28685,2025-06-20,5076,Site,58,1,36.98
66160,28686,2025-06-20,735,Réseaux,81,1,16.38
66161,28687,2025-06-20,2427,Site,21,1,13.29
66162,28687,2025-06-20,2427,Site,102,1,20.5
66163,28687,2025-06-20,2427,Site,32,1,24.62
66164,28688,2025-06-20,3727,Boutique,84,1,22.56
66165,28688,2025-06-20,3727,Boutique,8,1,35.95
66166,28688,2025-06-20,3727,Boutique,24,1,34.92
66167,28689,2025-06-20,4194,Site,88,2,43.06
66168,28689,2025-06-20,4194,Site,83,1,76.12
66169,28689,2025-06-20,4194,Site,86,1,157.49
66170,28690,2025-06-20,4363,Réseaux,85,1,11.23
66171,28691,2025-06-20,2488,Boutique,35,1,16.38
66172,28691,2025-06-20,2488,Boutique,111,1,10.2
66173,28691,2025-06-20,2488,Boutique,57,1,17.41
66174,28691,2025-06-20,2488,Boutique,35,2,32.76
66175,28692,2025-06-20,1624,Site,90,1,74.06
66176,28692,2025-06-20,1624,Site,5,1,52.43
66177,28692,2025-06-20,1624,Site,66,1,9.17
66178,28693,2025-06-20,1067,Réseaux,43,1,24.62
66179,28694,2025-06-21,466,Boutique,68,1,21.53
66180,28694,2025-06-21,466,Boutique,7,1,17.41
66181,28694,2025-06-21,466,Boutique,88,1,21.53
66182,28695,2025-06-21,4780,Site,4,2,76.13
66183,28695,2025-06-21,4780,Site,58,1,35.13
66184,28695,2025-06-21,4780,Site,85,1,10.67
66185,28695,2025-06-21,4780,Site,92,1,11.65
66186,28695,2025-06-21,4780,Site,84,1,21.43
66187,28696,2025-06-21,5524,Boutique,63,1,4.02
66188,28696,2025-06-21,5524,Boutique,63,1,4.02
66189,28696,2025-06-21,5524,Boutique,120,1,12.26
66190,28697,2025-06-21,184,Site,112,1,26.68
66191,28697,2025-06-21,184,Site,96,1,12.26
66192,28698,2025-06-21,2203,Site,81,1,16.38
66193,28698,2025-06-21,2203,Site,81,1,16.38
66194,28698,2025-06-21,2203,Site,61,1,11.23
66195,28699,2025-06-21,2935,Boutique,58,1,36.98
66196,28699,2025-06-21,2935,Boutique,62,1,2.99
66197,28700,2025-06-21,1615,Réseaux,30,1,52.43
66198,28700,2025-06-21,1615,Réseaux,90,3,222.18
66199,28700,2025-06-21,1615,Réseaux,15,1,12.26
66200,28701,2025-06-21,3341,Site,34,1,109.08
66201,28701,2025-06-21,3341,Site,14,1,41.1
66202,28701,2025-06-21,3341,Site,5,1,52.43
66203,28702,2025-06-21,4015,Site,46,1,32.2
66204,28702,2025-06-21,4015,Site,54,1,53.72
66205,28702,2025-06-21,4015,Site,32,1,23.39
66206,28702,2025-06-21,4015,Site,5,1,49.81
66207,28702,2025-06-21,4015,Site,30,1,49.81
66208,28703,2025-06-21,4356,Boutique,96,2,23.29
66209,28704,2025-06-21,1679,Site,82,1,79.21
66210,28704,2025-06-21,1679,Site,13,1,55.52
66211,28705,2025-06-21,3682,Boutique,48,1,27.3
66212,28706,2025-06-21,2409,Site,105,1,17.41
66213,28706,2025-06-21,2409,Site,42,1,29.77
66214,28706,2025-06-21,2409,Site,84,3,67.68
66215,28707,2025-06-21,5559,Site,104,1,32.86
66216,28707,2025-06-21,5559,Site,74,1,21.53
66217,28707,2025-06-21,5559,Site,103,2,59.54
66218,28708,2025-06-21,810,Boutique,113,1,10.2
66219,28708,2025-06-21,810,Boutique,11,1,59.64
66220,28709,2025-06-21,5601,Boutique,86,1,157.49
66221,28710,2025-06-21,348,Réseaux,86,1,157.49
66222,28710,2025-06-21,348,Réseaux,5,1,52.43
66223,28711,2025-06-21,2383,Site,47,2,69.84
66224,28711,2025-06-21,2383,Site,101,1,19.47
66225,28712,2025-06-21,1294,Boutique,102,1,20.5
66226,28713,2025-06-21,2840,Boutique,94,2,78.08
66227,28714,2025-06-21,1706,Boutique,86,1,157.49
66228,28715,2025-06-21,4900,Site,39,1,66.85
66229,28715,2025-06-21,4900,Site,27,1,108.05
66230,28716,2025-06-21,5255,Boutique,66,1,9.17
66231,28716,2025-06-21,5255,Boutique,96,1,12.26
66232,28716,2025-06-21,5255,Boutique,85,1,11.23
66233,28717,2025-06-21,1790,Site,38,1,32.86
66234,28717,2025-06-21,1790,Site,45,1,66.85
66235,28718,2025-06-21,2172,Réseaux,96,1,12.26
66236,28718,2025-06-21,2172,Réseaux,1,1,44.19
66237,28718,2025-06-21,2172,Réseaux,44,1,22.56
66238,28719,2025-06-21,2826,Boutique,50,1,73.03
66239,28720,2025-06-21,5346,Boutique,28,1,50.37
66240,28721,2025-06-21,5425,Site,37,1,38.01
66241,28721,2025-06-21,5425,Site,28,1,50.37
66242,28722,2025-06-21,5264,Boutique,63,1,4.02
66243,28722,2025-06-21,5264,Boutique,25,2,53.36
66244,28723,2025-06-21,4873,Boutique,53,2,41.0
66245,28723,2025-06-21,4873,Boutique,68,1,21.53
66246,28724,2025-06-21,4188,Boutique,117,3,36.78
66247,28724,2025-06-21,4188,Boutique,48,1,28.74
66248,28724,2025-06-21,4188,Boutique,88,2,43.06
66249,28724,2025-06-21,4188,Boutique,97,1,8.14
66250,28724,2025-06-21,4188,Boutique,74,1,21.53
66251,28724,2025-06-21,4188,Boutique,92,4,49.04
66252,28725,2025-06-21,2820,Site,28,2,100.74
66253,28725,2025-06-21,2820,Site,21,2,26.58
66254,28725,2025-06-21,2820,Site,21,1,13.29
66255,28726,2025-06-21,2366,Réseaux,45,1,66.85
66256,28727,2025-06-21,480,Site,94,1,39.04
66257,28727,2025-06-21,480,Site,68,1,21.53
66258,28727,2025-06-21,480,Site,83,2,152.24
66259,28728,2025-06-21,1943,Site,79,1,5.05
66260,28728,2025-06-21,1943,Site,10,1,51.4
66261,28729,2025-06-21,3128,Site,42,2,59.54
66262,28729,2025-06-21,3128,Site,21,2,26.58
66263,28730,2025-06-21,1198,Site,7,1,17.41
66264,28730,2025-06-21,1198,Site,56,1,99.81
66265,28730,2025-06-21,1198,Site,60,1,31.83
66266,28731,2025-06-21,3894,Boutique,57,1,17.41
66267,28732,2025-06-21,1905,Site,1,1,44.19
66268,28733,2025-06-21,2344,Site,86,1,157.49
66269,28733,2025-06-21,2344,Site,67,1,2.99
66270,28734,2025-06-21,2251,Boutique,111,1,10.2
66271,28734,2025-06-21,2251,Boutique,82,1,79.21
66272,28734,2025-06-21,2251,Boutique,24,1,34.92
66273,28735,2025-06-21,4004,Boutique,26,1,64.79
66274,28736,2025-06-21,4121,Site,3,1,39.04
66275,28736,2025-06-21,4121,Site,81,1,16.38
66276,28736,2025-06-21,4121,Site,42,1,29.77
66277,28737,2025-06-21,2376,Site,21,1,13.29
66278,28737,2025-06-21,2376,Site,71,1,21.53
66279,28737,2025-06-21,2376,Site,4,1,40.07
66280,28737,2025-06-21,2376,Site,25,1,26.68
66281,28738,2025-06-21,2054,Boutique,92,1,12.26
66282,28738,2025-06-21,2054,Boutique,65,2,36.88
66283,28738,2025-06-21,2054,Boutique,7,1,17.41
66284,28739,2025-06-21,74,Site,76,1,18.44
66285,28739,2025-06-21,74,Site,63,1,4.02
66286,28739,2025-06-21,74,Site,25,1,26.68
66287,28740,2025-06-21,4637,Site,104,1,32.86
66288,28741,2025-06-21,3269,Site,34,1,103.63
66289,28741,2025-06-21,3269,Site,91,1,85.03
66290,28741,2025-06-21,3269,Site,31,1,21.43
66291,28741,2025-06-21,3269,Site,73,1,4.8
66292,28742,2025-06-21,3169,Site,8,1,35.95
66293,28743,2025-06-21,1412,Boutique,112,1,26.68
66294,28743,2025-06-21,1412,Boutique,7,1,17.41
66295,28744,2025-06-22,5231,Site,77,3,67.68
66296,28744,2025-06-22,5231,Site,13,1,55.52
66297,28745,2025-06-22,732,Boutique,2,1,40.07
66298,28745,2025-06-22,732,Boutique,42,1,29.77
66299,28746,2025-06-22,2276,Réseaux,83,2,152.24
66300,28746,2025-06-22,2276,Réseaux,61,1,11.23
66301,28747,2025-06-22,3913,Site,79,1,5.05
66302,28748,2025-06-22,1967,Boutique,3,1,39.04
66303,28749,2025-06-22,735,Réseaux,59,1,12.26
66304,28749,2025-06-22,735,Réseaux,25,1,26.68
66305,28749,2025-06-22,735,Réseaux,99,3,191.28
66306,28749,2025-06-22,735,Réseaux,88,1,21.53
66307,28750,2025-06-22,4106,Boutique,97,1,8.14
66308,28750,2025-06-22,4106,Boutique,82,1,79.21
66309,28751,2025-06-22,1511,Site,109,1,28.74
66310,28751,2025-06-22,1511,Site,43,1,24.62
66311,28751,2025-06-22,1511,Site,46,1,33.89
66312,28752,2025-06-22,2005,Boutique,21,1,13.29
66313,28753,2025-06-22,2990,Boutique,86,2,314.98
66314,28754,2025-06-22,4909,Boutique,24,1,34.92
66315,28754,2025-06-22,4909,Boutique,113,1,10.2
66316,28754,2025-06-22,4909,Boutique,97,1,8.14
66317,28754,2025-06-22,4909,Boutique,89,1,68.91
66318,28755,2025-06-22,4172,Site,68,1,21.53
66319,28755,2025-06-22,4172,Site,21,1,13.29
66320,28755,2025-06-22,4172,Site,3,1,39.04
66321,28756,2025-06-22,3791,Site,82,1,79.21
66322,28757,2025-06-22,165,Site,84,1,22.56
66323,28757,2025-06-22,165,Site,62,1,2.99
66324,28758,2025-06-22,4732,Boutique,9,1,44.19
66325,28758,2025-06-22,4732,Boutique,92,1,12.26
66326,28759,2025-06-22,4407,Site,82,1,75.25
66327,28759,2025-06-22,4407,Site,63,2,7.64
66328,28759,2025-06-22,4407,Site,65,1,17.52
66329,28760,2025-06-22,772,Site,23,1,20.5
66330,28760,2025-06-22,772,Site,82,1,79.21
66331,28760,2025-06-22,772,Site,94,1,39.04
66332,28761,2025-06-22,5337,Boutique,100,1,22.56
66333,28761,2025-06-22,5337,Boutique,27,1,108.05
66334,28761,2025-06-22,5337,Boutique,62,1,2.99
66335,28762,2025-06-22,981,Boutique,78,1,7.11
66336,28762,2025-06-22,981,Boutique,103,1,29.77
66337,28763,2025-06-22,3132,Boutique,87,1,121.44
66338,28763,2025-06-22,3132,Boutique,94,1,39.04
66339,28763,2025-06-22,3132,Boutique,31,1,22.56
66340,28763,2025-06-22,3132,Boutique,13,1,55.52
66341,28764,2025-06-22,306,Site,94,1,39.04
66342,28764,2025-06-22,306,Site,22,1,52.43
66343,28765,2025-06-22,4248,Boutique,1,1,44.19
66344,28765,2025-06-22,4248,Boutique,74,1,21.53
66345,28766,2025-06-22,1392,Site,85,1,11.23
66346,28766,2025-06-22,1392,Site,39,1,66.85
66347,28767,2025-06-22,4322,Site,92,1,12.26
66348,28767,2025-06-22,4322,Site,80,2,38.94
66349,28767,2025-06-22,4322,Site,79,1,5.05
66350,28768,2025-06-22,5209,Site,70,1,14.32
66351,28768,2025-06-22,5209,Site,3,1,39.04
66352,28768,2025-06-22,5209,Site,82,1,79.21
66353,28769,2025-06-22,5254,Boutique,50,1,73.03
66354,28769,2025-06-22,5254,Boutique,82,1,79.21
66355,28769,2025-06-22,5254,Boutique,101,1,19.47
66356,28769,2025-06-22,5254,Boutique,113,1,10.2
66357,28769,2025-06-22,5254,Boutique,14,2,82.2
66358,28770,2025-06-23,3322,Site,98,1,93.63
66359,28771,2025-06-23,3202,Boutique,91,1,89.51
66360,28771,2025-06-23,3202,Boutique,83,1,76.12
66361,28772,2025-06-23,5019,Boutique,82,3,237.63
66362,28772,2025-06-23,5019,Boutique,83,1,76.12
66363,28772,2025-06-23,5019,Boutique,33,1,130.71
66364,28773,2025-06-23,361,Boutique,2,2,80.14
66365,28773,2025-06-23,361,Boutique,21,1,13.29
66366,28773,2025-06-23,361,Boutique,109,1,28.74
66367,28774,2025-06-23,3671,Site,83,1,76.12
66368,28774,2025-06-23,3671,Site,67,1,2.99
66369,28775,2025-06-23,5357,Boutique,33,2,261.42
66370,28776,2025-06-23,271,Site,82,2,158.42
66371,28776,2025-06-23,271,Site,102,1,20.5
66372,28776,2025-06-23,271,Site,81,2,32.76
66373,28777,2025-06-23,4328,Boutique,83,1,76.12
66374,28777,2025-06-23,4328,Boutique,17,3,49.14
66375,28777,2025-06-23,4328,Boutique,68,1,21.53
66376,28777,2025-06-23,4328,Boutique,65,1,18.44
66377,28778,2025-06-23,2526,Boutique,85,1,11.23
66378,28779,2025-06-23,3109,Boutique,47,1,34.92
66379,28779,2025-06-23,3109,Boutique,81,1,16.38
66380,28779,2025-06-23,3109,Boutique,24,1,34.92
66381,28780,2025-06-23,2689,Site,30,1,49.81
66382,28780,2025-06-23,2689,Site,119,1,55.68
66383,28781,2025-06-23,1967,Site,89,1,68.91
66384,28782,2025-06-23,5293,Boutique,1,1,44.19
66385,28782,2025-06-23,5293,Boutique,99,1,63.76
66386,28782,2025-06-23,5293,Boutique,55,1,65.82
66387,28782,2025-06-23,5293,Boutique,84,1,22.56
66388,28783,2025-06-23,1585,Réseaux,19,1,30.8
66389,28783,2025-06-23,1585,Réseaux,4,2,80.14
66390,28783,2025-06-23,1585,Réseaux,92,3,36.78
66391,28784,2025-06-23,4529,Site,9,1,44.19
66392,28784,2025-06-23,4529,Site,14,1,41.1
66393,28784,2025-06-23,4529,Site,29,2,115.16
66394,28785,2025-06-23,2783,Boutique,105,2,34.82
66395,28786,2025-06-23,4058,Réseaux,92,1,12.26
66396,28786,2025-06-23,4058,Réseaux,52,1,50.37
66397,28787,2025-06-23,364,Boutique,6,1,44.19
66398,28787,2025-06-23,364,Boutique,2,1,40.07
66399,28787,2025-06-23,364,Boutique,30,2,104.86
66400,28787,2025-06-23,364,Boutique,40,1,77.15
66401,28787,2025-06-23,364,Boutique,81,1,16.38
66402,28788,2025-06-23,4211,Site,93,1,51.4
66403,28788,2025-06-23,4211,Site,65,1,18.44
66404,28788,2025-06-23,4211,Site,63,1,4.02
66405,28788,2025-06-23,4211,Site,90,1,74.06
66406,28789,2025-06-23,342,Site,101,2,38.94
66407,28789,2025-06-23,342,Site,87,1,121.44
66408,28790,2025-06-23,2798,Site,8,1,35.95
66409,28790,2025-06-23,2798,Site,65,1,18.44
66410,28790,2025-06-23,2798,Site,30,1,52.43
66411,28790,2025-06-23,2798,Site,2,1,40.07
66412,28791,2025-06-23,3951,Site,94,1,39.04
66413,28791,2025-06-23,3951,Site,82,1,79.21
66414,28791,2025-06-23,3951,Site,104,1,32.86
66415,28792,2025-06-23,3166,Site,18,2,25.25
66416,28792,2025-06-23,3166,Site,34,1,103.63
66417,28792,2025-06-23,3166,Site,82,2,150.5
66418,28793,2025-06-23,4411,Boutique,23,1,20.5
66419,28794,2025-06-23,2987,Site,8,1,35.95
66420,28795,2025-06-23,4563,Site,21,1,13.29
66421,28795,2025-06-23,4563,Site,44,1,22.56
66422,28795,2025-06-23,4563,Site,29,1,57.58
66423,28796,2025-06-23,2204,Boutique,85,1,11.23
66424,28796,2025-06-23,2204,Boutique,97,1,8.14
66425,28797,2025-06-23,3727,Réseaux,60,2,63.66
66426,28797,2025-06-23,3727,Réseaux,113,1,10.2
66427,28798,2025-06-24,3892,Boutique,83,1,76.12
66428,28798,2025-06-24,3892,Boutique,5,1,52.43
66429,28798,2025-06-24,3892,Boutique,30,1,52.43
66430,28799,2025-06-24,3110,Site,97,1,6.51
66431,28799,2025-06-24,3110,Site,93,1,41.12
66432,28799,2025-06-24,3110,Site,35,1,13.1
66433,28800,2025-06-24,4288,Site,21,4,42.53
66434,28800,2025-06-24,4288,Site,81,1,13.1
66435,28800,2025-06-24,4288,Site,83,1,60.9
66436,28801,2025-06-24,3483,Site,82,1,63.37
66437,28801,2025-06-24,3483,Site,95,1,19.7
66438,28802,2025-06-24,4964,Site,63,1,4.02
66439,28803,2025-06-24,1093,Boutique,97,1,6.51
66440,28804,2025-06-24,2686,Site,9,1,44.19
66441,28804,2025-06-24,2686,Site,22,1,52.43
66442,28804,2025-06-24,2686,Site,42,1,29.77
66443,28805,2025-06-24,1556,Boutique,85,1,8.98
66444,28805,2025-06-24,1556,Boutique,80,1,15.58
66445,28805,2025-06-24,1556,Boutique,42,1,23.82
66446,28806,2025-06-24,5668,Site,82,1,63.37
66447,28807,2025-06-24,5067,Réseaux,32,1,19.7
66448,28807,2025-06-24,5067,Réseaux,100,1,18.05
66449,28807,2025-06-24,5067,Réseaux,28,1,40.3
66450,28808,2025-06-24,3630,Site,71,1,17.22
66451,28808,2025-06-24,3630,Site,111,1,8.16
66452,28808,2025-06-24,3630,Site,85,1,8.98
66453,28809,2025-06-24,3994,Boutique,4,3,120.21
66454,28810,2025-06-24,2840,Site,63,3,9.65
66455,28810,2025-06-24,2840,Site,91,1,71.61
66456,28810,2025-06-24,2840,Site,61,1,8.98
66457,28811,2025-06-24,3436,Site,102,1,20.5
66458,28812,2025-06-24,3426,Boutique,38,2,65.72
66459,28812,2025-06-24,3426,Boutique,50,2,146.06
66460,28812,2025-06-24,3426,Boutique,68,1,21.53
66461,28813,2025-06-24,3259,Boutique,44,1,22.56
66462,28814,2025-06-24,3882,Site,88,1,21.53
66463,28814,2025-06-24,3882,Site,63,1,4.02
66464,28814,2025-06-24,3882,Site,15,1,12.26
66465,28814,2025-06-24,3882,Site,107,1,15.35
66466,28815,2025-06-24,1430,Site,84,1,18.05
66467,28815,2025-06-24,1430,Site,100,1,18.05
66468,28816,2025-06-24,4436,Site,29,1,46.06
66469,28817,2025-06-24,3128,Boutique,15,1,9.81
66470,28817,2025-06-24,3128,Boutique,32,1,19.7
66471,28817,2025-06-24,3128,Boutique,91,1,71.61
66472,28818,2025-06-24,1707,Réseaux,92,1,9.81
66473,28818,2025-06-24,1707,Réseaux,99,1,51.01
66474,28819,2025-06-24,2494,Boutique,90,1,59.25
66475,28819,2025-06-24,2494,Boutique,48,1,22.99
66476,28819,2025-06-24,2494,Boutique,58,1,29.58
66477,28819,2025-06-24,2494,Boutique,61,1,8.98
66478,28820,2025-06-24,5279,Boutique,25,1,21.34
66479,28821,2025-06-24,5656,Boutique,52,1,40.3
66480,28822,2025-06-24,5644,Boutique,84,1,22.56
66481,28822,2025-06-24,5644,Boutique,83,1,76.12
900015,28059,2025-06-02,90015,Site,81,2,32.76
66482,28823,2025-06-24,3323,Site,82,1,63.37
66483,28823,2025-06-24,3323,Site,83,1,60.9
66484,28823,2025-06-24,3323,Site,101,1,15.58
66485,28824,2025-06-24,4913,Site,29,2,115.16
66486,28824,2025-06-24,4913,Site,82,1,79.21
66487,28824,2025-06-24,4913,Site,26,1,64.79
66488,28824,2025-06-24,4913,Site,61,1,11.23
66489,28825,2025-06-24,1321,Boutique,84,1,22.56
66490,28825,2025-06-24,1321,Boutique,81,1,16.38
66491,28825,2025-06-24,1321,Boutique,42,2,59.54
66492,28826,2025-06-24,94,Boutique,27,1,108.05
66493,28827,2025-06-24,2235,Site,89,1,68.91
66494,28827,2025-06-24,2235,Site,62,1,2.99
66495,28828,2025-06-24,4196,Site,72,1,2.39
66496,28829,2025-06-24,2854,Site,82,1,63.37
66497,28830,2025-06-24,326,Boutique,79,1,5.05
66498,28830,2025-06-24,326,Boutique,74,1,21.53
66499,28831,2025-06-24,4021,Boutique,1,1,44.19
66500,28831,2025-06-24,4021,Boutique,4,1,40.07
66501,28831,2025-06-24,4021,Boutique,21,1,13.29
66502,28831,2025-06-24,4021,Boutique,82,1,79.21
66503,28831,2025-06-24,4021,Boutique,54,2,113.1
66504,28831,2025-06-24,4021,Boutique,97,1,8.14
66505,28832,2025-06-24,69,Boutique,63,1,4.02
66506,28832,2025-06-24,69,Boutique,42,1,29.77
66507,28832,2025-06-24,69,Boutique,28,1,50.37
66508,28832,2025-06-24,69,Boutique,35,1,16.38
66509,28832,2025-06-24,69,Boutique,14,1,41.1
66510,28833,2025-06-24,1950,Boutique,5,1,52.43
66511,28833,2025-06-24,1950,Boutique,26,1,64.79
66512,28834,2025-06-24,2508,Site,21,1,13.29
66513,28834,2025-06-24,2508,Site,24,1,34.92
66514,28835,2025-06-24,729,Boutique,27,1,86.44
66515,28835,2025-06-24,729,Boutique,22,1,41.94
66516,28835,2025-06-24,729,Boutique,57,1,13.93
66517,28836,2025-06-24,5351,Boutique,3,1,31.23
66518,28836,2025-06-24,5351,Boutique,105,1,13.93
66519,28836,2025-06-24,5351,Boutique,36,1,55.13
66520,28837,2025-06-25,253,Boutique,22,1,52.43
66521,28837,2025-06-25,253,Boutique,12,2,78.08
66522,28838,2025-06-25,1293,Site,30,1,41.94
66523,28839,2025-06-25,1542,Boutique,95,1,19.7
66524,28839,2025-06-25,1542,Boutique,16,1,8.16
66525,28840,2025-06-25,5539,Site,95,2,49.24
66526,28841,2025-06-25,2229,Site,105,2,27.86
66527,28841,2025-06-25,2229,Site,88,1,17.22
66528,28842,2025-06-25,3271,Boutique,52,1,50.37
66529,28842,2025-06-25,3271,Boutique,85,1,11.23
66530,28843,2025-06-25,12,Réseaux,88,1,17.22
66531,28843,2025-06-25,12,Réseaux,18,1,10.63
66532,28843,2025-06-25,12,Réseaux,101,2,31.15
66533,28844,2025-06-25,3488,Site,75,1,5.69
66534,28844,2025-06-25,3488,Site,74,1,17.22
66535,28845,2025-06-25,2245,Site,28,1,50.37
66536,28846,2025-06-25,1829,Site,57,1,17.41
66537,28846,2025-06-25,1829,Site,61,1,11.23
66538,28847,2025-06-25,3009,Site,82,1,63.37
66539,28848,2025-06-25,388,Boutique,89,1,55.13
66540,28849,2025-06-25,307,Site,101,1,15.58
66541,28849,2025-06-25,307,Site,11,1,47.71
66542,28849,2025-06-25,307,Site,46,1,27.11
66543,28849,2025-06-25,307,Site,88,1,17.22
66544,28850,2025-06-25,273,Site,10,1,51.4
66545,28850,2025-06-25,273,Site,37,1,38.01
66546,28850,2025-06-25,273,Site,84,1,22.56
66547,28851,2025-06-25,724,Site,1,1,44.19
66548,28851,2025-06-25,724,Site,47,1,34.92
66549,28852,2025-06-25,4770,Boutique,8,2,71.9
66550,28852,2025-06-25,4770,Boutique,63,2,8.04
66551,28852,2025-06-25,4770,Boutique,61,1,11.23
66552,28853,2025-06-25,4847,Site,108,2,74.0
66553,28853,2025-06-25,4847,Site,47,1,27.94
66554,28854,2025-06-25,172,Site,90,1,74.06
66555,28854,2025-06-25,172,Site,23,1,20.5
66556,28855,2025-06-25,3954,Site,84,1,22.56
66557,28856,2025-06-25,2358,Boutique,52,1,40.3
66558,28856,2025-06-25,2358,Boutique,48,1,22.99
66559,28856,2025-06-25,2358,Boutique,67,1,2.39
66560,28856,2025-06-25,2358,Boutique,66,1,7.34
66561,28857,2025-06-25,4901,Boutique,44,1,22.56
66562,28857,2025-06-25,4901,Boutique,8,2,71.9
66563,28858,2025-06-25,2323,Boutique,8,1,28.76
66564,28858,2025-06-25,2323,Boutique,89,1,55.13
66565,28859,2025-06-25,4121,Site,62,1,2.39
66566,28859,2025-06-25,4121,Site,15,1,9.81
66567,28859,2025-06-25,4121,Site,33,1,104.57
66568,28859,2025-06-25,4121,Site,84,1,18.05
66569,28860,2025-06-25,1487,Site,81,1,16.38
66570,28860,2025-06-25,1487,Site,24,2,69.84
66571,28860,2025-06-25,1487,Site,1,1,44.19
66572,28861,2025-06-25,3937,Site,24,1,34.92
66573,28861,2025-06-25,3937,Site,9,1,44.19
66574,28861,2025-06-25,3937,Site,40,1,77.15
66575,28862,2025-06-25,1137,Site,79,1,5.05
66576,28862,2025-06-25,1137,Site,107,1,15.35
66577,28862,2025-06-25,1137,Site,29,1,57.58
66578,28863,2025-06-25,4041,Site,23,2,32.8
66579,28863,2025-06-25,4041,Site,104,2,52.58
66580,28864,2025-06-25,2584,Réseaux,85,1,8.98
66581,28865,2025-06-25,5008,Site,86,1,125.99
66582,28866,2025-06-26,4252,Boutique,115,1,41.12
66583,28866,2025-06-26,4252,Boutique,49,1,24.64
66584,28867,2025-06-26,5550,Site,82,1,79.21
66585,28868,2025-06-26,4006,Site,85,1,11.23
66586,28868,2025-06-26,4006,Site,104,1,32.86
66587,28868,2025-06-26,4006,Site,83,1,76.12
66588,28868,2025-06-26,4006,Site,66,1,9.17
66589,28868,2025-06-26,4006,Site,5,1,52.43
66590,28868,2025-06-26,4006,Site,24,1,34.92
66591,28869,2025-06-26,2474,Site,44,1,18.05
66592,28870,2025-06-26,434,Boutique,86,1,125.99
66593,28870,2025-06-26,434,Boutique,94,2,62.46
66594,28870,2025-06-26,434,Boutique,61,1,8.98
66595,28871,2025-06-26,55,Site,107,1,12.28
66596,28871,2025-06-26,55,Site,41,1,23.82
66597,28871,2025-06-26,55,Site,102,1,16.4
66598,28871,2025-06-26,55,Site,110,1,21.34
66599,28872,2025-06-26,3737,Boutique,81,1,13.1
66600,28872,2025-06-26,3737,Boutique,27,1,86.44
66601,28873,2025-06-26,4288,Réseaux,30,1,41.94
66602,28873,2025-06-26,4288,Réseaux,97,1,6.51
66603,28874,2025-06-26,607,Réseaux,17,1,13.1
66604,28874,2025-06-26,607,Réseaux,76,1,14.75
66605,28875,2025-06-26,1885,Réseaux,58,1,36.98
66606,28876,2025-06-26,4106,Site,83,1,76.12
66607,28876,2025-06-26,4106,Site,50,1,73.03
66608,28877,2025-06-26,1540,Boutique,61,1,11.23
66609,28877,2025-06-26,1540,Boutique,43,1,24.62
66610,28877,2025-06-26,1540,Boutique,49,1,30.8
66611,28878,2025-06-26,5476,Site,86,1,125.99
66612,28879,2025-06-26,241,Boutique,91,1,71.61
66613,28880,2025-06-26,2206,Site,90,1,59.25
66614,28880,2025-06-26,2206,Site,35,3,39.31
66615,28880,2025-06-26,2206,Site,10,1,41.12
66616,28881,2025-06-26,1656,Boutique,50,1,73.03
66617,28881,2025-06-26,1656,Boutique,111,1,10.2
66618,28882,2025-06-26,29,Site,102,1,16.4
66619,28882,2025-06-26,29,Site,41,1,23.82
66620,28883,2025-06-26,1104,Boutique,25,1,21.34
66621,28883,2025-06-26,1104,Boutique,91,1,71.61
66622,28883,2025-06-26,1104,Boutique,89,1,55.13
66623,28884,2025-06-26,3832,Site,76,1,14.75
66624,28884,2025-06-26,3832,Site,21,1,10.63
66625,28884,2025-06-26,3832,Site,75,1,5.69
66626,28885,2025-06-26,3995,Boutique,85,1,11.23
66627,28885,2025-06-26,3995,Boutique,84,1,22.56
66628,28886,2025-06-26,2833,Site,81,2,26.21
66629,28887,2025-06-26,1113,Site,11,1,59.64
66630,28887,2025-06-26,1113,Site,41,1,29.77
66631,28887,2025-06-26,1113,Site,39,1,66.85
66632,28888,2025-06-26,2298,Boutique,13,1,44.42
66633,28888,2025-06-26,2298,Boutique,96,1,9.81
66634,28889,2025-06-26,267,Site,88,1,21.53
66635,28889,2025-06-26,267,Site,114,1,19.47
66636,28889,2025-06-26,267,Site,81,1,16.38
66637,28890,2025-06-26,5476,Site,74,1,17.22
66638,28890,2025-06-26,5476,Site,4,1,32.06
66639,28890,2025-06-26,5476,Site,81,1,13.1
66640,28890,2025-06-26,5476,Site,51,2,27.86
66641,28890,2025-06-26,5476,Site,7,1,13.93
66642,28891,2025-06-26,123,Réseaux,114,2,31.15
66643,28892,2025-06-26,4454,Site,23,1,20.5
66644,28892,2025-06-26,4454,Site,62,2,5.98
66645,28893,2025-06-27,1067,Site,81,1,16.38
66646,28894,2025-06-27,4114,Boutique,83,1,76.12
66647,28895,2025-06-27,5524,Boutique,33,1,104.57
66648,28895,2025-06-27,5524,Boutique,83,1,60.9
66649,28896,2025-06-27,2172,Boutique,6,1,44.19
66650,28896,2025-06-27,2172,Boutique,5,1,52.43
66651,28897,2025-06-27,565,Site,42,1,29.77
66652,28897,2025-06-27,565,Site,49,2,61.6
66653,28897,2025-06-27,565,Site,7,1,17.41
66654,28897,2025-06-27,565,Site,90,1,74.06
66655,28898,2025-06-27,2882,Boutique,5,1,52.43
66656,28898,2025-06-27,2882,Boutique,91,1,89.51
66657,28899,2025-06-27,2869,Site,85,1,11.23
66658,28899,2025-06-27,2869,Site,86,1,157.49
66659,28899,2025-06-27,2869,Site,114,1,19.47
66660,28900,2025-06-27,5646,Boutique,85,1,8.98
66661,28900,2025-06-27,5646,Boutique,82,2,126.74
66662,28901,2025-06-27,5660,Boutique,1,1,35.35
66663,28902,2025-06-29,5677,Boutique,45,1,66.85
66664,28902,2025-06-29,5677,Boutique,21,1,13.29
66665,28903,2025-06-27,5310,Site,48,1,22.99
66666,28904,2025-06-27,3009,Site,45,1,53.48
66667,28904,2025-06-27,3009,Site,85,1,8.98
66668,28904,2025-06-27,3009,Site,74,1,17.22
66669,28904,2025-06-27,3009,Site,7,1,13.93
66670,28904,2025-06-27,3009,Site,73,1,4.04
66671,28905,2025-06-27,4233,Boutique,113,1,8.16
66672,28905,2025-06-27,4233,Boutique,79,1,4.04
66673,28906,2025-06-27,4838,Boutique,50,1,73.03
66674,28906,2025-06-27,4838,Boutique,58,3,110.94
66675,28906,2025-06-27,4838,Boutique,30,1,52.43
66676,28906,2025-06-27,4838,Boutique,5,2,104.86
66677,28907,2025-06-27,4597,Site,61,1,11.23
66678,28907,2025-06-27,4597,Site,21,1,13.29
66679,28907,2025-06-27,4597,Site,72,1,2.99
66680,28908,2025-06-27,4339,Site,25,2,53.36
66681,28908,2025-06-27,4339,Site,81,1,16.38
66682,28909,2025-06-27,1917,Boutique,81,1,16.38
66683,28909,2025-06-27,1917,Boutique,45,1,66.85
66684,28909,2025-06-27,1917,Boutique,1,1,44.19
66685,28910,2025-06-27,4849,Site,45,1,66.85
66686,28911,2025-06-27,4760,Boutique,12,3,117.12
66687,28911,2025-06-27,4760,Boutique,104,1,32.86
66688,28911,2025-06-27,4760,Boutique,14,1,41.1
66689,28912,2025-06-27,4855,Site,87,1,97.15
66690,28912,2025-06-27,4855,Site,32,1,19.7
66691,28912,2025-06-27,4855,Site,86,1,125.99
66692,28912,2025-06-27,4855,Site,92,1,9.81
66693,28912,2025-06-27,4855,Site,53,1,16.4
66694,28912,2025-06-27,4855,Site,47,1,27.94
66695,28913,2025-06-27,3265,Réseaux,46,1,27.11
66696,28914,2025-06-27,3028,Boutique,34,1,87.26
66697,28914,2025-06-27,3028,Boutique,11,1,47.71
66698,28915,2025-06-27,3499,Boutique,93,1,41.12
66699,28915,2025-06-27,3499,Boutique,114,1,15.58
66700,28915,2025-06-27,3499,Boutique,95,1,19.7
66701,28916,2025-06-27,3126,Réseaux,92,1,12.26
66702,28916,2025-06-27,3126,Réseaux,4,1,40.07
66703,28916,2025-06-27,3126,Réseaux,41,1,29.77
66704,28916,2025-06-27,3126,Réseaux,86,2,314.98
66705,28917,2025-06-27,494,Site,111,1,10.2
66706,28918,2025-06-27,1643,Site,31,1,18.05
66707,28919,2025-06-27,4485,Réseaux,33,1,130.71
66708,28919,2025-06-27,4485,Réseaux,47,1,34.92
66709,28920,2025-06-27,851,Boutique,15,1,9.81
66710,28921,2025-06-27,5492,Boutique,28,1,40.3
66711,28921,2025-06-27,5492,Boutique,83,1,60.9
66712,28921,2025-06-27,5492,Boutique,41,1,23.82
66713,28922,2025-06-27,2763,Site,81,1,13.1
66714,28922,2025-06-27,2763,Site,51,1,13.93
66715,28923,2025-06-27,167,Site,87,1,97.15
66716,28923,2025-06-27,167,Site,84,1,18.05
66717,28923,2025-06-27,167,Site,62,1,2.39
66718,28923,2025-06-27,167,Site,60,1,25.46
66719,28924,2025-06-27,2868,Site,111,1,8.16
66720,28925,2025-06-27,3026,Boutique,77,1,22.56
66721,28926,2025-06-27,2430,Boutique,61,1,11.23
66722,28926,2025-06-27,2430,Boutique,82,2,158.42
66723,28927,2025-06-27,2987,Site,56,2,159.7
66724,28927,2025-06-27,2987,Site,62,2,4.78
66725,28927,2025-06-27,2987,Site,84,1,18.05
66726,28928,2025-06-27,4461,Site,87,1,97.15
66727,28928,2025-06-27,4461,Site,3,1,31.23
66728,28928,2025-06-27,4461,Site,90,1,59.25
66729,28929,2025-06-27,1179,Boutique,111,1,8.16
66730,28929,2025-06-27,1179,Boutique,94,1,31.23
66731,28930,2025-06-27,4562,Boutique,75,1,5.69
66732,28930,2025-06-27,4562,Boutique,85,1,8.98
66733,28931,2025-06-28,2090,Boutique,41,1,23.82
66734,28932,2025-06-28,4711,Site,29,1,46.06
66735,28932,2025-06-28,4711,Site,18,3,31.9
66736,28933,2025-06-28,3117,Site,64,1,8.16
66737,28933,2025-06-28,3117,Site,50,1,58.42
66738,28933,2025-06-28,3117,Site,33,1,104.57
66739,28933,2025-06-28,3117,Site,6,1,35.35
66740,28933,2025-06-28,3117,Site,32,1,19.7
66741,28934,2025-06-28,2072,Boutique,84,1,22.56
66742,28934,2025-06-28,2072,Boutique,46,1,33.89
66743,28934,2025-06-28,2072,Boutique,115,4,205.6
66744,28935,2025-06-28,4271,Site,42,1,23.82
66745,28936,2025-06-28,4814,Boutique,45,1,53.48
66746,28936,2025-06-28,4814,Boutique,54,2,90.48
66747,28936,2025-06-28,4814,Boutique,84,1,18.05
66748,28936,2025-06-28,4814,Boutique,46,1,27.11
66749,28936,2025-06-28,4814,Boutique,90,1,59.25
66750,28936,2025-06-28,4814,Boutique,84,1,18.05
66751,28937,2025-06-28,4711,Site,101,1,15.58
66752,28937,2025-06-28,4711,Site,82,1,63.37
66753,28937,2025-06-28,4711,Site,65,1,14.75
66754,28938,2025-06-28,515,Site,87,1,97.15
66755,28938,2025-06-28,515,Site,50,1,58.42
66756,28939,2025-06-28,225,Site,29,1,57.58
66757,28939,2025-06-28,225,Site,83,1,76.12
66758,28939,2025-06-28,225,Site,95,1,24.62
66759,28939,2025-06-28,225,Site,86,1,157.49
66760,28940,2025-06-28,3803,Site,42,1,23.82
66761,28940,2025-06-28,3803,Site,78,1,5.69
66762,28941,2025-06-28,277,Boutique,17,1,13.1
66763,28941,2025-06-28,277,Boutique,90,1,59.25
66764,28941,2025-06-28,277,Boutique,56,1,79.85
66765,28941,2025-06-28,277,Boutique,2,1,32.06
66766,28941,2025-06-28,277,Boutique,31,1,18.05
66767,28942,2025-06-28,5311,Boutique,15,1,9.81
66768,28943,2025-06-28,5006,Réseaux,80,1,19.47
66769,28943,2025-06-28,5006,Réseaux,95,1,24.62
66770,28943,2025-06-28,5006,Réseaux,40,1,77.15
66771,28944,2025-06-28,4169,Boutique,45,1,66.85
66772,28944,2025-06-28,4169,Boutique,84,1,22.56
66773,28945,2025-06-28,802,Site,97,1,6.51
66774,28945,2025-06-28,802,Site,94,1,31.23
66775,28946,2025-06-28,2405,Boutique,2,1,32.06
66776,28946,2025-06-28,2405,Boutique,1,2,70.7
66777,28947,2025-06-28,4455,Réseaux,10,1,41.12
66778,28947,2025-06-28,4455,Réseaux,99,1,51.01
66779,28948,2025-06-28,2120,Boutique,83,1,60.9
66780,28948,2025-06-28,2120,Boutique,23,1,16.4
66781,28949,2025-06-28,253,Boutique,85,1,8.98
66782,28949,2025-06-28,253,Boutique,2,1,32.06
66783,28949,2025-06-28,253,Boutique,61,1,8.98
66784,28950,2025-06-28,2894,Réseaux,81,2,32.76
66785,28950,2025-06-28,2894,Réseaux,65,1,18.44
66786,28951,2025-06-28,3961,Site,8,1,28.76
66787,28951,2025-06-28,3961,Site,89,1,55.13
66788,28951,2025-06-28,3961,Site,91,1,71.61
66789,28952,2025-06-28,2276,Réseaux,83,4,304.48
66790,28952,2025-06-28,2276,Réseaux,104,1,32.86
66791,28953,2025-06-28,4280,Boutique,66,1,7.34
66792,28953,2025-06-28,4280,Boutique,82,1,63.37
66793,28953,2025-06-28,4280,Boutique,6,1,35.35
66794,28954,2025-06-28,1550,Boutique,29,1,57.58
66795,28954,2025-06-28,1550,Boutique,83,1,76.12
66796,28955,2025-06-28,1774,Site,48,1,28.74
66797,28956,2025-06-28,3913,Boutique,61,2,17.97
66798,28956,2025-06-28,3913,Boutique,15,1,9.81
66799,28956,2025-06-28,3913,Boutique,2,1,32.06
66800,28957,2025-06-28,2009,Réseaux,107,1,12.28
66801,28958,2025-06-28,5644,Boutique,83,1,60.9
66802,28959,2025-06-28,112,Boutique,57,2,34.82
66803,28960,2025-06-28,1006,Site,32,1,19.7
66804,28960,2025-06-28,1006,Site,101,2,31.15
66805,28961,2025-06-28,69,Boutique,46,1,33.89
66806,28962,2025-06-28,5220,Boutique,85,1,11.23
66807,28962,2025-06-28,5220,Boutique,111,1,10.2
66808,28962,2025-06-28,5220,Boutique,100,2,45.12
66809,28963,2025-06-28,651,Site,90,3,177.74
66810,28963,2025-06-28,651,Site,46,1,27.11
66811,28963,2025-06-28,651,Site,94,1,31.23
66812,28964,2025-06-28,1006,Site,43,1,24.62
66813,28965,2025-06-28,5435,Boutique,117,1,9.81
66814,28965,2025-06-28,5435,Boutique,87,1,97.15
66815,28966,2025-06-28,2528,Site,24,1,34.92
66816,28966,2025-06-28,2528,Site,101,1,19.47
66817,28967,2025-06-28,4596,Boutique,68,1,17.22
66818,28968,2025-06-28,3770,Boutique,24,1,27.94
66819,28968,2025-06-28,3770,Boutique,10,1,41.12
66820,28968,2025-06-28,3770,Boutique,105,1,13.93
66821,28968,2025-06-28,3770,Boutique,115,1,41.12
66822,28969,2025-06-28,3181,Boutique,84,1,18.05
66823,28970,2025-06-28,225,Boutique,85,1,8.98
66824,28970,2025-06-28,225,Boutique,81,1,13.1
66825,28970,2025-06-28,225,Boutique,62,1,2.39
66826,28971,2025-06-28,5334,Boutique,1,1,35.35
66827,28971,2025-06-28,5334,Boutique,81,3,39.31
66828,28972,2025-06-28,1147,Boutique,1,1,44.19
66829,28972,2025-06-28,1147,Boutique,85,1,11.23
66830,28973,2025-06-28,1292,Boutique,66,2,14.67
66831,28973,2025-06-28,1292,Boutique,2,4,128.22
66832,28973,2025-06-28,1292,Boutique,102,1,16.4
66833,28974,2025-06-28,4743,Réseaux,96,1,9.81
66834,28974,2025-06-28,4743,Réseaux,103,4,95.26
66835,28974,2025-06-28,4743,Réseaux,88,1,17.22
66836,28974,2025-06-28,4743,Réseaux,103,1,23.82
66837,28975,2025-06-28,2930,Boutique,82,1,63.37
66838,28975,2025-06-28,2930,Boutique,55,1,52.66
66839,28976,2025-06-28,5649,Boutique,34,1,87.26
66840,28976,2025-06-28,5649,Boutique,3,1,31.23
66841,28976,2025-06-28,5649,Boutique,42,1,23.82
66842,28977,2025-06-28,4553,Site,88,1,17.22
66843,28977,2025-06-28,4553,Site,10,1,41.12
66844,28978,2025-06-28,3923,Boutique,46,2,54.22
66845,28978,2025-06-28,3923,Boutique,4,1,32.06
66846,28978,2025-06-28,3923,Boutique,83,1,60.9
66847,28979,2025-06-29,918,Site,95,1,19.7
66848,28980,2025-06-29,935,Site,82,1,63.37
66849,28980,2025-06-29,935,Site,88,2,34.45
66850,28981,2025-06-29,5609,Boutique,89,2,110.26
66851,28981,2025-06-29,5609,Boutique,21,1,10.63
66852,28982,2025-06-29,3448,Site,59,1,9.81
66853,28983,2025-06-29,1461,Site,81,1,13.1
66854,28983,2025-06-29,1461,Site,51,1,13.93
66855,28984,2025-06-29,1739,Boutique,45,1,53.48
66856,28984,2025-06-29,1739,Boutique,3,1,31.23
66857,28985,2025-06-29,4623,Site,42,1,23.82
66858,28985,2025-06-29,4623,Site,82,3,190.1
66859,28986,2025-06-29,1338,Site,86,3,377.98
66860,28987,2025-06-29,1460,Réseaux,103,1,23.82
66861,28987,2025-06-29,1460,Réseaux,82,1,63.37
66862,28987,2025-06-29,1460,Réseaux,87,1,97.15
66863,28988,2025-06-29,864,Boutique,42,1,23.82
66864,28988,2025-06-29,864,Boutique,118,3,29.42
66865,28988,2025-06-29,864,Boutique,63,1,3.22
66866,28989,2025-06-29,5000,Site,57,1,17.41
66867,28989,2025-06-29,5000,Site,91,1,89.51
66868,28989,2025-06-29,5000,Site,45,1,66.85
66869,28990,2025-06-29,3531,Boutique,87,1,97.15
66870,28990,2025-06-29,3531,Boutique,6,1,35.35
66871,28990,2025-06-29,3531,Boutique,93,1,41.12
66872,28991,2025-06-29,3783,Réseaux,87,1,97.15
66873,28991,2025-06-29,3783,Réseaux,115,1,41.12
66874,28991,2025-06-29,3783,Réseaux,42,1,23.82
66875,28991,2025-06-29,3783,Réseaux,29,1,46.06
66876,28991,2025-06-29,3783,Réseaux,21,2,21.26
66877,28992,2025-06-29,5442,Site,92,1,12.26
66878,28992,2025-06-29,5442,Site,84,1,22.56
66879,28993,2025-06-29,8,Réseaux,2,1,32.06
66880,28993,2025-06-29,8,Réseaux,86,1,125.99
66881,28994,2025-06-29,1682,Boutique,5,1,52.43
66882,28995,2025-06-29,685,Site,85,1,8.98
66883,28996,2025-06-29,5334,Boutique,118,1,12.26
66884,28996,2025-06-29,5334,Boutique,40,1,77.15
66885,28996,2025-06-29,5334,Boutique,64,1,10.2
66886,28996,2025-06-29,5334,Boutique,86,1,157.49
66887,28996,2025-06-29,5334,Boutique,22,2,104.86
66888,28997,2025-06-29,4123,Boutique,48,1,28.74
66889,28998,2025-06-29,2930,Boutique,40,1,77.15
66890,28998,2025-06-29,2930,Boutique,86,1,157.49
66891,28998,2025-06-29,2930,Boutique,64,1,10.2
66892,28998,2025-06-29,2930,Boutique,48,1,28.74
66893,28999,2025-06-29,4742,Site,49,2,49.28
66894,28999,2025-06-29,4742,Site,85,1,8.98
66895,28999,2025-06-29,4742,Site,88,1,17.22
66896,29000,2025-06-29,5650,Réseaux,82,1,63.37
66897,29000,2025-06-29,5650,Réseaux,7,1,13.93
66898,29001,2025-06-29,2078,Boutique,44,2,36.1
66899,29001,2025-06-29,2078,Boutique,103,1,23.82
66900,29001,2025-06-29,2078,Boutique,107,1,12.28
66901,29001,2025-06-29,2078,Boutique,22,1,41.94
66902,29001,2025-06-29,2078,Boutique,93,4,164.48
66903,29002,2025-06-29,57,Site,61,2,22.46
66904,29003,2025-06-30,4240,Boutique,91,2,143.22
66905,29003,2025-06-30,4240,Boutique,57,1,13.93
66906,29004,2025-06-30,1405,Boutique,53,2,41.0
66907,29004,2025-06-30,1405,Boutique,82,1,79.21
66908,29005,2025-06-30,3527,Boutique,62,1,2.99
66909,29005,2025-06-30,3527,Boutique,96,1,12.26
66910,29006,2025-06-30,3832,Boutique,81,1,13.1
66911,29006,2025-06-30,3832,Boutique,96,1,9.81
66912,29006,2025-06-30,3832,Boutique,46,1,27.11
66913,29007,2025-06-30,2515,Site,108,1,37.0
66914,29008,2025-06-30,2204,Site,69,1,8.14
66915,29008,2025-06-30,2204,Site,92,1,12.26
66916,29008,2025-06-30,2204,Site,93,2,102.8
66917,29008,2025-06-30,2204,Site,2,2,80.14
66918,29009,2025-06-30,75,Réseaux,9,1,35.35
66919,29009,2025-06-30,75,Réseaux,103,1,23.82
66920,29009,2025-06-30,75,Réseaux,85,1,8.98
66921,29009,2025-06-30,75,Réseaux,86,1,125.99
66922,29010,2025-06-30,4245,Réseaux,27,1,86.44
66923,29010,2025-06-30,4245,Réseaux,85,1,8.98
66924,29011,2025-06-30,5076,Site,50,1,58.42
66925,29012,2025-06-30,1186,Site,64,2,20.4
66926,29012,2025-06-30,1186,Site,24,2,69.84
66927,29012,2025-06-30,1186,Site,10,1,51.4
66928,29013,2025-06-30,1163,Boutique,64,2,20.4
66929,29013,2025-06-30,1163,Boutique,33,1,130.71
66930,29014,2025-06-30,5061,Réseaux,85,1,8.98
66931,29015,2025-06-30,1763,Boutique,67,1,2.39
66932,29015,2025-06-30,1763,Boutique,96,2,19.62
66933,29016,2025-06-30,3483,Site,102,1,16.4
66934,29016,2025-06-30,3483,Site,41,1,23.82
66935,29016,2025-06-30,3483,Site,56,1,79.85
66936,29016,2025-06-30,3483,Site,6,1,35.35
66937,29017,2025-06-30,5032,Boutique,30,1,41.94
66938,29017,2025-06-30,5032,Boutique,27,1,86.44
66939,29017,2025-06-30,5032,Boutique,43,1,19.7
66940,29018,2025-06-30,4993,Réseaux,8,1,35.95
66941,29019,2025-06-30,3871,Boutique,71,2,43.06
66942,29019,2025-06-30,3871,Boutique,24,1,34.92
66943,29020,2025-06-30,5330,Boutique,48,1,22.99
66944,29020,2025-06-30,5330,Boutique,87,1,97.15
66945,29020,2025-06-30,5330,Boutique,111,2,16.32
66946,29021,2025-06-30,1055,Boutique,34,1,87.26
66947,29021,2025-06-30,1055,Boutique,61,1,8.98
66948,29022,2025-06-30,328,Site,45,1,53.48
66949,29023,2025-06-30,4638,Boutique,93,2,82.24
66950,29023,2025-06-30,4638,Boutique,83,1,60.9
66951,29023,2025-06-30,4638,Boutique,86,1,125.99
66952,29023,2025-06-30,4638,Boutique,63,1,3.22
66953,29023,2025-06-30,4638,Boutique,86,1,125.99
66954,29024,2025-06-30,1507,Boutique,12,3,117.12
66955,29024,2025-06-30,1507,Boutique,81,1,16.38
66956,29024,2025-06-30,1507,Boutique,81,1,16.38
66957,29025,2025-06-30,2183,Boutique,85,1,8.98
66958,29026,2025-06-30,3023,Site,63,1,4.02
66959,29026,2025-06-30,3023,Site,52,1,50.37
66960,29027,2025-06-30,267,Réseaux,37,1,30.41
66961,29027,2025-06-30,267,Réseaux,69,1,6.51
66962,29028,2025-06-30,5333,Site,87,1,97.15
66963,29029,2025-06-30,6,Site,83,1,76.12
66964,29029,2025-06-30,6,Site,2,1,40.07
66965,29030,2025-06-30,1555,Site,2,2,80.14
66966,29031,2025-06-30,4437,Site,94,1,31.23
66967,29032,2025-06-30,3272,Boutique,8,1,28.76
66968,29032,2025-06-30,3272,Boutique,105,1,13.93
66969,29032,2025-06-30,3272,Boutique,81,1,13.1
66970,29032,2025-06-30,3272,Boutique,82,1,63.37
66971,29033,2025-06-30,1950,Site,106,1,36.18
66972,29033,2025-06-30,1950,Site,10,1,41.12
66973,29033,2025-06-30,1950,Site,71,1,17.22
66974,29033,2025-06-30,1950,Site,50,1,58.42
66975,29033,2025-06-30,1950,Site,77,1,18.05
66976,29034,2025-06-30,1512,Réseaux,34,1,109.08
66977,29034,2025-06-30,1512,Réseaux,23,1,20.5
66978,29034,2025-06-30,1512,Réseaux,86,1,157.49
66979,29035,2025-06-30,1518,Réseaux,47,1,27.94
