id_ligne,id_commande,date_commande,id_client,canal,id_produit,quantite,montant
71023,30787,2025-09-01,3331,Boutique,90,1,74.06
71024,30787,2025-09-01,3331,Boutique,89,1,68.91
71025,30787,2025-09-01,3331,Boutique,5,1,52.43
71026,30787,2025-09-01,3331,Boutique,88,1,21.53
71027,30787,2025-09-01,3331,Boutique,102,1,20.5
71028,30788,2025-09-01,5071,Boutique,45,1,66.85
71029,30788,2025-09-01,5071,Boutique,3,1,39.04
71030,30789,2025-09-01,4469,Boutique,62,1,2.99
71031,30789,2025-09-01,4469,Boutique,74,1,21.53
71032,30790,2025-09-01,1968,Boutique,61,1,11.23
71033,30791,2025-09-01,2823,Site,96,1,12.26
71034,30791,2025-09-01,2823,Site,22,1,52.43
71035,30791,2025-09-01,2823,Site,22,1,52.43
71036,30792,2025-09-01,4253,Site,27,1,108.05
71037,30792,2025-09-01,4253,Site,25,1,26.68
71038,30792,2025-09-01,4253,Site,73,2,10.1
71039,30793,2025-09-01,2864,Boutique,86,1,157.49
71040,30793,2025-09-01,2864,Boutique,91,1,89.51
71041,30793,2025-09-01,2864,Boutique,40,1,77.15
71042,30794,2025-09-01,1466,Site,11,1,59.64
71043,30794,2025-09-01,1466,Site,7,1,17.41
71044,30795,2025-09-01,5542,Réseaux,74,1,21.53
71045,30796,2025-09-01,3110,Site,90,1,74.06
71046,30796,2025-09-01,3110,Site,26,1,64.79
71047,30796,2025-09-01,3110,Site,8,1,35.95
71048,30797,2025-09-01,664,Réseaux,42,1,28.28
71049,30797,2025-09-01,664,Réseaux,66,1,8.71
71050,30797,2025-09-01,664,Réseaux,101,1,18.5
71051,30797,2025-09-01,664,Réseaux,62,1,2.84
71052,30798,2025-09-01,2847,Site,46,3,101.67
71053,30798,2025-09-01,2847,Site,5,1,52.43
71054,30799,2025-09-01,1968,Boutique,68,1,21.53
71055,30799,2025-09-01,1968,Boutique,100,1,22.56
71056,30799,2025-09-01,1968,Boutique,108,1,46.25
71057,30799,2025-09-01,1968,Boutique,69,1,8.14
71058,30799,2025-09-01,1968,Boutique,1,1,44.19
71059,30800,2025-09-01,4283,Site,81,1,16.38
71060,30800,2025-09-01,4283,Site,62,1,2.99
71061,30801,2025-09-01,4894,Site,77,1,21.43
71062,30801,2025-09-01,4894,Site,71,1,20.45
71063,30801,2025-09-01,4894,Site,93,3,146.49
71064,30802,2025-09-01,104,Site,63,1,4.02
71065,30803,2025-09-01,2875,Boutique,30,1,52.43
71066,30803,2025-09-01,2875,Boutique,97,1,8.14
71067,30803,2025-09-01,2875,Boutique,63,1,4.02
71068,30804,2025-09-01,277,Site,40,1,77.15
71069,30804,2025-09-01,277,Site,24,1,34.92
71070,30805,2025-09-01,76,Site,82,2,158.42
71071,30805,2025-09-01,76,Site,75,1,7.11
71072,30806,2025-09-01,675,Site,98,1,88.95
71073,30806,2025-09-01,675,Site,83,1,72.31
71074,30807,2025-09-01,5110,Site,84,1,22.56
71075,30807,2025-09-01,5110,Site,66,1,9.17
71076,30808,2025-09-01,2378,Site,20,1,27.3
71077,30808,2025-09-01,2378,Site,92,1,11.65
71078,30808,2025-09-01,2378,Site,38,1,31.22
71079,30809,2025-09-01,1118,Boutique,95,1,24.62
71080,30809,2025-09-01,1118,Boutique,52,1,50.37
71081,30810,2025-09-01,4879,Boutique,90,1,74.06
71082,30810,2025-09-01,4879,Boutique,2,1,40.07
71083,30811,2025-09-01,2977,Site,29,1,57.58
71084,30811,2025-09-01,2977,Site,59,1,12.26
71085,30811,2025-09-01,2977,Site,105,1,17.41
71086,30812,2025-09-01,445,Site,95,3,73.86
71087,30812,2025-09-01,445,Site,96,1,12.26
71088,30812,2025-09-01,445,Site,29,1,57.58
71089,30813,2025-09-01,5781,Boutique,46,1,30.5
71090,30814,2025-09-01,1690,Boutique,83,1,76.12
71091,30814,2025-09-01,1690,Boutique,49,1,30.8
71092,30815,2025-09-01,2016,Site,69,1,8.14
71093,30815,2025-09-01,2016,Site,30,1,52.43
71094,30815,2025-09-01,2016,Site,99,1,63.76
71095,30815,2025-09-01,2016,Site,49,1,30.8
71096,30816,2025-09-01,3678,Boutique,87,1,121.44
71097,30816,2025-09-01,3678,Boutique,64,1,10.2
71098,30816,2025-09-01,3678,Boutique,90,1,74.06
71099,30817,2025-09-01,952,Boutique,17,1,16.38
71100,30817,2025-09-01,952,Boutique,9,1,44.19
71101,30817,2025-09-01,952,Boutique,67,2,5.98
71102,30818,2025-09-01,1516,Site,55,2,131.64
71103,30818,2025-09-01,1516,Site,117,2,24.52
71104,30818,2025-09-01,1516,Site,103,1,29.77
71105,30818,2025-09-01,1516,Site,45,1,66.85
71106,30819,2025-09-01,1537,Boutique,64,1,10.2
71107,30819,2025-09-01,1537,Boutique,16,1,10.2
71108,30820,2025-09-01,2454,Boutique,26,1,64.79
71109,30820,2025-09-01,2454,Boutique,83,1,76.12
71110,30820,2025-09-01,2454,Boutique,86,1,157.49
71111,30820,2025-09-01,2454,Boutique,6,1,44.19
71112,30821,2025-09-01,2526,Boutique,4,1,40.07
71113,30821,2025-09-01,2526,Boutique,90,1,74.06
71114,30822,2025-09-02,1879,Boutique,84,1,22.56
71115,30822,2025-09-02,1879,Boutique,71,1,21.53
71116,30822,2025-09-02,1879,Boutique,53,2,41.0
71117,30823,2025-09-02,2735,Site,82,1,79.21
71118,30824,2025-09-02,5343,Boutique,73,1,5.05
71119,30824,2025-09-02,5343,Boutique,83,1,76.12
71120,30825,2025-09-02,2622,Boutique,99,1,60.57
71121,30825,2025-09-02,2622,Boutique,65,1,17.52
71122,30826,2025-09-02,130,Boutique,45,1,66.85
71123,30826,2025-09-02,130,Boutique,6,1,44.19
71124,30826,2025-09-02,130,Boutique,64,1,10.2
71125,30827,2025-09-02,2836,Site,8,1,35.95
71126,30827,2025-09-02,2836,Site,97,2,16.28
71127,30827,2025-09-02,2836,Site,74,1,21.53
71128,30827,2025-09-02,2836,Site,67,1,2.99
71129,30828,2025-09-02,4128,Site,102,1,20.5
71130,30829,2025-09-02,5481,Réseaux,98,1,93.63
71131,30829,2025-09-02,5481,Réseaux,86,1,157.49
71132,30830,2025-09-02,4506,Boutique,69,1,8.14
71133,30830,2025-09-02,4506,Boutique,110,2,53.36
71134,30830,2025-09-02,4506,Boutique,48,1,28.74
71135,30831,2025-09-02,2339,Réseaux,104,2,65.72
71136,30831,2025-09-02,2339,Réseaux,1,1,44.19
71137,30831,2025-09-02,2339,Réseaux,89,1,68.91
71138,30832,2025-09-02,5071,Site,87,1,115.37
71139,30832,2025-09-02,5071,Site,33,1,124.17
71140,30832,2025-09-02,5071,Site,81,1,15.56
71141,30832,2025-09-02,5071,Site,62,1,2.84
71142,30833,2025-09-02,614,Site,100,1,22.56
71143,30833,2025-09-02,614,Site,1,1,44.19
71144,30834,2025-09-02,302,Boutique,104,1,32.86
71145,30834,2025-09-02,302,Boutique,93,1,51.4
71146,30834,2025-09-02,302,Boutique,34,1,109.08
71147,30835,2025-09-02,4245,Boutique,16,1,10.2
71148,30836,2025-09-02,1764,Boutique,82,1,79.21
71149,30836,2025-09-02,1764,Boutique,110,1,26.68
71150,30837,2025-09-02,3835,Site,84,1,22.56
71151,30837,2025-09-02,3835,Site,81,1,16.38
71152,30837,2025-09-02,3835,Site,81,1,16.38
71153,30838,2025-09-02,34,Site,94,1,39.04
71154,30838,2025-09-02,34,Site,11,1,59.64
71155,30839,2025-09-02,1166,Site,1,2,88.38
71156,30840,2025-09-02,1023,Boutique,98,1,93.63
71157,30840,2025-09-02,1023,Boutique,91,1,89.51
71158,30841,2025-09-02,1728,Réseaux,41,1,29.77
71159,30841,2025-09-02,1728,Réseaux,38,1,32.86
71160,30841,2025-09-02,1728,Réseaux,66,1,9.17
71161,30842,2025-09-02,884,Réseaux,63,1,4.02
71162,30842,2025-09-02,884,Réseaux,103,1,29.77
71163,30842,2025-09-02,884,Réseaux,65,1,18.44
71164,30843,2025-09-02,4666,Site,29,1,57.58
71165,30843,2025-09-02,4666,Site,103,1,29.77
71166,30843,2025-09-02,4666,Site,84,1,22.56
71167,30844,2025-09-02,4760,Site,72,1,2.99
71168,30844,2025-09-02,4760,Site,39,1,66.85
71169,30844,2025-09-02,4760,Site,29,1,57.58
71170,30844,2025-09-02,4760,Site,54,1,56.55
71171,30845,2025-09-02,179,Site,65,1,18.44
71172,30845,2025-09-02,179,Site,69,2,16.28
71173,30846,2025-09-02,3499,Site,89,1,65.46
71174,30847,2025-09-02,4792,Boutique,61,1,11.23
71175,30847,2025-09-02,4792,Boutique,82,2,158.42
71176,30848,2025-09-02,360,Boutique,15,1,12.26
71177,30849,2025-09-02,4959,Boutique,62,2,5.98
71178,30849,2025-09-02,4959,Boutique,97,1,8.14
71179,30849,2025-09-02,4959,Boutique,15,1,12.26
71180,30849,2025-09-02,4959,Boutique,48,2,57.48
71181,30850,2025-09-02,1351,Site,85,1,11.23
71182,30851,2025-09-03,2407,Boutique,81,1,16.38
71183,30852,2025-09-03,5732,Site,104,1,32.86
71184,30852,2025-09-03,5732,Site,67,3,8.97
71185,30853,2025-09-03,3126,Site,86,1,157.49
71186,30853,2025-09-03,3126,Site,1,2,88.38
71187,30854,2025-09-03,4825,Boutique,43,1,24.62
71188,30854,2025-09-03,4825,Boutique,10,1,51.4
71189,30855,2025-09-03,2546,Boutique,11,1,59.64
71190,30855,2025-09-03,2546,Boutique,4,1,40.07
71191,30855,2025-09-03,2546,Boutique,78,1,7.11
71192,30856,2025-09-03,2552,Réseaux,106,1,45.22
71193,30857,2025-09-03,2757,Boutique,32,2,46.78
71194,30857,2025-09-03,2757,Boutique,93,1,48.83
71195,30858,2025-09-03,3265,Site,49,2,61.6
71196,30859,2025-09-03,1466,Boutique,36,1,68.91
71197,30860,2025-09-03,2479,Site,26,1,64.79
71198,30861,2025-09-03,2421,Site,43,1,24.62
71199,30862,2025-09-03,4354,Boutique,92,1,12.26
71200,30863,2025-09-03,2241,Boutique,62,1,2.99
71201,30863,2025-09-03,2241,Boutique,102,1,20.5
71202,30863,2025-09-03,2241,Boutique,29,1,57.58
71203,30864,2025-09-03,199,Site,24,1,34.92
71204,30864,2025-09-03,199,Site,10,1,51.4
900010,30861,2025-09-03,90010,Site,43,1,24.62
71205,30865,2025-09-03,4465,Réseaux,32,1,24.62
71206,30865,2025-09-03,4465,Réseaux,91,1,89.51
71207,30865,2025-09-03,4465,Réseaux,64,1,10.2
71208,30866,2025-09-03,2584,Réseaux,65,1,18.44
71209,30866,2025-09-03,2584,Réseaux,101,1,19.47
71210,30867,2025-09-03,3016,Boutique,25,1,26.68
71211,30867,2025-09-03,3016,Boutique,88,1,21.53
71212,30868,2025-09-03,1591,Site,102,1,19.47
71213,30868,2025-09-03,1591,Site,99,1,60.57
71214,30868,2025-09-03,1591,Site,91,1,85.03
71215,30869,2025-09-03,2305,Site,27,1,108.05
71216,30870,2025-09-03,5494,Site,112,1,26.68
71217,30870,2025-09-03,5494,Site,81,2,32.76
71218,30870,2025-09-03,5494,Site,44,1,22.56
71219,30870,2025-09-03,5494,Site,37,1,38.01
71220,30871,2025-09-03,4375,Boutique,82,1,79.21
71221,30871,2025-09-03,4375,Boutique,40,1,77.15
71222,30872,2025-09-03,5032,Site,68,1,20.45
71223,30873,2025-09-03,1556,Site,15,1,12.26
71224,30873,2025-09-03,1556,Site,64,1,10.2
71225,30873,2025-09-03,1556,Site,97,2,16.28
71226,30874,2025-09-03,4447,Boutique,58,1,36.98
71227,30875,2025-09-03,2769,Site,98,1,93.63
71228,30875,2025-09-03,2769,Site,83,1,76.12
71229,30876,2025-09-03,1829,Boutique,13,1,55.52
71230,30876,2025-09-03,1829,Boutique,70,1,14.32
71231,30877,2025-09-03,4885,Boutique,84,3,67.68
71232,30878,2025-09-03,1432,Site,49,1,30.8
71233,30879,2025-09-03,2451,Site,45,1,63.51
71234,30880,2025-09-03,75,Site,26,1,64.79
71235,30881,2025-09-03,835,Site,92,1,12.26
71236,30881,2025-09-03,835,Site,5,1,52.43
71237,30881,2025-09-03,835,Site,87,1,121.44
71238,30882,2025-09-03,5132,Site,58,2,73.96
71239,30882,2025-09-03,5132,Site,91,3,268.53
71240,30882,2025-09-03,5132,Site,63,1,4.02
71241,30883,2025-09-03,4006,Site,83,1,76.12
71242,30884,2025-09-03,3605,Boutique,1,1,44.19
71243,30885,2025-09-03,4410,Boutique,8,3,107.85
71244,30885,2025-09-03,4410,Boutique,84,1,22.56
71245,30886,2025-09-03,3490,Boutique,70,1,14.32
71246,30886,2025-09-03,3490,Boutique,1,1,44.19
71247,30887,2025-09-03,621,Réseaux,11,1,59.64
71248,30887,2025-09-03,621,Réseaux,6,1,44.19
71249,30887,2025-09-03,621,Réseaux,25,1,26.68
71250,30888,2025-09-03,4446,Boutique,5,1,52.43
71251,30888,2025-09-03,4446,Boutique,81,1,16.38
71252,30888,2025-09-03,4446,Boutique,89,1,68.91
71253,30888,2025-09-03,4446,Boutique,89,1,68.91
71254,30889,2025-09-03,3788,Site,69,1,8.14
71255,30889,2025-09-03,3788,Site,72,1,2.99
71256,30890,2025-09-03,594,Site,42,1,29.77
71257,30890,2025-09-03,594,Site,1,1,44.19
71258,30891,2025-09-03,3459,Boutique,44,1,22.56
71259,30891,2025-09-03,3459,Boutique,53,1,20.5
71260,30891,2025-09-03,3459,Boutique,46,1,33.89
71261,30891,2025-09-03,3459,Boutique,52,1,50.37
71262,30891,2025-09-03,3459,Boutique,67,1,2.99
71263,30892,2025-09-04,543,Boutique,51,1,17.41
71264,30892,2025-09-04,543,Boutique,103,1,29.77
71265,30892,2025-09-04,543,Boutique,94,2,78.08
71266,30893,2025-09-04,3780,Boutique,66,1,9.17
71267,30894,2025-09-04,5359,Site,41,2,59.54
71268,30894,2025-09-04,5359,Site,86,1,157.49
71269,30894,2025-09-04,5359,Site,51,1,17.41
71270,30895,2025-09-04,2832,Boutique,27,1,108.05
71271,30895,2025-09-04,2832,Boutique,94,2,78.08
71272,30896,2025-09-04,3257,Réseaux,82,2,158.42
71273,30897,2025-09-04,2421,Site,101,1,19.47
71274,30897,2025-09-04,2421,Site,23,1,20.5
71275,30898,2025-09-04,654,Site,23,1,20.5
71276,30898,2025-09-04,654,Site,52,1,50.37
71277,30899,2025-09-04,1947,Site,85,1,10.67
71278,30900,2025-09-04,5024,Site,8,1,35.95
71279,30900,2025-09-04,5024,Site,105,2,34.82
71280,30901,2025-09-04,2773,Site,63,3,12.06
71281,30901,2025-09-04,2773,Site,68,1,21.53
71282,30902,2025-09-04,2391,Site,70,1,14.32
71283,30903,2025-09-04,4082,Boutique,3,1,39.04
71284,30903,2025-09-04,4082,Boutique,81,1,16.38
71285,30904,2025-09-04,2113,Boutique,28,1,50.37
71286,30904,2025-09-04,2113,Boutique,118,2,24.52
71287,30905,2025-09-04,5682,Site,63,1,4.02
71288,30906,2025-09-04,4262,Site,88,1,21.53
71289,30907,2025-09-04,4334,Site,8,1,35.95
71290,30907,2025-09-04,4334,Site,106,2,90.44
71291,30908,2025-09-04,1856,Boutique,94,1,39.04
71292,30908,2025-09-04,1856,Boutique,22,2,104.86
71293,30909,2025-09-04,2007,Boutique,61,1,11.23
71294,30909,2025-09-04,2007,Boutique,69,1,8.14
71295,30909,2025-09-04,2007,Boutique,43,1,24.62
71296,30910,2025-09-04,694,Boutique,4,2,80.14
71297,30910,2025-09-04,694,Boutique,26,1,64.79
71298,30911,2025-09-04,383,Boutique,63,1,4.02
71299,30911,2025-09-04,383,Boutique,48,1,28.74
71300,30911,2025-09-04,383,Boutique,84,1,22.56
71301,30911,2025-09-04,383,Boutique,83,1,76.12
71302,30912,2025-09-04,4770,Boutique,91,1,89.51
71303,30912,2025-09-04,4770,Boutique,24,1,34.92
71304,30912,2025-09-04,4770,Boutique,22,1,52.43
71305,30913,2025-09-04,3401,Site,102,1,20.5
71306,30913,2025-09-04,3401,Site,96,1,12.26
71307,30913,2025-09-04,3401,Site,104,1,32.86
71308,30913,2025-09-04,3401,Site,93,4,205.6
71309,30914,2025-09-22,5822,Boutique,47,1,31.43
71310,30914,2025-09-22,5822,Boutique,61,1,10.11
71311,30914,2025-09-22,5822,Boutique,62,1,2.69
71312,30915,2025-09-04,5201,Boutique,2,1,40.07
71313,30915,2025-09-04,5201,Boutique,74,1,21.53
71314,30915,2025-09-04,5201,Boutique,29,1,57.58
71315,30915,2025-09-04,5201,Boutique,3,1,39.04
71316,30916,2025-09-04,3373,Réseaux,3,1,39.04
71317,30917,2025-09-04,1885,Site,21,1,13.29
71318,30917,2025-09-04,1885,Site,40,1,77.15
71319,30918,2025-09-04,2448,Boutique,77,1,22.56
71320,30919,2025-09-04,2695,Site,48,1,28.74
71321,30919,2025-09-04,2695,Site,9,4,176.76
71322,30920,2025-09-04,5303,Site,64,1,10.2
71323,30920,2025-09-04,5303,Site,49,1,30.8
71324,30921,2025-09-04,4103,Site,6,1,44.19
71325,30921,2025-09-04,4103,Site,46,1,33.89
71326,30922,2025-09-05,565,Boutique,89,1,68.91
71327,30922,2025-09-05,565,Boutique,65,2,36.88
71328,30922,2025-09-05,565,Boutique,52,1,50.37
71329,30923,2025-09-05,2421,Site,97,1,8.14
71330,30923,2025-09-05,2421,Site,97,1,8.14
71331,30923,2025-09-05,2421,Site,13,1,55.52
71332,30924,2025-09-05,1144,Site,83,1,76.12
71333,30925,2025-09-05,2557,Site,106,1,45.22
71334,30925,2025-09-05,2557,Site,95,2,49.24
71335,30926,2025-09-05,3984,Réseaux,65,1,18.44
71336,30926,2025-09-05,3984,Réseaux,20,1,28.74
71337,30926,2025-09-05,3984,Réseaux,10,1,51.4
71338,30927,2025-09-05,1171,Boutique,4,1,40.07
71339,30927,2025-09-05,1171,Boutique,23,1,20.5
71340,30927,2025-09-05,1171,Boutique,81,1,16.38
71341,30927,2025-09-05,1171,Boutique,24,1,34.92
71342,30927,2025-09-05,1171,Boutique,25,1,26.68
71343,30928,2025-09-05,384,Réseaux,85,3,33.69
71344,30928,2025-09-05,384,Réseaux,65,1,18.44
71345,30929,2025-09-05,742,Boutique,15,2,24.52
71346,30930,2025-09-05,3869,Site,62,1,2.99
71347,30930,2025-09-05,3869,Site,79,1,5.05
71348,30930,2025-09-05,3869,Site,19,1,30.8
71349,30930,2025-09-05,3869,Site,44,1,22.56
71350,30930,2025-09-05,3869,Site,42,1,29.77
71351,30931,2025-09-05,4598,Boutique,55,1,65.82
71352,30932,2025-09-05,1659,Site,3,1,37.09
71353,30932,2025-09-05,1659,Site,43,1,23.39
71354,30932,2025-09-05,1659,Site,13,1,52.74
71355,30932,2025-09-05,1659,Site,82,1,75.25
71356,30933,2025-09-05,3428,Boutique,70,2,28.64
71357,30933,2025-09-05,3428,Boutique,1,1,44.19
71358,30934,2025-09-05,5029,Boutique,85,1,11.23
71359,30934,2025-09-05,5029,Boutique,81,2,32.76
71360,30934,2025-09-05,5029,Boutique,62,1,2.99
71361,30935,2025-09-05,3287,Site,69,2,16.28
71362,30935,2025-09-05,3287,Site,43,1,24.62
71363,30935,2025-09-05,3287,Site,63,2,8.04
71364,30936,2025-09-05,4766,Site,75,1,7.11
71365,30936,2025-09-05,4766,Site,83,1,76.12
71366,30936,2025-09-05,4766,Site,30,1,52.43
71367,30936,2025-09-05,4766,Site,83,1,76.12
71368,30937,2025-09-05,958,Réseaux,8,1,35.95
71369,30938,2025-09-05,2470,Boutique,64,1,10.2
71370,30938,2025-09-05,2470,Boutique,28,3,151.11
71371,30939,2025-09-05,4175,Site,99,1,63.76
71372,30940,2025-09-19,5817,Réseaux,64,1,9.18
71373,30941,2025-09-05,4112,Boutique,17,2,32.76
71374,30942,2025-09-05,3947,Boutique,21,1,13.29
71375,30943,2025-09-05,2593,Boutique,44,1,22.56
71376,30943,2025-09-05,2593,Boutique,29,1,57.58
71377,30944,2025-09-05,5471,Boutique,9,1,44.19
71378,30944,2025-09-05,5471,Boutique,23,1,20.5
71379,30944,2025-09-05,5471,Boutique,74,1,21.53
71380,30945,2025-09-05,2913,Boutique,85,1,11.23
71381,30945,2025-09-05,2913,Boutique,39,1,66.85
71382,30945,2025-09-05,2913,Boutique,26,1,64.79
71383,30946,2025-09-05,3611,Site,25,1,26.68
71384,30946,2025-09-05,3611,Site,37,1,38.01
71385,30947,2025-09-05,3674,Site,5,1,49.81
71386,30947,2025-09-05,3674,Site,45,1,63.51
71387,30948,2025-09-05,5164,Boutique,87,2,242.88
71388,30948,2025-09-05,5164,Boutique,73,1,5.05
71389,30948,2025-09-05,5164,Boutique,37,1,38.01
71390,30949,2025-09-05,3449,Site,74,1,21.53
71391,30949,2025-09-05,3449,Site,80,1,19.47
71392,30949,2025-09-05,3449,Site,85,1,11.23
71393,30949,2025-09-05,3449,Site,44,1,22.56
71394,30950,2025-09-05,5623,Site,69,1,8.14
71395,30950,2025-09-05,5623,Site,53,1,20.5
71396,30951,2025-09-05,4815,Boutique,49,1,30.8
71397,30951,2025-09-05,4815,Boutique,42,2,59.54
71398,30952,2025-09-05,4031,Site,34,1,109.08
71399,30952,2025-09-05,4031,Site,101,1,19.47
71400,30952,2025-09-05,4031,Site,6,2,88.38
71401,30952,2025-09-05,4031,Site,86,1,157.49
71402,30953,2025-09-05,934,Site,21,1,13.29
71403,30953,2025-09-05,934,Site,86,1,157.49
71404,30953,2025-09-05,934,Site,85,1,11.23
71405,30953,2025-09-05,934,Site,84,1,22.56
71406,30953,2025-09-05,934,Site,95,1,24.62
71407,30954,2025-09-05,5101,Site,62,2,5.98
71408,30954,2025-09-05,5101,Site,62,1,2.99
71409,30955,2025-09-05,2957,Site,2,1,40.07
71410,30955,2025-09-05,2957,Site,61,2,22.46
71411,30956,2025-09-05,3823,Boutique,6,1,44.19
71412,30957,2025-09-05,5412,Boutique,104,1,32.86
71413,30957,2025-09-05,5412,Boutique,42,1,29.77
71414,30958,2025-09-05,3950,Boutique,2,1,40.07
71415,30959,2025-09-05,3336,Site,10,1,51.4
71416,30959,2025-09-05,3336,Site,113,1,10.2
71417,30959,2025-09-05,3336,Site,2,1,40.07
71418,30959,2025-09-05,3336,Site,41,1,29.77
71419,30960,2025-09-05,1118,Réseaux,73,1,5.05
71420,30960,2025-09-05,1118,Réseaux,19,1,30.8
71421,30960,2025-09-05,1118,Réseaux,24,1,34.92
71422,30961,2025-09-05,5315,Boutique,82,1,79.21
71423,30962,2025-09-05,5638,Boutique,92,1,12.26
71424,30962,2025-09-05,5638,Boutique,48,1,28.74
71425,30963,2025-09-06,1446,Boutique,12,1,39.04
71426,30964,2025-09-06,2845,Boutique,13,2,111.04
71427,30965,2025-09-06,3460,Site,57,1,17.41
71428,30965,2025-09-06,3460,Site,74,1,21.53
71429,30966,2025-09-06,4340,Boutique,105,1,17.41
71430,30967,2025-09-06,2358,Boutique,21,1,13.29
71431,30967,2025-09-06,2358,Boutique,107,1,15.35
71432,30967,2025-09-06,2358,Boutique,29,1,57.58
71433,30968,2025-09-06,2797,Réseaux,19,1,30.8
71434,30969,2025-09-06,5062,Site,44,1,22.56
71435,30969,2025-09-06,5062,Site,55,1,65.82
71436,30969,2025-09-06,5062,Site,33,1,130.71
71437,30970,2025-09-06,1629,Site,112,1,26.68
71438,30971,2025-09-06,4693,Boutique,47,1,34.92
71439,30971,2025-09-06,4693,Boutique,82,1,79.21
71440,30972,2025-09-06,1768,Site,96,1,12.26
71441,30972,2025-09-06,1768,Site,67,1,2.99
71442,30973,2025-09-06,4235,Site,88,3,64.59
71443,30974,2025-09-06,4632,Boutique,2,1,40.07
71444,30974,2025-09-06,4632,Boutique,4,1,40.07
71445,30975,2025-09-06,5623,Réseaux,82,1,79.21
71446,30975,2025-09-06,5623,Réseaux,67,2,5.98
71447,30975,2025-09-06,5623,Réseaux,94,1,39.04
71448,30976,2025-09-06,1631,Site,100,1,22.56
71449,30976,2025-09-06,1631,Site,82,4,316.84
71450,30977,2025-09-06,3664,Boutique,101,1,19.47
71451,30977,2025-09-06,3664,Boutique,44,1,22.56
71452,30978,2025-09-06,3886,Site,31,1,22.56
71453,30979,2025-09-06,4696,Réseaux,42,1,29.77
71454,30979,2025-09-06,4696,Réseaux,80,1,19.47
71455,30979,2025-09-06,4696,Réseaux,3,1,39.04
71456,30980,2025-09-06,884,Site,25,1,26.68
71457,30980,2025-09-06,884,Site,87,1,121.44
71458,30981,2025-09-06,4115,Boutique,89,1,68.91
71459,30981,2025-09-06,4115,Boutique,39,1,66.85
71460,30981,2025-09-06,4115,Boutique,83,1,76.12
71461,30982,2025-09-06,2128,Site,22,1,52.43
71462,30982,2025-09-06,2128,Site,23,1,20.5
71463,30983,2025-09-06,5071,Boutique,87,1,121.44
71464,30983,2025-09-06,5071,Boutique,99,1,63.76
71465,30983,2025-09-06,5071,Boutique,104,1,32.86
71466,30984,2025-09-06,4574,Boutique,112,1,26.68
71467,30984,2025-09-06,4574,Boutique,107,1,15.35
71468,30984,2025-09-06,4574,Boutique,4,1,40.07
71469,30985,2025-09-06,1374,Site,51,1,17.41
71470,30985,2025-09-06,1374,Site,87,1,121.44
71471,30985,2025-09-06,1374,Site,74,1,21.53
71472,30985,2025-09-06,1374,Site,45,2,133.7
71473,30985,2025-09-06,1374,Site,101,1,19.47
71474,30985,2025-09-06,1374,Site,90,1,74.06
71475,30986,2025-09-06,2399,Boutique,4,1,40.07
71476,30986,2025-09-06,2399,Boutique,84,1,22.56
71477,30986,2025-09-06,2399,Boutique,93,2,102.8
71478,30987,2025-09-06,4200,Site,51,1,17.41
71479,30987,2025-09-06,4200,Site,86,1,157.49
71480,30987,2025-09-06,4200,Site,82,1,79.21
71481,30988,2025-09-06,4539,Site,3,1,39.04
71482,30988,2025-09-06,4539,Site,38,2,65.72
71483,30988,2025-09-06,4539,Site,93,1,51.4
71484,30989,2025-09-06,2808,Site,94,1,39.04
71485,30989,2025-09-06,2808,Site,101,1,19.47
71486,30989,2025-09-06,2808,Site,98,1,93.63
71487,30989,2025-09-06,2808,Site,6,1,44.19
71488,30990,2025-09-06,3265,Boutique,101,2,38.94
71489,30990,2025-09-06,3265,Boutique,28,1,50.37
71490,30990,2025-09-06,3265,Boutique,55,1,65.82
71491,30991,2025-09-06,4235,Site,107,1,14.58
71492,30991,2025-09-06,4235,Site,25,1,25.35
71493,30991,2025-09-06,4235,Site,13,1,52.74
71494,30991,2025-09-06,4235,Site,82,1,75.25
71495,30992,2025-09-06,1721,Site,36,1,68.91
71496,30992,2025-09-06,1721,Site,107,1,15.35
71497,30992,2025-09-06,1721,Site,64,1,10.2
71498,30993,2025-09-06,2619,Boutique,55,1,65.82
71499,30993,2025-09-06,2619,Boutique,32,1,24.62
71500,30993,2025-09-06,2619,Boutique,42,1,29.77
71501,30994,2025-09-06,5216,Boutique,36,1,68.91
71502,30995,2025-09-06,4820,Boutique,46,1,33.89
71503,30995,2025-09-06,4820,Boutique,2,1,40.07
71504,30995,2025-09-06,4820,Boutique,5,2,104.86
71505,30996,2025-09-06,574,Site,63,1,4.02
71506,30996,2025-09-06,574,Site,65,1,18.44
71507,30996,2025-09-06,574,Site,13,2,111.04
71508,30997,2025-09-06,504,Boutique,49,1,30.8
71509,30997,2025-09-06,504,Boutique,67,1,2.99
71510,30997,2025-09-06,504,Boutique,55,1,65.82
71511,30997,2025-09-06,504,Boutique,48,1,28.74
71512,30998,2025-09-06,3307,Site,21,1,13.29
71513,30998,2025-09-06,3307,Site,92,1,12.26
71514,30998,2025-09-06,3307,Site,82,1,79.21
71515,30999,2025-09-06,5199,Site,85,2,22.46
71516,30999,2025-09-06,5199,Site,3,1,39.04
71517,30999,2025-09-06,5199,Site,77,1,22.56
71518,30999,2025-09-06,5199,Site,43,1,24.62
71519,31000,2025-09-06,1749,Boutique,86,1,157.49
71520,31000,2025-09-06,1749,Boutique,63,1,4.02
71521,31000,2025-09-06,1749,Boutique,28,1,50.37
71522,31000,2025-09-06,1749,Boutique,64,1,10.2
71523,31000,2025-09-06,1749,Boutique,99,1,63.76
71524,31001,2025-09-06,1315,Site,30,1,52.43
71525,31001,2025-09-06,1315,Site,26,1,64.79
71526,31002,2025-09-06,3485,Site,56,1,99.81
71527,31002,2025-09-06,3485,Site,83,1,76.12
71528,31002,2025-09-06,3485,Site,51,1,17.41
71529,31003,2025-09-06,1202,Site,42,1,28.28
71530,31003,2025-09-06,1202,Site,94,1,37.09
71531,31003,2025-09-06,1202,Site,68,1,20.45
71532,31004,2025-09-06,1175,Boutique,88,1,21.53
71533,31004,2025-09-06,1175,Boutique,88,1,21.53
71534,31005,2025-09-06,5770,Site,92,1,11.03
71535,31005,2025-09-06,5770,Site,61,1,10.11
71536,31006,2025-09-06,1615,Boutique,92,1,12.26
71537,31006,2025-09-06,1615,Boutique,67,1,2.99
71538,31006,2025-09-06,1615,Boutique,46,1,33.89
71539,31006,2025-09-06,1615,Boutique,70,2,28.64
71540,31007,2025-09-06,2909,Boutique,89,1,68.91
71541,31007,2025-09-06,2909,Boutique,18,1,13.29
71542,31007,2025-09-06,2909,Boutique,63,1,4.02
71543,31008,2025-09-06,1478,Boutique,39,1,66.85
71544,31008,2025-09-06,1478,Boutique,94,1,39.04
71545,31008,2025-09-06,1478,Boutique,61,1,11.23
71546,31008,2025-09-06,1478,Boutique,104,1,32.86
71547,31009,2025-09-06,3490,Site,104,2,65.72
71548,31010,2025-09-06,4265,Boutique,58,1,36.98
71549,31011,2025-09-06,3751,Site,90,1,74.06
71550,31011,2025-09-06,3751,Site,26,1,64.79
71551,31012,2025-09-06,516,Site,67,1,2.99
71552,31012,2025-09-06,516,Site,62,1,2.99
71553,31013,2025-09-06,4084,Site,22,1,52.43
71554,31013,2025-09-06,4084,Site,15,1,12.26
71555,31013,2025-09-06,4084,Site,46,1,33.89
71556,31014,2025-09-06,2068,Boutique,12,1,39.04
71557,31014,2025-09-06,2068,Boutique,57,1,17.41
71558,31015,2025-09-06,1237,Réseaux,55,1,65.82
71559,31016,2025-09-06,2436,Site,84,1,22.56
71560,31016,2025-09-06,2436,Site,25,2,53.36
71561,31016,2025-09-06,2436,Site,92,1,12.26
71562,31016,2025-09-06,2436,Site,26,1,64.79
71563,31017,2025-09-06,4268,Site,81,1,16.38
71564,31017,2025-09-06,4268,Site,77,1,22.56
71565,31017,2025-09-06,4268,Site,23,1,20.5
71566,31017,2025-09-06,4268,Site,4,1,40.07
71567,31018,2025-09-06,4479,Site,7,1,17.41
71568,31019,2025-09-06,525,Boutique,64,1,10.2
71569,31019,2025-09-06,525,Boutique,29,1,57.58
71570,31020,2025-09-07,4825,Boutique,24,1,33.17
71571,31021,2025-09-07,35,Site,21,1,13.29
71572,31022,2025-09-07,2734,Site,38,3,98.58
71573,31022,2025-09-07,2734,Site,15,2,24.52
71574,31022,2025-09-07,2734,Site,83,1,76.12
71575,31023,2025-09-07,4894,Boutique,48,1,28.74
71576,31023,2025-09-07,4894,Boutique,118,2,24.52
71577,31024,2025-09-07,2307,Boutique,83,1,76.12
71578,31025,2025-09-07,4731,Boutique,85,1,11.23
71579,31025,2025-09-07,4731,Boutique,10,2,102.8
71580,31025,2025-09-07,4731,Boutique,26,1,64.79
71581,31026,2025-09-07,2007,Site,105,1,17.41
71582,31027,2025-09-07,3353,Site,90,1,74.06
71583,31027,2025-09-07,3353,Site,28,1,50.37
71584,31028,2025-09-07,3118,Boutique,2,1,40.07
71585,31028,2025-09-07,3118,Boutique,42,1,29.77
71586,31029,2025-09-07,328,Site,23,1,20.5
71587,31029,2025-09-07,328,Site,88,1,21.53
71588,31029,2025-09-07,328,Site,83,3,228.36
71589,31029,2025-09-07,328,Site,119,2,117.22
71590,31030,2025-09-07,5759,Site,4,4,144.25
71591,31030,2025-09-07,5759,Site,81,1,14.74
71592,31030,2025-09-07,5759,Site,61,3,30.32
71593,31030,2025-09-07,5759,Site,41,1,26.79
71594,31030,2025-09-07,5759,Site,5,1,47.19
71595,31031,2025-09-07,2778,Site,85,2,22.46
71596,31031,2025-09-07,2778,Site,29,1,57.58
71597,31032,2025-09-07,266,Boutique,103,2,59.54
71598,31033,2025-09-07,2988,Site,91,1,89.51
71599,31033,2025-09-07,2988,Site,64,1,10.2
71600,31034,2025-09-07,4615,Site,103,1,29.77
71601,31035,2025-09-07,3868,Boutique,63,1,4.02
71602,31035,2025-09-07,3868,Boutique,46,1,33.89
71603,31035,2025-09-07,3868,Boutique,83,4,304.48
71604,31035,2025-09-07,3868,Boutique,91,1,89.51
71605,31036,2025-09-07,4217,Site,48,1,28.74
71606,31037,2025-09-07,268,Boutique,101,1,19.47
71607,31038,2025-09-07,3745,Boutique,53,1,20.5
71608,31039,2025-09-07,1517,Boutique,10,1,51.4
71609,31039,2025-09-07,1517,Boutique,63,1,4.02
71610,31040,2025-09-07,4005,Boutique,22,1,52.43
71611,31040,2025-09-07,4005,Boutique,21,1,13.29
71612,31041,2025-09-07,1836,Site,30,2,104.86
71613,31042,2025-09-07,3789,Boutique,45,2,127.01
71614,31042,2025-09-07,3789,Boutique,23,1,19.47
71615,31042,2025-09-07,3789,Boutique,2,2,76.13
71616,31042,2025-09-07,3789,Boutique,53,1,19.47
71617,31043,2025-09-07,2931,Boutique,11,1,56.66
71618,31043,2025-09-07,2931,Boutique,87,3,346.1
71619,31044,2025-09-07,5644,Site,106,1,45.22
71620,31044,2025-09-07,5644,Site,86,1,157.49
71621,31045,2025-09-08,2634,Site,90,1,70.36
71622,31046,2025-09-08,993,Site,73,1,5.05
71623,31046,2025-09-08,993,Site,43,1,24.62
71624,31047,2025-09-08,699,Boutique,33,1,130.71
71625,31048,2025-09-08,4521,Boutique,66,1,9.17
71626,31048,2025-09-08,4521,Boutique,84,1,22.56
71627,31048,2025-09-08,4521,Boutique,61,1,11.23
71628,31049,2025-09-08,1118,Site,109,1,28.74
71629,31049,2025-09-08,1118,Site,32,1,24.62
71630,31049,2025-09-08,1118,Site,93,1,51.4
71631,31049,2025-09-08,1118,Site,47,1,34.92
71632,31050,2025-09-08,3036,Réseaux,45,1,66.85
71633,31050,2025-09-08,3036,Réseaux,88,1,21.53
71634,31051,2025-09-08,5201,Boutique,57,1,17.41
71635,31051,2025-09-08,5201,Boutique,113,1,10.2
71636,31052,2025-09-08,1051,Boutique,50,2,146.06
71637,31052,2025-09-08,1051,Boutique,33,3,392.13
71638,31052,2025-09-08,1051,Boutique,43,1,24.62
71639,31053,2025-09-08,1148,Site,13,1,55.52
71640,31053,2025-09-08,1148,Site,41,1,29.77
71641,31053,2025-09-08,1148,Site,24,1,34.92
71642,31054,2025-09-08,4137,Site,4,1,40.07
71643,31055,2025-09-08,1164,Site,63,1,4.02
71644,31055,2025-09-08,1164,Site,84,2,45.12
71645,31056,2025-09-08,734,Boutique,87,1,121.44
71646,31057,2025-09-08,4329,Site,43,3,73.86
71647,31058,2025-09-08,2672,Site,63,1,4.02
71648,31059,2025-09-08,2327,Réseaux,25,1,26.68
71649,31060,2025-09-08,1532,Boutique,87,1,121.44
71650,31060,2025-09-08,1532,Boutique,99,1,63.76
71651,31060,2025-09-08,1532,Boutique,84,1,22.56
71652,31061,2025-09-08,1542,Boutique,64,3,30.6
71653,31061,2025-09-08,1542,Boutique,62,1,2.99
71654,31062,2025-09-08,3265,Site,5,1,52.43
71655,31062,2025-09-08,3265,Site,22,1,52.43
71656,31063,2025-09-08,3096,Boutique,90,1,74.06
71657,31063,2025-09-08,3096,Boutique,113,1,10.2
71658,31064,2025-09-08,195,Boutique,41,4,113.13
71659,31064,2025-09-08,195,Boutique,2,1,38.07
71660,31065,2025-09-08,743,Site,71,1,21.53
71661,31066,2025-09-08,4054,Site,80,1,19.47
71662,31067,2025-09-08,4314,Boutique,7,1,16.54
71663,31067,2025-09-08,4314,Boutique,68,2,40.91
71664,31067,2025-09-08,4314,Boutique,67,3,8.52
71665,31068,2025-09-08,5523,Site,85,1,11.23
71666,31068,2025-09-08,5523,Site,2,1,40.07
71667,31069,2025-09-08,1502,Site,61,1,11.23
71668,31069,2025-09-08,1502,Site,41,2,59.54
71669,31070,2025-09-08,328,Boutique,87,1,121.44
71670,31070,2025-09-08,328,Boutique,91,1,89.51
71671,31071,2025-09-08,3395,Boutique,70,2,27.21
71672,31071,2025-09-08,3395,Boutique,41,1,28.28
71673,31072,2025-09-08,4896,Site,92,1,12.26
71674,31072,2025-09-08,4896,Site,91,1,89.51
71675,31073,2025-09-08,1497,Site,62,1,2.99
71676,31073,2025-09-08,1497,Site,34,1,109.08
71677,31074,2025-09-08,4940,Site,66,4,36.68
71678,31074,2025-09-08,4940,Site,2,1,40.07
71679,31074,2025-09-08,4940,Site,78,1,7.11
71680,31074,2025-09-08,4940,Site,71,1,21.53
71681,31074,2025-09-08,4940,Site,92,2,24.52
71682,31075,2025-09-08,5380,Site,103,1,28.28
71683,31075,2025-09-08,5380,Site,20,1,27.3
71684,31076,2025-09-08,3372,Boutique,12,1,39.04
71685,31076,2025-09-08,3372,Boutique,81,1,16.38
71686,31077,2025-09-09,1179,Site,4,1,40.07
71687,31077,2025-09-09,1179,Site,43,1,24.62
71688,31077,2025-09-09,1179,Site,65,1,18.44
71689,31078,2025-09-09,975,Site,61,2,22.46
71690,31078,2025-09-09,975,Site,66,1,9.17
71691,31078,2025-09-09,975,Site,9,1,44.19
71692,31078,2025-09-09,975,Site,38,1,32.86
71693,31079,2025-09-09,2204,Boutique,73,1,5.05
71694,31079,2025-09-09,2204,Boutique,50,1,73.03
71695,31079,2025-09-09,2204,Boutique,46,1,33.89
71696,31080,2025-09-09,2165,Site,3,2,78.08
71697,31081,2025-09-09,4302,Boutique,103,1,29.77
71698,31082,2025-09-09,3126,Boutique,82,3,237.63
71699,31082,2025-09-09,3126,Boutique,81,1,16.38
71700,31083,2025-09-09,272,Réseaux,23,1,20.5
71701,31083,2025-09-09,272,Réseaux,42,1,29.77
71702,31083,2025-09-09,272,Réseaux,42,1,29.77
71703,31084,2025-09-09,2094,Site,87,1,121.44
71704,31084,2025-09-09,2094,Site,72,3,8.97
71705,31084,2025-09-09,2094,Site,19,1,30.8
71706,31085,2025-09-09,3088,Site,87,1,121.44
71707,31085,2025-09-09,3088,Site,24,2,69.84
71708,31085,2025-09-09,3088,Site,47,1,34.92
71709,31085,2025-09-09,3088,Site,36,1,68.91
71710,31085,2025-09-09,3088,Site,65,1,18.44
71711,31086,2025-09-09,635,Site,11,1,59.64
71712,31086,2025-09-09,635,Site,32,1,24.62
71713,31086,2025-09-09,635,Site,8,1,35.95
71714,31087,2025-09-09,2113,Réseaux,41,1,29.77
71715,31087,2025-09-09,2113,Réseaux,1,1,44.19
71716,31087,2025-09-09,2113,Réseaux,29,1,57.58
71717,31088,2025-09-09,3856,Site,60,1,31.83
71718,31089,2025-09-09,3750,Réseaux,118,1,12.26
71719,31090,2025-09-09,1339,Boutique,72,3,8.97
71720,31090,2025-09-09,1339,Boutique,43,1,24.62
71721,31091,2025-09-09,161,Boutique,10,1,51.4
71722,31092,2025-09-09,3105,Boutique,42,1,29.77
71723,31093,2025-09-09,3174,Boutique,75,1,7.11
71724,31094,2025-09-09,2672,Site,14,1,41.1
71725,31094,2025-09-09,2672,Site,84,2,45.12
71726,31095,2025-09-09,3802,Site,36,1,68.91
71727,31095,2025-09-09,3802,Site,10,2,102.8
71728,31095,2025-09-09,3802,Site,86,1,157.49
71729,31095,2025-09-09,3802,Site,81,1,16.38
71730,31096,2025-09-09,4693,Site,67,1,2.99
71731,31096,2025-09-09,4693,Site,63,1,4.02
71732,31097,2025-09-09,3226,Boutique,47,2,69.84
71733,31097,2025-09-09,3226,Boutique,100,1,22.56
71734,31097,2025-09-09,3226,Boutique,87,1,121.44
71735,31098,2025-09-09,3655,Site,8,1,35.95
71736,31098,2025-09-09,3655,Site,26,2,129.58
71737,31099,2025-09-09,1450,Site,48,1,28.74
71738,31100,2025-09-09,2975,Site,112,1,25.35
71739,31101,2025-09-09,1967,Site,82,1,79.21
71740,31102,2025-09-09,4257,Réseaux,54,1,56.55
71741,31102,2025-09-09,4257,Réseaux,105,1,17.41
71742,31102,2025-09-09,4257,Réseaux,87,1,121.44
71743,31103,2025-09-09,5702,Site,2,1,40.07
71744,31104,2025-09-09,2799,Site,83,2,152.24
71745,31105,2025-09-09,1015,Boutique,75,1,7.11
71746,31105,2025-09-09,1015,Boutique,62,1,2.99
71747,31105,2025-09-09,1015,Boutique,88,2,43.06
71748,31105,2025-09-09,1015,Boutique,104,1,32.86
71749,31105,2025-09-09,1015,Boutique,24,1,34.92
71750,31106,2025-09-10,608,Site,52,2,100.74
71751,31106,2025-09-10,608,Site,87,1,121.44
71752,31107,2025-09-10,4734,Boutique,67,1,2.99
71753,31108,2025-09-10,1894,Réseaux,85,1,11.23
71754,31108,2025-09-10,1894,Réseaux,63,1,4.02
71755,31108,2025-09-10,1894,Réseaux,29,1,57.58
71756,31108,2025-09-10,1894,Réseaux,20,1,28.74
71757,31108,2025-09-10,1894,Réseaux,74,1,21.53
71758,31108,2025-09-10,1894,Réseaux,67,1,2.99
71759,31109,2025-09-10,2997,Site,67,1,2.84
71760,31109,2025-09-10,2997,Site,86,1,149.62
71761,31110,2025-09-10,2611,Site,1,1,41.98
71762,31111,2025-09-10,1409,Réseaux,93,1,51.4
71763,31111,2025-09-10,1409,Réseaux,93,1,51.4
71764,31111,2025-09-10,1409,Réseaux,78,1,7.11
71765,31111,2025-09-10,1409,Réseaux,50,1,73.03
71766,31112,2025-09-10,5425,Site,43,1,24.62
71767,31112,2025-09-10,5425,Site,101,1,19.47
71768,31113,2025-09-10,3368,Boutique,43,1,24.62
71769,31114,2025-09-10,1277,Site,63,1,4.02
71770,31114,2025-09-10,1277,Site,11,1,59.64
71771,31115,2025-09-10,5237,Site,98,1,93.63
71772,31115,2025-09-10,5237,Site,74,1,21.53
71773,31115,2025-09-10,5237,Site,3,1,39.04
71774,31116,2025-09-10,1820,Boutique,79,1,5.05
71775,31116,2025-09-10,1820,Boutique,43,4,98.48
71776,31117,2025-09-10,3887,Boutique,63,2,8.04
71777,31117,2025-09-10,3887,Boutique,25,1,26.68
71778,31118,2025-09-10,1885,Boutique,44,1,22.56
71779,31119,2025-09-10,3558,Boutique,107,1,15.35
71780,31119,2025-09-10,3558,Boutique,17,1,16.38
71781,31119,2025-09-10,3558,Boutique,101,1,19.47
71782,31119,2025-09-10,3558,Boutique,63,1,4.02
71783,31119,2025-09-10,3558,Boutique,65,1,18.44
71784,31119,2025-09-10,3558,Boutique,49,1,30.8
71785,31120,2025-09-10,981,Boutique,76,1,18.44
71786,31120,2025-09-10,981,Boutique,40,1,77.15
71787,31121,2025-09-10,956,Boutique,9,1,44.19
71788,31121,2025-09-10,956,Boutique,55,1,65.82
71789,31121,2025-09-10,956,Boutique,72,1,2.99
71790,31122,2025-09-19,5818,Site,11,1,59.64
71791,31122,2025-09-19,5818,Site,2,1,40.07
71792,31123,2025-09-10,3879,Site,21,1,13.29
71793,31123,2025-09-10,3879,Site,96,1,12.26
71794,31124,2025-09-10,2703,Boutique,5,1,52.43
71795,31125,2025-09-10,1019,Boutique,88,1,21.53
71796,31125,2025-09-10,1019,Boutique,45,1,66.85
71797,31126,2025-09-10,5183,Boutique,29,1,57.58
71798,31126,2025-09-10,5183,Boutique,48,1,28.74
71799,31126,2025-09-10,5183,Boutique,84,1,22.56
71800,31127,2025-09-10,2007,Site,14,1,41.1
71801,31127,2025-09-10,2007,Site,94,1,39.04
71802,31128,2025-09-10,5440,Site,13,1,55.52
71803,31128,2025-09-10,5440,Site,70,1,14.32
71804,31128,2025-09-10,5440,Site,45,1,66.85
71805,31129,2025-09-10,2444,Boutique,54,1,56.55
71806,31130,2025-09-10,5035,Site,117,1,12.26
71807,31130,2025-09-10,5035,Site,88,1,21.53
71808,31130,2025-09-10,5035,Site,69,2,16.28
71809,31131,2025-09-10,2282,Site,67,1,2.99
71810,31132,2025-09-10,5140,Site,46,2,64.39
71811,31132,2025-09-10,5140,Site,69,2,15.47
71812,31132,2025-09-10,5140,Site,2,1,38.07
71813,31132,2025-09-10,5140,Site,81,1,15.56
71814,31133,2025-09-10,2862,Boutique,66,1,9.17
71815,31133,2025-09-10,2862,Boutique,11,2,119.28
71816,31134,2025-09-10,4919,Boutique,49,1,30.8
71817,31135,2025-09-10,995,Site,43,1,24.62
71818,31135,2025-09-10,995,Site,6,2,88.38
71819,31135,2025-09-10,995,Site,57,1,17.41
71820,31135,2025-09-10,995,Site,33,1,130.71
71821,31135,2025-09-10,995,Site,104,1,32.86
71822,31136,2025-09-10,2458,Site,31,1,22.56
71823,31136,2025-09-10,2458,Site,65,1,18.44
71824,31137,2025-09-10,5609,Réseaux,54,1,56.55
71825,31138,2025-09-11,1699,Site,82,1,79.21
71826,31139,2025-09-11,4235,Boutique,68,1,21.53
71827,31139,2025-09-11,4235,Boutique,77,1,22.56
71828,31140,2025-09-11,2778,Réseaux,108,1,46.25
71829,31141,2025-09-11,3631,Boutique,77,2,45.12
71830,31141,2025-09-11,3631,Boutique,28,1,50.37
71831,31141,2025-09-11,3631,Boutique,35,1,16.38
71832,31141,2025-09-11,3631,Boutique,78,1,7.11
71833,31142,2025-09-11,3950,Site,63,1,4.02
71834,31142,2025-09-11,3950,Site,13,1,55.52
71835,31142,2025-09-11,3950,Site,42,1,29.77
71836,31143,2025-09-11,3824,Site,23,1,20.5
71837,31143,2025-09-11,3824,Site,22,1,52.43
71838,31143,2025-09-11,3824,Site,58,1,36.98
71839,31144,2025-09-11,3096,Site,67,1,2.99
71840,31145,2025-09-11,1730,Boutique,21,1,13.29
71841,31145,2025-09-11,1730,Boutique,67,1,2.99
71842,31145,2025-09-11,1730,Boutique,98,1,93.63
71843,31146,2025-09-11,4008,Réseaux,83,1,76.12
71844,31147,2025-09-11,5006,Site,86,1,157.49
71845,31147,2025-09-11,5006,Site,83,1,76.12
71846,31148,2025-09-11,1570,Boutique,94,1,39.04
71847,31149,2025-09-11,3589,Boutique,1,1,44.19
71848,31149,2025-09-11,3589,Boutique,55,1,65.82
71849,31150,2025-09-11,5543,Boutique,71,1,21.53
71850,31150,2025-09-11,5543,Boutique,4,1,40.07
71851,31151,2025-09-11,2288,Site,54,1,53.72
71852,31152,2025-09-11,5358,Boutique,49,1,30.8
71853,31152,2025-09-11,5358,Boutique,21,1,13.29
71854,31152,2025-09-11,5358,Boutique,16,1,10.2
71855,31153,2025-09-11,1616,Réseaux,45,1,66.85
71856,31154,2025-09-11,843,Réseaux,41,1,29.77
71857,31154,2025-09-11,843,Réseaux,101,1,19.47
71858,31154,2025-09-11,843,Réseaux,46,2,67.78
71859,31155,2025-09-11,1718,Boutique,97,1,8.14
71860,31156,2025-09-11,833,Boutique,42,1,29.77
71861,31157,2025-09-11,253,Site,50,2,146.06
71862,31157,2025-09-11,253,Site,50,1,73.03
71863,31157,2025-09-11,253,Site,81,1,16.38
71864,31158,2025-09-11,1852,Site,93,1,51.4
71865,31158,2025-09-11,1852,Site,1,2,88.38
71866,31158,2025-09-11,1852,Site,52,1,50.37
71867,31158,2025-09-11,1852,Site,82,1,79.21
71868,31158,2025-09-11,1852,Site,68,1,21.53
71869,31159,2025-09-11,3747,Boutique,54,1,56.55
71870,31159,2025-09-11,3747,Boutique,13,1,55.52
71871,31159,2025-09-11,3747,Boutique,81,1,16.38
71872,31159,2025-09-11,3747,Boutique,47,1,34.92
71873,31159,2025-09-11,3747,Boutique,61,2,22.46
71874,31160,2025-09-11,3786,Site,42,1,29.77
71875,31161,2025-09-11,3811,Boutique,83,1,76.12
71876,31161,2025-09-11,3811,Boutique,50,1,73.03
71877,31162,2025-09-11,4574,Boutique,100,1,22.56
71878,31163,2025-09-11,4278,Site,83,1,76.12
71879,31163,2025-09-11,4278,Site,101,2,38.94
71880,31164,2025-09-11,3105,Boutique,26,1,64.79
71881,31164,2025-09-11,3105,Boutique,10,1,51.4
71882,31165,2025-09-11,4836,Site,91,1,89.51
71883,31165,2025-09-11,4836,Site,78,2,14.22
71884,31165,2025-09-11,4836,Site,52,2,100.74
71885,31165,2025-09-11,4836,Site,22,1,52.43
71886,31166,2025-09-11,3281,Site,107,1,14.58
71887,31166,2025-09-11,3281,Site,65,1,17.52
71888,31166,2025-09-11,3281,Site,38,1,31.22
71889,31166,2025-09-11,3281,Site,95,1,23.39
71890,31167,2025-09-11,5237,Réseaux,81,1,16.38
71891,31167,2025-09-11,5237,Réseaux,101,1,19.47
71892,31167,2025-09-11,5237,Réseaux,84,1,22.56
71893,31167,2025-09-11,5237,Réseaux,83,1,76.12
71894,31168,2025-09-11,5702,Réseaux,46,1,33.89
71895,31168,2025-09-11,5702,Réseaux,23,1,20.5
71896,31169,2025-09-11,3717,Site,47,2,66.35
71897,31169,2025-09-11,3717,Site,90,1,70.36
71898,31169,2025-09-11,3717,Site,102,1,19.47
71899,31170,2025-09-12,224,Boutique,1,2,88.38
71900,31170,2025-09-12,224,Boutique,13,1,55.52
71901,31170,2025-09-12,224,Boutique,41,1,29.77
71902,31170,2025-09-12,224,Boutique,86,1,157.49
71903,31171,2025-09-12,5522,Site,68,1,21.53
71904,31171,2025-09-12,5522,Site,94,1,39.04
71905,31171,2025-09-12,5522,Site,41,1,29.77
71906,31171,2025-09-12,5522,Site,89,1,68.91
71907,31172,2025-09-12,5037,Site,90,1,74.06
71908,31173,2025-09-12,865,Boutique,71,1,21.53
71909,31173,2025-09-12,865,Boutique,102,1,20.5
71910,31174,2025-09-12,2172,Boutique,6,1,44.19
71911,31175,2025-09-12,2997,Boutique,41,1,28.28
71912,31175,2025-09-12,2997,Boutique,107,1,14.58
71913,31175,2025-09-12,2997,Boutique,85,3,32.01
71914,31176,2025-09-12,5129,Site,104,2,65.72
71915,31176,2025-09-12,5129,Site,105,1,17.41
71916,31177,2025-09-12,3952,Boutique,26,1,61.55
71917,31177,2025-09-12,3952,Boutique,111,1,9.69
71918,31178,2025-09-12,4487,Boutique,23,1,20.5
71919,31179,2025-09-12,3104,Site,92,1,12.26
71920,31179,2025-09-12,3104,Site,24,1,34.92
71921,31179,2025-09-12,3104,Site,65,1,18.44
71922,31180,2025-09-12,4430,Site,106,1,42.96
71923,31180,2025-09-12,4430,Site,68,2,40.91
71924,31180,2025-09-12,4430,Site,24,1,33.17
71925,31181,2025-09-12,3368,Site,117,1,12.26
71926,31181,2025-09-12,3368,Site,51,1,17.41
71927,31181,2025-09-12,3368,Site,101,1,19.47
71928,31181,2025-09-12,3368,Site,92,2,24.52
71929,31182,2025-09-12,557,Boutique,2,1,40.07
71930,31182,2025-09-12,557,Boutique,74,1,21.53
71931,31182,2025-09-12,557,Boutique,42,2,59.54
71932,31182,2025-09-12,557,Boutique,70,1,14.32
71933,31183,2025-09-12,4850,Site,63,1,4.02
71934,31184,2025-09-12,3629,Site,89,3,196.39
71935,31184,2025-09-12,3629,Site,114,1,18.5
71936,31185,2025-09-12,573,Site,45,1,66.85
71937,31185,2025-09-12,573,Site,95,1,24.62
71938,31185,2025-09-12,573,Site,67,1,2.99
71939,31185,2025-09-12,573,Site,49,1,30.8
71940,31186,2025-09-12,1787,Boutique,9,1,44.19
71941,31186,2025-09-12,1787,Boutique,22,1,52.43
71942,31186,2025-09-12,1787,Boutique,86,1,157.49
71943,31186,2025-09-12,1787,Boutique,87,1,121.44
71944,31186,2025-09-12,1787,Boutique,82,1,79.21
71945,31187,2025-09-12,3189,Boutique,71,1,21.53
71946,31188,2025-09-12,5629,Site,2,1,40.07
71947,31189,2025-09-12,1759,Boutique,63,1,4.02
71948,31190,2025-09-12,1001,Boutique,86,1,157.49
71949,31190,2025-09-12,1001,Boutique,61,1,11.23
71950,31191,2025-09-12,546,Boutique,85,1,11.23
71951,31192,2025-09-12,540,Boutique,33,1,130.71
71952,31193,2025-09-12,5032,Site,90,1,74.06
71953,31193,2025-09-12,5032,Site,87,1,121.44
71954,31194,2025-09-12,573,Boutique,63,1,4.02
71955,31194,2025-09-12,573,Boutique,81,1,16.38
71956,31195,2025-09-12,4035,Boutique,78,2,14.22
71957,31196,2025-09-12,1813,Site,26,1,64.79
71958,31196,2025-09-12,1813,Site,65,1,18.44
71959,31197,2025-09-12,470,Site,83,1,76.12
71960,31197,2025-09-12,470,Site,87,1,121.44
71961,31197,2025-09-12,470,Site,25,1,26.68
71962,31198,2025-09-12,1146,Site,46,1,33.89
71963,31198,2025-09-12,1146,Site,89,1,68.91
71964,31198,2025-09-12,1146,Site,78,1,7.11
71965,31198,2025-09-12,1146,Site,74,1,21.53
71966,31199,2025-09-12,3957,Boutique,38,1,32.86
71967,31199,2025-09-12,3957,Boutique,52,1,50.37
71968,31199,2025-09-12,3957,Boutique,50,1,73.03
71969,31200,2025-09-12,5118,Site,82,1,79.21
71970,31200,2025-09-12,5118,Site,51,1,17.41
71971,31201,2025-09-12,948,Site,66,1,9.17
71972,31201,2025-09-12,948,Site,81,1,16.38
71973,31201,2025-09-12,948,Site,81,1,16.38
71974,31201,2025-09-12,948,Site,118,1,12.26
71975,31201,2025-09-12,948,Site,22,1,52.43
71976,31202,2025-09-12,3952,Boutique,54,1,56.55
71977,31203,2025-09-12,2052,Site,12,2,78.08
71978,31203,2025-09-12,2052,Site,65,1,18.44
71979,31204,2025-09-12,5412,Boutique,82,1,79.21
71980,31204,2025-09-12,5412,Boutique,23,1,20.5
71981,31205,2025-09-12,4870,Site,81,1,16.38
71982,31205,2025-09-12,4870,Site,75,1,7.11
71983,31206,2025-09-12,2557,Réseaux,22,1,52.43
71984,31206,2025-09-12,2557,Réseaux,78,1,7.11
71985,31206,2025-09-12,2557,Réseaux,21,1,13.29
71986,31207,2025-09-12,5539,Site,7,3,52.23
71987,31207,2025-09-12,5539,Site,25,2,53.36
71988,31208,2025-09-12,2769,Site,62,1,2.99
71989,31208,2025-09-12,2769,Site,22,1,52.43
71990,31208,2025-09-12,2769,Site,16,1,10.2
71991,31208,2025-09-12,2769,Site,77,1,22.56
71992,31209,2025-09-12,3192,Site,99,1,63.76
71993,31209,2025-09-12,3192,Site,109,2,57.48
71994,31210,2025-09-12,4209,Boutique,111,1,10.2
71995,31210,2025-09-12,4209,Boutique,20,1,28.74
71996,31211,2025-09-12,970,Réseaux,5,1,52.43
71997,31211,2025-09-12,970,Réseaux,86,1,157.49
71998,31212,2025-09-13,981,Site,23,3,61.5
71999,31212,2025-09-13,981,Site,90,1,74.06
72000,31213,2025-09-13,3936,Site,4,1,40.07
72001,31213,2025-09-13,3936,Site,2,1,40.07
72002,31213,2025-09-13,3936,Site,41,1,29.77
72003,31214,2025-09-13,1330,Boutique,92,1,12.26
72004,31214,2025-09-13,1330,Boutique,43,1,24.62
72005,31214,2025-09-13,1330,Boutique,13,1,55.52
72006,31215,2025-09-13,2041,Site,87,1,121.44
72007,31216,2025-09-13,2166,Boutique,103,1,29.77
72008,31216,2025-09-13,2166,Boutique,14,1,41.1
72009,31217,2025-09-13,4759,Site,38,1,32.86
72010,31218,2025-09-13,1877,Boutique,71,1,21.53
72011,31218,2025-09-13,1877,Boutique,25,1,26.68
72012,31218,2025-09-13,1877,Boutique,54,3,169.65
72013,31219,2025-09-13,4782,Réseaux,10,1,51.4
72014,31220,2025-09-13,2251,Site,62,1,2.99
72015,31220,2025-09-13,2251,Site,41,2,59.54
72016,31221,2025-09-13,5675,Réseaux,3,1,39.04
72017,31221,2025-09-13,5675,Réseaux,22,1,52.43
72018,31222,2025-09-13,543,Boutique,6,1,44.19
72019,31222,2025-09-13,543,Boutique,60,1,31.83
72020,31222,2025-09-13,543,Boutique,25,1,26.68
72021,31223,2025-09-13,3418,Site,97,3,23.2
72022,31224,2025-09-13,5375,Réseaux,104,1,32.86
72023,31224,2025-09-13,5375,Réseaux,93,1,51.4
72024,31224,2025-09-13,5375,Réseaux,90,1,74.06
72025,31225,2025-09-13,1436,Site,11,1,59.64
72026,31225,2025-09-13,1436,Site,31,1,22.56
72027,31225,2025-09-13,1436,Site,25,1,26.68
72028,31225,2025-09-13,1436,Site,32,1,24.62
72029,31226,2025-09-13,654,Site,33,1,130.71
72030,31226,2025-09-13,654,Site,63,1,4.02
72031,31227,2025-09-13,3550,Site,25,1,26.68
72032,31227,2025-09-13,3550,Site,24,1,34.92
72033,31228,2025-09-13,4976,Boutique,112,1,26.68
72034,31228,2025-09-13,4976,Boutique,73,1,5.05
72035,31228,2025-09-13,4976,Boutique,62,1,2.99
72036,31229,2025-09-25,5828,Boutique,66,1,8.25
72037,31230,2025-09-13,2140,Site,104,1,32.86
72038,31230,2025-09-13,2140,Site,61,1,11.23
72039,31231,2025-09-13,4816,Boutique,61,1,11.23
72040,31231,2025-09-13,4816,Boutique,85,1,11.23
72041,31231,2025-09-13,4816,Boutique,29,1,57.58
72042,31232,2025-09-13,397,Site,113,2,20.4
72043,31233,2025-09-13,1824,Boutique,4,1,40.07
72044,31233,2025-09-13,1824,Boutique,33,1,130.71
72045,31234,2025-09-13,869,Site,47,2,69.84
72046,31235,2025-09-13,5082,Boutique,90,2,148.12
72047,31235,2025-09-13,5082,Boutique,7,1,17.41
72048,31236,2025-09-13,2641,Site,34,1,109.08
72049,31236,2025-09-13,2641,Site,85,1,11.23
72050,31237,2025-09-13,79,Boutique,4,1,40.07
72051,31238,2025-09-13,205,Boutique,14,1,41.1
72052,31238,2025-09-13,205,Boutique,16,1,10.2
72053,31238,2025-09-13,205,Boutique,51,1,17.41
72054,31238,2025-09-13,205,Boutique,82,1,79.21
72055,31239,2025-09-13,2283,Boutique,77,1,21.43
72056,31240,2025-09-13,2488,Site,36,1,68.91
72057,31240,2025-09-13,2488,Site,5,2,104.86
72058,31240,2025-09-13,2488,Site,101,1,19.47
72059,31240,2025-09-13,2488,Site,39,1,66.85
72060,31241,2025-09-13,885,Réseaux,95,1,24.62
72061,31242,2025-09-13,251,Boutique,81,3,49.14
72062,31242,2025-09-13,251,Boutique,92,1,12.26
72063,31242,2025-09-13,251,Boutique,108,1,46.25
72064,31242,2025-09-13,251,Boutique,19,1,30.8
72065,31242,2025-09-13,251,Boutique,72,1,2.99
72066,31243,2025-09-13,4780,Boutique,48,1,28.74
72067,31243,2025-09-13,4780,Boutique,98,1,93.63
72068,31243,2025-09-13,4780,Boutique,63,2,8.04
72069,31243,2025-09-13,4780,Boutique,81,1,16.38
72070,31244,2025-09-13,1967,Site,102,1,20.5
72071,31244,2025-09-13,1967,Site,92,1,12.26
72072,31244,2025-09-13,1967,Site,82,1,79.21
72073,31244,2025-09-13,1967,Site,88,1,21.53
72074,31244,2025-09-13,1967,Site,106,1,45.22
72075,31245,2025-09-13,2997,Site,43,1,23.39
72076,31245,2025-09-13,2997,Site,42,1,28.28
72077,31245,2025-09-13,2997,Site,65,1,17.52
72078,31245,2025-09-13,2997,Site,102,1,19.47
72079,31246,2025-09-13,2029,Boutique,43,1,23.39
72080,31246,2025-09-13,2029,Boutique,80,1,18.5
72081,31247,2025-09-13,5345,Boutique,86,1,157.49
72082,31247,2025-09-13,5345,Boutique,17,1,16.38
72083,31247,2025-09-13,5345,Boutique,22,1,52.43
72084,31248,2025-09-13,5107,Site,22,1,52.43
72085,31248,2025-09-13,5107,Site,103,1,29.77
72086,31248,2025-09-13,5107,Site,95,1,24.62
72087,31248,2025-09-13,5107,Site,102,1,20.5
72088,31249,2025-09-13,3747,Boutique,3,1,39.04
72089,31250,2025-09-13,5644,Boutique,22,1,52.43
72090,31251,2025-09-13,5568,Boutique,6,1,44.19
72091,31251,2025-09-13,5568,Boutique,6,3,132.57
72092,31252,2025-09-13,4815,Site,41,1,28.28
72093,31252,2025-09-13,4815,Site,74,1,20.45
72094,31252,2025-09-13,4815,Site,29,2,109.4
72095,31253,2025-09-13,739,Site,66,1,9.17
72096,31253,2025-09-13,739,Site,81,1,16.38
72097,31254,2025-09-13,227,Site,67,1,2.84
72098,31254,2025-09-13,227,Site,21,1,12.63
72099,31255,2025-09-13,4912,Site,25,4,101.38
72100,31255,2025-09-13,4912,Site,47,1,33.17
72101,31255,2025-09-13,4912,Site,81,1,15.56
72102,31255,2025-09-13,4912,Site,64,3,29.07
72103,31255,2025-09-13,4912,Site,82,1,75.25
72104,31256,2025-09-13,3780,Boutique,17,2,32.76
72105,31256,2025-09-13,3780,Boutique,77,1,22.56
72106,31256,2025-09-13,3780,Boutique,23,1,20.5
72107,31257,2025-09-13,4262,Boutique,106,1,45.22
72108,31257,2025-09-13,4262,Boutique,105,1,17.41
72109,31257,2025-09-13,4262,Boutique,9,1,44.19
72110,31258,2025-09-13,4424,Boutique,49,1,30.8
72111,31258,2025-09-13,4424,Boutique,72,3,8.97
72112,31258,2025-09-13,4424,Boutique,63,1,4.02
72113,31259,2025-09-13,4780,Réseaux,87,1,115.37
72114,31260,2025-09-13,5442,Boutique,50,2,146.06
72115,31260,2025-09-13,5442,Boutique,32,2,49.24
72116,31260,2025-09-13,5442,Boutique,63,1,4.02
72117,31260,2025-09-13,5442,Boutique,115,2,102.8
72118,31261,2025-09-13,2872,Boutique,95,1,24.62
72119,31262,2025-09-13,5226,Boutique,87,1,121.44
72120,31262,2025-09-13,5226,Boutique,49,1,30.8
72121,31262,2025-09-13,5226,Boutique,77,1,22.56
72122,31262,2025-09-13,5226,Boutique,27,1,108.05
72123,31263,2025-09-13,1182,Réseaux,9,1,44.19
72124,31263,2025-09-13,1182,Réseaux,61,1,11.23
72125,31263,2025-09-13,1182,Réseaux,81,1,16.38
72126,31263,2025-09-13,1182,Réseaux,42,1,29.77
72127,31264,2025-09-13,4526,Site,111,1,10.2
72128,31264,2025-09-13,4526,Site,65,1,18.44
72129,31265,2025-09-13,4325,Boutique,62,1,2.99
72130,31266,2025-09-13,4078,Site,102,1,20.5
72131,31266,2025-09-13,4078,Site,64,1,10.2
72132,31267,2025-09-13,1096,Site,97,2,16.28
72133,31268,2025-09-13,663,Boutique,19,1,30.8
72134,31268,2025-09-13,663,Boutique,10,1,51.4
72135,31268,2025-09-13,663,Boutique,93,1,51.4
72136,31269,2025-09-13,3987,Boutique,100,1,22.56
72137,31269,2025-09-13,3987,Boutique,81,1,16.38
72138,31269,2025-09-13,3987,Boutique,2,1,40.07
72139,31269,2025-09-13,3987,Boutique,83,1,76.12
72140,31270,2025-09-14,2231,Boutique,18,1,13.29
72141,31270,2025-09-14,2231,Boutique,63,1,4.02
72142,31271,2025-09-14,893,Site,91,1,85.03
72143,31272,2025-09-14,1166,Boutique,54,1,56.55
72144,31273,2025-09-14,5337,Site,91,1,89.51
72145,31274,2025-09-14,1292,Boutique,69,1,8.14
72146,31275,2025-09-14,1862,Site,63,1,4.02
72147,31276,2025-09-14,795,Site,102,2,41.0
72148,31276,2025-09-14,795,Site,64,1,10.2
72149,31277,2025-09-14,2740,Boutique,86,2,314.98
72150,31277,2025-09-14,2740,Boutique,20,3,86.22
72151,31278,2025-09-14,1360,Site,21,1,13.29
72152,31278,2025-09-14,1360,Site,81,1,16.38
72153,31278,2025-09-14,1360,Site,104,1,32.86
72154,31278,2025-09-14,1360,Site,93,1,51.4
72155,31279,2025-09-14,2427,Réseaux,87,2,242.88
72156,31279,2025-09-14,2427,Réseaux,103,1,29.77
72157,31280,2025-09-14,1125,Site,104,1,32.86
72158,31281,2025-09-14,2072,Boutique,98,1,93.63
72159,31281,2025-09-14,2072,Boutique,21,1,13.29
72160,31282,2025-09-14,1718,Site,85,1,11.23
72161,31283,2025-09-14,4698,Réseaux,84,1,22.56
72162,31283,2025-09-14,4698,Réseaux,99,1,63.76
72163,31284,2025-09-14,4236,Boutique,91,1,89.51
72164,31284,2025-09-14,4236,Boutique,85,1,11.23
72165,31285,2025-09-16,5808,Boutique,99,1,57.38
72166,31285,2025-09-16,5808,Boutique,61,1,10.11
72167,31285,2025-09-16,5808,Boutique,45,1,60.16
72168,31286,2025-09-14,3463,Boutique,53,1,20.5
72169,31286,2025-09-14,3463,Boutique,106,1,45.22
72170,31287,2025-09-14,2980,Boutique,87,1,121.44
72171,31287,2025-09-14,2980,Boutique,86,1,157.49
72172,31287,2025-09-14,2980,Boutique,57,1,17.41
72173,31287,2025-09-14,2980,Boutique,66,1,9.17
72174,31288,2025-09-14,3200,Boutique,42,3,89.31
72175,31288,2025-09-14,3200,Boutique,90,1,74.06
72176,31288,2025-09-14,3200,Boutique,100,1,22.56
72177,31288,2025-09-14,3200,Boutique,85,1,11.23
72178,31288,2025-09-14,3200,Boutique,89,1,68.91
72179,31289,2025-09-14,5650,Site,77,1,21.43
72180,31290,2025-09-14,3184,Site,65,1,18.44
72181,31291,2025-09-14,2695,Boutique,39,1,66.85
72182,31291,2025-09-14,2695,Boutique,42,1,29.77
72183,31291,2025-09-14,2695,Boutique,51,1,17.41
72184,31292,2025-09-14,2892,Boutique,82,1,79.21
72185,31293,2025-09-14,5017,Boutique,83,1,76.12
72186,31293,2025-09-14,5017,Boutique,86,1,157.49
72187,31294,2025-09-14,4953,Site,22,1,49.81
72188,31294,2025-09-14,4953,Site,1,1,41.98
72189,31295,2025-09-14,2121,Réseaux,93,1,51.4
72190,31296,2025-09-14,2506,Boutique,49,1,30.8
72191,31296,2025-09-14,2506,Boutique,67,1,2.99
72192,31296,2025-09-14,2506,Boutique,85,1,11.23
72193,31296,2025-09-14,2506,Boutique,92,1,12.26
72194,31297,2025-09-14,4234,Site,81,1,16.38
72195,31297,2025-09-14,4234,Site,85,1,11.23
72196,31297,2025-09-14,4234,Site,18,1,13.29
72197,31298,2025-09-14,2484,Site,20,1,28.74
72198,31298,2025-09-14,2484,Site,102,1,20.5
72199,31299,2025-09-14,5532,Boutique,106,1,45.22
72200,31299,2025-09-14,5532,Boutique,1,1,44.19
72201,31299,2025-09-14,5532,Boutique,112,1,26.68
72202,31300,2025-09-14,2337,Site,82,2,158.42
72203,31300,2025-09-14,2337,Site,63,1,4.02
72204,31300,2025-09-14,2337,Site,65,2,36.88
72205,31300,2025-09-14,2337,Site,44,1,22.56
72206,31301,2025-09-14,2596,Réseaux,25,1,26.68
72207,31301,2025-09-14,2596,Réseaux,103,1,29.77
72208,31301,2025-09-14,2596,Réseaux,85,1,11.23
72209,31301,2025-09-14,2596,Réseaux,25,1,26.68
72210,31302,2025-09-15,2056,Site,80,2,38.94
72211,31303,2025-09-15,4285,Site,41,1,29.77
72212,31304,2025-09-15,93,Site,35,1,16.38
72213,31304,2025-09-15,93,Site,86,1,157.49
72214,31305,2025-09-15,4199,Site,68,1,21.53
72215,31305,2025-09-15,4199,Site,87,1,121.44
72216,31306,2025-09-15,1308,Boutique,114,1,19.47
72217,31306,2025-09-15,1308,Boutique,47,1,34.92
72218,31307,2025-09-15,5110,Site,46,3,101.67
72219,31307,2025-09-15,5110,Site,77,1,22.56
72220,31308,2025-09-15,247,Boutique,1,1,44.19
72221,31309,2025-09-15,5056,Boutique,10,2,102.8
72222,31309,2025-09-15,5056,Boutique,87,1,121.44
72223,31309,2025-09-15,5056,Boutique,63,2,8.04
72224,31310,2025-09-15,5103,Site,83,2,152.24
72225,31311,2025-09-15,762,Boutique,81,1,16.38
72226,31311,2025-09-15,762,Boutique,3,1,39.04
72227,31311,2025-09-15,762,Boutique,64,2,20.4
72228,31312,2025-09-15,2632,Boutique,118,1,12.26
72229,31313,2025-09-15,1472,Boutique,72,1,2.99
72230,31313,2025-09-15,1472,Boutique,65,2,36.88
72231,31313,2025-09-15,1472,Boutique,32,2,49.24
72232,31314,2025-09-15,5759,Site,87,1,109.3
72233,31315,2025-09-15,1765,Boutique,89,1,68.91
72234,31316,2025-09-15,101,Boutique,48,2,57.48
72235,31317,2025-09-15,2913,Site,61,1,11.23
72236,31318,2025-09-15,2987,Site,47,1,34.92
72237,31319,2025-09-15,3542,Site,43,2,49.24
72238,31319,2025-09-15,3542,Site,61,1,11.23
72239,31319,2025-09-15,3542,Site,23,1,20.5
72240,31320,2025-09-15,5115,Réseaux,89,1,65.46
72241,31320,2025-09-15,5115,Réseaux,41,1,28.28
72242,31321,2025-09-15,5753,Boutique,57,1,17.41
72243,31321,2025-09-15,5753,Boutique,58,1,36.98
72244,31322,2025-09-15,1129,Site,46,1,33.89
72245,31322,2025-09-15,1129,Site,46,1,33.89
72246,31322,2025-09-15,1129,Site,108,1,46.25
72247,31322,2025-09-15,1129,Site,90,1,74.06
72248,31323,2025-09-15,4855,Boutique,48,1,28.74
72249,31323,2025-09-15,4855,Boutique,53,1,20.5
72250,31324,2025-09-15,1462,Boutique,59,1,12.26
72251,31324,2025-09-15,1462,Boutique,30,1,52.43
72252,31325,2025-09-15,2747,Réseaux,86,1,157.49
72253,31325,2025-09-15,2747,Réseaux,3,1,39.04
72254,31326,2025-09-15,2255,Site,93,1,48.83
72255,31327,2025-09-15,1037,Site,23,1,20.5
72256,31327,2025-09-15,1037,Site,27,1,108.05
72257,31328,2025-09-15,75,Site,83,2,144.63
72258,31328,2025-09-15,75,Site,5,1,49.81
72259,31328,2025-09-15,75,Site,23,1,19.47
72260,31328,2025-09-15,75,Site,23,1,19.47
72261,31328,2025-09-15,75,Site,88,1,20.45
72262,31328,2025-09-15,75,Site,91,1,85.03
72263,31329,2025-09-15,1546,Boutique,82,1,79.21
72264,31329,2025-09-15,1546,Boutique,61,1,11.23
72265,31329,2025-09-15,1546,Boutique,26,2,129.58
72266,31330,2025-09-16,5414,Réseaux,63,1,4.02
72267,31330,2025-09-16,5414,Réseaux,86,1,157.49
72268,31331,2025-09-16,5353,Site,118,1,12.26
72269,31331,2025-09-16,5353,Site,91,1,89.51
72270,31332,2025-09-16,929,Réseaux,11,1,56.66
72271,31332,2025-09-16,929,Réseaux,34,1,103.63
72272,31333,2025-09-16,4391,Site,59,2,24.52
72273,31334,2025-09-16,2013,Boutique,87,1,121.44
72274,31334,2025-09-16,2013,Boutique,108,1,46.25
72275,31335,2025-09-16,873,Site,102,1,20.5
72276,31335,2025-09-16,873,Site,22,1,52.43
72277,31335,2025-09-16,873,Site,8,1,35.95
72278,31335,2025-09-16,873,Site,43,1,24.62
72279,31336,2025-09-16,3761,Boutique,101,1,19.47
72280,31336,2025-09-16,3761,Boutique,55,1,65.82
72281,31337,2025-09-16,2140,Site,15,1,11.65
72282,31337,2025-09-16,2140,Site,52,1,47.85
72283,31337,2025-09-16,2140,Site,44,1,21.43
72284,31338,2025-09-16,691,Site,64,1,10.2
72285,31338,2025-09-16,691,Site,49,1,30.8
72286,31338,2025-09-16,691,Site,81,1,16.38
72287,31339,2025-09-16,4506,Site,24,1,34.92
72288,31340,2025-09-16,4782,Site,44,1,22.56
72289,31340,2025-09-16,4782,Site,72,1,2.99
72290,31340,2025-09-16,4782,Site,2,1,40.07
72291,31341,2025-09-16,823,Site,21,1,13.29
72292,31341,2025-09-16,823,Site,22,1,52.43
72293,31342,2025-09-16,573,Réseaux,48,1,28.74
72294,31342,2025-09-16,573,Réseaux,70,1,14.32
72295,31342,2025-09-16,573,Réseaux,64,1,10.2
72296,31342,2025-09-16,573,Réseaux,2,1,40.07
72297,31343,2025-09-16,1615,Site,102,1,20.5
72298,31343,2025-09-16,1615,Site,94,1,39.04
72299,31343,2025-09-16,1615,Site,119,1,58.61
72300,31343,2025-09-16,1615,Site,94,1,39.04
72301,31344,2025-09-16,1924,Boutique,65,1,18.44
72302,31344,2025-09-16,1924,Boutique,3,2,78.08
72303,31344,2025-09-16,1924,Boutique,49,1,30.8
72304,31345,2025-09-16,5153,Boutique,99,3,191.28
72305,31345,2025-09-16,5153,Boutique,12,1,39.04
72306,31346,2025-09-16,5772,Site,82,2,142.58
72307,31346,2025-09-16,5772,Site,99,1,57.38
72308,31346,2025-09-16,5772,Site,44,2,40.61
72309,31347,2025-09-16,349,Site,102,1,19.47
72310,31347,2025-09-16,349,Site,94,1,37.09
72311,31347,2025-09-16,349,Site,65,1,17.52
72312,31348,2025-09-16,2253,Réseaux,6,1,41.98
72313,31349,2025-09-16,5139,Boutique,21,1,13.29
72314,31350,2025-09-16,3507,Réseaux,12,1,39.04
72315,31351,2025-09-16,3523,Site,78,3,21.33
72316,31351,2025-09-16,3523,Site,86,1,157.49
72317,31352,2025-09-16,27,Site,23,2,41.0
72318,31352,2025-09-16,27,Site,38,1,32.86
72319,31353,2025-09-16,5254,Site,29,1,57.58
72320,31354,2025-09-16,4692,Boutique,39,3,200.55
72321,31354,2025-09-16,4692,Boutique,21,1,13.29
72322,31355,2025-09-16,1569,Site,84,1,22.56
72323,31356,2025-09-16,1958,Réseaux,61,3,33.69
72324,31356,2025-09-16,1958,Réseaux,101,1,19.47
72325,31357,2025-09-16,5467,Site,61,1,11.23
72326,31357,2025-09-16,5467,Site,69,1,8.14
72327,31358,2025-09-16,3802,Site,27,1,108.05
72328,31359,2025-09-16,2622,Boutique,67,2,5.98
72329,31360,2025-09-17,4615,Réseaux,4,1,40.07
72330,31360,2025-09-17,4615,Réseaux,71,1,21.53
72331,31360,2025-09-17,4615,Réseaux,100,1,22.56
72332,31360,2025-09-17,4615,Réseaux,102,1,20.5
72333,31361,2025-09-17,2774,Site,111,1,9.69
72334,31361,2025-09-17,2774,Site,34,1,103.63
72335,31362,2025-09-17,993,Site,117,3,36.78
72336,31362,2025-09-17,993,Site,86,1,157.49
72337,31363,2025-09-17,1179,Boutique,24,3,104.76
72338,31363,2025-09-17,1179,Boutique,43,1,24.62
72339,31364,2025-09-17,722,Site,64,1,10.2
72340,31365,2025-09-17,3001,Site,8,1,35.95
72341,31366,2025-09-17,5207,Site,105,1,17.41
72342,31367,2025-09-17,1267,Boutique,18,3,39.87
72343,31368,2025-09-17,4323,Boutique,33,1,130.71
72344,31368,2025-09-17,4323,Boutique,107,2,30.7
72345,31369,2025-09-17,220,Boutique,92,1,12.26
72346,31369,2025-09-17,220,Boutique,72,1,2.99
72347,31370,2025-09-17,1198,Site,101,1,19.47
72348,31370,2025-09-17,1198,Site,105,1,17.41
72349,31371,2025-09-17,5464,Boutique,48,1,27.3
72350,31372,2025-09-17,223,Site,72,1,2.84
72351,31372,2025-09-17,223,Site,84,1,21.43
72352,31372,2025-09-17,223,Site,28,1,47.85
72353,31372,2025-09-17,223,Site,64,1,9.69
72354,31373,2025-09-17,4409,Site,68,1,21.53
72355,31374,2025-09-17,1304,Site,26,1,64.79
72356,31374,2025-09-17,1304,Site,68,1,21.53
72357,31374,2025-09-17,1304,Site,90,1,74.06
72358,31374,2025-09-17,1304,Site,101,1,19.47
72359,31374,2025-09-17,1304,Site,15,1,12.26
72360,31375,2025-09-17,5218,Site,119,1,58.61
72361,31376,2025-09-17,51,Réseaux,109,2,57.48
72362,31376,2025-09-17,51,Réseaux,92,1,12.26
72363,31377,2025-09-17,1616,Site,92,1,12.26
72364,31378,2025-09-17,835,Boutique,78,1,7.11
72365,31378,2025-09-17,835,Boutique,103,1,29.77
72366,31379,2025-09-17,4801,Boutique,113,1,10.2
72367,31379,2025-09-17,4801,Boutique,73,1,5.05
72368,31379,2025-09-17,4801,Boutique,59,1,12.26
72369,31380,2025-09-17,1395,Site,63,2,8.04
72370,31381,2025-09-17,1499,Réseaux,88,1,21.53
72371,31381,2025-09-17,1499,Réseaux,84,1,22.56
72372,31382,2025-09-17,4288,Boutique,88,1,21.53
72373,31382,2025-09-17,4288,Boutique,81,1,16.38
72374,31383,2025-09-17,2753,Réseaux,61,1,11.23
72375,31384,2025-09-17,4781,Site,83,1,76.12
72376,31384,2025-09-17,4781,Site,68,2,43.06
72377,31385,2025-09-17,3630,Boutique,31,1,22.56
72378,31385,2025-09-17,3630,Boutique,46,1,33.89
72379,31386,2025-09-17,4460,Boutique,104,2,65.72
72380,31387,2025-09-17,2327,Boutique,21,1,13.29
72381,31387,2025-09-17,2327,Boutique,83,2,152.24
72382,31388,2025-09-17,4898,Site,74,2,43.06
72383,31389,2025-09-17,1546,Boutique,89,1,68.91
72384,31389,2025-09-17,1546,Boutique,26,1,64.79
72385,31390,2025-09-17,220,Réseaux,90,1,70.36
72386,31390,2025-09-17,220,Réseaux,6,1,41.98
72387,31390,2025-09-17,220,Réseaux,55,1,62.53
72388,31391,2025-09-17,1909,Boutique,22,1,52.43
72389,31391,2025-09-17,1909,Boutique,1,4,176.76
72390,31392,2025-09-17,1613,Site,5,1,52.43
72391,31392,2025-09-17,1613,Site,59,2,24.52
72392,31392,2025-09-17,1613,Site,31,1,22.56
72393,31392,2025-09-17,1613,Site,22,1,52.43
72394,31392,2025-09-17,1613,Site,25,1,26.68
72395,31393,2025-09-17,1706,Site,9,1,44.19
72396,31394,2025-09-17,1630,Boutique,50,1,73.03
72397,31394,2025-09-17,1630,Boutique,110,1,26.68
72398,31395,2025-09-17,5702,Site,21,1,13.29
72399,31395,2025-09-17,5702,Site,63,1,4.02
72400,31395,2025-09-17,5702,Site,15,1,12.26
72401,31395,2025-09-17,5702,Site,101,1,19.47
72402,31396,2025-09-17,4804,Boutique,25,1,26.68
72403,31396,2025-09-17,4804,Boutique,63,1,4.02
72404,31397,2025-09-18,3376,Boutique,60,1,31.83
72405,31397,2025-09-18,3376,Boutique,82,1,79.21
72406,31398,2025-09-18,3160,Site,61,1,11.23
72407,31398,2025-09-18,3160,Site,82,1,79.21
72408,31399,2025-09-18,5650,Boutique,81,1,16.38
72409,31399,2025-09-18,5650,Boutique,66,1,9.17
72410,31399,2025-09-18,5650,Boutique,94,1,39.04
72411,31400,2025-09-18,830,Site,26,1,64.79
72412,31401,2025-09-18,5626,Site,90,1,74.06
72413,31401,2025-09-18,5626,Site,11,4,238.56
72414,31401,2025-09-18,5626,Site,103,2,59.54
72415,31402,2025-09-18,5212,Site,107,1,14.58
72416,31402,2025-09-18,5212,Site,20,1,27.3
72417,31403,2025-09-18,1475,Boutique,63,1,4.02
72418,31403,2025-09-18,1475,Boutique,43,1,24.62
72419,31403,2025-09-18,1475,Boutique,60,1,31.83
72420,31403,2025-09-18,1475,Boutique,101,1,19.47
72421,31404,2025-09-18,3665,Boutique,34,2,218.16
72422,31404,2025-09-18,3665,Boutique,32,1,24.62
72423,31404,2025-09-18,3665,Boutique,42,1,29.77
72424,31405,2025-09-18,3559,Site,5,1,52.43
72425,31405,2025-09-18,3559,Site,61,1,11.23
72426,31405,2025-09-18,3559,Site,81,1,16.38
72427,31406,2025-09-18,3523,Réseaux,27,1,108.05
72428,31406,2025-09-18,3523,Réseaux,82,1,79.21
72429,31406,2025-09-18,3523,Réseaux,4,1,40.07
72430,31406,2025-09-18,3523,Réseaux,87,3,364.32
72431,31407,2025-09-18,3646,Site,22,1,52.43
72432,31408,2025-09-18,533,Boutique,16,1,10.2
72433,31408,2025-09-18,533,Boutique,87,1,121.44
72434,31408,2025-09-18,533,Boutique,31,1,22.56
72435,31409,2025-09-18,5436,Site,17,2,32.76
72436,31409,2025-09-18,5436,Site,11,1,59.64
72437,31410,2025-09-18,1996,Site,75,1,7.11
72438,31411,2025-09-18,4145,Boutique,84,2,45.12
72439,31411,2025-09-18,4145,Boutique,31,1,22.56
72440,31412,2025-09-18,5100,Site,118,1,12.26
72441,31412,2025-09-18,5100,Site,25,1,26.68
72442,31413,2025-09-18,2679,Site,81,1,16.38
72443,31413,2025-09-18,2679,Site,48,1,28.74
72444,31413,2025-09-18,2679,Site,112,1,26.68
72445,31413,2025-09-18,2679,Site,105,1,17.41
72446,31414,2025-09-18,2321,Boutique,83,1,76.12
72447,31414,2025-09-18,2321,Boutique,108,1,46.25
72448,31415,2025-09-18,1637,Réseaux,92,1,12.26
72449,31415,2025-09-18,1637,Réseaux,44,1,22.56
72450,31416,2025-09-18,1764,Site,103,1,28.28
72451,31416,2025-09-18,1764,Site,105,1,16.54
72452,31417,2025-09-18,3503,Boutique,18,1,12.63
72453,31417,2025-09-18,3503,Boutique,110,3,76.04
72454,31417,2025-09-18,3503,Boutique,46,1,32.2
72455,31417,2025-09-18,3503,Boutique,70,1,13.6
72456,31417,2025-09-18,3503,Boutique,108,2,87.88
72457,31417,2025-09-18,3503,Boutique,111,1,9.69
72458,31418,2025-09-18,3181,Site,49,1,30.8
72459,31418,2025-09-18,3181,Site,20,1,28.74
72460,31419,2025-09-18,4251,Réseaux,9,3,132.57
72461,31419,2025-09-18,4251,Réseaux,25,1,26.68
72462,31420,2025-09-18,1325,Boutique,45,1,66.85
72463,31420,2025-09-18,1325,Boutique,46,1,33.89
72464,31420,2025-09-18,1325,Boutique,63,1,4.02
72465,31421,2025-09-18,3802,Site,105,1,17.41
72466,31421,2025-09-18,3802,Site,89,2,137.82
72467,31422,2025-09-18,3303,Site,10,1,51.4
72468,31422,2025-09-18,3303,Site,63,2,8.04
72469,31422,2025-09-18,3303,Site,48,2,57.48
72470,31422,2025-09-18,3303,Site,102,1,20.5
72471,31423,2025-09-18,821,Boutique,31,1,22.56
72472,31424,2025-09-18,1035,Réseaux,10,1,48.83
72473,31424,2025-09-18,1035,Réseaux,90,1,70.36
72474,31425,2025-09-18,135,Boutique,82,1,79.21
72475,31425,2025-09-18,135,Boutique,32,1,24.62
72476,31426,2025-09-18,1737,Site,101,1,19.47
72477,31426,2025-09-18,1737,Site,31,3,67.68
72478,31426,2025-09-18,1737,Site,70,1,14.32
72479,31426,2025-09-18,1737,Site,59,1,12.26
72480,31426,2025-09-18,1737,Site,74,1,21.53
72481,31427,2025-09-18,5590,Site,61,2,22.46
72482,31427,2025-09-18,5590,Site,64,1,10.2
72483,31427,2025-09-18,5590,Site,68,1,21.53
72484,31427,2025-09-18,5590,Site,21,1,13.29
72485,31428,2025-09-18,835,Site,55,1,65.82
72486,31428,2025-09-18,835,Site,84,1,22.56
72487,31428,2025-09-18,835,Site,84,1,22.56
72488,31429,2025-09-18,5497,Site,58,1,36.98
72489,31429,2025-09-18,5497,Site,86,2,314.98
72490,31430,2025-09-18,469,Boutique,86,1,157.49
72491,31430,2025-09-18,469,Boutique,74,1,21.53
72492,31431,2025-09-18,5242,Site,114,1,19.47
72493,31431,2025-09-18,5242,Site,98,2,187.26
72494,31431,2025-09-18,5242,Site,64,1,10.2
72495,31432,2025-09-18,5568,Site,104,1,32.86
72496,31432,2025-09-18,5568,Site,67,1,2.99
72497,31432,2025-09-18,5568,Site,92,4,49.04
72498,31433,2025-09-18,3636,Boutique,101,1,19.47
72499,31433,2025-09-18,3636,Boutique,44,1,22.56
72500,31433,2025-09-18,3636,Boutique,103,1,29.77
72501,31433,2025-09-18,3636,Boutique,55,1,65.82
72502,31434,2025-09-18,3832,Site,83,1,76.12
72503,31434,2025-09-18,3832,Site,89,1,68.91
72504,31434,2025-09-18,3832,Site,18,1,13.29
72505,31435,2025-09-19,4837,Boutique,15,1,11.65
72506,31435,2025-09-19,4837,Boutique,37,3,108.33
72507,31436,2025-09-19,5605,Réseaux,68,1,21.53
72508,31436,2025-09-19,5605,Réseaux,29,1,57.58
72509,31437,2025-09-19,1147,Boutique,108,1,46.25
72510,31437,2025-09-19,1147,Boutique,76,1,18.44
72511,31438,2025-09-19,3233,Site,1,1,44.19
72512,31439,2025-09-19,5060,Boutique,26,1,61.55
72513,31439,2025-09-19,5060,Boutique,110,1,25.35
72514,31440,2025-09-19,5609,Boutique,81,1,16.38
72515,31441,2025-09-19,5191,Site,94,1,39.04
72516,31441,2025-09-19,5191,Site,9,2,88.38
72517,31442,2025-09-19,1222,Boutique,24,2,69.84
72518,31442,2025-09-19,1222,Boutique,113,1,10.2
72519,31443,2025-09-19,5607,Réseaux,70,1,14.32
72520,31443,2025-09-19,5607,Réseaux,90,1,74.06
72521,31443,2025-09-19,5607,Réseaux,42,4,119.08
72522,31443,2025-09-19,5607,Réseaux,21,4,53.16
72523,31444,2025-09-19,1718,Site,67,2,5.98
72524,31444,2025-09-19,1718,Site,51,1,17.41
72525,31445,2025-09-19,4608,Site,89,1,68.91
72526,31446,2025-09-19,5030,Site,46,2,67.78
72527,31446,2025-09-19,5030,Site,77,1,22.56
72528,31447,2025-09-19,5301,Site,68,1,21.53
72529,31448,2025-09-19,2226,Site,92,1,12.26
72530,31448,2025-09-19,2226,Site,42,1,29.77
72531,31448,2025-09-19,2226,Site,62,1,2.99
72532,31448,2025-09-19,2226,Site,84,1,22.56
72533,31448,2025-09-19,2226,Site,25,1,26.68
72534,31449,2025-09-19,3296,Site,57,1,17.41
72535,31450,2025-09-19,460,Site,78,1,6.75
72536,31450,2025-09-19,460,Site,75,1,6.75
72537,31451,2025-09-19,4970,Boutique,14,1,41.1
72538,31451,2025-09-19,4970,Boutique,95,1,24.62
72539,31451,2025-09-19,4970,Boutique,28,1,50.37
72540,31452,2025-09-19,3141,Boutique,61,1,11.23
72541,31452,2025-09-19,3141,Boutique,90,1,74.06
72542,31452,2025-09-19,3141,Boutique,27,1,108.05
72543,31452,2025-09-19,3141,Boutique,7,1,17.41
72544,31453,2025-09-19,5216,Boutique,27,1,108.05
72545,31454,2025-09-19,4931,Site,101,1,19.47
72546,31454,2025-09-19,4931,Site,48,1,28.74
72547,31454,2025-09-19,4931,Site,85,1,11.23
72548,31455,2025-09-19,2861,Boutique,61,1,11.23
72549,31455,2025-09-19,2861,Boutique,9,1,44.19
72550,31456,2025-09-19,4656,Site,52,1,50.37
72551,31456,2025-09-19,4656,Site,23,1,20.5
72552,31456,2025-09-19,4656,Site,1,1,44.19
72553,31456,2025-09-19,4656,Site,65,1,18.44
72554,31457,2025-09-19,5321,Site,62,1,2.99
72555,31457,2025-09-19,5321,Site,88,2,43.06
72556,31457,2025-09-19,5321,Site,14,1,41.1
72557,31457,2025-09-19,5321,Site,52,3,151.11
72558,31458,2025-09-19,648,Site,77,2,45.12
72559,31459,2025-09-19,2206,Réseaux,88,1,21.53
72560,31459,2025-09-19,2206,Réseaux,9,1,44.19
72561,31459,2025-09-19,2206,Réseaux,104,1,32.86
72562,31460,2025-09-19,4271,Réseaux,73,1,5.05
72563,31461,2025-09-19,3838,Boutique,5,1,52.43
72564,31462,2025-09-19,3260,Site,62,1,2.99
72565,31462,2025-09-19,3260,Site,29,1,57.58
72566,31463,2025-09-19,5371,Boutique,87,1,121.44
72567,31463,2025-09-19,5371,Boutique,85,1,11.23
72568,31463,2025-09-19,5371,Boutique,35,1,16.38
72569,31463,2025-09-19,5371,Boutique,16,1,10.2
72570,31464,2025-09-19,4095,Boutique,97,1,8.14
72571,31464,2025-09-19,4095,Boutique,88,1,21.53
72572,31465,2025-09-19,4424,Boutique,67,1,2.99
72573,31465,2025-09-19,4424,Boutique,82,1,79.21
72574,31465,2025-09-19,4424,Boutique,82,1,79.21
72575,31466,2025-09-19,4204,Site,36,1,68.91
72576,31466,2025-09-19,4204,Site,92,2,24.52
72577,31466,2025-09-19,4204,Site,87,1,121.44
72578,31466,2025-09-19,4204,Site,92,1,12.26
72579,31467,2025-09-19,5048,Site,68,1,21.53
72580,31467,2025-09-19,5048,Site,46,3,101.67
72581,31467,2025-09-19,5048,Site,13,1,55.52
72582,31467,2025-09-19,5048,Site,55,1,65.82
72583,31468,2025-09-19,699,Site,26,2,129.58
72584,31468,2025-09-19,699,Site,26,1,64.79
72585,31469,2025-09-20,4425,Boutique,1,1,44.19
72586,31470,2025-09-20,2389,Site,49,1,30.8
72587,31470,2025-09-20,2389,Site,81,1,16.38
72588,31471,2025-09-20,1213,Site,25,1,26.68
72589,31471,2025-09-20,1213,Site,13,2,111.04
72590,31471,2025-09-20,1213,Site,52,1,50.37
72591,31472,2025-09-20,3490,Site,96,1,12.26
72592,31472,2025-09-20,3490,Site,87,1,121.44
72593,31473,2025-09-20,2997,Réseaux,50,2,146.06
72594,31473,2025-09-20,2997,Réseaux,92,1,12.26
72595,31473,2025-09-20,2997,Réseaux,104,1,32.86
72596,31473,2025-09-20,2997,Réseaux,103,1,29.77
72597,31474,2025-09-20,2931,Site,48,1,28.74
72598,31474,2025-09-20,2931,Site,26,1,64.79
72599,31475,2025-09-20,1772,Site,8,1,35.95
72600,31476,2025-09-20,4416,Site,90,1,74.06
72601,31476,2025-09-20,4416,Site,91,1,89.51
72602,31476,2025-09-20,4416,Site,64,1,10.2
72603,31477,2025-09-20,1292,Boutique,44,2,42.86
72604,31477,2025-09-20,1292,Boutique,19,1,29.26
72605,31477,2025-09-20,1292,Boutique,23,4,77.9
72606,31477,2025-09-20,1292,Boutique,25,1,25.35
72607,31477,2025-09-20,1292,Boutique,87,1,115.37
72608,31477,2025-09-20,1292,Boutique,21,1,12.63
72609,31478,2025-09-20,4604,Site,38,1,32.86
72610,31479,2025-09-20,482,Boutique,61,1,11.23
72611,31480,2025-09-20,3974,Boutique,49,2,61.6
72612,31480,2025-09-20,3974,Boutique,53,1,20.5
72613,31480,2025-09-20,3974,Boutique,22,1,52.43
72614,31480,2025-09-20,3974,Boutique,72,2,5.98
72615,31481,2025-09-20,3761,Boutique,8,1,35.95
72616,31481,2025-09-20,3761,Boutique,77,1,22.56
72617,31482,2025-09-20,3009,Boutique,29,1,57.58
72618,31482,2025-09-20,3009,Boutique,37,1,38.01
72619,31483,2025-09-20,1457,Boutique,27,1,108.05
72620,31483,2025-09-20,1457,Boutique,50,1,73.03
72621,31483,2025-09-20,1457,Boutique,7,1,17.41
72622,31484,2025-09-20,5460,Boutique,83,1,76.12
72623,31484,2025-09-20,5460,Boutique,103,1,29.77
72624,31484,2025-09-20,5460,Boutique,43,1,24.62
72625,31485,2025-09-20,2455,Boutique,110,1,25.35
72626,31485,2025-09-20,2455,Boutique,82,1,75.25
72627,31486,2025-09-20,2538,Boutique,15,1,12.26
72628,31486,2025-09-20,2538,Boutique,45,1,66.85
72629,31487,2025-09-20,5231,Site,53,1,20.5
72630,31487,2025-09-20,5231,Site,102,2,41.0
72631,31488,2025-09-20,1680,Boutique,85,1,11.23
72632,31488,2025-09-20,1680,Boutique,107,1,15.35
72633,31489,2025-09-20,5160,Site,97,1,8.14
72634,31489,2025-09-20,5160,Site,98,1,93.63
72635,31490,2025-09-20,3983,Réseaux,26,1,64.79
72636,31490,2025-09-20,3983,Réseaux,53,3,61.5
72637,31491,2025-09-20,1572,Boutique,56,2,199.62
72638,31491,2025-09-20,1572,Boutique,95,1,24.62
72639,31491,2025-09-20,1572,Boutique,64,1,10.2
72640,31491,2025-09-20,1572,Boutique,29,1,57.58
72641,31492,2025-09-20,1193,Site,85,1,11.23
72642,31493,2025-09-20,2802,Boutique,41,1,29.77
72643,31493,2025-09-20,2802,Boutique,101,1,19.47
72644,31494,2025-09-20,739,Boutique,12,1,39.04
72645,31494,2025-09-20,739,Boutique,44,1,22.56
72646,31495,2025-09-20,2840,Site,2,1,40.07
72647,31495,2025-09-20,2840,Site,26,1,64.79
72648,31495,2025-09-20,2840,Site,29,1,57.58
72649,31496,2025-09-20,5287,Boutique,64,1,10.2
72650,31496,2025-09-20,5287,Boutique,85,1,11.23
72651,31496,2025-09-20,5287,Boutique,75,3,21.33
72652,31497,2025-09-20,5709,Site,68,1,21.53
72653,31497,2025-09-20,5709,Site,82,1,79.21
72654,31497,2025-09-20,5709,Site,72,1,2.99
72655,31498,2025-09-20,3484,Site,43,1,23.39
72656,31498,2025-09-20,3484,Site,82,2,150.5
72657,31498,2025-09-20,3484,Site,105,1,16.54
72658,31499,2025-09-20,3835,Site,22,1,52.43
72659,31499,2025-09-20,3835,Site,52,1,50.37
72660,31499,2025-09-20,3835,Site,77,1,22.56
72661,31500,2025-09-20,4175,Boutique,3,1,39.04
72662,31500,2025-09-20,4175,Boutique,1,1,44.19
72663,31500,2025-09-20,4175,Boutique,52,1,50.37
72664,31500,2025-09-20,4175,Boutique,21,1,13.29
72665,31501,2025-09-20,2495,Site,72,2,5.98
72666,31501,2025-09-20,2495,Site,26,1,64.79
72667,31502,2025-09-20,2614,Boutique,61,1,11.23
72668,31502,2025-09-20,2614,Boutique,25,1,26.68
72669,31502,2025-09-20,2614,Boutique,42,1,29.77
72670,31503,2025-09-20,1125,Boutique,82,1,79.21
72671,31503,2025-09-20,1125,Boutique,42,2,59.54
72672,31503,2025-09-20,1125,Boutique,64,1,10.2
72673,31504,2025-09-20,1518,Boutique,27,1,108.05
72674,31505,2025-09-20,4114,Réseaux,36,1,68.91
72675,31505,2025-09-20,4114,Réseaux,75,1,7.11
72676,31505,2025-09-20,4114,Réseaux,81,1,16.38
72677,31505,2025-09-20,4114,Réseaux,31,1,22.56
72678,31506,2025-09-20,1042,Boutique,31,1,22.56
72679,31507,2025-09-20,1645,Site,90,1,74.06
72680,31507,2025-09-20,1645,Site,73,1,5.05
72681,31508,2025-09-20,1898,Boutique,84,1,22.56
72682,31508,2025-09-20,1898,Boutique,113,1,10.2
72683,31508,2025-09-20,1898,Boutique,90,1,74.06
72684,31509,2025-09-20,254,Site,82,1,79.21
72685,31509,2025-09-20,254,Site,95,1,24.62
72686,31510,2025-09-20,1348,Boutique,35,1,16.38
72687,31511,2025-09-20,5455,Boutique,64,1,10.2
72688,31511,2025-09-20,5455,Boutique,38,1,32.86
72689,31511,2025-09-20,5455,Boutique,63,1,4.02
72690,31511,2025-09-20,5455,Boutique,41,1,29.77
72691,31512,2025-09-20,920,Site,85,1,11.23
72692,31513,2025-09-20,1542,Réseaux,10,1,48.83
72693,31513,2025-09-20,1542,Réseaux,47,1,33.17
72694,31514,2025-09-20,2339,Réseaux,39,1,63.51
72695,31514,2025-09-20,2339,Réseaux,22,1,49.81
72696,31515,2025-09-20,1742,Site,61,1,10.67
72697,31515,2025-09-20,1742,Site,96,1,11.65
72698,31515,2025-09-20,1742,Site,95,1,23.39
72699,31516,2025-09-20,3344,Boutique,50,1,73.03
72700,31517,2025-09-20,5287,Boutique,63,1,4.02
72701,31517,2025-09-20,5287,Boutique,66,1,9.17
72702,31517,2025-09-20,5287,Boutique,36,1,68.91
72703,31518,2025-09-20,3387,Boutique,81,1,16.38
72704,31518,2025-09-20,3387,Boutique,40,1,77.15
72705,31519,2025-09-20,5447,Site,90,2,140.71
72706,31519,2025-09-20,5447,Site,118,1,11.65
72707,31520,2025-09-20,3407,Site,62,2,5.98
72708,31520,2025-09-20,3407,Site,10,1,51.4
72709,31520,2025-09-20,3407,Site,81,1,16.38
72710,31521,2025-09-20,4579,Boutique,66,1,9.17
72711,31521,2025-09-20,4579,Boutique,99,1,63.76
72712,31522,2025-09-20,5153,Boutique,19,1,30.8
72713,31522,2025-09-20,5153,Boutique,58,1,36.98
72714,31523,2025-09-20,1236,Boutique,63,1,4.02
72715,31523,2025-09-20,1236,Boutique,84,1,22.56
72716,31524,2025-09-21,1277,Boutique,83,1,76.12
72717,31525,2025-09-21,3794,Boutique,45,1,66.85
72718,31525,2025-09-21,3794,Boutique,6,1,44.19
72719,31525,2025-09-21,3794,Boutique,36,2,137.82
72720,31526,2025-09-21,1460,Boutique,90,2,148.12
72721,31526,2025-09-21,1460,Boutique,64,1,10.2
72722,31526,2025-09-21,1460,Boutique,64,1,10.2
72723,31527,2025-09-21,5253,Boutique,41,1,29.77
72724,31527,2025-09-21,5253,Boutique,84,2,45.12
72725,31527,2025-09-21,5253,Boutique,82,1,79.21
72726,31528,2025-09-21,3269,Boutique,61,1,11.23
72727,31528,2025-09-21,3269,Boutique,99,1,63.76
72728,31528,2025-09-21,3269,Boutique,16,1,10.2
72729,31528,2025-09-21,3269,Boutique,90,1,74.06
72730,31529,2025-09-21,3141,Boutique,48,1,28.74
72731,31529,2025-09-21,3141,Boutique,95,1,24.62
72732,31529,2025-09-21,3141,Boutique,4,1,40.07
72733,31530,2025-09-21,2546,Boutique,27,1,108.05
72734,31530,2025-09-21,2546,Boutique,9,1,44.19
72735,31531,2025-09-21,4475,Site,3,2,78.08
72736,31531,2025-09-21,4475,Site,59,1,12.26
72737,31531,2025-09-21,4475,Site,85,1,11.23
72738,31531,2025-09-21,4475,Site,23,1,20.5
72739,31532,2025-09-21,1515,Boutique,22,1,52.43
72740,31533,2025-09-21,5319,Site,63,1,4.02
72741,31533,2025-09-21,5319,Site,55,2,131.64
72742,31533,2025-09-21,5319,Site,94,1,39.04
72743,31533,2025-09-21,5319,Site,86,1,157.49
72744,31534,2025-09-21,3882,Boutique,81,1,16.38
72745,31534,2025-09-21,3882,Boutique,96,1,12.26
72746,31534,2025-09-21,3882,Boutique,114,3,58.41
72747,31535,2025-09-21,4391,Boutique,89,1,65.46
72748,31535,2025-09-21,4391,Boutique,37,3,108.33
72749,31535,2025-09-21,4391,Boutique,64,1,9.69
72750,31536,2025-09-21,2101,Boutique,70,1,14.32
72751,31536,2025-09-21,2101,Boutique,24,1,34.92
72752,31537,2025-09-21,2671,Site,48,2,57.48
72753,31537,2025-09-21,2671,Site,23,1,20.5
72754,31538,2025-09-21,2847,Réseaux,25,1,26.68
72755,31538,2025-09-21,2847,Réseaux,82,1,79.21
72756,31539,2025-09-21,4698,Boutique,62,1,2.99
72757,31539,2025-09-21,4698,Boutique,22,1,52.43
72758,31539,2025-09-21,4698,Boutique,2,1,40.07
72759,31539,2025-09-21,4698,Boutique,67,1,2.99
72760,31540,2025-09-21,3640,Boutique,88,1,21.53
72761,31541,2025-09-21,3437,Site,117,1,12.26
72762,31541,2025-09-21,3437,Site,90,1,74.06
72763,31542,2025-09-21,5281,Boutique,106,1,42.96
72764,31543,2025-09-21,4700,Site,102,1,20.5
72765,31543,2025-09-21,4700,Site,48,1,28.74
72766,31544,2025-09-21,5729,Site,81,1,16.38
72767,31544,2025-09-21,5729,Site,8,1,35.95
72768,31544,2025-09-21,5729,Site,47,1,34.92
72769,31545,2025-09-21,4551,Réseaux,11,1,56.66
72770,31545,2025-09-21,4551,Réseaux,12,1,37.09
72771,31546,2025-09-21,4273,Boutique,7,1,17.41
72772,31546,2025-09-21,4273,Boutique,2,1,40.07
72773,31546,2025-09-21,4273,Boutique,94,1,39.04
72774,31546,2025-09-21,4273,Boutique,30,1,52.43
72775,31547,2025-09-22,2693,Boutique,22,1,49.81
72776,31547,2025-09-22,2693,Boutique,3,1,37.09
72777,31547,2025-09-22,2693,Boutique,119,2,111.36
72778,31547,2025-09-22,2693,Boutique,108,1,43.94
72779,31548,2025-09-22,2838,Boutique,5,2,104.86
72780,31549,2025-09-22,886,Boutique,85,1,11.23
72781,31550,2025-09-22,2695,Boutique,23,1,20.5
72782,31551,2025-09-22,51,Site,71,1,21.53
72783,31551,2025-09-22,51,Site,23,1,20.5
72784,31552,2025-09-22,2695,Site,54,1,56.55
72785,31553,2025-09-22,4350,Boutique,3,1,39.04
72786,31554,2025-09-22,5304,Site,109,1,28.74
72787,31554,2025-09-22,5304,Site,52,1,50.37
72788,31555,2025-09-22,4102,Réseaux,87,1,121.44
72789,31556,2025-09-22,5217,Boutique,44,1,22.56
72790,31557,2025-09-22,4710,Boutique,92,1,12.26
72791,31558,2025-09-22,5580,Site,24,1,34.92
72792,31558,2025-09-22,5580,Site,97,1,8.14
72793,31558,2025-09-22,5580,Site,22,1,52.43
72794,31559,2025-09-22,2530,Réseaux,23,2,41.0
72795,31560,2025-09-22,4058,Boutique,39,1,66.85
72796,31561,2025-09-22,980,Boutique,25,1,26.68
72797,31562,2025-09-22,3607,Site,3,1,39.04
72798,31562,2025-09-22,3607,Site,81,1,16.38
72799,31562,2025-09-22,3607,Site,81,1,16.38
72800,31562,2025-09-22,3607,Site,27,1,108.05
72801,31563,2025-09-22,2691,Site,69,3,24.42
72802,31564,2025-09-22,4798,Site,106,1,45.22
72803,31564,2025-09-22,4798,Site,83,1,76.12
72804,31565,2025-09-22,1508,Réseaux,21,1,13.29
72805,31566,2025-09-22,3270,Site,18,1,13.29
72806,31566,2025-09-22,3270,Site,8,1,35.95
72807,31566,2025-09-22,3270,Site,47,1,34.92
72808,31567,2025-09-22,775,Site,87,1,121.44
72809,31567,2025-09-22,775,Site,103,1,29.77
72810,31567,2025-09-22,775,Site,11,1,59.64
72811,31568,2025-09-22,3253,Site,63,1,4.02
72812,31568,2025-09-22,3253,Site,89,2,137.82
72813,31569,2025-09-22,1042,Site,42,1,29.77
72814,31570,2025-09-22,724,Boutique,5,1,52.43
72815,31570,2025-09-22,724,Boutique,45,1,66.85
72816,31570,2025-09-22,724,Boutique,108,1,46.25
72817,31570,2025-09-22,724,Boutique,112,1,26.68
72818,31571,2025-09-22,1756,Site,12,1,39.04
72819,31571,2025-09-22,1756,Site,107,1,15.35
72820,31571,2025-09-22,1756,Site,113,1,10.2
72821,31572,2025-09-22,5643,Boutique,108,1,46.25
72822,31573,2025-09-22,5559,Boutique,97,1,8.14
72823,31574,2025-09-22,4742,Site,49,1,30.8
72824,31574,2025-09-22,4742,Site,53,1,20.5
72825,31575,2025-09-22,1360,Boutique,68,1,21.53
72826,31575,2025-09-22,1360,Boutique,32,1,24.62
72827,31575,2025-09-22,1360,Boutique,29,2,115.16
72828,31576,2025-09-22,5347,Réseaux,83,2,152.24
72829,31576,2025-09-22,5347,Réseaux,4,4,160.28
72830,31577,2025-09-22,2323,Boutique,13,1,55.52
72831,31577,2025-09-22,2323,Boutique,83,1,76.12
72832,31577,2025-09-22,2323,Boutique,87,1,121.44
72833,31578,2025-09-22,4815,Site,90,1,70.36
72834,31578,2025-09-22,4815,Site,83,1,72.31
72835,31578,2025-09-22,4815,Site,86,1,149.62
72836,31579,2025-09-22,3777,Site,3,1,39.04
72837,31579,2025-09-22,3777,Site,15,1,12.26
72838,31580,2025-09-22,4710,Boutique,23,1,20.5
72839,31580,2025-09-22,4710,Boutique,76,1,18.44
72840,31581,2025-09-22,5006,Site,18,1,13.29
72841,31582,2025-09-22,2789,Site,2,1,40.07
72842,31582,2025-09-22,2789,Site,65,2,36.88
72843,31582,2025-09-22,2789,Site,83,1,76.12
72844,31582,2025-09-22,2789,Site,38,1,32.86
72845,31582,2025-09-22,2789,Site,1,2,88.38
72846,31583,2025-09-22,253,Site,71,1,21.53
72847,31584,2025-09-23,4780,Boutique,9,1,41.98
72848,31584,2025-09-23,4780,Boutique,89,1,65.46
72849,31584,2025-09-23,4780,Boutique,71,1,20.45
72850,31585,2025-09-23,1200,Site,93,1,51.4
72851,31585,2025-09-23,1200,Site,83,1,76.12
72852,31586,2025-09-23,823,Boutique,6,1,44.19
72853,31586,2025-09-23,823,Boutique,41,1,29.77
72854,31587,2025-09-23,1456,Site,28,1,50.37
72855,31587,2025-09-23,1456,Site,6,1,44.19
72856,31587,2025-09-23,1456,Site,13,1,55.52
72857,31587,2025-09-23,1456,Site,97,1,8.14
72858,31588,2025-09-23,4553,Site,30,1,49.81
72859,31588,2025-09-23,4553,Site,4,1,38.07
72860,31588,2025-09-23,4553,Site,90,1,70.36
72861,31588,2025-09-23,4553,Site,63,1,3.82
72862,31589,2025-09-23,1583,Site,91,1,89.51
72863,31589,2025-09-23,1583,Site,75,1,7.11
72864,31590,2025-09-23,4157,Site,2,1,40.07
72865,31590,2025-09-23,4157,Site,84,1,22.56
72866,31591,2025-09-23,5384,Site,17,1,16.38
72867,31591,2025-09-23,5384,Site,85,1,11.23
72868,31591,2025-09-23,5384,Site,23,1,20.5
72869,31591,2025-09-23,5384,Site,11,1,59.64
72870,31592,2025-09-23,2313,Site,89,1,68.91
72871,31592,2025-09-23,2313,Site,78,1,7.11
72872,31593,2025-09-23,5583,Réseaux,1,1,44.19
72873,31594,2025-09-23,1093,Réseaux,104,1,31.22
72874,31594,2025-09-23,1093,Réseaux,116,2,134.84
72875,31594,2025-09-23,1093,Réseaux,74,1,20.45
72876,31594,2025-09-23,1093,Réseaux,63,1,3.82
72877,31594,2025-09-23,1093,Réseaux,9,1,41.98
72878,31595,2025-09-23,5380,Site,23,1,20.5
72879,31595,2025-09-23,5380,Site,66,3,27.51
72880,31595,2025-09-23,5380,Site,2,1,40.07
72881,31596,2025-09-23,2055,Site,111,1,10.2
72882,31596,2025-09-23,2055,Site,64,1,10.2
72883,31596,2025-09-23,2055,Site,103,1,29.77
72884,31596,2025-09-23,2055,Site,56,1,99.81
72885,31597,2025-09-23,127,Boutique,87,1,121.44
72886,31597,2025-09-23,127,Boutique,21,2,26.58
72887,31597,2025-09-23,127,Boutique,74,1,21.53
72888,31598,2025-09-23,3472,Boutique,81,1,16.38
72889,31598,2025-09-23,3472,Boutique,107,1,15.35
72890,31599,2025-09-23,494,Site,103,1,29.77
72891,31599,2025-09-23,494,Site,45,1,66.85
72892,31600,2025-09-23,5007,Boutique,84,1,22.56
72893,31601,2025-09-23,4470,Boutique,85,1,11.23
72894,31602,2025-09-23,5310,Site,9,1,44.19
72895,31602,2025-09-23,5310,Site,34,1,109.08
72896,31603,2025-09-23,3199,Site,63,1,4.02
72897,31604,2025-09-23,3668,Site,86,1,157.49
72898,31604,2025-09-23,3668,Site,38,1,32.86
72899,31605,2025-09-23,2332,Site,92,1,12.26
72900,31606,2025-09-23,1042,Boutique,53,1,19.47
72901,31606,2025-09-23,1042,Boutique,97,1,7.73
72902,31606,2025-09-23,1042,Boutique,97,1,7.73
72903,31606,2025-09-23,1042,Boutique,92,1,11.65
72904,31607,2025-09-23,3636,Site,61,1,11.23
72905,31607,2025-09-23,3636,Site,4,2,80.14
72906,31607,2025-09-23,3636,Site,101,1,19.47
72907,31608,2025-09-23,5084,Réseaux,96,1,12.26
72908,31608,2025-09-23,5084,Réseaux,86,1,157.49
72909,31609,2025-09-23,2928,Réseaux,41,1,29.77
72910,31609,2025-09-23,2928,Réseaux,42,1,29.77
72911,31609,2025-09-23,2928,Réseaux,41,1,29.77
72912,31609,2025-09-23,2928,Réseaux,76,1,18.44
72913,31610,2025-09-23,2913,Site,96,1,11.65
72914,31610,2025-09-23,2913,Site,42,1,28.28
72915,31610,2025-09-23,2913,Site,7,1,16.54
72916,31611,2025-09-23,5759,Boutique,21,1,13.29
72917,31611,2025-09-23,5759,Boutique,69,1,8.14
72918,31611,2025-09-23,5759,Boutique,21,1,13.29
72919,31612,2025-09-23,1815,Site,2,2,80.14
72920,31613,2025-09-23,5805,Boutique,89,1,62.02
72921,31613,2025-09-23,5805,Boutique,84,1,20.3
72922,31613,2025-09-23,5805,Boutique,108,1,41.62
72923,31613,2025-09-23,5805,Boutique,69,1,7.33
72924,31613,2025-09-23,5805,Boutique,46,1,30.5
72925,31614,2025-09-23,4399,Boutique,99,2,127.52
72926,31614,2025-09-23,4399,Boutique,106,1,45.22
72927,31615,2025-09-23,1742,Site,47,1,33.17
72928,31615,2025-09-23,1742,Site,3,1,37.09
72929,31616,2025-09-23,1032,Boutique,80,1,19.47
72930,31616,2025-09-23,1032,Boutique,15,1,12.26
72931,31616,2025-09-23,1032,Boutique,26,1,64.79
72932,31616,2025-09-23,1032,Boutique,29,1,57.58
72933,31617,2025-09-23,1522,Boutique,1,2,88.38
72934,31617,2025-09-23,1522,Boutique,102,1,20.5
72935,31618,2025-09-23,3788,Boutique,50,1,73.03
72936,31619,2025-09-23,2634,Réseaux,42,1,29.77
72937,31619,2025-09-23,2634,Réseaux,50,1,73.03
72938,31620,2025-09-23,2766,Site,99,1,63.76
72939,31620,2025-09-23,2766,Site,87,3,364.32
72940,31621,2025-09-23,5544,Boutique,93,1,51.4
72941,31622,2025-09-23,2826,Boutique,83,1,76.12
72942,31622,2025-09-23,2826,Boutique,77,1,22.56
72943,31622,2025-09-23,2826,Boutique,103,1,29.77
72944,31623,2025-09-24,5324,Boutique,8,1,35.95
72945,31624,2025-09-24,1772,Boutique,68,1,21.53
72946,31624,2025-09-24,1772,Boutique,62,2,5.98
72947,31624,2025-09-24,1772,Boutique,42,1,29.77
72948,31625,2025-09-24,2734,Site,22,1,52.43
72949,31625,2025-09-24,2734,Site,45,1,66.85
72950,31625,2025-09-24,2734,Site,115,1,51.4
72951,31625,2025-09-24,2734,Site,42,1,29.77
72952,31625,2025-09-24,2734,Site,48,1,28.74
72953,31626,2025-09-24,1555,Boutique,63,2,8.04
72954,31626,2025-09-24,1555,Boutique,91,2,179.02
72955,31626,2025-09-24,1555,Boutique,72,1,2.99
72956,31627,2025-09-24,2672,Boutique,86,1,157.49
72957,31627,2025-09-24,2672,Boutique,104,1,32.86
72958,31628,2025-09-24,2987,Site,74,1,21.53
72959,31628,2025-09-24,2987,Site,107,1,15.35
72960,31628,2025-09-24,2987,Site,13,1,55.52
72961,31628,2025-09-24,2987,Site,84,1,22.56
72962,31629,2025-09-24,3955,Site,21,1,13.29
72963,31630,2025-09-24,2931,Site,106,1,45.22
72964,31630,2025-09-24,2931,Site,81,1,16.38
72965,31631,2025-09-24,4262,Site,20,2,57.48
72966,31631,2025-09-24,4262,Site,29,1,57.58
72967,31631,2025-09-24,4262,Site,46,1,33.89
72968,31632,2025-09-24,4047,Boutique,21,1,13.29
72969,31632,2025-09-24,4047,Boutique,85,1,11.23
72970,31633,2025-09-24,4599,Site,63,1,4.02
72971,31634,2025-09-24,5592,Site,42,1,29.77
72972,31634,2025-09-24,5592,Site,118,1,12.26
72973,31634,2025-09-24,5592,Site,61,2,22.46
72974,31635,2025-09-24,2822,Site,92,4,49.04
72975,31635,2025-09-24,2822,Site,71,1,21.53
72976,31635,2025-09-24,2822,Site,82,1,79.21
72977,31635,2025-09-24,2822,Site,28,1,50.37
72978,31636,2025-09-24,4485,Site,26,1,64.79
72979,31636,2025-09-24,4485,Site,81,1,16.38
72980,31637,2025-09-24,1915,Site,18,1,12.63
72981,31638,2025-09-24,5529,Site,46,1,33.89
72982,31639,2025-09-24,738,Boutique,61,2,22.46
72983,31639,2025-09-24,738,Boutique,29,1,57.58
72984,31639,2025-09-24,738,Boutique,61,1,11.23
72985,31639,2025-09-24,738,Boutique,14,1,41.1
72986,31640,2025-09-24,3070,Site,21,1,13.29
72987,31640,2025-09-24,3070,Site,72,1,2.99
72988,31641,2025-09-24,3437,Site,83,1,72.31
72989,31641,2025-09-24,3437,Site,87,2,230.74
72990,31642,2025-09-24,780,Boutique,62,1,2.84
72991,31643,2025-09-24,5673,Site,25,1,26.68
72992,31644,2025-09-24,1117,Site,21,1,13.29
72993,31644,2025-09-24,1117,Site,82,2,158.42
72994,31644,2025-09-24,1117,Site,98,1,93.63
72995,31644,2025-09-24,1117,Site,52,1,50.37
72996,31645,2025-09-24,2019,Site,103,1,29.77
72997,31645,2025-09-24,2019,Site,80,1,19.47
72998,31646,2025-09-24,3342,Boutique,81,1,16.38
72999,31646,2025-09-24,3342,Boutique,54,1,56.55
73000,31646,2025-09-24,3342,Boutique,70,1,14.32
73001,31646,2025-09-24,3342,Boutique,45,2,133.7
73002,31647,2025-09-24,850,Site,76,1,18.44
73003,31648,2025-09-24,1496,Site,83,1,76.12
73004,31648,2025-09-24,1496,Site,43,1,24.62
73005,31649,2025-09-24,3619,Site,85,1,11.23
73006,31649,2025-09-24,3619,Site,65,1,18.44
73007,31650,2025-09-24,253,Boutique,70,1,14.32
73008,31651,2025-09-24,753,Boutique,57,1,17.41
73009,31651,2025-09-24,753,Boutique,2,1,40.07
73010,31652,2025-09-24,5555,Boutique,87,1,115.37
73011,31652,2025-09-24,5555,Boutique,107,1,14.58
73012,31652,2025-09-24,5555,Boutique,61,1,10.67
73013,31652,2025-09-24,5555,Boutique,101,1,18.5
73014,31653,2025-09-24,671,Boutique,103,1,29.77
73015,31654,2025-09-24,5294,Réseaux,88,1,21.53
73016,31654,2025-09-24,5294,Réseaux,59,1,12.26
73017,31655,2025-09-24,172,Réseaux,41,1,29.77
73018,31656,2025-09-24,1191,Boutique,66,1,9.17
73019,31656,2025-09-24,1191,Boutique,48,1,28.74
73020,31656,2025-09-24,1191,Boutique,25,1,26.68
73021,31657,2025-09-24,1975,Boutique,81,1,16.38
73022,31657,2025-09-24,1975,Boutique,29,1,57.58
73023,31657,2025-09-24,1975,Boutique,6,1,44.19
73024,31658,2025-09-24,1360,Site,57,2,34.82
73025,31658,2025-09-24,1360,Site,59,1,12.26
73026,31658,2025-09-24,1360,Site,13,1,55.52
73027,31659,2025-09-24,3173,Boutique,99,1,63.76
73028,31659,2025-09-24,3173,Boutique,93,1,51.4
73029,31659,2025-09-24,3173,Boutique,19,1,30.8
73030,31659,2025-09-24,3173,Boutique,85,1,11.23
73031,31660,2025-09-24,382,Boutique,61,1,11.23
73032,31660,2025-09-24,382,Boutique,21,1,13.29
73033,31661,2025-09-24,1225,Site,30,1,52.43
73034,31661,2025-09-24,1225,Site,83,1,76.12
73035,31661,2025-09-24,1225,Site,88,1,21.53
73036,31662,2025-09-24,1643,Site,53,1,20.5
73037,31662,2025-09-24,1643,Site,85,1,11.23
73038,31663,2025-09-25,5522,Boutique,68,4,86.12
73039,31663,2025-09-25,5522,Boutique,61,3,33.69
73040,31664,2025-09-25,2180,Site,63,1,4.02
73041,31664,2025-09-25,2180,Site,61,1,11.23
73042,31665,2025-09-25,5538,Réseaux,28,3,151.11
73043,31665,2025-09-25,5538,Réseaux,29,1,57.58
73044,31666,2025-09-25,3111,Boutique,67,1,2.99
73045,31666,2025-09-25,3111,Boutique,51,1,17.41
73046,31666,2025-09-25,3111,Boutique,21,1,13.29
73047,31666,2025-09-25,3111,Boutique,45,1,66.85
73048,31666,2025-09-25,3111,Boutique,2,1,40.07
73049,31666,2025-09-25,3111,Boutique,42,3,89.31
73050,31667,2025-09-25,790,Site,44,1,22.56
73051,31668,2025-09-25,1967,Boutique,65,1,18.44
73052,31668,2025-09-25,1967,Boutique,49,1,30.8
73053,31668,2025-09-25,1967,Boutique,3,1,39.04
73054,31669,2025-09-25,4486,Réseaux,11,1,59.64
73055,31670,2025-09-25,3570,Site,72,1,2.99
73056,31670,2025-09-25,3570,Site,68,1,21.53
73057,31671,2025-09-25,5586,Réseaux,85,1,11.23
73058,31671,2025-09-25,5586,Réseaux,89,1,68.91
73059,31672,2025-09-25,252,Réseaux,113,1,10.2
73060,31672,2025-09-25,252,Réseaux,110,1,26.68
73061,31673,2025-09-25,980,Boutique,24,1,34.92
73062,31673,2025-09-25,980,Boutique,72,2,5.98
73063,31674,2025-09-25,2943,Site,113,1,10.2
73064,31674,2025-09-25,2943,Site,86,1,157.49
73065,31675,2025-09-25,622,Site,106,1,42.96
73066,31676,2025-09-25,3931,Boutique,9,1,44.19
73067,31676,2025-09-25,3931,Boutique,63,1,4.02
73068,31677,2025-09-25,4512,Boutique,62,1,2.99
73069,31677,2025-09-25,4512,Boutique,61,1,11.23
73070,31678,2025-09-25,2410,Réseaux,112,1,26.68
73071,31678,2025-09-25,2410,Réseaux,72,2,5.98
73072,31678,2025-09-25,2410,Réseaux,81,2,32.76
73073,31679,2025-09-25,3977,Site,10,2,102.8
73074,31680,2025-09-25,958,Boutique,82,1,75.25
73075,31680,2025-09-25,958,Boutique,102,1,19.47
73076,31680,2025-09-25,958,Boutique,19,1,29.26
73077,31680,2025-09-25,958,Boutique,64,1,9.69
73078,31680,2025-09-25,958,Boutique,43,1,23.39
73079,31681,2025-09-25,1419,Réseaux,60,2,63.66
73080,31681,2025-09-25,1419,Réseaux,46,1,33.89
73081,31681,2025-09-25,1419,Réseaux,65,2,36.88
73082,31682,2025-09-25,861,Boutique,48,1,28.74
73083,31682,2025-09-25,861,Boutique,3,2,78.08
73084,31683,2025-09-25,2074,Boutique,33,1,130.71
73085,31684,2025-09-25,3511,Boutique,5,1,52.43
73086,31684,2025-09-25,3511,Boutique,63,3,12.06
73087,31684,2025-09-25,3511,Boutique,61,2,22.46
73088,31685,2025-09-25,4390,Boutique,88,1,21.53
73089,31685,2025-09-25,4390,Boutique,82,1,79.21
73090,31685,2025-09-25,4390,Boutique,27,4,432.2
73091,31685,2025-09-25,4390,Boutique,61,1,11.23
73092,31685,2025-09-25,4390,Boutique,82,1,79.21
73093,31685,2025-09-25,4390,Boutique,26,2,129.58
73094,31686,2025-09-25,1487,Site,49,1,30.8
73095,31687,2025-09-25,224,Réseaux,102,1,20.5
73096,31687,2025-09-25,224,Réseaux,48,1,28.74
73097,31687,2025-09-25,224,Réseaux,78,1,7.11
73098,31687,2025-09-25,224,Réseaux,40,1,77.15
73099,31687,2025-09-25,224,Réseaux,95,3,73.86
73100,31688,2025-09-25,289,Boutique,66,1,9.17
73101,31688,2025-09-25,289,Boutique,42,1,29.77
73102,31689,2025-09-25,2597,Boutique,48,1,28.74
73103,31690,2025-09-25,4253,Réseaux,112,1,26.68
73104,31690,2025-09-25,4253,Réseaux,91,1,89.51
73105,31690,2025-09-25,4253,Réseaux,41,1,29.77
73106,31691,2025-09-25,3507,Boutique,81,1,16.38
73107,31692,2025-09-25,617,Boutique,80,4,77.88
73108,31693,2025-09-25,2941,Site,73,1,5.05
73109,31693,2025-09-25,2941,Site,84,1,22.56
73110,31694,2025-09-25,2699,Site,102,1,20.5
73111,31695,2025-09-25,4039,Site,26,1,64.79
73112,31696,2025-09-25,4771,Boutique,5,1,49.81
73113,31696,2025-09-25,4771,Boutique,51,2,33.08
73114,31697,2025-09-25,783,Site,101,1,18.5
73115,31698,2025-09-25,2001,Site,85,1,11.23
73116,31699,2025-09-25,2162,Boutique,47,1,34.92
73117,31699,2025-09-25,2162,Boutique,4,1,40.07
73118,31699,2025-09-25,2162,Boutique,66,2,18.34
73119,31700,2025-09-25,3682,Site,81,1,15.56
73120,31700,2025-09-25,3682,Site,73,1,4.8
73121,31701,2025-09-26,1271,Boutique,82,2,158.42
73122,31702,2025-09-26,4084,Boutique,62,2,5.98
73123,31702,2025-09-26,4084,Boutique,22,1,52.43
73124,31703,2025-09-26,130,Site,13,1,55.52
73125,31703,2025-09-26,130,Site,116,1,70.97
73126,31704,2025-09-26,358,Boutique,86,1,157.49
73127,31704,2025-09-26,358,Boutique,5,1,52.43
73128,31704,2025-09-26,358,Boutique,14,1,41.1
73129,31705,2025-09-26,1117,Site,42,1,28.28
73130,31705,2025-09-26,1117,Site,7,1,16.54
73131,31706,2025-09-26,2738,Site,84,1,22.56
73132,31706,2025-09-26,2738,Site,73,1,5.05
73133,31707,2025-09-26,2998,Site,85,1,11.23
73134,31707,2025-09-26,2998,Site,95,1,24.62
73135,31707,2025-09-26,2998,Site,2,1,40.07
73136,31707,2025-09-26,2998,Site,62,3,8.97
73137,31708,2025-09-26,55,Site,114,1,19.47
73138,31708,2025-09-26,55,Site,14,1,41.1
73139,31709,2025-09-26,2196,Boutique,41,2,56.56
73140,31710,2025-09-26,5353,Site,21,1,13.29
73141,31710,2025-09-26,5353,Site,1,3,132.57
73142,31710,2025-09-26,5353,Site,72,2,5.98
73143,31711,2025-09-26,2871,Site,13,1,55.52
73144,31711,2025-09-26,2871,Site,93,1,51.4
73145,31712,2025-09-26,579,Boutique,31,1,22.56
73146,31713,2025-09-26,844,Boutique,63,1,4.02
73147,31714,2025-09-26,2065,Site,81,1,16.38
73148,31714,2025-09-26,2065,Site,82,1,79.21
73149,31715,2025-09-26,2949,Boutique,93,1,51.4
73150,31715,2025-09-26,2949,Boutique,64,1,10.2
73151,31715,2025-09-26,2949,Boutique,45,1,66.85
73152,31715,2025-09-26,2949,Boutique,66,2,18.34
73153,31716,2025-09-26,1111,Site,84,1,22.56
73154,31716,2025-09-26,1111,Site,44,1,22.56
73155,31717,2025-09-26,2519,Site,22,1,52.43
73156,31717,2025-09-26,2519,Site,61,1,11.23
73157,31718,2025-09-26,4593,Site,58,1,36.98
73158,31718,2025-09-26,4593,Site,63,1,4.02
73159,31719,2025-09-26,3341,Site,24,1,33.17
73160,31719,2025-09-26,3341,Site,27,1,102.65
73161,31719,2025-09-26,3341,Site,98,2,177.9
73162,31720,2025-09-26,4058,Boutique,117,1,12.26
73163,31721,2025-09-26,2389,Boutique,101,1,19.47
73164,31721,2025-09-26,2389,Boutique,63,1,4.02
73165,31721,2025-09-26,2389,Boutique,77,1,22.56
73166,31721,2025-09-26,2389,Boutique,3,1,39.04
73167,31721,2025-09-26,2389,Boutique,22,1,52.43
73168,31722,2025-09-26,3269,Boutique,83,1,76.12
73169,31723,2025-09-26,5582,Boutique,62,3,8.97
73170,31724,2025-09-26,5805,Site,86,1,157.49
73171,31724,2025-09-26,5805,Site,31,1,22.56
73172,31725,2025-09-26,5587,Boutique,91,1,89.51
73173,31725,2025-09-26,5587,Boutique,106,1,45.22
73174,31725,2025-09-26,5587,Boutique,113,1,10.2
73175,31725,2025-09-26,5587,Boutique,81,1,16.38
73176,31726,2025-09-26,5312,Réseaux,81,1,16.38
73177,31727,2025-09-26,3035,Réseaux,70,2,28.64
73178,31727,2025-09-26,3035,Réseaux,43,1,24.62
73179,31728,2025-09-26,3280,Boutique,6,1,44.19
73180,31728,2025-09-26,3280,Boutique,1,3,132.57
73181,31729,2025-09-26,1925,Boutique,25,1,26.68
73182,31730,2025-09-26,5778,Site,47,1,34.92
73183,31730,2025-09-26,5778,Site,71,1,21.53
73184,31730,2025-09-26,5778,Site,24,1,34.92
73185,31730,2025-09-26,5778,Site,114,1,19.47
73186,31730,2025-09-26,5778,Site,23,1,20.5
73187,31731,2025-09-26,729,Boutique,99,1,63.76
73188,31732,2025-09-26,8,Boutique,71,1,21.53
73189,31732,2025-09-26,8,Boutique,81,2,32.76
73190,31733,2025-09-26,1198,Site,85,1,11.23
73191,31734,2025-09-26,2288,Boutique,75,1,7.11
73192,31734,2025-09-26,2288,Boutique,42,1,29.77
73193,31734,2025-09-26,2288,Boutique,26,1,64.79
73194,31735,2025-09-26,2734,Site,29,1,57.58
73195,31736,2025-09-26,5317,Réseaux,103,1,29.77
73196,31736,2025-09-26,5317,Réseaux,49,1,30.8
73197,31736,2025-09-26,5317,Réseaux,89,1,68.91
73198,31736,2025-09-26,5317,Réseaux,101,1,19.47
73199,31737,2025-09-26,1616,Réseaux,63,1,4.02
73200,31737,2025-09-26,1616,Réseaux,103,1,29.77
73201,31737,2025-09-26,1616,Réseaux,23,1,20.5
73202,31737,2025-09-26,1616,Réseaux,61,1,11.23
73203,31737,2025-09-26,1616,Réseaux,47,2,69.84
73204,31738,2025-09-26,1579,Site,63,1,4.02
73205,31739,2025-09-26,74,Boutique,69,1,8.14
73206,31739,2025-09-26,74,Boutique,44,2,45.12
73207,31740,2025-09-26,3456,Réseaux,106,1,42.96
73208,31740,2025-09-26,3456,Réseaux,82,1,75.25
73209,31741,2025-09-26,4359,Site,106,1,45.22
73210,31741,2025-09-26,4359,Site,94,1,39.04
73211,31742,2025-09-26,3184,Site,81,2,32.76
73212,31742,2025-09-26,3184,Site,58,1,36.98
73213,31743,2025-09-26,1037,Site,116,1,70.97
73214,31743,2025-09-26,1037,Site,104,3,98.58
73215,31743,2025-09-26,1037,Site,81,1,16.38
73216,31744,2025-09-29,5836,Boutique,85,1,10.11
73217,31745,2025-09-26,5781,Boutique,81,1,16.38
73218,31745,2025-09-26,5781,Boutique,24,1,34.92
73219,31745,2025-09-26,5781,Boutique,83,1,76.12
73220,31746,2025-09-26,5815,Site,64,1,10.2
73221,31746,2025-09-26,5815,Site,70,1,14.32
73222,31746,2025-09-26,5815,Site,85,4,44.92
73223,31746,2025-09-26,5815,Site,56,1,99.81
73224,31747,2025-09-27,3141,Site,101,1,19.47
73225,31748,2025-09-27,182,Boutique,41,2,59.54
73226,31748,2025-09-27,182,Boutique,1,1,44.19
73227,31749,2025-09-27,5698,Boutique,72,2,5.98
73228,31749,2025-09-27,5698,Boutique,83,1,76.12
73229,31749,2025-09-27,5698,Boutique,99,1,63.76
73230,31749,2025-09-27,5698,Boutique,85,1,11.23
73231,31750,2025-09-27,5419,Boutique,88,1,21.53
73232,31751,2025-09-27,4251,Site,51,1,16.54
73233,31752,2025-09-27,4429,Boutique,52,1,50.37
73234,31753,2025-09-27,192,Site,91,1,89.51
73235,31753,2025-09-27,192,Site,63,1,4.02
73236,31754,2025-09-27,4685,Site,39,1,63.51
73237,31754,2025-09-27,4685,Site,83,1,72.31
73238,31755,2025-09-27,1340,Boutique,65,1,18.44
73239,31756,2025-09-27,2555,Réseaux,61,1,11.23
73240,31757,2025-09-27,3401,Site,88,1,21.53
73241,31757,2025-09-27,3401,Site,25,1,26.68
73242,31758,2025-09-27,1028,Boutique,51,1,17.41
73243,31758,2025-09-27,1028,Boutique,32,1,24.62
73244,31758,2025-09-27,1028,Boutique,69,1,8.14
73245,31759,2025-09-27,3853,Boutique,90,3,222.18
73246,31759,2025-09-27,3853,Boutique,42,2,59.54
73247,31760,2025-09-27,1362,Site,53,1,20.5
73248,31760,2025-09-27,1362,Site,61,1,11.23
73249,31760,2025-09-27,1362,Site,116,1,70.97
73250,31760,2025-09-27,1362,Site,9,1,44.19
73251,31761,2025-09-27,4776,Réseaux,43,1,24.62
73252,31761,2025-09-27,4776,Réseaux,24,1,34.92
73253,31762,2025-09-27,1650,Site,43,1,24.62
73254,31762,2025-09-27,1650,Site,11,1,59.64
73255,31762,2025-09-27,1650,Site,41,2,59.54
73256,31763,2025-09-27,3897,Site,83,1,76.12
73257,31763,2025-09-27,3897,Site,78,1,7.11
73258,31763,2025-09-27,3897,Site,103,1,29.77
73259,31763,2025-09-27,3897,Site,4,1,40.07
73260,31764,2025-09-27,3044,Site,57,1,17.41
73261,31764,2025-09-27,3044,Site,62,3,8.97
73262,31764,2025-09-27,3044,Site,58,2,73.96
73263,31764,2025-09-27,3044,Site,4,3,120.21
73264,31765,2025-09-27,3976,Boutique,90,1,74.06
73265,31766,2025-09-27,823,Boutique,86,1,157.49
73266,31766,2025-09-27,823,Boutique,68,1,21.53
73267,31766,2025-09-27,823,Boutique,104,1,32.86
73268,31767,2025-09-27,3903,Boutique,85,1,11.23
73269,31768,2025-09-27,2276,Site,47,1,34.92
73270,31768,2025-09-27,2276,Site,86,3,472.47
73271,31768,2025-09-27,2276,Site,87,1,121.44
73272,31769,2025-09-27,293,Site,85,1,10.67
73273,31769,2025-09-27,293,Site,83,3,216.94
73274,31770,2025-09-27,495,Boutique,62,1,2.99
73275,31770,2025-09-27,495,Boutique,27,1,108.05
73276,31771,2025-09-27,1466,Site,7,1,17.41
73277,31772,2025-09-27,5141,Site,74,1,21.53
73278,31772,2025-09-27,5141,Site,89,3,206.73
73279,31772,2025-09-27,5141,Site,8,2,71.9
73280,31772,2025-09-27,5141,Site,50,1,73.03
73281,31773,2025-09-27,91,Boutique,46,1,33.89
73282,31773,2025-09-27,91,Boutique,112,1,26.68
73283,31774,2025-09-27,3648,Site,72,1,2.99
73284,31775,2025-09-27,3746,Site,83,1,76.12
73285,31775,2025-09-27,3746,Site,10,1,51.4
73286,31776,2025-09-29,5836,Boutique,25,1,24.01
73287,31776,2025-09-29,5836,Boutique,7,1,15.67
73288,31777,2025-09-27,1315,Site,1,1,44.19
73289,31777,2025-09-27,1315,Site,21,1,13.29
73290,31778,2025-09-27,4133,Réseaux,97,1,7.73
73291,31778,2025-09-27,4133,Réseaux,2,1,38.07
73292,31779,2025-09-27,5539,Site,102,1,20.5
73293,31780,2025-09-27,2825,Site,11,1,56.66
73294,31780,2025-09-27,2825,Site,60,1,30.24
73295,31781,2025-09-27,4643,Boutique,27,1,108.05
73296,31781,2025-09-27,4643,Boutique,120,1,12.26
73297,31781,2025-09-27,4643,Boutique,81,1,16.38
73298,31781,2025-09-27,4643,Boutique,46,1,33.89
73299,31782,2025-09-27,3450,Site,94,3,117.12
73300,31782,2025-09-27,3450,Site,106,1,45.22
73301,31783,2025-09-27,565,Boutique,42,1,29.77
73302,31783,2025-09-27,565,Boutique,91,1,89.51
73303,31784,2025-09-27,5253,Site,89,1,68.91
73304,31785,2025-09-27,3913,Réseaux,98,1,93.63
73305,31786,2025-09-27,2195,Boutique,83,1,76.12
73306,31786,2025-09-27,2195,Boutique,103,1,29.77
73307,31787,2025-09-27,1426,Site,81,1,16.38
73308,31787,2025-09-27,1426,Site,91,1,89.51
73309,31788,2025-09-27,3931,Boutique,32,1,24.62
73310,31788,2025-09-27,3931,Boutique,69,1,8.14
73311,31789,2025-09-27,5219,Site,109,1,28.74
73312,31789,2025-09-27,5219,Site,102,1,20.5
73313,31790,2025-09-27,1801,Boutique,83,1,76.12
73314,31790,2025-09-27,1801,Boutique,103,1,29.77
73315,31791,2025-09-27,3471,Site,83,1,76.12
73316,31791,2025-09-27,3471,Site,42,1,29.77
73317,31791,2025-09-27,3471,Site,113,1,10.2
73318,31791,2025-09-27,3471,Site,62,1,2.99
73319,31791,2025-09-27,3471,Site,2,4,160.28
73320,31791,2025-09-27,3471,Site,86,1,157.49
73321,31791,2025-09-27,3471,Site,50,1,73.03
73322,31792,2025-09-27,2555,Boutique,98,1,93.63
73323,31792,2025-09-27,2555,Boutique,95,1,24.62
73324,31792,2025-09-27,2555,Boutique,56,1,99.81
73325,31793,2025-09-28,2029,Réseaux,108,1,43.94
73326,31793,2025-09-28,2029,Réseaux,74,1,20.45
73327,31794,2025-09-28,1889,Site,12,2,78.08
73328,31794,2025-09-28,1889,Site,76,1,18.44
73329,31794,2025-09-28,1889,Site,48,1,28.74
73330,31794,2025-09-28,1889,Site,65,2,36.88
73331,31795,2025-09-28,5637,Site,41,1,29.77
73332,31795,2025-09-28,5637,Site,81,1,16.38
73333,31795,2025-09-28,5637,Site,43,1,24.62
73334,31796,2025-09-28,4241,Boutique,42,3,89.31
73335,31796,2025-09-28,4241,Boutique,16,1,10.2
73336,31797,2025-09-28,806,Boutique,69,2,16.28
73337,31797,2025-09-28,806,Boutique,83,1,76.12
73338,31797,2025-09-28,806,Boutique,69,1,8.14
73339,31797,2025-09-28,806,Boutique,76,1,18.44
73340,31798,2025-09-28,43,Site,14,1,41.1
73341,31798,2025-09-28,43,Site,67,1,2.99
73342,31799,2025-09-28,2769,Site,87,2,242.88
73343,31799,2025-09-28,2769,Site,9,1,44.19
73344,31799,2025-09-28,2769,Site,64,1,10.2
73345,31800,2025-09-28,2276,Site,70,1,14.32
73346,31800,2025-09-28,2276,Site,22,1,52.43
73347,31801,2025-09-28,2571,Site,102,2,41.0
73348,31801,2025-09-28,2571,Site,23,1,20.5
73349,31802,2025-09-28,2640,Site,82,1,79.21
73350,31802,2025-09-28,2640,Site,51,1,17.41
73351,31803,2025-09-28,5480,Boutique,85,1,11.23
73352,31803,2025-09-28,5480,Boutique,82,2,158.42
73353,31803,2025-09-28,5480,Boutique,47,1,34.92
73354,31804,2025-09-28,167,Boutique,108,1,46.25
73355,31804,2025-09-28,167,Boutique,41,1,29.77
73356,31805,2025-09-28,1259,Site,62,1,2.99
73357,31805,2025-09-28,1259,Site,59,2,24.52
73358,31806,2025-09-28,1107,Site,65,1,17.52
73359,31806,2025-09-28,1107,Site,35,2,31.12
73360,31806,2025-09-28,1107,Site,112,1,25.35
73361,31806,2025-09-28,1107,Site,100,1,21.43
73362,31807,2025-09-28,2056,Site,101,1,19.47
73363,31807,2025-09-28,2056,Site,14,1,41.1
73364,31807,2025-09-28,2056,Site,101,2,38.94
73365,31808,2025-09-28,846,Site,25,1,25.35
73366,31808,2025-09-28,846,Site,93,1,48.83
73367,31808,2025-09-28,846,Site,96,1,11.65
73368,31809,2025-09-28,1741,Site,104,1,32.86
73369,31809,2025-09-28,1741,Site,86,1,157.49
73370,31809,2025-09-28,1741,Site,38,2,65.72
73371,31810,2025-09-28,3459,Boutique,56,1,99.81
73372,31810,2025-09-28,3459,Boutique,62,1,2.99
73373,31811,2025-09-28,5153,Site,33,1,130.71
73374,31811,2025-09-28,5153,Site,74,1,21.53
73375,31812,2025-09-28,1428,Réseaux,24,1,34.92
73376,31813,2025-09-28,4530,Boutique,8,1,35.95
73377,31814,2025-09-28,1345,Site,47,2,69.84
73378,31814,2025-09-28,1345,Site,86,1,157.49
73379,31814,2025-09-28,1345,Site,30,1,52.43
73380,31815,2025-09-28,3837,Réseaux,3,2,78.08
73381,31815,2025-09-28,3837,Réseaux,44,1,22.56
73382,31815,2025-09-28,3837,Réseaux,118,1,12.26
73383,31816,2025-09-28,2379,Boutique,21,1,13.29
73384,31817,2025-09-29,1546,Site,91,1,89.51
73385,31817,2025-09-29,1546,Site,24,1,34.92
73386,31818,2025-09-29,169,Site,40,1,77.15
73387,31818,2025-09-29,169,Site,3,2,78.08
73388,31818,2025-09-29,169,Site,97,2,16.28
73389,31819,2025-09-29,1943,Site,82,1,79.21
73390,31820,2025-09-29,5268,Réseaux,45,1,66.85
73391,31820,2025-09-29,5268,Réseaux,111,1,10.2
73392,31821,2025-09-29,2532,Site,49,1,30.8
73393,31822,2025-09-29,400,Boutique,2,2,80.14
73394,31823,2025-09-29,4029,Boutique,35,1,16.38
73395,31823,2025-09-29,4029,Boutique,18,1,13.29
73396,31823,2025-09-29,4029,Boutique,28,1,50.37
73397,31824,2025-09-29,3202,Site,98,1,93.63
73398,31825,2025-09-29,5499,Site,87,1,115.37
73399,31825,2025-09-29,5499,Site,54,1,53.72
73400,31826,2025-09-29,1608,Boutique,63,1,4.02
73401,31826,2025-09-29,1608,Boutique,89,1,68.91
73402,31827,2025-09-29,1338,Boutique,48,1,28.74
73403,31828,2025-09-29,5609,Site,87,1,121.44
73404,31828,2025-09-29,5609,Site,22,1,52.43
73405,31829,2025-09-29,3987,Boutique,2,1,40.07
73406,31829,2025-09-29,3987,Boutique,100,1,22.56
73407,31830,2025-09-29,5631,Site,71,1,20.45
73408,31831,2025-09-29,3965,Boutique,42,1,29.77
73409,31831,2025-09-29,3965,Boutique,4,2,80.14
73410,31832,2025-09-29,1877,Site,61,1,11.23
73411,31832,2025-09-29,1877,Site,50,1,73.03
73412,31832,2025-09-29,1877,Site,23,1,20.5
73413,31832,2025-09-29,1877,Site,115,1,51.4
73414,31833,2025-09-29,4408,Boutique,22,1,52.43
73415,31833,2025-09-29,4408,Boutique,32,1,24.62
73416,31833,2025-09-29,4408,Boutique,8,1,35.95
73417,31834,2025-09-29,2856,Site,85,1,11.23
73418,31835,2025-09-29,4360,Site,1,1,41.98
73419,31835,2025-09-29,4360,Site,33,1,124.17
73420,31836,2025-09-29,5350,Site,43,1,23.39
73421,31836,2025-09-29,5350,Site,102,1,19.47
73422,31837,2025-09-29,4093,Site,86,3,472.47
73423,31837,2025-09-29,4093,Site,9,1,44.19
73424,31837,2025-09-29,4093,Site,38,1,32.86
73425,31837,2025-09-29,4093,Site,84,1,22.56
73426,31838,2025-09-29,64,Site,103,1,29.77
73427,31838,2025-09-29,64,Site,82,1,79.21
73428,31838,2025-09-29,64,Site,83,1,76.12
73429,31838,2025-09-29,64,Site,94,1,39.04
73430,31839,2025-09-29,1333,Boutique,42,1,29.77
73431,31839,2025-09-29,1333,Boutique,99,1,63.76
73432,31840,2025-09-29,5118,Site,54,1,56.55
73433,31841,2025-09-29,1436,Site,14,1,39.04
73434,31841,2025-09-29,1436,Site,61,2,21.34
73435,31842,2025-09-29,786,Site,4,1,40.07
73436,31842,2025-09-29,786,Site,45,1,66.85
73437,31843,2025-09-29,2685,Boutique,119,1,58.61
73438,31843,2025-09-29,2685,Boutique,21,1,13.29
73439,31843,2025-09-29,2685,Boutique,72,2,5.98
73440,31844,2025-09-29,1824,Site,82,1,79.21
73441,31844,2025-09-29,1824,Site,87,1,121.44
73442,31845,2025-09-29,1047,Site,2,1,40.07
73443,31845,2025-09-29,1047,Site,60,1,31.83
73444,31845,2025-09-29,1047,Site,34,1,109.08
73445,31846,2025-09-29,13,Boutique,69,1,7.73
73446,31847,2025-09-29,225,Site,23,1,20.5
73447,31847,2025-09-29,225,Site,63,1,4.02
73448,31847,2025-09-29,225,Site,82,3,237.63
73449,31848,2025-09-29,4022,Boutique,73,2,10.1
73450,31849,2025-09-29,5317,Boutique,21,1,13.29
73451,31849,2025-09-29,5317,Boutique,90,1,74.06
73452,31849,2025-09-29,5317,Boutique,4,2,80.14
73453,31849,2025-09-29,5317,Boutique,27,1,108.05
73454,31849,2025-09-29,5317,Boutique,107,1,15.35
73455,31850,2025-09-29,3866,Site,108,1,46.25
73456,31850,2025-09-29,3866,Site,92,1,12.26
73457,31850,2025-09-29,3866,Site,82,2,158.42
73458,31850,2025-09-29,3866,Site,74,1,21.53
73459,31851,2025-09-29,5718,Boutique,9,1,44.19
73460,31851,2025-09-29,5718,Boutique,12,1,39.04
73461,31852,2025-09-29,5797,Site,67,1,2.69
73462,31852,2025-09-29,5797,Site,77,2,40.61
73463,31853,2025-09-29,621,Site,14,2,82.2
73464,31853,2025-09-29,621,Site,49,4,123.2
73465,31854,2025-09-29,578,Réseaux,64,1,10.2
73466,31854,2025-09-29,578,Réseaux,88,1,21.53
73467,31854,2025-09-29,578,Réseaux,81,1,16.38
73468,31855,2025-09-29,2169,Site,57,1,17.41
73469,31855,2025-09-29,2169,Site,118,1,12.26
73470,31855,2025-09-29,2169,Site,66,1,9.17
73471,31855,2025-09-29,2169,Site,22,1,52.43
73472,31856,2025-09-29,3632,Site,85,1,11.23
73473,31856,2025-09-29,3632,Site,38,1,32.86
73474,31856,2025-09-29,3632,Site,102,1,20.5
73475,31856,2025-09-29,3632,Site,24,1,34.92
73476,31857,2025-09-29,1650,Site,30,1,52.43
73477,31857,2025-09-29,1650,Site,61,1,11.23
73478,31857,2025-09-29,1650,Site,110,1,26.68
73479,31857,2025-09-29,1650,Site,32,1,24.62
73480,31858,2025-09-29,2222,Site,31,1,22.56
73481,31858,2025-09-29,2222,Site,65,1,18.44
73482,31858,2025-09-29,2222,Site,22,1,52.43
73483,31858,2025-09-29,2222,Site,22,2,104.86
73484,31859,2025-09-30,2090,Site,2,2,80.14
73485,31860,2025-09-30,5145,Site,27,1,108.05
73486,31861,2025-09-30,2328,Boutique,119,1,58.61
73487,31861,2025-09-30,2328,Boutique,101,1,19.47
73488,31862,2025-09-30,594,Site,71,1,21.53
73489,31862,2025-09-30,594,Site,5,1,52.43
73490,31862,2025-09-30,594,Site,63,1,4.02
73491,31863,2025-09-30,4596,Site,4,1,40.07
73492,31864,2025-09-30,1105,Boutique,104,3,93.65
73493,31864,2025-09-30,1105,Boutique,23,1,19.47
73494,31864,2025-09-30,1105,Boutique,94,1,37.09
73495,31864,2025-09-30,1105,Boutique,79,1,4.8
73496,31865,2025-09-30,2840,Réseaux,81,1,16.38
73497,31865,2025-09-30,2840,Réseaux,97,2,16.28
73498,31865,2025-09-30,2840,Réseaux,82,1,79.21
73499,31865,2025-09-30,2840,Réseaux,98,1,93.63
73500,31865,2025-09-30,2840,Réseaux,3,1,39.04
73501,31866,2025-09-30,2315,Site,32,3,73.86
73502,31867,2025-09-30,2942,Site,110,2,53.36
73503,31867,2025-09-30,2942,Site,3,1,39.04
73504,31868,2025-09-30,3072,Site,77,1,22.56
73505,31868,2025-09-30,3072,Site,74,1,21.53
73506,31868,2025-09-30,3072,Site,69,1,8.14
73507,31869,2025-09-30,3622,Boutique,25,1,26.68
73508,31869,2025-09-30,3622,Boutique,1,1,44.19
73509,31869,2025-09-30,3622,Boutique,104,1,32.86
73510,31870,2025-09-30,4260,Réseaux,113,1,10.2
73511,31870,2025-09-30,4260,Réseaux,31,1,22.56
73512,31870,2025-09-30,4260,Réseaux,23,2,41.0
73513,31870,2025-09-30,4260,Réseaux,65,1,18.44
73514,31871,2025-09-30,3757,Site,88,1,20.45
73515,31871,2025-09-30,3757,Site,88,4,81.81
73516,31872,2025-09-30,593,Réseaux,23,1,20.5
73517,31873,2025-09-30,3835,Site,84,1,22.56
73518,31874,2025-09-30,3717,Boutique,73,1,5.05
73519,31875,2025-09-30,3117,Site,57,1,17.41
73520,31875,2025-09-30,3117,Site,102,1,20.5
73521,31876,2025-09-30,4262,Site,90,1,74.06
73522,31876,2025-09-30,4262,Site,89,1,68.91
73523,31876,2025-09-30,4262,Site,48,1,28.74
73524,31876,2025-09-30,4262,Site,24,1,34.92
73525,31876,2025-09-30,4262,Site,102,1,20.5
73526,31876,2025-09-30,4262,Site,69,1,8.14
73527,31877,2025-09-30,2797,Site,93,1,51.4
73528,31878,2025-09-30,2575,Boutique,78,1,7.11
73529,31878,2025-09-30,2575,Boutique,16,1,10.2
73530,31878,2025-09-30,2575,Boutique,4,2,80.14
73531,31878,2025-09-30,2575,Boutique,63,1,4.02
73532,31879,2025-09-30,3941,Site,1,1,44.19
73533,31879,2025-09-30,3941,Site,5,2,104.86
73534,31879,2025-09-30,3941,Site,78,2,14.22
73535,31880,2025-09-30,3075,Réseaux,67,1,2.99
73536,31880,2025-09-30,3075,Réseaux,104,1,32.86
73537,31880,2025-09-30,3075,Réseaux,88,1,21.53
73538,31881,2025-09-30,1596,Réseaux,11,1,59.64
73539,31882,2025-09-30,1298,Boutique,86,1,157.49
73540,31882,2025-09-30,1298,Boutique,7,1,17.41
73541,31883,2025-09-30,1518,Site,63,1,4.02
73542,31883,2025-09-30,1518,Site,95,2,49.24
73543,31883,2025-09-30,1518,Site,6,1,44.19
