id_ligne,id_commande,date_commande,id_client,canal,id_produit,quantite,montant
79647,34543,2025-12-01,3086,Site,51,1,17.41
79648,34543,2025-12-01,3086,Site,57,2,34.82
79649,34544,2025-12-01,4253,Boutique,108,1,46.25
79650,34544,2025-12-01,4253,Boutique,11,1,59.64
79651,34545,2025-12-01,4946,Boutique,25,1,26.68
79652,34545,2025-12-01,4946,Boutique,84,2,45.12
79653,34546,2025-12-01,1883,Site,46,3,101.67
79654,34546,2025-12-01,1883,Site,105,1,17.41
79655,34546,2025-12-01,1883,Site,97,1,8.14
79656,34546,2025-12-01,1883,Site,47,1,34.92
79657,34547,2025-12-01,2894,Boutique,36,1,65.46
79658,34547,2025-12-01,2894,Boutique,41,1,28.28
79659,34548,2025-12-01,4666,Site,70,2,28.64
79660,34548,2025-12-01,4666,Site,25,1,26.68
79661,34548,2025-12-01,4666,Site,45,1,66.85
79662,34549,2025-12-01,4559,Site,50,1,73.03
79663,34550,2025-12-01,499,Site,65,1,18.44
79664,34550,2025-12-01,499,Site,47,1,34.92
79665,34551,2025-12-01,1206,Boutique,66,1,9.17
79666,34551,2025-12-01,1206,Boutique,91,1,89.51
79667,34551,2025-12-01,1206,Boutique,3,1,39.04
79668,34552,2025-12-01,3419,Site,15,1,12.26
79669,34552,2025-12-01,3419,Site,68,1,21.53
79670,34552,2025-12-01,3419,Site,63,1,4.02
79671,34553,2025-12-01,1765,Site,18,1,12.63
79672,34553,2025-12-01,1765,Site,2,1,38.07
79673,34553,2025-12-01,1765,Site,43,1,23.39
79674,34554,2025-12-01,3964,Boutique,57,1,17.41
79675,34554,2025-12-01,3964,Boutique,10,1,51.4
79676,34555,2025-12-01,5574,Réseaux,5,1,52.43
79677,34556,2025-12-01,970,Boutique,104,3,98.58
79678,34557,2025-12-01,3247,Site,41,1,29.77
79679,34557,2025-12-01,3247,Site,41,1,29.77
79680,34557,2025-12-01,3247,Site,26,1,64.79
79681,34557,2025-12-01,3247,Site,20,2,57.48
79682,34558,2025-12-01,4633,Site,48,1,28.74
79683,34559,2025-12-01,5146,Site,41,1,29.77
79684,34560,2025-12-01,469,Site,24,1,34.92
79685,34560,2025-12-01,469,Site,96,3,36.78
79686,34561,2025-12-01,4898,Réseaux,28,1,50.37
79687,34561,2025-12-01,4898,Réseaux,45,1,66.85
79688,34561,2025-12-01,4898,Réseaux,19,1,30.8
79689,34561,2025-12-01,4898,Réseaux,87,1,121.44
79690,34561,2025-12-01,4898,Réseaux,15,2,24.52
79691,34561,2025-12-01,4898,Réseaux,44,1,22.56
79692,34562,2025-12-01,90,Réseaux,54,1,56.55
79693,34562,2025-12-01,90,Réseaux,52,1,50.37
79694,34563,2025-12-01,3988,Boutique,63,1,4.02
79695,34563,2025-12-01,3988,Boutique,84,1,22.56
79696,34564,2025-12-01,2735,Site,11,1,59.64
79697,34564,2025-12-01,2735,Site,31,2,45.12
79698,34565,2025-12-01,1737,Site,83,1,76.12
79699,34566,2025-12-01,1265,Boutique,11,2,119.28
79700,34566,2025-12-01,1265,Boutique,50,1,73.03
79701,34566,2025-12-01,1265,Boutique,57,1,17.41
79702,34567,2025-12-01,5513,Site,6,1,41.98
79703,34567,2025-12-01,5513,Site,49,2,58.52
79704,34568,2025-12-01,1394,Boutique,41,1,29.77
79705,34569,2025-12-01,3536,Boutique,49,1,30.8
79706,34570,2025-12-01,694,Site,16,1,10.2
79707,34571,2025-12-01,1463,Boutique,33,1,130.71
79708,34571,2025-12-01,1463,Boutique,3,4,156.16
79709,34572,2025-12-01,4341,Site,48,2,57.48
79710,34572,2025-12-01,4341,Site,43,1,24.62
79711,34573,2025-12-01,3126,Site,25,2,53.36
79712,34573,2025-12-01,3126,Site,65,1,18.44
79713,34573,2025-12-01,3126,Site,9,3,132.57
79714,34574,2025-12-01,447,Boutique,47,1,34.92
79715,34574,2025-12-01,447,Boutique,51,1,17.41
79716,34575,2025-12-01,1650,Boutique,58,1,36.98
79717,34575,2025-12-01,1650,Boutique,74,1,21.53
79718,34576,2025-12-01,5106,Site,61,1,11.23
79719,34577,2025-12-01,1315,Boutique,42,1,29.77
79720,34577,2025-12-01,1315,Boutique,14,2,82.2
79721,34578,2025-12-01,4521,Boutique,46,1,33.89
79722,34578,2025-12-01,4521,Boutique,62,1,2.99
79723,34578,2025-12-01,4521,Boutique,103,1,29.77
79724,34579,2025-12-01,1049,Réseaux,62,1,2.99
79725,34579,2025-12-01,1049,Réseaux,46,1,33.89
79726,34579,2025-12-01,1049,Réseaux,15,2,24.52
79727,34579,2025-12-01,1049,Réseaux,20,2,57.48
79728,34580,2025-12-01,579,Site,6,3,132.57
79729,34580,2025-12-01,579,Site,58,1,36.98
79730,34580,2025-12-01,579,Site,51,1,17.41
79731,34581,2025-12-01,2541,Site,108,1,43.94
79732,34581,2025-12-01,2541,Site,42,1,28.28
79733,34581,2025-12-01,2541,Site,13,3,158.23
79734,34582,2025-12-01,3308,Boutique,69,4,32.56
79735,34582,2025-12-01,3308,Boutique,13,1,55.52
79736,34583,2025-12-01,2820,Boutique,6,1,44.19
79737,34583,2025-12-01,2820,Boutique,52,1,50.37
79738,34583,2025-12-01,2820,Boutique,6,1,44.19
79739,34584,2025-12-01,614,Site,42,1,28.28
79740,34584,2025-12-01,614,Site,6,1,41.98
79741,34585,2025-12-01,3605,Site,44,1,22.56
79742,34586,2025-12-01,3905,Site,41,2,59.54
79743,34586,2025-12-01,3905,Site,29,1,57.58
79744,34587,2025-12-01,1017,Site,13,2,111.04
79745,34587,2025-12-01,1017,Site,2,1,40.07
79746,34587,2025-12-01,1017,Site,112,1,26.68
79747,34588,2025-12-01,5577,Site,27,1,108.05
79748,34588,2025-12-01,5577,Site,63,1,4.02
79749,34588,2025-12-01,5577,Site,66,1,9.17
79750,34588,2025-12-01,5577,Site,20,1,28.74
79751,34589,2025-12-01,3831,Site,27,2,216.1
79752,34589,2025-12-01,3831,Site,58,1,36.98
79753,34589,2025-12-01,3831,Site,41,2,59.54
79754,34590,2025-12-01,5384,Boutique,6,1,44.19
79755,34590,2025-12-01,5384,Boutique,60,1,31.83
79756,34591,2025-12-01,3961,Site,98,2,187.26
79757,34591,2025-12-01,3961,Site,33,2,261.42
79758,34592,2025-12-01,1931,Boutique,25,1,26.68
79759,34593,2025-12-01,389,Boutique,55,1,65.82
79760,34593,2025-12-01,389,Boutique,106,1,45.22
79761,34594,2025-12-01,2609,Site,32,1,24.62
79762,34594,2025-12-01,2609,Site,107,1,15.35
79763,34595,2025-12-01,534,Boutique,31,2,45.12
79764,34595,2025-12-01,534,Boutique,34,1,109.08
79765,34596,2025-12-01,4512,Site,85,1,11.23
79766,34596,2025-12-01,4512,Site,27,1,108.05
79767,34597,2025-12-01,1334,Boutique,1,2,88.38
79768,34597,2025-12-01,1334,Boutique,102,1,20.5
79769,34598,2025-12-01,1082,Site,21,1,13.29
79770,34599,2025-12-01,388,Boutique,103,1,29.77
79771,34600,2025-12-12,5972,Site,120,3,33.1
79772,34600,2025-12-12,5972,Site,6,1,39.77
79773,34600,2025-12-12,5972,Site,2,1,36.06
79774,34600,2025-12-12,5972,Site,60,1,28.65
79775,34600,2025-12-12,5972,Site,109,1,25.87
79776,34601,2025-12-01,4757,Boutique,26,1,64.79
79777,34601,2025-12-01,4757,Boutique,23,1,20.5
79778,34602,2025-12-01,2773,Boutique,54,1,56.55
79779,34602,2025-12-01,2773,Boutique,61,1,11.23
79780,34602,2025-12-01,2773,Boutique,103,1,29.77
79781,34603,2025-12-01,3949,Réseaux,63,2,8.04
79782,34603,2025-12-01,3949,Réseaux,50,1,73.03
79783,34603,2025-12-01,3949,Réseaux,41,1,29.77
79784,34604,2025-12-01,494,Boutique,102,1,20.5
79785,34605,2025-12-01,49,Boutique,120,1,11.65
79786,34605,2025-12-01,49,Boutique,85,1,10.67
79787,34606,2025-12-01,4762,Boutique,43,1,24.62
79788,34607,2025-12-01,1589,Site,51,1,17.41
79789,34607,2025-12-01,1589,Site,41,1,29.77
79790,34608,2025-12-02,4047,Site,13,2,111.04
79791,34608,2025-12-02,4047,Site,62,1,2.99
79792,34608,2025-12-02,4047,Site,25,2,53.36
79793,34609,2025-12-02,532,Réseaux,49,1,30.8
79794,34610,2025-12-02,5688,Site,30,3,157.29
79795,34610,2025-12-02,5688,Site,14,2,82.2
79796,34610,2025-12-02,5688,Site,11,1,59.64
79797,34610,2025-12-02,5688,Site,64,1,10.2
79798,34611,2025-12-02,3648,Site,41,1,29.77
79799,34612,2025-12-02,5502,Site,113,1,10.2
79800,34612,2025-12-02,5502,Site,101,1,19.47
79801,34612,2025-12-02,5502,Site,117,1,12.26
79802,34613,2025-12-02,2382,Site,62,1,2.99
79803,34613,2025-12-02,2382,Site,110,1,26.68
79804,34614,2025-12-02,3401,Boutique,45,1,66.85
79805,34614,2025-12-02,3401,Boutique,45,1,66.85
79806,34614,2025-12-02,3401,Boutique,8,1,35.95
79807,34615,2025-12-02,1699,Boutique,21,1,13.29
79808,34615,2025-12-02,1699,Boutique,49,1,30.8
79809,34615,2025-12-02,1699,Boutique,66,2,18.34
79810,34616,2025-12-02,2309,Réseaux,33,1,130.71
79811,34617,2025-12-02,1852,Boutique,37,1,38.01
79812,34617,2025-12-02,1852,Boutique,47,3,104.76
79813,34617,2025-12-02,1852,Boutique,23,2,41.0
79814,34618,2025-12-02,3184,Site,27,1,108.05
79815,34618,2025-12-02,3184,Site,40,1,77.15
79816,34619,2025-12-02,2211,Boutique,46,1,33.89
79817,34620,2025-12-02,253,Site,80,1,19.47
79818,34620,2025-12-02,253,Site,69,1,8.14
79819,34621,2025-12-02,1540,Site,20,1,28.74
79820,34621,2025-12-02,1540,Site,48,1,28.74
79821,34621,2025-12-02,1540,Site,35,1,16.38
79822,34622,2025-12-02,5530,Boutique,38,1,32.86
79823,34622,2025-12-02,5530,Boutique,25,1,26.68
79824,34622,2025-12-02,5530,Boutique,92,2,24.52
79825,34623,2025-12-02,4593,Site,54,1,56.55
79826,34623,2025-12-02,4593,Site,103,1,29.77
79827,34623,2025-12-02,4593,Site,101,1,19.47
79828,34624,2025-12-02,2874,Boutique,48,1,28.74
79829,34624,2025-12-02,2874,Boutique,53,1,20.5
79830,34624,2025-12-02,2874,Boutique,70,1,14.32
79831,34624,2025-12-02,2874,Boutique,60,1,31.83
79832,34625,2025-12-02,3404,Boutique,14,2,82.2
79833,34625,2025-12-02,3404,Boutique,29,1,57.58
79834,34625,2025-12-02,3404,Boutique,25,2,53.36
79835,34626,2025-12-02,494,Site,2,1,40.07
79836,34626,2025-12-02,494,Site,85,1,11.23
79837,34627,2025-12-02,1456,Site,47,1,34.92
79838,34627,2025-12-02,1456,Site,10,1,51.4
79839,34628,2025-12-02,64,Site,22,1,52.43
79840,34629,2025-12-02,4107,Site,83,1,76.12
79841,34630,2025-12-02,5206,Site,42,1,29.77
79842,34630,2025-12-02,5206,Site,3,2,78.08
79843,34631,2025-12-02,510,Boutique,87,1,121.44
79844,34631,2025-12-02,510,Boutique,41,1,29.77
79845,34631,2025-12-02,510,Boutique,65,1,18.44
79846,34632,2025-12-02,5820,Site,26,1,64.79
79847,34632,2025-12-02,5820,Site,89,1,68.91
79848,34632,2025-12-02,5820,Site,89,1,68.91
79849,34632,2025-12-02,5820,Site,62,2,5.98
79850,34633,2025-12-02,2157,Réseaux,112,1,26.68
79851,34633,2025-12-02,2157,Réseaux,83,1,76.12
79852,34633,2025-12-02,2157,Réseaux,25,1,26.68
79853,34634,2025-12-02,1820,Réseaux,95,1,24.62
79854,34634,2025-12-02,1820,Réseaux,43,1,24.62
79855,34635,2025-12-02,607,Site,113,2,20.4
79856,34635,2025-12-02,607,Site,27,2,216.1
79857,34635,2025-12-02,607,Site,60,3,95.49
79858,34636,2025-12-02,1729,Site,108,1,43.94
79859,34636,2025-12-02,1729,Site,44,1,21.43
79860,34636,2025-12-02,1729,Site,109,1,27.3
79861,34637,2025-12-02,3044,Site,26,1,64.79
79862,34637,2025-12-02,3044,Site,43,1,24.62
79863,34637,2025-12-02,3044,Site,115,1,51.4
79864,34638,2025-12-02,4915,Site,1,1,44.19
79865,34638,2025-12-02,4915,Site,52,2,100.74
79866,34639,2025-12-02,3106,Site,102,1,19.47
79867,34640,2025-12-02,4391,Site,59,1,12.26
79868,34640,2025-12-02,4391,Site,19,1,30.8
79869,34641,2025-12-02,3538,Site,66,1,9.17
79870,34641,2025-12-02,3538,Site,36,1,68.91
79871,34641,2025-12-02,3538,Site,6,1,44.19
79872,34642,2025-12-02,4140,Boutique,2,1,40.07
79873,34642,2025-12-02,4140,Boutique,86,1,157.49
79874,34643,2025-12-02,2219,Site,111,1,10.2
79875,34644,2025-12-02,5569,Boutique,55,1,65.82
79876,34644,2025-12-02,5569,Boutique,86,1,157.49
79877,34645,2025-12-02,1478,Boutique,109,1,28.74
79878,34646,2025-12-02,5766,Boutique,86,1,157.49
79879,34647,2025-12-02,3671,Boutique,8,1,35.95
79880,34648,2025-12-02,4091,Boutique,6,1,44.19
79881,34649,2025-12-02,1306,Boutique,23,1,20.5
79882,34649,2025-12-02,1306,Boutique,1,1,44.19
79883,34650,2025-12-02,5943,Site,56,1,99.81
79884,34650,2025-12-02,5943,Site,18,1,13.29
79885,34651,2025-12-02,5270,Boutique,112,1,26.68
79886,34652,2025-12-02,3496,Site,4,1,40.07
79887,34652,2025-12-02,3496,Site,111,1,10.2
79888,34653,2025-12-02,1601,Site,47,1,34.92
79889,34653,2025-12-02,1601,Site,96,1,12.26
79890,34653,2025-12-02,1601,Site,38,1,32.86
79891,34654,2025-12-02,376,Site,5,1,52.43
79892,34654,2025-12-02,376,Site,54,1,56.55
79893,34654,2025-12-02,376,Site,107,1,15.35
79894,34655,2025-12-02,2232,Réseaux,70,1,14.32
79895,34655,2025-12-02,2232,Réseaux,69,1,8.14
79896,34655,2025-12-02,2232,Réseaux,25,1,26.68
79897,34656,2025-12-02,189,Boutique,46,2,67.78
79898,34656,2025-12-02,189,Boutique,102,1,20.5
79899,34657,2025-12-02,3503,Site,26,2,129.58
79900,34658,2025-12-02,1773,Site,4,1,40.07
79901,34658,2025-12-02,1773,Site,46,4,135.56
79902,34659,2025-12-02,1333,Site,103,1,29.77
79903,34659,2025-12-02,1333,Site,46,1,33.89
79904,34659,2025-12-02,1333,Site,26,1,64.79
79905,34660,2025-12-02,983,Réseaux,18,1,13.29
79906,34661,2025-12-02,4199,Boutique,4,2,76.13
79907,34661,2025-12-02,4199,Boutique,2,2,76.13
79908,34662,2025-12-02,4909,Site,44,1,22.56
79909,34662,2025-12-02,4909,Site,47,1,34.92
79910,34663,2025-12-02,5864,Site,44,1,22.56
79911,34663,2025-12-02,5864,Site,110,1,26.68
79912,34663,2025-12-02,5864,Site,111,2,20.4
79913,34664,2025-12-16,5981,Boutique,95,1,22.16
79914,34664,2025-12-16,5981,Boutique,24,1,31.43
79915,34665,2025-12-02,993,Site,42,1,29.77
79916,34665,2025-12-02,993,Site,6,1,44.19
79917,34666,2025-12-02,186,Réseaux,78,1,7.11
79918,34666,2025-12-02,186,Réseaux,41,1,29.77
79919,34667,2025-12-02,4194,Boutique,43,1,24.62
79920,34668,2025-12-02,5775,Site,26,1,61.55
79921,34668,2025-12-02,5775,Site,70,1,13.6
79922,34668,2025-12-02,5775,Site,63,1,3.82
79923,34669,2025-12-02,3761,Boutique,45,1,66.85
79924,34669,2025-12-02,3761,Boutique,3,1,39.04
79925,34669,2025-12-02,3761,Boutique,3,1,39.04
79926,34670,2025-12-02,5061,Boutique,42,1,29.77
79927,34670,2025-12-02,5061,Boutique,76,1,18.44
79928,34671,2025-12-02,3081,Réseaux,24,1,34.92
79929,34671,2025-12-02,3081,Réseaux,3,1,39.04
79930,34671,2025-12-02,3081,Réseaux,64,1,10.2
79931,34671,2025-12-02,3081,Réseaux,43,1,24.62
79932,34672,2025-12-02,5847,Site,11,3,178.92
79933,34672,2025-12-02,5847,Site,54,1,56.55
79934,34673,2025-12-02,5906,Site,19,1,27.72
79935,34673,2025-12-02,5906,Site,72,1,2.69
79936,34673,2025-12-02,5906,Site,61,1,10.11
79937,34673,2025-12-02,5906,Site,41,1,26.79
79938,34674,2025-12-02,2427,Site,61,1,11.23
79939,34674,2025-12-02,2427,Site,43,1,24.62
79940,34675,2025-12-02,5198,Site,52,1,50.37
79941,34675,2025-12-02,5198,Site,7,1,17.41
79942,34675,2025-12-02,5198,Site,12,1,39.04
79943,34676,2025-12-02,984,Site,47,3,104.76
79944,34676,2025-12-02,984,Site,3,1,39.04
79945,34676,2025-12-02,984,Site,46,1,33.89
79946,34677,2025-12-03,607,Site,22,1,52.43
79947,34677,2025-12-03,607,Site,46,1,33.89
79948,34678,2025-12-03,1737,Boutique,25,1,26.68
79949,34678,2025-12-03,1737,Boutique,34,1,109.08
79950,34679,2025-12-03,690,Site,25,1,26.68
79951,34679,2025-12-03,690,Site,101,1,19.47
79952,34679,2025-12-03,690,Site,101,1,19.47
79953,34680,2025-12-03,1918,Site,22,1,52.43
79954,34680,2025-12-03,1918,Site,106,1,45.22
79955,34680,2025-12-03,1918,Site,62,1,2.99
79956,34681,2025-12-03,2471,Boutique,27,1,108.05
79957,34681,2025-12-03,2471,Boutique,5,1,52.43
79958,34681,2025-12-03,2471,Boutique,61,1,11.23
79959,34681,2025-12-03,2471,Boutique,55,3,197.46
79960,34682,2025-12-03,2410,Site,44,1,22.56
79961,34682,2025-12-03,2410,Site,41,1,29.77
79962,34682,2025-12-03,2410,Site,88,1,21.53
79963,34683,2025-12-03,4710,Réseaux,45,1,66.85
79964,34683,2025-12-03,4710,Réseaux,44,1,22.56
79965,34684,2025-12-03,3422,Site,69,1,8.14
79966,34684,2025-12-03,3422,Site,36,1,68.91
79967,34685,2025-12-03,132,Boutique,21,1,13.29
79968,34685,2025-12-03,132,Boutique,4,1,40.07
79969,34686,2025-12-03,2688,Site,50,1,73.03
79970,34686,2025-12-03,2688,Site,45,1,66.85
79971,34686,2025-12-03,2688,Site,21,1,13.29
79972,34686,2025-12-03,2688,Site,58,1,36.98
79973,34687,2025-12-03,4009,Site,27,2,216.1
79974,34687,2025-12-03,4009,Site,58,1,36.98
79975,34687,2025-12-03,4009,Site,49,1,30.8
79976,34688,2025-12-03,1674,Réseaux,44,3,67.68
79977,34689,2025-12-03,303,Boutique,54,2,113.1
79978,34689,2025-12-03,303,Boutique,22,1,52.43
79979,34690,2025-12-03,535,Boutique,20,3,86.22
79980,34691,2025-12-03,3605,Boutique,45,1,66.85
79981,34691,2025-12-03,3605,Boutique,54,3,169.65
79982,34691,2025-12-03,3605,Boutique,58,1,36.98
79983,34692,2025-12-03,2356,Boutique,84,1,22.56
79984,34692,2025-12-03,2356,Boutique,5,1,52.43
79985,34692,2025-12-03,2356,Boutique,30,1,52.43
79986,34693,2025-12-03,408,Site,79,1,5.05
79987,34693,2025-12-03,408,Site,11,2,119.28
79988,34694,2025-12-03,431,Boutique,38,2,65.72
79989,34695,2025-12-03,3098,Boutique,47,2,69.84
79990,34696,2025-12-03,2687,Site,41,2,59.54
79991,34696,2025-12-03,2687,Site,105,1,17.41
79992,34696,2025-12-03,2687,Site,13,1,55.52
79993,34696,2025-12-03,2687,Site,86,1,157.49
79994,34696,2025-12-03,2687,Site,41,1,29.77
79995,34697,2025-12-03,1320,Site,108,1,46.25
79996,34697,2025-12-03,1320,Site,60,1,31.83
79997,34697,2025-12-03,1320,Site,86,1,157.49
79998,34698,2025-12-03,3737,Boutique,2,1,40.07
79999,34698,2025-12-03,3737,Boutique,50,2,146.06
80000,34699,2025-12-03,3330,Boutique,25,1,26.68
80001,34699,2025-12-03,3330,Boutique,62,1,2.99
80002,34700,2025-12-03,892,Boutique,46,1,33.89
80003,34700,2025-12-03,892,Boutique,47,1,34.92
80004,34700,2025-12-03,892,Boutique,46,1,33.89
80005,34701,2025-12-03,3330,Boutique,120,1,11.65
80006,34701,2025-12-03,3330,Boutique,69,2,15.47
80007,34702,2025-12-03,3432,Boutique,55,1,65.82
80008,34702,2025-12-03,3432,Boutique,50,1,73.03
80009,34703,2025-12-03,3632,Site,46,1,33.89
80010,34704,2025-12-03,2238,Boutique,63,2,8.04
80011,34704,2025-12-03,2238,Boutique,4,1,40.07
80012,34704,2025-12-03,2238,Boutique,49,1,30.8
80013,34704,2025-12-03,2238,Boutique,41,1,29.77
80014,34705,2025-12-03,3652,Réseaux,49,1,30.8
80015,34706,2025-12-03,72,Boutique,13,2,111.04
80016,34706,2025-12-03,72,Boutique,29,3,172.74
80017,34706,2025-12-03,72,Boutique,76,1,18.44
80018,34706,2025-12-03,72,Boutique,101,1,19.47
80019,34707,2025-12-03,4440,Boutique,65,1,18.44
80020,34707,2025-12-03,4440,Boutique,36,1,68.91
80021,34707,2025-12-03,4440,Boutique,42,1,29.77
80022,34708,2025-12-03,3090,Boutique,41,1,28.28
80023,34708,2025-12-03,3090,Boutique,43,1,23.39
80024,34708,2025-12-03,3090,Boutique,38,2,62.43
80025,34708,2025-12-03,3090,Boutique,106,1,42.96
80026,34709,2025-12-03,1788,Site,27,1,108.05
80027,34709,2025-12-03,1788,Site,24,1,34.92
80028,34710,2025-12-03,68,Site,45,1,66.85
80029,34710,2025-12-03,68,Site,49,1,30.8
80030,34710,2025-12-03,68,Site,41,1,29.77
80031,34711,2025-12-03,4165,Site,26,1,64.79
80032,34711,2025-12-03,4165,Site,41,1,29.77
80033,34711,2025-12-03,4165,Site,10,1,51.4
80034,34712,2025-12-03,1826,Boutique,53,1,20.5
80035,34712,2025-12-03,1826,Boutique,42,1,29.77
80036,34712,2025-12-03,1826,Boutique,60,3,95.49
80037,34713,2025-12-03,2953,Site,65,1,18.44
80038,34713,2025-12-03,2953,Site,3,1,39.04
80039,34713,2025-12-03,2953,Site,37,1,38.01
80040,34714,2025-12-03,4812,Site,51,1,17.41
80041,34714,2025-12-03,4812,Site,62,1,2.99
80042,34715,2025-12-03,3794,Site,36,1,68.91
80043,34715,2025-12-03,3794,Site,80,2,38.94
80044,34715,2025-12-03,3794,Site,6,1,44.19
80045,34716,2025-12-03,2575,Site,52,1,50.37
80046,34716,2025-12-03,2575,Site,26,1,64.79
80047,34716,2025-12-03,2575,Site,104,1,32.86
80048,34717,2025-12-03,664,Site,6,1,44.19
80049,34717,2025-12-03,664,Site,49,1,30.8
80050,34717,2025-12-03,664,Site,2,1,40.07
80051,34718,2025-12-03,2734,Réseaux,31,1,22.56
80052,34718,2025-12-03,2734,Réseaux,27,1,108.05
80053,34718,2025-12-03,2734,Réseaux,22,1,52.43
80054,34719,2025-12-04,1112,Site,49,2,61.6
80055,34719,2025-12-04,1112,Site,43,1,24.62
80056,34720,2025-12-04,2246,Réseaux,16,1,10.2
80057,34721,2025-12-04,5281,Site,81,2,32.76
80058,34721,2025-12-04,5281,Site,104,1,32.86
80059,34722,2025-12-04,3275,Site,42,1,29.77
80060,34722,2025-12-04,3275,Site,43,1,24.62
80061,34723,2025-12-04,709,Site,11,2,119.28
80062,34723,2025-12-04,709,Site,14,1,41.1
80063,34724,2025-12-04,4317,Boutique,25,1,26.68
80064,34724,2025-12-04,4317,Boutique,27,1,108.05
80065,34725,2025-12-04,2618,Site,32,1,24.62
80066,34725,2025-12-04,2618,Site,44,1,22.56
80067,34726,2025-12-04,1405,Site,47,1,34.92
80068,34726,2025-12-04,1405,Site,15,1,12.26
80069,34727,2025-12-04,2943,Site,5,2,104.86
80070,34728,2025-12-04,3247,Réseaux,41,1,29.77
80071,34728,2025-12-04,3247,Réseaux,63,1,4.02
80072,34729,2025-12-04,5595,Site,32,1,24.62
80073,34729,2025-12-04,5595,Site,43,1,24.62
80074,34730,2025-12-04,2863,Site,50,1,73.03
80075,34730,2025-12-04,2863,Site,3,3,117.12
80076,34731,2025-12-04,67,Site,48,1,27.3
80077,34731,2025-12-04,67,Site,41,1,28.28
80078,34732,2025-12-04,3043,Site,49,1,29.26
80079,34733,2025-12-04,2701,Boutique,48,1,28.74
80080,34733,2025-12-04,2701,Boutique,27,1,108.05
80081,34734,2025-12-04,4218,Site,5,1,52.43
80082,34735,2025-12-04,5327,Réseaux,74,1,21.53
80083,34735,2025-12-04,5327,Réseaux,44,1,22.56
80084,34736,2025-12-04,3606,Site,82,1,79.21
80085,34736,2025-12-04,3606,Site,106,1,45.22
80086,34736,2025-12-04,3606,Site,75,1,7.11
80087,34737,2025-12-04,2998,Boutique,84,1,22.56
80088,34737,2025-12-04,2998,Boutique,108,1,46.25
80089,34737,2025-12-04,2998,Boutique,81,1,16.38
80090,34737,2025-12-04,2998,Boutique,82,1,79.21
80091,34738,2025-12-04,4487,Site,90,1,74.06
80092,34739,2025-12-04,2527,Site,72,1,2.99
80093,34740,2025-12-04,5246,Boutique,32,1,24.62
80094,34740,2025-12-04,5246,Boutique,42,1,29.77
80095,34740,2025-12-04,5246,Boutique,1,1,44.19
80096,34741,2025-12-04,3238,Site,43,1,24.62
80097,34741,2025-12-04,3238,Site,101,1,19.47
80098,34742,2025-12-04,3871,Boutique,31,1,22.56
80099,34742,2025-12-04,3871,Boutique,80,1,19.47
80100,34742,2025-12-04,3871,Boutique,57,3,52.23
80101,34743,2025-12-04,2640,Site,21,1,13.29
80102,34744,2025-12-04,1949,Site,21,1,13.29
80103,34744,2025-12-04,1949,Site,60,1,31.83
80104,34744,2025-12-04,1949,Site,23,2,41.0
80105,34745,2025-12-04,4971,Réseaux,26,1,64.79
80106,34746,2025-12-04,744,Site,63,2,8.04
80107,34746,2025-12-04,744,Site,42,1,29.77
80108,34747,2025-12-04,40,Site,49,1,30.8
80109,34747,2025-12-04,40,Site,46,1,33.89
80110,34747,2025-12-04,40,Site,7,1,17.41
80111,34747,2025-12-04,40,Site,2,1,40.07
80112,34748,2025-12-04,4776,Site,116,3,212.91
80113,34748,2025-12-04,4776,Site,21,1,13.29
80114,34749,2025-12-04,3624,Boutique,3,1,39.04
80115,34749,2025-12-04,3624,Boutique,42,1,29.77
80116,34749,2025-12-04,3624,Boutique,55,1,65.82
80117,34749,2025-12-04,3624,Boutique,43,1,24.62
80118,34750,2025-12-04,4685,Boutique,82,1,79.21
80119,34751,2025-12-04,626,Boutique,98,1,93.63
80120,34751,2025-12-04,626,Boutique,44,1,22.56
80121,34751,2025-12-04,626,Boutique,46,2,67.78
80122,34751,2025-12-04,626,Boutique,43,1,24.62
80123,34752,2025-12-04,5422,Boutique,81,1,16.38
80124,34752,2025-12-04,5422,Boutique,79,1,5.05
80125,34752,2025-12-04,5422,Boutique,22,1,52.43
80126,34753,2025-12-04,5324,Site,64,1,10.2
80127,34754,2025-12-04,3950,Réseaux,77,1,22.56
80128,34754,2025-12-04,3950,Réseaux,47,1,34.92
80129,34755,2025-12-04,2391,Boutique,71,1,21.53
80130,34755,2025-12-04,2391,Boutique,57,1,17.41
80131,34755,2025-12-04,2391,Boutique,21,1,13.29
80132,34755,2025-12-04,2391,Boutique,87,1,121.44
80133,34756,2025-12-04,101,Site,64,1,10.2
80134,34756,2025-12-04,101,Site,112,3,80.04
80135,34756,2025-12-04,101,Site,95,1,24.62
80136,34756,2025-12-04,101,Site,3,3,117.12
80137,34757,2025-12-04,3316,Boutique,116,1,70.97
80138,34757,2025-12-04,3316,Boutique,25,1,26.68
80139,34758,2025-12-04,4929,Site,3,1,39.04
80140,34758,2025-12-04,4929,Site,71,1,21.53
80141,34758,2025-12-04,4929,Site,3,1,39.04
80142,34758,2025-12-04,4929,Site,6,1,44.19
80143,34759,2025-12-04,5032,Réseaux,9,1,44.19
80144,34760,2025-12-04,537,Site,44,1,22.56
80145,34760,2025-12-04,537,Site,106,1,45.22
80146,34760,2025-12-04,537,Site,56,1,99.81
80147,34761,2025-12-04,2309,Site,15,1,12.26
80148,34761,2025-12-04,2309,Site,48,1,28.74
80149,34762,2025-12-04,1395,Boutique,42,2,56.56
80150,34762,2025-12-04,1395,Boutique,42,1,28.28
80151,34762,2025-12-04,1395,Boutique,83,1,72.31
80152,34762,2025-12-04,1395,Boutique,51,1,16.54
80153,34762,2025-12-04,1395,Boutique,64,1,9.69
80154,34763,2025-12-04,2327,Réseaux,6,1,44.19
80155,34763,2025-12-04,2327,Réseaux,117,1,12.26
80156,34764,2025-12-04,1137,Site,109,1,28.74
80157,34765,2025-12-04,25,Réseaux,102,4,82.0
80158,34765,2025-12-04,25,Réseaux,42,1,29.77
80159,34766,2025-12-04,4782,Réseaux,73,1,5.05
80160,34767,2025-12-04,3568,Site,70,1,14.32
80161,34767,2025-12-04,3568,Site,1,1,44.19
80162,34768,2025-12-04,5609,Boutique,101,1,19.47
80163,34768,2025-12-04,5609,Boutique,42,1,29.77
80164,34769,2025-12-04,1940,Boutique,58,1,36.98
80165,34769,2025-12-04,1940,Boutique,22,1,52.43
80166,34769,2025-12-04,1940,Boutique,44,1,22.56
80167,34770,2025-12-04,4186,Site,44,1,22.56
80168,34770,2025-12-04,4186,Site,107,1,15.35
80169,34771,2025-12-04,510,Site,77,1,22.56
80170,34771,2025-12-04,510,Site,65,1,18.44
80171,34771,2025-12-04,510,Site,77,1,22.56
80172,34771,2025-12-04,510,Site,54,2,113.1
80173,34772,2025-12-04,3933,Boutique,74,1,21.53
80174,34772,2025-12-04,3933,Boutique,22,1,52.43
80175,34773,2025-12-04,4638,Boutique,17,1,16.38
80176,34773,2025-12-04,4638,Boutique,56,2,199.62
80177,34773,2025-12-04,4638,Boutique,10,1,51.4
80178,34774,2025-12-04,4106,Boutique,62,1,2.99
80179,34774,2025-12-04,4106,Boutique,22,1,52.43
80180,34774,2025-12-04,4106,Boutique,48,2,57.48
80181,34775,2025-12-04,1572,Boutique,85,1,11.23
80182,34775,2025-12-04,1572,Boutique,68,2,43.06
80183,34775,2025-12-04,1572,Boutique,54,1,56.55
80184,34775,2025-12-04,1572,Boutique,21,1,13.29
80185,34776,2025-12-04,310,Site,21,1,13.29
80186,34776,2025-12-04,310,Site,49,1,30.8
80187,34777,2025-12-04,2204,Réseaux,69,1,8.14
80188,34777,2025-12-04,2204,Réseaux,12,1,39.04
80189,34777,2025-12-04,2204,Réseaux,1,1,44.19
80190,34777,2025-12-04,2204,Réseaux,83,1,76.12
80191,34778,2025-12-04,1726,Site,7,1,17.41
80192,34778,2025-12-04,1726,Site,65,2,36.88
80193,34778,2025-12-04,1726,Site,47,1,34.92
80194,34779,2025-12-04,5356,Boutique,65,1,18.44
80195,34779,2025-12-04,5356,Boutique,108,1,46.25
80196,34779,2025-12-04,5356,Boutique,22,1,52.43
80197,34779,2025-12-04,5356,Boutique,35,1,16.38
80198,34780,2025-12-04,172,Boutique,57,1,17.41
80199,34780,2025-12-04,172,Boutique,57,1,17.41
80200,34781,2025-12-04,1890,Site,26,1,64.79
80201,34781,2025-12-04,1890,Site,90,2,148.12
80202,34781,2025-12-04,1890,Site,47,1,34.92
80203,34781,2025-12-04,1890,Site,22,1,52.43
80204,34781,2025-12-04,1890,Site,53,1,20.5
80205,34782,2025-12-04,1134,Site,11,1,59.64
80206,34782,2025-12-04,1134,Site,107,1,15.35
80207,34782,2025-12-04,1134,Site,71,1,21.53
80208,34783,2025-12-04,1436,Boutique,34,1,103.63
80209,34783,2025-12-04,1436,Boutique,21,1,12.63
80210,34783,2025-12-04,1436,Boutique,4,1,38.07
80211,34784,2025-12-04,4204,Boutique,73,1,5.05
80212,34785,2025-12-05,652,Boutique,12,1,39.04
80213,34785,2025-12-05,652,Boutique,48,1,28.74
80214,34786,2025-12-05,4218,Boutique,2,4,160.28
80215,34786,2025-12-05,4218,Boutique,113,2,20.4
80216,34786,2025-12-05,4218,Boutique,22,2,104.86
80217,34787,2025-12-05,5268,Boutique,28,1,50.37
80218,34788,2025-12-05,307,Site,55,1,65.82
80219,34789,2025-12-05,2723,Réseaux,27,1,108.05
80220,34790,2025-12-05,132,Site,43,3,73.86
80221,34790,2025-12-05,132,Site,105,2,34.82
80222,34790,2025-12-05,132,Site,58,1,36.98
80223,34791,2025-12-05,1461,Site,35,1,16.38
80224,34791,2025-12-05,1461,Site,52,1,50.37
80225,34792,2025-12-05,5785,Boutique,63,1,4.02
80226,34792,2025-12-05,5785,Boutique,30,1,52.43
80227,34793,2025-12-05,3652,Boutique,42,1,29.77
80228,34793,2025-12-05,3652,Boutique,12,1,39.04
80229,34793,2025-12-05,3652,Boutique,105,1,17.41
80230,34794,2025-12-05,4841,Site,25,1,26.68
80231,34794,2025-12-05,4841,Site,55,1,65.82
80232,34794,2025-12-05,4841,Site,114,1,19.47
80233,34795,2025-12-05,4562,Site,23,1,20.5
80234,34795,2025-12-05,4562,Site,46,2,67.78
80235,34795,2025-12-05,4562,Site,58,1,36.98
80236,34796,2025-12-05,1783,Boutique,52,1,50.37
80237,34796,2025-12-05,1783,Boutique,68,2,43.06
80238,34797,2025-12-05,3397,Boutique,113,1,10.2
80239,34797,2025-12-05,3397,Boutique,3,1,39.04
80240,34797,2025-12-05,3397,Boutique,54,1,56.55
80241,34798,2025-12-05,601,Boutique,56,3,299.43
80242,34798,2025-12-05,601,Boutique,47,1,34.92
80243,34799,2025-12-05,2221,Boutique,40,2,154.3
80244,34799,2025-12-05,2221,Boutique,44,1,22.56
80245,34800,2025-12-05,105,Site,16,1,10.2
80246,34800,2025-12-05,105,Site,45,1,66.85
80247,34801,2025-12-05,2317,Site,24,3,104.76
80248,34802,2025-12-05,2788,Boutique,51,1,17.41
80249,34802,2025-12-05,2788,Boutique,5,1,52.43
80250,34802,2025-12-05,2788,Boutique,90,1,74.06
80251,34803,2025-12-05,2917,Site,66,1,9.17
80252,34804,2025-12-05,1166,Réseaux,84,1,22.56
80253,34805,2025-12-05,3570,Réseaux,104,1,32.86
80254,34805,2025-12-05,3570,Réseaux,4,1,40.07
80255,34805,2025-12-05,3570,Réseaux,43,1,24.62
80256,34805,2025-12-05,3570,Réseaux,101,1,19.47
80257,34806,2025-12-05,5434,Site,70,1,14.32
80258,34806,2025-12-05,5434,Site,19,1,30.8
80259,34806,2025-12-05,5434,Site,104,1,32.86
80260,34807,2025-12-05,2065,Site,44,2,45.12
80261,34807,2025-12-05,2065,Site,21,1,13.29
80262,34807,2025-12-05,2065,Site,47,1,34.92
80263,34808,2025-12-05,4617,Boutique,8,1,35.95
80264,34808,2025-12-05,4617,Boutique,22,1,52.43
80265,34808,2025-12-05,4617,Boutique,112,1,26.68
80266,34809,2025-12-05,2907,Boutique,32,1,24.62
80267,34810,2025-12-05,2913,Site,82,1,75.25
80268,34810,2025-12-05,2913,Site,22,1,49.81
80269,34811,2025-12-05,1222,Boutique,33,2,261.42
80270,34812,2025-12-05,3376,Boutique,112,1,26.68
80271,34813,2025-12-05,4692,Site,58,1,36.98
80272,34813,2025-12-05,4692,Site,47,1,34.92
80273,34813,2025-12-05,4692,Site,10,1,51.4
80274,34814,2025-12-05,5779,Site,31,1,22.56
80275,34814,2025-12-05,5779,Site,32,1,24.62
80276,34815,2025-12-05,1712,Boutique,61,1,11.23
80277,34816,2025-12-05,4889,Boutique,67,1,2.99
80278,34816,2025-12-05,4889,Boutique,109,1,28.74
80279,34817,2025-12-05,3875,Site,20,1,28.74
80280,34817,2025-12-05,3875,Site,51,1,17.41
80281,34817,2025-12-05,3875,Site,14,2,82.2
80282,34817,2025-12-05,3875,Site,49,1,30.8
80283,34818,2025-12-05,4085,Réseaux,13,1,55.52
80284,34818,2025-12-05,4085,Réseaux,71,1,21.53
80285,34818,2025-12-05,4085,Réseaux,56,1,99.81
80286,34818,2025-12-05,4085,Réseaux,26,1,64.79
80287,34818,2025-12-05,4085,Réseaux,107,3,46.05
80288,34819,2025-12-05,70,Boutique,42,1,28.28
80289,34819,2025-12-05,70,Boutique,48,2,54.61
80290,34820,2025-12-05,3960,Site,52,1,47.85
80291,34820,2025-12-05,3960,Site,6,2,83.96
80292,34820,2025-12-05,3960,Site,44,1,21.43
80293,34821,2025-12-05,310,Réseaux,47,1,34.92
80294,34822,2025-12-05,5206,Boutique,26,1,64.79
80295,34823,2025-12-05,2904,Boutique,76,2,36.88
80296,34823,2025-12-05,2904,Boutique,13,1,55.52
80297,34823,2025-12-05,2904,Boutique,43,1,24.62
80298,34823,2025-12-05,2904,Boutique,15,1,12.26
80299,34824,2025-12-05,3308,Boutique,101,1,19.47
80300,34824,2025-12-05,3308,Boutique,43,1,24.62
80301,34825,2025-12-05,4620,Réseaux,110,1,26.68
80302,34825,2025-12-05,4620,Réseaux,65,1,18.44
80303,34825,2025-12-05,4620,Réseaux,59,1,12.26
80304,34825,2025-12-05,4620,Réseaux,28,1,50.37
80305,34825,2025-12-05,4620,Réseaux,104,1,32.86
80306,34826,2025-12-05,1569,Site,103,1,29.77
80307,34826,2025-12-05,1569,Site,34,3,327.24
80308,34827,2025-12-05,1206,Site,70,1,14.32
80309,34827,2025-12-05,1206,Site,75,1,7.11
80310,34827,2025-12-05,1206,Site,108,2,92.5
80311,34828,2025-12-05,4109,Site,79,1,5.05
80312,34828,2025-12-05,4109,Site,104,1,32.86
80313,34829,2025-12-05,3545,Boutique,71,1,21.53
80314,34830,2025-12-05,584,Site,29,1,57.58
80315,34830,2025-12-05,584,Site,47,1,34.92
80316,34830,2025-12-05,584,Site,104,1,32.86
80317,34830,2025-12-05,584,Site,2,1,40.07
80318,34831,2025-12-05,4274,Boutique,118,2,24.52
80319,34832,2025-12-05,1182,Site,12,1,39.04
80320,34832,2025-12-05,1182,Site,34,1,109.08
80321,34833,2025-12-05,163,Site,101,1,19.47
80322,34833,2025-12-05,163,Site,20,1,28.74
80323,34833,2025-12-05,163,Site,41,1,29.77
80324,34834,2025-12-05,1174,Site,111,1,10.2
80325,34834,2025-12-05,1174,Site,31,1,22.56
80326,34834,2025-12-05,1174,Site,36,1,68.91
80327,34834,2025-12-05,1174,Site,51,1,17.41
80328,34834,2025-12-05,1174,Site,31,1,22.56
80329,34835,2025-12-05,2564,Site,52,1,47.85
80330,34836,2025-12-05,1274,Réseaux,84,1,22.56
80331,34836,2025-12-05,1274,Réseaux,22,1,52.43
80332,34836,2025-12-05,1274,Réseaux,22,1,52.43
80333,34836,2025-12-05,1274,Réseaux,41,2,59.54
80334,34837,2025-12-05,592,Site,21,1,12.63
80335,34838,2025-12-05,3827,Site,41,1,29.77
80336,34838,2025-12-05,3827,Site,26,1,64.79
80337,34839,2025-12-05,4698,Réseaux,43,2,49.24
80338,34839,2025-12-05,4698,Réseaux,103,1,29.77
80339,34839,2025-12-05,4698,Réseaux,13,1,55.52
80340,34840,2025-12-23,5993,Boutique,51,1,17.41
80341,34841,2025-12-05,503,Réseaux,50,1,73.03
80342,34841,2025-12-05,503,Réseaux,109,1,28.74
80343,34841,2025-12-05,503,Réseaux,17,4,65.52
80344,34842,2025-12-05,1768,Site,49,1,30.8
80345,34842,2025-12-05,1768,Site,80,1,19.47
80346,34843,2025-12-05,3727,Site,69,1,8.14
80347,34844,2025-12-05,3882,Site,59,1,12.26
80348,34845,2025-12-05,3628,Boutique,28,1,47.85
80349,34846,2025-12-05,1479,Site,61,1,11.23
80350,34846,2025-12-05,1479,Site,103,1,29.77
80351,34847,2025-12-05,3518,Boutique,44,1,22.56
80352,34847,2025-12-05,3518,Boutique,66,2,18.34
80353,34848,2025-12-05,2735,Boutique,20,1,28.74
80354,34849,2025-12-05,5543,Site,51,1,16.54
80355,34849,2025-12-05,5543,Site,102,1,19.47
80356,34849,2025-12-05,5543,Site,101,1,18.5
80357,34850,2025-12-05,90,Boutique,33,1,130.71
80358,34850,2025-12-05,90,Boutique,25,1,26.68
80359,34851,2025-12-05,276,Boutique,117,1,12.26
80360,34851,2025-12-05,276,Boutique,51,1,17.41
80361,34851,2025-12-05,276,Boutique,102,1,20.5
80362,34851,2025-12-05,276,Boutique,62,2,5.98
80363,34852,2025-12-05,5264,Site,106,1,45.22
80364,34852,2025-12-05,5264,Site,66,1,9.17
80365,34852,2025-12-05,5264,Site,41,1,29.77
80366,34852,2025-12-05,5264,Site,46,1,33.89
80367,34852,2025-12-05,5264,Site,44,1,22.56
80368,34853,2025-12-05,3358,Réseaux,40,1,77.15
80369,34853,2025-12-05,3358,Réseaux,76,1,18.44
80370,34853,2025-12-05,3358,Réseaux,25,3,80.04
80371,34853,2025-12-05,3358,Réseaux,54,3,169.65
80372,34854,2025-12-06,1012,Site,74,1,21.53
80373,34855,2025-12-06,2797,Boutique,61,1,11.23
80374,34855,2025-12-06,2797,Boutique,6,2,88.38
80375,34856,2025-12-06,1422,Boutique,6,1,44.19
80376,34856,2025-12-06,1422,Boutique,6,1,44.19
80377,34856,2025-12-06,1422,Boutique,71,2,43.06
80378,34856,2025-12-06,1422,Boutique,25,1,26.68
80379,34856,2025-12-06,1422,Boutique,50,1,73.03
80380,34856,2025-12-06,1422,Boutique,27,1,108.05
80381,34856,2025-12-06,1422,Boutique,29,1,57.58
80382,34856,2025-12-06,1422,Boutique,2,2,80.14
80383,34857,2025-12-06,5405,Site,44,1,22.56
80384,34857,2025-12-06,5405,Site,29,1,57.58
80385,34857,2025-12-06,5405,Site,58,1,36.98
80386,34858,2025-12-06,3104,Site,66,1,9.17
80387,34858,2025-12-06,3104,Site,30,1,52.43
80388,34859,2025-12-06,3652,Réseaux,17,1,16.38
80389,34859,2025-12-06,3652,Réseaux,106,1,45.22
80390,34859,2025-12-06,3652,Réseaux,103,1,29.77
80391,34859,2025-12-06,3652,Réseaux,3,1,39.04
80392,34859,2025-12-06,3652,Réseaux,45,1,66.85
80393,34860,2025-12-06,1948,Site,12,1,39.04
80394,34860,2025-12-06,1948,Site,56,2,199.62
80395,34860,2025-12-06,1948,Site,46,1,33.89
80396,34860,2025-12-06,1948,Site,44,1,22.56
80397,34860,2025-12-06,1948,Site,24,1,34.92
80398,34860,2025-12-06,1948,Site,44,1,22.56
80399,34861,2025-12-06,1038,Site,22,1,52.43
80400,34861,2025-12-06,1038,Site,13,1,55.52
80401,34861,2025-12-06,1038,Site,15,1,12.26
80402,34861,2025-12-06,1038,Site,9,1,44.19
80403,34862,2025-12-06,5497,Boutique,23,1,20.5
80404,34862,2025-12-06,5497,Boutique,43,1,24.62
80405,34862,2025-12-06,5497,Boutique,102,1,20.5
80406,34863,2025-12-06,1458,Réseaux,19,2,61.6
80407,34863,2025-12-06,1458,Réseaux,40,1,77.15
80408,34863,2025-12-06,1458,Réseaux,42,2,59.54
80409,34863,2025-12-06,1458,Réseaux,2,1,40.07
80410,34863,2025-12-06,1458,Réseaux,26,1,64.79
80411,34863,2025-12-06,1458,Réseaux,69,1,8.14
80412,34864,2025-12-06,2465,Boutique,77,1,22.56
80413,34864,2025-12-06,2465,Boutique,46,1,33.89
80414,34865,2025-12-06,594,Réseaux,72,1,2.99
80415,34866,2025-12-06,4563,Boutique,50,1,73.03
80416,34866,2025-12-06,4563,Boutique,2,2,80.14
80417,34867,2025-12-06,4812,Site,17,1,16.38
80418,34867,2025-12-06,4812,Site,89,1,68.91
80419,34868,2025-12-06,3232,Boutique,30,2,104.86
80420,34868,2025-12-06,3232,Boutique,113,1,10.2
80421,34869,2025-12-06,3546,Site,48,1,28.74
80422,34869,2025-12-06,3546,Site,104,1,32.86
80423,34870,2025-12-06,5960,Site,43,2,44.32
80424,34870,2025-12-06,5960,Site,54,1,50.9
80425,34870,2025-12-06,5960,Site,30,1,47.19
80426,34871,2025-12-06,873,Site,27,1,108.05
80427,34872,2025-12-06,2077,Boutique,43,2,49.24
80428,34873,2025-12-06,3137,Boutique,114,1,19.47
80429,34873,2025-12-06,3137,Boutique,25,1,26.68
80430,34874,2025-12-06,4782,Réseaux,7,1,17.41
80431,34875,2025-12-06,3436,Site,107,1,15.35
80432,34876,2025-12-06,3699,Boutique,51,1,16.54
80433,34877,2025-12-06,3308,Site,54,1,56.55
80434,34877,2025-12-06,3308,Site,106,1,45.22
80435,34878,2025-12-06,2696,Site,22,1,52.43
80436,34878,2025-12-06,2696,Site,8,1,35.95
80437,34878,2025-12-06,2696,Site,43,1,24.62
80438,34878,2025-12-06,2696,Site,75,2,14.22
80439,34879,2025-12-06,3069,Boutique,25,2,53.36
80440,34880,2025-12-06,1023,Boutique,20,2,57.48
80441,34880,2025-12-06,1023,Boutique,39,3,200.55
80442,34880,2025-12-06,1023,Boutique,105,1,17.41
80443,34881,2025-12-06,4640,Réseaux,88,1,21.53
80444,34882,2025-12-06,569,Boutique,22,1,52.43
80445,34882,2025-12-06,569,Boutique,22,1,52.43
80446,34883,2025-12-06,2980,Boutique,101,1,19.47
80447,34883,2025-12-06,2980,Boutique,3,1,39.04
80448,34883,2025-12-06,2980,Boutique,107,3,46.05
80449,34884,2025-12-06,775,Site,65,1,18.44
80450,34884,2025-12-06,775,Site,45,2,133.7
80451,34885,2025-12-06,2022,Site,8,1,35.95
80452,34885,2025-12-06,2022,Site,1,2,88.38
80453,34885,2025-12-06,2022,Site,44,1,22.56
80454,34885,2025-12-06,2022,Site,45,1,66.85
80455,34886,2025-12-06,4632,Boutique,6,3,132.57
80456,34886,2025-12-06,4632,Boutique,45,1,66.85
80457,34887,2025-12-06,1860,Boutique,41,1,29.77
80458,34888,2025-12-06,5324,Site,8,1,35.95
80459,34888,2025-12-06,5324,Site,19,1,30.8
80460,34889,2025-12-06,3404,Boutique,56,2,189.64
80461,34889,2025-12-06,3404,Boutique,102,1,19.47
80462,34889,2025-12-06,3404,Boutique,55,1,62.53
80463,34890,2025-12-06,4506,Réseaux,49,1,30.8
80464,34891,2025-12-06,795,Site,32,1,24.62
80465,34891,2025-12-06,795,Site,30,1,52.43
80466,34892,2025-12-06,2832,Site,23,1,20.5
80467,34892,2025-12-06,2832,Site,108,1,46.25
80468,34892,2025-12-06,2832,Site,75,1,7.11
80469,34892,2025-12-06,2832,Site,104,1,32.86
80470,34893,2025-12-06,840,Réseaux,26,1,64.79
80471,34893,2025-12-06,840,Réseaux,94,1,39.04
80472,34894,2025-12-06,2901,Boutique,110,1,26.68
80473,34894,2025-12-06,2901,Boutique,69,1,8.14
80474,34894,2025-12-06,2901,Boutique,12,1,39.04
80475,34895,2025-12-06,2691,Boutique,57,1,17.41
80476,34895,2025-12-06,2691,Boutique,5,1,52.43
80477,34895,2025-12-06,2691,Boutique,31,3,67.68
80478,34896,2025-12-06,1209,Site,42,2,59.54
80479,34896,2025-12-06,1209,Site,71,1,21.53
80480,34897,2025-12-06,4142,Site,6,1,44.19
80481,34898,2025-12-06,5841,Boutique,35,1,16.38
80482,34898,2025-12-06,5841,Boutique,8,2,71.9
80483,34899,2025-12-06,1020,Site,27,2,216.1
80484,34899,2025-12-06,1020,Site,8,2,71.9
80485,34900,2025-12-06,5068,Site,22,1,52.43
80486,34901,2025-12-06,3437,Site,46,1,32.2
80487,34902,2025-12-06,4123,Boutique,41,2,59.54
80488,34902,2025-12-06,4123,Boutique,42,1,29.77
80489,34902,2025-12-06,4123,Boutique,27,1,108.05
80490,34903,2025-12-06,1915,Boutique,19,4,123.2
80491,34903,2025-12-06,1915,Boutique,47,1,34.92
80492,34903,2025-12-06,1915,Boutique,72,1,2.99
80493,34904,2025-12-06,3133,Site,26,1,64.79
80494,34905,2025-12-06,1921,Boutique,41,1,29.77
80495,34905,2025-12-06,1921,Boutique,56,1,99.81
80496,34905,2025-12-06,1921,Boutique,70,3,42.96
80497,34905,2025-12-06,1921,Boutique,47,1,34.92
80498,34906,2025-12-06,4262,Site,26,2,129.58
80499,34906,2025-12-06,4262,Site,42,1,29.77
80500,34906,2025-12-06,4262,Site,52,1,50.37
80501,34907,2025-12-06,3225,Boutique,12,1,39.04
80502,34908,2025-12-06,3159,Site,20,4,114.96
80503,34908,2025-12-06,3159,Site,106,1,45.22
80504,34909,2025-12-06,1108,Boutique,51,1,17.41
80505,34910,2025-12-06,720,Boutique,32,1,24.62
80506,34910,2025-12-06,720,Boutique,43,1,24.62
80507,34911,2025-12-06,1127,Site,39,1,66.85
80508,34912,2025-12-06,3791,Site,54,1,56.55
80509,34912,2025-12-06,3791,Site,73,1,5.05
80510,34912,2025-12-06,3791,Site,48,1,28.74
80511,34912,2025-12-06,3791,Site,119,1,58.61
80512,34913,2025-12-06,917,Boutique,103,1,29.77
80513,34914,2025-12-06,2148,Site,48,3,86.22
80514,34914,2025-12-06,2148,Site,70,1,14.32
80515,34914,2025-12-06,2148,Site,45,2,133.7
80516,34915,2025-12-06,3736,Site,43,1,24.62
80517,34915,2025-12-06,3736,Site,83,1,76.12
80518,34916,2025-12-06,4762,Boutique,14,1,41.1
80519,34916,2025-12-06,4762,Boutique,51,1,17.41
80520,34917,2025-12-06,1742,Site,56,1,94.82
80521,34918,2025-12-06,1125,Réseaux,70,1,14.32
80522,34918,2025-12-06,1125,Réseaux,24,1,34.92
80523,34918,2025-12-06,1125,Réseaux,41,2,59.54
80524,34919,2025-12-06,2571,Site,2,1,40.07
80525,34920,2025-12-06,1722,Site,27,1,108.05
80526,34920,2025-12-06,1722,Site,23,1,20.5
80527,34921,2025-12-06,3963,Boutique,44,1,22.56
80528,34922,2025-12-06,4239,Boutique,41,1,29.77
80529,34922,2025-12-06,4239,Boutique,42,1,29.77
80530,34923,2025-12-06,3950,Site,64,1,10.2
80531,34923,2025-12-06,3950,Site,23,1,20.5
80532,34924,2025-12-06,1320,Site,35,1,16.38
80533,34925,2025-12-06,3287,Site,72,1,2.99
80534,34925,2025-12-06,3287,Site,40,1,77.15
80535,34925,2025-12-06,3287,Site,87,1,121.44
80536,34925,2025-12-06,3287,Site,52,1,50.37
80537,34926,2025-12-06,3009,Boutique,75,1,7.11
80538,34926,2025-12-06,3009,Boutique,64,1,10.2
80539,34927,2025-12-06,5830,Site,41,1,29.77
80540,34928,2025-12-06,3747,Boutique,34,1,109.08
80541,34929,2025-12-06,3737,Réseaux,51,1,17.41
80542,34929,2025-12-06,3737,Réseaux,51,1,17.41
80543,34929,2025-12-06,3737,Réseaux,11,1,59.64
80544,34929,2025-12-06,3737,Réseaux,41,1,29.77
80545,34930,2025-12-06,725,Site,24,1,34.92
80546,34931,2025-12-06,2573,Site,23,1,20.5
80547,34931,2025-12-06,2573,Site,48,2,57.48
80548,34931,2025-12-06,2573,Site,21,1,13.29
80549,34932,2025-12-06,2564,Boutique,3,1,39.04
80550,34932,2025-12-06,2564,Boutique,7,1,17.41
80551,34933,2025-12-06,3724,Site,40,2,154.3
80552,34933,2025-12-06,3724,Site,62,1,2.99
80553,34933,2025-12-06,3724,Site,47,1,34.92
80554,34934,2025-12-06,4517,Réseaux,57,1,17.41
80555,34934,2025-12-06,4517,Réseaux,71,1,21.53
80556,34934,2025-12-06,4517,Réseaux,83,1,76.12
80557,34935,2025-12-06,5862,Boutique,109,1,28.74
80558,34936,2025-12-06,2913,Boutique,114,2,38.94
80559,34937,2025-12-06,3799,Site,64,1,10.2
80560,34937,2025-12-06,3799,Site,42,1,29.77
80561,34938,2025-12-06,2324,Site,42,1,29.77
80562,34938,2025-12-06,2324,Site,44,1,22.56
80563,34939,2025-12-06,5614,Site,43,1,24.62
80564,34940,2025-12-06,4199,Réseaux,28,2,100.74
80565,34940,2025-12-06,4199,Réseaux,1,1,44.19
80566,34940,2025-12-06,4199,Réseaux,64,1,10.2
80567,34940,2025-12-06,4199,Réseaux,104,1,32.86
80568,34940,2025-12-06,4199,Réseaux,105,2,34.82
80569,34941,2025-12-07,6,Boutique,2,1,40.07
80570,34941,2025-12-07,6,Boutique,110,1,26.68
80571,34941,2025-12-07,6,Boutique,112,1,26.68
80572,34942,2025-12-07,5909,Boutique,50,1,73.03
80573,34943,2025-12-07,4392,Site,45,2,133.7
80574,34944,2025-12-07,3147,Site,48,1,27.3
80575,34944,2025-12-07,3147,Site,81,1,15.56
80576,34945,2025-12-07,929,Site,2,1,40.07
80577,34946,2025-12-07,1467,Boutique,50,1,73.03
80578,34946,2025-12-07,1467,Boutique,41,1,29.77
80579,34946,2025-12-07,1467,Boutique,3,1,39.04
80580,34946,2025-12-07,1467,Boutique,94,1,39.04
80581,34947,2025-12-07,3991,Site,61,1,11.23
80582,34948,2025-12-07,873,Site,45,2,133.7
80583,34949,2025-12-07,645,Site,13,1,55.52
80584,34949,2025-12-07,645,Site,30,1,52.43
80585,34950,2025-12-07,2451,Boutique,55,4,263.28
80586,34950,2025-12-07,2451,Boutique,106,1,45.22
80587,34951,2025-12-07,1821,Site,43,1,24.62
80588,34951,2025-12-07,1821,Site,2,1,40.07
80589,34951,2025-12-07,1821,Site,45,1,66.85
80590,34952,2025-12-07,245,Réseaux,48,3,86.22
80591,34952,2025-12-07,245,Réseaux,53,1,20.5
80592,34952,2025-12-07,245,Réseaux,6,1,44.19
80593,34952,2025-12-07,245,Réseaux,46,1,33.89
80594,34952,2025-12-07,245,Réseaux,26,1,64.79
80595,34953,2025-12-07,4252,Site,114,1,19.47
80596,34953,2025-12-07,4252,Site,63,1,4.02
80597,34954,2025-12-07,774,Boutique,85,1,11.23
80598,34955,2025-12-07,3277,Site,41,1,29.77
80599,34956,2025-12-07,588,Site,6,1,44.19
80600,34957,2025-12-07,2484,Site,53,3,61.5
80601,34957,2025-12-07,2484,Site,95,1,24.62
80602,34957,2025-12-07,2484,Site,70,4,57.28
80603,34958,2025-12-07,5420,Boutique,41,1,29.77
80604,34958,2025-12-07,5420,Boutique,96,1,12.26
80605,34959,2025-12-07,1665,Boutique,83,1,76.12
80606,34959,2025-12-07,1665,Boutique,4,1,40.07
80607,34959,2025-12-07,1665,Boutique,64,3,30.6
80608,34960,2025-12-07,4206,Boutique,56,1,99.81
80609,34961,2025-12-07,4782,Boutique,95,1,24.62
80610,34961,2025-12-07,4782,Boutique,42,1,29.77
80611,34961,2025-12-07,4782,Boutique,104,1,32.86
80612,34962,2025-12-07,3994,Boutique,68,2,43.06
80613,34962,2025-12-07,3994,Boutique,120,1,12.26
80614,34962,2025-12-07,3994,Boutique,1,1,44.19
80615,34962,2025-12-07,3994,Boutique,24,1,34.92
80616,34963,2025-12-07,4085,Boutique,15,1,12.26
80617,34963,2025-12-07,4085,Boutique,23,1,20.5
80618,34963,2025-12-07,4085,Boutique,44,1,22.56
80619,34964,2025-12-07,781,Site,42,1,29.77
80620,34964,2025-12-07,781,Site,27,1,108.05
80621,34964,2025-12-07,781,Site,38,1,32.86
80622,34964,2025-12-07,781,Site,64,1,10.2
80623,34965,2025-12-07,4762,Boutique,58,2,73.96
80624,34965,2025-12-07,4762,Boutique,118,1,12.26
80625,34965,2025-12-07,4762,Boutique,11,1,59.64
80626,34966,2025-12-07,3060,Site,47,1,34.92
80627,34966,2025-12-07,3060,Site,41,1,29.77
80628,34967,2025-12-07,1097,Site,44,1,22.56
80629,34967,2025-12-07,1097,Site,48,1,28.74
80630,34968,2025-12-07,1154,Site,33,1,130.71
80631,34969,2025-12-07,537,Site,114,1,19.47
80632,34969,2025-12-07,537,Site,108,3,138.75
80633,34969,2025-12-07,537,Site,42,1,29.77
80634,34969,2025-12-07,537,Site,21,1,13.29
80635,34969,2025-12-07,537,Site,54,1,56.55
80636,34970,2025-12-07,1950,Site,50,1,73.03
80637,34971,2025-12-07,5933,Boutique,104,1,32.86
80638,34971,2025-12-07,5933,Boutique,41,1,29.77
80639,34972,2025-12-07,68,Réseaux,29,2,115.16
80640,34972,2025-12-07,68,Réseaux,104,1,32.86
80641,34973,2025-12-07,1306,Boutique,45,1,66.85
80642,34973,2025-12-07,1306,Boutique,53,1,20.5
80643,34973,2025-12-07,1306,Boutique,50,1,73.03
80644,34974,2025-12-07,2055,Site,17,1,16.38
80645,34974,2025-12-07,2055,Site,49,4,123.2
80646,34974,2025-12-07,2055,Site,78,2,14.22
80647,34975,2025-12-07,1042,Site,29,1,57.58
80648,34975,2025-12-07,1042,Site,52,1,50.37
80649,34976,2025-12-07,3495,Réseaux,49,1,30.8
80650,34976,2025-12-07,3495,Réseaux,3,1,39.04
80651,34976,2025-12-07,3495,Réseaux,56,2,199.62
80652,34977,2025-12-07,1181,Site,65,1,18.44
80653,34977,2025-12-07,1181,Site,45,1,66.85
80654,34977,2025-12-07,1181,Site,3,1,39.04
80655,34978,2025-12-08,3664,Site,59,2,24.52
80656,34978,2025-12-08,3664,Site,17,1,16.38
80657,34978,2025-12-08,3664,Site,22,1,52.43
80658,34979,2025-12-08,1634,Boutique,79,1,5.05
80659,34980,2025-12-08,5185,Boutique,101,1,18.5
80660,34980,2025-12-08,5185,Boutique,62,1,2.84
80661,34981,2025-12-08,4724,Site,65,1,18.44
80662,34982,2025-12-08,1001,Boutique,36,1,68.91
80663,34982,2025-12-08,1001,Boutique,62,1,2.99
80664,34983,2025-12-08,5923,Boutique,115,1,51.4
80665,34984,2025-12-08,515,Site,104,1,32.86
80666,34984,2025-12-08,515,Site,67,3,8.97
80667,34984,2025-12-08,515,Site,32,2,49.24
80668,34985,2025-12-08,4517,Boutique,8,1,35.95
80669,34985,2025-12-08,4517,Boutique,72,2,5.98
80670,34986,2025-12-08,5071,Site,69,1,7.73
80671,34986,2025-12-08,5071,Site,47,1,33.17
80672,34986,2025-12-08,5071,Site,57,1,16.54
80673,34986,2025-12-08,5071,Site,105,1,16.54
80674,34987,2025-12-08,3805,Boutique,110,1,26.68
80675,34987,2025-12-08,3805,Boutique,21,1,13.29
80676,34987,2025-12-08,3805,Boutique,76,1,18.44
80677,34988,2025-12-08,487,Boutique,21,1,13.29
80678,34988,2025-12-08,487,Boutique,83,1,76.12
80679,34988,2025-12-08,487,Boutique,26,1,64.79
80680,34988,2025-12-08,487,Boutique,66,1,9.17
80681,34988,2025-12-08,487,Boutique,29,1,57.58
80682,34988,2025-12-08,487,Boutique,61,1,11.23
80683,34989,2025-12-08,5217,Site,4,1,40.07
80684,34990,2025-12-08,4955,Boutique,105,1,17.41
80685,34990,2025-12-08,4955,Boutique,60,1,31.83
80686,34990,2025-12-08,4955,Boutique,101,1,19.47
80687,34991,2025-12-08,959,Site,25,1,26.68
80688,34991,2025-12-08,959,Site,37,1,38.01
80689,34992,2025-12-08,1381,Réseaux,47,1,34.92
80690,34992,2025-12-08,1381,Réseaux,16,1,10.2
80691,34992,2025-12-08,1381,Réseaux,53,1,20.5
80692,34992,2025-12-08,1381,Réseaux,8,1,35.95
80693,34993,2025-12-08,3823,Boutique,13,2,111.04
80694,34993,2025-12-08,3823,Boutique,107,1,15.35
80695,34994,2025-12-08,2029,Site,118,1,12.26
80696,34994,2025-12-08,2029,Site,90,1,74.06
80697,34995,2025-12-08,2574,Boutique,16,1,10.2
80698,34996,2025-12-08,5573,Réseaux,53,2,41.0
80699,34996,2025-12-08,5573,Réseaux,53,1,20.5
80700,34997,2025-12-08,5563,Réseaux,53,1,20.5
80701,34998,2025-12-08,2441,Boutique,104,1,32.86
80702,34998,2025-12-08,2441,Boutique,48,1,28.74
80703,34999,2025-12-08,1631,Réseaux,7,1,16.54
80704,34999,2025-12-08,1631,Réseaux,23,1,19.47
80705,34999,2025-12-08,1631,Réseaux,47,1,33.17
80706,34999,2025-12-08,1631,Réseaux,21,1,12.63
80707,35000,2025-12-08,487,Réseaux,33,1,130.71
80708,35000,2025-12-08,487,Réseaux,64,3,30.6
80709,35000,2025-12-08,487,Réseaux,60,1,31.83
80710,35001,2025-12-08,1572,Réseaux,53,2,41.0
80711,35001,2025-12-08,1572,Réseaux,118,1,12.26
80712,35002,2025-12-08,366,Boutique,86,1,157.49
80713,35003,2025-12-08,3160,Boutique,41,1,29.77
80714,35003,2025-12-08,3160,Boutique,48,1,28.74
80715,35003,2025-12-08,3160,Boutique,103,1,29.77
80716,35004,2025-12-08,3166,Site,2,1,38.07
80717,35005,2025-12-08,3658,Site,50,1,73.03
80718,35005,2025-12-08,3658,Site,37,2,76.02
80719,35006,2025-12-08,5701,Boutique,64,1,10.2
80720,35006,2025-12-08,5701,Boutique,27,1,108.05
80721,35006,2025-12-08,5701,Boutique,17,3,49.14
80722,35007,2025-12-08,5568,Boutique,29,1,57.58
80723,35007,2025-12-08,5568,Boutique,51,1,17.41
80724,35007,2025-12-08,5568,Boutique,71,1,21.53
80725,35008,2025-12-08,5496,Boutique,22,1,52.43
80726,35008,2025-12-08,5496,Boutique,43,1,24.62
80727,35009,2025-12-08,3183,Site,3,2,78.08
80728,35010,2025-12-08,1408,Boutique,51,2,34.82
80729,35010,2025-12-08,1408,Boutique,102,2,41.0
80730,35011,2025-12-08,365,Site,55,1,65.82
80731,35011,2025-12-08,365,Site,87,2,242.88
80732,35011,2025-12-08,365,Site,7,1,17.41
80733,35011,2025-12-08,365,Site,28,1,50.37
80734,35012,2025-12-08,1996,Site,44,1,22.56
80735,35013,2025-12-08,4520,Boutique,19,1,30.8
80736,35013,2025-12-08,4520,Boutique,47,1,34.92
80737,35013,2025-12-08,4520,Boutique,19,3,92.4
80738,35014,2025-12-08,2876,Site,67,1,2.99
80739,35014,2025-12-08,2876,Site,7,1,17.41
80740,35014,2025-12-08,2876,Site,27,1,108.05
80741,35015,2025-12-08,407,Site,18,1,13.29
80742,35015,2025-12-08,407,Site,83,1,76.12
80743,35016,2025-12-08,4049,Boutique,12,1,39.04
80744,35016,2025-12-08,4049,Boutique,28,1,50.37
80745,35017,2025-12-08,2058,Site,61,1,11.23
80746,35017,2025-12-08,2058,Site,43,1,24.62
80747,35018,2025-12-08,3253,Réseaux,115,1,51.4
80748,35018,2025-12-08,3253,Réseaux,2,1,40.07
80749,35019,2025-12-08,267,Réseaux,101,3,55.49
80750,35019,2025-12-08,267,Réseaux,46,1,32.2
80751,35020,2025-12-08,1453,Boutique,87,1,121.44
80752,35021,2025-12-08,125,Réseaux,43,1,24.62
80753,35021,2025-12-08,125,Réseaux,9,1,44.19
80754,35022,2025-12-08,1826,Boutique,42,2,59.54
80755,35022,2025-12-08,1826,Boutique,44,1,22.56
80756,35023,2025-12-08,363,Boutique,75,1,7.11
80757,35023,2025-12-08,363,Boutique,12,1,39.04
80758,35024,2025-12-08,205,Site,11,1,59.64
80759,35024,2025-12-08,205,Site,23,4,82.0
80760,35024,2025-12-08,205,Site,83,1,76.12
80761,35024,2025-12-08,205,Site,80,1,19.47
80762,35025,2025-12-08,3427,Site,48,1,28.74
80763,35025,2025-12-08,3427,Site,53,2,41.0
80764,35025,2025-12-08,3427,Site,4,2,80.14
80765,35026,2025-12-08,5758,Boutique,21,1,13.29
80766,35026,2025-12-08,5758,Boutique,56,1,99.81
80767,35026,2025-12-08,5758,Boutique,1,1,44.19
80768,35027,2025-12-08,1905,Boutique,110,1,26.68
80769,35027,2025-12-08,1905,Boutique,68,1,21.53
80770,35027,2025-12-08,1905,Boutique,105,1,17.41
80771,35028,2025-12-08,5191,Boutique,44,1,22.56
80772,35028,2025-12-08,5191,Boutique,41,1,29.77
80773,35029,2025-12-08,473,Boutique,64,1,10.2
80774,35029,2025-12-08,473,Boutique,65,1,18.44
80775,35030,2025-12-08,2622,Site,43,1,24.62
80776,35030,2025-12-08,2622,Site,59,1,12.26
80777,35031,2025-12-08,2536,Site,94,1,39.04
80778,35032,2025-12-08,2694,Réseaux,104,1,32.86
80779,35033,2025-12-08,3321,Site,38,2,65.72
80780,35034,2025-12-08,619,Site,43,1,24.62
80781,35034,2025-12-08,619,Site,24,1,34.92
80782,35035,2025-12-08,3640,Boutique,61,1,11.23
80783,35036,2025-12-08,5226,Site,9,1,44.19
80784,35036,2025-12-08,5226,Site,103,2,59.54
80785,35037,2025-12-08,5257,Réseaux,49,1,30.8
80786,35037,2025-12-08,5257,Réseaux,67,1,2.99
80787,35037,2025-12-08,5257,Réseaux,89,1,68.91
80788,35038,2025-12-08,221,Site,67,1,2.99
80789,35038,2025-12-08,221,Site,55,1,65.82
80790,35038,2025-12-08,221,Site,61,1,11.23
80791,35039,2025-12-09,4424,Réseaux,41,1,29.77
80792,35039,2025-12-09,4424,Réseaux,4,1,40.07
80793,35040,2025-12-09,160,Site,27,1,108.05
80794,35040,2025-12-09,160,Site,1,1,44.19
80795,35041,2025-12-09,247,Boutique,44,2,45.12
80796,35041,2025-12-09,247,Boutique,41,1,29.77
80797,35041,2025-12-09,247,Boutique,3,2,78.08
80798,35042,2025-12-09,1446,Réseaux,22,1,52.43
80799,35042,2025-12-09,1446,Réseaux,43,1,24.62
80800,35043,2025-12-09,412,Boutique,54,1,56.55
80801,35044,2025-12-09,4218,Site,8,1,35.95
80802,35044,2025-12-09,4218,Site,80,1,19.47
80803,35044,2025-12-09,4218,Site,82,1,79.21
80804,35044,2025-12-09,4218,Site,62,1,2.99
80805,35045,2025-12-27,5997,Boutique,43,1,24.62
80806,35046,2025-12-09,764,Site,120,1,12.26
80807,35046,2025-12-09,764,Site,51,1,17.41
80808,35046,2025-12-09,764,Site,33,2,261.42
80809,35047,2025-12-09,407,Site,52,1,50.37
80810,35047,2025-12-09,407,Site,51,1,17.41
80811,35048,2025-12-09,2276,Site,7,1,17.41
80812,35048,2025-12-09,2276,Site,116,1,70.97
80813,35048,2025-12-09,2276,Site,114,1,19.47
80814,35049,2025-12-09,5115,Site,64,1,10.2
80815,35050,2025-12-09,1360,Site,101,1,19.47
80816,35050,2025-12-09,1360,Site,34,1,109.08
80817,35051,2025-12-09,4189,Boutique,113,1,10.2
80818,35051,2025-12-09,4189,Boutique,85,1,11.23
80819,35052,2025-12-09,1006,Site,114,1,19.47
80820,35052,2025-12-09,1006,Site,84,1,22.56
80821,35052,2025-12-09,1006,Site,36,2,137.82
80822,35052,2025-12-09,1006,Site,48,1,28.74
80823,35053,2025-12-09,1034,Boutique,61,1,11.23
80824,35053,2025-12-09,1034,Boutique,61,1,11.23
80825,35054,2025-12-09,2785,Site,79,1,5.05
80826,35054,2025-12-09,2785,Site,3,1,39.04
80827,35055,2025-12-09,2663,Site,58,1,36.98
80828,35055,2025-12-09,2663,Site,18,1,13.29
80829,35056,2025-12-09,3708,Boutique,43,1,24.62
80830,35056,2025-12-09,3708,Boutique,45,1,66.85
80831,35057,2025-12-09,2907,Boutique,61,1,10.67
80832,35057,2025-12-09,2907,Boutique,106,1,42.96
80833,35057,2025-12-09,2907,Boutique,60,1,30.24
80834,35057,2025-12-09,2907,Boutique,18,1,12.63
80835,35058,2025-12-09,3979,Boutique,107,1,15.35
80836,35059,2025-12-09,1066,Boutique,120,1,12.26
80837,35059,2025-12-09,1066,Boutique,45,1,66.85
80838,35060,2025-12-09,3905,Site,62,1,2.99
80839,35060,2025-12-09,3905,Site,42,2,59.54
80840,35061,2025-12-09,995,Réseaux,1,1,44.19
80841,35061,2025-12-09,995,Réseaux,91,1,89.51
80842,35061,2025-12-09,995,Réseaux,108,1,46.25
80843,35062,2025-12-09,3636,Boutique,41,1,29.77
80844,35063,2025-12-09,3725,Site,46,2,67.78
80845,35063,2025-12-09,3725,Site,57,3,52.23
80846,35063,2025-12-09,3725,Site,42,1,29.77
80847,35064,2025-12-09,4050,Site,83,1,76.12
80848,35065,2025-12-09,4632,Boutique,38,1,32.86
80849,35066,2025-12-09,3520,Boutique,21,1,13.29
80850,35066,2025-12-09,3520,Boutique,43,1,24.62
80851,35067,2025-12-09,2073,Boutique,66,1,9.17
80852,35068,2025-12-09,3411,Boutique,24,3,104.76
80853,35068,2025-12-09,3411,Boutique,22,1,52.43
80854,35069,2025-12-09,3605,Boutique,105,1,17.41
80855,35069,2025-12-09,3605,Boutique,1,1,44.19
80856,35070,2025-12-09,2739,Site,41,1,29.77
80857,35070,2025-12-09,2739,Site,21,1,13.29
80858,35071,2025-12-09,3737,Site,106,1,42.96
80859,35071,2025-12-09,3737,Site,64,1,9.69
80860,35071,2025-12-09,3737,Site,30,1,49.81
80861,35071,2025-12-09,3737,Site,109,3,81.91
80862,35071,2025-12-09,3737,Site,64,1,9.69
80863,35072,2025-12-09,3671,Boutique,34,1,109.08
80864,35072,2025-12-09,3671,Boutique,25,2,53.36
80865,35073,2025-12-09,1176,Site,41,1,29.77
80866,35073,2025-12-09,1176,Site,28,1,50.37
80867,35074,2025-12-09,2091,Site,47,2,69.84
80868,35075,2025-12-09,2869,Site,21,1,12.63
80869,35075,2025-12-09,2869,Site,50,1,69.38
80870,35076,2025-12-09,1204,Site,23,1,20.5
80871,35076,2025-12-09,1204,Site,45,1,66.85
80872,35076,2025-12-09,1204,Site,33,1,130.71
80873,35077,2025-12-09,3028,Boutique,4,2,80.14
80874,35077,2025-12-09,3028,Boutique,26,1,64.79
80875,35077,2025-12-09,3028,Boutique,23,1,20.5
80876,35078,2025-12-09,1432,Site,2,1,40.07
80877,35078,2025-12-09,1432,Site,105,2,34.82
80878,35079,2025-12-09,3449,Site,52,1,50.37
80879,35079,2025-12-09,3449,Site,10,1,51.4
80880,35079,2025-12-09,3449,Site,43,1,24.62
80881,35080,2025-12-09,3823,Site,40,1,77.15
80882,35080,2025-12-09,3823,Site,55,1,65.82
80883,35081,2025-12-09,2881,Boutique,41,1,29.77
80884,35081,2025-12-09,2881,Boutique,112,3,80.04
80885,35082,2025-12-09,1113,Site,24,1,33.17
80886,35082,2025-12-09,1113,Site,2,1,38.07
80887,35082,2025-12-09,1113,Site,39,1,63.51
80888,35082,2025-12-09,1113,Site,76,1,17.52
80889,35083,2025-12-09,2753,Boutique,19,1,30.8
80890,35084,2025-12-09,49,Site,41,2,59.54
80891,35084,2025-12-09,49,Site,107,1,15.35
80892,35084,2025-12-09,49,Site,115,2,102.8
80893,35084,2025-12-09,49,Site,117,1,12.26
80894,35084,2025-12-09,49,Site,93,1,51.4
80895,35084,2025-12-09,49,Site,7,1,17.41
80896,35085,2025-12-09,3737,Réseaux,4,1,40.07
80897,35086,2025-12-09,2394,Site,7,1,17.41
80898,35087,2025-12-09,1290,Site,12,1,39.04
80899,35087,2025-12-09,1290,Site,62,1,2.99
80900,35087,2025-12-09,1290,Site,52,1,50.37
80901,35087,2025-12-09,1290,Site,10,1,51.4
80902,35088,2025-12-09,724,Site,1,2,88.38
80903,35088,2025-12-09,724,Site,60,1,31.83
80904,35089,2025-12-09,2279,Boutique,34,1,109.08
80905,35089,2025-12-09,2279,Boutique,36,1,68.91
80906,35090,2025-12-09,2,Site,44,1,21.43
80907,35091,2025-12-09,3261,Boutique,62,1,2.99
80908,35091,2025-12-09,3261,Boutique,96,1,12.26
80909,35092,2025-12-09,5100,Site,57,1,17.41
80910,35092,2025-12-09,5100,Site,23,1,20.5
80911,35093,2025-12-09,4253,Réseaux,111,1,10.2
80912,35093,2025-12-09,4253,Réseaux,110,1,26.68
80913,35094,2025-12-10,2166,Réseaux,77,1,22.56
80914,35094,2025-12-10,2166,Réseaux,43,1,24.62
80915,35094,2025-12-10,2166,Réseaux,6,1,44.19
80916,35095,2025-12-10,5542,Site,103,4,119.08
80917,35095,2025-12-10,5542,Site,103,1,29.77
80918,35095,2025-12-10,5542,Site,61,4,44.92
80919,35096,2025-12-10,1943,Site,43,1,24.62
80920,35097,2025-12-10,588,Boutique,51,1,16.54
80921,35097,2025-12-10,588,Boutique,42,1,28.28
80922,35098,2025-12-10,2546,Site,81,1,16.38
80923,35098,2025-12-10,2546,Site,24,1,34.92
80924,35098,2025-12-10,2546,Site,41,1,29.77
80925,35098,2025-12-10,2546,Site,44,1,22.56
80926,35098,2025-12-10,2546,Site,6,2,88.38
80927,35099,2025-12-10,5419,Site,84,1,22.56
80928,35099,2025-12-10,5419,Site,14,1,41.1
80929,35099,2025-12-10,5419,Site,60,1,31.83
80930,35100,2025-12-10,5668,Site,46,2,67.78
80931,35100,2025-12-10,5668,Site,31,1,22.56
80932,35101,2025-12-10,4656,Boutique,46,2,67.78
80933,35101,2025-12-10,4656,Boutique,49,1,30.8
80934,35101,2025-12-10,4656,Boutique,63,1,4.02
80935,35101,2025-12-10,4656,Boutique,19,1,30.8
80936,35102,2025-12-10,2219,Boutique,91,2,179.02
80937,35103,2025-12-10,3182,Boutique,20,1,28.74
80938,35104,2025-12-10,3950,Site,93,1,51.4
80939,35104,2025-12-10,3950,Site,42,1,29.77
80940,35104,2025-12-10,3950,Site,104,2,65.72
80941,35104,2025-12-10,3950,Site,47,1,34.92
80942,35105,2025-12-10,1548,Boutique,49,1,30.8
80943,35105,2025-12-10,1548,Boutique,52,1,50.37
80944,35105,2025-12-10,1548,Boutique,109,1,28.74
80945,35106,2025-12-10,5948,Réseaux,67,1,2.69
80946,35106,2025-12-10,5948,Réseaux,41,1,26.79
80947,35107,2025-12-10,2800,Site,41,1,29.77
80948,35107,2025-12-10,2800,Site,16,1,10.2
80949,35107,2025-12-10,2800,Site,38,1,32.86
80950,35108,2025-12-10,398,Site,45,3,200.55
80951,35109,2025-12-10,167,Réseaux,35,1,16.38
80952,35109,2025-12-10,167,Réseaux,43,1,24.62
80953,35110,2025-12-10,2526,Site,98,1,88.95
80954,35111,2025-12-10,5466,Site,54,1,56.55
80955,35111,2025-12-10,5466,Site,105,1,17.41
80956,35111,2025-12-10,5466,Site,44,1,22.56
80957,35112,2025-12-10,29,Site,83,2,152.24
80958,35112,2025-12-10,29,Site,6,1,44.19
80959,35113,2025-12-10,5469,Boutique,64,1,10.2
80960,35113,2025-12-10,5469,Boutique,43,1,24.62
80961,35113,2025-12-10,5469,Boutique,62,1,2.99
80962,35113,2025-12-10,5469,Boutique,65,3,55.32
80963,35113,2025-12-10,5469,Boutique,51,1,17.41
80964,35114,2025-12-10,1444,Site,41,1,29.77
80965,35114,2025-12-10,1444,Site,8,1,35.95
80966,35114,2025-12-10,1444,Site,42,1,29.77
80967,35115,2025-12-23,5991,Réseaux,53,2,41.0
80968,35115,2025-12-23,5991,Réseaux,18,1,13.29
80969,35116,2025-12-10,326,Boutique,56,1,94.82
80970,35117,2025-12-10,4627,Boutique,94,1,39.04
80971,35118,2025-12-10,2879,Boutique,110,1,25.35
80972,35118,2025-12-10,2879,Boutique,21,2,25.25
80973,35118,2025-12-10,2879,Boutique,111,1,9.69
80974,35118,2025-12-10,2879,Boutique,49,2,58.52
80975,35119,2025-12-10,5280,Réseaux,107,1,15.35
80976,35119,2025-12-10,5280,Réseaux,47,1,34.92
80977,35119,2025-12-10,5280,Réseaux,30,1,52.43
80978,35119,2025-12-10,5280,Réseaux,6,1,44.19
80979,35120,2025-12-10,5030,Site,102,1,20.5
80980,35121,2025-12-10,5673,Site,22,4,209.72
80981,35122,2025-12-10,3854,Site,35,1,16.38
80982,35123,2025-12-10,5750,Site,57,1,16.54
80983,35124,2025-12-10,3769,Réseaux,48,1,28.74
80984,35125,2025-12-10,1032,Site,63,2,8.04
80985,35125,2025-12-10,1032,Site,23,2,41.0
80986,35126,2025-12-10,5761,Boutique,87,2,242.88
80987,35126,2025-12-10,5761,Boutique,44,1,22.56
80988,35126,2025-12-10,5761,Boutique,49,1,30.8
80989,35127,2025-12-10,1276,Boutique,80,1,19.47
80990,35128,2025-12-10,796,Boutique,42,2,59.54
80991,35128,2025-12-10,796,Boutique,82,1,79.21
80992,35128,2025-12-10,796,Boutique,63,1,4.02
80993,35129,2025-12-10,5506,Boutique,21,2,26.58
80994,35129,2025-12-10,5506,Boutique,2,1,40.07
80995,35129,2025-12-10,5506,Boutique,101,1,19.47
80996,35129,2025-12-10,5506,Boutique,44,1,22.56
80997,35130,2025-12-10,5779,Site,41,1,29.77
80998,35130,2025-12-10,5779,Site,101,1,19.47
80999,35131,2025-12-10,2315,Site,115,2,102.8
81000,35132,2025-12-10,1067,Site,83,1,76.12
81001,35132,2025-12-10,1067,Site,51,1,17.41
81002,35133,2025-12-10,864,Site,45,3,200.55
81003,35133,2025-12-10,864,Site,8,1,35.95
81004,35134,2025-12-10,1290,Réseaux,116,1,70.97
81005,35134,2025-12-10,1290,Réseaux,42,2,59.54
81006,35134,2025-12-10,1290,Réseaux,22,1,52.43
81007,35135,2025-12-10,5502,Site,48,2,57.48
81008,35136,2025-12-10,5609,Site,7,2,34.82
81009,35136,2025-12-10,5609,Site,89,1,68.91
81010,35137,2025-12-10,5952,Boutique,20,2,51.73
81011,35137,2025-12-10,5952,Boutique,40,1,69.44
81012,35137,2025-12-10,5952,Boutique,57,1,15.67
81013,35138,2025-12-10,4078,Site,55,4,250.12
81014,35138,2025-12-10,4078,Site,71,1,20.45
81015,35139,2025-12-10,1107,Boutique,81,1,16.38
81016,35140,2025-12-10,5947,Site,112,1,24.01
81017,35140,2025-12-10,5947,Site,44,1,20.3
81018,35141,2025-12-10,3799,Site,45,1,66.85
81019,35141,2025-12-10,3799,Site,8,1,35.95
81020,35142,2025-12-10,3525,Site,78,1,7.11
81021,35142,2025-12-10,3525,Site,43,1,24.62
81022,35143,2025-12-10,3574,Site,54,1,56.55
81023,35143,2025-12-10,3574,Site,82,1,79.21
81024,35144,2025-12-10,5337,Site,89,2,137.82
81025,35145,2025-12-10,2723,Site,45,1,66.85
81026,35146,2025-12-10,3252,Site,5,1,49.81
81027,35146,2025-12-10,3252,Site,72,1,2.84
81028,35146,2025-12-10,3252,Site,1,1,41.98
81029,35146,2025-12-10,3252,Site,108,1,43.94
81030,35147,2025-12-10,4089,Boutique,72,1,2.99
81031,35147,2025-12-10,4089,Boutique,21,1,13.29
81032,35148,2025-12-10,1092,Boutique,94,1,39.04
81033,35149,2025-12-10,4633,Site,48,1,28.74
81034,35149,2025-12-10,4633,Site,75,1,7.11
81035,35149,2025-12-10,4633,Site,48,1,28.74
81036,35150,2025-12-10,4430,Site,42,1,29.77
81037,35151,2025-12-10,3126,Boutique,37,1,38.01
81038,35151,2025-12-10,3126,Boutique,38,1,32.86
81039,35152,2025-12-10,4583,Site,72,1,2.99
81040,35152,2025-12-10,4583,Site,4,1,40.07
81041,35153,2025-12-11,1629,Réseaux,25,1,26.68
81042,35153,2025-12-11,1629,Réseaux,51,1,17.41
81043,35153,2025-12-11,1629,Réseaux,13,1,55.52
81044,35154,2025-12-11,1859,Site,93,1,51.4
81045,35154,2025-12-11,1859,Site,47,1,34.92
81046,35154,2025-12-11,1859,Site,54,3,169.65
81047,35155,2025-12-11,2109,Site,61,1,11.23
81048,35156,2025-12-11,2904,Site,41,1,29.77
81049,35156,2025-12-11,2904,Site,68,1,21.53
81050,35157,2025-12-11,2794,Site,51,2,34.82
81051,35157,2025-12-11,2794,Site,58,1,36.98
81052,35157,2025-12-11,2794,Site,111,1,10.2
81053,35157,2025-12-11,2794,Site,105,1,17.41
81054,35157,2025-12-11,2794,Site,88,1,21.53
81055,35158,2025-12-11,4288,Site,67,1,2.99
81056,35158,2025-12-11,4288,Site,118,2,24.52
81057,35159,2025-12-11,5546,Site,16,1,10.2
81058,35159,2025-12-11,5546,Site,5,1,52.43
81059,35160,2025-12-11,134,Boutique,50,1,73.03
81060,35160,2025-12-11,134,Boutique,58,1,36.98
81061,35161,2025-12-11,3153,Boutique,48,1,28.74
81062,35161,2025-12-11,3153,Boutique,66,3,27.51
81063,35162,2025-12-11,260,Site,43,1,24.62
81064,35162,2025-12-11,260,Site,24,1,34.92
81065,35162,2025-12-11,260,Site,49,1,30.8
81066,35163,2025-12-11,4216,Boutique,49,1,30.8
81067,35163,2025-12-11,4216,Boutique,84,1,22.56
81068,35163,2025-12-11,4216,Boutique,8,1,35.95
81069,35163,2025-12-11,4216,Boutique,64,1,10.2
81070,35164,2025-12-11,2624,Boutique,46,1,33.89
81071,35164,2025-12-11,2624,Boutique,49,2,61.6
81072,35165,2025-12-11,4128,Site,102,1,20.5
81073,35165,2025-12-11,4128,Site,46,3,101.67
81074,35166,2025-12-11,1909,Réseaux,3,1,39.04
81075,35166,2025-12-11,1909,Réseaux,70,1,14.32
81076,35167,2025-12-11,5893,Boutique,61,2,22.46
81077,35167,2025-12-11,5893,Boutique,113,1,10.2
81078,35168,2025-12-11,3178,Boutique,1,1,44.19
81079,35169,2025-12-11,5071,Site,44,1,22.56
81080,35170,2025-12-11,2264,Réseaux,42,2,59.54
81081,35170,2025-12-11,2264,Réseaux,119,1,58.61
81082,35171,2025-12-11,2305,Site,72,1,2.99
81083,35171,2025-12-11,2305,Site,48,1,28.74
81084,35171,2025-12-11,2305,Site,37,1,38.01
81085,35172,2025-12-11,2172,Site,4,1,40.07
81086,35172,2025-12-11,2172,Site,63,1,4.02
81087,35173,2025-12-11,580,Site,17,1,16.38
81088,35173,2025-12-11,580,Site,82,1,79.21
81089,35174,2025-12-11,961,Site,21,1,12.63
81090,35175,2025-12-11,2430,Boutique,2,1,40.07
81091,35175,2025-12-11,2430,Boutique,46,1,33.89
81092,35175,2025-12-11,2430,Boutique,112,1,26.68
81093,35175,2025-12-11,2430,Boutique,43,2,49.24
81094,35176,2025-12-11,571,Site,28,1,50.37
81095,35177,2025-12-11,3169,Site,12,1,39.04
81096,35178,2025-12-11,2018,Réseaux,45,1,66.85
81097,35178,2025-12-11,2018,Réseaux,34,1,109.08
81098,35178,2025-12-11,2018,Réseaux,43,1,24.62
81099,35179,2025-12-29,5998,Boutique,59,2,22.07
81100,35179,2025-12-29,5998,Boutique,33,1,117.64
81101,35179,2025-12-29,5998,Boutique,44,1,20.3
81102,35180,2025-12-11,4393,Site,45,1,66.85
81103,35180,2025-12-11,4393,Site,2,1,40.07
81104,35180,2025-12-11,4393,Site,1,2,88.38
81105,35181,2025-12-11,422,Boutique,105,1,17.41
81106,35181,2025-12-11,422,Boutique,2,1,40.07
81107,35182,2025-12-11,1273,Site,52,2,100.74
81108,35183,2025-12-11,3835,Boutique,12,1,39.04
81109,35184,2025-12-11,2734,Boutique,24,1,34.92
81110,35184,2025-12-11,2734,Boutique,21,3,39.87
81111,35185,2025-12-11,4208,Réseaux,14,1,41.1
81112,35185,2025-12-11,4208,Réseaux,1,1,44.19
81113,35186,2025-12-11,1265,Boutique,25,4,106.72
81114,35186,2025-12-11,1265,Boutique,79,1,5.05
81115,35187,2025-12-11,3091,Site,102,1,20.5
81116,35187,2025-12-11,3091,Site,46,1,33.89
81117,35187,2025-12-11,3091,Site,108,1,46.25
81118,35187,2025-12-11,3091,Site,82,3,237.63
81119,35188,2025-12-11,2652,Site,22,1,52.43
81120,35188,2025-12-11,2652,Site,101,1,19.47
81121,35188,2025-12-11,2652,Site,84,1,22.56
81122,35188,2025-12-11,2652,Site,61,1,11.23
81123,35188,2025-12-11,2652,Site,65,1,18.44
81124,35189,2025-12-11,2953,Site,34,1,109.08
81125,35189,2025-12-11,2953,Site,53,1,20.5
81126,35189,2025-12-11,2953,Site,100,1,22.56
81127,35190,2025-12-11,694,Boutique,112,1,26.68
81128,35190,2025-12-11,694,Boutique,52,1,50.37
81129,35191,2025-12-11,2555,Boutique,1,1,44.19
81130,35191,2025-12-11,2555,Boutique,32,1,24.62
81131,35191,2025-12-11,2555,Boutique,106,1,45.22
81132,35192,2025-12-11,3937,Site,49,1,30.8
81133,35193,2025-12-11,4597,Boutique,31,1,22.56
81134,35193,2025-12-11,4597,Boutique,102,1,20.5
81135,35194,2025-12-11,1073,Boutique,64,1,10.2
81136,35194,2025-12-11,1073,Boutique,23,1,20.5
81137,35195,2025-12-11,2528,Site,6,1,44.19
81138,35196,2025-12-11,2803,Boutique,42,1,29.77
81139,35197,2025-12-11,4847,Boutique,53,1,20.5
81140,35198,2025-12-11,2492,Site,20,1,28.74
81141,35199,2025-12-11,608,Boutique,47,1,34.92
81142,35199,2025-12-11,608,Boutique,60,1,31.83
81143,35200,2025-12-11,3631,Boutique,3,1,39.04
81144,35201,2025-12-11,5641,Boutique,49,1,30.8
81145,35201,2025-12-11,5641,Boutique,42,2,59.54
81146,35202,2025-12-11,993,Boutique,45,2,133.7
81147,35202,2025-12-11,993,Boutique,103,2,59.54
81148,35203,2025-12-11,5782,Site,24,1,34.92
81149,35203,2025-12-11,5782,Site,90,1,74.06
81150,35203,2025-12-11,5782,Site,45,1,66.85
81151,35204,2025-12-11,1774,Boutique,47,1,34.92
81152,35204,2025-12-11,1774,Boutique,94,1,39.04
81153,35204,2025-12-11,1774,Boutique,43,3,73.86
81154,35205,2025-12-11,4924,Site,50,1,69.38
81155,35205,2025-12-11,4924,Site,65,1,17.52
81156,35205,2025-12-11,4924,Site,42,1,28.28
81157,35206,2025-12-11,5896,Site,36,4,275.64
81158,35206,2025-12-11,5896,Site,63,1,4.02
81159,35207,2025-12-11,5544,Site,23,1,20.5
81160,35208,2025-12-11,2024,Site,101,2,38.94
81161,35208,2025-12-11,2024,Site,84,2,45.12
81162,35209,2025-12-11,3937,Site,42,1,29.77
81163,35210,2025-12-11,553,Site,52,2,100.74
81164,35210,2025-12-11,553,Site,8,1,35.95
81165,35211,2025-12-12,3825,Boutique,1,1,44.19
81166,35211,2025-12-12,3825,Boutique,3,1,39.04
81167,35212,2025-12-12,1194,Boutique,10,1,51.4
81168,35212,2025-12-12,1194,Boutique,18,2,26.58
81169,35213,2025-12-12,3143,Boutique,50,1,69.38
81170,35214,2025-12-12,1105,Site,26,1,61.55
81171,35214,2025-12-12,1105,Site,23,1,19.47
81172,35215,2025-12-12,4121,Site,7,1,17.41
81173,35216,2025-12-12,2135,Boutique,53,3,61.5
81174,35216,2025-12-12,2135,Boutique,43,1,24.62
81175,35216,2025-12-12,2135,Boutique,64,1,10.2
81176,35217,2025-12-12,5459,Réseaux,96,1,12.26
81177,35218,2025-12-12,5775,Site,41,1,29.77
81178,35218,2025-12-12,5775,Site,68,3,64.59
81179,35218,2025-12-12,5775,Site,102,1,20.5
81180,35219,2025-12-12,2528,Site,102,1,20.5
81181,35219,2025-12-12,2528,Site,52,1,50.37
81182,35219,2025-12-12,2528,Site,72,1,2.99
81183,35220,2025-12-12,2907,Réseaux,117,1,12.26
81184,35220,2025-12-12,2907,Réseaux,14,1,41.1
81185,35221,2025-12-12,3472,Site,63,1,4.02
81186,35221,2025-12-12,3472,Site,78,1,7.11
81187,35222,2025-12-12,5950,Boutique,78,2,14.22
81188,35222,2025-12-12,5950,Boutique,63,1,4.02
81189,35222,2025-12-12,5950,Boutique,53,1,20.5
81190,35223,2025-12-12,5264,Site,43,1,24.62
81191,35223,2025-12-12,5264,Site,65,3,55.32
81192,35224,2025-12-12,497,Boutique,45,1,66.85
81193,35224,2025-12-12,497,Boutique,53,1,20.5
81194,35225,2025-12-12,5845,Site,42,1,29.77
81195,35225,2025-12-12,5845,Site,50,1,73.03
81196,35226,2025-12-12,189,Réseaux,44,1,22.56
81197,35226,2025-12-12,189,Réseaux,101,1,19.47
81198,35227,2025-12-12,5807,Site,53,1,20.5
81199,35227,2025-12-12,5807,Site,53,1,20.5
81200,35227,2025-12-12,5807,Site,21,2,26.58
81201,35228,2025-12-12,5297,Site,65,2,36.88
81202,35228,2025-12-12,5297,Site,105,2,34.82
81203,35228,2025-12-12,5297,Site,4,1,40.07
81204,35229,2025-12-12,2892,Site,64,1,10.2
81205,35229,2025-12-12,2892,Site,67,1,2.99
81206,35230,2025-12-12,4693,Site,36,1,68.91
81207,35230,2025-12-12,4693,Site,111,1,10.2
81208,35231,2025-12-12,565,Boutique,59,1,12.26
81209,35231,2025-12-12,565,Boutique,45,1,66.85
81210,35231,2025-12-12,565,Boutique,36,1,68.91
81211,35232,2025-12-12,397,Site,47,1,34.92
81212,35233,2025-12-12,4905,Site,41,2,59.54
81213,35233,2025-12-12,4905,Site,55,1,65.82
81214,35234,2025-12-12,1591,Boutique,105,2,34.82
81215,35234,2025-12-12,1591,Boutique,36,1,68.91
81216,35235,2025-12-12,5601,Site,5,1,52.43
81217,35236,2025-12-12,4666,Site,104,1,31.22
81218,35236,2025-12-12,4666,Site,22,4,199.23
81219,35237,2025-12-12,476,Boutique,56,1,99.81
81220,35237,2025-12-12,476,Boutique,24,2,69.84
81221,35238,2025-12-12,4757,Réseaux,78,1,7.11
81222,35238,2025-12-12,4757,Réseaux,65,2,36.88
81223,35238,2025-12-12,4757,Réseaux,55,1,65.82
81224,35239,2025-12-12,2968,Boutique,33,1,130.71
81225,35240,2025-12-12,3905,Site,25,1,26.68
81226,35240,2025-12-12,3905,Site,4,1,40.07
81227,35240,2025-12-12,3905,Site,28,1,50.37
81228,35240,2025-12-12,3905,Site,8,1,35.95
81229,35240,2025-12-12,3905,Site,86,1,157.49
81230,35241,2025-12-12,4336,Boutique,117,2,24.52
81231,35241,2025-12-12,4336,Boutique,21,1,13.29
81232,35242,2025-12-12,2896,Site,116,1,70.97
81233,35243,2025-12-12,5207,Site,42,1,29.77
81234,35243,2025-12-12,5207,Site,44,3,67.68
81235,35243,2025-12-12,5207,Site,67,1,2.99
81236,35244,2025-12-12,5404,Réseaux,59,1,12.26
81237,35244,2025-12-12,5404,Réseaux,64,1,10.2
81238,35244,2025-12-12,5404,Réseaux,31,1,22.56
81239,35244,2025-12-12,5404,Réseaux,105,1,17.41
81240,35245,2025-12-12,2231,Boutique,65,1,18.44
81241,35245,2025-12-12,2231,Boutique,111,1,10.2
81242,35246,2025-12-12,319,Boutique,41,1,29.77
81243,35247,2025-12-12,5745,Site,107,1,15.35
81244,35247,2025-12-12,5745,Site,53,1,20.5
81245,35248,2025-12-12,558,Boutique,58,1,36.98
81246,35248,2025-12-12,558,Boutique,88,1,21.53
81247,35249,2025-12-12,5810,Boutique,21,1,13.29
81248,35249,2025-12-12,5810,Boutique,50,1,73.03
81249,35250,2025-12-12,5781,Réseaux,25,1,26.68
81250,35251,2025-12-12,3550,Site,11,1,59.64
81251,35252,2025-12-12,1799,Boutique,41,1,29.77
81252,35252,2025-12-12,1799,Boutique,45,2,133.7
81253,35252,2025-12-12,1799,Boutique,52,1,50.37
81254,35252,2025-12-12,1799,Boutique,2,1,40.07
81255,35253,2025-12-12,3421,Boutique,65,1,18.44
81256,35254,2025-12-12,3136,Site,50,1,73.03
81257,35254,2025-12-12,3136,Site,1,1,44.19
81258,35255,2025-12-12,2140,Site,4,1,40.07
81259,35255,2025-12-12,2140,Site,61,1,11.23
81260,35256,2025-12-12,4858,Boutique,32,1,24.62
81261,35256,2025-12-12,4858,Boutique,46,1,33.89
81262,35257,2025-12-12,4247,Boutique,62,1,2.99
81263,35257,2025-12-12,4247,Boutique,46,1,33.89
81264,35257,2025-12-12,4247,Boutique,72,1,2.99
81265,35258,2025-12-12,4233,Réseaux,40,1,77.15
81266,35258,2025-12-12,4233,Réseaux,90,1,74.06
81267,35259,2025-12-12,791,Boutique,74,1,21.53
81268,35260,2025-12-12,1462,Boutique,26,4,259.16
81269,35260,2025-12-12,1462,Boutique,27,1,108.05
81270,35260,2025-12-12,1462,Boutique,37,1,38.01
81271,35261,2025-12-12,2558,Site,21,1,13.29
81272,35261,2025-12-12,2558,Site,104,2,65.72
81273,35261,2025-12-12,2558,Site,44,1,22.56
81274,35261,2025-12-12,2558,Site,42,1,29.77
81275,35261,2025-12-12,2558,Site,11,3,178.92
81276,35261,2025-12-12,2558,Site,86,1,157.49
81277,35262,2025-12-12,766,Boutique,22,1,52.43
81278,35262,2025-12-12,766,Boutique,69,1,8.14
81279,35262,2025-12-12,766,Boutique,24,1,34.92
81280,35263,2025-12-12,4805,Site,51,1,17.41
81281,35263,2025-12-12,4805,Site,76,1,18.44
81282,35263,2025-12-12,4805,Site,27,1,108.05
81283,35263,2025-12-12,4805,Site,42,2,59.54
81284,35264,2025-12-12,2990,Boutique,40,4,308.6
81285,35264,2025-12-12,2990,Boutique,102,1,20.5
81286,35265,2025-12-12,5685,Site,118,1,12.26
81287,35266,2025-12-12,1985,Boutique,59,1,12.26
81288,35267,2025-12-12,2822,Boutique,95,1,24.62
81289,35268,2025-12-12,4685,Site,85,1,11.23
81290,35269,2025-12-12,3668,Site,41,1,29.77
81291,35269,2025-12-12,3668,Site,20,1,28.74
81292,35270,2025-12-12,2458,Boutique,29,1,57.58
81293,35271,2025-12-12,571,Boutique,38,1,32.86
81294,35271,2025-12-12,571,Boutique,21,1,13.29
81295,35272,2025-12-12,5875,Site,80,1,19.47
81296,35273,2025-12-12,4834,Boutique,44,1,22.56
81297,35273,2025-12-12,4834,Boutique,61,1,11.23
81298,35273,2025-12-12,4834,Boutique,62,2,5.98
81299,35273,2025-12-12,4834,Boutique,108,1,46.25
81300,35274,2025-12-12,4306,Site,80,1,19.47
81301,35275,2025-12-12,3659,Boutique,58,1,35.13
81302,35275,2025-12-12,3659,Boutique,73,3,14.39
81303,35276,2025-12-12,4771,Site,28,1,47.85
81304,35276,2025-12-12,4771,Site,8,1,34.15
81305,35277,2025-12-12,4616,Site,8,1,35.95
81306,35277,2025-12-12,4616,Site,108,4,185.0
81307,35277,2025-12-12,4616,Site,89,1,68.91
81308,35277,2025-12-12,4616,Site,44,1,22.56
81309,35277,2025-12-12,4616,Site,50,1,73.03
81310,35277,2025-12-12,4616,Site,39,1,66.85
81311,35278,2025-12-12,1138,Site,47,1,34.92
81312,35279,2025-12-12,1373,Site,37,1,36.11
81313,35280,2025-12-12,717,Site,111,1,10.2
81314,35280,2025-12-12,717,Site,101,1,19.47
81315,35281,2025-12-12,5474,Boutique,31,1,22.56
81316,35282,2025-12-12,777,Site,5,1,52.43
81317,35282,2025-12-12,777,Site,117,2,24.52
81318,35283,2025-12-12,4390,Réseaux,69,1,8.14
81319,35283,2025-12-12,4390,Réseaux,26,2,129.58
81320,35284,2025-12-12,1569,Site,60,1,31.83
81321,35284,2025-12-12,1569,Site,31,1,22.56
81322,35285,2025-12-12,5266,Boutique,61,1,11.23
81323,35285,2025-12-12,5266,Boutique,82,1,79.21
81324,35285,2025-12-12,5266,Boutique,61,1,11.23
81325,35286,2025-12-12,5036,Boutique,51,1,17.41
81326,35287,2025-12-13,1475,Site,44,2,45.12
81327,35287,2025-12-13,1475,Site,106,1,45.22
81328,35287,2025-12-13,1475,Site,62,1,2.99
81329,35288,2025-12-13,5806,Site,101,1,19.47
81330,35288,2025-12-13,5806,Site,10,1,51.4
81331,35288,2025-12-13,5806,Site,111,3,30.6
81332,35289,2025-12-13,1627,Boutique,61,1,10.67
81333,35289,2025-12-13,1627,Boutique,21,2,25.25
81334,35290,2025-12-13,4752,Boutique,65,1,18.44
81335,35291,2025-12-13,2430,Boutique,83,1,76.12
81336,35291,2025-12-13,2430,Boutique,114,1,19.47
81337,35291,2025-12-13,2430,Boutique,88,1,21.53
81338,35292,2025-12-13,2007,Boutique,43,2,49.24
81339,35292,2025-12-13,2007,Boutique,34,1,109.08
81340,35293,2025-12-13,3126,Boutique,68,3,64.59
81341,35293,2025-12-13,3126,Boutique,10,1,51.4
81342,35293,2025-12-13,3126,Boutique,49,1,30.8
81343,35294,2025-12-13,1801,Site,14,1,41.1
81344,35294,2025-12-13,1801,Site,12,1,39.04
81345,35294,2025-12-13,1801,Site,90,1,74.06
81346,35294,2025-12-13,1801,Site,63,2,8.04
81347,35295,2025-12-13,5266,Boutique,5,1,52.43
81348,35295,2025-12-13,5266,Boutique,50,1,73.03
81349,35295,2025-12-13,5266,Boutique,34,1,109.08
81350,35296,2025-12-13,5542,Réseaux,47,1,34.92
81351,35296,2025-12-13,5542,Réseaux,46,1,33.89
81352,35297,2025-12-13,3028,Site,69,1,8.14
81353,35298,2025-12-13,5388,Boutique,58,1,35.13
81354,35299,2025-12-13,3166,Site,102,3,58.42
81355,35300,2025-12-13,1684,Site,120,1,12.26
81356,35300,2025-12-13,1684,Site,16,1,10.2
81357,35300,2025-12-13,1684,Site,36,2,137.82
81358,35301,2025-12-13,3668,Réseaux,12,1,39.04
81359,35301,2025-12-13,3668,Réseaux,46,1,33.89
81360,35302,2025-12-13,5518,Réseaux,1,1,44.19
81361,35303,2025-12-13,4014,Site,57,2,34.82
81362,35304,2025-12-13,1435,Boutique,29,1,57.58
81363,35304,2025-12-13,1435,Boutique,27,1,108.05
81364,35305,2025-12-13,253,Boutique,42,1,29.77
81365,35305,2025-12-13,253,Boutique,24,1,34.92
81366,35306,2025-12-13,1542,Réseaux,87,1,121.44
81367,35306,2025-12-13,1542,Réseaux,119,1,58.61
81368,35307,2025-12-13,867,Boutique,117,1,12.26
81369,35307,2025-12-13,867,Boutique,26,1,64.79
81370,35308,2025-12-13,480,Réseaux,27,1,108.05
81371,35308,2025-12-13,480,Réseaux,54,1,56.55
81372,35308,2025-12-13,480,Réseaux,113,4,40.8
81373,35309,2025-12-13,5504,Boutique,48,1,28.74
81374,35309,2025-12-13,5504,Boutique,43,2,49.24
81375,35309,2025-12-13,5504,Boutique,68,1,21.53
81376,35310,2025-12-13,979,Boutique,41,1,29.77
81377,35310,2025-12-13,979,Boutique,43,2,49.24
81378,35310,2025-12-13,979,Boutique,63,1,4.02
81379,35311,2025-12-13,5103,Boutique,1,1,44.19
81380,35311,2025-12-13,5103,Boutique,65,2,36.88
81381,35312,2025-12-13,2381,Site,51,1,17.41
81382,35312,2025-12-13,2381,Site,34,1,109.08
81383,35312,2025-12-13,2381,Site,62,1,2.99
81384,35312,2025-12-13,2381,Site,22,1,52.43
81385,35312,2025-12-13,2381,Site,42,1,29.77
81386,35313,2025-12-13,5254,Site,3,4,156.16
81387,35313,2025-12-13,5254,Site,44,1,22.56
81388,35314,2025-12-15,5977,Site,27,1,97.24
81389,35314,2025-12-15,5977,Site,21,1,11.96
81390,35315,2025-12-13,2859,Boutique,45,1,66.85
81391,35316,2025-12-13,3736,Site,36,3,206.73
81392,35316,2025-12-13,3736,Site,110,1,26.68
81393,35316,2025-12-13,3736,Site,12,1,39.04
81394,35317,2025-12-13,5836,Site,51,1,17.41
81395,35317,2025-12-13,5836,Site,29,1,57.58
81396,35317,2025-12-13,5836,Site,117,1,12.26
81397,35317,2025-12-13,5836,Site,21,2,26.58
81398,35318,2025-12-13,532,Boutique,73,1,5.05
81399,35318,2025-12-13,532,Boutique,118,1,12.26
81400,35319,2025-12-13,694,Boutique,34,1,109.08
81401,35319,2025-12-13,694,Boutique,51,1,17.41
81402,35319,2025-12-13,694,Boutique,13,1,55.52
81403,35320,2025-12-13,1015,Site,51,1,17.41
81404,35321,2025-12-13,4578,Site,61,1,11.23
81405,35321,2025-12-13,4578,Site,44,1,22.56
81406,35322,2025-12-13,3049,Site,3,1,39.04
81407,35323,2025-12-13,1723,Boutique,90,1,74.06
81408,35323,2025-12-13,1723,Boutique,109,1,28.74
81409,35323,2025-12-13,1723,Boutique,65,1,18.44
81410,35324,2025-12-13,3640,Site,11,1,59.64
81411,35324,2025-12-13,3640,Site,72,1,2.99
81412,35324,2025-12-13,3640,Site,5,1,52.43
81413,35325,2025-12-13,3552,Boutique,80,1,19.47
81414,35326,2025-12-13,5046,Boutique,46,1,33.89
81415,35327,2025-12-13,9,Site,45,1,63.51
81416,35328,2025-12-13,348,Site,14,1,41.1
81417,35329,2025-12-13,2394,Boutique,41,1,29.77
81418,35329,2025-12-13,2394,Boutique,64,1,10.2
81419,35329,2025-12-13,2394,Boutique,52,1,50.37
81420,35329,2025-12-13,2394,Boutique,84,1,22.56
81421,35329,2025-12-13,2394,Boutique,21,1,13.29
81422,35330,2025-12-13,2034,Site,103,1,29.77
81423,35330,2025-12-13,2034,Site,109,1,28.74
81424,35330,2025-12-13,2034,Site,35,1,16.38
81425,35331,2025-12-13,4378,Site,46,1,33.89
81426,35331,2025-12-13,4378,Site,85,1,11.23
81427,35332,2025-12-13,5129,Site,51,1,17.41
81428,35332,2025-12-13,5129,Site,22,1,52.43
81429,35333,2025-12-13,5631,Boutique,17,1,16.38
81430,35334,2025-12-13,1623,Réseaux,65,2,36.88
81431,35334,2025-12-13,1623,Réseaux,41,1,29.77
81432,35334,2025-12-13,1623,Réseaux,41,1,29.77
81433,35335,2025-12-13,4852,Réseaux,7,1,17.41
81434,35336,2025-12-13,168,Site,47,1,34.92
81435,35336,2025-12-13,168,Site,29,1,57.58
81436,35337,2025-12-13,3953,Boutique,1,1,44.19
81437,35337,2025-12-13,3953,Boutique,27,1,108.05
81438,35338,2025-12-13,4605,Boutique,50,1,73.03
81439,35338,2025-12-13,4605,Boutique,101,1,19.47
81440,35338,2025-12-13,4605,Boutique,62,1,2.99
81441,35339,2025-12-13,5356,Site,54,1,56.55
81442,35340,2025-12-13,528,Site,63,1,4.02
81443,35341,2025-12-13,786,Réseaux,105,2,34.82
81444,35341,2025-12-13,786,Réseaux,25,1,26.68
81445,35341,2025-12-13,786,Réseaux,52,1,50.37
81446,35341,2025-12-13,786,Réseaux,14,1,41.1
81447,35341,2025-12-13,786,Réseaux,43,1,24.62
81448,35342,2025-12-13,4992,Réseaux,34,1,109.08
81449,35342,2025-12-13,4992,Réseaux,34,1,109.08
81450,35342,2025-12-13,4992,Réseaux,70,2,28.64
81451,35343,2025-12-13,3276,Boutique,106,1,42.96
81452,35343,2025-12-13,3276,Boutique,50,2,138.76
81453,35344,2025-12-13,561,Réseaux,8,2,71.9
81454,35344,2025-12-13,561,Réseaux,2,1,40.07
81455,35345,2025-12-13,2481,Boutique,117,1,12.26
81456,35345,2025-12-13,2481,Boutique,21,1,13.29
81457,35345,2025-12-13,2481,Boutique,28,1,50.37
81458,35345,2025-12-13,2481,Boutique,66,1,9.17
81459,35346,2025-12-13,3659,Site,89,1,68.91
81460,35346,2025-12-13,3659,Site,32,1,24.62
81461,35346,2025-12-13,3659,Site,57,1,17.41
81462,35346,2025-12-13,3659,Site,55,1,65.82
81463,35346,2025-12-13,3659,Site,4,1,40.07
81464,35347,2025-12-13,1313,Site,46,1,33.89
81465,35347,2025-12-13,1313,Site,49,3,92.4
81466,35347,2025-12-13,1313,Site,83,1,76.12
81467,35348,2025-12-13,1500,Boutique,41,1,29.77
81468,35348,2025-12-13,1500,Boutique,89,1,68.91
81469,35349,2025-12-13,1043,Réseaux,105,1,17.41
81470,35349,2025-12-13,1043,Réseaux,35,1,16.38
81471,35349,2025-12-13,1043,Réseaux,62,1,2.99
81472,35349,2025-12-13,1043,Réseaux,103,1,29.77
81473,35350,2025-12-13,2798,Site,63,1,4.02
81474,35350,2025-12-13,2798,Site,66,3,27.51
81475,35350,2025-12-13,2798,Site,41,1,29.77
81476,35351,2025-12-13,2845,Site,101,4,77.88
81477,35351,2025-12-13,2845,Site,43,1,24.62
81478,35351,2025-12-13,2845,Site,63,1,4.02
81479,35351,2025-12-13,2845,Site,1,1,44.19
81480,35352,2025-12-13,3513,Site,48,1,28.74
81481,35353,2025-12-13,4185,Site,41,1,28.28
81482,35353,2025-12-13,4185,Site,22,1,49.81
81483,35354,2025-12-13,3026,Boutique,75,1,7.11
81484,35354,2025-12-13,3026,Boutique,23,1,20.5
81485,35354,2025-12-13,3026,Boutique,44,1,22.56
81486,35355,2025-12-13,1333,Site,10,1,51.4
81487,35355,2025-12-13,1333,Site,24,1,34.92
81488,35355,2025-12-13,1333,Site,26,2,129.58
81489,35355,2025-12-13,1333,Site,54,1,56.55
81490,35355,2025-12-13,1333,Site,47,1,34.92
81491,35356,2025-12-13,4044,Site,42,1,29.77
81492,35357,2025-12-13,1922,Site,43,1,24.62
81493,35357,2025-12-13,1922,Site,82,1,79.21
81494,35358,2025-12-13,1642,Boutique,44,2,45.12
81495,35358,2025-12-13,1642,Boutique,61,1,11.23
81496,35359,2025-12-13,1118,Réseaux,104,3,98.58
81497,35359,2025-12-13,1118,Réseaux,57,1,17.41
81498,35359,2025-12-13,1118,Réseaux,44,1,22.56
81499,35360,2025-12-13,394,Site,110,1,26.68
81500,35361,2025-12-13,1727,Boutique,69,1,8.14
81501,35361,2025-12-13,1727,Boutique,5,1,52.43
81502,35362,2025-12-14,221,Site,45,1,66.85
81503,35363,2025-12-14,2802,Boutique,63,1,4.02
81504,35364,2025-12-14,3235,Site,44,2,45.12
81505,35365,2025-12-14,858,Site,46,1,33.89
81506,35365,2025-12-14,858,Site,94,2,78.08
81507,35365,2025-12-14,858,Site,33,1,130.71
81508,35366,2025-12-14,5240,Boutique,52,1,47.85
81509,35366,2025-12-14,5240,Boutique,23,1,19.47
81510,35366,2025-12-14,5240,Boutique,50,1,69.38
81511,35366,2025-12-14,5240,Boutique,23,1,19.47
81512,35367,2025-12-14,4921,Boutique,63,1,4.02
81513,35367,2025-12-14,4921,Boutique,8,1,35.95
81514,35367,2025-12-14,4921,Boutique,48,1,28.74
81515,35368,2025-12-14,5865,Site,106,1,45.22
81516,35369,2025-12-14,2678,Boutique,54,1,56.55
81517,35369,2025-12-14,2678,Boutique,41,2,59.54
81518,35370,2025-12-14,90,Site,103,1,29.77
81519,35371,2025-12-14,2692,Boutique,55,1,65.82
81520,35371,2025-12-14,2692,Boutique,23,1,20.5
81521,35371,2025-12-14,2692,Boutique,3,2,78.08
81522,35372,2025-12-14,2590,Boutique,58,1,36.98
81523,35372,2025-12-14,2590,Boutique,53,2,41.0
81524,35373,2025-12-14,3248,Site,72,1,2.84
81525,35373,2025-12-14,3248,Site,26,1,61.55
81526,35373,2025-12-14,3248,Site,67,1,2.84
81527,35374,2025-12-14,1531,Site,52,1,50.37
81528,35374,2025-12-14,1531,Site,108,1,46.25
81529,35375,2025-12-14,5889,Boutique,4,1,40.07
81530,35375,2025-12-14,5889,Boutique,117,1,12.26
81531,35376,2025-12-14,943,Boutique,50,3,219.09
81532,35376,2025-12-14,943,Boutique,64,1,10.2
81533,35376,2025-12-14,943,Boutique,38,1,32.86
81534,35377,2025-12-14,161,Boutique,62,1,2.99
81535,35377,2025-12-14,161,Boutique,73,3,15.15
81536,35378,2025-12-14,2659,Site,42,1,29.77
81537,35378,2025-12-14,2659,Site,60,1,31.83
81538,35378,2025-12-14,2659,Site,13,3,166.56
81539,35378,2025-12-14,2659,Site,55,1,65.82
81540,35379,2025-12-14,321,Site,4,1,40.07
81541,35380,2025-12-14,3497,Site,32,2,49.24
81542,35381,2025-12-14,5519,Boutique,102,2,38.95
81543,35382,2025-12-14,1362,Boutique,25,1,25.35
81544,35382,2025-12-14,1362,Boutique,64,1,9.69
81545,35382,2025-12-14,1362,Boutique,55,1,62.53
81546,35382,2025-12-14,1362,Boutique,95,1,23.39
81547,35383,2025-12-14,4509,Boutique,103,1,29.77
81548,35384,2025-12-14,290,Site,31,1,22.56
81549,35384,2025-12-14,290,Site,54,2,113.1
81550,35385,2025-12-14,5251,Boutique,58,1,36.98
81551,35385,2025-12-14,5251,Boutique,43,2,49.24
81552,35386,2025-12-14,3138,Boutique,10,1,51.4
81553,35387,2025-12-14,645,Site,67,1,2.99
81554,35388,2025-12-14,422,Site,106,1,45.22
81555,35388,2025-12-14,422,Site,103,1,29.77
81556,35389,2025-12-14,3581,Boutique,102,1,20.5
81557,35389,2025-12-14,3581,Boutique,2,1,40.07
81558,35390,2025-12-14,5314,Site,2,1,40.07
81559,35391,2025-12-14,4001,Site,58,2,73.96
81560,35391,2025-12-14,4001,Site,32,1,24.62
81561,35391,2025-12-14,4001,Site,32,1,24.62
81562,35392,2025-12-14,2141,Boutique,102,1,20.5
81563,35392,2025-12-14,2141,Boutique,23,2,41.0
81564,35392,2025-12-14,2141,Boutique,3,1,39.04
81565,35393,2025-12-14,1654,Site,46,1,33.89
81566,35394,2025-12-14,795,Boutique,86,1,149.62
81567,35394,2025-12-14,795,Boutique,111,1,9.69
81568,35395,2025-12-14,2455,Site,50,1,73.03
81569,35395,2025-12-14,2455,Site,79,1,5.05
81570,35396,2025-12-14,1596,Réseaux,105,1,17.41
81571,35396,2025-12-14,1596,Réseaux,24,1,34.92
81572,35396,2025-12-14,1596,Réseaux,103,1,29.77
81573,35397,2025-12-15,3139,Site,100,1,22.56
81574,35398,2025-12-15,3381,Réseaux,27,1,108.05
81575,35399,2025-12-15,227,Site,88,1,21.53
81576,35400,2025-12-15,3192,Boutique,1,1,44.19
81577,35401,2025-12-15,1213,Boutique,68,1,20.45
81578,35401,2025-12-15,1213,Boutique,43,1,23.39
81579,35402,2025-12-15,3320,Réseaux,111,1,10.2
81580,35402,2025-12-15,3320,Réseaux,68,1,21.53
81581,35403,2025-12-15,5932,Boutique,21,1,11.96
81582,35403,2025-12-15,5932,Boutique,70,1,12.89
81583,35403,2025-12-15,5932,Boutique,101,1,17.52
81584,35403,2025-12-15,5932,Boutique,9,1,39.77
81585,35404,2025-12-15,4326,Boutique,47,1,34.92
81586,35404,2025-12-15,4326,Boutique,61,1,11.23
81587,35405,2025-12-15,4475,Boutique,62,1,2.99
81588,35406,2025-12-15,5076,Réseaux,29,1,57.58
81589,35406,2025-12-15,5076,Réseaux,62,2,5.98
81590,35407,2025-12-15,3788,Boutique,68,1,21.53
81591,35408,2025-12-15,1514,Site,57,1,17.41
81592,35409,2025-12-15,3270,Site,45,1,63.51
81593,35409,2025-12-15,3270,Site,25,1,25.35
81594,35410,2025-12-15,1211,Site,83,1,76.12
81595,35411,2025-12-15,1768,Site,44,1,22.56
81596,35412,2025-12-15,4579,Site,6,1,44.19
81597,35412,2025-12-15,4579,Site,3,1,39.04
81598,35413,2025-12-15,3823,Boutique,1,1,44.19
81599,35413,2025-12-15,3823,Boutique,40,1,77.15
81600,35414,2025-12-15,2104,Site,80,2,36.99
81601,35414,2025-12-15,2104,Site,10,2,97.66
81602,35414,2025-12-15,2104,Site,22,1,49.81
81603,35415,2025-12-15,3039,Boutique,106,1,45.22
81604,35415,2025-12-15,3039,Boutique,16,1,10.2
81605,35415,2025-12-15,3039,Boutique,51,1,17.41
81606,35416,2025-12-15,3643,Site,53,2,41.0
81607,35416,2025-12-15,3643,Site,52,1,50.37
81608,35416,2025-12-15,3643,Site,7,1,17.41
81609,35417,2025-12-15,3408,Site,110,2,53.36
81610,35417,2025-12-15,3408,Site,108,1,46.25
81611,35418,2025-12-15,3903,Boutique,40,1,77.15
81612,35419,2025-12-15,5131,Site,107,1,15.35
81613,35420,2025-12-15,1086,Boutique,52,1,50.37
81614,35421,2025-12-15,2411,Boutique,28,1,50.37
81615,35421,2025-12-15,2411,Boutique,101,1,19.47
81616,35422,2025-12-15,3802,Site,31,2,45.12
81617,35422,2025-12-15,3802,Site,86,1,157.49
81618,35423,2025-12-15,3658,Boutique,44,1,22.56
81619,35423,2025-12-15,3658,Boutique,32,1,24.62
81620,35424,2025-12-15,2860,Boutique,3,1,39.04
81621,35424,2025-12-15,2860,Boutique,29,1,57.58
81622,35425,2025-12-15,3044,Site,1,1,41.98
81623,35425,2025-12-15,3044,Site,16,1,9.69
81624,35425,2025-12-15,3044,Site,58,1,35.13
81625,35425,2025-12-15,3044,Site,78,1,6.75
81626,35426,2025-12-15,2651,Boutique,6,1,44.19
81627,35426,2025-12-15,2651,Boutique,6,1,44.19
81628,35426,2025-12-15,2651,Boutique,48,1,28.74
81629,35426,2025-12-15,2651,Boutique,59,1,12.26
81630,35427,2025-12-15,1697,Boutique,47,1,34.92
81631,35427,2025-12-15,1697,Boutique,2,1,40.07
81632,35428,2025-12-15,2798,Boutique,28,1,50.37
81633,35428,2025-12-15,2798,Boutique,10,1,51.4
81634,35428,2025-12-15,2798,Boutique,60,2,63.66
81635,35429,2025-12-15,5862,Site,51,1,17.41
81636,35429,2025-12-15,5862,Site,44,1,22.56
81637,35429,2025-12-15,5862,Site,63,2,8.04
81638,35429,2025-12-15,5862,Site,4,2,80.14
81639,35430,2025-12-15,3138,Boutique,47,1,34.92
81640,35430,2025-12-15,3138,Boutique,52,1,50.37
81641,35430,2025-12-15,3138,Boutique,41,1,29.77
81642,35431,2025-12-15,47,Boutique,55,1,65.82
81643,35432,2025-12-15,2724,Réseaux,5,2,104.86
81644,35432,2025-12-15,2724,Réseaux,108,1,46.25
81645,35432,2025-12-15,2724,Réseaux,45,1,66.85
81646,35432,2025-12-15,2724,Réseaux,3,1,39.04
81647,35433,2025-12-15,1674,Réseaux,51,1,17.41
81648,35434,2025-12-15,3334,Site,6,1,44.19
81649,35435,2025-12-15,5419,Boutique,82,1,79.21
81650,35435,2025-12-15,5419,Boutique,52,2,100.74
81651,35436,2025-12-15,3437,Site,17,1,15.56
81652,35436,2025-12-15,3437,Site,15,1,11.65
81653,35437,2025-12-15,2843,Boutique,22,1,52.43
81654,35437,2025-12-15,2843,Boutique,1,1,44.19
81655,35438,2025-12-15,988,Boutique,54,1,56.55
81656,35438,2025-12-15,988,Boutique,84,1,22.56
81657,35438,2025-12-15,988,Boutique,46,2,67.78
81658,35438,2025-12-15,988,Boutique,47,1,34.92
81659,35438,2025-12-15,988,Boutique,56,1,99.81
81660,35439,2025-12-15,1091,Site,54,1,56.55
81661,35440,2025-12-15,254,Boutique,44,1,22.56
81662,35440,2025-12-15,254,Boutique,86,1,157.49
81663,35441,2025-12-15,968,Boutique,83,1,76.12
81664,35442,2025-12-15,3235,Boutique,120,1,12.26
81665,35442,2025-12-15,3235,Boutique,42,1,29.77
81666,35442,2025-12-15,3235,Boutique,81,1,16.38
81667,35442,2025-12-15,3235,Boutique,45,1,66.85
81668,35443,2025-12-15,4253,Boutique,87,1,121.44
81669,35443,2025-12-15,4253,Boutique,38,1,32.86
81670,35443,2025-12-15,4253,Boutique,101,2,38.94
81671,35444,2025-12-15,3668,Boutique,47,1,34.92
81672,35444,2025-12-15,3668,Boutique,37,1,38.01
81673,35444,2025-12-15,3668,Boutique,28,1,50.37
81674,35444,2025-12-15,3668,Boutique,8,1,35.95
81675,35445,2025-12-15,2061,Site,90,2,148.12
81676,35445,2025-12-15,2061,Site,41,1,29.77
81677,35445,2025-12-15,2061,Site,4,1,40.07
81678,35445,2025-12-15,2061,Site,46,1,33.89
81679,35446,2025-12-15,2713,Boutique,116,1,70.97
81680,35446,2025-12-15,2713,Boutique,49,2,61.6
81681,35446,2025-12-15,2713,Boutique,35,1,16.38
81682,35446,2025-12-15,2713,Boutique,43,1,24.62
81683,35447,2025-12-15,2814,Réseaux,28,1,50.37
81684,35447,2025-12-15,2814,Réseaux,4,1,40.07
81685,35448,2025-12-15,215,Boutique,23,1,20.5
81686,35449,2025-12-15,2594,Site,8,2,71.9
81687,35450,2025-12-15,4578,Boutique,120,1,12.26
81688,35450,2025-12-15,4578,Boutique,25,1,26.68
81689,35450,2025-12-15,4578,Boutique,48,1,28.74
81690,35451,2025-12-16,3801,Boutique,70,2,28.64
81691,35452,2025-12-16,5720,Site,6,1,44.19
81692,35452,2025-12-16,5720,Site,12,1,39.04
81693,35453,2025-12-16,1302,Boutique,56,1,94.82
81694,35453,2025-12-16,1302,Boutique,24,1,33.17
81695,35454,2025-12-16,1368,Réseaux,28,1,50.37
81696,35454,2025-12-16,1368,Réseaux,42,1,29.77
81697,35455,2025-12-16,5712,Site,68,1,21.53
81698,35455,2025-12-16,5712,Site,31,1,22.56
81699,35455,2025-12-16,5712,Site,74,2,43.06
81700,35455,2025-12-16,5712,Site,6,1,44.19
81701,35455,2025-12-16,5712,Site,21,1,13.29
81702,35455,2025-12-16,5712,Site,64,1,10.2
81703,35456,2025-12-16,2519,Site,35,1,16.38
81704,35456,2025-12-16,2519,Site,79,1,5.05
81705,35457,2025-12-16,5353,Site,11,1,59.64
81706,35457,2025-12-16,5353,Site,64,1,10.2
81707,35458,2025-12-16,3167,Boutique,53,2,41.0
81708,35459,2025-12-16,815,Site,92,1,12.26
81709,35460,2025-12-16,2,Site,41,3,89.31
81710,35461,2025-12-16,1098,Site,107,1,15.35
81711,35461,2025-12-16,1098,Site,3,1,39.04
81712,35461,2025-12-16,1098,Site,110,1,26.68
81713,35461,2025-12-16,1098,Site,57,1,17.41
81714,35462,2025-12-16,1279,Boutique,21,2,26.58
81715,35462,2025-12-16,1279,Boutique,1,1,44.19
81716,35462,2025-12-16,1279,Boutique,41,1,29.77
81717,35463,2025-12-16,5140,Site,44,1,21.43
81718,35463,2025-12-16,5140,Site,43,2,46.78
81719,35463,2025-12-16,5140,Site,73,1,4.8
81720,35463,2025-12-16,5140,Site,71,1,20.45
81721,35463,2025-12-16,5140,Site,1,1,41.98
81722,35464,2025-12-16,2723,Réseaux,93,1,51.4
81723,35464,2025-12-16,2723,Réseaux,60,2,63.66
81724,35464,2025-12-16,2723,Réseaux,4,1,40.07
81725,35464,2025-12-16,2723,Réseaux,7,1,17.41
81726,35465,2025-12-16,3913,Boutique,26,1,64.79
81727,35465,2025-12-16,3913,Boutique,81,1,16.38
81728,35465,2025-12-16,3913,Boutique,69,1,8.14
81729,35466,2025-12-16,1177,Site,22,1,52.43
81730,35467,2025-12-16,3106,Site,41,1,29.77
81731,35467,2025-12-16,3106,Site,113,1,10.2
81732,35468,2025-12-16,674,Boutique,105,2,34.82
81733,35468,2025-12-16,674,Boutique,57,1,17.41
81734,35468,2025-12-16,674,Boutique,49,1,30.8
81735,35469,2025-12-16,941,Site,113,1,10.2
81736,35469,2025-12-16,941,Site,45,1,66.85
81737,35469,2025-12-16,941,Site,110,1,26.68
81738,35470,2025-12-16,1426,Boutique,118,1,12.26
81739,35471,2025-12-16,1988,Boutique,69,3,23.2
81740,35471,2025-12-16,1988,Boutique,91,1,85.03
81741,35471,2025-12-16,1988,Boutique,6,1,41.98
81742,35471,2025-12-16,1988,Boutique,43,1,23.39
81743,35472,2025-12-16,5743,Réseaux,41,1,28.28
81744,35472,2025-12-16,5743,Réseaux,42,1,28.28
81745,35473,2025-12-16,2688,Site,23,1,20.5
81746,35473,2025-12-16,2688,Site,44,1,22.56
81747,35473,2025-12-16,2688,Site,30,1,52.43
81748,35474,2025-12-16,1353,Boutique,57,1,17.41
81749,35474,2025-12-16,1353,Boutique,47,1,34.92
81750,35475,2025-12-16,608,Boutique,4,1,40.07
81751,35475,2025-12-16,608,Boutique,13,2,111.04
81752,35475,2025-12-16,608,Boutique,81,1,16.38
81753,35475,2025-12-16,608,Boutique,102,1,20.5
81754,35476,2025-12-16,1619,Réseaux,2,1,40.07
81755,35477,2025-12-16,1726,Site,7,2,34.82
81756,35477,2025-12-16,1726,Site,45,1,66.85
81757,35478,2025-12-16,4812,Site,105,1,17.41
81758,35479,2025-12-16,1416,Boutique,2,1,40.07
81759,35480,2025-12-16,1297,Boutique,106,1,45.22
81760,35481,2025-12-16,4170,Site,63,1,4.02
81761,35482,2025-12-16,495,Site,44,1,22.56
81762,35483,2025-12-16,2723,Site,80,1,19.47
81763,35483,2025-12-16,2723,Site,43,1,24.62
81764,35484,2025-12-16,995,Boutique,26,1,64.79
81765,35484,2025-12-16,995,Boutique,34,1,109.08
81766,35485,2025-12-16,1417,Boutique,56,1,99.81
81767,35486,2025-12-16,3226,Site,48,1,28.74
81768,35486,2025-12-16,3226,Site,43,1,24.62
81769,35486,2025-12-16,3226,Site,44,1,22.56
81770,35486,2025-12-16,3226,Site,38,1,32.86
81771,35486,2025-12-16,3226,Site,57,1,17.41
81772,35486,2025-12-16,3226,Site,102,1,20.5
81773,35487,2025-12-16,4861,Site,42,2,59.54
81774,35488,2025-12-16,1729,Site,6,1,44.19
81775,35488,2025-12-16,1729,Site,34,1,109.08
81776,35489,2025-12-16,4876,Site,40,1,77.15
81777,35489,2025-12-16,4876,Site,42,1,29.77
81778,35490,2025-12-16,3469,Site,19,1,30.8
81779,35490,2025-12-16,3469,Site,28,3,151.11
81780,35490,2025-12-16,3469,Site,2,1,40.07
81781,35491,2025-12-16,2499,Boutique,106,1,45.22
81782,35492,2025-12-16,5325,Boutique,6,1,44.19
81783,35492,2025-12-16,5325,Boutique,82,2,158.42
81784,35492,2025-12-16,5325,Boutique,106,2,90.44
81785,35492,2025-12-16,5325,Boutique,14,1,41.1
81786,35492,2025-12-16,5325,Boutique,1,1,44.19
81787,35492,2025-12-16,5325,Boutique,3,1,39.04
81788,35493,2025-12-16,2244,Réseaux,2,1,40.07
81789,35493,2025-12-16,2244,Réseaux,10,1,51.4
81790,35494,2025-12-16,4233,Boutique,81,1,16.38
81791,35494,2025-12-16,4233,Boutique,59,1,12.26
81792,35494,2025-12-16,4233,Boutique,75,1,7.11
81793,35494,2025-12-16,4233,Boutique,94,1,39.04
81794,35495,2025-12-16,4839,Site,41,1,29.77
81795,35496,2025-12-16,1893,Boutique,45,1,66.85
81796,35496,2025-12-16,1893,Boutique,31,1,22.56
81797,35496,2025-12-16,1893,Boutique,41,3,89.31
81798,35496,2025-12-16,1893,Boutique,81,2,32.76
81799,35497,2025-12-16,4050,Boutique,10,1,51.4
81800,35497,2025-12-16,4050,Boutique,78,1,7.11
81801,35498,2025-12-16,1482,Site,41,1,29.77
81802,35498,2025-12-16,1482,Site,56,1,99.81
81803,35498,2025-12-16,1482,Site,1,1,44.19
81804,35498,2025-12-16,1482,Site,2,3,120.21
81805,35499,2025-12-16,3315,Boutique,103,1,29.77
81806,35499,2025-12-16,3315,Boutique,27,1,108.05
81807,35499,2025-12-16,3315,Boutique,1,1,44.19
81808,35500,2025-12-16,4739,Site,63,1,4.02
81809,35500,2025-12-16,4739,Site,63,1,4.02
81810,35500,2025-12-16,4739,Site,33,1,130.71
81811,35501,2025-12-17,3737,Site,67,1,2.99
81812,35501,2025-12-17,3737,Site,109,1,28.74
81813,35502,2025-12-17,626,Boutique,44,1,22.56
81814,35502,2025-12-17,626,Boutique,54,1,56.55
81815,35502,2025-12-17,626,Boutique,30,1,52.43
81816,35502,2025-12-17,626,Boutique,42,3,89.31
81817,35502,2025-12-17,626,Boutique,69,1,8.14
81818,35503,2025-12-17,5968,Boutique,42,1,26.79
81819,35503,2025-12-17,5968,Boutique,3,1,35.14
81820,35503,2025-12-17,5968,Boutique,62,1,2.69
81821,35503,2025-12-17,5968,Boutique,43,1,22.16
81822,35504,2025-12-17,4082,Boutique,6,1,44.19
81823,35504,2025-12-17,4082,Boutique,83,1,76.12
81824,35505,2025-12-17,5703,Site,46,2,67.78
81825,35505,2025-12-17,5703,Site,3,1,39.04
81826,35506,2025-12-17,3614,Site,51,1,17.41
81827,35506,2025-12-17,3614,Site,90,3,222.18
81828,35506,2025-12-17,3614,Site,22,1,52.43
81829,35507,2025-12-17,2134,Site,26,1,64.79
81830,35507,2025-12-17,2134,Site,48,1,28.74
81831,35507,2025-12-17,2134,Site,6,1,44.19
81832,35507,2025-12-17,2134,Site,38,1,32.86
81833,35507,2025-12-17,2134,Site,21,1,13.29
81834,35508,2025-12-17,2089,Boutique,72,1,2.99
81835,35508,2025-12-17,2089,Boutique,22,1,52.43
81836,35508,2025-12-17,2089,Boutique,106,1,45.22
81837,35508,2025-12-17,2089,Boutique,105,1,17.41
81838,35508,2025-12-17,2089,Boutique,50,1,73.03
81839,35509,2025-12-17,2557,Site,53,3,61.5
81840,35509,2025-12-17,2557,Site,13,1,55.52
81841,35509,2025-12-17,2557,Site,50,1,73.03
81842,35510,2025-12-17,1582,Site,44,1,22.56
81843,35510,2025-12-17,1582,Site,7,3,52.23
81844,35511,2025-12-17,4441,Site,69,1,8.14
81845,35511,2025-12-17,4441,Site,4,1,40.07
81846,35511,2025-12-17,4441,Site,34,2,218.16
81847,35512,2025-12-17,3264,Site,27,1,108.05
81848,35512,2025-12-17,3264,Site,65,1,18.44
81849,35512,2025-12-17,3264,Site,43,1,24.62
81850,35512,2025-12-17,3264,Site,63,2,8.04
81851,35513,2025-12-17,4583,Boutique,64,1,10.2
81852,35514,2025-12-17,4393,Site,44,1,22.56
81853,35515,2025-12-17,2388,Boutique,62,1,2.99
81854,35515,2025-12-17,2388,Boutique,50,2,146.06
81855,35515,2025-12-17,2388,Boutique,91,1,89.51
81856,35515,2025-12-17,2388,Boutique,37,1,38.01
81857,35515,2025-12-17,2388,Boutique,61,3,33.69
81858,35516,2025-12-17,5862,Site,96,2,24.52
81859,35517,2025-12-17,411,Boutique,120,1,12.26
81860,35517,2025-12-17,411,Boutique,41,1,29.77
81861,35518,2025-12-17,3001,Réseaux,44,1,22.56
81862,35518,2025-12-17,3001,Réseaux,22,1,52.43
81863,35518,2025-12-17,3001,Réseaux,68,1,21.53
81864,35518,2025-12-17,3001,Réseaux,86,1,157.49
81865,35519,2025-12-17,513,Site,48,1,28.74
81866,35519,2025-12-17,513,Site,7,1,17.41
81867,35520,2025-12-17,2829,Réseaux,59,1,12.26
81868,35520,2025-12-17,2829,Réseaux,93,1,51.4
81869,35521,2025-12-17,1764,Boutique,48,1,27.3
81870,35521,2025-12-17,1764,Boutique,60,1,30.24
81871,35522,2025-12-17,3270,Boutique,45,4,267.4
81872,35522,2025-12-17,3270,Boutique,21,1,13.29
81873,35523,2025-12-17,4408,Boutique,111,1,10.2
81874,35524,2025-12-17,5405,Boutique,44,1,22.56
81875,35524,2025-12-17,5405,Boutique,6,1,44.19
81876,35524,2025-12-17,5405,Boutique,57,1,17.41
81877,35524,2025-12-17,5405,Boutique,42,1,29.77
81878,35524,2025-12-17,5405,Boutique,36,1,68.91
81879,35524,2025-12-17,5405,Boutique,61,1,11.23
81880,35525,2025-12-17,3676,Site,119,1,58.61
81881,35525,2025-12-17,3676,Site,52,1,50.37
81882,35526,2025-12-17,3035,Boutique,35,4,62.24
81883,35526,2025-12-17,3035,Boutique,9,1,41.98
81884,35526,2025-12-17,3035,Boutique,59,2,23.29
81885,35527,2025-12-17,104,Boutique,11,1,59.64
81886,35527,2025-12-17,104,Boutique,54,1,56.55
81887,35527,2025-12-17,104,Boutique,41,1,29.77
81888,35527,2025-12-17,104,Boutique,58,1,36.98
81889,35527,2025-12-17,104,Boutique,116,2,141.94
81890,35528,2025-12-17,1438,Réseaux,103,1,29.77
81891,35528,2025-12-17,1438,Réseaux,101,1,19.47
81892,35529,2025-12-17,3988,Boutique,73,1,5.05
81893,35529,2025-12-17,3988,Boutique,53,1,20.5
81894,35529,2025-12-17,3988,Boutique,67,1,2.99
81895,35530,2025-12-17,76,Site,23,1,20.5
81896,35530,2025-12-17,76,Site,70,1,14.32
81897,35531,2025-12-17,1535,Boutique,85,1,11.23
81898,35531,2025-12-17,1535,Boutique,22,1,52.43
81899,35531,2025-12-17,1535,Boutique,6,1,44.19
81900,35532,2025-12-17,1028,Boutique,101,1,18.5
81901,35532,2025-12-17,1028,Boutique,108,2,87.88
81902,35532,2025-12-17,1028,Boutique,20,1,27.3
81903,35533,2025-12-17,4047,Réseaux,18,1,13.29
81904,35533,2025-12-17,4047,Réseaux,53,1,20.5
81905,35534,2025-12-17,1596,Site,81,1,16.38
81906,35535,2025-12-17,836,Réseaux,120,1,12.26
81907,35535,2025-12-17,836,Réseaux,101,1,19.47
81908,35535,2025-12-17,836,Réseaux,25,2,53.36
81909,35536,2025-12-17,5296,Site,42,2,59.54
81910,35536,2025-12-17,5296,Site,46,2,67.78
81911,35536,2025-12-17,5296,Site,47,1,34.92
81912,35537,2025-12-17,5975,Site,41,1,26.79
81913,35537,2025-12-17,5975,Site,67,1,2.69
81914,35537,2025-12-17,5975,Site,63,1,3.62
81915,35538,2025-12-17,4145,Boutique,9,1,44.19
81916,35539,2025-12-17,809,Site,54,1,56.55
81917,35539,2025-12-17,809,Site,51,1,17.41
81918,35539,2025-12-17,809,Site,18,1,13.29
81919,35540,2025-12-17,5260,Site,75,1,7.11
81920,35540,2025-12-17,5260,Site,49,1,30.8
81921,35540,2025-12-17,5260,Site,120,1,12.26
81922,35541,2025-12-17,1277,Site,109,1,28.74
81923,35541,2025-12-17,1277,Site,67,1,2.99
81924,35541,2025-12-17,1277,Site,49,1,30.8
81925,35541,2025-12-17,1277,Site,42,1,29.77
81926,35542,2025-12-17,1859,Réseaux,31,1,22.56
81927,35543,2025-12-17,2305,Site,43,2,49.24
81928,35544,2025-12-17,983,Réseaux,43,1,24.62
81929,35544,2025-12-17,983,Réseaux,44,1,22.56
81930,35544,2025-12-17,983,Réseaux,88,1,21.53
81931,35545,2025-12-17,2546,Site,104,1,32.86
81932,35545,2025-12-17,2546,Site,44,1,22.56
81933,35545,2025-12-17,2546,Site,2,1,40.07
81934,35545,2025-12-17,2546,Site,3,1,39.04
81935,35545,2025-12-17,2546,Site,105,2,34.82
81936,35546,2025-12-17,4890,Site,61,1,11.23
81937,35547,2025-12-17,5475,Site,68,1,21.53
81938,35548,2025-12-17,645,Boutique,50,1,73.03
81939,35549,2025-12-17,3486,Boutique,63,1,4.02
81940,35549,2025-12-17,3486,Boutique,32,1,24.62
81941,35549,2025-12-17,3486,Boutique,41,1,29.77
81942,35550,2025-12-17,3270,Boutique,55,1,65.82
81943,35550,2025-12-17,3270,Boutique,1,3,132.57
81944,35551,2025-12-17,1659,Réseaux,24,1,34.92
81945,35551,2025-12-17,1659,Réseaux,15,2,24.52
81946,35552,2025-12-17,349,Site,32,1,24.62
81947,35552,2025-12-17,349,Site,90,1,74.06
81948,35553,2025-12-18,3737,Site,23,1,19.47
81949,35553,2025-12-18,3737,Site,45,2,127.01
81950,35553,2025-12-18,3737,Site,113,1,9.69
81951,35553,2025-12-18,3737,Site,55,1,62.53
81952,35554,2025-12-18,5154,Réseaux,53,1,20.5
81953,35555,2025-12-18,5171,Site,76,2,36.88
81954,35556,2025-12-18,3250,Boutique,54,1,56.55
81955,35557,2025-12-18,2116,Site,59,1,12.26
81956,35557,2025-12-18,2116,Site,110,1,26.68
81957,35558,2025-12-18,1715,Réseaux,21,1,13.29
81958,35558,2025-12-18,1715,Réseaux,41,1,29.77
81959,35558,2025-12-18,1715,Réseaux,43,1,24.62
81960,35558,2025-12-18,1715,Réseaux,43,2,49.24
81961,35559,2025-12-18,1332,Site,105,1,17.41
81962,35559,2025-12-18,1332,Site,109,1,28.74
81963,35559,2025-12-18,1332,Site,43,1,24.62
81964,35559,2025-12-18,1332,Site,48,2,57.48
81965,35559,2025-12-18,1332,Site,10,1,51.4
81966,35560,2025-12-18,1569,Site,64,1,10.2
81967,35561,2025-12-18,4013,Boutique,32,1,24.62
81968,35562,2025-12-18,5754,Site,53,1,20.5
81969,35562,2025-12-18,5754,Site,112,1,26.68
81970,35562,2025-12-18,5754,Site,45,1,66.85
81971,35563,2025-12-18,4083,Réseaux,12,1,39.04
81972,35563,2025-12-18,4083,Réseaux,94,1,39.04
81973,35564,2025-12-18,1338,Boutique,45,1,66.85
81974,35564,2025-12-18,1338,Boutique,23,1,20.5
81975,35564,2025-12-18,1338,Boutique,48,1,28.74
81976,35564,2025-12-18,1338,Boutique,57,1,17.41
81977,35565,2025-12-18,5439,Réseaux,52,1,50.37
81978,35566,2025-12-18,2183,Réseaux,45,1,66.85
81979,35566,2025-12-18,2183,Réseaux,42,2,59.54
81980,35567,2025-12-18,2441,Site,93,1,51.4
81981,35567,2025-12-18,2441,Site,94,1,39.04
81982,35567,2025-12-18,2441,Site,57,1,17.41
81983,35568,2025-12-18,3775,Site,49,3,92.4
81984,35568,2025-12-18,3775,Site,58,1,36.98
81985,35569,2025-12-18,4595,Site,56,4,399.24
81986,35569,2025-12-18,4595,Site,61,1,11.23
81987,35569,2025-12-18,4595,Site,28,1,50.37
81988,35570,2025-12-18,5358,Réseaux,26,1,64.79
81989,35570,2025-12-18,5358,Réseaux,51,3,52.23
81990,35571,2025-12-18,2933,Site,40,1,77.15
81991,35571,2025-12-18,2933,Site,104,1,32.86
81992,35571,2025-12-18,2933,Site,27,3,324.15
81993,35572,2025-12-18,3717,Boutique,51,1,17.41
81994,35572,2025-12-18,3717,Boutique,31,1,22.56
81995,35572,2025-12-18,3717,Boutique,50,1,73.03
81996,35573,2025-12-18,333,Boutique,63,1,4.02
81997,35573,2025-12-18,333,Boutique,100,1,22.56
81998,35574,2025-12-18,3008,Site,25,1,26.68
81999,35574,2025-12-18,3008,Site,49,1,30.8
82000,35574,2025-12-18,3008,Site,23,1,20.5
82001,35575,2025-12-18,4985,Réseaux,59,1,12.26
82002,35575,2025-12-18,4985,Réseaux,41,1,29.77
82003,35576,2025-12-18,3323,Site,117,1,12.26
82004,35576,2025-12-18,3323,Site,51,1,17.41
82005,35576,2025-12-18,3323,Site,62,1,2.99
82006,35577,2025-12-18,3636,Boutique,69,1,8.14
82007,35577,2025-12-18,3636,Boutique,54,1,56.55
82008,35578,2025-12-18,2604,Site,48,1,28.74
82009,35578,2025-12-18,2604,Site,84,1,22.56
82010,35578,2025-12-18,2604,Site,106,1,45.22
82011,35579,2025-12-18,3044,Site,4,3,114.2
82012,35580,2025-12-18,1875,Boutique,108,2,87.88
82013,35580,2025-12-18,1875,Boutique,8,1,34.15
82014,35580,2025-12-18,1875,Boutique,21,1,12.63
82015,35580,2025-12-18,1875,Boutique,66,1,8.71
82016,35581,2025-12-18,5778,Site,9,2,88.38
82017,35581,2025-12-18,5778,Site,44,2,45.12
82018,35581,2025-12-18,5778,Site,50,1,73.03
82019,35582,2025-12-18,3368,Boutique,119,1,58.61
82020,35583,2025-12-18,3805,Réseaux,23,1,20.5
82021,35583,2025-12-18,3805,Réseaux,21,1,13.29
82022,35584,2025-12-18,3885,Boutique,19,1,30.8
82023,35584,2025-12-18,3885,Boutique,109,1,28.74
82024,35584,2025-12-18,3885,Boutique,45,1,66.85
82025,35584,2025-12-18,3885,Boutique,24,1,34.92
82026,35585,2025-12-18,1749,Boutique,108,1,46.25
82027,35585,2025-12-18,1749,Boutique,44,1,22.56
82028,35585,2025-12-18,1749,Boutique,64,1,10.2
82029,35585,2025-12-18,1749,Boutique,61,1,11.23
82030,35586,2025-12-18,620,Boutique,41,1,29.77
82031,35587,2025-12-18,1768,Boutique,1,2,88.38
82032,35588,2025-12-18,2393,Site,118,1,12.26
82033,35588,2025-12-18,2393,Site,1,1,44.19
82034,35588,2025-12-18,2393,Site,55,1,65.82
82035,35588,2025-12-18,2393,Site,6,1,44.19
82036,35589,2025-12-18,1862,Site,16,1,10.2
82037,35589,2025-12-18,1862,Site,42,1,29.77
82038,35590,2025-12-18,846,Réseaux,45,1,63.51
82039,35590,2025-12-18,846,Réseaux,46,1,32.2
82040,35590,2025-12-18,846,Réseaux,4,1,38.07
82041,35590,2025-12-18,846,Réseaux,9,1,41.98
82042,35591,2025-12-18,744,Site,4,1,40.07
82043,35591,2025-12-18,744,Site,48,1,28.74
82044,35592,2025-12-18,5868,Boutique,52,1,47.85
82045,35592,2025-12-18,5868,Boutique,10,1,48.83
82046,35592,2025-12-18,5868,Boutique,65,1,17.52
82047,35593,2025-12-18,5892,Réseaux,59,1,12.26
82048,35593,2025-12-18,5892,Réseaux,112,1,26.68
82049,35593,2025-12-18,5892,Réseaux,46,1,33.89
82050,35594,2025-12-18,3265,Site,42,1,29.77
82051,35595,2025-12-18,159,Boutique,74,1,21.53
82052,35595,2025-12-18,159,Boutique,53,1,20.5
82053,35595,2025-12-18,159,Boutique,3,1,39.04
82054,35596,2025-12-18,2173,Site,6,1,44.19
82055,35596,2025-12-18,2173,Site,40,1,77.15
82056,35597,2025-12-18,2014,Boutique,54,1,56.55
82057,35598,2025-12-18,1820,Site,59,1,12.26
82058,35598,2025-12-18,1820,Site,4,1,40.07
82059,35599,2025-12-18,1531,Site,101,1,19.47
82060,35599,2025-12-18,1531,Site,42,2,59.54
82061,35599,2025-12-18,1531,Site,4,2,80.14
82062,35599,2025-12-18,1531,Site,88,1,21.53
82063,35600,2025-12-18,3962,Site,28,1,50.37
82064,35601,2025-12-18,1001,Site,23,1,20.5
82065,35601,2025-12-18,1001,Site,38,1,32.86
82066,35602,2025-12-18,3442,Boutique,95,1,24.62
82067,35602,2025-12-18,3442,Boutique,42,1,29.77
82068,35602,2025-12-18,3442,Boutique,13,1,55.52
82069,35602,2025-12-18,3442,Boutique,23,2,41.0
82070,35603,2025-12-18,85,Boutique,1,1,44.19
82071,35603,2025-12-18,85,Boutique,22,1,52.43
82072,35603,2025-12-18,85,Boutique,20,1,28.74
82073,35604,2025-12-18,1457,Site,108,1,46.25
82074,35604,2025-12-18,1457,Site,41,2,59.54
82075,35605,2025-12-18,1361,Site,41,1,29.77
82076,35605,2025-12-18,1361,Site,22,1,52.43
82077,35606,2025-12-18,2641,Site,1,1,44.19
82078,35606,2025-12-18,2641,Site,33,1,130.71
82079,35607,2025-12-18,5254,Boutique,3,1,39.04
82080,35607,2025-12-18,5254,Boutique,22,1,52.43
82081,35607,2025-12-18,5254,Boutique,76,1,18.44
82082,35607,2025-12-18,5254,Boutique,47,1,34.92
82083,35608,2025-12-18,4832,Boutique,63,2,8.04
82084,35609,2025-12-18,1062,Site,64,1,10.2
82085,35609,2025-12-18,1062,Site,94,1,39.04
82086,35610,2025-12-19,4539,Site,51,1,17.41
82087,35610,2025-12-19,4539,Site,45,1,66.85
82088,35610,2025-12-19,4539,Site,47,1,34.92
82089,35611,2025-12-19,3308,Réseaux,117,1,12.26
82090,35612,2025-12-19,5542,Site,72,1,2.99
82091,35612,2025-12-19,5542,Site,69,1,8.14
82092,35612,2025-12-19,5542,Site,8,1,35.95
82093,35612,2025-12-19,5542,Site,14,1,41.1
82094,35613,2025-12-19,2062,Réseaux,32,1,24.62
82095,35613,2025-12-19,2062,Réseaux,1,1,44.19
82096,35614,2025-12-19,4559,Site,41,1,29.77
82097,35614,2025-12-19,4559,Site,62,1,2.99
82098,35615,2025-12-19,4195,Site,43,1,24.62
82099,35615,2025-12-19,4195,Site,72,1,2.99
82100,35615,2025-12-19,4195,Site,33,4,522.84
82101,35615,2025-12-19,4195,Site,65,1,18.44
82102,35616,2025-12-19,5604,Site,41,1,29.77
82103,35616,2025-12-19,5604,Site,105,1,17.41
82104,35616,2025-12-19,5604,Site,109,1,28.74
82105,35617,2025-12-19,4870,Site,14,1,41.1
82106,35618,2025-12-19,5129,Site,77,1,22.56
82107,35618,2025-12-19,5129,Site,74,1,21.53
82108,35619,2025-12-19,834,Site,86,1,157.49
82109,35619,2025-12-19,834,Site,47,1,34.92
82110,35620,2025-12-19,2833,Boutique,58,1,35.13
82111,35621,2025-12-19,3320,Boutique,62,1,2.99
82112,35622,2025-12-19,4006,Site,42,1,29.77
82113,35622,2025-12-19,4006,Site,3,1,39.04
82114,35623,2025-12-19,2180,Site,50,1,73.03
82115,35624,2025-12-19,3105,Site,102,1,20.5
82116,35625,2025-12-19,1279,Boutique,27,1,108.05
82117,35626,2025-12-19,5449,Site,56,1,99.81
82118,35626,2025-12-19,5449,Site,26,1,64.79
82119,35627,2025-12-19,782,Réseaux,59,1,12.26
82120,35627,2025-12-19,782,Réseaux,15,2,24.52
82121,35627,2025-12-19,782,Réseaux,3,1,39.04
82122,35627,2025-12-19,782,Réseaux,3,1,39.04
82123,35627,2025-12-19,782,Réseaux,44,1,22.56
82124,35628,2025-12-19,3648,Site,103,1,29.77
82125,35628,2025-12-19,3648,Site,48,1,28.74
82126,35629,2025-12-19,2473,Site,26,1,64.79
82127,35630,2025-12-19,3412,Site,54,1,56.55
82128,35630,2025-12-19,3412,Site,21,2,26.58
82129,35630,2025-12-19,3412,Site,28,3,151.11
82130,35631,2025-12-19,3750,Boutique,103,2,59.54
82131,35631,2025-12-19,3750,Boutique,45,1,66.85
82132,35632,2025-12-19,1460,Boutique,52,1,50.37
82133,35632,2025-12-19,1460,Boutique,81,1,16.38
82134,35633,2025-12-19,1742,Site,21,1,12.63
82135,35634,2025-12-19,1421,Site,4,1,40.07
82136,35635,2025-12-19,1820,Site,29,1,57.58
82137,35635,2025-12-19,1820,Site,23,1,20.5
82138,35635,2025-12-19,1820,Site,53,1,20.5
82139,35635,2025-12-19,1820,Site,52,1,50.37
82140,35636,2025-12-19,2533,Boutique,12,1,39.04
82141,35636,2025-12-19,2533,Boutique,62,1,2.99
82142,35636,2025-12-19,2533,Boutique,20,2,57.48
82143,35637,2025-12-19,396,Boutique,1,1,41.98
82144,35637,2025-12-19,396,Boutique,106,1,42.96
82145,35638,2025-12-19,2694,Boutique,9,1,44.19
82146,35639,2025-12-19,707,Site,41,1,29.77
82147,35640,2025-12-19,645,Site,71,1,21.53
82148,35640,2025-12-19,645,Site,21,1,13.29
82149,35641,2025-12-19,2588,Boutique,41,1,29.77
82150,35641,2025-12-19,2588,Boutique,114,1,19.47
82151,35641,2025-12-19,2588,Boutique,52,3,151.11
82152,35642,2025-12-19,3012,Site,44,1,22.56
82153,35642,2025-12-19,3012,Site,42,1,29.77
82154,35643,2025-12-19,2716,Boutique,52,1,50.37
82155,35643,2025-12-19,2716,Boutique,34,1,109.08
82156,35644,2025-12-19,884,Site,21,1,13.29
82157,35644,2025-12-19,884,Site,41,1,29.77
82158,35644,2025-12-19,884,Site,41,1,29.77
82159,35644,2025-12-19,884,Site,43,1,24.62
82160,35645,2025-12-19,52,Site,2,1,40.07
82161,35646,2025-12-19,5963,Boutique,34,1,109.08
82162,35647,2025-12-19,3546,Site,44,1,22.56
82163,35647,2025-12-19,3546,Site,71,1,21.53
82164,35648,2025-12-19,4370,Site,85,3,33.69
82165,35649,2025-12-19,4698,Site,61,1,11.23
82166,35649,2025-12-19,4698,Site,119,1,58.61
82167,35650,2025-12-19,2140,Site,59,1,12.26
82168,35650,2025-12-19,2140,Site,12,1,39.04
82169,35650,2025-12-19,2140,Site,101,1,19.47
82170,35651,2025-12-19,5807,Site,110,1,26.68
82171,35651,2025-12-19,5807,Site,74,1,21.53
82172,35652,2025-12-19,600,Site,59,1,12.26
82173,35652,2025-12-19,600,Site,118,1,12.26
82174,35652,2025-12-19,600,Site,95,1,24.62
82175,35653,2025-12-19,1276,Site,3,1,39.04
82176,35653,2025-12-19,1276,Site,7,1,17.41
82177,35654,2025-12-19,3729,Site,12,1,39.04
82178,35654,2025-12-19,3729,Site,106,1,45.22
82179,35655,2025-12-19,3308,Site,109,1,28.74
82180,35655,2025-12-19,3308,Site,42,2,59.54
82181,35656,2025-12-19,2591,Site,12,1,39.04
82182,35656,2025-12-19,2591,Site,55,1,65.82
82183,35656,2025-12-19,2591,Site,62,4,11.96
82184,35656,2025-12-19,2591,Site,21,2,26.58
82185,35657,2025-12-19,984,Boutique,60,1,31.83
82186,35657,2025-12-19,984,Boutique,72,1,2.99
82187,35657,2025-12-19,984,Boutique,1,1,44.19
82188,35658,2025-12-19,313,Réseaux,73,1,5.05
82189,35658,2025-12-19,313,Réseaux,48,1,28.74
82190,35659,2025-12-19,3636,Site,116,1,70.97
82191,35659,2025-12-19,3636,Site,49,1,30.8
82192,35660,2025-12-19,1722,Boutique,9,1,44.19
82193,35660,2025-12-19,1722,Boutique,46,1,33.89
82194,35661,2025-12-19,4262,Boutique,55,1,65.82
82195,35661,2025-12-19,4262,Boutique,41,1,29.77
900003,34614,2025-12-02,90003,Boutique,45,1,66.85
82196,35661,2025-12-19,4262,Boutique,61,1,11.23
82197,35662,2025-12-19,287,Réseaux,108,1,46.25
82198,35662,2025-12-19,287,Réseaux,2,1,40.07
82199,35662,2025-12-19,287,Réseaux,53,1,20.5
82200,35663,2025-12-19,5539,Réseaux,21,1,13.29
82201,35663,2025-12-19,5539,Réseaux,20,1,28.74
82202,35664,2025-12-19,3323,Site,55,3,197.46
82203,35664,2025-12-19,3323,Site,48,1,28.74
82204,35665,2025-12-19,823,Boutique,21,1,13.29
82205,35665,2025-12-19,823,Boutique,42,1,29.77
82206,35666,2025-12-19,5945,Site,25,3,72.04
82207,35666,2025-12-19,5945,Site,14,1,36.99
82208,35666,2025-12-19,5945,Site,1,1,39.77
82209,35667,2025-12-19,250,Boutique,27,1,108.05
82210,35667,2025-12-19,250,Boutique,42,2,59.54
82211,35668,2025-12-19,220,Boutique,52,1,50.37
82212,35669,2025-12-19,2194,Boutique,5,1,52.43
82213,35669,2025-12-19,2194,Boutique,43,1,24.62
82214,35669,2025-12-19,2194,Boutique,8,2,71.9
82215,35669,2025-12-19,2194,Boutique,112,1,26.68
82216,35670,2025-12-19,5067,Site,43,1,24.62
82217,35670,2025-12-19,5067,Site,89,1,68.91
82218,35671,2025-12-19,1222,Site,55,1,65.82
82219,35671,2025-12-19,1222,Site,52,1,50.37
82220,35672,2025-12-19,3766,Boutique,61,1,11.23
82221,35673,2025-12-19,4425,Site,9,1,44.19
82222,35673,2025-12-19,4425,Site,21,1,13.29
82223,35674,2025-12-19,5489,Site,105,1,17.41
82224,35674,2025-12-19,5489,Site,41,1,29.77
82225,35675,2025-12-19,3170,Boutique,106,4,180.88
82226,35675,2025-12-19,3170,Boutique,115,1,51.4
82227,35676,2025-12-19,890,Boutique,42,1,29.77
82228,35676,2025-12-19,890,Boutique,54,2,113.1
82229,35676,2025-12-19,890,Boutique,41,1,29.77
82230,35676,2025-12-19,890,Boutique,49,2,61.6
82231,35677,2025-12-19,3837,Réseaux,46,1,33.89
82232,35677,2025-12-19,3837,Réseaux,23,1,20.5
82233,35678,2025-12-19,3094,Site,47,1,34.92
82234,35678,2025-12-19,3094,Site,102,2,41.0
82235,35679,2025-12-19,5812,Boutique,21,2,26.58
82236,35679,2025-12-19,5812,Boutique,104,1,32.86
82237,35680,2025-12-19,5249,Site,51,2,34.82
82238,35680,2025-12-19,5249,Site,34,1,109.08
82239,35681,2025-12-19,4839,Réseaux,23,1,20.5
82240,35681,2025-12-19,4839,Réseaux,16,1,10.2
82241,35681,2025-12-19,4839,Réseaux,106,1,45.22
82242,35682,2025-12-20,3391,Site,81,1,16.38
82243,35682,2025-12-20,3391,Site,73,1,5.05
82244,35683,2025-12-20,1574,Site,35,1,16.38
82245,35683,2025-12-20,1574,Site,46,1,33.89
82246,35683,2025-12-20,1574,Site,48,1,28.74
82247,35684,2025-12-20,3415,Site,71,1,21.53
82248,35684,2025-12-20,3415,Site,22,1,52.43
82249,35685,2025-12-20,1780,Boutique,46,1,33.89
82250,35685,2025-12-20,1780,Boutique,106,1,45.22
82251,35686,2025-12-20,2776,Boutique,41,1,29.77
82252,35686,2025-12-20,2776,Boutique,25,1,26.68
82253,35686,2025-12-20,2776,Boutique,43,1,24.62
82254,35687,2025-12-20,995,Boutique,18,1,13.29
82255,35688,2025-12-20,5037,Site,56,1,99.81
82256,35688,2025-12-20,5037,Site,50,1,73.03
82257,35689,2025-12-20,2639,Boutique,43,1,24.62
82258,35689,2025-12-20,2639,Boutique,41,1,29.77
82259,35689,2025-12-20,2639,Boutique,77,2,45.12
82260,35690,2025-12-20,1153,Boutique,106,1,45.22
82261,35691,2025-12-20,266,Site,67,1,2.99
82262,35691,2025-12-20,266,Site,50,1,73.03
82263,35692,2025-12-20,3044,Site,18,1,13.29
82264,35692,2025-12-20,3044,Site,63,1,4.02
82265,35693,2025-12-20,2042,Site,92,1,12.26
82266,35693,2025-12-20,2042,Site,26,1,64.79
82267,35694,2025-12-20,105,Boutique,105,1,17.41
82268,35694,2025-12-20,105,Boutique,119,1,58.61
82269,35694,2025-12-20,105,Boutique,63,1,4.02
82270,35694,2025-12-20,105,Boutique,2,2,80.14
82271,35694,2025-12-20,105,Boutique,21,1,13.29
82272,35695,2025-12-20,1272,Site,78,2,14.22
82273,35695,2025-12-20,1272,Site,101,1,19.47
82274,35696,2025-12-20,4804,Boutique,33,1,130.71
82275,35697,2025-12-20,3595,Site,50,1,73.03
82276,35698,2025-12-20,2784,Site,104,1,32.86
82277,35698,2025-12-20,2784,Site,61,1,11.23
82278,35699,2025-12-20,3960,Boutique,105,1,16.54
82279,35700,2025-12-20,2526,Boutique,103,1,28.28
82280,35700,2025-12-20,2526,Boutique,45,1,63.51
82281,35700,2025-12-20,2526,Boutique,56,1,94.82
82282,35701,2025-12-20,4825,Site,6,1,44.19
82283,35701,2025-12-20,4825,Site,80,1,19.47
82284,35701,2025-12-20,4825,Site,29,2,115.16
82285,35701,2025-12-20,4825,Site,32,1,24.62
82286,35701,2025-12-20,4825,Site,3,1,39.04
82287,35702,2025-12-20,5392,Boutique,23,1,20.5
82288,35702,2025-12-20,5392,Boutique,53,1,20.5
82289,35702,2025-12-20,5392,Boutique,58,1,36.98
82290,35702,2025-12-20,5392,Boutique,61,1,11.23
82291,35703,2025-12-20,3856,Boutique,45,1,66.85
82292,35704,2025-12-20,1645,Boutique,23,2,41.0
82293,35704,2025-12-20,1645,Boutique,29,1,57.58
82294,35704,2025-12-20,1645,Boutique,58,1,36.98
82295,35704,2025-12-20,1645,Boutique,42,4,119.08
82296,35705,2025-12-20,3624,Site,20,1,28.74
82297,35705,2025-12-20,3624,Site,68,1,21.53
82298,35706,2025-12-20,1591,Site,77,2,45.12
82299,35706,2025-12-20,1591,Site,20,1,28.74
82300,35707,2025-12-20,1823,Site,44,1,22.56
82301,35707,2025-12-20,1823,Site,23,1,20.5
82302,35707,2025-12-20,1823,Site,25,1,26.68
82303,35708,2025-12-20,1432,Site,108,1,46.25
82304,35708,2025-12-20,1432,Site,56,1,99.81
82305,35708,2025-12-20,1432,Site,34,1,109.08
82306,35709,2025-12-20,4146,Site,44,1,22.56
82307,35709,2025-12-20,4146,Site,23,1,20.5
82308,35709,2025-12-20,4146,Site,38,2,65.72
82309,35709,2025-12-20,4146,Site,45,1,66.85
82310,35709,2025-12-20,4146,Site,83,1,76.12
82311,35710,2025-12-20,4025,Site,97,1,8.14
82312,35710,2025-12-20,4025,Site,50,1,73.03
82313,35711,2025-12-20,5846,Réseaux,101,4,77.88
82314,35711,2025-12-20,5846,Réseaux,28,1,50.37
82315,35711,2025-12-20,5846,Réseaux,78,1,7.11
82316,35711,2025-12-20,5846,Réseaux,46,1,33.89
82317,35712,2025-12-20,5712,Site,7,1,17.41
82318,35713,2025-12-20,2097,Boutique,60,2,63.66
82319,35713,2025-12-20,2097,Boutique,25,1,26.68
82320,35714,2025-12-20,2797,Boutique,101,1,18.5
82321,35714,2025-12-20,2797,Boutique,29,1,54.7
82322,35714,2025-12-20,2797,Boutique,1,4,167.92
82323,35715,2025-12-20,839,Site,9,1,44.19
82324,35715,2025-12-20,839,Site,49,1,30.8
82325,35715,2025-12-20,839,Site,111,1,10.2
82326,35716,2025-12-20,4256,Boutique,49,1,30.8
82327,35717,2025-12-20,2495,Réseaux,48,1,28.74
82328,35717,2025-12-20,2495,Réseaux,22,1,52.43
82329,35717,2025-12-20,2495,Réseaux,70,1,14.32
82330,35718,2025-12-20,3646,Boutique,44,1,22.56
82331,35718,2025-12-20,3646,Boutique,41,1,29.77
82332,35719,2025-12-20,3169,Site,50,1,73.03
82333,35719,2025-12-20,3169,Site,24,1,34.92
82334,35720,2025-12-20,4473,Site,83,1,76.12
82335,35720,2025-12-20,4473,Site,117,1,12.26
82336,35720,2025-12-20,4473,Site,30,1,52.43
82337,35721,2025-12-20,5137,Site,10,1,51.4
82338,35721,2025-12-20,5137,Site,103,2,59.54
82339,35721,2025-12-20,5137,Site,57,2,34.82
82340,35721,2025-12-20,5137,Site,41,3,89.31
82341,35721,2025-12-20,5137,Site,102,1,20.5
82342,35722,2025-12-20,1983,Boutique,82,1,79.21
82343,35722,2025-12-20,1983,Boutique,27,1,108.05
82344,35722,2025-12-20,1983,Boutique,50,1,73.03
82345,35723,2025-12-20,1126,Site,22,1,52.43
82346,35723,2025-12-20,1126,Site,45,1,66.85
82347,35724,2025-12-20,1633,Site,24,1,34.92
82348,35724,2025-12-20,1633,Site,28,1,50.37
82349,35724,2025-12-20,1633,Site,84,1,22.56
82350,35724,2025-12-20,1633,Site,49,1,30.8
82351,35724,2025-12-20,1633,Site,25,1,26.68
82352,35725,2025-12-20,658,Boutique,42,1,29.77
82353,35725,2025-12-20,658,Boutique,4,1,40.07
82354,35726,2025-12-20,3775,Boutique,60,1,31.83
82355,35726,2025-12-20,3775,Boutique,90,2,148.12
82356,35727,2025-12-20,2382,Site,50,1,69.38
82357,35728,2025-12-20,5271,Boutique,41,1,29.77
82358,35728,2025-12-20,5271,Boutique,46,1,33.89
82359,35728,2025-12-20,5271,Boutique,24,3,104.76
82360,35729,2025-12-20,2394,Site,17,1,16.38
82361,35729,2025-12-20,2394,Site,43,2,49.24
82362,35730,2025-12-20,192,Boutique,35,1,16.38
82363,35730,2025-12-20,192,Boutique,5,1,52.43
82364,35731,2025-12-20,1634,Réseaux,24,1,34.92
82365,35731,2025-12-20,1634,Réseaux,44,4,90.24
82366,35732,2025-12-20,14,Site,68,2,43.06
82367,35732,2025-12-20,14,Site,111,1,10.2
82368,35733,2025-12-20,600,Site,52,1,50.37
82369,35733,2025-12-20,600,Site,47,1,34.92
82370,35733,2025-12-20,600,Site,26,1,64.79
82371,35734,2025-12-20,2407,Boutique,65,3,52.55
82372,35734,2025-12-20,2407,Boutique,102,1,19.47
82373,35734,2025-12-20,2407,Boutique,104,1,31.22
82374,35734,2025-12-20,2407,Boutique,42,1,28.28
82375,35734,2025-12-20,2407,Boutique,55,1,62.53
82376,35735,2025-12-20,1654,Site,64,1,10.2
82377,35735,2025-12-20,1654,Site,48,1,28.74
82378,35735,2025-12-20,1654,Site,46,1,33.89
82379,35736,2025-12-20,966,Réseaux,48,1,27.3
82380,35736,2025-12-20,966,Réseaux,49,1,29.26
82381,35737,2025-12-20,5254,Boutique,67,1,2.99
82382,35738,2025-12-20,795,Site,10,2,102.8
82383,35739,2025-12-20,658,Site,62,1,2.99
82384,35740,2025-12-20,4152,Boutique,111,1,10.2
82385,35741,2025-12-20,2109,Boutique,67,1,2.84
82386,35741,2025-12-20,2109,Boutique,30,1,49.81
82387,35741,2025-12-20,2109,Boutique,6,1,41.98
82388,35742,2025-12-20,5598,Boutique,71,1,21.53
82389,35742,2025-12-20,5598,Boutique,34,3,327.24
82390,35742,2025-12-20,5598,Boutique,58,1,36.98
82391,35742,2025-12-20,5598,Boutique,69,1,8.14
82392,35743,2025-12-20,2472,Réseaux,106,1,45.22
82393,35743,2025-12-20,2472,Réseaux,23,1,20.5
82394,35744,2025-12-20,4359,Site,24,1,34.92
82395,35745,2025-12-20,2592,Site,44,1,21.43
82396,35745,2025-12-20,2592,Site,91,1,85.03
82397,35745,2025-12-20,2592,Site,59,1,11.65
82398,35745,2025-12-20,2592,Site,109,1,27.3
82399,35746,2025-12-20,3905,Boutique,56,2,199.62
82400,35746,2025-12-20,3905,Boutique,107,1,15.35
82401,35747,2025-12-20,1624,Site,54,1,56.55
82402,35747,2025-12-20,1624,Site,74,1,21.53
82403,35748,2025-12-20,4425,Site,49,1,29.26
82404,35749,2025-12-20,995,Site,68,1,21.53
82405,35749,2025-12-20,995,Site,22,1,52.43
82406,35749,2025-12-20,995,Site,22,1,52.43
82407,35749,2025-12-20,995,Site,62,1,2.99
82408,35749,2025-12-20,995,Site,2,1,40.07
82409,35750,2025-12-20,3188,Boutique,45,1,66.85
82410,35750,2025-12-20,3188,Boutique,4,1,40.07
82411,35750,2025-12-20,3188,Boutique,101,1,19.47
82412,35750,2025-12-20,3188,Boutique,25,1,26.68
82413,35750,2025-12-20,3188,Boutique,59,1,12.26
82414,35751,2025-12-20,813,Site,29,1,57.58
82415,35752,2025-12-20,5225,Boutique,110,1,26.68
82416,35752,2025-12-20,5225,Boutique,110,2,53.36
82417,35753,2025-12-20,2094,Site,43,1,23.39
82418,35753,2025-12-20,2094,Site,51,1,16.54
82419,35753,2025-12-20,2094,Site,46,1,32.2
82420,35753,2025-12-20,2094,Site,22,2,99.62
82421,35754,2025-12-20,2044,Site,110,1,26.68
82422,35754,2025-12-20,2044,Site,106,2,90.44
82423,35755,2025-12-20,3887,Site,46,1,33.89
82424,35755,2025-12-20,3887,Site,9,2,88.38
82425,35755,2025-12-20,3887,Site,104,1,32.86
82426,35756,2025-12-20,2213,Site,50,1,73.03
82427,35756,2025-12-20,2213,Site,91,1,89.51
82428,35756,2025-12-20,2213,Site,51,1,17.41
82429,35757,2025-12-20,2366,Site,32,1,24.62
82430,35757,2025-12-20,2366,Site,23,1,20.5
82431,35757,2025-12-20,2366,Site,59,1,12.26
82432,35757,2025-12-20,2366,Site,105,1,17.41
82433,35758,2025-12-20,2930,Boutique,43,1,24.62
82434,35758,2025-12-20,2930,Boutique,76,1,18.44
82435,35759,2025-12-20,4309,Site,50,2,146.06
82436,35759,2025-12-20,4309,Site,47,1,34.92
82437,35760,2025-12-20,5436,Site,21,1,13.29
82438,35760,2025-12-20,5436,Site,103,1,29.77
82439,35760,2025-12-20,5436,Site,24,2,69.84
82440,35761,2025-12-20,2339,Site,94,1,39.04
82441,35761,2025-12-20,2339,Site,51,2,34.82
82442,35761,2025-12-20,2339,Site,8,3,107.85
82443,35761,2025-12-20,2339,Site,112,1,26.68
82444,35762,2025-12-20,2898,Site,43,1,24.62
82445,35763,2025-12-20,4660,Réseaux,10,1,51.4
82446,35764,2025-12-20,2902,Site,111,1,9.69
82447,35764,2025-12-20,2902,Site,66,1,8.71
82448,35764,2025-12-20,2902,Site,10,1,48.83
82449,35765,2025-12-20,2913,Boutique,58,1,36.98
82450,35765,2025-12-20,2913,Boutique,61,2,22.46
82451,35766,2025-12-20,5425,Site,41,1,29.77
82452,35766,2025-12-20,5425,Site,1,1,44.19
82453,35766,2025-12-20,5425,Site,46,2,67.78
82454,35767,2025-12-20,4605,Site,53,1,20.5
82455,35767,2025-12-20,4605,Site,75,1,7.11
82456,35767,2025-12-20,4605,Site,93,1,51.4
82457,35768,2025-12-20,2611,Site,85,1,10.67
82458,35768,2025-12-20,2611,Site,21,1,12.63
82459,35768,2025-12-20,2611,Site,31,1,21.43
82460,35768,2025-12-20,2611,Site,42,1,28.28
82461,35769,2025-12-20,984,Boutique,45,1,66.85
82462,35769,2025-12-20,984,Boutique,46,1,33.89
82463,35770,2025-12-20,2898,Boutique,46,1,33.89
82464,35770,2025-12-20,2898,Boutique,42,1,29.77
82465,35771,2025-12-20,495,Site,36,1,68.91
82466,35772,2025-12-20,1360,Boutique,66,1,8.71
82467,35773,2025-12-20,284,Site,17,1,16.38
82468,35773,2025-12-20,284,Site,70,1,14.32
82469,35773,2025-12-20,284,Site,23,1,20.5
82470,35774,2025-12-20,4516,Réseaux,85,1,11.23
82471,35774,2025-12-20,4516,Réseaux,44,1,22.56
82472,35775,2025-12-20,694,Boutique,101,2,38.94
82473,35776,2025-12-20,957,Site,8,1,35.95
82474,35777,2025-12-20,1856,Site,23,1,20.5
82475,35777,2025-12-20,1856,Site,10,1,51.4
82476,35777,2025-12-20,1856,Site,93,1,51.4
82477,35778,2025-12-20,3856,Site,43,1,24.62
82478,35778,2025-12-20,3856,Site,111,1,10.2
82479,35779,2025-12-21,4849,Boutique,41,1,29.77
82480,35780,2025-12-21,4922,Site,61,1,11.23
82481,35780,2025-12-21,4922,Site,43,1,24.62
82482,35780,2025-12-21,4922,Site,64,1,10.2
82483,35781,2025-12-21,2697,Site,5,1,52.43
82484,35781,2025-12-21,2697,Site,3,1,39.04
82485,35782,2025-12-21,4189,Boutique,56,1,99.81
82486,35782,2025-12-21,4189,Boutique,26,1,64.79
82487,35782,2025-12-21,4189,Boutique,101,1,19.47
82488,35782,2025-12-21,4189,Boutique,10,1,51.4
82489,35783,2025-12-21,2903,Site,16,1,10.2
82490,35784,2025-12-21,4235,Boutique,4,1,40.07
82491,35784,2025-12-21,4235,Boutique,88,1,21.53
82492,35784,2025-12-21,4235,Boutique,16,2,20.4
82493,35785,2025-12-21,4838,Site,41,1,29.77
82494,35785,2025-12-21,4838,Site,62,2,5.98
82495,35786,2025-12-21,3791,Boutique,8,1,34.15
82496,35786,2025-12-21,3791,Boutique,61,1,10.67
82497,35787,2025-12-21,5856,Boutique,3,1,39.04
82498,35788,2025-12-21,2148,Réseaux,21,2,26.58
82499,35788,2025-12-21,2148,Réseaux,105,1,17.41
82500,35788,2025-12-21,2148,Réseaux,34,1,109.08
82501,35788,2025-12-21,2148,Réseaux,51,1,17.41
82502,35789,2025-12-21,1180,Site,74,4,86.12
82503,35789,2025-12-21,1180,Site,50,1,73.03
82504,35789,2025-12-21,1180,Site,114,1,19.47
82505,35789,2025-12-21,1180,Site,16,1,10.2
82506,35790,2025-12-21,3947,Site,30,1,52.43
82507,35790,2025-12-21,3947,Site,4,1,40.07
82508,35791,2025-12-21,1421,Site,52,1,50.37
82509,35792,2025-12-21,2667,Boutique,9,1,44.19
82510,35792,2025-12-21,2667,Boutique,49,1,30.8
82511,35793,2025-12-21,3036,Boutique,33,1,130.71
82512,35793,2025-12-21,3036,Boutique,64,1,10.2
82513,35793,2025-12-21,3036,Boutique,31,1,22.56
82514,35794,2025-12-21,5818,Boutique,19,1,30.8
82515,35794,2025-12-21,5818,Boutique,43,1,24.62
82516,35794,2025-12-21,5818,Boutique,45,1,66.85
82517,35794,2025-12-21,5818,Boutique,12,1,39.04
82518,35795,2025-12-21,3977,Site,42,1,29.77
82519,35795,2025-12-21,3977,Site,28,1,50.37
82520,35795,2025-12-21,3977,Site,104,1,32.86
82521,35795,2025-12-21,3977,Site,65,1,18.44
82522,35796,2025-12-21,218,Site,41,1,29.77
82523,35797,2025-12-21,1067,Site,103,1,29.77
82524,35797,2025-12-21,1067,Site,22,1,52.43
82525,35797,2025-12-21,1067,Site,12,1,39.04
82526,35798,2025-12-21,5106,Boutique,47,1,34.92
82527,35798,2025-12-21,5106,Boutique,22,2,104.86
82528,35798,2025-12-21,5106,Boutique,109,1,28.74
82529,35799,2025-12-21,20,Boutique,42,1,29.77
82530,35800,2025-12-21,265,Site,44,1,22.56
82531,35801,2025-12-21,5176,Site,62,1,2.99
82532,35801,2025-12-21,5176,Site,33,1,130.71
82533,35802,2025-12-21,984,Boutique,41,1,29.77
82534,35802,2025-12-21,984,Boutique,87,1,121.44
82535,35802,2025-12-21,984,Boutique,42,1,29.77
82536,35803,2025-12-21,3947,Site,43,1,24.62
82537,35804,2025-12-21,2797,Site,41,1,29.77
82538,35804,2025-12-21,2797,Site,48,2,57.48
82539,35805,2025-12-21,3051,Réseaux,41,1,29.77
82540,35805,2025-12-21,3051,Réseaux,2,1,40.07
82541,35806,2025-12-21,2494,Boutique,35,1,16.38
82542,35806,2025-12-21,2494,Boutique,107,1,15.35
82543,35806,2025-12-21,2494,Boutique,110,1,26.68
82544,35807,2025-12-21,408,Boutique,43,1,24.62
82545,35808,2025-12-21,217,Boutique,55,1,65.82
82546,35808,2025-12-21,217,Boutique,5,1,52.43
82547,35808,2025-12-21,217,Boutique,33,1,130.71
82548,35809,2025-12-21,5890,Site,72,1,2.99
82549,35809,2025-12-21,5890,Site,52,2,100.74
82550,35809,2025-12-21,5890,Site,6,1,44.19
82551,35809,2025-12-21,5890,Site,6,1,44.19
82552,35810,2025-12-21,218,Boutique,15,1,12.26
82553,35810,2025-12-21,218,Boutique,52,1,50.37
82554,35810,2025-12-21,218,Boutique,68,1,21.53
82555,35810,2025-12-21,218,Boutique,101,1,19.47
82556,35811,2025-12-21,3868,Boutique,104,1,32.86
82557,35812,2025-12-21,1272,Boutique,48,1,28.74
82558,35812,2025-12-21,1272,Boutique,3,1,39.04
82559,35812,2025-12-21,1272,Boutique,7,1,17.41
82560,35812,2025-12-21,1272,Boutique,63,2,8.04
82561,35812,2025-12-21,1272,Boutique,24,1,34.92
82562,35813,2025-12-21,774,Boutique,72,1,2.99
82563,35813,2025-12-21,774,Boutique,29,1,57.58
82564,35813,2025-12-21,774,Boutique,5,1,52.43
82565,35814,2025-12-21,3962,Site,72,1,2.99
82566,35815,2025-12-21,3788,Réseaux,120,1,12.26
82567,35815,2025-12-21,3788,Réseaux,5,1,52.43
82568,35815,2025-12-21,3788,Réseaux,43,3,73.86
82569,35816,2025-12-21,1633,Site,29,1,57.58
82570,35816,2025-12-21,1633,Site,2,2,80.14
82571,35817,2025-12-21,2259,Site,28,2,100.74
82572,35817,2025-12-21,2259,Site,19,1,30.8
82573,35818,2025-12-21,4441,Boutique,35,1,16.38
82574,35818,2025-12-21,4441,Boutique,77,1,22.56
82575,35819,2025-12-21,2195,Boutique,34,1,109.08
82576,35819,2025-12-21,2195,Boutique,61,1,11.23
82577,35820,2025-12-21,132,Boutique,36,1,68.91
82578,35820,2025-12-21,132,Boutique,68,1,21.53
82579,35820,2025-12-21,132,Boutique,6,1,44.19
82580,35820,2025-12-21,132,Boutique,7,1,17.41
82581,35821,2025-12-21,5207,Site,43,1,24.62
82582,35821,2025-12-21,5207,Site,113,1,10.2
82583,35821,2025-12-21,5207,Site,70,1,14.32
82584,35822,2025-12-22,5523,Site,83,1,76.12
82585,35823,2025-12-22,1211,Boutique,41,1,29.77
82586,35823,2025-12-22,1211,Boutique,3,1,39.04
82587,35824,2025-12-22,3001,Réseaux,23,2,41.0
82588,35824,2025-12-22,3001,Réseaux,68,2,43.06
82589,35824,2025-12-22,3001,Réseaux,53,3,61.5
82590,35824,2025-12-22,3001,Réseaux,45,1,66.85
82591,35824,2025-12-22,3001,Réseaux,21,1,13.29
82592,35824,2025-12-22,3001,Réseaux,44,1,22.56
82593,35824,2025-12-22,3001,Réseaux,66,1,9.17
82594,35825,2025-12-22,4247,Boutique,28,1,47.85
82595,35826,2025-12-22,1302,Boutique,42,1,29.77
82596,35826,2025-12-22,1302,Boutique,49,1,30.8
82597,35826,2025-12-22,1302,Boutique,52,1,50.37
82598,35826,2025-12-22,1302,Boutique,111,1,10.2
82599,35826,2025-12-22,1302,Boutique,66,1,9.17
82600,35827,2025-12-22,3197,Site,90,1,74.06
82601,35827,2025-12-22,3197,Site,28,1,50.37
82602,35828,2025-12-22,3550,Boutique,3,1,39.04
82603,35829,2025-12-22,3835,Boutique,44,1,22.56
82604,35829,2025-12-22,3835,Boutique,77,1,22.56
82605,35829,2025-12-22,3835,Boutique,89,1,68.91
82606,35829,2025-12-22,3835,Boutique,51,1,17.41
82607,35829,2025-12-22,3835,Boutique,54,1,56.55
82608,35830,2025-12-22,2097,Réseaux,11,1,59.64
82609,35830,2025-12-22,2097,Réseaux,47,1,34.92
82610,35831,2025-12-22,2738,Site,110,1,26.68
82611,35831,2025-12-22,2738,Site,30,1,52.43
82612,35831,2025-12-22,2738,Site,106,1,45.22
82613,35832,2025-12-22,1917,Site,38,1,32.86
82614,35832,2025-12-22,1917,Site,102,1,20.5
82615,35832,2025-12-22,1917,Site,47,1,34.92
82616,35833,2025-12-22,4894,Site,3,1,39.04
82617,35834,2025-12-22,5297,Site,15,1,12.26
82618,35834,2025-12-22,5297,Site,47,1,34.92
82619,35835,2025-12-22,2713,Site,75,1,7.11
82620,35836,2025-12-22,5864,Site,32,1,24.62
82621,35836,2025-12-22,5864,Site,20,1,28.74
82622,35837,2025-12-22,584,Site,42,1,29.77
82623,35838,2025-12-22,5915,Boutique,28,1,50.37
82624,35839,2025-12-22,4734,Boutique,103,2,59.54
82625,35840,2025-12-22,2050,Boutique,21,2,26.58
82626,35841,2025-12-22,3652,Réseaux,56,1,99.81
82627,35841,2025-12-22,3652,Réseaux,81,1,16.38
82628,35841,2025-12-22,3652,Réseaux,48,1,28.74
82629,35842,2025-12-22,3384,Site,61,1,10.67
82630,35842,2025-12-22,3384,Site,5,1,49.81
82631,35842,2025-12-22,3384,Site,64,3,29.07
82632,35842,2025-12-22,3384,Site,26,1,61.55
82633,35843,2025-12-22,3608,Boutique,17,1,16.38
82634,35843,2025-12-22,3608,Boutique,63,1,4.02
82635,35843,2025-12-22,3608,Boutique,109,1,28.74
82636,35843,2025-12-22,3608,Boutique,83,1,76.12
82637,35843,2025-12-22,3608,Boutique,51,1,17.41
82638,35844,2025-12-22,3019,Site,21,1,13.29
82639,35845,2025-12-22,1699,Boutique,74,1,21.53
82640,35845,2025-12-22,1699,Boutique,81,1,16.38
82641,35846,2025-12-22,3307,Site,51,1,17.41
82642,35846,2025-12-22,3307,Site,107,1,15.35
82643,35847,2025-12-22,5195,Site,26,1,64.79
82644,35847,2025-12-22,5195,Site,45,1,66.85
82645,35848,2025-12-22,669,Site,47,1,34.92
82646,35848,2025-12-22,669,Site,2,1,40.07
82647,35848,2025-12-22,669,Site,4,1,40.07
82648,35849,2025-12-22,24,Boutique,48,1,28.74
82649,35850,2025-12-22,1530,Boutique,104,1,32.86
82650,35850,2025-12-22,1530,Boutique,104,2,65.72
82651,35851,2025-12-22,5639,Site,118,1,12.26
82652,35851,2025-12-22,5639,Site,3,1,39.04
82653,35852,2025-12-22,1530,Site,48,1,28.74
82654,35852,2025-12-22,1530,Site,20,1,28.74
82655,35852,2025-12-22,1530,Site,112,1,26.68
82656,35853,2025-12-22,2640,Boutique,63,1,4.02
82657,35853,2025-12-22,2640,Boutique,11,1,59.64
82658,35853,2025-12-22,2640,Boutique,9,1,44.19
82659,35853,2025-12-22,2640,Boutique,44,1,22.56
82660,35854,2025-12-22,217,Boutique,21,1,13.29
82661,35854,2025-12-22,217,Boutique,49,1,30.8
82662,35854,2025-12-22,217,Boutique,48,1,28.74
82663,35854,2025-12-22,217,Boutique,109,1,28.74
82664,35855,2025-12-22,3698,Site,93,1,51.4
82665,35855,2025-12-22,3698,Site,20,1,28.74
82666,35856,2025-12-22,5891,Site,43,1,24.62
82667,35856,2025-12-22,5891,Site,36,1,68.91
82668,35857,2025-12-22,2235,Boutique,44,1,22.56
82669,35857,2025-12-22,2235,Boutique,30,1,52.43
82670,35857,2025-12-22,2235,Boutique,64,1,10.2
82671,35857,2025-12-22,2235,Boutique,35,1,16.38
82672,35858,2025-12-22,376,Site,114,1,19.47
82673,35858,2025-12-22,376,Site,41,1,29.77
82674,35859,2025-12-22,1022,Site,14,1,41.1
82675,35860,2025-12-22,5766,Boutique,69,1,7.73
82676,35860,2025-12-22,5766,Boutique,71,1,20.45
82677,35860,2025-12-22,5766,Boutique,112,2,50.69
82678,35860,2025-12-22,5766,Boutique,2,1,38.07
82679,35860,2025-12-22,5766,Boutique,10,1,48.83
82680,35861,2025-12-22,2988,Boutique,23,1,20.5
82681,35861,2025-12-22,2988,Boutique,117,1,12.26
82682,35862,2025-12-22,622,Site,28,1,50.37
82683,35863,2025-12-22,730,Boutique,21,1,13.29
82684,35863,2025-12-22,730,Boutique,23,1,20.5
82685,35863,2025-12-22,730,Boutique,28,1,50.37
82686,35863,2025-12-22,730,Boutique,102,2,41.0
82687,35863,2025-12-22,730,Boutique,88,1,21.53
82688,35864,2025-12-22,5864,Site,61,1,11.23
82689,35864,2025-12-22,5864,Site,65,1,18.44
82690,35864,2025-12-22,5864,Site,3,1,39.04
82691,35865,2025-12-22,5270,Boutique,43,1,24.62
82692,35866,2025-12-22,4177,Site,44,1,22.56
82693,35867,2025-12-22,1193,Site,107,1,15.35
82694,35868,2025-12-22,3026,Réseaux,61,1,11.23
82695,35868,2025-12-22,3026,Réseaux,44,2,45.12
82696,35869,2025-12-22,1297,Site,107,1,15.35
82697,35870,2025-12-22,4437,Boutique,6,1,44.19
82698,35870,2025-12-22,4437,Boutique,79,1,5.05
82699,35870,2025-12-22,4437,Boutique,17,1,16.38
82700,35871,2025-12-22,2833,Site,11,1,59.64
82701,35871,2025-12-22,2833,Site,48,1,28.74
82702,35872,2025-12-22,2773,Boutique,105,1,17.41
82703,35872,2025-12-22,2773,Boutique,25,1,26.68
82704,35872,2025-12-22,2773,Boutique,108,1,46.25
82705,35873,2025-12-22,4830,Site,86,1,157.49
82706,35874,2025-12-22,1395,Boutique,41,1,28.28
82707,35874,2025-12-22,1395,Boutique,26,1,61.55
82708,35875,2025-12-22,1123,Site,46,1,33.89
82709,35876,2025-12-22,5402,Boutique,51,2,34.82
82710,35876,2025-12-22,5402,Boutique,111,1,10.2
82711,35877,2025-12-22,5735,Site,48,2,57.48
82712,35877,2025-12-22,5735,Site,8,1,35.95
82713,35877,2025-12-22,5735,Site,48,1,28.74
82714,35877,2025-12-22,5735,Site,53,3,61.5
82715,35878,2025-12-23,5443,Site,46,2,67.78
82716,35878,2025-12-23,5443,Site,20,1,28.74
82717,35879,2025-12-23,429,Boutique,100,1,22.56
82718,35880,2025-12-23,3169,Site,50,1,73.03
82719,35880,2025-12-23,3169,Site,45,2,133.7
82720,35880,2025-12-23,3169,Site,51,1,17.41
82721,35881,2025-12-23,4840,Boutique,52,1,50.37
82722,35881,2025-12-23,4840,Boutique,34,3,327.24
82723,35882,2025-12-23,85,Réseaux,105,4,69.64
82724,35882,2025-12-23,85,Réseaux,4,1,40.07
82725,35882,2025-12-23,85,Réseaux,63,2,8.04
82726,35882,2025-12-23,85,Réseaux,53,1,20.5
82727,35883,2025-12-23,5016,Boutique,107,1,15.35
82728,35883,2025-12-23,5016,Boutique,37,1,38.01
82729,35884,2025-12-23,2376,Boutique,61,2,22.46
82730,35884,2025-12-23,2376,Boutique,22,1,52.43
82731,35885,2025-12-23,3923,Boutique,50,3,219.09
82732,35886,2025-12-23,2713,Boutique,120,1,12.26
82733,35887,2025-12-23,574,Site,59,1,12.26
82734,35888,2025-12-23,3053,Boutique,1,1,44.19
82735,35888,2025-12-23,3053,Boutique,28,1,50.37
82736,35888,2025-12-23,3053,Boutique,5,1,52.43
82737,35889,2025-12-23,5582,Boutique,1,2,88.38
82738,35889,2025-12-23,5582,Boutique,80,2,38.94
82739,35890,2025-12-23,1028,Site,116,1,70.97
82740,35890,2025-12-23,1028,Site,49,1,30.8
900002,34631,2025-12-02,90002,Boutique,41,1,29.77
82741,35891,2025-12-23,158,Site,78,2,14.22
82742,35892,2025-12-23,707,Site,49,1,30.8
82743,35892,2025-12-23,707,Site,4,1,40.07
82744,35892,2025-12-23,707,Site,76,1,18.44
82745,35892,2025-12-23,707,Site,62,1,2.99
82746,35892,2025-12-23,707,Site,107,1,15.35
82747,35893,2025-12-23,3903,Boutique,60,1,31.83
82748,35893,2025-12-23,3903,Boutique,19,1,30.8
82749,35894,2025-12-23,1596,Site,4,2,80.14
82750,35894,2025-12-23,1596,Site,113,2,20.4
82751,35894,2025-12-23,1596,Site,76,1,18.44
82752,35895,2025-12-23,5948,Boutique,101,1,17.52
82753,35896,2025-12-23,4592,Site,82,1,75.25
82754,35896,2025-12-23,4592,Site,41,1,28.28
82755,35896,2025-12-23,4592,Site,61,1,10.67
82756,35896,2025-12-23,4592,Site,25,1,25.35
82757,35896,2025-12-23,4592,Site,117,1,11.65
82758,35897,2025-12-23,2722,Boutique,30,2,104.86
82759,35897,2025-12-23,2722,Boutique,21,3,39.87
82760,35897,2025-12-23,2722,Boutique,28,1,50.37
82761,35897,2025-12-23,2722,Boutique,67,1,2.99
82762,35898,2025-12-23,1885,Boutique,54,1,56.55
82763,35898,2025-12-23,1885,Boutique,63,1,4.02
82764,35898,2025-12-23,1885,Boutique,42,1,29.77
82765,35899,2025-12-23,1936,Site,52,1,50.37
82766,35899,2025-12-23,1936,Site,45,1,66.85
82767,35900,2025-12-23,1360,Boutique,41,1,29.77
82768,35900,2025-12-23,1360,Boutique,115,1,51.4
82769,35900,2025-12-23,1360,Boutique,21,1,13.29
82770,35901,2025-12-23,5665,Site,47,2,69.84
82771,35901,2025-12-23,5665,Site,82,1,79.21
82772,35902,2025-12-23,5975,Boutique,57,1,15.67
82773,35902,2025-12-23,5975,Boutique,45,1,60.16
82774,35903,2025-12-23,1769,Site,66,1,9.17
82775,35903,2025-12-23,1769,Site,22,1,52.43
82776,35904,2025-12-23,5165,Site,64,1,10.2
82777,35904,2025-12-23,5165,Site,5,1,52.43
82778,35904,2025-12-23,5165,Site,23,2,41.0
82779,35905,2025-12-23,5137,Site,42,1,29.77
82780,35905,2025-12-23,5137,Site,93,2,102.8
82781,35905,2025-12-23,5137,Site,23,1,20.5
82782,35906,2025-12-23,3092,Boutique,23,1,20.5
82783,35906,2025-12-23,3092,Boutique,57,1,17.41
82784,35906,2025-12-23,3092,Boutique,55,3,197.46
82785,35906,2025-12-23,3092,Boutique,3,4,156.16
82786,35906,2025-12-23,3092,Boutique,8,3,107.85
82787,35907,2025-12-23,408,Boutique,108,1,46.25
82788,35907,2025-12-23,408,Boutique,101,1,19.47
82789,35907,2025-12-23,408,Boutique,3,1,39.04
82790,35907,2025-12-23,408,Boutique,96,1,12.26
82791,35907,2025-12-23,408,Boutique,105,1,17.41
82792,35908,2025-12-23,5781,Réseaux,48,1,28.74
82793,35909,2025-12-23,4107,Site,43,1,24.62
82794,35909,2025-12-23,4107,Site,51,1,17.41
82795,35909,2025-12-23,4107,Site,47,1,34.92
82796,35910,2025-12-23,984,Boutique,44,2,45.12
82797,35910,2025-12-23,984,Boutique,99,1,63.76
82798,35910,2025-12-23,984,Boutique,51,1,17.41
82799,35911,2025-12-23,3937,Site,117,1,12.26
82800,35912,2025-12-23,4375,Boutique,48,2,57.48
82801,35912,2025-12-23,4375,Boutique,41,1,29.77
82802,35913,2025-12-23,5852,Site,3,1,39.04
82803,35914,2025-12-23,1916,Site,47,1,34.92
82804,35914,2025-12-23,1916,Site,63,1,4.02
82805,35915,2025-12-23,5817,Site,69,1,8.14
82806,35915,2025-12-23,5817,Site,1,1,44.19
82807,35916,2025-12-23,3743,Boutique,15,2,24.52
82808,35916,2025-12-23,3743,Boutique,2,1,40.07
82809,35917,2025-12-23,3354,Boutique,83,1,76.12
82810,35918,2025-12-23,3861,Boutique,64,1,10.2
82811,35919,2025-12-23,581,Site,98,1,93.63
82812,35919,2025-12-23,581,Site,11,1,59.64
82813,35920,2025-12-23,3437,Boutique,44,1,22.56
82814,35921,2025-12-23,1290,Boutique,41,1,29.77
82815,35921,2025-12-23,1290,Boutique,106,1,45.22
82816,35921,2025-12-23,1290,Boutique,28,1,50.37
82817,35922,2025-12-23,1067,Site,106,1,45.22
82818,35923,2025-12-23,4076,Boutique,83,1,72.31
82819,35924,2025-12-23,1884,Site,43,1,24.62
82820,35924,2025-12-23,1884,Site,26,1,64.79
82821,35925,2025-12-23,3039,Site,22,1,52.43
82822,35925,2025-12-23,3039,Site,19,1,30.8
82823,35926,2025-12-23,1334,Boutique,13,1,55.52
82824,35926,2025-12-23,1334,Boutique,47,1,34.92
82825,35927,2025-12-23,3924,Site,2,1,40.07
82826,35927,2025-12-23,3924,Site,54,1,56.55
82827,35927,2025-12-23,3924,Site,64,1,10.2
82828,35927,2025-12-23,3924,Site,18,2,26.58
82829,35928,2025-12-23,1912,Boutique,4,1,40.07
82830,35928,2025-12-23,1912,Boutique,61,2,22.46
82831,35929,2025-12-23,546,Site,86,1,157.49
82832,35930,2025-12-23,4911,Réseaux,47,1,34.92
82833,35931,2025-12-23,422,Site,62,1,2.99
82834,35932,2025-12-23,4915,Site,33,2,261.42
82835,35932,2025-12-23,4915,Site,109,4,114.96
82836,35932,2025-12-23,4915,Site,46,1,33.89
82837,35933,2025-12-23,90,Site,19,1,30.8
82838,35933,2025-12-23,90,Site,96,1,12.26
82839,35933,2025-12-23,90,Site,63,1,4.02
82840,35933,2025-12-23,90,Site,52,1,50.37
82841,35934,2025-12-23,813,Site,56,1,99.81
82842,35934,2025-12-23,813,Site,21,2,26.58
82843,35934,2025-12-23,813,Site,59,1,12.26
82844,35935,2025-12-23,4354,Site,108,1,46.25
82845,35935,2025-12-23,4354,Site,33,2,261.42
82846,35935,2025-12-23,4354,Site,17,1,16.38
82847,35936,2025-12-24,5509,Boutique,5,1,52.43
82848,35936,2025-12-24,5509,Boutique,44,1,22.56
82849,35936,2025-12-24,5509,Boutique,37,1,38.01
82850,35936,2025-12-24,5509,Boutique,21,2,26.58
82851,35937,2025-12-24,3672,Site,44,1,22.56
82852,35937,2025-12-24,3672,Site,46,1,33.89
82853,35937,2025-12-24,3672,Site,52,1,50.37
82854,35938,2025-12-24,5598,Site,78,2,14.22
82855,35938,2025-12-24,5598,Site,84,1,22.56
82856,35939,2025-12-24,4091,Boutique,83,4,304.48
82857,35939,2025-12-24,4091,Boutique,22,1,52.43
82858,35939,2025-12-24,4091,Boutique,24,1,34.92
82859,35939,2025-12-24,4091,Boutique,86,2,314.98
82860,35939,2025-12-24,4091,Boutique,53,1,20.5
82861,35939,2025-12-24,4091,Boutique,79,1,5.05
82862,35940,2025-12-24,3218,Boutique,108,1,46.25
82863,35940,2025-12-24,3218,Boutique,75,1,7.11
82864,35941,2025-12-24,161,Site,25,1,26.68
82865,35941,2025-12-24,161,Site,54,1,56.55
82866,35941,2025-12-24,161,Site,66,1,9.17
82867,35941,2025-12-24,161,Site,23,1,20.5
82868,35941,2025-12-24,161,Site,81,1,16.38
82869,35941,2025-12-24,161,Site,6,2,88.38
82870,35942,2025-12-24,4323,Boutique,7,1,17.41
82871,35942,2025-12-24,4323,Boutique,81,2,32.76
82872,35943,2025-12-24,4327,Site,43,1,24.62
82873,35944,2025-12-24,3864,Boutique,23,2,41.0
82874,35945,2025-12-24,1086,Site,11,1,59.64
82875,35945,2025-12-24,1086,Site,67,1,2.99
82876,35945,2025-12-24,1086,Site,111,1,10.2
82877,35945,2025-12-24,1086,Site,22,1,52.43
82878,35946,2025-12-24,547,Réseaux,62,1,2.99
82879,35946,2025-12-24,547,Réseaux,73,1,5.05
82880,35946,2025-12-24,547,Réseaux,106,1,45.22
82881,35946,2025-12-24,547,Réseaux,46,1,33.89
82882,35947,2025-12-24,2987,Site,44,1,22.56
82883,35947,2025-12-24,2987,Site,41,1,29.77
82884,35948,2025-12-24,4608,Boutique,113,1,10.2
82885,35948,2025-12-24,4608,Boutique,22,1,52.43
82886,35949,2025-12-24,2739,Site,42,1,29.77
82887,35949,2025-12-24,2739,Site,48,1,28.74
82888,35950,2025-12-24,396,Site,5,3,157.29
82889,35951,2025-12-24,1819,Site,66,1,9.17
82890,35951,2025-12-24,1819,Site,106,1,45.22
82891,35951,2025-12-24,1819,Site,66,1,9.17
82892,35952,2025-12-24,5852,Boutique,58,1,36.98
82893,35952,2025-12-24,5852,Boutique,69,1,8.14
82894,35952,2025-12-24,5852,Boutique,1,1,44.19
82895,35952,2025-12-24,5852,Boutique,42,1,29.77
82896,35952,2025-12-24,5852,Boutique,33,1,130.71
82897,35952,2025-12-24,5852,Boutique,51,1,17.41
82898,35953,2025-12-24,920,Boutique,45,1,63.51
82899,35953,2025-12-24,920,Boutique,44,1,21.43
82900,35953,2025-12-24,920,Boutique,50,1,69.38
82901,35953,2025-12-24,920,Boutique,2,1,38.07
82902,35953,2025-12-24,920,Boutique,7,1,16.54
82903,35954,2025-12-24,3987,Site,20,1,28.74
82904,35955,2025-12-24,4970,Boutique,42,1,29.77
82905,35956,2025-12-24,4125,Site,43,1,23.39
82906,35956,2025-12-24,4125,Site,37,1,36.11
82907,35956,2025-12-24,4125,Site,9,1,41.98
82908,35957,2025-12-24,2446,Site,74,1,21.53
82909,35958,2025-12-24,2895,Boutique,42,1,29.77
82910,35958,2025-12-24,2895,Boutique,59,1,12.26
82911,35958,2025-12-24,2895,Boutique,60,1,31.83
82912,35959,2025-12-24,3236,Boutique,80,2,38.94
82913,35959,2025-12-24,3236,Boutique,46,1,33.89
82914,35959,2025-12-24,3236,Boutique,81,1,16.38
82915,35960,2025-12-24,5712,Boutique,8,2,71.9
82916,35960,2025-12-24,5712,Boutique,111,1,10.2
82917,35961,2025-12-24,3468,Réseaux,7,1,16.54
82918,35961,2025-12-24,3468,Réseaux,5,1,49.81
82919,35962,2025-12-24,3234,Boutique,42,1,28.28
82920,35962,2025-12-24,3234,Boutique,81,2,31.12
82921,35962,2025-12-24,3234,Boutique,108,1,43.94
82922,35963,2025-12-24,266,Boutique,54,1,53.72
82923,35963,2025-12-24,266,Boutique,102,1,19.47
82924,35963,2025-12-24,266,Boutique,43,1,23.39
82925,35964,2025-12-24,863,Site,4,1,40.07
82926,35965,2025-12-24,2254,Site,5,1,49.81
82927,35965,2025-12-24,2254,Site,43,1,23.39
82928,35965,2025-12-24,2254,Site,102,1,19.47
82929,35966,2025-12-24,2007,Site,63,4,16.08
82930,35966,2025-12-24,2007,Site,102,2,41.0
82931,35966,2025-12-24,2007,Site,3,1,39.04
82932,35967,2025-12-24,3665,Site,4,4,160.28
82933,35967,2025-12-24,3665,Site,26,1,64.79
82934,35967,2025-12-24,3665,Site,5,1,52.43
82935,35967,2025-12-24,3665,Site,7,1,17.41
82936,35967,2025-12-24,3665,Site,71,1,21.53
82937,35968,2025-12-24,5129,Boutique,57,2,34.82
82938,35968,2025-12-24,5129,Boutique,110,2,53.36
82939,35968,2025-12-24,5129,Boutique,91,1,89.51
82940,35968,2025-12-24,5129,Boutique,55,1,65.82
82941,35969,2025-12-24,1736,Site,43,1,24.62
82942,35969,2025-12-24,1736,Site,46,1,33.89
82943,35970,2025-12-24,3181,Boutique,5,1,52.43
82944,35971,2025-12-24,2592,Site,44,1,22.56
82945,35971,2025-12-24,2592,Site,23,1,20.5
82946,35971,2025-12-24,2592,Site,34,1,109.08
82947,35972,2025-12-24,2949,Site,74,1,21.53
82948,35972,2025-12-24,2949,Site,67,1,2.99
82949,35973,2025-12-24,3816,Site,46,1,33.89
82950,35973,2025-12-24,3816,Site,105,1,17.41
82951,35974,2025-12-24,3404,Site,7,1,16.54
82952,35974,2025-12-24,3404,Site,42,1,28.28
82953,35975,2025-12-24,5807,Site,21,2,26.58
82954,35975,2025-12-24,5807,Site,71,1,21.53
82955,35975,2025-12-24,5807,Site,41,1,29.77
82956,35976,2025-12-24,3126,Site,58,1,36.98
82957,35976,2025-12-24,3126,Site,49,1,30.8
82958,35977,2025-12-24,4526,Site,6,2,88.38
82959,35977,2025-12-24,4526,Site,34,1,109.08
82960,35977,2025-12-24,4526,Site,2,1,40.07
82961,35977,2025-12-24,4526,Site,33,1,130.71
82962,35978,2025-12-24,743,Site,72,1,2.99
82963,35978,2025-12-24,743,Site,21,4,53.16
82964,35978,2025-12-24,743,Site,72,1,2.99
82965,35979,2025-12-24,2206,Site,48,1,28.74
82966,35979,2025-12-24,2206,Site,14,1,41.1
82967,35979,2025-12-24,2206,Site,110,1,26.68
82968,35980,2025-12-24,2235,Boutique,62,1,2.99
82969,35980,2025-12-24,2235,Boutique,48,1,28.74
82970,35980,2025-12-24,2235,Boutique,105,1,17.41
82971,35980,2025-12-24,2235,Boutique,117,1,12.26
82972,35980,2025-12-24,2235,Boutique,117,1,12.26
82973,35980,2025-12-24,2235,Boutique,11,1,59.64
82974,35981,2025-12-24,4332,Site,30,1,52.43
82975,35981,2025-12-24,4332,Site,64,1,10.2
82976,35982,2025-12-24,4864,Site,44,2,45.12
82977,35982,2025-12-24,4864,Site,43,1,24.62
82978,35983,2025-12-24,5233,Boutique,24,2,69.84
82979,35984,2025-12-24,3631,Réseaux,101,1,19.47
82980,35984,2025-12-24,3631,Réseaux,47,1,34.92
82981,35985,2025-12-24,5254,Site,4,1,40.07
82982,35986,2025-12-24,2493,Site,110,2,53.36
82983,35986,2025-12-24,2493,Site,57,1,17.41
82984,35987,2025-12-24,3695,Réseaux,27,1,108.05
82985,35987,2025-12-24,3695,Réseaux,19,1,30.8
82986,35988,2025-12-24,4476,Site,41,1,29.77
82987,35989,2025-12-24,5797,Boutique,61,1,11.23
82988,35989,2025-12-24,5797,Boutique,27,1,108.05
82989,35990,2025-12-24,2955,Boutique,6,1,44.19
82990,35990,2025-12-24,2955,Boutique,116,1,70.97
82991,35990,2025-12-24,2955,Boutique,106,1,45.22
82992,35990,2025-12-24,2955,Boutique,101,1,19.47
82993,35991,2025-12-25,3537,Site,26,1,64.79
82994,35991,2025-12-25,3537,Site,96,1,12.26
82995,35991,2025-12-25,3537,Site,110,2,53.36
82996,35992,2025-12-25,2176,Boutique,78,1,7.11
82997,35992,2025-12-25,2176,Boutique,31,1,22.56
82998,35993,2025-12-25,3977,Boutique,65,1,18.44
82999,35994,2025-12-25,5896,Boutique,20,2,57.48
83000,35994,2025-12-25,5896,Boutique,81,1,16.38
83001,35995,2025-12-25,1772,Boutique,42,1,29.77
83002,35996,2025-12-25,2834,Boutique,72,1,2.99
83003,35997,2025-12-25,3136,Site,42,1,29.77
83004,35997,2025-12-25,3136,Site,56,1,99.81
83005,35997,2025-12-25,3136,Site,46,1,33.89
83006,35998,2025-12-25,2991,Boutique,66,1,9.17
83007,35998,2025-12-25,2991,Boutique,4,1,40.07
83008,35998,2025-12-25,2991,Boutique,44,1,22.56
83009,35998,2025-12-25,2991,Boutique,30,1,52.43
83010,35999,2025-12-25,5674,Site,19,1,30.8
83011,35999,2025-12-25,5674,Site,44,1,22.56
83012,36000,2025-12-25,3971,Site,23,1,20.5
83013,36000,2025-12-25,3971,Site,65,1,18.44
83014,36000,2025-12-25,3971,Site,8,2,71.9
83015,36000,2025-12-25,3971,Site,50,1,73.03
83016,36001,2025-12-25,2055,Boutique,49,1,30.8
83017,36002,2025-12-25,2421,Site,52,1,50.37
83018,36002,2025-12-25,2421,Site,12,1,39.04
83019,36003,2025-12-25,1679,Boutique,54,1,56.55
83020,36004,2025-12-25,3204,Site,75,1,7.11
83021,36004,2025-12-25,3204,Site,51,1,17.41
83022,36004,2025-12-25,3204,Site,48,1,28.74
83023,36005,2025-12-25,5542,Site,81,1,16.38
83024,36005,2025-12-25,5542,Site,51,2,34.82
83025,36005,2025-12-25,5542,Site,28,1,50.37
83026,36005,2025-12-25,5542,Site,41,1,29.77
83027,36006,2025-12-25,4409,Boutique,48,1,28.74
83028,36006,2025-12-25,4409,Boutique,48,3,86.22
83029,36006,2025-12-25,4409,Boutique,15,1,12.26
83030,36006,2025-12-25,4409,Boutique,37,2,76.02
83031,36007,2025-12-25,3334,Site,30,1,52.43
83032,36007,2025-12-25,3334,Site,62,1,2.99
83033,36007,2025-12-25,3334,Site,102,1,20.5
83034,36007,2025-12-25,3334,Site,26,1,64.79
83035,36008,2025-12-25,3605,Boutique,60,1,31.83
83036,36008,2025-12-25,3605,Boutique,3,4,156.16
83037,36008,2025-12-25,3605,Boutique,42,1,29.77
83038,36008,2025-12-25,3605,Boutique,45,1,66.85
83039,36009,2025-12-25,1290,Site,57,1,17.41
83040,36010,2025-12-25,3341,Site,86,1,149.62
83041,36010,2025-12-25,3341,Site,7,1,16.54
83042,36011,2025-12-25,5539,Boutique,10,1,51.4
83043,36011,2025-12-25,5539,Boutique,4,3,120.21
83044,36012,2025-12-25,4033,Site,43,1,24.62
83045,36012,2025-12-25,4033,Site,54,1,56.55
83046,36012,2025-12-25,4033,Site,93,3,154.2
83047,36013,2025-12-25,5154,Site,107,2,30.7
83048,36013,2025-12-25,5154,Site,14,1,41.1
83049,36013,2025-12-25,5154,Site,34,1,109.08
83050,36013,2025-12-25,5154,Site,53,1,20.5
83051,36013,2025-12-25,5154,Site,106,2,90.44
83052,36013,2025-12-25,5154,Site,50,1,73.03
83053,36014,2025-12-25,1373,Site,45,2,133.7
83054,36014,2025-12-25,1373,Site,25,1,26.68
83055,36015,2025-12-25,1541,Boutique,59,1,12.26
83056,36015,2025-12-25,1541,Boutique,45,1,66.85
83057,36016,2025-12-25,4815,Site,86,1,157.49
83058,36017,2025-12-25,4323,Site,41,1,29.77
83059,36017,2025-12-25,4323,Site,56,1,99.81
83060,36017,2025-12-25,4323,Site,44,2,45.12
83061,36018,2025-12-25,3044,Boutique,6,1,44.19
83062,36018,2025-12-25,3044,Boutique,59,1,12.26
83063,36018,2025-12-25,3044,Boutique,31,2,45.12
83064,36019,2025-12-25,1542,Site,6,1,41.98
83065,36019,2025-12-25,1542,Site,113,2,19.38
83066,36020,2025-12-25,5032,Réseaux,66,1,9.17
83067,36021,2025-12-25,4409,Site,52,1,50.37
83068,36021,2025-12-25,4409,Site,73,1,5.05
83069,36021,2025-12-25,4409,Site,103,1,29.77
83070,36021,2025-12-25,4409,Site,87,1,121.44
83071,36022,2025-12-25,362,Boutique,83,1,76.12
83072,36022,2025-12-25,362,Boutique,4,1,40.07
83073,36022,2025-12-25,362,Boutique,12,1,39.04
83074,36023,2025-12-25,5804,Site,32,1,24.62
83075,36023,2025-12-25,5804,Site,65,3,55.32
83076,36024,2025-12-25,5981,Site,3,1,35.14
83077,36024,2025-12-25,5981,Site,15,1,11.03
83078,36025,2025-12-25,2875,Boutique,13,1,55.52
83079,36025,2025-12-25,2875,Boutique,44,1,22.56
83080,36025,2025-12-25,2875,Boutique,69,1,8.14
83081,36026,2025-12-25,5302,Site,5,1,52.43
83082,36026,2025-12-25,5302,Site,66,1,9.17
83083,36026,2025-12-25,5302,Site,48,1,28.74
83084,36026,2025-12-25,5302,Site,62,1,2.99
83085,36027,2025-12-25,5660,Réseaux,10,1,51.4
83086,36027,2025-12-25,5660,Réseaux,74,2,43.06
83087,36028,2025-12-25,936,Réseaux,44,1,22.56
83088,36028,2025-12-25,936,Réseaux,65,1,18.44
83089,36029,2025-12-25,584,Boutique,66,1,9.17
83090,36029,2025-12-25,584,Boutique,56,1,99.81
83091,36029,2025-12-25,584,Boutique,58,1,36.98
83092,36030,2025-12-25,4751,Site,73,1,5.05
83093,36030,2025-12-25,4751,Site,92,1,12.26
83094,36031,2025-12-25,5402,Site,64,1,10.2
83095,36031,2025-12-25,5402,Site,86,1,157.49
83096,36032,2025-12-25,358,Boutique,120,1,11.65
83097,36032,2025-12-25,358,Boutique,45,1,63.51
83098,36032,2025-12-25,358,Boutique,68,1,20.45
83099,36032,2025-12-25,358,Boutique,21,3,37.88
83100,36033,2025-12-25,5153,Boutique,24,1,34.92
83101,36034,2025-12-25,5833,Boutique,22,3,157.29
83102,36034,2025-12-25,5833,Boutique,22,1,52.43
83103,36034,2025-12-25,5833,Boutique,22,1,52.43
83104,36034,2025-12-25,5833,Boutique,31,1,22.56
83105,36035,2025-12-25,4690,Site,77,1,22.56
83106,36035,2025-12-25,4690,Site,29,1,57.58
83107,36036,2025-12-25,1206,Boutique,104,1,32.86
83108,36036,2025-12-25,1206,Boutique,109,1,28.74
83109,36036,2025-12-25,1206,Boutique,105,1,17.41
83110,36036,2025-12-25,1206,Boutique,43,1,24.62
83111,36037,2025-12-25,3632,Site,7,1,17.41
83112,36037,2025-12-25,3632,Site,79,1,5.05
83113,36038,2025-12-25,5539,Réseaux,109,1,28.74
83114,36038,2025-12-25,5539,Réseaux,65,1,18.44
83115,36039,2025-12-25,3471,Site,50,1,73.03
83116,36039,2025-12-25,3471,Site,44,2,45.12
83117,36039,2025-12-25,3471,Site,77,1,22.56
83118,36040,2025-12-25,3174,Site,3,1,37.09
83119,36041,2025-12-25,5871,Boutique,26,2,129.58
83120,36041,2025-12-25,5871,Boutique,49,1,30.8
83121,36041,2025-12-25,5871,Boutique,26,1,64.79
83122,36041,2025-12-25,5871,Boutique,29,1,57.58
83123,36041,2025-12-25,5871,Boutique,39,1,66.85
83124,36042,2025-12-25,5866,Boutique,67,1,2.99
83125,36042,2025-12-25,5866,Boutique,3,1,39.04
83126,36042,2025-12-25,5866,Boutique,44,1,22.56
83127,36043,2025-12-25,4339,Boutique,4,1,40.07
83128,36043,2025-12-25,4339,Boutique,85,1,11.23
83129,36044,2025-12-25,1510,Boutique,42,1,29.77
83130,36044,2025-12-25,1510,Boutique,119,1,58.61
83131,36045,2025-12-25,5644,Réseaux,55,1,65.82
83132,36045,2025-12-25,5644,Réseaux,22,1,52.43
83133,36046,2025-12-25,2315,Site,32,1,24.62
83134,36046,2025-12-25,2315,Site,3,1,39.04
83135,36047,2025-12-25,4879,Boutique,59,1,12.26
83136,36047,2025-12-25,4879,Boutique,15,1,12.26
83137,36047,2025-12-25,4879,Boutique,103,2,59.54
83138,36048,2025-12-25,68,Réseaux,42,1,29.77
83139,36049,2025-12-25,5975,Boutique,48,1,28.74
83140,36049,2025-12-25,5975,Boutique,112,1,26.68
83141,36049,2025-12-25,5975,Boutique,70,1,14.32
83142,36050,2025-12-25,4431,Boutique,60,1,31.83
83143,36050,2025-12-25,4431,Boutique,63,1,4.02
83144,36051,2025-12-25,2739,Réseaux,96,1,12.26
83145,36052,2025-12-25,3758,Site,61,1,11.23
83146,36052,2025-12-25,3758,Site,8,1,35.95
83147,36052,2025-12-25,3758,Site,22,1,52.43
83148,36053,2025-12-26,4915,Site,49,1,30.8
83149,36054,2025-12-26,1320,Réseaux,101,1,19.47
83150,36054,2025-12-26,1320,Réseaux,35,1,16.38
83151,36055,2025-12-26,5401,Boutique,87,1,121.44
83152,36055,2025-12-26,5401,Boutique,73,1,5.05
83153,36056,2025-12-26,1088,Réseaux,46,1,33.89
83154,36056,2025-12-26,1088,Réseaux,47,1,34.92
83155,36056,2025-12-26,1088,Réseaux,61,1,11.23
83156,36056,2025-12-26,1088,Réseaux,69,1,8.14
83157,36056,2025-12-26,1088,Réseaux,53,1,20.5
83158,36057,2025-12-26,5472,Site,49,1,30.8
83159,36057,2025-12-26,5472,Site,45,1,66.85
83160,36057,2025-12-26,5472,Site,32,1,24.62
83161,36057,2025-12-26,5472,Site,48,1,28.74
83162,36057,2025-12-26,5472,Site,1,1,44.19
83163,36058,2025-12-26,5666,Boutique,50,1,73.03
83164,36058,2025-12-26,5666,Boutique,102,1,20.5
83165,36058,2025-12-26,5666,Boutique,6,1,44.19
83166,36059,2025-12-26,4240,Boutique,25,1,26.68
83167,36059,2025-12-26,4240,Boutique,116,1,70.97
83168,36060,2025-12-26,5214,Site,52,1,50.37
83169,36060,2025-12-26,5214,Site,2,1,40.07
83170,36060,2025-12-26,5214,Site,44,1,22.56
83171,36060,2025-12-26,5214,Site,63,1,4.02
83172,36060,2025-12-26,5214,Site,68,1,21.53
83173,36061,2025-12-26,1418,Boutique,59,1,11.65
83174,36061,2025-12-26,1418,Boutique,48,1,27.3
83175,36062,2025-12-26,91,Site,13,1,55.52
83176,36063,2025-12-26,5598,Site,107,1,15.35
83177,36063,2025-12-26,5598,Site,92,1,12.26
83178,36063,2025-12-26,5598,Site,20,1,28.74
83179,36064,2025-12-26,345,Site,26,1,64.79
83180,36064,2025-12-26,345,Site,3,1,39.04
83181,36065,2025-12-26,3611,Boutique,45,1,66.85
83182,36065,2025-12-26,3611,Boutique,17,2,32.76
83183,36066,2025-12-26,189,Boutique,45,1,66.85
83184,36066,2025-12-26,189,Boutique,11,1,59.64
83185,36067,2025-12-26,2480,Réseaux,42,1,29.77
83186,36067,2025-12-26,2480,Réseaux,9,1,44.19
83187,36068,2025-12-26,4960,Boutique,48,2,54.61
83188,36068,2025-12-26,4960,Boutique,51,1,16.54
83189,36069,2025-12-26,1072,Boutique,5,1,52.43
83190,36069,2025-12-26,1072,Boutique,22,1,52.43
900004,34628,2025-12-02,90004,Site,22,1,52.43
83191,36069,2025-12-26,1072,Boutique,63,1,4.02
83192,36070,2025-12-26,3595,Boutique,77,1,22.56
83193,36070,2025-12-26,3595,Boutique,56,1,99.81
83194,36070,2025-12-26,3595,Boutique,19,1,30.8
83195,36070,2025-12-26,3595,Boutique,68,1,21.53
83196,36071,2025-12-26,2659,Boutique,10,1,51.4
83197,36072,2025-12-26,434,Site,43,1,23.39
83198,36072,2025-12-26,434,Site,59,1,11.65
83199,36072,2025-12-26,434,Site,102,3,58.42
83200,36072,2025-12-26,434,Site,60,2,60.48
83201,36072,2025-12-26,434,Site,46,1,32.2
83202,36073,2025-12-26,1660,Site,27,1,102.65
83203,36073,2025-12-26,1660,Site,87,1,115.37
83204,36073,2025-12-26,1660,Site,26,1,61.55
83205,36074,2025-12-26,1544,Boutique,108,2,92.5
83206,36074,2025-12-26,1544,Boutique,44,1,22.56
83207,36075,2025-12-26,4719,Boutique,3,1,37.09
83208,36075,2025-12-26,4719,Boutique,6,1,41.98
83209,36076,2025-12-26,5974,Réseaux,70,4,51.55
83210,36076,2025-12-26,5974,Réseaux,62,1,2.69
83211,36076,2025-12-26,5974,Réseaux,6,1,39.77
83212,36077,2025-12-26,2344,Site,46,1,33.89
83213,36078,2025-12-26,742,Réseaux,83,1,76.12
83214,36078,2025-12-26,742,Réseaux,108,1,46.25
83215,36078,2025-12-26,742,Réseaux,57,1,17.41
83216,36079,2025-12-26,4812,Site,22,1,52.43
83217,36080,2025-12-26,4812,Site,24,3,104.76
83218,36081,2025-12-26,901,Boutique,15,1,12.26
83219,36081,2025-12-26,901,Boutique,74,1,21.53
83220,36081,2025-12-26,901,Boutique,14,1,41.1
83221,36082,2025-12-26,4563,Site,39,1,66.85
83222,36082,2025-12-26,4563,Site,67,1,2.99
83223,36082,2025-12-26,4563,Site,43,1,24.62
83224,36082,2025-12-26,4563,Site,104,2,65.72
83225,36083,2025-12-26,2172,Site,86,1,157.49
83226,36083,2025-12-26,2172,Site,19,1,30.8
83227,36083,2025-12-26,2172,Site,61,1,11.23
83228,36083,2025-12-26,2172,Site,70,1,14.32
83229,36084,2025-12-26,3776,Site,108,1,46.25
83230,36084,2025-12-26,3776,Site,109,2,57.48
83231,36085,2025-12-26,5854,Site,1,3,125.94
83232,36085,2025-12-26,5854,Site,58,1,35.13
83233,36086,2025-12-26,2629,Site,66,2,18.34
83234,36087,2025-12-26,2694,Site,104,1,32.86
83235,36087,2025-12-26,2694,Site,42,1,29.77
83236,36087,2025-12-26,2694,Site,30,1,52.43
83237,36088,2025-12-26,1137,Boutique,41,1,29.77
83238,36088,2025-12-26,1137,Boutique,102,1,20.5
83239,36089,2025-12-26,1819,Site,24,1,34.92
83240,36089,2025-12-26,1819,Site,19,1,30.8
83241,36089,2025-12-26,1819,Site,57,1,17.41
83242,36090,2025-12-26,2522,Site,84,2,45.12
83243,36090,2025-12-26,2522,Site,47,1,34.92
83244,36091,2025-12-26,3159,Boutique,21,1,13.29
83245,36091,2025-12-26,3159,Boutique,1,1,44.19
83246,36092,2025-12-26,4728,Site,90,1,74.06
83247,36092,2025-12-26,4728,Site,113,1,10.2
83248,36093,2025-12-26,5467,Site,71,1,21.53
83249,36093,2025-12-26,5467,Site,104,1,32.86
83250,36093,2025-12-26,5467,Site,31,1,22.56
83251,36094,2025-12-26,3950,Site,72,1,2.99
83252,36095,2025-12-26,3947,Boutique,4,1,40.07
83253,36096,2025-12-26,1016,Site,49,1,30.8
83254,36097,2025-12-26,4410,Site,33,1,130.71
83255,36098,2025-12-26,1395,Boutique,77,2,45.12
83256,36098,2025-12-26,1395,Boutique,107,1,15.35
83257,36098,2025-12-26,1395,Boutique,84,1,22.56
83258,36099,2025-12-26,5975,Site,42,1,26.79
83259,36100,2025-12-26,1395,Réseaux,106,1,45.22
83260,36100,2025-12-26,1395,Réseaux,50,4,292.12
83261,36100,2025-12-26,1395,Réseaux,44,1,22.56
83262,36101,2025-12-26,3085,Site,60,1,31.83
83263,36102,2025-12-26,3993,Boutique,20,1,28.74
83264,36102,2025-12-26,3993,Boutique,44,1,22.56
83265,36102,2025-12-26,3993,Boutique,117,1,12.26
83266,36103,2025-12-26,1023,Réseaux,37,1,38.01
83267,36103,2025-12-26,1023,Réseaux,30,1,52.43
83268,36104,2025-12-26,3849,Boutique,22,1,52.43
83269,36105,2025-12-26,5118,Boutique,45,1,66.85
83270,36106,2025-12-26,4409,Site,41,1,29.77
83271,36106,2025-12-26,4409,Site,105,1,17.41
83272,36106,2025-12-26,4409,Site,39,1,66.85
83273,36106,2025-12-26,4409,Site,43,1,24.62
83274,36106,2025-12-26,4409,Site,27,2,216.1
83275,36107,2025-12-26,2118,Boutique,52,1,50.37
83276,36108,2025-12-26,4533,Site,56,1,99.81
83277,36109,2025-12-26,2454,Site,47,1,34.92
83278,36109,2025-12-26,2454,Site,25,1,26.68
83279,36110,2025-12-26,1338,Site,54,1,56.55
83280,36110,2025-12-26,1338,Site,4,1,40.07
83281,36111,2025-12-26,2022,Réseaux,41,1,29.77
83282,36111,2025-12-26,2022,Réseaux,15,1,12.26
83283,36111,2025-12-26,2022,Réseaux,107,1,15.35
83284,36112,2025-12-26,4434,Réseaux,50,1,73.03
83285,36113,2025-12-26,3270,Boutique,1,1,44.19
83286,36113,2025-12-26,3270,Boutique,64,3,30.6
83287,36114,2025-12-26,5824,Boutique,6,3,132.57
83288,36115,2025-12-26,3495,Site,22,1,52.43
83289,36115,2025-12-26,3495,Site,23,3,61.5
83290,36116,2025-12-26,1985,Site,24,1,34.92
83291,36117,2025-12-26,2136,Site,64,1,9.69
83292,36117,2025-12-26,2136,Site,61,1,10.67
83293,36117,2025-12-26,2136,Site,43,1,23.39
83294,36118,2025-12-26,394,Boutique,29,2,115.16
83295,36118,2025-12-26,394,Boutique,51,1,17.41
83296,36118,2025-12-26,394,Boutique,59,2,24.52
83297,36118,2025-12-26,394,Boutique,58,2,73.96
83298,36119,2025-12-26,172,Site,22,1,52.43
83299,36119,2025-12-26,172,Site,31,1,22.56
83300,36119,2025-12-26,172,Site,64,3,30.6
83301,36120,2025-12-26,4401,Site,48,4,114.96
83302,36120,2025-12-26,4401,Site,72,1,2.99
83303,36121,2025-12-26,1458,Réseaux,91,2,179.02
83304,36121,2025-12-26,1458,Réseaux,15,1,12.26
83305,36121,2025-12-26,1458,Réseaux,9,2,88.38
83306,36122,2025-12-26,858,Site,80,1,18.5
83307,36122,2025-12-26,858,Site,62,1,2.84
83308,36122,2025-12-26,858,Site,38,1,31.22
83309,36123,2025-12-26,3642,Site,86,1,157.49
83310,36123,2025-12-26,3642,Site,54,1,56.55
83311,36123,2025-12-26,3642,Site,10,1,51.4
83312,36124,2025-12-26,634,Site,51,1,17.41
83313,36124,2025-12-26,634,Site,46,1,33.89
83314,36124,2025-12-26,634,Site,48,1,28.74
83315,36125,2025-12-26,1398,Site,66,1,9.17
83316,36126,2025-12-27,1193,Boutique,59,1,11.65
83317,36127,2025-12-27,2475,Boutique,44,1,22.56
83318,36127,2025-12-27,2475,Boutique,62,1,2.99
83319,36127,2025-12-27,2475,Boutique,42,2,59.54
83320,36128,2025-12-27,1714,Site,15,1,12.26
83321,36128,2025-12-27,1714,Site,4,1,40.07
83322,36129,2025-12-27,718,Site,26,1,64.79
83323,36129,2025-12-27,718,Site,42,1,29.77
83324,36130,2025-12-27,4136,Boutique,43,1,24.62
83325,36131,2025-12-27,3418,Réseaux,36,1,65.46
83326,36131,2025-12-27,3418,Réseaux,6,1,41.98
83327,36131,2025-12-27,3418,Réseaux,48,1,27.3
83328,36132,2025-12-27,5738,Site,67,1,2.99
83329,36132,2025-12-27,5738,Site,72,1,2.99
83330,36133,2025-12-27,538,Site,104,2,65.72
83331,36133,2025-12-27,538,Site,22,1,52.43
83332,36134,2025-12-27,1290,Réseaux,45,1,66.85
83333,36134,2025-12-27,1290,Réseaux,118,1,12.26
83334,36134,2025-12-27,1290,Réseaux,63,1,4.02
83335,36135,2025-12-27,3591,Site,51,1,16.54
83336,36136,2025-12-27,862,Site,6,1,44.19
83337,36136,2025-12-27,862,Site,2,1,40.07
83338,36137,2025-12-27,2240,Site,41,1,29.77
83339,36137,2025-12-27,2240,Site,46,1,33.89
83340,36138,2025-12-27,5569,Site,9,1,44.19
83341,36138,2025-12-27,5569,Site,42,1,29.77
83342,36138,2025-12-27,5569,Site,64,1,10.2
83343,36139,2025-12-27,785,Site,43,2,49.24
83344,36139,2025-12-27,785,Site,48,1,28.74
83345,36140,2025-12-27,3695,Site,103,2,59.54
83346,36140,2025-12-27,3695,Site,103,1,29.77
83347,36140,2025-12-27,3695,Site,44,1,22.56
83348,36141,2025-12-27,5252,Boutique,106,1,45.22
83349,36141,2025-12-27,5252,Boutique,107,1,15.35
83350,36141,2025-12-27,5252,Boutique,52,1,50.37
83351,36141,2025-12-27,5252,Boutique,73,1,5.05
83352,36142,2025-12-27,3690,Site,1,1,44.19
83353,36143,2025-12-27,5892,Boutique,43,1,24.62
83354,36144,2025-12-27,5312,Site,50,2,146.06
83355,36144,2025-12-27,5312,Site,63,1,4.02
83356,36145,2025-12-27,2793,Réseaux,42,1,29.77
83357,36145,2025-12-27,2793,Réseaux,48,1,28.74
83358,36146,2025-12-27,2475,Boutique,89,1,68.91
83359,36147,2025-12-27,4891,Boutique,49,1,30.8
83360,36147,2025-12-27,4891,Boutique,14,1,41.1
83361,36148,2025-12-27,3835,Site,22,1,52.43
83362,36149,2025-12-27,3929,Site,33,1,130.71
83363,36150,2025-12-27,638,Site,22,1,52.43
83364,36150,2025-12-27,638,Site,2,1,40.07
83365,36150,2025-12-27,638,Site,49,1,30.8
83366,36151,2025-12-27,906,Boutique,45,1,66.85
83367,36151,2025-12-27,906,Boutique,55,1,65.82
83368,36151,2025-12-27,906,Boutique,45,1,66.85
83369,36152,2025-12-27,4339,Réseaux,47,1,34.92
83370,36152,2025-12-27,4339,Réseaux,22,1,52.43
83371,36152,2025-12-27,4339,Réseaux,21,1,13.29
83372,36153,2025-12-27,3777,Boutique,65,1,18.44
83373,36153,2025-12-27,3777,Boutique,7,1,17.41
83374,36154,2025-12-27,1812,Boutique,102,1,20.5
83375,36154,2025-12-27,1812,Boutique,47,1,34.92
83376,36155,2025-12-27,4408,Site,82,1,79.21
83377,36155,2025-12-27,4408,Site,113,1,10.2
83378,36156,2025-12-27,68,Site,67,1,2.99
83379,36156,2025-12-27,68,Site,43,4,98.48
83380,36157,2025-12-27,2605,Réseaux,12,1,39.04
83381,36157,2025-12-27,2605,Réseaux,51,1,17.41
83382,36157,2025-12-27,2605,Réseaux,82,1,79.21
83383,36158,2025-12-27,2240,Réseaux,49,1,30.8
83384,36158,2025-12-27,2240,Réseaux,25,1,26.68
83385,36158,2025-12-27,2240,Réseaux,32,1,24.62
83386,36158,2025-12-27,2240,Réseaux,44,1,22.56
83387,36158,2025-12-27,2240,Réseaux,50,1,73.03
83388,36159,2025-12-27,2612,Boutique,42,1,29.77
83389,36159,2025-12-27,2612,Boutique,43,1,24.62
83390,36160,2025-12-27,205,Site,42,1,29.77
83391,36160,2025-12-27,205,Site,64,4,40.8
83392,36161,2025-12-27,3401,Boutique,4,1,40.07
83393,36161,2025-12-27,3401,Boutique,23,1,20.5
83394,36162,2025-12-27,85,Boutique,47,1,34.92
83395,36162,2025-12-27,85,Boutique,21,1,13.29
83396,36163,2025-12-27,1057,Site,49,1,30.8
83397,36163,2025-12-27,1057,Site,23,1,20.5
83398,36164,2025-12-27,993,Site,114,1,19.47
83399,36165,2025-12-27,4912,Site,44,1,22.56
83400,36165,2025-12-27,4912,Site,105,2,34.82
83401,36165,2025-12-27,4912,Site,55,1,65.82
83402,36166,2025-12-27,2789,Boutique,25,1,25.35
83403,36166,2025-12-27,2789,Boutique,119,3,167.04
83404,36166,2025-12-27,2789,Boutique,113,1,9.69
83405,36167,2025-12-27,5434,Site,112,1,26.68
83406,36167,2025-12-27,5434,Site,1,1,44.19
83407,36168,2025-12-27,1879,Boutique,70,1,14.32
83408,36168,2025-12-27,1879,Boutique,15,1,12.26
83409,36168,2025-12-27,1879,Boutique,48,1,28.74
83410,36169,2025-12-27,2584,Boutique,105,1,17.41
83411,36169,2025-12-27,2584,Boutique,15,1,12.26
83412,36169,2025-12-27,2584,Boutique,62,1,2.99
83413,36170,2025-12-27,1722,Réseaux,32,1,24.62
83414,36170,2025-12-27,1722,Réseaux,110,1,26.68
83415,36170,2025-12-27,1722,Réseaux,7,2,34.82
83416,36170,2025-12-27,1722,Réseaux,36,1,68.91
83417,36171,2025-12-27,3737,Boutique,17,1,16.38
83418,36171,2025-12-27,3737,Boutique,92,3,36.78
83419,36171,2025-12-27,3737,Boutique,34,1,109.08
83420,36171,2025-12-27,3737,Boutique,71,1,21.53
83421,36172,2025-12-27,4738,Site,64,1,10.2
83422,36172,2025-12-27,4738,Site,22,1,52.43
83423,36172,2025-12-27,4738,Site,50,1,73.03
83424,36173,2025-12-27,2558,Boutique,41,1,28.28
83425,36173,2025-12-27,2558,Boutique,62,1,2.84
83426,36174,2025-12-27,25,Boutique,6,1,44.19
83427,36175,2025-12-27,4409,Réseaux,48,1,28.74
83428,36175,2025-12-27,4409,Réseaux,47,1,34.92
83429,36175,2025-12-27,4409,Réseaux,62,3,8.97
83430,36175,2025-12-27,4409,Réseaux,33,1,130.71
83431,36176,2025-12-27,5027,Boutique,112,2,53.36
83432,36177,2025-12-27,1225,Boutique,107,2,30.7
83433,36178,2025-12-27,2997,Boutique,41,1,29.77
83434,36179,2025-12-27,4700,Site,25,1,26.68
83435,36179,2025-12-27,4700,Site,58,2,73.96
83436,36180,2025-12-27,1731,Site,101,1,19.47
83437,36180,2025-12-27,1731,Site,2,1,40.07
83438,36180,2025-12-27,1731,Site,31,2,45.12
83439,36180,2025-12-27,1731,Site,9,1,44.19
83440,36180,2025-12-27,1731,Site,4,1,40.07
83441,36180,2025-12-27,1731,Site,51,1,17.41
83442,36181,2025-12-27,5503,Site,17,1,16.38
83443,36181,2025-12-27,5503,Site,24,2,69.84
83444,36181,2025-12-27,5503,Site,116,1,70.97
83445,36182,2025-12-27,3417,Site,69,1,8.14
83446,36182,2025-12-27,3417,Site,108,3,138.75
83447,36183,2025-12-27,2309,Site,63,1,4.02
83448,36183,2025-12-27,2309,Site,23,1,20.5
83449,36183,2025-12-27,2309,Site,66,1,9.17
83450,36184,2025-12-27,153,Site,47,1,34.92
83451,36184,2025-12-27,153,Site,7,1,17.41
83452,36184,2025-12-27,153,Site,44,1,22.56
83453,36185,2025-12-27,3959,Boutique,109,1,28.74
83454,36186,2025-12-27,2998,Boutique,29,1,54.7
83455,36187,2025-12-27,3631,Site,60,2,63.66
83456,36188,2025-12-27,2802,Boutique,56,1,99.81
83457,36188,2025-12-27,2802,Boutique,54,1,56.55
83458,36188,2025-12-27,2802,Boutique,43,1,24.62
83459,36189,2025-12-27,5735,Réseaux,25,1,25.35
83460,36190,2025-12-27,3961,Réseaux,89,1,68.91
83461,36190,2025-12-27,3961,Réseaux,63,2,8.04
83462,36191,2025-12-27,4445,Site,47,1,34.92
83463,36191,2025-12-27,4445,Site,19,1,30.8
83464,36192,2025-12-27,5781,Boutique,52,3,151.11
83465,36193,2025-12-27,469,Boutique,8,1,35.95
83466,36193,2025-12-27,469,Boutique,81,1,16.38
83467,36194,2025-12-27,2019,Boutique,23,1,20.5
83468,36195,2025-12-27,5187,Site,42,1,29.77
83469,36196,2025-12-27,1726,Site,46,3,101.67
83470,36197,2025-12-27,3757,Site,54,1,56.55
83471,36198,2025-12-27,3769,Site,3,1,39.04
83472,36198,2025-12-27,3769,Site,102,1,20.5
83473,36198,2025-12-27,3769,Site,27,1,108.05
83474,36199,2025-12-27,1047,Site,60,1,31.83
83475,36199,2025-12-27,1047,Site,61,1,11.23
83476,36199,2025-12-27,1047,Site,110,1,26.68
83477,36200,2025-12-27,5159,Boutique,61,1,11.23
83478,36200,2025-12-27,5159,Boutique,103,2,59.54
83479,36200,2025-12-27,5159,Boutique,93,1,51.4
83480,36200,2025-12-27,5159,Boutique,63,1,4.02
83481,36200,2025-12-27,5159,Boutique,41,1,29.77
83482,36201,2025-12-27,2297,Boutique,1,1,44.19
83483,36201,2025-12-27,2297,Boutique,44,3,67.68
83484,36202,2025-12-27,1325,Boutique,67,4,11.96
83485,36203,2025-12-27,1043,Boutique,6,2,88.38
83486,36203,2025-12-27,1043,Boutique,112,1,26.68
83487,36204,2025-12-27,3558,Boutique,27,1,102.65
83488,36204,2025-12-27,3558,Boutique,5,1,49.81
83489,36204,2025-12-27,3558,Boutique,49,1,29.26
83490,36205,2025-12-27,5481,Site,17,1,16.38
83491,36205,2025-12-27,5481,Site,6,1,44.19
83492,36206,2025-12-27,5066,Boutique,112,1,26.68
83493,36206,2025-12-27,5066,Boutique,35,1,16.38
83494,36207,2025-12-27,5945,Site,2,1,40.07
83495,36207,2025-12-27,5945,Site,27,1,108.05
83496,36207,2025-12-27,5945,Site,5,1,52.43
83497,36208,2025-12-28,5867,Boutique,105,1,17.41
83498,36208,2025-12-28,5867,Boutique,47,1,34.92
83499,36208,2025-12-28,5867,Boutique,41,1,29.77
83500,36208,2025-12-28,5867,Boutique,40,3,231.45
83501,36208,2025-12-28,5867,Boutique,2,1,40.07
83502,36209,2025-12-28,658,Site,114,1,19.47
83503,36209,2025-12-28,658,Site,48,1,28.74
83504,36209,2025-12-28,658,Site,103,1,29.77
83505,36209,2025-12-28,658,Site,77,1,22.56
83506,36209,2025-12-28,658,Site,61,1,11.23
83507,36210,2025-12-28,494,Boutique,3,1,39.04
83508,36210,2025-12-28,494,Boutique,32,2,49.24
83509,36210,2025-12-28,494,Boutique,24,1,34.92
83510,36211,2025-12-28,1967,Boutique,10,3,154.2
83511,36211,2025-12-28,1967,Boutique,30,1,52.43
83512,36212,2025-12-28,4257,Site,104,1,32.86
83513,36212,2025-12-28,4257,Site,21,2,26.58
83514,36213,2025-12-28,2264,Site,52,1,50.37
83515,36213,2025-12-28,2264,Site,103,1,29.77
83516,36213,2025-12-28,2264,Site,42,1,29.77
83517,36214,2025-12-28,1555,Site,5,3,157.29
83518,36215,2025-12-28,4647,Site,91,1,89.51
83519,36216,2025-12-28,3404,Réseaux,104,1,31.22
83520,36216,2025-12-28,3404,Réseaux,10,1,48.83
83521,36217,2025-12-28,3664,Boutique,61,2,22.46
83522,36217,2025-12-28,3664,Boutique,45,1,66.85
83523,36218,2025-12-28,671,Boutique,60,1,31.83
83524,36218,2025-12-28,671,Boutique,6,1,44.19
83525,36218,2025-12-28,671,Boutique,8,1,35.95
83526,36218,2025-12-28,671,Boutique,65,1,18.44
83527,36219,2025-12-28,5444,Site,29,3,172.74
83528,36219,2025-12-28,5444,Site,108,1,46.25
83529,36219,2025-12-28,5444,Site,3,1,39.04
83530,36220,2025-12-28,5262,Site,41,1,29.77
83531,36220,2025-12-28,5262,Site,16,3,30.6
83532,36220,2025-12-28,5262,Site,32,1,24.62
83533,36221,2025-12-28,4346,Site,81,1,16.38
83534,36221,2025-12-28,4346,Site,45,1,66.85
83535,36221,2025-12-28,4346,Site,44,1,22.56
83536,36222,2025-12-28,2232,Site,21,1,13.29
83537,36222,2025-12-28,2232,Site,9,1,44.19
83538,36222,2025-12-28,2232,Site,45,1,66.85
83539,36223,2025-12-28,3831,Site,66,1,9.17
83540,36223,2025-12-28,3831,Site,111,1,10.2
83541,36224,2025-12-28,2863,Site,104,1,32.86
83542,36224,2025-12-28,2863,Site,68,1,21.53
83543,36225,2025-12-28,5744,Site,21,1,13.29
83544,36226,2025-12-28,1327,Réseaux,55,1,65.82
83545,36226,2025-12-28,1327,Réseaux,107,1,15.35
83546,36226,2025-12-28,1327,Réseaux,40,1,77.15
83547,36227,2025-12-28,4627,Boutique,89,1,68.91
83548,36227,2025-12-28,4627,Boutique,25,2,53.36
83549,36227,2025-12-28,4627,Boutique,6,1,44.19
83550,36228,2025-12-28,2546,Site,49,2,61.6
83551,36228,2025-12-28,2546,Site,64,1,10.2
83552,36229,2025-12-28,3058,Boutique,46,2,67.78
83553,36229,2025-12-28,3058,Boutique,26,1,64.79
83554,36229,2025-12-28,3058,Boutique,113,1,10.2
83555,36230,2025-12-28,1556,Boutique,22,2,104.86
83556,36230,2025-12-28,1556,Boutique,44,1,22.56
83557,36230,2025-12-28,1556,Boutique,70,1,14.32
83558,36230,2025-12-28,1556,Boutique,43,1,24.62
83559,36231,2025-12-28,5006,Site,24,1,34.92
83560,36232,2025-12-28,2235,Boutique,33,1,130.71
83561,36232,2025-12-28,2235,Boutique,41,2,59.54
83562,36232,2025-12-28,2235,Boutique,30,1,52.43
83563,36233,2025-12-28,66,Site,36,1,68.91
83564,36233,2025-12-28,66,Site,97,2,16.28
83565,36233,2025-12-28,66,Site,91,1,89.51
83566,36234,2025-12-28,3653,Site,53,1,19.47
83567,36235,2025-12-28,2662,Boutique,30,1,52.43
83568,36235,2025-12-28,2662,Boutique,68,2,43.06
83569,36235,2025-12-28,2662,Boutique,87,1,121.44
83570,36235,2025-12-28,2662,Boutique,62,1,2.99
83571,36235,2025-12-28,2662,Boutique,32,1,24.62
83572,36235,2025-12-28,2662,Boutique,14,1,41.1
83573,36236,2025-12-28,2253,Site,110,1,26.68
83574,36237,2025-12-28,2379,Boutique,15,1,12.26
83575,36237,2025-12-28,2379,Boutique,9,1,44.19
83576,36237,2025-12-28,2379,Boutique,116,1,70.97
83577,36238,2025-12-28,3471,Boutique,108,1,46.25
83578,36238,2025-12-28,3471,Boutique,41,1,29.77
83579,36239,2025-12-28,1574,Boutique,13,1,55.52
83580,36240,2025-12-28,381,Site,21,1,13.29
83581,36240,2025-12-28,381,Site,77,1,22.56
83582,36241,2025-12-28,656,Site,41,1,29.77
83583,36241,2025-12-28,656,Site,62,1,2.99
83584,36241,2025-12-28,656,Site,2,1,40.07
83585,36242,2025-12-28,1997,Boutique,7,1,17.41
83586,36242,2025-12-28,1997,Boutique,51,1,17.41
83587,36242,2025-12-28,1997,Boutique,15,1,12.26
83588,36243,2025-12-28,1194,Boutique,39,1,66.85
83589,36243,2025-12-28,1194,Boutique,24,2,69.84
83590,36244,2025-12-28,4424,Site,44,1,22.56
83591,36244,2025-12-28,4424,Site,40,1,77.15
83592,36245,2025-12-28,1985,Boutique,85,1,11.23
83593,36245,2025-12-28,1985,Boutique,63,2,8.04
83594,36246,2025-12-28,5209,Boutique,109,1,28.74
83595,36246,2025-12-28,5209,Boutique,101,1,19.47
83596,36247,2025-12-28,2847,Site,4,1,40.07
83597,36247,2025-12-28,2847,Site,98,3,280.89
83598,36247,2025-12-28,2847,Site,28,1,50.37
83599,36248,2025-12-28,266,Boutique,63,2,8.04
83600,36248,2025-12-28,266,Boutique,73,1,5.05
83601,36248,2025-12-28,266,Boutique,15,1,12.26
83602,36248,2025-12-28,266,Boutique,97,2,16.28
83603,36249,2025-12-28,2180,Site,4,2,80.14
83604,36249,2025-12-28,2180,Site,11,1,59.64
83605,36250,2025-12-28,5750,Boutique,111,1,10.2
83606,36250,2025-12-28,5750,Boutique,36,1,68.91
83607,36250,2025-12-28,5750,Boutique,111,1,10.2
83608,36251,2025-12-28,4498,Site,16,1,10.2
83609,36251,2025-12-28,4498,Site,20,1,28.74
83610,36252,2025-12-28,3269,Réseaux,35,1,16.38
83611,36252,2025-12-28,3269,Réseaux,110,1,26.68
83612,36252,2025-12-28,3269,Réseaux,42,1,29.77
83613,36252,2025-12-28,3269,Réseaux,24,1,34.92
83614,36253,2025-12-28,447,Boutique,53,1,20.5
83615,36253,2025-12-28,447,Boutique,76,1,18.44
83616,36254,2025-12-28,1994,Boutique,47,1,34.92
83617,36255,2025-12-28,2344,Site,32,1,24.62
83618,36255,2025-12-28,2344,Site,54,1,56.55
83619,36256,2025-12-28,1943,Site,34,1,109.08
83620,36256,2025-12-28,1943,Site,4,1,40.07
83621,36256,2025-12-28,1943,Site,5,1,52.43
83622,36256,2025-12-28,1943,Site,6,1,44.19
83623,36257,2025-12-28,3379,Boutique,104,2,65.72
83624,36257,2025-12-28,3379,Boutique,1,1,44.19
83625,36258,2025-12-28,5462,Site,98,1,93.63
83626,36259,2025-12-28,1332,Boutique,25,1,26.68
83627,36259,2025-12-28,1332,Boutique,51,2,34.82
83628,36259,2025-12-28,1332,Boutique,23,1,20.5
83629,36260,2025-12-29,2413,Réseaux,62,1,2.99
83630,36260,2025-12-29,2413,Réseaux,104,1,32.86
83631,36261,2025-12-29,1180,Boutique,48,1,28.74
83632,36262,2025-12-29,3746,Site,55,1,62.53
83633,36262,2025-12-29,3746,Site,6,1,41.98
83634,36262,2025-12-29,3746,Site,30,1,49.81
83635,36262,2025-12-29,3746,Site,22,1,49.81
83636,36262,2025-12-29,3746,Site,54,1,53.72
83637,36263,2025-12-29,3421,Site,110,2,53.36
83638,36264,2025-12-29,1290,Site,9,1,44.19
83639,36265,2025-12-29,5289,Boutique,102,1,20.5
83640,36266,2025-12-29,1650,Boutique,43,1,24.62
83641,36266,2025-12-29,1650,Boutique,52,2,100.74
83642,36267,2025-12-29,146,Boutique,82,1,79.21
83643,36267,2025-12-29,146,Boutique,69,1,8.14
83644,36268,2025-12-29,1335,Boutique,34,1,109.08
83645,36268,2025-12-29,1335,Boutique,1,1,44.19
83646,36268,2025-12-29,1335,Boutique,46,1,33.89
83647,36269,2025-12-29,5384,Boutique,27,1,108.05
83648,36269,2025-12-29,5384,Boutique,53,1,20.5
83649,36270,2025-12-29,5242,Boutique,32,2,49.24
83650,36271,2025-12-29,1695,Réseaux,46,1,32.2
83651,36272,2025-12-29,1022,Site,111,1,10.2
83652,36272,2025-12-29,1022,Site,42,1,29.77
83653,36273,2025-12-29,2421,Boutique,26,3,194.37
83654,36273,2025-12-29,2421,Boutique,54,1,56.55
83655,36273,2025-12-29,2421,Boutique,54,2,113.1
83656,36274,2025-12-29,5065,Site,2,1,40.07
83657,36274,2025-12-29,5065,Site,49,1,30.8
83658,36275,2025-12-29,191,Site,104,2,65.72
83659,36275,2025-12-29,191,Site,43,1,24.62
83660,36276,2025-12-29,5975,Site,49,1,30.8
83661,36276,2025-12-29,5975,Site,41,1,29.77
83662,36277,2025-12-29,3709,Boutique,3,1,39.04
83663,36277,2025-12-29,3709,Boutique,101,1,19.47
83664,36277,2025-12-29,3709,Boutique,4,1,40.07
83665,36277,2025-12-29,3709,Boutique,42,1,29.77
83666,36277,2025-12-29,3709,Boutique,41,2,59.54
83667,36277,2025-12-29,3709,Boutique,7,1,17.41
83668,36278,2025-12-29,1267,Site,68,1,21.53
83669,36279,2025-12-29,3838,Boutique,8,1,35.95
83670,36279,2025-12-29,3838,Boutique,115,1,51.4
83671,36280,2025-12-29,2484,Site,47,1,34.92
83672,36280,2025-12-29,2484,Site,72,1,2.99
83673,36281,2025-12-29,5357,Site,7,1,17.41
83674,36282,2025-12-29,4774,Site,6,1,41.98
83675,36283,2025-12-29,3673,Boutique,53,1,20.5
83676,36284,2025-12-29,3961,Site,3,1,39.04
83677,36285,2025-12-29,3939,Site,47,1,34.92
83678,36286,2025-12-29,3021,Site,47,3,104.76
83679,36286,2025-12-29,3021,Site,90,1,74.06
83680,36286,2025-12-29,3021,Site,89,1,68.91
83681,36287,2025-12-29,802,Boutique,119,2,117.22
83682,36287,2025-12-29,802,Boutique,12,1,39.04
83683,36287,2025-12-29,802,Boutique,1,1,44.19
83684,36288,2025-12-29,3975,Réseaux,41,1,29.77
83685,36289,2025-12-29,1082,Boutique,12,1,39.04
83686,36289,2025-12-29,1082,Boutique,83,1,76.12
83687,36290,2025-12-29,2597,Boutique,107,1,15.35
83688,36291,2025-12-29,2029,Boutique,9,1,44.19
83689,36291,2025-12-29,2029,Boutique,12,1,39.04
83690,36291,2025-12-29,2029,Boutique,101,1,19.47
83691,36291,2025-12-29,2029,Boutique,42,1,29.77
83692,36292,2025-12-29,4075,Site,24,1,34.92
83693,36292,2025-12-29,4075,Site,52,1,50.37
83694,36293,2025-12-29,738,Site,7,1,17.41
83695,36293,2025-12-29,738,Site,25,1,26.68
83696,36293,2025-12-29,738,Site,69,1,8.14
83697,36293,2025-12-29,738,Site,3,1,39.04
83698,36294,2025-12-29,3462,Site,42,1,28.28
83699,36294,2025-12-29,3462,Site,38,1,31.22
83700,36295,2025-12-29,2780,Boutique,74,1,21.53
83701,36296,2025-12-29,1540,Boutique,9,1,44.19
83702,36297,2025-12-29,21,Site,31,1,22.56
83703,36298,2025-12-29,5763,Réseaux,42,1,29.77
83704,36298,2025-12-29,5763,Réseaux,41,1,29.77
83705,36298,2025-12-29,5763,Réseaux,64,1,10.2
83706,36298,2025-12-29,5763,Réseaux,2,1,40.07
83707,36299,2025-12-29,4136,Boutique,44,1,22.56
83708,36300,2025-12-29,5466,Boutique,43,1,24.62
83709,36301,2025-12-29,658,Boutique,66,3,27.51
83710,36301,2025-12-29,658,Boutique,51,1,17.41
83711,36302,2025-12-30,818,Site,80,2,38.94
83712,36302,2025-12-30,818,Site,14,1,41.1
83713,36303,2025-12-30,3559,Site,117,1,12.26
83714,36304,2025-12-30,5771,Site,49,1,30.8
83715,36304,2025-12-30,5771,Site,80,1,19.47
83716,36305,2025-12-30,4973,Site,43,1,24.62
83717,36305,2025-12-30,4973,Site,65,1,18.44
83718,36305,2025-12-30,4973,Site,55,1,65.82
83719,36305,2025-12-30,4973,Site,36,2,137.82
83720,36306,2025-12-30,1449,Boutique,55,1,65.82
83721,36306,2025-12-30,1449,Boutique,49,1,30.8
83722,36307,2025-12-30,620,Site,63,1,3.82
83723,36307,2025-12-30,620,Site,47,1,33.17
83724,36308,2025-12-30,3081,Site,79,1,5.05
83725,36309,2025-12-30,2425,Site,20,2,57.48
83726,36309,2025-12-30,2425,Site,96,1,12.26
83727,36310,2025-12-30,5714,Boutique,52,1,50.37
83728,36310,2025-12-30,5714,Boutique,7,1,17.41
83729,36311,2025-12-30,2268,Boutique,6,1,44.19
83730,36311,2025-12-30,2268,Boutique,49,1,30.8
83731,36311,2025-12-30,2268,Boutique,51,1,17.41
83732,36312,2025-12-30,4196,Réseaux,5,1,52.43
83733,36312,2025-12-30,4196,Réseaux,44,1,22.56
83734,36312,2025-12-30,4196,Réseaux,50,1,73.03
83735,36312,2025-12-30,4196,Réseaux,34,1,109.08
83736,36313,2025-12-30,5346,Boutique,77,1,22.56
83737,36314,2025-12-30,1066,Réseaux,70,1,14.32
83738,36315,2025-12-30,2161,Site,24,1,33.17
83739,36315,2025-12-30,2161,Site,25,1,25.35
83740,36315,2025-12-30,2161,Site,22,1,49.81
83741,36316,2025-12-30,4681,Réseaux,3,1,39.04
83742,36316,2025-12-30,4681,Réseaux,65,1,18.44
83743,36316,2025-12-30,4681,Réseaux,104,1,32.86
83744,36317,2025-12-30,5078,Site,30,1,52.43
83745,36317,2025-12-30,5078,Site,54,1,56.55
83746,36317,2025-12-30,5078,Site,43,1,24.62
83747,36317,2025-12-30,5078,Site,61,1,11.23
83748,36318,2025-12-30,2382,Site,67,1,2.99
83749,36319,2025-12-30,2526,Boutique,53,1,19.47
83750,36319,2025-12-30,2526,Boutique,86,1,149.62
83751,36320,2025-12-30,230,Boutique,14,1,41.1
83752,36320,2025-12-30,230,Boutique,43,1,24.62
83753,36320,2025-12-30,230,Boutique,34,1,109.08
83754,36320,2025-12-30,230,Boutique,48,1,28.74
83755,36321,2025-12-30,1360,Site,5,1,52.43
83756,36321,2025-12-30,1360,Site,86,1,157.49
83757,36321,2025-12-30,1360,Site,47,2,69.84
83758,36322,2025-12-30,2801,Boutique,55,2,131.64
83759,36322,2025-12-30,2801,Boutique,61,1,11.23
83760,36322,2025-12-30,2801,Boutique,17,1,16.38
83761,36322,2025-12-30,2801,Boutique,18,1,13.29
83762,36323,2025-12-30,1418,Site,43,1,24.62
83763,36323,2025-12-30,1418,Site,64,1,10.2
83764,36324,2025-12-30,979,Boutique,7,1,17.41
83765,36324,2025-12-30,979,Boutique,107,1,15.35
83766,36325,2025-12-30,3128,Boutique,45,1,66.85
83767,36326,2025-12-30,70,Site,98,1,93.63
83768,36327,2025-12-30,1905,Site,71,2,43.06
83769,36327,2025-12-30,1905,Site,101,1,19.47
83770,36328,2025-12-30,709,Boutique,82,3,237.63
83771,36329,2025-12-30,180,Site,22,1,52.43
83772,36329,2025-12-30,180,Site,9,1,44.19
83773,36330,2025-12-30,3691,Boutique,43,1,24.62
83774,36330,2025-12-30,3691,Boutique,48,1,28.74
83775,36330,2025-12-30,3691,Boutique,70,1,14.32
83776,36331,2025-12-30,1684,Site,1,1,44.19
83777,36332,2025-12-30,3849,Site,1,1,44.19
83778,36332,2025-12-30,3849,Site,119,1,58.61
83779,36332,2025-12-30,3849,Site,30,1,52.43
83780,36333,2025-12-30,1921,Site,30,1,52.43
83781,36333,2025-12-30,1921,Site,108,1,46.25
83782,36333,2025-12-30,1921,Site,48,1,28.74
83783,36334,2025-12-30,4371,Site,23,1,20.5
83784,36335,2025-12-30,3736,Boutique,7,1,17.41
83785,36335,2025-12-30,3736,Boutique,107,1,15.35
83786,36336,2025-12-30,2176,Réseaux,9,1,44.19
83787,36336,2025-12-30,2176,Réseaux,73,1,5.05
83788,36337,2025-12-30,4251,Réseaux,46,3,101.67
83789,36337,2025-12-30,4251,Réseaux,44,1,22.56
83790,36338,2025-12-30,2371,Site,112,1,26.68
83791,36338,2025-12-30,2371,Site,109,1,28.74
83792,36339,2025-12-30,5981,Réseaux,41,1,29.77
83793,36340,2025-12-30,3181,Réseaux,89,1,68.91
83794,36341,2025-12-30,489,Site,44,1,22.56
83795,36341,2025-12-30,489,Site,55,2,131.64
83796,36341,2025-12-30,489,Site,18,1,13.29
83797,36342,2025-12-30,2470,Boutique,8,1,35.95
83798,36342,2025-12-30,2470,Boutique,57,1,17.41
83799,36342,2025-12-30,2470,Boutique,47,1,34.92
83800,36342,2025-12-30,2470,Boutique,28,1,50.37
83801,36343,2025-12-30,3971,Boutique,45,2,133.7
83802,36343,2025-12-30,3971,Boutique,42,1,29.77
83803,36344,2025-12-30,3404,Réseaux,26,1,64.79
83804,36344,2025-12-30,3404,Réseaux,2,1,40.07
83805,36344,2025-12-30,3404,Réseaux,43,1,24.62
83806,36345,2025-12-30,1332,Réseaux,82,1,79.21
83807,36346,2025-12-30,5552,Réseaux,51,1,16.54
83808,36347,2025-12-30,1994,Boutique,10,2,102.8
83809,36348,2025-12-30,2023,Boutique,46,1,32.2
83810,36349,2025-12-31,2276,Site,61,1,11.23
83811,36349,2025-12-31,2276,Site,33,1,130.71
83812,36350,2025-12-31,4049,Site,112,1,26.68
83813,36351,2025-12-31,550,Boutique,83,1,76.12
83814,36351,2025-12-31,550,Boutique,80,1,19.47
83815,36352,2025-12-31,3674,Boutique,75,2,14.22
83816,36353,2025-12-31,44,Site,110,1,26.68
83817,36353,2025-12-31,44,Site,23,1,20.5
83818,36354,2025-12-31,2636,Boutique,84,1,22.56
83819,36354,2025-12-31,2636,Boutique,47,1,34.92
83820,36355,2025-12-31,5099,Boutique,52,1,50.37
83821,36355,2025-12-31,5099,Boutique,61,1,11.23
83822,36356,2025-12-31,1749,Site,25,1,26.68
83823,36356,2025-12-31,1749,Site,30,1,52.43
83824,36356,2025-12-31,1749,Site,12,1,39.04
83825,36356,2025-12-31,1749,Site,49,1,30.8
83826,36357,2025-12-31,1278,Boutique,65,1,18.44
83827,36357,2025-12-31,1278,Boutique,69,1,8.14
83828,36357,2025-12-31,1278,Boutique,5,1,52.43
83829,36358,2025-12-31,2180,Boutique,21,2,26.58
83830,36358,2025-12-31,2180,Boutique,50,1,73.03
83831,36358,2025-12-31,2180,Boutique,105,1,17.41
83832,36358,2025-12-31,2180,Boutique,24,1,34.92
83833,36359,2025-12-31,79,Réseaux,41,1,29.77
83834,36360,2025-12-31,1544,Site,101,1,19.47
83835,36360,2025-12-31,1544,Site,30,1,52.43
83836,36360,2025-12-31,1544,Site,85,1,11.23
83837,36361,2025-12-31,5669,Boutique,66,1,9.17
83838,36362,2025-12-31,2327,Site,107,1,15.35
83839,36363,2025-12-31,1877,Site,72,3,8.97
83840,36364,2025-12-31,4765,Boutique,66,1,9.17
83841,36365,2025-12-31,2577,Site,49,2,61.6
83842,36366,2025-12-31,4592,Site,28,1,47.85
83843,36366,2025-12-31,4592,Site,46,2,64.39
83844,36367,2025-12-31,4296,Réseaux,47,1,34.92
83845,36367,2025-12-31,4296,Réseaux,71,1,21.53
83846,36367,2025-12-31,4296,Réseaux,29,1,57.58
83847,36368,2025-12-31,3729,Réseaux,67,1,2.99
83848,36368,2025-12-31,3729,Réseaux,41,2,59.54
83849,36369,2025-12-31,3574,Réseaux,55,1,65.82
83850,36369,2025-12-31,3574,Réseaux,67,1,2.99
83851,36369,2025-12-31,3574,Réseaux,15,2,24.52
83852,36370,2025-12-31,5810,Site,47,1,34.92
83853,36370,2025-12-31,5810,Site,46,1,33.89
83854,36371,2025-12-31,1294,Boutique,50,1,73.03
83855,36371,2025-12-31,1294,Boutique,24,1,34.92
83856,36371,2025-12-31,1294,Boutique,51,4,69.64
83857,36371,2025-12-31,1294,Boutique,37,2,76.02
83858,36371,2025-12-31,1294,Boutique,69,1,8.14
83859,36372,2025-12-31,5893,Site,54,1,56.55
83860,36372,2025-12-31,5893,Site,31,1,22.56
83861,36373,2025-12-31,3395,Site,68,2,40.91
83862,36373,2025-12-31,3395,Site,17,1,15.56
83863,36374,2025-12-31,3876,Réseaux,82,1,79.21
83864,36374,2025-12-31,3876,Réseaux,42,2,59.54
83865,36375,2025-12-31,270,Boutique,66,1,9.17
83866,36375,2025-12-31,270,Boutique,49,1,30.8
83867,36375,2025-12-31,270,Boutique,5,1,52.43
83868,36376,2025-12-31,1457,Boutique,64,2,20.4
83869,36377,2025-12-31,1540,Site,91,1,89.51
83870,36378,2025-12-31,3574,Réseaux,101,4,77.88
83871,36378,2025-12-31,3574,Réseaux,25,1,26.68
83872,36379,2025-12-31,1751,Réseaux,52,1,47.85
83873,36379,2025-12-31,1751,Réseaux,83,1,72.31
83874,36379,2025-12-31,1751,Réseaux,37,2,72.22
83875,36380,2025-12-31,2619,Site,56,1,99.81
83876,36381,2025-12-31,5646,Site,66,1,9.17
83877,36381,2025-12-31,5646,Site,42,1,29.77
83878,36382,2025-12-31,5852,Boutique,52,1,50.37
83879,36382,2025-12-31,5852,Boutique,89,1,68.91
83880,36383,2025-12-31,2773,Boutique,27,1,108.05
83881,36384,2025-12-31,4760,Boutique,75,1,7.11
83882,36384,2025-12-31,4760,Boutique,41,2,59.54
83883,36385,2025-12-31,3270,Réseaux,43,2,46.78
83884,36385,2025-12-31,3270,Réseaux,111,2,19.38
83885,36385,2025-12-31,3270,Réseaux,50,1,69.38
83886,36386,2025-12-31,2546,Boutique,48,1,28.74
83887,36386,2025-12-31,2546,Boutique,14,1,41.1
83888,36387,2025-12-31,2913,Boutique,119,1,58.61
83889,36388,2025-12-31,1730,Boutique,92,1,12.26
83890,36389,2025-12-31,492,Site,65,1,18.44
83891,36389,2025-12-31,492,Site,18,4,53.16
83892,36389,2025-12-31,492,Site,28,1,50.37
83893,36389,2025-12-31,492,Site,66,1,9.17
83894,36390,2025-12-31,3993,Boutique,73,1,5.05
83895,36390,2025-12-31,3993,Boutique,52,1,50.37
83896,36391,2025-12-31,1765,Boutique,118,1,11.65
83897,36391,2025-12-31,1765,Boutique,81,1,15.56
83898,36391,2025-12-31,1765,Boutique,43,1,23.39
83899,36392,2025-12-31,3960,Site,84,1,22.56
83900,36392,2025-12-31,3960,Site,42,1,29.77
83901,36392,2025-12-31,3960,Site,51,1,17.41
83902,36393,2025-12-31,4469,Site,50,1,73.03
83903,36394,2025-12-31,3501,Site,7,1,17.41
83904,36395,2025-12-31,4526,Boutique,64,1,10.2
83905,36395,2025-12-31,4526,Boutique,26,1,64.79
