id_client,ville,date_debut,date_fin,courant
1,Ville K,2018-01-01,9999-12-31,1
2,Ville B,2018-01-02,9999-12-31,1
3,Ville Q,2018-01-02,9999-12-31,1
4,Ville C,2018-01-03,9999-12-31,1
5,Ville G,2018-01-03,2024-05-04,0
5,Ville N,2024-05-05,9999-12-31,1
6,Ville B,2018-01-03,9999-12-31,1
7,Ville B,2018-01-04,9999-12-31,1
8,Ville B,2018-01-05,9999-12-31,1
9,Ville I,2018-01-05,9999-12-31,1
10,Ville B,2018-01-06,9999-12-31,1
11,Ville B,2018-01-06,9999-12-31,1
12,Ville H,2018-01-06,9999-12-31,1
13,Ville H,2018-01-07,9999-12-31,1
14,Ville G,2018-01-08,9999-12-31,1
15,Ville D,2018-01-08,9999-12-31,1
16,Ville H,2018-01-09,9999-12-31,1
17,Ville G,2018-01-09,2024-05-05,0
17,Ville B,2024-05-06,9999-12-31,1
18,Ville H,2018-01-09,9999-12-31,1
19,Ville E,2018-01-09,9999-12-31,1
20,Ville F,2018-01-10,9999-12-31,1
21,Ville B,2018-01-11,9999-12-31,1
22,Ville J,2018-01-11,9999-12-31,1
23,Ville I,2018-01-12,9999-12-31,1
24,Ville B,2018-01-13,9999-12-31,1
25,Ville C,2018-01-13,9999-12-31,1
26,Ville A,2018-01-14,9999-12-31,1
27,Ville E,2018-01-14,9999-12-31,1
28,Ville A,2018-01-14,9999-12-31,1
29,Ville K,2018-01-15,9999-12-31,1
30,Ville E,2018-01-15,9999-12-31,1
31,Ville D,2018-01-16,9999-12-31,1
32,Ville B,2018-01-17,2024-11-12,0
32,Ville I,2024-11-13,9999-12-31,1
33,Ville A,2018-01-17,9999-12-31,1
34,Ville J,2018-01-18,9999-12-31,1
35,Ville A,2018-01-19,9999-12-31,1
36,Ville H,2018-01-19,9999-12-31,1
37,Ville I,2018-01-19,9999-12-31,1
38,Ville A,2018-01-19,9999-12-31,1
39,Ville A,2018-01-20,2024-01-04,0
39,Ville C,2024-01-05,9999-12-31,1
40,Ville D,2018-01-20,9999-12-31,1
41,Ville K,2018-01-20,9999-12-31,1
42,Ville D,2018-01-20,2024-07-13,0
42,Ville A,2024-07-14,9999-12-31,1
43,Ville Q,2018-01-21,9999-12-31,1
44,Ville D,2018-01-22,9999-12-31,1
45,Ville A,2018-01-22,9999-12-31,1
46,Ville C,2018-01-24,9999-12-31,1
47,Ville D,2018-01-24,9999-12-31,1
48,Ville L,2018-01-24,9999-12-31,1
49,Ville L,2018-01-25,9999-12-31,1
50,Ville A,2018-01-25,9999-12-31,1
51,Ville J,2018-01-26,9999-12-31,1
52,Ville H,2018-01-26,9999-12-31,1
53,Ville E,2018-01-27,9999-12-31,1
54,Ville D,2018-01-27,9999-12-31,1
55,Ville B,2018-01-27,9999-12-31,1
56,Ville C,2018-01-27,2023-12-26,0
56,Ville M,2023-12-27,9999-12-31,1
57,Ville B,2018-01-28,9999-12-31,1
58,Ville E,2018-01-28,9999-12-31,1
59,Ville C,2018-01-28,9999-12-31,1
60,Ville Q,2018-01-28,9999-12-31,1
61,Ville A,2018-01-28,9999-12-31,1
62,Ville K,2018-01-28,2024-01-31,0
62,Ville D,2024-02-01,9999-12-31,1
63,Ville B,2018-01-29,2024-02-11,0
63,Ville C,2024-02-12,9999-12-31,1
64,Ville J,2018-01-29,9999-12-31,1
65,Ville L,2018-01-29,9999-12-31,1
66,Ville I,2018-01-29,9999-12-31,1
67,Ville A,2018-01-29,9999-12-31,1
68,Ville C,2018-01-29,2023-09-17,0
68,Ville P,2023-09-18,9999-12-31,1
69,Ville D,2018-01-29,9999-12-31,1
70,Ville G,2018-01-30,9999-12-31,1
71,Ville J,2018-01-30,9999-12-31,1
72,Ville Q,2018-01-30,9999-12-31,1
73,Ville B,2018-01-31,9999-12-31,1
74,Ville E,2018-02-01,9999-12-31,1
75,Ville R,2018-02-01,9999-12-31,1
76,Ville B,2018-02-02,9999-12-31,1
77,Ville C,2018-02-03,9999-12-31,1
78,Ville L,2018-02-04,9999-12-31,1
79,Ville A,2018-02-04,9999-12-31,1
80,Ville C,2018-02-04,2025-08-13,0
80,Ville A,2025-08-14,9999-12-31,1
81,Ville B,2018-02-06,9999-12-31,1
82,Ville A,2018-02-06,9999-12-31,1
83,Ville D,2018-02-06,9999-12-31,1
84,Ville B,2018-02-07,2025-09-15,0
84,Ville M,2025-09-16,9999-12-31,1
85,Ville A,2018-02-09,9999-12-31,1
86,Ville R,2018-02-09,9999-12-31,1
87,Ville D,2018-02-09,9999-12-31,1
88,Ville C,2018-02-11,9999-12-31,1
89,Ville P,2018-02-12,9999-12-31,1
90,Ville G,2018-02-12,9999-12-31,1
91,Ville D,2018-02-12,9999-12-31,1
92,Ville G,2018-02-12,9999-12-31,1
93,Ville L,2018-02-13,9999-12-31,1
94,Ville A,2018-02-13,9999-12-31,1
95,Ville E,2018-02-13,2023-03-25,0
95,Ville F,2023-03-26,9999-12-31,1
96,Ville F,2018-02-13,9999-12-31,1
97,Ville B,2018-02-14,9999-12-31,1
98,Ville Q,2018-02-14,9999-12-31,1
99,Ville B,2018-02-14,9999-12-31,1
100,Ville D,2018-02-15,9999-12-31,1
101,Ville A,2018-02-15,9999-12-31,1
102,Ville L,2018-02-15,9999-12-31,1
103,Ville P,2018-02-15,9999-12-31,1
104,Ville R,2018-02-16,9999-12-31,1
105,Ville K,2018-02-16,9999-12-31,1
106,Ville A,2018-02-16,2025-08-27,0
106,Ville C,2025-08-28,9999-12-31,1
107,Ville E,2018-02-18,9999-12-31,1
108,Ville I,2018-02-18,9999-12-31,1
109,Ville A,2018-02-18,2025-05-30,0
109,Ville C,2025-05-31,9999-12-31,1
110,Ville E,2018-02-19,9999-12-31,1
111,Ville F,2018-02-19,9999-12-31,1
112,Ville B,2018-02-20,9999-12-31,1
113,Ville E,2018-02-20,9999-12-31,1
114,Ville B,2018-02-21,9999-12-31,1
115,Ville K,2018-02-21,2023-11-28,0
115,Ville B,2023-11-29,9999-12-31,1
116,Ville G,2018-02-21,9999-12-31,1
117,Ville G,2018-02-22,9999-12-31,1
118,Ville H,2018-02-23,9999-12-31,1
119,Ville C,2018-02-23,9999-12-31,1
120,Ville A,2018-02-23,9999-12-31,1
121,Ville D,2018-02-24,9999-12-31,1
122,Ville G,2018-02-24,9999-12-31,1
123,Ville A,2018-02-25,9999-12-31,1
124,Ville B,2018-02-25,9999-12-31,1
125,Ville L,2018-02-25,9999-12-31,1
126,Ville F,2018-02-26,9999-12-31,1
127,Ville E,2018-02-26,9999-12-31,1
128,Ville L,2018-02-26,9999-12-31,1
129,Ville D,2018-02-28,9999-12-31,1
130,Ville C,2018-02-28,9999-12-31,1
131,Ville I,2018-02-28,2024-10-14,0
131,Ville B,2024-10-15,9999-12-31,1
132,Ville R,2018-03-01,9999-12-31,1
133,Ville E,2018-03-01,9999-12-31,1
134,Ville R,2018-03-01,9999-12-31,1
135,Ville K,2018-03-02,9999-12-31,1
136,Ville I,2018-03-03,2024-05-16,0
136,Ville C,2024-05-17,9999-12-31,1
137,Ville A,2018-03-03,9999-12-31,1
138,Ville D,2018-03-04,9999-12-31,1
139,Ville B,2018-03-04,9999-12-31,1
140,Ville G,2018-03-05,9999-12-31,1
141,Ville F,2018-03-05,2024-04-05,0
141,Ville C,2024-04-06,9999-12-31,1
142,Ville C,2018-03-06,9999-12-31,1
143,Ville C,2018-03-06,9999-12-31,1
144,Ville B,2018-03-06,9999-12-31,1
145,Ville E,2018-03-08,9999-12-31,1
146,Ville E,2018-03-08,9999-12-31,1
147,Ville I,2018-03-08,2023-08-17,0
147,Ville B,2023-08-18,9999-12-31,1
148,Ville M,2018-03-09,9999-12-31,1
149,Ville A,2018-03-10,9999-12-31,1
150,Ville C,2018-03-10,9999-12-31,1
151,Ville C,2018-03-11,9999-12-31,1
152,Ville D,2018-03-12,9999-12-31,1
153,Ville B,2018-03-14,9999-12-31,1
154,Ville K,2018-03-15,9999-12-31,1
155,Ville C,2018-03-15,9999-12-31,1
156,Ville K,2018-03-15,9999-12-31,1
157,Ville B,2018-03-15,9999-12-31,1
158,Ville K,2018-03-16,9999-12-31,1
159,Ville D,2018-03-16,9999-12-31,1
160,Ville K,2018-03-16,9999-12-31,1
161,Ville E,2018-03-17,9999-12-31,1
162,Ville C,2018-03-17,9999-12-31,1
163,Ville C,2018-03-18,9999-12-31,1
164,Ville J,2018-03-18,9999-12-31,1
165,Ville A,2018-03-19,9999-12-31,1
166,Ville D,2018-03-19,9999-12-31,1
167,Ville B,2018-03-20,9999-12-31,1
168,Ville A,2018-03-21,9999-12-31,1
169,Ville A,2018-03-21,9999-12-31,1
170,Ville D,2018-03-22,2024-10-11,0
170,Ville B,2024-10-12,9999-12-31,1
171,Ville G,2018-03-22,9999-12-31,1
172,Ville K,2018-03-22,9999-12-31,1
173,Ville B,2018-03-23,9999-12-31,1
174,Ville I,2018-03-23,9999-12-31,1
175,Ville D,2018-03-25,9999-12-31,1
176,Ville D,2018-03-25,9999-12-31,1
177,Ville G,2018-03-25,9999-12-31,1
178,Ville G,2018-03-25,2024-08-30,0
178,Ville C,2024-08-31,9999-12-31,1
179,Ville G,2018-03-26,9999-12-31,1
180,Ville K,2018-03-26,9999-12-31,1
181,Ville G,2018-03-26,9999-12-31,1
182,Ville Q,2018-03-27,9999-12-31,1
183,Ville K,2018-03-28,9999-12-31,1
184,Ville K,2018-03-28,9999-12-31,1
185,Ville A,2018-03-28,9999-12-31,1
186,Ville C,2018-03-29,9999-12-31,1
187,Ville S,2018-03-29,9999-12-31,1
188,Ville B,2018-03-29,9999-12-31,1
189,Ville J,2018-03-29,9999-12-31,1
190,Ville D,2018-03-29,9999-12-31,1
191,Ville A,2018-03-30,2024-11-17,0
191,Ville T,2024-11-18,9999-12-31,1
192,Ville I,2018-03-30,9999-12-31,1
193,Ville I,2018-03-30,9999-12-31,1
194,Ville D,2018-03-31,9999-12-31,1
195,Ville B,2018-03-31,9999-12-31,1
196,Ville E,2018-03-31,9999-12-31,1
197,Ville B,2018-04-01,9999-12-31,1
198,Ville B,2018-04-01,9999-12-31,1
199,Ville E,2018-04-02,9999-12-31,1
200,Ville E,2018-04-04,9999-12-31,1
201,Ville H,2018-04-04,9999-12-31,1
202,Ville D,2018-04-04,9999-12-31,1
203,Ville B,2018-04-04,9999-12-31,1
204,Ville A,2018-04-04,9999-12-31,1
205,Ville M,2018-04-05,9999-12-31,1
206,Ville G,2018-04-06,9999-12-31,1
207,Ville I,2018-04-06,9999-12-31,1
208,Ville F,2018-04-07,9999-12-31,1
209,Ville A,2018-04-07,9999-12-31,1
210,Ville F,2018-04-07,9999-12-31,1
211,Ville A,2018-04-07,9999-12-31,1
212,Ville F,2018-04-07,9999-12-31,1
213,Ville C,2018-04-07,9999-12-31,1
214,Ville O,2018-04-08,9999-12-31,1
215,Ville M,2018-04-08,9999-12-31,1
216,Ville B,2018-04-10,9999-12-31,1
217,Ville B,2018-04-10,9999-12-31,1
218,Ville H,2018-04-12,9999-12-31,1
219,Ville E,2018-04-12,9999-12-31,1
220,Ville E,2018-04-12,9999-12-31,1
221,Ville A,2018-04-13,9999-12-31,1
222,Ville B,2018-04-13,9999-12-31,1
223,Ville B,2018-04-13,9999-12-31,1
224,Ville Q,2018-04-14,9999-12-31,1
225,Ville D,2018-04-14,9999-12-31,1
226,Ville E,2018-04-14,9999-12-31,1
227,Ville H,2018-04-15,9999-12-31,1
228,Ville E,2018-04-15,9999-12-31,1
229,Ville A,2018-04-15,2025-05-08,0
229,Ville F,2025-05-09,9999-12-31,1
230,Ville E,2018-04-16,9999-12-31,1
231,Ville D,2018-04-17,9999-12-31,1
232,Ville F,2018-04-18,9999-12-31,1
233,Ville A,2018-04-18,9999-12-31,1
234,Ville B,2018-04-19,9999-12-31,1
235,Ville A,2018-04-19,9999-12-31,1
236,Ville M,2018-04-19,9999-12-31,1
237,Ville I,2018-04-20,9999-12-31,1
238,Ville I,2018-04-20,9999-12-31,1
239,Ville N,2018-04-20,9999-12-31,1
240,Ville E,2018-04-20,9999-12-31,1
241,Ville F,2018-04-20,2025-05-29,0
241,Ville A,2025-05-30,9999-12-31,1
242,Ville H,2018-04-20,9999-12-31,1
243,Ville A,2018-04-21,2023-03-27,0
243,Ville D,2023-03-28,9999-12-31,1
244,Ville J,2018-04-22,9999-12-31,1
245,Ville B,2018-04-22,9999-12-31,1
246,Ville J,2018-04-22,9999-12-31,1
247,Ville A,2018-04-22,9999-12-31,1
248,Ville D,2018-04-24,9999-12-31,1
249,Ville J,2018-04-24,9999-12-31,1
250,Ville B,2018-04-24,2023-05-04,0
250,Ville A,2023-05-05,9999-12-31,1
251,Ville G,2018-04-26,9999-12-31,1
252,Ville B,2018-04-26,9999-12-31,1
253,Ville G,2018-04-26,9999-12-31,1
254,Ville H,2018-04-27,9999-12-31,1
255,Ville B,2018-04-27,9999-12-31,1
256,Ville J,2018-04-27,9999-12-31,1
257,Ville A,2018-04-28,9999-12-31,1
258,Ville C,2018-04-28,9999-12-31,1
259,Ville B,2018-04-29,9999-12-31,1
260,Ville D,2018-04-29,9999-12-31,1
261,Ville A,2018-04-30,9999-12-31,1
262,Ville A,2018-04-30,9999-12-31,1
263,Ville A,2018-04-30,9999-12-31,1
264,Ville I,2018-05-01,9999-12-31,1
265,Ville D,2018-05-01,9999-12-31,1
266,Ville I,2018-05-01,9999-12-31,1
267,Ville E,2018-05-01,9999-12-31,1
268,Ville B,2018-05-01,9999-12-31,1
269,Ville D,2018-05-02,9999-12-31,1
270,Ville I,2018-05-03,2023-08-11,0
270,Ville H,2023-08-12,9999-12-31,1
271,Ville B,2018-05-04,2023-07-29,0
271,Ville J,2023-07-30,9999-12-31,1
272,Ville L,2018-05-04,9999-12-31,1
273,Ville F,2018-05-05,9999-12-31,1
274,Ville A,2018-05-05,9999-12-31,1
275,Ville L,2018-05-06,9999-12-31,1
276,Ville B,2018-05-07,9999-12-31,1
277,Ville B,2018-05-07,9999-12-31,1
278,Ville A,2018-05-07,9999-12-31,1
279,Ville F,2018-05-07,9999-12-31,1
280,Ville A,2018-05-07,9999-12-31,1
281,Ville E,2018-05-08,9999-12-31,1
282,Ville K,2018-05-08,9999-12-31,1
283,Ville B,2018-05-09,9999-12-31,1
284,Ville H,2018-05-09,9999-12-31,1
285,Ville H,2018-05-09,9999-12-31,1
286,Ville A,2018-05-10,9999-12-31,1
287,Ville D,2018-05-10,9999-12-31,1
288,Ville L,2018-05-10,9999-12-31,1
289,Ville E,2018-05-11,9999-12-31,1
290,Ville C,2018-05-11,9999-12-31,1
291,Ville C,2018-05-11,9999-12-31,1
292,Ville C,2018-05-11,9999-12-31,1
293,Ville B,2018-05-11,9999-12-31,1
294,Ville K,2018-05-12,9999-12-31,1
295,Ville A,2018-05-12,9999-12-31,1
296,Ville A,2018-05-12,9999-12-31,1
297,Ville N,2018-05-12,9999-12-31,1
298,Ville E,2018-05-12,9999-12-31,1
299,Ville D,2018-05-13,9999-12-31,1
300,Ville C,2018-05-13,9999-12-31,1
301,Ville G,2018-05-13,2024-02-04,0
301,Ville E,2024-02-05,9999-12-31,1
302,Ville H,2018-05-14,9999-12-31,1
303,Ville K,2018-05-14,9999-12-31,1
304,Ville B,2018-05-15,9999-12-31,1
305,Ville K,2018-05-15,9999-12-31,1
306,Ville D,2018-05-18,9999-12-31,1
307,Ville A,2018-05-18,9999-12-31,1
308,Ville C,2018-05-19,9999-12-31,1
309,Ville C,2018-05-19,2024-09-20,0
309,Ville D,2024-09-21,9999-12-31,1
310,Ville C,2018-05-19,9999-12-31,1
311,Ville E,2018-05-20,9999-12-31,1
312,Ville B,2018-05-21,9999-12-31,1
313,Ville D,2018-05-21,9999-12-31,1
314,Ville N,2018-05-21,9999-12-31,1
315,Ville B,2018-05-22,2024-08-22,0
315,Ville D,2024-08-23,9999-12-31,1
316,Ville D,2018-05-22,9999-12-31,1
317,Ville H,2018-05-23,9999-12-31,1
318,Ville A,2018-05-23,9999-12-31,1
319,Ville I,2018-05-23,2024-05-25,0
319,Ville J,2024-05-26,9999-12-31,1
320,Ville D,2018-05-23,9999-12-31,1
321,Ville E,2018-05-23,9999-12-31,1
322,Ville B,2018-05-24,9999-12-31,1
323,Ville F,2018-05-24,9999-12-31,1
324,Ville A,2018-05-24,9999-12-31,1
325,Ville A,2018-05-24,9999-12-31,1
326,Ville C,2018-05-24,2024-02-06,0
326,Ville L,2024-02-07,9999-12-31,1
327,Ville A,2018-05-25,9999-12-31,1
328,Ville A,2018-05-26,9999-12-31,1
329,Ville E,2018-05-26,9999-12-31,1
330,Ville C,2018-05-27,9999-12-31,1
331,Ville G,2018-05-27,9999-12-31,1
332,Ville B,2018-05-28,9999-12-31,1
333,Ville K,2018-05-28,9999-12-31,1
334,Ville A,2018-05-28,9999-12-31,1
335,Ville N,2018-05-28,9999-12-31,1
336,Ville T,2018-05-28,9999-12-31,1
337,Ville K,2018-05-29,9999-12-31,1
338,Ville C,2018-05-29,9999-12-31,1
339,Ville C,2018-05-31,9999-12-31,1
340,Ville C,2018-05-31,2024-11-20,0
340,Ville I,2024-11-21,9999-12-31,1
341,Ville E,2018-06-01,9999-12-31,1
342,Ville O,2018-06-01,2023-06-22,0
342,Ville D,2023-06-23,9999-12-31,1
343,Ville B,2018-06-01,9999-12-31,1
344,Ville C,2018-06-02,9999-12-31,1
345,Ville L,2018-06-02,9999-12-31,1
346,Ville M,2018-06-02,9999-12-31,1
347,Ville D,2018-06-02,9999-12-31,1
348,Ville L,2018-06-03,9999-12-31,1
349,Ville D,2018-06-03,9999-12-31,1
350,Ville A,2018-06-05,9999-12-31,1
351,Ville B,2018-06-05,9999-12-31,1
352,Ville A,2018-06-05,9999-12-31,1
353,Ville C,2018-06-06,9999-12-31,1
354,Ville H,2018-06-06,9999-12-31,1
355,Ville A,2018-06-06,9999-12-31,1
356,Ville A,2018-06-07,9999-12-31,1
357,Ville K,2018-06-07,9999-12-31,1
358,Ville G,2018-06-07,9999-12-31,1
359,Ville O,2018-06-08,9999-12-31,1
360,Ville I,2018-06-08,9999-12-31,1
361,Ville D,2018-06-09,9999-12-31,1
362,Ville A,2018-06-09,9999-12-31,1
363,Ville C,2018-06-10,9999-12-31,1
364,Ville C,2018-06-13,9999-12-31,1
365,Ville Q,2018-06-13,9999-12-31,1
366,Ville N,2018-06-15,9999-12-31,1
367,Ville A,2018-06-15,9999-12-31,1
368,Ville D,2018-06-15,2023-05-30,0
368,Ville B,2023-05-31,9999-12-31,1
369,Ville B,2018-06-16,9999-12-31,1
370,Ville B,2018-06-17,9999-12-31,1
371,Ville H,2018-06-18,9999-12-31,1
372,Ville J,2018-06-18,9999-12-31,1
373,Ville B,2018-06-18,9999-12-31,1
374,Ville E,2018-06-18,9999-12-31,1
375,Ville D,2018-06-18,9999-12-31,1
376,Ville D,2018-06-19,9999-12-31,1
377,Ville F,2018-06-19,9999-12-31,1
378,Ville E,2018-06-19,9999-12-31,1
379,Ville C,2018-06-20,9999-12-31,1
380,Ville E,2018-06-21,9999-12-31,1
381,Ville E,2018-06-21,9999-12-31,1
382,Ville D,2018-06-21,9999-12-31,1
383,Ville T,2018-06-22,9999-12-31,1
384,Ville H,2018-06-22,9999-12-31,1
385,Ville A,2018-06-24,9999-12-31,1
386,Ville E,2018-06-24,9999-12-31,1
387,Ville B,2018-06-24,9999-12-31,1
388,Ville M,2018-06-25,9999-12-31,1
389,Ville D,2018-06-25,9999-12-31,1
390,Ville C,2018-06-25,9999-12-31,1
391,Ville A,2018-06-25,9999-12-31,1
392,Ville G,2018-06-27,9999-12-31,1
393,Ville F,2018-06-27,9999-12-31,1
394,Ville B,2018-06-28,9999-12-31,1
395,Ville G,2018-06-29,9999-12-31,1
396,Ville F,2018-06-30,9999-12-31,1
397,Ville J,2018-07-01,2024-09-02,0
397,Ville M,2024-09-03,9999-12-31,1
398,Ville C,2018-07-02,9999-12-31,1
399,Ville A,2018-07-02,9999-12-31,1
400,Ville B,2018-07-03,9999-12-31,1
401,Ville G,2018-07-03,2024-04-26,0
401,Ville R,2024-04-27,9999-12-31,1
402,Ville G,2018-07-04,9999-12-31,1
403,Ville H,2018-07-04,9999-12-31,1
404,Ville C,2018-07-05,9999-12-31,1
405,Ville E,2018-07-06,9999-12-31,1
406,Ville D,2018-07-06,9999-12-31,1
407,Ville A,2018-07-06,9999-12-31,1
408,Ville A,2018-07-07,9999-12-31,1
409,Ville B,2018-07-07,9999-12-31,1
410,Ville O,2018-07-08,9999-12-31,1
411,Ville D,2018-07-08,2024-05-25,0
411,Ville I,2024-05-26,9999-12-31,1
412,Ville B,2018-07-08,9999-12-31,1
413,Ville D,2018-07-08,2024-09-24,0
413,Ville K,2024-09-25,9999-12-31,1
414,Ville D,2018-07-08,9999-12-31,1
415,Ville F,2018-07-09,9999-12-31,1
416,Ville C,2018-07-09,9999-12-31,1
417,Ville N,2018-07-10,2023-05-19,0
417,Ville M,2023-05-20,9999-12-31,1
418,Ville Q,2018-07-10,9999-12-31,1
419,Ville E,2018-07-11,9999-12-31,1
420,Ville D,2018-07-11,9999-12-31,1
421,Ville B,2018-07-11,9999-12-31,1
422,Ville M,2018-07-13,9999-12-31,1
423,Ville F,2018-07-13,9999-12-31,1
424,Ville B,2018-07-13,9999-12-31,1
425,Ville K,2018-07-13,9999-12-31,1
426,Ville A,2018-07-14,9999-12-31,1
427,Ville C,2018-07-14,2024-02-08,0
427,Ville B,2024-02-09,9999-12-31,1
428,Ville B,2018-07-15,9999-12-31,1
429,Ville C,2018-07-15,9999-12-31,1
430,Ville A,2018-07-16,9999-12-31,1
431,Ville A,2018-07-16,9999-12-31,1
432,Ville C,2018-07-16,2024-04-13,0
432,Ville G,2024-04-14,9999-12-31,1
433,Ville E,2018-07-17,2024-04-06,0
433,Ville A,2024-04-07,9999-12-31,1
434,Ville B,2018-07-17,9999-12-31,1
435,Ville B,2018-07-17,9999-12-31,1
436,Ville S,2018-07-18,9999-12-31,1
437,Ville I,2018-07-18,9999-12-31,1
438,Ville S,2018-07-18,9999-12-31,1
439,Ville M,2018-07-18,9999-12-31,1
440,Ville P,2018-07-20,9999-12-31,1
441,Ville S,2018-07-20,9999-12-31,1
442,Ville C,2018-07-21,9999-12-31,1
443,Ville R,2018-07-21,9999-12-31,1
444,Ville I,2018-07-22,2023-06-05,0
444,Ville H,2023-06-06,9999-12-31,1
445,Ville E,2018-07-22,9999-12-31,1
446,Ville D,2018-07-22,9999-12-31,1
447,Ville Q,2018-07-22,2024-05-06,0
447,Ville D,2024-05-07,9999-12-31,1
448,Ville G,2018-07-22,9999-12-31,1
449,Ville C,2018-07-22,2023-05-16,0
449,Ville H,2023-05-17,9999-12-31,1
450,Ville C,2018-07-23,9999-12-31,1
451,Ville I,2018-07-24,9999-12-31,1
452,Ville A,2018-07-24,9999-12-31,1
453,Ville C,2018-07-24,9999-12-31,1
454,Ville H,2018-07-25,9999-12-31,1
455,Ville C,2018-07-25,9999-12-31,1
456,Ville D,2018-07-25,9999-12-31,1
457,Ville G,2018-07-26,9999-12-31,1
458,Ville A,2018-07-26,9999-12-31,1
459,Ville E,2018-07-26,9999-12-31,1
460,Ville G,2018-07-27,9999-12-31,1
461,Ville E,2018-07-28,9999-12-31,1
462,Ville A,2018-07-28,9999-12-31,1
463,Ville E,2018-07-29,9999-12-31,1
464,Ville A,2018-07-30,9999-12-31,1
465,Ville M,2018-07-31,9999-12-31,1
466,Ville D,2018-07-31,9999-12-31,1
467,Ville D,2018-08-01,9999-12-31,1
468,Ville H,2018-08-01,9999-12-31,1
469,Ville E,2018-08-02,9999-12-31,1
470,Ville A,2018-08-02,9999-12-31,1
471,Ville F,2018-08-02,2024-07-11,0
471,Ville D,2024-07-12,9999-12-31,1
472,Ville O,2018-08-03,9999-12-31,1
473,Ville N,2018-08-03,9999-12-31,1
474,Ville E,2018-08-03,9999-12-31,1
475,Ville T,2018-08-04,2024-01-09,0
475,Ville F,2024-01-10,9999-12-31,1
476,Ville D,2018-08-04,9999-12-31,1
477,Ville G,2018-08-05,9999-12-31,1
478,Ville A,2018-08-05,9999-12-31,1
479,Ville A,2018-08-05,9999-12-31,1
480,Ville G,2018-08-06,9999-12-31,1
481,Ville D,2018-08-06,9999-12-31,1
482,Ville M,2018-08-06,9999-12-31,1
483,Ville G,2018-08-07,9999-12-31,1
484,Ville B,2018-08-07,9999-12-31,1
485,Ville B,2018-08-07,9999-12-31,1
486,Ville J,2018-08-07,9999-12-31,1
487,Ville L,2018-08-08,2025-02-02,0
487,Ville J,2025-02-03,9999-12-31,1
488,Ville C,2018-08-08,9999-12-31,1
489,Ville B,2018-08-08,9999-12-31,1
490,Ville C,2018-08-10,9999-12-31,1
491,Ville M,2018-08-10,9999-12-31,1
492,Ville O,2018-08-11,2025-09-05,0
492,Ville R,2025-09-06,9999-12-31,1
493,Ville H,2018-08-12,9999-12-31,1
494,Ville S,2018-08-12,9999-12-31,1
495,Ville G,2018-08-12,9999-12-31,1
496,Ville B,2018-08-13,9999-12-31,1
497,Ville C,2018-08-13,2025-01-10,0
497,Ville J,2025-01-11,9999-12-31,1
498,Ville H,2018-08-14,2024-08-23,0
498,Ville L,2024-08-24,9999-12-31,1
499,Ville G,2018-08-15,2024-12-04,0
499,Ville A,2024-12-05,9999-12-31,1
500,Ville F,2018-08-17,9999-12-31,1
501,Ville A,2018-08-17,2023-05-11,0
501,Ville K,2023-05-12,9999-12-31,1
502,Ville T,2018-08-17,9999-12-31,1
503,Ville Q,2018-08-17,9999-12-31,1
504,Ville C,2018-08-17,9999-12-31,1
505,Ville G,2018-08-18,9999-12-31,1
506,Ville B,2018-08-18,9999-12-31,1
507,Ville A,2018-08-18,9999-12-31,1
508,Ville C,2018-08-19,9999-12-31,1
509,Ville K,2018-08-19,9999-12-31,1
510,Ville I,2018-08-19,9999-12-31,1
511,Ville H,2018-08-20,9999-12-31,1
512,Ville J,2018-08-20,9999-12-31,1
513,Ville T,2018-08-20,2023-10-06,0
513,Ville D,2023-10-07,9999-12-31,1
514,Ville A,2018-08-22,2024-03-21,0
514,Ville G,2024-03-22,9999-12-31,1
515,Ville B,2018-08-22,9999-12-31,1
516,Ville B,2018-08-23,9999-12-31,1
517,Ville Q,2018-08-23,9999-12-31,1
518,Ville F,2018-08-24,9999-12-31,1
519,Ville H,2018-08-25,9999-12-31,1
520,Ville A,2018-08-25,9999-12-31,1
521,Ville R,2018-08-25,9999-12-31,1
522,Ville G,2018-08-26,9999-12-31,1
523,Ville A,2018-08-27,9999-12-31,1
524,Ville B,2018-08-27,9999-12-31,1
525,Ville Q,2018-08-27,9999-12-31,1
526,Ville P,2018-08-27,9999-12-31,1
527,Ville Q,2018-08-28,9999-12-31,1
528,Ville D,2018-08-29,2023-03-09,0
528,Ville G,2023-03-10,9999-12-31,1
529,Ville G,2018-08-29,9999-12-31,1
530,Ville B,2018-08-30,9999-12-31,1
531,Ville H,2018-08-30,9999-12-31,1
532,Ville A,2018-08-31,9999-12-31,1
533,Ville E,2018-08-31,9999-12-31,1
534,Ville L,2018-09-01,9999-12-31,1
535,Ville A,2018-09-01,9999-12-31,1
536,Ville B,2018-09-03,9999-12-31,1
537,Ville I,2018-09-03,9999-12-31,1
538,Ville E,2018-09-04,2025-01-12,0
538,Ville A,2025-01-13,9999-12-31,1
539,Ville B,2018-09-04,9999-12-31,1
540,Ville E,2018-09-04,9999-12-31,1
541,Ville I,2018-09-04,9999-12-31,1
542,Ville E,2018-09-05,9999-12-31,1
543,Ville C,2018-09-05,9999-12-31,1
544,Ville C,2018-09-05,9999-12-31,1
545,Ville A,2018-09-05,9999-12-31,1
546,Ville G,2018-09-06,9999-12-31,1
547,Ville K,2018-09-06,2025-06-03,0
547,Ville E,2025-06-04,9999-12-31,1
548,Ville C,2018-09-07,9999-12-31,1
549,Ville B,2018-09-07,9999-12-31,1
550,Ville C,2018-09-07,9999-12-31,1
551,Ville D,2018-09-08,9999-12-31,1
552,Ville B,2018-09-08,9999-12-31,1
553,Ville J,2018-09-08,9999-12-31,1
554,Ville P,2018-09-09,9999-12-31,1
555,Ville E,2018-09-09,9999-12-31,1
556,Ville G,2018-09-09,9999-12-31,1
557,Ville P,2018-09-09,9999-12-31,1
558,Ville C,2018-09-10,9999-12-31,1
559,Ville G,2018-09-10,9999-12-31,1
560,Ville I,2018-09-10,9999-12-31,1
561,Ville E,2018-09-11,9999-12-31,1
562,Ville C,2018-09-11,9999-12-31,1
563,Ville A,2018-09-12,9999-12-31,1
564,Ville B,2018-09-12,9999-12-31,1
565,Ville C,2018-09-12,9999-12-31,1
566,Ville F,2018-09-12,9999-12-31,1
567,Ville B,2018-09-13,9999-12-31,1
568,Ville B,2018-09-13,9999-12-31,1
569,Ville D,2018-09-13,9999-12-31,1
570,Ville F,2018-09-14,9999-12-31,1
571,Ville B,2018-09-14,9999-12-31,1
572,Ville G,2018-09-15,9999-12-31,1
573,Ville O,2018-09-15,2023-09-22,0
573,Ville A,2023-09-23,9999-12-31,1
574,Ville C,2018-09-16,9999-12-31,1
575,Ville K,2018-09-16,9999-12-31,1
576,Ville A,2018-09-17,9999-12-31,1
577,Ville A,2018-09-17,2023-05-19,0
577,Ville E,2023-05-20,9999-12-31,1
578,Ville C,2018-09-18,9999-12-31,1
579,Ville Q,2018-09-19,9999-12-31,1
580,Ville A,2018-09-19,9999-12-31,1
581,Ville D,2018-09-19,9999-12-31,1
582,Ville H,2018-09-20,9999-12-31,1
583,Ville F,2018-09-20,9999-12-31,1
584,Ville G,2018-09-21,9999-12-31,1
585,Ville Q,2018-09-21,9999-12-31,1
586,Ville T,2018-09-22,9999-12-31,1
587,Ville D,2018-09-22,9999-12-31,1
588,Ville M,2018-09-22,9999-12-31,1
589,Ville P,2018-09-22,9999-12-31,1
590,Ville C,2018-09-23,9999-12-31,1
591,Ville I,2018-09-23,9999-12-31,1
592,Ville G,2018-09-25,9999-12-31,1
593,Ville A,2018-09-25,9999-12-31,1
594,Ville A,2018-09-25,9999-12-31,1
595,Ville N,2018-09-26,9999-12-31,1
596,Ville B,2018-09-28,9999-12-31,1
597,Ville B,2018-09-28,9999-12-31,1
598,Ville D,2018-09-28,2024-04-08,0
598,Ville F,2024-04-09,9999-12-31,1
599,Ville F,2018-09-28,9999-12-31,1
600,Ville F,2018-09-29,9999-12-31,1
601,Ville A,2018-09-29,9999-12-31,1
602,Ville B,2018-09-29,9999-12-31,1
603,Ville H,2018-09-30,9999-12-31,1
604,Ville E,2018-09-30,9999-12-31,1
605,Ville B,2018-10-01,9999-12-31,1
606,Ville B,2018-10-01,2024-12-13,0
606,Ville G,2024-12-14,9999-12-31,1
607,Ville E,2018-10-01,9999-12-31,1
608,Ville N,2018-10-02,9999-12-31,1
609,Ville K,2018-10-02,9999-12-31,1
610,Ville F,2018-10-02,9999-12-31,1
611,Ville L,2018-10-03,9999-12-31,1
612,Ville K,2018-10-04,9999-12-31,1
613,Ville G,2018-10-05,9999-12-31,1
614,Ville F,2018-10-05,9999-12-31,1
615,Ville Q,2018-10-06,9999-12-31,1
616,Ville B,2018-10-06,9999-12-31,1
617,Ville F,2018-10-08,2025-09-13,0
617,Ville A,2025-09-14,9999-12-31,1
618,Ville A,2018-10-09,9999-12-31,1
619,Ville F,2018-10-09,9999-12-31,1
620,Ville B,2018-10-10,9999-12-31,1
621,Ville B,2018-10-10,9999-12-31,1
622,Ville A,2018-10-10,9999-12-31,1
623,Ville E,2018-10-10,9999-12-31,1
624,Ville J,2018-10-11,9999-12-31,1
625,Ville D,2018-10-11,9999-12-31,1
626,Ville I,2018-10-11,9999-12-31,1
627,Ville A,2018-10-12,9999-12-31,1
628,Ville D,2018-10-12,9999-12-31,1
629,Ville A,2018-10-12,9999-12-31,1
630,Ville C,2018-10-13,9999-12-31,1
631,Ville D,2018-10-13,9999-12-31,1
632,Ville A,2018-10-13,9999-12-31,1
633,Ville A,2018-10-13,9999-12-31,1
634,Ville A,2018-10-13,9999-12-31,1
635,Ville A,2018-10-14,2024-05-10,0
635,Ville I,2024-05-11,9999-12-31,1
636,Ville I,2018-10-14,9999-12-31,1
637,Ville H,2018-10-15,9999-12-31,1
638,Ville N,2018-10-16,9999-12-31,1
639,Ville F,2018-10-16,9999-12-31,1
640,Ville A,2018-10-16,9999-12-31,1
641,Ville F,2018-10-16,9999-12-31,1
642,Ville D,2018-10-17,9999-12-31,1
643,Ville D,2018-10-19,9999-12-31,1
644,Ville I,2018-10-19,9999-12-31,1
645,Ville J,2018-10-19,9999-12-31,1
646,Ville C,2018-10-21,9999-12-31,1
647,Ville K,2018-10-21,9999-12-31,1
648,Ville D,2018-10-22,9999-12-31,1
649,Ville C,2018-10-22,9999-12-31,1
650,Ville A,2018-10-24,2024-09-16,0
650,Ville E,2024-09-17,9999-12-31,1
651,Ville B,2018-10-26,9999-12-31,1
652,Ville C,2018-10-26,9999-12-31,1
653,Ville H,2018-10-26,9999-12-31,1
654,Ville H,2018-10-26,9999-12-31,1
655,Ville A,2018-10-27,9999-12-31,1
656,Ville E,2018-10-27,9999-12-31,1
657,Ville D,2018-10-28,9999-12-31,1
658,Ville F,2018-10-28,9999-12-31,1
659,Ville A,2018-10-28,9999-12-31,1
660,Ville A,2018-10-28,9999-12-31,1
661,Ville D,2018-10-28,9999-12-31,1
662,Ville D,2018-10-29,9999-12-31,1
663,Ville N,2018-10-29,9999-12-31,1
664,Ville H,2018-10-29,2025-05-20,0
664,Ville C,2025-05-21,9999-12-31,1
665,Ville J,2018-10-30,9999-12-31,1
666,Ville B,2018-10-31,9999-12-31,1
667,Ville A,2018-10-31,9999-12-31,1
668,Ville F,2018-10-31,2025-09-29,0
668,Ville G,2025-09-30,9999-12-31,1
669,Ville F,2018-11-01,9999-12-31,1
670,Ville L,2018-11-02,9999-12-31,1
671,Ville B,2018-11-02,9999-12-31,1
672,Ville D,2018-11-03,9999-12-31,1
673,Ville E,2018-11-04,9999-12-31,1
674,Ville F,2018-11-05,9999-12-31,1
675,Ville O,2018-11-06,9999-12-31,1
676,Ville Q,2018-11-07,9999-12-31,1
677,Ville N,2018-11-07,9999-12-31,1
678,Ville G,2018-11-08,9999-12-31,1
679,Ville E,2018-11-08,9999-12-31,1
680,Ville D,2018-11-08,2024-01-30,0
680,Ville B,2024-01-31,9999-12-31,1
681,Ville G,2018-11-09,2023-11-23,0
681,Ville B,2023-11-24,9999-12-31,1
682,Ville K,2018-11-09,9999-12-31,1
683,Ville E,2018-11-10,2023-03-29,0
683,Ville D,2023-03-30,9999-12-31,1
684,Ville L,2018-11-10,9999-12-31,1
685,Ville B,2018-11-10,9999-12-31,1
686,Ville L,2018-11-11,9999-12-31,1
687,Ville F,2018-11-11,9999-12-31,1
688,Ville A,2018-11-13,9999-12-31,1
689,Ville A,2018-11-13,9999-12-31,1
690,Ville F,2018-11-14,9999-12-31,1
691,Ville B,2018-11-14,9999-12-31,1
692,Ville Q,2018-11-15,9999-12-31,1
693,Ville C,2018-11-15,9999-12-31,1
694,Ville I,2018-11-15,9999-12-31,1
695,Ville A,2018-11-16,9999-12-31,1
696,Ville C,2018-11-16,9999-12-31,1
697,Ville F,2018-11-16,9999-12-31,1
698,Ville M,2018-11-16,9999-12-31,1
699,Ville L,2018-11-16,9999-12-31,1
700,Ville B,2018-11-17,9999-12-31,1
701,Ville N,2018-11-17,9999-12-31,1
702,Ville C,2018-11-17,9999-12-31,1
703,Ville I,2018-11-17,9999-12-31,1
704,Ville F,2018-11-18,9999-12-31,1
705,Ville M,2018-11-18,9999-12-31,1
706,Ville Q,2018-11-18,2025-02-09,0
706,Ville A,2025-02-10,9999-12-31,1
707,Ville G,2018-11-19,9999-12-31,1
708,Ville C,2018-11-20,9999-12-31,1
709,Ville N,2018-11-21,9999-12-31,1
710,Ville B,2018-11-21,2025-02-04,0
710,Ville E,2025-02-05,9999-12-31,1
711,Ville I,2018-11-22,9999-12-31,1
712,Ville D,2018-11-22,9999-12-31,1
713,Ville C,2018-11-22,9999-12-31,1
714,Ville P,2018-11-22,9999-12-31,1
715,Ville A,2018-11-23,9999-12-31,1
716,Ville C,2018-11-24,9999-12-31,1
717,Ville A,2018-11-24,9999-12-31,1
718,Ville F,2018-11-24,9999-12-31,1
719,Ville C,2018-11-24,9999-12-31,1
720,Ville D,2018-11-24,9999-12-31,1
721,Ville B,2018-11-25,9999-12-31,1
722,Ville O,2018-11-26,9999-12-31,1
723,Ville A,2018-11-28,9999-12-31,1
724,Ville M,2018-11-28,9999-12-31,1
725,Ville I,2018-11-29,9999-12-31,1
726,Ville I,2018-11-29,9999-12-31,1
727,Ville G,2018-11-29,9999-12-31,1
728,Ville A,2018-11-29,2023-06-23,0
728,Ville J,2023-06-24,9999-12-31,1
729,Ville K,2018-11-30,9999-12-31,1
730,Ville C,2018-11-30,9999-12-31,1
731,Ville K,2018-11-30,9999-12-31,1
732,Ville C,2018-11-30,9999-12-31,1
733,Ville Q,2018-12-01,9999-12-31,1
734,Ville J,2018-12-01,9999-12-31,1
735,Ville B,2018-12-03,9999-12-31,1
736,Ville H,2018-12-03,9999-12-31,1
737,Ville F,2018-12-03,2023-07-13,0
737,Ville K,2023-07-14,9999-12-31,1
738,Ville A,2018-12-04,9999-12-31,1
739,Ville A,2018-12-04,9999-12-31,1
740,Ville E,2018-12-04,2024-05-29,0
740,Ville L,2024-05-30,9999-12-31,1
741,Ville O,2018-12-04,9999-12-31,1
742,Ville E,2018-12-04,9999-12-31,1
743,Ville F,2018-12-05,2024-05-16,0
743,Ville C,2024-05-17,9999-12-31,1
744,Ville K,2018-12-05,9999-12-31,1
745,Ville L,2018-12-06,9999-12-31,1
746,Ville I,2018-12-06,9999-12-31,1
747,Ville F,2018-12-06,9999-12-31,1
748,Ville B,2018-12-07,9999-12-31,1
749,Ville L,2018-12-08,2024-03-17,0
749,Ville G,2024-03-18,9999-12-31,1
750,Ville A,2018-12-08,9999-12-31,1
751,Ville E,2018-12-08,9999-12-31,1
752,Ville H,2018-12-09,9999-12-31,1
753,Ville E,2018-12-09,9999-12-31,1
754,Ville I,2018-12-09,9999-12-31,1
755,Ville B,2018-12-09,9999-12-31,1
756,Ville F,2018-12-09,9999-12-31,1
757,Ville G,2018-12-09,9999-12-31,1
758,Ville J,2018-12-09,9999-12-31,1
759,Ville F,2018-12-10,9999-12-31,1
760,Ville N,2018-12-10,2024-01-18,0
760,Ville A,2024-01-19,9999-12-31,1
761,Ville D,2018-12-12,9999-12-31,1
762,Ville B,2018-12-13,9999-12-31,1
763,Ville C,2018-12-14,9999-12-31,1
764,Ville C,2018-12-14,9999-12-31,1
765,Ville A,2018-12-14,9999-12-31,1
766,Ville T,2018-12-16,9999-12-31,1
767,Ville K,2018-12-16,9999-12-31,1
768,Ville G,2018-12-17,9999-12-31,1
769,Ville G,2018-12-18,9999-12-31,1
770,Ville B,2018-12-18,9999-12-31,1
771,Ville C,2018-12-18,9999-12-31,1
772,Ville E,2018-12-19,9999-12-31,1
773,Ville A,2018-12-20,9999-12-31,1
774,Ville E,2018-12-21,9999-12-31,1
775,Ville D,2018-12-21,9999-12-31,1
776,Ville D,2018-12-22,9999-12-31,1
777,Ville B,2018-12-22,9999-12-31,1
778,Ville Q,2018-12-23,9999-12-31,1
779,Ville I,2018-12-23,9999-12-31,1
780,Ville B,2018-12-23,9999-12-31,1
781,Ville D,2018-12-23,9999-12-31,1
782,Ville L,2018-12-24,9999-12-31,1
783,Ville F,2018-12-25,9999-12-31,1
784,Ville O,2018-12-25,9999-12-31,1
785,Ville L,2018-12-26,9999-12-31,1
786,Ville F,2018-12-28,9999-12-31,1
787,Ville C,2018-12-28,9999-12-31,1
788,Ville B,2018-12-28,9999-12-31,1
789,Ville E,2018-12-28,9999-12-31,1
790,Ville A,2018-12-28,9999-12-31,1
791,Ville J,2018-12-29,2024-06-13,0
791,Ville G,2024-06-14,9999-12-31,1
792,Ville G,2018-12-29,9999-12-31,1
793,Ville B,2018-12-29,9999-12-31,1
794,Ville D,2018-12-29,2023-06-21,0
794,Ville T,2023-06-22,9999-12-31,1
795,Ville Q,2018-12-30,2024-03-03,0
795,Ville A,2024-03-04,9999-12-31,1
796,Ville N,2018-12-30,9999-12-31,1
797,Ville G,2018-12-31,9999-12-31,1
798,Ville G,2018-12-31,9999-12-31,1
799,Ville H,2018-12-31,9999-12-31,1
800,Ville D,2018-12-31,9999-12-31,1
801,Ville A,2019-01-01,9999-12-31,1
802,Ville B,2019-01-02,9999-12-31,1
803,Ville B,2019-01-02,9999-12-31,1
804,Ville D,2019-01-02,9999-12-31,1
805,Ville O,2019-01-03,9999-12-31,1
806,Ville B,2019-01-03,9999-12-31,1
807,Ville A,2019-01-03,9999-12-31,1
808,Ville A,2019-01-03,2024-07-02,0
808,Ville D,2024-07-03,9999-12-31,1
809,Ville E,2019-01-04,9999-12-31,1
810,Ville D,2019-01-04,9999-12-31,1
811,Ville H,2019-01-04,9999-12-31,1
812,Ville A,2019-01-04,9999-12-31,1
813,Ville B,2019-01-04,2023-04-26,0
813,Ville G,2023-04-27,9999-12-31,1
814,Ville O,2019-01-05,9999-12-31,1
815,Ville O,2019-01-05,9999-12-31,1
816,Ville E,2019-01-06,9999-12-31,1
817,Ville L,2019-01-06,9999-12-31,1
818,Ville C,2019-01-07,9999-12-31,1
819,Ville R,2019-01-08,9999-12-31,1
820,Ville D,2019-01-08,9999-12-31,1
821,Ville D,2019-01-08,9999-12-31,1
822,Ville J,2019-01-08,9999-12-31,1
823,Ville E,2019-01-09,9999-12-31,1
824,Ville R,2019-01-09,9999-12-31,1
825,Ville I,2019-01-09,9999-12-31,1
826,Ville B,2019-01-09,9999-12-31,1
827,Ville B,2019-01-10,2024-01-06,0
827,Ville I,2024-01-07,9999-12-31,1
828,Ville I,2019-01-10,9999-12-31,1
829,Ville D,2019-01-11,2023-07-13,0
829,Ville C,2023-07-14,9999-12-31,1
830,Ville D,2019-01-11,9999-12-31,1
831,Ville H,2019-01-11,9999-12-31,1
832,Ville B,2019-01-11,9999-12-31,1
833,Ville P,2019-01-11,9999-12-31,1
834,Ville K,2019-01-11,9999-12-31,1
835,Ville G,2019-01-12,9999-12-31,1
836,Ville I,2019-01-12,9999-12-31,1
837,Ville N,2019-01-13,9999-12-31,1
838,Ville B,2019-01-13,9999-12-31,1
839,Ville B,2019-01-14,2024-08-18,0
839,Ville J,2024-08-19,9999-12-31,1
840,Ville A,2019-01-15,9999-12-31,1
841,Ville C,2019-01-16,9999-12-31,1
842,Ville C,2019-01-16,9999-12-31,1
843,Ville N,2019-01-16,9999-12-31,1
844,Ville K,2019-01-17,9999-12-31,1
845,Ville B,2019-01-17,9999-12-31,1
846,Ville A,2019-01-17,9999-12-31,1
847,Ville C,2019-01-18,9999-12-31,1
848,Ville I,2019-01-19,2024-08-07,0
848,Ville A,2024-08-08,9999-12-31,1
849,Ville H,2019-01-20,9999-12-31,1
850,Ville I,2019-01-20,9999-12-31,1
851,Ville E,2019-01-20,2024-09-19,0
851,Ville D,2024-09-20,9999-12-31,1
852,Ville I,2019-01-21,9999-12-31,1
853,Ville K,2019-01-22,9999-12-31,1
854,Ville E,2019-01-22,9999-12-31,1
855,Ville I,2019-01-23,9999-12-31,1
856,Ville N,2019-01-23,9999-12-31,1
857,Ville O,2019-01-23,9999-12-31,1
858,Ville J,2019-01-24,9999-12-31,1
859,Ville B,2019-01-24,9999-12-31,1
860,Ville E,2019-01-25,9999-12-31,1
861,Ville C,2019-01-25,9999-12-31,1
862,Ville F,2019-01-25,9999-12-31,1
863,Ville B,2019-01-25,9999-12-31,1
864,Ville H,2019-01-25,9999-12-31,1
865,Ville J,2019-01-26,2023-10-30,0
865,Ville E,2023-10-31,9999-12-31,1
866,Ville J,2019-01-27,9999-12-31,1
867,Ville C,2019-01-29,9999-12-31,1
868,Ville H,2019-01-29,9999-12-31,1
869,Ville D,2019-01-30,9999-12-31,1
870,Ville C,2019-01-30,9999-12-31,1
871,Ville L,2019-01-30,9999-12-31,1
872,Ville S,2019-01-31,9999-12-31,1
873,Ville K,2019-01-31,9999-12-31,1
874,Ville D,2019-02-01,2023-03-03,0
874,Ville J,2023-03-04,9999-12-31,1
875,Ville A,2019-02-01,2024-04-06,0
875,Ville C,2024-04-07,9999-12-31,1
876,Ville K,2019-02-01,9999-12-31,1
877,Ville E,2019-02-01,9999-12-31,1
878,Ville B,2019-02-02,9999-12-31,1
879,Ville E,2019-02-03,2024-05-23,0
879,Ville B,2024-05-24,9999-12-31,1
880,Ville J,2019-02-04,9999-12-31,1
881,Ville A,2019-02-04,9999-12-31,1
882,Ville C,2019-02-05,9999-12-31,1
883,Ville D,2019-02-05,9999-12-31,1
884,Ville D,2019-02-05,9999-12-31,1
885,Ville J,2019-02-05,9999-12-31,1
886,Ville C,2019-02-05,9999-12-31,1
887,Ville B,2019-02-06,9999-12-31,1
888,Ville A,2019-02-06,9999-12-31,1
889,Ville E,2019-02-07,9999-12-31,1
890,Ville B,2019-02-07,9999-12-31,1
891,Ville J,2019-02-07,9999-12-31,1
892,Ville O,2019-02-08,2023-05-30,0
892,Ville A,2023-05-31,9999-12-31,1
893,Ville A,2019-02-08,9999-12-31,1
894,Ville B,2019-02-10,9999-12-31,1
895,Ville E,2019-02-11,9999-12-31,1
896,Ville M,2019-02-12,9999-12-31,1
897,Ville A,2019-02-13,9999-12-31,1
898,Ville A,2019-02-14,9999-12-31,1
899,Ville C,2019-02-14,2025-09-08,0
899,Ville G,2025-09-09,9999-12-31,1
900,Ville J,2019-02-15,9999-12-31,1
901,Ville I,2019-02-15,9999-12-31,1
902,Ville I,2019-02-16,9999-12-31,1
903,Ville D,2019-02-17,9999-12-31,1
904,Ville F,2019-02-17,9999-12-31,1
905,Ville Q,2019-02-17,9999-12-31,1
906,Ville B,2019-02-18,9999-12-31,1
907,Ville E,2019-02-18,9999-12-31,1
908,Ville H,2019-02-18,9999-12-31,1
909,Ville E,2019-02-19,9999-12-31,1
910,Ville B,2019-02-19,9999-12-31,1
911,Ville H,2019-02-20,9999-12-31,1
912,Ville E,2019-02-20,9999-12-31,1
913,Ville I,2019-02-21,9999-12-31,1
914,Ville H,2019-02-21,9999-12-31,1
915,Ville H,2019-02-21,9999-12-31,1
916,Ville O,2019-02-21,9999-12-31,1
917,Ville E,2019-02-21,9999-12-31,1
918,Ville M,2019-02-22,9999-12-31,1
919,Ville B,2019-02-22,9999-12-31,1
920,Ville G,2019-02-22,2024-01-06,0
920,Ville J,2024-01-07,9999-12-31,1
921,Ville B,2019-02-23,9999-12-31,1
922,Ville C,2019-02-23,9999-12-31,1
923,Ville D,2019-02-23,9999-12-31,1
924,Ville A,2019-02-24,9999-12-31,1
925,Ville T,2019-02-24,9999-12-31,1
926,Ville H,2019-02-25,9999-12-31,1
927,Ville E,2019-02-25,9999-12-31,1
928,Ville C,2019-02-26,9999-12-31,1
929,Ville H,2019-02-26,9999-12-31,1
930,Ville A,2019-02-26,9999-12-31,1
931,Ville A,2019-02-27,9999-12-31,1
932,Ville A,2019-02-27,9999-12-31,1
933,Ville B,2019-02-28,9999-12-31,1
934,Ville L,2019-02-28,9999-12-31,1
935,Ville E,2019-03-02,2023-09-02,0
935,Ville A,2023-09-03,9999-12-31,1
936,Ville E,2019-03-02,9999-12-31,1
937,Ville C,2019-03-02,9999-12-31,1
938,Ville H,2019-03-02,9999-12-31,1
939,Ville D,2019-03-03,9999-12-31,1
940,Ville B,2019-03-03,9999-12-31,1
941,Ville H,2019-03-04,9999-12-31,1
942,Ville C,2019-03-06,2024-05-20,0
942,Ville A,2024-05-21,9999-12-31,1
943,Ville N,2019-03-06,9999-12-31,1
944,Ville E,2019-03-06,9999-12-31,1
945,Ville G,2019-03-06,2024-01-09,0
945,Ville A,2024-01-10,9999-12-31,1
946,Ville A,2019-03-06,9999-12-31,1
947,Ville C,2019-03-08,9999-12-31,1
948,Ville D,2019-03-09,9999-12-31,1
949,Ville I,2019-03-09,9999-12-31,1
950,Ville I,2019-03-09,9999-12-31,1
951,Ville B,2019-03-10,9999-12-31,1
952,Ville C,2019-03-10,9999-12-31,1
953,Ville K,2019-03-11,9999-12-31,1
954,Ville B,2019-03-11,9999-12-31,1
955,Ville F,2019-03-12,9999-12-31,1
956,Ville C,2019-03-12,9999-12-31,1
957,Ville C,2019-03-12,9999-12-31,1
958,Ville F,2019-03-12,9999-12-31,1
959,Ville E,2019-03-13,9999-12-31,1
960,Ville A,2019-03-13,9999-12-31,1
961,Ville J,2019-03-13,9999-12-31,1
962,Ville G,2019-03-13,2023-09-20,0
962,Ville A,2023-09-21,9999-12-31,1
963,Ville H,2019-03-14,9999-12-31,1
964,Ville B,2019-03-14,9999-12-31,1
965,Ville M,2019-03-15,9999-12-31,1
966,Ville G,2019-03-15,9999-12-31,1
967,Ville J,2019-03-15,2025-02-12,0
967,Ville C,2025-02-13,9999-12-31,1
968,Ville C,2019-03-15,9999-12-31,1
969,Ville F,2019-03-16,9999-12-31,1
970,Ville A,2019-03-16,9999-12-31,1
971,Ville B,2019-03-17,9999-12-31,1
972,Ville H,2019-03-18,9999-12-31,1
973,Ville A,2019-03-18,9999-12-31,1
974,Ville D,2019-03-19,9999-12-31,1
975,Ville B,2019-03-20,9999-12-31,1
976,Ville F,2019-03-20,2024-04-02,0
976,Ville A,2024-04-03,9999-12-31,1
977,Ville G,2019-03-20,9999-12-31,1
978,Ville F,2019-03-20,9999-12-31,1
979,Ville K,2019-03-20,9999-12-31,1
980,Ville C,2019-03-21,9999-12-31,1
981,Ville G,2019-03-21,9999-12-31,1
982,Ville J,2019-03-21,9999-12-31,1
983,Ville E,2019-03-23,2024-09-01,0
983,Ville A,2024-09-02,9999-12-31,1
984,Ville E,2019-03-23,9999-12-31,1
985,Ville A,2019-03-25,9999-12-31,1
986,Ville B,2019-03-25,9999-12-31,1
987,Ville J,2019-03-27,9999-12-31,1
988,Ville A,2019-03-27,9999-12-31,1
989,Ville I,2019-03-28,9999-12-31,1
990,Ville A,2019-03-30,9999-12-31,1
991,Ville D,2019-03-30,9999-12-31,1
992,Ville N,2019-03-31,9999-12-31,1
993,Ville E,2019-04-01,9999-12-31,1
994,Ville A,2019-04-01,9999-12-31,1
995,Ville J,2019-04-02,9999-12-31,1
996,Ville B,2019-04-02,9999-12-31,1
997,Ville B,2019-04-03,9999-12-31,1
998,Ville A,2019-04-03,9999-12-31,1
999,Ville I,2019-04-04,9999-12-31,1
1000,Ville E,2019-04-04,9999-12-31,1
1001,Ville I,2019-04-04,9999-12-31,1
1002,Ville P,2019-04-05,9999-12-31,1
1003,Ville G,2019-04-05,9999-12-31,1
1004,Ville A,2019-04-06,9999-12-31,1
1005,Ville B,2019-04-06,9999-12-31,1
1006,Ville H,2019-04-06,9999-12-31,1
1007,Ville B,2019-04-06,9999-12-31,1
1008,Ville D,2019-04-06,9999-12-31,1
1009,Ville B,2019-04-07,9999-12-31,1
1010,Ville D,2019-04-08,9999-12-31,1
1011,Ville A,2019-04-08,9999-12-31,1
1012,Ville A,2019-04-08,9999-12-31,1
1013,Ville C,2019-04-09,9999-12-31,1
1014,Ville A,2019-04-10,2024-03-13,0
1014,Ville E,2024-03-14,9999-12-31,1
1015,Ville D,2019-04-10,9999-12-31,1
1016,Ville C,2019-04-10,9999-12-31,1
1017,Ville D,2019-04-11,9999-12-31,1
1018,Ville B,2019-04-12,9999-12-31,1
1019,Ville G,2019-04-12,9999-12-31,1
1020,Ville G,2019-04-13,9999-12-31,1
1021,Ville D,2019-04-13,9999-12-31,1
1022,Ville C,2019-04-13,9999-12-31,1
1023,Ville B,2019-04-13,9999-12-31,1
1024,Ville H,2019-04-14,9999-12-31,1
1025,Ville K,2019-04-15,9999-12-31,1
1026,Ville I,2019-04-15,9999-12-31,1
1027,Ville C,2019-04-16,9999-12-31,1
1028,Ville N,2019-04-16,9999-12-31,1
1029,Ville C,2019-04-18,9999-12-31,1
1030,Ville O,2019-04-18,9999-12-31,1
1031,Ville H,2019-04-19,2025-08-14,0
1031,Ville D,2025-08-15,9999-12-31,1
1032,Ville F,2019-04-20,9999-12-31,1
1033,Ville C,2019-04-21,9999-12-31,1
1034,Ville A,2019-04-21,9999-12-31,1
1035,Ville I,2019-04-22,9999-12-31,1
1036,Ville K,2019-04-22,9999-12-31,1
1037,Ville A,2019-04-22,9999-12-31,1
1038,Ville O,2019-04-23,9999-12-31,1
1039,Ville C,2019-04-24,9999-12-31,1
1040,Ville B,2019-04-25,9999-12-31,1
1041,Ville B,2019-04-25,9999-12-31,1
1042,Ville H,2019-04-27,9999-12-31,1
1043,Ville A,2019-04-27,9999-12-31,1
1044,Ville B,2019-04-27,9999-12-31,1
1045,Ville H,2019-04-28,9999-12-31,1
1046,Ville H,2019-04-28,9999-12-31,1
1047,Ville M,2019-04-28,9999-12-31,1
1048,Ville G,2019-04-29,9999-12-31,1
1049,Ville A,2019-04-29,9999-12-31,1
1050,Ville E,2019-04-29,2025-07-03,0
1050,Ville C,2025-07-04,9999-12-31,1
1051,Ville N,2019-04-30,9999-12-31,1
1052,Ville A,2019-05-01,9999-12-31,1
1053,Ville Q,2019-05-02,9999-12-31,1
1054,Ville H,2019-05-04,9999-12-31,1
1055,Ville Q,2019-05-04,9999-12-31,1
1056,Ville A,2019-05-05,2024-01-25,0
1056,Ville F,2024-01-26,9999-12-31,1
1057,Ville D,2019-05-05,9999-12-31,1
1058,Ville D,2019-05-06,9999-12-31,1
1059,Ville E,2019-05-08,9999-12-31,1
1060,Ville G,2019-05-09,9999-12-31,1
1061,Ville C,2019-05-09,9999-12-31,1
1062,Ville A,2019-05-10,2023-03-31,0
1062,Ville F,2023-04-01,9999-12-31,1
1063,Ville M,2019-05-10,9999-12-31,1
1064,Ville A,2019-05-11,9999-12-31,1
1065,Ville D,2019-05-11,9999-12-31,1
1066,Ville I,2019-05-13,9999-12-31,1
1067,Ville N,2019-05-14,9999-12-31,1
1068,Ville D,2019-05-14,2025-07-07,0
1068,Ville C,2025-07-08,9999-12-31,1
1069,Ville M,2019-05-14,9999-12-31,1
1070,Ville J,2019-05-15,9999-12-31,1
1071,Ville S,2019-05-16,9999-12-31,1
1072,Ville C,2019-05-16,2024-05-17,0
1072,Ville B,2024-05-18,9999-12-31,1
1073,Ville E,2019-05-16,9999-12-31,1
1074,Ville A,2019-05-16,9999-12-31,1
1075,Ville D,2019-05-17,2023-09-28,0
1075,Ville B,2023-09-29,9999-12-31,1
1076,Ville H,2019-05-18,9999-12-31,1
1077,Ville H,2019-05-19,9999-12-31,1
1078,Ville H,2019-05-19,9999-12-31,1
1079,Ville A,2019-05-19,9999-12-31,1
1080,Ville I,2019-05-19,9999-12-31,1
1081,Ville B,2019-05-20,9999-12-31,1
1082,Ville D,2019-05-20,9999-12-31,1
1083,Ville A,2019-05-21,9999-12-31,1
1084,Ville B,2019-05-21,9999-12-31,1
1085,Ville R,2019-05-22,9999-12-31,1
1086,Ville K,2019-05-22,9999-12-31,1
1087,Ville A,2019-05-23,2024-07-24,0
1087,Ville B,2024-07-25,9999-12-31,1
1088,Ville Q,2019-05-23,9999-12-31,1
1089,Ville E,2019-05-24,9999-12-31,1
1090,Ville M,2019-05-24,9999-12-31,1
1091,Ville J,2019-05-24,9999-12-31,1
1092,Ville G,2019-05-24,9999-12-31,1
1093,Ville J,2019-05-24,9999-12-31,1
1094,Ville J,2019-05-25,9999-12-31,1
1095,Ville C,2019-05-25,9999-12-31,1
1096,Ville H,2019-05-25,9999-12-31,1
1097,Ville A,2019-05-26,2025-05-18,0
1097,Ville E,2025-05-19,9999-12-31,1
1098,Ville I,2019-05-26,9999-12-31,1
1099,Ville A,2019-05-27,9999-12-31,1
1100,Ville B,2019-05-28,2023-05-16,0
1100,Ville A,2023-05-17,9999-12-31,1
1101,Ville E,2019-05-29,9999-12-31,1
1102,Ville F,2019-05-29,2024-03-16,0
1102,Ville B,2024-03-17,9999-12-31,1
1103,Ville B,2019-05-31,9999-12-31,1
1104,Ville A,2019-05-31,9999-12-31,1
1105,Ville H,2019-06-01,9999-12-31,1
1106,Ville K,2019-06-01,9999-12-31,1
1107,Ville F,2019-06-01,9999-12-31,1
1108,Ville F,2019-06-02,9999-12-31,1
1109,Ville D,2019-06-02,9999-12-31,1
1110,Ville F,2019-06-03,9999-12-31,1
1111,Ville L,2019-06-03,9999-12-31,1
1112,Ville F,2019-06-03,9999-12-31,1
1113,Ville M,2019-06-03,2024-12-26,0
1113,Ville A,2024-12-27,9999-12-31,1
1114,Ville A,2019-06-04,9999-12-31,1
1115,Ville C,2019-06-04,2023-06-24,0
1115,Ville E,2023-06-25,9999-12-31,1
1116,Ville C,2019-06-04,9999-12-31,1
1117,Ville Q,2019-06-04,9999-12-31,1
1118,Ville G,2019-06-06,9999-12-31,1
1119,Ville I,2019-06-07,9999-12-31,1
1120,Ville E,2019-06-07,9999-12-31,1
1121,Ville M,2019-06-08,2023-12-22,0
1121,Ville I,2023-12-23,9999-12-31,1
1122,Ville M,2019-06-08,9999-12-31,1
1123,Ville J,2019-06-08,9999-12-31,1
1124,Ville D,2019-06-08,9999-12-31,1
1125,Ville C,2019-06-09,9999-12-31,1
1126,Ville N,2019-06-09,9999-12-31,1
1127,Ville F,2019-06-11,9999-12-31,1
1128,Ville B,2019-06-12,9999-12-31,1
1129,Ville B,2019-06-14,9999-12-31,1
1130,Ville D,2019-06-15,9999-12-31,1
1131,Ville J,2019-06-15,2025-07-04,0
1131,Ville R,2025-07-05,9999-12-31,1
1132,Ville D,2019-06-16,9999-12-31,1
1133,Ville A,2019-06-16,9999-12-31,1
1134,Ville A,2019-06-16,9999-12-31,1
1135,Ville B,2019-06-16,9999-12-31,1
1136,Ville C,2019-06-17,9999-12-31,1
1137,Ville Q,2019-06-17,9999-12-31,1
1138,Ville F,2019-06-18,9999-12-31,1
1139,Ville B,2019-06-20,2025-07-24,0
1139,Ville E,2025-07-25,9999-12-31,1
1140,Ville D,2019-06-20,9999-12-31,1
1141,Ville D,2019-06-20,9999-12-31,1
1142,Ville A,2019-06-20,9999-12-31,1
1143,Ville A,2019-06-21,9999-12-31,1
1144,Ville C,2019-06-21,9999-12-31,1
1145,Ville G,2019-06-21,9999-12-31,1
1146,Ville H,2019-06-21,9999-12-31,1
1147,Ville J,2019-06-21,9999-12-31,1
1148,Ville O,2019-06-22,9999-12-31,1
1149,Ville B,2019-06-22,9999-12-31,1
1150,Ville C,2019-06-23,9999-12-31,1
1151,Ville G,2019-06-23,9999-12-31,1
1152,Ville A,2019-06-24,9999-12-31,1
1153,Ville C,2019-06-25,9999-12-31,1
1154,Ville F,2019-06-25,9999-12-31,1
1155,Ville A,2019-06-25,9999-12-31,1
1156,Ville B,2019-06-25,9999-12-31,1
1157,Ville B,2019-06-26,9999-12-31,1
1158,Ville I,2019-06-27,9999-12-31,1
1159,Ville B,2019-06-27,9999-12-31,1
1160,Ville B,2019-06-27,2025-03-01,0
1160,Ville A,2025-03-02,9999-12-31,1
1161,Ville A,2019-06-28,9999-12-31,1
1162,Ville A,2019-06-29,9999-12-31,1
1163,Ville A,2019-06-30,9999-12-31,1
1164,Ville I,2019-06-30,9999-12-31,1
1165,Ville F,2019-07-01,9999-12-31,1
1166,Ville J,2019-07-03,9999-12-31,1
1167,Ville A,2019-07-03,9999-12-31,1
1168,Ville E,2019-07-04,9999-12-31,1
1169,Ville C,2019-07-04,9999-12-31,1
1170,Ville A,2019-07-04,9999-12-31,1
1171,Ville N,2019-07-04,2023-11-22,0
1171,Ville B,2023-11-23,9999-12-31,1
1172,Ville F,2019-07-04,9999-12-31,1
1173,Ville K,2019-07-04,9999-12-31,1
1174,Ville E,2019-07-05,9999-12-31,1
1175,Ville H,2019-07-05,9999-12-31,1
1176,Ville I,2019-07-05,9999-12-31,1
1177,Ville O,2019-07-05,9999-12-31,1
1178,Ville I,2019-07-06,9999-12-31,1
1179,Ville D,2019-07-06,9999-12-31,1
1180,Ville L,2019-07-06,9999-12-31,1
1181,Ville B,2019-07-06,9999-12-31,1
1182,Ville E,2019-07-07,9999-12-31,1
1183,Ville D,2019-07-07,2023-04-27,0
1183,Ville E,2023-04-28,9999-12-31,1
1184,Ville E,2019-07-07,9999-12-31,1
1185,Ville B,2019-07-08,2023-07-12,0
1185,Ville A,2023-07-13,9999-12-31,1
1186,Ville F,2019-07-08,2023-09-16,0
1186,Ville H,2023-09-17,9999-12-31,1
1187,Ville H,2019-07-09,9999-12-31,1
1188,Ville C,2019-07-10,9999-12-31,1
1189,Ville G,2019-07-10,9999-12-31,1
1190,Ville F,2019-07-10,9999-12-31,1
1191,Ville O,2019-07-11,9999-12-31,1
1192,Ville C,2019-07-11,9999-12-31,1
1193,Ville A,2019-07-11,9999-12-31,1
1194,Ville Q,2019-07-12,9999-12-31,1
1195,Ville A,2019-07-13,9999-12-31,1
1196,Ville J,2019-07-14,9999-12-31,1
1197,Ville B,2019-07-15,9999-12-31,1
1198,Ville H,2019-07-15,9999-12-31,1
1199,Ville B,2019-07-15,9999-12-31,1
1200,Ville F,2019-07-16,9999-12-31,1
1201,Ville D,2019-07-16,9999-12-31,1
1202,Ville E,2019-07-16,9999-12-31,1
1203,Ville I,2019-07-16,9999-12-31,1
1204,Ville R,2019-07-16,9999-12-31,1
1205,Ville F,2019-07-17,9999-12-31,1
1206,Ville H,2019-07-17,9999-12-31,1
1207,Ville N,2019-07-17,9999-12-31,1
1208,Ville F,2019-07-18,9999-12-31,1
1209,Ville R,2019-07-18,9999-12-31,1
1210,Ville B,2019-07-18,9999-12-31,1
1211,Ville B,2019-07-18,9999-12-31,1
1212,Ville D,2019-07-18,9999-12-31,1
1213,Ville C,2019-07-19,2023-05-17,0
1213,Ville E,2023-05-18,9999-12-31,1
1214,Ville A,2019-07-19,9999-12-31,1
1215,Ville G,2019-07-19,9999-12-31,1
1216,Ville G,2019-07-20,9999-12-31,1
1217,Ville E,2019-07-20,9999-12-31,1
1218,Ville C,2019-07-21,2025-07-01,0
1218,Ville K,2025-07-02,9999-12-31,1
1219,Ville H,2019-07-21,9999-12-31,1
1220,Ville N,2019-07-21,9999-12-31,1
1221,Ville B,2019-07-22,9999-12-31,1
1222,Ville H,2019-07-22,9999-12-31,1
1223,Ville A,2019-07-23,9999-12-31,1
1224,Ville H,2019-07-23,9999-12-31,1
1225,Ville A,2019-07-25,9999-12-31,1
1226,Ville F,2019-07-26,9999-12-31,1
1227,Ville B,2019-07-26,9999-12-31,1
1228,Ville E,2019-07-26,9999-12-31,1
1229,Ville C,2019-07-26,2024-01-30,0
1229,Ville Q,2024-01-31,9999-12-31,1
1230,Ville C,2019-07-26,9999-12-31,1
1231,Ville J,2019-07-27,9999-12-31,1
1232,Ville F,2019-07-27,9999-12-31,1
1233,Ville A,2019-07-27,9999-12-31,1
1234,Ville F,2019-07-27,9999-12-31,1
1235,Ville C,2019-07-27,9999-12-31,1
1236,Ville B,2019-07-28,9999-12-31,1
1237,Ville A,2019-07-28,9999-12-31,1
1238,Ville F,2019-07-28,9999-12-31,1
1239,Ville G,2019-07-28,9999-12-31,1
1240,Ville Q,2019-07-29,2024-08-30,0
1240,Ville O,2024-08-31,9999-12-31,1
1241,Ville A,2019-07-31,9999-12-31,1
1242,Ville F,2019-08-01,9999-12-31,1
1243,Ville S,2019-08-01,9999-12-31,1
1244,Ville H,2019-08-03,2023-11-26,0
1244,Ville C,2023-11-27,9999-12-31,1
1245,Ville A,2019-08-03,2024-05-04,0
1245,Ville E,2024-05-05,9999-12-31,1
1246,Ville P,2019-08-03,9999-12-31,1
1247,Ville L,2019-08-04,9999-12-31,1
1248,Ville E,2019-08-04,9999-12-31,1
1249,Ville C,2019-08-04,9999-12-31,1
1250,Ville L,2019-08-04,9999-12-31,1
1251,Ville K,2019-08-04,2023-12-20,0
1251,Ville G,2023-12-21,9999-12-31,1
1252,Ville G,2019-08-05,9999-12-31,1
1253,Ville T,2019-08-05,9999-12-31,1
1254,Ville L,2019-08-05,9999-12-31,1
1255,Ville C,2019-08-05,9999-12-31,1
1256,Ville I,2019-08-06,9999-12-31,1
1257,Ville M,2019-08-06,9999-12-31,1
1258,Ville D,2019-08-06,9999-12-31,1
1259,Ville A,2019-08-06,9999-12-31,1
1260,Ville B,2019-08-08,9999-12-31,1
1261,Ville D,2019-08-09,9999-12-31,1
1262,Ville C,2019-08-09,9999-12-31,1
1263,Ville J,2019-08-11,9999-12-31,1
1264,Ville H,2019-08-11,9999-12-31,1
1265,Ville G,2019-08-11,9999-12-31,1
1266,Ville A,2019-08-11,9999-12-31,1
1267,Ville F,2019-08-12,9999-12-31,1
1268,Ville A,2019-08-12,9999-12-31,1
1269,Ville E,2019-08-12,9999-12-31,1
1270,Ville E,2019-08-12,9999-12-31,1
1271,Ville D,2019-08-13,2024-05-31,0
1271,Ville A,2024-06-01,9999-12-31,1
1272,Ville C,2019-08-13,9999-12-31,1
1273,Ville B,2019-08-14,9999-12-31,1
1274,Ville C,2019-08-15,9999-12-31,1
1275,Ville E,2019-08-16,9999-12-31,1
1276,Ville B,2019-08-16,9999-12-31,1
1277,Ville G,2019-08-16,9999-12-31,1
1278,Ville L,2019-08-17,9999-12-31,1
1279,Ville A,2019-08-18,9999-12-31,1
1280,Ville G,2019-08-18,9999-12-31,1
1281,Ville E,2019-08-20,9999-12-31,1
1282,Ville A,2019-08-20,9999-12-31,1
1283,Ville J,2019-08-21,9999-12-31,1
1284,Ville A,2019-08-21,9999-12-31,1
1285,Ville D,2019-08-21,9999-12-31,1
1286,Ville B,2019-08-22,9999-12-31,1
1287,Ville C,2019-08-23,9999-12-31,1
1288,Ville H,2019-08-23,9999-12-31,1
1289,Ville B,2019-08-24,9999-12-31,1
1290,Ville B,2019-08-25,9999-12-31,1
1291,Ville G,2019-08-25,9999-12-31,1
1292,Ville G,2019-08-25,9999-12-31,1
1293,Ville C,2019-08-26,2025-04-18,0
1293,Ville A,2025-04-19,9999-12-31,1
1294,Ville A,2019-08-26,9999-12-31,1
1295,Ville J,2019-08-26,9999-12-31,1
1296,Ville M,2019-08-27,9999-12-31,1
1297,Ville D,2019-08-28,9999-12-31,1
1298,Ville C,2019-08-28,9999-12-31,1
1299,Ville A,2019-08-28,2024-03-13,0
1299,Ville D,2024-03-14,9999-12-31,1
1300,Ville L,2019-08-28,9999-12-31,1
1301,Ville M,2019-08-28,9999-12-31,1
1302,Ville E,2019-08-30,9999-12-31,1
1303,Ville E,2019-08-30,9999-12-31,1
1304,Ville A,2019-08-30,9999-12-31,1
1305,Ville I,2019-08-30,9999-12-31,1
1306,Ville C,2019-08-31,9999-12-31,1
1307,Ville A,2019-08-31,9999-12-31,1
1308,Ville E,2019-08-31,9999-12-31,1
1309,Ville E,2019-08-31,9999-12-31,1
1310,Ville B,2019-09-01,9999-12-31,1
1311,Ville F,2019-09-01,9999-12-31,1
1312,Ville C,2019-09-02,9999-12-31,1
1313,Ville F,2019-09-02,2023-08-02,0
1313,Ville T,2023-08-03,9999-12-31,1
1314,Ville D,2019-09-02,9999-12-31,1
1315,Ville A,2019-09-03,9999-12-31,1
1316,Ville R,2019-09-04,9999-12-31,1
1317,Ville G,2019-09-05,9999-12-31,1
1318,Ville B,2019-09-05,9999-12-31,1
1319,Ville I,2019-09-05,9999-12-31,1
1320,Ville G,2019-09-05,9999-12-31,1
1321,Ville B,2019-09-05,9999-12-31,1
1322,Ville F,2019-09-06,9999-12-31,1
1323,Ville B,2019-09-06,9999-12-31,1
1324,Ville Q,2019-09-07,9999-12-31,1
1325,Ville L,2019-09-07,9999-12-31,1
1326,Ville H,2019-09-07,9999-12-31,1
1327,Ville B,2019-09-07,9999-12-31,1
1328,Ville E,2019-09-07,9999-12-31,1
1329,Ville F,2019-09-08,9999-12-31,1
1330,Ville B,2019-09-09,9999-12-31,1
1331,Ville B,2019-09-09,9999-12-31,1
1332,Ville P,2019-09-09,9999-12-31,1
1333,Ville K,2019-09-10,9999-12-31,1
1334,Ville H,2019-09-11,9999-12-31,1
1335,Ville A,2019-09-11,9999-12-31,1
1336,Ville F,2019-09-11,9999-12-31,1
1337,Ville I,2019-09-12,9999-12-31,1
1338,Ville D,2019-09-12,9999-12-31,1
1339,Ville Q,2019-09-12,9999-12-31,1
1340,Ville H,2019-09-13,9999-12-31,1
1341,Ville P,2019-09-13,9999-12-31,1
1342,Ville C,2019-09-14,9999-12-31,1
1343,Ville E,2019-09-14,9999-12-31,1
1344,Ville A,2019-09-14,9999-12-31,1
1345,Ville C,2019-09-14,9999-12-31,1
1346,Ville M,2019-09-15,9999-12-31,1
1347,Ville O,2019-09-15,2023-06-16,0
1347,Ville D,2023-06-17,9999-12-31,1
1348,Ville O,2019-09-15,9999-12-31,1
1349,Ville P,2019-09-16,9999-12-31,1
1350,Ville B,2019-09-17,2025-02-18,0
1350,Ville C,2025-02-19,9999-12-31,1
1351,Ville H,2019-09-17,9999-12-31,1
1352,Ville C,2019-09-18,9999-12-31,1
1353,Ville C,2019-09-18,9999-12-31,1
1354,Ville E,2019-09-21,9999-12-31,1
1355,Ville N,2019-09-21,9999-12-31,1
1356,Ville A,2019-09-22,9999-12-31,1
1357,Ville B,2019-09-22,9999-12-31,1
1358,Ville C,2019-09-22,9999-12-31,1
1359,Ville D,2019-09-23,9999-12-31,1
1360,Ville J,2019-09-23,9999-12-31,1
1361,Ville O,2019-09-24,9999-12-31,1
1362,Ville A,2019-09-25,9999-12-31,1
1363,Ville M,2019-09-26,9999-12-31,1
1364,Ville T,2019-09-26,9999-12-31,1
1365,Ville I,2019-09-26,9999-12-31,1
1366,Ville A,2019-09-27,9999-12-31,1
1367,Ville B,2019-09-27,9999-12-31,1
1368,Ville D,2019-09-27,9999-12-31,1
1369,Ville B,2019-09-28,2025-07-31,0
1369,Ville P,2025-08-01,9999-12-31,1
1370,Ville K,2019-09-28,9999-12-31,1
1371,Ville G,2019-09-28,9999-12-31,1
1372,Ville H,2019-09-29,2024-08-23,0
1372,Ville N,2024-08-24,9999-12-31,1
1373,Ville B,2019-09-29,9999-12-31,1
1374,Ville D,2019-09-29,9999-12-31,1
1375,Ville P,2019-09-30,9999-12-31,1
1376,Ville B,2019-10-01,9999-12-31,1
1377,Ville H,2019-10-01,9999-12-31,1
1378,Ville F,2019-10-01,9999-12-31,1
1379,Ville E,2019-10-02,9999-12-31,1
1380,Ville F,2019-10-02,9999-12-31,1
1381,Ville F,2019-10-03,9999-12-31,1
1382,Ville A,2019-10-04,9999-12-31,1
1383,Ville B,2019-10-05,9999-12-31,1
1384,Ville F,2019-10-05,9999-12-31,1
1385,Ville B,2019-10-05,2025-01-31,0
1385,Ville D,2025-02-01,9999-12-31,1
1386,Ville A,2019-10-05,9999-12-31,1
1387,Ville A,2019-10-06,9999-12-31,1
1388,Ville O,2019-10-07,9999-12-31,1
1389,Ville J,2019-10-07,9999-12-31,1
1390,Ville I,2019-10-07,9999-12-31,1
1391,Ville G,2019-10-07,9999-12-31,1
1392,Ville I,2019-10-08,9999-12-31,1
1393,Ville C,2019-10-08,9999-12-31,1
1394,Ville A,2019-10-08,9999-12-31,1
1395,Ville D,2019-10-09,9999-12-31,1
1396,Ville A,2019-10-09,9999-12-31,1
1397,Ville C,2019-10-09,9999-12-31,1
1398,Ville F,2019-10-10,9999-12-31,1
1399,Ville B,2019-10-10,9999-12-31,1
1400,Ville F,2019-10-10,9999-12-31,1
1401,Ville N,2019-10-10,9999-12-31,1
1402,Ville B,2019-10-11,9999-12-31,1
1403,Ville F,2019-10-11,9999-12-31,1
1404,Ville C,2019-10-12,9999-12-31,1
1405,Ville E,2019-10-12,9999-12-31,1
1406,Ville F,2019-10-13,9999-12-31,1
1407,Ville G,2019-10-14,9999-12-31,1
1408,Ville O,2019-10-14,9999-12-31,1
1409,Ville J,2019-10-15,9999-12-31,1
1410,Ville E,2019-10-16,9999-12-31,1
1411,Ville H,2019-10-16,2024-05-09,0
1411,Ville A,2024-05-10,9999-12-31,1
1412,Ville F,2019-10-16,2024-04-26,0
1412,Ville B,2024-04-27,9999-12-31,1
1413,Ville E,2019-10-16,9999-12-31,1
1414,Ville E,2019-10-17,9999-12-31,1
1415,Ville B,2019-10-17,9999-12-31,1
1416,Ville B,2019-10-18,9999-12-31,1
1417,Ville E,2019-10-19,9999-12-31,1
1418,Ville O,2019-10-19,9999-12-31,1
1419,Ville M,2019-10-19,9999-12-31,1
1420,Ville M,2019-10-19,9999-12-31,1
1421,Ville C,2019-10-19,9999-12-31,1
1422,Ville J,2019-10-20,9999-12-31,1
1423,Ville B,2019-10-20,9999-12-31,1
1424,Ville B,2019-10-21,9999-12-31,1
1425,Ville E,2019-10-22,9999-12-31,1
1426,Ville A,2019-10-22,9999-12-31,1
1427,Ville B,2019-10-23,9999-12-31,1
1428,Ville B,2019-10-23,9999-12-31,1
1429,Ville J,2019-10-23,9999-12-31,1
1430,Ville A,2019-10-23,9999-12-31,1
1431,Ville C,2019-10-24,2025-08-31,0
1431,Ville F,2025-09-01,9999-12-31,1
1432,Ville I,2019-10-24,9999-12-31,1
1433,Ville O,2019-10-24,9999-12-31,1
1434,Ville J,2019-10-26,9999-12-31,1
1435,Ville O,2019-10-26,2023-11-27,0
1435,Ville D,2023-11-28,9999-12-31,1
1436,Ville C,2019-10-27,9999-12-31,1
1437,Ville G,2019-10-27,9999-12-31,1
1438,Ville B,2019-10-27,9999-12-31,1
1439,Ville B,2019-10-28,9999-12-31,1
1440,Ville S,2019-10-28,2023-11-29,0
1440,Ville A,2023-11-30,9999-12-31,1
1441,Ville G,2019-10-29,9999-12-31,1
1442,Ville I,2019-10-30,9999-12-31,1
1443,Ville E,2019-10-30,9999-12-31,1
1444,Ville B,2019-10-30,2025-03-21,0
1444,Ville P,2025-03-22,9999-12-31,1
1445,Ville T,2019-10-30,9999-12-31,1
1446,Ville B,2019-10-31,9999-12-31,1
1447,Ville O,2019-10-31,9999-12-31,1
1448,Ville C,2019-10-31,9999-12-31,1
1449,Ville G,2019-11-01,9999-12-31,1
1450,Ville J,2019-11-01,9999-12-31,1
1451,Ville F,2019-11-01,9999-12-31,1
1452,Ville F,2019-11-01,9999-12-31,1
1453,Ville F,2019-11-02,9999-12-31,1
1454,Ville A,2019-11-02,9999-12-31,1
1455,Ville H,2019-11-03,9999-12-31,1
1456,Ville A,2019-11-03,9999-12-31,1
1457,Ville D,2019-11-03,9999-12-31,1
1458,Ville A,2019-11-03,9999-12-31,1
1459,Ville C,2019-11-04,9999-12-31,1
1460,Ville H,2019-11-04,9999-12-31,1
1461,Ville P,2019-11-04,9999-12-31,1
1462,Ville B,2019-11-04,9999-12-31,1
1463,Ville B,2019-11-05,9999-12-31,1
1464,Ville B,2019-11-07,9999-12-31,1
1465,Ville F,2019-11-08,9999-12-31,1
1466,Ville A,2019-11-08,9999-12-31,1
1467,Ville G,2019-11-08,9999-12-31,1
1468,Ville C,2019-11-08,9999-12-31,1
1469,Ville P,2019-11-08,9999-12-31,1
1470,Ville G,2019-11-08,9999-12-31,1
1471,Ville F,2019-11-09,9999-12-31,1
1472,Ville E,2019-11-09,9999-12-31,1
1473,Ville C,2019-11-10,9999-12-31,1
1474,Ville A,2019-11-10,9999-12-31,1
1475,Ville S,2019-11-10,9999-12-31,1
1476,Ville B,2019-11-11,9999-12-31,1
1477,Ville I,2019-11-11,9999-12-31,1
1478,Ville B,2019-11-11,9999-12-31,1
1479,Ville E,2019-11-11,2024-12-02,0
1479,Ville K,2024-12-03,9999-12-31,1
1480,Ville M,2019-11-11,9999-12-31,1
1481,Ville J,2019-11-13,9999-12-31,1
1482,Ville B,2019-11-13,9999-12-31,1
1483,Ville E,2019-11-13,9999-12-31,1
1484,Ville H,2019-11-13,9999-12-31,1
1485,Ville A,2019-11-14,9999-12-31,1
1486,Ville F,2019-11-15,9999-12-31,1
1487,Ville A,2019-11-15,9999-12-31,1
1488,Ville E,2019-11-15,9999-12-31,1
1489,Ville C,2019-11-15,9999-12-31,1
1490,Ville F,2019-11-16,9999-12-31,1
1491,Ville P,2019-11-16,9999-12-31,1
1492,Ville E,2019-11-18,9999-12-31,1
1493,Ville E,2019-11-18,9999-12-31,1
1494,Ville C,2019-11-18,9999-12-31,1
1495,Ville B,2019-11-18,9999-12-31,1
1496,Ville J,2019-11-19,2023-06-23,0
1496,Ville N,2023-06-24,9999-12-31,1
1497,Ville O,2019-11-19,9999-12-31,1
1498,Ville I,2019-11-20,9999-12-31,1
1499,Ville C,2019-11-20,9999-12-31,1
1500,Ville B,2019-11-21,2023-05-21,0
1500,Ville G,2023-05-22,9999-12-31,1
1501,Ville B,2019-11-21,9999-12-31,1
1502,Ville F,2019-11-22,9999-12-31,1
1503,Ville I,2019-11-22,9999-12-31,1
1504,Ville C,2019-11-22,9999-12-31,1
1505,Ville F,2019-11-22,9999-12-31,1
1506,Ville E,2019-11-22,9999-12-31,1
1507,Ville B,2019-11-23,9999-12-31,1
1508,Ville C,2019-11-24,9999-12-31,1
1509,Ville F,2019-11-24,9999-12-31,1
1510,Ville S,2019-11-24,9999-12-31,1
1511,Ville C,2019-11-24,9999-12-31,1
1512,Ville P,2019-11-25,9999-12-31,1
1513,Ville F,2019-11-25,9999-12-31,1
1514,Ville A,2019-11-26,9999-12-31,1
1515,Ville N,2019-11-26,9999-12-31,1
1516,Ville H,2019-11-26,9999-12-31,1
1517,Ville D,2019-11-27,9999-12-31,1
1518,Ville K,2019-11-27,2025-07-22,0
1518,Ville A,2025-07-23,9999-12-31,1
1519,Ville D,2019-11-27,9999-12-31,1
1520,Ville I,2019-11-28,9999-12-31,1
1521,Ville B,2019-11-28,9999-12-31,1
1522,Ville F,2019-11-28,9999-12-31,1
1523,Ville D,2019-11-29,9999-12-31,1
1524,Ville M,2019-11-29,9999-12-31,1
1525,Ville D,2019-11-30,2023-03-12,0
1525,Ville F,2023-03-13,9999-12-31,1
1526,Ville K,2019-11-30,9999-12-31,1
1527,Ville H,2019-12-01,9999-12-31,1
1528,Ville D,2019-12-01,9999-12-31,1
1529,Ville M,2019-12-01,9999-12-31,1
1530,Ville A,2019-12-02,9999-12-31,1
1531,Ville G,2019-12-02,2023-06-14,0
1531,Ville I,2023-06-15,9999-12-31,1
1532,Ville K,2019-12-03,9999-12-31,1
1533,Ville I,2019-12-03,9999-12-31,1
1534,Ville F,2019-12-03,9999-12-31,1
1535,Ville D,2019-12-03,2023-05-14,0
1535,Ville B,2023-05-15,9999-12-31,1
1536,Ville M,2019-12-03,9999-12-31,1
1537,Ville M,2019-12-04,2023-11-09,0
1537,Ville F,2023-11-10,9999-12-31,1
1538,Ville H,2019-12-04,9999-12-31,1
1539,Ville M,2019-12-07,9999-12-31,1
1540,Ville J,2019-12-07,9999-12-31,1
1541,Ville I,2019-12-07,9999-12-31,1
1542,Ville C,2019-12-07,9999-12-31,1
1543,Ville B,2019-12-07,9999-12-31,1
1544,Ville K,2019-12-07,2023-07-03,0
1544,Ville B,2023-07-04,9999-12-31,1
1545,Ville H,2019-12-08,9999-12-31,1
1546,Ville B,2019-12-08,9999-12-31,1
1547,Ville F,2019-12-09,9999-12-31,1
1548,Ville E,2019-12-09,9999-12-31,1
1549,Ville F,2019-12-10,9999-12-31,1
1550,Ville O,2019-12-11,2024-08-27,0
1550,Ville E,2024-08-28,9999-12-31,1
1551,Ville D,2019-12-11,9999-12-31,1
1552,Ville G,2019-12-11,9999-12-31,1
1553,Ville J,2019-12-11,9999-12-31,1
1554,Ville N,2019-12-12,9999-12-31,1
1555,Ville A,2019-12-12,9999-12-31,1
1556,Ville B,2019-12-12,9999-12-31,1
1557,Ville C,2019-12-12,9999-12-31,1
1558,Ville J,2019-12-13,9999-12-31,1
1559,Ville C,2019-12-14,9999-12-31,1
1560,Ville C,2019-12-14,9999-12-31,1
1561,Ville O,2019-12-14,9999-12-31,1
1562,Ville C,2019-12-14,9999-12-31,1
1563,Ville D,2019-12-15,9999-12-31,1
1564,Ville G,2019-12-15,9999-12-31,1
1565,Ville C,2019-12-15,9999-12-31,1
1566,Ville G,2019-12-16,2024-11-02,0
1566,Ville B,2024-11-03,9999-12-31,1
1567,Ville L,2019-12-16,9999-12-31,1
1568,Ville B,2019-12-16,9999-12-31,1
1569,Ville M,2019-12-16,9999-12-31,1
1570,Ville D,2019-12-17,9999-12-31,1
1571,Ville H,2019-12-18,2024-05-04,0
1571,Ville L,2024-05-05,9999-12-31,1
1572,Ville M,2019-12-18,9999-12-31,1
1573,Ville B,2019-12-18,2025-07-18,0
1573,Ville C,2025-07-19,9999-12-31,1
1574,Ville A,2019-12-18,9999-12-31,1
1575,Ville K,2019-12-18,9999-12-31,1
1576,Ville A,2019-12-18,9999-12-31,1
1577,Ville D,2019-12-19,9999-12-31,1
1578,Ville A,2019-12-19,9999-12-31,1
1579,Ville N,2019-12-20,9999-12-31,1
1580,Ville D,2019-12-20,9999-12-31,1
1581,Ville B,2019-12-20,9999-12-31,1
1582,Ville A,2019-12-21,9999-12-31,1
1583,Ville L,2019-12-22,9999-12-31,1
1584,Ville H,2019-12-22,9999-12-31,1
1585,Ville N,2019-12-25,2023-03-16,0
1585,Ville D,2023-03-17,9999-12-31,1
1586,Ville L,2019-12-27,9999-12-31,1
1587,Ville F,2019-12-27,9999-12-31,1
1588,Ville H,2019-12-27,9999-12-31,1
1589,Ville H,2019-12-28,9999-12-31,1
1590,Ville B,2019-12-29,9999-12-31,1
1591,Ville M,2019-12-29,9999-12-31,1
1592,Ville G,2019-12-29,9999-12-31,1
1593,Ville F,2019-12-29,9999-12-31,1
1594,Ville A,2019-12-30,2025-04-06,0
1594,Ville D,2025-04-07,9999-12-31,1
1595,Ville A,2019-12-30,9999-12-31,1
1596,Ville F,2019-12-30,9999-12-31,1
1597,Ville B,2019-12-30,9999-12-31,1
1598,Ville E,2019-12-30,9999-12-31,1
1599,Ville A,2019-12-31,2023-06-07,0
1599,Ville I,2023-06-08,9999-12-31,1
1600,Ville A,2019-12-31,9999-12-31,1
1601,Ville A,2019-12-31,9999-12-31,1
1602,Ville A,2020-01-01,9999-12-31,1
1603,Ville P,2020-01-02,9999-12-31,1
1604,Ville O,2020-01-02,9999-12-31,1
1605,Ville E,2020-01-02,2023-07-11,0
1605,Ville J,2023-07-12,9999-12-31,1
1606,Ville C,2020-01-02,9999-12-31,1
1607,Ville J,2020-01-03,9999-12-31,1
1608,Ville B,2020-01-03,9999-12-31,1
1609,Ville A,2020-01-04,9999-12-31,1
1610,Ville A,2020-01-04,2024-06-30,0
1610,Ville M,2024-07-01,9999-12-31,1
1611,Ville A,2020-01-05,9999-12-31,1
1612,Ville C,2020-01-05,9999-12-31,1
1613,Ville N,2020-01-06,9999-12-31,1
1614,Ville G,2020-01-06,2024-04-06,0
1614,Ville D,2024-04-07,9999-12-31,1
1615,Ville C,2020-01-06,9999-12-31,1
1616,Ville N,2020-01-07,9999-12-31,1
1617,Ville D,2020-01-08,2024-08-01,0
1617,Ville H,2024-08-02,9999-12-31,1
1618,Ville C,2020-01-08,9999-12-31,1
1619,Ville D,2020-01-08,9999-12-31,1
1620,Ville A,2020-01-09,9999-12-31,1
1621,Ville N,2020-01-10,2024-08-01,0
1621,Ville C,2024-08-02,9999-12-31,1
1622,Ville B,2020-01-11,9999-12-31,1
1623,Ville B,2020-01-11,9999-12-31,1
1624,Ville J,2020-01-11,9999-12-31,1
1625,Ville K,2020-01-12,9999-12-31,1
1626,Ville G,2020-01-12,9999-12-31,1
1627,Ville C,2020-01-12,9999-12-31,1
1628,Ville H,2020-01-13,9999-12-31,1
1629,Ville D,2020-01-13,9999-12-31,1
1630,Ville I,2020-01-13,9999-12-31,1
1631,Ville I,2020-01-13,9999-12-31,1
1632,Ville L,2020-01-14,9999-12-31,1
1633,Ville C,2020-01-14,9999-12-31,1
1634,Ville A,2020-01-15,9999-12-31,1
1635,Ville C,2020-01-15,9999-12-31,1
1636,Ville O,2020-01-15,2025-01-24,0
1636,Ville F,2025-01-25,9999-12-31,1
1637,Ville K,2020-01-16,9999-12-31,1
1638,Ville I,2020-01-16,9999-12-31,1
1639,Ville A,2020-01-17,9999-12-31,1
1640,Ville E,2020-01-18,9999-12-31,1
1641,Ville R,2020-01-18,9999-12-31,1
1642,Ville D,2020-01-19,9999-12-31,1
1643,Ville E,2020-01-19,2023-06-25,0
1643,Ville K,2023-06-26,9999-12-31,1
1644,Ville D,2020-01-20,9999-12-31,1
1645,Ville D,2020-01-20,9999-12-31,1
1646,Ville B,2020-01-21,9999-12-31,1
1647,Ville E,2020-01-21,9999-12-31,1
1648,Ville D,2020-01-22,9999-12-31,1
1649,Ville H,2020-01-22,9999-12-31,1
1650,Ville A,2020-01-22,2023-10-04,0
1650,Ville R,2023-10-05,9999-12-31,1
1651,Ville C,2020-01-22,9999-12-31,1
1652,Ville G,2020-01-22,9999-12-31,1
1653,Ville C,2020-01-22,9999-12-31,1
1654,Ville D,2020-01-23,9999-12-31,1
1655,Ville D,2020-01-23,9999-12-31,1
1656,Ville D,2020-01-23,9999-12-31,1
1657,Ville E,2020-01-23,2023-11-09,0
1657,Ville C,2023-11-10,9999-12-31,1
1658,Ville E,2020-01-23,9999-12-31,1
1659,Ville I,2020-01-23,9999-12-31,1
1660,Ville K,2020-01-23,9999-12-31,1
1661,Ville D,2020-01-24,9999-12-31,1
1662,Ville M,2020-01-24,9999-12-31,1
1663,Ville G,2020-01-25,2024-05-24,0
1663,Ville T,2024-05-25,9999-12-31,1
1664,Ville G,2020-01-25,9999-12-31,1
1665,Ville B,2020-01-28,2025-04-20,0
1665,Ville D,2025-04-21,9999-12-31,1
1666,Ville G,2020-01-28,9999-12-31,1
1667,Ville K,2020-01-28,9999-12-31,1
1668,Ville B,2020-01-29,9999-12-31,1
1669,Ville E,2020-01-29,9999-12-31,1
1670,Ville B,2020-01-30,9999-12-31,1
1671,Ville D,2020-01-30,9999-12-31,1
1672,Ville B,2020-01-30,9999-12-31,1
1673,Ville C,2020-01-31,9999-12-31,1
1674,Ville L,2020-01-31,9999-12-31,1
1675,Ville P,2020-01-31,9999-12-31,1
1676,Ville G,2020-01-31,9999-12-31,1
1677,Ville A,2020-02-01,9999-12-31,1
1678,Ville A,2020-02-01,9999-12-31,1
1679,Ville A,2020-02-01,9999-12-31,1
1680,Ville R,2020-02-02,9999-12-31,1
1681,Ville G,2020-02-02,9999-12-31,1
1682,Ville K,2020-02-02,9999-12-31,1
1683,Ville D,2020-02-03,9999-12-31,1
1684,Ville L,2020-02-03,9999-12-31,1
1685,Ville A,2020-02-04,9999-12-31,1
1686,Ville B,2020-02-04,9999-12-31,1
1687,Ville F,2020-02-05,9999-12-31,1
1688,Ville H,2020-02-05,2023-06-29,0
1688,Ville P,2023-06-30,9999-12-31,1
1689,Ville A,2020-02-05,9999-12-31,1
1690,Ville I,2020-02-05,9999-12-31,1
1691,Ville C,2020-02-06,9999-12-31,1
1692,Ville F,2020-02-06,9999-12-31,1
1693,Ville R,2020-02-06,2025-06-21,0
1693,Ville A,2025-06-22,9999-12-31,1
1694,Ville H,2020-02-07,2024-08-10,0
1694,Ville J,2024-08-11,9999-12-31,1
1695,Ville S,2020-02-07,9999-12-31,1
1696,Ville D,2020-02-08,9999-12-31,1
1697,Ville E,2020-02-08,9999-12-31,1
1698,Ville C,2020-02-08,9999-12-31,1
1699,Ville C,2020-02-09,9999-12-31,1
1700,Ville E,2020-02-09,9999-12-31,1
1701,Ville A,2020-02-09,9999-12-31,1
1702,Ville F,2020-02-09,9999-12-31,1
1703,Ville K,2020-02-10,2024-03-14,0
1703,Ville D,2024-03-15,9999-12-31,1
1704,Ville H,2020-02-11,9999-12-31,1
1705,Ville H,2020-02-12,9999-12-31,1
1706,Ville I,2020-02-13,9999-12-31,1
1707,Ville E,2020-02-13,9999-12-31,1
1708,Ville F,2020-02-13,9999-12-31,1
1709,Ville B,2020-02-14,9999-12-31,1
1710,Ville J,2020-02-14,9999-12-31,1
1711,Ville B,2020-02-15,9999-12-31,1
1712,Ville H,2020-02-15,9999-12-31,1
1713,Ville C,2020-02-16,9999-12-31,1
1714,Ville A,2020-02-16,9999-12-31,1
1715,Ville G,2020-02-18,9999-12-31,1
1716,Ville B,2020-02-18,9999-12-31,1
1717,Ville A,2020-02-19,9999-12-31,1
1718,Ville S,2020-02-20,9999-12-31,1
1719,Ville K,2020-02-21,9999-12-31,1
1720,Ville C,2020-02-22,9999-12-31,1
1721,Ville N,2020-02-23,9999-12-31,1
1722,Ville R,2020-02-23,2025-07-18,0
1722,Ville C,2025-07-19,9999-12-31,1
1723,Ville B,2020-02-24,9999-12-31,1
1724,Ville E,2020-02-24,9999-12-31,1
1725,Ville D,2020-02-24,9999-12-31,1
1726,Ville R,2020-02-25,9999-12-31,1
1727,Ville F,2020-02-26,9999-12-31,1
1728,Ville F,2020-02-27,9999-12-31,1
1729,Ville D,2020-02-28,9999-12-31,1
1730,Ville F,2020-02-28,9999-12-31,1
1731,Ville A,2020-02-28,9999-12-31,1
1732,Ville E,2020-02-28,9999-12-31,1
1733,Ville A,2020-02-29,9999-12-31,1
1734,Ville L,2020-03-01,9999-12-31,1
1735,Ville E,2020-03-01,9999-12-31,1
1736,Ville J,2020-03-01,9999-12-31,1
1737,Ville M,2020-03-01,9999-12-31,1
1738,Ville A,2020-03-02,9999-12-31,1
1739,Ville F,2020-03-02,9999-12-31,1
1740,Ville C,2020-03-03,9999-12-31,1
1741,Ville M,2020-03-03,2024-10-22,0
1741,Ville L,2024-10-23,9999-12-31,1
1742,Ville K,2020-03-03,9999-12-31,1
1743,Ville A,2020-03-03,9999-12-31,1
1744,Ville D,2020-03-03,9999-12-31,1
1745,Ville A,2020-03-03,9999-12-31,1
1746,Ville K,2020-03-03,9999-12-31,1
1747,Ville R,2020-03-04,9999-12-31,1
1748,Ville G,2020-03-04,9999-12-31,1
1749,Ville H,2020-03-04,2025-02-24,0
1749,Ville P,2025-02-25,9999-12-31,1
1750,Ville H,2020-03-05,9999-12-31,1
1751,Ville E,2020-03-06,9999-12-31,1
1752,Ville E,2020-03-06,9999-12-31,1
1753,Ville A,2020-03-06,9999-12-31,1
1754,Ville O,2020-03-06,9999-12-31,1
1755,Ville B,2020-03-07,9999-12-31,1
1756,Ville I,2020-03-07,9999-12-31,1
1757,Ville G,2020-03-07,9999-12-31,1
1758,Ville D,2020-03-07,9999-12-31,1
1759,Ville B,2020-03-08,9999-12-31,1
1760,Ville B,2020-03-08,9999-12-31,1
1761,Ville B,2020-03-08,9999-12-31,1
1762,Ville E,2020-03-09,9999-12-31,1
1763,Ville I,2020-03-10,9999-12-31,1
1764,Ville C,2020-03-10,9999-12-31,1
1765,Ville F,2020-03-11,9999-12-31,1
1766,Ville R,2020-03-12,9999-12-31,1
1767,Ville O,2020-03-12,9999-12-31,1
1768,Ville G,2020-03-12,9999-12-31,1
1769,Ville H,2020-03-13,9999-12-31,1
1770,Ville A,2020-03-13,2024-10-06,0
1770,Ville E,2024-10-07,9999-12-31,1
1771,Ville S,2020-03-13,9999-12-31,1
1772,Ville D,2020-03-13,9999-12-31,1
1773,Ville H,2020-03-15,9999-12-31,1
1774,Ville B,2020-03-15,9999-12-31,1
1775,Ville F,2020-03-15,2024-08-09,0
1775,Ville A,2024-08-10,9999-12-31,1
1776,Ville A,2020-03-16,9999-12-31,1
1777,Ville J,2020-03-16,9999-12-31,1
1778,Ville B,2020-03-16,9999-12-31,1
1779,Ville D,2020-03-17,9999-12-31,1
1780,Ville A,2020-03-18,9999-12-31,1
1781,Ville A,2020-03-18,9999-12-31,1
1782,Ville B,2020-03-19,2025-08-30,0
1782,Ville A,2025-08-31,9999-12-31,1
1783,Ville E,2020-03-19,9999-12-31,1
1784,Ville A,2020-03-20,9999-12-31,1
1785,Ville H,2020-03-20,9999-12-31,1
1786,Ville G,2020-03-21,2025-03-19,0
1786,Ville I,2025-03-20,9999-12-31,1
1787,Ville A,2020-03-23,2024-07-16,0
1787,Ville I,2024-07-17,9999-12-31,1
1788,Ville B,2020-03-24,9999-12-31,1
1789,Ville B,2020-03-24,9999-12-31,1
1790,Ville A,2020-03-25,9999-12-31,1
1791,Ville K,2020-03-25,9999-12-31,1
1792,Ville D,2020-03-25,9999-12-31,1
1793,Ville B,2020-03-26,9999-12-31,1
1794,Ville G,2020-03-26,2024-08-12,0
1794,Ville C,2024-08-13,9999-12-31,1
1795,Ville P,2020-03-26,9999-12-31,1
1796,Ville E,2020-03-27,9999-12-31,1
1797,Ville F,2020-03-27,9999-12-31,1
1798,Ville C,2020-03-27,9999-12-31,1
1799,Ville C,2020-03-28,9999-12-31,1
1800,Ville G,2020-03-28,9999-12-31,1
1801,Ville C,2020-03-30,9999-12-31,1
1802,Ville A,2020-03-30,9999-12-31,1
1803,Ville A,2020-03-31,2024-11-16,0
1803,Ville G,2024-11-17,9999-12-31,1
1804,Ville E,2020-04-01,2025-04-23,0
1804,Ville A,2025-04-24,9999-12-31,1
1805,Ville G,2020-04-01,2023-06-26,0
1805,Ville C,2023-06-27,9999-12-31,1
1806,Ville K,2020-04-01,9999-12-31,1
1807,Ville H,2020-04-02,9999-12-31,1
1808,Ville E,2020-04-03,2023-05-08,0
1808,Ville F,2023-05-09,9999-12-31,1
1809,Ville G,2020-04-03,2025-01-20,0
1809,Ville E,2025-01-21,9999-12-31,1
1810,Ville H,2020-04-03,9999-12-31,1
1811,Ville R,2020-04-03,9999-12-31,1
1812,Ville G,2020-04-03,9999-12-31,1
1813,Ville D,2020-04-04,9999-12-31,1
1814,Ville C,2020-04-04,2025-07-10,0
1814,Ville A,2025-07-11,9999-12-31,1
1815,Ville E,2020-04-06,2023-07-15,0
1815,Ville B,2023-07-16,9999-12-31,1
1816,Ville J,2020-04-06,9999-12-31,1
1817,Ville E,2020-04-06,9999-12-31,1
1818,Ville A,2020-04-06,9999-12-31,1
1819,Ville F,2020-04-07,9999-12-31,1
1820,Ville C,2020-04-07,9999-12-31,1
1821,Ville D,2020-04-07,9999-12-31,1
1822,Ville B,2020-04-08,9999-12-31,1
1823,Ville B,2020-04-08,9999-12-31,1
1824,Ville F,2020-04-08,9999-12-31,1
1825,Ville C,2020-04-08,9999-12-31,1
1826,Ville N,2020-04-09,2023-11-19,0
1826,Ville G,2023-11-20,9999-12-31,1
1827,Ville D,2020-04-09,9999-12-31,1
1828,Ville H,2020-04-09,9999-12-31,1
1829,Ville C,2020-04-10,9999-12-31,1
1830,Ville B,2020-04-11,9999-12-31,1
1831,Ville F,2020-04-12,9999-12-31,1
1832,Ville M,2020-04-13,9999-12-31,1
1833,Ville C,2020-04-13,9999-12-31,1
1834,Ville E,2020-04-14,2024-07-03,0
1834,Ville P,2024-07-04,9999-12-31,1
1835,Ville B,2020-04-14,2025-07-24,0
1835,Ville S,2025-07-25,9999-12-31,1
1836,Ville J,2020-04-14,9999-12-31,1
1837,Ville M,2020-04-14,9999-12-31,1
1838,Ville A,2020-04-14,2024-02-09,0
1838,Ville G,2024-02-10,9999-12-31,1
1839,Ville C,2020-04-15,9999-12-31,1
1840,Ville R,2020-04-15,9999-12-31,1
1841,Ville J,2020-04-16,9999-12-31,1
1842,Ville E,2020-04-16,9999-12-31,1
1843,Ville O,2020-04-17,9999-12-31,1
1844,Ville A,2020-04-17,9999-12-31,1
1845,Ville A,2020-04-17,2025-07-06,0
1845,Ville F,2025-07-07,9999-12-31,1
1846,Ville O,2020-04-17,9999-12-31,1
1847,Ville D,2020-04-18,9999-12-31,1
1848,Ville I,2020-04-18,9999-12-31,1
1849,Ville E,2020-04-19,9999-12-31,1
1850,Ville D,2020-04-20,9999-12-31,1
1851,Ville A,2020-04-20,9999-12-31,1
1852,Ville T,2020-04-22,9999-12-31,1
1853,Ville C,2020-04-22,2024-07-16,0
1853,Ville A,2024-07-17,9999-12-31,1
1854,Ville O,2020-04-22,9999-12-31,1
1855,Ville F,2020-04-22,9999-12-31,1
1856,Ville B,2020-04-23,9999-12-31,1
1857,Ville D,2020-04-23,9999-12-31,1
1858,Ville N,2020-04-23,2023-07-22,0
1858,Ville A,2023-07-23,9999-12-31,1
1859,Ville I,2020-04-24,9999-12-31,1
1860,Ville A,2020-04-24,9999-12-31,1
1861,Ville F,2020-04-25,9999-12-31,1
1862,Ville P,2020-04-27,9999-12-31,1
1863,Ville B,2020-04-27,9999-12-31,1
1864,Ville I,2020-04-28,2023-11-10,0
1864,Ville H,2023-11-11,9999-12-31,1
1865,Ville A,2020-04-28,9999-12-31,1
1866,Ville A,2020-04-29,9999-12-31,1
1867,Ville L,2020-04-30,9999-12-31,1
1868,Ville H,2020-04-30,9999-12-31,1
1869,Ville P,2020-05-02,9999-12-31,1
1870,Ville B,2020-05-03,9999-12-31,1
1871,Ville A,2020-05-03,9999-12-31,1
1872,Ville P,2020-05-04,9999-12-31,1
1873,Ville D,2020-05-04,9999-12-31,1
1874,Ville G,2020-05-04,9999-12-31,1
1875,Ville B,2020-05-05,9999-12-31,1
1876,Ville A,2020-05-06,9999-12-31,1
1877,Ville B,2020-05-06,9999-12-31,1
1878,Ville G,2020-05-06,9999-12-31,1
1879,Ville R,2020-05-07,9999-12-31,1
1880,Ville K,2020-05-07,9999-12-31,1
1881,Ville E,2020-05-08,9999-12-31,1
1882,Ville F,2020-05-08,9999-12-31,1
1883,Ville S,2020-05-09,9999-12-31,1
1884,Ville R,2020-05-09,9999-12-31,1
1885,Ville G,2020-05-10,9999-12-31,1
1886,Ville C,2020-05-10,9999-12-31,1
1887,Ville A,2020-05-11,9999-12-31,1
1888,Ville N,2020-05-11,9999-12-31,1
1889,Ville C,2020-05-11,9999-12-31,1
1890,Ville T,2020-05-11,9999-12-31,1
1891,Ville B,2020-05-11,9999-12-31,1
1892,Ville I,2020-05-12,9999-12-31,1
1893,Ville B,2020-05-12,9999-12-31,1
1894,Ville A,2020-05-13,9999-12-31,1
1895,Ville F,2020-05-13,9999-12-31,1
1896,Ville F,2020-05-14,9999-12-31,1
1897,Ville E,2020-05-14,9999-12-31,1
1898,Ville R,2020-05-14,9999-12-31,1
1899,Ville A,2020-05-14,9999-12-31,1
1900,Ville F,2020-05-14,9999-12-31,1
1901,Ville A,2020-05-15,9999-12-31,1
1902,Ville A,2020-05-15,9999-12-31,1
1903,Ville H,2020-05-15,9999-12-31,1
1904,Ville D,2020-05-15,9999-12-31,1
1905,Ville A,2020-05-15,9999-12-31,1
1906,Ville D,2020-05-16,9999-12-31,1
1907,Ville A,2020-05-16,9999-12-31,1
1908,Ville D,2020-05-17,9999-12-31,1
1909,Ville H,2020-05-17,9999-12-31,1
1910,Ville C,2020-05-18,9999-12-31,1
1911,Ville O,2020-05-18,9999-12-31,1
1912,Ville I,2020-05-19,2024-06-09,0
1912,Ville G,2024-06-10,9999-12-31,1
1913,Ville A,2020-05-21,9999-12-31,1
1914,Ville B,2020-05-21,9999-12-31,1
1915,Ville Q,2020-05-21,9999-12-31,1
1916,Ville D,2020-05-21,9999-12-31,1
1917,Ville D,2020-05-21,9999-12-31,1
1918,Ville G,2020-05-22,9999-12-31,1
1919,Ville C,2020-05-22,2023-10-28,0
1919,Ville F,2023-10-29,9999-12-31,1
1920,Ville E,2020-05-23,9999-12-31,1
1921,Ville C,2020-05-24,9999-12-31,1
1922,Ville C,2020-05-24,9999-12-31,1
1923,Ville D,2020-05-24,9999-12-31,1
1924,Ville E,2020-05-25,9999-12-31,1
1925,Ville Q,2020-05-25,9999-12-31,1
1926,Ville A,2020-05-28,9999-12-31,1
1927,Ville A,2020-05-28,9999-12-31,1
1928,Ville G,2020-05-29,9999-12-31,1
1929,Ville E,2020-05-29,9999-12-31,1
1930,Ville R,2020-05-30,9999-12-31,1
1931,Ville E,2020-05-30,9999-12-31,1
1932,Ville D,2020-05-30,9999-12-31,1
1933,Ville D,2020-05-31,9999-12-31,1
1934,Ville B,2020-05-31,9999-12-31,1
1935,Ville O,2020-06-01,9999-12-31,1
1936,Ville H,2020-06-01,9999-12-31,1
1937,Ville G,2020-06-01,9999-12-31,1
1938,Ville B,2020-06-02,9999-12-31,1
1939,Ville A,2020-06-02,9999-12-31,1
1940,Ville B,2020-06-02,9999-12-31,1
1941,Ville A,2020-06-03,9999-12-31,1
1942,Ville R,2020-06-03,9999-12-31,1
1943,Ville B,2020-06-03,9999-12-31,1
1944,Ville N,2020-06-04,9999-12-31,1
1945,Ville D,2020-06-04,9999-12-31,1
1946,Ville C,2020-06-04,9999-12-31,1
1947,Ville A,2020-06-04,9999-12-31,1
1948,Ville F,2020-06-04,9999-12-31,1
1949,Ville B,2020-06-04,9999-12-31,1
1950,Ville F,2020-06-05,2025-08-20,0
1950,Ville B,2025-08-21,9999-12-31,1
1951,Ville D,2020-06-07,9999-12-31,1
1952,Ville B,2020-06-08,9999-12-31,1
1953,Ville E,2020-06-08,9999-12-31,1
1954,Ville J,2020-06-08,9999-12-31,1
1955,Ville E,2020-06-09,9999-12-31,1
1956,Ville F,2020-06-09,9999-12-31,1
1957,Ville D,2020-06-09,2024-01-07,0
1957,Ville M,2024-01-08,9999-12-31,1
1958,Ville D,2020-06-10,9999-12-31,1
1959,Ville A,2020-06-11,9999-12-31,1
1960,Ville J,2020-06-11,9999-12-31,1
1961,Ville B,2020-06-11,9999-12-31,1
1962,Ville B,2020-06-12,2025-05-28,0
1962,Ville P,2025-05-29,9999-12-31,1
1963,Ville A,2020-06-12,2024-01-07,0
1963,Ville C,2024-01-08,9999-12-31,1
1964,Ville D,2020-06-13,9999-12-31,1
1965,Ville S,2020-06-13,9999-12-31,1
1966,Ville I,2020-06-14,9999-12-31,1
1967,Ville F,2020-06-14,9999-12-31,1
1968,Ville N,2020-06-15,2025-09-15,0
1968,Ville D,2025-09-16,9999-12-31,1
1969,Ville K,2020-06-15,9999-12-31,1
1970,Ville E,2020-06-15,9999-12-31,1
1971,Ville H,2020-06-15,9999-12-31,1
1972,Ville A,2020-06-16,2025-09-25,0
1972,Ville H,2025-09-26,9999-12-31,1
1973,Ville F,2020-06-17,9999-12-31,1
1974,Ville H,2020-06-18,9999-12-31,1
1975,Ville C,2020-06-18,9999-12-31,1
1976,Ville L,2020-06-19,9999-12-31,1
1977,Ville P,2020-06-19,9999-12-31,1
1978,Ville E,2020-06-20,9999-12-31,1
1979,Ville A,2020-06-21,9999-12-31,1
1980,Ville I,2020-06-22,9999-12-31,1
1981,Ville G,2020-06-23,2023-08-23,0
1981,Ville A,2023-08-24,9999-12-31,1
1982,Ville A,2020-06-24,9999-12-31,1
1983,Ville O,2020-06-25,9999-12-31,1
1984,Ville R,2020-06-25,9999-12-31,1
1985,Ville H,2020-06-26,9999-12-31,1
1986,Ville B,2020-06-26,9999-12-31,1
1987,Ville C,2020-06-27,9999-12-31,1
1988,Ville A,2020-06-28,9999-12-31,1
1989,Ville A,2020-06-28,9999-12-31,1
1990,Ville F,2020-06-28,2023-12-23,0
1990,Ville J,2023-12-24,9999-12-31,1
1991,Ville B,2020-06-28,9999-12-31,1
1992,Ville H,2020-06-29,9999-12-31,1
1993,Ville P,2020-06-29,2024-10-03,0
1993,Ville I,2024-10-04,9999-12-31,1
1994,Ville K,2020-06-30,9999-12-31,1
1995,Ville F,2020-06-30,9999-12-31,1
1996,Ville H,2020-07-01,9999-12-31,1
1997,Ville I,2020-07-01,9999-12-31,1
1998,Ville C,2020-07-02,9999-12-31,1
1999,Ville F,2020-07-04,9999-12-31,1
2000,Ville I,2020-07-05,9999-12-31,1
2001,Ville O,2020-07-05,2025-02-26,0
2001,Ville K,2025-02-27,9999-12-31,1
2002,Ville H,2020-07-07,9999-12-31,1
2003,Ville B,2020-07-07,9999-12-31,1
2004,Ville E,2020-07-08,9999-12-31,1
2005,Ville K,2020-07-08,9999-12-31,1
2006,Ville D,2020-07-09,9999-12-31,1
2007,Ville C,2020-07-10,9999-12-31,1
2008,Ville J,2020-07-10,9999-12-31,1
2009,Ville B,2020-07-10,9999-12-31,1
2010,Ville N,2020-07-11,9999-12-31,1
2011,Ville B,2020-07-12,9999-12-31,1
2012,Ville B,2020-07-13,9999-12-31,1
2013,Ville B,2020-07-13,9999-12-31,1
2014,Ville E,2020-07-13,2024-06-10,0
2014,Ville C,2024-06-11,9999-12-31,1
2015,Ville A,2020-07-13,9999-12-31,1
2016,Ville G,2020-07-14,9999-12-31,1
2017,Ville A,2020-07-16,9999-12-31,1
2018,Ville I,2020-07-17,9999-12-31,1
2019,Ville K,2020-07-17,9999-12-31,1
2020,Ville B,2020-07-17,9999-12-31,1
2021,Ville G,2020-07-17,9999-12-31,1
2022,Ville A,2020-07-19,9999-12-31,1
2023,Ville A,2020-07-20,9999-12-31,1
2024,Ville H,2020-07-20,9999-12-31,1
2025,Ville L,2020-07-20,9999-12-31,1
2026,Ville P,2020-07-22,9999-12-31,1
2027,Ville B,2020-07-23,9999-12-31,1
2028,Ville D,2020-07-23,2025-03-14,0
2028,Ville A,2025-03-15,9999-12-31,1
2029,Ville B,2020-07-23,9999-12-31,1
2030,Ville G,2020-07-24,9999-12-31,1
2031,Ville G,2020-07-25,9999-12-31,1
2032,Ville G,2020-07-25,9999-12-31,1
2033,Ville E,2020-07-26,9999-12-31,1
2034,Ville J,2020-07-26,9999-12-31,1
2035,Ville H,2020-07-27,9999-12-31,1
2036,Ville N,2020-07-28,9999-12-31,1
2037,Ville B,2020-07-28,9999-12-31,1
2038,Ville K,2020-07-28,9999-12-31,1
2039,Ville H,2020-07-28,9999-12-31,1
2040,Ville P,2020-07-29,9999-12-31,1
2041,Ville D,2020-07-29,9999-12-31,1
2042,Ville I,2020-07-30,9999-12-31,1
2043,Ville N,2020-07-31,9999-12-31,1
2044,Ville E,2020-07-31,9999-12-31,1
2045,Ville B,2020-08-01,2023-06-23,0
2045,Ville O,2023-06-24,9999-12-31,1
2046,Ville E,2020-08-01,9999-12-31,1
2047,Ville A,2020-08-01,9999-12-31,1
2048,Ville E,2020-08-01,9999-12-31,1
2049,Ville E,2020-08-01,9999-12-31,1
2050,Ville D,2020-08-03,9999-12-31,1
2051,Ville C,2020-08-03,9999-12-31,1
2052,Ville E,2020-08-03,9999-12-31,1
2053,Ville C,2020-08-05,9999-12-31,1
2054,Ville A,2020-08-06,9999-12-31,1
2055,Ville L,2020-08-06,9999-12-31,1
2056,Ville M,2020-08-06,9999-12-31,1
2057,Ville A,2020-08-06,9999-12-31,1
2058,Ville J,2020-08-06,9999-12-31,1
2059,Ville A,2020-08-07,9999-12-31,1
2060,Ville A,2020-08-07,9999-12-31,1
2061,Ville D,2020-08-08,9999-12-31,1
2062,Ville L,2020-08-08,9999-12-31,1
2063,Ville N,2020-08-09,9999-12-31,1
2064,Ville D,2020-08-09,9999-12-31,1
2065,Ville H,2020-08-09,9999-12-31,1
2066,Ville A,2020-08-09,9999-12-31,1
2067,Ville C,2020-08-11,9999-12-31,1
2068,Ville J,2020-08-11,2023-07-08,0
2068,Ville E,2023-07-09,9999-12-31,1
2069,Ville D,2020-08-11,9999-12-31,1
2070,Ville L,2020-08-12,9999-12-31,1
2071,Ville B,2020-08-12,9999-12-31,1
2072,Ville D,2020-08-14,2025-03-28,0
2072,Ville B,2025-03-29,9999-12-31,1
2073,Ville H,2020-08-14,9999-12-31,1
2074,Ville C,2020-08-14,9999-12-31,1
2075,Ville C,2020-08-14,9999-12-31,1
2076,Ville A,2020-08-15,9999-12-31,1
2077,Ville D,2020-08-16,9999-12-31,1
2078,Ville F,2020-08-16,9999-12-31,1
2079,Ville B,2020-08-18,9999-12-31,1
2080,Ville B,2020-08-19,9999-12-31,1
2081,Ville D,2020-08-19,9999-12-31,1
2082,Ville A,2020-08-19,2024-08-07,0
2082,Ville H,2024-08-08,9999-12-31,1
2083,Ville M,2020-08-19,9999-12-31,1
2084,Ville M,2020-08-20,9999-12-31,1
2085,Ville D,2020-08-20,9999-12-31,1
2086,Ville T,2020-08-20,2023-08-01,0
2086,Ville B,2023-08-02,9999-12-31,1
2087,Ville C,2020-08-21,9999-12-31,1
2088,Ville E,2020-08-21,9999-12-31,1
2089,Ville A,2020-08-21,9999-12-31,1
2090,Ville A,2020-08-21,9999-12-31,1
2091,Ville O,2020-08-21,9999-12-31,1
2092,Ville J,2020-08-22,9999-12-31,1
2093,Ville B,2020-08-23,9999-12-31,1
2094,Ville K,2020-08-23,9999-12-31,1
2095,Ville C,2020-08-23,9999-12-31,1
2096,Ville B,2020-08-23,9999-12-31,1
2097,Ville K,2020-08-23,9999-12-31,1
2098,Ville G,2020-08-24,9999-12-31,1
2099,Ville E,2020-08-24,9999-12-31,1
2100,Ville D,2020-08-25,9999-12-31,1
2101,Ville A,2020-08-25,9999-12-31,1
2102,Ville E,2020-08-26,9999-12-31,1
2103,Ville K,2020-08-26,9999-12-31,1
2104,Ville Q,2020-08-26,9999-12-31,1
2105,Ville J,2020-08-27,9999-12-31,1
2106,Ville B,2020-08-27,2025-03-17,0
2106,Ville L,2025-03-18,9999-12-31,1
2107,Ville D,2020-08-27,9999-12-31,1
2108,Ville B,2020-08-28,9999-12-31,1
2109,Ville A,2020-08-29,9999-12-31,1
2110,Ville J,2020-08-29,9999-12-31,1
2111,Ville H,2020-08-29,9999-12-31,1
2112,Ville A,2020-08-29,9999-12-31,1
2113,Ville C,2020-08-30,9999-12-31,1
2114,Ville C,2020-08-30,9999-12-31,1
2115,Ville D,2020-08-31,9999-12-31,1
2116,Ville O,2020-08-31,9999-12-31,1
2117,Ville B,2020-09-01,9999-12-31,1
2118,Ville K,2020-09-02,9999-12-31,1
2119,Ville B,2020-09-03,9999-12-31,1
2120,Ville B,2020-09-03,9999-12-31,1
2121,Ville D,2020-09-04,9999-12-31,1
2122,Ville A,2020-09-04,9999-12-31,1
2123,Ville C,2020-09-05,9999-12-31,1
2124,Ville B,2020-09-06,9999-12-31,1
2125,Ville A,2020-09-06,9999-12-31,1
2126,Ville E,2020-09-06,9999-12-31,1
2127,Ville F,2020-09-06,9999-12-31,1
2128,Ville C,2020-09-06,9999-12-31,1
2129,Ville C,2020-09-07,9999-12-31,1
2130,Ville I,2020-09-07,9999-12-31,1
2131,Ville P,2020-09-08,9999-12-31,1
2132,Ville F,2020-09-08,9999-12-31,1
2133,Ville C,2020-09-08,9999-12-31,1
2134,Ville M,2020-09-09,9999-12-31,1
2135,Ville C,2020-09-09,9999-12-31,1
2136,Ville F,2020-09-11,9999-12-31,1
2137,Ville B,2020-09-11,9999-12-31,1
2138,Ville G,2020-09-11,9999-12-31,1
2139,Ville D,2020-09-12,9999-12-31,1
2140,Ville E,2020-09-12,9999-12-31,1
2141,Ville L,2020-09-12,9999-12-31,1
2142,Ville D,2020-09-12,9999-12-31,1
2143,Ville K,2020-09-13,9999-12-31,1
2144,Ville K,2020-09-13,9999-12-31,1
2145,Ville B,2020-09-14,9999-12-31,1
2146,Ville D,2020-09-14,2025-09-06,0
2146,Ville M,2025-09-07,9999-12-31,1
2147,Ville A,2020-09-14,9999-12-31,1
2148,Ville C,2020-09-14,9999-12-31,1
2149,Ville O,2020-09-15,9999-12-31,1
2150,Ville B,2020-09-15,9999-12-31,1
2151,Ville A,2020-09-15,9999-12-31,1
2152,Ville C,2020-09-15,9999-12-31,1
2153,Ville M,2020-09-16,9999-12-31,1
2154,Ville A,2020-09-16,2025-02-11,0
2154,Ville M,2025-02-12,9999-12-31,1
2155,Ville C,2020-09-17,9999-12-31,1
2156,Ville H,2020-09-17,9999-12-31,1
2157,Ville Q,2020-09-18,2023-07-11,0
2157,Ville A,2023-07-12,9999-12-31,1
2158,Ville E,2020-09-18,9999-12-31,1
2159,Ville C,2020-09-18,9999-12-31,1
2160,Ville M,2020-09-19,9999-12-31,1
2161,Ville Q,2020-09-19,9999-12-31,1
2162,Ville C,2020-09-19,9999-12-31,1
2163,Ville L,2020-09-20,9999-12-31,1
2164,Ville G,2020-09-20,9999-12-31,1
2165,Ville G,2020-09-21,9999-12-31,1
2166,Ville A,2020-09-21,9999-12-31,1
2167,Ville C,2020-09-21,2023-12-11,0
2167,Ville A,2023-12-12,9999-12-31,1
2168,Ville I,2020-09-21,9999-12-31,1
2169,Ville N,2020-09-21,2024-02-27,0
2169,Ville C,2024-02-28,9999-12-31,1
2170,Ville A,2020-09-22,9999-12-31,1
2171,Ville O,2020-09-22,9999-12-31,1
2172,Ville B,2020-09-23,9999-12-31,1
2173,Ville B,2020-09-23,9999-12-31,1
2174,Ville A,2020-09-23,9999-12-31,1
2175,Ville Q,2020-09-24,9999-12-31,1
2176,Ville A,2020-09-24,9999-12-31,1
2177,Ville D,2020-09-25,9999-12-31,1
2178,Ville L,2020-09-25,9999-12-31,1
2179,Ville T,2020-09-25,9999-12-31,1
2180,Ville L,2020-09-26,9999-12-31,1
2181,Ville F,2020-09-26,2023-04-14,0
2181,Ville G,2023-04-15,9999-12-31,1
2182,Ville D,2020-09-26,9999-12-31,1
2183,Ville C,2020-09-26,9999-12-31,1
2184,Ville H,2020-09-26,2024-06-16,0
2184,Ville A,2024-06-17,9999-12-31,1
2185,Ville C,2020-09-27,9999-12-31,1
2186,Ville I,2020-09-27,9999-12-31,1
2187,Ville E,2020-09-27,2025-07-29,0
2187,Ville F,2025-07-30,9999-12-31,1
2188,Ville N,2020-09-27,9999-12-31,1
2189,Ville E,2020-09-28,9999-12-31,1
2190,Ville C,2020-09-28,9999-12-31,1
2191,Ville L,2020-09-29,9999-12-31,1
2192,Ville E,2020-09-29,9999-12-31,1
2193,Ville J,2020-09-29,9999-12-31,1
2194,Ville E,2020-09-30,2023-05-07,0
2194,Ville C,2023-05-08,9999-12-31,1
2195,Ville E,2020-09-30,9999-12-31,1
2196,Ville I,2020-09-30,9999-12-31,1
2197,Ville E,2020-09-30,9999-12-31,1
2198,Ville H,2020-10-01,9999-12-31,1
2199,Ville B,2020-10-02,9999-12-31,1
2200,Ville E,2020-10-02,9999-12-31,1
2201,Ville C,2020-10-03,2024-01-05,0
2201,Ville A,2024-01-06,9999-12-31,1
2202,Ville F,2020-10-03,9999-12-31,1
2203,Ville E,2020-10-05,9999-12-31,1
2204,Ville F,2020-10-05,9999-12-31,1
2205,Ville C,2020-10-06,9999-12-31,1
2206,Ville B,2020-10-06,9999-12-31,1
2207,Ville Q,2020-10-06,2024-02-19,0
2207,Ville C,2024-02-20,9999-12-31,1
2208,Ville H,2020-10-07,9999-12-31,1
2209,Ville A,2020-10-07,9999-12-31,1
2210,Ville A,2020-10-08,9999-12-31,1
2211,Ville D,2020-10-10,9999-12-31,1
2212,Ville C,2020-10-10,9999-12-31,1
2213,Ville N,2020-10-10,9999-12-31,1
2214,Ville M,2020-10-10,9999-12-31,1
2215,Ville G,2020-10-10,2025-02-18,0
2215,Ville J,2025-02-19,9999-12-31,1
2216,Ville L,2020-10-11,9999-12-31,1
2217,Ville G,2020-10-12,9999-12-31,1
2218,Ville D,2020-10-12,9999-12-31,1
2219,Ville A,2020-10-12,9999-12-31,1
2220,Ville D,2020-10-13,9999-12-31,1
2221,Ville D,2020-10-13,9999-12-31,1
2222,Ville I,2020-10-13,9999-12-31,1
2223,Ville C,2020-10-14,9999-12-31,1
2224,Ville I,2020-10-14,9999-12-31,1
2225,Ville E,2020-10-15,9999-12-31,1
2226,Ville K,2020-10-15,9999-12-31,1
2227,Ville L,2020-10-16,9999-12-31,1
2228,Ville I,2020-10-17,9999-12-31,1
2229,Ville D,2020-10-17,9999-12-31,1
2230,Ville A,2020-10-17,9999-12-31,1
2231,Ville N,2020-10-17,9999-12-31,1
2232,Ville A,2020-10-18,9999-12-31,1
2233,Ville K,2020-10-18,9999-12-31,1
2234,Ville A,2020-10-18,9999-12-31,1
2235,Ville E,2020-10-19,9999-12-31,1
2236,Ville J,2020-10-20,9999-12-31,1
2237,Ville M,2020-10-20,9999-12-31,1
2238,Ville D,2020-10-21,9999-12-31,1
2239,Ville B,2020-10-21,9999-12-31,1
2240,Ville M,2020-10-21,9999-12-31,1
2241,Ville D,2020-10-21,9999-12-31,1
2242,Ville C,2020-10-21,9999-12-31,1
2243,Ville D,2020-10-21,9999-12-31,1
2244,Ville A,2020-10-22,9999-12-31,1
2245,Ville H,2020-10-23,9999-12-31,1
2246,Ville E,2020-10-24,9999-12-31,1
2247,Ville G,2020-10-24,9999-12-31,1
2248,Ville T,2020-10-24,9999-12-31,1
2249,Ville S,2020-10-24,9999-12-31,1
2250,Ville H,2020-10-25,2025-06-06,0
2250,Ville A,2025-06-07,9999-12-31,1
2251,Ville G,2020-10-25,9999-12-31,1
2252,Ville Q,2020-10-26,9999-12-31,1
2253,Ville K,2020-10-27,9999-12-31,1
2254,Ville C,2020-10-28,9999-12-31,1
2255,Ville G,2020-10-28,9999-12-31,1
2256,Ville C,2020-10-28,9999-12-31,1
2257,Ville B,2020-10-29,9999-12-31,1
2258,Ville A,2020-10-30,9999-12-31,1
2259,Ville J,2020-10-30,9999-12-31,1
2260,Ville L,2020-10-31,2023-09-12,0
2260,Ville C,2023-09-13,9999-12-31,1
2261,Ville D,2020-10-31,9999-12-31,1
2262,Ville N,2020-11-01,9999-12-31,1
2263,Ville C,2020-11-01,2025-04-14,0
2263,Ville H,2025-04-15,9999-12-31,1
2264,Ville G,2020-11-01,9999-12-31,1
2265,Ville F,2020-11-02,9999-12-31,1
2266,Ville F,2020-11-03,2023-11-05,0
2266,Ville A,2023-11-06,9999-12-31,1
2267,Ville N,2020-11-03,2025-06-08,0
2267,Ville C,2025-06-09,9999-12-31,1
2268,Ville A,2020-11-05,9999-12-31,1
2269,Ville E,2020-11-05,9999-12-31,1
2270,Ville P,2020-11-05,9999-12-31,1
2271,Ville J,2020-11-06,9999-12-31,1
2272,Ville E,2020-11-06,9999-12-31,1
2273,Ville A,2020-11-06,9999-12-31,1
2274,Ville I,2020-11-07,2023-06-17,0
2274,Ville A,2023-06-18,9999-12-31,1
2275,Ville Q,2020-11-07,9999-12-31,1
2276,Ville G,2020-11-07,9999-12-31,1
2277,Ville F,2020-11-08,2025-08-05,0
2277,Ville B,2025-08-06,9999-12-31,1
2278,Ville G,2020-11-08,9999-12-31,1
2279,Ville J,2020-11-08,9999-12-31,1
2280,Ville A,2020-11-09,9999-12-31,1
2281,Ville B,2020-11-10,2024-01-18,0
2281,Ville G,2024-01-19,9999-12-31,1
2282,Ville A,2020-11-10,9999-12-31,1
2283,Ville C,2020-11-10,9999-12-31,1
2284,Ville F,2020-11-10,9999-12-31,1
2285,Ville M,2020-11-11,2024-02-25,0
2285,Ville L,2024-02-26,9999-12-31,1
2286,Ville T,2020-11-11,9999-12-31,1
2287,Ville P,2020-11-12,9999-12-31,1
2288,Ville E,2020-11-12,9999-12-31,1
2289,Ville K,2020-11-12,2023-08-05,0
2289,Ville E,2023-08-06,9999-12-31,1
2290,Ville K,2020-11-12,9999-12-31,1
2291,Ville B,2020-11-12,9999-12-31,1
2292,Ville K,2020-11-12,9999-12-31,1
2293,Ville M,2020-11-14,9999-12-31,1
2294,Ville B,2020-11-15,9999-12-31,1
2295,Ville K,2020-11-15,9999-12-31,1
2296,Ville A,2020-11-16,9999-12-31,1
2297,Ville D,2020-11-16,9999-12-31,1
2298,Ville D,2020-11-16,9999-12-31,1
2299,Ville D,2020-11-17,9999-12-31,1
2300,Ville F,2020-11-17,9999-12-31,1
2301,Ville L,2020-11-18,9999-12-31,1
2302,Ville I,2020-11-18,9999-12-31,1
2303,Ville B,2020-11-19,9999-12-31,1
2304,Ville L,2020-11-19,9999-12-31,1
2305,Ville C,2020-11-21,9999-12-31,1
2306,Ville C,2020-11-22,9999-12-31,1
2307,Ville E,2020-11-22,9999-12-31,1
2308,Ville N,2020-11-24,9999-12-31,1
2309,Ville L,2020-11-25,2023-04-05,0
2309,Ville M,2023-04-06,9999-12-31,1
2310,Ville O,2020-11-25,9999-12-31,1
2311,Ville L,2020-11-26,9999-12-31,1
2312,Ville B,2020-11-26,9999-12-31,1
2313,Ville D,2020-11-26,9999-12-31,1
2314,Ville K,2020-11-27,9999-12-31,1
2315,Ville J,2020-11-28,9999-12-31,1
2316,Ville H,2020-11-28,9999-12-31,1
2317,Ville G,2020-11-28,9999-12-31,1
2318,Ville A,2020-11-29,9999-12-31,1
2319,Ville C,2020-11-29,9999-12-31,1
2320,Ville A,2020-11-30,2023-04-26,0
2320,Ville E,2023-04-27,9999-12-31,1
2321,Ville P,2020-11-30,9999-12-31,1
2322,Ville I,2020-11-30,9999-12-31,1
2323,Ville A,2020-11-30,9999-12-31,1
2324,Ville D,2020-11-30,9999-12-31,1
2325,Ville M,2020-12-01,9999-12-31,1
2326,Ville B,2020-12-02,9999-12-31,1
2327,Ville G,2020-12-02,9999-12-31,1
2328,Ville K,2020-12-02,9999-12-31,1
2329,Ville H,2020-12-02,9999-12-31,1
2330,Ville B,2020-12-03,9999-12-31,1
2331,Ville K,2020-12-04,9999-12-31,1
2332,Ville F,2020-12-04,9999-12-31,1
2333,Ville J,2020-12-06,9999-12-31,1
2334,Ville B,2020-12-06,9999-12-31,1
2335,Ville A,2020-12-06,2023-12-25,0
2335,Ville I,2023-12-26,9999-12-31,1
2336,Ville A,2020-12-07,9999-12-31,1
2337,Ville C,2020-12-09,2023-06-20,0
2337,Ville D,2023-06-21,9999-12-31,1
2338,Ville H,2020-12-09,9999-12-31,1
2339,Ville A,2020-12-10,9999-12-31,1
2340,Ville E,2020-12-10,9999-12-31,1
2341,Ville E,2020-12-11,2023-11-25,0
2341,Ville H,2023-11-26,9999-12-31,1
2342,Ville A,2020-12-12,9999-12-31,1
2343,Ville D,2020-12-12,2023-09-08,0
2343,Ville C,2023-09-09,9999-12-31,1
2344,Ville A,2020-12-12,9999-12-31,1
2345,Ville Q,2020-12-13,9999-12-31,1
2346,Ville L,2020-12-13,9999-12-31,1
2347,Ville C,2020-12-14,9999-12-31,1
2348,Ville K,2020-12-15,9999-12-31,1
2349,Ville A,2020-12-15,9999-12-31,1
2350,Ville I,2020-12-15,9999-12-31,1
2351,Ville I,2020-12-15,9999-12-31,1
2352,Ville B,2020-12-15,9999-12-31,1
2353,Ville R,2020-12-16,9999-12-31,1
2354,Ville J,2020-12-17,9999-12-31,1
2355,Ville O,2020-12-17,9999-12-31,1
2356,Ville B,2020-12-17,9999-12-31,1
2357,Ville Q,2020-12-18,9999-12-31,1
2358,Ville D,2020-12-18,9999-12-31,1
2359,Ville E,2020-12-18,9999-12-31,1
2360,Ville A,2020-12-18,9999-12-31,1
2361,Ville F,2020-12-18,9999-12-31,1
2362,Ville T,2020-12-19,9999-12-31,1
2363,Ville G,2020-12-20,9999-12-31,1
2364,Ville A,2020-12-20,9999-12-31,1
2365,Ville I,2020-12-20,2025-05-19,0
2365,Ville C,2025-05-20,9999-12-31,1
2366,Ville E,2020-12-20,9999-12-31,1
2367,Ville B,2020-12-21,9999-12-31,1
2368,Ville G,2020-12-22,9999-12-31,1
2369,Ville B,2020-12-22,9999-12-31,1
2370,Ville A,2020-12-23,9999-12-31,1
2371,Ville B,2020-12-23,9999-12-31,1
2372,Ville B,2020-12-24,9999-12-31,1
2373,Ville E,2020-12-24,2023-04-16,0
2373,Ville M,2023-04-17,9999-12-31,1
2374,Ville B,2020-12-24,9999-12-31,1
2375,Ville E,2020-12-25,9999-12-31,1
2376,Ville B,2020-12-25,9999-12-31,1
2377,Ville J,2020-12-26,9999-12-31,1
2378,Ville E,2020-12-26,9999-12-31,1
2379,Ville G,2020-12-26,9999-12-31,1
2380,Ville G,2020-12-27,9999-12-31,1
2381,Ville P,2020-12-27,9999-12-31,1
2382,Ville D,2020-12-27,9999-12-31,1
2383,Ville E,2020-12-27,9999-12-31,1
2384,Ville P,2020-12-29,9999-12-31,1
2385,Ville D,2020-12-29,9999-12-31,1
2386,Ville C,2020-12-29,9999-12-31,1
2387,Ville C,2020-12-30,9999-12-31,1
2388,Ville D,2020-12-30,9999-12-31,1
2389,Ville F,2020-12-30,9999-12-31,1
2390,Ville C,2020-12-30,9999-12-31,1
2391,Ville K,2020-12-31,9999-12-31,1
2392,Ville E,2020-12-31,9999-12-31,1
2393,Ville E,2021-01-01,9999-12-31,1
2394,Ville F,2021-01-01,9999-12-31,1
2395,Ville A,2021-01-01,9999-12-31,1
2396,Ville G,2021-01-02,9999-12-31,1
2397,Ville G,2021-01-03,9999-12-31,1
2398,Ville E,2021-01-04,9999-12-31,1
2399,Ville J,2021-01-04,2025-09-24,0
2399,Ville A,2025-09-25,9999-12-31,1
2400,Ville F,2021-01-04,9999-12-31,1
2401,Ville B,2021-01-04,9999-12-31,1
2402,Ville H,2021-01-04,9999-12-31,1
2403,Ville E,2021-01-04,9999-12-31,1
2404,Ville M,2021-01-04,9999-12-31,1
2405,Ville A,2021-01-04,9999-12-31,1
2406,Ville D,2021-01-05,9999-12-31,1
2407,Ville T,2021-01-05,9999-12-31,1
2408,Ville A,2021-01-05,9999-12-31,1
2409,Ville S,2021-01-05,9999-12-31,1
2410,Ville A,2021-01-05,9999-12-31,1
2411,Ville H,2021-01-06,9999-12-31,1
2412,Ville I,2021-01-06,9999-12-31,1
2413,Ville A,2021-01-07,9999-12-31,1
2414,Ville A,2021-01-08,9999-12-31,1
2415,Ville B,2021-01-08,9999-12-31,1
2416,Ville I,2021-01-08,9999-12-31,1
2417,Ville C,2021-01-09,9999-12-31,1
2418,Ville O,2021-01-10,9999-12-31,1
2419,Ville G,2021-01-10,9999-12-31,1
2420,Ville A,2021-01-12,9999-12-31,1
2421,Ville M,2021-01-14,9999-12-31,1
2422,Ville I,2021-01-14,9999-12-31,1
2423,Ville N,2021-01-15,9999-12-31,1
2424,Ville H,2021-01-16,2024-04-02,0
2424,Ville M,2024-04-03,9999-12-31,1
2425,Ville H,2021-01-17,9999-12-31,1
2426,Ville N,2021-01-17,9999-12-31,1
2427,Ville I,2021-01-17,9999-12-31,1
2428,Ville E,2021-01-17,9999-12-31,1
2429,Ville H,2021-01-17,9999-12-31,1
2430,Ville L,2021-01-18,9999-12-31,1
2431,Ville N,2021-01-18,9999-12-31,1
2432,Ville M,2021-01-19,9999-12-31,1
2433,Ville I,2021-01-19,9999-12-31,1
2434,Ville B,2021-01-20,9999-12-31,1
2435,Ville B,2021-01-21,2023-09-12,0
2435,Ville A,2023-09-13,9999-12-31,1
2436,Ville K,2021-01-22,2023-05-06,0
2436,Ville C,2023-05-07,9999-12-31,1
2437,Ville C,2021-01-22,2024-02-28,0
2437,Ville B,2024-02-29,9999-12-31,1
2438,Ville B,2021-01-22,9999-12-31,1
2439,Ville B,2021-01-23,9999-12-31,1
2440,Ville C,2021-01-23,9999-12-31,1
2441,Ville H,2021-01-23,9999-12-31,1
2442,Ville E,2021-01-23,9999-12-31,1
2443,Ville D,2021-01-23,9999-12-31,1
2444,Ville M,2021-01-23,9999-12-31,1
2445,Ville S,2021-01-24,2023-07-30,0
2445,Ville I,2023-07-31,9999-12-31,1
2446,Ville A,2021-01-24,9999-12-31,1
2447,Ville D,2021-01-24,9999-12-31,1
2448,Ville R,2021-01-26,2024-07-03,0
2448,Ville I,2024-07-04,9999-12-31,1
2449,Ville L,2021-01-26,9999-12-31,1
2450,Ville C,2021-01-27,2025-04-16,0
2450,Ville E,2025-04-17,9999-12-31,1
2451,Ville A,2021-01-27,9999-12-31,1
2452,Ville B,2021-01-27,9999-12-31,1
2453,Ville A,2021-01-27,9999-12-31,1
2454,Ville K,2021-01-27,9999-12-31,1
2455,Ville C,2021-01-28,9999-12-31,1
2456,Ville D,2021-01-28,9999-12-31,1
2457,Ville J,2021-01-28,2025-08-16,0
2457,Ville H,2025-08-17,9999-12-31,1
2458,Ville G,2021-01-30,9999-12-31,1
2459,Ville O,2021-01-30,9999-12-31,1
2460,Ville D,2021-01-30,9999-12-31,1
2461,Ville R,2021-01-31,9999-12-31,1
2462,Ville C,2021-01-31,9999-12-31,1
2463,Ville A,2021-02-01,9999-12-31,1
2464,Ville L,2021-02-01,9999-12-31,1
2465,Ville E,2021-02-02,9999-12-31,1
2466,Ville A,2021-02-02,9999-12-31,1
2467,Ville A,2021-02-03,9999-12-31,1
2468,Ville H,2021-02-03,9999-12-31,1
2469,Ville A,2021-02-04,9999-12-31,1
2470,Ville N,2021-02-04,9999-12-31,1
2471,Ville C,2021-02-04,2024-10-20,0
2471,Ville B,2024-10-21,9999-12-31,1
2472,Ville F,2021-02-04,9999-12-31,1
2473,Ville C,2021-02-04,9999-12-31,1
2474,Ville S,2021-02-04,2023-12-15,0
2474,Ville C,2023-12-16,9999-12-31,1
2475,Ville J,2021-02-05,9999-12-31,1
2476,Ville B,2021-02-06,9999-12-31,1
2477,Ville D,2021-02-06,9999-12-31,1
2478,Ville B,2021-02-06,9999-12-31,1
2479,Ville A,2021-02-07,9999-12-31,1
2480,Ville F,2021-02-08,9999-12-31,1
2481,Ville B,2021-02-08,9999-12-31,1
2482,Ville I,2021-02-08,9999-12-31,1
2483,Ville B,2021-02-08,2024-11-03,0
2483,Ville A,2024-11-04,9999-12-31,1
2484,Ville F,2021-02-09,9999-12-31,1
2485,Ville D,2021-02-10,9999-12-31,1
2486,Ville G,2021-02-10,2024-05-06,0
2486,Ville N,2024-05-07,9999-12-31,1
2487,Ville J,2021-02-10,9999-12-31,1
2488,Ville M,2021-02-11,9999-12-31,1
2489,Ville B,2021-02-11,9999-12-31,1
2490,Ville O,2021-02-11,2025-07-01,0
2490,Ville N,2025-07-02,9999-12-31,1
2491,Ville I,2021-02-11,9999-12-31,1
2492,Ville E,2021-02-11,9999-12-31,1
2493,Ville K,2021-02-12,9999-12-31,1
2494,Ville B,2021-02-13,2024-04-21,0
2494,Ville A,2024-04-22,9999-12-31,1
2495,Ville C,2021-02-13,9999-12-31,1
2496,Ville F,2021-02-14,9999-12-31,1
2497,Ville G,2021-02-14,9999-12-31,1
2498,Ville B,2021-02-14,9999-12-31,1
2499,Ville C,2021-02-14,2023-04-10,0
2499,Ville D,2023-04-11,9999-12-31,1
2500,Ville A,2021-02-14,9999-12-31,1
2501,Ville C,2021-02-14,9999-12-31,1
2502,Ville K,2021-02-15,9999-12-31,1
2503,Ville C,2021-02-15,9999-12-31,1
2504,Ville F,2021-02-15,9999-12-31,1
2505,Ville Q,2021-02-16,9999-12-31,1
2506,Ville B,2021-02-17,9999-12-31,1
2507,Ville C,2021-02-17,2024-09-23,0
2507,Ville A,2024-09-24,9999-12-31,1
2508,Ville A,2021-02-17,9999-12-31,1
2509,Ville C,2021-02-17,9999-12-31,1
2510,Ville B,2021-02-17,9999-12-31,1
2511,Ville N,2021-02-18,9999-12-31,1
2512,Ville C,2021-02-18,9999-12-31,1
2513,Ville B,2021-02-18,9999-12-31,1
2514,Ville C,2021-02-18,9999-12-31,1
2515,Ville I,2021-02-19,9999-12-31,1
2516,Ville M,2021-02-20,9999-12-31,1
2517,Ville B,2021-02-20,9999-12-31,1
2518,Ville N,2021-02-21,9999-12-31,1
2519,Ville A,2021-02-21,9999-12-31,1
2520,Ville C,2021-02-21,9999-12-31,1
2521,Ville B,2021-02-21,9999-12-31,1
2522,Ville F,2021-02-21,9999-12-31,1
2523,Ville H,2021-02-22,9999-12-31,1
2524,Ville A,2021-02-22,9999-12-31,1
2525,Ville C,2021-02-22,9999-12-31,1
2526,Ville G,2021-02-22,9999-12-31,1
2527,Ville L,2021-02-22,2025-03-29,0
2527,Ville C,2025-03-30,9999-12-31,1
2528,Ville D,2021-02-22,9999-12-31,1
2529,Ville C,2021-02-23,9999-12-31,1
2530,Ville D,2021-02-24,9999-12-31,1
2531,Ville B,2021-02-24,9999-12-31,1
2532,Ville P,2021-02-24,9999-12-31,1
2533,Ville A,2021-02-24,9999-12-31,1
2534,Ville A,2021-02-24,9999-12-31,1
2535,Ville C,2021-02-26,9999-12-31,1
2536,Ville J,2021-02-26,9999-12-31,1
2537,Ville C,2021-02-26,9999-12-31,1
2538,Ville C,2021-02-28,9999-12-31,1
2539,Ville O,2021-02-28,9999-12-31,1
2540,Ville M,2021-02-28,9999-12-31,1
2541,Ville O,2021-02-28,9999-12-31,1
2542,Ville H,2021-03-01,9999-12-31,1
2543,Ville E,2021-03-02,9999-12-31,1
2544,Ville C,2021-03-02,9999-12-31,1
2545,Ville N,2021-03-03,9999-12-31,1
2546,Ville E,2021-03-04,9999-12-31,1
2547,Ville I,2021-03-04,9999-12-31,1
2548,Ville I,2021-03-04,9999-12-31,1
2549,Ville N,2021-03-04,9999-12-31,1
2550,Ville E,2021-03-04,9999-12-31,1
2551,Ville C,2021-03-04,9999-12-31,1
2552,Ville A,2021-03-05,9999-12-31,1
2553,Ville E,2021-03-07,9999-12-31,1
2554,Ville M,2021-03-07,9999-12-31,1
2555,Ville A,2021-03-07,9999-12-31,1
2556,Ville G,2021-03-07,9999-12-31,1
2557,Ville M,2021-03-08,9999-12-31,1
2558,Ville H,2021-03-08,9999-12-31,1
2559,Ville I,2021-03-08,9999-12-31,1
2560,Ville A,2021-03-08,9999-12-31,1
2561,Ville C,2021-03-09,9999-12-31,1
2562,Ville N,2021-03-10,9999-12-31,1
2563,Ville E,2021-03-10,9999-12-31,1
2564,Ville A,2021-03-11,9999-12-31,1
2565,Ville C,2021-03-12,9999-12-31,1
2566,Ville B,2021-03-12,9999-12-31,1
2567,Ville A,2021-03-12,2023-03-10,0
2567,Ville H,2023-03-11,9999-12-31,1
2568,Ville D,2021-03-13,9999-12-31,1
2569,Ville C,2021-03-14,9999-12-31,1
2570,Ville L,2021-03-14,2024-08-19,0
2570,Ville B,2024-08-20,9999-12-31,1
2571,Ville D,2021-03-14,9999-12-31,1
2572,Ville A,2021-03-14,9999-12-31,1
2573,Ville G,2021-03-15,9999-12-31,1
2574,Ville A,2021-03-17,9999-12-31,1
2575,Ville A,2021-03-18,9999-12-31,1
2576,Ville E,2021-03-18,9999-12-31,1
2577,Ville I,2021-03-18,9999-12-31,1
2578,Ville B,2021-03-19,2023-03-31,0
2578,Ville A,2023-04-01,9999-12-31,1
2579,Ville B,2021-03-20,2023-07-16,0
2579,Ville F,2023-07-17,9999-12-31,1
2580,Ville D,2021-03-20,9999-12-31,1
2581,Ville B,2021-03-21,9999-12-31,1
2582,Ville B,2021-03-21,9999-12-31,1
2583,Ville D,2021-03-21,9999-12-31,1
2584,Ville A,2021-03-22,9999-12-31,1
2585,Ville E,2021-03-22,9999-12-31,1
2586,Ville B,2021-03-22,9999-12-31,1
2587,Ville M,2021-03-22,9999-12-31,1
2588,Ville E,2021-03-23,9999-12-31,1
2589,Ville E,2021-03-23,9999-12-31,1
2590,Ville D,2021-03-23,9999-12-31,1
2591,Ville K,2021-03-23,9999-12-31,1
2592,Ville C,2021-03-24,9999-12-31,1
2593,Ville B,2021-03-24,9999-12-31,1
2594,Ville F,2021-03-25,9999-12-31,1
2595,Ville K,2021-03-26,9999-12-31,1
2596,Ville A,2021-03-27,9999-12-31,1
2597,Ville B,2021-03-27,9999-12-31,1
2598,Ville G,2021-03-27,9999-12-31,1
2599,Ville G,2021-03-28,9999-12-31,1
2600,Ville G,2021-03-30,9999-12-31,1
2601,Ville A,2021-03-30,9999-12-31,1
2602,Ville M,2021-03-30,9999-12-31,1
2603,Ville D,2021-03-30,9999-12-31,1
2604,Ville B,2021-03-30,9999-12-31,1
2605,Ville K,2021-03-30,9999-12-31,1
2606,Ville N,2021-03-30,9999-12-31,1
2607,Ville A,2021-03-31,9999-12-31,1
2608,Ville D,2021-03-31,9999-12-31,1
2609,Ville T,2021-04-01,9999-12-31,1
2610,Ville H,2021-04-01,9999-12-31,1
2611,Ville G,2021-04-01,2025-02-14,0
2611,Ville A,2025-02-15,9999-12-31,1
2612,Ville A,2021-04-01,9999-12-31,1
2613,Ville G,2021-04-02,2024-12-18,0
2613,Ville A,2024-12-19,9999-12-31,1
2614,Ville P,2021-04-02,2024-03-29,0
2614,Ville B,2024-03-30,9999-12-31,1
2615,Ville M,2021-04-02,9999-12-31,1
2616,Ville C,2021-04-02,2024-10-09,0
2616,Ville F,2024-10-10,9999-12-31,1
2617,Ville A,2021-04-04,9999-12-31,1
2618,Ville A,2021-04-04,9999-12-31,1
2619,Ville F,2021-04-04,9999-12-31,1
2620,Ville Q,2021-04-05,9999-12-31,1
2621,Ville M,2021-04-05,9999-12-31,1
2622,Ville H,2021-04-05,9999-12-31,1
2623,Ville A,2021-04-06,9999-12-31,1
2624,Ville B,2021-04-06,9999-12-31,1
2625,Ville E,2021-04-06,9999-12-31,1
2626,Ville B,2021-04-07,9999-12-31,1
2627,Ville B,2021-04-07,9999-12-31,1
2628,Ville C,2021-04-08,9999-12-31,1
2629,Ville F,2021-04-08,9999-12-31,1
2630,Ville G,2021-04-09,9999-12-31,1
2631,Ville J,2021-04-09,2023-05-07,0
2631,Ville A,2023-05-08,9999-12-31,1
2632,Ville G,2021-04-09,9999-12-31,1
2633,Ville N,2021-04-10,9999-12-31,1
2634,Ville C,2021-04-10,9999-12-31,1
2635,Ville F,2021-04-10,9999-12-31,1
2636,Ville Q,2021-04-11,9999-12-31,1
2637,Ville P,2021-04-11,2024-09-15,0
2637,Ville G,2024-09-16,9999-12-31,1
2638,Ville C,2021-04-12,9999-12-31,1
2639,Ville E,2021-04-12,9999-12-31,1
2640,Ville S,2021-04-13,9999-12-31,1
2641,Ville C,2021-04-14,9999-12-31,1
2642,Ville A,2021-04-15,9999-12-31,1
2643,Ville F,2021-04-15,9999-12-31,1
2644,Ville M,2021-04-16,9999-12-31,1
2645,Ville C,2021-04-17,9999-12-31,1
2646,Ville F,2021-04-17,9999-12-31,1
2647,Ville M,2021-04-17,9999-12-31,1
2648,Ville M,2021-04-18,2025-02-07,0
2648,Ville K,2025-02-08,9999-12-31,1
2649,Ville A,2021-04-18,9999-12-31,1
2650,Ville B,2021-04-19,9999-12-31,1
2651,Ville A,2021-04-21,9999-12-31,1
2652,Ville G,2021-04-21,9999-12-31,1
2653,Ville J,2021-04-22,2023-03-09,0
2653,Ville C,2023-03-10,9999-12-31,1
2654,Ville B,2021-04-22,9999-12-31,1
2655,Ville D,2021-04-23,9999-12-31,1
2656,Ville H,2021-04-24,9999-12-31,1
2657,Ville A,2021-04-24,9999-12-31,1
2658,Ville D,2021-04-24,9999-12-31,1
2659,Ville A,2021-04-24,9999-12-31,1
2660,Ville L,2021-04-25,9999-12-31,1
2661,Ville D,2021-04-25,9999-12-31,1
2662,Ville N,2021-04-26,2023-09-15,0
2662,Ville J,2023-09-16,9999-12-31,1
2663,Ville Q,2021-04-26,9999-12-31,1
2664,Ville F,2021-04-27,9999-12-31,1
2665,Ville K,2021-04-27,9999-12-31,1
2666,Ville A,2021-04-27,9999-12-31,1
2667,Ville P,2021-04-27,9999-12-31,1
2668,Ville J,2021-04-28,9999-12-31,1
2669,Ville B,2021-04-28,9999-12-31,1
2670,Ville F,2021-04-28,9999-12-31,1
2671,Ville B,2021-04-28,9999-12-31,1
2672,Ville B,2021-04-29,9999-12-31,1
2673,Ville H,2021-04-29,9999-12-31,1
2674,Ville D,2021-04-29,9999-12-31,1
2675,Ville I,2021-04-29,9999-12-31,1
2676,Ville H,2021-04-29,9999-12-31,1
2677,Ville E,2021-04-30,9999-12-31,1
2678,Ville D,2021-04-30,9999-12-31,1
2679,Ville B,2021-05-01,9999-12-31,1
2680,Ville R,2021-05-01,9999-12-31,1
2681,Ville G,2021-05-01,9999-12-31,1
2682,Ville G,2021-05-01,9999-12-31,1
2683,Ville B,2021-05-03,9999-12-31,1
2684,Ville A,2021-05-03,9999-12-31,1
2685,Ville A,2021-05-03,9999-12-31,1
2686,Ville G,2021-05-05,9999-12-31,1
2687,Ville B,2021-05-05,9999-12-31,1
2688,Ville B,2021-05-05,9999-12-31,1
2689,Ville I,2021-05-06,9999-12-31,1
2690,Ville A,2021-05-06,9999-12-31,1
2691,Ville A,2021-05-06,9999-12-31,1
2692,Ville F,2021-05-06,9999-12-31,1
2693,Ville E,2021-05-07,2025-02-09,0
2693,Ville C,2025-02-10,9999-12-31,1
2694,Ville C,2021-05-07,9999-12-31,1
2695,Ville H,2021-05-08,9999-12-31,1
2696,Ville A,2021-05-09,9999-12-31,1
2697,Ville H,2021-05-09,9999-12-31,1
2698,Ville C,2021-05-09,9999-12-31,1
2699,Ville M,2021-05-10,9999-12-31,1
2700,Ville I,2021-05-10,9999-12-31,1
2701,Ville L,2021-05-10,9999-12-31,1
2702,Ville H,2021-05-11,9999-12-31,1
2703,Ville C,2021-05-11,9999-12-31,1
2704,Ville D,2021-05-11,9999-12-31,1
2705,Ville H,2021-05-12,9999-12-31,1
2706,Ville G,2021-05-12,9999-12-31,1
2707,Ville C,2021-05-12,9999-12-31,1
2708,Ville K,2021-05-13,9999-12-31,1
2709,Ville C,2021-05-14,9999-12-31,1
2710,Ville E,2021-05-16,9999-12-31,1
2711,Ville A,2021-05-17,9999-12-31,1
2712,Ville E,2021-05-17,9999-12-31,1
2713,Ville E,2021-05-18,9999-12-31,1
2714,Ville C,2021-05-18,9999-12-31,1
2715,Ville F,2021-05-19,9999-12-31,1
2716,Ville B,2021-05-19,9999-12-31,1
2717,Ville F,2021-05-19,9999-12-31,1
2718,Ville K,2021-05-20,9999-12-31,1
2719,Ville C,2021-05-20,9999-12-31,1
2720,Ville B,2021-05-20,9999-12-31,1
2721,Ville R,2021-05-21,9999-12-31,1
2722,Ville D,2021-05-21,9999-12-31,1
2723,Ville I,2021-05-22,9999-12-31,1
2724,Ville F,2021-05-22,9999-12-31,1
2725,Ville N,2021-05-24,9999-12-31,1
2726,Ville D,2021-05-25,9999-12-31,1
2727,Ville G,2021-05-25,9999-12-31,1
2728,Ville I,2021-05-25,9999-12-31,1
2729,Ville M,2021-05-26,9999-12-31,1
2730,Ville M,2021-05-26,9999-12-31,1
2731,Ville I,2021-05-27,9999-12-31,1
2732,Ville A,2021-05-27,9999-12-31,1
2733,Ville H,2021-05-27,2025-03-17,0
2733,Ville A,2025-03-18,9999-12-31,1
2734,Ville C,2021-05-27,9999-12-31,1
2735,Ville G,2021-05-28,9999-12-31,1
2736,Ville J,2021-05-29,9999-12-31,1
2737,Ville B,2021-05-29,9999-12-31,1
2738,Ville A,2021-05-30,9999-12-31,1
2739,Ville M,2021-05-30,9999-12-31,1
2740,Ville D,2021-06-01,9999-12-31,1
2741,Ville E,2021-06-01,9999-12-31,1
2742,Ville C,2021-06-01,9999-12-31,1
2743,Ville I,2021-06-02,9999-12-31,1
2744,Ville I,2021-06-02,9999-12-31,1
2745,Ville C,2021-06-03,9999-12-31,1
2746,Ville D,2021-06-04,9999-12-31,1
2747,Ville C,2021-06-04,9999-12-31,1
2748,Ville D,2021-06-05,9999-12-31,1
2749,Ville Q,2021-06-05,9999-12-31,1
2750,Ville J,2021-06-05,2024-09-25,0
2750,Ville D,2024-09-26,9999-12-31,1
2751,Ville C,2021-06-06,9999-12-31,1
2752,Ville C,2021-06-06,9999-12-31,1
2753,Ville K,2021-06-06,9999-12-31,1
2754,Ville A,2021-06-06,9999-12-31,1
2755,Ville A,2021-06-07,9999-12-31,1
2756,Ville D,2021-06-08,9999-12-31,1
2757,Ville B,2021-06-08,9999-12-31,1
2758,Ville D,2021-06-10,9999-12-31,1
2759,Ville H,2021-06-11,9999-12-31,1
2760,Ville F,2021-06-11,9999-12-31,1
2761,Ville H,2021-06-11,9999-12-31,1
2762,Ville Q,2021-06-11,9999-12-31,1
2763,Ville B,2021-06-12,9999-12-31,1
2764,Ville Q,2021-06-12,2023-03-02,0
2764,Ville H,2023-03-03,9999-12-31,1
2765,Ville B,2021-06-12,9999-12-31,1
2766,Ville C,2021-06-13,9999-12-31,1
2767,Ville D,2021-06-13,9999-12-31,1
2768,Ville H,2021-06-14,9999-12-31,1
2769,Ville H,2021-06-15,9999-12-31,1
2770,Ville B,2021-06-16,9999-12-31,1
2771,Ville C,2021-06-16,9999-12-31,1
2772,Ville Q,2021-06-17,9999-12-31,1
2773,Ville C,2021-06-17,9999-12-31,1
2774,Ville M,2021-06-18,9999-12-31,1
2775,Ville F,2021-06-18,2023-04-14,0
2775,Ville A,2023-04-15,9999-12-31,1
2776,Ville F,2021-06-19,2023-12-11,0
2776,Ville B,2023-12-12,9999-12-31,1
2777,Ville F,2021-06-20,9999-12-31,1
2778,Ville C,2021-06-20,2025-01-30,0
2778,Ville A,2025-01-31,9999-12-31,1
2779,Ville C,2021-06-21,9999-12-31,1
2780,Ville D,2021-06-21,9999-12-31,1
2781,Ville A,2021-06-21,9999-12-31,1
2782,Ville H,2021-06-22,9999-12-31,1
2783,Ville F,2021-06-22,9999-12-31,1
2784,Ville J,2021-06-22,9999-12-31,1
2785,Ville J,2021-06-22,2024-12-05,0
2785,Ville M,2024-12-06,9999-12-31,1
2786,Ville I,2021-06-23,9999-12-31,1
2787,Ville F,2021-06-23,9999-12-31,1
2788,Ville N,2021-06-23,9999-12-31,1
2789,Ville I,2021-06-27,9999-12-31,1
2790,Ville C,2021-06-27,9999-12-31,1
2791,Ville O,2021-06-29,9999-12-31,1
2792,Ville G,2021-06-30,2023-07-19,0
2792,Ville B,2023-07-20,9999-12-31,1
2793,Ville F,2021-06-30,9999-12-31,1
2794,Ville C,2021-06-30,9999-12-31,1
2795,Ville A,2021-07-02,9999-12-31,1
2796,Ville H,2021-07-02,9999-12-31,1
2797,Ville J,2021-07-02,9999-12-31,1
2798,Ville F,2021-07-03,9999-12-31,1
2799,Ville H,2021-07-04,9999-12-31,1
2800,Ville M,2021-07-05,2023-03-04,0
2800,Ville I,2023-03-05,9999-12-31,1
2801,Ville N,2021-07-05,9999-12-31,1
2802,Ville A,2021-07-05,9999-12-31,1
2803,Ville F,2021-07-06,9999-12-31,1
2804,Ville T,2021-07-06,9999-12-31,1
2805,Ville D,2021-07-06,2024-02-02,0
2805,Ville B,2024-02-03,9999-12-31,1
2806,Ville B,2021-07-07,9999-12-31,1
2807,Ville E,2021-07-07,2023-06-18,0
2807,Ville D,2023-06-19,9999-12-31,1
2808,Ville E,2021-07-08,9999-12-31,1
2809,Ville A,2021-07-08,2024-08-13,0
2809,Ville E,2024-08-14,9999-12-31,1
2810,Ville F,2021-07-09,9999-12-31,1
2811,Ville G,2021-07-09,9999-12-31,1
2812,Ville B,2021-07-09,9999-12-31,1
2813,Ville A,2021-07-09,9999-12-31,1
2814,Ville M,2021-07-10,9999-12-31,1
2815,Ville E,2021-07-11,9999-12-31,1
2816,Ville D,2021-07-11,9999-12-31,1
2817,Ville C,2021-07-12,9999-12-31,1
2818,Ville D,2021-07-12,9999-12-31,1
2819,Ville C,2021-07-12,2023-03-26,0
2819,Ville I,2023-03-27,9999-12-31,1
2820,Ville C,2021-07-12,9999-12-31,1
2821,Ville K,2021-07-13,9999-12-31,1
2822,Ville F,2021-07-13,9999-12-31,1
2823,Ville A,2021-07-13,9999-12-31,1
2824,Ville J,2021-07-14,9999-12-31,1
2825,Ville A,2021-07-15,9999-12-31,1
2826,Ville L,2021-07-15,2023-04-10,0
2826,Ville J,2023-04-11,9999-12-31,1
2827,Ville C,2021-07-15,9999-12-31,1
2828,Ville D,2021-07-16,9999-12-31,1
2829,Ville E,2021-07-20,9999-12-31,1
2830,Ville A,2021-07-21,9999-12-31,1
2831,Ville P,2021-07-21,9999-12-31,1
2832,Ville C,2021-07-21,9999-12-31,1
2833,Ville B,2021-07-21,2024-02-27,0
2833,Ville A,2024-02-28,9999-12-31,1
2834,Ville K,2021-07-22,2025-01-20,0
2834,Ville B,2025-01-21,9999-12-31,1
2835,Ville A,2021-07-22,9999-12-31,1
2836,Ville S,2021-07-22,9999-12-31,1
2837,Ville B,2021-07-22,9999-12-31,1
2838,Ville M,2021-07-23,9999-12-31,1
2839,Ville F,2021-07-23,2023-07-24,0
2839,Ville N,2023-07-25,9999-12-31,1
2840,Ville F,2021-07-24,9999-12-31,1
2841,Ville B,2021-07-25,9999-12-31,1
2842,Ville H,2021-07-26,9999-12-31,1
2843,Ville J,2021-07-26,9999-12-31,1
2844,Ville B,2021-07-26,9999-12-31,1
2845,Ville S,2021-07-28,9999-12-31,1
2846,Ville E,2021-07-29,9999-12-31,1
2847,Ville P,2021-07-29,9999-12-31,1
2848,Ville A,2021-07-29,9999-12-31,1
2849,Ville J,2021-07-29,9999-12-31,1
2850,Ville C,2021-07-30,2025-03-21,0
2850,Ville B,2025-03-22,9999-12-31,1
2851,Ville N,2021-07-30,9999-12-31,1
2852,Ville J,2021-07-31,9999-12-31,1
2853,Ville B,2021-07-31,9999-12-31,1
2854,Ville Q,2021-07-31,9999-12-31,1
2855,Ville C,2021-07-31,9999-12-31,1
2856,Ville H,2021-07-31,9999-12-31,1
2857,Ville A,2021-07-31,9999-12-31,1
2858,Ville E,2021-08-01,9999-12-31,1
2859,Ville C,2021-08-01,9999-12-31,1
2860,Ville M,2021-08-01,9999-12-31,1
2861,Ville T,2021-08-03,9999-12-31,1
2862,Ville L,2021-08-03,9999-12-31,1
2863,Ville S,2021-08-03,9999-12-31,1
2864,Ville A,2021-08-03,9999-12-31,1
2865,Ville A,2021-08-04,9999-12-31,1
2866,Ville B,2021-08-04,9999-12-31,1
2867,Ville K,2021-08-04,9999-12-31,1
2868,Ville F,2021-08-05,2023-03-24,0
2868,Ville J,2023-03-25,9999-12-31,1
2869,Ville B,2021-08-05,9999-12-31,1
2870,Ville G,2021-08-05,9999-12-31,1
2871,Ville O,2021-08-06,9999-12-31,1
2872,Ville F,2021-08-06,9999-12-31,1
2873,Ville N,2021-08-07,2024-07-21,0
2873,Ville S,2024-07-22,9999-12-31,1
2874,Ville B,2021-08-07,9999-12-31,1
2875,Ville S,2021-08-07,9999-12-31,1
2876,Ville N,2021-08-08,9999-12-31,1
2877,Ville C,2021-08-09,9999-12-31,1
2878,Ville H,2021-08-09,9999-12-31,1
2879,Ville A,2021-08-10,9999-12-31,1
2880,Ville R,2021-08-10,9999-12-31,1
2881,Ville A,2021-08-10,9999-12-31,1
2882,Ville H,2021-08-10,9999-12-31,1
2883,Ville H,2021-08-10,9999-12-31,1
2884,Ville C,2021-08-11,2024-04-21,0
2884,Ville L,2024-04-22,9999-12-31,1
2885,Ville D,2021-08-11,2024-03-10,0
2885,Ville L,2024-03-11,9999-12-31,1
2886,Ville B,2021-08-11,9999-12-31,1
2887,Ville B,2021-08-11,9999-12-31,1
2888,Ville B,2021-08-12,9999-12-31,1
2889,Ville R,2021-08-12,9999-12-31,1
2890,Ville N,2021-08-12,9999-12-31,1
2891,Ville D,2021-08-12,9999-12-31,1
2892,Ville I,2021-08-13,9999-12-31,1
2893,Ville I,2021-08-14,9999-12-31,1
2894,Ville D,2021-08-14,9999-12-31,1
2895,Ville K,2021-08-15,9999-12-31,1
2896,Ville H,2021-08-15,9999-12-31,1
2897,Ville A,2021-08-16,9999-12-31,1
2898,Ville B,2021-08-16,9999-12-31,1
2899,Ville I,2021-08-17,9999-12-31,1
2900,Ville D,2021-08-17,9999-12-31,1
2901,Ville C,2021-08-18,9999-12-31,1
2902,Ville H,2021-08-18,9999-12-31,1
2903,Ville H,2021-08-19,9999-12-31,1
2904,Ville D,2021-08-19,9999-12-31,1
2905,Ville N,2021-08-19,9999-12-31,1
2906,Ville C,2021-08-20,2024-12-23,0
2906,Ville G,2024-12-24,9999-12-31,1
2907,Ville F,2021-08-20,9999-12-31,1
2908,Ville A,2021-08-20,9999-12-31,1
2909,Ville E,2021-08-20,9999-12-31,1
2910,Ville D,2021-08-22,9999-12-31,1
2911,Ville J,2021-08-23,9999-12-31,1
2912,Ville E,2021-08-23,9999-12-31,1
2913,Ville D,2021-08-23,9999-12-31,1
2914,Ville F,2021-08-24,9999-12-31,1
2915,Ville C,2021-08-24,9999-12-31,1
2916,Ville L,2021-08-25,9999-12-31,1
2917,Ville F,2021-08-26,2024-12-13,0
2917,Ville B,2024-12-14,9999-12-31,1
2918,Ville A,2021-08-26,9999-12-31,1
2919,Ville H,2021-08-27,9999-12-31,1
2920,Ville G,2021-08-27,9999-12-31,1
2921,Ville C,2021-08-28,9999-12-31,1
2922,Ville C,2021-08-28,9999-12-31,1
2923,Ville O,2021-08-28,9999-12-31,1
2924,Ville H,2021-08-28,9999-12-31,1
2925,Ville J,2021-08-28,2024-05-15,0
2925,Ville O,2024-05-16,9999-12-31,1
2926,Ville A,2021-08-29,9999-12-31,1
2927,Ville R,2021-08-29,9999-12-31,1
2928,Ville C,2021-08-29,9999-12-31,1
2929,Ville D,2021-08-30,9999-12-31,1
2930,Ville D,2021-09-01,9999-12-31,1
2931,Ville A,2021-09-01,9999-12-31,1
2932,Ville L,2021-09-01,9999-12-31,1
2933,Ville A,2021-09-01,9999-12-31,1
2934,Ville D,2021-09-01,9999-12-31,1
2935,Ville A,2021-09-01,9999-12-31,1
2936,Ville C,2021-09-02,9999-12-31,1
2937,Ville B,2021-09-02,9999-12-31,1
2938,Ville C,2021-09-02,9999-12-31,1
2939,Ville I,2021-09-02,9999-12-31,1
2940,Ville J,2021-09-02,9999-12-31,1
2941,Ville F,2021-09-02,9999-12-31,1
2942,Ville G,2021-09-02,9999-12-31,1
2943,Ville I,2021-09-03,2024-12-22,0
2943,Ville N,2024-12-23,9999-12-31,1
2944,Ville C,2021-09-04,9999-12-31,1
2945,Ville H,2021-09-06,9999-12-31,1
2946,Ville H,2021-09-07,9999-12-31,1
2947,Ville A,2021-09-08,9999-12-31,1
2948,Ville A,2021-09-08,9999-12-31,1
2949,Ville N,2021-09-09,9999-12-31,1
2950,Ville H,2021-09-09,9999-12-31,1
2951,Ville B,2021-09-09,9999-12-31,1
2952,Ville K,2021-09-09,2025-03-14,0
2952,Ville D,2025-03-15,9999-12-31,1
2953,Ville N,2021-09-09,9999-12-31,1
2954,Ville B,2021-09-10,9999-12-31,1
2955,Ville C,2021-09-10,9999-12-31,1
2956,Ville A,2021-09-10,9999-12-31,1
2957,Ville G,2021-09-11,2024-05-12,0
2957,Ville B,2024-05-13,9999-12-31,1
2958,Ville M,2021-09-12,9999-12-31,1
2959,Ville B,2021-09-13,9999-12-31,1
2960,Ville C,2021-09-13,9999-12-31,1
2961,Ville F,2021-09-13,9999-12-31,1
2962,Ville O,2021-09-15,9999-12-31,1
2963,Ville O,2021-09-16,9999-12-31,1
2964,Ville B,2021-09-16,9999-12-31,1
2965,Ville A,2021-09-16,2024-10-01,0
2965,Ville E,2024-10-02,9999-12-31,1
2966,Ville M,2021-09-16,9999-12-31,1
2967,Ville A,2021-09-17,9999-12-31,1
2968,Ville N,2021-09-17,9999-12-31,1
2969,Ville B,2021-09-19,2023-09-22,0
2969,Ville E,2023-09-23,9999-12-31,1
2970,Ville A,2021-09-19,2023-12-01,0
2970,Ville C,2023-12-02,9999-12-31,1
2971,Ville I,2021-09-19,9999-12-31,1
2972,Ville A,2021-09-20,9999-12-31,1
2973,Ville C,2021-09-21,9999-12-31,1
2974,Ville C,2021-09-21,9999-12-31,1
2975,Ville C,2021-09-21,9999-12-31,1
2976,Ville A,2021-09-21,9999-12-31,1
2977,Ville A,2021-09-22,9999-12-31,1
2978,Ville B,2021-09-22,9999-12-31,1
2979,Ville C,2021-09-22,9999-12-31,1
2980,Ville B,2021-09-22,9999-12-31,1
2981,Ville I,2021-09-23,9999-12-31,1
2982,Ville J,2021-09-24,9999-12-31,1
2983,Ville C,2021-09-24,9999-12-31,1
2984,Ville H,2021-09-24,9999-12-31,1
2985,Ville E,2021-09-26,9999-12-31,1
2986,Ville L,2021-09-26,9999-12-31,1
2987,Ville M,2021-09-26,9999-12-31,1
2988,Ville L,2021-09-27,9999-12-31,1
2989,Ville G,2021-09-28,9999-12-31,1
2990,Ville E,2021-09-29,9999-12-31,1
2991,Ville A,2021-10-01,2024-06-28,0
2991,Ville D,2024-06-29,9999-12-31,1
2992,Ville I,2021-10-01,9999-12-31,1
2993,Ville S,2021-10-02,9999-12-31,1
2994,Ville M,2021-10-02,9999-12-31,1
2995,Ville A,2021-10-02,2023-10-26,0
2995,Ville B,2023-10-27,9999-12-31,1
2996,Ville F,2021-10-02,9999-12-31,1
2997,Ville B,2021-10-02,9999-12-31,1
2998,Ville F,2021-10-03,9999-12-31,1
2999,Ville A,2021-10-03,9999-12-31,1
3000,Ville E,2021-10-03,9999-12-31,1
3001,Ville I,2021-10-04,9999-12-31,1
3002,Ville D,2021-10-04,9999-12-31,1
3003,Ville D,2021-10-05,9999-12-31,1
3004,Ville F,2021-10-06,9999-12-31,1
3005,Ville F,2021-10-06,9999-12-31,1
3006,Ville I,2021-10-06,9999-12-31,1
3007,Ville D,2021-10-06,9999-12-31,1
3008,Ville H,2021-10-06,9999-12-31,1
3009,Ville I,2021-10-07,9999-12-31,1
3010,Ville P,2021-10-07,9999-12-31,1
3011,Ville G,2021-10-07,9999-12-31,1
3012,Ville C,2021-10-08,9999-12-31,1
3013,Ville B,2021-10-09,9999-12-31,1
3014,Ville E,2021-10-09,2025-06-30,0
3014,Ville D,2025-07-01,9999-12-31,1
3015,Ville A,2021-10-09,9999-12-31,1
3016,Ville J,2021-10-09,9999-12-31,1
3017,Ville A,2021-10-11,9999-12-31,1
3018,Ville R,2021-10-12,2024-05-04,0
3018,Ville I,2024-05-05,9999-12-31,1
3019,Ville E,2021-10-12,9999-12-31,1
3020,Ville D,2021-10-12,9999-12-31,1
3021,Ville C,2021-10-13,9999-12-31,1
3022,Ville J,2021-10-13,9999-12-31,1
3023,Ville L,2021-10-14,2025-06-25,0
3023,Ville G,2025-06-26,9999-12-31,1
3024,Ville H,2021-10-14,9999-12-31,1
3025,Ville E,2021-10-14,9999-12-31,1
3026,Ville C,2021-10-15,9999-12-31,1
3027,Ville T,2021-10-15,9999-12-31,1
3028,Ville A,2021-10-15,9999-12-31,1
3029,Ville G,2021-10-16,9999-12-31,1
3030,Ville B,2021-10-16,9999-12-31,1
3031,Ville A,2021-10-16,9999-12-31,1
3032,Ville K,2021-10-17,2023-12-20,0
3032,Ville D,2023-12-21,9999-12-31,1
3033,Ville H,2021-10-17,2024-01-21,0
3033,Ville A,2024-01-22,9999-12-31,1
3034,Ville M,2021-10-18,2023-10-19,0
3034,Ville B,2023-10-20,9999-12-31,1
3035,Ville E,2021-10-19,9999-12-31,1
3036,Ville A,2021-10-19,9999-12-31,1
3037,Ville E,2021-10-20,9999-12-31,1
3038,Ville E,2021-10-21,9999-12-31,1
3039,Ville D,2021-10-21,9999-12-31,1
3040,Ville A,2021-10-22,9999-12-31,1
3041,Ville B,2021-10-24,9999-12-31,1
3042,Ville D,2021-10-24,9999-12-31,1
3043,Ville F,2021-10-24,9999-12-31,1
3044,Ville I,2021-10-24,9999-12-31,1
3045,Ville D,2021-10-26,9999-12-31,1
3046,Ville S,2021-10-26,9999-12-31,1
3047,Ville N,2021-10-26,2025-09-24,0
3047,Ville F,2025-09-25,9999-12-31,1
3048,Ville K,2021-10-26,9999-12-31,1
3049,Ville J,2021-10-26,9999-12-31,1
3050,Ville J,2021-10-27,2024-09-17,0
3050,Ville D,2024-09-18,9999-12-31,1
3051,Ville F,2021-10-27,9999-12-31,1
3052,Ville N,2021-10-29,9999-12-31,1
3053,Ville E,2021-10-29,9999-12-31,1
3054,Ville E,2021-10-29,9999-12-31,1
3055,Ville C,2021-10-29,2024-10-04,0
3055,Ville J,2024-10-05,9999-12-31,1
3056,Ville D,2021-10-30,9999-12-31,1
3057,Ville G,2021-10-31,9999-12-31,1
3058,Ville E,2021-11-02,9999-12-31,1
3059,Ville C,2021-11-02,9999-12-31,1
3060,Ville A,2021-11-02,9999-12-31,1
3061,Ville I,2021-11-02,9999-12-31,1
3062,Ville F,2021-11-02,9999-12-31,1
3063,Ville K,2021-11-03,9999-12-31,1
3064,Ville P,2021-11-03,9999-12-31,1
3065,Ville B,2021-11-03,9999-12-31,1
3066,Ville K,2021-11-04,2024-03-28,0
3066,Ville B,2024-03-29,9999-12-31,1
3067,Ville A,2021-11-05,9999-12-31,1
3068,Ville D,2021-11-05,9999-12-31,1
3069,Ville C,2021-11-06,2024-03-15,0
3069,Ville R,2024-03-16,9999-12-31,1
3070,Ville N,2021-11-07,9999-12-31,1
3071,Ville F,2021-11-08,9999-12-31,1
3072,Ville M,2021-11-09,9999-12-31,1
3073,Ville I,2021-11-09,9999-12-31,1
3074,Ville B,2021-11-10,9999-12-31,1
3075,Ville K,2021-11-11,9999-12-31,1
3076,Ville H,2021-11-11,9999-12-31,1
3077,Ville F,2021-11-11,9999-12-31,1
3078,Ville E,2021-11-11,9999-12-31,1
3079,Ville I,2021-11-11,9999-12-31,1
3080,Ville C,2021-11-12,2024-09-16,0
3080,Ville G,2024-09-17,9999-12-31,1
3081,Ville A,2021-11-12,9999-12-31,1
3082,Ville C,2021-11-13,9999-12-31,1
3083,Ville O,2021-11-13,9999-12-31,1
3084,Ville D,2021-11-13,9999-12-31,1
3085,Ville E,2021-11-13,2023-04-23,0
3085,Ville C,2023-04-24,9999-12-31,1
3086,Ville C,2021-11-14,9999-12-31,1
3087,Ville B,2021-11-14,2024-06-24,0
3087,Ville K,2024-06-25,9999-12-31,1
3088,Ville J,2021-11-15,9999-12-31,1
3089,Ville E,2021-11-15,9999-12-31,1
3090,Ville O,2021-11-16,9999-12-31,1
3091,Ville G,2021-11-16,2025-04-15,0
3091,Ville A,2025-04-16,9999-12-31,1
3092,Ville K,2021-11-16,2023-07-12,0
3092,Ville A,2023-07-13,9999-12-31,1
3093,Ville L,2021-11-16,9999-12-31,1
3094,Ville A,2021-11-18,9999-12-31,1
3095,Ville J,2021-11-18,9999-12-31,1
3096,Ville C,2021-11-18,2025-04-01,0
3096,Ville B,2025-04-02,9999-12-31,1
3097,Ville A,2021-11-19,9999-12-31,1
3098,Ville A,2021-11-19,9999-12-31,1
3099,Ville B,2021-11-20,9999-12-31,1
3100,Ville D,2021-11-20,9999-12-31,1
3101,Ville I,2021-11-21,9999-12-31,1
3102,Ville L,2021-11-21,9999-12-31,1
3103,Ville I,2021-11-21,9999-12-31,1
3104,Ville Q,2021-11-22,2024-05-14,0
3104,Ville F,2024-05-15,9999-12-31,1
3105,Ville H,2021-11-22,9999-12-31,1
3106,Ville A,2021-11-22,9999-12-31,1
3107,Ville D,2021-11-22,9999-12-31,1
3108,Ville A,2021-11-23,9999-12-31,1
3109,Ville B,2021-11-23,9999-12-31,1
3110,Ville K,2021-11-23,9999-12-31,1
3111,Ville N,2021-11-23,9999-12-31,1
3112,Ville D,2021-11-23,9999-12-31,1
3113,Ville B,2021-11-24,2023-07-20,0
3113,Ville M,2023-07-21,9999-12-31,1
3114,Ville S,2021-11-24,9999-12-31,1
3115,Ville D,2021-11-24,9999-12-31,1
3116,Ville N,2021-11-24,9999-12-31,1
3117,Ville I,2021-11-25,9999-12-31,1
3118,Ville E,2021-11-25,2025-04-12,0
3118,Ville A,2025-04-13,9999-12-31,1
3119,Ville E,2021-11-25,9999-12-31,1
3120,Ville B,2021-11-25,9999-12-31,1
3121,Ville D,2021-11-25,9999-12-31,1
3122,Ville A,2021-11-26,9999-12-31,1
3123,Ville O,2021-11-26,2025-06-08,0
3123,Ville I,2025-06-09,9999-12-31,1
3124,Ville C,2021-11-27,9999-12-31,1
3125,Ville C,2021-11-27,9999-12-31,1
3126,Ville G,2021-11-28,9999-12-31,1
3127,Ville C,2021-11-28,9999-12-31,1
3128,Ville J,2021-11-28,9999-12-31,1
3129,Ville I,2021-11-29,9999-12-31,1
3130,Ville B,2021-12-01,9999-12-31,1
3131,Ville D,2021-12-01,9999-12-31,1
3132,Ville B,2021-12-01,2024-02-23,0
3132,Ville E,2024-02-24,9999-12-31,1
3133,Ville O,2021-12-04,2024-06-08,0
3133,Ville A,2024-06-09,9999-12-31,1
3134,Ville A,2021-12-04,9999-12-31,1
3135,Ville B,2021-12-04,9999-12-31,1
3136,Ville K,2021-12-05,9999-12-31,1
3137,Ville F,2021-12-05,9999-12-31,1
3138,Ville C,2021-12-05,9999-12-31,1
3139,Ville O,2021-12-05,9999-12-31,1
3140,Ville B,2021-12-06,9999-12-31,1
3141,Ville I,2021-12-06,9999-12-31,1
3142,Ville G,2021-12-07,9999-12-31,1
3143,Ville F,2021-12-07,9999-12-31,1
3144,Ville E,2021-12-07,9999-12-31,1
3145,Ville B,2021-12-07,9999-12-31,1
3146,Ville D,2021-12-08,9999-12-31,1
3147,Ville E,2021-12-09,9999-12-31,1
3148,Ville B,2021-12-10,9999-12-31,1
3149,Ville S,2021-12-10,2025-08-02,0
3149,Ville L,2025-08-03,9999-12-31,1
3150,Ville L,2021-12-10,9999-12-31,1
3151,Ville E,2021-12-10,9999-12-31,1
3152,Ville A,2021-12-10,9999-12-31,1
3153,Ville M,2021-12-11,9999-12-31,1
3154,Ville A,2021-12-11,9999-12-31,1
3155,Ville B,2021-12-11,9999-12-31,1
3156,Ville A,2021-12-11,9999-12-31,1
3157,Ville B,2021-12-11,9999-12-31,1
3158,Ville B,2021-12-12,9999-12-31,1
3159,Ville N,2021-12-12,9999-12-31,1
3160,Ville A,2021-12-13,9999-12-31,1
3161,Ville C,2021-12-13,9999-12-31,1
3162,Ville B,2021-12-14,9999-12-31,1
3163,Ville A,2021-12-14,9999-12-31,1
3164,Ville F,2021-12-14,9999-12-31,1
3165,Ville C,2021-12-15,9999-12-31,1
3166,Ville D,2021-12-16,9999-12-31,1
3167,Ville G,2021-12-16,9999-12-31,1
3168,Ville A,2021-12-16,2024-08-03,0
3168,Ville F,2024-08-04,9999-12-31,1
3169,Ville L,2021-12-16,9999-12-31,1
3170,Ville B,2021-12-17,2025-09-22,0
3170,Ville A,2025-09-23,9999-12-31,1
3171,Ville D,2021-12-18,9999-12-31,1
3172,Ville A,2021-12-18,9999-12-31,1
3173,Ville S,2021-12-18,9999-12-31,1
3174,Ville A,2021-12-18,9999-12-31,1
3175,Ville K,2021-12-20,9999-12-31,1
3176,Ville B,2021-12-20,9999-12-31,1
3177,Ville B,2021-12-22,9999-12-31,1
3178,Ville A,2021-12-22,9999-12-31,1
3179,Ville A,2021-12-23,2025-07-12,0
3179,Ville B,2025-07-13,9999-12-31,1
3180,Ville H,2021-12-23,9999-12-31,1
3181,Ville C,2021-12-24,9999-12-31,1
3182,Ville L,2021-12-25,9999-12-31,1
3183,Ville J,2021-12-25,9999-12-31,1
3184,Ville I,2021-12-25,9999-12-31,1
3185,Ville C,2021-12-25,9999-12-31,1
3186,Ville F,2021-12-26,9999-12-31,1
3187,Ville E,2021-12-26,2025-04-19,0
3187,Ville C,2025-04-20,9999-12-31,1
3188,Ville C,2021-12-26,9999-12-31,1
3189,Ville B,2021-12-26,9999-12-31,1
3190,Ville E,2021-12-28,9999-12-31,1
3191,Ville L,2021-12-29,2023-04-08,0
3191,Ville G,2023-04-09,9999-12-31,1
3192,Ville G,2021-12-30,9999-12-31,1
3193,Ville K,2021-12-31,9999-12-31,1
3194,Ville C,2021-12-31,9999-12-31,1
3195,Ville G,2022-01-02,9999-12-31,1
3196,Ville F,2022-01-02,9999-12-31,1
3197,Ville I,2022-01-02,9999-12-31,1
3198,Ville B,2022-01-03,9999-12-31,1
3199,Ville B,2022-01-03,9999-12-31,1
3200,Ville G,2022-01-03,9999-12-31,1
3201,Ville C,2022-01-04,9999-12-31,1
3202,Ville D,2022-01-05,9999-12-31,1
3203,Ville Q,2022-01-06,9999-12-31,1
3204,Ville B,2022-01-07,9999-12-31,1
3205,Ville E,2022-01-07,2023-04-10,0
3205,Ville F,2023-04-11,9999-12-31,1
3206,Ville K,2022-01-08,9999-12-31,1
3207,Ville T,2022-01-08,9999-12-31,1
3208,Ville A,2022-01-08,9999-12-31,1
3209,Ville B,2022-01-09,9999-12-31,1
3210,Ville D,2022-01-10,9999-12-31,1
3211,Ville T,2022-01-12,9999-12-31,1
3212,Ville I,2022-01-12,9999-12-31,1
3213,Ville Q,2022-01-12,9999-12-31,1
3214,Ville P,2022-01-13,9999-12-31,1
3215,Ville C,2022-01-13,9999-12-31,1
3216,Ville C,2022-01-13,9999-12-31,1
3217,Ville M,2022-01-14,9999-12-31,1
3218,Ville E,2022-01-16,9999-12-31,1
3219,Ville J,2022-01-16,9999-12-31,1
3220,Ville S,2022-01-17,9999-12-31,1
3221,Ville B,2022-01-17,9999-12-31,1
3222,Ville P,2022-01-18,9999-12-31,1
3223,Ville B,2022-01-18,9999-12-31,1
3224,Ville S,2022-01-18,9999-12-31,1
3225,Ville R,2022-01-18,9999-12-31,1
3226,Ville H,2022-01-18,9999-12-31,1
3227,Ville B,2022-01-19,2023-10-21,0
3227,Ville C,2023-10-22,9999-12-31,1
3228,Ville A,2022-01-20,9999-12-31,1
3229,Ville B,2022-01-20,9999-12-31,1
3230,Ville B,2022-01-20,2024-02-10,0
3230,Ville F,2024-02-11,9999-12-31,1
3231,Ville B,2022-01-20,9999-12-31,1
3232,Ville M,2022-01-21,9999-12-31,1
3233,Ville A,2022-01-21,9999-12-31,1
3234,Ville H,2022-01-24,9999-12-31,1
3235,Ville F,2022-01-26,9999-12-31,1
3236,Ville C,2022-01-27,9999-12-31,1
3237,Ville G,2022-01-27,9999-12-31,1
3238,Ville E,2022-01-27,9999-12-31,1
3239,Ville A,2022-01-27,9999-12-31,1
3240,Ville L,2022-01-28,9999-12-31,1
3241,Ville A,2022-01-28,9999-12-31,1
3242,Ville G,2022-01-28,9999-12-31,1
3243,Ville B,2022-01-29,9999-12-31,1
3244,Ville A,2022-01-29,9999-12-31,1
3245,Ville P,2022-01-30,9999-12-31,1
3246,Ville F,2022-01-30,9999-12-31,1
3247,Ville R,2022-01-30,9999-12-31,1
3248,Ville C,2022-01-30,9999-12-31,1
3249,Ville K,2022-01-30,2024-05-17,0
3249,Ville D,2024-05-18,9999-12-31,1
3250,Ville B,2022-01-30,9999-12-31,1
3251,Ville B,2022-01-31,9999-12-31,1
3252,Ville B,2022-01-31,9999-12-31,1
3253,Ville C,2022-01-31,9999-12-31,1
3254,Ville O,2022-01-31,9999-12-31,1
3255,Ville G,2022-02-01,9999-12-31,1
3256,Ville G,2022-02-02,9999-12-31,1
3257,Ville C,2022-02-02,9999-12-31,1
3258,Ville M,2022-02-03,9999-12-31,1
3259,Ville B,2022-02-04,9999-12-31,1
3260,Ville N,2022-02-04,9999-12-31,1
3261,Ville F,2022-02-04,9999-12-31,1
3262,Ville F,2022-02-04,9999-12-31,1
3263,Ville C,2022-02-04,9999-12-31,1
3264,Ville G,2022-02-04,9999-12-31,1
3265,Ville N,2022-02-05,9999-12-31,1
3266,Ville G,2022-02-05,9999-12-31,1
3267,Ville D,2022-02-05,9999-12-31,1
3268,Ville B,2022-02-06,9999-12-31,1
3269,Ville A,2022-02-06,9999-12-31,1
3270,Ville B,2022-02-06,9999-12-31,1
3271,Ville R,2022-02-07,9999-12-31,1
3272,Ville H,2022-02-07,2025-08-23,0
3272,Ville C,2025-08-24,9999-12-31,1
3273,Ville K,2022-02-08,9999-12-31,1
3274,Ville A,2022-02-08,9999-12-31,1
3275,Ville A,2022-02-08,9999-12-31,1
3276,Ville A,2022-02-09,9999-12-31,1
3277,Ville B,2022-02-09,9999-12-31,1
3278,Ville A,2022-02-10,9999-12-31,1
3279,Ville A,2022-02-10,2023-07-04,0
3279,Ville F,2023-07-05,9999-12-31,1
3280,Ville D,2022-02-11,9999-12-31,1
3281,Ville C,2022-02-11,9999-12-31,1
3282,Ville D,2022-02-13,2024-03-27,0
3282,Ville P,2024-03-28,9999-12-31,1
3283,Ville M,2022-02-13,9999-12-31,1
3284,Ville F,2022-02-14,9999-12-31,1
3285,Ville C,2022-02-15,9999-12-31,1
3286,Ville A,2022-02-15,9999-12-31,1
3287,Ville H,2022-02-15,9999-12-31,1
3288,Ville D,2022-02-16,9999-12-31,1
3289,Ville B,2022-02-16,9999-12-31,1
3290,Ville G,2022-02-17,9999-12-31,1
3291,Ville H,2022-02-17,9999-12-31,1
3292,Ville K,2022-02-17,9999-12-31,1
3293,Ville H,2022-02-17,9999-12-31,1
3294,Ville C,2022-02-17,9999-12-31,1
3295,Ville E,2022-02-17,9999-12-31,1
3296,Ville R,2022-02-18,2023-11-19,0
3296,Ville I,2023-11-20,9999-12-31,1
3297,Ville D,2022-02-18,9999-12-31,1
3298,Ville B,2022-02-19,9999-12-31,1
3299,Ville B,2022-02-20,9999-12-31,1
3300,Ville B,2022-02-20,9999-12-31,1
3301,Ville H,2022-02-20,9999-12-31,1
3302,Ville C,2022-02-21,9999-12-31,1
3303,Ville J,2022-02-21,9999-12-31,1
3304,Ville A,2022-02-22,9999-12-31,1
3305,Ville E,2022-02-22,9999-12-31,1
3306,Ville C,2022-02-23,9999-12-31,1
3307,Ville N,2022-02-24,2024-04-04,0
3307,Ville D,2024-04-05,9999-12-31,1
3308,Ville M,2022-02-24,2024-05-04,0
3308,Ville E,2024-05-05,9999-12-31,1
3309,Ville B,2022-02-25,9999-12-31,1
3310,Ville F,2022-02-25,9999-12-31,1
3311,Ville B,2022-02-25,9999-12-31,1
3312,Ville C,2022-02-25,9999-12-31,1
3313,Ville C,2022-02-26,9999-12-31,1
3314,Ville H,2022-02-27,9999-12-31,1
3315,Ville J,2022-02-27,9999-12-31,1
3316,Ville M,2022-02-27,9999-12-31,1
3317,Ville J,2022-02-27,9999-12-31,1
3318,Ville E,2022-02-28,9999-12-31,1
3319,Ville H,2022-02-28,9999-12-31,1
3320,Ville D,2022-03-01,9999-12-31,1
3321,Ville I,2022-03-01,2025-09-13,0
3321,Ville B,2025-09-14,9999-12-31,1
3322,Ville J,2022-03-01,9999-12-31,1
3323,Ville H,2022-03-01,2024-10-25,0
3323,Ville G,2024-10-26,9999-12-31,1
3324,Ville C,2022-03-01,9999-12-31,1
3325,Ville D,2022-03-02,9999-12-31,1
3326,Ville C,2022-03-02,9999-12-31,1
3327,Ville A,2022-03-02,9999-12-31,1
3328,Ville A,2022-03-02,9999-12-31,1
3329,Ville D,2022-03-02,9999-12-31,1
3330,Ville O,2022-03-03,2025-05-25,0
3330,Ville D,2025-05-26,9999-12-31,1
3331,Ville E,2022-03-03,2023-05-26,0
3331,Ville M,2023-05-27,9999-12-31,1
3332,Ville F,2022-03-04,9999-12-31,1
3333,Ville A,2022-03-04,9999-12-31,1
3334,Ville L,2022-03-04,9999-12-31,1
3335,Ville O,2022-03-05,9999-12-31,1
3336,Ville B,2022-03-05,9999-12-31,1
3337,Ville E,2022-03-05,9999-12-31,1
3338,Ville I,2022-03-06,9999-12-31,1
3339,Ville A,2022-03-07,9999-12-31,1
3340,Ville I,2022-03-07,9999-12-31,1
3341,Ville C,2022-03-07,9999-12-31,1
3342,Ville A,2022-03-07,9999-12-31,1
3343,Ville D,2022-03-07,9999-12-31,1
3344,Ville G,2022-03-08,9999-12-31,1
3345,Ville I,2022-03-09,9999-12-31,1
3346,Ville E,2022-03-09,9999-12-31,1
3347,Ville G,2022-03-10,9999-12-31,1
3348,Ville P,2022-03-10,9999-12-31,1
3349,Ville H,2022-03-10,9999-12-31,1
3350,Ville H,2022-03-10,9999-12-31,1
3351,Ville O,2022-03-10,9999-12-31,1
3352,Ville I,2022-03-11,9999-12-31,1
3353,Ville C,2022-03-11,9999-12-31,1
3354,Ville G,2022-03-12,9999-12-31,1
3355,Ville R,2022-03-12,9999-12-31,1
3356,Ville A,2022-03-12,9999-12-31,1
3357,Ville D,2022-03-12,9999-12-31,1
3358,Ville A,2022-03-14,9999-12-31,1
3359,Ville J,2022-03-15,9999-12-31,1
3360,Ville A,2022-03-15,9999-12-31,1
3361,Ville D,2022-03-16,2024-12-04,0
3361,Ville B,2024-12-05,9999-12-31,1
3362,Ville D,2022-03-16,9999-12-31,1
3363,Ville K,2022-03-18,9999-12-31,1
3364,Ville K,2022-03-18,9999-12-31,1
3365,Ville A,2022-03-19,9999-12-31,1
3366,Ville I,2022-03-19,9999-12-31,1
3367,Ville L,2022-03-19,9999-12-31,1
3368,Ville L,2022-03-20,9999-12-31,1
3369,Ville B,2022-03-20,9999-12-31,1
3370,Ville C,2022-03-21,9999-12-31,1
3371,Ville D,2022-03-22,9999-12-31,1
3372,Ville I,2022-03-22,9999-12-31,1
3373,Ville B,2022-03-22,9999-12-31,1
3374,Ville F,2022-03-22,9999-12-31,1
3375,Ville A,2022-03-23,2024-05-04,0
3375,Ville B,2024-05-05,9999-12-31,1
3376,Ville D,2022-03-23,2024-11-30,0
3376,Ville A,2024-12-01,9999-12-31,1
3377,Ville F,2022-03-23,9999-12-31,1
3378,Ville I,2022-03-24,9999-12-31,1
3379,Ville E,2022-03-25,9999-12-31,1
3380,Ville M,2022-03-25,9999-12-31,1
3381,Ville M,2022-03-25,9999-12-31,1
3382,Ville I,2022-03-25,9999-12-31,1
3383,Ville G,2022-03-26,9999-12-31,1
3384,Ville G,2022-03-26,9999-12-31,1
3385,Ville O,2022-03-27,9999-12-31,1
3386,Ville K,2022-03-27,9999-12-31,1
3387,Ville O,2022-03-27,9999-12-31,1
3388,Ville G,2022-03-28,9999-12-31,1
3389,Ville G,2022-03-28,9999-12-31,1
3390,Ville N,2022-03-28,9999-12-31,1
3391,Ville C,2022-03-29,2024-04-18,0
3391,Ville B,2024-04-19,9999-12-31,1
3392,Ville F,2022-03-29,9999-12-31,1
3393,Ville G,2022-03-30,9999-12-31,1
3394,Ville D,2022-03-30,9999-12-31,1
3395,Ville B,2022-03-31,9999-12-31,1
3396,Ville F,2022-03-31,9999-12-31,1
3397,Ville H,2022-03-31,9999-12-31,1
3398,Ville B,2022-04-01,9999-12-31,1
3399,Ville E,2022-04-01,9999-12-31,1
3400,Ville F,2022-04-01,9999-12-31,1
3401,Ville E,2022-04-01,9999-12-31,1
3402,Ville F,2022-04-02,9999-12-31,1
3403,Ville D,2022-04-04,9999-12-31,1
3404,Ville E,2022-04-05,9999-12-31,1
3405,Ville C,2022-04-05,9999-12-31,1
3406,Ville F,2022-04-06,9999-12-31,1
3407,Ville D,2022-04-06,9999-12-31,1
3408,Ville L,2022-04-06,9999-12-31,1
3409,Ville A,2022-04-06,9999-12-31,1
3410,Ville I,2022-04-07,9999-12-31,1
3411,Ville C,2022-04-08,9999-12-31,1
3412,Ville B,2022-04-08,9999-12-31,1
3413,Ville A,2022-04-08,9999-12-31,1
3414,Ville D,2022-04-08,9999-12-31,1
3415,Ville A,2022-04-09,2023-03-26,0
3415,Ville S,2023-03-27,9999-12-31,1
3416,Ville E,2022-04-09,9999-12-31,1
3417,Ville G,2022-04-11,9999-12-31,1
3418,Ville A,2022-04-11,9999-12-31,1
3419,Ville E,2022-04-11,9999-12-31,1
3420,Ville A,2022-04-13,9999-12-31,1
3421,Ville D,2022-04-13,9999-12-31,1
3422,Ville E,2022-04-13,9999-12-31,1
3423,Ville A,2022-04-15,2023-06-27,0
3423,Ville E,2023-06-28,9999-12-31,1
3424,Ville K,2022-04-16,9999-12-31,1
3425,Ville D,2022-04-16,9999-12-31,1
3426,Ville K,2022-04-17,9999-12-31,1
3427,Ville E,2022-04-17,2025-01-21,0
3427,Ville C,2025-01-22,9999-12-31,1
3428,Ville M,2022-04-17,9999-12-31,1
3429,Ville F,2022-04-17,9999-12-31,1
3430,Ville K,2022-04-17,9999-12-31,1
3431,Ville D,2022-04-18,9999-12-31,1
3432,Ville C,2022-04-19,2025-03-17,0
3432,Ville J,2025-03-18,9999-12-31,1
3433,Ville F,2022-04-19,9999-12-31,1
3434,Ville F,2022-04-19,9999-12-31,1
3435,Ville A,2022-04-20,9999-12-31,1
3436,Ville G,2022-04-20,9999-12-31,1
3437,Ville Q,2022-04-20,9999-12-31,1
3438,Ville B,2022-04-21,9999-12-31,1
3439,Ville E,2022-04-21,9999-12-31,1
3440,Ville M,2022-04-21,9999-12-31,1
3441,Ville A,2022-04-22,9999-12-31,1
3442,Ville B,2022-04-22,9999-12-31,1
3443,Ville E,2022-04-22,9999-12-31,1
3444,Ville C,2022-04-22,9999-12-31,1
3445,Ville A,2022-04-22,9999-12-31,1
3446,Ville P,2022-04-23,2023-04-23,0
3446,Ville J,2023-04-24,9999-12-31,1
3447,Ville A,2022-04-25,9999-12-31,1
3448,Ville A,2022-04-26,9999-12-31,1
3449,Ville A,2022-04-26,9999-12-31,1
3450,Ville S,2022-04-26,9999-12-31,1
3451,Ville A,2022-04-27,9999-12-31,1
3452,Ville H,2022-04-27,9999-12-31,1
3453,Ville A,2022-04-28,9999-12-31,1
3454,Ville D,2022-04-28,9999-12-31,1
3455,Ville D,2022-04-28,9999-12-31,1
3456,Ville I,2022-04-29,9999-12-31,1
3457,Ville L,2022-04-29,9999-12-31,1
3458,Ville D,2022-04-29,9999-12-31,1
3459,Ville D,2022-04-30,9999-12-31,1
3460,Ville H,2022-04-30,9999-12-31,1
3461,Ville C,2022-04-30,9999-12-31,1
3462,Ville C,2022-04-30,9999-12-31,1
3463,Ville C,2022-04-30,2024-09-15,0
3463,Ville D,2024-09-16,9999-12-31,1
3464,Ville C,2022-05-01,9999-12-31,1
3465,Ville H,2022-05-01,9999-12-31,1
3466,Ville G,2022-05-01,2025-03-23,0
3466,Ville F,2025-03-24,9999-12-31,1
3467,Ville H,2022-05-01,9999-12-31,1
3468,Ville I,2022-05-01,9999-12-31,1
3469,Ville C,2022-05-02,2024-03-31,0
3469,Ville B,2024-04-01,9999-12-31,1
3470,Ville I,2022-05-02,9999-12-31,1
3471,Ville B,2022-05-02,9999-12-31,1
3472,Ville I,2022-05-03,9999-12-31,1
3473,Ville C,2022-05-03,9999-12-31,1
3474,Ville J,2022-05-03,9999-12-31,1
3475,Ville A,2022-05-05,9999-12-31,1
3476,Ville O,2022-05-05,9999-12-31,1
3477,Ville E,2022-05-06,9999-12-31,1
3478,Ville B,2022-05-06,9999-12-31,1
3479,Ville B,2022-05-06,2023-03-31,0
3479,Ville A,2023-04-01,9999-12-31,1
3480,Ville P,2022-05-07,9999-12-31,1
3481,Ville B,2022-05-07,2023-05-17,0
3481,Ville G,2023-05-18,9999-12-31,1
3482,Ville I,2022-05-08,2023-07-06,0
3482,Ville H,2023-07-07,9999-12-31,1
3483,Ville B,2022-05-08,9999-12-31,1
3484,Ville Q,2022-05-08,9999-12-31,1
3485,Ville I,2022-05-09,9999-12-31,1
3486,Ville I,2022-05-09,2023-05-28,0
3486,Ville G,2023-05-29,9999-12-31,1
3487,Ville S,2022-05-09,9999-12-31,1
3488,Ville B,2022-05-10,9999-12-31,1
3489,Ville I,2022-05-10,9999-12-31,1
3490,Ville A,2022-05-11,9999-12-31,1
3491,Ville G,2022-05-11,9999-12-31,1
3492,Ville G,2022-05-12,9999-12-31,1
3493,Ville B,2022-05-12,9999-12-31,1
3494,Ville D,2022-05-13,9999-12-31,1
3495,Ville L,2022-05-13,9999-12-31,1
3496,Ville C,2022-05-14,9999-12-31,1
3497,Ville D,2022-05-16,9999-12-31,1
3498,Ville A,2022-05-16,2023-04-30,0
3498,Ville H,2023-05-01,9999-12-31,1
3499,Ville H,2022-05-18,9999-12-31,1
3500,Ville H,2022-05-18,9999-12-31,1
3501,Ville E,2022-05-18,9999-12-31,1
3502,Ville A,2022-05-18,9999-12-31,1
3503,Ville M,2022-05-18,9999-12-31,1
3504,Ville E,2022-05-19,9999-12-31,1
3505,Ville A,2022-05-20,9999-12-31,1
3506,Ville C,2022-05-20,9999-12-31,1
3507,Ville A,2022-05-21,9999-12-31,1
3508,Ville B,2022-05-23,9999-12-31,1
3509,Ville H,2022-05-23,9999-12-31,1
3510,Ville A,2022-05-23,2025-06-12,0
3510,Ville M,2025-06-13,9999-12-31,1
3511,Ville D,2022-05-24,9999-12-31,1
3512,Ville K,2022-05-24,9999-12-31,1
3513,Ville C,2022-05-24,9999-12-31,1
3514,Ville B,2022-05-24,2023-07-20,0
3514,Ville D,2023-07-21,9999-12-31,1
3515,Ville D,2022-05-26,2024-02-14,0
3515,Ville B,2024-02-15,9999-12-31,1
3516,Ville R,2022-05-27,9999-12-31,1
3517,Ville J,2022-05-27,2023-04-27,0
3517,Ville E,2023-04-28,9999-12-31,1
3518,Ville E,2022-05-27,9999-12-31,1
3519,Ville H,2022-05-27,9999-12-31,1
3520,Ville K,2022-05-27,9999-12-31,1
3521,Ville E,2022-05-28,9999-12-31,1
3522,Ville I,2022-05-28,9999-12-31,1
3523,Ville K,2022-05-28,9999-12-31,1
3524,Ville A,2022-05-28,9999-12-31,1
3525,Ville A,2022-05-29,9999-12-31,1
3526,Ville B,2022-05-29,2024-08-10,0
3526,Ville E,2024-08-11,9999-12-31,1
3527,Ville G,2022-05-31,2023-07-30,0
3527,Ville E,2023-07-31,9999-12-31,1
3528,Ville G,2022-05-31,9999-12-31,1
3529,Ville I,2022-06-01,2023-12-17,0
3529,Ville D,2023-12-18,9999-12-31,1
3530,Ville A,2022-06-01,2023-05-12,0
3530,Ville F,2023-05-13,9999-12-31,1
3531,Ville C,2022-06-01,9999-12-31,1
3532,Ville D,2022-06-02,9999-12-31,1
3533,Ville K,2022-06-03,9999-12-31,1
3534,Ville G,2022-06-04,9999-12-31,1
3535,Ville D,2022-06-04,9999-12-31,1
3536,Ville F,2022-06-04,9999-12-31,1
3537,Ville C,2022-06-05,9999-12-31,1
3538,Ville A,2022-06-05,9999-12-31,1
3539,Ville N,2022-06-06,9999-12-31,1
3540,Ville D,2022-06-06,9999-12-31,1
3541,Ville A,2022-06-06,9999-12-31,1
3542,Ville G,2022-06-07,9999-12-31,1
3543,Ville E,2022-06-08,2023-12-04,0
3543,Ville H,2023-12-05,9999-12-31,1
3544,Ville H,2022-06-11,9999-12-31,1
3545,Ville F,2022-06-11,9999-12-31,1
3546,Ville M,2022-06-12,9999-12-31,1
3547,Ville C,2022-06-13,2024-10-27,0
3547,Ville G,2024-10-28,9999-12-31,1
3548,Ville E,2022-06-13,9999-12-31,1
3549,Ville E,2022-06-14,9999-12-31,1
3550,Ville A,2022-06-14,9999-12-31,1
3551,Ville L,2022-06-15,9999-12-31,1
3552,Ville K,2022-06-15,9999-12-31,1
3553,Ville G,2022-06-16,9999-12-31,1
3554,Ville A,2022-06-16,9999-12-31,1
3555,Ville I,2022-06-16,9999-12-31,1
3556,Ville B,2022-06-18,2024-09-03,0
3556,Ville I,2024-09-04,9999-12-31,1
3557,Ville B,2022-06-18,9999-12-31,1
3558,Ville I,2022-06-18,9999-12-31,1
3559,Ville A,2022-06-18,9999-12-31,1
3560,Ville C,2022-06-19,9999-12-31,1
3561,Ville B,2022-06-19,9999-12-31,1
3562,Ville C,2022-06-20,9999-12-31,1
3563,Ville Q,2022-06-20,9999-12-31,1
3564,Ville C,2022-06-21,9999-12-31,1
3565,Ville F,2022-06-22,9999-12-31,1
3566,Ville F,2022-06-22,9999-12-31,1
3567,Ville K,2022-06-22,2024-07-15,0
3567,Ville F,2024-07-16,9999-12-31,1
3568,Ville A,2022-06-24,9999-12-31,1
3569,Ville C,2022-06-24,2025-08-20,0
3569,Ville N,2025-08-21,9999-12-31,1
3570,Ville B,2022-06-24,9999-12-31,1
3571,Ville K,2022-06-24,9999-12-31,1
3572,Ville O,2022-06-24,9999-12-31,1
3573,Ville E,2022-06-25,9999-12-31,1
3574,Ville C,2022-06-25,9999-12-31,1
3575,Ville K,2022-06-27,9999-12-31,1
3576,Ville B,2022-06-27,9999-12-31,1
3577,Ville H,2022-06-27,9999-12-31,1
3578,Ville F,2022-06-27,9999-12-31,1
3579,Ville A,2022-06-28,9999-12-31,1
3580,Ville E,2022-06-29,9999-12-31,1
3581,Ville D,2022-06-29,2025-09-18,0
3581,Ville E,2025-09-19,9999-12-31,1
3582,Ville D,2022-06-30,9999-12-31,1
3583,Ville C,2022-06-30,9999-12-31,1
3584,Ville M,2022-07-01,9999-12-31,1
3585,Ville A,2022-07-01,9999-12-31,1
3586,Ville K,2022-07-02,9999-12-31,1
3587,Ville I,2022-07-02,9999-12-31,1
3588,Ville M,2022-07-02,9999-12-31,1
3589,Ville F,2022-07-02,9999-12-31,1
3590,Ville B,2022-07-03,9999-12-31,1
3591,Ville B,2022-07-03,9999-12-31,1
3592,Ville M,2022-07-04,9999-12-31,1
3593,Ville F,2022-07-04,9999-12-31,1
3594,Ville J,2022-07-05,9999-12-31,1
3595,Ville B,2022-07-05,9999-12-31,1
3596,Ville A,2022-07-05,9999-12-31,1
3597,Ville B,2022-07-05,9999-12-31,1
3598,Ville G,2022-07-05,9999-12-31,1
3599,Ville B,2022-07-06,9999-12-31,1
3600,Ville A,2022-07-06,9999-12-31,1
3601,Ville K,2022-07-07,9999-12-31,1
3602,Ville H,2022-07-07,2023-08-15,0
3602,Ville A,2023-08-16,9999-12-31,1
3603,Ville D,2022-07-08,9999-12-31,1
3604,Ville B,2022-07-09,9999-12-31,1
3605,Ville N,2022-07-09,9999-12-31,1
3606,Ville P,2022-07-09,9999-12-31,1
3607,Ville J,2022-07-10,9999-12-31,1
3608,Ville M,2022-07-10,9999-12-31,1
3609,Ville K,2022-07-11,9999-12-31,1
3610,Ville A,2022-07-11,2025-03-07,0
3610,Ville B,2025-03-08,9999-12-31,1
3611,Ville A,2022-07-11,9999-12-31,1
3612,Ville C,2022-07-12,9999-12-31,1
3613,Ville E,2022-07-12,9999-12-31,1
3614,Ville R,2022-07-12,9999-12-31,1
3615,Ville I,2022-07-12,9999-12-31,1
3616,Ville E,2022-07-13,9999-12-31,1
3617,Ville K,2022-07-13,9999-12-31,1
3618,Ville I,2022-07-13,9999-12-31,1
3619,Ville H,2022-07-13,2025-04-03,0
3619,Ville G,2025-04-04,9999-12-31,1
3620,Ville B,2022-07-14,9999-12-31,1
3621,Ville A,2022-07-14,9999-12-31,1
3622,Ville B,2022-07-15,9999-12-31,1
3623,Ville H,2022-07-16,9999-12-31,1
3624,Ville F,2022-07-16,9999-12-31,1
3625,Ville A,2022-07-17,2024-09-14,0
3625,Ville D,2024-09-15,9999-12-31,1
3626,Ville F,2022-07-17,9999-12-31,1
3627,Ville I,2022-07-18,9999-12-31,1
3628,Ville A,2022-07-18,9999-12-31,1
3629,Ville L,2022-07-19,9999-12-31,1
3630,Ville E,2022-07-19,9999-12-31,1
3631,Ville H,2022-07-20,9999-12-31,1
3632,Ville P,2022-07-20,9999-12-31,1
3633,Ville M,2022-07-21,9999-12-31,1
3634,Ville I,2022-07-22,9999-12-31,1
3635,Ville D,2022-07-22,9999-12-31,1
3636,Ville S,2022-07-23,9999-12-31,1
3637,Ville A,2022-07-23,9999-12-31,1
3638,Ville G,2022-07-24,9999-12-31,1
3639,Ville K,2022-07-24,2023-04-20,0
3639,Ville F,2023-04-21,9999-12-31,1
3640,Ville F,2022-07-24,9999-12-31,1
3641,Ville J,2022-07-25,9999-12-31,1
3642,Ville D,2022-07-25,9999-12-31,1
3643,Ville H,2022-07-26,9999-12-31,1
3644,Ville E,2022-07-26,9999-12-31,1
3645,Ville E,2022-07-26,9999-12-31,1
3646,Ville H,2022-07-27,9999-12-31,1
3647,Ville C,2022-07-27,9999-12-31,1
3648,Ville M,2022-07-27,9999-12-31,1
3649,Ville I,2022-07-27,2023-09-08,0
3649,Ville J,2023-09-09,9999-12-31,1
3650,Ville N,2022-07-27,9999-12-31,1
3651,Ville J,2022-07-29,9999-12-31,1
3652,Ville H,2022-07-29,9999-12-31,1
3653,Ville L,2022-07-30,9999-12-31,1
3654,Ville G,2022-07-31,9999-12-31,1
3655,Ville B,2022-08-01,9999-12-31,1
3656,Ville J,2022-08-01,9999-12-31,1
3657,Ville B,2022-08-01,9999-12-31,1
3658,Ville H,2022-08-02,9999-12-31,1
3659,Ville B,2022-08-03,9999-12-31,1
3660,Ville F,2022-08-03,9999-12-31,1
3661,Ville F,2022-08-03,9999-12-31,1
3662,Ville A,2022-08-03,9999-12-31,1
3663,Ville N,2022-08-03,9999-12-31,1
3664,Ville B,2022-08-03,9999-12-31,1
3665,Ville C,2022-08-04,9999-12-31,1
3666,Ville F,2022-08-05,9999-12-31,1
3667,Ville A,2022-08-06,9999-12-31,1
3668,Ville S,2022-08-06,9999-12-31,1
3669,Ville I,2022-08-06,9999-12-31,1
3670,Ville A,2022-08-07,9999-12-31,1
3671,Ville B,2022-08-07,9999-12-31,1
3672,Ville D,2022-08-08,9999-12-31,1
3673,Ville D,2022-08-08,9999-12-31,1
3674,Ville B,2022-08-09,9999-12-31,1
3675,Ville A,2022-08-10,9999-12-31,1
3676,Ville B,2022-08-10,2025-01-11,0
3676,Ville A,2025-01-12,9999-12-31,1
3677,Ville A,2022-08-10,9999-12-31,1
3678,Ville B,2022-08-11,9999-12-31,1
3679,Ville S,2022-08-11,9999-12-31,1
3680,Ville F,2022-08-11,9999-12-31,1
3681,Ville D,2022-08-12,9999-12-31,1
3682,Ville E,2022-08-13,9999-12-31,1
3683,Ville P,2022-08-13,9999-12-31,1
3684,Ville D,2022-08-13,2025-03-02,0
3684,Ville H,2025-03-03,9999-12-31,1
3685,Ville D,2022-08-14,9999-12-31,1
3686,Ville E,2022-08-14,9999-12-31,1
3687,Ville B,2022-08-14,9999-12-31,1
3688,Ville C,2022-08-15,9999-12-31,1
3689,Ville A,2022-08-15,9999-12-31,1
3690,Ville M,2022-08-16,9999-12-31,1
3691,Ville F,2022-08-17,2024-05-11,0
3691,Ville E,2024-05-12,9999-12-31,1
3692,Ville I,2022-08-17,9999-12-31,1
3693,Ville L,2022-08-17,9999-12-31,1
3694,Ville A,2022-08-18,9999-12-31,1
3695,Ville A,2022-08-19,9999-12-31,1
3696,Ville D,2022-08-19,9999-12-31,1
3697,Ville A,2022-08-19,9999-12-31,1
3698,Ville D,2022-08-19,9999-12-31,1
3699,Ville D,2022-08-20,9999-12-31,1
3700,Ville A,2022-08-20,9999-12-31,1
3701,Ville G,2022-08-22,9999-12-31,1
3702,Ville I,2022-08-22,9999-12-31,1
3703,Ville B,2022-08-23,9999-12-31,1
3704,Ville B,2022-08-23,9999-12-31,1
3705,Ville M,2022-08-24,9999-12-31,1
3706,Ville T,2022-08-25,9999-12-31,1
3707,Ville B,2022-08-26,9999-12-31,1
3708,Ville F,2022-08-26,9999-12-31,1
3709,Ville E,2022-08-26,9999-12-31,1
3710,Ville D,2022-08-27,2025-02-18,0
3710,Ville A,2025-02-19,9999-12-31,1
3711,Ville C,2022-08-27,9999-12-31,1
3712,Ville A,2022-08-29,9999-12-31,1
3713,Ville A,2022-08-29,9999-12-31,1
3714,Ville D,2022-08-29,9999-12-31,1
3715,Ville C,2022-08-29,9999-12-31,1
3716,Ville G,2022-08-30,9999-12-31,1
3717,Ville D,2022-08-30,9999-12-31,1
3718,Ville C,2022-08-31,2024-09-08,0
3718,Ville F,2024-09-09,9999-12-31,1
3719,Ville C,2022-08-31,9999-12-31,1
3720,Ville J,2022-09-01,9999-12-31,1
3721,Ville T,2022-09-01,2024-07-22,0
3721,Ville M,2024-07-23,9999-12-31,1
3722,Ville A,2022-09-01,9999-12-31,1
3723,Ville D,2022-09-01,9999-12-31,1
3724,Ville D,2022-09-01,9999-12-31,1
3725,Ville D,2022-09-01,9999-12-31,1
3726,Ville F,2022-09-02,2023-07-04,0
3726,Ville G,2023-07-05,9999-12-31,1
3727,Ville J,2022-09-03,9999-12-31,1
3728,Ville C,2022-09-03,9999-12-31,1
3729,Ville C,2022-09-03,9999-12-31,1
3730,Ville C,2022-09-04,9999-12-31,1
3731,Ville C,2022-09-04,9999-12-31,1
3732,Ville A,2022-09-04,9999-12-31,1
3733,Ville B,2022-09-05,9999-12-31,1
3734,Ville J,2022-09-05,9999-12-31,1
3735,Ville M,2022-09-06,2025-03-12,0
3735,Ville F,2025-03-13,9999-12-31,1
3736,Ville F,2022-09-07,9999-12-31,1
3737,Ville G,2022-09-09,9999-12-31,1
3738,Ville E,2022-09-09,2025-08-11,0
3738,Ville M,2025-08-12,9999-12-31,1
3739,Ville R,2022-09-09,9999-12-31,1
3740,Ville N,2022-09-09,9999-12-31,1
3741,Ville G,2022-09-10,9999-12-31,1
3742,Ville D,2022-09-11,9999-12-31,1
3743,Ville K,2022-09-11,9999-12-31,1
3744,Ville J,2022-09-12,9999-12-31,1
3745,Ville A,2022-09-13,9999-12-31,1
3746,Ville I,2022-09-13,9999-12-31,1
3747,Ville K,2022-09-13,9999-12-31,1
3748,Ville F,2022-09-13,9999-12-31,1
3749,Ville B,2022-09-14,9999-12-31,1
3750,Ville I,2022-09-14,9999-12-31,1
3751,Ville D,2022-09-15,9999-12-31,1
3752,Ville H,2022-09-15,9999-12-31,1
3753,Ville L,2022-09-15,9999-12-31,1
3754,Ville B,2022-09-16,2024-09-20,0
3754,Ville C,2024-09-21,9999-12-31,1
3755,Ville C,2022-09-16,2025-08-08,0
3755,Ville G,2025-08-09,9999-12-31,1
3756,Ville P,2022-09-16,9999-12-31,1
3757,Ville D,2022-09-17,9999-12-31,1
3758,Ville M,2022-09-17,9999-12-31,1
3759,Ville I,2022-09-18,9999-12-31,1
3760,Ville M,2022-09-18,9999-12-31,1
3761,Ville A,2022-09-19,9999-12-31,1
3762,Ville A,2022-09-19,9999-12-31,1
3763,Ville A,2022-09-19,9999-12-31,1
3764,Ville D,2022-09-20,9999-12-31,1
3765,Ville B,2022-09-20,9999-12-31,1
3766,Ville L,2022-09-20,9999-12-31,1
3767,Ville M,2022-09-20,9999-12-31,1
3768,Ville O,2022-09-20,9999-12-31,1
3769,Ville H,2022-09-20,9999-12-31,1
3770,Ville M,2022-09-20,9999-12-31,1
3771,Ville N,2022-09-21,9999-12-31,1
3772,Ville I,2022-09-21,9999-12-31,1
3773,Ville O,2022-09-22,2023-05-29,0
3773,Ville G,2023-05-30,9999-12-31,1
3774,Ville E,2022-09-22,9999-12-31,1
3775,Ville B,2022-09-23,9999-12-31,1
3776,Ville C,2022-09-23,9999-12-31,1
3777,Ville T,2022-09-23,9999-12-31,1
3778,Ville J,2022-09-24,9999-12-31,1
3779,Ville H,2022-09-24,9999-12-31,1
3780,Ville K,2022-09-25,9999-12-31,1
3781,Ville A,2022-09-26,9999-12-31,1
3782,Ville D,2022-09-26,9999-12-31,1
3783,Ville E,2022-09-26,9999-12-31,1
3784,Ville I,2022-09-26,9999-12-31,1
3785,Ville G,2022-09-27,9999-12-31,1
3786,Ville E,2022-09-27,9999-12-31,1
3787,Ville A,2022-09-28,9999-12-31,1
3788,Ville M,2022-09-28,9999-12-31,1
3789,Ville E,2022-09-28,2025-08-29,0
3789,Ville F,2025-08-30,9999-12-31,1
3790,Ville J,2022-09-29,9999-12-31,1
3791,Ville D,2022-09-29,9999-12-31,1
3792,Ville B,2022-09-30,2025-08-18,0
3792,Ville A,2025-08-19,9999-12-31,1
3793,Ville N,2022-09-30,9999-12-31,1
3794,Ville E,2022-09-30,9999-12-31,1
3795,Ville C,2022-09-30,9999-12-31,1
3796,Ville C,2022-09-30,2024-01-12,0
3796,Ville I,2024-01-13,9999-12-31,1
3797,Ville L,2022-09-30,9999-12-31,1
3798,Ville E,2022-09-30,9999-12-31,1
3799,Ville A,2022-09-30,9999-12-31,1
3800,Ville F,2022-10-01,2024-01-18,0
3800,Ville P,2024-01-19,9999-12-31,1
3801,Ville I,2022-10-01,9999-12-31,1
3802,Ville A,2022-10-02,9999-12-31,1
3803,Ville K,2022-10-02,9999-12-31,1
3804,Ville B,2022-10-02,9999-12-31,1
3805,Ville B,2022-10-02,9999-12-31,1
3806,Ville E,2022-10-03,9999-12-31,1
3807,Ville D,2022-10-04,9999-12-31,1
3808,Ville A,2022-10-04,9999-12-31,1
3809,Ville H,2022-10-05,9999-12-31,1
3810,Ville D,2022-10-06,9999-12-31,1
3811,Ville L,2022-10-06,9999-12-31,1
3812,Ville H,2022-10-06,2023-10-31,0
3812,Ville J,2023-11-01,9999-12-31,1
3813,Ville K,2022-10-06,9999-12-31,1
3814,Ville D,2022-10-06,9999-12-31,1
3815,Ville A,2022-10-06,9999-12-31,1
3816,Ville P,2022-10-06,9999-12-31,1
3817,Ville A,2022-10-06,9999-12-31,1
3818,Ville A,2022-10-06,9999-12-31,1
3819,Ville E,2022-10-06,9999-12-31,1
3820,Ville B,2022-10-09,9999-12-31,1
3821,Ville L,2022-10-09,9999-12-31,1
3822,Ville F,2022-10-10,9999-12-31,1
3823,Ville L,2022-10-12,9999-12-31,1
3824,Ville A,2022-10-12,9999-12-31,1
3825,Ville G,2022-10-13,9999-12-31,1
3826,Ville M,2022-10-14,9999-12-31,1
3827,Ville C,2022-10-14,9999-12-31,1
3828,Ville D,2022-10-14,9999-12-31,1
3829,Ville I,2022-10-14,9999-12-31,1
3830,Ville A,2022-10-14,9999-12-31,1
3831,Ville M,2022-10-15,9999-12-31,1
3832,Ville Q,2022-10-15,9999-12-31,1
3833,Ville D,2022-10-15,9999-12-31,1
3834,Ville E,2022-10-16,9999-12-31,1
3835,Ville G,2022-10-16,9999-12-31,1
3836,Ville I,2022-10-17,9999-12-31,1
3837,Ville I,2022-10-17,9999-12-31,1
3838,Ville G,2022-10-17,9999-12-31,1
3839,Ville E,2022-10-17,9999-12-31,1
3840,Ville K,2022-10-17,9999-12-31,1
3841,Ville B,2022-10-19,9999-12-31,1
3842,Ville A,2022-10-20,9999-12-31,1
3843,Ville C,2022-10-20,9999-12-31,1
3844,Ville S,2022-10-20,9999-12-31,1
3845,Ville C,2022-10-21,9999-12-31,1
3846,Ville P,2022-10-21,9999-12-31,1
3847,Ville A,2022-10-21,9999-12-31,1
3848,Ville K,2022-10-21,9999-12-31,1
3849,Ville C,2022-10-22,9999-12-31,1
3850,Ville E,2022-10-22,2025-09-27,0
3850,Ville A,2025-09-28,9999-12-31,1
3851,Ville D,2022-10-22,9999-12-31,1
3852,Ville E,2022-10-23,9999-12-31,1
3853,Ville F,2022-10-23,9999-12-31,1
3854,Ville C,2022-10-24,9999-12-31,1
3855,Ville C,2022-10-24,9999-12-31,1
3856,Ville J,2022-10-24,9999-12-31,1
3857,Ville K,2022-10-25,9999-12-31,1
3858,Ville D,2022-10-25,9999-12-31,1
3859,Ville B,2022-10-25,2025-03-31,0
3859,Ville C,2025-04-01,9999-12-31,1
3860,Ville C,2022-10-25,9999-12-31,1
3861,Ville G,2022-10-26,9999-12-31,1
3862,Ville A,2022-10-27,9999-12-31,1
3863,Ville O,2022-10-27,9999-12-31,1
3864,Ville C,2022-10-28,9999-12-31,1
3865,Ville F,2022-10-28,9999-12-31,1
3866,Ville D,2022-10-29,9999-12-31,1
3867,Ville A,2022-10-30,9999-12-31,1
3868,Ville H,2022-10-30,9999-12-31,1
3869,Ville C,2022-10-30,9999-12-31,1
3870,Ville P,2022-10-30,9999-12-31,1
3871,Ville A,2022-10-30,9999-12-31,1
3872,Ville G,2022-10-30,9999-12-31,1
3873,Ville C,2022-10-30,9999-12-31,1
3874,Ville K,2022-10-31,9999-12-31,1
3875,Ville A,2022-11-02,9999-12-31,1
3876,Ville O,2022-11-02,9999-12-31,1
3877,Ville P,2022-11-02,9999-12-31,1
3878,Ville C,2022-11-02,9999-12-31,1
3879,Ville D,2022-11-02,9999-12-31,1
3880,Ville R,2022-11-02,9999-12-31,1
3881,Ville M,2022-11-03,9999-12-31,1
3882,Ville P,2022-11-03,9999-12-31,1
3883,Ville A,2022-11-05,9999-12-31,1
3884,Ville G,2022-11-06,9999-12-31,1
3885,Ville L,2022-11-07,9999-12-31,1
3886,Ville A,2022-11-07,9999-12-31,1
3887,Ville C,2022-11-07,9999-12-31,1
3888,Ville B,2022-11-07,9999-12-31,1
3889,Ville L,2022-11-08,9999-12-31,1
3890,Ville K,2022-11-08,9999-12-31,1
3891,Ville N,2022-11-09,9999-12-31,1
3892,Ville D,2022-11-09,9999-12-31,1
3893,Ville D,2022-11-10,9999-12-31,1
3894,Ville H,2022-11-10,9999-12-31,1
3895,Ville K,2022-11-10,9999-12-31,1
3896,Ville L,2022-11-10,9999-12-31,1
3897,Ville I,2022-11-11,9999-12-31,1
3898,Ville I,2022-11-11,9999-12-31,1
3899,Ville H,2022-11-11,2023-04-13,0
3899,Ville B,2023-04-14,9999-12-31,1
3900,Ville D,2022-11-11,9999-12-31,1
3901,Ville A,2022-11-11,9999-12-31,1
3902,Ville C,2022-11-12,9999-12-31,1
3903,Ville G,2022-11-12,9999-12-31,1
3904,Ville D,2022-11-12,9999-12-31,1
3905,Ville K,2022-11-13,9999-12-31,1
3906,Ville E,2022-11-13,9999-12-31,1
3907,Ville C,2022-11-15,2023-12-15,0
3907,Ville B,2023-12-16,9999-12-31,1
3908,Ville G,2022-11-15,9999-12-31,1
3909,Ville F,2022-11-17,9999-12-31,1
3910,Ville E,2022-11-17,9999-12-31,1
3911,Ville J,2022-11-18,9999-12-31,1
3912,Ville I,2022-11-19,9999-12-31,1
3913,Ville B,2022-11-20,9999-12-31,1
3914,Ville R,2022-11-20,9999-12-31,1
3915,Ville C,2022-11-20,9999-12-31,1
3916,Ville Q,2022-11-20,9999-12-31,1
3917,Ville A,2022-11-21,9999-12-31,1
3918,Ville N,2022-11-22,9999-12-31,1
3919,Ville D,2022-11-22,2023-05-28,0
3919,Ville N,2023-05-29,9999-12-31,1
3920,Ville A,2022-11-23,9999-12-31,1
3921,Ville M,2022-11-23,9999-12-31,1
3922,Ville E,2022-11-24,2024-06-07,0
3922,Ville A,2024-06-08,9999-12-31,1
3923,Ville E,2022-11-24,9999-12-31,1
3924,Ville B,2022-11-25,9999-12-31,1
3925,Ville A,2022-11-25,9999-12-31,1
3926,Ville E,2022-11-25,9999-12-31,1
3927,Ville P,2022-11-26,9999-12-31,1
3928,Ville B,2022-11-26,9999-12-31,1
3929,Ville G,2022-11-27,9999-12-31,1
3930,Ville M,2022-11-28,9999-12-31,1
3931,Ville C,2022-11-29,9999-12-31,1
3932,Ville F,2022-11-29,9999-12-31,1
3933,Ville D,2022-11-29,9999-12-31,1
3934,Ville D,2022-11-29,9999-12-31,1
3935,Ville N,2022-12-01,9999-12-31,1
3936,Ville M,2022-12-01,9999-12-31,1
3937,Ville F,2022-12-01,9999-12-31,1
3938,Ville G,2022-12-02,9999-12-31,1
3939,Ville E,2022-12-03,9999-12-31,1
3940,Ville D,2022-12-03,2024-10-19,0
3940,Ville E,2024-10-20,9999-12-31,1
3941,Ville C,2022-12-04,9999-12-31,1
3942,Ville A,2022-12-04,9999-12-31,1
3943,Ville M,2022-12-04,9999-12-31,1
3944,Ville I,2022-12-05,9999-12-31,1
3945,Ville A,2022-12-05,9999-12-31,1
3946,Ville I,2022-12-05,9999-12-31,1
3947,Ville D,2022-12-05,9999-12-31,1
3948,Ville B,2022-12-06,9999-12-31,1
3949,Ville H,2022-12-06,9999-12-31,1
3950,Ville F,2022-12-06,9999-12-31,1
3951,Ville O,2022-12-07,9999-12-31,1
3952,Ville H,2022-12-07,9999-12-31,1
3953,Ville F,2022-12-08,9999-12-31,1
3954,Ville E,2022-12-09,9999-12-31,1
3955,Ville R,2022-12-09,9999-12-31,1
3956,Ville D,2022-12-10,9999-12-31,1
3957,Ville F,2022-12-10,9999-12-31,1
3958,Ville E,2022-12-10,2023-09-05,0
3958,Ville B,2023-09-06,9999-12-31,1
3959,Ville M,2022-12-11,9999-12-31,1
3960,Ville D,2022-12-11,9999-12-31,1
3961,Ville G,2022-12-11,9999-12-31,1
3962,Ville F,2022-12-12,9999-12-31,1
3963,Ville C,2022-12-12,9999-12-31,1
3964,Ville G,2022-12-12,9999-12-31,1
3965,Ville H,2022-12-13,9999-12-31,1
3966,Ville A,2022-12-14,9999-12-31,1
3967,Ville A,2022-12-14,9999-12-31,1
3968,Ville A,2022-12-14,9999-12-31,1
3969,Ville A,2022-12-14,9999-12-31,1
3970,Ville N,2022-12-16,9999-12-31,1
3971,Ville C,2022-12-16,9999-12-31,1
3972,Ville R,2022-12-17,9999-12-31,1
3973,Ville E,2022-12-17,9999-12-31,1
3974,Ville B,2022-12-17,9999-12-31,1
3975,Ville C,2022-12-17,9999-12-31,1
3976,Ville A,2022-12-18,9999-12-31,1
3977,Ville K,2022-12-19,9999-12-31,1
3978,Ville T,2022-12-19,9999-12-31,1
3979,Ville C,2022-12-19,9999-12-31,1
3980,Ville M,2022-12-20,9999-12-31,1
3981,Ville C,2022-12-20,9999-12-31,1
3982,Ville A,2022-12-20,9999-12-31,1
3983,Ville K,2022-12-21,9999-12-31,1
3984,Ville B,2022-12-22,9999-12-31,1
3985,Ville D,2022-12-22,9999-12-31,1
3986,Ville B,2022-12-23,9999-12-31,1
3987,Ville E,2022-12-23,9999-12-31,1
3988,Ville E,2022-12-24,9999-12-31,1
3989,Ville S,2022-12-25,2024-06-09,0
3989,Ville B,2024-06-10,9999-12-31,1
3990,Ville B,2022-12-26,9999-12-31,1
3991,Ville B,2022-12-28,9999-12-31,1
3992,Ville C,2022-12-29,9999-12-31,1
3993,Ville K,2022-12-30,9999-12-31,1
3994,Ville Q,2022-12-30,9999-12-31,1
3995,Ville S,2022-12-30,2025-05-10,0
3995,Ville L,2025-05-11,9999-12-31,1
3996,Ville A,2022-12-30,9999-12-31,1
3997,Ville N,2022-12-30,2024-03-28,0
3997,Ville Q,2024-03-29,9999-12-31,1
3998,Ville P,2022-12-31,9999-12-31,1
3999,Ville E,2022-12-31,9999-12-31,1
4000,Ville G,2022-12-31,9999-12-31,1
4001,Ville E,2023-01-01,9999-12-31,1
4002,Ville M,2023-01-01,9999-12-31,1
4003,Ville K,2023-01-01,9999-12-31,1
4004,Ville H,2023-01-02,9999-12-31,1
4005,Ville A,2023-01-03,9999-12-31,1
4006,Ville F,2023-01-03,9999-12-31,1
4007,Ville A,2023-01-03,9999-12-31,1
4008,Ville K,2023-01-04,9999-12-31,1
4009,Ville A,2023-01-04,9999-12-31,1
4010,Ville I,2023-01-04,9999-12-31,1
4011,Ville A,2023-01-04,9999-12-31,1
4012,Ville B,2023-01-04,9999-12-31,1
4013,Ville N,2023-01-05,9999-12-31,1
4014,Ville O,2023-01-07,9999-12-31,1
4015,Ville K,2023-01-07,2023-03-18,0
4015,Ville L,2023-03-19,9999-12-31,1
4016,Ville H,2023-01-07,9999-12-31,1
4017,Ville G,2023-01-07,9999-12-31,1
4018,Ville K,2023-01-07,9999-12-31,1
4019,Ville O,2023-01-07,9999-12-31,1
4020,Ville M,2023-01-09,9999-12-31,1
4021,Ville O,2023-01-09,9999-12-31,1
4022,Ville C,2023-01-09,9999-12-31,1
4023,Ville H,2023-01-10,9999-12-31,1
4024,Ville D,2023-01-11,2023-10-11,0
4024,Ville G,2023-10-12,9999-12-31,1
4025,Ville E,2023-01-11,2023-11-09,0
4025,Ville J,2023-11-10,9999-12-31,1
4026,Ville B,2023-01-11,9999-12-31,1
4027,Ville L,2023-01-11,9999-12-31,1
4028,Ville K,2023-01-12,9999-12-31,1
4029,Ville G,2023-01-13,9999-12-31,1
4030,Ville P,2023-01-13,9999-12-31,1
4031,Ville C,2023-01-15,9999-12-31,1
4032,Ville A,2023-01-16,9999-12-31,1
4033,Ville E,2023-01-16,9999-12-31,1
4034,Ville J,2023-01-16,9999-12-31,1
4035,Ville C,2023-01-17,9999-12-31,1
4036,Ville K,2023-01-18,9999-12-31,1
4037,Ville H,2023-01-18,9999-12-31,1
4038,Ville C,2023-01-19,9999-12-31,1
4039,Ville D,2023-01-20,9999-12-31,1
4040,Ville H,2023-01-20,9999-12-31,1
4041,Ville H,2023-01-20,9999-12-31,1
4042,Ville Q,2023-01-21,9999-12-31,1
4043,Ville E,2023-01-21,9999-12-31,1
4044,Ville I,2023-01-21,9999-12-31,1
4045,Ville D,2023-01-21,9999-12-31,1
4046,Ville F,2023-01-22,9999-12-31,1
4047,Ville M,2023-01-22,9999-12-31,1
4048,Ville B,2023-01-23,9999-12-31,1
4049,Ville C,2023-01-25,9999-12-31,1
4050,Ville H,2023-01-25,9999-12-31,1
4051,Ville Q,2023-01-25,9999-12-31,1
4052,Ville E,2023-01-25,9999-12-31,1
4053,Ville O,2023-01-26,9999-12-31,1
4054,Ville B,2023-01-26,9999-12-31,1
4055,Ville I,2023-01-26,9999-12-31,1
4056,Ville L,2023-01-27,9999-12-31,1
4057,Ville T,2023-01-27,9999-12-31,1
4058,Ville A,2023-01-28,9999-12-31,1
4059,Ville G,2023-01-29,9999-12-31,1
4060,Ville O,2023-01-29,9999-12-31,1
4061,Ville A,2023-01-29,9999-12-31,1
4062,Ville M,2023-01-30,9999-12-31,1
4063,Ville C,2023-01-31,9999-12-31,1
4064,Ville K,2023-01-31,9999-12-31,1
4065,Ville E,2023-02-01,2024-11-28,0
4065,Ville S,2024-11-29,9999-12-31,1
4066,Ville C,2023-02-03,9999-12-31,1
4067,Ville L,2023-02-04,9999-12-31,1
4068,Ville G,2023-02-05,9999-12-31,1
4069,Ville A,2023-02-06,9999-12-31,1
4070,Ville D,2023-02-06,9999-12-31,1
4071,Ville D,2023-02-06,9999-12-31,1
4072,Ville A,2023-02-06,9999-12-31,1
4073,Ville F,2023-02-08,9999-12-31,1
4074,Ville H,2023-02-08,9999-12-31,1
4075,Ville J,2023-02-08,9999-12-31,1
4076,Ville A,2023-02-08,9999-12-31,1
4077,Ville C,2023-02-10,9999-12-31,1
4078,Ville D,2023-02-10,9999-12-31,1
4079,Ville E,2023-02-11,9999-12-31,1
4080,Ville A,2023-02-12,9999-12-31,1
4081,Ville C,2023-02-13,9999-12-31,1
4082,Ville A,2023-02-13,9999-12-31,1
4083,Ville B,2023-02-13,9999-12-31,1
4084,Ville J,2023-02-14,9999-12-31,1
4085,Ville C,2023-02-14,9999-12-31,1
4086,Ville O,2023-02-14,9999-12-31,1
4087,Ville A,2023-02-14,9999-12-31,1
4088,Ville I,2023-02-15,9999-12-31,1
4089,Ville A,2023-02-15,9999-12-31,1
4090,Ville A,2023-02-15,9999-12-31,1
4091,Ville J,2023-02-15,9999-12-31,1
4092,Ville C,2023-02-15,9999-12-31,1
4093,Ville D,2023-02-16,9999-12-31,1
4094,Ville A,2023-02-16,9999-12-31,1
4095,Ville I,2023-02-18,9999-12-31,1
4096,Ville C,2023-02-19,9999-12-31,1
4097,Ville E,2023-02-20,9999-12-31,1
4098,Ville L,2023-02-20,9999-12-31,1
4099,Ville I,2023-02-22,9999-12-31,1
4100,Ville G,2023-02-23,9999-12-31,1
4101,Ville C,2023-02-24,9999-12-31,1
4102,Ville F,2023-02-24,9999-12-31,1
4103,Ville G,2023-02-27,9999-12-31,1
4104,Ville E,2023-02-27,9999-12-31,1
4105,Ville A,2023-02-27,9999-12-31,1
4106,Ville G,2023-02-28,9999-12-31,1
4107,Ville B,2023-02-28,2025-01-16,0
4107,Ville H,2025-01-17,9999-12-31,1
4108,Ville C,2023-03-02,9999-12-31,1
4109,Ville D,2023-03-02,9999-12-31,1
4110,Ville D,2023-03-02,9999-12-31,1
4111,Ville G,2023-03-03,9999-12-31,1
4112,Ville C,2023-03-03,9999-12-31,1
4113,Ville C,2023-03-04,9999-12-31,1
4114,Ville A,2023-03-06,9999-12-31,1
4115,Ville L,2023-03-06,9999-12-31,1
4116,Ville E,2023-03-07,9999-12-31,1
4117,Ville N,2023-03-07,9999-12-31,1
4118,Ville F,2023-03-07,9999-12-31,1
4119,Ville D,2023-03-09,9999-12-31,1
4120,Ville J,2023-03-10,9999-12-31,1
4121,Ville H,2023-03-10,9999-12-31,1
4122,Ville N,2023-03-12,9999-12-31,1
4123,Ville E,2023-03-12,9999-12-31,1
4124,Ville E,2023-03-12,9999-12-31,1
4125,Ville D,2023-03-13,9999-12-31,1
4126,Ville A,2023-03-13,9999-12-31,1
4127,Ville B,2023-03-13,9999-12-31,1
4128,Ville J,2023-03-14,9999-12-31,1
4129,Ville P,2023-03-14,9999-12-31,1
4130,Ville H,2023-03-15,9999-12-31,1
4131,Ville H,2023-03-15,9999-12-31,1
4132,Ville C,2023-03-16,9999-12-31,1
4133,Ville A,2023-03-16,9999-12-31,1
4134,Ville S,2023-03-16,9999-12-31,1
4135,Ville K,2023-03-17,9999-12-31,1
4136,Ville R,2023-03-17,9999-12-31,1
4137,Ville H,2023-03-18,9999-12-31,1
4138,Ville P,2023-03-18,9999-12-31,1
4139,Ville A,2023-03-18,9999-12-31,1
4140,Ville B,2023-03-18,9999-12-31,1
4141,Ville O,2023-03-18,9999-12-31,1
4142,Ville B,2023-03-19,9999-12-31,1
4143,Ville C,2023-03-20,9999-12-31,1
4144,Ville C,2023-03-22,9999-12-31,1
4145,Ville I,2023-03-22,9999-12-31,1
4146,Ville E,2023-03-22,9999-12-31,1
4147,Ville C,2023-03-22,9999-12-31,1
4148,Ville E,2023-03-22,2023-09-23,0
4148,Ville H,2023-09-24,9999-12-31,1
4149,Ville E,2023-03-24,9999-12-31,1
4150,Ville E,2023-03-24,9999-12-31,1
4151,Ville D,2023-03-25,9999-12-31,1
4152,Ville C,2023-03-25,9999-12-31,1
4153,Ville G,2023-03-25,9999-12-31,1
4154,Ville K,2023-03-26,2025-08-22,0
4154,Ville B,2025-08-23,9999-12-31,1
4155,Ville B,2023-03-26,9999-12-31,1
4156,Ville F,2023-03-26,9999-12-31,1
4157,Ville G,2023-03-26,9999-12-31,1
4158,Ville R,2023-03-26,9999-12-31,1
4159,Ville A,2023-03-27,9999-12-31,1
4160,Ville D,2023-03-27,9999-12-31,1
4161,Ville G,2023-03-27,2024-01-23,0
4161,Ville A,2024-01-24,9999-12-31,1
4162,Ville E,2023-03-27,9999-12-31,1
4163,Ville D,2023-03-28,9999-12-31,1
4164,Ville K,2023-03-29,9999-12-31,1
4165,Ville E,2023-03-30,9999-12-31,1
4166,Ville A,2023-03-30,2025-09-09,0
4166,Ville P,2025-09-10,9999-12-31,1
4167,Ville H,2023-03-31,9999-12-31,1
4168,Ville C,2023-04-01,9999-12-31,1
4169,Ville I,2023-04-01,9999-12-31,1
4170,Ville C,2023-04-01,9999-12-31,1
4171,Ville D,2023-04-01,9999-12-31,1
4172,Ville G,2023-04-02,9999-12-31,1
4173,Ville A,2023-04-03,9999-12-31,1
4174,Ville D,2023-04-04,9999-12-31,1
4175,Ville J,2023-04-04,9999-12-31,1
4176,Ville O,2023-04-04,9999-12-31,1
4177,Ville R,2023-04-04,9999-12-31,1
4178,Ville F,2023-04-05,9999-12-31,1
4179,Ville D,2023-04-05,9999-12-31,1
4180,Ville B,2023-04-05,9999-12-31,1
4181,Ville D,2023-04-06,9999-12-31,1
4182,Ville T,2023-04-07,9999-12-31,1
4183,Ville O,2023-04-08,9999-12-31,1
4184,Ville A,2023-04-08,9999-12-31,1
4185,Ville E,2023-04-09,9999-12-31,1
4186,Ville L,2023-04-09,9999-12-31,1
4187,Ville O,2023-04-10,9999-12-31,1
4188,Ville G,2023-04-10,9999-12-31,1
4189,Ville B,2023-04-11,9999-12-31,1
4190,Ville B,2023-04-11,9999-12-31,1
4191,Ville D,2023-04-11,9999-12-31,1
4192,Ville F,2023-04-12,9999-12-31,1
4193,Ville F,2023-04-12,9999-12-31,1
4194,Ville E,2023-04-12,9999-12-31,1
4195,Ville F,2023-04-13,9999-12-31,1
4196,Ville H,2023-04-13,2025-09-19,0
4196,Ville E,2025-09-20,9999-12-31,1
4197,Ville B,2023-04-15,9999-12-31,1
4198,Ville B,2023-04-15,9999-12-31,1
4199,Ville B,2023-04-15,9999-12-31,1
4200,Ville B,2023-04-16,9999-12-31,1
4201,Ville C,2023-04-17,2024-01-04,0
4201,Ville T,2024-01-05,9999-12-31,1
4202,Ville C,2023-04-17,9999-12-31,1
4203,Ville N,2023-04-18,9999-12-31,1
4204,Ville A,2023-04-18,9999-12-31,1
4205,Ville G,2023-04-18,9999-12-31,1
4206,Ville B,2023-04-18,9999-12-31,1
4207,Ville D,2023-04-18,9999-12-31,1
4208,Ville G,2023-04-19,9999-12-31,1
4209,Ville G,2023-04-19,2025-02-01,0
4209,Ville F,2025-02-02,9999-12-31,1
4210,Ville T,2023-04-20,9999-12-31,1
4211,Ville G,2023-04-22,2024-12-22,0
4211,Ville P,2024-12-23,9999-12-31,1
4212,Ville C,2023-04-22,9999-12-31,1
4213,Ville A,2023-04-24,9999-12-31,1
4214,Ville E,2023-04-24,9999-12-31,1
4215,Ville B,2023-04-24,9999-12-31,1
4216,Ville D,2023-04-24,9999-12-31,1
4217,Ville K,2023-04-24,9999-12-31,1
4218,Ville C,2023-04-24,9999-12-31,1
4219,Ville B,2023-04-24,9999-12-31,1
4220,Ville A,2023-04-25,9999-12-31,1
4221,Ville E,2023-04-25,9999-12-31,1
4222,Ville B,2023-04-26,9999-12-31,1
4223,Ville I,2023-04-26,9999-12-31,1
4224,Ville B,2023-04-26,9999-12-31,1
4225,Ville G,2023-04-27,9999-12-31,1
4226,Ville A,2023-04-27,9999-12-31,1
4227,Ville H,2023-04-27,9999-12-31,1
4228,Ville A,2023-04-28,9999-12-31,1
4229,Ville C,2023-04-28,9999-12-31,1
4230,Ville H,2023-04-29,9999-12-31,1
4231,Ville G,2023-04-29,9999-12-31,1
4232,Ville O,2023-04-29,9999-12-31,1
4233,Ville B,2023-05-02,9999-12-31,1
4234,Ville B,2023-05-02,9999-12-31,1
4235,Ville P,2023-05-03,9999-12-31,1
4236,Ville B,2023-05-03,9999-12-31,1
4237,Ville A,2023-05-03,9999-12-31,1
4238,Ville F,2023-05-03,9999-12-31,1
4239,Ville E,2023-05-04,9999-12-31,1
4240,Ville B,2023-05-05,9999-12-31,1
4241,Ville A,2023-05-05,9999-12-31,1
4242,Ville F,2023-05-07,9999-12-31,1
4243,Ville H,2023-05-08,9999-12-31,1
4244,Ville B,2023-05-08,9999-12-31,1
4245,Ville C,2023-05-08,9999-12-31,1
4246,Ville B,2023-05-08,9999-12-31,1
4247,Ville C,2023-05-09,9999-12-31,1
4248,Ville H,2023-05-09,9999-12-31,1
4249,Ville I,2023-05-09,9999-12-31,1
4250,Ville I,2023-05-10,9999-12-31,1
4251,Ville N,2023-05-10,9999-12-31,1
4252,Ville H,2023-05-10,9999-12-31,1
4253,Ville D,2023-05-11,9999-12-31,1
4254,Ville N,2023-05-11,9999-12-31,1
4255,Ville F,2023-05-12,9999-12-31,1
4256,Ville E,2023-05-12,9999-12-31,1
4257,Ville D,2023-05-12,9999-12-31,1
4258,Ville R,2023-05-13,9999-12-31,1
4259,Ville B,2023-05-13,9999-12-31,1
4260,Ville C,2023-05-13,9999-12-31,1
4261,Ville H,2023-05-14,9999-12-31,1
4262,Ville B,2023-05-14,9999-12-31,1
4263,Ville B,2023-05-15,9999-12-31,1
4264,Ville G,2023-05-16,9999-12-31,1
4265,Ville A,2023-05-16,9999-12-31,1
4266,Ville K,2023-05-16,9999-12-31,1
4267,Ville C,2023-05-17,9999-12-31,1
4268,Ville E,2023-05-17,9999-12-31,1
4269,Ville F,2023-05-18,9999-12-31,1
4270,Ville A,2023-05-18,9999-12-31,1
4271,Ville C,2023-05-19,2024-01-22,0
4271,Ville I,2024-01-23,9999-12-31,1
4272,Ville K,2023-05-20,9999-12-31,1
4273,Ville E,2023-05-21,9999-12-31,1
4274,Ville F,2023-05-22,9999-12-31,1
4275,Ville E,2023-05-23,9999-12-31,1
4276,Ville F,2023-05-23,9999-12-31,1
4277,Ville F,2023-05-23,9999-12-31,1
4278,Ville F,2023-05-23,9999-12-31,1
4279,Ville R,2023-05-23,9999-12-31,1
4280,Ville L,2023-05-24,9999-12-31,1
4281,Ville C,2023-05-24,9999-12-31,1
4282,Ville C,2023-05-26,9999-12-31,1
4283,Ville E,2023-05-26,2025-08-21,0
4283,Ville I,2025-08-22,9999-12-31,1
4284,Ville B,2023-05-27,2023-09-16,0
4284,Ville E,2023-09-17,9999-12-31,1
4285,Ville F,2023-05-27,9999-12-31,1
4286,Ville B,2023-05-28,2024-12-14,0
4286,Ville G,2024-12-15,9999-12-31,1
4287,Ville A,2023-05-28,9999-12-31,1
4288,Ville J,2023-05-28,9999-12-31,1
4289,Ville C,2023-05-28,9999-12-31,1
4290,Ville B,2023-05-29,9999-12-31,1
4291,Ville A,2023-05-29,9999-12-31,1
4292,Ville J,2023-05-29,9999-12-31,1
4293,Ville C,2023-05-29,9999-12-31,1
4294,Ville D,2023-05-30,9999-12-31,1
4295,Ville A,2023-05-30,9999-12-31,1
4296,Ville M,2023-05-31,9999-12-31,1
4297,Ville S,2023-05-31,9999-12-31,1
4298,Ville F,2023-06-01,2024-05-03,0
4298,Ville B,2024-05-04,9999-12-31,1
4299,Ville C,2023-06-02,9999-12-31,1
4300,Ville F,2023-06-02,9999-12-31,1
4301,Ville L,2023-06-03,9999-12-31,1
4302,Ville K,2023-06-04,9999-12-31,1
4303,Ville T,2023-06-05,9999-12-31,1
4304,Ville R,2023-06-05,9999-12-31,1
4305,Ville C,2023-06-07,9999-12-31,1
4306,Ville A,2023-06-07,2023-10-19,0
4306,Ville C,2023-10-20,9999-12-31,1
4307,Ville I,2023-06-07,9999-12-31,1
4308,Ville G,2023-06-07,9999-12-31,1
4309,Ville B,2023-06-08,9999-12-31,1
4310,Ville Q,2023-06-08,9999-12-31,1
4311,Ville A,2023-06-08,9999-12-31,1
4312,Ville D,2023-06-08,2024-09-20,0
4312,Ville T,2024-09-21,9999-12-31,1
4313,Ville C,2023-06-09,9999-12-31,1
4314,Ville I,2023-06-09,9999-12-31,1
4315,Ville K,2023-06-09,2025-03-10,0
4315,Ville I,2025-03-11,9999-12-31,1
4316,Ville I,2023-06-10,9999-12-31,1
4317,Ville L,2023-06-11,9999-12-31,1
4318,Ville M,2023-06-11,9999-12-31,1
4319,Ville H,2023-06-11,9999-12-31,1
4320,Ville T,2023-06-11,9999-12-31,1
4321,Ville A,2023-06-13,9999-12-31,1
4322,Ville K,2023-06-13,9999-12-31,1
4323,Ville K,2023-06-13,9999-12-31,1
4324,Ville B,2023-06-14,9999-12-31,1
4325,Ville M,2023-06-14,2023-08-12,0
4325,Ville I,2023-08-13,9999-12-31,1
4326,Ville A,2023-06-15,9999-12-31,1
4327,Ville K,2023-06-16,9999-12-31,1
4328,Ville F,2023-06-18,9999-12-31,1
4329,Ville A,2023-06-19,9999-12-31,1
4330,Ville B,2023-06-19,9999-12-31,1
4331,Ville D,2023-06-19,9999-12-31,1
4332,Ville I,2023-06-20,9999-12-31,1
4333,Ville K,2023-06-20,9999-12-31,1
4334,Ville A,2023-06-20,9999-12-31,1
4335,Ville F,2023-06-21,2024-07-14,0
4335,Ville H,2024-07-15,9999-12-31,1
4336,Ville F,2023-06-23,9999-12-31,1
4337,Ville D,2023-06-24,9999-12-31,1
4338,Ville D,2023-06-25,9999-12-31,1
4339,Ville F,2023-06-25,9999-12-31,1
4340,Ville A,2023-06-25,9999-12-31,1
4341,Ville N,2023-06-26,9999-12-31,1
4342,Ville E,2023-06-27,9999-12-31,1
4343,Ville J,2023-06-27,9999-12-31,1
4344,Ville A,2023-06-28,9999-12-31,1
4345,Ville D,2023-06-28,9999-12-31,1
4346,Ville G,2023-06-29,9999-12-31,1
4347,Ville G,2023-06-30,2023-11-07,0
4347,Ville C,2023-11-08,9999-12-31,1
4348,Ville F,2023-07-02,9999-12-31,1
4349,Ville H,2023-07-02,9999-12-31,1
4350,Ville B,2023-07-02,9999-12-31,1
4351,Ville A,2023-07-03,9999-12-31,1
4352,Ville G,2023-07-03,9999-12-31,1
4353,Ville L,2023-07-03,9999-12-31,1
4354,Ville A,2023-07-04,9999-12-31,1
4355,Ville J,2023-07-04,9999-12-31,1
4356,Ville F,2023-07-06,2025-07-06,0
4356,Ville E,2025-07-07,9999-12-31,1
4357,Ville J,2023-07-06,9999-12-31,1
4358,Ville T,2023-07-06,9999-12-31,1
4359,Ville C,2023-07-06,9999-12-31,1
4360,Ville A,2023-07-06,9999-12-31,1
4361,Ville R,2023-07-07,9999-12-31,1
4362,Ville K,2023-07-08,9999-12-31,1
4363,Ville E,2023-07-08,9999-12-31,1
4364,Ville C,2023-07-09,9999-12-31,1
4365,Ville D,2023-07-09,9999-12-31,1
4366,Ville C,2023-07-10,9999-12-31,1
4367,Ville A,2023-07-11,9999-12-31,1
4368,Ville G,2023-07-12,9999-12-31,1
4369,Ville K,2023-07-12,9999-12-31,1
4370,Ville E,2023-07-12,9999-12-31,1
4371,Ville J,2023-07-12,9999-12-31,1
4372,Ville H,2023-07-13,9999-12-31,1
4373,Ville C,2023-07-13,9999-12-31,1
4374,Ville B,2023-07-13,9999-12-31,1
4375,Ville K,2023-07-14,9999-12-31,1
4376,Ville E,2023-07-14,9999-12-31,1
4377,Ville A,2023-07-14,9999-12-31,1
4378,Ville A,2023-07-14,9999-12-31,1
4379,Ville S,2023-07-15,9999-12-31,1
4380,Ville N,2023-07-15,9999-12-31,1
4381,Ville B,2023-07-16,2025-04-01,0
4381,Ville F,2025-04-02,9999-12-31,1
4382,Ville H,2023-07-17,9999-12-31,1
4383,Ville A,2023-07-18,9999-12-31,1
4384,Ville R,2023-07-18,9999-12-31,1
4385,Ville G,2023-07-18,9999-12-31,1
4386,Ville E,2023-07-20,9999-12-31,1
4387,Ville D,2023-07-21,9999-12-31,1
4388,Ville F,2023-07-22,9999-12-31,1
4389,Ville C,2023-07-22,9999-12-31,1
4390,Ville L,2023-07-22,9999-12-31,1
4391,Ville D,2023-07-23,9999-12-31,1
4392,Ville I,2023-07-24,2023-12-28,0
4392,Ville A,2023-12-29,9999-12-31,1
4393,Ville G,2023-07-24,9999-12-31,1
4394,Ville M,2023-07-26,9999-12-31,1
4395,Ville C,2023-07-26,9999-12-31,1
4396,Ville E,2023-07-26,9999-12-31,1
4397,Ville G,2023-07-27,2025-06-28,0
4397,Ville H,2025-06-29,9999-12-31,1
4398,Ville A,2023-07-29,9999-12-31,1
4399,Ville A,2023-07-29,9999-12-31,1
4400,Ville P,2023-07-30,9999-12-31,1
4401,Ville E,2023-07-30,9999-12-31,1
4402,Ville L,2023-07-31,9999-12-31,1
4403,Ville C,2023-07-31,2024-08-07,0
4403,Ville F,2024-08-08,9999-12-31,1
4404,Ville B,2023-08-01,9999-12-31,1
4405,Ville H,2023-08-02,9999-12-31,1
4406,Ville E,2023-08-03,9999-12-31,1
4407,Ville I,2023-08-03,9999-12-31,1
4408,Ville O,2023-08-05,9999-12-31,1
4409,Ville N,2023-08-06,9999-12-31,1
4410,Ville G,2023-08-07,9999-12-31,1
4411,Ville C,2023-08-07,2024-10-17,0
4411,Ville E,2024-10-18,9999-12-31,1
4412,Ville H,2023-08-07,9999-12-31,1
4413,Ville C,2023-08-09,9999-12-31,1
4414,Ville C,2023-08-09,9999-12-31,1
4415,Ville B,2023-08-10,9999-12-31,1
4416,Ville A,2023-08-10,9999-12-31,1
4417,Ville G,2023-08-10,9999-12-31,1
4418,Ville L,2023-08-12,9999-12-31,1
4419,Ville L,2023-08-12,9999-12-31,1
4420,Ville J,2023-08-12,9999-12-31,1
4421,Ville D,2023-08-14,9999-12-31,1
4422,Ville C,2023-08-15,9999-12-31,1
4423,Ville B,2023-08-15,9999-12-31,1
4424,Ville E,2023-08-16,9999-12-31,1
4425,Ville Q,2023-08-17,9999-12-31,1
4426,Ville S,2023-08-19,9999-12-31,1
4427,Ville O,2023-08-19,9999-12-31,1
4428,Ville J,2023-08-19,9999-12-31,1
4429,Ville C,2023-08-20,9999-12-31,1
4430,Ville C,2023-08-20,9999-12-31,1
4431,Ville E,2023-08-21,9999-12-31,1
4432,Ville C,2023-08-21,9999-12-31,1
4433,Ville H,2023-08-23,2025-02-27,0
4433,Ville F,2025-02-28,9999-12-31,1
4434,Ville B,2023-08-23,9999-12-31,1
4435,Ville B,2023-08-24,9999-12-31,1
4436,Ville L,2023-08-24,9999-12-31,1
4437,Ville S,2023-08-24,9999-12-31,1
4438,Ville A,2023-08-25,9999-12-31,1
4439,Ville O,2023-08-25,9999-12-31,1
4440,Ville D,2023-08-25,9999-12-31,1
4441,Ville J,2023-08-26,9999-12-31,1
4442,Ville B,2023-08-27,9999-12-31,1
4443,Ville A,2023-08-28,9999-12-31,1
4444,Ville D,2023-08-28,9999-12-31,1
4445,Ville A,2023-08-28,9999-12-31,1
4446,Ville H,2023-08-28,9999-12-31,1
4447,Ville E,2023-08-28,9999-12-31,1
4448,Ville N,2023-08-29,9999-12-31,1
4449,Ville H,2023-08-29,9999-12-31,1
4450,Ville M,2023-08-29,9999-12-31,1
4451,Ville A,2023-08-30,9999-12-31,1
4452,Ville A,2023-08-31,9999-12-31,1
4453,Ville B,2023-08-31,9999-12-31,1
4454,Ville G,2023-08-31,9999-12-31,1
4455,Ville C,2023-08-31,9999-12-31,1
4456,Ville J,2023-09-01,9999-12-31,1
4457,Ville N,2023-09-02,9999-12-31,1
4458,Ville F,2023-09-03,9999-12-31,1
4459,Ville A,2023-09-03,2025-03-05,0
4459,Ville E,2025-03-06,9999-12-31,1
4460,Ville I,2023-09-03,9999-12-31,1
4461,Ville J,2023-09-03,9999-12-31,1
4462,Ville D,2023-09-04,9999-12-31,1
4463,Ville A,2023-09-04,9999-12-31,1
4464,Ville D,2023-09-04,9999-12-31,1
4465,Ville C,2023-09-05,9999-12-31,1
4466,Ville O,2023-09-05,9999-12-31,1
4467,Ville B,2023-09-06,9999-12-31,1
4468,Ville P,2023-09-07,9999-12-31,1
4469,Ville P,2023-09-08,9999-12-31,1
4470,Ville H,2023-09-09,9999-12-31,1
4471,Ville A,2023-09-09,9999-12-31,1
4472,Ville C,2023-09-10,9999-12-31,1
4473,Ville D,2023-09-11,9999-12-31,1
4474,Ville A,2023-09-11,9999-12-31,1
4475,Ville B,2023-09-11,2024-07-09,0
4475,Ville E,2024-07-10,9999-12-31,1
4476,Ville D,2023-09-13,9999-12-31,1
4477,Ville B,2023-09-13,9999-12-31,1
4478,Ville A,2023-09-13,9999-12-31,1
4479,Ville J,2023-09-14,9999-12-31,1
4480,Ville A,2023-09-14,9999-12-31,1
4481,Ville C,2023-09-14,9999-12-31,1
4482,Ville E,2023-09-15,9999-12-31,1
4483,Ville F,2023-09-15,9999-12-31,1
4484,Ville B,2023-09-16,9999-12-31,1
4485,Ville D,2023-09-16,9999-12-31,1
4486,Ville B,2023-09-17,9999-12-31,1
4487,Ville H,2023-09-18,9999-12-31,1
4488,Ville G,2023-09-18,9999-12-31,1
4489,Ville G,2023-09-18,9999-12-31,1
4490,Ville N,2023-09-19,9999-12-31,1
4491,Ville H,2023-09-19,9999-12-31,1
4492,Ville E,2023-09-21,9999-12-31,1
4493,Ville C,2023-09-21,9999-12-31,1
4494,Ville E,2023-09-21,9999-12-31,1
4495,Ville B,2023-09-22,9999-12-31,1
4496,Ville B,2023-09-22,9999-12-31,1
4497,Ville D,2023-09-22,2023-12-08,0
4497,Ville B,2023-12-09,9999-12-31,1
4498,Ville A,2023-09-22,9999-12-31,1
4499,Ville B,2023-09-23,9999-12-31,1
4500,Ville E,2023-09-23,9999-12-31,1
4501,Ville A,2023-09-24,9999-12-31,1
4502,Ville H,2023-09-24,9999-12-31,1
4503,Ville C,2023-09-25,9999-12-31,1
4504,Ville L,2023-09-26,2024-03-12,0
4504,Ville A,2024-03-13,9999-12-31,1
4505,Ville C,2023-09-26,9999-12-31,1
4506,Ville E,2023-09-27,9999-12-31,1
4507,Ville F,2023-09-27,9999-12-31,1
4508,Ville S,2023-09-27,9999-12-31,1
4509,Ville B,2023-09-27,2024-05-09,0
4509,Ville E,2024-05-10,9999-12-31,1
4510,Ville F,2023-09-27,9999-12-31,1
4511,Ville J,2023-09-28,9999-12-31,1
4512,Ville K,2023-09-28,9999-12-31,1
4513,Ville B,2023-09-28,9999-12-31,1
4514,Ville C,2023-09-29,9999-12-31,1
4515,Ville F,2023-09-29,9999-12-31,1
4516,Ville A,2023-10-02,9999-12-31,1
4517,Ville D,2023-10-02,9999-12-31,1
4518,Ville H,2023-10-02,9999-12-31,1
4519,Ville O,2023-10-02,9999-12-31,1
4520,Ville C,2023-10-02,9999-12-31,1
4521,Ville E,2023-10-03,9999-12-31,1
4522,Ville A,2023-10-03,9999-12-31,1
4523,Ville R,2023-10-06,9999-12-31,1
4524,Ville M,2023-10-06,9999-12-31,1
4525,Ville C,2023-10-06,9999-12-31,1
4526,Ville E,2023-10-08,2025-06-27,0
4526,Ville D,2025-06-28,9999-12-31,1
4527,Ville H,2023-10-08,9999-12-31,1
4528,Ville H,2023-10-08,9999-12-31,1
4529,Ville A,2023-10-08,9999-12-31,1
4530,Ville J,2023-10-09,9999-12-31,1
4531,Ville D,2023-10-10,9999-12-31,1
4532,Ville H,2023-10-10,9999-12-31,1
4533,Ville A,2023-10-11,2024-05-01,0
4533,Ville J,2024-05-02,9999-12-31,1
4534,Ville B,2023-10-11,9999-12-31,1
4535,Ville A,2023-10-11,9999-12-31,1
4536,Ville P,2023-10-12,9999-12-31,1
4537,Ville D,2023-10-12,9999-12-31,1
4538,Ville A,2023-10-12,9999-12-31,1
4539,Ville A,2023-10-13,9999-12-31,1
4540,Ville F,2023-10-13,9999-12-31,1
4541,Ville D,2023-10-13,9999-12-31,1
4542,Ville C,2023-10-14,9999-12-31,1
4543,Ville A,2023-10-15,9999-12-31,1
4544,Ville I,2023-10-15,9999-12-31,1
4545,Ville M,2023-10-15,9999-12-31,1
4546,Ville F,2023-10-16,9999-12-31,1
4547,Ville A,2023-10-16,9999-12-31,1
4548,Ville C,2023-10-16,9999-12-31,1
4549,Ville G,2023-10-17,2025-06-02,0
4549,Ville B,2025-06-03,9999-12-31,1
4550,Ville C,2023-10-17,9999-12-31,1
4551,Ville D,2023-10-17,9999-12-31,1
4552,Ville C,2023-10-18,9999-12-31,1
4553,Ville E,2023-10-18,9999-12-31,1
4554,Ville T,2023-10-18,9999-12-31,1
4555,Ville B,2023-10-19,9999-12-31,1
4556,Ville B,2023-10-19,9999-12-31,1
4557,Ville L,2023-10-19,9999-12-31,1
4558,Ville D,2023-10-19,2024-02-24,0
4558,Ville B,2024-02-25,9999-12-31,1
4559,Ville C,2023-10-20,9999-12-31,1
4560,Ville C,2023-10-20,9999-12-31,1
4561,Ville L,2023-10-20,9999-12-31,1
4562,Ville C,2023-10-21,9999-12-31,1
4563,Ville E,2023-10-21,9999-12-31,1
4564,Ville E,2023-10-21,9999-12-31,1
4565,Ville S,2023-10-23,9999-12-31,1
4566,Ville C,2023-10-23,9999-12-31,1
4567,Ville A,2023-10-23,9999-12-31,1
4568,Ville D,2023-10-24,9999-12-31,1
4569,Ville M,2023-10-24,9999-12-31,1
4570,Ville C,2023-10-26,9999-12-31,1
4571,Ville A,2023-10-27,9999-12-31,1
4572,Ville D,2023-10-27,9999-12-31,1
4573,Ville Q,2023-10-27,9999-12-31,1
4574,Ville A,2023-10-28,9999-12-31,1
4575,Ville G,2023-10-30,9999-12-31,1
4576,Ville C,2023-10-30,9999-12-31,1
4577,Ville B,2023-10-31,9999-12-31,1
4578,Ville B,2023-10-31,2024-04-16,0
4578,Ville S,2024-04-17,9999-12-31,1
4579,Ville J,2023-11-01,9999-12-31,1
4580,Ville C,2023-11-02,9999-12-31,1
4581,Ville C,2023-11-04,9999-12-31,1
4582,Ville E,2023-11-04,9999-12-31,1
4583,Ville B,2023-11-04,9999-12-31,1
4584,Ville G,2023-11-06,9999-12-31,1
4585,Ville E,2023-11-07,2025-08-12,0
4585,Ville G,2025-08-13,9999-12-31,1
4586,Ville C,2023-11-07,2024-10-03,0
4586,Ville L,2024-10-04,9999-12-31,1
4587,Ville E,2023-11-08,9999-12-31,1
4588,Ville C,2023-11-08,2025-05-09,0
4588,Ville D,2025-05-10,9999-12-31,1
4589,Ville B,2023-11-09,2025-03-30,0
4589,Ville C,2025-03-31,9999-12-31,1
4590,Ville P,2023-11-09,9999-12-31,1
4591,Ville Q,2023-11-09,2024-07-17,0
4591,Ville B,2024-07-18,9999-12-31,1
4592,Ville D,2023-11-10,9999-12-31,1
4593,Ville H,2023-11-10,9999-12-31,1
4594,Ville E,2023-11-11,9999-12-31,1
4595,Ville H,2023-11-12,9999-12-31,1
4596,Ville A,2023-11-12,9999-12-31,1
4597,Ville O,2023-11-12,9999-12-31,1
4598,Ville H,2023-11-12,9999-12-31,1
4599,Ville E,2023-11-12,9999-12-31,1
4600,Ville T,2023-11-12,9999-12-31,1
4601,Ville B,2023-11-13,9999-12-31,1
4602,Ville M,2023-11-13,2025-06-16,0
4602,Ville C,2025-06-17,9999-12-31,1
4603,Ville B,2023-11-13,9999-12-31,1
4604,Ville F,2023-11-13,9999-12-31,1
4605,Ville A,2023-11-14,9999-12-31,1
4606,Ville D,2023-11-15,9999-12-31,1
4607,Ville O,2023-11-15,9999-12-31,1
4608,Ville J,2023-11-15,9999-12-31,1
4609,Ville O,2023-11-15,9999-12-31,1
4610,Ville E,2023-11-15,9999-12-31,1
4611,Ville C,2023-11-17,9999-12-31,1
4612,Ville L,2023-11-17,9999-12-31,1
4613,Ville A,2023-11-18,9999-12-31,1
4614,Ville F,2023-11-18,9999-12-31,1
4615,Ville B,2023-11-18,2024-09-21,0
4615,Ville E,2024-09-22,9999-12-31,1
4616,Ville P,2023-11-18,9999-12-31,1
4617,Ville K,2023-11-21,2025-05-15,0
4617,Ville G,2025-05-16,9999-12-31,1
4618,Ville H,2023-11-21,9999-12-31,1
4619,Ville A,2023-11-21,9999-12-31,1
4620,Ville D,2023-11-23,9999-12-31,1
4621,Ville E,2023-11-23,9999-12-31,1
4622,Ville B,2023-11-24,9999-12-31,1
4623,Ville H,2023-11-25,9999-12-31,1
4624,Ville C,2023-11-26,9999-12-31,1
4625,Ville D,2023-11-27,9999-12-31,1
4626,Ville A,2023-11-27,9999-12-31,1
4627,Ville C,2023-11-27,9999-12-31,1
4628,Ville J,2023-11-28,9999-12-31,1
4629,Ville N,2023-11-28,9999-12-31,1
4630,Ville A,2023-11-29,9999-12-31,1
4631,Ville I,2023-11-29,9999-12-31,1
4632,Ville C,2023-11-29,2024-03-28,0
4632,Ville I,2024-03-29,9999-12-31,1
4633,Ville C,2023-11-29,2024-11-21,0
4633,Ville A,2024-11-22,9999-12-31,1
4634,Ville B,2023-11-29,2025-06-20,0
4634,Ville L,2025-06-21,9999-12-31,1
4635,Ville A,2023-11-30,2024-11-23,0
4635,Ville D,2024-11-24,9999-12-31,1
4636,Ville D,2023-12-01,9999-12-31,1
4637,Ville B,2023-12-01,9999-12-31,1
4638,Ville B,2023-12-01,9999-12-31,1
4639,Ville A,2023-12-01,9999-12-31,1
4640,Ville I,2023-12-02,9999-12-31,1
4641,Ville A,2023-12-03,9999-12-31,1
4642,Ville E,2023-12-03,9999-12-31,1
4643,Ville A,2023-12-03,9999-12-31,1
4644,Ville A,2023-12-04,9999-12-31,1
4645,Ville C,2023-12-04,9999-12-31,1
4646,Ville D,2023-12-05,9999-12-31,1
4647,Ville B,2023-12-05,2024-02-22,0
4647,Ville E,2024-02-23,9999-12-31,1
4648,Ville A,2023-12-05,9999-12-31,1
4649,Ville H,2023-12-05,9999-12-31,1
4650,Ville K,2023-12-06,9999-12-31,1
4651,Ville A,2023-12-07,9999-12-31,1
4652,Ville E,2023-12-07,9999-12-31,1
4653,Ville I,2023-12-08,9999-12-31,1
4654,Ville K,2023-12-09,9999-12-31,1
4655,Ville B,2023-12-09,9999-12-31,1
4656,Ville G,2023-12-10,9999-12-31,1
4657,Ville E,2023-12-10,9999-12-31,1
4658,Ville J,2023-12-10,9999-12-31,1
4659,Ville A,2023-12-11,9999-12-31,1
4660,Ville F,2023-12-11,9999-12-31,1
4661,Ville A,2023-12-11,9999-12-31,1
4662,Ville F,2023-12-12,9999-12-31,1
4663,Ville B,2023-12-12,9999-12-31,1
4664,Ville J,2023-12-12,9999-12-31,1
4665,Ville C,2023-12-12,9999-12-31,1
4666,Ville F,2023-12-13,9999-12-31,1
4667,Ville B,2023-12-13,2025-08-21,0
4667,Ville C,2025-08-22,9999-12-31,1
4668,Ville E,2023-12-13,9999-12-31,1
4669,Ville G,2023-12-14,9999-12-31,1
4670,Ville C,2023-12-14,9999-12-31,1
4671,Ville F,2023-12-14,9999-12-31,1
4672,Ville B,2023-12-15,9999-12-31,1
4673,Ville D,2023-12-15,9999-12-31,1
4674,Ville M,2023-12-16,9999-12-31,1
4675,Ville A,2023-12-16,2024-06-05,0
4675,Ville C,2024-06-06,9999-12-31,1
4676,Ville Q,2023-12-17,9999-12-31,1
4677,Ville C,2023-12-18,9999-12-31,1
4678,Ville C,2023-12-19,9999-12-31,1
4679,Ville A,2023-12-20,9999-12-31,1
4680,Ville K,2023-12-20,9999-12-31,1
4681,Ville C,2023-12-20,9999-12-31,1
4682,Ville L,2023-12-20,2024-04-18,0
4682,Ville B,2024-04-19,9999-12-31,1
4683,Ville D,2023-12-22,9999-12-31,1
4684,Ville I,2023-12-22,9999-12-31,1
4685,Ville G,2023-12-22,9999-12-31,1
4686,Ville N,2023-12-24,9999-12-31,1
4687,Ville J,2023-12-24,2024-07-16,0
4687,Ville B,2024-07-17,9999-12-31,1
4688,Ville G,2023-12-25,9999-12-31,1
4689,Ville I,2023-12-26,9999-12-31,1
4690,Ville C,2023-12-26,9999-12-31,1
4691,Ville F,2023-12-26,2024-05-08,0
4691,Ville D,2024-05-09,9999-12-31,1
4692,Ville J,2023-12-27,9999-12-31,1
4693,Ville N,2023-12-27,9999-12-31,1
4694,Ville D,2023-12-27,2025-04-01,0
4694,Ville F,2025-04-02,9999-12-31,1
4695,Ville C,2023-12-27,2025-06-25,0
4695,Ville L,2025-06-26,9999-12-31,1
4696,Ville O,2023-12-28,9999-12-31,1
4697,Ville C,2023-12-29,9999-12-31,1
4698,Ville A,2023-12-29,9999-12-31,1
4699,Ville A,2023-12-30,9999-12-31,1
4700,Ville I,2023-12-31,9999-12-31,1
4701,Ville B,2024-01-01,9999-12-31,1
4702,Ville B,2024-01-01,9999-12-31,1
4703,Ville L,2024-01-02,9999-12-31,1
4704,Ville I,2024-01-02,9999-12-31,1
4705,Ville Q,2024-01-03,9999-12-31,1
4706,Ville E,2024-01-03,9999-12-31,1
4707,Ville C,2024-01-03,9999-12-31,1
4708,Ville K,2024-01-03,9999-12-31,1
4709,Ville K,2024-01-03,9999-12-31,1
4710,Ville G,2024-01-04,9999-12-31,1
4711,Ville B,2024-01-04,9999-12-31,1
4712,Ville H,2024-01-04,9999-12-31,1
4713,Ville B,2024-01-04,9999-12-31,1
4714,Ville L,2024-01-04,9999-12-31,1
4715,Ville C,2024-01-05,9999-12-31,1
4716,Ville G,2024-01-05,9999-12-31,1
4717,Ville G,2024-01-05,9999-12-31,1
4718,Ville M,2024-01-07,9999-12-31,1
4719,Ville C,2024-01-07,9999-12-31,1
4720,Ville C,2024-01-08,9999-12-31,1
4721,Ville G,2024-01-09,2025-08-02,0
4721,Ville C,2025-08-03,9999-12-31,1
4722,Ville C,2024-01-10,2025-08-24,0
4722,Ville B,2025-08-25,9999-12-31,1
4723,Ville T,2024-01-10,2025-02-21,0
4723,Ville C,2025-02-22,9999-12-31,1
4724,Ville G,2024-01-10,2025-08-12,0
4724,Ville S,2025-08-13,9999-12-31,1
4725,Ville E,2024-01-11,2025-01-18,0
4725,Ville B,2025-01-19,9999-12-31,1
4726,Ville D,2024-01-11,9999-12-31,1
4727,Ville F,2024-01-11,9999-12-31,1
4728,Ville A,2024-01-11,9999-12-31,1
4729,Ville D,2024-01-11,9999-12-31,1
4730,Ville K,2024-01-11,9999-12-31,1
4731,Ville C,2024-01-13,9999-12-31,1
4732,Ville M,2024-01-13,9999-12-31,1
4733,Ville I,2024-01-13,9999-12-31,1
4734,Ville H,2024-01-14,9999-12-31,1
4735,Ville A,2024-01-14,9999-12-31,1
4736,Ville C,2024-01-14,9999-12-31,1
4737,Ville C,2024-01-14,9999-12-31,1
4738,Ville D,2024-01-15,9999-12-31,1
4739,Ville C,2024-01-16,9999-12-31,1
4740,Ville A,2024-01-17,9999-12-31,1
4741,Ville T,2024-01-17,9999-12-31,1
4742,Ville L,2024-01-17,9999-12-31,1
4743,Ville J,2024-01-17,9999-12-31,1
4744,Ville M,2024-01-18,2025-06-16,0
4744,Ville A,2025-06-17,9999-12-31,1
4745,Ville E,2024-01-19,9999-12-31,1
4746,Ville E,2024-01-21,2025-01-05,0
4746,Ville A,2025-01-06,9999-12-31,1
4747,Ville C,2024-01-22,9999-12-31,1
4748,Ville F,2024-01-23,9999-12-31,1
4749,Ville B,2024-01-24,9999-12-31,1
4750,Ville D,2024-01-24,9999-12-31,1
4751,Ville B,2024-01-24,9999-12-31,1
4752,Ville F,2024-01-26,9999-12-31,1
4753,Ville G,2024-01-26,9999-12-31,1
4754,Ville C,2024-01-27,9999-12-31,1
4755,Ville C,2024-01-27,9999-12-31,1
4756,Ville B,2024-01-27,2024-06-18,0
4756,Ville C,2024-06-19,9999-12-31,1
4757,Ville J,2024-01-27,9999-12-31,1
4758,Ville E,2024-01-28,9999-12-31,1
4759,Ville G,2024-01-29,9999-12-31,1
4760,Ville J,2024-01-29,9999-12-31,1
4761,Ville L,2024-01-30,9999-12-31,1
4762,Ville B,2024-01-31,9999-12-31,1
4763,Ville I,2024-01-31,9999-12-31,1
4764,Ville A,2024-02-01,9999-12-31,1
4765,Ville B,2024-02-01,9999-12-31,1
4766,Ville C,2024-02-01,9999-12-31,1
4767,Ville K,2024-02-02,9999-12-31,1
4768,Ville D,2024-02-02,9999-12-31,1
4769,Ville B,2024-02-03,9999-12-31,1
4770,Ville F,2024-02-03,9999-12-31,1
4771,Ville H,2024-02-04,9999-12-31,1
4772,Ville E,2024-02-04,9999-12-31,1
4773,Ville J,2024-02-04,9999-12-31,1
4774,Ville G,2024-02-04,9999-12-31,1
4775,Ville D,2024-02-05,9999-12-31,1
4776,Ville O,2024-02-05,9999-12-31,1
4777,Ville B,2024-02-06,9999-12-31,1
4778,Ville C,2024-02-07,9999-12-31,1
4779,Ville B,2024-02-08,9999-12-31,1
4780,Ville D,2024-02-10,2025-05-07,0
4780,Ville C,2025-05-08,9999-12-31,1
4781,Ville C,2024-02-11,9999-12-31,1
4782,Ville B,2024-02-12,2024-08-09,0
4782,Ville S,2024-08-10,9999-12-31,1
4783,Ville B,2024-02-12,9999-12-31,1
4784,Ville B,2024-02-13,9999-12-31,1
4785,Ville J,2024-02-13,9999-12-31,1
4786,Ville D,2024-02-14,9999-12-31,1
4787,Ville J,2024-02-14,9999-12-31,1
4788,Ville B,2024-02-15,9999-12-31,1
4789,Ville J,2024-02-16,9999-12-31,1
4790,Ville E,2024-02-17,9999-12-31,1
4791,Ville A,2024-02-17,9999-12-31,1
4792,Ville E,2024-02-18,9999-12-31,1
4793,Ville R,2024-02-19,9999-12-31,1
4794,Ville P,2024-02-19,9999-12-31,1
4795,Ville C,2024-02-19,9999-12-31,1
4796,Ville N,2024-02-20,9999-12-31,1
4797,Ville K,2024-02-20,9999-12-31,1
4798,Ville E,2024-02-20,9999-12-31,1
4799,Ville D,2024-02-21,9999-12-31,1
4800,Ville K,2024-02-22,9999-12-31,1
4801,Ville B,2024-02-22,9999-12-31,1
4802,Ville A,2024-02-22,9999-12-31,1
4803,Ville A,2024-02-23,9999-12-31,1
4804,Ville L,2024-02-23,9999-12-31,1
4805,Ville K,2024-02-26,9999-12-31,1
4806,Ville M,2024-02-26,2024-12-31,0
4806,Ville A,2025-01-01,9999-12-31,1
4807,Ville O,2024-02-27,9999-12-31,1
4808,Ville D,2024-02-27,9999-12-31,1
4809,Ville C,2024-02-27,9999-12-31,1
4810,Ville C,2024-02-28,9999-12-31,1
4811,Ville E,2024-02-28,9999-12-31,1
4812,Ville B,2024-02-29,9999-12-31,1
4813,Ville B,2024-02-29,9999-12-31,1
4814,Ville P,2024-02-29,9999-12-31,1
4815,Ville C,2024-02-29,9999-12-31,1
4816,Ville G,2024-02-29,9999-12-31,1
4817,Ville C,2024-02-29,9999-12-31,1
4818,Ville C,2024-02-29,9999-12-31,1
4819,Ville E,2024-03-01,9999-12-31,1
4820,Ville G,2024-03-01,2024-08-22,0
4820,Ville D,2024-08-23,9999-12-31,1
4821,Ville A,2024-03-01,9999-12-31,1
4822,Ville A,2024-03-01,9999-12-31,1
4823,Ville I,2024-03-03,9999-12-31,1
4824,Ville F,2024-03-05,2025-03-20,0
4824,Ville E,2025-03-21,9999-12-31,1
4825,Ville F,2024-03-05,9999-12-31,1
4826,Ville K,2024-03-05,2024-11-22,0
4826,Ville O,2024-11-23,9999-12-31,1
4827,Ville E,2024-03-05,9999-12-31,1
4828,Ville I,2024-03-06,9999-12-31,1
4829,Ville F,2024-03-07,9999-12-31,1
4830,Ville L,2024-03-07,9999-12-31,1
4831,Ville A,2024-03-07,9999-12-31,1
4832,Ville E,2024-03-07,9999-12-31,1
4833,Ville E,2024-03-08,9999-12-31,1
4834,Ville L,2024-03-09,9999-12-31,1
4835,Ville D,2024-03-09,9999-12-31,1
4836,Ville B,2024-03-11,9999-12-31,1
4837,Ville K,2024-03-11,9999-12-31,1
4838,Ville E,2024-03-12,9999-12-31,1
4839,Ville A,2024-03-13,9999-12-31,1
4840,Ville E,2024-03-13,9999-12-31,1
4841,Ville I,2024-03-13,9999-12-31,1
4842,Ville D,2024-03-15,9999-12-31,1
4843,Ville A,2024-03-15,9999-12-31,1
4844,Ville J,2024-03-15,9999-12-31,1
4845,Ville K,2024-03-16,2024-09-14,0
4845,Ville I,2024-09-15,9999-12-31,1
4846,Ville A,2024-03-16,9999-12-31,1
4847,Ville J,2024-03-16,2024-11-11,0
4847,Ville H,2024-11-12,9999-12-31,1
4848,Ville O,2024-03-16,9999-12-31,1
4849,Ville F,2024-03-17,9999-12-31,1
4850,Ville C,2024-03-18,2024-07-12,0
4850,Ville I,2024-07-13,9999-12-31,1
4851,Ville D,2024-03-18,9999-12-31,1
4852,Ville E,2024-03-19,9999-12-31,1
4853,Ville D,2024-03-19,9999-12-31,1
4854,Ville A,2024-03-20,2024-07-15,0
4854,Ville E,2024-07-16,9999-12-31,1
4855,Ville B,2024-03-21,9999-12-31,1
4856,Ville D,2024-03-22,9999-12-31,1
4857,Ville S,2024-03-22,9999-12-31,1
4858,Ville L,2024-03-22,9999-12-31,1
4859,Ville A,2024-03-23,2024-11-12,0
4859,Ville C,2024-11-13,9999-12-31,1
4860,Ville D,2024-03-23,9999-12-31,1
4861,Ville F,2024-03-23,2025-02-18,0
4861,Ville A,2025-02-19,9999-12-31,1
4862,Ville D,2024-03-25,9999-12-31,1
4863,Ville I,2024-03-25,9999-12-31,1
4864,Ville A,2024-03-25,9999-12-31,1
4865,Ville C,2024-03-26,9999-12-31,1
4866,Ville M,2024-03-26,9999-12-31,1
4867,Ville I,2024-03-26,9999-12-31,1
4868,Ville A,2024-03-26,9999-12-31,1
4869,Ville C,2024-03-27,9999-12-31,1
4870,Ville I,2024-03-28,9999-12-31,1
4871,Ville A,2024-03-28,9999-12-31,1
4872,Ville D,2024-03-28,9999-12-31,1
4873,Ville L,2024-03-29,9999-12-31,1
4874,Ville K,2024-03-29,2025-07-10,0
4874,Ville F,2025-07-11,9999-12-31,1
4875,Ville D,2024-03-30,9999-12-31,1
4876,Ville F,2024-03-30,2024-10-03,0
4876,Ville A,2024-10-04,9999-12-31,1
4877,Ville J,2024-03-31,9999-12-31,1
4878,Ville A,2024-04-01,9999-12-31,1
4879,Ville K,2024-04-01,9999-12-31,1
4880,Ville E,2024-04-01,9999-12-31,1
4881,Ville A,2024-04-03,9999-12-31,1
4882,Ville D,2024-04-05,9999-12-31,1
4883,Ville N,2024-04-05,9999-12-31,1
4884,Ville G,2024-04-06,9999-12-31,1
4885,Ville F,2024-04-06,9999-12-31,1
4886,Ville B,2024-04-06,9999-12-31,1
4887,Ville N,2024-04-06,9999-12-31,1
4888,Ville H,2024-04-07,9999-12-31,1
4889,Ville O,2024-04-07,9999-12-31,1
4890,Ville I,2024-04-07,9999-12-31,1
4891,Ville G,2024-04-08,9999-12-31,1
4892,Ville I,2024-04-08,9999-12-31,1
4893,Ville A,2024-04-10,9999-12-31,1
4894,Ville Q,2024-04-10,9999-12-31,1
4895,Ville A,2024-04-11,9999-12-31,1
4896,Ville J,2024-04-13,9999-12-31,1
4897,Ville G,2024-04-14,9999-12-31,1
4898,Ville Q,2024-04-15,9999-12-31,1
4899,Ville C,2024-04-15,9999-12-31,1
4900,Ville I,2024-04-15,9999-12-31,1
4901,Ville G,2024-04-16,2025-04-15,0
4901,Ville A,2025-04-16,9999-12-31,1
4902,Ville O,2024-04-17,9999-12-31,1
4903,Ville L,2024-04-17,9999-12-31,1
4904,Ville B,2024-04-17,9999-12-31,1
4905,Ville C,2024-04-18,9999-12-31,1
4906,Ville H,2024-04-18,9999-12-31,1
4907,Ville C,2024-04-18,9999-12-31,1
4908,Ville A,2024-04-18,9999-12-31,1
4909,Ville D,2024-04-18,2024-09-14,0
4909,Ville O,2024-09-15,9999-12-31,1
4910,Ville P,2024-04-19,9999-12-31,1
4911,Ville I,2024-04-19,2025-07-13,0
4911,Ville A,2025-07-14,9999-12-31,1
4912,Ville E,2024-04-19,9999-12-31,1
4913,Ville G,2024-04-19,9999-12-31,1
4914,Ville B,2024-04-20,9999-12-31,1
4915,Ville D,2024-04-20,9999-12-31,1
4916,Ville N,2024-04-20,9999-12-31,1
4917,Ville A,2024-04-20,9999-12-31,1
4918,Ville I,2024-04-20,9999-12-31,1
4919,Ville C,2024-04-21,9999-12-31,1
4920,Ville C,2024-04-21,9999-12-31,1
4921,Ville B,2024-04-21,9999-12-31,1
4922,Ville B,2024-04-23,9999-12-31,1
4923,Ville D,2024-04-23,9999-12-31,1
4924,Ville C,2024-04-24,9999-12-31,1
4925,Ville C,2024-04-24,9999-12-31,1
4926,Ville L,2024-04-25,9999-12-31,1
4927,Ville J,2024-04-26,9999-12-31,1
4928,Ville L,2024-04-26,9999-12-31,1
4929,Ville A,2024-04-27,9999-12-31,1
4930,Ville Q,2024-04-28,2024-11-08,0
4930,Ville B,2024-11-09,9999-12-31,1
4931,Ville C,2024-04-29,9999-12-31,1
4932,Ville L,2024-04-29,9999-12-31,1
4933,Ville K,2024-04-29,9999-12-31,1
4934,Ville G,2024-04-30,9999-12-31,1
4935,Ville L,2024-04-30,9999-12-31,1
4936,Ville H,2024-05-01,9999-12-31,1
4937,Ville H,2024-05-01,9999-12-31,1
4938,Ville T,2024-05-01,9999-12-31,1
4939,Ville B,2024-05-02,2025-04-28,0
4939,Ville C,2025-04-29,9999-12-31,1
4940,Ville F,2024-05-02,9999-12-31,1
4941,Ville D,2024-05-02,9999-12-31,1
4942,Ville Q,2024-05-03,9999-12-31,1
4943,Ville E,2024-05-03,9999-12-31,1
4944,Ville G,2024-05-03,9999-12-31,1
4945,Ville I,2024-05-03,9999-12-31,1
4946,Ville B,2024-05-03,9999-12-31,1
4947,Ville I,2024-05-04,9999-12-31,1
4948,Ville L,2024-05-04,9999-12-31,1
4949,Ville B,2024-05-05,9999-12-31,1
4950,Ville A,2024-05-08,9999-12-31,1
4951,Ville B,2024-05-08,9999-12-31,1
4952,Ville F,2024-05-10,9999-12-31,1
4953,Ville B,2024-05-11,9999-12-31,1
4954,Ville T,2024-05-11,9999-12-31,1
4955,Ville E,2024-05-11,9999-12-31,1
4956,Ville A,2024-05-12,9999-12-31,1
4957,Ville E,2024-05-12,9999-12-31,1
4958,Ville Q,2024-05-13,9999-12-31,1
4959,Ville R,2024-05-13,9999-12-31,1
4960,Ville F,2024-05-13,9999-12-31,1
4961,Ville C,2024-05-13,2025-04-08,0
4961,Ville L,2025-04-09,9999-12-31,1
4962,Ville A,2024-05-13,9999-12-31,1
4963,Ville H,2024-05-14,9999-12-31,1
4964,Ville G,2024-05-14,9999-12-31,1
4965,Ville K,2024-05-14,9999-12-31,1
4966,Ville C,2024-05-15,9999-12-31,1
4967,Ville F,2024-05-17,9999-12-31,1
4968,Ville M,2024-05-17,9999-12-31,1
4969,Ville A,2024-05-17,9999-12-31,1
4970,Ville G,2024-05-18,9999-12-31,1
4971,Ville F,2024-05-18,9999-12-31,1
4972,Ville K,2024-05-21,9999-12-31,1
4973,Ville G,2024-05-21,9999-12-31,1
4974,Ville B,2024-05-21,9999-12-31,1
4975,Ville C,2024-05-21,9999-12-31,1
4976,Ville B,2024-05-21,9999-12-31,1
4977,Ville D,2024-05-22,9999-12-31,1
4978,Ville B,2024-05-22,9999-12-31,1
4979,Ville C,2024-05-23,2024-12-16,0
4979,Ville A,2024-12-17,9999-12-31,1
4980,Ville D,2024-05-23,9999-12-31,1
4981,Ville A,2024-05-23,9999-12-31,1
4982,Ville Q,2024-05-24,9999-12-31,1
4983,Ville K,2024-05-24,9999-12-31,1
4984,Ville L,2024-05-25,9999-12-31,1
4985,Ville I,2024-05-25,9999-12-31,1
4986,Ville F,2024-05-26,9999-12-31,1
4987,Ville G,2024-05-26,9999-12-31,1
4988,Ville B,2024-05-26,9999-12-31,1
4989,Ville G,2024-05-27,9999-12-31,1
4990,Ville A,2024-05-27,9999-12-31,1
4991,Ville I,2024-05-29,9999-12-31,1
4992,Ville D,2024-05-30,9999-12-31,1
4993,Ville R,2024-05-30,9999-12-31,1
4994,Ville P,2024-05-30,9999-12-31,1
4995,Ville H,2024-05-30,9999-12-31,1
4996,Ville L,2024-05-30,9999-12-31,1
4997,Ville C,2024-05-31,9999-12-31,1
4998,Ville A,2024-05-31,9999-12-31,1
4999,Ville B,2024-05-31,2025-08-20,0
4999,Ville J,2025-08-21,9999-12-31,1
5000,Ville B,2024-06-01,9999-12-31,1
5001,Ville K,2024-06-02,2025-04-06,0
5001,Ville E,2025-04-07,9999-12-31,1
5002,Ville G,2024-06-02,9999-12-31,1
5003,Ville C,2024-06-02,9999-12-31,1
5004,Ville A,2024-06-02,9999-12-31,1
5005,Ville T,2024-06-02,9999-12-31,1
5006,Ville O,2024-06-03,9999-12-31,1
5007,Ville B,2024-06-04,9999-12-31,1
5008,Ville G,2024-06-06,9999-12-31,1
5009,Ville B,2024-06-06,9999-12-31,1
5010,Ville H,2024-06-06,9999-12-31,1
5011,Ville E,2024-06-07,2025-05-22,0
5011,Ville C,2025-05-23,9999-12-31,1
5012,Ville B,2024-06-07,9999-12-31,1
5013,Ville G,2024-06-07,2025-04-19,0
5013,Ville I,2025-04-20,9999-12-31,1
5014,Ville P,2024-06-09,9999-12-31,1
5015,Ville A,2024-06-09,9999-12-31,1
5016,Ville A,2024-06-09,9999-12-31,1
5017,Ville D,2024-06-10,9999-12-31,1
5018,Ville C,2024-06-11,9999-12-31,1
5019,Ville K,2024-06-11,9999-12-31,1
5020,Ville T,2024-06-11,9999-12-31,1
5021,Ville K,2024-06-12,9999-12-31,1
5022,Ville R,2024-06-13,9999-12-31,1
5023,Ville K,2024-06-13,9999-12-31,1
5024,Ville H,2024-06-14,9999-12-31,1
5025,Ville D,2024-06-14,9999-12-31,1
5026,Ville E,2024-06-15,9999-12-31,1
5027,Ville P,2024-06-15,9999-12-31,1
5028,Ville S,2024-06-15,9999-12-31,1
5029,Ville J,2024-06-15,9999-12-31,1
5030,Ville J,2024-06-16,9999-12-31,1
5031,Ville A,2024-06-18,9999-12-31,1
5032,Ville D,2024-06-18,9999-12-31,1
5033,Ville E,2024-06-18,9999-12-31,1
5034,Ville F,2024-06-18,9999-12-31,1
5035,Ville B,2024-06-18,9999-12-31,1
5036,Ville C,2024-06-19,9999-12-31,1
5037,Ville F,2024-06-20,9999-12-31,1
5038,Ville C,2024-06-20,2024-09-25,0
5038,Ville L,2024-09-26,9999-12-31,1
5039,Ville A,2024-06-20,9999-12-31,1
5040,Ville O,2024-06-21,9999-12-31,1
5041,Ville H,2024-06-21,9999-12-31,1
5042,Ville B,2024-06-21,9999-12-31,1
5043,Ville G,2024-06-22,9999-12-31,1
5044,Ville D,2024-06-23,9999-12-31,1
5045,Ville D,2024-06-23,9999-12-31,1
5046,Ville J,2024-06-23,9999-12-31,1
5047,Ville A,2024-06-24,9999-12-31,1
5048,Ville O,2024-06-24,9999-12-31,1
5049,Ville H,2024-06-25,9999-12-31,1
5050,Ville J,2024-06-25,9999-12-31,1
5051,Ville E,2024-06-25,9999-12-31,1
5052,Ville D,2024-06-25,9999-12-31,1
5053,Ville D,2024-06-26,9999-12-31,1
5054,Ville L,2024-06-27,9999-12-31,1
5055,Ville C,2024-06-27,9999-12-31,1
5056,Ville E,2024-06-27,9999-12-31,1
5057,Ville F,2024-06-28,9999-12-31,1
5058,Ville I,2024-06-28,9999-12-31,1
5059,Ville B,2024-06-28,9999-12-31,1
5060,Ville A,2024-06-28,9999-12-31,1
5061,Ville L,2024-06-29,9999-12-31,1
5062,Ville H,2024-06-29,9999-12-31,1
5063,Ville B,2024-06-30,9999-12-31,1
5064,Ville A,2024-06-30,9999-12-31,1
5065,Ville N,2024-06-30,9999-12-31,1
5066,Ville D,2024-07-01,9999-12-31,1
5067,Ville I,2024-07-02,9999-12-31,1
5068,Ville E,2024-07-02,9999-12-31,1
5069,Ville N,2024-07-02,9999-12-31,1
5070,Ville K,2024-07-02,9999-12-31,1
5071,Ville J,2024-07-03,9999-12-31,1
5072,Ville Q,2024-07-03,9999-12-31,1
5073,Ville D,2024-07-04,9999-12-31,1
5074,Ville C,2024-07-05,9999-12-31,1
5075,Ville D,2024-07-05,9999-12-31,1
5076,Ville E,2024-07-06,2024-11-13,0
5076,Ville F,2024-11-14,9999-12-31,1
5077,Ville C,2024-07-08,2025-02-02,0
5077,Ville F,2025-02-03,9999-12-31,1
5078,Ville D,2024-07-08,9999-12-31,1
5079,Ville E,2024-07-08,9999-12-31,1
5080,Ville H,2024-07-09,9999-12-31,1
5081,Ville N,2024-07-09,9999-12-31,1
5082,Ville B,2024-07-10,9999-12-31,1
5083,Ville C,2024-07-10,9999-12-31,1
5084,Ville H,2024-07-10,9999-12-31,1
5085,Ville D,2024-07-10,9999-12-31,1
5086,Ville B,2024-07-11,9999-12-31,1
5087,Ville A,2024-07-12,9999-12-31,1
5088,Ville E,2024-07-13,9999-12-31,1
5089,Ville E,2024-07-14,9999-12-31,1
5090,Ville B,2024-07-14,2025-05-30,0
5090,Ville H,2025-05-31,9999-12-31,1
5091,Ville F,2024-07-15,9999-12-31,1
5092,Ville B,2024-07-15,9999-12-31,1
5093,Ville C,2024-07-16,9999-12-31,1
5094,Ville C,2024-07-16,9999-12-31,1
5095,Ville B,2024-07-16,9999-12-31,1
5096,Ville N,2024-07-17,9999-12-31,1
5097,Ville H,2024-07-20,9999-12-31,1
5098,Ville L,2024-07-20,9999-12-31,1
5099,Ville N,2024-07-20,9999-12-31,1
5100,Ville A,2024-07-21,9999-12-31,1
5101,Ville D,2024-07-22,9999-12-31,1
5102,Ville I,2024-07-22,9999-12-31,1
5103,Ville H,2024-07-22,9999-12-31,1
5104,Ville A,2024-07-25,9999-12-31,1
5105,Ville C,2024-07-26,9999-12-31,1
5106,Ville C,2024-07-27,9999-12-31,1
5107,Ville F,2024-07-29,9999-12-31,1
5108,Ville B,2024-07-29,2025-07-05,0
5108,Ville D,2025-07-06,9999-12-31,1
5109,Ville C,2024-07-29,9999-12-31,1
5110,Ville J,2024-07-30,9999-12-31,1
5111,Ville D,2024-07-30,9999-12-31,1
5112,Ville B,2024-07-31,9999-12-31,1
5113,Ville E,2024-07-31,9999-12-31,1
5114,Ville E,2024-07-31,9999-12-31,1
5115,Ville D,2024-07-31,9999-12-31,1
5116,Ville D,2024-08-01,9999-12-31,1
5117,Ville A,2024-08-01,9999-12-31,1
5118,Ville E,2024-08-01,9999-12-31,1
5119,Ville E,2024-08-02,9999-12-31,1
5120,Ville E,2024-08-02,9999-12-31,1
5121,Ville A,2024-08-03,9999-12-31,1
5122,Ville J,2024-08-03,9999-12-31,1
5123,Ville A,2024-08-04,9999-12-31,1
5124,Ville A,2024-08-04,9999-12-31,1
5125,Ville T,2024-08-04,9999-12-31,1
5126,Ville L,2024-08-05,9999-12-31,1
5127,Ville B,2024-08-05,9999-12-31,1
5128,Ville A,2024-08-05,9999-12-31,1
5129,Ville C,2024-08-06,2024-10-22,0
5129,Ville D,2024-10-23,9999-12-31,1
5130,Ville F,2024-08-07,9999-12-31,1
5131,Ville I,2024-08-08,9999-12-31,1
5132,Ville N,2024-08-08,9999-12-31,1
5133,Ville B,2024-08-09,9999-12-31,1
5134,Ville J,2024-08-10,9999-12-31,1
5135,Ville L,2024-08-12,9999-12-31,1
5136,Ville B,2024-08-13,9999-12-31,1
5137,Ville Q,2024-08-14,9999-12-31,1
5138,Ville K,2024-08-14,9999-12-31,1
5139,Ville A,2024-08-14,9999-12-31,1
5140,Ville H,2024-08-15,9999-12-31,1
5141,Ville N,2024-08-15,9999-12-31,1
5142,Ville F,2024-08-15,9999-12-31,1
5143,Ville H,2024-08-15,9999-12-31,1
5144,Ville I,2024-08-15,9999-12-31,1
5145,Ville I,2024-08-16,2025-04-23,0
5145,Ville C,2025-04-24,9999-12-31,1
5146,Ville N,2024-08-16,9999-12-31,1
5147,Ville M,2024-08-16,9999-12-31,1
5148,Ville C,2024-08-17,2024-11-26,0
5148,Ville B,2024-11-27,9999-12-31,1
5149,Ville A,2024-08-17,9999-12-31,1
5150,Ville C,2024-08-17,2025-07-20,0
5150,Ville A,2025-07-21,9999-12-31,1
5151,Ville P,2024-08-18,9999-12-31,1
5152,Ville E,2024-08-18,2025-04-22,0
5152,Ville J,2025-04-23,9999-12-31,1
5153,Ville B,2024-08-19,9999-12-31,1
5154,Ville C,2024-08-19,9999-12-31,1
5155,Ville B,2024-08-20,9999-12-31,1
5156,Ville B,2024-08-20,9999-12-31,1
5157,Ville A,2024-08-21,9999-12-31,1
5158,Ville C,2024-08-22,9999-12-31,1
5159,Ville C,2024-08-22,9999-12-31,1
5160,Ville F,2024-08-22,9999-12-31,1
5161,Ville B,2024-08-22,9999-12-31,1
5162,Ville C,2024-08-23,2024-11-04,0
5162,Ville R,2024-11-05,9999-12-31,1
5163,Ville J,2024-08-24,9999-12-31,1
5164,Ville A,2024-08-24,9999-12-31,1
5165,Ville I,2024-08-25,9999-12-31,1
5166,Ville G,2024-08-25,2025-09-12,0
5166,Ville A,2025-09-13,9999-12-31,1
5167,Ville A,2024-08-25,9999-12-31,1
5168,Ville B,2024-08-26,9999-12-31,1
5169,Ville A,2024-08-26,9999-12-31,1
5170,Ville C,2024-08-28,9999-12-31,1
5171,Ville O,2024-08-29,9999-12-31,1
5172,Ville B,2024-08-29,9999-12-31,1
5173,Ville D,2024-08-30,9999-12-31,1
5174,Ville D,2024-08-30,9999-12-31,1
5175,Ville F,2024-08-31,9999-12-31,1
5176,Ville H,2024-09-01,9999-12-31,1
5177,Ville J,2024-09-01,9999-12-31,1
5178,Ville C,2024-09-01,9999-12-31,1
5179,Ville N,2024-09-01,9999-12-31,1
5180,Ville G,2024-09-02,9999-12-31,1
5181,Ville K,2024-09-02,2025-06-19,0
5181,Ville H,2025-06-20,9999-12-31,1
5182,Ville E,2024-09-02,9999-12-31,1
5183,Ville E,2024-09-02,9999-12-31,1
5184,Ville A,2024-09-03,9999-12-31,1
5185,Ville E,2024-09-03,9999-12-31,1
5186,Ville S,2024-09-06,9999-12-31,1
5187,Ville A,2024-09-07,9999-12-31,1
5188,Ville A,2024-09-09,9999-12-31,1
5189,Ville K,2024-09-10,9999-12-31,1
5190,Ville D,2024-09-11,9999-12-31,1
5191,Ville C,2024-09-12,9999-12-31,1
5192,Ville K,2024-09-13,9999-12-31,1
5193,Ville D,2024-09-13,2025-02-08,0
5193,Ville A,2025-02-09,9999-12-31,1
5194,Ville F,2024-09-14,9999-12-31,1
5195,Ville J,2024-09-14,9999-12-31,1
5196,Ville H,2024-09-14,9999-12-31,1
5197,Ville E,2024-09-15,9999-12-31,1
5198,Ville G,2024-09-15,2025-06-23,0
5198,Ville K,2025-06-24,9999-12-31,1
5199,Ville B,2024-09-16,9999-12-31,1
5200,Ville D,2024-09-17,9999-12-31,1
5201,Ville D,2024-09-18,9999-12-31,1
5202,Ville B,2024-09-20,9999-12-31,1
5203,Ville A,2024-09-20,9999-12-31,1
5204,Ville O,2024-09-21,9999-12-31,1
5205,Ville G,2024-09-21,9999-12-31,1
5206,Ville B,2024-09-22,9999-12-31,1
5207,Ville H,2024-09-24,9999-12-31,1
5208,Ville C,2024-09-24,9999-12-31,1
5209,Ville F,2024-09-24,9999-12-31,1
5210,Ville A,2024-09-25,9999-12-31,1
5211,Ville F,2024-09-25,9999-12-31,1
5212,Ville E,2024-09-26,9999-12-31,1
5213,Ville A,2024-09-27,9999-12-31,1
5214,Ville B,2024-09-27,9999-12-31,1
5215,Ville M,2024-09-28,9999-12-31,1
5216,Ville M,2024-09-29,9999-12-31,1
5217,Ville C,2024-09-30,9999-12-31,1
5218,Ville C,2024-10-01,9999-12-31,1
5219,Ville D,2024-10-01,9999-12-31,1
5220,Ville J,2024-10-02,9999-12-31,1
5221,Ville H,2024-10-03,9999-12-31,1
5222,Ville A,2024-10-04,9999-12-31,1
5223,Ville I,2024-10-05,9999-12-31,1
5224,Ville D,2024-10-07,9999-12-31,1
5225,Ville F,2024-10-08,9999-12-31,1
5226,Ville F,2024-10-10,9999-12-31,1
5227,Ville B,2024-10-10,9999-12-31,1
5228,Ville O,2024-10-11,9999-12-31,1
5229,Ville G,2024-10-11,9999-12-31,1
5230,Ville J,2024-10-12,9999-12-31,1
5231,Ville G,2024-10-12,9999-12-31,1
5232,Ville B,2024-10-16,9999-12-31,1
5233,Ville A,2024-10-17,9999-12-31,1
5234,Ville B,2024-10-17,2025-03-09,0
5234,Ville J,2025-03-10,9999-12-31,1
5235,Ville G,2024-10-17,2025-08-18,0
5235,Ville F,2025-08-19,9999-12-31,1
5236,Ville F,2024-10-17,9999-12-31,1
5237,Ville B,2024-10-18,9999-12-31,1
5238,Ville H,2024-10-18,9999-12-31,1
5239,Ville C,2024-10-19,9999-12-31,1
5240,Ville M,2024-10-19,9999-12-31,1
5241,Ville J,2024-10-20,9999-12-31,1
5242,Ville J,2024-10-20,9999-12-31,1
5243,Ville F,2024-10-21,9999-12-31,1
5244,Ville B,2024-10-21,9999-12-31,1
5245,Ville I,2024-10-22,9999-12-31,1
5246,Ville C,2024-10-22,9999-12-31,1
5247,Ville A,2024-10-22,9999-12-31,1
5248,Ville A,2024-10-22,9999-12-31,1
5249,Ville D,2024-10-22,9999-12-31,1
5250,Ville O,2024-10-23,9999-12-31,1
5251,Ville E,2024-10-23,9999-12-31,1
5252,Ville B,2024-10-24,9999-12-31,1
5253,Ville E,2024-10-24,9999-12-31,1
5254,Ville H,2024-10-24,9999-12-31,1
5255,Ville E,2024-10-26,9999-12-31,1
5256,Ville H,2024-10-28,9999-12-31,1
5257,Ville C,2024-10-28,9999-12-31,1
5258,Ville C,2024-10-29,9999-12-31,1
5259,Ville A,2024-10-29,9999-12-31,1
5260,Ville H,2024-10-30,9999-12-31,1
5261,Ville B,2024-10-30,9999-12-31,1
5262,Ville A,2024-10-31,9999-12-31,1
5263,Ville J,2024-11-01,9999-12-31,1
5264,Ville F,2024-11-01,9999-12-31,1
5265,Ville C,2024-11-02,9999-12-31,1
5266,Ville A,2024-11-02,9999-12-31,1
5267,Ville E,2024-11-02,9999-12-31,1
5268,Ville C,2024-11-02,9999-12-31,1
5269,Ville E,2024-11-02,9999-12-31,1
5270,Ville E,2024-11-04,9999-12-31,1
5271,Ville C,2024-11-04,9999-12-31,1
5272,Ville M,2024-11-05,9999-12-31,1
5273,Ville K,2024-11-05,9999-12-31,1
5274,Ville F,2024-11-05,2025-07-13,0
5274,Ville C,2025-07-14,9999-12-31,1
5275,Ville I,2024-11-07,9999-12-31,1
5276,Ville S,2024-11-07,9999-12-31,1
5277,Ville C,2024-11-07,9999-12-31,1
5278,Ville K,2024-11-08,9999-12-31,1
5279,Ville D,2024-11-10,9999-12-31,1
5280,Ville A,2024-11-10,9999-12-31,1
5281,Ville G,2024-11-12,9999-12-31,1
5282,Ville O,2024-11-13,9999-12-31,1
5283,Ville F,2024-11-14,2025-03-11,0
5283,Ville B,2025-03-12,9999-12-31,1
5284,Ville I,2024-11-14,9999-12-31,1
5285,Ville D,2024-11-14,9999-12-31,1
5286,Ville C,2024-11-15,9999-12-31,1
5287,Ville B,2024-11-15,9999-12-31,1
5288,Ville D,2024-11-17,9999-12-31,1
5289,Ville C,2024-11-18,9999-12-31,1
5290,Ville K,2024-11-18,9999-12-31,1
5291,Ville O,2024-11-18,9999-12-31,1
5292,Ville G,2024-11-19,9999-12-31,1
5293,Ville G,2024-11-19,9999-12-31,1
5294,Ville K,2024-11-20,9999-12-31,1
5295,Ville C,2024-11-20,2025-03-22,0
5295,Ville I,2025-03-23,9999-12-31,1
5296,Ville E,2024-11-20,9999-12-31,1
5297,Ville K,2024-11-21,9999-12-31,1
5298,Ville J,2024-11-22,9999-12-31,1
5299,Ville H,2024-11-23,9999-12-31,1
5300,Ville A,2024-11-24,9999-12-31,1
5301,Ville A,2024-11-26,9999-12-31,1
5302,Ville E,2024-11-27,9999-12-31,1
5303,Ville J,2024-11-27,9999-12-31,1
5304,Ville H,2024-11-27,9999-12-31,1
5305,Ville C,2024-11-27,9999-12-31,1
5306,Ville L,2024-11-28,9999-12-31,1
5307,Ville N,2024-11-29,9999-12-31,1
5308,Ville A,2024-11-29,9999-12-31,1
5309,Ville E,2024-11-30,9999-12-31,1
5310,Ville E,2024-11-30,9999-12-31,1
5311,Ville N,2024-11-30,9999-12-31,1
5312,Ville C,2024-12-01,9999-12-31,1
5313,Ville N,2024-12-01,9999-12-31,1
5314,Ville M,2024-12-01,9999-12-31,1
5315,Ville A,2024-12-01,9999-12-31,1
5316,Ville E,2024-12-01,9999-12-31,1
5317,Ville E,2024-12-01,9999-12-31,1
5318,Ville G,2024-12-02,9999-12-31,1
5319,Ville R,2024-12-02,9999-12-31,1
5320,Ville L,2024-12-02,9999-12-31,1
5321,Ville D,2024-12-02,9999-12-31,1
5322,Ville D,2024-12-02,9999-12-31,1
5323,Ville F,2024-12-03,9999-12-31,1
5324,Ville I,2024-12-04,9999-12-31,1
5325,Ville A,2024-12-05,9999-12-31,1
5326,Ville E,2024-12-05,9999-12-31,1
5327,Ville B,2024-12-06,9999-12-31,1
5328,Ville B,2024-12-07,9999-12-31,1
5329,Ville J,2024-12-07,2025-09-25,0
5329,Ville E,2025-09-26,9999-12-31,1
5330,Ville R,2024-12-08,9999-12-31,1
5331,Ville D,2024-12-09,9999-12-31,1
5332,Ville A,2024-12-09,9999-12-31,1
5333,Ville D,2024-12-10,9999-12-31,1
5334,Ville A,2024-12-10,9999-12-31,1
5335,Ville B,2024-12-11,9999-12-31,1
5336,Ville F,2024-12-11,2025-09-23,0
5336,Ville H,2025-09-24,9999-12-31,1
5337,Ville P,2024-12-13,9999-12-31,1
5338,Ville B,2024-12-13,9999-12-31,1
5339,Ville A,2024-12-14,9999-12-31,1
5340,Ville N,2024-12-16,9999-12-31,1
5341,Ville C,2024-12-17,2025-07-14,0
5341,Ville A,2025-07-15,9999-12-31,1
5342,Ville B,2024-12-17,9999-12-31,1
5343,Ville F,2024-12-17,9999-12-31,1
5344,Ville G,2024-12-17,9999-12-31,1
5345,Ville E,2024-12-17,9999-12-31,1
5346,Ville P,2024-12-18,9999-12-31,1
5347,Ville Q,2024-12-18,9999-12-31,1
5348,Ville P,2024-12-19,9999-12-31,1
5349,Ville G,2024-12-20,9999-12-31,1
5350,Ville C,2024-12-20,9999-12-31,1
5351,Ville D,2024-12-22,9999-12-31,1
5352,Ville R,2024-12-22,2025-03-24,0
5352,Ville A,2025-03-25,9999-12-31,1
5353,Ville D,2024-12-22,9999-12-31,1
5354,Ville A,2024-12-23,9999-12-31,1
5355,Ville I,2024-12-23,9999-12-31,1
5356,Ville C,2024-12-23,9999-12-31,1
5357,Ville C,2024-12-26,2025-03-16,0
5357,Ville G,2025-03-17,9999-12-31,1
5358,Ville J,2024-12-26,9999-12-31,1
5359,Ville E,2024-12-26,9999-12-31,1
5360,Ville K,2024-12-28,9999-12-31,1
5361,Ville A,2024-12-29,9999-12-31,1
5362,Ville A,2024-12-29,9999-12-31,1
5363,Ville C,2024-12-29,9999-12-31,1
5364,Ville K,2024-12-31,9999-12-31,1
5365,Ville B,2024-12-31,9999-12-31,1
5366,Ville B,2024-12-31,9999-12-31,1
5367,Ville G,2025-01-01,9999-12-31,1
5368,Ville B,2025-01-02,9999-12-31,1
5369,Ville E,2025-01-02,9999-12-31,1
5370,Ville H,2025-01-03,9999-12-31,1
5371,Ville A,2025-01-03,9999-12-31,1
5372,Ville I,2025-01-03,9999-12-31,1
5373,Ville H,2025-01-05,9999-12-31,1
5374,Ville A,2025-01-07,9999-12-31,1
5375,Ville F,2025-01-07,9999-12-31,1
5376,Ville C,2025-01-08,2025-05-10,0
5376,Ville B,2025-05-11,9999-12-31,1
5377,Ville F,2025-01-08,9999-12-31,1
5378,Ville D,2025-01-08,2025-06-29,0
5378,Ville C,2025-06-30,9999-12-31,1
5379,Ville I,2025-01-09,9999-12-31,1
5380,Ville N,2025-01-10,9999-12-31,1
5381,Ville A,2025-01-10,9999-12-31,1
5382,Ville I,2025-01-10,9999-12-31,1
5383,Ville D,2025-01-10,9999-12-31,1
5384,Ville T,2025-01-11,9999-12-31,1
5385,Ville K,2025-01-11,9999-12-31,1
5386,Ville C,2025-01-11,9999-12-31,1
5387,Ville F,2025-01-12,9999-12-31,1
5388,Ville D,2025-01-12,9999-12-31,1
5389,Ville K,2025-01-13,2025-04-04,0
5389,Ville I,2025-04-05,9999-12-31,1
5390,Ville D,2025-01-13,9999-12-31,1
5391,Ville A,2025-01-14,9999-12-31,1
5392,Ville Q,2025-01-14,9999-12-31,1
5393,Ville N,2025-01-14,2025-09-22,0
5393,Ville B,2025-09-23,9999-12-31,1
5394,Ville Q,2025-01-15,9999-12-31,1
5395,Ville A,2025-01-15,9999-12-31,1
5396,Ville F,2025-01-16,9999-12-31,1
5397,Ville C,2025-01-16,9999-12-31,1
5398,Ville I,2025-01-18,9999-12-31,1
5399,Ville E,2025-01-18,9999-12-31,1
5400,Ville C,2025-01-19,2025-05-11,0
5400,Ville F,2025-05-12,9999-12-31,1
5401,Ville A,2025-01-19,9999-12-31,1
5402,Ville Q,2025-01-19,9999-12-31,1
5403,Ville I,2025-01-19,9999-12-31,1
5404,Ville B,2025-01-22,9999-12-31,1
5405,Ville B,2025-01-22,9999-12-31,1
5406,Ville P,2025-01-22,9999-12-31,1
5407,Ville H,2025-01-23,9999-12-31,1
5408,Ville F,2025-01-23,9999-12-31,1
5409,Ville B,2025-01-23,9999-12-31,1
5410,Ville A,2025-01-24,9999-12-31,1
5411,Ville B,2025-01-24,9999-12-31,1
5412,Ville D,2025-01-24,9999-12-31,1
5413,Ville C,2025-01-26,9999-12-31,1
5414,Ville B,2025-01-26,9999-12-31,1
5415,Ville B,2025-01-26,9999-12-31,1
5416,Ville K,2025-01-27,9999-12-31,1
5417,Ville A,2025-01-27,9999-12-31,1
5418,Ville I,2025-01-28,9999-12-31,1
5419,Ville E,2025-01-28,9999-12-31,1
5420,Ville B,2025-01-28,9999-12-31,1
5421,Ville D,2025-01-29,9999-12-31,1
5422,Ville F,2025-01-29,9999-12-31,1
5423,Ville J,2025-01-29,9999-12-31,1
5424,Ville R,2025-01-30,9999-12-31,1
5425,Ville B,2025-01-30,9999-12-31,1
5426,Ville C,2025-01-31,2025-06-17,0
5426,Ville H,2025-06-18,9999-12-31,1
5427,Ville D,2025-01-31,9999-12-31,1
5428,Ville L,2025-01-31,9999-12-31,1
5429,Ville P,2025-01-31,2025-08-27,0
5429,Ville I,2025-08-28,9999-12-31,1
5430,Ville F,2025-02-01,9999-12-31,1
5431,Ville B,2025-02-02,9999-12-31,1
5432,Ville B,2025-02-02,2025-05-26,0
5432,Ville E,2025-05-27,9999-12-31,1
5433,Ville A,2025-02-02,9999-12-31,1
5434,Ville E,2025-02-02,9999-12-31,1
5435,Ville B,2025-02-03,9999-12-31,1
5436,Ville M,2025-02-04,9999-12-31,1
5437,Ville K,2025-02-04,9999-12-31,1
5438,Ville D,2025-02-05,2025-04-09,0
5438,Ville S,2025-04-10,9999-12-31,1
5439,Ville B,2025-02-07,9999-12-31,1
5440,Ville N,2025-02-08,9999-12-31,1
5441,Ville D,2025-02-08,9999-12-31,1
5442,Ville B,2025-02-08,2025-05-23,0
5442,Ville M,2025-05-24,9999-12-31,1
5443,Ville F,2025-02-10,9999-12-31,1
5444,Ville N,2025-02-10,9999-12-31,1
5445,Ville E,2025-02-10,9999-12-31,1
5446,Ville J,2025-02-11,9999-12-31,1
5447,Ville E,2025-02-12,9999-12-31,1
5448,Ville M,2025-02-12,9999-12-31,1
5449,Ville O,2025-02-13,9999-12-31,1
5450,Ville F,2025-02-16,9999-12-31,1
5451,Ville H,2025-02-17,9999-12-31,1
5452,Ville E,2025-02-17,9999-12-31,1
5453,Ville A,2025-02-17,9999-12-31,1
5454,Ville C,2025-02-18,9999-12-31,1
5455,Ville M,2025-02-18,9999-12-31,1
5456,Ville D,2025-02-19,9999-12-31,1
5457,Ville E,2025-02-21,9999-12-31,1
5458,Ville C,2025-02-23,9999-12-31,1
5459,Ville A,2025-02-24,9999-12-31,1
5460,Ville A,2025-02-24,9999-12-31,1
5461,Ville A,2025-02-26,2025-09-07,0
5461,Ville J,2025-09-08,9999-12-31,1
5462,Ville L,2025-02-26,9999-12-31,1
5463,Ville E,2025-02-26,9999-12-31,1
5464,Ville B,2025-02-26,9999-12-31,1
5465,Ville A,2025-02-26,9999-12-31,1
5466,Ville J,2025-02-26,2025-09-23,0
5466,Ville N,2025-09-24,9999-12-31,1
5467,Ville K,2025-02-27,9999-12-31,1
5468,Ville B,2025-02-28,9999-12-31,1
5469,Ville C,2025-02-28,9999-12-31,1
5470,Ville C,2025-02-28,9999-12-31,1
5471,Ville A,2025-02-28,9999-12-31,1
5472,Ville E,2025-03-01,2025-09-13,0
5472,Ville D,2025-09-14,9999-12-31,1
5473,Ville C,2025-03-02,9999-12-31,1
5474,Ville B,2025-03-03,9999-12-31,1
5475,Ville I,2025-03-03,9999-12-31,1
5476,Ville C,2025-03-03,9999-12-31,1
5477,Ville A,2025-03-03,9999-12-31,1
5478,Ville A,2025-03-04,9999-12-31,1
5479,Ville J,2025-03-04,9999-12-31,1
5480,Ville O,2025-03-04,9999-12-31,1
5481,Ville O,2025-03-04,9999-12-31,1
5482,Ville F,2025-03-05,9999-12-31,1
5483,Ville A,2025-03-05,9999-12-31,1
5484,Ville D,2025-03-05,9999-12-31,1
5485,Ville A,2025-03-06,9999-12-31,1
5486,Ville F,2025-03-06,9999-12-31,1
5487,Ville B,2025-03-06,2025-06-12,0
5487,Ville A,2025-06-13,9999-12-31,1
5488,Ville S,2025-03-07,2025-06-11,0
5488,Ville N,2025-06-12,9999-12-31,1
5489,Ville H,2025-03-07,2025-07-17,0
5489,Ville E,2025-07-18,9999-12-31,1
5490,Ville F,2025-03-08,9999-12-31,1
5491,Ville Q,2025-03-08,9999-12-31,1
5492,Ville G,2025-03-08,9999-12-31,1
5493,Ville B,2025-03-08,9999-12-31,1
5494,Ville B,2025-03-09,9999-12-31,1
5495,Ville P,2025-03-11,9999-12-31,1
5496,Ville L,2025-03-11,2025-06-08,0
5496,Ville C,2025-06-09,9999-12-31,1
5497,Ville D,2025-03-11,9999-12-31,1
5498,Ville G,2025-03-12,9999-12-31,1
5499,Ville E,2025-03-13,9999-12-31,1
5500,Ville D,2025-03-13,2025-06-20,0
5500,Ville B,2025-06-21,9999-12-31,1
5501,Ville D,2025-03-14,9999-12-31,1
5502,Ville J,2025-03-14,2025-08-13,0
5502,Ville Q,2025-08-14,9999-12-31,1
5503,Ville D,2025-03-15,9999-12-31,1
5504,Ville A,2025-03-16,9999-12-31,1
5505,Ville C,2025-03-16,2025-07-06,0
5505,Ville B,2025-07-07,9999-12-31,1
5506,Ville J,2025-03-16,9999-12-31,1
5507,Ville H,2025-03-16,9999-12-31,1
5508,Ville P,2025-03-17,2025-07-06,0
5508,Ville A,2025-07-07,9999-12-31,1
5509,Ville A,2025-03-17,9999-12-31,1
5510,Ville B,2025-03-18,9999-12-31,1
5511,Ville C,2025-03-19,2025-06-08,0
5511,Ville A,2025-06-09,9999-12-31,1
5512,Ville C,2025-03-19,9999-12-31,1
5513,Ville A,2025-03-19,9999-12-31,1
5514,Ville F,2025-03-20,9999-12-31,1
5515,Ville A,2025-03-20,9999-12-31,1
5516,Ville E,2025-03-21,9999-12-31,1
5517,Ville C,2025-03-22,9999-12-31,1
5518,Ville B,2025-03-22,9999-12-31,1
5519,Ville B,2025-03-22,2025-08-03,0
5519,Ville F,2025-08-04,9999-12-31,1
5520,Ville E,2025-03-23,9999-12-31,1
5521,Ville D,2025-03-24,9999-12-31,1
5522,Ville B,2025-03-25,9999-12-31,1
5523,Ville A,2025-03-26,9999-12-31,1
5524,Ville D,2025-03-26,9999-12-31,1
5525,Ville J,2025-03-27,9999-12-31,1
5526,Ville B,2025-03-27,9999-12-31,1
5527,Ville C,2025-03-28,9999-12-31,1
5528,Ville G,2025-03-28,9999-12-31,1
5529,Ville C,2025-03-29,9999-12-31,1
5530,Ville A,2025-03-30,9999-12-31,1
5531,Ville G,2025-04-03,9999-12-31,1
5532,Ville B,2025-04-03,9999-12-31,1
5533,Ville D,2025-04-03,9999-12-31,1
5534,Ville C,2025-04-03,9999-12-31,1
5535,Ville C,2025-04-04,9999-12-31,1
5536,Ville D,2025-04-04,9999-12-31,1
5537,Ville A,2025-04-04,9999-12-31,1
5538,Ville L,2025-04-05,9999-12-31,1
5539,Ville R,2025-04-05,9999-12-31,1
5540,Ville F,2025-04-07,9999-12-31,1
5541,Ville A,2025-04-07,9999-12-31,1
5542,Ville C,2025-04-07,9999-12-31,1
5543,Ville A,2025-04-07,9999-12-31,1
5544,Ville D,2025-04-09,9999-12-31,1
5545,Ville E,2025-04-10,9999-12-31,1
5546,Ville P,2025-04-10,9999-12-31,1
5547,Ville H,2025-04-10,2025-09-26,0
5547,Ville A,2025-09-27,9999-12-31,1
5548,Ville E,2025-04-11,9999-12-31,1
5549,Ville P,2025-04-12,9999-12-31,1
5550,Ville H,2025-04-12,2025-08-03,0
5550,Ville M,2025-08-04,9999-12-31,1
5551,Ville B,2025-04-12,9999-12-31,1
5552,Ville C,2025-04-13,9999-12-31,1
5553,Ville J,2025-04-14,9999-12-31,1
5554,Ville A,2025-04-15,9999-12-31,1
5555,Ville J,2025-04-15,9999-12-31,1
5556,Ville C,2025-04-16,9999-12-31,1
5557,Ville L,2025-04-16,9999-12-31,1
5558,Ville S,2025-04-16,9999-12-31,1
5559,Ville A,2025-04-16,9999-12-31,1
5560,Ville G,2025-04-17,9999-12-31,1
5561,Ville A,2025-04-17,2025-08-07,0
5561,Ville F,2025-08-08,9999-12-31,1
5562,Ville P,2025-04-17,9999-12-31,1
5563,Ville G,2025-04-19,9999-12-31,1
5564,Ville B,2025-04-20,9999-12-31,1
5565,Ville L,2025-04-20,2025-09-10,0
5565,Ville E,2025-09-11,9999-12-31,1
5566,Ville B,2025-04-21,9999-12-31,1
5567,Ville G,2025-04-21,9999-12-31,1
5568,Ville C,2025-04-22,9999-12-31,1
5569,Ville E,2025-04-22,9999-12-31,1
5570,Ville H,2025-04-23,9999-12-31,1
5571,Ville C,2025-04-24,9999-12-31,1
5572,Ville N,2025-04-24,9999-12-31,1
5573,Ville C,2025-04-24,2025-07-05,0
5573,Ville J,2025-07-06,9999-12-31,1
5574,Ville C,2025-04-25,9999-12-31,1
5575,Ville D,2025-04-25,9999-12-31,1
5576,Ville H,2025-04-26,9999-12-31,1
5577,Ville N,2025-04-27,9999-12-31,1
5578,Ville E,2025-04-29,9999-12-31,1
5579,Ville G,2025-04-29,9999-12-31,1
5580,Ville B,2025-04-29,9999-12-31,1
5581,Ville D,2025-04-30,9999-12-31,1
5582,Ville H,2025-04-30,9999-12-31,1
5583,Ville H,2025-04-30,9999-12-31,1
5584,Ville B,2025-05-02,9999-12-31,1
5585,Ville P,2025-05-02,9999-12-31,1
5586,Ville B,2025-05-03,9999-12-31,1
5587,Ville M,2025-05-03,9999-12-31,1
5588,Ville A,2025-05-05,9999-12-31,1
5589,Ville A,2025-05-06,2025-07-23,0
5589,Ville S,2025-07-24,9999-12-31,1
5590,Ville E,2025-05-06,9999-12-31,1
5591,Ville C,2025-05-06,9999-12-31,1
5592,Ville D,2025-05-06,9999-12-31,1
5593,Ville G,2025-05-06,9999-12-31,1
5594,Ville F,2025-05-07,9999-12-31,1
5595,Ville D,2025-05-07,9999-12-31,1
5596,Ville B,2025-05-08,9999-12-31,1
5597,Ville E,2025-05-08,9999-12-31,1
5598,Ville B,2025-05-10,9999-12-31,1
5599,Ville B,2025-05-12,9999-12-31,1
5600,Ville F,2025-05-13,9999-12-31,1
5601,Ville D,2025-05-13,9999-12-31,1
5602,Ville T,2025-05-14,9999-12-31,1
5603,Ville D,2025-05-14,2025-08-11,0
5603,Ville C,2025-08-12,9999-12-31,1
5604,Ville C,2025-05-15,9999-12-31,1
5605,Ville L,2025-05-16,9999-12-31,1
5606,Ville A,2025-05-16,9999-12-31,1
5607,Ville K,2025-05-16,9999-12-31,1
5608,Ville A,2025-05-17,9999-12-31,1
5609,Ville C,2025-05-18,2025-08-10,0
5609,Ville L,2025-08-11,9999-12-31,1
5610,Ville F,2025-05-18,9999-12-31,1
5611,Ville A,2025-05-18,9999-12-31,1
5612,Ville A,2025-05-19,9999-12-31,1
5613,Ville D,2025-05-19,9999-12-31,1
5614,Ville A,2025-05-20,9999-12-31,1
5615,Ville G,2025-05-23,9999-12-31,1
5616,Ville P,2025-05-23,9999-12-31,1
5617,Ville J,2025-05-24,9999-12-31,1
5618,Ville H,2025-05-24,9999-12-31,1
5619,Ville B,2025-05-25,9999-12-31,1
5620,Ville D,2025-05-25,9999-12-31,1
5621,Ville S,2025-05-26,9999-12-31,1
5622,Ville I,2025-05-26,9999-12-31,1
5623,Ville H,2025-05-27,9999-12-31,1
5624,Ville L,2025-05-27,9999-12-31,1
5625,Ville S,2025-05-29,9999-12-31,1
5626,Ville A,2025-05-30,9999-12-31,1
5627,Ville E,2025-06-01,9999-12-31,1
5628,Ville G,2025-06-01,9999-12-31,1
5629,Ville E,2025-06-01,9999-12-31,1
5630,Ville D,2025-06-02,9999-12-31,1
5631,Ville A,2025-06-02,9999-12-31,1
5632,Ville B,2025-06-04,9999-12-31,1
5633,Ville B,2025-06-04,9999-12-31,1
5634,Ville S,2025-06-04,9999-12-31,1
5635,Ville C,2025-06-05,9999-12-31,1
5636,Ville G,2025-06-05,9999-12-31,1
5637,Ville L,2025-06-06,9999-12-31,1
5638,Ville F,2025-06-07,9999-12-31,1
5639,Ville B,2025-06-09,9999-12-31,1
5640,Ville D,2025-06-09,9999-12-31,1
5641,Ville F,2025-06-10,9999-12-31,1
5642,Ville B,2025-06-10,9999-12-31,1
5643,Ville D,2025-06-11,9999-12-31,1
5644,Ville C,2025-06-11,9999-12-31,1
5645,Ville D,2025-06-12,9999-12-31,1
5646,Ville C,2025-06-12,9999-12-31,1
5647,Ville A,2025-06-13,2025-09-05,0
5647,Ville B,2025-09-06,9999-12-31,1
5648,Ville H,2025-06-15,9999-12-31,1
5649,Ville E,2025-06-15,9999-12-31,1
5650,Ville B,2025-06-15,2025-08-19,0
5650,Ville I,2025-08-20,9999-12-31,1
5651,Ville C,2025-06-16,9999-12-31,1
5652,Ville D,2025-06-16,9999-12-31,1
5653,Ville A,2025-06-17,9999-12-31,1
5654,Ville A,2025-06-17,9999-12-31,1
5655,Ville A,2025-06-17,9999-12-31,1
5656,Ville E,2025-06-17,2025-09-22,0
5656,Ville G,2025-09-23,9999-12-31,1
5657,Ville J,2025-06-18,9999-12-31,1
5658,Ville D,2025-06-19,9999-12-31,1
5659,Ville A,2025-06-19,9999-12-31,1
5660,Ville B,2025-06-19,9999-12-31,1
5661,Ville B,2025-06-20,9999-12-31,1
5662,Ville J,2025-06-20,9999-12-31,1
5663,Ville A,2025-06-21,9999-12-31,1
5664,Ville A,2025-06-22,9999-12-31,1
5665,Ville H,2025-06-22,9999-12-31,1
5666,Ville D,2025-06-22,9999-12-31,1
5667,Ville A,2025-06-23,9999-12-31,1
5668,Ville B,2025-06-23,9999-12-31,1
5669,Ville D,2025-06-24,9999-12-31,1
5670,Ville B,2025-06-24,9999-12-31,1
5671,Ville L,2025-06-25,9999-12-31,1
5672,Ville N,2025-06-25,9999-12-31,1
5673,Ville R,2025-06-25,9999-12-31,1
5674,Ville E,2025-06-26,9999-12-31,1
5675,Ville F,2025-06-26,9999-12-31,1
5676,Ville B,2025-06-28,9999-12-31,1
5677,Ville B,2025-06-29,9999-12-31,1
5678,Ville M,2025-07-01,9999-12-31,1
5679,Ville B,2025-07-03,9999-12-31,1
5680,Ville F,2025-07-04,9999-12-31,1
5681,Ville L,2025-07-06,9999-12-31,1
5682,Ville B,2025-07-06,9999-12-31,1
5683,Ville M,2025-07-06,9999-12-31,1
5684,Ville A,2025-07-07,9999-12-31,1
5685,Ville C,2025-07-08,9999-12-31,1
5686,Ville D,2025-07-08,9999-12-31,1
5687,Ville G,2025-07-09,9999-12-31,1
5688,Ville D,2025-07-10,9999-12-31,1
5689,Ville N,2025-07-10,9999-12-31,1
5690,Ville I,2025-07-10,9999-12-31,1
5691,Ville T,2025-07-10,9999-12-31,1
5692,Ville F,2025-07-11,9999-12-31,1
5693,Ville H,2025-07-11,9999-12-31,1
5694,Ville F,2025-07-12,9999-12-31,1
5695,Ville G,2025-07-12,9999-12-31,1
5696,Ville A,2025-07-12,9999-12-31,1
5697,Ville A,2025-07-15,9999-12-31,1
5698,Ville J,2025-07-16,9999-12-31,1
5699,Ville A,2025-07-16,9999-12-31,1
5700,Ville C,2025-07-16,9999-12-31,1
5701,Ville F,2025-07-17,9999-12-31,1
5702,Ville A,2025-07-18,9999-12-31,1
5703,Ville F,2025-07-19,9999-12-31,1
5704,Ville P,2025-07-20,9999-12-31,1
5705,Ville F,2025-07-21,9999-12-31,1
5706,Ville E,2025-07-22,9999-12-31,1
5707,Ville A,2025-07-22,9999-12-31,1
5708,Ville A,2025-07-23,9999-12-31,1
5709,Ville F,2025-07-24,9999-12-31,1
5710,Ville C,2025-07-24,9999-12-31,1
5711,Ville A,2025-07-24,9999-12-31,1
5712,Ville H,2025-07-24,9999-12-31,1
5713,Ville N,2025-07-25,9999-12-31,1
5714,Ville G,2025-07-26,9999-12-31,1
5715,Ville I,2025-07-27,9999-12-31,1
5716,Ville E,2025-07-29,9999-12-31,1
5717,Ville A,2025-07-29,9999-12-31,1
5718,Ville O,2025-07-29,9999-12-31,1
5719,Ville B,2025-07-30,9999-12-31,1
5720,Ville G,2025-07-30,9999-12-31,1
5721,Ville H,2025-07-31,9999-12-31,1
5722,Ville A,2025-07-31,9999-12-31,1
5723,Ville D,2025-08-01,9999-12-31,1
5724,Ville Q,2025-08-01,9999-12-31,1
5725,Ville A,2025-08-02,9999-12-31,1
5726,Ville H,2025-08-03,9999-12-31,1
5727,Ville C,2025-08-03,9999-12-31,1
5728,Ville I,2025-08-04,9999-12-31,1
5729,Ville B,2025-08-05,9999-12-31,1
5730,Ville D,2025-08-05,9999-12-31,1
5731,Ville C,2025-08-05,9999-12-31,1
5732,Ville D,2025-08-06,9999-12-31,1
5733,Ville F,2025-08-06,9999-12-31,1
5734,Ville E,2025-08-06,9999-12-31,1
5735,Ville C,2025-08-06,9999-12-31,1
5736,Ville K,2025-08-07,9999-12-31,1
5737,Ville C,2025-08-07,9999-12-31,1
5738,Ville F,2025-08-08,9999-12-31,1
5739,Ville G,2025-08-08,9999-12-31,1
5740,Ville A,2025-08-08,9999-12-31,1
5741,Ville A,2025-08-08,9999-12-31,1
5742,Ville H,2025-08-10,9999-12-31,1
5743,Ville G,2025-08-10,9999-12-31,1
5744,Ville E,2025-08-10,9999-12-31,1
5745,Ville E,2025-08-11,9999-12-31,1
5746,Ville C,2025-08-11,9999-12-31,1
5747,Ville A,2025-08-12,9999-12-31,1
5748,Ville H,2025-08-13,9999-12-31,1
5749,Ville E,2025-08-14,9999-12-31,1
5750,Ville E,2025-08-15,9999-12-31,1
5751,Ville T,2025-08-15,9999-12-31,1
5752,Ville D,2025-08-16,9999-12-31,1
5753,Ville H,2025-08-16,9999-12-31,1
5754,Ville C,2025-08-16,9999-12-31,1
5755,Ville N,2025-08-17,9999-12-31,1
5756,Ville D,2025-08-17,9999-12-31,1
5757,Ville C,2025-08-17,9999-12-31,1
5758,Ville B,2025-08-17,9999-12-31,1
5759,Ville G,2025-08-19,9999-12-31,1
5760,Ville G,2025-08-20,9999-12-31,1
5761,Ville B,2025-08-21,9999-12-31,1
5762,Ville E,2025-08-22,9999-12-31,1
5763,Ville B,2025-08-22,9999-12-31,1
5764,Ville B,2025-08-24,9999-12-31,1
5765,Ville B,2025-08-24,9999-12-31,1
5766,Ville B,2025-08-25,9999-12-31,1
5767,Ville H,2025-08-25,9999-12-31,1
5768,Ville G,2025-08-26,9999-12-31,1
5769,Ville G,2025-08-26,9999-12-31,1
5770,Ville D,2025-08-26,9999-12-31,1
5771,Ville C,2025-08-26,9999-12-31,1
5772,Ville A,2025-08-27,9999-12-31,1
5773,Ville I,2025-08-27,9999-12-31,1
5774,Ville D,2025-08-28,9999-12-31,1
5775,Ville G,2025-08-28,9999-12-31,1
5776,Ville I,2025-08-29,9999-12-31,1
5777,Ville D,2025-08-29,9999-12-31,1
5778,Ville C,2025-08-29,9999-12-31,1
5779,Ville D,2025-08-29,9999-12-31,1
5780,Ville D,2025-08-31,9999-12-31,1
5781,Ville D,2025-08-31,9999-12-31,1
5782,Ville D,2025-08-31,9999-12-31,1
5783,Ville K,2025-09-02,9999-12-31,1
5784,Ville A,2025-09-03,9999-12-31,1
5785,Ville A,2025-09-03,9999-12-31,1
5786,Ville E,2025-09-03,9999-12-31,1
5787,Ville N,2025-09-04,9999-12-31,1
5788,Ville G,2025-09-04,9999-12-31,1
5789,Ville A,2025-09-05,9999-12-31,1
5790,Ville C,2025-09-05,9999-12-31,1
5791,Ville P,2025-09-06,9999-12-31,1
5792,Ville D,2025-09-06,9999-12-31,1
5793,Ville M,2025-09-06,9999-12-31,1
5794,Ville A,2025-09-08,9999-12-31,1
5795,Ville H,2025-09-08,9999-12-31,1
5796,Ville G,2025-09-10,9999-12-31,1
5797,Ville D,2025-09-11,9999-12-31,1
5798,Ville G,2025-09-11,9999-12-31,1
5799,Ville A,2025-09-11,9999-12-31,1
5800,Ville B,2025-09-12,9999-12-31,1
5801,Ville A,2025-09-12,9999-12-31,1
5802,Ville I,2025-09-13,9999-12-31,1
5803,Ville A,2025-09-13,9999-12-31,1
5804,Ville E,2025-09-14,9999-12-31,1
5805,Ville S,2025-09-14,9999-12-31,1
5806,Ville A,2025-09-15,9999-12-31,1
5807,Ville G,2025-09-15,9999-12-31,1
5808,Ville H,2025-09-16,9999-12-31,1
5809,Ville Q,2025-09-16,9999-12-31,1
5810,Ville A,2025-09-17,9999-12-31,1
5811,Ville D,2025-09-17,9999-12-31,1
5812,Ville C,2025-09-17,9999-12-31,1
5813,Ville G,2025-09-18,9999-12-31,1
5814,Ville F,2025-09-18,9999-12-31,1
5815,Ville A,2025-09-19,9999-12-31,1
5816,Ville A,2025-09-19,9999-12-31,1
5817,Ville R,2025-09-19,9999-12-31,1
5818,Ville F,2025-09-19,9999-12-31,1
5819,Ville C,2025-09-20,9999-12-31,1
5820,Ville A,2025-09-20,9999-12-31,1
5821,Ville D,2025-09-22,9999-12-31,1
5822,Ville C,2025-09-22,9999-12-31,1
5823,Ville E,2025-09-22,9999-12-31,1
5824,Ville A,2025-09-22,9999-12-31,1
5825,Ville G,2025-09-24,9999-12-31,1
5826,Ville O,2025-09-24,9999-12-31,1
5827,Ville F,2025-09-25,9999-12-31,1
5828,Ville C,2025-09-25,9999-12-31,1
5829,Ville A,2025-09-27,9999-12-31,1
5830,Ville B,2025-09-27,9999-12-31,1
5831,Ville E,2025-09-27,9999-12-31,1
5832,Ville O,2025-09-28,9999-12-31,1
5833,Ville D,2025-09-29,9999-12-31,1
5834,Ville J,2025-09-29,9999-12-31,1
5835,Ville F,2025-09-29,9999-12-31,1
5836,Ville D,2025-09-29,9999-12-31,1
5837,Ville H,2025-09-30,9999-12-31,1
5838,Ville A,2025-09-30,9999-12-31,1
5839,Ville B,2025-09-30,9999-12-31,1
5840,Ville A,2025-10-01,9999-12-31,1
5841,Ville D,2025-10-02,9999-12-31,1
5842,Ville C,2025-10-02,9999-12-31,1
5843,Ville N,2025-10-03,9999-12-31,1
5844,Ville B,2025-10-03,9999-12-31,1
5845,Ville C,2025-10-03,9999-12-31,1
5846,Ville B,2025-10-04,9999-12-31,1
5847,Ville F,2025-10-04,9999-12-31,1
5848,Ville C,2025-10-05,9999-12-31,1
5849,Ville A,2025-10-05,9999-12-31,1
5850,Ville D,2025-10-06,9999-12-31,1
5851,Ville A,2025-10-07,9999-12-31,1
5852,Ville J,2025-10-08,9999-12-31,1
5853,Ville B,2025-10-08,9999-12-31,1
5854,Ville C,2025-10-09,9999-12-31,1
5855,Ville B,2025-10-09,9999-12-31,1
5856,Ville B,2025-10-09,9999-12-31,1
5857,Ville A,2025-10-10,9999-12-31,1
5858,Ville G,2025-10-10,9999-12-31,1
5859,Ville E,2025-10-10,9999-12-31,1
5860,Ville A,2025-10-12,9999-12-31,1
5861,Ville A,2025-10-12,9999-12-31,1
5862,Ville I,2025-10-12,9999-12-31,1
5863,Ville K,2025-10-12,9999-12-31,1
5864,Ville C,2025-10-13,9999-12-31,1
5865,Ville K,2025-10-14,9999-12-31,1
5866,Ville D,2025-10-14,9999-12-31,1
5867,Ville I,2025-10-14,9999-12-31,1
5868,Ville E,2025-10-14,9999-12-31,1
5869,Ville A,2025-10-15,9999-12-31,1
5870,Ville O,2025-10-16,9999-12-31,1
5871,Ville A,2025-10-17,9999-12-31,1
5872,Ville N,2025-10-17,9999-12-31,1
5873,Ville I,2025-10-18,9999-12-31,1
5874,Ville E,2025-10-18,9999-12-31,1
5875,Ville A,2025-10-19,9999-12-31,1
5876,Ville C,2025-10-19,9999-12-31,1
5877,Ville K,2025-10-19,9999-12-31,1
5878,Ville E,2025-10-20,9999-12-31,1
5879,Ville C,2025-10-21,9999-12-31,1
5880,Ville T,2025-10-21,9999-12-31,1
5881,Ville C,2025-10-21,9999-12-31,1
5882,Ville F,2025-10-21,9999-12-31,1
5883,Ville R,2025-10-22,9999-12-31,1
5884,Ville P,2025-10-22,9999-12-31,1
5885,Ville F,2025-10-22,9999-12-31,1
5886,Ville M,2025-10-23,9999-12-31,1
5887,Ville D,2025-10-25,9999-12-31,1
5888,Ville D,2025-10-25,9999-12-31,1
5889,Ville E,2025-10-25,9999-12-31,1
5890,Ville D,2025-10-27,9999-12-31,1
5891,Ville P,2025-10-27,9999-12-31,1
5892,Ville A,2025-10-28,9999-12-31,1
5893,Ville L,2025-10-28,9999-12-31,1
5894,Ville B,2025-10-29,9999-12-31,1
5895,Ville D,2025-10-29,9999-12-31,1
5896,Ville G,2025-10-29,9999-12-31,1
5897,Ville A,2025-10-30,9999-12-31,1
5898,Ville F,2025-10-30,9999-12-31,1
5899,Ville P,2025-10-30,9999-12-31,1
5900,Ville M,2025-10-30,9999-12-31,1
5901,Ville J,2025-11-02,9999-12-31,1
5902,Ville P,2025-11-02,9999-12-31,1
5903,Ville J,2025-11-03,9999-12-31,1
5904,Ville K,2025-11-04,9999-12-31,1
5905,Ville L,2025-11-04,9999-12-31,1
5906,Ville A,2025-11-05,9999-12-31,1
5907,Ville E,2025-11-05,9999-12-31,1
5908,Ville A,2025-11-06,9999-12-31,1
5909,Ville I,2025-11-07,9999-12-31,1
5910,Ville Q,2025-11-07,9999-12-31,1
5911,Ville M,2025-11-07,9999-12-31,1
5912,Ville A,2025-11-08,9999-12-31,1
5913,Ville I,2025-11-08,9999-12-31,1
5914,Ville C,2025-11-08,9999-12-31,1
5915,Ville B,2025-11-08,9999-12-31,1
5916,Ville O,2025-11-09,9999-12-31,1
5917,Ville F,2025-11-09,9999-12-31,1
5918,Ville C,2025-11-10,9999-12-31,1
5919,Ville A,2025-11-10,9999-12-31,1
5920,Ville H,2025-11-10,9999-12-31,1
5921,Ville B,2025-11-10,9999-12-31,1
5922,Ville D,2025-11-13,9999-12-31,1
5923,Ville L,2025-11-14,9999-12-31,1
5924,Ville F,2025-11-14,9999-12-31,1
5925,Ville I,2025-11-14,9999-12-31,1
5926,Ville L,2025-11-14,9999-12-31,1
5927,Ville D,2025-11-14,9999-12-31,1
5928,Ville A,2025-11-16,9999-12-31,1
5929,Ville B,2025-11-16,9999-12-31,1
5930,Ville D,2025-11-17,9999-12-31,1
5931,Ville L,2025-11-18,9999-12-31,1
5932,Ville D,2025-11-19,9999-12-31,1
5933,Ville N,2025-11-19,9999-12-31,1
5934,Ville R,2025-11-19,9999-12-31,1
5935,Ville K,2025-11-20,9999-12-31,1
5936,Ville B,2025-11-21,9999-12-31,1
5937,Ville N,2025-11-21,9999-12-31,1
5938,Ville K,2025-11-21,9999-12-31,1
5939,Ville H,2025-11-21,9999-12-31,1
5940,Ville B,2025-11-22,9999-12-31,1
5941,Ville C,2025-11-22,9999-12-31,1
5942,Ville D,2025-11-23,9999-12-31,1
5943,Ville B,2025-11-23,9999-12-31,1
5944,Ville C,2025-11-23,9999-12-31,1
5945,Ville H,2025-11-25,9999-12-31,1
5946,Ville K,2025-11-25,9999-12-31,1
5947,Ville A,2025-11-27,9999-12-31,1
5948,Ville E,2025-11-28,9999-12-31,1
5949,Ville O,2025-11-29,9999-12-31,1
5950,Ville A,2025-11-30,9999-12-31,1
5951,Ville D,2025-11-30,9999-12-31,1
5952,Ville G,2025-12-01,9999-12-31,1
5953,Ville H,2025-12-01,9999-12-31,1
5954,Ville F,2025-12-02,9999-12-31,1
5955,Ville D,2025-12-03,9999-12-31,1
5956,Ville D,2025-12-03,9999-12-31,1
5957,Ville F,2025-12-03,9999-12-31,1
5958,Ville B,2025-12-03,9999-12-31,1
5959,Ville G,2025-12-05,9999-12-31,1
5960,Ville D,2025-12-06,9999-12-31,1
5961,Ville H,2025-12-07,9999-12-31,1
5962,Ville I,2025-12-08,9999-12-31,1
5963,Ville E,2025-12-08,9999-12-31,1
5964,Ville I,2025-12-09,9999-12-31,1
5965,Ville B,2025-12-09,9999-12-31,1
5966,Ville D,2025-12-09,9999-12-31,1
5967,Ville D,2025-12-09,9999-12-31,1
5968,Ville E,2025-12-10,9999-12-31,1
5969,Ville F,2025-12-11,9999-12-31,1
5970,Ville J,2025-12-12,9999-12-31,1
5971,Ville J,2025-12-12,9999-12-31,1
5972,Ville N,2025-12-12,9999-12-31,1
5973,Ville A,2025-12-12,9999-12-31,1
5974,Ville B,2025-12-14,9999-12-31,1
5975,Ville E,2025-12-14,9999-12-31,1
5976,Ville E,2025-12-15,9999-12-31,1
5977,Ville Q,2025-12-15,9999-12-31,1
5978,Ville N,2025-12-15,9999-12-31,1
5979,Ville K,2025-12-15,9999-12-31,1
5980,Ville E,2025-12-15,9999-12-31,1
5981,Ville L,2025-12-16,9999-12-31,1
5982,Ville C,2025-12-16,9999-12-31,1
5983,Ville A,2025-12-16,9999-12-31,1
5984,Ville C,2025-12-17,9999-12-31,1
5985,Ville C,2025-12-18,9999-12-31,1
5986,Ville B,2025-12-19,9999-12-31,1
5987,Ville A,2025-12-20,9999-12-31,1
5988,Ville B,2025-12-20,9999-12-31,1
5989,Ville B,2025-12-21,9999-12-31,1
5990,Ville A,2025-12-22,9999-12-31,1
5991,Ville A,2025-12-23,9999-12-31,1
5992,Ville C,2025-12-23,9999-12-31,1
5993,Ville C,2025-12-23,9999-12-31,1
5994,Ville B,2025-12-24,9999-12-31,1
5995,Ville H,2025-12-24,9999-12-31,1
5996,Ville C,2025-12-25,9999-12-31,1
5997,Ville C,2025-12-27,9999-12-31,1
5998,Ville C,2025-12-29,9999-12-31,1
5999,Ville H,2025-12-29,9999-12-31,1
6000,Ville G,2025-12-30,9999-12-31,1
