id_produit,date,stock_fin_jour,demande,rupture,point_de_commande
42,2025-01-01,46,1,0,17
42,2025-01-02,45,1,0,17
42,2025-01-03,43,2,0,17
42,2025-01-04,40,3,0,17
42,2025-01-05,40,0,0,17
42,2025-01-06,36,4,0,17
42,2025-01-07,35,1,0,17
42,2025-01-08,34,1,0,17
42,2025-01-09,32,2,0,17
42,2025-01-10,32,0,0,17
42,2025-01-11,30,2,0,17
42,2025-01-12,29,1,0,17
42,2025-01-13,26,3,0,17
42,2025-01-14,24,2,0,17
42,2025-01-15,24,0,0,17
42,2025-01-16,24,0,0,17
42,2025-01-17,22,2,0,17
42,2025-01-18,21,1,0,17
42,2025-01-19,21,0,0,17
42,2025-01-20,21,0,0,17
42,2025-01-21,20,1,0,17
42,2025-01-22,19,1,0,17
42,2025-01-23,18,1,0,17
42,2025-01-24,18,0,0,17
42,2025-01-25,15,3,0,17
42,2025-01-26,15,0,0,17
42,2025-01-27,14,1,0,17
42,2025-01-28,10,4,0,17
42,2025-01-29,9,1,0,17
42,2025-01-30,5,4,0,17
42,2025-01-31,4,1,0,17
42,2025-02-01,1,3,0,17
42,2025-02-02,0,1,0,17
42,2025-02-03,0,1,1,17
42,2025-02-04,0,1,1,17
42,2025-02-05,0,0,0,17
42,2025-02-06,0,3,1,17
42,2025-02-07,0,4,1,17
42,2025-02-08,59,3,0,17
42,2025-02-09,58,1,0,17
42,2025-02-10,54,4,0,17
42,2025-02-11,51,3,0,17
42,2025-02-12,47,4,0,17
42,2025-02-13,47,0,0,17
42,2025-02-14,47,0,0,17
42,2025-02-15,45,2,0,17
42,2025-02-16,45,0,0,17
42,2025-02-17,44,1,0,17
42,2025-02-18,44,0,0,17
42,2025-02-19,42,2,0,17
42,2025-02-20,41,1,0,17
42,2025-02-21,41,0,0,17
42,2025-02-22,36,5,0,17
42,2025-02-23,32,4,0,17
42,2025-02-24,31,1,0,17
42,2025-02-25,31,0,0,17
42,2025-02-26,31,0,0,17
42,2025-02-27,28,3,0,17
42,2025-02-28,27,1,0,17
42,2025-03-01,27,0,0,17
42,2025-03-02,24,3,0,17
42,2025-03-03,23,1,0,17
42,2025-03-04,18,5,0,17
42,2025-03-05,17,1,0,17
42,2025-03-06,15,2,0,17
42,2025-03-07,14,1,0,17
42,2025-03-08,10,4,0,17
42,2025-03-09,7,3,0,17
42,2025-03-10,6,1,0,17
42,2025-03-11,5,1,0,17
42,2025-03-12,3,2,0,17
42,2025-03-13,3,0,0,17
42,2025-03-14,1,2,0,17
42,2025-03-15,0,2,1,17
42,2025-03-16,0,1,1,17
42,2025-03-17,0,1,1,17
42,2025-03-18,0,1,1,17
42,2025-03-19,62,0,0,17
42,2025-03-20,62,0,0,17
42,2025-03-21,59,3,0,17
42,2025-03-22,55,4,0,17
42,2025-03-23,55,0,0,17
42,2025-03-24,53,2,0,17
42,2025-03-25,50,3,0,17
42,2025-03-26,49,1,0,17
42,2025-03-27,46,3,0,17
42,2025-03-28,44,2,0,17
42,2025-03-29,43,1,0,17
42,2025-03-30,42,1,0,17
42,2025-03-31,41,1,0,17
42,2025-04-01,40,1,0,17
42,2025-04-02,39,1,0,17
42,2025-04-03,36,3,0,17
42,2025-04-04,34,2,0,17
42,2025-04-05,34,0,0,17
42,2025-04-06,34,0,0,17
42,2025-04-07,33,1,0,17
42,2025-04-08,29,4,0,17
42,2025-04-09,29,0,0,17
42,2025-04-10,26,3,0,17
42,2025-04-11,25,1,0,17
42,2025-04-12,21,4,0,17
42,2025-04-13,21,0,0,17
42,2025-04-14,18,3,0,17
42,2025-04-15,17,1,0,17
42,2025-04-16,12,5,0,17
42,2025-04-17,11,1,0,17
42,2025-04-18,9,2,0,17
42,2025-04-19,7,2,0,17
42,2025-04-20,6,1,0,17
42,2025-04-21,3,3,0,17
42,2025-04-22,2,1,0,17
42,2025-04-23,0,2,0,17
42,2025-04-24,0,4,1,17
42,2025-04-25,0,0,0,17
42,2025-04-26,0,3,1,17
42,2025-04-27,0,0,0,17
42,2025-04-28,0,2,1,17
42,2025-04-29,60,2,0,17
42,2025-04-30,59,1,0,17
42,2025-05-01,53,6,0,17
42,2025-05-02,52,1,0,17
42,2025-05-03,49,3,0,17
42,2025-05-04,48,1,0,17
42,2025-05-05,48,0,0,17
42,2025-05-06,48,0,0,17
42,2025-05-07,47,1,0,17
42,2025-05-08,46,1,0,17
42,2025-05-09,44,2,0,17
42,2025-05-10,39,5,0,17
42,2025-05-11,37,2,0,17
42,2025-05-12,36,1,0,17
42,2025-05-13,33,3,0,17
42,2025-05-14,32,1,0,17
42,2025-05-15,30,2,0,17
42,2025-05-16,28,2,0,17
42,2025-05-17,26,2,0,17
42,2025-05-18,25,1,0,17
42,2025-05-19,25,0,0,17
42,2025-05-20,22,3,0,17
42,2025-05-21,21,1,0,17
42,2025-05-22,18,3,0,17
42,2025-05-23,15,3,0,17
42,2025-05-24,15,0,0,17
42,2025-05-25,15,0,0,17
42,2025-05-26,14,1,0,17
42,2025-05-27,11,3,0,17
42,2025-05-28,10,1,0,17
42,2025-05-29,6,4,0,17
42,2025-05-30,3,3,0,17
42,2025-05-31,1,2,0,17
42,2025-06-01,0,1,0,17
42,2025-06-02,62,0,0,17
42,2025-06-03,61,1,0,17
42,2025-06-04,59,2,0,17
42,2025-06-05,57,2,0,17
42,2025-06-06,55,2,0,17
42,2025-06-07,54,1,0,17
42,2025-06-08,54,0,0,17
42,2025-06-09,54,0,0,17
42,2025-06-10,50,4,0,17
42,2025-06-11,50,0,0,17
42,2025-06-12,50,0,0,17
42,2025-06-13,50,0,0,17
42,2025-06-14,46,4,0,17
42,2025-06-15,46,0,0,17
42,2025-06-16,46,0,0,17
42,2025-06-17,46,0,0,17
42,2025-06-18,46,0,0,17
42,2025-06-19,44,2,0,17
42,2025-06-20,44,0,0,17
42,2025-06-21,40,4,0,17
42,2025-06-22,39,1,0,17
42,2025-06-23,39,0,0,17
42,2025-06-24,34,5,0,17
42,2025-06-25,34,0,0,17
42,2025-06-26,34,0,0,17
42,2025-06-27,33,1,0,17
42,2025-06-28,30,3,0,17
42,2025-06-29,27,3,0,17
42,2025-06-30,27,0,0,17
42,2025-07-01,27,0,0,17
42,2025-07-02,26,1,0,17
42,2025-07-03,25,1,0,17
42,2025-07-04,24,1,0,17
42,2025-07-05,24,0,0,17
42,2025-07-06,24,0,0,17
42,2025-07-07,23,1,0,17
42,2025-07-08,23,0,0,17
42,2025-07-09,23,0,0,17
42,2025-07-10,23,0,0,17
42,2025-07-11,21,2,0,17
42,2025-07-12,15,6,0,17
42,2025-07-13,14,1,0,17
42,2025-07-14,9,5,0,17
42,2025-07-15,9,0,0,17
42,2025-07-16,9,0,0,17
42,2025-07-17,7,2,0,17
42,2025-07-18,6,1,0,17
42,2025-07-19,5,1,0,17
42,2025-07-20,4,1,0,17
42,2025-07-21,4,0,0,17
42,2025-07-22,66,0,0,17
42,2025-07-23,64,2,0,17
42,2025-07-24,62,2,0,17
42,2025-07-25,62,0,0,17
42,2025-07-26,60,2,0,17
42,2025-07-27,60,0,0,17
42,2025-07-28,60,0,0,17
42,2025-07-29,60,0,0,17
42,2025-07-30,59,1,0,17
42,2025-07-31,59,0,0,17
42,2025-08-01,58,1,0,17
42,2025-08-02,58,0,0,17
42,2025-08-03,57,1,0,17
42,2025-08-04,57,0,0,17
42,2025-08-05,55,2,0,17
42,2025-08-06,55,0,0,17
42,2025-08-07,55,0,0,17
42,2025-08-08,55,0,0,17
42,2025-08-09,54,1,0,17
42,2025-08-10,54,0,0,17
42,2025-08-11,53,1,0,17
42,2025-08-12,52,1,0,17
42,2025-08-13,52,0,0,17
42,2025-08-14,51,1,0,17
42,2025-08-15,51,0,0,17
42,2025-08-16,47,4,0,17
42,2025-08-17,47,0,0,17
42,2025-08-18,46,1,0,17
42,2025-08-19,45,1,0,17
42,2025-08-20,44,1,0,17
42,2025-08-21,44,0,0,17
42,2025-08-22,41,3,0,17
42,2025-08-23,39,2,0,17
42,2025-08-24,39,0,0,17
42,2025-08-25,38,1,0,17
42,2025-08-26,36,2,0,17
42,2025-08-27,35,1,0,17
42,2025-08-28,35,0,0,17
42,2025-08-29,35,0,0,17
42,2025-08-30,32,3,0,17
42,2025-08-31,32,0,0,17
42,2025-09-01,31,1,0,17
42,2025-09-02,31,0,0,17
42,2025-09-03,30,1,0,17
42,2025-09-04,30,0,0,17
42,2025-09-05,26,4,0,17
42,2025-09-06,23,3,0,17
42,2025-09-07,22,1,0,17
42,2025-09-08,22,0,0,17
42,2025-09-09,19,3,0,17
42,2025-09-10,19,0,0,17
42,2025-09-11,16,3,0,17
42,2025-09-12,14,2,0,17
42,2025-09-13,12,2,0,17
42,2025-09-14,8,4,0,17
42,2025-09-15,8,0,0,17
42,2025-09-16,8,0,0,17
42,2025-09-17,8,0,0,17
42,2025-09-18,69,1,0,17
42,2025-09-19,64,5,0,17
42,2025-09-20,61,3,0,17
42,2025-09-21,61,0,0,17
42,2025-09-22,60,1,0,17
42,2025-09-23,57,3,0,17
42,2025-09-24,54,3,0,17
42,2025-09-25,50,4,0,17
42,2025-09-26,48,2,0,17
42,2025-09-27,44,4,0,17
42,2025-09-28,41,3,0,17
42,2025-09-29,39,2,0,17
42,2025-09-30,39,0,0,17
42,2025-10-01,36,3,0,17
42,2025-10-02,35,1,0,17
42,2025-10-03,29,6,0,17
42,2025-10-04,26,3,0,17
42,2025-10-05,24,2,0,17
42,2025-10-06,22,2,0,17
42,2025-10-07,22,0,0,17
42,2025-10-08,21,1,0,17
42,2025-10-09,19,2,0,17
42,2025-10-10,14,5,0,17
42,2025-10-11,10,4,0,17
42,2025-10-12,9,1,0,17
42,2025-10-13,5,4,0,17
42,2025-10-14,1,4,0,17
42,2025-10-15,0,3,1,17
42,2025-10-16,0,4,1,17
42,2025-10-17,0,3,1,17
42,2025-10-18,0,5,1,17
42,2025-10-19,0,1,1,17
42,2025-10-20,0,1,1,17
42,2025-10-21,0,0,0,17
42,2025-10-22,0,0,0,17
42,2025-10-23,0,3,1,17
42,2025-10-24,58,4,0,17
42,2025-10-25,56,2,0,17
42,2025-10-26,56,0,0,17
42,2025-10-27,53,3,0,17
42,2025-10-28,50,3,0,17
42,2025-10-29,50,0,0,17
42,2025-10-30,42,8,0,17
42,2025-10-31,42,0,0,17
42,2025-11-01,38,4,0,17
42,2025-11-02,38,0,0,17
42,2025-11-03,36,2,0,17
42,2025-11-04,34,2,0,17
42,2025-11-05,34,0,0,17
42,2025-11-06,33,1,0,17
42,2025-11-07,29,4,0,17
42,2025-11-08,29,0,0,17
42,2025-11-09,24,5,0,17
42,2025-11-10,23,1,0,17
42,2025-11-11,20,3,0,17
42,2025-11-12,19,1,0,17
42,2025-11-13,18,1,0,17
42,2025-11-14,17,1,0,17
42,2025-11-15,10,7,0,17
42,2025-11-16,7,3,0,17
42,2025-11-17,6,1,0,17
42,2025-11-18,2,4,0,17
42,2025-11-19,0,3,1,17
42,2025-11-20,0,5,1,17
42,2025-11-21,0,2,1,17
42,2025-11-22,0,3,1,17
42,2025-11-23,0,0,0,17
42,2025-11-24,62,0,0,17
42,2025-11-25,61,1,0,17
42,2025-11-26,60,1,0,17
42,2025-11-27,53,7,0,17
42,2025-11-28,44,9,0,17
42,2025-11-29,38,6,0,17
42,2025-11-30,35,3,0,17
42,2025-12-01,32,3,0,17
42,2025-12-02,29,3,0,17
42,2025-12-03,27,2,0,17
42,2025-12-04,18,9,0,17
42,2025-12-05,16,2,0,17
42,2025-12-06,7,9,0,17
42,2025-12-07,4,3,0,17
42,2025-12-08,2,2,0,17
42,2025-12-09,0,3,1,17
42,2025-12-10,0,8,1,17
42,2025-12-11,0,7,1,17
42,2025-12-12,57,5,0,17
42,2025-12-13,54,3,0,17
42,2025-12-14,53,1,0,17
42,2025-12-15,52,1,0,17
42,2025-12-16,47,5,0,17
42,2025-12-17,39,8,0,17
42,2025-12-18,32,7,0,17
42,2025-12-19,24,8,0,17
42,2025-12-20,16,8,0,17
42,2025-12-21,13,3,0,17
42,2025-12-22,11,2,0,17
42,2025-12-23,9,2,0,17
42,2025-12-24,3,6,0,17
42,2025-12-25,0,5,1,17
42,2025-12-26,0,3,1,17
42,2025-12-27,0,8,1,17
42,2025-12-28,0,2,1,17
42,2025-12-29,0,5,1,17
42,2025-12-30,61,1,0,17
42,2025-12-31,57,4,0,17
81,2025-01-01,46,0,0,16
81,2025-01-02,44,2,0,16
81,2025-01-03,44,0,0,16
81,2025-01-04,44,0,0,16
81,2025-01-05,41,3,0,16
81,2025-01-06,41,0,0,16
81,2025-01-07,41,0,0,16
81,2025-01-08,38,3,0,16
81,2025-01-09,37,1,0,16
81,2025-01-10,37,0,0,16
81,2025-01-11,36,1,0,16
81,2025-01-12,36,0,0,16
81,2025-01-13,36,0,0,16
81,2025-01-14,35,1,0,16
81,2025-01-15,35,0,0,16
81,2025-01-16,35,0,0,16
81,2025-01-17,35,0,0,16
81,2025-01-18,33,2,0,16
81,2025-01-19,32,1,0,16
81,2025-01-20,32,0,0,16
81,2025-01-21,32,0,0,16
81,2025-01-22,32,0,0,16
81,2025-01-23,32,0,0,16
81,2025-01-24,32,0,0,16
81,2025-01-25,32,0,0,16
81,2025-01-26,30,2,0,16
81,2025-01-27,29,1,0,16
81,2025-01-28,29,0,0,16
81,2025-01-29,29,0,0,16
81,2025-01-30,29,0,0,16
81,2025-01-31,29,0,0,16
81,2025-02-01,25,4,0,16
81,2025-02-02,25,0,0,16
81,2025-02-03,25,0,0,16
81,2025-02-04,25,0,0,16
81,2025-02-05,25,0,0,16
81,2025-02-06,25,0,0,16
81,2025-02-07,23,2,0,16
81,2025-02-08,21,2,0,16
81,2025-02-09,21,0,0,16
81,2025-02-10,21,0,0,16
81,2025-02-11,21,0,0,16
81,2025-02-12,20,1,0,16
81,2025-02-13,20,0,0,16
81,2025-02-14,20,0,0,16
81,2025-02-15,18,2,0,16
81,2025-02-16,18,0,0,16
81,2025-02-17,18,0,0,16
81,2025-02-18,18,0,0,16
81,2025-02-19,18,0,0,16
81,2025-02-20,18,0,0,16
81,2025-02-21,16,2,0,16
81,2025-02-22,14,2,0,16
81,2025-02-23,14,0,0,16
81,2025-02-24,14,0,0,16
81,2025-02-25,14,0,0,16
81,2025-02-26,12,2,0,16
81,2025-02-27,12,0,0,16
81,2025-02-28,12,0,0,16
81,2025-03-01,11,1,0,16
81,2025-03-02,10,1,0,16
81,2025-03-03,10,0,0,16
81,2025-03-04,8,2,0,16
81,2025-03-05,8,0,0,16
81,2025-03-06,7,1,0,16
81,2025-03-07,67,0,0,16
81,2025-03-08,65,2,0,16
81,2025-03-09,64,1,0,16
81,2025-03-10,64,0,0,16
81,2025-03-11,64,0,0,16
81,2025-03-12,64,0,0,16
81,2025-03-13,64,0,0,16
81,2025-03-14,62,2,0,16
81,2025-03-15,62,0,0,16
81,2025-03-16,62,0,0,16
81,2025-03-17,62,0,0,16
81,2025-03-18,61,1,0,16
81,2025-03-19,59,2,0,16
81,2025-03-20,56,3,0,16
81,2025-03-21,56,0,0,16
81,2025-03-22,55,1,0,16
81,2025-03-23,55,0,0,16
81,2025-03-24,55,0,0,16
81,2025-03-25,54,1,0,16
81,2025-03-26,53,1,0,16
81,2025-03-27,53,0,0,16
81,2025-03-28,53,0,0,16
81,2025-03-29,53,0,0,16
81,2025-03-30,52,1,0,16
81,2025-03-31,52,0,0,16
81,2025-04-01,51,1,0,16
81,2025-04-02,50,1,0,16
81,2025-04-03,50,0,0,16
81,2025-04-04,48,2,0,16
81,2025-04-05,43,5,0,16
81,2025-04-06,42,1,0,16
81,2025-04-07,41,1,0,16
81,2025-04-08,37,4,0,16
81,2025-04-09,37,0,0,16
81,2025-04-10,36,1,0,16
81,2025-04-11,35,1,0,16
81,2025-04-12,32,3,0,16
81,2025-04-13,31,1,0,16
81,2025-04-14,30,1,0,16
81,2025-04-15,28,2,0,16
81,2025-04-16,25,3,0,16
81,2025-04-17,25,0,0,16
81,2025-04-18,23,2,0,16
81,2025-04-19,21,2,0,16
81,2025-04-20,21,0,0,16
81,2025-04-21,20,1,0,16
81,2025-04-22,19,1,0,16
81,2025-04-23,13,6,0,16
81,2025-04-24,11,2,0,16
81,2025-04-25,11,0,0,16
81,2025-04-26,10,1,0,16
81,2025-04-27,10,0,0,16
81,2025-04-28,8,2,0,16
81,2025-04-29,7,1,0,16
81,2025-04-30,67,0,0,16
81,2025-05-01,66,1,0,16
81,2025-05-02,64,2,0,16
81,2025-05-03,61,3,0,16
81,2025-05-04,61,0,0,16
81,2025-05-05,57,4,0,16
81,2025-05-06,54,3,0,16
81,2025-05-07,51,3,0,16
81,2025-05-08,51,0,0,16
81,2025-05-09,47,4,0,16
81,2025-05-10,41,6,0,16
81,2025-05-11,40,1,0,16
81,2025-05-12,37,3,0,16
81,2025-05-13,35,2,0,16
81,2025-05-14,34,1,0,16
81,2025-05-15,30,4,0,16
81,2025-05-16,30,0,0,16
81,2025-05-17,28,2,0,16
81,2025-05-18,27,1,0,16
81,2025-05-19,23,4,0,16
81,2025-05-20,19,4,0,16
81,2025-05-21,19,0,0,16
81,2025-05-22,17,2,0,16
81,2025-05-23,16,1,0,16
81,2025-05-24,11,5,0,16
81,2025-05-25,11,0,0,16
81,2025-05-26,10,1,0,16
81,2025-05-27,9,1,0,16
81,2025-05-28,9,0,0,16
81,2025-05-29,8,1,0,16
81,2025-05-30,63,5,0,16
81,2025-05-31,56,7,0,16
81,2025-06-01,56,0,0,16
81,2025-06-02,50,6,0,16
81,2025-06-03,48,2,0,16
81,2025-06-04,43,5,0,16
81,2025-06-05,36,7,0,16
81,2025-06-06,31,5,0,16
81,2025-06-07,24,7,0,16
81,2025-06-08,22,2,0,16
81,2025-06-09,20,2,0,16
81,2025-06-10,19,1,0,16
81,2025-06-11,16,3,0,16
81,2025-06-12,15,1,0,16
81,2025-06-13,13,2,0,16
81,2025-06-14,6,7,0,16
81,2025-06-15,5,1,0,16
81,2025-06-16,2,3,0,16
81,2025-06-17,0,2,0,16
81,2025-06-18,58,2,0,16
81,2025-06-19,51,7,0,16
81,2025-06-20,48,3,0,16
81,2025-06-21,45,3,0,16
81,2025-06-22,45,0,0,16
81,2025-06-23,41,4,0,16
81,2025-06-24,39,2,0,16
81,2025-06-25,38,1,0,16
81,2025-06-26,33,5,0,16
81,2025-06-27,29,4,0,16
81,2025-06-28,23,6,0,16
81,2025-06-29,22,1,0,16
81,2025-06-30,18,4,0,16
81,2025-07-01,15,3,0,16
81,2025-07-02,12,3,0,16
81,2025-07-03,10,2,0,16
81,2025-07-04,6,4,0,16
81,2025-07-05,4,2,0,16
81,2025-07-06,0,5,1,16
81,2025-07-07,0,2,1,16
81,2025-07-08,0,6,1,16
81,2025-07-09,0,1,1,16
81,2025-07-10,0,2,1,16
81,2025-07-11,0,3,1,16
81,2025-07-12,0,6,1,16
81,2025-07-13,0,2,1,16
81,2025-07-14,0,1,1,16
81,2025-07-15,57,3,0,16
81,2025-07-16,52,5,0,16
81,2025-07-17,45,7,0,16
81,2025-07-18,41,4,0,16
81,2025-07-19,37,4,0,16
81,2025-07-20,35,2,0,16
81,2025-07-21,35,0,0,16
81,2025-07-22,30,5,0,16
81,2025-07-23,29,1,0,16
81,2025-07-24,29,0,0,16
81,2025-07-25,26,3,0,16
81,2025-07-26,20,6,0,16
81,2025-07-27,18,2,0,16
81,2025-07-28,12,6,0,16
81,2025-07-29,11,1,0,16
81,2025-07-30,6,5,0,16
81,2025-07-31,3,3,0,16
81,2025-08-01,1,2,0,16
81,2025-08-02,0,7,1,16
81,2025-08-03,0,2,1,16
81,2025-08-04,0,4,1,16
81,2025-08-05,0,8,1,16
81,2025-08-06,0,5,1,16
81,2025-08-07,0,1,1,16
81,2025-08-08,0,1,1,16
81,2025-08-09,0,0,0,16
81,2025-08-10,0,1,1,16
81,2025-08-11,59,1,0,16
81,2025-08-12,56,3,0,16
81,2025-08-13,54,2,0,16
81,2025-08-14,51,3,0,16
81,2025-08-15,46,5,0,16
81,2025-08-16,44,2,0,16
81,2025-08-17,43,1,0,16
81,2025-08-18,40,3,0,16
81,2025-08-19,38,2,0,16
81,2025-08-20,36,2,0,16
81,2025-08-21,36,0,0,16
81,2025-08-22,34,2,0,16
81,2025-08-23,28,6,0,16
81,2025-08-24,26,2,0,16
81,2025-08-25,22,4,0,16
81,2025-08-26,19,3,0,16
81,2025-08-27,18,1,0,16
81,2025-08-28,17,1,0,16
81,2025-08-29,14,3,0,16
81,2025-08-30,6,8,0,16
81,2025-08-31,4,2,0,16
81,2025-09-01,3,1,0,16
81,2025-09-02,0,3,0,16
81,2025-09-03,0,4,1,16
81,2025-09-04,0,1,1,16
81,2025-09-05,0,3,1,16
81,2025-09-06,0,1,1,16
81,2025-09-07,0,1,1,16
81,2025-09-08,0,1,1,16
81,2025-09-09,0,2,1,16
81,2025-09-10,0,1,1,16
81,2025-09-11,0,3,1,16
81,2025-09-12,56,4,0,16
81,2025-09-13,48,8,0,16
81,2025-09-14,46,2,0,16
81,2025-09-15,45,1,0,16
81,2025-09-16,44,1,0,16
81,2025-09-17,43,1,0,16
81,2025-09-18,40,3,0,16
81,2025-09-19,39,1,0,16
81,2025-09-20,35,4,0,16
81,2025-09-21,33,2,0,16
81,2025-09-22,31,2,0,16
81,2025-09-23,30,1,0,16
81,2025-09-24,26,4,0,16
81,2025-09-25,22,4,0,16
81,2025-09-26,13,9,0,16
81,2025-09-27,11,2,0,16
81,2025-09-28,10,1,0,16
81,2025-09-29,9,1,0,16
81,2025-09-30,8,1,0,16
81,2025-10-01,7,1,0,16
81,2025-10-02,6,1,0,16
81,2025-10-03,1,5,0,16
81,2025-10-04,0,6,1,16
81,2025-10-05,0,0,0,16
81,2025-10-06,58,2,0,16
81,2025-10-07,56,2,0,16
81,2025-10-08,53,3,0,16
81,2025-10-09,50,3,0,16
81,2025-10-10,49,1,0,16
81,2025-10-11,45,4,0,16
81,2025-10-12,43,2,0,16
81,2025-10-13,41,2,0,16
81,2025-10-14,37,4,0,16
81,2025-10-15,37,0,0,16
81,2025-10-16,34,3,0,16
81,2025-10-17,34,0,0,16
81,2025-10-18,34,0,0,16
81,2025-10-19,32,2,0,16
81,2025-10-20,29,3,0,16
81,2025-10-21,29,0,0,16
81,2025-10-22,26,3,0,16
81,2025-10-23,25,1,0,16
81,2025-10-24,24,1,0,16
81,2025-10-25,20,4,0,16
81,2025-10-26,20,0,0,16
81,2025-10-27,20,0,0,16
81,2025-10-28,19,1,0,16
81,2025-10-29,18,1,0,16
81,2025-10-30,16,2,0,16
81,2025-10-31,14,2,0,16
81,2025-11-01,12,2,0,16
81,2025-11-02,10,2,0,16
81,2025-11-03,10,0,0,16
81,2025-11-04,8,2,0,16
81,2025-11-05,7,1,0,16
81,2025-11-06,3,4,0,16
81,2025-11-07,2,1,0,16
81,2025-11-08,0,4,1,16
81,2025-11-09,56,4,0,16
81,2025-11-10,53,3,0,16
81,2025-11-11,53,0,0,16
81,2025-11-12,53,0,0,16
81,2025-11-13,52,1,0,16
81,2025-11-14,50,2,0,16
81,2025-11-15,50,0,0,16
81,2025-11-16,48,2,0,16
81,2025-11-17,44,4,0,16
81,2025-11-18,44,0,0,16
81,2025-11-19,43,1,0,16
81,2025-11-20,40,3,0,16
81,2025-11-21,39,1,0,16
81,2025-11-22,37,2,0,16
81,2025-11-23,36,1,0,16
81,2025-11-24,30,6,0,16
81,2025-11-25,29,1,0,16
81,2025-11-26,26,3,0,16
81,2025-11-27,25,1,0,16
81,2025-11-28,22,3,0,16
81,2025-11-29,19,3,0,16
81,2025-11-30,16,3,0,16
81,2025-12-01,16,0,0,16
81,2025-12-02,16,0,0,16
81,2025-12-03,16,0,0,16
81,2025-12-04,12,4,0,16
81,2025-12-05,12,0,0,16
81,2025-12-06,12,0,0,16
81,2025-12-07,11,1,0,16
81,2025-12-08,11,0,0,16
81,2025-12-09,11,0,0,16
81,2025-12-10,69,2,0,16
81,2025-12-11,69,0,0,16
81,2025-12-12,69,0,0,16
81,2025-12-13,69,0,0,16
81,2025-12-14,69,0,0,16
81,2025-12-15,68,1,0,16
81,2025-12-16,63,5,0,16
81,2025-12-17,62,1,0,16
81,2025-12-18,62,0,0,16
81,2025-12-19,61,1,0,16
81,2025-12-20,60,1,0,16
81,2025-12-21,60,0,0,16
81,2025-12-22,58,2,0,16
81,2025-12-23,58,0,0,16
81,2025-12-24,52,6,0,16
81,2025-12-25,50,2,0,16
81,2025-12-26,50,0,0,16
81,2025-12-27,49,1,0,16
81,2025-12-28,48,1,0,16
81,2025-12-29,48,0,0,16
81,2025-12-30,48,0,0,16
81,2025-12-31,47,1,0,16
41,2025-01-01,40,5,0,16
41,2025-01-02,39,1,0,16
41,2025-01-03,36,3,0,16
41,2025-01-04,33,3,0,16
41,2025-01-05,32,1,0,16
41,2025-01-06,32,0,0,16
41,2025-01-07,32,0,0,16
41,2025-01-08,30,2,0,16
41,2025-01-09,28,2,0,16
41,2025-01-10,27,1,0,16
41,2025-01-11,22,5,0,16
41,2025-01-12,22,0,0,16
41,2025-01-13,22,0,0,16
41,2025-01-14,22,0,0,16
41,2025-01-15,21,1,0,16
41,2025-01-16,17,4,0,16
41,2025-01-17,15,2,0,16
41,2025-01-18,9,6,0,16
41,2025-01-19,8,1,0,16
41,2025-01-20,8,0,0,16
41,2025-01-21,6,2,0,16
41,2025-01-22,2,4,0,16
41,2025-01-23,1,1,0,16
41,2025-01-24,1,0,0,16
41,2025-01-25,0,1,0,16
41,2025-01-26,0,1,1,16
41,2025-01-27,58,1,0,16
41,2025-01-28,55,3,0,16
41,2025-01-29,55,0,0,16
41,2025-01-30,55,0,0,16
41,2025-01-31,50,5,0,16
41,2025-02-01,48,2,0,16
41,2025-02-02,47,1,0,16
41,2025-02-03,45,2,0,16
41,2025-02-04,44,1,0,16
41,2025-02-05,40,4,0,16
41,2025-02-06,40,0,0,16
41,2025-02-07,40,0,0,16
41,2025-02-08,35,5,0,16
41,2025-02-09,34,1,0,16
41,2025-02-10,32,2,0,16
41,2025-02-11,29,3,0,16
41,2025-02-12,27,2,0,16
41,2025-02-13,26,1,0,16
41,2025-02-14,23,3,0,16
41,2025-02-15,20,3,0,16
41,2025-02-16,19,1,0,16
41,2025-02-17,18,1,0,16
41,2025-02-18,15,3,0,16
41,2025-02-19,14,1,0,16
41,2025-02-20,13,1,0,16
41,2025-02-21,10,3,0,16
41,2025-02-22,9,1,0,16
41,2025-02-23,6,3,0,16
41,2025-02-24,3,3,0,16
41,2025-02-25,0,3,0,16
41,2025-02-26,0,1,1,16
41,2025-02-27,0,1,1,16
41,2025-02-28,0,1,1,16
41,2025-03-01,0,7,1,16
41,2025-03-02,0,0,0,16
41,2025-03-03,0,1,1,16
41,2025-03-04,59,0,0,16
41,2025-03-05,56,3,0,16
41,2025-03-06,53,3,0,16
41,2025-03-07,50,3,0,16
41,2025-03-08,42,8,0,16
41,2025-03-09,37,5,0,16
41,2025-03-10,36,1,0,16
41,2025-03-11,36,0,0,16
41,2025-03-12,34,2,0,16
41,2025-03-13,30,4,0,16
41,2025-03-14,28,2,0,16
41,2025-03-15,26,2,0,16
41,2025-03-16,25,1,0,16
41,2025-03-17,25,0,0,16
41,2025-03-18,25,0,0,16
41,2025-03-19,24,1,0,16
41,2025-03-20,23,1,0,16
41,2025-03-21,21,2,0,16
41,2025-03-22,16,5,0,16
41,2025-03-23,16,0,0,16
41,2025-03-24,16,0,0,16
41,2025-03-25,15,1,0,16
41,2025-03-26,13,2,0,16
41,2025-03-27,12,1,0,16
41,2025-03-28,12,0,0,16
41,2025-03-29,12,0,0,16
41,2025-03-30,12,0,0,16
41,2025-03-31,10,2,0,16
41,2025-04-01,10,0,0,16
41,2025-04-02,9,1,0,16
41,2025-04-03,8,1,0,16
41,2025-04-04,7,1,0,16
41,2025-04-05,65,1,0,16
41,2025-04-06,65,0,0,16
41,2025-04-07,64,1,0,16
41,2025-04-08,63,1,0,16
41,2025-04-09,62,1,0,16
41,2025-04-10,58,4,0,16
41,2025-04-11,55,3,0,16
41,2025-04-12,55,0,0,16
41,2025-04-13,54,1,0,16
41,2025-04-14,52,2,0,16
41,2025-04-15,50,2,0,16
41,2025-04-16,48,2,0,16
41,2025-04-17,46,2,0,16
41,2025-04-18,41,5,0,16
41,2025-04-19,39,2,0,16
41,2025-04-20,37,2,0,16
41,2025-04-21,35,2,0,16
41,2025-04-22,32,3,0,16
41,2025-04-23,32,0,0,16
41,2025-04-24,31,1,0,16
41,2025-04-25,29,2,0,16
41,2025-04-26,24,5,0,16
41,2025-04-27,24,0,0,16
41,2025-04-28,24,0,0,16
41,2025-04-29,24,0,0,16
41,2025-04-30,19,5,0,16
41,2025-05-01,18,1,0,16
41,2025-05-02,17,1,0,16
41,2025-05-03,17,0,0,16
41,2025-05-04,17,0,0,16
41,2025-05-05,17,0,0,16
41,2025-05-06,15,2,0,16
41,2025-05-07,13,2,0,16
41,2025-05-08,9,4,0,16
41,2025-05-09,8,1,0,16
41,2025-05-10,7,1,0,16
41,2025-05-11,7,0,0,16
41,2025-05-12,7,0,0,16
41,2025-05-13,65,1,0,16
41,2025-05-14,61,4,0,16
41,2025-05-15,61,0,0,16
41,2025-05-16,59,2,0,16
41,2025-05-17,58,1,0,16
41,2025-05-18,58,0,0,16
41,2025-05-19,56,2,0,16
41,2025-05-20,56,0,0,16
41,2025-05-21,53,3,0,16
41,2025-05-22,52,1,0,16
41,2025-05-23,52,0,0,16
41,2025-05-24,49,3,0,16
41,2025-05-25,47,2,0,16
41,2025-05-26,47,0,0,16
41,2025-05-27,47,0,0,16
41,2025-05-28,47,0,0,16
41,2025-05-29,46,1,0,16
41,2025-05-30,45,1,0,16
41,2025-05-31,44,1,0,16
41,2025-06-01,40,4,0,16
41,2025-06-02,40,0,0,16
41,2025-06-03,39,1,0,16
41,2025-06-04,38,1,0,16
41,2025-06-05,36,2,0,16
41,2025-06-06,31,5,0,16
41,2025-06-07,30,1,0,16
41,2025-06-08,30,0,0,16
41,2025-06-09,29,1,0,16
41,2025-06-10,27,2,0,16
41,2025-06-11,26,1,0,16
41,2025-06-12,24,2,0,16
41,2025-06-13,22,2,0,16
41,2025-06-14,21,1,0,16
41,2025-06-15,18,3,0,16
41,2025-06-16,15,3,0,16
41,2025-06-17,15,0,0,16
41,2025-06-18,15,0,0,16
41,2025-06-19,15,0,0,16
41,2025-06-20,14,1,0,16
41,2025-06-21,14,0,0,16
41,2025-06-22,14,0,0,16
41,2025-06-23,14,0,0,16
41,2025-06-24,14,0,0,16
41,2025-06-25,14,0,0,16
41,2025-06-26,11,3,0,16
41,2025-06-27,9,2,0,16
41,2025-06-28,8,1,0,16
41,2025-06-29,8,0,0,16
41,2025-06-30,66,1,0,16
41,2025-07-01,64,2,0,16
41,2025-07-02,61,3,0,16
41,2025-07-03,60,1,0,16
41,2025-07-04,60,0,0,16
41,2025-07-05,60,0,0,16
41,2025-07-06,60,0,0,16
41,2025-07-07,60,0,0,16
41,2025-07-08,59,1,0,16
41,2025-07-09,59,0,0,16
41,2025-07-10,58,1,0,16
41,2025-07-11,55,3,0,16
41,2025-07-12,53,2,0,16
41,2025-07-13,53,0,0,16
41,2025-07-14,52,1,0,16
41,2025-07-15,50,2,0,16
41,2025-07-16,50,0,0,16
41,2025-07-17,47,3,0,16
41,2025-07-18,43,4,0,16
41,2025-07-19,43,0,0,16
41,2025-07-20,43,0,0,16
41,2025-07-21,42,1,0,16
41,2025-07-22,42,0,0,16
41,2025-07-23,39,3,0,16
41,2025-07-24,39,0,0,16
41,2025-07-25,38,1,0,16
41,2025-07-26,34,4,0,16
41,2025-07-27,33,1,0,16
41,2025-07-28,33,0,0,16
41,2025-07-29,32,1,0,16
41,2025-07-30,30,2,0,16
41,2025-07-31,30,0,0,16
41,2025-08-01,30,0,0,16
41,2025-08-02,29,1,0,16
41,2025-08-03,28,1,0,16
41,2025-08-04,25,3,0,16
41,2025-08-05,23,2,0,16
41,2025-08-06,20,3,0,16
41,2025-08-07,20,0,0,16
41,2025-08-08,20,0,0,16
41,2025-08-09,20,0,0,16
41,2025-08-10,17,3,0,16
41,2025-08-11,17,0,0,16
41,2025-08-12,15,2,0,16
41,2025-08-13,15,0,0,16
41,2025-08-14,13,2,0,16
41,2025-08-15,12,1,0,16
41,2025-08-16,5,7,0,16
41,2025-08-17,5,0,0,16
41,2025-08-18,3,2,0,16
41,2025-08-19,61,1,0,16
41,2025-08-20,59,2,0,16
41,2025-08-21,59,0,0,16
41,2025-08-22,59,0,0,16
41,2025-08-23,58,1,0,16
41,2025-08-24,58,0,0,16
41,2025-08-25,58,0,0,16
41,2025-08-26,58,0,0,16
41,2025-08-27,58,0,0,16
41,2025-08-28,58,0,0,16
41,2025-08-29,58,0,0,16
41,2025-08-30,57,1,0,16
41,2025-08-31,56,1,0,16
41,2025-09-01,56,0,0,16
41,2025-09-02,55,1,0,16
41,2025-09-03,55,0,0,16
41,2025-09-04,53,2,0,16
41,2025-09-05,52,1,0,16
41,2025-09-06,52,0,0,16
41,2025-09-07,51,1,0,16
41,2025-09-08,43,8,0,16
41,2025-09-09,42,1,0,16
41,2025-09-10,42,0,0,16
41,2025-09-11,41,1,0,16
41,2025-09-12,38,3,0,16
41,2025-09-13,34,4,0,16
41,2025-09-14,34,0,0,16
41,2025-09-15,32,2,0,16
41,2025-09-16,32,0,0,16
41,2025-09-17,32,0,0,16
41,2025-09-18,32,0,0,16
41,2025-09-19,32,0,0,16
41,2025-09-20,30,2,0,16
41,2025-09-21,29,1,0,16
41,2025-09-22,29,0,0,16
41,2025-09-23,26,3,0,16
41,2025-09-24,25,1,0,16
41,2025-09-25,24,1,0,16
41,2025-09-26,22,2,0,16
41,2025-09-27,18,4,0,16
41,2025-09-28,16,2,0,16
41,2025-09-29,16,0,0,16
41,2025-09-30,16,0,0,16
41,2025-10-01,13,3,0,16
41,2025-10-02,13,0,0,16
41,2025-10-03,10,3,0,16
41,2025-10-04,10,0,0,16
41,2025-10-05,9,1,0,16
41,2025-10-06,8,1,0,16
41,2025-10-07,8,0,0,16
41,2025-10-08,7,1,0,16
41,2025-10-09,3,4,0,16
41,2025-10-10,2,1,0,16
41,2025-10-11,2,0,0,16
41,2025-10-12,61,0,0,16
41,2025-10-13,59,2,0,16
41,2025-10-14,56,3,0,16
41,2025-10-15,54,2,0,16
41,2025-10-16,52,2,0,16
41,2025-10-17,48,4,0,16
41,2025-10-18,44,4,0,16
41,2025-10-19,43,1,0,16
41,2025-10-20,42,1,0,16
41,2025-10-21,41,1,0,16
41,2025-10-22,41,0,0,16
41,2025-10-23,41,0,0,16
41,2025-10-24,39,2,0,16
41,2025-10-25,35,4,0,16
41,2025-10-26,34,1,0,16
41,2025-10-27,34,0,0,16
41,2025-10-28,34,0,0,16
41,2025-10-29,32,2,0,16
41,2025-10-30,32,0,0,16
41,2025-10-31,31,1,0,16
41,2025-11-01,31,0,0,16
41,2025-11-02,29,2,0,16
41,2025-11-03,29,0,0,16
41,2025-11-04,27,2,0,16
41,2025-11-05,24,3,0,16
41,2025-11-06,23,1,0,16
41,2025-11-07,18,5,0,16
41,2025-11-08,15,3,0,16
41,2025-11-09,11,4,0,16
41,2025-11-10,8,3,0,16
41,2025-11-11,6,2,0,16
41,2025-11-12,3,3,0,16
41,2025-11-13,0,4,1,16
41,2025-11-14,0,4,1,16
41,2025-11-15,58,1,0,16
41,2025-11-16,57,1,0,16
41,2025-11-17,55,2,0,16
41,2025-11-18,52,3,0,16
41,2025-11-19,51,1,0,16
41,2025-11-20,50,1,0,16
41,2025-11-21,46,4,0,16
41,2025-11-22,44,2,0,16
41,2025-11-23,44,0,0,16
41,2025-11-24,43,1,0,16
41,2025-11-25,41,2,0,16
41,2025-11-26,39,2,0,16
41,2025-11-27,38,1,0,16
41,2025-11-28,35,3,0,16
41,2025-11-29,30,5,0,16
41,2025-11-30,27,3,0,16
41,2025-12-01,16,11,0,16
41,2025-12-02,12,4,0,16
41,2025-12-03,4,8,0,16
41,2025-12-04,2,2,0,16
41,2025-12-05,0,5,1,16
41,2025-12-06,0,9,1,16
41,2025-12-07,0,5,1,16
41,2025-12-08,0,2,1,16
41,2025-12-09,0,8,1,16
41,2025-12-10,0,5,1,16
41,2025-12-11,58,1,0,16
41,2025-12-12,52,6,0,16
41,2025-12-13,45,7,0,16
41,2025-12-14,43,2,0,16
41,2025-12-15,41,2,0,16
41,2025-12-16,30,11,0,16
41,2025-12-17,26,4,0,16
41,2025-12-18,20,6,0,16
41,2025-12-19,11,9,0,16
41,2025-12-20,3,8,0,16
41,2025-12-21,0,6,1,16
41,2025-12-22,0,3,1,16
41,2025-12-23,0,4,1,16
41,2025-12-24,0,3,1,16
41,2025-12-25,0,2,1,16
41,2025-12-26,0,3,1,16
41,2025-12-27,0,4,1,16
41,2025-12-28,0,6,1,16
41,2025-12-29,0,5,1,16
41,2025-12-30,0,1,1,16
41,2025-12-31,0,5,1,16
21,2025-01-01,44,1,0,16
21,2025-01-02,44,0,0,16
21,2025-01-03,42,2,0,16
21,2025-01-04,41,1,0,16
21,2025-01-05,41,0,0,16
21,2025-01-06,41,0,0,16
21,2025-01-07,40,1,0,16
21,2025-01-08,37,3,0,16
21,2025-01-09,37,0,0,16
21,2025-01-10,37,0,0,16
21,2025-01-11,35,2,0,16
21,2025-01-12,34,1,0,16
21,2025-01-13,34,0,0,16
21,2025-01-14,31,3,0,16
21,2025-01-15,27,4,0,16
21,2025-01-16,24,3,0,16
21,2025-01-17,19,5,0,16
21,2025-01-18,18,1,0,16
21,2025-01-19,16,2,0,16
21,2025-01-20,15,1,0,16
21,2025-01-21,11,4,0,16
21,2025-01-22,9,2,0,16
21,2025-01-23,9,0,0,16
21,2025-01-24,6,3,0,16
21,2025-01-25,5,1,0,16
21,2025-01-26,64,0,0,16
21,2025-01-27,64,0,0,16
21,2025-01-28,60,4,0,16
21,2025-01-29,60,0,0,16
21,2025-01-30,60,0,0,16
21,2025-01-31,55,5,0,16
21,2025-02-01,54,1,0,16
21,2025-02-02,53,1,0,16
21,2025-02-03,51,2,0,16
21,2025-02-04,49,2,0,16
21,2025-02-05,49,0,0,16
21,2025-02-06,48,1,0,16
21,2025-02-07,48,0,0,16
21,2025-02-08,47,1,0,16
21,2025-02-09,47,0,0,16
21,2025-02-10,46,1,0,16
21,2025-02-11,46,0,0,16
21,2025-02-12,44,2,0,16
21,2025-02-13,42,2,0,16
21,2025-02-14,41,1,0,16
21,2025-02-15,36,5,0,16
21,2025-02-16,34,2,0,16
21,2025-02-17,34,0,0,16
21,2025-02-18,34,0,0,16
21,2025-02-19,33,1,0,16
21,2025-02-20,32,1,0,16
21,2025-02-21,30,2,0,16
21,2025-02-22,25,5,0,16
21,2025-02-23,25,0,0,16
21,2025-02-24,22,3,0,16
21,2025-02-25,22,0,0,16
21,2025-02-26,20,2,0,16
21,2025-02-27,16,4,0,16
21,2025-02-28,12,4,0,16
21,2025-03-01,6,6,0,16
21,2025-03-02,5,1,0,16
21,2025-03-03,3,2,0,16
21,2025-03-04,2,1,0,16
21,2025-03-05,0,2,0,16
21,2025-03-06,59,0,0,16
21,2025-03-07,55,4,0,16
21,2025-03-08,52,3,0,16
21,2025-03-09,51,1,0,16
21,2025-03-10,47,4,0,16
21,2025-03-11,45,2,0,16
21,2025-03-12,45,0,0,16
21,2025-03-13,45,0,0,16
21,2025-03-14,38,7,0,16
21,2025-03-15,36,2,0,16
21,2025-03-16,32,4,0,16
21,2025-03-17,30,2,0,16
21,2025-03-18,27,3,0,16
21,2025-03-19,26,1,0,16
21,2025-03-20,25,1,0,16
21,2025-03-21,25,0,0,16
21,2025-03-22,24,1,0,16
21,2025-03-23,23,1,0,16
21,2025-03-24,21,2,0,16
21,2025-03-25,18,3,0,16
21,2025-03-26,17,1,0,16
21,2025-03-27,17,0,0,16
21,2025-03-28,17,0,0,16
21,2025-03-29,14,3,0,16
21,2025-03-30,14,0,0,16
21,2025-03-31,10,4,0,16
21,2025-04-01,9,1,0,16
21,2025-04-02,3,6,0,16
21,2025-04-03,3,0,0,16
21,2025-04-04,1,2,0,16
21,2025-04-05,0,1,0,16
21,2025-04-06,0,0,0,16
21,2025-04-07,0,2,1,16
21,2025-04-08,0,2,1,16
21,2025-04-09,0,0,0,16
21,2025-04-10,0,3,1,16
21,2025-04-11,0,2,1,16
21,2025-04-12,58,1,0,16
21,2025-04-13,57,1,0,16
21,2025-04-14,56,1,0,16
21,2025-04-15,56,0,0,16
21,2025-04-16,55,1,0,16
21,2025-04-17,54,1,0,16
21,2025-04-18,51,3,0,16
21,2025-04-19,50,1,0,16
21,2025-04-20,50,0,0,16
21,2025-04-21,49,1,0,16
21,2025-04-22,49,0,0,16
21,2025-04-23,49,0,0,16
21,2025-04-24,48,1,0,16
21,2025-04-25,46,2,0,16
21,2025-04-26,45,1,0,16
21,2025-04-27,44,1,0,16
21,2025-04-28,44,0,0,16
21,2025-04-29,43,1,0,16
21,2025-04-30,43,0,0,16
21,2025-05-01,43,0,0,16
21,2025-05-02,43,0,0,16
21,2025-05-03,42,1,0,16
21,2025-05-04,41,1,0,16
21,2025-05-05,37,4,0,16
21,2025-05-06,36,1,0,16
21,2025-05-07,34,2,0,16
21,2025-05-08,33,1,0,16
21,2025-05-09,32,1,0,16
21,2025-05-10,27,5,0,16
21,2025-05-11,27,0,0,16
21,2025-05-12,25,2,0,16
21,2025-05-13,23,2,0,16
21,2025-05-14,23,0,0,16
21,2025-05-15,22,1,0,16
21,2025-05-16,20,2,0,16
21,2025-05-17,12,8,0,16
21,2025-05-18,11,1,0,16
21,2025-05-19,11,0,0,16
21,2025-05-20,9,2,0,16
21,2025-05-21,9,0,0,16
21,2025-05-22,7,2,0,16
21,2025-05-23,7,0,0,16
21,2025-05-24,3,4,0,16
21,2025-05-25,3,0,0,16
21,2025-05-26,0,3,0,16
21,2025-05-27,0,2,1,16
21,2025-05-28,0,0,0,16
21,2025-05-29,0,3,1,16
21,2025-05-30,0,2,1,16
21,2025-05-31,0,0,0,16
21,2025-06-01,0,0,0,16
21,2025-06-02,0,2,1,16
21,2025-06-03,0,1,1,16
21,2025-06-04,58,1,0,16
21,2025-06-05,57,1,0,16
21,2025-06-06,56,1,0,16
21,2025-06-07,56,0,0,16
21,2025-06-08,54,2,0,16
21,2025-06-09,53,1,0,16
21,2025-06-10,51,2,0,16
21,2025-06-11,50,1,0,16
21,2025-06-12,48,2,0,16
21,2025-06-13,46,2,0,16
21,2025-06-14,43,3,0,16
21,2025-06-15,42,1,0,16
21,2025-06-16,41,1,0,16
21,2025-06-17,40,1,0,16
21,2025-06-18,39,1,0,16
21,2025-06-19,37,2,0,16
21,2025-06-20,33,4,0,16
21,2025-06-21,27,6,0,16
21,2025-06-22,25,2,0,16
21,2025-06-23,23,2,0,16
21,2025-06-24,17,6,0,16
21,2025-06-25,17,0,0,16
21,2025-06-26,16,1,0,16
21,2025-06-27,15,1,0,16
21,2025-06-28,15,0,0,16
21,2025-06-29,11,4,0,16
21,2025-06-30,11,0,0,16
21,2025-07-01,11,0,0,16
21,2025-07-02,7,4,0,16
21,2025-07-03,7,0,0,16
21,2025-07-04,6,1,0,16
21,2025-07-05,5,1,0,16
21,2025-07-06,5,0,0,16
21,2025-07-07,5,0,0,16
21,2025-07-08,1,4,0,16
21,2025-07-09,0,1,0,16
21,2025-07-10,57,2,0,16
21,2025-07-11,56,1,0,16
21,2025-07-12,56,0,0,16
21,2025-07-13,56,0,0,16
21,2025-07-14,56,0,0,16
21,2025-07-15,56,0,0,16
21,2025-07-16,55,1,0,16
21,2025-07-17,53,2,0,16
21,2025-07-18,53,0,0,16
21,2025-07-19,53,0,0,16
21,2025-07-20,50,3,0,16
21,2025-07-21,47,3,0,16
21,2025-07-22,47,0,0,16
21,2025-07-23,46,1,0,16
21,2025-07-24,43,3,0,16
21,2025-07-25,42,1,0,16
21,2025-07-26,39,3,0,16
21,2025-07-27,39,0,0,16
21,2025-07-28,39,0,0,16
21,2025-07-29,38,1,0,16
21,2025-07-30,38,0,0,16
21,2025-07-31,37,1,0,16
21,2025-08-01,37,0,0,16
21,2025-08-02,34,3,0,16
21,2025-08-03,34,0,0,16
21,2025-08-04,30,4,0,16
21,2025-08-05,30,0,0,16
21,2025-08-06,30,0,0,16
21,2025-08-07,30,0,0,16
21,2025-08-08,29,1,0,16
21,2025-08-09,27,2,0,16
21,2025-08-10,26,1,0,16
21,2025-08-11,26,0,0,16
21,2025-08-12,24,2,0,16
21,2025-08-13,24,0,0,16
21,2025-08-14,24,0,0,16
21,2025-08-15,24,0,0,16
21,2025-08-16,23,1,0,16
21,2025-08-17,23,0,0,16
21,2025-08-18,20,3,0,16
21,2025-08-19,18,2,0,16
21,2025-08-20,18,0,0,16
21,2025-08-21,17,1,0,16
21,2025-08-22,17,0,0,16
21,2025-08-23,15,2,0,16
21,2025-08-24,15,0,0,16
21,2025-08-25,15,0,0,16
21,2025-08-26,14,1,0,16
21,2025-08-27,12,2,0,16
21,2025-08-28,12,0,0,16
21,2025-08-29,12,0,0,16
21,2025-08-30,68,3,0,16
21,2025-08-31,68,0,0,16
21,2025-09-01,68,0,0,16
21,2025-09-02,68,0,0,16
21,2025-09-03,68,0,0,16
21,2025-09-04,67,1,0,16
21,2025-09-05,65,2,0,16
21,2025-09-06,63,2,0,16
21,2025-09-07,61,2,0,16
21,2025-09-08,61,0,0,16
21,2025-09-09,61,0,0,16
21,2025-09-10,60,1,0,16
21,2025-09-11,58,2,0,16
21,2025-09-12,57,1,0,16
21,2025-09-13,56,1,0,16
21,2025-09-14,54,2,0,16
21,2025-09-15,54,0,0,16
21,2025-09-16,51,3,0,16
21,2025-09-17,49,2,0,16
21,2025-09-18,48,1,0,16
21,2025-09-19,44,4,0,16
21,2025-09-20,42,2,0,16
21,2025-09-21,42,0,0,16
21,2025-09-22,41,1,0,16
21,2025-09-23,37,4,0,16
21,2025-09-24,32,5,0,16
21,2025-09-25,31,1,0,16
21,2025-09-26,30,1,0,16
21,2025-09-27,29,1,0,16
21,2025-09-28,28,1,0,16
21,2025-09-29,26,2,0,16
21,2025-09-30,26,0,0,16
21,2025-10-01,23,3,0,16
21,2025-10-02,20,3,0,16
21,2025-10-03,16,4,0,16
21,2025-10-04,10,6,0,16
21,2025-10-05,9,1,0,16
21,2025-10-06,7,2,0,16
21,2025-10-07,6,1,0,16
21,2025-10-08,6,0,0,16
21,2025-10-09,0,8,1,16
21,2025-10-10,54,5,0,16
21,2025-10-11,44,10,0,16
21,2025-10-12,44,0,0,16
21,2025-10-13,42,2,0,16
21,2025-10-14,38,4,0,16
21,2025-10-15,36,2,0,16
21,2025-10-16,36,0,0,16
21,2025-10-17,34,2,0,16
21,2025-10-18,30,4,0,16
21,2025-10-19,29,1,0,16
21,2025-10-20,25,4,0,16
21,2025-10-21,24,1,0,16
21,2025-10-22,24,0,0,16
21,2025-10-23,21,3,0,16
21,2025-10-24,20,1,0,16
21,2025-10-25,17,3,0,16
21,2025-10-26,14,3,0,16
21,2025-10-27,12,2,0,16
21,2025-10-28,12,0,0,16
21,2025-10-29,10,2,0,16
21,2025-10-30,6,4,0,16
21,2025-10-31,2,4,0,16
21,2025-11-01,0,2,0,16
21,2025-11-02,0,0,0,16
21,2025-11-03,0,0,0,16
21,2025-11-04,0,2,1,16
21,2025-11-05,0,7,1,16
21,2025-11-06,0,1,1,16
21,2025-11-07,0,6,1,16
21,2025-11-08,0,2,1,16
21,2025-11-09,59,0,0,16
21,2025-11-10,54,5,0,16
21,2025-11-11,53,1,0,16
21,2025-11-12,51,2,0,16
21,2025-11-13,49,2,0,16
21,2025-11-14,47,2,0,16
21,2025-11-15,47,0,0,16
21,2025-11-16,47,0,0,16
21,2025-11-17,45,2,0,16
21,2025-11-18,40,5,0,16
21,2025-11-19,37,3,0,16
21,2025-11-20,36,1,0,16
21,2025-11-21,33,3,0,16
21,2025-11-22,28,5,0,16
21,2025-11-23,25,3,0,16
21,2025-11-24,21,4,0,16
21,2025-11-25,18,3,0,16
21,2025-11-26,16,2,0,16
21,2025-11-27,12,4,0,16
21,2025-11-28,8,4,0,16
21,2025-11-29,4,4,0,16
21,2025-11-30,0,4,0,16
21,2025-12-01,0,1,1,16
21,2025-12-02,0,1,1,16
21,2025-12-03,0,2,1,16
21,2025-12-04,0,7,1,16
21,2025-12-05,0,2,1,16
21,2025-12-06,0,1,1,16
21,2025-12-07,0,1,1,16
21,2025-12-08,55,4,0,16
21,2025-12-09,52,3,0,16
21,2025-12-10,47,5,0,16
21,2025-12-11,43,4,0,16
21,2025-12-12,37,6,0,16
21,2025-12-13,31,6,0,16
21,2025-12-14,31,0,0,16
21,2025-12-15,29,2,0,16
21,2025-12-16,26,3,0,16
21,2025-12-17,24,2,0,16
21,2025-12-18,21,3,0,16
21,2025-12-19,9,12,0,16
21,2025-12-20,6,3,0,16
21,2025-12-21,4,2,0,16
21,2025-12-22,0,6,1,16
21,2025-12-23,0,6,1,16
21,2025-12-24,0,8,1,16
21,2025-12-25,0,3,1,16
21,2025-12-26,0,1,1,16
21,2025-12-27,0,2,1,16
21,2025-12-28,0,5,1,16
21,2025-12-29,0,0,0,16
21,2025-12-30,0,0,0,16
21,2025-12-31,0,2,1,16
43,2025-01-01,42,1,0,15
43,2025-01-02,41,1,0,15
43,2025-01-03,38,3,0,15
43,2025-01-04,36,2,0,15
43,2025-01-05,35,1,0,15
43,2025-01-06,34,1,0,15
43,2025-01-07,31,3,0,15
43,2025-01-08,30,1,0,15
43,2025-01-09,29,1,0,15
43,2025-01-10,25,4,0,15
43,2025-01-11,22,3,0,15
43,2025-01-12,22,0,0,15
43,2025-01-13,19,3,0,15
43,2025-01-14,18,1,0,15
43,2025-01-15,17,1,0,15
43,2025-01-16,15,2,0,15
43,2025-01-17,9,6,0,15
43,2025-01-18,7,2,0,15
43,2025-01-19,6,1,0,15
43,2025-01-20,3,3,0,15
43,2025-01-21,1,2,0,15
43,2025-01-22,0,1,0,15
43,2025-01-23,0,2,1,15
43,2025-01-24,0,2,1,15
43,2025-01-25,0,4,1,15
43,2025-01-26,55,1,0,15
43,2025-01-27,52,3,0,15
43,2025-01-28,52,0,0,15
43,2025-01-29,51,1,0,15
43,2025-01-30,49,2,0,15
43,2025-01-31,48,1,0,15
43,2025-02-01,44,4,0,15
43,2025-02-02,43,1,0,15
43,2025-02-03,43,0,0,15
43,2025-02-04,42,1,0,15
43,2025-02-05,42,0,0,15
43,2025-02-06,41,1,0,15
43,2025-02-07,37,4,0,15
43,2025-02-08,31,6,0,15
43,2025-02-09,31,0,0,15
43,2025-02-10,31,0,0,15
43,2025-02-11,31,0,0,15
43,2025-02-12,30,1,0,15
43,2025-02-13,28,2,0,15
43,2025-02-14,26,2,0,15
43,2025-02-15,20,6,0,15
43,2025-02-16,20,0,0,15
43,2025-02-17,20,0,0,15
43,2025-02-18,19,1,0,15
43,2025-02-19,19,0,0,15
43,2025-02-20,18,1,0,15
43,2025-02-21,17,1,0,15
43,2025-02-22,15,2,0,15
43,2025-02-23,15,0,0,15
43,2025-02-24,14,1,0,15
43,2025-02-25,13,1,0,15
43,2025-02-26,10,3,0,15
43,2025-02-27,9,1,0,15
43,2025-02-28,7,2,0,15
43,2025-03-01,3,4,0,15
43,2025-03-02,2,1,0,15
43,2025-03-03,2,0,0,15
43,2025-03-04,2,0,0,15
43,2025-03-05,0,2,0,15
43,2025-03-06,0,3,1,15
43,2025-03-07,0,1,1,15
43,2025-03-08,54,2,0,15
43,2025-03-09,53,1,0,15
43,2025-03-10,52,1,0,15
43,2025-03-11,51,1,0,15
43,2025-03-12,50,1,0,15
43,2025-03-13,50,0,0,15
43,2025-03-14,48,2,0,15
43,2025-03-15,46,2,0,15
43,2025-03-16,46,0,0,15
43,2025-03-17,45,1,0,15
43,2025-03-18,43,2,0,15
43,2025-03-19,42,1,0,15
43,2025-03-20,38,4,0,15
43,2025-03-21,38,0,0,15
43,2025-03-22,34,4,0,15
43,2025-03-23,34,0,0,15
43,2025-03-24,34,0,0,15
43,2025-03-25,34,0,0,15
43,2025-03-26,33,1,0,15
43,2025-03-27,33,0,0,15
43,2025-03-28,30,3,0,15
43,2025-03-29,30,0,0,15
43,2025-03-30,29,1,0,15
43,2025-03-31,28,1,0,15
43,2025-04-01,27,1,0,15
43,2025-04-02,26,1,0,15
43,2025-04-03,26,0,0,15
43,2025-04-04,24,2,0,15
43,2025-04-05,24,0,0,15
43,2025-04-06,24,0,0,15
43,2025-04-07,19,5,0,15
43,2025-04-08,19,0,0,15
43,2025-04-09,17,2,0,15
43,2025-04-10,17,0,0,15
43,2025-04-11,15,2,0,15
43,2025-04-12,13,2,0,15
43,2025-04-13,13,0,0,15
43,2025-04-14,11,2,0,15
43,2025-04-15,10,1,0,15
43,2025-04-16,9,1,0,15
43,2025-04-17,7,2,0,15
43,2025-04-18,61,2,0,15
43,2025-04-19,57,4,0,15
43,2025-04-20,55,2,0,15
43,2025-04-21,54,1,0,15
43,2025-04-22,54,0,0,15
43,2025-04-23,52,2,0,15
43,2025-04-24,52,0,0,15
43,2025-04-25,50,2,0,15
43,2025-04-26,48,2,0,15
43,2025-04-27,46,2,0,15
43,2025-04-28,39,7,0,15
43,2025-04-29,39,0,0,15
43,2025-04-30,37,2,0,15
43,2025-05-01,34,3,0,15
43,2025-05-02,33,1,0,15
43,2025-05-03,31,2,0,15
43,2025-05-04,30,1,0,15
43,2025-05-05,30,0,0,15
43,2025-05-06,28,2,0,15
43,2025-05-07,28,0,0,15
43,2025-05-08,25,3,0,15
43,2025-05-09,25,0,0,15
43,2025-05-10,22,3,0,15
43,2025-05-11,22,0,0,15
43,2025-05-12,15,7,0,15
43,2025-05-13,14,1,0,15
43,2025-05-14,12,2,0,15
43,2025-05-15,11,1,0,15
43,2025-05-16,9,2,0,15
43,2025-05-17,7,2,0,15
43,2025-05-18,6,1,0,15
43,2025-05-19,61,1,0,15
43,2025-05-20,61,0,0,15
43,2025-05-21,58,3,0,15
43,2025-05-22,58,0,0,15
43,2025-05-23,58,0,0,15
43,2025-05-24,57,1,0,15
43,2025-05-25,57,0,0,15
43,2025-05-26,55,2,0,15
43,2025-05-27,49,6,0,15
43,2025-05-28,48,1,0,15
43,2025-05-29,47,1,0,15
43,2025-05-30,45,2,0,15
43,2025-05-31,43,2,0,15
43,2025-06-01,41,2,0,15
43,2025-06-02,40,1,0,15
43,2025-06-03,40,0,0,15
43,2025-06-04,39,1,0,15
43,2025-06-05,39,0,0,15
43,2025-06-06,39,0,0,15
43,2025-06-07,36,3,0,15
43,2025-06-08,35,1,0,15
43,2025-06-09,34,1,0,15
43,2025-06-10,34,0,0,15
43,2025-06-11,34,0,0,15
43,2025-06-12,31,3,0,15
43,2025-06-13,30,1,0,15
43,2025-06-14,30,0,0,15
43,2025-06-15,27,3,0,15
43,2025-06-16,26,1,0,15
43,2025-06-17,25,1,0,15
43,2025-06-18,22,3,0,15
43,2025-06-19,20,2,0,15
43,2025-06-20,19,1,0,15
43,2025-06-21,19,0,0,15
43,2025-06-22,18,1,0,15
43,2025-06-23,18,0,0,15
43,2025-06-24,18,0,0,15
43,2025-06-25,18,0,0,15
43,2025-06-26,17,1,0,15
43,2025-06-27,17,0,0,15
43,2025-06-28,16,1,0,15
43,2025-06-29,16,0,0,15
43,2025-06-30,15,1,0,15
43,2025-07-01,11,4,0,15
43,2025-07-02,11,0,0,15
43,2025-07-03,10,1,0,15
43,2025-07-04,9,1,0,15
43,2025-07-05,5,4,0,15
43,2025-07-06,4,1,0,15
43,2025-07-07,2,2,0,15
43,2025-07-08,2,0,0,15
43,2025-07-09,0,3,1,15
43,2025-07-10,0,1,1,15
43,2025-07-11,0,1,1,15
43,2025-07-12,0,1,1,15
43,2025-07-13,0,0,0,15
43,2025-07-14,54,2,0,15
43,2025-07-15,51,3,0,15
43,2025-07-16,50,1,0,15
43,2025-07-17,49,1,0,15
43,2025-07-18,47,2,0,15
43,2025-07-19,47,0,0,15
43,2025-07-20,47,0,0,15
43,2025-07-21,44,3,0,15
43,2025-07-22,44,0,0,15
43,2025-07-23,44,0,0,15
43,2025-07-24,42,2,0,15
43,2025-07-25,41,1,0,15
43,2025-07-26,40,1,0,15
43,2025-07-27,40,0,0,15
43,2025-07-28,40,0,0,15
43,2025-07-29,38,2,0,15
43,2025-07-30,38,0,0,15
43,2025-07-31,37,1,0,15
43,2025-08-01,37,0,0,15
43,2025-08-02,35,2,0,15
43,2025-08-03,34,1,0,15
43,2025-08-04,30,4,0,15
43,2025-08-05,30,0,0,15
43,2025-08-06,28,2,0,15
43,2025-08-07,28,0,0,15
43,2025-08-08,27,1,0,15
43,2025-08-09,27,0,0,15
43,2025-08-10,26,1,0,15
43,2025-08-11,26,0,0,15
43,2025-08-12,23,3,0,15
43,2025-08-13,22,1,0,15
43,2025-08-14,22,0,0,15
43,2025-08-15,22,0,0,15
43,2025-08-16,20,2,0,15
43,2025-08-17,20,0,0,15
43,2025-08-18,20,0,0,15
43,2025-08-19,18,2,0,15
43,2025-08-20,15,3,0,15
43,2025-08-21,14,1,0,15
43,2025-08-22,14,0,0,15
43,2025-08-23,13,1,0,15
43,2025-08-24,13,0,0,15
43,2025-08-25,12,1,0,15
43,2025-08-26,12,0,0,15
43,2025-08-27,9,3,0,15
43,2025-08-28,9,0,0,15
43,2025-08-29,6,3,0,15
43,2025-08-30,60,2,0,15
43,2025-08-31,58,2,0,15
43,2025-09-01,58,0,0,15
43,2025-09-02,58,0,0,15
43,2025-09-03,56,2,0,15
43,2025-09-04,55,1,0,15
43,2025-09-05,53,2,0,15
43,2025-09-06,52,1,0,15
43,2025-09-07,52,0,0,15
43,2025-09-08,47,5,0,15
43,2025-09-09,45,2,0,15
43,2025-09-10,38,7,0,15
43,2025-09-11,38,0,0,15
43,2025-09-12,38,0,0,15
43,2025-09-13,35,3,0,15
43,2025-09-14,35,0,0,15
43,2025-09-15,33,2,0,15
43,2025-09-16,32,1,0,15
43,2025-09-17,31,1,0,15
43,2025-09-18,30,1,0,15
43,2025-09-19,30,0,0,15
43,2025-09-20,28,2,0,15
43,2025-09-21,28,0,0,15
43,2025-09-22,28,0,0,15
43,2025-09-23,28,0,0,15
43,2025-09-24,27,1,0,15
43,2025-09-25,26,1,0,15
43,2025-09-26,25,1,0,15
43,2025-09-27,23,2,0,15
43,2025-09-28,22,1,0,15
43,2025-09-29,21,1,0,15
43,2025-09-30,21,0,0,15
43,2025-10-01,21,0,0,15
43,2025-10-02,21,0,0,15
43,2025-10-03,16,5,0,15
43,2025-10-04,15,1,0,15
43,2025-10-05,15,0,0,15
43,2025-10-06,14,1,0,15
43,2025-10-07,14,0,0,15
43,2025-10-08,10,4,0,15
43,2025-10-09,8,2,0,15
43,2025-10-10,6,2,0,15
43,2025-10-11,62,0,0,15
43,2025-10-12,58,4,0,15
43,2025-10-13,56,2,0,15
43,2025-10-14,55,1,0,15
43,2025-10-15,55,0,0,15
43,2025-10-16,55,0,0,15
43,2025-10-17,53,2,0,15
43,2025-10-18,51,2,0,15
43,2025-10-19,51,0,0,15
43,2025-10-20,48,3,0,15
43,2025-10-21,48,0,0,15
43,2025-10-22,47,1,0,15
43,2025-10-23,47,0,0,15
43,2025-10-24,47,0,0,15
43,2025-10-25,45,2,0,15
43,2025-10-26,44,1,0,15
43,2025-10-27,43,1,0,15
43,2025-10-28,42,1,0,15
43,2025-10-29,40,2,0,15
43,2025-10-30,37,3,0,15
43,2025-10-31,36,1,0,15
43,2025-11-01,33,3,0,15
43,2025-11-02,32,1,0,15
43,2025-11-03,32,0,0,15
43,2025-11-04,27,5,0,15
43,2025-11-05,25,2,0,15
43,2025-11-06,24,1,0,15
43,2025-11-07,24,0,0,15
43,2025-11-08,22,2,0,15
43,2025-11-09,22,0,0,15
43,2025-11-10,21,1,0,15
43,2025-11-11,18,3,0,15
43,2025-11-12,16,2,0,15
43,2025-11-13,13,3,0,15
43,2025-11-14,10,3,0,15
43,2025-11-15,7,3,0,15
43,2025-11-16,5,2,0,15
43,2025-11-17,0,5,0,15
43,2025-11-18,0,5,1,15
43,2025-11-19,0,2,1,15
43,2025-11-20,0,2,1,15
43,2025-11-21,0,5,1,15
43,2025-11-22,0,5,1,15
43,2025-11-23,0,0,0,15
43,2025-11-24,0,1,1,15
43,2025-11-25,0,1,1,15
43,2025-11-26,0,3,1,15
43,2025-11-27,56,0,0,15
43,2025-11-28,54,2,0,15
43,2025-11-29,43,11,0,15
43,2025-11-30,42,1,0,15
43,2025-12-01,39,3,0,15
43,2025-12-02,34,5,0,15
43,2025-12-03,33,1,0,15
43,2025-12-04,27,6,0,15
43,2025-12-05,19,8,0,15
43,2025-12-06,10,9,0,15
43,2025-12-07,9,1,0,15
43,2025-12-08,4,5,0,15
43,2025-12-09,0,4,0,15
43,2025-12-10,0,5,1,15
43,2025-12-11,0,7,1,15
43,2025-12-12,0,2,1,15
43,2025-12-13,0,9,1,15
43,2025-12-14,0,2,1,15
43,2025-12-15,0,2,1,15
43,2025-12-16,0,5,1,15
43,2025-12-17,0,5,1,15
43,2025-12-18,0,4,1,15
43,2025-12-19,0,4,1,15
43,2025-12-20,0,8,1,15
43,2025-12-21,0,8,1,15
43,2025-12-22,0,2,1,15
43,2025-12-23,0,2,1,15
43,2025-12-24,0,6,1,15
43,2025-12-25,54,2,0,15
43,2025-12-26,50,4,0,15
43,2025-12-27,39,11,0,15
43,2025-12-28,38,1,0,15
43,2025-12-29,35,3,0,15
43,2025-12-30,29,6,0,15
43,2025-12-31,26,3,0,15
82,2025-01-01,41,0,0,14
82,2025-01-02,41,0,0,14
82,2025-01-03,41,0,0,14
82,2025-01-04,41,0,0,14
82,2025-01-05,41,0,0,14
82,2025-01-06,41,0,0,14
82,2025-01-07,41,0,0,14
82,2025-01-08,40,1,0,14
82,2025-01-09,40,0,0,14
82,2025-01-10,38,2,0,14
82,2025-01-11,38,0,0,14
82,2025-01-12,38,0,0,14
82,2025-01-13,38,0,0,14
82,2025-01-14,38,0,0,14
82,2025-01-15,37,1,0,14
82,2025-01-16,37,0,0,14
82,2025-01-17,37,0,0,14
82,2025-01-18,37,0,0,14
82,2025-01-19,37,0,0,14
82,2025-01-20,36,1,0,14
82,2025-01-21,35,1,0,14
82,2025-01-22,34,1,0,14
82,2025-01-23,34,0,0,14
82,2025-01-24,34,0,0,14
82,2025-01-25,34,0,0,14
82,2025-01-26,34,0,0,14
82,2025-01-27,34,0,0,14
82,2025-01-28,33,1,0,14
82,2025-01-29,32,1,0,14
82,2025-01-30,31,1,0,14
82,2025-01-31,31,0,0,14
82,2025-02-01,29,2,0,14
82,2025-02-02,29,0,0,14
82,2025-02-03,29,0,0,14
82,2025-02-04,28,1,0,14
82,2025-02-05,28,0,0,14
82,2025-02-06,28,0,0,14
82,2025-02-07,27,1,0,14
82,2025-02-08,27,0,0,14
82,2025-02-09,27,0,0,14
82,2025-02-10,27,0,0,14
82,2025-02-11,26,1,0,14
82,2025-02-12,26,0,0,14
82,2025-02-13,26,0,0,14
82,2025-02-14,26,0,0,14
82,2025-02-15,24,2,0,14
82,2025-02-16,24,0,0,14
82,2025-02-17,24,0,0,14
82,2025-02-18,24,0,0,14
82,2025-02-19,24,0,0,14
82,2025-02-20,24,0,0,14
82,2025-02-21,24,0,0,14
82,2025-02-22,22,2,0,14
82,2025-02-23,22,0,0,14
82,2025-02-24,22,0,0,14
82,2025-02-25,22,0,0,14
82,2025-02-26,22,0,0,14
82,2025-02-27,22,0,0,14
82,2025-02-28,22,0,0,14
82,2025-03-01,22,0,0,14
82,2025-03-02,22,0,0,14
82,2025-03-03,22,0,0,14
82,2025-03-04,22,0,0,14
82,2025-03-05,21,1,0,14
82,2025-03-06,21,0,0,14
82,2025-03-07,21,0,0,14
82,2025-03-08,19,2,0,14
82,2025-03-09,18,1,0,14
82,2025-03-10,18,0,0,14
82,2025-03-11,17,1,0,14
82,2025-03-12,17,0,0,14
82,2025-03-13,17,0,0,14
82,2025-03-14,17,0,0,14
82,2025-03-15,17,0,0,14
82,2025-03-16,12,5,0,14
82,2025-03-17,12,0,0,14
82,2025-03-18,8,4,0,14
82,2025-03-19,5,3,0,14
82,2025-03-20,4,1,0,14
82,2025-03-21,0,5,1,14
82,2025-03-22,0,1,1,14
82,2025-03-23,54,0,0,14
82,2025-03-24,54,0,0,14
82,2025-03-25,54,0,0,14
82,2025-03-26,54,0,0,14
82,2025-03-27,54,0,0,14
82,2025-03-28,53,1,0,14
82,2025-03-29,51,2,0,14
82,2025-03-30,51,0,0,14
82,2025-03-31,50,1,0,14
82,2025-04-01,48,2,0,14
82,2025-04-02,47,1,0,14
82,2025-04-03,46,1,0,14
82,2025-04-04,46,0,0,14
82,2025-04-05,46,0,0,14
82,2025-04-06,46,0,0,14
82,2025-04-07,44,2,0,14
82,2025-04-08,41,3,0,14
82,2025-04-09,40,1,0,14
82,2025-04-10,37,3,0,14
82,2025-04-11,36,1,0,14
82,2025-04-12,35,1,0,14
82,2025-04-13,34,1,0,14
82,2025-04-14,33,1,0,14
82,2025-04-15,30,3,0,14
82,2025-04-16,29,1,0,14
82,2025-04-17,27,2,0,14
82,2025-04-18,26,1,0,14
82,2025-04-19,25,1,0,14
82,2025-04-20,22,3,0,14
82,2025-04-21,22,0,0,14
82,2025-04-22,22,0,0,14
82,2025-04-23,22,0,0,14
82,2025-04-24,22,0,0,14
82,2025-04-25,19,3,0,14
82,2025-04-26,14,5,0,14
82,2025-04-27,13,1,0,14
82,2025-04-28,12,1,0,14
82,2025-04-29,11,1,0,14
82,2025-04-30,11,0,0,14
82,2025-05-01,10,1,0,14
82,2025-05-02,10,0,0,14
82,2025-05-03,10,0,0,14
82,2025-05-04,9,1,0,14
82,2025-05-05,8,1,0,14
82,2025-05-06,61,1,0,14
82,2025-05-07,57,4,0,14
82,2025-05-08,54,3,0,14
82,2025-05-09,53,1,0,14
82,2025-05-10,53,0,0,14
82,2025-05-11,53,0,0,14
82,2025-05-12,51,2,0,14
82,2025-05-13,51,0,0,14
82,2025-05-14,49,2,0,14
82,2025-05-15,47,2,0,14
82,2025-05-16,45,2,0,14
82,2025-05-17,43,2,0,14
82,2025-05-18,42,1,0,14
82,2025-05-19,38,4,0,14
82,2025-05-20,30,8,0,14
82,2025-05-21,26,4,0,14
82,2025-05-22,26,0,0,14
82,2025-05-23,23,3,0,14
82,2025-05-24,21,2,0,14
82,2025-05-25,21,0,0,14
82,2025-05-26,20,1,0,14
82,2025-05-27,19,1,0,14
82,2025-05-28,18,1,0,14
82,2025-05-29,17,1,0,14
82,2025-05-30,16,1,0,14
82,2025-05-31,14,2,0,14
82,2025-06-01,12,2,0,14
82,2025-06-02,12,0,0,14
82,2025-06-03,10,2,0,14
82,2025-06-04,6,4,0,14
82,2025-06-05,3,3,0,14
82,2025-06-06,3,0,0,14
82,2025-06-07,48,9,0,14
82,2025-06-08,43,5,0,14
82,2025-06-09,41,2,0,14
82,2025-06-10,40,1,0,14
82,2025-06-11,37,3,0,14
82,2025-06-12,34,3,0,14
82,2025-06-13,29,5,0,14
82,2025-06-14,27,2,0,14
82,2025-06-15,27,0,0,14
82,2025-06-16,23,4,0,14
82,2025-06-17,23,0,0,14
82,2025-06-18,20,3,0,14
82,2025-06-19,19,1,0,14
82,2025-06-20,15,4,0,14
82,2025-06-21,13,2,0,14
82,2025-06-22,7,6,0,14
82,2025-06-23,0,8,1,14
82,2025-06-24,0,6,1,14
82,2025-06-25,0,1,1,14
82,2025-06-26,0,1,1,14
82,2025-06-27,0,4,1,14
82,2025-06-28,51,3,0,14
82,2025-06-29,45,6,0,14
82,2025-06-30,43,2,0,14
82,2025-07-01,42,1,0,14
82,2025-07-02,40,2,0,14
82,2025-07-03,39,1,0,14
82,2025-07-04,36,3,0,14
82,2025-07-05,34,2,0,14
82,2025-07-06,33,1,0,14
82,2025-07-07,28,5,0,14
82,2025-07-08,24,4,0,14
82,2025-07-09,19,5,0,14
82,2025-07-10,14,5,0,14
82,2025-07-11,13,1,0,14
82,2025-07-12,5,8,0,14
82,2025-07-13,4,1,0,14
82,2025-07-14,0,4,0,14
82,2025-07-15,0,3,1,14
82,2025-07-16,0,2,1,14
82,2025-07-17,0,4,1,14
82,2025-07-18,0,1,1,14
82,2025-07-19,0,4,1,14
82,2025-07-20,0,1,1,14
82,2025-07-21,0,4,1,14
82,2025-07-22,0,2,1,14
82,2025-07-23,0,3,1,14
82,2025-07-24,53,1,0,14
82,2025-07-25,49,4,0,14
82,2025-07-26,45,4,0,14
82,2025-07-27,44,1,0,14
82,2025-07-28,42,2,0,14
82,2025-07-29,40,2,0,14
82,2025-07-30,30,10,0,14
82,2025-07-31,24,6,0,14
82,2025-08-01,24,0,0,14
82,2025-08-02,23,1,0,14
82,2025-08-03,21,2,0,14
82,2025-08-04,19,2,0,14
82,2025-08-05,16,3,0,14
82,2025-08-06,13,3,0,14
82,2025-08-07,11,2,0,14
82,2025-08-08,8,3,0,14
82,2025-08-09,8,0,0,14
82,2025-08-10,3,5,0,14
82,2025-08-11,3,0,0,14
82,2025-08-12,1,2,0,14
82,2025-08-13,0,2,1,14
82,2025-08-14,0,6,1,14
82,2025-08-15,0,10,1,14
82,2025-08-16,52,2,0,14
82,2025-08-17,51,1,0,14
82,2025-08-18,49,2,0,14
82,2025-08-19,49,0,0,14
82,2025-08-20,47,2,0,14
82,2025-08-21,45,2,0,14
82,2025-08-22,40,5,0,14
82,2025-08-23,38,2,0,14
82,2025-08-24,36,2,0,14
82,2025-08-25,31,5,0,14
82,2025-08-26,30,1,0,14
82,2025-08-27,27,3,0,14
82,2025-08-28,27,0,0,14
82,2025-08-29,26,1,0,14
82,2025-08-30,23,3,0,14
82,2025-08-31,23,0,0,14
82,2025-09-01,21,2,0,14
82,2025-09-02,17,4,0,14
82,2025-09-03,16,1,0,14
82,2025-09-04,14,2,0,14
82,2025-09-05,12,2,0,14
82,2025-09-06,3,9,0,14
82,2025-09-07,3,0,0,14
82,2025-09-08,3,0,0,14
82,2025-09-09,0,4,1,14
82,2025-09-10,0,0,0,14
82,2025-09-11,0,2,1,14
82,2025-09-12,0,3,1,14
82,2025-09-13,0,3,1,14
82,2025-09-14,51,3,0,14
82,2025-09-15,50,1,0,14
82,2025-09-16,48,2,0,14
82,2025-09-17,48,0,0,14
82,2025-09-18,44,4,0,14
82,2025-09-19,42,2,0,14
82,2025-09-20,36,6,0,14
82,2025-09-21,34,2,0,14
82,2025-09-22,34,0,0,14
82,2025-09-23,34,0,0,14
82,2025-09-24,31,3,0,14
82,2025-09-25,28,3,0,14
82,2025-09-26,24,4,0,14
82,2025-09-27,24,0,0,14
82,2025-09-28,21,3,0,14
82,2025-09-29,13,8,0,14
82,2025-09-30,12,1,0,14
82,2025-10-01,12,0,0,14
82,2025-10-02,7,5,0,14
82,2025-10-03,3,4,0,14
82,2025-10-04,2,1,0,14
82,2025-10-05,0,2,0,14
82,2025-10-06,0,2,1,14
82,2025-10-07,0,1,1,14
82,2025-10-08,0,5,1,14
82,2025-10-09,54,0,0,14
82,2025-10-10,52,2,0,14
82,2025-10-11,49,3,0,14
82,2025-10-12,47,2,0,14
82,2025-10-13,47,0,0,14
82,2025-10-14,47,0,0,14
82,2025-10-15,45,2,0,14
82,2025-10-16,43,2,0,14
82,2025-10-17,43,0,0,14
82,2025-10-18,42,1,0,14
82,2025-10-19,39,3,0,14
82,2025-10-20,37,2,0,14
82,2025-10-21,33,4,0,14
82,2025-10-22,33,0,0,14
82,2025-10-23,30,3,0,14
82,2025-10-24,28,2,0,14
82,2025-10-25,27,1,0,14
82,2025-10-26,27,0,0,14
82,2025-10-27,26,1,0,14
82,2025-10-28,24,2,0,14
82,2025-10-29,24,0,0,14
82,2025-10-30,20,4,0,14
82,2025-10-31,19,1,0,14
82,2025-11-01,19,0,0,14
82,2025-11-02,19,0,0,14
82,2025-11-03,18,1,0,14
82,2025-11-04,17,1,0,14
82,2025-11-05,16,1,0,14
82,2025-11-06,16,0,0,14
82,2025-11-07,12,4,0,14
82,2025-11-08,12,0,0,14
82,2025-11-09,11,1,0,14
82,2025-11-10,11,0,0,14
82,2025-11-11,11,0,0,14
82,2025-11-12,10,1,0,14
82,2025-11-13,8,2,0,14
82,2025-11-14,5,3,0,14
82,2025-11-15,2,3,0,14
82,2025-11-16,1,1,0,14
82,2025-11-17,0,4,1,14
82,2025-11-18,0,3,1,14
82,2025-11-19,54,0,0,14
82,2025-11-20,54,0,0,14
82,2025-11-21,49,5,0,14
82,2025-11-22,47,2,0,14
82,2025-11-23,46,1,0,14
82,2025-11-24,44,2,0,14
82,2025-11-25,44,0,0,14
82,2025-11-26,39,5,0,14
82,2025-11-27,39,0,0,14
82,2025-11-28,36,3,0,14
82,2025-11-29,33,3,0,14
82,2025-11-30,32,1,0,14
82,2025-12-01,32,0,0,14
82,2025-12-02,32,0,0,14
82,2025-12-03,32,0,0,14
82,2025-12-04,29,3,0,14
82,2025-12-05,28,1,0,14
82,2025-12-06,28,0,0,14
82,2025-12-07,28,0,0,14
82,2025-12-08,28,0,0,14
82,2025-12-09,27,1,0,14
82,2025-12-10,25,2,0,14
82,2025-12-11,21,4,0,14
82,2025-12-12,20,1,0,14
82,2025-12-13,19,1,0,14
82,2025-12-14,19,0,0,14
82,2025-12-15,18,1,0,14
82,2025-12-16,16,2,0,14
82,2025-12-17,16,0,0,14
82,2025-12-18,16,0,0,14
82,2025-12-19,16,0,0,14
82,2025-12-20,15,1,0,14
82,2025-12-21,15,0,0,14
82,2025-12-22,15,0,0,14
82,2025-12-23,13,2,0,14
82,2025-12-24,13,0,0,14
82,2025-12-25,13,0,0,14
82,2025-12-26,13,0,0,14
82,2025-12-27,11,2,0,14
82,2025-12-28,11,0,0,14
82,2025-12-29,10,1,0,14
82,2025-12-30,6,4,0,14
82,2025-12-31,5,1,0,14
1,2025-01-01,40,0,0,14
1,2025-01-02,40,0,0,14
1,2025-01-03,39,1,0,14
1,2025-01-04,39,0,0,14
1,2025-01-05,39,0,0,14
1,2025-01-06,38,1,0,14
1,2025-01-07,37,1,0,14
1,2025-01-08,37,0,0,14
1,2025-01-09,36,1,0,14
1,2025-01-10,35,1,0,14
1,2025-01-11,35,0,0,14
1,2025-01-12,34,1,0,14
1,2025-01-13,29,5,0,14
1,2025-01-14,27,2,0,14
1,2025-01-15,26,1,0,14
1,2025-01-16,23,3,0,14
1,2025-01-17,19,4,0,14
1,2025-01-18,12,7,0,14
1,2025-01-19,11,1,0,14
1,2025-01-20,10,1,0,14
1,2025-01-21,8,2,0,14
1,2025-01-22,7,1,0,14
1,2025-01-23,6,1,0,14
1,2025-01-24,6,0,0,14
1,2025-01-25,55,4,0,14
1,2025-01-26,53,2,0,14
1,2025-01-27,52,1,0,14
1,2025-01-28,49,3,0,14
1,2025-01-29,47,2,0,14
1,2025-01-30,47,0,0,14
1,2025-01-31,47,0,0,14
1,2025-02-01,46,1,0,14
1,2025-02-02,46,0,0,14
1,2025-02-03,41,5,0,14
1,2025-02-04,41,0,0,14
1,2025-02-05,38,3,0,14
1,2025-02-06,38,0,0,14
1,2025-02-07,34,4,0,14
1,2025-02-08,34,0,0,14
1,2025-02-09,33,1,0,14
1,2025-02-10,33,0,0,14
1,2025-02-11,31,2,0,14
1,2025-02-12,31,0,0,14
1,2025-02-13,31,0,0,14
1,2025-02-14,29,2,0,14
1,2025-02-15,27,2,0,14
1,2025-02-16,26,1,0,14
1,2025-02-17,26,0,0,14
1,2025-02-18,26,0,0,14
1,2025-02-19,25,1,0,14
1,2025-02-20,25,0,0,14
1,2025-02-21,22,3,0,14
1,2025-02-22,21,1,0,14
1,2025-02-23,19,2,0,14
1,2025-02-24,14,5,0,14
1,2025-02-25,13,1,0,14
1,2025-02-26,11,2,0,14
1,2025-02-27,10,1,0,14
1,2025-02-28,8,2,0,14
1,2025-03-01,3,5,0,14
1,2025-03-02,3,0,0,14
1,2025-03-03,0,3,0,14
1,2025-03-04,0,0,0,14
1,2025-03-05,0,1,1,14
1,2025-03-06,0,3,1,14
1,2025-03-07,0,3,1,14
1,2025-03-08,0,2,1,14
1,2025-03-09,0,3,1,14
1,2025-03-10,53,0,0,14
1,2025-03-11,52,1,0,14
1,2025-03-12,51,1,0,14
1,2025-03-13,51,0,0,14
1,2025-03-14,48,3,0,14
1,2025-03-15,46,2,0,14
1,2025-03-16,46,0,0,14
1,2025-03-17,43,3,0,14
1,2025-03-18,41,2,0,14
1,2025-03-19,39,2,0,14
1,2025-03-20,39,0,0,14
1,2025-03-21,38,1,0,14
1,2025-03-22,37,1,0,14
1,2025-03-23,36,1,0,14
1,2025-03-24,36,0,0,14
1,2025-03-25,36,0,0,14
1,2025-03-26,36,0,0,14
1,2025-03-27,36,0,0,14
1,2025-03-28,36,0,0,14
1,2025-03-29,35,1,0,14
1,2025-03-30,35,0,0,14
1,2025-03-31,35,0,0,14
1,2025-04-01,32,3,0,14
1,2025-04-02,30,2,0,14
1,2025-04-03,29,1,0,14
1,2025-04-04,27,2,0,14
1,2025-04-05,22,5,0,14
1,2025-04-06,21,1,0,14
1,2025-04-07,18,3,0,14
1,2025-04-08,18,0,0,14
1,2025-04-09,18,0,0,14
1,2025-04-10,16,2,0,14
1,2025-04-11,14,2,0,14
1,2025-04-12,7,7,0,14
1,2025-04-13,5,2,0,14
1,2025-04-14,3,2,0,14
1,2025-04-15,2,1,0,14
1,2025-04-16,2,0,0,14
1,2025-04-17,2,0,0,14
1,2025-04-18,0,7,1,14
1,2025-04-19,0,4,1,14
1,2025-04-20,0,1,1,14
1,2025-04-21,51,2,0,14
1,2025-04-22,50,1,0,14
1,2025-04-23,49,1,0,14
1,2025-04-24,45,4,0,14
1,2025-04-25,45,0,0,14
1,2025-04-26,43,2,0,14
1,2025-04-27,43,0,0,14
1,2025-04-28,39,4,0,14
1,2025-04-29,39,0,0,14
1,2025-04-30,36,3,0,14
1,2025-05-01,31,5,0,14
1,2025-05-02,26,5,0,14
1,2025-05-03,26,0,0,14
1,2025-05-04,24,2,0,14
1,2025-05-05,22,2,0,14
1,2025-05-06,22,0,0,14
1,2025-05-07,19,3,0,14
1,2025-05-08,17,2,0,14
1,2025-05-09,16,1,0,14
1,2025-05-10,15,1,0,14
1,2025-05-11,14,1,0,14
1,2025-05-12,12,2,0,14
1,2025-05-13,10,2,0,14
1,2025-05-14,9,1,0,14
1,2025-05-15,9,0,0,14
1,2025-05-16,8,1,0,14
1,2025-05-17,6,2,0,14
1,2025-05-18,4,2,0,14
1,2025-05-19,4,0,0,14
1,2025-05-20,1,3,0,14
1,2025-05-21,0,1,0,14
1,2025-05-22,0,2,1,14
1,2025-05-23,0,2,1,14
1,2025-05-24,0,6,1,14
1,2025-05-25,53,0,0,14
1,2025-05-26,52,1,0,14
1,2025-05-27,50,2,0,14
1,2025-05-28,48,2,0,14
1,2025-05-29,47,1,0,14
1,2025-05-30,46,1,0,14
1,2025-05-31,43,3,0,14
1,2025-06-01,42,1,0,14
1,2025-06-02,41,1,0,14
1,2025-06-03,38,3,0,14
1,2025-06-04,37,1,0,14
1,2025-06-05,37,0,0,14
1,2025-06-06,35,2,0,14
1,2025-06-07,35,0,0,14
1,2025-06-08,34,1,0,14
1,2025-06-09,32,2,0,14
1,2025-06-10,32,0,0,14
1,2025-06-11,30,2,0,14
1,2025-06-12,28,2,0,14
1,2025-06-13,26,2,0,14
1,2025-06-14,26,0,0,14
1,2025-06-15,26,0,0,14
1,2025-06-16,25,1,0,14
1,2025-06-17,25,0,0,14
1,2025-06-18,25,0,0,14
1,2025-06-19,23,2,0,14
1,2025-06-20,17,6,0,14
1,2025-06-21,15,2,0,14
1,2025-06-22,14,1,0,14
1,2025-06-23,13,1,0,14
1,2025-06-24,12,1,0,14
1,2025-06-25,10,2,0,14
1,2025-06-26,10,0,0,14
1,2025-06-27,8,2,0,14
1,2025-06-28,4,4,0,14
1,2025-06-29,4,0,0,14
1,2025-06-30,4,0,0,14
1,2025-07-01,4,0,0,14
1,2025-07-02,4,0,0,14
1,2025-07-03,57,0,0,14
1,2025-07-04,56,1,0,14
1,2025-07-05,56,0,0,14
1,2025-07-06,55,1,0,14
1,2025-07-07,55,0,0,14
1,2025-07-08,53,2,0,14
1,2025-07-09,52,1,0,14
1,2025-07-10,51,1,0,14
1,2025-07-11,50,1,0,14
1,2025-07-12,49,1,0,14
1,2025-07-13,48,1,0,14
1,2025-07-14,48,0,0,14
1,2025-07-15,48,0,0,14
1,2025-07-16,48,0,0,14
1,2025-07-17,47,1,0,14
1,2025-07-18,46,1,0,14
1,2025-07-19,43,3,0,14
1,2025-07-20,42,1,0,14
1,2025-07-21,42,0,0,14
1,2025-07-22,41,1,0,14
1,2025-07-23,38,3,0,14
1,2025-07-24,37,1,0,14
1,2025-07-25,36,1,0,14
1,2025-07-26,35,1,0,14
1,2025-07-27,35,0,0,14
1,2025-07-28,34,1,0,14
1,2025-07-29,32,2,0,14
1,2025-07-30,31,1,0,14
1,2025-07-31,29,2,0,14
1,2025-08-01,28,1,0,14
1,2025-08-02,28,0,0,14
1,2025-08-03,28,0,0,14
1,2025-08-04,28,0,0,14
1,2025-08-05,27,1,0,14
1,2025-08-06,26,1,0,14
1,2025-08-07,26,0,0,14
1,2025-08-08,26,0,0,14
1,2025-08-09,25,1,0,14
1,2025-08-10,25,0,0,14
1,2025-08-11,25,0,0,14
1,2025-08-12,25,0,0,14
1,2025-08-13,23,2,0,14
1,2025-08-14,21,2,0,14
1,2025-08-15,19,2,0,14
1,2025-08-16,19,0,0,14
1,2025-08-17,18,1,0,14
1,2025-08-18,18,0,0,14
1,2025-08-19,18,0,0,14
1,2025-08-20,15,3,0,14
1,2025-08-21,15,0,0,14
1,2025-08-22,15,0,0,14
1,2025-08-23,13,2,0,14
1,2025-08-24,11,2,0,14
1,2025-08-25,11,0,0,14
1,2025-08-26,10,1,0,14
1,2025-08-27,10,0,0,14
1,2025-08-28,9,1,0,14
1,2025-08-29,8,1,0,14
1,2025-08-30,5,3,0,14
1,2025-08-31,4,1,0,14
1,2025-09-01,3,1,0,14
1,2025-09-02,0,4,1,14
1,2025-09-03,0,5,1,14
1,2025-09-04,0,0,0,14
1,2025-09-05,0,1,1,14
1,2025-09-06,53,0,0,14
1,2025-09-07,53,0,0,14
1,2025-09-08,53,0,0,14
1,2025-09-09,52,1,0,14
1,2025-09-10,51,1,0,14
1,2025-09-11,48,3,0,14
1,2025-09-12,46,2,0,14
1,2025-09-13,46,0,0,14
1,2025-09-14,44,2,0,14
1,2025-09-15,43,1,0,14
1,2025-09-16,43,0,0,14
1,2025-09-17,39,4,0,14
1,2025-09-18,39,0,0,14
1,2025-09-19,37,2,0,14
1,2025-09-20,35,2,0,14
1,2025-09-21,35,0,0,14
1,2025-09-22,33,2,0,14
1,2025-09-23,30,3,0,14
1,2025-09-24,30,0,0,14
1,2025-09-25,30,0,0,14
1,2025-09-26,24,6,0,14
1,2025-09-27,22,2,0,14
1,2025-09-28,22,0,0,14
1,2025-09-29,21,1,0,14
1,2025-09-30,19,2,0,14
1,2025-10-01,17,2,0,14
1,2025-10-02,12,5,0,14
1,2025-10-03,12,0,0,14
1,2025-10-04,12,0,0,14
1,2025-10-05,12,0,0,14
1,2025-10-06,12,0,0,14
1,2025-10-07,8,4,0,14
1,2025-10-08,0,8,0,14
1,2025-10-09,52,1,0,14
1,2025-10-10,51,1,0,14
1,2025-10-11,46,5,0,14
1,2025-10-12,46,0,0,14
1,2025-10-13,45,1,0,14
1,2025-10-14,45,0,0,14
1,2025-10-15,43,2,0,14
1,2025-10-16,39,4,0,14
1,2025-10-17,36,3,0,14
1,2025-10-18,35,1,0,14
1,2025-10-19,35,0,0,14
1,2025-10-20,31,4,0,14
1,2025-10-21,29,2,0,14
1,2025-10-22,29,0,0,14
1,2025-10-23,29,0,0,14
1,2025-10-24,25,4,0,14
1,2025-10-25,22,3,0,14
1,2025-10-26,22,0,0,14
1,2025-10-27,21,1,0,14
1,2025-10-28,20,1,0,14
1,2025-10-29,18,2,0,14
1,2025-10-30,17,1,0,14
1,2025-10-31,17,0,0,14
1,2025-11-01,14,3,0,14
1,2025-11-02,10,4,0,14
1,2025-11-03,8,2,0,14
1,2025-11-04,8,0,0,14
1,2025-11-05,5,3,0,14
1,2025-11-06,4,1,0,14
1,2025-11-07,2,2,0,14
1,2025-11-08,0,7,1,14
1,2025-11-09,0,5,1,14
1,2025-11-10,0,1,1,14
1,2025-11-11,0,0,0,14
1,2025-11-12,0,2,1,14
1,2025-11-13,0,1,1,14
1,2025-11-14,0,1,1,14
1,2025-11-15,0,4,1,14
1,2025-11-16,0,1,1,14
1,2025-11-17,0,2,1,14
1,2025-11-18,0,2,1,14
1,2025-11-19,0,2,1,14
1,2025-11-20,0,3,1,14
1,2025-11-21,0,3,1,14
1,2025-11-22,49,4,0,14
1,2025-11-23,47,2,0,14
1,2025-11-24,37,10,0,14
1,2025-11-25,32,5,0,14
1,2025-11-26,27,5,0,14
1,2025-11-27,24,3,0,14
1,2025-11-28,19,5,0,14
1,2025-11-29,13,6,0,14
1,2025-11-30,13,0,0,14
1,2025-12-01,11,2,0,14
1,2025-12-02,9,2,0,14
1,2025-12-03,9,0,0,14
1,2025-12-04,6,3,0,14
1,2025-12-05,6,0,0,14
1,2025-12-06,56,3,0,14
1,2025-12-07,55,1,0,14
1,2025-12-08,54,1,0,14
1,2025-12-09,49,5,0,14
1,2025-12-10,48,1,0,14
1,2025-12-11,43,5,0,14
1,2025-12-12,41,2,0,14
1,2025-12-13,37,4,0,14
1,2025-12-14,37,0,0,14
1,2025-12-15,33,4,0,14
1,2025-12-16,28,5,0,14
1,2025-12-17,25,3,0,14
1,2025-12-18,20,5,0,14
1,2025-12-19,16,4,0,14
1,2025-12-20,11,5,0,14
1,2025-12-21,11,0,0,14
1,2025-12-22,11,0,0,14
1,2025-12-23,7,4,0,14
1,2025-12-24,6,1,0,14
1,2025-12-25,6,0,0,14
1,2025-12-26,0,6,0,14
1,2025-12-27,0,3,1,14
1,2025-12-28,0,1,1,14
1,2025-12-29,0,2,1,14
1,2025-12-30,51,2,0,14
1,2025-12-31,51,0,0,14
22,2025-01-01,36,3,0,14
22,2025-01-02,34,2,0,14
22,2025-01-03,33,1,0,14
22,2025-01-04,31,2,0,14
22,2025-01-05,30,1,0,14
22,2025-01-06,30,0,0,14
22,2025-01-07,30,0,0,14
22,2025-01-08,29,1,0,14
22,2025-01-09,29,0,0,14
22,2025-01-10,28,1,0,14
22,2025-01-11,27,1,0,14
22,2025-01-12,26,1,0,14
22,2025-01-13,26,0,0,14
22,2025-01-14,26,0,0,14
22,2025-01-15,22,4,0,14
22,2025-01-16,21,1,0,14
22,2025-01-17,17,4,0,14
22,2025-01-18,14,3,0,14
22,2025-01-19,13,1,0,14
22,2025-01-20,8,5,0,14
22,2025-01-21,7,1,0,14
22,2025-01-22,3,4,0,14
22,2025-01-23,0,4,1,14
22,2025-01-24,0,6,1,14
22,2025-01-25,0,3,1,14
22,2025-01-26,0,1,1,14
22,2025-01-27,0,4,1,14
22,2025-01-28,0,0,0,14
22,2025-01-29,0,2,1,14
22,2025-01-30,0,1,1,14
22,2025-01-31,0,3,1,14
22,2025-02-01,50,2,0,14
22,2025-02-02,50,0,0,14
22,2025-02-03,49,1,0,14
22,2025-02-04,49,0,0,14
22,2025-02-05,49,0,0,14
22,2025-02-06,49,0,0,14
22,2025-02-07,48,1,0,14
22,2025-02-08,47,1,0,14
22,2025-02-09,47,0,0,14
22,2025-02-10,47,0,0,14
22,2025-02-11,47,0,0,14
22,2025-02-12,43,4,0,14
22,2025-02-13,42,1,0,14
22,2025-02-14,42,0,0,14
22,2025-02-15,40,2,0,14
22,2025-02-16,40,0,0,14
22,2025-02-17,39,1,0,14
22,2025-02-18,39,0,0,14
22,2025-02-19,37,2,0,14
22,2025-02-20,34,3,0,14
22,2025-02-21,32,2,0,14
22,2025-02-22,30,2,0,14
22,2025-02-23,28,2,0,14
22,2025-02-24,27,1,0,14
22,2025-02-25,23,4,0,14
22,2025-02-26,23,0,0,14
22,2025-02-27,22,1,0,14
22,2025-02-28,20,2,0,14
22,2025-03-01,18,2,0,14
22,2025-03-02,14,4,0,14
22,2025-03-03,13,1,0,14
22,2025-03-04,13,0,0,14
22,2025-03-05,13,0,0,14
22,2025-03-06,13,0,0,14
22,2025-03-07,9,4,0,14
22,2025-03-08,5,4,0,14
22,2025-03-09,55,2,0,14
22,2025-03-10,49,6,0,14
22,2025-03-11,49,0,0,14
22,2025-03-12,47,2,0,14
22,2025-03-13,45,2,0,14
22,2025-03-14,44,1,0,14
22,2025-03-15,44,0,0,14
22,2025-03-16,44,0,0,14
22,2025-03-17,42,2,0,14
22,2025-03-18,42,0,0,14
22,2025-03-19,39,3,0,14
22,2025-03-20,37,2,0,14
22,2025-03-21,36,1,0,14
22,2025-03-22,34,2,0,14
22,2025-03-23,34,0,0,14
22,2025-03-24,33,1,0,14
22,2025-03-25,33,0,0,14
22,2025-03-26,32,1,0,14
22,2025-03-27,31,1,0,14
22,2025-03-28,31,0,0,14
22,2025-03-29,30,1,0,14
22,2025-03-30,30,0,0,14
22,2025-03-31,29,1,0,14
22,2025-04-01,28,1,0,14
22,2025-04-02,27,1,0,14
22,2025-04-03,27,0,0,14
22,2025-04-04,27,0,0,14
22,2025-04-05,27,0,0,14
22,2025-04-06,24,3,0,14
22,2025-04-07,22,2,0,14
22,2025-04-08,21,1,0,14
22,2025-04-09,20,1,0,14
22,2025-04-10,20,0,0,14
22,2025-04-11,17,3,0,14
22,2025-04-12,14,3,0,14
22,2025-04-13,14,0,0,14
22,2025-04-14,12,2,0,14
22,2025-04-15,8,4,0,14
22,2025-04-16,4,4,0,14
22,2025-04-17,2,2,0,14
22,2025-04-18,0,2,0,14
22,2025-04-19,0,0,0,14
22,2025-04-20,0,0,0,14
22,2025-04-21,0,2,1,14
22,2025-04-22,50,2,0,14
22,2025-04-23,49,1,0,14
22,2025-04-24,47,2,0,14
22,2025-04-25,47,0,0,14
22,2025-04-26,43,4,0,14
22,2025-04-27,40,3,0,14
22,2025-04-28,40,0,0,14
22,2025-04-29,40,0,0,14
22,2025-04-30,39,1,0,14
22,2025-05-01,37,2,0,14
22,2025-05-02,35,2,0,14
22,2025-05-03,28,7,0,14
22,2025-05-04,27,1,0,14
22,2025-05-05,25,2,0,14
22,2025-05-06,24,1,0,14
22,2025-05-07,24,0,0,14
22,2025-05-08,23,1,0,14
22,2025-05-09,20,3,0,14
22,2025-05-10,18,2,0,14
22,2025-05-11,17,1,0,14
22,2025-05-12,16,1,0,14
22,2025-05-13,15,1,0,14
22,2025-05-14,15,0,0,14
22,2025-05-15,13,2,0,14
22,2025-05-16,13,0,0,14
22,2025-05-17,12,1,0,14
22,2025-05-18,9,3,0,14
22,2025-05-19,4,5,0,14
22,2025-05-20,2,2,0,14
22,2025-05-21,2,0,0,14
22,2025-05-22,1,1,0,14
22,2025-05-23,1,0,0,14
22,2025-05-24,0,1,0,14
22,2025-05-25,0,2,1,14
22,2025-05-26,0,0,0,14
22,2025-05-27,0,2,1,14
22,2025-05-28,0,0,0,14
22,2025-05-29,0,5,1,14
22,2025-05-30,0,1,1,14
22,2025-05-31,0,1,1,14
22,2025-06-01,0,0,0,14
22,2025-06-02,0,1,1,14
22,2025-06-03,52,0,0,14
22,2025-06-04,50,2,0,14
22,2025-06-05,50,0,0,14
22,2025-06-06,50,0,0,14
22,2025-06-07,50,0,0,14
22,2025-06-08,48,2,0,14
22,2025-06-09,48,0,0,14
22,2025-06-10,47,1,0,14
22,2025-06-11,47,0,0,14
22,2025-06-12,43,4,0,14
22,2025-06-13,38,5,0,14
22,2025-06-14,36,2,0,14
22,2025-06-15,36,0,0,14
22,2025-06-16,36,0,0,14
22,2025-06-17,35,1,0,14
22,2025-06-18,35,0,0,14
22,2025-06-19,33,2,0,14
22,2025-06-20,30,3,0,14
22,2025-06-21,30,0,0,14
22,2025-06-22,29,1,0,14
22,2025-06-23,29,0,0,14
22,2025-06-24,27,2,0,14
22,2025-06-25,26,1,0,14
22,2025-06-26,26,0,0,14
22,2025-06-27,26,0,0,14
22,2025-06-28,26,0,0,14
22,2025-06-29,23,3,0,14
22,2025-06-30,23,0,0,14
22,2025-07-01,22,1,0,14
22,2025-07-02,21,1,0,14
22,2025-07-03,20,1,0,14
22,2025-07-04,20,0,0,14
22,2025-07-05,13,7,0,14
22,2025-07-06,13,0,0,14
22,2025-07-07,13,0,0,14
22,2025-07-08,13,0,0,14
22,2025-07-09,11,2,0,14
22,2025-07-10,11,0,0,14
22,2025-07-11,9,2,0,14
22,2025-07-12,55,6,0,14
22,2025-07-13,55,0,0,14
22,2025-07-14,53,2,0,14
22,2025-07-15,53,0,0,14
22,2025-07-16,53,0,0,14
22,2025-07-17,53,0,0,14
22,2025-07-18,50,3,0,14
22,2025-07-19,50,0,0,14
22,2025-07-20,48,2,0,14
22,2025-07-21,47,1,0,14
22,2025-07-22,47,0,0,14
22,2025-07-23,47,0,0,14
22,2025-07-24,47,0,0,14
22,2025-07-25,45,2,0,14
22,2025-07-26,45,0,0,14
22,2025-07-27,45,0,0,14
22,2025-07-28,44,1,0,14
22,2025-07-29,43,1,0,14
22,2025-07-30,42,1,0,14
22,2025-07-31,39,3,0,14
22,2025-08-01,39,0,0,14
22,2025-08-02,39,0,0,14
22,2025-08-03,39,0,0,14
22,2025-08-04,37,2,0,14
22,2025-08-05,35,2,0,14
22,2025-08-06,34,1,0,14
22,2025-08-07,33,1,0,14
22,2025-08-08,32,1,0,14
22,2025-08-09,31,1,0,14
22,2025-08-10,27,4,0,14
22,2025-08-11,27,0,0,14
22,2025-08-12,26,1,0,14
22,2025-08-13,26,0,0,14
22,2025-08-14,25,1,0,14
22,2025-08-15,25,0,0,14
22,2025-08-16,23,2,0,14
22,2025-08-17,23,0,0,14
22,2025-08-18,21,2,0,14
22,2025-08-19,21,0,0,14
22,2025-08-20,21,0,0,14
22,2025-08-21,20,1,0,14
22,2025-08-22,20,0,0,14
22,2025-08-23,20,0,0,14
22,2025-08-24,20,0,0,14
22,2025-08-25,20,0,0,14
22,2025-08-26,20,0,0,14
22,2025-08-27,18,2,0,14
22,2025-08-28,18,0,0,14
22,2025-08-29,17,1,0,14
22,2025-08-30,14,3,0,14
22,2025-08-31,14,0,0,14
22,2025-09-01,12,2,0,14
22,2025-09-02,12,0,0,14
22,2025-09-03,12,0,0,14
22,2025-09-04,9,3,0,14
22,2025-09-05,9,0,0,14
22,2025-09-06,59,2,0,14
22,2025-09-07,58,1,0,14
22,2025-09-08,57,1,0,14
22,2025-09-09,57,0,0,14
22,2025-09-10,57,0,0,14
22,2025-09-11,55,2,0,14
22,2025-09-12,51,4,0,14
22,2025-09-13,47,4,0,14
22,2025-09-14,46,1,0,14
22,2025-09-15,46,0,0,14
22,2025-09-16,44,2,0,14
22,2025-09-17,42,2,0,14
22,2025-09-18,41,1,0,14
22,2025-09-19,41,0,0,14
22,2025-09-20,38,3,0,14
22,2025-09-21,36,2,0,14
22,2025-09-22,34,2,0,14
22,2025-09-23,34,0,0,14
22,2025-09-24,33,1,0,14
22,2025-09-25,33,0,0,14
22,2025-09-26,30,3,0,14
22,2025-09-27,30,0,0,14
22,2025-09-28,29,1,0,14
22,2025-09-29,23,6,0,14
22,2025-09-30,23,0,0,14
22,2025-10-01,21,2,0,14
22,2025-10-02,19,2,0,14
22,2025-10-03,16,3,0,14
22,2025-10-04,15,1,0,14
22,2025-10-05,13,2,0,14
22,2025-10-06,11,2,0,14
22,2025-10-07,7,4,0,14
22,2025-10-08,3,4,0,14
22,2025-10-09,2,1,0,14
22,2025-10-10,0,2,0,14
22,2025-10-11,0,3,1,14
22,2025-10-12,0,1,1,14
22,2025-10-13,0,2,1,14
22,2025-10-14,0,2,1,14
22,2025-10-15,50,2,0,14
22,2025-10-16,50,0,0,14
22,2025-10-17,48,2,0,14
22,2025-10-18,47,1,0,14
22,2025-10-19,47,0,0,14
22,2025-10-20,47,0,0,14
22,2025-10-21,47,0,0,14
22,2025-10-22,45,2,0,14
22,2025-10-23,42,3,0,14
22,2025-10-24,39,3,0,14
22,2025-10-25,37,2,0,14
22,2025-10-26,36,1,0,14
22,2025-10-27,36,0,0,14
22,2025-10-28,32,4,0,14
22,2025-10-29,30,2,0,14
22,2025-10-30,27,3,0,14
22,2025-10-31,26,1,0,14
22,2025-11-01,21,5,0,14
22,2025-11-02,19,2,0,14
22,2025-11-03,18,1,0,14
22,2025-11-04,13,5,0,14
22,2025-11-05,12,1,0,14
22,2025-11-06,10,2,0,14
22,2025-11-07,6,4,0,14
22,2025-11-08,4,2,0,14
22,2025-11-09,2,2,0,14
22,2025-11-10,1,1,0,14
22,2025-11-11,0,1,0,14
22,2025-11-12,0,2,1,14
22,2025-11-13,0,3,1,14
22,2025-11-14,48,4,0,14
22,2025-11-15,41,7,0,14
22,2025-11-16,39,2,0,14
22,2025-11-17,39,0,0,14
22,2025-11-18,36,3,0,14
22,2025-11-19,34,2,0,14
22,2025-11-20,33,1,0,14
22,2025-11-21,29,4,0,14
22,2025-11-22,28,1,0,14
22,2025-11-23,26,2,0,14
22,2025-11-24,25,1,0,14
22,2025-11-25,22,3,0,14
22,2025-11-26,21,1,0,14
22,2025-11-27,15,6,0,14
22,2025-11-28,15,0,0,14
22,2025-11-29,9,6,0,14
22,2025-11-30,9,0,0,14
22,2025-12-01,9,0,0,14
22,2025-12-02,8,1,0,14
22,2025-12-03,4,4,0,14
22,2025-12-04,0,6,1,14
22,2025-12-05,0,6,1,14
22,2025-12-06,0,5,1,14
22,2025-12-07,0,0,0,14
22,2025-12-08,0,2,1,14
22,2025-12-09,50,2,0,14
22,2025-12-10,45,5,0,14
22,2025-12-11,44,1,0,14
22,2025-12-12,39,5,0,14
22,2025-12-13,36,3,0,14
22,2025-12-14,36,0,0,14
22,2025-12-15,34,2,0,14
22,2025-12-16,33,1,0,14
22,2025-12-17,29,4,0,14
22,2025-12-18,26,3,0,14
22,2025-12-19,26,0,0,14
22,2025-12-20,19,7,0,14
22,2025-12-21,16,3,0,14
22,2025-12-22,16,0,0,14
22,2025-12-23,13,3,0,14
22,2025-12-24,10,3,0,14
22,2025-12-25,3,7,0,14
22,2025-12-26,0,5,1,14
22,2025-12-27,0,5,1,14
22,2025-12-28,0,2,1,14
22,2025-12-29,0,1,1,14
22,2025-12-30,0,2,1,14
22,2025-12-31,0,0,0,14
3,2025-01-01,37,1,0,13
3,2025-01-02,34,3,0,13
3,2025-01-03,34,0,0,13
3,2025-01-04,32,2,0,13
3,2025-01-05,31,1,0,13
3,2025-01-06,30,1,0,13
3,2025-01-07,29,1,0,13
3,2025-01-08,28,1,0,13
3,2025-01-09,27,1,0,13
3,2025-01-10,27,0,0,13
3,2025-01-11,25,2,0,13
3,2025-01-12,25,0,0,13
3,2025-01-13,21,4,0,13
3,2025-01-14,17,4,0,13
3,2025-01-15,16,1,0,13
3,2025-01-16,16,0,0,13
3,2025-01-17,15,1,0,13
3,2025-01-18,11,4,0,13
3,2025-01-19,11,0,0,13
3,2025-01-20,10,1,0,13
3,2025-01-21,9,1,0,13
3,2025-01-22,8,1,0,13
3,2025-01-23,8,0,0,13
3,2025-01-24,3,5,0,13
3,2025-01-25,2,1,0,13
3,2025-01-26,2,0,0,13
3,2025-01-27,2,0,0,13
3,2025-01-28,52,1,0,13
3,2025-01-29,52,0,0,13
3,2025-01-30,50,2,0,13
3,2025-01-31,50,0,0,13
3,2025-02-01,50,0,0,13
3,2025-02-02,50,0,0,13
3,2025-02-03,50,0,0,13
3,2025-02-04,49,1,0,13
3,2025-02-05,49,0,0,13
3,2025-02-06,49,0,0,13
3,2025-02-07,43,6,0,13
3,2025-02-08,41,2,0,13
3,2025-02-09,41,0,0,13
3,2025-02-10,41,0,0,13
3,2025-02-11,39,2,0,13
3,2025-02-12,37,2,0,13
3,2025-02-13,35,2,0,13
3,2025-02-14,35,0,0,13
3,2025-02-15,28,7,0,13
3,2025-02-16,27,1,0,13
3,2025-02-17,27,0,0,13
3,2025-02-18,26,1,0,13
3,2025-02-19,23,3,0,13
3,2025-02-20,19,4,0,13
3,2025-02-21,15,4,0,13
3,2025-02-22,12,3,0,13
3,2025-02-23,12,0,0,13
3,2025-02-24,12,0,0,13
3,2025-02-25,12,0,0,13
3,2025-02-26,10,2,0,13
3,2025-02-27,9,1,0,13
3,2025-02-28,9,0,0,13
3,2025-03-01,8,1,0,13
3,2025-03-02,8,0,0,13
3,2025-03-03,7,1,0,13
3,2025-03-04,58,0,0,13
3,2025-03-05,54,4,0,13
3,2025-03-06,52,2,0,13
3,2025-03-07,50,2,0,13
3,2025-03-08,46,4,0,13
3,2025-03-09,45,1,0,13
3,2025-03-10,45,0,0,13
3,2025-03-11,41,4,0,13
3,2025-03-12,40,1,0,13
3,2025-03-13,40,0,0,13
3,2025-03-14,40,0,0,13
3,2025-03-15,38,2,0,13
3,2025-03-16,38,0,0,13
3,2025-03-17,32,6,0,13
3,2025-03-18,31,1,0,13
3,2025-03-19,31,0,0,13
3,2025-03-20,30,1,0,13
3,2025-03-21,29,1,0,13
3,2025-03-22,24,5,0,13
3,2025-03-23,23,1,0,13
3,2025-03-24,22,1,0,13
3,2025-03-25,19,3,0,13
3,2025-03-26,19,0,0,13
3,2025-03-27,19,0,0,13
3,2025-03-28,15,4,0,13
3,2025-03-29,12,3,0,13
3,2025-03-30,12,0,0,13
3,2025-03-31,11,1,0,13
3,2025-04-01,8,3,0,13
3,2025-04-02,8,0,0,13
3,2025-04-03,6,2,0,13
3,2025-04-04,5,1,0,13
3,2025-04-05,4,1,0,13
3,2025-04-06,2,2,0,13
3,2025-04-07,0,3,1,13
3,2025-04-08,0,1,1,13
3,2025-04-09,0,1,1,13
3,2025-04-10,0,4,1,13
3,2025-04-11,0,5,1,13
3,2025-04-12,0,5,1,13
3,2025-04-13,0,0,0,13
3,2025-04-14,0,1,1,13
3,2025-04-15,50,1,0,13
3,2025-04-16,50,0,0,13
3,2025-04-17,49,1,0,13
3,2025-04-18,49,0,0,13
3,2025-04-19,49,0,0,13
3,2025-04-20,48,1,0,13
3,2025-04-21,48,0,0,13
3,2025-04-22,47,1,0,13
3,2025-04-23,46,1,0,13
3,2025-04-24,44,2,0,13
3,2025-04-25,43,1,0,13
3,2025-04-26,42,1,0,13
3,2025-04-27,41,1,0,13
3,2025-04-28,38,3,0,13
3,2025-04-29,36,2,0,13
3,2025-04-30,36,0,0,13
3,2025-05-01,34,2,0,13
3,2025-05-02,33,1,0,13
3,2025-05-03,32,1,0,13
3,2025-05-04,32,0,0,13
3,2025-05-05,32,0,0,13
3,2025-05-06,32,0,0,13
3,2025-05-07,30,2,0,13
3,2025-05-08,30,0,0,13
3,2025-05-09,28,2,0,13
3,2025-05-10,24,4,0,13
3,2025-05-11,23,1,0,13
3,2025-05-12,20,3,0,13
3,2025-05-13,20,0,0,13
3,2025-05-14,19,1,0,13
3,2025-05-15,18,1,0,13
3,2025-05-16,18,0,0,13
3,2025-05-17,15,3,0,13
3,2025-05-18,13,2,0,13
3,2025-05-19,12,1,0,13
3,2025-05-20,8,4,0,13
3,2025-05-21,7,1,0,13
3,2025-05-22,6,1,0,13
3,2025-05-23,6,0,0,13
3,2025-05-24,4,2,0,13
3,2025-05-25,4,0,0,13
3,2025-05-26,3,1,0,13
3,2025-05-27,3,0,0,13
3,2025-05-28,54,0,0,13
3,2025-05-29,54,0,0,13
3,2025-05-30,52,2,0,13
3,2025-05-31,51,1,0,13
3,2025-06-01,49,2,0,13
3,2025-06-02,49,0,0,13
3,2025-06-03,47,2,0,13
3,2025-06-04,46,1,0,13
3,2025-06-05,45,1,0,13
3,2025-06-06,45,0,0,13
3,2025-06-07,44,1,0,13
3,2025-06-08,44,0,0,13
3,2025-06-09,42,2,0,13
3,2025-06-10,41,1,0,13
3,2025-06-11,39,2,0,13
3,2025-06-12,37,2,0,13
3,2025-06-13,37,0,0,13
3,2025-06-14,35,2,0,13
3,2025-06-15,34,1,0,13
3,2025-06-16,34,0,0,13
3,2025-06-17,34,0,0,13
3,2025-06-18,32,2,0,13
3,2025-06-19,29,3,0,13
3,2025-06-20,28,1,0,13
3,2025-06-21,27,1,0,13
3,2025-06-22,24,3,0,13
3,2025-06-23,24,0,0,13
3,2025-06-24,23,1,0,13
3,2025-06-25,23,0,0,13
3,2025-06-26,23,0,0,13
3,2025-06-27,22,1,0,13
3,2025-06-28,21,1,0,13
3,2025-06-29,20,1,0,13
3,2025-06-30,20,0,0,13
3,2025-07-01,18,2,0,13
3,2025-07-02,17,1,0,13
3,2025-07-03,17,0,0,13
3,2025-07-04,16,1,0,13
3,2025-07-05,13,3,0,13
3,2025-07-06,13,0,0,13
3,2025-07-07,13,0,0,13
3,2025-07-08,12,1,0,13
3,2025-07-09,12,0,0,13
3,2025-07-10,9,3,0,13
3,2025-07-11,8,1,0,13
3,2025-07-12,2,6,0,13
3,2025-07-13,2,0,0,13
3,2025-07-14,0,3,1,13
3,2025-07-15,0,0,0,13
3,2025-07-16,0,0,0,13
3,2025-07-17,0,1,1,13
3,2025-07-18,0,2,1,13
3,2025-07-19,51,0,0,13
3,2025-07-20,51,0,0,13
3,2025-07-21,51,0,0,13
3,2025-07-22,48,3,0,13
3,2025-07-23,46,2,0,13
3,2025-07-24,45,1,0,13
3,2025-07-25,43,2,0,13
3,2025-07-26,43,0,0,13
3,2025-07-27,42,1,0,13
3,2025-07-28,40,2,0,13
3,2025-07-29,39,1,0,13
3,2025-07-30,37,2,0,13
3,2025-07-31,37,0,0,13
3,2025-08-01,35,2,0,13
3,2025-08-02,35,0,0,13
3,2025-08-03,34,1,0,13
3,2025-08-04,34,0,0,13
3,2025-08-05,34,0,0,13
3,2025-08-06,33,1,0,13
3,2025-08-07,31,2,0,13
3,2025-08-08,31,0,0,13
3,2025-08-09,30,1,0,13
3,2025-08-10,30,0,0,13
3,2025-08-11,30,0,0,13
3,2025-08-12,30,0,0,13
3,2025-08-13,30,0,0,13
3,2025-08-14,30,0,0,13
3,2025-08-15,26,4,0,13
3,2025-08-16,26,0,0,13
3,2025-08-17,25,1,0,13
3,2025-08-18,24,1,0,13
3,2025-08-19,24,0,0,13
3,2025-08-20,24,0,0,13
3,2025-08-21,24,0,0,13
3,2025-08-22,22,2,0,13
3,2025-08-23,22,0,0,13
3,2025-08-24,22,0,0,13
3,2025-08-25,22,0,0,13
3,2025-08-26,22,0,0,13
3,2025-08-27,20,2,0,13
3,2025-08-28,19,1,0,13
3,2025-08-29,18,1,0,13
3,2025-08-30,18,0,0,13
3,2025-08-31,18,0,0,13
3,2025-09-01,17,1,0,13
3,2025-09-02,17,0,0,13
3,2025-09-03,17,0,0,13
3,2025-09-04,14,3,0,13
3,2025-09-05,13,1,0,13
3,2025-09-06,10,3,0,13
3,2025-09-07,10,0,0,13
3,2025-09-08,10,0,0,13
3,2025-09-09,8,2,0,13
3,2025-09-10,7,1,0,13
3,2025-09-11,7,0,0,13
3,2025-09-12,7,0,0,13
3,2025-09-13,5,2,0,13
3,2025-09-14,5,0,0,13
3,2025-09-15,54,2,0,13
3,2025-09-16,52,2,0,13
3,2025-09-17,52,0,0,13
3,2025-09-18,52,0,0,13
3,2025-09-19,52,0,0,13
3,2025-09-20,51,1,0,13
3,2025-09-21,49,2,0,13
3,2025-09-22,45,4,0,13
3,2025-09-23,44,1,0,13
3,2025-09-24,44,0,0,13
3,2025-09-25,41,3,0,13
3,2025-09-26,40,1,0,13
3,2025-09-27,40,0,0,13
3,2025-09-28,38,2,0,13
3,2025-09-29,36,2,0,13
3,2025-09-30,34,2,0,13
3,2025-10-01,34,0,0,13
3,2025-10-02,33,1,0,13
3,2025-10-03,30,3,0,13
3,2025-10-04,26,4,0,13
3,2025-10-05,26,0,0,13
3,2025-10-06,25,1,0,13
3,2025-10-07,25,0,0,13
3,2025-10-08,25,0,0,13
3,2025-10-09,23,2,0,13
3,2025-10-10,19,4,0,13
3,2025-10-11,18,1,0,13
3,2025-10-12,18,0,0,13
3,2025-10-13,15,3,0,13
3,2025-10-14,15,0,0,13
3,2025-10-15,14,1,0,13
3,2025-10-16,14,0,0,13
3,2025-10-17,13,1,0,13
3,2025-10-18,11,2,0,13
3,2025-10-19,7,4,0,13
3,2025-10-20,6,1,0,13
3,2025-10-21,5,1,0,13
3,2025-10-22,3,2,0,13
3,2025-10-23,2,1,0,13
3,2025-10-24,0,2,0,13
3,2025-10-25,0,2,1,13
3,2025-10-26,0,3,1,13
3,2025-10-27,0,0,0,13
3,2025-10-28,0,3,1,13
3,2025-10-29,0,1,1,13
3,2025-10-30,0,0,0,13
3,2025-10-31,47,4,0,13
3,2025-11-01,46,1,0,13
3,2025-11-02,46,0,0,13
3,2025-11-03,41,5,0,13
3,2025-11-04,39,2,0,13
3,2025-11-05,37,2,0,13
3,2025-11-06,36,1,0,13
3,2025-11-07,31,5,0,13
3,2025-11-08,26,5,0,13
3,2025-11-09,24,2,0,13
3,2025-11-10,13,11,0,13
3,2025-11-11,9,4,0,13
3,2025-11-12,9,0,0,13
3,2025-11-13,8,1,0,13
3,2025-11-14,4,4,0,13
3,2025-11-15,1,3,0,13
3,2025-11-16,0,2,1,13
3,2025-11-17,51,0,0,13
3,2025-11-18,48,3,0,13
3,2025-11-19,43,5,0,13
3,2025-11-20,41,2,0,13
3,2025-11-21,35,6,0,13
3,2025-11-22,35,0,0,13
3,2025-11-23,35,0,0,13
3,2025-11-24,30,5,0,13
3,2025-11-25,28,2,0,13
3,2025-11-26,24,4,0,13
3,2025-11-27,17,7,0,13
3,2025-11-28,14,3,0,13
3,2025-11-29,6,8,0,13
3,2025-11-30,4,2,0,13
3,2025-12-01,0,5,1,13
3,2025-12-02,0,6,1,13
3,2025-12-03,0,1,1,13
3,2025-12-04,0,9,1,13
3,2025-12-05,0,1,1,13
3,2025-12-06,0,3,1,13
3,2025-12-07,0,3,1,13
3,2025-12-08,0,2,1,13
3,2025-12-09,0,3,1,13
3,2025-12-10,0,0,0,13
3,2025-12-11,0,2,1,13
3,2025-12-12,0,1,1,13
3,2025-12-13,46,5,0,13
3,2025-12-14,43,3,0,13
3,2025-12-15,40,3,0,13
3,2025-12-16,38,2,0,13
3,2025-12-17,35,3,0,13
3,2025-12-18,33,2,0,13
3,2025-12-19,29,4,0,13
3,2025-12-20,28,1,0,13
3,2025-12-21,25,3,0,13
3,2025-12-22,20,5,0,13
3,2025-12-23,14,6,0,13
3,2025-12-24,13,1,0,13
3,2025-12-25,5,8,0,13
3,2025-12-26,3,2,0,13
3,2025-12-27,2,1,0,13
3,2025-12-28,0,2,0,13
3,2025-12-29,0,3,1,13
3,2025-12-30,0,1,1,13
3,2025-12-31,0,0,0,13
23,2025-01-01,36,1,0,13
23,2025-01-02,36,0,0,13
23,2025-01-03,36,0,0,13
23,2025-01-04,34,2,0,13
23,2025-01-05,32,2,0,13
23,2025-01-06,30,2,0,13
23,2025-01-07,23,7,0,13
23,2025-01-08,22,1,0,13
23,2025-01-09,22,0,0,13
23,2025-01-10,21,1,0,13
23,2025-01-11,18,3,0,13
23,2025-01-12,16,2,0,13
23,2025-01-13,15,1,0,13
23,2025-01-14,14,1,0,13
23,2025-01-15,11,3,0,13
23,2025-01-16,11,0,0,13
23,2025-01-17,10,1,0,13
23,2025-01-18,10,0,0,13
23,2025-01-19,8,2,0,13
23,2025-01-20,6,2,0,13
23,2025-01-21,2,4,0,13
23,2025-01-22,0,3,1,13
23,2025-01-23,0,0,0,13
23,2025-01-24,0,2,1,13
23,2025-01-25,0,4,1,13
23,2025-01-26,0,3,1,13
23,2025-01-27,0,0,0,13
23,2025-01-28,0,0,0,13
23,2025-01-29,49,1,0,13
23,2025-01-30,45,4,0,13
23,2025-01-31,42,3,0,13
23,2025-02-01,40,2,0,13
23,2025-02-02,40,0,0,13
23,2025-02-03,39,1,0,13
23,2025-02-04,37,2,0,13
23,2025-02-05,37,0,0,13
23,2025-02-06,36,1,0,13
23,2025-02-07,36,0,0,13
23,2025-02-08,30,6,0,13
23,2025-02-09,30,0,0,13
23,2025-02-10,30,0,0,13
23,2025-02-11,27,3,0,13
23,2025-02-12,26,1,0,13
23,2025-02-13,25,1,0,13
23,2025-02-14,25,0,0,13
23,2025-02-15,24,1,0,13
23,2025-02-16,24,0,0,13
23,2025-02-17,24,0,0,13
23,2025-02-18,23,1,0,13
23,2025-02-19,21,2,0,13
23,2025-02-20,18,3,0,13
23,2025-02-21,18,0,0,13
23,2025-02-22,18,0,0,13
23,2025-02-23,15,3,0,13
23,2025-02-24,14,1,0,13
23,2025-02-25,12,2,0,13
23,2025-02-26,8,4,0,13
23,2025-02-27,8,0,0,13
23,2025-02-28,5,3,0,13
23,2025-03-01,5,0,0,13
23,2025-03-02,5,0,0,13
23,2025-03-03,2,3,0,13
23,2025-03-04,0,3,1,13
23,2025-03-05,0,1,1,13
23,2025-03-06,0,1,1,13
23,2025-03-07,0,1,1,13
23,2025-03-08,0,1,1,13
23,2025-03-09,0,0,0,13
23,2025-03-10,0,1,1,13
23,2025-03-11,48,2,0,13
23,2025-03-12,42,6,0,13
23,2025-03-13,40,2,0,13
23,2025-03-14,39,1,0,13
23,2025-03-15,39,0,0,13
23,2025-03-16,39,0,0,13
23,2025-03-17,35,4,0,13
23,2025-03-18,35,0,0,13
23,2025-03-19,35,0,0,13
23,2025-03-20,33,2,0,13
23,2025-03-21,33,0,0,13
23,2025-03-22,31,2,0,13
23,2025-03-23,31,0,0,13
23,2025-03-24,31,0,0,13
23,2025-03-25,29,2,0,13
23,2025-03-26,28,1,0,13
23,2025-03-27,25,3,0,13
23,2025-03-28,24,1,0,13
23,2025-03-29,17,7,0,13
23,2025-03-30,16,1,0,13
23,2025-03-31,14,2,0,13
23,2025-04-01,14,0,0,13
23,2025-04-02,14,0,0,13
23,2025-04-03,13,1,0,13
23,2025-04-04,11,2,0,13
23,2025-04-05,9,2,0,13
23,2025-04-06,7,2,0,13
23,2025-04-07,5,2,0,13
23,2025-04-08,4,1,0,13
23,2025-04-09,0,6,1,13
23,2025-04-10,0,2,1,13
23,2025-04-11,0,0,0,13
23,2025-04-12,0,2,1,13
23,2025-04-13,50,0,0,13
23,2025-04-14,42,8,0,13
23,2025-04-15,42,0,0,13
23,2025-04-16,40,2,0,13
23,2025-04-17,40,0,0,13
23,2025-04-18,38,2,0,13
23,2025-04-19,37,1,0,13
23,2025-04-20,36,1,0,13
23,2025-04-21,34,2,0,13
23,2025-04-22,34,0,0,13
23,2025-04-23,31,3,0,13
23,2025-04-24,28,3,0,13
23,2025-04-25,27,1,0,13
23,2025-04-26,23,4,0,13
23,2025-04-27,22,1,0,13
23,2025-04-28,22,0,0,13
23,2025-04-29,21,1,0,13
23,2025-04-30,15,6,0,13
23,2025-05-01,14,1,0,13
23,2025-05-02,14,0,0,13
23,2025-05-03,11,3,0,13
23,2025-05-04,11,0,0,13
23,2025-05-05,9,2,0,13
23,2025-05-06,7,2,0,13
23,2025-05-07,5,2,0,13
23,2025-05-08,3,2,0,13
23,2025-05-09,2,1,0,13
23,2025-05-10,0,2,0,13
23,2025-05-11,0,0,0,13
23,2025-05-12,0,3,1,13
23,2025-05-13,50,0,0,13
23,2025-05-14,50,0,0,13
23,2025-05-15,49,1,0,13
23,2025-05-16,49,0,0,13
23,2025-05-17,47,2,0,13
23,2025-05-18,47,0,0,13
23,2025-05-19,47,0,0,13
23,2025-05-20,45,2,0,13
23,2025-05-21,44,1,0,13
23,2025-05-22,44,0,0,13
23,2025-05-23,44,0,0,13
23,2025-05-24,44,0,0,13
23,2025-05-25,44,0,0,13
23,2025-05-26,40,4,0,13
23,2025-05-27,40,0,0,13
23,2025-05-28,40,0,0,13
23,2025-05-29,40,0,0,13
23,2025-05-30,40,0,0,13
23,2025-05-31,37,3,0,13
23,2025-06-01,37,0,0,13
23,2025-06-02,36,1,0,13
23,2025-06-03,34,2,0,13
23,2025-06-04,33,1,0,13
23,2025-06-05,30,3,0,13
23,2025-06-06,29,1,0,13
23,2025-06-07,28,1,0,13
23,2025-06-08,25,3,0,13
23,2025-06-09,25,0,0,13
23,2025-06-10,24,1,0,13
23,2025-06-11,20,4,0,13
23,2025-06-12,18,2,0,13
23,2025-06-13,16,2,0,13
23,2025-06-14,13,3,0,13
23,2025-06-15,13,0,0,13
23,2025-06-16,11,2,0,13
23,2025-06-17,8,3,0,13
23,2025-06-18,6,2,0,13
23,2025-06-19,5,1,0,13
23,2025-06-20,5,0,0,13
23,2025-06-21,5,0,0,13
23,2025-06-22,4,1,0,13
23,2025-06-23,3,1,0,13
23,2025-06-24,53,0,0,13
23,2025-06-25,50,3,0,13
23,2025-06-26,49,1,0,13
23,2025-06-27,49,0,0,13
23,2025-06-28,48,1,0,13
23,2025-06-29,48,0,0,13
23,2025-06-30,47,1,0,13
23,2025-07-01,45,2,0,13
23,2025-07-02,44,1,0,13
23,2025-07-03,44,0,0,13
23,2025-07-04,44,0,0,13
23,2025-07-05,43,1,0,13
23,2025-07-06,43,0,0,13
23,2025-07-07,42,1,0,13
23,2025-07-08,42,0,0,13
23,2025-07-09,42,0,0,13
23,2025-07-10,41,1,0,13
23,2025-07-11,41,0,0,13
23,2025-07-12,41,0,0,13
23,2025-07-13,40,1,0,13
23,2025-07-14,38,2,0,13
23,2025-07-15,38,0,0,13
23,2025-07-16,35,3,0,13
23,2025-07-17,35,0,0,13
23,2025-07-18,34,1,0,13
23,2025-07-19,31,3,0,13
23,2025-07-20,28,3,0,13
23,2025-07-21,26,2,0,13
23,2025-07-22,26,0,0,13
23,2025-07-23,25,1,0,13
23,2025-07-24,24,1,0,13
23,2025-07-25,23,1,0,13
23,2025-07-26,23,0,0,13
23,2025-07-27,23,0,0,13
23,2025-07-28,23,0,0,13
23,2025-07-29,20,3,0,13
23,2025-07-30,20,0,0,13
23,2025-07-31,20,0,0,13
23,2025-08-01,17,3,0,13
23,2025-08-02,17,0,0,13
23,2025-08-03,17,0,0,13
23,2025-08-04,16,1,0,13
23,2025-08-05,13,3,0,13
23,2025-08-06,10,3,0,13
23,2025-08-07,9,1,0,13
23,2025-08-08,8,1,0,13
23,2025-08-09,6,2,0,13
23,2025-08-10,6,0,0,13
23,2025-08-11,5,1,0,13
23,2025-08-12,3,2,0,13
23,2025-08-13,2,1,0,13
23,2025-08-14,1,1,0,13
23,2025-08-15,51,0,0,13
23,2025-08-16,50,1,0,13
23,2025-08-17,50,0,0,13
23,2025-08-18,48,2,0,13
23,2025-08-19,47,1,0,13
23,2025-08-20,46,1,0,13
23,2025-08-21,46,0,0,13
23,2025-08-22,46,0,0,13
23,2025-08-23,45,1,0,13
23,2025-08-24,45,0,0,13
23,2025-08-25,45,0,0,13
23,2025-08-26,45,0,0,13
23,2025-08-27,43,2,0,13
23,2025-08-28,43,0,0,13
23,2025-08-29,43,0,0,13
23,2025-08-30,43,0,0,13
23,2025-08-31,43,0,0,13
23,2025-09-01,43,0,0,13
23,2025-09-02,43,0,0,13
23,2025-09-03,43,0,0,13
23,2025-09-04,41,2,0,13
23,2025-09-05,39,2,0,13
23,2025-09-06,37,2,0,13
23,2025-09-07,35,2,0,13
23,2025-09-08,35,0,0,13
23,2025-09-09,34,1,0,13
23,2025-09-10,34,0,0,13
23,2025-09-11,32,2,0,13
23,2025-09-12,30,2,0,13
23,2025-09-13,26,4,0,13
23,2025-09-14,26,0,0,13
23,2025-09-15,22,4,0,13
23,2025-09-16,20,2,0,13
23,2025-09-17,20,0,0,13
23,2025-09-18,20,0,0,13
23,2025-09-19,19,1,0,13
23,2025-09-20,15,4,0,13
23,2025-09-21,13,2,0,13
23,2025-09-22,8,5,0,13
23,2025-09-23,6,2,0,13
23,2025-09-24,6,0,0,13
23,2025-09-25,6,0,0,13
23,2025-09-26,4,2,0,13
23,2025-09-27,4,0,0,13
23,2025-09-28,3,1,0,13
23,2025-09-29,1,2,0,13
23,2025-09-30,0,4,1,13
23,2025-10-01,0,1,1,13
23,2025-10-02,0,0,0,13
23,2025-10-03,0,1,1,13
23,2025-10-04,0,4,1,13
23,2025-10-05,0,0,0,13
23,2025-10-06,0,1,1,13
23,2025-10-07,0,2,1,13
23,2025-10-08,0,2,1,13
23,2025-10-09,0,1,1,13
23,2025-10-10,0,3,1,13
23,2025-10-11,0,3,1,13
23,2025-10-12,0,2,1,13
23,2025-10-13,0,1,1,13
23,2025-10-14,49,1,0,13
23,2025-10-15,48,1,0,13
23,2025-10-16,48,0,0,13
23,2025-10-17,47,1,0,13
23,2025-10-18,47,0,0,13
23,2025-10-19,47,0,0,13
23,2025-10-20,45,2,0,13
23,2025-10-21,45,0,0,13
23,2025-10-22,43,2,0,13
23,2025-10-23,42,1,0,13
23,2025-10-24,42,0,0,13
23,2025-10-25,39,3,0,13
23,2025-10-26,37,2,0,13
23,2025-10-27,37,0,0,13
23,2025-10-28,37,0,0,13
23,2025-10-29,34,3,0,13
23,2025-10-30,29,5,0,13
23,2025-10-31,25,4,0,13
23,2025-11-01,24,1,0,13
23,2025-11-02,22,2,0,13
23,2025-11-03,17,5,0,13
23,2025-11-04,16,1,0,13
23,2025-11-05,16,0,0,13
23,2025-11-06,15,1,0,13
23,2025-11-07,7,8,0,13
23,2025-11-08,4,3,0,13
23,2025-11-09,3,1,0,13
23,2025-11-10,3,0,0,13
23,2025-11-11,0,3,0,13
23,2025-11-12,0,0,0,13
23,2025-11-13,0,1,1,13
23,2025-11-14,0,4,1,13
23,2025-11-15,0,1,1,13
23,2025-11-16,0,2,1,13
23,2025-11-17,0,0,0,13
23,2025-11-18,0,1,1,13
23,2025-11-19,0,2,1,13
23,2025-11-20,0,2,1,13
23,2025-11-21,48,2,0,13
23,2025-11-22,47,1,0,13
23,2025-11-23,46,1,0,13
23,2025-11-24,42,4,0,13
23,2025-11-25,37,5,0,13
23,2025-11-26,34,3,0,13
23,2025-11-27,33,1,0,13
23,2025-11-28,27,6,0,13
23,2025-11-29,23,4,0,13
23,2025-11-30,23,0,0,13
23,2025-12-01,22,1,0,13
23,2025-12-02,19,3,0,13
23,2025-12-03,19,0,0,13
23,2025-12-04,17,2,0,13
23,2025-12-05,16,1,0,13
23,2025-12-06,11,5,0,13
23,2025-12-07,10,1,0,13
23,2025-12-08,5,5,0,13
23,2025-12-09,2,3,0,13
23,2025-12-10,0,2,0,13
23,2025-12-11,0,2,1,13
23,2025-12-12,0,1,1,13
23,2025-12-13,0,1,1,13
23,2025-12-14,0,5,1,13
23,2025-12-15,0,1,1,13
23,2025-12-16,49,1,0,13
23,2025-12-17,48,1,0,13
23,2025-12-18,41,7,0,13
23,2025-12-19,38,3,0,13
23,2025-12-20,29,9,0,13
23,2025-12-21,29,0,0,13
23,2025-12-22,25,4,0,13
23,2025-12-23,21,4,0,13
23,2025-12-24,17,4,0,13
23,2025-12-25,16,1,0,13
23,2025-12-26,13,3,0,13
23,2025-12-27,9,4,0,13
23,2025-12-28,8,1,0,13
23,2025-12-29,8,0,0,13
23,2025-12-30,7,1,0,13
23,2025-12-31,6,1,0,13
44,2025-01-01,36,1,0,13
44,2025-01-02,36,0,0,13
44,2025-01-03,34,2,0,13
44,2025-01-04,29,5,0,13
44,2025-01-05,27,2,0,13
44,2025-01-06,25,2,0,13
44,2025-01-07,24,1,0,13
44,2025-01-08,24,0,0,13
44,2025-01-09,20,4,0,13
44,2025-01-10,19,1,0,13
44,2025-01-11,19,0,0,13
44,2025-01-12,19,0,0,13
44,2025-01-13,19,0,0,13
44,2025-01-14,19,0,0,13
44,2025-01-15,19,0,0,13
44,2025-01-16,19,0,0,13
44,2025-01-17,18,1,0,13
44,2025-01-18,17,1,0,13
44,2025-01-19,16,1,0,13
44,2025-01-20,15,1,0,13
44,2025-01-21,14,1,0,13
44,2025-01-22,12,2,0,13
44,2025-01-23,9,3,0,13
44,2025-01-24,6,3,0,13
44,2025-01-25,4,2,0,13
44,2025-01-26,0,4,0,13
44,2025-01-27,0,1,1,13
44,2025-01-28,0,0,0,13
44,2025-01-29,49,1,0,13
44,2025-01-30,48,1,0,13
44,2025-01-31,48,0,0,13
44,2025-02-01,47,1,0,13
44,2025-02-02,46,1,0,13
44,2025-02-03,46,0,0,13
44,2025-02-04,46,0,0,13
44,2025-02-05,46,0,0,13
44,2025-02-06,45,1,0,13
44,2025-02-07,45,0,0,13
44,2025-02-08,40,5,0,13
44,2025-02-09,40,0,0,13
44,2025-02-10,36,4,0,13
44,2025-02-11,35,1,0,13
44,2025-02-12,34,1,0,13
44,2025-02-13,34,0,0,13
44,2025-02-14,27,7,0,13
44,2025-02-15,27,0,0,13
44,2025-02-16,27,0,0,13
44,2025-02-17,25,2,0,13
44,2025-02-18,24,1,0,13
44,2025-02-19,24,0,0,13
44,2025-02-20,24,0,0,13
44,2025-02-21,24,0,0,13
44,2025-02-22,24,0,0,13
44,2025-02-23,22,2,0,13
44,2025-02-24,22,0,0,13
44,2025-02-25,20,2,0,13
44,2025-02-26,19,1,0,13
44,2025-02-27,18,1,0,13
44,2025-02-28,18,0,0,13
44,2025-03-01,17,1,0,13
44,2025-03-02,16,1,0,13
44,2025-03-03,16,0,0,13
44,2025-03-04,14,2,0,13
44,2025-03-05,11,3,0,13
44,2025-03-06,11,0,0,13
44,2025-03-07,10,1,0,13
44,2025-03-08,7,3,0,13
44,2025-03-09,7,0,0,13
44,2025-03-10,7,0,0,13
44,2025-03-11,6,1,0,13
44,2025-03-12,56,0,0,13
44,2025-03-13,56,0,0,13
44,2025-03-14,56,0,0,13
44,2025-03-15,54,2,0,13
44,2025-03-16,54,0,0,13
44,2025-03-17,54,0,0,13
44,2025-03-18,54,0,0,13
44,2025-03-19,52,2,0,13
44,2025-03-20,52,0,0,13
44,2025-03-21,48,4,0,13
44,2025-03-22,48,0,0,13
44,2025-03-23,48,0,0,13
44,2025-03-24,48,0,0,13
44,2025-03-25,45,3,0,13
44,2025-03-26,42,3,0,13
44,2025-03-27,38,4,0,13
44,2025-03-28,38,0,0,13
44,2025-03-29,38,0,0,13
44,2025-03-30,36,2,0,13
44,2025-03-31,36,0,0,13
44,2025-04-01,34,2,0,13
44,2025-04-02,27,7,0,13
44,2025-04-03,24,3,0,13
44,2025-04-04,23,1,0,13
44,2025-04-05,23,0,0,13
44,2025-04-06,22,1,0,13
44,2025-04-07,20,2,0,13
44,2025-04-08,17,3,0,13
44,2025-04-09,16,1,0,13
44,2025-04-10,15,1,0,13
44,2025-04-11,12,3,0,13
44,2025-04-12,12,0,0,13
44,2025-04-13,12,0,0,13
44,2025-04-14,12,0,0,13
44,2025-04-15,11,1,0,13
44,2025-04-16,10,1,0,13
44,2025-04-17,10,0,0,13
44,2025-04-18,60,0,0,13
44,2025-04-19,58,2,0,13
44,2025-04-20,55,3,0,13
44,2025-04-21,51,4,0,13
44,2025-04-22,50,1,0,13
44,2025-04-23,50,0,0,13
44,2025-04-24,50,0,0,13
44,2025-04-25,47,3,0,13
44,2025-04-26,47,0,0,13
44,2025-04-27,46,1,0,13
44,2025-04-28,45,1,0,13
44,2025-04-29,45,0,0,13
44,2025-04-30,44,1,0,13
44,2025-05-01,43,1,0,13
44,2025-05-02,41,2,0,13
44,2025-05-03,39,2,0,13
44,2025-05-04,39,0,0,13
44,2025-05-05,37,2,0,13
44,2025-05-06,35,2,0,13
44,2025-05-07,33,2,0,13
44,2025-05-08,31,2,0,13
44,2025-05-09,28,3,0,13
44,2025-05-10,26,2,0,13
44,2025-05-11,25,1,0,13
44,2025-05-12,24,1,0,13
44,2025-05-13,24,0,0,13
44,2025-05-14,24,0,0,13
44,2025-05-15,21,3,0,13
44,2025-05-16,21,0,0,13
44,2025-05-17,17,4,0,13
44,2025-05-18,16,1,0,13
44,2025-05-19,15,1,0,13
44,2025-05-20,14,1,0,13
44,2025-05-21,12,2,0,13
44,2025-05-22,10,2,0,13
44,2025-05-23,10,0,0,13
44,2025-05-24,8,2,0,13
44,2025-05-25,6,2,0,13
44,2025-05-26,5,1,0,13
44,2025-05-27,3,2,0,13
44,2025-05-28,3,0,0,13
44,2025-05-29,2,1,0,13
44,2025-05-30,2,0,0,13
44,2025-05-31,0,7,1,13
44,2025-06-01,0,0,0,13
44,2025-06-02,0,1,1,13
44,2025-06-03,0,1,1,13
44,2025-06-04,50,0,0,13
44,2025-06-05,49,1,0,13
44,2025-06-06,48,1,0,13
44,2025-06-07,46,2,0,13
44,2025-06-08,46,0,0,13
44,2025-06-09,46,0,0,13
44,2025-06-10,45,1,0,13
44,2025-06-11,44,1,0,13
44,2025-06-12,44,0,0,13
44,2025-06-13,42,2,0,13
44,2025-06-14,42,0,0,13
44,2025-06-15,42,0,0,13
44,2025-06-16,42,0,0,13
44,2025-06-17,41,1,0,13
44,2025-06-18,36,5,0,13
44,2025-06-19,32,4,0,13
44,2025-06-20,31,1,0,13
44,2025-06-21,30,1,0,13
44,2025-06-22,30,0,0,13
44,2025-06-23,29,1,0,13
44,2025-06-24,28,1,0,13
44,2025-06-25,27,1,0,13
44,2025-06-26,26,1,0,13
44,2025-06-27,26,0,0,13
44,2025-06-28,26,0,0,13
44,2025-06-29,24,2,0,13
44,2025-06-30,24,0,0,13
44,2025-07-01,24,0,0,13
44,2025-07-02,24,0,0,13
44,2025-07-03,23,1,0,13
44,2025-07-04,22,1,0,13
44,2025-07-05,22,0,0,13
44,2025-07-06,22,0,0,13
44,2025-07-07,21,1,0,13
44,2025-07-08,21,0,0,13
44,2025-07-09,21,0,0,13
44,2025-07-10,20,1,0,13
44,2025-07-11,20,0,0,13
44,2025-07-12,18,2,0,13
44,2025-07-13,18,0,0,13
44,2025-07-14,15,3,0,13
44,2025-07-15,15,0,0,13
44,2025-07-16,13,2,0,13
44,2025-07-17,11,2,0,13
44,2025-07-18,10,1,0,13
44,2025-07-19,10,0,0,13
44,2025-07-20,8,2,0,13
44,2025-07-21,7,1,0,13
44,2025-07-22,7,0,0,13
44,2025-07-23,56,1,0,13
44,2025-07-24,55,1,0,13
44,2025-07-25,55,0,0,13
44,2025-07-26,53,2,0,13
44,2025-07-27,53,0,0,13
44,2025-07-28,52,1,0,13
44,2025-07-29,52,0,0,13
44,2025-07-30,52,0,0,13
44,2025-07-31,51,1,0,13
44,2025-08-01,50,1,0,13
44,2025-08-02,50,0,0,13
44,2025-08-03,50,0,0,13
44,2025-08-04,49,1,0,13
44,2025-08-05,49,0,0,13
44,2025-08-06,49,0,0,13
44,2025-08-07,48,1,0,13
44,2025-08-08,48,0,0,13
44,2025-08-09,46,2,0,13
44,2025-08-10,44,2,0,13
44,2025-08-11,42,2,0,13
44,2025-08-12,40,2,0,13
44,2025-08-13,39,1,0,13
44,2025-08-14,38,1,0,13
44,2025-08-15,37,1,0,13
44,2025-08-16,36,1,0,13
44,2025-08-17,35,1,0,13
44,2025-08-18,35,0,0,13
44,2025-08-19,35,0,0,13
44,2025-08-20,35,0,0,13
44,2025-08-21,34,1,0,13
44,2025-08-22,32,2,0,13
44,2025-08-23,30,2,0,13
44,2025-08-24,29,1,0,13
44,2025-08-25,26,3,0,13
44,2025-08-26,26,0,0,13
44,2025-08-27,26,0,0,13
44,2025-08-28,25,1,0,13
44,2025-08-29,25,0,0,13
44,2025-08-30,25,0,0,13
44,2025-08-31,23,2,0,13
44,2025-09-01,23,0,0,13
44,2025-09-02,23,0,0,13
44,2025-09-03,21,2,0,13
44,2025-09-04,21,0,0,13
44,2025-09-05,18,3,0,13
44,2025-09-06,16,2,0,13
44,2025-09-07,16,0,0,13
44,2025-09-08,16,0,0,13
44,2025-09-09,16,0,0,13
44,2025-09-10,15,1,0,13
44,2025-09-11,15,0,0,13
44,2025-09-12,15,0,0,13
44,2025-09-13,15,0,0,13
44,2025-09-14,14,1,0,13
44,2025-09-15,14,0,0,13
44,2025-09-16,10,4,0,13
44,2025-09-17,10,0,0,13
44,2025-09-18,8,2,0,13
44,2025-09-19,8,0,0,13
44,2025-09-20,5,3,0,13
44,2025-09-21,5,0,0,13
44,2025-09-22,4,1,0,13
44,2025-09-23,4,0,0,13
44,2025-09-24,4,0,0,13
44,2025-09-25,3,1,0,13
44,2025-09-26,0,3,0,13
44,2025-09-27,0,0,0,13
44,2025-09-28,0,1,1,13
44,2025-09-29,0,0,0,13
44,2025-09-30,50,0,0,13
44,2025-10-01,50,0,0,13
44,2025-10-02,49,1,0,13
44,2025-10-03,49,0,0,13
44,2025-10-04,43,6,0,13
44,2025-10-05,43,0,0,13
44,2025-10-06,43,0,0,13
44,2025-10-07,38,5,0,13
44,2025-10-08,37,1,0,13
44,2025-10-09,36,1,0,13
44,2025-10-10,35,1,0,13
44,2025-10-11,35,0,0,13
44,2025-10-12,32,3,0,13
44,2025-10-13,31,1,0,13
44,2025-10-14,30,1,0,13
44,2025-10-15,28,2,0,13
44,2025-10-16,26,2,0,13
44,2025-10-17,23,3,0,13
44,2025-10-18,21,2,0,13
44,2025-10-19,18,3,0,13
44,2025-10-20,16,2,0,13
44,2025-10-21,14,2,0,13
44,2025-10-22,13,1,0,13
44,2025-10-23,12,1,0,13
44,2025-10-24,4,8,0,13
44,2025-10-25,4,0,0,13
44,2025-10-26,3,1,0,13
44,2025-10-27,0,7,1,13
44,2025-10-28,0,0,0,13
44,2025-10-29,0,3,1,13
44,2025-10-30,0,1,1,13
44,2025-10-31,0,1,1,13
44,2025-11-01,50,0,0,13
44,2025-11-02,49,1,0,13
44,2025-11-03,48,1,0,13
44,2025-11-04,46,2,0,13
44,2025-11-05,41,5,0,13
44,2025-11-06,39,2,0,13
44,2025-11-07,37,2,0,13
44,2025-11-08,36,1,0,13
44,2025-11-09,35,1,0,13
44,2025-11-10,34,1,0,13
44,2025-11-11,30,4,0,13
44,2025-11-12,27,3,0,13
44,2025-11-13,24,3,0,13
44,2025-11-14,24,0,0,13
44,2025-11-15,24,0,0,13
44,2025-11-16,23,1,0,13
44,2025-11-17,22,1,0,13
44,2025-11-18,20,2,0,13
44,2025-11-19,18,2,0,13
44,2025-11-20,17,1,0,13
44,2025-11-21,16,1,0,13
44,2025-11-22,14,2,0,13
44,2025-11-23,14,0,0,13
44,2025-11-24,11,3,0,13
44,2025-11-25,8,3,0,13
44,2025-11-26,3,5,0,13
44,2025-11-27,2,1,0,13
44,2025-11-28,0,2,0,13
44,2025-11-29,0,3,1,13
44,2025-11-30,0,4,1,13
44,2025-12-01,0,2,1,13
44,2025-12-02,0,3,1,13
44,2025-12-03,0,5,1,13
44,2025-12-04,0,6,1,13
44,2025-12-05,0,6,1,13
44,2025-12-06,0,6,1,13
44,2025-12-07,0,2,1,13
44,2025-12-08,47,3,0,13
44,2025-12-09,44,3,0,13
44,2025-12-10,39,5,0,13
44,2025-12-11,38,1,0,13
44,2025-12-12,31,7,0,13
44,2025-12-13,23,8,0,13
44,2025-12-14,21,2,0,13
44,2025-12-15,17,4,0,13
44,2025-12-16,13,4,0,13
44,2025-12-17,6,7,0,13
44,2025-12-18,3,3,0,13
44,2025-12-19,0,3,0,13
44,2025-12-20,0,9,1,13
44,2025-12-21,0,1,1,13
44,2025-12-22,0,7,1,13
44,2025-12-23,0,3,1,13
44,2025-12-24,0,7,1,13
44,2025-12-25,0,9,1,13
44,2025-12-26,46,4,0,13
44,2025-12-27,38,8,0,13
44,2025-12-28,35,3,0,13
44,2025-12-29,33,2,0,13
44,2025-12-30,30,3,0,13
44,2025-12-31,30,0,0,13
83,2025-01-01,36,0,0,13
83,2025-01-02,35,1,0,13
83,2025-01-03,35,0,0,13
83,2025-01-04,35,0,0,13
83,2025-01-05,35,0,0,13
83,2025-01-06,34,1,0,13
83,2025-01-07,34,0,0,13
83,2025-01-08,33,1,0,13
83,2025-01-09,33,0,0,13
83,2025-01-10,33,0,0,13
83,2025-01-11,32,1,0,13
83,2025-01-12,32,0,0,13
83,2025-01-13,32,0,0,13
83,2025-01-14,31,1,0,13
83,2025-01-15,31,0,0,13
83,2025-01-16,31,0,0,13
83,2025-01-17,31,0,0,13
83,2025-01-18,31,0,0,13
83,2025-01-19,30,1,0,13
83,2025-01-20,30,0,0,13
83,2025-01-21,29,1,0,13
83,2025-01-22,27,2,0,13
83,2025-01-23,27,0,0,13
83,2025-01-24,27,0,0,13
83,2025-01-25,27,0,0,13
83,2025-01-26,27,0,0,13
83,2025-01-27,27,0,0,13
83,2025-01-28,26,1,0,13
83,2025-01-29,25,1,0,13
83,2025-01-30,23,2,0,13
83,2025-01-31,23,0,0,13
83,2025-02-01,23,0,0,13
83,2025-02-02,23,0,0,13
83,2025-02-03,22,1,0,13
83,2025-02-04,22,0,0,13
83,2025-02-05,22,0,0,13
83,2025-02-06,22,0,0,13
83,2025-02-07,22,0,0,13
83,2025-02-08,21,1,0,13
83,2025-02-09,21,0,0,13
83,2025-02-10,21,0,0,13
83,2025-02-11,21,0,0,13
83,2025-02-12,19,2,0,13
83,2025-02-13,19,0,0,13
83,2025-02-14,15,4,0,13
83,2025-02-15,15,0,0,13
83,2025-02-16,15,0,0,13
83,2025-02-17,14,1,0,13
83,2025-02-18,14,0,0,13
83,2025-02-19,12,2,0,13
83,2025-02-20,12,0,0,13
83,2025-02-21,12,0,0,13
83,2025-02-22,12,0,0,13
83,2025-02-23,12,0,0,13
83,2025-02-24,12,0,0,13
83,2025-02-25,12,0,0,13
83,2025-02-26,8,4,0,13
83,2025-02-27,6,2,0,13
83,2025-02-28,6,0,0,13
83,2025-03-01,5,1,0,13
83,2025-03-02,3,2,0,13
83,2025-03-03,1,2,0,13
83,2025-03-04,1,0,0,13
83,2025-03-05,46,4,0,13
83,2025-03-06,46,0,0,13
83,2025-03-07,46,0,0,13
83,2025-03-08,45,1,0,13
83,2025-03-09,45,0,0,13
83,2025-03-10,45,0,0,13
83,2025-03-11,45,0,0,13
83,2025-03-12,45,0,0,13
83,2025-03-13,45,0,0,13
83,2025-03-14,45,0,0,13
83,2025-03-15,45,0,0,13
83,2025-03-16,44,1,0,13
83,2025-03-17,44,0,0,13
83,2025-03-18,44,0,0,13
83,2025-03-19,44,0,0,13
83,2025-03-20,43,1,0,13
83,2025-03-21,43,0,0,13
83,2025-03-22,41,2,0,13
83,2025-03-23,40,1,0,13
83,2025-03-24,39,1,0,13
83,2025-03-25,38,1,0,13
83,2025-03-26,37,1,0,13
83,2025-03-27,32,5,0,13
83,2025-03-28,32,0,0,13
83,2025-03-29,32,0,0,13
83,2025-03-30,32,0,0,13
83,2025-03-31,32,0,0,13
83,2025-04-01,32,0,0,13
83,2025-04-02,31,1,0,13
83,2025-04-03,30,1,0,13
83,2025-04-04,29,1,0,13
83,2025-04-05,28,1,0,13
83,2025-04-06,28,0,0,13
83,2025-04-07,28,0,0,13
83,2025-04-08,27,1,0,13
83,2025-04-09,27,0,0,13
83,2025-04-10,27,0,0,13
83,2025-04-11,27,0,0,13
83,2025-04-12,25,2,0,13
83,2025-04-13,25,0,0,13
83,2025-04-14,25,0,0,13
83,2025-04-15,24,1,0,13
83,2025-04-16,21,3,0,13
83,2025-04-17,19,2,0,13
83,2025-04-18,17,2,0,13
83,2025-04-19,15,2,0,13
83,2025-04-20,14,1,0,13
83,2025-04-21,14,0,0,13
83,2025-04-22,14,0,0,13
83,2025-04-23,14,0,0,13
83,2025-04-24,13,1,0,13
83,2025-04-25,10,3,0,13
83,2025-04-26,9,1,0,13
83,2025-04-27,9,0,0,13
83,2025-04-28,9,0,0,13
83,2025-04-29,9,0,0,13
83,2025-04-30,8,1,0,13
83,2025-05-01,6,2,0,13
83,2025-05-02,6,0,0,13
83,2025-05-03,5,1,0,13
83,2025-05-04,4,1,0,13
83,2025-05-05,1,3,0,13
83,2025-05-06,0,1,0,13
83,2025-05-07,0,1,1,13
83,2025-05-08,46,3,0,13
83,2025-05-09,45,1,0,13
83,2025-05-10,41,4,0,13
83,2025-05-11,39,2,0,13
83,2025-05-12,38,1,0,13
83,2025-05-13,37,1,0,13
83,2025-05-14,36,1,0,13
83,2025-05-15,33,3,0,13
83,2025-05-16,31,2,0,13
83,2025-05-17,30,1,0,13
83,2025-05-18,30,0,0,13
83,2025-05-19,30,0,0,13
83,2025-05-20,29,1,0,13
83,2025-05-21,29,0,0,13
83,2025-05-22,29,0,0,13
83,2025-05-23,29,0,0,13
83,2025-05-24,28,1,0,13
83,2025-05-25,27,1,0,13
83,2025-05-26,25,2,0,13
83,2025-05-27,24,1,0,13
83,2025-05-28,23,1,0,13
83,2025-05-29,21,2,0,13
83,2025-05-30,19,2,0,13
83,2025-05-31,17,2,0,13
83,2025-06-01,17,0,0,13
83,2025-06-02,12,5,0,13
83,2025-06-03,10,2,0,13
83,2025-06-04,6,4,0,13
83,2025-06-05,6,0,0,13
83,2025-06-06,1,5,0,13
83,2025-06-07,0,3,1,13
83,2025-06-08,0,1,1,13
83,2025-06-09,0,5,1,13
83,2025-06-10,0,1,1,13
83,2025-06-11,0,6,1,13
83,2025-06-12,0,5,1,13
83,2025-06-13,0,3,1,13
83,2025-06-14,0,6,1,13
83,2025-06-15,0,0,0,13
83,2025-06-16,46,3,0,13
83,2025-06-17,45,1,0,13
83,2025-06-18,45,0,0,13
83,2025-06-19,37,8,0,13
83,2025-06-20,34,3,0,13
83,2025-06-21,32,2,0,13
83,2025-06-22,30,2,0,13
83,2025-06-23,26,4,0,13
83,2025-06-24,22,4,0,13
83,2025-06-25,22,0,0,13
83,2025-06-26,20,2,0,13
83,2025-06-27,17,3,0,13
83,2025-06-28,8,9,0,13
83,2025-06-29,8,0,0,13
83,2025-06-30,6,2,0,13
83,2025-07-01,5,1,0,13
83,2025-07-02,0,7,1,13
83,2025-07-03,0,2,1,13
83,2025-07-04,0,5,1,13
83,2025-07-05,0,9,1,13
83,2025-07-06,0,0,0,13
83,2025-07-07,0,3,1,13
83,2025-07-08,45,4,0,13
83,2025-07-09,43,2,0,13
83,2025-07-10,37,6,0,13
83,2025-07-11,31,6,0,13
83,2025-07-12,21,10,0,13
83,2025-07-13,21,0,0,13
83,2025-07-14,18,3,0,13
83,2025-07-15,16,2,0,13
83,2025-07-16,15,1,0,13
83,2025-07-17,12,3,0,13
83,2025-07-18,8,4,0,13
83,2025-07-19,5,3,0,13
83,2025-07-20,0,6,1,13
83,2025-07-21,0,2,1,13
83,2025-07-22,0,4,1,13
83,2025-07-23,0,2,1,13
83,2025-07-24,0,0,0,13
83,2025-07-25,0,0,0,13
83,2025-07-26,0,2,1,13
83,2025-07-27,0,0,0,13
83,2025-07-28,0,2,1,13
83,2025-07-29,0,1,1,13
83,2025-07-30,0,4,1,13
83,2025-07-31,49,0,0,13
83,2025-08-01,44,5,0,13
83,2025-08-02,42,2,0,13
83,2025-08-03,41,1,0,13
83,2025-08-04,39,2,0,13
83,2025-08-05,38,1,0,13
83,2025-08-06,36,2,0,13
83,2025-08-07,33,3,0,13
83,2025-08-08,32,1,0,13
83,2025-08-09,31,1,0,13
83,2025-08-10,30,1,0,13
83,2025-08-11,29,1,0,13
83,2025-08-12,29,0,0,13
83,2025-08-13,28,1,0,13
83,2025-08-14,24,4,0,13
83,2025-08-15,18,6,0,13
83,2025-08-16,16,2,0,13
83,2025-08-17,13,3,0,13
83,2025-08-18,12,1,0,13
83,2025-08-19,12,0,0,13
83,2025-08-20,12,0,0,13
83,2025-08-21,11,1,0,13
83,2025-08-22,11,0,0,13
83,2025-08-23,9,2,0,13
83,2025-08-24,9,0,0,13
83,2025-08-25,9,0,0,13
83,2025-08-26,9,0,0,13
83,2025-08-27,7,2,0,13
83,2025-08-28,6,1,0,13
83,2025-08-29,5,1,0,13
83,2025-08-30,0,7,1,13
83,2025-08-31,0,1,1,13
83,2025-09-01,0,3,1,13
83,2025-09-02,0,1,1,13
83,2025-09-03,0,2,1,13
83,2025-09-04,0,1,1,13
83,2025-09-05,46,3,0,13
83,2025-09-06,44,2,0,13
83,2025-09-07,35,9,0,13
83,2025-09-08,35,0,0,13
83,2025-09-09,33,2,0,13
83,2025-09-10,33,0,0,13
83,2025-09-11,28,5,0,13
83,2025-09-12,27,1,0,13
83,2025-09-13,26,1,0,13
83,2025-09-14,25,1,0,13
83,2025-09-15,21,4,0,13
83,2025-09-16,21,0,0,13
83,2025-09-17,18,3,0,13
83,2025-09-18,16,2,0,13
83,2025-09-19,16,0,0,13
83,2025-09-20,15,1,0,13
83,2025-09-21,14,1,0,13
83,2025-09-22,8,6,0,13
83,2025-09-23,6,2,0,13
83,2025-09-24,3,3,0,13
83,2025-09-25,3,0,0,13
83,2025-09-26,1,2,0,13
83,2025-09-27,0,10,1,13
83,2025-09-28,0,1,1,13
83,2025-09-29,48,1,0,13
83,2025-09-30,48,0,0,13
83,2025-10-01,48,0,0,13
83,2025-10-02,45,3,0,13
83,2025-10-03,45,0,0,13
83,2025-10-04,45,0,0,13
83,2025-10-05,44,1,0,13
83,2025-10-06,44,0,0,13
83,2025-10-07,41,3,0,13
83,2025-10-08,41,0,0,13
83,2025-10-09,39,2,0,13
83,2025-10-10,39,0,0,13
83,2025-10-11,38,1,0,13
83,2025-10-12,38,0,0,13
83,2025-10-13,36,2,0,13
83,2025-10-14,30,6,0,13
83,2025-10-15,27,3,0,13
83,2025-10-16,26,1,0,13
83,2025-10-17,26,0,0,13
83,2025-10-18,23,3,0,13
83,2025-10-19,19,4,0,13
83,2025-10-20,15,4,0,13
83,2025-10-21,14,1,0,13
83,2025-10-22,13,1,0,13
83,2025-10-23,12,1,0,13
83,2025-10-24,12,0,0,13
83,2025-10-25,12,0,0,13
83,2025-10-26,11,1,0,13
83,2025-10-27,10,1,0,13
83,2025-10-28,9,1,0,13
83,2025-10-29,9,0,0,13
83,2025-10-30,5,4,0,13
83,2025-10-31,4,1,0,13
83,2025-11-01,52,1,0,13
83,2025-11-02,52,0,0,13
83,2025-11-03,51,1,0,13
83,2025-11-04,51,0,0,13
83,2025-11-05,51,0,0,13
83,2025-11-06,49,2,0,13
83,2025-11-07,45,4,0,13
83,2025-11-08,42,3,0,13
83,2025-11-09,42,0,0,13
83,2025-11-10,41,1,0,13
83,2025-11-11,40,1,0,13
83,2025-11-12,39,1,0,13
83,2025-11-13,39,0,0,13
83,2025-11-14,35,4,0,13
83,2025-11-15,33,2,0,13
83,2025-11-16,32,1,0,13
83,2025-11-17,31,1,0,13
83,2025-11-18,28,3,0,13
83,2025-11-19,27,1,0,13
83,2025-11-20,25,2,0,13
83,2025-11-21,25,0,0,13
83,2025-11-22,25,0,0,13
83,2025-11-23,25,0,0,13
83,2025-11-24,23,2,0,13
83,2025-11-25,21,2,0,13
83,2025-11-26,21,0,0,13
83,2025-11-27,20,1,0,13
83,2025-11-28,20,0,0,13
83,2025-11-29,18,2,0,13
83,2025-11-30,13,5,0,13
83,2025-12-01,12,1,0,13
83,2025-12-02,10,2,0,13
83,2025-12-03,10,0,0,13
83,2025-12-04,8,2,0,13
83,2025-12-05,8,0,0,13
83,2025-12-06,6,2,0,13
83,2025-12-07,5,1,0,13
83,2025-12-08,2,3,0,13
83,2025-12-09,1,1,0,13
83,2025-12-10,47,3,0,13
83,2025-12-11,47,0,0,13
83,2025-12-12,47,0,0,13
83,2025-12-13,45,2,0,13
83,2025-12-14,45,0,0,13
83,2025-12-15,43,2,0,13
83,2025-12-16,43,0,0,13
83,2025-12-17,42,1,0,13
83,2025-12-18,42,0,0,13
83,2025-12-19,42,0,0,13
83,2025-12-20,40,2,0,13
83,2025-12-21,40,0,0,13
83,2025-12-22,38,2,0,13
83,2025-12-23,36,2,0,13
83,2025-12-24,32,4,0,13
83,2025-12-25,31,1,0,13
83,2025-12-26,30,1,0,13
83,2025-12-27,30,0,0,13
83,2025-12-28,30,0,0,13
83,2025-12-29,29,1,0,13
83,2025-12-30,29,0,0,13
83,2025-12-31,27,2,0,13
2,2025-01-01,33,2,0,12
2,2025-01-02,29,4,0,12
2,2025-01-03,26,3,0,12
2,2025-01-04,22,4,0,12
2,2025-01-05,17,5,0,12
2,2025-01-06,16,1,0,12
2,2025-01-07,16,0,0,12
2,2025-01-08,13,3,0,12
2,2025-01-09,13,0,0,12
2,2025-01-10,12,1,0,12
2,2025-01-11,10,2,0,12
2,2025-01-12,9,1,0,12
2,2025-01-13,8,1,0,12
2,2025-01-14,6,2,0,12
2,2025-01-15,6,0,0,12
2,2025-01-16,6,0,0,12
2,2025-01-17,3,3,0,12
2,2025-01-18,0,4,1,12
2,2025-01-19,0,0,0,12
2,2025-01-20,0,0,0,12
2,2025-01-21,0,2,1,12
2,2025-01-22,0,1,1,12
2,2025-01-23,0,1,1,12
2,2025-01-24,47,0,0,12
2,2025-01-25,43,4,0,12
2,2025-01-26,43,0,0,12
2,2025-01-27,40,3,0,12
2,2025-01-28,39,1,0,12
2,2025-01-29,38,1,0,12
2,2025-01-30,37,1,0,12
2,2025-01-31,37,0,0,12
2,2025-02-01,37,0,0,12
2,2025-02-02,36,1,0,12
2,2025-02-03,35,1,0,12
2,2025-02-04,33,2,0,12
2,2025-02-05,33,0,0,12
2,2025-02-06,32,1,0,12
2,2025-02-07,31,1,0,12
2,2025-02-08,31,0,0,12
2,2025-02-09,30,1,0,12
2,2025-02-10,30,0,0,12
2,2025-02-11,30,0,0,12
2,2025-02-12,30,0,0,12
2,2025-02-13,27,3,0,12
2,2025-02-14,26,1,0,12
2,2025-02-15,24,2,0,12
2,2025-02-16,23,1,0,12
2,2025-02-17,20,3,0,12
2,2025-02-18,18,2,0,12
2,2025-02-19,18,0,0,12
2,2025-02-20,17,1,0,12
2,2025-02-21,16,1,0,12
2,2025-02-22,16,0,0,12
2,2025-02-23,16,0,0,12
2,2025-02-24,10,6,0,12
2,2025-02-25,7,3,0,12
2,2025-02-26,7,0,0,12
2,2025-02-27,6,1,0,12
2,2025-02-28,6,0,0,12
2,2025-03-01,6,0,0,12
2,2025-03-02,5,1,0,12
2,2025-03-03,0,5,0,12
2,2025-03-04,0,0,0,12
2,2025-03-05,0,0,0,12
2,2025-03-06,45,2,0,12
2,2025-03-07,43,2,0,12
2,2025-03-08,41,2,0,12
2,2025-03-09,40,1,0,12
2,2025-03-10,40,0,0,12
2,2025-03-11,40,0,0,12
2,2025-03-12,39,1,0,12
2,2025-03-13,39,0,0,12
2,2025-03-14,39,0,0,12
2,2025-03-15,39,0,0,12
2,2025-03-16,38,1,0,12
2,2025-03-17,36,2,0,12
2,2025-03-18,34,2,0,12
2,2025-03-19,34,0,0,12
2,2025-03-20,34,0,0,12
2,2025-03-21,34,0,0,12
2,2025-03-22,32,2,0,12
2,2025-03-23,31,1,0,12
2,2025-03-24,25,6,0,12
2,2025-03-25,24,1,0,12
2,2025-03-26,23,1,0,12
2,2025-03-27,20,3,0,12
2,2025-03-28,17,3,0,12
2,2025-03-29,16,1,0,12
2,2025-03-30,15,1,0,12
2,2025-03-31,15,0,0,12
2,2025-04-01,14,1,0,12
2,2025-04-02,13,1,0,12
2,2025-04-03,10,3,0,12
2,2025-04-04,10,0,0,12
2,2025-04-05,9,1,0,12
2,2025-04-06,9,0,0,12
2,2025-04-07,7,2,0,12
2,2025-04-08,6,1,0,12
2,2025-04-09,6,0,0,12
2,2025-04-10,4,2,0,12
2,2025-04-11,2,2,0,12
2,2025-04-12,1,1,0,12
2,2025-04-13,48,0,0,12
2,2025-04-14,46,2,0,12
2,2025-04-15,45,1,0,12
2,2025-04-16,44,1,0,12
2,2025-04-17,42,2,0,12
2,2025-04-18,41,1,0,12
2,2025-04-19,37,4,0,12
2,2025-04-20,37,0,0,12
2,2025-04-21,34,3,0,12
2,2025-04-22,34,0,0,12
2,2025-04-23,34,0,0,12
2,2025-04-24,34,0,0,12
2,2025-04-25,34,0,0,12
2,2025-04-26,33,1,0,12
2,2025-04-27,31,2,0,12
2,2025-04-28,27,4,0,12
2,2025-04-29,24,3,0,12
2,2025-04-30,24,0,0,12
2,2025-05-01,23,1,0,12
2,2025-05-02,23,0,0,12
2,2025-05-03,22,1,0,12
2,2025-05-04,20,2,0,12
2,2025-05-05,19,1,0,12
2,2025-05-06,19,0,0,12
2,2025-05-07,19,0,0,12
2,2025-05-08,18,1,0,12
2,2025-05-09,17,1,0,12
2,2025-05-10,15,2,0,12
2,2025-05-11,12,3,0,12
2,2025-05-12,10,2,0,12
2,2025-05-13,9,1,0,12
2,2025-05-14,9,0,0,12
2,2025-05-15,6,3,0,12
2,2025-05-16,5,1,0,12
2,2025-05-17,2,3,0,12
2,2025-05-18,1,1,0,12
2,2025-05-19,0,1,0,12
2,2025-05-20,0,2,1,12
2,2025-05-21,47,0,0,12
2,2025-05-22,45,2,0,12
2,2025-05-23,45,0,0,12
2,2025-05-24,44,1,0,12
2,2025-05-25,43,1,0,12
2,2025-05-26,42,1,0,12
2,2025-05-27,41,1,0,12
2,2025-05-28,41,0,0,12
2,2025-05-29,40,1,0,12
2,2025-05-30,39,1,0,12
2,2025-05-31,38,1,0,12
2,2025-06-01,38,0,0,12
2,2025-06-02,38,0,0,12
2,2025-06-03,37,1,0,12
2,2025-06-04,37,0,0,12
2,2025-06-05,35,2,0,12
2,2025-06-06,35,0,0,12
2,2025-06-07,35,0,0,12
2,2025-06-08,35,0,0,12
2,2025-06-09,34,1,0,12
2,2025-06-10,34,0,0,12
2,2025-06-11,33,1,0,12
2,2025-06-12,33,0,0,12
2,2025-06-13,33,0,0,12
2,2025-06-14,32,1,0,12
2,2025-06-15,31,1,0,12
2,2025-06-16,31,0,0,12
2,2025-06-17,30,1,0,12
2,2025-06-18,30,0,0,12
2,2025-06-19,28,2,0,12
2,2025-06-20,28,0,0,12
2,2025-06-21,28,0,0,12
2,2025-06-22,27,1,0,12
2,2025-06-23,23,4,0,12
2,2025-06-24,23,0,0,12
2,2025-06-25,23,0,0,12
2,2025-06-26,23,0,0,12
2,2025-06-27,23,0,0,12
2,2025-06-28,15,8,0,12
2,2025-06-29,14,1,0,12
2,2025-06-30,9,5,0,12
2,2025-07-01,9,0,0,12
2,2025-07-02,9,0,0,12
2,2025-07-03,9,0,0,12
2,2025-07-04,8,1,0,12
2,2025-07-05,7,1,0,12
2,2025-07-06,7,0,0,12
2,2025-07-07,6,1,0,12
2,2025-07-08,6,0,0,12
2,2025-07-09,6,0,0,12
2,2025-07-10,4,2,0,12
2,2025-07-11,1,3,0,12
2,2025-07-12,0,1,0,12
2,2025-07-13,0,1,1,12
2,2025-07-14,46,1,0,12
2,2025-07-15,45,1,0,12
2,2025-07-16,44,1,0,12
2,2025-07-17,44,0,0,12
2,2025-07-18,42,2,0,12
2,2025-07-19,40,2,0,12
2,2025-07-20,38,2,0,12
2,2025-07-21,38,0,0,12
2,2025-07-22,36,2,0,12
2,2025-07-23,35,1,0,12
2,2025-07-24,35,0,0,12
2,2025-07-25,34,1,0,12
2,2025-07-26,34,0,0,12
2,2025-07-27,34,0,0,12
2,2025-07-28,32,2,0,12
2,2025-07-29,32,0,0,12
2,2025-07-30,32,0,0,12
2,2025-07-31,31,1,0,12
2,2025-08-01,31,0,0,12
2,2025-08-02,31,0,0,12
2,2025-08-03,31,0,0,12
2,2025-08-04,31,0,0,12
2,2025-08-05,28,3,0,12
2,2025-08-06,26,2,0,12
2,2025-08-07,24,2,0,12
2,2025-08-08,24,0,0,12
2,2025-08-09,24,0,0,12
2,2025-08-10,24,0,0,12
2,2025-08-11,23,1,0,12
2,2025-08-12,20,3,0,12
2,2025-08-13,20,0,0,12
2,2025-08-14,20,0,0,12
2,2025-08-15,20,0,0,12
2,2025-08-16,20,0,0,12
2,2025-08-17,20,0,0,12
2,2025-08-18,19,1,0,12
2,2025-08-19,19,0,0,12
2,2025-08-20,19,0,0,12
2,2025-08-21,19,0,0,12
2,2025-08-22,19,0,0,12
2,2025-08-23,18,1,0,12
2,2025-08-24,17,1,0,12
2,2025-08-25,16,1,0,12
2,2025-08-26,16,0,0,12
2,2025-08-27,15,1,0,12
2,2025-08-28,14,1,0,12
2,2025-08-29,14,0,0,12
2,2025-08-30,14,0,0,12
2,2025-08-31,14,0,0,12
2,2025-09-01,13,1,0,12
2,2025-09-02,13,0,0,12
2,2025-09-03,13,0,0,12
2,2025-09-04,12,1,0,12
2,2025-09-05,9,3,0,12
2,2025-09-06,7,2,0,12
2,2025-09-07,4,3,0,12
2,2025-09-08,1,3,0,12
2,2025-09-09,0,1,0,12
2,2025-09-10,0,1,1,12
2,2025-09-11,0,0,0,12
2,2025-09-12,0,2,1,12
2,2025-09-13,0,2,1,12
2,2025-09-14,0,0,0,12
2,2025-09-15,47,0,0,12
2,2025-09-16,45,2,0,12
2,2025-09-17,45,0,0,12
2,2025-09-18,45,0,0,12
2,2025-09-19,44,1,0,12
2,2025-09-20,43,1,0,12
2,2025-09-21,41,2,0,12
2,2025-09-22,40,1,0,12
2,2025-09-23,36,4,0,12
2,2025-09-24,35,1,0,12
2,2025-09-25,34,1,0,12
2,2025-09-26,33,1,0,12
2,2025-09-27,28,5,0,12
2,2025-09-28,28,0,0,12
2,2025-09-29,24,4,0,12
2,2025-09-30,22,2,0,12
2,2025-10-01,20,2,0,12
2,2025-10-02,17,3,0,12
2,2025-10-03,9,8,0,12
2,2025-10-04,5,4,0,12
2,2025-10-05,5,0,0,12
2,2025-10-06,3,2,0,12
2,2025-10-07,1,2,0,12
2,2025-10-08,1,0,0,12
2,2025-10-09,0,1,0,12
2,2025-10-10,46,1,0,12
2,2025-10-11,45,1,0,12
2,2025-10-12,45,0,0,12
2,2025-10-13,43,2,0,12
2,2025-10-14,43,0,0,12
2,2025-10-15,43,0,0,12
2,2025-10-16,42,1,0,12
2,2025-10-17,41,1,0,12
2,2025-10-18,40,1,0,12
2,2025-10-19,38,2,0,12
2,2025-10-20,38,0,0,12
2,2025-10-21,34,4,0,12
2,2025-10-22,31,3,0,12
2,2025-10-23,29,2,0,12
2,2025-10-24,26,3,0,12
2,2025-10-25,23,3,0,12
2,2025-10-26,20,3,0,12
2,2025-10-27,18,2,0,12
2,2025-10-28,17,1,0,12
2,2025-10-29,13,4,0,12
2,2025-10-30,10,3,0,12
2,2025-10-31,10,0,0,12
2,2025-11-01,9,1,0,12
2,2025-11-02,8,1,0,12
2,2025-11-03,5,3,0,12
2,2025-11-04,0,8,1,12
2,2025-11-05,0,0,0,12
2,2025-11-06,46,1,0,12
2,2025-11-07,41,5,0,12
2,2025-11-08,35,6,0,12
2,2025-11-09,33,2,0,12
2,2025-11-10,30,3,0,12
2,2025-11-11,29,1,0,12
2,2025-11-12,29,0,0,12
2,2025-11-13,22,7,0,12
2,2025-11-14,22,0,0,12
2,2025-11-15,15,7,0,12
2,2025-11-16,13,2,0,12
2,2025-11-17,12,1,0,12
2,2025-11-18,12,0,0,12
2,2025-11-19,11,1,0,12
2,2025-11-20,7,4,0,12
2,2025-11-21,1,6,0,12
2,2025-11-22,0,2,1,12
2,2025-11-23,0,1,1,12
2,2025-11-24,0,2,1,12
2,2025-11-25,0,3,1,12
2,2025-11-26,0,4,1,12
2,2025-11-27,0,1,1,12
2,2025-11-28,0,4,1,12
2,2025-11-29,0,3,1,12
2,2025-11-30,0,0,0,12
2,2025-12-01,45,2,0,12
2,2025-12-02,41,4,0,12
2,2025-12-03,39,2,0,12
2,2025-12-04,38,1,0,12
2,2025-12-05,33,5,0,12
2,2025-12-06,27,6,0,12
2,2025-12-07,24,3,0,12
2,2025-12-08,22,2,0,12
2,2025-12-09,20,2,0,12
2,2025-12-10,19,1,0,12
2,2025-12-11,16,3,0,12
2,2025-12-12,14,2,0,12
2,2025-12-13,13,1,0,12
2,2025-12-14,11,2,0,12
2,2025-12-15,10,1,0,12
2,2025-12-16,3,7,0,12
2,2025-12-17,2,1,0,12
2,2025-12-18,2,0,0,12
2,2025-12-19,0,2,0,12
2,2025-12-20,0,3,1,12
2,2025-12-21,44,3,0,12
2,2025-12-22,42,2,0,12
2,2025-12-23,40,2,0,12
2,2025-12-24,38,2,0,12
2,2025-12-25,38,0,0,12
2,2025-12-26,37,1,0,12
2,2025-12-27,33,4,0,12
2,2025-12-28,31,2,0,12
2,2025-12-29,29,2,0,12
2,2025-12-30,28,1,0,12
2,2025-12-31,28,0,0,12
63,2025-01-01,33,1,0,12
63,2025-01-02,33,0,0,12
63,2025-01-03,32,1,0,12
63,2025-01-04,29,3,0,12
63,2025-01-05,29,0,0,12
63,2025-01-06,29,0,0,12
63,2025-01-07,29,0,0,12
63,2025-01-08,27,2,0,12
63,2025-01-09,27,0,0,12
63,2025-01-10,26,1,0,12
63,2025-01-11,24,2,0,12
63,2025-01-12,24,0,0,12
63,2025-01-13,22,2,0,12
63,2025-01-14,20,2,0,12
63,2025-01-15,20,0,0,12
63,2025-01-16,20,0,0,12
63,2025-01-17,16,4,0,12
63,2025-01-18,14,2,0,12
63,2025-01-19,13,1,0,12
63,2025-01-20,13,0,0,12
63,2025-01-21,6,7,0,12
63,2025-01-22,0,6,0,12
63,2025-01-23,0,2,1,12
63,2025-01-24,0,1,1,12
63,2025-01-25,0,4,1,12
63,2025-01-26,0,2,1,12
63,2025-01-27,0,1,1,12
63,2025-01-28,0,1,1,12
63,2025-01-29,0,1,1,12
63,2025-01-30,0,0,0,12
63,2025-01-31,0,0,0,12
63,2025-02-01,0,0,0,12
63,2025-02-02,0,1,1,12
63,2025-02-03,0,0,0,12
63,2025-02-04,0,1,1,12
63,2025-02-05,0,2,1,12
63,2025-02-06,0,2,1,12
63,2025-02-07,0,2,1,12
63,2025-02-08,0,0,0,12
63,2025-02-09,0,0,0,12
63,2025-02-10,46,0,0,12
63,2025-02-11,46,0,0,12
63,2025-02-12,46,0,0,12
63,2025-02-13,44,2,0,12
63,2025-02-14,44,0,0,12
63,2025-02-15,44,0,0,12
63,2025-02-16,44,0,0,12
63,2025-02-17,44,0,0,12
63,2025-02-18,44,0,0,12
63,2025-02-19,44,0,0,12
63,2025-02-20,44,0,0,12
63,2025-02-21,40,4,0,12
63,2025-02-22,38,2,0,12
63,2025-02-23,38,0,0,12
63,2025-02-24,38,0,0,12
63,2025-02-25,37,1,0,12
63,2025-02-26,37,0,0,12
63,2025-02-27,35,2,0,12
63,2025-02-28,34,1,0,12
63,2025-03-01,33,1,0,12
63,2025-03-02,31,2,0,12
63,2025-03-03,30,1,0,12
63,2025-03-04,24,6,0,12
63,2025-03-05,24,0,0,12
63,2025-03-06,22,2,0,12
63,2025-03-07,22,0,0,12
63,2025-03-08,20,2,0,12
63,2025-03-09,20,0,0,12
63,2025-03-10,18,2,0,12
63,2025-03-11,17,1,0,12
63,2025-03-12,14,3,0,12
63,2025-03-13,13,1,0,12
63,2025-03-14,12,1,0,12
63,2025-03-15,9,3,0,12
63,2025-03-16,9,0,0,12
63,2025-03-17,8,1,0,12
63,2025-03-18,6,2,0,12
63,2025-03-19,5,1,0,12
63,2025-03-20,5,0,0,12
63,2025-03-21,50,1,0,12
63,2025-03-22,46,4,0,12
63,2025-03-23,46,0,0,12
63,2025-03-24,45,1,0,12
63,2025-03-25,45,0,0,12
63,2025-03-26,39,6,0,12
63,2025-03-27,39,0,0,12
63,2025-03-28,38,1,0,12
63,2025-03-29,36,2,0,12
63,2025-03-30,36,0,0,12
63,2025-03-31,35,1,0,12
63,2025-04-01,31,4,0,12
63,2025-04-02,31,0,0,12
63,2025-04-03,26,5,0,12
63,2025-04-04,25,1,0,12
63,2025-04-05,25,0,0,12
63,2025-04-06,24,1,0,12
63,2025-04-07,23,1,0,12
63,2025-04-08,22,1,0,12
63,2025-04-09,21,1,0,12
63,2025-04-10,17,4,0,12
63,2025-04-11,16,1,0,12
63,2025-04-12,10,6,0,12
63,2025-04-13,10,0,0,12
63,2025-04-14,7,3,0,12
63,2025-04-15,6,1,0,12
63,2025-04-16,6,0,0,12
63,2025-04-17,6,0,0,12
63,2025-04-18,6,0,0,12
63,2025-04-19,5,1,0,12
63,2025-04-20,5,0,0,12
63,2025-04-21,3,2,0,12
63,2025-04-22,49,0,0,12
63,2025-04-23,48,1,0,12
63,2025-04-24,46,2,0,12
63,2025-04-25,45,1,0,12
63,2025-04-26,41,4,0,12
63,2025-04-27,41,0,0,12
63,2025-04-28,41,0,0,12
63,2025-04-29,39,2,0,12
63,2025-04-30,38,1,0,12
63,2025-05-01,34,4,0,12
63,2025-05-02,31,3,0,12
63,2025-05-03,30,1,0,12
63,2025-05-04,30,0,0,12
63,2025-05-05,30,0,0,12
63,2025-05-06,30,0,0,12
63,2025-05-07,28,2,0,12
63,2025-05-08,25,3,0,12
63,2025-05-09,24,1,0,12
63,2025-05-10,24,0,0,12
63,2025-05-11,24,0,0,12
63,2025-05-12,21,3,0,12
63,2025-05-13,21,0,0,12
63,2025-05-14,19,2,0,12
63,2025-05-15,18,1,0,12
63,2025-05-16,16,2,0,12
63,2025-05-17,14,2,0,12
63,2025-05-18,14,0,0,12
63,2025-05-19,12,2,0,12
63,2025-05-20,12,0,0,12
63,2025-05-21,9,3,0,12
63,2025-05-22,8,1,0,12
63,2025-05-23,8,0,0,12
63,2025-05-24,3,5,0,12
63,2025-05-25,2,1,0,12
63,2025-05-26,2,0,0,12
63,2025-05-27,1,1,0,12
63,2025-05-28,0,1,0,12
63,2025-05-29,44,2,0,12
63,2025-05-30,43,1,0,12
63,2025-05-31,42,1,0,12
63,2025-06-01,42,0,0,12
63,2025-06-02,40,2,0,12
63,2025-06-03,40,0,0,12
63,2025-06-04,40,0,0,12
63,2025-06-05,40,0,0,12
63,2025-06-06,40,0,0,12
63,2025-06-07,40,0,0,12
63,2025-06-08,34,6,0,12
63,2025-06-09,34,0,0,12
63,2025-06-10,34,0,0,12
63,2025-06-11,32,2,0,12
63,2025-06-12,32,0,0,12
63,2025-06-13,31,1,0,12
63,2025-06-14,30,1,0,12
63,2025-06-15,29,1,0,12
63,2025-06-16,27,2,0,12
63,2025-06-17,27,0,0,12
63,2025-06-18,27,0,0,12
63,2025-06-19,27,0,0,12
63,2025-06-20,27,0,0,12
63,2025-06-21,23,4,0,12
63,2025-06-22,21,2,0,12
63,2025-06-23,20,1,0,12
63,2025-06-24,14,6,0,12
63,2025-06-25,12,2,0,12
63,2025-06-26,12,0,0,12
63,2025-06-27,12,0,0,12
63,2025-06-28,12,0,0,12
63,2025-06-29,11,1,0,12
63,2025-06-30,9,2,0,12
63,2025-07-01,8,1,0,12
63,2025-07-02,7,1,0,12
63,2025-07-03,7,0,0,12
63,2025-07-04,3,4,0,12
63,2025-07-05,45,4,0,12
63,2025-07-06,44,1,0,12
63,2025-07-07,43,1,0,12
63,2025-07-08,42,1,0,12
63,2025-07-09,41,1,0,12
63,2025-07-10,40,1,0,12
63,2025-07-11,39,1,0,12
63,2025-07-12,39,0,0,12
63,2025-07-13,38,1,0,12
63,2025-07-14,38,0,0,12
63,2025-07-15,38,0,0,12
63,2025-07-16,38,0,0,12
63,2025-07-17,37,1,0,12
63,2025-07-18,36,1,0,12
63,2025-07-19,36,0,0,12
63,2025-07-20,36,0,0,12
63,2025-07-21,36,0,0,12
63,2025-07-22,34,2,0,12
63,2025-07-23,34,0,0,12
63,2025-07-24,33,1,0,12
63,2025-07-25,33,0,0,12
63,2025-07-26,33,0,0,12
63,2025-07-27,29,4,0,12
63,2025-07-28,29,0,0,12
63,2025-07-29,28,1,0,12
63,2025-07-30,26,2,0,12
63,2025-07-31,26,0,0,12
63,2025-08-01,26,0,0,12
63,2025-08-02,25,1,0,12
63,2025-08-03,25,0,0,12
63,2025-08-04,25,0,0,12
63,2025-08-05,25,0,0,12
63,2025-08-06,24,1,0,12
63,2025-08-07,24,0,0,12
63,2025-08-08,23,1,0,12
63,2025-08-09,22,1,0,12
63,2025-08-10,22,0,0,12
63,2025-08-11,21,1,0,12
63,2025-08-12,19,2,0,12
63,2025-08-13,19,0,0,12
63,2025-08-14,18,1,0,12
63,2025-08-15,17,1,0,12
63,2025-08-16,15,2,0,12
63,2025-08-17,15,0,0,12
63,2025-08-18,13,2,0,12
63,2025-08-19,13,0,0,12
63,2025-08-20,13,0,0,12
63,2025-08-21,11,2,0,12
63,2025-08-22,11,0,0,12
63,2025-08-23,10,1,0,12
63,2025-08-24,10,0,0,12
63,2025-08-25,8,2,0,12
63,2025-08-26,7,1,0,12
63,2025-08-27,4,3,0,12
63,2025-08-28,3,1,0,12
63,2025-08-29,3,0,0,12
63,2025-08-30,3,0,0,12
63,2025-08-31,3,0,0,12
63,2025-09-01,1,2,0,12
63,2025-09-02,0,1,0,12
63,2025-09-03,0,1,1,12
63,2025-09-04,41,5,0,12
63,2025-09-05,39,2,0,12
63,2025-09-06,36,3,0,12
63,2025-09-07,34,2,0,12
63,2025-09-08,32,2,0,12
63,2025-09-09,31,1,0,12
63,2025-09-10,26,5,0,12
63,2025-09-11,25,1,0,12
63,2025-09-12,22,3,0,12
63,2025-09-13,17,5,0,12
63,2025-09-14,14,3,0,12
63,2025-09-15,12,2,0,12
63,2025-09-16,11,1,0,12
63,2025-09-17,7,4,0,12
63,2025-09-18,3,4,0,12
63,2025-09-19,3,0,0,12
63,2025-09-20,0,3,0,12
63,2025-09-21,0,1,1,12
63,2025-09-22,45,1,0,12
63,2025-09-23,42,3,0,12
63,2025-09-24,39,3,0,12
63,2025-09-25,34,5,0,12
63,2025-09-26,29,5,0,12
63,2025-09-27,28,1,0,12
63,2025-09-28,28,0,0,12
63,2025-09-29,26,2,0,12
63,2025-09-30,23,3,0,12
63,2025-10-01,21,2,0,12
63,2025-10-02,19,2,0,12
63,2025-10-03,19,0,0,12
63,2025-10-04,18,1,0,12
63,2025-10-05,18,0,0,12
63,2025-10-06,18,0,0,12
63,2025-10-07,18,0,0,12
63,2025-10-08,18,0,0,12
63,2025-10-09,17,1,0,12
63,2025-10-10,17,0,0,12
63,2025-10-11,16,1,0,12
63,2025-10-12,15,1,0,12
63,2025-10-13,14,1,0,12
63,2025-10-14,13,1,0,12
63,2025-10-15,13,0,0,12
63,2025-10-16,13,0,0,12
63,2025-10-17,13,0,0,12
63,2025-10-18,10,3,0,12
63,2025-10-19,9,1,0,12
63,2025-10-20,9,0,0,12
63,2025-10-21,9,0,0,12
63,2025-10-22,9,0,0,12
63,2025-10-23,5,4,0,12
63,2025-10-24,5,0,0,12
63,2025-10-25,5,0,0,12
63,2025-10-26,5,0,0,12
63,2025-10-27,4,1,0,12
63,2025-10-28,50,0,0,12
63,2025-10-29,48,2,0,12
63,2025-10-30,48,0,0,12
63,2025-10-31,48,0,0,12
63,2025-11-01,47,1,0,12
63,2025-11-02,47,0,0,12
63,2025-11-03,44,3,0,12
63,2025-11-04,41,3,0,12
63,2025-11-05,40,1,0,12
63,2025-11-06,39,1,0,12
63,2025-11-07,38,1,0,12
63,2025-11-08,35,3,0,12
63,2025-11-09,34,1,0,12
63,2025-11-10,32,2,0,12
63,2025-11-11,30,2,0,12
63,2025-11-12,29,1,0,12
63,2025-11-13,28,1,0,12
63,2025-11-14,27,1,0,12
63,2025-11-15,24,3,0,12
63,2025-11-16,21,3,0,12
63,2025-11-17,16,5,0,12
63,2025-11-18,14,2,0,12
63,2025-11-19,13,1,0,12
63,2025-11-20,12,1,0,12
63,2025-11-21,9,3,0,12
63,2025-11-22,6,3,0,12
63,2025-11-23,6,0,0,12
63,2025-11-24,3,3,0,12
63,2025-11-25,2,1,0,12
63,2025-11-26,1,1,0,12
63,2025-11-27,1,0,0,12
63,2025-11-28,0,3,1,12
63,2025-11-29,0,7,1,12
63,2025-11-30,0,3,1,12
63,2025-12-01,0,5,1,12
63,2025-12-02,0,1,1,12
63,2025-12-03,0,2,1,12
63,2025-12-04,0,3,1,12
63,2025-12-05,0,1,1,12
63,2025-12-06,0,0,0,12
63,2025-12-07,0,1,1,12
63,2025-12-08,46,0,0,12
63,2025-12-09,46,0,0,12
63,2025-12-10,42,4,0,12
63,2025-12-11,40,2,0,12
63,2025-12-12,38,2,0,12
63,2025-12-13,32,6,0,12
63,2025-12-14,30,2,0,12
63,2025-12-15,28,2,0,12
63,2025-12-16,25,3,0,12
63,2025-12-17,21,4,0,12
63,2025-12-18,18,3,0,12
63,2025-12-19,18,0,0,12
63,2025-12-20,16,2,0,12
63,2025-12-21,14,2,0,12
63,2025-12-22,12,2,0,12
63,2025-12-23,7,5,0,12
63,2025-12-24,3,4,0,12
63,2025-12-25,2,1,0,12
63,2025-12-26,0,2,0,12
63,2025-12-27,0,6,1,12
63,2025-12-28,0,4,1,12
63,2025-12-29,0,0,0,12
63,2025-12-30,0,1,1,12
63,2025-12-31,0,0,0,12
61,2025-01-01,32,2,0,12
61,2025-01-02,31,1,0,12
61,2025-01-03,31,0,0,12
61,2025-01-04,30,1,0,12
61,2025-01-05,30,0,0,12
61,2025-01-06,29,1,0,12
61,2025-01-07,28,1,0,12
61,2025-01-08,26,2,0,12
61,2025-01-09,26,0,0,12
61,2025-01-10,24,2,0,12
61,2025-01-11,23,1,0,12
61,2025-01-12,23,0,0,12
61,2025-01-13,21,2,0,12
61,2025-01-14,21,0,0,12
61,2025-01-15,21,0,0,12
61,2025-01-16,21,0,0,12
61,2025-01-17,19,2,0,12
61,2025-01-18,17,2,0,12
61,2025-01-19,17,0,0,12
61,2025-01-20,17,0,0,12
61,2025-01-21,17,0,0,12
61,2025-01-22,16,1,0,12
61,2025-01-23,16,0,0,12
61,2025-01-24,16,0,0,12
61,2025-01-25,13,3,0,12
61,2025-01-26,13,0,0,12
61,2025-01-27,10,3,0,12
61,2025-01-28,10,0,0,12
61,2025-01-29,7,3,0,12
61,2025-01-30,7,0,0,12
61,2025-01-31,5,2,0,12
61,2025-02-01,3,2,0,12
61,2025-02-02,3,0,0,12
61,2025-02-03,2,1,0,12
61,2025-02-04,0,3,1,12
61,2025-02-05,0,1,1,12
61,2025-02-06,0,2,1,12
61,2025-02-07,0,1,1,12
61,2025-02-08,0,0,0,12
61,2025-02-09,0,0,0,12
61,2025-02-10,0,1,1,12
61,2025-02-11,0,1,1,12
61,2025-02-12,46,0,0,12
61,2025-02-13,45,1,0,12
61,2025-02-14,41,4,0,12
61,2025-02-15,38,3,0,12
61,2025-02-16,37,1,0,12
61,2025-02-17,34,3,0,12
61,2025-02-18,33,1,0,12
61,2025-02-19,33,0,0,12
61,2025-02-20,31,2,0,12
61,2025-02-21,31,0,0,12
61,2025-02-22,30,1,0,12
61,2025-02-23,30,0,0,12
61,2025-02-24,28,2,0,12
61,2025-02-25,28,0,0,12
61,2025-02-26,26,2,0,12
61,2025-02-27,25,1,0,12
61,2025-02-28,25,0,0,12
61,2025-03-01,21,4,0,12
61,2025-03-02,20,1,0,12
61,2025-03-03,20,0,0,12
61,2025-03-04,16,4,0,12
61,2025-03-05,13,3,0,12
61,2025-03-06,11,2,0,12
61,2025-03-07,9,2,0,12
61,2025-03-08,8,1,0,12
61,2025-03-09,6,2,0,12
61,2025-03-10,5,1,0,12
61,2025-03-11,5,0,0,12
61,2025-03-12,4,1,0,12
61,2025-03-13,50,0,0,12
61,2025-03-14,49,1,0,12
61,2025-03-15,45,4,0,12
61,2025-03-16,45,0,0,12
61,2025-03-17,43,2,0,12
61,2025-03-18,41,2,0,12
61,2025-03-19,41,0,0,12
61,2025-03-20,40,1,0,12
61,2025-03-21,40,0,0,12
61,2025-03-22,38,2,0,12
61,2025-03-23,38,0,0,12
61,2025-03-24,35,3,0,12
61,2025-03-25,34,1,0,12
61,2025-03-26,33,1,0,12
61,2025-03-27,33,0,0,12
61,2025-03-28,32,1,0,12
61,2025-03-29,28,4,0,12
61,2025-03-30,28,0,0,12
61,2025-03-31,27,1,0,12
61,2025-04-01,25,2,0,12
61,2025-04-02,24,1,0,12
61,2025-04-03,23,1,0,12
61,2025-04-04,23,0,0,12
61,2025-04-05,21,2,0,12
61,2025-04-06,21,0,0,12
61,2025-04-07,19,2,0,12
61,2025-04-08,18,1,0,12
61,2025-04-09,18,0,0,12
61,2025-04-10,16,2,0,12
61,2025-04-11,16,0,0,12
61,2025-04-12,15,1,0,12
61,2025-04-13,15,0,0,12
61,2025-04-14,10,5,0,12
61,2025-04-15,9,1,0,12
61,2025-04-16,8,1,0,12
61,2025-04-17,3,5,0,12
61,2025-04-18,1,2,0,12
61,2025-04-19,0,1,0,12
61,2025-04-20,0,2,1,12
61,2025-04-21,45,1,0,12
61,2025-04-22,45,0,0,12
61,2025-04-23,45,0,0,12
61,2025-04-24,44,1,0,12
61,2025-04-25,44,0,0,12
61,2025-04-26,41,3,0,12
61,2025-04-27,41,0,0,12
61,2025-04-28,41,0,0,12
61,2025-04-29,41,0,0,12
61,2025-04-30,38,3,0,12
61,2025-05-01,37,1,0,12
61,2025-05-02,35,2,0,12
61,2025-05-03,35,0,0,12
61,2025-05-04,34,1,0,12
61,2025-05-05,31,3,0,12
61,2025-05-06,29,2,0,12
61,2025-05-07,28,1,0,12
61,2025-05-08,25,3,0,12
61,2025-05-09,25,0,0,12
61,2025-05-10,22,3,0,12
61,2025-05-11,18,4,0,12
61,2025-05-12,16,2,0,12
61,2025-05-13,13,3,0,12
61,2025-05-14,13,0,0,12
61,2025-05-15,12,1,0,12
61,2025-05-16,10,2,0,12
61,2025-05-17,10,0,0,12
61,2025-05-18,10,0,0,12
61,2025-05-19,9,1,0,12
61,2025-05-20,8,1,0,12
61,2025-05-21,7,1,0,12
61,2025-05-22,5,2,0,12
61,2025-05-23,4,1,0,12
61,2025-05-24,4,0,0,12
61,2025-05-25,3,1,0,12
61,2025-05-26,0,3,0,12
61,2025-05-27,0,2,1,12
61,2025-05-28,0,3,1,12
61,2025-05-29,45,1,0,12
61,2025-05-30,44,1,0,12
61,2025-05-31,43,1,0,12
61,2025-06-01,43,0,0,12
61,2025-06-02,43,0,0,12
61,2025-06-03,42,1,0,12
61,2025-06-04,39,3,0,12
61,2025-06-05,32,7,0,12
61,2025-06-06,32,0,0,12
61,2025-06-07,29,3,0,12
61,2025-06-08,28,1,0,12
61,2025-06-09,27,1,0,12
61,2025-06-10,23,4,0,12
61,2025-06-11,22,1,0,12
61,2025-06-12,22,0,0,12
61,2025-06-13,22,0,0,12
61,2025-06-14,21,1,0,12
61,2025-06-15,20,1,0,12
61,2025-06-16,20,0,0,12
61,2025-06-17,19,1,0,12
61,2025-06-18,19,0,0,12
61,2025-06-19,19,0,0,12
61,2025-06-20,19,0,0,12
61,2025-06-21,18,1,0,12
61,2025-06-22,17,1,0,12
61,2025-06-23,17,0,0,12
61,2025-06-24,14,3,0,12
61,2025-06-25,12,2,0,12
61,2025-06-26,10,2,0,12
61,2025-06-27,8,2,0,12
61,2025-06-28,5,3,0,12
61,2025-06-29,3,2,0,12
61,2025-06-30,2,1,0,12
61,2025-07-01,1,1,0,12
61,2025-07-02,1,0,0,12
61,2025-07-03,1,0,0,12
61,2025-07-04,0,1,0,12
61,2025-07-05,45,1,0,12
61,2025-07-06,44,1,0,12
61,2025-07-07,44,0,0,12
61,2025-07-08,44,0,0,12
61,2025-07-09,44,0,0,12
61,2025-07-10,43,1,0,12
61,2025-07-11,43,0,0,12
61,2025-07-12,43,0,0,12
61,2025-07-13,41,2,0,12
61,2025-07-14,40,1,0,12
61,2025-07-15,40,0,0,12
61,2025-07-16,38,2,0,12
61,2025-07-17,37,1,0,12
61,2025-07-18,37,0,0,12
61,2025-07-19,36,1,0,12
61,2025-07-20,36,0,0,12
61,2025-07-21,34,2,0,12
61,2025-07-22,34,0,0,12
61,2025-07-23,34,0,0,12
61,2025-07-24,34,0,0,12
61,2025-07-25,33,1,0,12
61,2025-07-26,31,2,0,12
61,2025-07-27,31,0,0,12
61,2025-07-28,31,0,0,12
61,2025-07-29,30,1,0,12
61,2025-07-30,29,1,0,12
61,2025-07-31,27,2,0,12
61,2025-08-01,27,0,0,12
61,2025-08-02,27,0,0,12
61,2025-08-03,26,1,0,12
61,2025-08-04,23,3,0,12
61,2025-08-05,22,1,0,12
61,2025-08-06,21,1,0,12
61,2025-08-07,18,3,0,12
61,2025-08-08,17,1,0,12
61,2025-08-09,15,2,0,12
61,2025-08-10,13,2,0,12
61,2025-08-11,9,4,0,12
61,2025-08-12,8,1,0,12
61,2025-08-13,8,0,0,12
61,2025-08-14,7,1,0,12
61,2025-08-15,7,0,0,12
61,2025-08-16,6,1,0,12
61,2025-08-17,6,0,0,12
61,2025-08-18,4,2,0,12
61,2025-08-19,4,0,0,12
61,2025-08-20,3,1,0,12
61,2025-08-21,48,1,0,12
61,2025-08-22,48,0,0,12
61,2025-08-23,48,0,0,12
61,2025-08-24,48,0,0,12
61,2025-08-25,48,0,0,12
61,2025-08-26,48,0,0,12
61,2025-08-27,46,2,0,12
61,2025-08-28,45,1,0,12
61,2025-08-29,45,0,0,12
61,2025-08-30,45,0,0,12
61,2025-08-31,44,1,0,12
61,2025-09-01,43,1,0,12
61,2025-09-02,42,1,0,12
61,2025-09-03,42,0,0,12
61,2025-09-04,41,1,0,12
61,2025-09-05,39,2,0,12
61,2025-09-06,37,2,0,12
61,2025-09-07,34,3,0,12
61,2025-09-08,32,2,0,12
61,2025-09-09,30,2,0,12
61,2025-09-10,30,0,0,12
61,2025-09-11,28,2,0,12
61,2025-09-12,27,1,0,12
61,2025-09-13,24,3,0,12
61,2025-09-14,24,0,0,12
61,2025-09-15,21,3,0,12
61,2025-09-16,16,5,0,12
61,2025-09-17,15,1,0,12
61,2025-09-18,11,4,0,12
61,2025-09-19,9,2,0,12
61,2025-09-20,6,3,0,12
61,2025-09-21,5,1,0,12
61,2025-09-22,4,1,0,12
61,2025-09-23,3,1,0,12
61,2025-09-24,0,7,1,12
61,2025-09-25,0,8,1,12
61,2025-09-26,0,2,1,12
61,2025-09-27,0,2,1,12
61,2025-09-28,0,0,0,12
61,2025-09-29,0,4,1,12
61,2025-09-30,0,0,0,12
61,2025-10-01,0,2,1,12
61,2025-10-02,44,2,0,12
61,2025-10-03,43,1,0,12
61,2025-10-04,42,1,0,12
61,2025-10-05,42,0,0,12
61,2025-10-06,40,2,0,12
61,2025-10-07,40,0,0,12
61,2025-10-08,39,1,0,12
61,2025-10-09,38,1,0,12
61,2025-10-10,38,0,0,12
61,2025-10-11,36,2,0,12
61,2025-10-12,35,1,0,12
61,2025-10-13,35,0,0,12
61,2025-10-14,32,3,0,12
61,2025-10-15,32,0,0,12
61,2025-10-16,31,1,0,12
61,2025-10-17,31,0,0,12
61,2025-10-18,29,2,0,12
61,2025-10-19,29,0,0,12
61,2025-10-20,28,1,0,12
61,2025-10-21,27,1,0,12
61,2025-10-22,26,1,0,12
61,2025-10-23,25,1,0,12
61,2025-10-24,24,1,0,12
61,2025-10-25,23,1,0,12
61,2025-10-26,22,1,0,12
61,2025-10-27,20,2,0,12
61,2025-10-28,17,3,0,12
61,2025-10-29,14,3,0,12
61,2025-10-30,11,3,0,12
61,2025-10-31,8,3,0,12
61,2025-11-01,6,2,0,12
61,2025-11-02,6,0,0,12
61,2025-11-03,5,1,0,12
61,2025-11-04,5,0,0,12
61,2025-11-05,5,0,0,12
61,2025-11-06,1,4,0,12
61,2025-11-07,0,3,1,12
61,2025-11-08,0,3,1,12
61,2025-11-09,0,2,1,12
61,2025-11-10,0,0,0,12
61,2025-11-11,0,1,1,12
61,2025-11-12,0,0,0,12
61,2025-11-13,0,0,0,12
61,2025-11-14,0,0,0,12
61,2025-11-15,42,4,0,12
61,2025-11-16,42,0,0,12
61,2025-11-17,41,1,0,12
61,2025-11-18,34,7,0,12
61,2025-11-19,32,2,0,12
61,2025-11-20,32,0,0,12
61,2025-11-21,30,2,0,12
61,2025-11-22,27,3,0,12
61,2025-11-23,27,0,0,12
61,2025-11-24,24,3,0,12
61,2025-11-25,23,1,0,12
61,2025-11-26,21,2,0,12
61,2025-11-27,17,4,0,12
61,2025-11-28,14,3,0,12
61,2025-11-29,13,1,0,12
61,2025-11-30,11,2,0,12
61,2025-12-01,9,2,0,12
61,2025-12-02,7,2,0,12
61,2025-12-03,6,1,0,12
61,2025-12-04,6,0,0,12
61,2025-12-05,4,2,0,12
61,2025-12-06,3,1,0,12
61,2025-12-07,2,1,0,12
61,2025-12-08,0,4,1,12
61,2025-12-09,0,3,1,12
61,2025-12-10,0,4,1,12
61,2025-12-11,0,4,1,12
61,2025-12-12,0,4,1,12
61,2025-12-13,0,3,1,12
61,2025-12-14,46,0,0,12
61,2025-12-15,45,1,0,12
61,2025-12-16,45,0,0,12
61,2025-12-17,40,5,0,12
61,2025-12-18,38,2,0,12
61,2025-12-19,35,3,0,12
61,2025-12-20,31,4,0,12
61,2025-12-21,28,3,0,12
61,2025-12-22,25,3,0,12
61,2025-12-23,20,5,0,12
61,2025-12-24,19,1,0,12
61,2025-12-25,18,1,0,12
61,2025-12-26,15,3,0,12
61,2025-12-27,13,2,0,12
61,2025-12-28,10,3,0,12
61,2025-12-29,10,0,0,12
61,2025-12-30,8,2,0,12
61,2025-12-31,6,2,0,12
62,2025-01-01,32,1,0,12
62,2025-01-02,31,1,0,12
62,2025-01-03,31,0,0,12
62,2025-01-04,30,1,0,12
62,2025-01-05,30,0,0,12
62,2025-01-06,29,1,0,12
62,2025-01-07,28,1,0,12
62,2025-01-08,27,1,0,12
62,2025-01-09,26,1,0,12
62,2025-01-10,22,4,0,12
62,2025-01-11,18,4,0,12
62,2025-01-12,18,0,0,12
62,2025-01-13,15,3,0,12
62,2025-01-14,15,0,0,12
62,2025-01-15,15,0,0,12
62,2025-01-16,13,2,0,12
62,2025-01-17,11,2,0,12
62,2025-01-18,10,1,0,12
62,2025-01-19,9,1,0,12
62,2025-01-20,7,2,0,12
62,2025-01-21,5,2,0,12
62,2025-01-22,4,1,0,12
62,2025-01-23,3,1,0,12
62,2025-01-24,0,3,0,12
62,2025-01-25,0,3,1,12
62,2025-01-26,0,0,0,12
62,2025-01-27,0,2,1,12
62,2025-01-28,0,2,1,12
62,2025-01-29,0,0,0,12
62,2025-01-30,0,5,1,12
62,2025-01-31,0,0,0,12
62,2025-02-01,0,0,0,12
62,2025-02-02,0,0,0,12
62,2025-02-03,0,2,1,12
62,2025-02-04,43,2,0,12
62,2025-02-05,43,0,0,12
62,2025-02-06,43,0,0,12
62,2025-02-07,42,1,0,12
62,2025-02-08,41,1,0,12
62,2025-02-09,41,0,0,12
62,2025-02-10,41,0,0,12
62,2025-02-11,41,0,0,12
62,2025-02-12,40,1,0,12
62,2025-02-13,37,3,0,12
62,2025-02-14,33,4,0,12
62,2025-02-15,31,2,0,12
62,2025-02-16,28,3,0,12
62,2025-02-17,28,0,0,12
62,2025-02-18,28,0,0,12
62,2025-02-19,26,2,0,12
62,2025-02-20,26,0,0,12
62,2025-02-21,24,2,0,12
62,2025-02-22,23,1,0,12
62,2025-02-23,22,1,0,12
62,2025-02-24,20,2,0,12
62,2025-02-25,17,3,0,12
62,2025-02-26,14,3,0,12
62,2025-02-27,13,1,0,12
62,2025-02-28,12,1,0,12
62,2025-03-01,11,1,0,12
62,2025-03-02,10,1,0,12
62,2025-03-03,10,0,0,12
62,2025-03-04,9,1,0,12
62,2025-03-05,7,2,0,12
62,2025-03-06,7,0,0,12
62,2025-03-07,7,0,0,12
62,2025-03-08,7,0,0,12
62,2025-03-09,7,0,0,12
62,2025-03-10,50,2,0,12
62,2025-03-11,50,0,0,12
62,2025-03-12,50,0,0,12
62,2025-03-13,50,0,0,12
62,2025-03-14,46,4,0,12
62,2025-03-15,43,3,0,12
62,2025-03-16,43,0,0,12
62,2025-03-17,41,2,0,12
62,2025-03-18,41,0,0,12
62,2025-03-19,40,1,0,12
62,2025-03-20,38,2,0,12
62,2025-03-21,38,0,0,12
62,2025-03-22,37,1,0,12
62,2025-03-23,37,0,0,12
62,2025-03-24,37,0,0,12
62,2025-03-25,37,0,0,12
62,2025-03-26,37,0,0,12
62,2025-03-27,35,2,0,12
62,2025-03-28,35,0,0,12
62,2025-03-29,31,4,0,12
62,2025-03-30,31,0,0,12
62,2025-03-31,31,0,0,12
62,2025-04-01,30,1,0,12
62,2025-04-02,29,1,0,12
62,2025-04-03,29,0,0,12
62,2025-04-04,27,2,0,12
62,2025-04-05,27,0,0,12
62,2025-04-06,26,1,0,12
62,2025-04-07,26,0,0,12
62,2025-04-08,24,2,0,12
62,2025-04-09,22,2,0,12
62,2025-04-10,17,5,0,12
62,2025-04-11,17,0,0,12
62,2025-04-12,15,2,0,12
62,2025-04-13,15,0,0,12
62,2025-04-14,12,3,0,12
62,2025-04-15,12,0,0,12
62,2025-04-16,10,2,0,12
62,2025-04-17,10,0,0,12
62,2025-04-18,7,3,0,12
62,2025-04-19,3,4,0,12
62,2025-04-20,2,1,0,12
62,2025-04-21,0,3,1,12
62,2025-04-22,0,2,1,12
62,2025-04-23,0,0,0,12
62,2025-04-24,0,2,1,12
62,2025-04-25,0,1,1,12
62,2025-04-26,0,1,1,12
62,2025-04-27,0,2,1,12
62,2025-04-28,44,1,0,12
62,2025-04-29,42,2,0,12
62,2025-04-30,41,1,0,12
62,2025-05-01,39,2,0,12
62,2025-05-02,38,1,0,12
62,2025-05-03,38,0,0,12
62,2025-05-04,38,0,0,12
62,2025-05-05,38,0,0,12
62,2025-05-06,36,2,0,12
62,2025-05-07,36,0,0,12
62,2025-05-08,34,2,0,12
62,2025-05-09,31,3,0,12
62,2025-05-10,28,3,0,12
62,2025-05-11,28,0,0,12
62,2025-05-12,27,1,0,12
62,2025-05-13,27,0,0,12
62,2025-05-14,25,2,0,12
62,2025-05-15,25,0,0,12
62,2025-05-16,23,2,0,12
62,2025-05-17,22,1,0,12
62,2025-05-18,21,1,0,12
62,2025-05-19,21,0,0,12
62,2025-05-20,20,1,0,12
62,2025-05-21,19,1,0,12
62,2025-05-22,19,0,0,12
62,2025-05-23,19,0,0,12
62,2025-05-24,19,0,0,12
62,2025-05-25,17,2,0,12
62,2025-05-26,16,1,0,12
62,2025-05-27,16,0,0,12
62,2025-05-28,15,1,0,12
62,2025-05-29,13,2,0,12
62,2025-05-30,13,0,0,12
62,2025-05-31,11,2,0,12
62,2025-06-01,11,0,0,12
62,2025-06-02,10,1,0,12
62,2025-06-03,8,2,0,12
62,2025-06-04,3,5,0,12
62,2025-06-05,3,0,0,12
62,2025-06-06,0,3,0,12
62,2025-06-07,0,2,1,12
62,2025-06-08,0,1,1,12
62,2025-06-09,0,1,1,12
62,2025-06-10,43,2,0,12
62,2025-06-11,42,1,0,12
62,2025-06-12,42,0,0,12
62,2025-06-13,41,1,0,12
62,2025-06-14,40,1,0,12
62,2025-06-15,40,0,0,12
62,2025-06-16,38,2,0,12
62,2025-06-17,37,1,0,12
62,2025-06-18,36,1,0,12
62,2025-06-19,36,0,0,12
62,2025-06-20,34,2,0,12
62,2025-06-21,33,1,0,12
62,2025-06-22,31,2,0,12
62,2025-06-23,31,0,0,12
62,2025-06-24,30,1,0,12
62,2025-06-25,29,1,0,12
62,2025-06-26,27,2,0,12
62,2025-06-27,24,3,0,12
62,2025-06-28,23,1,0,12
62,2025-06-29,23,0,0,12
62,2025-06-30,22,1,0,12
62,2025-07-01,22,0,0,12
62,2025-07-02,22,0,0,12
62,2025-07-03,22,0,0,12
62,2025-07-04,20,2,0,12
62,2025-07-05,16,4,0,12
62,2025-07-06,15,1,0,12
62,2025-07-07,12,3,0,12
62,2025-07-08,12,0,0,12
62,2025-07-09,12,0,0,12
62,2025-07-10,12,0,0,12
62,2025-07-11,11,1,0,12
62,2025-07-12,5,6,0,12
62,2025-07-13,4,1,0,12
62,2025-07-14,49,0,0,12
62,2025-07-15,48,1,0,12
62,2025-07-16,46,2,0,12
62,2025-07-17,46,0,0,12
62,2025-07-18,46,0,0,12
62,2025-07-19,46,0,0,12
62,2025-07-20,44,2,0,12
62,2025-07-21,41,3,0,12
62,2025-07-22,40,1,0,12
62,2025-07-23,38,2,0,12
62,2025-07-24,37,1,0,12
62,2025-07-25,36,1,0,12
62,2025-07-26,36,0,0,12
62,2025-07-27,35,1,0,12
62,2025-07-28,34,1,0,12
62,2025-07-29,33,1,0,12
62,2025-07-30,33,0,0,12
62,2025-07-31,33,0,0,12
62,2025-08-01,33,0,0,12
62,2025-08-02,33,0,0,12
62,2025-08-03,32,1,0,12
62,2025-08-04,32,0,0,12
62,2025-08-05,32,0,0,12
62,2025-08-06,32,0,0,12
62,2025-08-07,31,1,0,12
62,2025-08-08,31,0,0,12
62,2025-08-09,29,2,0,12
62,2025-08-10,26,3,0,12
62,2025-08-11,25,1,0,12
62,2025-08-12,23,2,0,12
62,2025-08-13,23,0,0,12
62,2025-08-14,23,0,0,12
62,2025-08-15,23,0,0,12
62,2025-08-16,20,3,0,12
62,2025-08-17,20,0,0,12
62,2025-08-18,19,1,0,12
62,2025-08-19,17,2,0,12
62,2025-08-20,17,0,0,12
62,2025-08-21,16,1,0,12
62,2025-08-22,14,2,0,12
62,2025-08-23,13,1,0,12
62,2025-08-24,13,0,0,12
62,2025-08-25,11,2,0,12
62,2025-08-26,9,2,0,12
62,2025-08-27,9,0,0,12
62,2025-08-28,8,1,0,12
62,2025-08-29,8,0,0,12
62,2025-08-30,4,4,0,12
62,2025-08-31,3,1,0,12
62,2025-09-01,0,3,0,12
62,2025-09-02,0,3,1,12
62,2025-09-03,0,1,1,12
62,2025-09-04,45,0,0,12
62,2025-09-05,40,5,0,12
62,2025-09-06,39,1,0,12
62,2025-09-07,39,0,0,12
62,2025-09-08,37,2,0,12
62,2025-09-09,36,1,0,12
62,2025-09-10,36,0,0,12
62,2025-09-11,36,0,0,12
62,2025-09-12,35,1,0,12
62,2025-09-13,32,3,0,12
62,2025-09-14,32,0,0,12
62,2025-09-15,32,0,0,12
62,2025-09-16,32,0,0,12
62,2025-09-17,32,0,0,12
62,2025-09-18,32,0,0,12
62,2025-09-19,29,3,0,12
62,2025-09-20,27,2,0,12
62,2025-09-21,26,1,0,12
62,2025-09-22,25,1,0,12
62,2025-09-23,25,0,0,12
62,2025-09-24,22,3,0,12
62,2025-09-25,21,1,0,12
62,2025-09-26,13,8,0,12
62,2025-09-27,8,5,0,12
62,2025-09-28,6,2,0,12
62,2025-09-29,6,0,0,12
62,2025-09-30,6,0,0,12
62,2025-10-01,4,2,0,12
62,2025-10-02,4,0,0,12
62,2025-10-03,2,2,0,12
62,2025-10-04,44,3,0,12
62,2025-10-05,43,1,0,12
62,2025-10-06,40,3,0,12
62,2025-10-07,40,0,0,12
62,2025-10-08,40,0,0,12
62,2025-10-09,39,1,0,12
62,2025-10-10,36,3,0,12
62,2025-10-11,35,1,0,12
62,2025-10-12,35,0,0,12
62,2025-10-13,35,0,0,12
62,2025-10-14,33,2,0,12
62,2025-10-15,33,0,0,12
62,2025-10-16,33,0,0,12
62,2025-10-17,29,4,0,12
62,2025-10-18,28,1,0,12
62,2025-10-19,28,0,0,12
62,2025-10-20,27,1,0,12
62,2025-10-21,27,0,0,12
62,2025-10-22,26,1,0,12
62,2025-10-23,26,0,0,12
62,2025-10-24,24,2,0,12
62,2025-10-25,22,2,0,12
62,2025-10-26,22,0,0,12
62,2025-10-27,22,0,0,12
62,2025-10-28,22,0,0,12
62,2025-10-29,20,2,0,12
62,2025-10-30,20,0,0,12
62,2025-10-31,19,1,0,12
62,2025-11-01,18,1,0,12
62,2025-11-02,16,2,0,12
62,2025-11-03,13,3,0,12
62,2025-11-04,10,3,0,12
62,2025-11-05,10,0,0,12
62,2025-11-06,10,0,0,12
62,2025-11-07,10,0,0,12
62,2025-11-08,7,3,0,12
62,2025-11-09,7,0,0,12
62,2025-11-10,5,2,0,12
62,2025-11-11,2,3,0,12
62,2025-11-12,0,6,1,12
62,2025-11-13,0,2,1,12
62,2025-11-14,44,1,0,12
62,2025-11-15,41,3,0,12
62,2025-11-16,40,1,0,12
62,2025-11-17,38,2,0,12
62,2025-11-18,35,3,0,12
62,2025-11-19,34,1,0,12
62,2025-11-20,31,3,0,12
62,2025-11-21,22,9,0,12
62,2025-11-22,16,6,0,12
62,2025-11-23,16,0,0,12
62,2025-11-24,15,1,0,12
62,2025-11-25,14,1,0,12
62,2025-11-26,12,2,0,12
62,2025-11-27,9,3,0,12
62,2025-11-28,7,2,0,12
62,2025-11-29,4,3,0,12
62,2025-11-30,0,4,0,12
62,2025-12-01,0,2,1,12
62,2025-12-02,0,4,1,12
62,2025-12-03,42,3,0,12
62,2025-12-04,41,1,0,12
62,2025-12-05,39,2,0,12
62,2025-12-06,38,1,0,12
62,2025-12-07,38,0,0,12
62,2025-12-08,36,2,0,12
62,2025-12-09,32,4,0,12
62,2025-12-10,31,1,0,12
62,2025-12-11,31,0,0,12
62,2025-12-12,28,3,0,12
62,2025-12-13,24,4,0,12
62,2025-12-14,23,1,0,12
62,2025-12-15,20,3,0,12
62,2025-12-16,20,0,0,12
62,2025-12-17,18,2,0,12
62,2025-12-18,17,1,0,12
62,2025-12-19,10,7,0,12
62,2025-12-20,8,2,0,12
62,2025-12-21,5,3,0,12
62,2025-12-22,5,0,0,12
62,2025-12-23,3,2,0,12
62,2025-12-24,1,2,0,12
62,2025-12-25,0,2,1,12
62,2025-12-26,0,2,1,12
62,2025-12-27,0,6,1,12
62,2025-12-28,0,2,1,12
62,2025-12-29,44,1,0,12
62,2025-12-30,44,0,0,12
62,2025-12-31,44,0,0,12
4,2025-01-01,32,0,0,11
4,2025-01-02,31,1,0,11
4,2025-01-03,30,1,0,11
4,2025-01-04,26,4,0,11
4,2025-01-05,26,0,0,11
4,2025-01-06,26,0,0,11
4,2025-01-07,26,0,0,11
4,2025-01-08,25,1,0,11
4,2025-01-09,24,1,0,11
4,2025-01-10,23,1,0,11
4,2025-01-11,20,3,0,11
4,2025-01-12,19,1,0,11
4,2025-01-13,19,0,0,11
4,2025-01-14,18,1,0,11
4,2025-01-15,17,1,0,11
4,2025-01-16,16,1,0,11
4,2025-01-17,15,1,0,11
4,2025-01-18,12,3,0,11
4,2025-01-19,12,0,0,11
4,2025-01-20,10,2,0,11
4,2025-01-21,9,1,0,11
4,2025-01-22,8,1,0,11
4,2025-01-23,8,0,0,11
4,2025-01-24,8,0,0,11
4,2025-01-25,8,0,0,11
4,2025-01-26,7,1,0,11
4,2025-01-27,47,4,0,11
4,2025-01-28,47,0,0,11
4,2025-01-29,44,3,0,11
4,2025-01-30,44,0,0,11
4,2025-01-31,39,5,0,11
4,2025-02-01,39,0,0,11
4,2025-02-02,39,0,0,11
4,2025-02-03,38,1,0,11
4,2025-02-04,35,3,0,11
4,2025-02-05,34,1,0,11
4,2025-02-06,32,2,0,11
4,2025-02-07,31,1,0,11
4,2025-02-08,27,4,0,11
4,2025-02-09,27,0,0,11
4,2025-02-10,27,0,0,11
4,2025-02-11,27,0,0,11
4,2025-02-12,26,1,0,11
4,2025-02-13,25,1,0,11
4,2025-02-14,25,0,0,11
4,2025-02-15,25,0,0,11
4,2025-02-16,25,0,0,11
4,2025-02-17,25,0,0,11
4,2025-02-18,25,0,0,11
4,2025-02-19,24,1,0,11
4,2025-02-20,24,0,0,11
4,2025-02-21,23,1,0,11
4,2025-02-22,23,0,0,11
4,2025-02-23,22,1,0,11
4,2025-02-24,20,2,0,11
4,2025-02-25,19,1,0,11
4,2025-02-26,19,0,0,11
4,2025-02-27,18,1,0,11
4,2025-02-28,18,0,0,11
4,2025-03-01,14,4,0,11
4,2025-03-02,13,1,0,11
4,2025-03-03,13,0,0,11
4,2025-03-04,11,2,0,11
4,2025-03-05,11,0,0,11
4,2025-03-06,9,2,0,11
4,2025-03-07,7,2,0,11
4,2025-03-08,5,2,0,11
4,2025-03-09,2,3,0,11
4,2025-03-10,2,0,0,11
4,2025-03-11,46,0,0,11
4,2025-03-12,44,2,0,11
4,2025-03-13,44,0,0,11
4,2025-03-14,43,1,0,11
4,2025-03-15,43,0,0,11
4,2025-03-16,42,1,0,11
4,2025-03-17,41,1,0,11
4,2025-03-18,41,0,0,11
4,2025-03-19,40,1,0,11
4,2025-03-20,39,1,0,11
4,2025-03-21,38,1,0,11
4,2025-03-22,37,1,0,11
4,2025-03-23,37,0,0,11
4,2025-03-24,36,1,0,11
4,2025-03-25,35,1,0,11
4,2025-03-26,35,0,0,11
4,2025-03-27,34,1,0,11
4,2025-03-28,32,2,0,11
4,2025-03-29,32,0,0,11
4,2025-03-30,32,0,0,11
4,2025-03-31,32,0,0,11
4,2025-04-01,32,0,0,11
4,2025-04-02,29,3,0,11
4,2025-04-03,27,2,0,11
4,2025-04-04,24,3,0,11
4,2025-04-05,24,0,0,11
4,2025-04-06,23,1,0,11
4,2025-04-07,23,0,0,11
4,2025-04-08,20,3,0,11
4,2025-04-09,19,1,0,11
4,2025-04-10,19,0,0,11
4,2025-04-11,18,1,0,11
4,2025-04-12,18,0,0,11
4,2025-04-13,17,1,0,11
4,2025-04-14,17,0,0,11
4,2025-04-15,15,2,0,11
4,2025-04-16,14,1,0,11
4,2025-04-17,11,3,0,11
4,2025-04-18,9,2,0,11
4,2025-04-19,7,2,0,11
4,2025-04-20,4,3,0,11
4,2025-04-21,4,0,0,11
4,2025-04-22,3,1,0,11
4,2025-04-23,0,4,1,11
4,2025-04-24,0,0,0,11
4,2025-04-25,0,3,1,11
4,2025-04-26,0,1,1,11
4,2025-04-27,0,0,0,11
4,2025-04-28,0,0,0,11
4,2025-04-29,0,0,0,11
4,2025-04-30,0,1,1,11
4,2025-05-01,43,1,0,11
4,2025-05-02,42,1,0,11
4,2025-05-03,42,0,0,11
4,2025-05-04,42,0,0,11
4,2025-05-05,41,1,0,11
4,2025-05-06,40,1,0,11
4,2025-05-07,39,1,0,11
4,2025-05-08,39,0,0,11
4,2025-05-09,37,2,0,11
4,2025-05-10,35,2,0,11
4,2025-05-11,34,1,0,11
4,2025-05-12,32,2,0,11
4,2025-05-13,28,4,0,11
4,2025-05-14,28,0,0,11
4,2025-05-15,26,2,0,11
4,2025-05-16,25,1,0,11
4,2025-05-17,24,1,0,11
4,2025-05-18,21,3,0,11
4,2025-05-19,19,2,0,11
4,2025-05-20,18,1,0,11
4,2025-05-21,17,1,0,11
4,2025-05-22,14,3,0,11
4,2025-05-23,14,0,0,11
4,2025-05-24,13,1,0,11
4,2025-05-25,13,0,0,11
4,2025-05-26,11,2,0,11
4,2025-05-27,10,1,0,11
4,2025-05-28,10,0,0,11
4,2025-05-29,9,1,0,11
4,2025-05-30,8,1,0,11
4,2025-05-31,6,2,0,11
4,2025-06-01,4,2,0,11
4,2025-06-02,4,0,0,11
4,2025-06-03,4,0,0,11
4,2025-06-04,0,5,1,11
4,2025-06-05,44,0,0,11
4,2025-06-06,42,2,0,11
4,2025-06-07,41,1,0,11
4,2025-06-08,41,0,0,11
4,2025-06-09,39,2,0,11
4,2025-06-10,38,1,0,11
4,2025-06-11,38,0,0,11
4,2025-06-12,38,0,0,11
4,2025-06-13,37,1,0,11
4,2025-06-14,37,0,0,11
4,2025-06-15,36,1,0,11
4,2025-06-16,36,0,0,11
4,2025-06-17,36,0,0,11
4,2025-06-18,36,0,0,11
4,2025-06-19,29,7,0,11
4,2025-06-20,29,0,0,11
4,2025-06-21,26,3,0,11
4,2025-06-22,26,0,0,11
4,2025-06-23,24,2,0,11
4,2025-06-24,20,4,0,11
4,2025-06-25,20,0,0,11
4,2025-06-26,19,1,0,11
4,2025-06-27,18,1,0,11
4,2025-06-28,17,1,0,11
4,2025-06-29,17,0,0,11
4,2025-06-30,17,0,0,11
4,2025-07-01,14,3,0,11
4,2025-07-02,14,0,0,11
4,2025-07-03,10,4,0,11
4,2025-07-04,8,2,0,11
4,2025-07-05,7,1,0,11
4,2025-07-06,6,1,0,11
4,2025-07-07,6,0,0,11
4,2025-07-08,5,1,0,11
4,2025-07-09,4,1,0,11
4,2025-07-10,48,0,0,11
4,2025-07-11,47,1,0,11
4,2025-07-12,45,2,0,11
4,2025-07-13,45,0,0,11
4,2025-07-14,45,0,0,11
4,2025-07-15,45,0,0,11
4,2025-07-16,44,1,0,11
4,2025-07-17,44,0,0,11
4,2025-07-18,44,0,0,11
4,2025-07-19,44,0,0,11
4,2025-07-20,44,0,0,11
4,2025-07-21,42,2,0,11
4,2025-07-22,38,4,0,11
4,2025-07-23,34,4,0,11
4,2025-07-24,33,1,0,11
4,2025-07-25,33,0,0,11
4,2025-07-26,29,4,0,11
4,2025-07-27,29,0,0,11
4,2025-07-28,27,2,0,11
4,2025-07-29,26,1,0,11
4,2025-07-30,25,1,0,11
4,2025-07-31,22,3,0,11
4,2025-08-01,22,0,0,11
4,2025-08-02,21,1,0,11
4,2025-08-03,21,0,0,11
4,2025-08-04,17,4,0,11
4,2025-08-05,16,1,0,11
4,2025-08-06,14,2,0,11
4,2025-08-07,14,0,0,11
4,2025-08-08,14,0,0,11
4,2025-08-09,14,0,0,11
4,2025-08-10,13,1,0,11
4,2025-08-11,13,0,0,11
4,2025-08-12,13,0,0,11
4,2025-08-13,12,1,0,11
4,2025-08-14,12,0,0,11
4,2025-08-15,12,0,0,11
4,2025-08-16,12,0,0,11
4,2025-08-17,12,0,0,11
4,2025-08-18,10,2,0,11
4,2025-08-19,10,0,0,11
4,2025-08-20,9,1,0,11
4,2025-08-21,7,2,0,11
4,2025-08-22,6,1,0,11
4,2025-08-23,6,0,0,11
4,2025-08-24,6,0,0,11
4,2025-08-25,6,0,0,11
4,2025-08-26,5,1,0,11
4,2025-08-27,5,0,0,11
4,2025-08-28,5,0,0,11
4,2025-08-29,5,0,0,11
4,2025-08-30,5,0,0,11
4,2025-08-31,5,0,0,11
4,2025-09-01,48,1,0,11
4,2025-09-02,48,0,0,11
4,2025-09-03,47,1,0,11
4,2025-09-04,45,2,0,11
4,2025-09-05,44,1,0,11
4,2025-09-06,40,4,0,11
4,2025-09-07,36,4,0,11
4,2025-09-08,35,1,0,11
4,2025-09-09,34,1,0,11
4,2025-09-10,34,0,0,11
4,2025-09-11,33,1,0,11
4,2025-09-12,33,0,0,11
4,2025-09-13,30,3,0,11
4,2025-09-14,30,0,0,11
4,2025-09-15,30,0,0,11
4,2025-09-16,30,0,0,11
4,2025-09-17,29,1,0,11
4,2025-09-18,28,1,0,11
4,2025-09-19,28,0,0,11
4,2025-09-20,28,0,0,11
4,2025-09-21,27,1,0,11
4,2025-09-22,23,4,0,11
4,2025-09-23,20,3,0,11
4,2025-09-24,20,0,0,11
4,2025-09-25,19,1,0,11
4,2025-09-26,19,0,0,11
4,2025-09-27,15,4,0,11
4,2025-09-28,15,0,0,11
4,2025-09-29,10,5,0,11
4,2025-09-30,7,3,0,11
4,2025-10-01,6,1,0,11
4,2025-10-02,6,0,0,11
4,2025-10-03,5,1,0,11
4,2025-10-04,2,3,0,11
4,2025-10-05,1,1,0,11
4,2025-10-06,0,1,0,11
4,2025-10-07,0,1,1,11
4,2025-10-08,0,0,0,11
4,2025-10-09,43,1,0,11
4,2025-10-10,43,0,0,11
4,2025-10-11,37,6,0,11
4,2025-10-12,36,1,0,11
4,2025-10-13,36,0,0,11
4,2025-10-14,34,2,0,11
4,2025-10-15,32,2,0,11
4,2025-10-16,31,1,0,11
4,2025-10-17,31,0,0,11
4,2025-10-18,28,3,0,11
4,2025-10-19,26,2,0,11
4,2025-10-20,24,2,0,11
4,2025-10-21,24,0,0,11
4,2025-10-22,23,1,0,11
4,2025-10-23,22,1,0,11
4,2025-10-24,20,2,0,11
4,2025-10-25,20,0,0,11
4,2025-10-26,19,1,0,11
4,2025-10-27,14,5,0,11
4,2025-10-28,14,0,0,11
4,2025-10-29,12,2,0,11
4,2025-10-30,11,1,0,11
4,2025-10-31,10,1,0,11
4,2025-11-01,9,1,0,11
4,2025-11-02,9,0,0,11
4,2025-11-03,5,4,0,11
4,2025-11-04,0,5,0,11
4,2025-11-05,0,0,0,11
4,2025-11-06,0,3,1,11
4,2025-11-07,0,0,0,11
4,2025-11-08,0,1,1,11
4,2025-11-09,44,0,0,11
4,2025-11-10,39,5,0,11
4,2025-11-11,38,1,0,11
4,2025-11-12,34,4,0,11
4,2025-11-13,32,2,0,11
4,2025-11-14,32,0,0,11
4,2025-11-15,31,1,0,11
4,2025-11-16,27,4,0,11
4,2025-11-17,26,1,0,11
4,2025-11-18,26,0,0,11
4,2025-11-19,24,2,0,11
4,2025-11-20,23,1,0,11
4,2025-11-21,21,2,0,11
4,2025-11-22,18,3,0,11
4,2025-11-23,17,1,0,11
4,2025-11-24,15,2,0,11
4,2025-11-25,11,4,0,11
4,2025-11-26,10,1,0,11
4,2025-11-27,9,1,0,11
4,2025-11-28,0,10,1,11
4,2025-11-29,0,3,1,11
4,2025-11-30,0,5,1,11
4,2025-12-01,0,0,0,11
4,2025-12-02,40,4,0,11
4,2025-12-03,38,2,0,11
4,2025-12-04,37,1,0,11
4,2025-12-05,36,1,0,11
4,2025-12-06,36,0,0,11
4,2025-12-07,35,1,0,11
4,2025-12-08,32,3,0,11
4,2025-12-09,28,4,0,11
4,2025-12-10,27,1,0,11
4,2025-12-11,26,1,0,11
4,2025-12-12,23,3,0,11
4,2025-12-13,22,1,0,11
4,2025-12-14,20,2,0,11
4,2025-12-15,16,4,0,11
4,2025-12-16,14,2,0,11
4,2025-12-17,13,1,0,11
4,2025-12-18,5,8,0,11
4,2025-12-19,4,1,0,11
4,2025-12-20,2,2,0,11
4,2025-12-21,0,2,0,11
4,2025-12-22,0,1,1,11
4,2025-12-23,0,5,1,11
4,2025-12-24,0,6,1,11
4,2025-12-25,0,6,1,11
4,2025-12-26,0,2,1,11
4,2025-12-27,0,3,1,11
4,2025-12-28,40,4,0,11
4,2025-12-29,39,1,0,11
4,2025-12-30,39,0,0,11
4,2025-12-31,39,0,0,11
45,2025-01-01,30,2,0,11
45,2025-01-02,30,0,0,11
45,2025-01-03,28,2,0,11
45,2025-01-04,28,0,0,11
45,2025-01-05,27,1,0,11
45,2025-01-06,27,0,0,11
45,2025-01-07,26,1,0,11
45,2025-01-08,26,0,0,11
45,2025-01-09,25,1,0,11
45,2025-01-10,24,1,0,11
45,2025-01-11,23,1,0,11
45,2025-01-12,23,0,0,11
45,2025-01-13,22,1,0,11
45,2025-01-14,19,3,0,11
45,2025-01-15,19,0,0,11
45,2025-01-16,18,1,0,11
45,2025-01-17,17,1,0,11
45,2025-01-18,15,2,0,11
45,2025-01-19,13,2,0,11
45,2025-01-20,13,0,0,11
45,2025-01-21,10,3,0,11
45,2025-01-22,8,2,0,11
45,2025-01-23,8,0,0,11
45,2025-01-24,7,1,0,11
45,2025-01-25,4,3,0,11
45,2025-01-26,3,1,0,11
45,2025-01-27,2,1,0,11
45,2025-01-28,1,1,0,11
45,2025-01-29,1,0,0,11
45,2025-01-30,0,5,1,11
45,2025-01-31,44,0,0,11
45,2025-02-01,43,1,0,11
45,2025-02-02,43,0,0,11
45,2025-02-03,41,2,0,11
45,2025-02-04,39,2,0,11
45,2025-02-05,38,1,0,11
45,2025-02-06,35,3,0,11
45,2025-02-07,35,0,0,11
45,2025-02-08,30,5,0,11
45,2025-02-09,28,2,0,11
45,2025-02-10,28,0,0,11
45,2025-02-11,26,2,0,11
45,2025-02-12,25,1,0,11
45,2025-02-13,23,2,0,11
45,2025-02-14,23,0,0,11
45,2025-02-15,20,3,0,11
45,2025-02-16,19,1,0,11
45,2025-02-17,18,1,0,11
45,2025-02-18,17,1,0,11
45,2025-02-19,15,2,0,11
45,2025-02-20,15,0,0,11
45,2025-02-21,14,1,0,11
45,2025-02-22,8,6,0,11
45,2025-02-23,7,1,0,11
45,2025-02-24,6,1,0,11
45,2025-02-25,5,1,0,11
45,2025-02-26,4,1,0,11
45,2025-02-27,4,0,0,11
45,2025-02-28,4,0,0,11
45,2025-03-01,3,1,0,11
45,2025-03-02,3,0,0,11
45,2025-03-03,3,0,0,11
45,2025-03-04,3,0,0,11
45,2025-03-05,2,1,0,11
45,2025-03-06,0,2,0,11
45,2025-03-07,0,2,1,11
45,2025-03-08,0,1,1,11
45,2025-03-09,0,0,0,11
45,2025-03-10,0,1,1,11
45,2025-03-11,0,0,0,11
45,2025-03-12,0,2,1,11
45,2025-03-13,0,1,1,11
45,2025-03-14,0,2,1,11
45,2025-03-15,0,5,1,11
45,2025-03-16,0,0,0,11
45,2025-03-17,41,3,0,11
45,2025-03-18,41,0,0,11
45,2025-03-19,41,0,0,11
45,2025-03-20,39,2,0,11
45,2025-03-21,37,2,0,11
45,2025-03-22,36,1,0,11
45,2025-03-23,35,1,0,11
45,2025-03-24,32,3,0,11
45,2025-03-25,31,1,0,11
45,2025-03-26,31,0,0,11
45,2025-03-27,31,0,0,11
45,2025-03-28,30,1,0,11
45,2025-03-29,24,6,0,11
45,2025-03-30,20,4,0,11
45,2025-03-31,20,0,0,11
45,2025-04-01,17,3,0,11
45,2025-04-02,14,3,0,11
45,2025-04-03,13,1,0,11
45,2025-04-04,12,1,0,11
45,2025-04-05,9,3,0,11
45,2025-04-06,9,0,0,11
45,2025-04-07,8,1,0,11
45,2025-04-08,6,2,0,11
45,2025-04-09,5,1,0,11
45,2025-04-10,4,1,0,11
45,2025-04-11,1,3,0,11
45,2025-04-12,0,3,1,11
45,2025-04-13,0,1,1,11
45,2025-04-14,0,0,0,11
45,2025-04-15,0,0,0,11
45,2025-04-16,0,1,1,11
45,2025-04-17,0,4,1,11
45,2025-04-18,0,2,1,11
45,2025-04-19,41,3,0,11
45,2025-04-20,39,2,0,11
45,2025-04-21,35,4,0,11
45,2025-04-22,34,1,0,11
45,2025-04-23,34,0,0,11
45,2025-04-24,31,3,0,11
45,2025-04-25,30,1,0,11
45,2025-04-26,29,1,0,11
45,2025-04-27,27,2,0,11
45,2025-04-28,25,2,0,11
45,2025-04-29,25,0,0,11
45,2025-04-30,24,1,0,11
45,2025-05-01,22,2,0,11
45,2025-05-02,18,4,0,11
45,2025-05-03,18,0,0,11
45,2025-05-04,18,0,0,11
45,2025-05-05,17,1,0,11
45,2025-05-06,17,0,0,11
45,2025-05-07,17,0,0,11
45,2025-05-08,16,1,0,11
45,2025-05-09,16,0,0,11
45,2025-05-10,15,1,0,11
45,2025-05-11,14,1,0,11
45,2025-05-12,13,1,0,11
45,2025-05-13,12,1,0,11
45,2025-05-14,11,1,0,11
45,2025-05-15,10,1,0,11
45,2025-05-16,10,0,0,11
45,2025-05-17,7,3,0,11
45,2025-05-18,7,0,0,11
45,2025-05-19,5,2,0,11
45,2025-05-20,5,0,0,11
45,2025-05-21,48,1,0,11
45,2025-05-22,47,1,0,11
45,2025-05-23,46,1,0,11
45,2025-05-24,43,3,0,11
45,2025-05-25,43,0,0,11
45,2025-05-26,42,1,0,11
45,2025-05-27,40,2,0,11
45,2025-05-28,39,1,0,11
45,2025-05-29,39,0,0,11
45,2025-05-30,37,2,0,11
45,2025-05-31,37,0,0,11
45,2025-06-01,37,0,0,11
45,2025-06-02,37,0,0,11
45,2025-06-03,37,0,0,11
45,2025-06-04,36,1,0,11
45,2025-06-05,36,0,0,11
45,2025-06-06,36,0,0,11
45,2025-06-07,34,2,0,11
45,2025-06-08,34,0,0,11
45,2025-06-09,34,0,0,11
45,2025-06-10,33,1,0,11
45,2025-06-11,32,1,0,11
45,2025-06-12,31,1,0,11
45,2025-06-13,29,2,0,11
45,2025-06-14,29,0,0,11
45,2025-06-15,26,3,0,11
45,2025-06-16,24,2,0,11
45,2025-06-17,23,1,0,11
45,2025-06-18,23,0,0,11
45,2025-06-19,20,3,0,11
45,2025-06-20,20,0,0,11
45,2025-06-21,18,2,0,11
45,2025-06-22,18,0,0,11
45,2025-06-23,18,0,0,11
45,2025-06-24,18,0,0,11
45,2025-06-25,18,0,0,11
45,2025-06-26,18,0,0,11
45,2025-06-27,15,3,0,11
45,2025-06-28,13,2,0,11
45,2025-06-29,10,3,0,11
45,2025-06-30,9,1,0,11
45,2025-07-01,7,2,0,11
45,2025-07-02,7,0,0,11
45,2025-07-03,4,3,0,11
45,2025-07-04,3,1,0,11
45,2025-07-05,3,0,0,11
45,2025-07-06,46,1,0,11
45,2025-07-07,46,0,0,11
45,2025-07-08,46,0,0,11
45,2025-07-09,46,0,0,11
45,2025-07-10,44,2,0,11
45,2025-07-11,43,1,0,11
45,2025-07-12,40,3,0,11
45,2025-07-13,38,2,0,11
45,2025-07-14,38,0,0,11
45,2025-07-15,37,1,0,11
45,2025-07-16,36,1,0,11
45,2025-07-17,35,1,0,11
45,2025-07-18,35,0,0,11
45,2025-07-19,34,1,0,11
45,2025-07-20,34,0,0,11
45,2025-07-21,33,1,0,11
45,2025-07-22,33,0,0,11
45,2025-07-23,33,0,0,11
45,2025-07-24,32,1,0,11
45,2025-07-25,31,1,0,11
45,2025-07-26,27,4,0,11
45,2025-07-27,26,1,0,11
45,2025-07-28,26,0,0,11
45,2025-07-29,26,0,0,11
45,2025-07-30,26,0,0,11
45,2025-07-31,26,0,0,11
45,2025-08-01,26,0,0,11
45,2025-08-02,26,0,0,11
45,2025-08-03,26,0,0,11
45,2025-08-04,26,0,0,11
45,2025-08-05,26,0,0,11
45,2025-08-06,24,2,0,11
45,2025-08-07,23,1,0,11
45,2025-08-08,22,1,0,11
45,2025-08-09,20,2,0,11
45,2025-08-10,20,0,0,11
45,2025-08-11,20,0,0,11
45,2025-08-12,19,1,0,11
45,2025-08-13,18,1,0,11
45,2025-08-14,17,1,0,11
45,2025-08-15,14,3,0,11
45,2025-08-16,11,3,0,11
45,2025-08-17,11,0,0,11
45,2025-08-18,10,1,0,11
45,2025-08-19,10,0,0,11
45,2025-08-20,9,1,0,11
45,2025-08-21,8,1,0,11
45,2025-08-22,8,0,0,11
45,2025-08-23,7,1,0,11
45,2025-08-24,7,0,0,11
45,2025-08-25,7,0,0,11
45,2025-08-26,7,0,0,11
45,2025-08-27,7,0,0,11
45,2025-08-28,7,0,0,11
45,2025-08-29,5,2,0,11
45,2025-08-30,48,1,0,11
45,2025-08-31,48,0,0,11
45,2025-09-01,46,2,0,11
45,2025-09-02,45,1,0,11
45,2025-09-03,44,1,0,11
45,2025-09-04,44,0,0,11
45,2025-09-05,43,1,0,11
45,2025-09-06,41,2,0,11
45,2025-09-07,39,2,0,11
45,2025-09-08,38,1,0,11
45,2025-09-09,38,0,0,11
45,2025-09-10,36,2,0,11
45,2025-09-11,35,1,0,11
45,2025-09-12,34,1,0,11
45,2025-09-13,34,0,0,11
45,2025-09-14,34,0,0,11
45,2025-09-15,34,0,0,11
45,2025-09-16,33,1,0,11
45,2025-09-17,33,0,0,11
45,2025-09-18,32,1,0,11
45,2025-09-19,32,0,0,11
45,2025-09-20,31,1,0,11
45,2025-09-21,30,1,0,11
45,2025-09-22,29,1,0,11
45,2025-09-23,28,1,0,11
45,2025-09-24,25,3,0,11
45,2025-09-25,24,1,0,11
45,2025-09-26,23,1,0,11
45,2025-09-27,23,0,0,11
45,2025-09-28,23,0,0,11
45,2025-09-29,21,2,0,11
45,2025-09-30,21,0,0,11
45,2025-10-01,21,0,0,11
45,2025-10-02,20,1,0,11
45,2025-10-03,20,0,0,11
45,2025-10-04,20,0,0,11
45,2025-10-05,19,1,0,11
45,2025-10-06,18,1,0,11
45,2025-10-07,17,1,0,11
45,2025-10-08,15,2,0,11
45,2025-10-09,14,1,0,11
45,2025-10-10,14,0,0,11
45,2025-10-11,13,1,0,11
45,2025-10-12,12,1,0,11
45,2025-10-13,12,0,0,11
45,2025-10-14,11,1,0,11
45,2025-10-15,9,2,0,11
45,2025-10-16,9,0,0,11
45,2025-10-17,8,1,0,11
45,2025-10-18,4,4,0,11
45,2025-10-19,3,1,0,11
45,2025-10-20,3,0,0,11
45,2025-10-21,1,2,0,11
45,2025-10-22,0,2,1,11
45,2025-10-23,0,0,0,11
45,2025-10-24,0,1,1,11
45,2025-10-25,0,1,1,11
45,2025-10-26,0,0,0,11
45,2025-10-27,0,2,1,11
45,2025-10-28,0,1,1,11
45,2025-10-29,0,1,1,11
45,2025-10-30,0,1,1,11
45,2025-10-31,0,4,1,11
45,2025-11-01,44,0,0,11
45,2025-11-02,43,1,0,11
45,2025-11-03,36,7,0,11
45,2025-11-04,36,0,0,11
45,2025-11-05,36,0,0,11
45,2025-11-06,33,3,0,11
45,2025-11-07,32,1,0,11
45,2025-11-08,32,0,0,11
45,2025-11-09,32,0,0,11
45,2025-11-10,31,1,0,11
45,2025-11-11,30,1,0,11
45,2025-11-12,28,2,0,11
45,2025-11-13,26,2,0,11
45,2025-11-14,22,4,0,11
45,2025-11-15,21,1,0,11
45,2025-11-16,21,0,0,11
45,2025-11-17,21,0,0,11
45,2025-11-18,19,2,0,11
45,2025-11-19,18,1,0,11
45,2025-11-20,14,4,0,11
45,2025-11-21,14,0,0,11
45,2025-11-22,12,2,0,11
45,2025-11-23,12,0,0,11
45,2025-11-24,12,0,0,11
45,2025-11-25,11,1,0,11
45,2025-11-26,9,2,0,11
45,2025-11-27,4,5,0,11
45,2025-11-28,1,3,0,11
45,2025-11-29,1,0,0,11
45,2025-11-30,1,0,0,11
45,2025-12-01,0,2,1,11
45,2025-12-02,0,3,1,11
45,2025-12-03,0,4,1,11
45,2025-12-04,0,0,0,11
45,2025-12-05,0,1,1,11
45,2025-12-06,0,7,1,11
45,2025-12-07,0,7,1,11
45,2025-12-08,0,0,0,11
45,2025-12-09,41,3,0,11
45,2025-12-10,33,8,0,11
45,2025-12-11,28,5,0,11
45,2025-12-12,24,4,0,11
45,2025-12-13,22,2,0,11
45,2025-12-14,21,1,0,11
45,2025-12-15,18,3,0,11
45,2025-12-16,15,3,0,11
45,2025-12-17,11,4,0,11
45,2025-12-18,4,7,0,11
45,2025-12-19,2,2,0,11
45,2025-12-20,0,6,1,11
45,2025-12-21,0,1,1,11
45,2025-12-22,0,2,1,11
45,2025-12-23,0,4,1,11
45,2025-12-24,43,1,0,11
45,2025-12-25,38,5,0,11
45,2025-12-26,34,4,0,11
45,2025-12-27,31,3,0,11
45,2025-12-28,28,3,0,11
45,2025-12-29,28,0,0,11
45,2025-12-30,25,3,0,11
45,2025-12-31,25,0,0,11
46,2025-01-01,29,2,0,11
46,2025-01-02,27,2,0,11
46,2025-01-03,27,0,0,11
46,2025-01-04,27,0,0,11
46,2025-01-05,23,4,0,11
46,2025-01-06,23,0,0,11
46,2025-01-07,22,1,0,11
46,2025-01-08,21,1,0,11
46,2025-01-09,20,1,0,11
46,2025-01-10,18,2,0,11
46,2025-01-11,16,2,0,11
46,2025-01-12,16,0,0,11
46,2025-01-13,16,0,0,11
46,2025-01-14,16,0,0,11
46,2025-01-15,16,0,0,11
46,2025-01-16,15,1,0,11
46,2025-01-17,15,0,0,11
46,2025-01-18,12,3,0,11
46,2025-01-19,12,0,0,11
46,2025-01-20,11,1,0,11
46,2025-01-21,10,1,0,11
46,2025-01-22,10,0,0,11
46,2025-01-23,10,0,0,11
46,2025-01-24,9,1,0,11
46,2025-01-25,9,0,0,11
46,2025-01-26,2,7,0,11
46,2025-01-27,0,2,0,11
46,2025-01-28,0,2,1,11
46,2025-01-29,0,0,0,11
46,2025-01-30,41,2,0,11
46,2025-01-31,41,0,0,11
46,2025-02-01,37,4,0,11
46,2025-02-02,37,0,0,11
46,2025-02-03,37,0,0,11
46,2025-02-04,35,2,0,11
46,2025-02-05,34,1,0,11
46,2025-02-06,30,4,0,11
46,2025-02-07,27,3,0,11
46,2025-02-08,27,0,0,11
46,2025-02-09,26,1,0,11
46,2025-02-10,26,0,0,11
46,2025-02-11,23,3,0,11
46,2025-02-12,23,0,0,11
46,2025-02-13,23,0,0,11
46,2025-02-14,21,2,0,11
46,2025-02-15,21,0,0,11
46,2025-02-16,21,0,0,11
46,2025-02-17,20,1,0,11
46,2025-02-18,20,0,0,11
46,2025-02-19,18,2,0,11
46,2025-02-20,18,0,0,11
46,2025-02-21,15,3,0,11
46,2025-02-22,14,1,0,11
46,2025-02-23,14,0,0,11
46,2025-02-24,14,0,0,11
46,2025-02-25,14,0,0,11
46,2025-02-26,14,0,0,11
46,2025-02-27,12,2,0,11
46,2025-02-28,10,2,0,11
46,2025-03-01,8,2,0,11
46,2025-03-02,7,1,0,11
46,2025-03-03,6,1,0,11
46,2025-03-04,6,0,0,11
46,2025-03-05,6,0,0,11
46,2025-03-06,4,2,0,11
46,2025-03-07,3,1,0,11
46,2025-03-08,1,2,0,11
46,2025-03-09,1,0,0,11
46,2025-03-10,0,1,0,11
46,2025-03-11,0,0,0,11
46,2025-03-12,0,1,1,11
46,2025-03-13,0,0,0,11
46,2025-03-14,38,5,0,11
46,2025-03-15,38,0,0,11
46,2025-03-16,37,1,0,11
46,2025-03-17,37,0,0,11
46,2025-03-18,37,0,0,11
46,2025-03-19,33,4,0,11
46,2025-03-20,32,1,0,11
46,2025-03-21,32,0,0,11
46,2025-03-22,31,1,0,11
46,2025-03-23,31,0,0,11
46,2025-03-24,30,1,0,11
46,2025-03-25,30,0,0,11
46,2025-03-26,26,4,0,11
46,2025-03-27,24,2,0,11
46,2025-03-28,21,3,0,11
46,2025-03-29,21,0,0,11
46,2025-03-30,21,0,0,11
46,2025-03-31,21,0,0,11
46,2025-04-01,19,2,0,11
46,2025-04-02,16,3,0,11
46,2025-04-03,16,0,0,11
46,2025-04-04,15,1,0,11
46,2025-04-05,15,0,0,11
46,2025-04-06,15,0,0,11
46,2025-04-07,13,2,0,11
46,2025-04-08,12,1,0,11
46,2025-04-09,12,0,0,11
46,2025-04-10,11,1,0,11
46,2025-04-11,8,3,0,11
46,2025-04-12,8,0,0,11
46,2025-04-13,3,5,0,11
46,2025-04-14,3,0,0,11
46,2025-04-15,0,3,0,11
46,2025-04-16,0,5,1,11
46,2025-04-17,0,0,0,11
46,2025-04-18,0,0,0,11
46,2025-04-19,0,1,1,11
46,2025-04-20,0,1,1,11
46,2025-04-21,0,0,0,11
46,2025-04-22,0,1,1,11
46,2025-04-23,0,0,0,11
46,2025-04-24,41,2,0,11
46,2025-04-25,41,0,0,11
46,2025-04-26,34,7,0,11
46,2025-04-27,34,0,0,11
46,2025-04-28,33,1,0,11
46,2025-04-29,33,0,0,11
46,2025-04-30,33,0,0,11
46,2025-05-01,33,0,0,11
46,2025-05-02,33,0,0,11
46,2025-05-03,32,1,0,11
46,2025-05-04,32,0,0,11
46,2025-05-05,32,0,0,11
46,2025-05-06,32,0,0,11
46,2025-05-07,31,1,0,11
46,2025-05-08,29,2,0,11
46,2025-05-09,29,0,0,11
46,2025-05-10,29,0,0,11
46,2025-05-11,28,1,0,11
46,2025-05-12,27,1,0,11
46,2025-05-13,25,2,0,11
46,2025-05-14,24,1,0,11
46,2025-05-15,24,0,0,11
46,2025-05-16,24,0,0,11
46,2025-05-17,21,3,0,11
46,2025-05-18,18,3,0,11
46,2025-05-19,17,1,0,11
46,2025-05-20,17,0,0,11
46,2025-05-21,17,0,0,11
46,2025-05-22,16,1,0,11
46,2025-05-23,15,1,0,11
46,2025-05-24,15,0,0,11
46,2025-05-25,14,1,0,11
46,2025-05-26,14,0,0,11
46,2025-05-27,13,1,0,11
46,2025-05-28,12,1,0,11
46,2025-05-29,8,4,0,11
46,2025-05-30,7,1,0,11
46,2025-05-31,6,1,0,11
46,2025-06-01,6,0,0,11
46,2025-06-02,6,0,0,11
46,2025-06-03,6,0,0,11
46,2025-06-04,5,1,0,11
46,2025-06-05,5,0,0,11
46,2025-06-06,3,2,0,11
46,2025-06-07,3,0,0,11
46,2025-06-08,3,0,0,11
46,2025-06-09,2,1,0,11
46,2025-06-10,1,1,0,11
46,2025-06-11,1,0,0,11
46,2025-06-12,43,1,0,11
46,2025-06-13,42,1,0,11
46,2025-06-14,40,2,0,11
46,2025-06-15,38,2,0,11
46,2025-06-16,38,0,0,11
46,2025-06-17,37,1,0,11
46,2025-06-18,37,0,0,11
46,2025-06-19,37,0,0,11
46,2025-06-20,37,0,0,11
46,2025-06-21,36,1,0,11
46,2025-06-22,35,1,0,11
46,2025-06-23,35,0,0,11
46,2025-06-24,35,0,0,11
46,2025-06-25,34,1,0,11
46,2025-06-26,34,0,0,11
46,2025-06-27,33,1,0,11
46,2025-06-28,27,6,0,11
46,2025-06-29,27,0,0,11
46,2025-06-30,26,1,0,11
46,2025-07-01,25,1,0,11
46,2025-07-02,22,3,0,11
46,2025-07-03,21,1,0,11
46,2025-07-04,19,2,0,11
46,2025-07-05,17,2,0,11
46,2025-07-06,17,0,0,11
46,2025-07-07,17,0,0,11
46,2025-07-08,16,1,0,11
46,2025-07-09,16,0,0,11
46,2025-07-10,13,3,0,11
46,2025-07-11,13,0,0,11
46,2025-07-12,13,0,0,11
46,2025-07-13,12,1,0,11
46,2025-07-14,12,0,0,11
46,2025-07-15,12,0,0,11
46,2025-07-16,12,0,0,11
46,2025-07-17,12,0,0,11
46,2025-07-18,11,1,0,11
46,2025-07-19,11,0,0,11
46,2025-07-20,9,2,0,11
46,2025-07-21,9,0,0,11
46,2025-07-22,9,0,0,11
46,2025-07-23,9,0,0,11
46,2025-07-24,9,0,0,11
46,2025-07-25,9,0,0,11
46,2025-07-26,7,2,0,11
46,2025-07-27,6,1,0,11
46,2025-07-28,49,0,0,11
46,2025-07-29,43,6,0,11
46,2025-07-30,41,2,0,11
46,2025-07-31,41,0,0,11
46,2025-08-01,41,0,0,11
46,2025-08-02,39,2,0,11
46,2025-08-03,38,1,0,11
46,2025-08-04,37,1,0,11
46,2025-08-05,37,0,0,11
46,2025-08-06,36,1,0,11
46,2025-08-07,35,1,0,11
46,2025-08-08,35,0,0,11
46,2025-08-09,35,0,0,11
46,2025-08-10,35,0,0,11
46,2025-08-11,35,0,0,11
46,2025-08-12,35,0,0,11
46,2025-08-13,35,0,0,11
46,2025-08-14,33,2,0,11
46,2025-08-15,33,0,0,11
46,2025-08-16,33,0,0,11
46,2025-08-17,33,0,0,11
46,2025-08-18,32,1,0,11
46,2025-08-19,29,3,0,11
46,2025-08-20,28,1,0,11
46,2025-08-21,28,0,0,11
46,2025-08-22,25,3,0,11
46,2025-08-23,24,1,0,11
46,2025-08-24,24,0,0,11
46,2025-08-25,24,0,0,11
46,2025-08-26,24,0,0,11
46,2025-08-27,24,0,0,11
46,2025-08-28,24,0,0,11
46,2025-08-29,23,1,0,11
46,2025-08-30,22,1,0,11
46,2025-08-31,22,0,0,11
46,2025-09-01,18,4,0,11
46,2025-09-02,18,0,0,11
46,2025-09-03,17,1,0,11
46,2025-09-04,16,1,0,11
46,2025-09-05,16,0,0,11
46,2025-09-06,13,3,0,11
46,2025-09-07,12,1,0,11
46,2025-09-08,12,0,0,11
46,2025-09-09,11,1,0,11
46,2025-09-10,9,2,0,11
46,2025-09-11,6,3,0,11
46,2025-09-12,5,1,0,11
46,2025-09-13,5,0,0,11
46,2025-09-14,5,0,0,11
46,2025-09-15,0,5,0,11
46,2025-09-16,43,0,0,11
46,2025-09-17,42,1,0,11
46,2025-09-18,40,2,0,11
46,2025-09-19,35,5,0,11
46,2025-09-20,35,0,0,11
46,2025-09-21,35,0,0,11
46,2025-09-22,35,0,0,11
46,2025-09-23,34,1,0,11
46,2025-09-24,32,2,0,11
46,2025-09-25,31,1,0,11
46,2025-09-26,31,0,0,11
46,2025-09-27,29,2,0,11
46,2025-09-28,29,0,0,11
46,2025-09-29,29,0,0,11
46,2025-09-30,29,0,0,11
46,2025-10-01,25,4,0,11
46,2025-10-02,23,2,0,11
46,2025-10-03,20,3,0,11
46,2025-10-04,18,2,0,11
46,2025-10-05,18,0,0,11
46,2025-10-06,18,0,0,11
46,2025-10-07,18,0,0,11
46,2025-10-08,17,1,0,11
46,2025-10-09,16,1,0,11
46,2025-10-10,15,1,0,11
46,2025-10-11,14,1,0,11
46,2025-10-12,14,0,0,11
46,2025-10-13,11,3,0,11
46,2025-10-14,10,1,0,11
46,2025-10-15,9,1,0,11
46,2025-10-16,9,0,0,11
46,2025-10-17,9,0,0,11
46,2025-10-18,7,2,0,11
46,2025-10-19,5,2,0,11
46,2025-10-20,5,0,0,11
46,2025-10-21,4,1,0,11
46,2025-10-22,3,1,0,11
46,2025-10-23,2,1,0,11
46,2025-10-24,1,1,0,11
46,2025-10-25,0,1,0,11
46,2025-10-26,0,0,0,11
46,2025-10-27,0,3,1,11
46,2025-10-28,0,1,1,11
46,2025-10-29,43,0,0,11
46,2025-10-30,42,1,0,11
46,2025-10-31,39,3,0,11
46,2025-11-01,37,2,0,11
46,2025-11-02,37,0,0,11
46,2025-11-03,35,2,0,11
46,2025-11-04,35,0,0,11
46,2025-11-05,35,0,0,11
46,2025-11-06,33,2,0,11
46,2025-11-07,32,1,0,11
46,2025-11-08,28,4,0,11
46,2025-11-09,26,2,0,11
46,2025-11-10,25,1,0,11
46,2025-11-11,24,1,0,11
46,2025-11-12,21,3,0,11
46,2025-11-13,17,4,0,11
46,2025-11-14,15,2,0,11
46,2025-11-15,9,6,0,11
46,2025-11-16,9,0,0,11
46,2025-11-17,8,1,0,11
46,2025-11-18,6,2,0,11
46,2025-11-19,6,0,0,11
46,2025-11-20,5,1,0,11
46,2025-11-21,0,8,1,11
46,2025-11-22,0,0,0,11
46,2025-11-23,0,2,1,11
46,2025-11-24,0,4,1,11
46,2025-11-25,0,1,1,11
46,2025-11-26,0,4,1,11
46,2025-11-27,0,2,1,11
46,2025-11-28,0,2,1,11
46,2025-11-29,42,1,0,11
46,2025-11-30,42,0,0,11
46,2025-12-01,37,5,0,11
46,2025-12-02,28,9,0,11
46,2025-12-03,24,4,0,11
46,2025-12-04,21,3,0,11
46,2025-12-05,18,3,0,11
46,2025-12-06,15,3,0,11
46,2025-12-07,14,1,0,11
46,2025-12-08,13,1,0,11
46,2025-12-09,11,2,0,11
46,2025-12-10,7,4,0,11
46,2025-12-11,1,6,0,11
46,2025-12-12,0,2,1,11
46,2025-12-13,0,5,1,11
46,2025-12-14,0,2,1,11
46,2025-12-15,0,3,1,11
46,2025-12-16,0,0,0,11
46,2025-12-17,0,4,1,11
46,2025-12-18,0,2,1,11
46,2025-12-19,41,2,0,11
46,2025-12-20,30,11,0,11
46,2025-12-21,30,0,0,11
46,2025-12-22,29,1,0,11
46,2025-12-23,26,3,0,11
46,2025-12-24,21,5,0,11
46,2025-12-25,20,1,0,11
46,2025-12-26,16,4,0,11
46,2025-12-27,12,4,0,11
46,2025-12-28,10,2,0,11
46,2025-12-29,8,2,0,11
46,2025-12-30,4,4,0,11
46,2025-12-31,1,3,0,11
64,2025-01-01,31,0,0,11
64,2025-01-02,30,1,0,11
64,2025-01-03,28,2,0,11
64,2025-01-04,24,4,0,11
64,2025-01-05,24,0,0,11
64,2025-01-06,24,0,0,11
64,2025-01-07,23,1,0,11
64,2025-01-08,18,5,0,11
64,2025-01-09,15,3,0,11
64,2025-01-10,14,1,0,11
64,2025-01-11,14,0,0,11
64,2025-01-12,14,0,0,11
64,2025-01-13,12,2,0,11
64,2025-01-14,11,1,0,11
64,2025-01-15,10,1,0,11
64,2025-01-16,9,1,0,11
64,2025-01-17,5,4,0,11
64,2025-01-18,4,1,0,11
64,2025-01-19,1,3,0,11
64,2025-01-20,0,1,0,11
64,2025-01-21,0,5,1,11
64,2025-01-22,0,3,1,11
64,2025-01-23,0,3,1,11
64,2025-01-24,38,5,0,11
64,2025-01-25,36,2,0,11
64,2025-01-26,35,1,0,11
64,2025-01-27,34,1,0,11
64,2025-01-28,31,3,0,11
64,2025-01-29,31,0,0,11
64,2025-01-30,30,1,0,11
64,2025-01-31,30,0,0,11
64,2025-02-01,24,6,0,11
64,2025-02-02,23,1,0,11
64,2025-02-03,22,1,0,11
64,2025-02-04,22,0,0,11
64,2025-02-05,22,0,0,11
64,2025-02-06,19,3,0,11
64,2025-02-07,19,0,0,11
64,2025-02-08,16,3,0,11
64,2025-02-09,16,0,0,11
64,2025-02-10,16,0,0,11
64,2025-02-11,16,0,0,11
64,2025-02-12,14,2,0,11
64,2025-02-13,14,0,0,11
64,2025-02-14,13,1,0,11
64,2025-02-15,12,1,0,11
64,2025-02-16,12,0,0,11
64,2025-02-17,11,1,0,11
64,2025-02-18,11,0,0,11
64,2025-02-19,11,0,0,11
64,2025-02-20,10,1,0,11
64,2025-02-21,10,0,0,11
64,2025-02-22,7,3,0,11
64,2025-02-23,4,3,0,11
64,2025-02-24,2,2,0,11
64,2025-02-25,1,1,0,11
64,2025-02-26,1,0,0,11
64,2025-02-27,0,1,0,11
64,2025-02-28,0,3,1,11
64,2025-03-01,0,3,1,11
64,2025-03-02,0,0,0,11
64,2025-03-03,0,0,0,11
64,2025-03-04,0,1,1,11
64,2025-03-05,0,1,1,11
64,2025-03-06,0,1,1,11
64,2025-03-07,0,0,0,11
64,2025-03-08,0,3,1,11
64,2025-03-09,0,0,0,11
64,2025-03-10,0,1,1,11
64,2025-03-11,43,0,0,11
64,2025-03-12,42,1,0,11
64,2025-03-13,40,2,0,11
64,2025-03-14,37,3,0,11
64,2025-03-15,32,5,0,11
64,2025-03-16,31,1,0,11
64,2025-03-17,31,0,0,11
64,2025-03-18,30,1,0,11
64,2025-03-19,30,0,0,11
64,2025-03-20,27,3,0,11
64,2025-03-21,23,4,0,11
64,2025-03-22,21,2,0,11
64,2025-03-23,21,0,0,11
64,2025-03-24,20,1,0,11
64,2025-03-25,20,0,0,11
64,2025-03-26,18,2,0,11
64,2025-03-27,18,0,0,11
64,2025-03-28,18,0,0,11
64,2025-03-29,17,1,0,11
64,2025-03-30,17,0,0,11
64,2025-03-31,16,1,0,11
64,2025-04-01,15,1,0,11
64,2025-04-02,15,0,0,11
64,2025-04-03,14,1,0,11
64,2025-04-04,13,1,0,11
64,2025-04-05,13,0,0,11
64,2025-04-06,13,0,0,11
64,2025-04-07,13,0,0,11
64,2025-04-08,12,1,0,11
64,2025-04-09,12,0,0,11
64,2025-04-10,11,1,0,11
64,2025-04-11,9,2,0,11
64,2025-04-12,5,4,0,11
64,2025-04-13,5,0,0,11
64,2025-04-14,5,0,0,11
64,2025-04-15,4,1,0,11
64,2025-04-16,4,0,0,11
64,2025-04-17,4,0,0,11
64,2025-04-18,4,0,0,11
64,2025-04-19,1,3,0,11
64,2025-04-20,0,2,1,11
64,2025-04-21,0,0,0,11
64,2025-04-22,0,0,0,11
64,2025-04-23,0,2,1,11
64,2025-04-24,0,0,0,11
64,2025-04-25,0,1,1,11
64,2025-04-26,40,3,0,11
64,2025-04-27,40,0,0,11
64,2025-04-28,39,1,0,11
64,2025-04-29,38,1,0,11
64,2025-04-30,38,0,0,11
64,2025-05-01,36,2,0,11
64,2025-05-02,36,0,0,11
64,2025-05-03,35,1,0,11
64,2025-05-04,35,0,0,11
64,2025-05-05,34,1,0,11
64,2025-05-06,34,0,0,11
64,2025-05-07,33,1,0,11
64,2025-05-08,33,0,0,11
64,2025-05-09,32,1,0,11
64,2025-05-10,31,1,0,11
64,2025-05-11,28,3,0,11
64,2025-05-12,28,0,0,11
64,2025-05-13,28,0,0,11
64,2025-05-14,27,1,0,11
64,2025-05-15,26,1,0,11
64,2025-05-16,26,0,0,11
64,2025-05-17,24,2,0,11
64,2025-05-18,22,2,0,11
64,2025-05-19,22,0,0,11
64,2025-05-20,22,0,0,11
64,2025-05-21,21,1,0,11
64,2025-05-22,20,1,0,11
64,2025-05-23,20,0,0,11
64,2025-05-24,18,2,0,11
64,2025-05-25,17,1,0,11
64,2025-05-26,15,2,0,11
64,2025-05-27,15,0,0,11
64,2025-05-28,14,1,0,11
64,2025-05-29,13,1,0,11
64,2025-05-30,12,1,0,11
64,2025-05-31,12,0,0,11
64,2025-06-01,9,3,0,11
64,2025-06-02,9,0,0,11
64,2025-06-03,9,0,0,11
64,2025-06-04,8,1,0,11
64,2025-06-05,5,3,0,11
64,2025-06-06,5,0,0,11
64,2025-06-07,4,1,0,11
64,2025-06-08,47,0,0,11
64,2025-06-09,46,1,0,11
64,2025-06-10,46,0,0,11
64,2025-06-11,46,0,0,11
64,2025-06-12,46,0,0,11
64,2025-06-13,46,0,0,11
64,2025-06-14,45,1,0,11
64,2025-06-15,45,0,0,11
64,2025-06-16,42,3,0,11
64,2025-06-17,40,2,0,11
64,2025-06-18,40,0,0,11
64,2025-06-19,37,3,0,11
64,2025-06-20,35,2,0,11
64,2025-06-21,35,0,0,11
64,2025-06-22,35,0,0,11
64,2025-06-23,35,0,0,11
64,2025-06-24,35,0,0,11
64,2025-06-25,35,0,0,11
64,2025-06-26,35,0,0,11
64,2025-06-27,35,0,0,11
64,2025-06-28,34,1,0,11
64,2025-06-29,32,2,0,11
64,2025-06-30,28,4,0,11
64,2025-07-01,27,1,0,11
64,2025-07-02,27,0,0,11
64,2025-07-03,27,0,0,11
64,2025-07-04,26,1,0,11
64,2025-07-05,25,1,0,11
64,2025-07-06,22,3,0,11
64,2025-07-07,21,1,0,11
64,2025-07-08,21,0,0,11
64,2025-07-09,21,0,0,11
64,2025-07-10,20,1,0,11
64,2025-07-11,19,1,0,11
64,2025-07-12,17,2,0,11
64,2025-07-13,17,0,0,11
64,2025-07-14,17,0,0,11
64,2025-07-15,16,1,0,11
64,2025-07-16,15,1,0,11
64,2025-07-17,15,0,0,11
64,2025-07-18,15,0,0,11
64,2025-07-19,14,1,0,11
64,2025-07-20,14,0,0,11
64,2025-07-21,13,1,0,11
64,2025-07-22,11,2,0,11
64,2025-07-23,10,1,0,11
64,2025-07-24,10,0,0,11
64,2025-07-25,10,0,0,11
64,2025-07-26,7,3,0,11
64,2025-07-27,7,0,0,11
64,2025-07-28,6,1,0,11
64,2025-07-29,46,3,0,11
64,2025-07-30,45,1,0,11
64,2025-07-31,45,0,0,11
64,2025-08-01,43,2,0,11
64,2025-08-02,39,4,0,11
64,2025-08-03,37,2,0,11
64,2025-08-04,34,3,0,11
64,2025-08-05,34,0,0,11
64,2025-08-06,34,0,0,11
64,2025-08-07,33,1,0,11
64,2025-08-08,28,5,0,11
64,2025-08-09,27,1,0,11
64,2025-08-10,26,1,0,11
64,2025-08-11,26,0,0,11
64,2025-08-12,25,1,0,11
64,2025-08-13,25,0,0,11
64,2025-08-14,25,0,0,11
64,2025-08-15,25,0,0,11
64,2025-08-16,24,1,0,11
64,2025-08-17,24,0,0,11
64,2025-08-18,24,0,0,11
64,2025-08-19,21,3,0,11
64,2025-08-20,21,0,0,11
64,2025-08-21,21,0,0,11
64,2025-08-22,20,1,0,11
64,2025-08-23,20,0,0,11
64,2025-08-24,20,0,0,11
64,2025-08-25,19,1,0,11
64,2025-08-26,19,0,0,11
64,2025-08-27,17,2,0,11
64,2025-08-28,17,0,0,11
64,2025-08-29,17,0,0,11
64,2025-08-30,14,3,0,11
64,2025-08-31,13,1,0,11
64,2025-09-01,11,2,0,11
64,2025-09-02,10,1,0,11
64,2025-09-03,8,2,0,11
64,2025-09-04,7,1,0,11
64,2025-09-05,6,1,0,11
64,2025-09-06,3,3,0,11
64,2025-09-07,2,1,0,11
64,2025-09-08,42,3,0,11
64,2025-09-09,42,0,0,11
64,2025-09-10,42,0,0,11
64,2025-09-11,42,0,0,11
64,2025-09-12,42,0,0,11
64,2025-09-13,38,4,0,11
64,2025-09-14,37,1,0,11
64,2025-09-15,35,2,0,11
64,2025-09-16,33,2,0,11
64,2025-09-17,31,2,0,11
64,2025-09-18,29,2,0,11
64,2025-09-19,28,1,0,11
64,2025-09-20,23,5,0,11
64,2025-09-21,20,3,0,11
64,2025-09-22,20,0,0,11
64,2025-09-23,19,1,0,11
64,2025-09-24,19,0,0,11
64,2025-09-25,18,1,0,11
64,2025-09-26,16,2,0,11
64,2025-09-27,16,0,0,11
64,2025-09-28,15,1,0,11
64,2025-09-29,14,1,0,11
64,2025-09-30,14,0,0,11
64,2025-10-01,13,1,0,11
64,2025-10-02,13,0,0,11
64,2025-10-03,8,5,0,11
64,2025-10-04,5,3,0,11
64,2025-10-05,3,2,0,11
64,2025-10-06,2,1,0,11
64,2025-10-07,2,0,0,11
64,2025-10-08,1,1,0,11
64,2025-10-09,0,1,0,11
64,2025-10-10,43,0,0,11
64,2025-10-11,37,6,0,11
64,2025-10-12,37,0,0,11
64,2025-10-13,35,2,0,11
64,2025-10-14,32,3,0,11
64,2025-10-15,31,1,0,11
64,2025-10-16,30,1,0,11
64,2025-10-17,29,1,0,11
64,2025-10-18,27,2,0,11
64,2025-10-19,26,1,0,11
64,2025-10-20,25,1,0,11
64,2025-10-21,21,4,0,11
64,2025-10-22,20,1,0,11
64,2025-10-23,16,4,0,11
64,2025-10-24,16,0,0,11
64,2025-10-25,16,0,0,11
64,2025-10-26,15,1,0,11
64,2025-10-27,14,1,0,11
64,2025-10-28,12,2,0,11
64,2025-10-29,12,0,0,11
64,2025-10-30,12,0,0,11
64,2025-10-31,10,2,0,11
64,2025-11-01,8,2,0,11
64,2025-11-02,8,0,0,11
64,2025-11-03,8,0,0,11
64,2025-11-04,8,0,0,11
64,2025-11-05,8,0,0,11
64,2025-11-06,6,2,0,11
64,2025-11-07,47,2,0,11
64,2025-11-08,47,0,0,11
64,2025-11-09,47,0,0,11
64,2025-11-10,45,2,0,11
64,2025-11-11,45,0,0,11
64,2025-11-12,42,3,0,11
64,2025-11-13,41,1,0,11
64,2025-11-14,39,2,0,11
64,2025-11-15,36,3,0,11
64,2025-11-16,35,1,0,11
64,2025-11-17,34,1,0,11
64,2025-11-18,31,3,0,11
64,2025-11-19,31,0,0,11
64,2025-11-20,27,4,0,11
64,2025-11-21,24,3,0,11
64,2025-11-22,22,2,0,11
64,2025-11-23,21,1,0,11
64,2025-11-24,20,1,0,11
64,2025-11-25,14,6,0,11
64,2025-11-26,11,3,0,11
64,2025-11-27,9,2,0,11
64,2025-11-28,7,2,0,11
64,2025-11-29,6,1,0,11
64,2025-11-30,3,3,0,11
64,2025-12-01,3,0,0,11
64,2025-12-02,1,2,0,11
64,2025-12-03,44,0,0,11
64,2025-12-04,41,3,0,11
64,2025-12-05,41,0,0,11
64,2025-12-06,37,4,0,11
64,2025-12-07,33,4,0,11
64,2025-12-08,28,5,0,11
64,2025-12-09,25,3,0,11
64,2025-12-10,24,1,0,11
64,2025-12-11,22,2,0,11
64,2025-12-12,19,3,0,11
64,2025-12-13,18,1,0,11
64,2025-12-14,16,2,0,11
64,2025-12-15,16,0,0,11
64,2025-12-16,14,2,0,11
64,2025-12-17,13,1,0,11
64,2025-12-18,10,3,0,11
64,2025-12-19,10,0,0,11
64,2025-12-20,9,1,0,11
64,2025-12-21,7,2,0,11
64,2025-12-22,3,4,0,11
64,2025-12-23,0,3,0,11
64,2025-12-24,0,1,1,11
64,2025-12-25,0,1,1,11
64,2025-12-26,0,7,1,11
64,2025-12-27,0,6,1,11
64,2025-12-28,0,1,1,11
64,2025-12-29,0,1,1,11
64,2025-12-30,0,1,1,11
64,2025-12-31,0,3,1,11
