id_pret,age_defaut,defaut_brutal
L00001,,False
L00002,,False
L00003,,False
L00004,,False
L00005,22.0,False
L00006,,False
L00007,,False
L00008,,False
L00009,,False
L00010,,False
L00011,,False
L00012,,False
L00013,,False
L00014,,False
L00015,,False
L00016,,False
L00017,6.0,False
L00018,,False
L00019,,False
L00020,,False
L00021,,False
L00022,,False
L00023,,False
L00024,,False
L00025,,False
L00026,,False
L00027,,False
L00028,,False
L00029,,False
L00030,,False
L00031,,False
L00032,,False
L00033,,False
L00034,,False
L00035,9.0,False
L00036,,False
L00037,,False
L00038,,False
L00039,,False
L00040,,False
L00041,,False
L00042,,False
L00043,,False
L00044,,False
L00045,,False
L00046,,False
L00047,,False
L00048,12.0,False
L00049,,False
L00050,,False
L00051,,False
L00052,,False
L00053,,False
L00054,,False
L00055,,False
L00056,,False
L00057,,False
L00058,,False
L00059,14.0,False
L00060,,False
L00061,,False
L00062,,False
L00063,,False
L00064,,False
L00065,,False
L00066,1.0,False
L00067,,False
L00068,,False
L00069,,False
L00070,,False
L00071,,False
L00072,,False
L00073,,False
L00074,,False
L00075,,False
L00076,,False
L00077,,False
L00078,,False
L00079,,False
L00080,,False
L00081,,False
L00082,,False
L00083,,False
L00084,,False
L00085,,False
L00086,,False
L00087,,False
L00088,,False
L00089,,False
L00090,,False
L00091,,False
L00092,,False
L00093,,False
L00094,,False
L00095,,False
L00096,,False
L00097,,False
L00098,,False
L00099,,False
L00100,,False
L00101,,False
L00102,14.0,False
L00103,,False
L00104,,False
L00105,,False
L00106,13.0,False
L00107,,False
L00108,,False
L00109,,False
L00110,,False
L00111,,False
L00112,,False
L00113,,False
L00114,,False
L00115,,False
L00116,,False
L00117,,False
L00118,,False
L00119,,False
L00120,,False
L00121,,False
L00122,,False
L00123,,False
L00124,,False
L00125,,False
L00126,,False
L00127,,False
L00128,11.0,True
L00129,,False
L00130,,False
L00131,,False
L00132,,False
L00133,,False
L00134,,False
L00135,,False
L00136,,False
L00137,,False
L00138,,False
L00139,,False
L00140,,False
L00141,,False
L00142,,False
L00143,,False
L00144,,False
L00145,13.0,False
L00146,,False
L00147,,False
L00148,,False
L00149,,False
L00150,,False
L00151,,False
L00152,,False
L00153,,False
L00154,,False
L00155,2.0,False
L00156,,False
L00157,,False
L00158,,False
L00159,,False
L00160,,False
L00161,,False
L00162,,False
L00163,,False
L00164,,False
L00165,,False
L00166,,False
L00167,,False
L00168,9.0,True
L00169,,False
L00170,,False
L00171,,False
L00172,,False
L00173,,False
L00174,,False
L00175,,False
L00176,16.0,False
L00177,,False
L00178,,False
L00179,,False
L00180,,False
L00181,,False
L00182,,False
L00183,,False
L00184,,False
L00185,,False
L00186,,False
L00187,,False
L00188,,False
L00189,,False
L00190,,False
L00191,,False
L00192,,False
L00193,,False
L00194,,False
L00195,,False
L00196,,False
L00197,,False
L00198,,False
L00199,,False
L00200,,False
L00201,,False
L00202,,False
L00203,,False
L00204,,False
L00205,,False
L00206,,False
L00207,,False
L00208,,False
L00209,,False
L00210,,False
L00211,,False
L00212,7.0,True
L00213,,False
L00214,,False
L00215,,False
L00216,,False
L00217,,False
L00218,,False
L00219,,False
L00220,,False
L00221,9.0,False
L00222,,False
L00223,,False
L00224,,False
L00225,,False
L00226,,False
L00227,,False
L00228,,False
L00229,,False
L00230,,False
L00231,,False
L00232,,False
L00233,,False
L00234,,False
L00235,,False
L00236,,False
L00237,,False
L00238,,False
L00239,,False
L00240,,False
L00241,,False
L00242,,False
L00243,,False
L00244,,False
L00245,,False
L00246,,False
L00247,,False
L00248,11.0,True
L00249,,False
L00250,,False
L00251,,False
L00252,,False
L00253,,False
L00254,,False
L00255,,False
L00256,,False
L00257,,False
L00258,,False
L00259,,False
L00260,,False
L00261,,False
L00262,,False
L00263,,False
L00264,,False
L00265,,False
L00266,,False
L00267,7.0,True
L00268,,False
L00269,,False
L00270,,False
L00271,,False
L00272,,False
L00273,,False
L00274,,False
L00275,,False
L00276,,False
L00277,,False
L00278,,False
L00279,,False
L00280,,False
L00281,,False
L00282,,False
L00283,,False
L00284,11.0,True
L00285,,False
L00286,,False
L00287,,False
L00288,,False
L00289,,False
L00290,,False
L00291,,False
L00292,9.0,False
L00293,,False
L00294,,False
L00295,,False
L00296,,False
L00297,,False
L00298,,False
L00299,,False
L00300,,False
L00301,,False
L00302,,False
L00303,,False
L00304,,False
L00305,,False
L00306,,False
L00307,,False
L00308,,False
L00309,,False
L00310,,False
L00311,,False
L00312,,False
L00313,,False
L00314,,False
L00315,,False
L00316,,False
L00317,,False
L00318,,False
L00319,,False
L00320,,False
L00321,,False
L00322,,False
L00323,,False
L00324,,False
L00325,,False
L00326,19.0,False
L00327,,False
L00328,,False
L00329,,False
L00330,,False
L00331,,False
L00332,,False
L00333,,False
L00334,,False
L00335,,False
L00336,,False
L00337,,False
L00338,,False
L00339,,False
L00340,,False
L00341,,False
L00342,,False
L00343,,False
L00344,,False
L00345,,False
L00346,,False
L00347,19.0,False
L00348,,False
L00349,,False
L00350,,False
L00351,,False
L00352,,False
L00353,,False
L00354,,False
L00355,12.0,True
L00356,,False
L00357,,False
L00358,,False
L00359,28.0,True
L00360,,False
L00361,,False
L00362,,False
L00363,,False
L00364,,False
L00365,,False
L00366,,False
L00367,,False
L00368,,False
L00369,,False
L00370,,False
L00371,,False
L00372,,False
L00373,,False
L00374,,False
L00375,,False
L00376,,False
L00377,,False
L00378,,False
L00379,,False
L00380,,False
L00381,,False
L00382,,False
L00383,9.0,False
L00384,,False
L00385,,False
L00386,,False
L00387,,False
L00388,,False
L00389,,False
L00390,,False
L00391,,False
L00392,,False
L00393,,False
L00394,,False
L00395,,False
L00396,,False
L00397,,False
L00398,,False
L00399,,False
L00400,19.0,False
L00401,5.0,False
L00402,,False
L00403,,False
L00404,,False
L00405,,False
L00406,,False
L00407,,False
L00408,,False
L00409,,False
L00410,,False
L00411,,False
L00412,,False
L00413,,False
L00414,,False
L00415,4.0,False
L00416,,False
L00417,,False
L00418,,False
L00419,,False
L00420,,False
L00421,,False
L00422,,False
L00423,,False
L00424,,False
L00425,,False
L00426,,False
L00427,13.0,True
L00428,,False
L00429,,False
L00430,,False
L00431,,False
L00432,,False
L00433,,False
L00434,,False
L00435,,False
L00436,,False
L00437,,False
L00438,,False
L00439,,False
L00440,,False
L00441,,False
L00442,,False
L00443,,False
L00444,,False
L00445,,False
L00446,,False
L00447,,False
L00448,,False
L00449,,False
L00450,,False
L00451,,False
L00452,,False
L00453,,False
L00454,,False
L00455,,False
L00456,,False
L00457,,False
L00458,,False
L00459,,False
L00460,,False
L00461,,False
L00462,,False
L00463,,False
L00464,,False
L00465,,False
L00466,,False
L00467,,False
L00468,,False
L00469,7.0,False
L00470,,False
L00471,,False
L00472,,False
L00473,,False
L00474,,False
L00475,,False
L00476,,False
L00477,,False
L00478,,False
L00479,,False
L00480,7.0,False
L00481,,False
L00482,,False
L00483,,False
L00484,,False
L00485,,False
L00486,,False
L00487,,False
L00488,,False
L00489,,False
L00490,,False
L00491,,False
L00492,,False
L00493,1.0,True
L00494,7.0,True
L00495,,False
L00496,,False
L00497,14.0,False
L00498,,False
L00499,,False
L00500,,False
L00501,,False
L00502,,False
L00503,,False
L00504,,False
L00505,,False
L00506,,False
L00507,,False
L00508,,False
L00509,,False
L00510,,False
L00511,,False
L00512,,False
L00513,,False
L00514,,False
L00515,,False
L00516,15.0,False
L00517,16.0,False
L00518,,False
L00519,,False
L00520,,False
L00521,14.0,True
L00522,,False
L00523,,False
L00524,,False
L00525,,False
L00526,,False
L00527,,False
L00528,23.0,True
L00529,,False
L00530,,False
L00531,,False
L00532,,False
L00533,,False
L00534,,False
L00535,,False
L00536,,False
L00537,1.0,False
L00538,,False
L00539,,False
L00540,,False
L00541,,False
L00542,,False
L00543,,False
L00544,,False
L00545,,False
L00546,,False
L00547,,False
L00548,,False
L00549,,False
L00550,,False
L00551,,False
L00552,8.0,False
L00553,,False
L00554,,False
L00555,,False
L00556,,False
L00557,,False
L00558,,False
L00559,,False
L00560,,False
L00561,,False
L00562,,False
L00563,,False
L00564,,False
L00565,,False
L00566,,False
L00567,,False
L00568,,False
L00569,,False
L00570,,False
L00571,,False
L00572,,False
L00573,,False
L00574,,False
L00575,,False
L00576,,False
L00577,,False
L00578,,False
L00579,,False
L00580,,False
L00581,,False
L00582,,False
L00583,,False
L00584,,False
L00585,,False
L00586,,False
L00587,16.0,False
L00588,13.0,True
L00589,,False
L00590,,False
L00591,,False
L00592,,False
L00593,8.0,True
L00594,,False
L00595,,False
L00596,,False
L00597,,False
L00598,11.0,False
L00599,,False
L00600,13.0,False
L00601,,False
L00602,,False
L00603,,False
L00604,,False
L00605,,False
L00606,,False
L00607,,False
L00608,,False
L00609,,False
L00610,,False
L00611,,False
L00612,,False
L00613,,False
L00614,,False
L00615,,False
L00616,,False
L00617,,False
L00618,,False
L00619,,False
L00620,,False
L00621,,False
L00622,,False
L00623,,False
L00624,,False
L00625,,False
L00626,,False
L00627,,False
L00628,,False
L00629,,False
L00630,,False
L00631,,False
L00632,,False
L00633,,False
L00634,,False
L00635,,False
L00636,,False
L00637,,False
L00638,,False
L00639,5.0,True
L00640,,False
L00641,,False
L00642,,False
L00643,,False
L00644,,False
L00645,,False
L00646,,False
L00647,,False
L00648,,False
L00649,,False
L00650,,False
L00651,,False
L00652,,False
L00653,,False
L00654,,False
L00655,,False
L00656,11.0,True
L00657,,False
L00658,,False
L00659,,False
L00660,,False
L00661,,False
L00662,,False
L00663,,False
L00664,,False
L00665,,False
L00666,,False
L00667,,False
L00668,,False
L00669,,False
L00670,,False
L00671,,False
L00672,,False
L00673,,False
L00674,,False
L00675,,False
L00676,,False
L00677,,False
L00678,,False
L00679,,False
L00680,,False
L00681,,False
L00682,,False
L00683,5.0,False
L00684,,False
L00685,8.0,False
L00686,,False
L00687,,False
L00688,,False
L00689,,False
L00690,,False
L00691,,False
L00692,,False
L00693,6.0,False
L00694,,False
L00695,,False
L00696,,False
L00697,,False
L00698,,False
L00699,,False
L00700,,False
L00701,,False
L00702,,False
L00703,8.0,True
L00704,,False
L00705,,False
L00706,,False
L00707,,False
L00708,,False
L00709,,False
L00710,,False
L00711,,False
L00712,,False
L00713,,False
L00714,,False
L00715,,False
L00716,,False
L00717,,False
L00718,,False
L00719,,False
L00720,,False
L00721,,False
L00722,,False
L00723,,False
L00724,,False
L00725,,False
L00726,5.0,True
L00727,,False
L00728,,False
L00729,,False
L00730,,False
L00731,,False
L00732,,False
L00733,,False
L00734,,False
L00735,,False
L00736,,False
L00737,,False
L00738,,False
L00739,,False
L00740,,False
L00741,,False
L00742,,False
L00743,,False
L00744,,False
L00745,,False
L00746,,False
L00747,,False
L00748,,False
L00749,,False
L00750,,False
L00751,,False
L00752,,False
L00753,,False
L00754,,False
L00755,,False
L00756,,False
L00757,,False
L00758,,False
L00759,,False
L00760,,False
L00761,,False
L00762,,False
L00763,,False
L00764,,False
L00765,,False
L00766,,False
L00767,,False
L00768,,False
L00769,,False
L00770,,False
L00771,,False
L00772,,False
L00773,,False
L00774,,False
L00775,,False
L00776,,False
L00777,,False
L00778,,False
L00779,,False
L00780,,False
L00781,,False
L00782,,False
L00783,20.0,False
L00784,,False
L00785,,False
L00786,,False
L00787,,False
L00788,,False
L00789,,False
L00790,16.0,False
L00791,20.0,False
L00792,,False
L00793,,False
L00794,,False
L00795,,False
L00796,,False
L00797,,False
L00798,,False
L00799,,False
L00800,,False
L00801,,False
L00802,,False
L00803,,False
L00804,3.0,False
L00805,,False
L00806,,False
L00807,,False
L00808,,False
L00809,13.0,False
L00810,,False
L00811,,False
L00812,,False
L00813,,False
L00814,,False
L00815,,False
L00816,,False
L00817,,False
L00818,,False
L00819,,False
L00820,,False
L00821,,False
L00822,,False
L00823,,False
L00824,,False
L00825,,False
L00826,,False
L00827,,False
L00828,,False
L00829,,False
L00830,,False
L00831,,False
L00832,,False
L00833,,False
L00834,,False
L00835,,False
L00836,,False
L00837,,False
L00838,15.0,False
L00839,11.0,False
L00840,11.0,False
L00841,,False
L00842,,False
L00843,,False
L00844,,False
L00845,,False
L00846,,False
L00847,,False
L00848,,False
L00849,,False
L00850,,False
L00851,,False
L00852,10.0,False
L00853,,False
L00854,,False
L00855,,False
L00856,,False
L00857,,False
L00858,9.0,True
L00859,,False
L00860,,False
L00861,17.0,False
L00862,,False
L00863,,False
L00864,,False
L00865,,False
L00866,,False
L00867,,False
L00868,,False
L00869,,False
L00870,,False
L00871,,False
L00872,,False
L00873,,False
L00874,19.0,True
L00875,,False
L00876,,False
L00877,,False
L00878,,False
L00879,,False
L00880,,False
L00881,,False
L00882,,False
L00883,,False
L00884,11.0,False
L00885,,False
L00886,,False
L00887,,False
L00888,4.0,False
L00889,,False
L00890,,False
L00891,15.0,False
L00892,,False
L00893,,False
L00894,,False
L00895,,False
L00896,,False
L00897,,False
L00898,,False
L00899,,False
L00900,,False
L00901,,False
L00902,,False
L00903,,False
L00904,,False
L00905,,False
L00906,,False
L00907,,False
L00908,,False
L00909,,False
L00910,,False
L00911,,False
L00912,,False
L00913,,False
L00914,,False
L00915,,False
L00916,3.0,True
L00917,,False
L00918,,False
L00919,,False
L00920,,False
L00921,,False
L00922,,False
L00923,17.0,False
L00924,,False
L00925,11.0,False
L00926,,False
L00927,,False
L00928,,False
L00929,,False
L00930,,False
L00931,,False
L00932,,False
L00933,,False
L00934,,False
L00935,,False
L00936,,False
L00937,,False
L00938,,False
L00939,,False
L00940,,False
L00941,,False
L00942,,False
L00943,,False
L00944,,False
L00945,,False
L00946,,False
L00947,,False
L00948,,False
L00949,,False
L00950,,False
L00951,,False
L00952,,False
L00953,13.0,True
L00954,,False
L00955,,False
L00956,,False
L00957,,False
L00958,,False
L00959,,False
L00960,,False
L00961,,False
L00962,,False
L00963,,False
L00964,,False
L00965,,False
L00966,,False
L00967,13.0,False
L00968,,False
L00969,,False
L00970,,False
L00971,,False
L00972,,False
L00973,,False
L00974,,False
L00975,,False
L00976,,False
L00977,,False
L00978,,False
L00979,,False
L00980,,False
L00981,6.0,False
L00982,,False
L00983,,False
L00984,,False
L00985,,False
L00986,,False
L00987,,False
L00988,,False
L00989,,False
L00990,7.0,True
L00991,,False
L00992,10.0,False
L00993,,False
L00994,,False
L00995,,False
L00996,,False
L00997,,False
L00998,,False
L00999,,False
L01000,,False
L01001,,False
L01002,,False
L01003,,False
L01004,,False
L01005,,False
L01006,,False
L01007,,False
L01008,,False
L01009,,False
L01010,,False
L01011,,False
L01012,,False
L01013,,False
L01014,,False
L01015,,False
L01016,,False
L01017,,False
L01018,,False
L01019,,False
L01020,,False
L01021,,False
L01022,,False
L01023,,False
L01024,,False
L01025,,False
L01026,,False
L01027,,False
L01028,,False
L01029,,False
L01030,,False
L01031,,False
L01032,,False
L01033,,False
L01034,,False
L01035,,False
L01036,,False
L01037,,False
L01038,,False
L01039,,False
L01040,,False
L01041,,False
L01042,,False
L01043,,False
L01044,,False
L01045,,False
L01046,,False
L01047,,False
L01048,,False
L01049,,False
L01050,,False
L01051,,False
L01052,,False
L01053,16.0,True
L01054,,False
L01055,,False
L01056,,False
L01057,,False
L01058,,False
L01059,,False
L01060,,False
L01061,,False
L01062,,False
L01063,,False
L01064,,False
L01065,,False
L01066,,False
L01067,,False
L01068,,False
L01069,,False
L01070,,False
L01071,,False
L01072,,False
L01073,,False
L01074,,False
L01075,,False
L01076,,False
L01077,,False
L01078,,False
L01079,,False
L01080,,False
L01081,,False
L01082,,False
L01083,,False
L01084,,False
L01085,,False
L01086,,False
L01087,,False
L01088,,False
L01089,,False
L01090,,False
L01091,,False
L01092,,False
L01093,,False
L01094,10.0,False
L01095,,False
L01096,,False
L01097,,False
L01098,,False
L01099,15.0,True
L01100,,False
L01101,,False
L01102,,False
L01103,,False
L01104,,False
L01105,,False
L01106,8.0,True
L01107,,False
L01108,,False
L01109,13.0,False
L01110,,False
L01111,,False
L01112,,False
L01113,,False
L01114,,False
L01115,,False
L01116,,False
L01117,,False
L01118,,False
L01119,,False
L01120,,False
L01121,,False
L01122,,False
L01123,,False
L01124,,False
L01125,,False
L01126,,False
L01127,,False
L01128,,False
L01129,,False
L01130,,False
L01131,,False
L01132,,False
L01133,19.0,False
L01134,,False
L01135,,False
L01136,,False
L01137,,False
L01138,,False
L01139,,False
L01140,,False
L01141,,False
L01142,,False
L01143,,False
L01144,,False
L01145,,False
L01146,,False
L01147,,False
L01148,,False
L01149,,False
L01150,,False
L01151,,False
L01152,,False
L01153,9.0,False
L01154,2.0,False
L01155,,False
L01156,,False
L01157,,False
L01158,,False
L01159,,False
L01160,,False
L01161,,False
L01162,,False
L01163,,False
L01164,,False
L01165,,False
L01166,,False
L01167,1.0,True
L01168,,False
L01169,,False
L01170,,False
L01171,,False
L01172,7.0,False
L01173,,False
L01174,5.0,False
L01175,,False
L01176,,False
L01177,,False
L01178,,False
L01179,,False
L01180,,False
L01181,,False
L01182,,False
L01183,,False
L01184,,False
L01185,,False
L01186,,False
L01187,15.0,True
L01188,,False
L01189,,False
L01190,,False
L01191,,False
L01192,11.0,True
L01193,,False
L01194,,False
L01195,,False
L01196,,False
L01197,,False
L01198,,False
L01199,,False
L01200,,False
L01201,,False
L01202,,False
L01203,,False
L01204,,False
L01205,,False
L01206,,False
L01207,,False
L01208,,False
L01209,,False
L01210,,False
L01211,,False
L01212,28.0,True
L01213,,False
L01214,,False
L01215,,False
L01216,,False
L01217,,False
L01218,,False
L01219,,False
L01220,10.0,True
L01221,,False
L01222,,False
L01223,,False
L01224,,False
L01225,11.0,True
L01226,,False
L01227,,False
L01228,,False
L01229,,False
L01230,,False
L01231,,False
L01232,,False
L01233,,False
L01234,,False
L01235,,False
L01236,,False
L01237,,False
L01238,,False
L01239,,False
L01240,,False
L01241,,False
L01242,,False
L01243,,False
L01244,,False
L01245,,False
L01246,,False
L01247,,False
L01248,,False
L01249,,False
L01250,,False
L01251,,False
L01252,,False
L01253,,False
L01254,,False
L01255,,False
L01256,,False
L01257,,False
L01258,12.0,False
L01259,,False
L01260,,False
L01261,,False
L01262,,False
L01263,,False
L01264,,False
L01265,,False
L01266,,False
L01267,,False
L01268,,False
L01269,,False
L01270,,False
L01271,,False
L01272,8.0,False
L01273,,False
L01274,,False
L01275,,False
L01276,,False
L01277,,False
L01278,,False
L01279,,False
L01280,,False
L01281,,False
L01282,,False
L01283,16.0,False
L01284,,False
L01285,2.0,False
L01286,,False
L01287,,False
L01288,,False
L01289,,False
L01290,14.0,False
L01291,,False
L01292,,False
L01293,,False
L01294,,False
L01295,,False
L01296,,False
L01297,1.0,True
L01298,14.0,False
L01299,16.0,False
L01300,,False
L01301,,False
L01302,2.0,False
L01303,,False
L01304,,False
L01305,,False
L01306,,False
L01307,,False
L01308,,False
L01309,,False
L01310,,False
L01311,,False
L01312,,False
L01313,,False
L01314,24.0,False
L01315,,False
L01316,,False
L01317,,False
L01318,,False
L01319,,False
L01320,,False
L01321,,False
L01322,,False
L01323,,False
L01324,,False
L01325,,False
L01326,,False
L01327,,False
L01328,,False
L01329,6.0,False
L01330,,False
L01331,11.0,False
L01332,19.0,False
L01333,,False
L01334,,False
L01335,,False
L01336,,False
L01337,37.0,True
L01338,,False
L01339,,False
L01340,,False
L01341,,False
L01342,,False
L01343,8.0,False
L01344,,False
L01345,,False
L01346,11.0,False
L01347,,False
L01348,,False
L01349,12.0,False
L01350,,False
L01351,31.0,False
L01352,,False
L01353,,False
L01354,,False
L01355,,False
L01356,,False
L01357,,False
L01358,,False
L01359,,False
L01360,,False
L01361,,False
L01362,,False
L01363,,False
L01364,,False
L01365,,False
L01366,,False
L01367,,False
L01368,7.0,False
L01369,,False
L01370,,False
L01371,,False
L01372,,False
L01373,,False
L01374,,False
L01375,,False
L01376,,False
L01377,,False
L01378,,False
L01379,,False
L01380,,False
L01381,,False
L01382,,False
L01383,,False
L01384,,False
L01385,,False
L01386,,False
L01387,,False
L01388,,False
L01389,,False
L01390,,False
L01391,,False
L01392,,False
L01393,,False
L01394,,False
L01395,,False
L01396,,False
L01397,,False
L01398,,False
L01399,,False
L01400,,False
L01401,,False
L01402,,False
L01403,,False
L01404,,False
L01405,,False
L01406,,False
L01407,,False
L01408,,False
L01409,,False
L01410,,False
L01411,,False
L01412,,False
L01413,,False
L01414,,False
L01415,,False
L01416,,False
L01417,,False
L01418,,False
L01419,,False
L01420,10.0,True
L01421,,False
L01422,,False
L01423,,False
L01424,,False
L01425,,False
L01426,,False
L01427,,False
L01428,,False
L01429,,False
L01430,,False
L01431,,False
L01432,,False
L01433,,False
L01434,,False
L01435,,False
L01436,,False
L01437,,False
L01438,,False
L01439,,False
L01440,,False
L01441,,False
L01442,,False
L01443,,False
L01444,,False
L01445,,False
L01446,,False
L01447,,False
L01448,,False
L01449,,False
L01450,,False
L01451,,False
L01452,,False
L01453,,False
L01454,,False
L01455,,False
L01456,,False
L01457,,False
L01458,,False
L01459,,False
L01460,,False
L01461,,False
L01462,11.0,False
L01463,10.0,False
L01464,,False
L01465,,False
L01466,,False
L01467,,False
L01468,,False
L01469,3.0,False
L01470,,False
L01471,,False
L01472,,False
L01473,,False
L01474,,False
L01475,,False
L01476,,False
L01477,,False
L01478,,False
L01479,,False
L01480,,False
L01481,,False
L01482,,False
L01483,,False
L01484,,False
L01485,14.0,False
L01486,,False
L01487,,False
L01488,,False
L01489,,False
L01490,,False
L01491,,False
L01492,10.0,False
L01493,,False
L01494,,False
L01495,18.0,False
L01496,,False
L01497,,False
L01498,,False
L01499,,False
L01500,,False
L01501,,False
L01502,,False
L01503,,False
L01504,,False
L01505,,False
L01506,,False
L01507,,False
L01508,6.0,False
L01509,,False
L01510,,False
L01511,,False
L01512,,False
L01513,,False
L01514,,False
L01515,,False
L01516,,False
L01517,,False
L01518,,False
L01519,20.0,False
L01520,,False
L01521,,False
L01522,,False
L01523,,False
L01524,,False
L01525,,False
L01526,,False
L01527,,False
L01528,,False
L01529,,False
L01530,,False
L01531,,False
L01532,,False
L01533,,False
L01534,1.0,False
L01535,,False
L01536,6.0,False
L01537,,False
L01538,,False
L01539,,False
L01540,,False
L01541,,False
L01542,,False
L01543,,False
L01544,,False
L01545,,False
L01546,,False
L01547,,False
L01548,,False
L01549,,False
L01550,,False
L01551,,False
L01552,,False
L01553,,False
L01554,18.0,True
L01555,,False
L01556,,False
L01557,,False
L01558,,False
L01559,,False
L01560,,False
L01561,,False
L01562,24.0,True
L01563,,False
L01564,,False
L01565,,False
L01566,,False
L01567,,False
L01568,,False
L01569,,False
L01570,,False
L01571,,False
L01572,,False
L01573,,False
L01574,,False
L01575,,False
L01576,,False
L01577,,False
L01578,,False
L01579,,False
L01580,13.0,False
L01581,,False
L01582,,False
L01583,,False
L01584,6.0,True
L01585,4.0,True
L01586,11.0,False
L01587,,False
L01588,,False
L01589,,False
L01590,,False
L01591,,False
L01592,,False
L01593,,False
L01594,,False
L01595,,False
L01596,,False
L01597,,False
L01598,,False
L01599,,False
L01600,,False
L01601,,False
L01602,,False
L01603,,False
L01604,,False
L01605,,False
L01606,,False
L01607,,False
L01608,,False
L01609,,False
L01610,,False
L01611,,False
L01612,,False
L01613,,False
L01614,,False
L01615,,False
L01616,9.0,True
L01617,,False
L01618,,False
L01619,,False
L01620,,False
L01621,,False
L01622,,False
L01623,,False
L01624,,False
L01625,,False
L01626,,False
L01627,,False
L01628,,False
L01629,,False
L01630,,False
L01631,,False
L01632,10.0,False
L01633,,False
L01634,,False
L01635,,False
L01636,,False
L01637,,False
L01638,,False
L01639,,False
L01640,,False
L01641,,False
L01642,,False
L01643,,False
L01644,,False
L01645,,False
L01646,,False
L01647,,False
L01648,,False
L01649,,False
L01650,,False
L01651,,False
L01652,,False
L01653,,False
L01654,,False
L01655,,False
L01656,,False
L01657,,False
L01658,,False
L01659,,False
L01660,,False
L01661,,False
L01662,,False
L01663,,False
L01664,,False
L01665,,False
L01666,,False
L01667,,False
L01668,,False
L01669,15.0,False
L01670,,False
L01671,,False
L01672,,False
L01673,,False
L01674,,False
L01675,,False
L01676,8.0,False
L01677,,False
L01678,7.0,False
L01679,,False
L01680,,False
L01681,,False
L01682,11.0,False
L01683,,False
L01684,,False
L01685,,False
L01686,,False
L01687,,False
L01688,,False
L01689,,False
L01690,,False
L01691,,False
L01692,,False
L01693,10.0,False
L01694,,False
L01695,5.0,False
L01696,,False
L01697,,False
L01698,,False
L01699,,False
L01700,,False
L01701,,False
L01702,,False
L01703,,False
L01704,,False
L01705,,False
L01706,10.0,True
L01707,,False
L01708,,False
L01709,,False
L01710,,False
L01711,,False
L01712,,False
L01713,,False
L01714,,False
L01715,,False
L01716,,False
L01717,,False
L01718,,False
L01719,,False
L01720,,False
L01721,,False
L01722,,False
L01723,,False
L01724,,False
L01725,,False
L01726,,False
L01727,,False
L01728,,False
L01729,,False
L01730,31.0,False
L01731,,False
L01732,,False
L01733,,False
L01734,,False
L01735,,False
L01736,,False
L01737,,False
L01738,,False
L01739,,False
L01740,6.0,False
L01741,,False
L01742,,False
L01743,,False
L01744,,False
L01745,,False
L01746,,False
L01747,,False
L01748,,False
L01749,,False
L01750,,False
L01751,,False
L01752,,False
L01753,,False
L01754,,False
L01755,,False
L01756,,False
L01757,,False
L01758,,False
L01759,,False
L01760,,False
L01761,,False
L01762,,False
L01763,,False
L01764,,False
L01765,,False
L01766,,False
L01767,,False
L01768,,False
L01769,,False
L01770,,False
L01771,,False
L01772,,False
L01773,,False
L01774,,False
L01775,,False
L01776,,False
L01777,14.0,False
L01778,,False
L01779,7.0,True
L01780,11.0,False
L01781,,False
L01782,,False
L01783,,False
L01784,,False
L01785,,False
L01786,,False
L01787,,False
L01788,,False
L01789,,False
L01790,30.0,False
L01791,,False
L01792,10.0,False
L01793,,False
L01794,,False
L01795,,False
L01796,,False
L01797,1.0,False
L01798,,False
L01799,,False
L01800,,False
L01801,,False
L01802,,False
L01803,,False
L01804,,False
L01805,,False
L01806,,False
L01807,,False
L01808,,False
L01809,,False
L01810,13.0,True
L01811,,False
L01812,,False
L01813,,False
L01814,,False
L01815,,False
L01816,,False
L01817,,False
L01818,,False
L01819,,False
L01820,,False
L01821,,False
L01822,,False
L01823,6.0,False
L01824,,False
L01825,,False
L01826,8.0,False
L01827,,False
L01828,12.0,False
L01829,,False
L01830,,False
L01831,,False
L01832,,False
L01833,,False
L01834,,False
L01835,,False
L01836,,False
L01837,,False
L01838,,False
L01839,,False
L01840,,False
L01841,,False
L01842,,False
L01843,,False
L01844,,False
L01845,,False
L01846,,False
L01847,,False
L01848,,False
L01849,,False
L01850,,False
L01851,,False
L01852,,False
L01853,,False
L01854,,False
L01855,,False
L01856,11.0,False
L01857,,False
L01858,,False
L01859,,False
L01860,,False
L01861,,False
L01862,,False
L01863,,False
L01864,,False
L01865,,False
L01866,,False
L01867,,False
L01868,,False
L01869,,False
L01870,,False
L01871,,False
L01872,4.0,True
L01873,,False
L01874,,False
L01875,,False
L01876,14.0,False
L01877,,False
L01878,,False
L01879,,False
L01880,,False
L01881,,False
L01882,,False
L01883,,False
L01884,,False
L01885,,False
L01886,,False
L01887,,False
L01888,,False
L01889,,False
L01890,,False
L01891,,False
L01892,,False
L01893,,False
L01894,,False
L01895,,False
L01896,,False
L01897,,False
L01898,,False
L01899,,False
L01900,,False
L01901,,False
L01902,,False
L01903,,False
L01904,,False
L01905,23.0,False
L01906,12.0,True
L01907,,False
L01908,,False
L01909,,False
L01910,,False
L01911,,False
L01912,,False
L01913,,False
L01914,,False
L01915,,False
L01916,,False
L01917,,False
L01918,,False
L01919,,False
L01920,,False
L01921,,False
L01922,,False
L01923,,False
L01924,,False
L01925,,False
L01926,,False
L01927,,False
L01928,,False
L01929,,False
L01930,,False
L01931,,False
L01932,11.0,True
L01933,,False
L01934,,False
L01935,,False
L01936,,False
L01937,,False
L01938,,False
L01939,,False
L01940,13.0,False
L01941,,False
L01942,10.0,False
L01943,,False
L01944,,False
L01945,,False
L01946,,False
L01947,,False
L01948,,False
L01949,,False
L01950,,False
L01951,,False
L01952,,False
L01953,,False
L01954,,False
L01955,,False
L01956,,False
L01957,,False
L01958,,False
L01959,,False
L01960,,False
L01961,,False
L01962,,False
L01963,,False
L01964,,False
L01965,,False
L01966,,False
L01967,,False
L01968,,False
L01969,,False
L01970,,False
L01971,,False
L01972,12.0,True
L01973,,False
L01974,,False
L01975,,False
L01976,,False
L01977,,False
L01978,,False
L01979,,False
L01980,,False
L01981,,False
L01982,,False
L01983,,False
L01984,,False
L01985,,False
L01986,,False
L01987,,False
L01988,,False
L01989,,False
L01990,,False
L01991,,False
L01992,,False
L01993,,False
L01994,2.0,False
L01995,,False
L01996,,False
L01997,,False
L01998,,False
L01999,,False
L02000,,False
L02001,,False
L02002,,False
L02003,,False
L02004,,False
L02005,,False
L02006,,False
L02007,,False
L02008,,False
L02009,,False
L02010,,False
L02011,,False
L02012,,False
L02013,,False
L02014,,False
L02015,,False
L02016,2.0,True
L02017,,False
L02018,,False
L02019,11.0,False
L02020,,False
L02021,,False
L02022,,False
L02023,,False
L02024,,False
L02025,14.0,False
L02026,,False
L02027,,False
L02028,1.0,False
L02029,,False
L02030,,False
L02031,22.0,False
L02032,,False
L02033,,False
L02034,,False
L02035,,False
L02036,,False
L02037,,False
L02038,,False
L02039,,False
L02040,,False
L02041,,False
L02042,20.0,False
L02043,,False
L02044,,False
L02045,,False
L02046,,False
L02047,,False
L02048,,False
L02049,,False
L02050,,False
L02051,,False
L02052,,False
L02053,,False
L02054,,False
L02055,,False
L02056,,False
L02057,,False
L02058,,False
L02059,,False
L02060,11.0,True
L02061,,False
L02062,,False
L02063,,False
L02064,,False
L02065,,False
L02066,,False
L02067,,False
L02068,,False
L02069,,False
L02070,,False
L02071,,False
L02072,,False
L02073,,False
L02074,,False
L02075,,False
L02076,,False
L02077,15.0,True
L02078,,False
L02079,,False
L02080,,False
L02081,,False
L02082,,False
L02083,,False
L02084,,False
L02085,,False
L02086,,False
L02087,18.0,True
L02088,,False
L02089,,False
L02090,,False
L02091,,False
L02092,,False
L02093,,False
L02094,,False
L02095,,False
L02096,4.0,False
L02097,,False
L02098,,False
L02099,,False
L02100,,False
L02101,,False
L02102,,False
L02103,,False
L02104,19.0,False
L02105,,False
L02106,,False
L02107,,False
L02108,,False
L02109,,False
L02110,,False
L02111,,False
L02112,,False
L02113,,False
L02114,,False
L02115,,False
L02116,,False
L02117,,False
L02118,,False
L02119,,False
L02120,,False
L02121,,False
L02122,,False
L02123,9.0,False
L02124,,False
L02125,,False
L02126,,False
L02127,,False
L02128,19.0,True
L02129,,False
L02130,,False
L02131,,False
L02132,,False
L02133,,False
L02134,,False
L02135,,False
L02136,,False
L02137,,False
L02138,,False
L02139,10.0,True
L02140,12.0,True
L02141,,False
L02142,,False
L02143,,False
L02144,,False
L02145,,False
L02146,,False
L02147,,False
L02148,,False
L02149,,False
L02150,,False
L02151,,False
L02152,,False
L02153,12.0,False
L02154,,False
L02155,,False
L02156,,False
L02157,,False
L02158,,False
L02159,,False
L02160,,False
L02161,,False
L02162,,False
L02163,,False
L02164,,False
L02165,,False
L02166,,False
L02167,,False
L02168,,False
L02169,,False
L02170,,False
L02171,,False
L02172,,False
L02173,,False
L02174,,False
L02175,,False
L02176,,False
L02177,,False
L02178,,False
L02179,,False
L02180,,False
L02181,,False
L02182,,False
L02183,,False
L02184,,False
L02185,,False
L02186,,False
L02187,,False
L02188,,False
L02189,,False
L02190,,False
L02191,,False
L02192,,False
L02193,,False
L02194,19.0,False
L02195,,False
L02196,,False
L02197,,False
L02198,,False
L02199,,False
L02200,,False
L02201,,False
L02202,,False
L02203,,False
L02204,,False
L02205,,False
L02206,,False
L02207,,False
L02208,,False
L02209,,False
L02210,,False
L02211,,False
L02212,20.0,False
L02213,,False
L02214,,False
L02215,,False
L02216,,False
L02217,,False
L02218,,False
L02219,,False
L02220,,False
L02221,,False
L02222,,False
L02223,,False
L02224,,False
L02225,,False
L02226,,False
L02227,,False
L02228,,False
L02229,,False
L02230,,False
L02231,,False
L02232,7.0,True
L02233,,False
L02234,,False
L02235,,False
L02236,,False
L02237,,False
L02238,,False
L02239,,False
L02240,,False
L02241,,False
L02242,,False
L02243,,False
L02244,,False
L02245,,False
L02246,,False
L02247,,False
L02248,,False
L02249,,False
L02250,,False
L02251,,False
L02252,,False
L02253,,False
L02254,,False
L02255,,False
L02256,,False
L02257,,False
L02258,,False
L02259,,False
L02260,,False
L02261,,False
L02262,,False
L02263,,False
L02264,,False
L02265,,False
L02266,,False
L02267,,False
L02268,,False
L02269,,False
L02270,,False
L02271,,False
L02272,,False
L02273,,False
L02274,,False
L02275,,False
L02276,11.0,False
L02277,,False
L02278,,False
L02279,,False
L02280,,False
L02281,,False
L02282,,False
L02283,,False
L02284,,False
L02285,,False
L02286,,False
L02287,,False
L02288,,False
L02289,,False
L02290,,False
L02291,,False
L02292,,False
L02293,21.0,False
L02294,,False
L02295,,False
L02296,,False
L02297,,False
L02298,,False
L02299,,False
L02300,,False
L02301,,False
L02302,,False
L02303,,False
L02304,,False
L02305,,False
L02306,,False
L02307,,False
L02308,,False
L02309,,False
L02310,,False
L02311,9.0,False
L02312,,False
L02313,,False
L02314,,False
L02315,,False
L02316,,False
L02317,,False
L02318,,False
L02319,,False
L02320,,False
L02321,,False
L02322,,False
L02323,,False
L02324,,False
L02325,,False
L02326,,False
L02327,,False
L02328,,False
L02329,,False
L02330,,False
L02331,,False
L02332,,False
L02333,,False
L02334,,False
L02335,,False
L02336,,False
L02337,,False
L02338,,False
L02339,,False
L02340,,False
L02341,,False
L02342,8.0,False
L02343,,False
L02344,,False
L02345,,False
L02346,,False
L02347,,False
L02348,,False
L02349,,False
L02350,,False
L02351,,False
L02352,,False
L02353,,False
L02354,,False
L02355,,False
L02356,,False
L02357,,False
L02358,,False
L02359,,False
L02360,,False
L02361,,False
L02362,14.0,True
L02363,,False
L02364,9.0,True
L02365,,False
L02366,,False
L02367,,False
L02368,,False
L02369,,False
L02370,,False
L02371,,False
L02372,,False
L02373,3.0,False
L02374,,False
L02375,,False
L02376,,False
L02377,,False
L02378,,False
L02379,,False
L02380,19.0,False
L02381,,False
L02382,2.0,True
L02383,8.0,False
L02384,,False
L02385,,False
L02386,,False
L02387,,False
L02388,,False
L02389,,False
L02390,,False
L02391,,False
L02392,,False
L02393,,False
L02394,,False
L02395,,False
L02396,,False
L02397,,False
L02398,,False
L02399,10.0,False
L02400,,False
L02401,,False
L02402,,False
L02403,2.0,False
L02404,,False
L02405,,False
L02406,,False
L02407,,False
L02408,,False
L02409,,False
L02410,,False
L02411,,False
L02412,,False
L02413,,False
L02414,,False
L02415,,False
L02416,,False
L02417,,False
L02418,,False
L02419,,False
L02420,,False
L02421,2.0,False
L02422,,False
L02423,,False
L02424,,False
L02425,,False
L02426,,False
L02427,,False
L02428,,False
L02429,,False
L02430,,False
L02431,,False
L02432,,False
L02433,,False
L02434,,False
L02435,,False
L02436,,False
L02437,,False
L02438,,False
L02439,,False
L02440,,False
L02441,,False
L02442,,False
L02443,14.0,False
L02444,,False
L02445,,False
L02446,,False
L02447,,False
L02448,,False
L02449,,False
L02450,,False
L02451,,False
L02452,,False
L02453,,False
L02454,10.0,False
L02455,,False
L02456,,False
L02457,,False
L02458,,False
L02459,,False
L02460,,False
L02461,,False
L02462,,False
L02463,,False
L02464,,False
L02465,,False
L02466,18.0,True
L02467,,False
L02468,,False
L02469,,False
L02470,5.0,True
L02471,,False
L02472,,False
L02473,,False
L02474,,False
L02475,,False
L02476,,False
L02477,,False
L02478,,False
L02479,,False
L02480,,False
L02481,,False
L02482,,False
L02483,,False
L02484,,False
L02485,,False
L02486,,False
L02487,,False
L02488,,False
L02489,,False
L02490,,False
L02491,,False
L02492,,False
L02493,,False
L02494,,False
L02495,,False
L02496,,False
L02497,,False
L02498,,False
L02499,,False
L02500,,False
L02501,,False
L02502,,False
L02503,,False
L02504,,False
L02505,,False
L02506,,False
L02507,16.0,False
L02508,,False
L02509,,False
L02510,,False
L02511,,False
L02512,,False
L02513,5.0,False
L02514,,False
L02515,,False
L02516,,False
L02517,,False
L02518,,False
L02519,,False
L02520,,False
L02521,,False
L02522,,False
L02523,,False
L02524,,False
L02525,,False
L02526,,False
L02527,,False
L02528,,False
L02529,,False
L02530,,False
L02531,,False
L02532,,False
L02533,,False
L02534,,False
L02535,15.0,False
L02536,10.0,False
L02537,,False
L02538,,False
L02539,,False
L02540,,False
L02541,,False
L02542,,False
L02543,,False
L02544,,False
L02545,,False
L02546,15.0,True
L02547,,False
L02548,,False
L02549,,False
L02550,,False
L02551,,False
L02552,,False
L02553,7.0,True
L02554,,False
L02555,,False
L02556,,False
L02557,4.0,True
L02558,,False
L02559,,False
L02560,,False
L02561,,False
L02562,,False
L02563,,False
L02564,,False
L02565,,False
L02566,,False
L02567,,False
L02568,,False
L02569,,False
L02570,,False
L02571,,False
L02572,,False
L02573,,False
L02574,,False
L02575,,False
L02576,,False
L02577,,False
L02578,,False
L02579,,False
L02580,,False
L02581,,False
L02582,,False
L02583,,False
L02584,,False
L02585,,False
L02586,7.0,False
L02587,,False
L02588,,False
L02589,,False
L02590,,False
L02591,,False
L02592,,False
L02593,7.0,True
L02594,,False
L02595,,False
L02596,,False
L02597,,False
L02598,,False
L02599,,False
L02600,15.0,False
L02601,,False
L02602,,False
L02603,,False
L02604,,False
L02605,,False
L02606,,False
L02607,,False
L02608,,False
L02609,,False
L02610,,False
L02611,,False
L02612,,False
L02613,,False
L02614,,False
L02615,16.0,False
L02616,,False
L02617,,False
L02618,8.0,True
L02619,,False
L02620,,False
L02621,,False
L02622,,False
L02623,,False
L02624,,False
L02625,,False
L02626,,False
L02627,,False
L02628,,False
L02629,,False
L02630,,False
L02631,,False
L02632,,False
L02633,10.0,False
L02634,,False
L02635,,False
L02636,,False
L02637,,False
L02638,,False
L02639,,False
L02640,,False
L02641,,False
L02642,,False
L02643,6.0,False
L02644,,False
L02645,,False
L02646,,False
L02647,,False
L02648,,False
L02649,,False
L02650,,False
L02651,,False
L02652,,False
L02653,,False
L02654,5.0,False
L02655,,False
L02656,,False
L02657,,False
L02658,,False
L02659,,False
L02660,,False
L02661,,False
L02662,,False
L02663,,False
L02664,,False
L02665,,False
L02666,,False
L02667,,False
L02668,,False
L02669,9.0,False
L02670,,False
L02671,,False
L02672,,False
L02673,,False
L02674,,False
L02675,,False
L02676,,False
L02677,,False
L02678,,False
L02679,,False
L02680,,False
L02681,,False
L02682,,False
L02683,,False
L02684,,False
L02685,,False
L02686,,False
L02687,,False
L02688,,False
L02689,2.0,False
L02690,,False
L02691,,False
L02692,,False
L02693,,False
L02694,,False
L02695,12.0,False
L02696,15.0,True
L02697,,False
L02698,,False
L02699,,False
L02700,,False
L02701,8.0,False
L02702,7.0,False
L02703,,False
L02704,,False
L02705,,False
L02706,,False
L02707,,False
L02708,,False
L02709,,False
L02710,,False
L02711,,False
L02712,,False
L02713,,False
L02714,20.0,False
L02715,,False
L02716,,False
L02717,,False
L02718,,False
L02719,4.0,False
L02720,,False
L02721,,False
L02722,,False
L02723,,False
L02724,,False
L02725,,False
L02726,,False
L02727,,False
L02728,,False
L02729,,False
L02730,,False
L02731,,False
L02732,3.0,True
L02733,,False
L02734,,False
L02735,,False
L02736,,False
L02737,,False
L02738,,False
L02739,,False
L02740,,False
L02741,,False
L02742,,False
L02743,,False
L02744,,False
L02745,17.0,True
L02746,,False
L02747,,False
L02748,,False
L02749,,False
L02750,10.0,False
L02751,,False
L02752,,False
L02753,,False
L02754,,False
L02755,11.0,False
L02756,,False
L02757,,False
L02758,,False
L02759,,False
L02760,,False
L02761,6.0,True
L02762,,False
L02763,,False
L02764,,False
L02765,,False
L02766,,False
L02767,,False
L02768,,False
L02769,,False
L02770,,False
L02771,,False
L02772,,False
L02773,,False
L02774,,False
L02775,,False
L02776,,False
L02777,,False
L02778,,False
L02779,,False
L02780,,False
L02781,,False
L02782,,False
L02783,,False
L02784,,False
L02785,,False
L02786,,False
L02787,,False
L02788,,False
L02789,,False
L02790,,False
L02791,,False
L02792,,False
L02793,,False
L02794,,False
L02795,,False
L02796,,False
L02797,,False
L02798,,False
L02799,,False
L02800,6.0,False
L02801,,False
L02802,,False
L02803,,False
L02804,,False
L02805,,False
L02806,,False
L02807,,False
L02808,,False
L02809,16.0,True
L02810,,False
L02811,,False
L02812,,False
L02813,15.0,True
L02814,,False
L02815,,False
L02816,,False
L02817,,False
L02818,9.0,False
L02819,,False
L02820,,False
L02821,,False
L02822,6.0,True
L02823,,False
L02824,,False
L02825,,False
L02826,,False
L02827,,False
L02828,21.0,False
L02829,,False
L02830,,False
L02831,,False
L02832,,False
L02833,5.0,False
L02834,,False
L02835,19.0,True
L02836,,False
L02837,,False
L02838,,False
L02839,,False
L02840,,False
L02841,,False
L02842,16.0,False
L02843,,False
L02844,,False
L02845,,False
L02846,39.0,False
L02847,13.0,False
L02848,,False
L02849,,False
L02850,,False
L02851,,False
L02852,,False
L02853,,False
L02854,,False
L02855,,False
L02856,,False
L02857,,False
L02858,,False
L02859,,False
L02860,,False
L02861,,False
L02862,8.0,False
L02863,,False
L02864,,False
L02865,,False
L02866,,False
L02867,,False
L02868,,False
L02869,,False
L02870,,False
L02871,,False
L02872,,False
L02873,,False
L02874,,False
L02875,,False
L02876,,False
L02877,,False
L02878,,False
L02879,,False
L02880,,False
L02881,,False
L02882,,False
L02883,,False
L02884,,False
L02885,,False
L02886,,False
L02887,,False
L02888,16.0,False
L02889,,False
L02890,,False
L02891,,False
L02892,,False
L02893,,False
L02894,,False
L02895,,False
L02896,,False
L02897,,False
L02898,,False
L02899,,False
L02900,,False
L02901,,False
L02902,,False
L02903,,False
L02904,,False
L02905,,False
L02906,,False
L02907,,False
L02908,,False
L02909,,False
L02910,,False
L02911,,False
L02912,,False
L02913,,False
L02914,,False
L02915,34.0,True
L02916,14.0,False
L02917,,False
L02918,,False
L02919,,False
L02920,,False
L02921,,False
L02922,,False
L02923,,False
L02924,,False
L02925,32.0,False
L02926,,False
L02927,,False
L02928,,False
L02929,,False
L02930,,False
L02931,,False
L02932,,False
L02933,,False
L02934,,False
L02935,,False
L02936,,False
L02937,,False
L02938,,False
L02939,,False
L02940,,False
L02941,,False
L02942,,False
L02943,,False
L02944,,False
L02945,,False
L02946,,False
L02947,,False
L02948,,False
L02949,10.0,False
L02950,,False
L02951,,False
L02952,1.0,True
L02953,,False
L02954,,False
L02955,,False
L02956,14.0,False
L02957,,False
L02958,,False
L02959,,False
L02960,,False
L02961,,False
L02962,,False
L02963,,False
L02964,,False
L02965,,False
L02966,,False
L02967,,False
L02968,,False
L02969,,False
L02970,,False
L02971,,False
L02972,,False
L02973,,False
L02974,6.0,True
L02975,,False
L02976,,False
L02977,28.0,False
L02978,,False
L02979,,False
L02980,,False
L02981,,False
L02982,,False
L02983,,False
L02984,17.0,False
L02985,,False
L02986,,False
L02987,,False
L02988,,False
L02989,,False
L02990,,False
L02991,,False
L02992,,False
L02993,,False
L02994,8.0,False
L02995,,False
L02996,,False
L02997,,False
L02998,,False
L02999,4.0,False
L03000,,False
L03001,,False
L03002,,False
L03003,,False
L03004,,False
L03005,,False
L03006,,False
L03007,,False
L03008,,False
L03009,,False
L03010,,False
L03011,,False
L03012,,False
L03013,,False
L03014,,False
L03015,,False
L03016,,False
L03017,,False
L03018,15.0,True
L03019,1.0,False
L03020,,False
L03021,,False
L03022,,False
L03023,,False
L03024,,False
L03025,,False
L03026,,False
L03027,,False
L03028,,False
L03029,,False
L03030,,False
L03031,,False
L03032,,False
L03033,,False
L03034,,False
L03035,15.0,True
L03036,,False
L03037,,False
L03038,,False
L03039,,False
L03040,,False
L03041,,False
L03042,,False
L03043,21.0,False
L03044,,False
L03045,,False
L03046,,False
L03047,,False
L03048,,False
L03049,,False
L03050,,False
L03051,,False
L03052,,False
L03053,,False
L03054,,False
L03055,,False
L03056,,False
L03057,,False
L03058,,False
L03059,,False
L03060,,False
L03061,19.0,False
L03062,16.0,False
L03063,,False
L03064,,False
L03065,,False
L03066,,False
L03067,,False
L03068,,False
L03069,,False
L03070,,False
L03071,,False
L03072,,False
L03073,,False
L03074,,False
L03075,,False
L03076,16.0,False
L03077,,False
L03078,,False
L03079,,False
L03080,,False
L03081,,False
L03082,,False
L03083,,False
L03084,,False
L03085,,False
L03086,,False
L03087,,False
L03088,,False
L03089,18.0,True
L03090,,False
L03091,,False
L03092,,False
L03093,,False
L03094,,False
L03095,10.0,True
L03096,,False
L03097,,False
L03098,,False
L03099,,False
L03100,,False
L03101,,False
L03102,,False
L03103,,False
L03104,,False
L03105,,False
L03106,,False
L03107,9.0,True
L03108,,False
L03109,11.0,False
L03110,,False
L03111,,False
L03112,,False
L03113,,False
L03114,,False
L03115,,False
L03116,,False
L03117,,False
L03118,,False
L03119,,False
L03120,,False
L03121,,False
L03122,,False
L03123,,False
L03124,,False
L03125,,False
L03126,,False
L03127,,False
L03128,,False
L03129,,False
L03130,,False
L03131,,False
L03132,14.0,False
L03133,,False
L03134,,False
L03135,23.0,False
L03136,,False
L03137,,False
L03138,12.0,True
L03139,,False
L03140,4.0,False
L03141,,False
L03142,,False
L03143,,False
L03144,,False
L03145,14.0,True
L03146,,False
L03147,,False
L03148,,False
L03149,,False
L03150,,False
L03151,,False
L03152,,False
L03153,,False
L03154,,False
L03155,,False
L03156,,False
L03157,,False
L03158,,False
L03159,,False
L03160,,False
L03161,,False
L03162,,False
L03163,9.0,False
L03164,,False
L03165,,False
L03166,,False
L03167,,False
L03168,,False
L03169,,False
L03170,,False
L03171,,False
L03172,,False
L03173,,False
L03174,,False
L03175,,False
L03176,,False
L03177,,False
L03178,,False
L03179,,False
L03180,18.0,True
L03181,,False
L03182,,False
L03183,,False
L03184,,False
L03185,,False
L03186,,False
L03187,,False
L03188,,False
L03189,5.0,False
L03190,,False
L03191,,False
L03192,,False
L03193,,False
L03194,,False
L03195,,False
L03196,,False
L03197,,False
L03198,,False
L03199,,False
L03200,,False
L03201,,False
L03202,15.0,False
L03203,,False
L03204,,False
L03205,,False
L03206,,False
L03207,,False
L03208,,False
L03209,,False
L03210,,False
L03211,,False
L03212,,False
L03213,,False
L03214,,False
L03215,,False
L03216,12.0,False
L03217,,False
L03218,,False
L03219,,False
L03220,,False
L03221,,False
L03222,,False
L03223,,False
L03224,9.0,False
L03225,,False
L03226,,False
L03227,,False
L03228,,False
L03229,,False
L03230,,False
L03231,,False
L03232,,False
L03233,,False
L03234,,False
L03235,,False
L03236,,False
L03237,,False
L03238,,False
L03239,,False
L03240,8.0,False
L03241,,False
L03242,,False
L03243,11.0,False
L03244,,False
L03245,6.0,True
L03246,,False
L03247,,False
L03248,,False
L03249,,False
L03250,,False
L03251,,False
L03252,,False
L03253,,False
L03254,,False
L03255,,False
L03256,,False
L03257,,False
L03258,,False
L03259,,False
L03260,,False
L03261,,False
L03262,,False
L03263,,False
L03264,,False
L03265,,False
L03266,,False
L03267,,False
L03268,,False
L03269,,False
L03270,,False
L03271,19.0,False
L03272,,False
L03273,,False
L03274,,False
L03275,,False
L03276,,False
L03277,,False
L03278,,False
L03279,,False
L03280,,False
L03281,,False
L03282,17.0,False
L03283,,False
L03284,,False
L03285,,False
L03286,,False
L03287,,False
L03288,,False
L03289,9.0,False
L03290,,False
L03291,,False
L03292,,False
L03293,,False
L03294,,False
L03295,,False
L03296,,False
L03297,17.0,False
L03298,,False
L03299,,False
L03300,,False
L03301,,False
L03302,,False
L03303,,False
L03304,,False
L03305,,False
L03306,,False
L03307,,False
L03308,10.0,False
L03309,,False
L03310,,False
L03311,,False
L03312,,False
L03313,,False
L03314,,False
L03315,,False
L03316,14.0,False
L03317,14.0,False
L03318,,False
L03319,,False
L03320,,False
L03321,,False
L03322,,False
L03323,,False
L03324,,False
L03325,,False
L03326,,False
L03327,,False
L03328,,False
L03329,,False
L03330,,False
L03331,,False
L03332,,False
L03333,,False
L03334,,False
L03335,,False
L03336,,False
L03337,,False
L03338,,False
L03339,,False
L03340,,False
L03341,17.0,False
L03342,,False
L03343,,False
L03344,,False
L03345,,False
L03346,,False
L03347,,False
L03348,,False
L03349,,False
L03350,,False
L03351,,False
L03352,,False
L03353,,False
L03354,,False
L03355,,False
L03356,,False
L03357,,False
L03358,,False
L03359,,False
L03360,,False
L03361,,False
L03362,,False
L03363,,False
L03364,,False
L03365,,False
L03366,,False
L03367,,False
L03368,14.0,True
L03369,,False
L03370,10.0,False
L03371,,False
L03372,,False
L03373,,False
L03374,,False
L03375,,False
L03376,,False
L03377,,False
L03378,,False
L03379,,False
L03380,,False
L03381,,False
L03382,,False
L03383,,False
L03384,,False
L03385,,False
L03386,,False
L03387,,False
L03388,,False
L03389,,False
L03390,,False
L03391,,False
L03392,,False
L03393,12.0,False
L03394,,False
L03395,,False
L03396,,False
L03397,,False
L03398,,False
L03399,,False
L03400,,False
L03401,,False
L03402,,False
L03403,,False
L03404,,False
L03405,16.0,False
L03406,,False
L03407,,False
L03408,,False
L03409,,False
L03410,,False
L03411,,False
L03412,,False
L03413,,False
L03414,,False
L03415,6.0,True
L03416,,False
L03417,,False
L03418,,False
L03419,,False
L03420,,False
L03421,,False
L03422,,False
L03423,,False
L03424,,False
L03425,,False
L03426,,False
L03427,,False
L03428,11.0,False
L03429,,False
L03430,,False
L03431,,False
L03432,8.0,True
L03433,,False
L03434,,False
L03435,,False
L03436,,False
L03437,,False
L03438,,False
L03439,,False
L03440,,False
L03441,,False
L03442,,False
L03443,,False
L03444,,False
L03445,,False
L03446,,False
L03447,,False
L03448,,False
L03449,,False
L03450,,False
L03451,,False
L03452,,False
L03453,,False
L03454,,False
L03455,,False
L03456,,False
L03457,,False
L03458,,False
L03459,,False
L03460,,False
L03461,,False
L03462,,False
L03463,,False
L03464,,False
L03465,,False
L03466,,False
L03467,,False
L03468,,False
L03469,,False
L03470,,False
L03471,,False
L03472,,False
L03473,,False
L03474,9.0,False
L03475,,False
L03476,,False
L03477,,False
L03478,,False
L03479,,False
L03480,13.0,False
L03481,,False
L03482,,False
L03483,,False
L03484,,False
L03485,,False
L03486,,False
L03487,,False
L03488,,False
L03489,,False
L03490,,False
L03491,,False
L03492,,False
L03493,,False
L03494,18.0,True
L03495,,False
L03496,,False
L03497,,False
L03498,,False
L03499,,False
L03500,,False
L03501,,False
L03502,,False
L03503,,False
L03504,,False
L03505,,False
L03506,,False
L03507,,False
L03508,,False
L03509,15.0,True
L03510,,False
L03511,,False
L03512,,False
L03513,,False
L03514,,False
L03515,,False
L03516,,False
L03517,,False
L03518,,False
L03519,,False
L03520,,False
L03521,,False
L03522,,False
L03523,,False
L03524,,False
L03525,,False
L03526,,False
L03527,,False
L03528,11.0,False
L03529,,False
L03530,,False
L03531,,False
L03532,,False
L03533,,False
L03534,,False
L03535,,False
L03536,,False
L03537,,False
L03538,,False
L03539,,False
L03540,,False
L03541,,False
L03542,,False
L03543,,False
L03544,,False
L03545,,False
L03546,,False
L03547,,False
L03548,,False
L03549,,False
L03550,,False
L03551,,False
L03552,,False
L03553,,False
L03554,,False
L03555,,False
L03556,,False
L03557,30.0,True
L03558,,False
L03559,,False
L03560,,False
L03561,,False
L03562,,False
L03563,,False
L03564,,False
L03565,,False
L03566,,False
L03567,,False
L03568,,False
L03569,,False
L03570,,False
L03571,,False
L03572,,False
L03573,,False
L03574,,False
L03575,,False
L03576,,False
L03577,,False
L03578,,False
L03579,,False
L03580,,False
L03581,,False
L03582,,False
L03583,,False
L03584,,False
L03585,,False
L03586,,False
L03587,,False
L03588,,False
L03589,,False
L03590,,False
L03591,,False
L03592,,False
L03593,,False
L03594,,False
L03595,,False
L03596,,False
L03597,,False
L03598,,False
L03599,7.0,False
L03600,,False
L03601,,False
L03602,,False
L03603,,False
L03604,,False
L03605,,False
L03606,,False
L03607,,False
L03608,,False
L03609,,False
L03610,,False
L03611,,False
L03612,,False
L03613,,False
L03614,,False
L03615,,False
L03616,,False
L03617,,False
L03618,,False
L03619,,False
L03620,,False
L03621,,False
L03622,,False
L03623,,False
L03624,,False
L03625,,False
L03626,,False
L03627,,False
L03628,,False
L03629,,False
L03630,,False
L03631,,False
L03632,,False
L03633,,False
L03634,,False
L03635,,False
L03636,,False
L03637,,False
L03638,11.0,False
L03639,,False
L03640,,False
L03641,,False
L03642,6.0,True
L03643,,False
L03644,,False
L03645,,False
L03646,,False
L03647,,False
L03648,,False
L03649,,False
L03650,,False
L03651,,False
L03652,,False
L03653,,False
L03654,,False
L03655,,False
L03656,,False
L03657,,False
L03658,,False
L03659,,False
L03660,,False
L03661,,False
L03662,,False
L03663,,False
L03664,,False
L03665,,False
L03666,,False
L03667,,False
L03668,,False
L03669,,False
L03670,,False
L03671,,False
L03672,,False
L03673,,False
L03674,,False
L03675,,False
L03676,,False
L03677,,False
L03678,,False
L03679,13.0,False
L03680,,False
L03681,,False
L03682,,False
L03683,,False
L03684,34.0,False
L03685,,False
L03686,,False
L03687,,False
L03688,,False
L03689,,False
L03690,,False
L03691,,False
L03692,,False
L03693,,False
L03694,,False
L03695,,False
L03696,,False
L03697,,False
L03698,,False
L03699,,False
L03700,,False
L03701,,False
L03702,,False
L03703,,False
L03704,,False
L03705,,False
L03706,17.0,False
L03707,,False
L03708,,False
L03709,,False
L03710,,False
L03711,,False
L03712,,False
L03713,,False
L03714,,False
L03715,,False
L03716,,False
L03717,,False
L03718,,False
L03719,,False
L03720,,False
L03721,,False
L03722,,False
L03723,,False
L03724,,False
L03725,,False
L03726,,False
L03727,,False
L03728,,False
L03729,,False
L03730,,False
L03731,,False
L03732,,False
L03733,,False
L03734,,False
L03735,,False
L03736,,False
L03737,,False
L03738,,False
L03739,,False
L03740,,False
L03741,,False
L03742,,False
L03743,,False
L03744,,False
L03745,,False
L03746,,False
L03747,,False
L03748,,False
L03749,13.0,False
L03750,,False
L03751,,False
L03752,,False
L03753,12.0,False
L03754,,False
L03755,,False
L03756,,False
L03757,,False
L03758,,False
L03759,,False
L03760,,False
L03761,,False
L03762,,False
L03763,,False
L03764,,False
L03765,,False
L03766,,False
L03767,,False
L03768,,False
L03769,,False
L03770,,False
L03771,,False
L03772,,False
L03773,,False
L03774,,False
L03775,,False
L03776,,False
L03777,,False
L03778,,False
L03779,,False
L03780,,False
L03781,,False
L03782,,False
L03783,,False
L03784,,False
L03785,,False
L03786,,False
L03787,,False
L03788,,False
L03789,,False
L03790,,False
L03791,,False
L03792,,False
L03793,,False
L03794,,False
L03795,12.0,False
L03796,,False
L03797,,False
L03798,,False
L03799,,False
L03800,,False
L03801,13.0,False
L03802,,False
L03803,,False
L03804,,False
L03805,,False
L03806,,False
L03807,,False
L03808,,False
L03809,,False
L03810,,False
L03811,,False
L03812,,False
L03813,,False
L03814,,False
L03815,23.0,True
L03816,,False
L03817,,False
L03818,,False
L03819,,False
L03820,,False
L03821,,False
L03822,,False
L03823,,False
L03824,,False
L03825,,False
L03826,,False
L03827,,False
L03828,,False
L03829,17.0,False
L03830,,False
L03831,,False
L03832,,False
L03833,,False
L03834,,False
L03835,,False
L03836,,False
L03837,,False
L03838,,False
L03839,,False
L03840,,False
L03841,,False
L03842,,False
L03843,,False
L03844,,False
L03845,,False
L03846,,False
L03847,,False
L03848,,False
L03849,,False
L03850,,False
L03851,,False
L03852,20.0,False
L03853,,False
L03854,,False
L03855,,False
L03856,,False
L03857,11.0,False
L03858,,False
L03859,,False
L03860,,False
L03861,,False
L03862,,False
L03863,,False
L03864,,False
L03865,,False
L03866,,False
L03867,,False
L03868,,False
L03869,,False
L03870,,False
L03871,,False
L03872,,False
L03873,,False
L03874,,False
L03875,,False
L03876,,False
L03877,,False
L03878,,False
L03879,,False
L03880,,False
L03881,,False
L03882,,False
L03883,,False
L03884,,False
L03885,,False
L03886,,False
L03887,,False
L03888,,False
L03889,,False
L03890,,False
L03891,12.0,False
L03892,,False
L03893,,False
L03894,,False
L03895,,False
L03896,,False
L03897,,False
L03898,,False
L03899,8.0,False
L03900,,False
L03901,,False
L03902,,False
L03903,,False
L03904,,False
L03905,17.0,False
L03906,,False
L03907,15.0,True
L03908,,False
L03909,,False
L03910,,False
L03911,,False
L03912,,False
L03913,,False
L03914,,False
L03915,,False
L03916,12.0,False
L03917,,False
L03918,5.0,False
L03919,,False
L03920,,False
L03921,,False
L03922,,False
L03923,15.0,True
L03924,,False
L03925,,False
L03926,4.0,False
L03927,,False
L03928,,False
L03929,,False
L03930,,False
L03931,,False
L03932,,False
L03933,,False
L03934,,False
L03935,,False
L03936,,False
L03937,,False
L03938,,False
L03939,,False
L03940,,False
L03941,16.0,False
L03942,,False
L03943,,False
L03944,,False
L03945,,False
L03946,,False
L03947,,False
L03948,22.0,True
L03949,,False
L03950,4.0,True
L03951,,False
L03952,,False
L03953,,False
L03954,,False
L03955,,False
L03956,,False
L03957,,False
L03958,,False
L03959,,False
L03960,,False
L03961,,False
L03962,,False
L03963,,False
L03964,,False
L03965,2.0,False
L03966,,False
L03967,,False
L03968,,False
L03969,,False
L03970,,False
L03971,,False
L03972,,False
L03973,,False
L03974,,False
L03975,,False
L03976,11.0,False
L03977,,False
L03978,,False
L03979,,False
L03980,,False
L03981,,False
L03982,,False
L03983,,False
L03984,,False
L03985,,False
L03986,,False
L03987,,False
L03988,,False
L03989,,False
L03990,,False
L03991,,False
L03992,,False
L03993,,False
L03994,,False
L03995,,False
L03996,,False
L03997,,False
L03998,,False
L03999,,False
L04000,,False
L04001,,False
L04002,,False
L04003,,False
L04004,,False
L04005,,False
L04006,,False
L04007,,False
L04008,,False
L04009,,False
L04010,,False
L04011,,False
L04012,,False
L04013,,False
L04014,,False
L04015,15.0,False
L04016,,False
L04017,,False
L04018,,False
L04019,,False
L04020,,False
L04021,,False
L04022,,False
L04023,,False
L04024,,False
L04025,,False
L04026,,False
L04027,,False
L04028,,False
L04029,,False
L04030,,False
L04031,,False
L04032,,False
L04033,,False
L04034,,False
L04035,,False
L04036,,False
L04037,,False
L04038,1.0,False
L04039,,False
L04040,,False
L04041,,False
L04042,,False
L04043,,False
L04044,,False
L04045,,False
L04046,,False
L04047,,False
L04048,,False
L04049,,False
L04050,,False
L04051,,False
L04052,,False
L04053,,False
L04054,,False
L04055,,False
L04056,4.0,True
L04057,,False
L04058,,False
L04059,18.0,False
L04060,,False
L04061,,False
L04062,,False
L04063,,False
L04064,,False
L04065,,False
L04066,,False
L04067,,False
L04068,,False
L04069,,False
L04070,,False
L04071,,False
L04072,,False
L04073,,False
L04074,1.0,False
L04075,,False
L04076,9.0,False
L04077,18.0,True
L04078,,False
L04079,,False
L04080,,False
L04081,,False
L04082,12.0,False
L04083,,False
L04084,,False
L04085,7.0,False
L04086,,False
L04087,,False
L04088,,False
L04089,,False
L04090,21.0,False
L04091,,False
L04092,,False
L04093,,False
L04094,,False
L04095,,False
L04096,,False
L04097,,False
L04098,,False
L04099,,False
L04100,,False
L04101,,False
L04102,,False
L04103,,False
L04104,,False
L04105,,False
L04106,,False
L04107,,False
L04108,,False
L04109,,False
L04110,,False
L04111,,False
L04112,,False
L04113,,False
L04114,4.0,False
L04115,,False
L04116,,False
L04117,,False
L04118,,False
L04119,,False
L04120,,False
L04121,,False
L04122,,False
L04123,,False
L04124,,False
L04125,,False
L04126,,False
L04127,,False
L04128,,False
L04129,12.0,False
L04130,,False
L04131,,False
L04132,,False
L04133,,False
L04134,,False
L04135,,False
L04136,,False
L04137,,False
L04138,,False
L04139,,False
L04140,,False
L04141,,False
L04142,,False
L04143,,False
L04144,,False
L04145,,False
L04146,,False
L04147,,False
L04148,,False
L04149,3.0,True
L04150,,False
L04151,,False
L04152,,False
L04153,,False
L04154,,False
L04155,,False
L04156,23.0,False
L04157,,False
L04158,,False
L04159,,False
L04160,,False
L04161,,False
L04162,,False
L04163,,False
L04164,,False
L04165,,False
L04166,,False
L04167,,False
L04168,,False
L04169,,False
L04170,,False
L04171,,False
L04172,,False
L04173,,False
L04174,,False
L04175,,False
L04176,,False
L04177,,False
L04178,5.0,False
L04179,,False
L04180,,False
L04181,,False
L04182,,False
L04183,,False
L04184,6.0,True
L04185,,False
L04186,,False
L04187,,False
L04188,,False
L04189,,False
L04190,,False
L04191,,False
L04192,,False
L04193,,False
L04194,,False
L04195,,False
L04196,,False
L04197,,False
L04198,,False
L04199,,False
L04200,,False
L04201,,False
L04202,,False
L04203,,False
L04204,,False
L04205,7.0,True
L04206,24.0,False
L04207,,False
L04208,,False
L04209,,False
L04210,11.0,False
L04211,,False
L04212,,False
L04213,,False
L04214,,False
L04215,,False
L04216,9.0,False
L04217,,False
L04218,,False
L04219,,False
L04220,12.0,True
L04221,,False
L04222,,False
L04223,,False
L04224,,False
L04225,,False
L04226,,False
L04227,,False
L04228,,False
L04229,,False
L04230,,False
L04231,,False
L04232,6.0,False
L04233,,False
L04234,,False
L04235,,False
L04236,,False
L04237,11.0,False
L04238,2.0,False
L04239,,False
L04240,,False
L04241,,False
L04242,,False
L04243,,False
L04244,25.0,False
L04245,,False
L04246,,False
L04247,,False
L04248,,False
L04249,,False
L04250,,False
L04251,,False
L04252,,False
L04253,,False
L04254,,False
L04255,,False
L04256,,False
L04257,,False
L04258,,False
L04259,,False
L04260,,False
L04261,,False
L04262,,False
L04263,,False
L04264,,False
L04265,,False
L04266,,False
L04267,,False
L04268,,False
L04269,,False
L04270,,False
L04271,,False
L04272,,False
L04273,,False
L04274,,False
L04275,4.0,False
L04276,,False
L04277,,False
L04278,,False
L04279,,False
L04280,8.0,False
L04281,,False
L04282,2.0,False
L04283,,False
L04284,13.0,True
L04285,,False
L04286,,False
L04287,,False
L04288,,False
L04289,,False
L04290,,False
L04291,,False
L04292,,False
L04293,10.0,True
L04294,,False
L04295,,False
L04296,,False
L04297,,False
L04298,,False
L04299,9.0,False
L04300,,False
L04301,,False
L04302,,False
L04303,,False
L04304,,False
L04305,,False
L04306,,False
L04307,,False
L04308,,False
L04309,6.0,False
L04310,,False
L04311,,False
L04312,,False
L04313,5.0,False
L04314,,False
L04315,,False
L04316,,False
L04317,,False
L04318,,False
L04319,,False
L04320,,False
L04321,,False
L04322,,False
L04323,,False
L04324,,False
L04325,7.0,False
L04326,,False
L04327,,False
L04328,,False
L04329,,False
L04330,,False
L04331,,False
L04332,,False
L04333,,False
L04334,,False
L04335,,False
L04336,,False
L04337,,False
L04338,,False
L04339,,False
L04340,,False
L04341,,False
L04342,,False
L04343,,False
L04344,,False
L04345,,False
L04346,,False
L04347,,False
L04348,,False
L04349,,False
L04350,8.0,False
L04351,,False
L04352,,False
L04353,,False
L04354,,False
L04355,,False
L04356,,False
L04357,,False
L04358,,False
L04359,,False
L04360,,False
L04361,,False
L04362,,False
L04363,,False
L04364,,False
L04365,,False
L04366,,False
L04367,,False
L04368,,False
L04369,,False
L04370,,False
L04371,,False
L04372,,False
L04373,,False
L04374,,False
L04375,,False
L04376,,False
L04377,,False
L04378,,False
L04379,,False
L04380,,False
L04381,,False
L04382,,False
L04383,,False
L04384,,False
L04385,,False
L04386,,False
L04387,,False
L04388,,False
L04389,,False
L04390,,False
L04391,,False
L04392,21.0,False
L04393,,False
L04394,,False
L04395,,False
L04396,,False
L04397,,False
L04398,,False
L04399,,False
L04400,,False
L04401,,False
L04402,,False
L04403,,False
L04404,,False
L04405,,False
L04406,,False
L04407,,False
L04408,13.0,False
L04409,,False
L04410,,False
L04411,,False
L04412,,False
L04413,,False
L04414,,False
L04415,,False
L04416,,False
L04417,,False
L04418,,False
L04419,,False
L04420,,False
L04421,,False
L04422,,False
L04423,,False
L04424,,False
L04425,,False
L04426,,False
L04427,2.0,False
L04428,,False
L04429,,False
L04430,,False
L04431,,False
L04432,,False
L04433,,False
L04434,,False
L04435,,False
L04436,,False
L04437,,False
L04438,,False
L04439,14.0,False
L04440,,False
L04441,,False
L04442,,False
L04443,,False
L04444,,False
L04445,,False
L04446,,False
L04447,,False
L04448,,False
L04449,,False
L04450,,False
L04451,,False
L04452,,False
L04453,,False
L04454,,False
L04455,,False
L04456,,False
L04457,8.0,False
L04458,,False
L04459,,False
L04460,,False
L04461,,False
L04462,,False
L04463,,False
L04464,,False
L04465,,False
L04466,,False
L04467,,False
L04468,,False
L04469,,False
L04470,,False
L04471,,False
L04472,,False
L04473,,False
L04474,,False
L04475,,False
L04476,,False
L04477,,False
L04478,5.0,False
L04479,,False
L04480,,False
L04481,,False
L04482,,False
L04483,,False
L04484,,False
L04485,,False
L04486,,False
L04487,,False
L04488,,False
L04489,,False
L04490,,False
L04491,,False
L04492,,False
L04493,,False
L04494,,False
L04495,,False
L04496,,False
L04497,18.0,False
L04498,,False
L04499,,False
L04500,,False
L04501,,False
L04502,,False
L04503,4.0,False
L04504,,False
L04505,,False
L04506,21.0,False
L04507,,False
L04508,,False
L04509,,False
L04510,,False
L04511,,False
L04512,,False
L04513,,False
L04514,,False
L04515,,False
L04516,,False
L04517,,False
L04518,,False
L04519,,False
L04520,,False
L04521,,False
L04522,,False
L04523,,False
L04524,,False
L04525,,False
L04526,17.0,False
L04527,,False
L04528,,False
L04529,,False
L04530,,False
L04531,,False
L04532,,False
L04533,,False
L04534,,False
L04535,,False
L04536,,False
L04537,27.0,False
L04538,,False
L04539,,False
L04540,9.0,True
L04541,,False
L04542,,False
L04543,20.0,False
L04544,,False
L04545,,False
L04546,,False
L04547,10.0,True
L04548,,False
L04549,,False
L04550,,False
L04551,7.0,False
L04552,,False
L04553,,False
L04554,,False
L04555,,False
L04556,,False
L04557,,False
L04558,8.0,True
L04559,,False
L04560,,False
L04561,,False
L04562,,False
L04563,,False
L04564,,False
L04565,,False
L04566,,False
L04567,,False
L04568,,False
L04569,,False
L04570,,False
L04571,,False
L04572,,False
L04573,,False
L04574,,False
L04575,,False
L04576,,False
L04577,,False
L04578,,False
L04579,,False
L04580,,False
L04581,,False
L04582,,False
L04583,,False
L04584,,False
L04585,,False
L04586,,False
L04587,,False
L04588,,False
L04589,,False
L04590,,False
L04591,,False
L04592,,False
L04593,,False
L04594,,False
L04595,,False
L04596,,False
L04597,,False
L04598,,False
L04599,,False
L04600,,False
L04601,,False
L04602,,False
L04603,,False
L04604,20.0,False
L04605,,False
L04606,17.0,False
L04607,,False
L04608,,False
L04609,,False
L04610,,False
L04611,,False
L04612,,False
L04613,,False
L04614,,False
L04615,,False
L04616,,False
L04617,,False
L04618,,False
L04619,,False
L04620,,False
L04621,,False
L04622,,False
L04623,,False
L04624,,False
L04625,,False
L04626,10.0,False
L04627,,False
L04628,,False
L04629,,False
L04630,,False
L04631,24.0,False
L04632,,False
L04633,,False
L04634,,False
L04635,,False
L04636,,False
L04637,,False
L04638,,False
L04639,8.0,False
L04640,,False
L04641,,False
L04642,,False
L04643,,False
L04644,,False
L04645,,False
L04646,,False
L04647,,False
L04648,,False
L04649,13.0,False
L04650,,False
L04651,,False
L04652,,False
L04653,,False
L04654,,False
L04655,,False
L04656,,False
L04657,,False
L04658,,False
L04659,,False
L04660,,False
L04661,,False
L04662,,False
L04663,,False
L04664,,False
L04665,,False
L04666,,False
L04667,,False
L04668,,False
L04669,,False
L04670,,False
L04671,,False
L04672,,False
L04673,,False
L04674,,False
L04675,,False
L04676,,False
L04677,,False
L04678,,False
L04679,,False
L04680,,False
L04681,,False
L04682,,False
L04683,,False
L04684,,False
L04685,,False
L04686,,False
L04687,,False
L04688,,False
L04689,,False
L04690,,False
L04691,,False
L04692,11.0,False
L04693,,False
L04694,,False
L04695,,False
L04696,,False
L04697,,False
L04698,9.0,False
L04699,,False
L04700,,False
L04701,,False
L04702,,False
L04703,,False
L04704,,False
L04705,,False
L04706,,False
L04707,,False
L04708,,False
L04709,,False
L04710,,False
L04711,,False
L04712,,False
L04713,,False
L04714,,False
L04715,,False
L04716,6.0,True
L04717,,False
L04718,,False
L04719,,False
L04720,,False
L04721,,False
L04722,,False
L04723,,False
L04724,,False
L04725,,False
L04726,,False
L04727,,False
L04728,,False
L04729,,False
L04730,,False
L04731,,False
L04732,,False
L04733,,False
L04734,,False
L04735,,False
L04736,,False
L04737,6.0,True
L04738,,False
L04739,,False
L04740,,False
L04741,,False
L04742,,False
L04743,,False
L04744,,False
L04745,,False
L04746,,False
L04747,,False
L04748,,False
L04749,,False
L04750,,False
L04751,,False
L04752,,False
L04753,,False
L04754,,False
L04755,,False
L04756,,False
L04757,,False
L04758,,False
L04759,,False
L04760,,False
L04761,,False
L04762,,False
L04763,,False
L04764,,False
L04765,5.0,False
L04766,,False
L04767,,False
L04768,,False
L04769,,False
L04770,,False
L04771,,False
L04772,,False
L04773,,False
L04774,,False
L04775,,False
L04776,,False
L04777,,False
L04778,6.0,False
L04779,,False
L04780,9.0,False
L04781,,False
L04782,,False
L04783,7.0,False
L04784,,False
L04785,,False
L04786,8.0,False
L04787,,False
L04788,10.0,True
L04789,,False
L04790,,False
L04791,,False
L04792,,False
L04793,,False
L04794,,False
L04795,,False
L04796,,False
L04797,,False
L04798,,False
L04799,,False
L04800,,False
L04801,,False
L04802,,False
L04803,,False
L04804,,False
L04805,,False
L04806,,False
L04807,,False
L04808,,False
L04809,,False
L04810,,False
L04811,8.0,False
L04812,,False
L04813,,False
L04814,,False
L04815,,False
L04816,7.0,False
L04817,,False
L04818,,False
L04819,,False
L04820,,False
L04821,,False
L04822,,False
L04823,,False
L04824,,False
L04825,,False
L04826,,False
L04827,,False
L04828,,False
L04829,,False
L04830,,False
L04831,,False
L04832,14.0,False
L04833,,False
L04834,,False
L04835,,False
L04836,,False
L04837,,False
L04838,,False
L04839,,False
L04840,,False
L04841,,False
L04842,,False
L04843,,False
L04844,,False
L04845,,False
L04846,,False
L04847,,False
L04848,,False
L04849,,False
L04850,,False
L04851,,False
L04852,,False
L04853,,False
L04854,,False
L04855,,False
L04856,,False
L04857,,False
L04858,,False
L04859,,False
L04860,,False
L04861,,False
L04862,,False
L04863,7.0,False
L04864,,False
L04865,,False
L04866,,False
L04867,,False
L04868,11.0,False
L04869,,False
L04870,,False
L04871,,False
L04872,,False
L04873,,False
L04874,,False
L04875,,False
L04876,,False
L04877,,False
L04878,,False
L04879,,False
L04880,,False
L04881,,False
L04882,,False
L04883,,False
L04884,,False
L04885,,False
L04886,,False
L04887,,False
L04888,21.0,False
L04889,11.0,False
L04890,,False
L04891,,False
L04892,,False
L04893,15.0,False
L04894,,False
L04895,,False
L04896,,False
L04897,,False
L04898,,False
L04899,,False
L04900,,False
L04901,,False
L04902,,False
L04903,,False
L04904,,False
L04905,,False
L04906,,False
L04907,,False
L04908,,False
L04909,,False
L04910,,False
L04911,,False
L04912,,False
L04913,,False
L04914,,False
L04915,,False
L04916,29.0,False
L04917,,False
L04918,,False
L04919,,False
L04920,,False
L04921,,False
L04922,,False
L04923,,False
L04924,12.0,True
L04925,,False
L04926,,False
L04927,,False
L04928,,False
L04929,,False
L04930,,False
L04931,,False
L04932,,False
L04933,,False
L04934,,False
L04935,,False
L04936,,False
L04937,,False
L04938,,False
L04939,,False
L04940,,False
L04941,,False
L04942,,False
L04943,,False
L04944,,False
L04945,,False
L04946,,False
L04947,2.0,True
L04948,,False
L04949,,False
L04950,,False
L04951,,False
L04952,,False
L04953,19.0,False
L04954,,False
L04955,,False
L04956,,False
L04957,,False
L04958,,False
L04959,,False
L04960,9.0,False
L04961,,False
L04962,,False
L04963,14.0,False
L04964,,False
L04965,,False
L04966,,False
L04967,,False
L04968,,False
L04969,,False
L04970,,False
L04971,,False
L04972,,False
L04973,,False
L04974,,False
L04975,,False
L04976,,False
L04977,,False
L04978,,False
L04979,,False
L04980,,False
L04981,,False
L04982,,False
L04983,,False
L04984,,False
L04985,,False
L04986,,False
L04987,,False
L04988,,False
L04989,,False
L04990,,False
L04991,,False
L04992,,False
L04993,,False
L04994,,False
L04995,,False
L04996,6.0,True
L04997,,False
L04998,,False
L04999,,False
L05000,,False
L05001,,False
L05002,,False
L05003,,False
L05004,,False
L05005,,False
L05006,,False
L05007,,False
L05008,,False
L05009,,False
L05010,28.0,True
L05011,,False
L05012,,False
L05013,,False
L05014,,False
L05015,,False
L05016,,False
L05017,,False
L05018,,False
L05019,,False
L05020,,False
L05021,,False
L05022,,False
L05023,,False
L05024,,False
L05025,,False
L05026,,False
L05027,,False
L05028,,False
L05029,,False
L05030,,False
L05031,,False
L05032,,False
L05033,,False
L05034,,False
L05035,,False
L05036,,False
L05037,,False
L05038,,False
L05039,,False
L05040,,False
L05041,,False
L05042,,False
L05043,,False
L05044,,False
L05045,,False
L05046,,False
L05047,,False
L05048,,False
L05049,,False
L05050,,False
L05051,,False
L05052,,False
L05053,,False
L05054,,False
L05055,,False
L05056,,False
L05057,,False
L05058,,False
L05059,,False
L05060,,False
L05061,,False
L05062,,False
L05063,,False
L05064,,False
L05065,,False
L05066,,False
L05067,,False
L05068,,False
L05069,,False
L05070,,False
L05071,,False
L05072,,False
L05073,,False
L05074,,False
L05075,7.0,False
L05076,,False
L05077,,False
L05078,,False
L05079,,False
L05080,,False
L05081,,False
L05082,,False
L05083,,False
L05084,,False
L05085,,False
L05086,,False
L05087,,False
L05088,,False
L05089,,False
L05090,,False
L05091,,False
L05092,,False
L05093,,False
L05094,8.0,False
L05095,,False
L05096,,False
L05097,,False
L05098,,False
L05099,,False
L05100,,False
L05101,,False
L05102,,False
L05103,,False
L05104,,False
L05105,,False
L05106,,False
L05107,,False
L05108,,False
L05109,,False
L05110,,False
L05111,,False
L05112,,False
L05113,,False
L05114,,False
L05115,,False
L05116,,False
L05117,,False
L05118,,False
L05119,,False
L05120,,False
L05121,,False
L05122,,False
L05123,,False
L05124,,False
L05125,,False
L05126,,False
L05127,,False
L05128,,False
L05129,,False
L05130,,False
L05131,,False
L05132,,False
L05133,7.0,False
L05134,,False
L05135,,False
L05136,,False
L05137,,False
L05138,,False
L05139,,False
L05140,,False
L05141,,False
L05142,,False
L05143,,False
L05144,,False
L05145,,False
L05146,,False
L05147,,False
L05148,,False
L05149,,False
L05150,,False
L05151,,False
L05152,,False
L05153,,False
L05154,4.0,True
L05155,,False
L05156,4.0,False
L05157,,False
L05158,,False
L05159,,False
L05160,,False
L05161,,False
L05162,,False
L05163,,False
L05164,,False
L05165,,False
L05166,,False
L05167,15.0,True
L05168,,False
L05169,,False
L05170,,False
L05171,,False
L05172,8.0,False
L05173,,False
L05174,,False
L05175,,False
L05176,,False
L05177,,False
L05178,,False
L05179,,False
L05180,,False
L05181,,False
L05182,,False
L05183,,False
L05184,,False
L05185,,False
L05186,,False
L05187,,False
L05188,,False
L05189,,False
L05190,,False
L05191,,False
L05192,,False
L05193,,False
L05194,,False
L05195,,False
L05196,,False
L05197,,False
L05198,,False
L05199,,False
L05200,,False
L05201,9.0,False
L05202,,False
L05203,,False
L05204,,False
L05205,,False
L05206,,False
L05207,,False
L05208,,False
L05209,9.0,False
L05210,9.0,False
L05211,,False
L05212,,False
L05213,14.0,False
L05214,,False
L05215,,False
L05216,4.0,True
L05217,,False
L05218,,False
L05219,,False
L05220,,False
L05221,,False
L05222,18.0,True
L05223,,False
L05224,,False
L05225,,False
L05226,,False
L05227,,False
L05228,,False
L05229,10.0,True
L05230,,False
L05231,,False
L05232,13.0,False
L05233,,False
L05234,,False
L05235,,False
L05236,,False
L05237,,False
L05238,,False
L05239,,False
L05240,,False
L05241,16.0,False
L05242,,False
L05243,,False
L05244,,False
L05245,,False
L05246,,False
L05247,,False
L05248,,False
L05249,,False
L05250,22.0,False
L05251,,False
L05252,,False
L05253,,False
L05254,,False
L05255,,False
L05256,,False
L05257,,False
L05258,,False
L05259,,False
L05260,,False
L05261,,False
L05262,,False
L05263,,False
L05264,,False
L05265,9.0,False
L05266,21.0,True
L05267,,False
L05268,15.0,False
L05269,,False
L05270,,False
L05271,,False
L05272,,False
L05273,,False
L05274,14.0,True
L05275,,False
L05276,,False
L05277,,False
L05278,,False
L05279,,False
L05280,,False
L05281,9.0,False
L05282,,False
L05283,11.0,False
L05284,,False
L05285,,False
L05286,,False
L05287,,False
L05288,,False
L05289,,False
L05290,,False
L05291,,False
L05292,,False
L05293,,False
L05294,,False
L05295,,False
L05296,,False
L05297,11.0,False
L05298,,False
L05299,,False
L05300,,False
L05301,,False
L05302,,False
L05303,,False
L05304,,False
L05305,,False
L05306,,False
L05307,,False
L05308,,False
L05309,,False
L05310,,False
L05311,,False
L05312,,False
L05313,,False
L05314,,False
L05315,,False
L05316,,False
L05317,,False
L05318,,False
L05319,,False
L05320,,False
L05321,,False
L05322,,False
L05323,,False
L05324,,False
L05325,,False
L05326,,False
L05327,,False
L05328,,False
L05329,,False
L05330,,False
L05331,,False
L05332,11.0,False
L05333,14.0,False
L05334,,False
L05335,,False
L05336,,False
L05337,,False
L05338,,False
L05339,,False
L05340,,False
L05341,,False
L05342,,False
L05343,,False
L05344,,False
L05345,,False
L05346,,False
L05347,,False
L05348,,False
L05349,,False
L05350,,False
L05351,,False
L05352,,False
L05353,,False
L05354,,False
L05355,,False
L05356,,False
L05357,,False
L05358,,False
L05359,,False
L05360,,False
L05361,,False
L05362,,False
L05363,,False
L05364,,False
L05365,,False
L05366,,False
L05367,13.0,False
L05368,,False
L05369,,False
L05370,,False
L05371,,False
L05372,,False
L05373,9.0,False
L05374,,False
L05375,,False
L05376,,False
L05377,,False
L05378,,False
L05379,,False
L05380,,False
L05381,,False
L05382,,False
L05383,,False
L05384,,False
L05385,,False
L05386,,False
L05387,,False
L05388,,False
L05389,,False
L05390,,False
L05391,,False
L05392,10.0,True
L05393,,False
L05394,,False
L05395,,False
L05396,,False
L05397,,False
L05398,,False
L05399,,False
L05400,,False
L05401,14.0,False
L05402,,False
L05403,,False
L05404,4.0,False
L05405,,False
L05406,,False
L05407,,False
L05408,,False
L05409,15.0,False
L05410,,False
L05411,,False
L05412,,False
L05413,,False
L05414,3.0,True
L05415,,False
L05416,,False
L05417,,False
L05418,,False
L05419,,False
L05420,,False
L05421,,False
L05422,,False
L05423,,False
L05424,,False
L05425,,False
L05426,,False
L05427,,False
L05428,,False
L05429,,False
L05430,,False
L05431,,False
L05432,,False
L05433,,False
L05434,,False
L05435,,False
L05436,,False
L05437,,False
L05438,,False
L05439,5.0,False
L05440,14.0,True
L05441,,False
L05442,,False
L05443,,False
L05444,,False
L05445,,False
L05446,,False
L05447,,False
L05448,,False
L05449,,False
L05450,,False
L05451,,False
L05452,,False
L05453,,False
L05454,,False
L05455,,False
L05456,,False
L05457,,False
L05458,,False
L05459,,False
L05460,,False
L05461,,False
L05462,,False
L05463,,False
L05464,,False
L05465,,False
L05466,,False
L05467,,False
L05468,,False
L05469,,False
L05470,,False
L05471,,False
L05472,,False
L05473,,False
L05474,,False
L05475,,False
L05476,,False
L05477,,False
L05478,,False
L05479,,False
L05480,,False
L05481,,False
L05482,,False
L05483,,False
L05484,,False
L05485,,False
L05486,,False
L05487,,False
L05488,,False
L05489,,False
L05490,,False
L05491,,False
L05492,,False
L05493,,False
L05494,,False
L05495,,False
L05496,,False
L05497,,False
L05498,,False
L05499,7.0,True
L05500,,False
L05501,,False
L05502,,False
L05503,,False
L05504,,False
L05505,,False
L05506,,False
L05507,,False
L05508,,False
L05509,,False
L05510,,False
L05511,,False
L05512,,False
L05513,,False
L05514,,False
L05515,,False
L05516,,False
L05517,,False
L05518,,False
L05519,,False
L05520,,False
L05521,,False
L05522,,False
L05523,,False
L05524,,False
L05525,,False
L05526,,False
L05527,,False
L05528,,False
L05529,16.0,True
L05530,,False
L05531,,False
L05532,,False
L05533,,False
L05534,,False
L05535,,False
L05536,,False
L05537,,False
L05538,,False
L05539,,False
L05540,13.0,True
L05541,,False
L05542,,False
L05543,,False
L05544,,False
L05545,,False
L05546,,False
L05547,,False
L05548,21.0,False
L05549,,False
L05550,,False
L05551,,False
L05552,,False
L05553,,False
L05554,,False
L05555,,False
L05556,,False
L05557,,False
L05558,,False
L05559,,False
L05560,,False
L05561,,False
L05562,,False
L05563,,False
L05564,,False
L05565,,False
L05566,,False
L05567,,False
L05568,,False
L05569,,False
L05570,,False
L05571,,False
L05572,,False
L05573,,False
L05574,,False
L05575,,False
L05576,,False
L05577,,False
L05578,,False
L05579,,False
L05580,,False
L05581,8.0,False
L05582,,False
L05583,,False
L05584,,False
L05585,,False
L05586,,False
L05587,,False
L05588,,False
L05589,,False
L05590,,False
L05591,,False
L05592,,False
L05593,,False
L05594,,False
L05595,,False
L05596,,False
L05597,,False
L05598,,False
L05599,,False
L05600,,False
L05601,,False
L05602,9.0,False
L05603,,False
L05604,,False
L05605,,False
L05606,,False
L05607,,False
L05608,,False
L05609,,False
L05610,8.0,False
L05611,,False
L05612,,False
L05613,,False
L05614,,False
L05615,,False
L05616,,False
L05617,29.0,True
L05618,,False
L05619,,False
L05620,,False
L05621,,False
L05622,,False
L05623,,False
L05624,,False
L05625,,False
L05626,,False
L05627,,False
L05628,,False
L05629,,False
L05630,,False
L05631,,False
L05632,,False
L05633,,False
L05634,,False
L05635,,False
L05636,,False
L05637,,False
L05638,,False
L05639,18.0,False
L05640,,False
L05641,,False
L05642,,False
L05643,,False
L05644,,False
L05645,,False
L05646,,False
L05647,,False
L05648,,False
L05649,,False
L05650,,False
L05651,,False
L05652,,False
L05653,,False
L05654,,False
L05655,,False
L05656,,False
L05657,,False
L05658,,False
L05659,,False
L05660,,False
L05661,,False
L05662,,False
L05663,22.0,False
L05664,,False
L05665,,False
L05666,,False
L05667,,False
L05668,,False
L05669,,False
L05670,,False
L05671,,False
L05672,15.0,False
L05673,,False
L05674,6.0,False
L05675,,False
L05676,,False
L05677,,False
L05678,,False
L05679,,False
L05680,16.0,True
L05681,,False
L05682,,False
L05683,,False
L05684,,False
L05685,,False
L05686,,False
L05687,,False
L05688,,False
L05689,,False
L05690,11.0,True
L05691,,False
L05692,,False
L05693,,False
L05694,,False
L05695,,False
L05696,,False
L05697,,False
L05698,,False
L05699,,False
L05700,,False
L05701,5.0,False
L05702,,False
L05703,,False
L05704,,False
L05705,,False
L05706,,False
L05707,,False
L05708,,False
L05709,,False
L05710,,False
L05711,,False
L05712,,False
L05713,,False
L05714,,False
L05715,,False
L05716,,False
L05717,,False
L05718,,False
L05719,,False
L05720,,False
L05721,,False
L05722,,False
L05723,,False
L05724,,False
L05725,,False
L05726,,False
L05727,,False
L05728,,False
L05729,,False
L05730,,False
L05731,,False
L05732,,False
L05733,,False
L05734,,False
L05735,,False
L05736,,False
L05737,18.0,False
L05738,,False
L05739,,False
L05740,14.0,False
L05741,,False
L05742,,False
L05743,,False
L05744,15.0,True
L05745,,False
L05746,,False
L05747,,False
L05748,,False
L05749,10.0,True
L05750,,False
L05751,,False
L05752,,False
L05753,,False
L05754,3.0,True
L05755,,False
L05756,,False
L05757,,False
L05758,,False
L05759,,False
L05760,,False
L05761,,False
L05762,,False
L05763,,False
L05764,,False
L05765,,False
L05766,,False
L05767,,False
L05768,18.0,False
L05769,,False
L05770,,False
L05771,,False
L05772,,False
L05773,,False
L05774,,False
L05775,,False
L05776,,False
L05777,,False
L05778,,False
L05779,,False
L05780,,False
L05781,,False
L05782,16.0,True
L05783,,False
L05784,,False
L05785,,False
L05786,,False
L05787,,False
L05788,,False
L05789,,False
L05790,,False
L05791,,False
L05792,,False
L05793,,False
L05794,,False
L05795,8.0,True
L05796,38.0,False
L05797,22.0,False
L05798,,False
L05799,,False
L05800,,False
L05801,11.0,False
L05802,,False
L05803,,False
L05804,,False
L05805,,False
L05806,,False
L05807,,False
L05808,,False
L05809,,False
L05810,,False
L05811,,False
L05812,,False
L05813,,False
L05814,,False
L05815,,False
L05816,,False
L05817,,False
L05818,,False
L05819,,False
L05820,,False
L05821,,False
L05822,,False
L05823,,False
L05824,,False
L05825,,False
L05826,,False
L05827,,False
L05828,,False
L05829,,False
L05830,,False
L05831,,False
L05832,,False
L05833,,False
L05834,,False
L05835,,False
L05836,,False
L05837,,False
L05838,,False
L05839,,False
L05840,,False
L05841,,False
L05842,,False
L05843,,False
L05844,,False
L05845,,False
L05846,,False
L05847,,False
L05848,,False
L05849,,False
L05850,,False
L05851,,False
L05852,,False
L05853,,False
L05854,,False
L05855,,False
L05856,,False
L05857,17.0,True
L05858,,False
L05859,,False
L05860,,False
L05861,,False
L05862,,False
L05863,,False
L05864,,False
L05865,,False
L05866,,False
L05867,,False
L05868,,False
L05869,,False
L05870,,False
L05871,,False
L05872,,False
L05873,,False
L05874,,False
L05875,,False
L05876,12.0,True
L05877,,False
L05878,,False
L05879,,False
L05880,,False
L05881,,False
L05882,,False
L05883,11.0,True
L05884,,False
L05885,,False
L05886,,False
L05887,,False
L05888,,False
L05889,,False
L05890,,False
L05891,,False
L05892,,False
L05893,,False
L05894,,False
L05895,,False
L05896,,False
L05897,,False
L05898,,False
L05899,,False
L05900,,False
L05901,,False
L05902,,False
L05903,,False
L05904,,False
L05905,,False
L05906,,False
L05907,,False
L05908,,False
L05909,,False
L05910,2.0,True
L05911,,False
L05912,,False
L05913,,False
L05914,,False
L05915,,False
L05916,,False
L05917,,False
L05918,,False
L05919,,False
L05920,,False
L05921,,False
L05922,,False
L05923,,False
L05924,,False
L05925,,False
L05926,,False
L05927,,False
L05928,11.0,True
L05929,,False
L05930,,False
L05931,,False
L05932,,False
L05933,,False
L05934,,False
L05935,,False
L05936,,False
L05937,,False
L05938,,False
L05939,,False
L05940,,False
L05941,18.0,False
L05942,,False
L05943,,False
L05944,,False
L05945,,False
L05946,,False
L05947,16.0,True
L05948,,False
L05949,,False
L05950,,False
L05951,,False
L05952,,False
L05953,,False
L05954,,False
L05955,,False
L05956,,False
L05957,,False
L05958,,False
L05959,,False
L05960,,False
L05961,,False
L05962,,False
L05963,,False
L05964,,False
L05965,,False
L05966,,False
L05967,,False
L05968,,False
L05969,,False
L05970,,False
L05971,,False
L05972,4.0,False
L05973,,False
L05974,19.0,False
L05975,,False
L05976,,False
L05977,,False
L05978,,False
L05979,,False
L05980,,False
L05981,,False
L05982,,False
L05983,,False
L05984,,False
L05985,,False
L05986,,False
L05987,,False
L05988,,False
L05989,,False
L05990,,False
L05991,,False
L05992,,False
L05993,18.0,True
L05994,,False
L05995,,False
L05996,,False
L05997,,False
L05998,,False
L05999,,False
L06000,,False
L06001,,False
L06002,,False
L06003,,False
L06004,,False
L06005,,False
L06006,,False
L06007,,False
L06008,20.0,True
L06009,,False
L06010,,False
L06011,,False
L06012,,False
L06013,,False
L06014,12.0,False
L06015,,False
L06016,,False
L06017,,False
L06018,,False
L06019,,False
L06020,,False
L06021,,False
L06022,,False
L06023,,False
L06024,,False
L06025,,False
L06026,,False
L06027,,False
L06028,,False
L06029,,False
L06030,,False
L06031,,False
L06032,29.0,False
L06033,,False
L06034,,False
L06035,,False
L06036,,False
L06037,,False
L06038,,False
L06039,16.0,False
L06040,,False
L06041,,False
L06042,,False
L06043,,False
L06044,,False
L06045,13.0,True
L06046,,False
L06047,,False
L06048,9.0,False
L06049,,False
L06050,,False
L06051,,False
L06052,,False
L06053,,False
L06054,,False
L06055,,False
L06056,,False
L06057,,False
L06058,,False
L06059,,False
L06060,,False
L06061,,False
L06062,,False
L06063,,False
L06064,,False
L06065,,False
L06066,,False
L06067,,False
L06068,,False
L06069,,False
L06070,,False
L06071,,False
L06072,,False
L06073,,False
L06074,,False
L06075,,False
L06076,,False
L06077,4.0,False
L06078,,False
L06079,,False
L06080,,False
L06081,,False
L06082,,False
L06083,,False
L06084,,False
L06085,,False
L06086,,False
L06087,5.0,False
L06088,20.0,True
L06089,,False
L06090,,False
L06091,,False
L06092,,False
L06093,,False
L06094,,False
L06095,,False
L06096,,False
L06097,,False
L06098,,False
L06099,,False
L06100,,False
L06101,,False
L06102,,False
L06103,,False
L06104,,False
L06105,,False
L06106,,False
L06107,,False
L06108,,False
L06109,,False
L06110,,False
L06111,,False
L06112,,False
L06113,,False
L06114,,False
L06115,,False
L06116,,False
L06117,,False
L06118,,False
L06119,,False
L06120,,False
L06121,,False
L06122,,False
L06123,,False
L06124,,False
L06125,,False
L06126,,False
L06127,,False
L06128,,False
L06129,,False
L06130,,False
L06131,,False
L06132,,False
L06133,,False
L06134,,False
L06135,,False
L06136,,False
L06137,,False
L06138,,False
L06139,,False
L06140,12.0,False
L06141,,False
L06142,,False
L06143,,False
L06144,,False
L06145,35.0,False
L06146,,False
L06147,,False
L06148,,False
L06149,,False
L06150,,False
L06151,,False
L06152,,False
L06153,,False
L06154,,False
L06155,,False
L06156,,False
L06157,,False
L06158,,False
L06159,,False
L06160,,False
L06161,,False
L06162,,False
L06163,,False
L06164,,False
L06165,,False
L06166,,False
L06167,,False
L06168,,False
L06169,,False
L06170,,False
L06171,7.0,False
L06172,,False
L06173,,False
L06174,,False
L06175,,False
L06176,,False
L06177,,False
L06178,,False
L06179,,False
L06180,,False
L06181,,False
L06182,,False
L06183,,False
L06184,,False
L06185,,False
L06186,,False
L06187,,False
L06188,,False
L06189,,False
L06190,17.0,True
L06191,,False
L06192,,False
L06193,,False
L06194,,False
L06195,,False
L06196,,False
L06197,,False
L06198,,False
L06199,,False
L06200,,False
L06201,,False
L06202,,False
L06203,,False
L06204,,False
L06205,,False
L06206,,False
L06207,,False
L06208,,False
L06209,,False
L06210,,False
L06211,,False
L06212,,False
L06213,,False
L06214,,False
L06215,,False
L06216,,False
L06217,,False
L06218,,False
L06219,,False
L06220,,False
L06221,,False
L06222,10.0,False
L06223,,False
L06224,,False
L06225,,False
L06226,,False
L06227,,False
L06228,,False
L06229,,False
L06230,,False
L06231,,False
L06232,,False
L06233,,False
L06234,,False
L06235,,False
L06236,10.0,False
L06237,,False
L06238,,False
L06239,,False
L06240,,False
L06241,,False
L06242,,False
L06243,,False
L06244,,False
L06245,,False
L06246,,False
L06247,,False
L06248,,False
L06249,,False
L06250,,False
L06251,,False
L06252,,False
L06253,,False
L06254,10.0,True
L06255,,False
L06256,,False
L06257,,False
L06258,,False
L06259,6.0,False
L06260,,False
L06261,,False
L06262,,False
L06263,,False
L06264,,False
L06265,,False
L06266,,False
L06267,,False
L06268,,False
L06269,,False
L06270,,False
L06271,,False
L06272,,False
L06273,,False
L06274,,False
L06275,,False
L06276,,False
L06277,,False
L06278,,False
L06279,,False
L06280,,False
L06281,16.0,False
L06282,,False
L06283,,False
L06284,,False
L06285,,False
L06286,,False
L06287,,False
L06288,,False
L06289,3.0,True
L06290,,False
L06291,,False
L06292,,False
L06293,,False
L06294,,False
L06295,,False
L06296,,False
L06297,14.0,False
L06298,,False
L06299,,False
L06300,,False
L06301,,False
L06302,,False
L06303,,False
L06304,,False
L06305,,False
L06306,,False
L06307,,False
L06308,,False
L06309,,False
L06310,,False
L06311,,False
L06312,,False
L06313,,False
L06314,,False
L06315,,False
L06316,,False
L06317,,False
L06318,,False
L06319,1.0,False
L06320,,False
L06321,,False
L06322,,False
L06323,6.0,False
L06324,,False
L06325,,False
L06326,,False
L06327,,False
L06328,,False
L06329,,False
L06330,,False
L06331,,False
L06332,,False
L06333,,False
L06334,,False
L06335,,False
L06336,,False
L06337,15.0,False
L06338,,False
L06339,,False
L06340,,False
L06341,,False
L06342,,False
L06343,,False
L06344,,False
L06345,,False
L06346,,False
L06347,,False
L06348,,False
L06349,4.0,False
L06350,,False
L06351,,False
L06352,,False
L06353,,False
L06354,,False
L06355,,False
L06356,,False
L06357,,False
L06358,,False
L06359,,False
L06360,,False
L06361,,False
L06362,,False
L06363,,False
L06364,,False
L06365,,False
L06366,,False
L06367,17.0,False
L06368,,False
L06369,,False
L06370,,False
L06371,,False
L06372,,False
L06373,3.0,True
L06374,,False
L06375,,False
L06376,,False
L06377,,False
L06378,,False
L06379,,False
L06380,,False
L06381,,False
L06382,,False
L06383,,False
L06384,,False
L06385,,False
L06386,,False
L06387,,False
L06388,,False
L06389,,False
L06390,,False
L06391,8.0,False
L06392,,False
L06393,,False
L06394,,False
L06395,5.0,False
L06396,,False
L06397,,False
L06398,15.0,True
L06399,,False
L06400,,False
L06401,,False
L06402,,False
L06403,16.0,False
L06404,,False
L06405,,False
L06406,,False
L06407,,False
L06408,,False
L06409,,False
L06410,,False
L06411,,False
L06412,,False
L06413,,False
L06414,,False
L06415,,False
L06416,,False
L06417,,False
L06418,,False
L06419,,False
L06420,,False
L06421,6.0,False
L06422,,False
L06423,,False
L06424,,False
L06425,,False
L06426,,False
L06427,,False
L06428,,False
L06429,,False
L06430,,False
L06431,,False
L06432,,False
L06433,,False
L06434,,False
L06435,,False
L06436,,False
L06437,,False
L06438,,False
L06439,19.0,False
L06440,,False
L06441,,False
L06442,,False
L06443,,False
L06444,24.0,True
L06445,,False
L06446,,False
L06447,,False
L06448,,False
L06449,,False
L06450,,False
L06451,,False
L06452,,False
L06453,,False
L06454,,False
L06455,14.0,True
L06456,,False
L06457,,False
L06458,,False
L06459,,False
L06460,,False
L06461,,False
L06462,,False
L06463,,False
L06464,10.0,False
L06465,,False
L06466,,False
L06467,,False
L06468,,False
L06469,,False
L06470,,False
L06471,,False
L06472,,False
L06473,,False
L06474,,False
L06475,,False
L06476,,False
L06477,,False
L06478,,False
L06479,,False
L06480,,False
L06481,,False
L06482,,False
L06483,,False
L06484,,False
L06485,,False
L06486,,False
L06487,,False
L06488,13.0,False
L06489,,False
L06490,,False
L06491,8.0,False
L06492,,False
L06493,,False
L06494,,False
L06495,,False
L06496,,False
L06497,10.0,False
L06498,,False
L06499,,False
L06500,,False
L06501,,False
L06502,,False
L06503,,False
L06504,,False
L06505,,False
L06506,,False
L06507,,False
L06508,,False
L06509,,False
L06510,,False
L06511,,False
L06512,,False
L06513,5.0,False
L06514,,False
L06515,16.0,False
L06516,,False
L06517,12.0,False
L06518,7.0,True
L06519,,False
L06520,,False
L06521,,False
L06522,,False
L06523,,False
L06524,,False
L06525,,False
L06526,13.0,True
L06527,,False
L06528,,False
L06529,,False
L06530,,False
L06531,,False
L06532,,False
L06533,,False
L06534,,False
L06535,,False
L06536,17.0,False
L06537,,False
L06538,,False
L06539,,False
L06540,,False
L06541,,False
L06542,,False
L06543,,False
L06544,,False
L06545,,False
L06546,,False
L06547,,False
L06548,17.0,False
L06549,,False
L06550,2.0,False
L06551,,False
L06552,10.0,False
L06553,,False
L06554,,False
L06555,,False
L06556,,False
L06557,,False
L06558,,False
L06559,,False
L06560,,False
L06561,,False
L06562,,False
L06563,,False
L06564,,False
L06565,,False
L06566,,False
L06567,,False
L06568,,False
L06569,,False
L06570,,False
L06571,,False
L06572,,False
L06573,,False
L06574,16.0,False
L06575,,False
L06576,,False
L06577,,False
L06578,,False
L06579,,False
L06580,,False
L06581,,False
L06582,,False
L06583,,False
L06584,12.0,False
L06585,15.0,True
L06586,,False
L06587,,False
L06588,,False
L06589,,False
L06590,,False
L06591,,False
L06592,,False
L06593,,False
L06594,15.0,False
L06595,,False
L06596,,False
L06597,,False
L06598,,False
L06599,,False
L06600,19.0,False
L06601,,False
L06602,,False
L06603,,False
L06604,2.0,False
L06605,,False
L06606,,False
L06607,,False
L06608,,False
L06609,,False
L06610,,False
L06611,,False
L06612,,False
L06613,,False
L06614,,False
L06615,6.0,False
L06616,,False
L06617,,False
L06618,22.0,False
L06619,,False
L06620,,False
L06621,,False
L06622,,False
L06623,,False
L06624,,False
L06625,,False
L06626,,False
L06627,,False
L06628,,False
L06629,,False
L06630,,False
L06631,,False
L06632,,False
L06633,,False
L06634,15.0,False
L06635,,False
L06636,,False
L06637,,False
L06638,,False
L06639,6.0,False
L06640,,False
L06641,,False
L06642,,False
L06643,,False
L06644,17.0,False
L06645,,False
L06646,,False
L06647,,False
L06648,,False
L06649,,False
L06650,,False
L06651,3.0,False
L06652,,False
L06653,,False
L06654,18.0,False
L06655,,False
L06656,,False
L06657,,False
L06658,,False
L06659,,False
L06660,,False
L06661,,False
L06662,,False
L06663,,False
L06664,,False
L06665,,False
L06666,,False
L06667,,False
L06668,,False
L06669,,False
L06670,,False
L06671,,False
L06672,,False
L06673,,False
L06674,,False
L06675,,False
L06676,,False
L06677,,False
L06678,,False
L06679,,False
L06680,,False
L06681,,False
L06682,,False
L06683,,False
L06684,13.0,False
L06685,,False
L06686,,False
L06687,,False
L06688,,False
L06689,,False
L06690,,False
L06691,,False
L06692,,False
L06693,,False
L06694,,False
L06695,,False
L06696,,False
L06697,,False
L06698,,False
L06699,,False
L06700,,False
L06701,,False
L06702,21.0,False
L06703,,False
L06704,,False
L06705,,False
L06706,,False
L06707,,False
L06708,,False
L06709,,False
L06710,7.0,False
L06711,,False
L06712,,False
L06713,,False
L06714,,False
L06715,,False
L06716,,False
L06717,,False
L06718,,False
L06719,,False
L06720,,False
L06721,,False
L06722,1.0,True
L06723,,False
L06724,,False
L06725,,False
L06726,,False
L06727,,False
L06728,,False
L06729,,False
L06730,,False
L06731,,False
L06732,,False
L06733,,False
L06734,,False
L06735,6.0,True
L06736,,False
L06737,,False
L06738,,False
L06739,,False
L06740,,False
L06741,,False
L06742,,False
L06743,,False
L06744,,False
L06745,,False
L06746,,False
L06747,,False
L06748,,False
L06749,,False
L06750,,False
L06751,23.0,False
L06752,,False
L06753,,False
L06754,,False
L06755,,False
L06756,,False
L06757,,False
L06758,,False
L06759,,False
L06760,,False
L06761,,False
L06762,,False
L06763,25.0,False
L06764,,False
L06765,,False
L06766,9.0,False
L06767,,False
L06768,,False
L06769,,False
L06770,,False
L06771,,False
L06772,,False
L06773,,False
L06774,13.0,False
L06775,,False
L06776,,False
L06777,,False
L06778,,False
L06779,,False
L06780,,False
L06781,,False
L06782,,False
L06783,,False
L06784,,False
L06785,,False
L06786,,False
L06787,,False
L06788,,False
L06789,,False
L06790,,False
L06791,,False
L06792,,False
L06793,,False
L06794,,False
L06795,,False
L06796,,False
L06797,,False
L06798,,False
L06799,,False
L06800,,False
L06801,12.0,False
L06802,12.0,False
L06803,,False
L06804,,False
L06805,,False
L06806,,False
L06807,,False
L06808,11.0,False
L06809,,False
L06810,,False
L06811,,False
L06812,,False
L06813,,False
L06814,,False
L06815,,False
L06816,,False
L06817,,False
L06818,,False
L06819,,False
L06820,,False
L06821,7.0,False
L06822,,False
L06823,,False
L06824,,False
L06825,,False
L06826,,False
L06827,,False
L06828,,False
L06829,,False
L06830,8.0,False
L06831,,False
L06832,,False
L06833,,False
L06834,,False
L06835,,False
L06836,,False
L06837,,False
L06838,,False
L06839,,False
L06840,22.0,False
L06841,23.0,True
L06842,,False
L06843,,False
L06844,,False
L06845,,False
L06846,,False
L06847,,False
L06848,,False
L06849,,False
L06850,,False
L06851,,False
L06852,,False
L06853,,False
L06854,,False
L06855,,False
L06856,,False
L06857,,False
L06858,,False
L06859,,False
L06860,,False
L06861,,False
L06862,,False
L06863,,False
L06864,,False
L06865,,False
L06866,,False
L06867,,False
L06868,,False
L06869,,False
L06870,,False
L06871,,False
L06872,,False
L06873,,False
L06874,,False
L06875,,False
L06876,,False
L06877,,False
L06878,,False
L06879,,False
L06880,,False
L06881,,False
L06882,,False
L06883,1.0,False
L06884,,False
L06885,,False
L06886,,False
L06887,,False
L06888,,False
L06889,,False
L06890,,False
L06891,,False
L06892,9.0,False
L06893,,False
L06894,30.0,False
L06895,,False
L06896,,False
L06897,11.0,False
L06898,,False
L06899,,False
L06900,,False
L06901,,False
L06902,,False
L06903,,False
L06904,,False
L06905,,False
L06906,,False
L06907,,False
L06908,,False
L06909,,False
L06910,,False
L06911,,False
L06912,,False
L06913,,False
L06914,,False
L06915,,False
L06916,,False
L06917,,False
L06918,,False
L06919,,False
L06920,,False
L06921,,False
L06922,,False
L06923,,False
L06924,,False
L06925,,False
L06926,,False
L06927,,False
L06928,,False
L06929,,False
L06930,,False
L06931,,False
L06932,,False
L06933,,False
L06934,,False
L06935,,False
L06936,,False
L06937,,False
L06938,11.0,False
L06939,,False
L06940,,False
L06941,,False
L06942,16.0,False
L06943,1.0,False
L06944,,False
L06945,,False
L06946,,False
L06947,,False
L06948,,False
L06949,,False
L06950,,False
L06951,,False
L06952,,False
L06953,,False
L06954,,False
L06955,,False
L06956,,False
L06957,,False
L06958,,False
L06959,14.0,False
L06960,,False
L06961,,False
L06962,,False
L06963,,False
L06964,,False
L06965,,False
L06966,,False
L06967,,False
L06968,,False
L06969,,False
L06970,,False
L06971,,False
L06972,,False
L06973,,False
L06974,,False
L06975,,False
L06976,,False
L06977,,False
L06978,,False
L06979,,False
L06980,,False
L06981,,False
L06982,,False
L06983,,False
L06984,,False
L06985,,False
L06986,,False
L06987,,False
L06988,14.0,False
L06989,,False
L06990,,False
L06991,,False
L06992,,False
L06993,,False
L06994,,False
L06995,,False
L06996,,False
L06997,,False
L06998,,False
L06999,13.0,False
L07000,,False
L07001,,False
L07002,,False
L07003,,False
L07004,,False
L07005,,False
L07006,15.0,False
L07007,,False
L07008,,False
L07009,,False
L07010,,False
L07011,,False
L07012,11.0,False
L07013,,False
L07014,,False
L07015,,False
L07016,,False
L07017,,False
L07018,,False
L07019,,False
L07020,,False
L07021,,False
L07022,,False
L07023,,False
L07024,,False
L07025,,False
L07026,,False
L07027,,False
L07028,,False
L07029,10.0,False
L07030,,False
L07031,,False
L07032,,False
L07033,,False
L07034,,False
L07035,,False
L07036,,False
L07037,,False
L07038,,False
L07039,,False
L07040,,False
L07041,,False
L07042,,False
L07043,,False
L07044,,False
L07045,,False
L07046,,False
L07047,,False
L07048,,False
L07049,,False
L07050,4.0,False
L07051,,False
L07052,,False
L07053,,False
L07054,,False
L07055,12.0,False
L07056,8.0,False
L07057,,False
L07058,,False
L07059,,False
L07060,,False
L07061,,False
L07062,,False
L07063,,False
L07064,7.0,False
L07065,,False
L07066,,False
L07067,,False
L07068,,False
L07069,,False
L07070,,False
L07071,,False
L07072,,False
L07073,,False
L07074,,False
L07075,,False
L07076,,False
L07077,,False
L07078,,False
L07079,,False
L07080,,False
L07081,,False
L07082,,False
L07083,,False
L07084,,False
L07085,,False
L07086,,False
L07087,,False
L07088,,False
L07089,,False
L07090,,False
L07091,,False
L07092,,False
L07093,,False
L07094,,False
L07095,,False
L07096,8.0,False
L07097,,False
L07098,,False
L07099,,False
L07100,,False
L07101,17.0,False
L07102,,False
L07103,,False
L07104,9.0,False
L07105,,False
L07106,,False
L07107,,False
L07108,,False
L07109,,False
L07110,,False
L07111,,False
L07112,,False
L07113,19.0,True
L07114,,False
L07115,,False
L07116,,False
L07117,,False
L07118,,False
L07119,,False
L07120,,False
L07121,,False
L07122,,False
L07123,4.0,True
L07124,,False
L07125,,False
L07126,,False
L07127,,False
L07128,,False
L07129,,False
L07130,,False
L07131,,False
L07132,,False
L07133,,False
L07134,,False
L07135,,False
L07136,12.0,False
L07137,,False
L07138,,False
L07139,,False
L07140,,False
L07141,,False
L07142,,False
L07143,,False
L07144,,False
L07145,,False
L07146,,False
L07147,,False
L07148,8.0,True
L07149,,False
L07150,,False
L07151,,False
L07152,,False
L07153,,False
L07154,,False
L07155,,False
L07156,13.0,False
L07157,,False
L07158,,False
L07159,,False
L07160,,False
L07161,,False
L07162,,False
L07163,,False
L07164,,False
L07165,,False
L07166,,False
L07167,,False
L07168,,False
L07169,,False
L07170,,False
L07171,,False
L07172,,False
L07173,,False
L07174,,False
L07175,,False
L07176,,False
L07177,,False
L07178,,False
L07179,,False
L07180,,False
L07181,,False
L07182,,False
L07183,,False
L07184,,False
L07185,,False
L07186,,False
L07187,,False
L07188,,False
L07189,28.0,False
L07190,,False
L07191,,False
L07192,9.0,True
L07193,,False
L07194,,False
L07195,,False
L07196,,False
L07197,,False
L07198,,False
L07199,6.0,False
L07200,,False
L07201,,False
L07202,,False
L07203,,False
L07204,,False
L07205,,False
L07206,,False
L07207,,False
L07208,,False
L07209,,False
L07210,,False
L07211,6.0,False
L07212,,False
L07213,11.0,False
L07214,,False
L07215,,False
L07216,,False
L07217,,False
L07218,,False
L07219,,False
L07220,,False
L07221,,False
L07222,,False
L07223,,False
L07224,3.0,True
L07225,,False
L07226,,False
L07227,,False
L07228,,False
L07229,,False
L07230,,False
L07231,,False
L07232,,False
L07233,,False
L07234,,False
L07235,,False
L07236,,False
L07237,,False
L07238,,False
L07239,,False
L07240,,False
L07241,,False
L07242,6.0,True
L07243,,False
L07244,,False
L07245,,False
L07246,12.0,True
L07247,,False
L07248,,False
L07249,,False
L07250,,False
L07251,,False
L07252,,False
L07253,,False
L07254,,False
L07255,,False
L07256,,False
L07257,,False
L07258,,False
L07259,,False
L07260,2.0,True
L07261,,False
L07262,,False
L07263,,False
L07264,,False
L07265,,False
L07266,,False
L07267,,False
L07268,,False
L07269,,False
L07270,,False
L07271,,False
L07272,6.0,False
L07273,,False
L07274,11.0,False
L07275,,False
L07276,,False
L07277,10.0,False
L07278,,False
L07279,,False
L07280,,False
L07281,,False
L07282,,False
L07283,,False
L07284,,False
L07285,,False
L07286,,False
L07287,19.0,True
L07288,,False
L07289,,False
L07290,,False
L07291,,False
L07292,,False
L07293,,False
L07294,,False
L07295,,False
L07296,,False
L07297,,False
L07298,12.0,False
L07299,,False
L07300,,False
L07301,,False
L07302,,False
L07303,,False
L07304,,False
L07305,,False
L07306,,False
L07307,,False
L07308,,False
L07309,,False
L07310,,False
L07311,,False
L07312,,False
L07313,,False
L07314,,False
L07315,,False
L07316,,False
L07317,,False
L07318,,False
L07319,,False
L07320,,False
L07321,,False
L07322,,False
L07323,,False
L07324,,False
L07325,,False
L07326,,False
L07327,,False
L07328,,False
L07329,,False
L07330,,False
L07331,,False
L07332,,False
L07333,,False
L07334,,False
L07335,,False
L07336,,False
L07337,,False
L07338,,False
L07339,,False
L07340,,False
L07341,,False
L07342,,False
L07343,,False
L07344,,False
L07345,,False
L07346,,False
L07347,,False
L07348,,False
L07349,,False
L07350,,False
L07351,,False
L07352,5.0,False
L07353,,False
L07354,,False
L07355,,False
L07356,,False
L07357,,False
L07358,,False
L07359,,False
L07360,,False
L07361,,False
L07362,,False
L07363,,False
L07364,,False
L07365,,False
L07366,,False
L07367,,False
L07368,,False
L07369,,False
L07370,,False
L07371,,False
L07372,,False
L07373,,False
L07374,,False
L07375,,False
L07376,,False
L07377,,False
L07378,,False
L07379,,False
L07380,,False
L07381,,False
L07382,,False
L07383,,False
L07384,,False
L07385,,False
L07386,,False
L07387,,False
L07388,,False
L07389,,False
L07390,,False
L07391,,False
L07392,,False
L07393,,False
L07394,,False
L07395,,False
L07396,,False
L07397,,False
L07398,,False
L07399,,False
L07400,,False
L07401,,False
L07402,2.0,True
L07403,,False
L07404,,False
L07405,,False
L07406,,False
L07407,,False
L07408,,False
L07409,,False
L07410,,False
L07411,10.0,False
L07412,,False
L07413,,False
L07414,,False
L07415,,False
L07416,1.0,False
L07417,15.0,True
L07418,,False
L07419,,False
L07420,,False
L07421,,False
L07422,,False
L07423,,False
L07424,,False
L07425,,False
L07426,,False
L07427,,False
L07428,,False
L07429,,False
L07430,,False
L07431,,False
L07432,,False
L07433,,False
L07434,,False
L07435,,False
L07436,,False
L07437,,False
L07438,,False
L07439,,False
L07440,,False
L07441,,False
L07442,,False
L07443,8.0,True
L07444,,False
L07445,,False
L07446,,False
L07447,,False
L07448,,False
L07449,,False
L07450,,False
L07451,,False
L07452,,False
L07453,,False
L07454,17.0,False
L07455,,False
L07456,,False
L07457,,False
L07458,,False
L07459,,False
L07460,,False
L07461,,False
L07462,,False
L07463,,False
L07464,,False
L07465,,False
L07466,,False
L07467,,False
L07468,,False
L07469,20.0,False
L07470,,False
L07471,,False
L07472,,False
L07473,,False
L07474,18.0,False
L07475,,False
L07476,3.0,False
L07477,,False
L07478,,False
L07479,,False
L07480,,False
L07481,,False
L07482,,False
L07483,,False
L07484,,False
L07485,,False
L07486,,False
L07487,,False
L07488,,False
L07489,,False
L07490,,False
L07491,,False
L07492,,False
L07493,,False
L07494,,False
L07495,,False
L07496,,False
L07497,,False
L07498,5.0,True
L07499,,False
L07500,,False
L07501,,False
L07502,,False
L07503,,False
L07504,,False
L07505,,False
L07506,,False
L07507,,False
L07508,,False
L07509,,False
L07510,15.0,False
L07511,,False
L07512,14.0,False
L07513,,False
L07514,,False
L07515,,False
L07516,,False
L07517,,False
L07518,,False
L07519,12.0,False
L07520,,False
L07521,,False
L07522,,False
L07523,,False
L07524,,False
L07525,,False
L07526,,False
L07527,,False
L07528,,False
L07529,,False
L07530,,False
L07531,,False
L07532,,False
L07533,,False
L07534,,False
L07535,,False
L07536,,False
L07537,,False
L07538,,False
L07539,,False
L07540,,False
L07541,,False
L07542,,False
L07543,,False
L07544,,False
L07545,,False
L07546,,False
L07547,,False
L07548,,False
L07549,,False
L07550,,False
L07551,,False
L07552,,False
L07553,,False
L07554,15.0,False
L07555,,False
L07556,,False
L07557,,False
L07558,,False
L07559,,False
L07560,,False
L07561,,False
L07562,,False
L07563,,False
L07564,,False
L07565,,False
L07566,,False
L07567,,False
L07568,,False
L07569,,False
L07570,,False
L07571,,False
L07572,,False
L07573,,False
L07574,,False
L07575,,False
L07576,,False
L07577,10.0,False
L07578,,False
L07579,,False
L07580,,False
L07581,,False
L07582,35.0,True
L07583,,False
L07584,,False
L07585,,False
L07586,2.0,True
L07587,,False
L07588,,False
L07589,,False
L07590,,False
L07591,,False
L07592,,False
L07593,,False
L07594,,False
L07595,,False
L07596,,False
L07597,,False
L07598,,False
L07599,,False
L07600,,False
L07601,11.0,True
L07602,,False
L07603,,False
L07604,,False
L07605,,False
L07606,,False
L07607,,False
L07608,,False
L07609,13.0,False
L07610,,False
L07611,,False
L07612,,False
L07613,,False
L07614,,False
L07615,,False
L07616,,False
L07617,,False
L07618,,False
L07619,,False
L07620,,False
L07621,,False
L07622,23.0,True
L07623,,False
L07624,,False
L07625,,False
L07626,1.0,True
L07627,,False
L07628,,False
L07629,,False
L07630,,False
L07631,,False
L07632,,False
L07633,,False
L07634,,False
L07635,,False
L07636,,False
L07637,,False
L07638,,False
L07639,,False
L07640,,False
L07641,,False
L07642,,False
L07643,,False
L07644,,False
L07645,,False
L07646,,False
L07647,,False
L07648,,False
L07649,,False
L07650,,False
L07651,,False
L07652,,False
L07653,,False
L07654,12.0,False
L07655,,False
L07656,6.0,False
L07657,,False
L07658,8.0,False
L07659,,False
L07660,,False
L07661,,False
L07662,,False
L07663,,False
L07664,5.0,False
L07665,,False
L07666,,False
L07667,,False
L07668,,False
L07669,,False
L07670,,False
L07671,,False
L07672,6.0,True
L07673,,False
L07674,,False
L07675,,False
L07676,,False
L07677,,False
L07678,,False
L07679,,False
L07680,,False
L07681,,False
L07682,13.0,True
L07683,,False
L07684,,False
L07685,,False
L07686,,False
L07687,,False
L07688,,False
L07689,,False
L07690,,False
L07691,,False
L07692,,False
L07693,,False
L07694,,False
L07695,,False
L07696,,False
L07697,,False
L07698,,False
L07699,,False
L07700,,False
L07701,,False
L07702,,False
L07703,15.0,True
L07704,,False
L07705,,False
L07706,,False
L07707,,False
L07708,,False
L07709,,False
L07710,,False
L07711,,False
L07712,,False
L07713,,False
L07714,,False
L07715,,False
L07716,,False
L07717,,False
L07718,,False
L07719,,False
L07720,,False
L07721,,False
L07722,,False
L07723,,False
L07724,,False
L07725,,False
L07726,,False
L07727,,False
L07728,,False
L07729,,False
L07730,,False
L07731,,False
L07732,,False
L07733,,False
L07734,,False
L07735,,False
L07736,16.0,False
L07737,,False
L07738,,False
L07739,,False
L07740,,False
L07741,,False
L07742,,False
L07743,,False
L07744,,False
L07745,,False
L07746,,False
L07747,,False
L07748,,False
L07749,,False
L07750,,False
L07751,,False
L07752,,False
L07753,,False
L07754,,False
L07755,,False
L07756,,False
L07757,,False
L07758,,False
L07759,,False
L07760,14.0,False
L07761,,False
L07762,,False
L07763,,False
L07764,,False
L07765,,False
L07766,,False
L07767,,False
L07768,,False
L07769,3.0,False
L07770,,False
L07771,,False
L07772,,False
L07773,,False
L07774,,False
L07775,,False
L07776,,False
L07777,,False
L07778,10.0,False
L07779,,False
L07780,,False
L07781,,False
L07782,,False
L07783,,False
L07784,,False
L07785,,False
L07786,16.0,True
L07787,,False
L07788,,False
L07789,2.0,False
L07790,,False
L07791,,False
L07792,,False
L07793,,False
L07794,,False
L07795,,False
L07796,,False
L07797,,False
L07798,,False
L07799,,False
L07800,,False
L07801,,False
L07802,19.0,True
L07803,,False
L07804,,False
L07805,,False
L07806,,False
L07807,,False
L07808,,False
L07809,,False
L07810,,False
L07811,,False
L07812,,False
L07813,,False
L07814,,False
L07815,,False
L07816,,False
L07817,,False
L07818,,False
L07819,,False
L07820,,False
L07821,,False
L07822,,False
L07823,,False
L07824,,False
L07825,,False
L07826,,False
L07827,13.0,False
L07828,,False
L07829,7.0,False
L07830,,False
L07831,,False
L07832,,False
L07833,,False
L07834,,False
L07835,,False
L07836,,False
L07837,,False
L07838,,False
L07839,,False
L07840,,False
L07841,,False
L07842,,False
L07843,,False
L07844,,False
L07845,,False
L07846,,False
L07847,,False
L07848,6.0,False
L07849,,False
L07850,,False
L07851,,False
L07852,,False
L07853,,False
L07854,,False
L07855,,False
L07856,,False
L07857,,False
L07858,,False
L07859,,False
L07860,,False
L07861,,False
L07862,,False
L07863,,False
L07864,,False
L07865,,False
L07866,2.0,False
L07867,,False
L07868,,False
L07869,,False
L07870,,False
L07871,,False
L07872,,False
L07873,,False
L07874,,False
L07875,,False
L07876,,False
L07877,,False
L07878,,False
L07879,,False
L07880,,False
L07881,,False
L07882,,False
L07883,26.0,False
L07884,,False
L07885,,False
L07886,,False
L07887,,False
L07888,,False
L07889,,False
L07890,,False
L07891,,False
L07892,,False
L07893,,False
L07894,,False
L07895,19.0,True
L07896,,False
L07897,,False
L07898,,False
L07899,,False
L07900,,False
L07901,,False
L07902,,False
L07903,,False
L07904,,False
L07905,,False
L07906,,False
L07907,,False
L07908,,False
L07909,,False
L07910,,False
L07911,,False
L07912,,False
L07913,,False
L07914,,False
L07915,,False
L07916,,False
L07917,,False
L07918,,False
L07919,,False
L07920,,False
L07921,,False
L07922,,False
L07923,,False
L07924,,False
L07925,,False
L07926,,False
L07927,,False
L07928,,False
L07929,,False
L07930,,False
L07931,,False
L07932,,False
L07933,,False
L07934,,False
L07935,,False
L07936,,False
L07937,,False
L07938,,False
L07939,,False
L07940,11.0,False
L07941,,False
L07942,,False
L07943,,False
L07944,,False
L07945,,False
L07946,,False
L07947,,False
L07948,31.0,False
L07949,,False
L07950,,False
L07951,,False
L07952,,False
L07953,,False
L07954,,False
L07955,,False
L07956,,False
L07957,,False
L07958,,False
L07959,,False
L07960,,False
L07961,,False
L07962,6.0,False
L07963,,False
L07964,,False
L07965,,False
L07966,,False
L07967,,False
L07968,,False
L07969,,False
L07970,,False
L07971,,False
L07972,,False
L07973,,False
L07974,,False
L07975,,False
L07976,,False
L07977,,False
L07978,,False
L07979,,False
L07980,,False
L07981,,False
L07982,,False
L07983,,False
L07984,6.0,False
L07985,,False
L07986,,False
L07987,,False
L07988,,False
L07989,,False
L07990,,False
L07991,,False
L07992,,False
L07993,,False
L07994,,False
L07995,,False
L07996,,False
L07997,,False
L07998,,False
L07999,,False
L08000,,False
L08001,,False
L08002,,False
L08003,,False
L08004,,False
L08005,,False
L08006,,False
L08007,,False
L08008,,False
L08009,,False
L08010,,False
L08011,20.0,False
L08012,,False
L08013,,False
L08014,,False
L08015,,False
L08016,,False
L08017,,False
L08018,,False
L08019,1.0,False
L08020,,False
L08021,9.0,False
L08022,,False
L08023,,False
L08024,,False
L08025,,False
L08026,16.0,True
L08027,,False
L08028,,False
L08029,,False
L08030,,False
L08031,,False
L08032,,False
L08033,,False
L08034,,False
L08035,,False
L08036,,False
L08037,,False
L08038,,False
L08039,,False
L08040,,False
L08041,,False
L08042,,False
L08043,,False
L08044,10.0,False
L08045,,False
L08046,,False
L08047,,False
L08048,,False
L08049,,False
L08050,,False
L08051,,False
L08052,,False
L08053,,False
L08054,,False
L08055,,False
L08056,,False
L08057,,False
L08058,,False
L08059,,False
L08060,,False
L08061,,False
L08062,,False
L08063,,False
L08064,,False
L08065,,False
L08066,,False
L08067,,False
L08068,,False
L08069,,False
L08070,,False
L08071,,False
L08072,,False
L08073,12.0,True
L08074,,False
L08075,,False
L08076,,False
L08077,,False
L08078,,False
L08079,,False
L08080,,False
L08081,,False
L08082,,False
L08083,9.0,False
L08084,16.0,False
L08085,10.0,True
L08086,,False
L08087,,False
L08088,2.0,False
L08089,,False
L08090,11.0,False
L08091,,False
L08092,,False
L08093,,False
L08094,,False
L08095,,False
L08096,,False
L08097,,False
L08098,,False
L08099,,False
L08100,6.0,False
L08101,,False
L08102,,False
L08103,,False
L08104,,False
L08105,12.0,False
L08106,,False
L08107,,False
L08108,,False
L08109,,False
L08110,,False
L08111,,False
L08112,,False
L08113,,False
L08114,,False
L08115,,False
L08116,,False
L08117,,False
L08118,,False
L08119,,False
L08120,,False
L08121,,False
L08122,19.0,True
L08123,,False
L08124,,False
L08125,,False
L08126,,False
L08127,,False
L08128,,False
L08129,,False
L08130,9.0,True
L08131,,False
L08132,,False
L08133,7.0,True
L08134,,False
L08135,,False
L08136,,False
L08137,,False
L08138,,False
L08139,,False
L08140,,False
L08141,,False
L08142,,False
L08143,,False
L08144,,False
L08145,,False
L08146,,False
L08147,,False
L08148,,False
L08149,,False
L08150,,False
L08151,,False
L08152,,False
L08153,,False
L08154,4.0,False
L08155,,False
L08156,,False
L08157,,False
L08158,,False
L08159,,False
L08160,,False
L08161,,False
L08162,,False
L08163,,False
L08164,,False
L08165,,False
L08166,,False
L08167,,False
L08168,,False
L08169,,False
L08170,,False
L08171,,False
L08172,,False
L08173,,False
L08174,,False
L08175,,False
L08176,,False
L08177,,False
L08178,,False
L08179,,False
L08180,,False
L08181,,False
L08182,,False
L08183,,False
L08184,,False
L08185,,False
L08186,,False
L08187,,False
L08188,,False
L08189,,False
L08190,,False
L08191,,False
L08192,,False
L08193,,False
L08194,,False
L08195,,False
L08196,18.0,False
L08197,,False
L08198,13.0,True
L08199,,False
L08200,,False
L08201,,False
L08202,,False
L08203,,False
L08204,,False
L08205,,False
L08206,,False
L08207,,False
L08208,,False
L08209,,False
L08210,,False
L08211,,False
L08212,,False
L08213,,False
L08214,,False
L08215,,False
L08216,,False
L08217,,False
L08218,,False
L08219,,False
L08220,,False
L08221,,False
L08222,,False
L08223,,False
L08224,,False
L08225,,False
L08226,,False
L08227,,False
L08228,,False
L08229,,False
L08230,,False
L08231,,False
L08232,15.0,False
L08233,,False
L08234,,False
L08235,,False
L08236,,False
L08237,11.0,False
L08238,,False
L08239,,False
L08240,,False
L08241,,False
L08242,,False
L08243,,False
L08244,,False
L08245,,False
L08246,,False
L08247,,False
L08248,,False
L08249,17.0,False
L08250,,False
L08251,,False
L08252,9.0,True
L08253,,False
L08254,,False
L08255,,False
L08256,,False
L08257,,False
L08258,,False
L08259,,False
L08260,,False
L08261,,False
L08262,,False
L08263,11.0,False
L08264,,False
L08265,,False
L08266,,False
L08267,,False
L08268,,False
L08269,10.0,True
L08270,,False
L08271,,False
L08272,,False
L08273,,False
L08274,,False
L08275,,False
L08276,,False
L08277,,False
L08278,,False
L08279,,False
L08280,,False
L08281,,False
L08282,,False
L08283,,False
L08284,,False
L08285,,False
L08286,,False
L08287,10.0,False
L08288,,False
L08289,,False
L08290,,False
L08291,,False
L08292,,False
L08293,,False
L08294,,False
L08295,,False
L08296,,False
L08297,,False
L08298,,False
L08299,,False
L08300,,False
L08301,,False
L08302,,False
L08303,,False
L08304,,False
L08305,,False
L08306,,False
L08307,,False
L08308,,False
L08309,,False
L08310,,False
L08311,,False
L08312,,False
L08313,,False
L08314,,False
L08315,,False
L08316,,False
L08317,,False
L08318,,False
L08319,,False
L08320,,False
L08321,,False
L08322,,False
L08323,,False
L08324,6.0,True
L08325,,False
L08326,,False
L08327,,False
L08328,8.0,False
L08329,,False
L08330,,False
L08331,,False
L08332,,False
L08333,,False
L08334,,False
L08335,,False
L08336,,False
L08337,,False
L08338,,False
L08339,,False
L08340,,False
L08341,,False
L08342,,False
L08343,,False
L08344,9.0,False
L08345,,False
L08346,,False
L08347,,False
L08348,,False
L08349,,False
L08350,1.0,True
L08351,,False
L08352,,False
L08353,,False
L08354,,False
L08355,,False
L08356,,False
L08357,,False
L08358,,False
L08359,,False
L08360,,False
L08361,,False
L08362,,False
L08363,8.0,True
L08364,,False
L08365,,False
L08366,,False
L08367,,False
L08368,,False
L08369,,False
L08370,10.0,False
L08371,,False
L08372,12.0,False
L08373,,False
L08374,,False
L08375,,False
L08376,,False
L08377,,False
L08378,,False
L08379,,False
L08380,,False
L08381,6.0,False
L08382,,False
L08383,,False
L08384,10.0,False
L08385,,False
L08386,,False
L08387,,False
L08388,,False
L08389,,False
L08390,,False
L08391,,False
L08392,,False
L08393,,False
L08394,,False
L08395,,False
L08396,,False
L08397,,False
L08398,,False
L08399,,False
L08400,,False
L08401,,False
L08402,,False
L08403,,False
L08404,,False
L08405,,False
L08406,,False
L08407,,False
L08408,,False
L08409,,False
L08410,,False
L08411,,False
L08412,,False
L08413,,False
L08414,,False
L08415,,False
L08416,,False
L08417,,False
L08418,,False
L08419,,False
L08420,,False
L08421,,False
L08422,,False
L08423,,False
L08424,,False
L08425,8.0,False
L08426,,False
L08427,,False
L08428,,False
L08429,,False
L08430,,False
L08431,,False
L08432,,False
L08433,,False
L08434,,False
L08435,,False
L08436,,False
L08437,,False
L08438,,False
L08439,,False
L08440,,False
L08441,,False
L08442,,False
L08443,,False
L08444,,False
L08445,,False
L08446,,False
L08447,,False
L08448,,False
L08449,,False
L08450,30.0,False
L08451,,False
L08452,,False
L08453,,False
L08454,,False
L08455,,False
L08456,,False
L08457,,False
L08458,,False
L08459,,False
L08460,,False
L08461,,False
L08462,,False
L08463,16.0,True
L08464,,False
L08465,9.0,True
L08466,,False
L08467,,False
L08468,,False
L08469,,False
L08470,,False
L08471,,False
L08472,,False
L08473,,False
L08474,,False
L08475,,False
L08476,,False
L08477,,False
L08478,11.0,True
L08479,,False
L08480,,False
L08481,,False
L08482,,False
L08483,,False
L08484,,False
L08485,,False
L08486,,False
L08487,,False
L08488,,False
L08489,,False
L08490,,False
L08491,,False
L08492,,False
L08493,,False
L08494,,False
L08495,,False
L08496,,False
L08497,,False
L08498,,False
L08499,,False
L08500,,False
L08501,,False
L08502,,False
L08503,,False
L08504,,False
L08505,,False
L08506,,False
L08507,,False
L08508,,False
L08509,,False
L08510,,False
L08511,,False
L08512,,False
L08513,,False
L08514,,False
L08515,,False
L08516,,False
L08517,,False
L08518,,False
L08519,,False
L08520,,False
L08521,,False
L08522,,False
L08523,,False
L08524,,False
L08525,,False
L08526,,False
L08527,2.0,False
L08528,,False
L08529,,False
L08530,,False
L08531,,False
L08532,,False
L08533,,False
L08534,,False
L08535,,False
L08536,,False
L08537,,False
L08538,,False
L08539,,False
L08540,,False
L08541,,False
L08542,,False
L08543,12.0,False
L08544,,False
L08545,,False
L08546,,False
L08547,,False
L08548,,False
L08549,,False
L08550,,False
L08551,,False
L08552,,False
L08553,,False
L08554,,False
L08555,,False
L08556,,False
L08557,,False
L08558,,False
L08559,,False
L08560,,False
L08561,3.0,True
L08562,,False
L08563,,False
L08564,,False
L08565,,False
L08566,,False
L08567,,False
L08568,,False
L08569,,False
L08570,7.0,False
L08571,11.0,False
L08572,,False
L08573,,False
L08574,,False
L08575,,False
L08576,,False
L08577,,False
L08578,,False
L08579,17.0,False
L08580,,False
L08581,,False
L08582,,False
L08583,,False
L08584,,False
L08585,,False
L08586,,False
L08587,,False
L08588,,False
L08589,,False
L08590,,False
L08591,,False
L08592,,False
L08593,,False
L08594,,False
L08595,,False
L08596,,False
L08597,,False
L08598,,False
L08599,13.0,True
L08600,,False
L08601,,False
L08602,14.0,False
L08603,,False
L08604,,False
L08605,,False
L08606,,False
L08607,,False
L08608,,False
L08609,,False
L08610,,False
L08611,,False
L08612,,False
L08613,,False
L08614,,False
L08615,,False
L08616,,False
L08617,,False
L08618,5.0,False
L08619,,False
L08620,,False
L08621,,False
L08622,,False
L08623,21.0,True
L08624,,False
L08625,3.0,False
L08626,,False
L08627,,False
L08628,,False
L08629,,False
L08630,,False
L08631,,False
L08632,,False
L08633,,False
L08634,,False
L08635,,False
L08636,,False
L08637,,False
L08638,,False
L08639,,False
L08640,,False
L08641,,False
L08642,,False
L08643,,False
L08644,,False
L08645,,False
L08646,,False
L08647,,False
L08648,,False
L08649,,False
L08650,,False
L08651,,False
L08652,8.0,True
L08653,,False
L08654,,False
L08655,,False
L08656,,False
L08657,,False
L08658,,False
L08659,,False
L08660,,False
L08661,,False
L08662,,False
L08663,,False
L08664,,False
L08665,,False
L08666,,False
L08667,,False
L08668,,False
L08669,,False
L08670,,False
L08671,,False
L08672,,False
L08673,,False
L08674,,False
L08675,,False
L08676,,False
L08677,,False
L08678,,False
L08679,,False
L08680,,False
L08681,,False
L08682,17.0,True
L08683,,False
L08684,,False
L08685,,False
L08686,,False
L08687,,False
L08688,,False
L08689,,False
L08690,9.0,False
L08691,,False
L08692,,False
L08693,,False
L08694,,False
L08695,3.0,False
L08696,,False
L08697,16.0,False
L08698,,False
L08699,,False
L08700,,False
L08701,,False
L08702,,False
L08703,,False
L08704,,False
L08705,,False
L08706,,False
L08707,,False
L08708,,False
L08709,,False
L08710,,False
L08711,,False
L08712,,False
L08713,,False
L08714,,False
L08715,,False
L08716,4.0,True
L08717,,False
L08718,,False
L08719,,False
L08720,,False
L08721,,False
L08722,,False
L08723,,False
L08724,,False
L08725,,False
L08726,,False
L08727,,False
L08728,,False
L08729,,False
L08730,,False
L08731,,False
L08732,,False
L08733,,False
L08734,,False
L08735,,False
L08736,,False
L08737,,False
L08738,,False
L08739,,False
L08740,,False
L08741,,False
L08742,,False
L08743,,False
L08744,,False
L08745,,False
L08746,,False
L08747,,False
L08748,,False
L08749,,False
L08750,,False
L08751,,False
L08752,,False
L08753,,False
L08754,,False
L08755,,False
L08756,,False
L08757,,False
L08758,,False
L08759,,False
L08760,,False
L08761,,False
L08762,,False
L08763,,False
L08764,,False
L08765,,False
L08766,,False
L08767,,False
L08768,,False
L08769,,False
L08770,,False
L08771,,False
L08772,,False
L08773,,False
L08774,,False
L08775,,False
L08776,,False
L08777,,False
L08778,,False
L08779,,False
L08780,,False
L08781,6.0,False
L08782,16.0,False
L08783,,False
L08784,,False
L08785,,False
L08786,,False
L08787,,False
L08788,,False
L08789,,False
L08790,,False
L08791,,False
L08792,,False
L08793,16.0,False
L08794,,False
L08795,,False
L08796,7.0,False
L08797,,False
L08798,,False
L08799,,False
L08800,,False
L08801,,False
L08802,,False
L08803,,False
L08804,,False
L08805,,False
L08806,,False
L08807,,False
L08808,,False
L08809,,False
L08810,,False
L08811,,False
L08812,,False
L08813,,False
L08814,,False
L08815,,False
L08816,,False
L08817,,False
L08818,,False
L08819,15.0,False
L08820,,False
L08821,,False
L08822,,False
L08823,,False
L08824,,False
L08825,,False
L08826,,False
L08827,,False
L08828,,False
L08829,,False
L08830,,False
L08831,13.0,False
L08832,,False
L08833,,False
L08834,10.0,False
L08835,,False
L08836,,False
L08837,,False
L08838,,False
L08839,,False
L08840,,False
L08841,,False
L08842,10.0,False
L08843,,False
L08844,,False
L08845,,False
L08846,,False
L08847,,False
L08848,,False
L08849,,False
L08850,,False
L08851,,False
L08852,,False
L08853,,False
L08854,,False
L08855,,False
L08856,,False
L08857,,False
L08858,13.0,True
L08859,,False
L08860,,False
L08861,,False
L08862,,False
L08863,,False
L08864,,False
L08865,,False
L08866,,False
L08867,,False
L08868,,False
L08869,,False
L08870,,False
L08871,,False
L08872,4.0,True
L08873,,False
L08874,,False
L08875,,False
L08876,,False
L08877,,False
L08878,,False
L08879,,False
L08880,,False
L08881,,False
L08882,,False
L08883,,False
L08884,,False
L08885,,False
L08886,,False
L08887,,False
L08888,,False
L08889,,False
L08890,,False
L08891,,False
L08892,,False
L08893,,False
L08894,,False
L08895,,False
L08896,,False
L08897,,False
L08898,,False
L08899,,False
L08900,,False
L08901,11.0,False
L08902,,False
L08903,,False
L08904,,False
L08905,,False
L08906,,False
L08907,19.0,False
L08908,,False
L08909,,False
L08910,,False
L08911,,False
L08912,,False
L08913,,False
L08914,,False
L08915,,False
L08916,,False
L08917,,False
L08918,,False
L08919,,False
L08920,,False
L08921,,False
L08922,,False
L08923,,False
L08924,,False
L08925,,False
L08926,,False
L08927,,False
L08928,,False
L08929,,False
L08930,,False
L08931,,False
L08932,,False
L08933,,False
L08934,,False
L08935,,False
L08936,,False
L08937,13.0,False
L08938,,False
L08939,,False
L08940,,False
L08941,,False
L08942,,False
L08943,,False
L08944,,False
L08945,,False
L08946,,False
L08947,,False
L08948,,False
L08949,,False
L08950,,False
L08951,,False
L08952,,False
L08953,,False
L08954,,False
L08955,,False
L08956,,False
L08957,,False
L08958,,False
L08959,,False
L08960,,False
L08961,,False
L08962,,False
L08963,,False
L08964,,False
L08965,,False
L08966,,False
L08967,,False
L08968,27.0,True
L08969,,False
L08970,,False
L08971,,False
L08972,,False
L08973,,False
L08974,21.0,False
L08975,,False
L08976,,False
L08977,,False
L08978,,False
L08979,,False
L08980,,False
L08981,,False
L08982,,False
L08983,,False
L08984,11.0,True
L08985,,False
L08986,,False
L08987,,False
L08988,,False
L08989,,False
L08990,,False
L08991,,False
L08992,,False
L08993,,False
L08994,,False
L08995,,False
L08996,,False
L08997,,False
L08998,,False
L08999,,False
L09000,,False
L09001,,False
L09002,10.0,True
L09003,,False
L09004,,False
L09005,,False
L09006,,False
L09007,,False
L09008,,False
L09009,,False
L09010,,False
L09011,,False
L09012,,False
L09013,,False
L09014,,False
L09015,,False
L09016,,False
L09017,,False
L09018,,False
L09019,,False
L09020,,False
L09021,,False
L09022,23.0,True
L09023,,False
L09024,12.0,False
L09025,,False
L09026,,False
L09027,,False
L09028,,False
L09029,,False
L09030,,False
L09031,,False
L09032,,False
L09033,,False
L09034,,False
L09035,,False
L09036,,False
L09037,,False
L09038,,False
L09039,,False
L09040,,False
L09041,,False
L09042,,False
L09043,,False
L09044,,False
L09045,,False
L09046,,False
L09047,,False
L09048,,False
L09049,,False
L09050,,False
L09051,,False
L09052,,False
L09053,,False
L09054,,False
L09055,,False
L09056,,False
L09057,,False
L09058,,False
L09059,,False
L09060,,False
L09061,,False
L09062,,False
L09063,,False
L09064,,False
L09065,,False
L09066,,False
L09067,,False
L09068,,False
L09069,,False
L09070,,False
L09071,,False
L09072,,False
L09073,3.0,True
L09074,,False
L09075,,False
L09076,,False
L09077,,False
L09078,,False
L09079,,False
L09080,,False
L09081,,False
L09082,,False
L09083,,False
L09084,,False
L09085,,False
L09086,,False
L09087,,False
L09088,,False
L09089,,False
L09090,,False
L09091,,False
L09092,,False
L09093,,False
L09094,,False
L09095,,False
L09096,,False
L09097,,False
L09098,,False
L09099,,False
L09100,,False
L09101,,False
L09102,,False
L09103,,False
L09104,9.0,False
L09105,12.0,False
L09106,,False
L09107,,False
L09108,,False
L09109,,False
L09110,,False
L09111,,False
L09112,,False
L09113,,False
L09114,,False
L09115,,False
L09116,6.0,True
L09117,,False
L09118,,False
L09119,2.0,False
L09120,,False
L09121,,False
L09122,,False
L09123,,False
L09124,,False
L09125,,False
L09126,,False
L09127,,False
L09128,10.0,False
L09129,,False
L09130,,False
L09131,,False
L09132,,False
L09133,,False
L09134,,False
L09135,,False
L09136,19.0,False
L09137,,False
L09138,,False
L09139,,False
L09140,,False
L09141,,False
L09142,,False
L09143,,False
L09144,,False
L09145,,False
L09146,,False
L09147,,False
L09148,,False
L09149,,False
L09150,,False
L09151,,False
L09152,,False
L09153,,False
L09154,,False
L09155,12.0,False
L09156,,False
L09157,,False
L09158,,False
L09159,,False
L09160,12.0,True
L09161,,False
L09162,,False
L09163,,False
L09164,,False
L09165,,False
L09166,,False
L09167,,False
L09168,,False
L09169,,False
L09170,,False
L09171,,False
L09172,,False
L09173,,False
L09174,,False
L09175,,False
L09176,,False
L09177,,False
L09178,,False
L09179,,False
L09180,,False
L09181,,False
L09182,,False
L09183,,False
L09184,14.0,False
L09185,,False
L09186,,False
L09187,,False
L09188,,False
L09189,,False
L09190,,False
L09191,,False
L09192,7.0,False
L09193,11.0,True
L09194,,False
L09195,,False
L09196,,False
L09197,,False
L09198,,False
L09199,,False
L09200,,False
L09201,,False
L09202,,False
L09203,,False
L09204,10.0,False
L09205,,False
L09206,,False
L09207,,False
L09208,,False
L09209,,False
L09210,,False
L09211,,False
L09212,,False
L09213,,False
L09214,,False
L09215,,False
L09216,,False
L09217,,False
L09218,,False
L09219,,False
L09220,,False
L09221,,False
L09222,,False
L09223,,False
L09224,,False
L09225,,False
L09226,,False
L09227,,False
L09228,,False
L09229,,False
L09230,,False
L09231,,False
L09232,6.0,False
L09233,,False
L09234,,False
L09235,,False
L09236,8.0,True
L09237,,False
L09238,,False
L09239,,False
L09240,,False
L09241,,False
L09242,,False
L09243,,False
L09244,,False
L09245,,False
L09246,,False
L09247,,False
L09248,,False
L09249,,False
L09250,,False
L09251,,False
L09252,,False
L09253,,False
L09254,,False
L09255,,False
L09256,,False
L09257,,False
L09258,,False
L09259,,False
L09260,,False
L09261,,False
L09262,,False
L09263,,False
L09264,,False
L09265,,False
L09266,,False
L09267,,False
L09268,,False
L09269,,False
L09270,,False
L09271,,False
L09272,,False
L09273,,False
L09274,,False
L09275,,False
L09276,,False
L09277,,False
L09278,,False
L09279,,False
L09280,,False
L09281,,False
L09282,,False
L09283,,False
L09284,,False
L09285,,False
L09286,,False
L09287,9.0,False
L09288,,False
L09289,,False
L09290,,False
L09291,,False
L09292,,False
L09293,,False
L09294,,False
L09295,,False
L09296,,False
L09297,,False
L09298,13.0,True
L09299,,False
L09300,,False
L09301,8.0,False
L09302,,False
L09303,,False
L09304,,False
L09305,,False
L09306,,False
L09307,,False
L09308,,False
L09309,,False
L09310,,False
L09311,,False
L09312,,False
L09313,,False
L09314,,False
L09315,,False
L09316,,False
L09317,,False
L09318,19.0,False
L09319,,False
L09320,,False
L09321,,False
L09322,,False
L09323,,False
L09324,,False
L09325,,False
L09326,,False
L09327,,False
L09328,,False
L09329,,False
L09330,,False
L09331,,False
L09332,,False
L09333,,False
L09334,,False
L09335,,False
L09336,,False
L09337,,False
L09338,,False
L09339,16.0,True
L09340,,False
L09341,,False
L09342,,False
L09343,,False
L09344,,False
L09345,,False
L09346,,False
L09347,1.0,False
L09348,,False
L09349,,False
L09350,,False
L09351,,False
L09352,,False
L09353,,False
L09354,,False
L09355,,False
L09356,,False
L09357,,False
L09358,,False
L09359,,False
L09360,,False
L09361,,False
L09362,5.0,False
L09363,,False
L09364,,False
L09365,,False
L09366,,False
L09367,,False
L09368,,False
L09369,,False
L09370,,False
L09371,,False
L09372,,False
L09373,,False
L09374,,False
L09375,,False
L09376,,False
L09377,,False
L09378,9.0,False
L09379,,False
L09380,,False
L09381,,False
L09382,,False
L09383,,False
L09384,,False
L09385,,False
L09386,,False
L09387,,False
L09388,,False
L09389,,False
L09390,,False
L09391,,False
L09392,,False
L09393,,False
L09394,,False
L09395,,False
L09396,,False
L09397,,False
L09398,13.0,False
L09399,,False
L09400,,False
L09401,,False
L09402,,False
L09403,,False
L09404,,False
L09405,,False
L09406,,False
L09407,,False
L09408,,False
L09409,,False
L09410,,False
L09411,,False
L09412,,False
L09413,,False
L09414,,False
L09415,,False
L09416,,False
L09417,,False
L09418,,False
L09419,,False
L09420,,False
L09421,,False
L09422,,False
L09423,14.0,False
L09424,,False
L09425,,False
L09426,,False
L09427,,False
L09428,,False
L09429,,False
L09430,,False
L09431,,False
L09432,,False
L09433,,False
L09434,8.0,False
L09435,,False
L09436,,False
L09437,,False
L09438,,False
L09439,,False
L09440,,False
L09441,,False
L09442,,False
L09443,,False
L09444,,False
L09445,,False
L09446,,False
L09447,,False
L09448,,False
L09449,,False
L09450,,False
L09451,,False
L09452,,False
L09453,,False
L09454,,False
L09455,,False
L09456,,False
L09457,,False
L09458,,False
L09459,,False
L09460,,False
L09461,,False
L09462,,False
L09463,,False
L09464,,False
L09465,,False
L09466,7.0,False
L09467,,False
L09468,,False
L09469,,False
L09470,,False
L09471,,False
L09472,,False
L09473,,False
L09474,,False
L09475,,False
L09476,,False
L09477,,False
L09478,,False
L09479,15.0,False
L09480,,False
L09481,,False
L09482,,False
L09483,,False
L09484,14.0,True
L09485,,False
L09486,,False
L09487,,False
L09488,,False
L09489,,False
L09490,15.0,False
L09491,,False
L09492,,False
L09493,,False
L09494,,False
L09495,,False
L09496,,False
L09497,,False
L09498,,False
L09499,,False
L09500,,False
L09501,1.0,False
L09502,,False
L09503,18.0,False
L09504,,False
L09505,,False
L09506,,False
L09507,,False
L09508,,False
L09509,,False
L09510,,False
L09511,,False
L09512,,False
L09513,,False
L09514,,False
L09515,,False
L09516,,False
L09517,5.0,False
L09518,,False
L09519,,False
L09520,,False
L09521,,False
L09522,,False
L09523,,False
L09524,,False
L09525,,False
L09526,,False
L09527,,False
L09528,,False
L09529,,False
L09530,16.0,False
L09531,,False
L09532,,False
L09533,,False
L09534,,False
L09535,18.0,False
L09536,,False
L09537,,False
L09538,,False
L09539,,False
L09540,,False
L09541,,False
L09542,,False
L09543,,False
L09544,,False
L09545,,False
L09546,,False
L09547,,False
L09548,,False
L09549,,False
L09550,,False
L09551,,False
L09552,5.0,False
L09553,,False
L09554,,False
L09555,,False
L09556,,False
L09557,,False
L09558,,False
L09559,,False
L09560,,False
L09561,,False
L09562,,False
L09563,,False
L09564,,False
L09565,,False
L09566,,False
L09567,,False
L09568,,False
L09569,,False
L09570,,False
L09571,,False
L09572,,False
L09573,,False
L09574,,False
L09575,,False
L09576,,False
L09577,,False
L09578,,False
L09579,,False
L09580,,False
L09581,,False
L09582,,False
L09583,,False
L09584,,False
L09585,,False
L09586,,False
L09587,23.0,True
L09588,,False
L09589,,False
L09590,,False
L09591,,False
L09592,,False
L09593,,False
L09594,,False
L09595,,False
L09596,,False
L09597,,False
L09598,,False
L09599,,False
L09600,,False
L09601,,False
L09602,,False
L09603,3.0,False
L09604,,False
L09605,,False
L09606,,False
L09607,7.0,False
L09608,,False
L09609,,False
L09610,,False
L09611,,False
L09612,,False
L09613,,False
L09614,22.0,False
L09615,,False
L09616,,False
L09617,,False
L09618,,False
L09619,,False
L09620,,False
L09621,,False
L09622,,False
L09623,,False
L09624,,False
L09625,,False
L09626,,False
L09627,,False
L09628,,False
L09629,,False
L09630,,False
L09631,,False
L09632,,False
L09633,,False
L09634,,False
L09635,,False
L09636,,False
L09637,,False
L09638,,False
L09639,,False
L09640,,False
L09641,,False
L09642,,False
L09643,,False
L09644,,False
L09645,,False
L09646,,False
L09647,,False
L09648,,False
L09649,,False
L09650,5.0,True
L09651,,False
L09652,,False
L09653,,False
L09654,,False
L09655,,False
L09656,,False
L09657,15.0,False
L09658,,False
L09659,,False
L09660,,False
L09661,,False
L09662,,False
L09663,,False
L09664,,False
L09665,,False
L09666,12.0,False
L09667,,False
L09668,,False
L09669,,False
L09670,,False
L09671,,False
L09672,,False
L09673,,False
L09674,,False
L09675,,False
L09676,,False
L09677,,False
L09678,,False
L09679,,False
L09680,,False
L09681,,False
L09682,,False
L09683,,False
L09684,,False
L09685,,False
L09686,,False
L09687,12.0,False
L09688,,False
L09689,,False
L09690,,False
L09691,7.0,False
L09692,,False
L09693,,False
L09694,,False
L09695,,False
L09696,,False
L09697,7.0,True
L09698,,False
L09699,,False
L09700,,False
L09701,,False
L09702,,False
L09703,,False
L09704,,False
L09705,,False
L09706,,False
L09707,,False
L09708,,False
L09709,5.0,False
L09710,,False
L09711,,False
L09712,,False
L09713,,False
L09714,,False
L09715,,False
L09716,,False
L09717,,False
L09718,,False
L09719,,False
L09720,,False
L09721,,False
L09722,,False
L09723,,False
L09724,,False
L09725,,False
L09726,,False
L09727,,False
L09728,11.0,True
L09729,,False
L09730,,False
L09731,,False
L09732,,False
L09733,,False
L09734,,False
L09735,7.0,True
L09736,,False
L09737,,False
L09738,17.0,True
L09739,,False
L09740,,False
L09741,,False
L09742,,False
L09743,,False
L09744,,False
L09745,,False
L09746,,False
L09747,,False
L09748,,False
L09749,,False
L09750,,False
L09751,,False
L09752,,False
L09753,,False
L09754,,False
L09755,,False
L09756,,False
L09757,,False
L09758,,False
L09759,,False
L09760,,False
L09761,,False
L09762,2.0,False
L09763,,False
L09764,,False
L09765,,False
L09766,,False
L09767,,False
L09768,,False
L09769,,False
L09770,,False
L09771,,False
L09772,,False
L09773,,False
L09774,,False
L09775,,False
L09776,,False
L09777,,False
L09778,,False
L09779,,False
L09780,,False
L09781,,False
L09782,,False
L09783,,False
L09784,,False
L09785,,False
L09786,,False
L09787,,False
L09788,,False
L09789,,False
L09790,,False
L09791,,False
L09792,,False
L09793,28.0,False
L09794,,False
L09795,,False
L09796,,False
L09797,16.0,True
L09798,,False
L09799,,False
L09800,,False
L09801,,False
L09802,,False
L09803,,False
L09804,,False
L09805,,False
L09806,,False
L09807,,False
L09808,,False
L09809,,False
L09810,,False
L09811,,False
L09812,,False
L09813,,False
L09814,,False
L09815,,False
L09816,,False
L09817,,False
L09818,,False
L09819,,False
L09820,,False
L09821,,False
L09822,,False
L09823,,False
L09824,,False
L09825,,False
L09826,,False
L09827,,False
L09828,,False
L09829,,False
L09830,2.0,False
L09831,,False
L09832,,False
L09833,,False
L09834,,False
L09835,,False
L09836,,False
L09837,,False
L09838,,False
L09839,,False
L09840,,False
L09841,,False
L09842,,False
L09843,,False
L09844,,False
L09845,,False
L09846,,False
L09847,,False
L09848,,False
L09849,,False
L09850,,False
L09851,12.0,False
L09852,,False
L09853,,False
L09854,,False
L09855,,False
L09856,,False
L09857,,False
L09858,,False
L09859,,False
L09860,,False
L09861,,False
L09862,,False
L09863,,False
L09864,,False
L09865,,False
L09866,,False
L09867,,False
L09868,,False
L09869,,False
L09870,,False
L09871,,False
L09872,,False
L09873,,False
L09874,,False
L09875,,False
L09876,,False
L09877,,False
L09878,,False
L09879,,False
L09880,10.0,False
L09881,,False
L09882,,False
L09883,,False
L09884,,False
L09885,,False
L09886,,False
L09887,,False
L09888,,False
L09889,,False
L09890,,False
L09891,,False
L09892,,False
L09893,,False
L09894,,False
L09895,,False
L09896,,False
L09897,,False
L09898,,False
L09899,,False
L09900,,False
L09901,,False
L09902,4.0,True
L09903,,False
L09904,,False
L09905,,False
L09906,,False
L09907,,False
L09908,,False
L09909,,False
L09910,20.0,False
L09911,,False
L09912,,False
L09913,,False
L09914,,False
L09915,,False
L09916,,False
L09917,,False
L09918,,False
L09919,16.0,False
L09920,,False
L09921,,False
L09922,,False
L09923,,False
L09924,,False
L09925,,False
L09926,,False
L09927,,False
L09928,,False
L09929,8.0,False
L09930,,False
L09931,,False
L09932,,False
L09933,,False
L09934,,False
L09935,,False
L09936,,False
L09937,,False
L09938,,False
L09939,,False
L09940,,False
L09941,,False
L09942,,False
L09943,,False
L09944,,False
L09945,,False
L09946,,False
L09947,8.0,False
L09948,,False
L09949,,False
L09950,,False
L09951,5.0,False
L09952,,False
L09953,11.0,True
L09954,,False
L09955,,False
L09956,,False
L09957,,False
L09958,,False
L09959,,False
L09960,11.0,False
L09961,,False
L09962,,False
L09963,,False
L09964,,False
L09965,,False
L09966,,False
L09967,,False
L09968,,False
L09969,,False
L09970,,False
L09971,,False
L09972,,False
L09973,2.0,False
L09974,,False
L09975,,False
L09976,,False
L09977,,False
L09978,,False
L09979,3.0,False
L09980,,False
L09981,,False
L09982,,False
L09983,,False
L09984,,False
L09985,,False
L09986,,False
L09987,7.0,False
L09988,,False
L09989,,False
L09990,,False
L09991,,False
L09992,14.0,False
L09993,,False
L09994,,False
L09995,,False
L09996,,False
L09997,,False
L09998,,False
L09999,,False
L10000,,False
L10001,9.0,True
L10002,,False
L10003,,False
L10004,,False
L10005,,False
L10006,10.0,False
L10007,,False
L10008,20.0,False
L10009,,False
L10010,,False
L10011,11.0,False
L10012,,False
L10013,,False
L10014,,False
L10015,,False
L10016,,False
L10017,,False
L10018,,False
L10019,,False
L10020,,False
L10021,,False
L10022,,False
L10023,,False
L10024,,False
L10025,,False
L10026,,False
L10027,,False
L10028,,False
L10029,,False
L10030,,False
L10031,,False
L10032,,False
L10033,,False
L10034,,False
L10035,,False
L10036,,False
L10037,,False
L10038,,False
L10039,,False
L10040,,False
L10041,,False
L10042,3.0,True
L10043,,False
L10044,,False
L10045,,False
L10046,,False
L10047,,False
L10048,,False
L10049,,False
L10050,,False
L10051,,False
L10052,,False
L10053,,False
L10054,,False
L10055,,False
L10056,,False
L10057,,False
L10058,,False
L10059,,False
L10060,,False
L10061,,False
L10062,,False
L10063,,False
L10064,,False
L10065,,False
L10066,,False
L10067,,False
L10068,,False
L10069,,False
L10070,,False
L10071,,False
L10072,16.0,True
L10073,,False
L10074,,False
L10075,,False
L10076,,False
L10077,,False
L10078,,False
L10079,13.0,True
L10080,8.0,True
L10081,,False
L10082,,False
L10083,,False
L10084,,False
L10085,,False
L10086,,False
L10087,,False
L10088,,False
L10089,,False
L10090,,False
L10091,,False
L10092,,False
L10093,,False
L10094,,False
L10095,,False
L10096,,False
L10097,,False
L10098,,False
L10099,,False
L10100,,False
L10101,,False
L10102,,False
L10103,,False
L10104,,False
L10105,,False
L10106,4.0,False
L10107,,False
L10108,,False
L10109,,False
L10110,,False
L10111,,False
L10112,,False
L10113,,False
L10114,,False
L10115,,False
L10116,,False
L10117,,False
L10118,,False
L10119,,False
L10120,,False
L10121,,False
L10122,,False
L10123,3.0,True
L10124,,False
L10125,4.0,False
L10126,,False
L10127,,False
L10128,,False
L10129,,False
L10130,,False
L10131,,False
L10132,,False
L10133,,False
L10134,,False
L10135,,False
L10136,,False
L10137,,False
L10138,,False
L10139,,False
L10140,,False
L10141,,False
L10142,6.0,True
L10143,,False
L10144,,False
L10145,,False
L10146,13.0,False
L10147,16.0,False
L10148,,False
L10149,,False
L10150,,False
L10151,,False
L10152,,False
L10153,,False
L10154,,False
L10155,11.0,True
L10156,,False
L10157,,False
L10158,,False
L10159,,False
L10160,,False
L10161,,False
L10162,,False
L10163,,False
L10164,,False
L10165,,False
L10166,,False
L10167,,False
L10168,,False
L10169,,False
L10170,,False
L10171,,False
L10172,,False
L10173,,False
L10174,,False
L10175,,False
L10176,,False
L10177,,False
L10178,,False
L10179,,False
L10180,,False
L10181,,False
L10182,,False
L10183,,False
L10184,,False
L10185,,False
L10186,,False
L10187,,False
L10188,,False
L10189,,False
L10190,,False
L10191,,False
L10192,,False
L10193,,False
L10194,,False
L10195,,False
L10196,,False
L10197,,False
L10198,,False
L10199,,False
L10200,16.0,False
L10201,,False
L10202,11.0,False
L10203,,False
L10204,,False
L10205,,False
L10206,,False
L10207,,False
L10208,,False
L10209,,False
L10210,,False
L10211,,False
L10212,28.0,True
L10213,,False
L10214,,False
L10215,,False
L10216,,False
L10217,25.0,False
L10218,,False
L10219,,False
L10220,,False
L10221,,False
L10222,,False
L10223,,False
L10224,,False
L10225,4.0,False
L10226,,False
L10227,,False
L10228,,False
L10229,,False
L10230,,False
L10231,,False
L10232,,False
L10233,,False
L10234,,False
L10235,,False
L10236,,False
L10237,,False
L10238,,False
L10239,,False
L10240,,False
L10241,,False
L10242,,False
L10243,,False
L10244,,False
L10245,,False
L10246,,False
L10247,,False
L10248,,False
L10249,,False
L10250,,False
L10251,,False
L10252,12.0,False
L10253,,False
L10254,,False
L10255,,False
L10256,,False
L10257,,False
L10258,,False
L10259,,False
L10260,,False
L10261,,False
L10262,,False
L10263,,False
L10264,,False
L10265,,False
L10266,,False
L10267,,False
L10268,,False
L10269,,False
L10270,,False
L10271,,False
L10272,,False
L10273,,False
L10274,,False
L10275,,False
L10276,,False
L10277,,False
L10278,4.0,False
L10279,,False
L10280,,False
L10281,,False
L10282,,False
L10283,,False
L10284,,False
L10285,,False
L10286,,False
L10287,18.0,False
L10288,,False
L10289,,False
L10290,,False
L10291,9.0,False
L10292,,False
L10293,,False
L10294,,False
L10295,17.0,False
L10296,,False
L10297,,False
L10298,,False
L10299,13.0,True
L10300,,False
L10301,,False
L10302,,False
L10303,,False
L10304,,False
L10305,,False
L10306,,False
L10307,9.0,False
L10308,,False
L10309,,False
L10310,,False
L10311,,False
L10312,,False
L10313,,False
L10314,,False
L10315,9.0,False
L10316,,False
L10317,,False
L10318,,False
L10319,,False
L10320,,False
L10321,,False
L10322,,False
L10323,,False
L10324,14.0,False
L10325,,False
L10326,,False
L10327,,False
L10328,,False
L10329,4.0,False
L10330,,False
L10331,,False
L10332,7.0,False
L10333,,False
L10334,,False
L10335,,False
L10336,,False
L10337,,False
L10338,,False
L10339,,False
L10340,,False
L10341,,False
L10342,,False
L10343,,False
L10344,,False
L10345,,False
L10346,5.0,False
L10347,,False
L10348,16.0,False
L10349,,False
L10350,,False
L10351,,False
L10352,,False
L10353,,False
L10354,,False
L10355,,False
L10356,,False
L10357,,False
L10358,6.0,False
L10359,13.0,True
L10360,,False
L10361,,False
L10362,,False
L10363,,False
L10364,,False
L10365,,False
L10366,,False
L10367,,False
L10368,6.0,False
L10369,,False
L10370,,False
L10371,,False
L10372,,False
L10373,,False
L10374,,False
L10375,,False
L10376,,False
L10377,,False
L10378,,False
L10379,16.0,False
L10380,,False
L10381,,False
L10382,,False
L10383,,False
L10384,,False
L10385,,False
L10386,,False
L10387,,False
L10388,,False
L10389,,False
L10390,,False
L10391,,False
L10392,8.0,False
L10393,,False
L10394,,False
L10395,,False
L10396,,False
L10397,,False
L10398,,False
L10399,,False
L10400,14.0,False
L10401,,False
L10402,,False
L10403,23.0,True
L10404,,False
L10405,,False
L10406,,False
L10407,,False
L10408,,False
L10409,,False
L10410,,False
L10411,5.0,False
L10412,,False
L10413,,False
L10414,,False
L10415,,False
L10416,,False
L10417,,False
L10418,,False
L10419,,False
L10420,,False
L10421,,False
L10422,9.0,False
L10423,8.0,False
L10424,,False
L10425,,False
L10426,,False
L10427,11.0,False
L10428,,False
L10429,,False
L10430,,False
L10431,,False
L10432,,False
L10433,,False
L10434,,False
L10435,,False
L10436,,False
L10437,,False
L10438,,False
L10439,,False
L10440,,False
L10441,,False
L10442,,False
L10443,,False
L10444,10.0,False
L10445,,False
L10446,,False
L10447,,False
L10448,2.0,False
L10449,,False
L10450,,False
L10451,,False
L10452,,False
L10453,,False
L10454,,False
L10455,,False
L10456,,False
L10457,,False
L10458,,False
L10459,,False
L10460,,False
L10461,,False
L10462,,False
L10463,,False
L10464,,False
L10465,,False
L10466,,False
L10467,,False
L10468,,False
L10469,,False
L10470,,False
L10471,,False
L10472,,False
L10473,,False
L10474,,False
L10475,,False
L10476,,False
L10477,,False
L10478,6.0,False
L10479,,False
L10480,,False
L10481,,False
L10482,,False
L10483,,False
L10484,,False
L10485,,False
L10486,,False
L10487,,False
L10488,,False
L10489,,False
L10490,,False
L10491,,False
L10492,,False
L10493,,False
L10494,,False
L10495,,False
L10496,,False
L10497,,False
L10498,,False
L10499,,False
L10500,,False
L10501,,False
L10502,,False
L10503,10.0,True
L10504,,False
L10505,,False
L10506,,False
L10507,,False
L10508,15.0,False
L10509,21.0,False
L10510,,False
L10511,,False
L10512,,False
L10513,,False
L10514,,False
L10515,,False
L10516,,False
L10517,,False
L10518,9.0,True
L10519,,False
L10520,,False
L10521,,False
L10522,,False
L10523,,False
L10524,,False
L10525,,False
L10526,,False
L10527,,False
L10528,,False
L10529,,False
L10530,,False
L10531,19.0,False
L10532,,False
L10533,,False
L10534,,False
L10535,,False
L10536,,False
L10537,,False
L10538,,False
L10539,,False
L10540,,False
L10541,10.0,True
L10542,,False
L10543,,False
L10544,,False
L10545,,False
L10546,,False
L10547,,False
L10548,,False
L10549,11.0,True
L10550,,False
L10551,,False
L10552,,False
L10553,,False
L10554,,False
L10555,,False
L10556,,False
L10557,,False
L10558,,False
L10559,,False
L10560,,False
L10561,,False
L10562,,False
L10563,,False
L10564,,False
L10565,,False
L10566,,False
L10567,,False
L10568,,False
L10569,11.0,False
L10570,,False
L10571,,False
L10572,,False
L10573,,False
L10574,,False
L10575,,False
L10576,14.0,False
L10577,,False
L10578,,False
L10579,,False
L10580,5.0,True
L10581,,False
L10582,,False
L10583,,False
L10584,,False
L10585,,False
L10586,,False
L10587,,False
L10588,,False
L10589,,False
L10590,,False
L10591,,False
L10592,,False
L10593,,False
L10594,,False
L10595,,False
L10596,,False
L10597,,False
L10598,,False
L10599,,False
L10600,,False
L10601,,False
L10602,,False
L10603,,False
L10604,,False
L10605,,False
L10606,,False
L10607,,False
L10608,,False
L10609,,False
L10610,,False
L10611,,False
L10612,,False
L10613,,False
L10614,,False
L10615,,False
L10616,,False
L10617,,False
L10618,,False
L10619,,False
L10620,,False
L10621,,False
L10622,,False
L10623,1.0,True
L10624,14.0,False
L10625,,False
L10626,,False
L10627,,False
L10628,,False
L10629,,False
L10630,,False
L10631,,False
L10632,,False
L10633,8.0,False
L10634,,False
L10635,,False
L10636,,False
L10637,,False
L10638,,False
L10639,,False
L10640,,False
L10641,,False
L10642,,False
L10643,,False
L10644,17.0,False
L10645,,False
L10646,,False
L10647,,False
L10648,,False
L10649,,False
L10650,,False
L10651,14.0,False
L10652,,False
L10653,,False
L10654,,False
L10655,,False
L10656,,False
L10657,,False
L10658,,False
L10659,,False
L10660,,False
L10661,,False
L10662,,False
L10663,5.0,False
L10664,5.0,True
L10665,,False
L10666,,False
L10667,,False
L10668,,False
L10669,,False
L10670,,False
L10671,,False
L10672,,False
L10673,,False
L10674,,False
L10675,,False
L10676,,False
L10677,,False
L10678,,False
L10679,,False
L10680,,False
L10681,,False
L10682,,False
L10683,,False
L10684,,False
L10685,,False
L10686,,False
L10687,,False
L10688,,False
L10689,,False
L10690,,False
L10691,,False
L10692,,False
L10693,,False
L10694,,False
L10695,,False
L10696,,False
L10697,,False
L10698,,False
L10699,,False
L10700,,False
L10701,,False
L10702,,False
L10703,,False
L10704,,False
L10705,,False
L10706,,False
L10707,10.0,False
L10708,,False
L10709,,False
L10710,,False
L10711,,False
L10712,,False
L10713,,False
L10714,,False
L10715,,False
L10716,,False
L10717,,False
L10718,,False
L10719,,False
L10720,,False
L10721,,False
L10722,,False
L10723,,False
L10724,,False
L10725,,False
L10726,,False
L10727,,False
L10728,,False
L10729,,False
L10730,,False
L10731,,False
L10732,,False
L10733,,False
L10734,,False
L10735,,False
L10736,,False
L10737,,False
L10738,,False
L10739,,False
L10740,,False
L10741,,False
L10742,,False
L10743,,False
L10744,,False
L10745,,False
L10746,,False
L10747,,False
L10748,,False
L10749,,False
L10750,,False
L10751,,False
L10752,,False
L10753,,False
L10754,,False
L10755,,False
L10756,,False
L10757,,False
L10758,,False
L10759,,False
L10760,,False
L10761,,False
L10762,,False
L10763,,False
L10764,,False
L10765,,False
L10766,,False
L10767,,False
L10768,,False
L10769,,False
L10770,,False
L10771,,False
L10772,5.0,False
L10773,,False
L10774,,False
L10775,,False
L10776,,False
L10777,,False
L10778,,False
L10779,12.0,False
L10780,,False
L10781,,False
L10782,,False
L10783,,False
L10784,,False
L10785,,False
L10786,,False
L10787,,False
L10788,,False
L10789,,False
L10790,,False
L10791,,False
L10792,,False
L10793,,False
L10794,,False
L10795,,False
L10796,,False
L10797,,False
L10798,,False
L10799,,False
L10800,,False
L10801,,False
L10802,,False
L10803,,False
L10804,,False
L10805,,False
L10806,,False
L10807,,False
L10808,,False
L10809,,False
L10810,5.0,False
L10811,,False
L10812,,False
L10813,,False
L10814,,False
L10815,,False
L10816,,False
L10817,,False
L10818,,False
L10819,,False
L10820,,False
L10821,,False
L10822,,False
L10823,,False
L10824,,False
L10825,,False
L10826,,False
L10827,,False
L10828,,False
L10829,,False
L10830,,False
L10831,,False
L10832,13.0,False
L10833,,False
L10834,,False
L10835,,False
L10836,,False
L10837,,False
L10838,,False
L10839,,False
L10840,,False
L10841,16.0,True
L10842,,False
L10843,,False
L10844,,False
L10845,,False
L10846,1.0,True
L10847,,False
L10848,,False
L10849,,False
L10850,,False
L10851,,False
L10852,,False
L10853,,False
L10854,,False
L10855,,False
L10856,,False
L10857,6.0,False
L10858,,False
L10859,,False
L10860,,False
L10861,,False
L10862,,False
L10863,,False
L10864,,False
L10865,,False
L10866,14.0,False
L10867,,False
L10868,,False
L10869,,False
L10870,,False
L10871,,False
L10872,,False
L10873,,False
L10874,,False
L10875,,False
L10876,,False
L10877,,False
L10878,,False
L10879,,False
L10880,7.0,True
L10881,,False
L10882,,False
L10883,,False
L10884,,False
L10885,,False
L10886,,False
L10887,,False
L10888,,False
L10889,,False
L10890,,False
L10891,,False
L10892,,False
L10893,,False
L10894,,False
L10895,,False
L10896,,False
L10897,,False
L10898,,False
L10899,,False
L10900,,False
L10901,,False
L10902,,False
L10903,,False
L10904,,False
L10905,,False
L10906,,False
L10907,,False
L10908,,False
L10909,18.0,False
L10910,,False
L10911,,False
L10912,,False
L10913,,False
L10914,,False
L10915,,False
L10916,,False
L10917,,False
L10918,,False
L10919,,False
L10920,,False
L10921,,False
L10922,18.0,False
L10923,,False
L10924,,False
L10925,,False
L10926,,False
L10927,,False
L10928,,False
L10929,,False
L10930,,False
L10931,,False
L10932,,False
L10933,,False
L10934,,False
L10935,,False
L10936,,False
L10937,,False
L10938,,False
L10939,,False
L10940,,False
L10941,,False
L10942,,False
L10943,,False
L10944,,False
L10945,,False
L10946,,False
L10947,,False
L10948,,False
L10949,17.0,False
L10950,,False
L10951,,False
L10952,,False
L10953,13.0,False
L10954,,False
L10955,,False
L10956,,False
L10957,,False
L10958,,False
L10959,,False
L10960,,False
L10961,,False
L10962,,False
L10963,,False
L10964,,False
L10965,,False
L10966,,False
L10967,,False
L10968,,False
L10969,,False
L10970,,False
L10971,,False
L10972,,False
L10973,,False
L10974,,False
L10975,,False
L10976,,False
L10977,,False
L10978,,False
L10979,,False
L10980,,False
L10981,,False
L10982,,False
L10983,,False
L10984,,False
L10985,,False
L10986,,False
L10987,,False
L10988,,False
L10989,,False
L10990,,False
L10991,,False
L10992,,False
L10993,,False
L10994,,False
L10995,,False
L10996,,False
L10997,,False
L10998,,False
L10999,,False
L11000,,False
L11001,,False
L11002,,False
L11003,7.0,False
L11004,,False
L11005,,False
L11006,,False
L11007,,False
L11008,,False
L11009,,False
L11010,,False
L11011,,False
L11012,,False
L11013,2.0,False
L11014,,False
L11015,,False
L11016,,False
L11017,,False
L11018,,False
L11019,,False
L11020,,False
L11021,,False
L11022,,False
L11023,,False
L11024,,False
L11025,10.0,False
L11026,,False
L11027,,False
L11028,,False
L11029,,False
L11030,,False
L11031,,False
L11032,14.0,False
L11033,,False
L11034,28.0,False
L11035,,False
L11036,,False
L11037,,False
L11038,,False
L11039,,False
L11040,,False
L11041,,False
L11042,6.0,False
L11043,13.0,True
L11044,,False
L11045,,False
L11046,,False
L11047,,False
L11048,,False
L11049,,False
L11050,,False
L11051,,False
L11052,,False
L11053,,False
L11054,,False
L11055,,False
L11056,,False
L11057,,False
L11058,,False
L11059,,False
L11060,,False
L11061,,False
L11062,,False
L11063,,False
L11064,,False
L11065,2.0,True
L11066,,False
L11067,,False
L11068,,False
L11069,,False
L11070,,False
L11071,17.0,True
L11072,,False
L11073,,False
L11074,,False
L11075,,False
L11076,,False
L11077,,False
L11078,,False
L11079,,False
L11080,5.0,False
L11081,,False
L11082,,False
L11083,,False
L11084,,False
L11085,,False
L11086,,False
L11087,,False
L11088,,False
L11089,,False
L11090,,False
L11091,,False
L11092,,False
L11093,,False
L11094,,False
L11095,9.0,False
L11096,,False
L11097,,False
L11098,,False
L11099,,False
L11100,,False
L11101,,False
L11102,,False
L11103,,False
L11104,,False
L11105,,False
L11106,,False
L11107,,False
L11108,,False
L11109,,False
L11110,,False
L11111,,False
L11112,,False
L11113,,False
L11114,,False
L11115,15.0,False
L11116,,False
L11117,,False
L11118,,False
L11119,5.0,False
L11120,,False
L11121,,False
L11122,,False
L11123,,False
L11124,,False
L11125,,False
L11126,,False
L11127,,False
L11128,,False
L11129,,False
L11130,,False
L11131,,False
L11132,6.0,False
L11133,,False
L11134,,False
L11135,,False
L11136,,False
L11137,,False
L11138,,False
L11139,,False
L11140,,False
L11141,,False
L11142,2.0,True
L11143,,False
L11144,22.0,True
L11145,,False
L11146,,False
L11147,,False
L11148,11.0,False
L11149,,False
L11150,,False
L11151,,False
L11152,,False
L11153,,False
L11154,,False
L11155,,False
L11156,,False
L11157,,False
L11158,,False
L11159,,False
L11160,,False
L11161,,False
L11162,,False
L11163,,False
L11164,,False
L11165,26.0,True
L11166,,False
L11167,,False
L11168,,False
L11169,,False
L11170,,False
L11171,19.0,False
L11172,17.0,False
L11173,,False
L11174,,False
L11175,,False
L11176,,False
L11177,13.0,False
L11178,,False
L11179,,False
L11180,,False
L11181,,False
L11182,,False
L11183,,False
L11184,,False
L11185,,False
L11186,,False
L11187,,False
L11188,,False
L11189,,False
L11190,,False
L11191,,False
L11192,,False
L11193,,False
L11194,,False
L11195,,False
L11196,,False
L11197,,False
L11198,,False
L11199,,False
L11200,,False
L11201,,False
L11202,5.0,False
L11203,,False
L11204,,False
L11205,,False
L11206,,False
L11207,,False
L11208,,False
L11209,,False
L11210,,False
L11211,8.0,False
L11212,,False
L11213,16.0,True
L11214,,False
L11215,,False
L11216,,False
L11217,,False
L11218,,False
L11219,,False
L11220,,False
L11221,,False
L11222,,False
L11223,,False
L11224,,False
L11225,,False
L11226,,False
L11227,,False
L11228,,False
L11229,,False
L11230,,False
L11231,,False
L11232,,False
L11233,,False
L11234,,False
L11235,,False
L11236,,False
L11237,,False
L11238,,False
L11239,,False
L11240,,False
L11241,4.0,False
L11242,3.0,False
L11243,,False
L11244,,False
L11245,,False
L11246,,False
L11247,,False
L11248,8.0,False
L11249,,False
L11250,,False
L11251,,False
L11252,,False
L11253,,False
L11254,,False
L11255,,False
L11256,,False
L11257,,False
L11258,,False
L11259,10.0,False
L11260,,False
L11261,,False
L11262,,False
L11263,,False
L11264,,False
L11265,,False
L11266,,False
L11267,,False
L11268,,False
L11269,,False
L11270,,False
L11271,,False
L11272,,False
L11273,,False
L11274,1.0,False
L11275,,False
L11276,,False
L11277,,False
L11278,,False
L11279,,False
L11280,,False
L11281,,False
L11282,,False
L11283,,False
L11284,,False
L11285,,False
L11286,6.0,False
L11287,,False
L11288,,False
L11289,,False
L11290,,False
L11291,,False
L11292,,False
L11293,,False
L11294,,False
L11295,,False
L11296,,False
L11297,,False
L11298,10.0,False
L11299,,False
L11300,,False
L11301,,False
L11302,,False
L11303,,False
L11304,,False
L11305,,False
L11306,,False
L11307,,False
L11308,9.0,False
L11309,,False
L11310,,False
L11311,,False
L11312,,False
L11313,,False
L11314,,False
L11315,,False
L11316,,False
L11317,12.0,False
L11318,,False
L11319,,False
L11320,11.0,False
L11321,,False
L11322,,False
L11323,,False
L11324,,False
L11325,,False
L11326,,False
L11327,,False
L11328,,False
L11329,,False
L11330,,False
L11331,,False
L11332,,False
L11333,,False
L11334,,False
L11335,,False
L11336,,False
L11337,,False
L11338,,False
L11339,,False
L11340,,False
L11341,,False
L11342,,False
L11343,4.0,False
L11344,,False
L11345,,False
L11346,,False
L11347,,False
L11348,,False
L11349,,False
L11350,,False
L11351,,False
L11352,,False
L11353,,False
L11354,13.0,False
L11355,,False
L11356,,False
L11357,,False
L11358,,False
L11359,,False
L11360,,False
L11361,,False
L11362,,False
L11363,,False
L11364,,False
L11365,,False
L11366,,False
L11367,,False
L11368,,False
L11369,,False
L11370,,False
L11371,,False
L11372,,False
L11373,,False
L11374,,False
L11375,,False
L11376,,False
L11377,,False
L11378,,False
L11379,,False
L11380,,False
L11381,,False
L11382,,False
L11383,,False
L11384,,False
L11385,,False
L11386,,False
L11387,,False
L11388,,False
L11389,,False
L11390,,False
L11391,,False
L11392,,False
L11393,16.0,False
L11394,,False
L11395,,False
L11396,,False
L11397,10.0,False
L11398,,False
L11399,,False
L11400,,False
L11401,,False
L11402,,False
L11403,,False
L11404,,False
L11405,,False
L11406,,False
L11407,,False
L11408,,False
L11409,,False
L11410,,False
L11411,,False
L11412,,False
L11413,,False
L11414,,False
L11415,,False
L11416,,False
L11417,,False
L11418,,False
L11419,,False
L11420,,False
L11421,,False
L11422,,False
L11423,,False
L11424,,False
L11425,,False
L11426,,False
L11427,,False
L11428,,False
L11429,8.0,False
L11430,,False
L11431,,False
L11432,,False
L11433,,False
L11434,,False
L11435,,False
L11436,,False
L11437,,False
L11438,,False
L11439,,False
L11440,,False
L11441,3.0,True
L11442,,False
L11443,,False
L11444,,False
L11445,,False
L11446,,False
L11447,,False
L11448,,False
L11449,,False
L11450,,False
L11451,,False
L11452,,False
L11453,,False
L11454,,False
L11455,,False
L11456,,False
L11457,,False
L11458,,False
L11459,,False
L11460,,False
L11461,,False
L11462,,False
L11463,,False
L11464,,False
L11465,,False
L11466,,False
L11467,,False
L11468,,False
L11469,,False
L11470,,False
L11471,,False
L11472,,False
L11473,,False
L11474,,False
L11475,,False
L11476,13.0,False
L11477,,False
L11478,,False
L11479,,False
L11480,,False
L11481,,False
L11482,,False
L11483,,False
L11484,,False
L11485,4.0,True
L11486,,False
L11487,,False
L11488,,False
L11489,,False
L11490,,False
L11491,,False
L11492,,False
L11493,,False
L11494,,False
L11495,19.0,False
L11496,,False
L11497,,False
L11498,,False
L11499,,False
L11500,,False
L11501,,False
L11502,,False
L11503,,False
L11504,,False
L11505,,False
L11506,,False
L11507,,False
L11508,,False
L11509,,False
L11510,,False
L11511,,False
L11512,,False
L11513,,False
L11514,,False
L11515,,False
L11516,11.0,False
L11517,,False
L11518,,False
L11519,,False
L11520,15.0,True
L11521,,False
L11522,,False
L11523,21.0,True
L11524,,False
L11525,,False
L11526,,False
L11527,14.0,False
L11528,,False
L11529,,False
L11530,,False
L11531,,False
L11532,,False
L11533,,False
L11534,,False
L11535,,False
L11536,,False
L11537,,False
L11538,,False
L11539,,False
L11540,,False
L11541,,False
L11542,,False
L11543,,False
L11544,,False
L11545,,False
L11546,,False
L11547,,False
L11548,,False
L11549,,False
L11550,,False
L11551,,False
L11552,,False
L11553,,False
L11554,,False
L11555,,False
L11556,,False
L11557,,False
L11558,,False
L11559,,False
L11560,,False
L11561,,False
L11562,,False
L11563,,False
L11564,,False
L11565,,False
L11566,,False
L11567,,False
L11568,,False
L11569,,False
L11570,,False
L11571,,False
L11572,,False
L11573,,False
L11574,,False
L11575,,False
L11576,,False
L11577,,False
L11578,,False
L11579,,False
L11580,,False
L11581,,False
L11582,,False
L11583,,False
L11584,,False
L11585,,False
L11586,,False
L11587,,False
L11588,,False
L11589,,False
L11590,,False
L11591,,False
L11592,,False
L11593,,False
L11594,,False
L11595,,False
L11596,,False
L11597,,False
L11598,,False
L11599,,False
L11600,,False
L11601,,False
L11602,,False
L11603,,False
L11604,,False
L11605,,False
L11606,,False
L11607,,False
L11608,,False
L11609,,False
L11610,,False
L11611,,False
L11612,17.0,False
L11613,,False
L11614,,False
L11615,,False
L11616,7.0,False
L11617,,False
L11618,,False
L11619,,False
L11620,,False
L11621,5.0,True
L11622,9.0,False
L11623,,False
L11624,,False
L11625,,False
L11626,,False
L11627,,False
L11628,,False
L11629,,False
L11630,,False
L11631,,False
L11632,,False
L11633,,False
L11634,,False
L11635,,False
L11636,,False
L11637,,False
L11638,,False
L11639,,False
L11640,,False
L11641,,False
L11642,14.0,False
L11643,,False
L11644,,False
L11645,,False
L11646,,False
L11647,9.0,True
L11648,,False
L11649,,False
L11650,,False
L11651,,False
L11652,,False
L11653,,False
L11654,,False
L11655,,False
L11656,,False
L11657,19.0,False
L11658,,False
L11659,,False
L11660,,False
L11661,,False
L11662,,False
L11663,,False
L11664,,False
L11665,,False
L11666,,False
L11667,,False
L11668,,False
L11669,,False
L11670,,False
L11671,,False
L11672,,False
L11673,,False
L11674,,False
L11675,,False
L11676,,False
L11677,,False
L11678,,False
L11679,,False
L11680,,False
L11681,2.0,False
L11682,,False
L11683,,False
L11684,,False
L11685,,False
L11686,,False
L11687,,False
L11688,,False
L11689,,False
L11690,,False
L11691,,False
L11692,,False
L11693,,False
L11694,,False
L11695,,False
L11696,,False
L11697,,False
L11698,,False
L11699,,False
L11700,,False
L11701,,False
L11702,,False
L11703,,False
L11704,,False
L11705,,False
L11706,,False
L11707,,False
L11708,,False
L11709,,False
L11710,,False
L11711,,False
L11712,,False
L11713,,False
L11714,,False
L11715,,False
L11716,,False
L11717,,False
L11718,,False
L11719,6.0,False
L11720,,False
L11721,,False
L11722,,False
L11723,,False
L11724,,False
L11725,,False
L11726,,False
L11727,,False
L11728,,False
L11729,,False
L11730,,False
L11731,,False
L11732,,False
L11733,,False
L11734,,False
L11735,,False
L11736,13.0,False
L11737,,False
L11738,,False
L11739,,False
L11740,,False
L11741,,False
L11742,,False
L11743,,False
L11744,,False
L11745,,False
L11746,6.0,False
L11747,,False
L11748,,False
L11749,,False
L11750,,False
L11751,,False
L11752,11.0,True
L11753,,False
L11754,,False
L11755,,False
L11756,,False
L11757,,False
L11758,,False
L11759,,False
L11760,,False
L11761,34.0,False
L11762,,False
L11763,,False
L11764,,False
L11765,,False
L11766,,False
L11767,,False
L11768,,False
L11769,,False
L11770,,False
L11771,,False
L11772,,False
L11773,,False
L11774,,False
L11775,,False
L11776,,False
L11777,,False
L11778,,False
L11779,,False
L11780,,False
L11781,13.0,False
L11782,,False
L11783,,False
L11784,,False
L11785,,False
L11786,,False
L11787,15.0,False
L11788,,False
L11789,,False
L11790,,False
L11791,,False
L11792,,False
L11793,,False
L11794,,False
L11795,,False
L11796,,False
L11797,,False
L11798,,False
L11799,,False
L11800,,False
L11801,,False
L11802,,False
L11803,17.0,False
L11804,13.0,False
L11805,,False
L11806,,False
L11807,,False
L11808,,False
L11809,,False
L11810,,False
L11811,,False
L11812,,False
L11813,,False
L11814,,False
L11815,,False
L11816,,False
L11817,,False
L11818,,False
L11819,,False
L11820,,False
L11821,,False
L11822,,False
L11823,,False
L11824,,False
L11825,13.0,True
L11826,,False
L11827,,False
L11828,,False
L11829,,False
L11830,,False
L11831,,False
L11832,,False
L11833,,False
L11834,,False
L11835,,False
L11836,,False
L11837,,False
L11838,,False
L11839,,False
L11840,,False
L11841,,False
L11842,,False
L11843,,False
L11844,,False
L11845,,False
L11846,,False
L11847,,False
L11848,,False
L11849,,False
L11850,15.0,True
L11851,,False
L11852,,False
L11853,7.0,False
L11854,,False
L11855,12.0,False
L11856,,False
L11857,,False
L11858,,False
L11859,,False
L11860,,False
L11861,,False
L11862,,False
L11863,,False
L11864,,False
L11865,,False
L11866,,False
L11867,,False
L11868,,False
L11869,,False
L11870,,False
L11871,,False
L11872,,False
L11873,,False
L11874,,False
L11875,,False
L11876,9.0,False
L11877,,False
L11878,,False
L11879,,False
L11880,,False
L11881,,False
L11882,,False
L11883,,False
L11884,,False
L11885,,False
L11886,,False
L11887,11.0,True
L11888,,False
L11889,,False
L11890,,False
L11891,,False
L11892,,False
L11893,,False
L11894,,False
L11895,,False
L11896,,False
L11897,,False
L11898,,False
L11899,,False
L11900,,False
L11901,,False
L11902,,False
L11903,,False
L11904,,False
L11905,,False
L11906,,False
L11907,,False
L11908,,False
L11909,,False
L11910,,False
L11911,,False
L11912,,False
L11913,,False
L11914,,False
L11915,,False
L11916,,False
L11917,,False
L11918,,False
L11919,,False
L11920,,False
L11921,,False
L11922,,False
L11923,,False
L11924,,False
L11925,9.0,True
L11926,,False
L11927,,False
L11928,,False
L11929,,False
L11930,,False
L11931,,False
L11932,,False
L11933,,False
L11934,,False
L11935,,False
L11936,,False
L11937,,False
L11938,,False
L11939,,False
L11940,,False
L11941,15.0,False
L11942,,False
L11943,,False
L11944,,False
L11945,7.0,False
L11946,,False
L11947,,False
L11948,,False
L11949,,False
L11950,,False
L11951,,False
L11952,,False
L11953,,False
L11954,17.0,True
L11955,,False
L11956,,False
L11957,,False
L11958,,False
L11959,,False
L11960,,False
L11961,8.0,False
L11962,,False
L11963,,False
L11964,,False
L11965,,False
L11966,,False
L11967,,False
L11968,11.0,False
L11969,,False
L11970,,False
L11971,,False
L11972,14.0,False
L11973,,False
L11974,,False
L11975,,False
L11976,,False
L11977,,False
L11978,,False
L11979,,False
L11980,,False
L11981,8.0,False
L11982,,False
L11983,,False
L11984,,False
L11985,,False
L11986,,False
L11987,,False
L11988,,False
L11989,,False
L11990,,False
L11991,11.0,False
L11992,,False
L11993,,False
L11994,,False
L11995,,False
L11996,,False
L11997,,False
L11998,,False
L11999,,False
L12000,,False
