id_pret,ead,pd_origine,pd_actuelle,jours_retard,maturite_residuelle,lgd_estimee,taux_effectif,restructure
1,3610.0,0.1218,0.05919,0,2.0,0.404,0.067,0
2,17960.0,0.06884,0.05916,0,3.9,0.585,0.0544,0
3,23770.0,0.04706,0.04207,0,6.8,0.523,0.076,0
4,16040.0,0.04641,0.04648,0,2.5,0.309,0.0627,0
5,8650.0,0.02961,0.01106,0,2.0,0.54,0.0703,0
6,12310.0,0.02277,0.02988,0,3.7,0.353,0.0436,0
7,1820.0,0.02836,0.02762,0,6.6,0.48,0.0748,0
8,13490.0,0.01907,0.01524,0,2.1,0.581,0.0632,0
9,4970.0,0.01597,0.02194,0,4.7,0.321,0.0528,0
10,3250.0,0.01328,0.01027,0,7.0,0.398,0.0636,0
11,26770.0,0.02339,0.02571,0,3.0,0.366,0.0744,0
12,15660.0,0.0118,0.01094,0,2.6,0.431,0.0747,0
13,7610.0,0.01371,0.04207,0,1.4,0.243,0.0342,0
14,15760.0,0.01957,0.02197,0,4.6,0.316,0.0549,0
15,14670.0,0.01576,0.0143,32,3.9,0.373,0.0425,0
16,12520.0,0.01016,0.00948,23,1.6,0.204,0.0618,0
17,10990.0,0.02506,0.03967,0,4.6,0.243,0.0546,0
18,39980.0,0.00925,0.00883,0,5.3,0.318,0.0532,0
19,4420.0,0.01902,0.09733,0,2.9,0.286,0.0546,0
20,20510.0,0.02484,0.02089,0,3.5,0.352,0.0497,0
21,5050.0,0.03229,0.05212,0,4.2,0.592,0.0698,0
22,4870.0,0.00966,0.01263,0,5.0,0.305,0.0614,0
23,6680.0,0.02315,0.06551,0,5.2,0.345,0.0334,0
24,13810.0,0.03672,0.04126,81,4.7,0.364,0.0469,0
25,5040.0,0.01122,0.01739,0,3.0,0.565,0.0668,0
26,2950.0,0.01306,0.0097,0,3.2,0.522,0.07,0
27,20720.0,0.0181,0.01714,19,5.2,0.497,0.0415,0
28,12000.0,0.03278,0.05194,0,2.9,0.472,0.0614,0
29,4400.0,0.01191,0.01685,0,1.1,0.516,0.056,0
30,8720.0,0.0153,0.02579,0,1.2,0.295,0.034,0
31,4840.0,0.02255,0.05477,0,5.0,0.505,0.0669,0
32,21100.0,0.03066,0.03801,0,3.5,0.269,0.0406,0
33,50730.0,0.02608,0.0228,0,3.2,0.555,0.0705,0
34,26990.0,0.0513,0.0446,0,0.8,0.4,0.0647,0
35,73790.0,0.01008,0.01234,0,3.1,0.308,0.0424,0
36,10770.0,0.02535,0.00584,0,4.5,0.376,0.0351,0
37,3050.0,0.02607,0.01847,0,4.4,0.393,0.048,0
38,5550.0,0.07268,0.05717,0,7.0,0.297,0.0637,0
39,3560.0,0.01819,0.03174,225,6.5,0.518,0.04,0
40,14140.0,0.01223,0.01409,0,5.6,0.25,0.0537,0
41,22540.0,0.03714,0.06191,0,3.6,0.302,0.0319,0
42,9330.0,0.04662,0.15036,0,5.3,0.411,0.0622,0
43,6160.0,0.01703,0.00914,0,5.8,0.486,0.0724,0
44,24370.0,0.01464,0.02032,0,2.7,0.487,0.0706,0
45,17860.0,0.01686,0.05563,188,4.6,0.412,0.0535,0
46,3670.0,0.05244,0.08692,0,4.6,0.587,0.078,0
47,10680.0,0.01029,0.01182,0,6.3,0.204,0.0593,0
48,9990.0,0.01016,0.00518,0,1.2,0.5,0.0404,0
49,19450.0,0.01839,0.0171,0,2.6,0.325,0.0605,0
50,2370.0,0.05905,0.02371,0,5.3,0.212,0.0688,0
51,5590.0,0.04299,0.03797,0,1.6,0.279,0.0619,0
52,17090.0,0.02064,0.01374,0,2.2,0.336,0.0541,0
53,18320.0,0.01306,0.00748,0,6.1,0.512,0.0372,0
54,9110.0,0.04155,0.04353,0,6.2,0.382,0.0457,0
55,41840.0,0.02819,0.06692,0,4.6,0.358,0.0333,0
56,24130.0,0.01783,0.03739,0,6.4,0.344,0.0393,0
57,6110.0,0.0061,0.00928,0,6.2,0.441,0.0673,0
58,13400.0,0.05736,0.05927,0,0.8,0.584,0.0721,0
59,20180.0,0.02605,0.08088,0,6.9,0.576,0.0325,0
60,9360.0,0.05282,0.04896,0,2.4,0.56,0.0444,0
61,4980.0,0.01339,0.03698,0,4.2,0.524,0.0642,0
62,20380.0,0.01904,0.03173,0,2.3,0.258,0.0468,0
63,5030.0,0.04231,0.04812,0,3.7,0.466,0.0444,0
64,9210.0,0.08581,0.07127,0,6.4,0.582,0.0668,0
65,7700.0,0.01549,0.03666,0,4.4,0.449,0.0472,0
66,11160.0,0.01394,0.00915,0,0.7,0.469,0.0349,0
67,17330.0,0.03966,0.05879,0,3.5,0.213,0.0747,0
68,3380.0,0.01445,0.01111,86,3.4,0.292,0.0638,0
69,24420.0,0.07984,0.05562,0,2.9,0.251,0.0618,0
70,16550.0,0.01296,0.01045,0,3.2,0.318,0.0314,0
71,14370.0,0.05945,0.0929,0,2.0,0.283,0.0325,0
72,5610.0,0.00602,0.00517,0,2.8,0.256,0.045,0
73,7160.0,0.05023,0.0535,0,6.2,0.278,0.0711,0
74,7630.0,0.00983,0.01136,0,5.3,0.431,0.0592,0
75,20270.0,0.01429,0.04374,0,1.0,0.455,0.0526,0
76,16380.0,0.05173,0.13404,0,5.1,0.272,0.0608,0
77,3860.0,0.03404,0.05104,0,3.2,0.304,0.0629,0
78,5270.0,0.01499,0.04175,0,4.8,0.478,0.0627,0
79,2710.0,0.01877,0.02204,0,4.3,0.54,0.0522,0
80,10490.0,0.02005,0.02248,0,4.8,0.241,0.0607,0
81,17470.0,0.01255,0.04892,0,4.5,0.542,0.0764,0
82,10670.0,0.00695,0.0032,0,6.2,0.309,0.0354,0
83,2830.0,0.02764,0.0186,0,2.1,0.206,0.0565,0
84,8800.0,0.07067,0.0516,0,5.4,0.273,0.0615,0
85,13260.0,0.01096,0.0046,0,5.5,0.377,0.0605,0
86,8160.0,0.03281,0.02628,0,2.5,0.447,0.0301,0
87,14210.0,0.09455,0.05989,0,5.7,0.543,0.0593,0
88,5170.0,0.02328,0.03422,0,6.8,0.217,0.0319,0
89,6740.0,0.03532,0.01845,0,0.9,0.336,0.0392,0
90,8470.0,0.01467,0.03394,0,1.4,0.288,0.0647,0
91,4030.0,0.01036,0.01147,0,1.8,0.47,0.0663,0
92,3920.0,0.01284,0.01253,0,4.7,0.516,0.0427,0
93,16290.0,0.0093,0.01491,0,0.8,0.272,0.0636,0
94,2590.0,0.02241,0.09324,0,5.5,0.343,0.0306,0
95,18300.0,0.02025,0.019,0,1.7,0.587,0.0701,0
96,14220.0,0.00848,0.01475,0,6.1,0.599,0.0309,0
97,4560.0,0.0274,0.06189,0,1.1,0.205,0.0409,0
98,20860.0,0.04922,0.04964,0,2.3,0.277,0.0396,0
99,8430.0,0.02954,0.02385,0,2.1,0.283,0.0474,0
100,124910.0,0.01306,0.00347,0,0.9,0.314,0.0715,0
101,26700.0,0.03246,0.03485,0,4.5,0.518,0.0726,0
102,4010.0,0.05056,0.03297,31,6.5,0.35,0.0565,0
103,4270.0,0.0182,0.02664,0,6.1,0.277,0.0354,0
104,4780.0,0.01388,0.02031,0,3.4,0.592,0.0561,0
105,10790.0,0.01281,0.00522,0,5.0,0.235,0.0507,0
106,13310.0,0.03088,0.07825,0,4.1,0.515,0.0757,0
107,4810.0,0.00611,0.01587,0,4.3,0.388,0.0316,0
108,15550.0,0.00637,0.00283,0,5.1,0.493,0.0712,0
109,5570.0,0.00879,0.00875,48,5.3,0.294,0.0788,0
110,15200.0,0.02584,0.024,0,4.2,0.343,0.0725,0
111,13760.0,0.01185,0.00665,0,6.0,0.358,0.049,0
112,23660.0,0.25244,0.10374,0,2.2,0.413,0.0578,0
113,16490.0,0.01441,0.02591,0,5.2,0.383,0.0428,0
114,6710.0,0.07429,0.04977,0,2.5,0.315,0.0495,0
115,9710.0,0.03965,0.01892,0,2.1,0.225,0.0653,0
116,42300.0,0.03574,0.07069,0,6.7,0.509,0.054,0
117,66630.0,0.03482,0.02775,0,4.0,0.254,0.0609,0
118,6970.0,0.06777,0.07691,0,6.2,0.244,0.0564,0
119,16260.0,0.01239,0.00682,0,3.7,0.588,0.0385,1
120,2740.0,0.07522,0.13464,0,4.0,0.275,0.0571,0
121,8240.0,0.00935,0.0103,0,6.6,0.512,0.0336,0
122,8540.0,0.05142,0.08333,0,5.9,0.564,0.0439,0
123,9120.0,0.0093,0.01228,0,1.7,0.284,0.0451,0
124,3710.0,0.02957,0.03752,0,5.9,0.319,0.0624,0
125,35990.0,0.07373,0.14152,0,5.3,0.491,0.0724,0
126,8310.0,0.03124,0.0355,0,3.0,0.424,0.0528,0
127,11460.0,0.0501,0.06943,0,6.4,0.298,0.0775,0
128,10810.0,0.03402,0.01249,0,5.6,0.465,0.0399,0
129,10090.0,0.01448,0.01437,0,0.8,0.511,0.0654,0
130,21470.0,0.02565,0.05773,0,4.1,0.357,0.0483,0
131,24050.0,0.02335,0.0131,0,2.9,0.402,0.0384,0
132,13590.0,0.08216,0.06893,0,4.7,0.4,0.0305,0
133,17190.0,0.05055,0.1465,240,1.9,0.268,0.0537,0
134,39130.0,0.04621,0.12976,4,6.1,0.409,0.0648,0
135,13500.0,0.0239,0.03285,0,1.2,0.338,0.063,0
136,5220.0,0.02109,0.01331,0,2.3,0.427,0.0539,0
137,4220.0,0.02266,0.02962,0,3.2,0.391,0.0622,0
138,3350.0,0.052,0.08142,0,2.6,0.295,0.0744,0
139,11540.0,0.02738,0.03084,0,1.8,0.202,0.0784,0
140,3530.0,0.00615,0.00505,0,2.3,0.533,0.0656,0
141,15380.0,0.01025,0.00276,0,5.6,0.244,0.0308,0
142,11870.0,0.0243,0.02942,0,4.8,0.213,0.0425,0
143,2990.0,0.0092,0.00418,0,6.5,0.492,0.0507,0
144,33390.0,0.04228,0.07508,0,3.7,0.434,0.0517,0
145,4290.0,0.06563,0.05461,0,2.0,0.259,0.0589,0
146,12020.0,0.01225,0.01399,0,1.1,0.335,0.075,0
147,2920.0,0.0143,0.01351,0,1.4,0.302,0.0564,0
148,6320.0,0.02194,0.0225,0,6.7,0.56,0.0712,0
149,13220.0,0.01944,0.01606,0,3.3,0.358,0.0451,0
150,8060.0,0.00598,0.00897,120,2.7,0.531,0.0526,0
151,8830.0,0.02362,0.08052,0,1.9,0.513,0.0708,0
152,13960.0,0.02046,0.02267,252,1.2,0.298,0.0477,0
153,19360.0,0.03521,0.05655,0,3.5,0.392,0.0518,0
154,7890.0,0.02728,0.07708,0,2.6,0.482,0.0711,0
155,16150.0,0.02071,0.05374,0,3.3,0.293,0.0774,0
156,11930.0,0.1021,0.16497,0,5.7,0.405,0.0623,0
157,18460.0,0.0401,0.04601,0,6.4,0.506,0.0612,0
158,12400.0,0.00618,0.01496,0,4.6,0.599,0.0377,0
159,9360.0,0.01739,0.02959,0,6.8,0.225,0.0666,0
160,36220.0,0.02021,0.03845,31,6.1,0.573,0.0635,1
161,19830.0,0.02836,0.03148,0,4.0,0.432,0.0515,0
162,29450.0,0.03095,0.03293,0,1.3,0.219,0.0797,0
163,14410.0,0.01892,0.00877,0,1.0,0.546,0.0696,0
164,5880.0,0.02594,0.02875,0,4.3,0.479,0.0567,0
165,10640.0,0.00645,0.01016,24,3.5,0.531,0.0364,0
166,29980.0,0.03501,0.04501,0,1.3,0.252,0.0609,0
167,13290.0,0.02176,0.02453,2,2.4,0.208,0.0657,0
168,6020.0,0.03703,0.06725,86,7.0,0.261,0.0799,0
169,55850.0,0.01184,0.01191,0,4.9,0.334,0.0477,0
170,76910.0,0.02517,0.03224,0,5.4,0.517,0.0324,1
171,3730.0,0.03663,0.05266,0,5.0,0.482,0.0794,0
172,14050.0,0.03574,0.09451,0,4.3,0.3,0.0346,0
173,21050.0,0.02728,0.02184,0,4.0,0.544,0.0571,0
174,7680.0,0.0172,0.02642,0,6.8,0.248,0.0518,0
175,52290.0,0.02303,0.04187,0,2.9,0.582,0.0779,1
176,10560.0,0.00772,0.01519,20,6.1,0.263,0.0571,0
177,3790.0,0.02033,0.0063,55,6.2,0.505,0.0747,1
178,13420.0,0.03297,0.0073,0,0.6,0.58,0.0502,0
179,22680.0,0.01942,0.01874,0,7.0,0.268,0.0654,0
180,13180.0,0.02066,0.03527,0,2.8,0.442,0.0477,0
181,4990.0,0.00933,0.00534,0,2.0,0.447,0.0596,0
182,6650.0,0.04415,0.10585,0,2.4,0.503,0.0523,0
183,50890.0,0.04544,0.02776,0,6.3,0.586,0.0531,0
184,4370.0,0.02675,0.01491,0,0.6,0.574,0.0755,0
185,13100.0,0.01132,0.00365,0,4.6,0.239,0.0695,0
186,6780.0,0.02007,0.04567,0,1.4,0.345,0.0754,0
187,26660.0,0.01181,0.01871,0,4.8,0.558,0.0511,0
188,11930.0,0.00921,0.01175,0,3.7,0.521,0.0683,0
189,32470.0,0.01417,0.00362,0,5.5,0.551,0.0403,0
190,30420.0,0.01144,0.03302,0,3.9,0.587,0.0458,0
191,21740.0,0.01765,0.03605,0,1.0,0.207,0.0574,1
192,3410.0,0.00803,0.0159,0,3.2,0.543,0.076,0
193,21650.0,0.04289,0.07364,0,4.6,0.5,0.0522,0
194,3670.0,0.04268,0.03876,0,1.6,0.545,0.0754,0
195,4700.0,0.01856,0.01187,0,2.5,0.358,0.0444,0
196,3300.0,0.01029,0.01024,0,5.8,0.268,0.0321,1
197,12530.0,0.01153,0.02383,0,5.6,0.227,0.0664,0
198,19640.0,0.00579,0.00906,0,4.9,0.237,0.0743,0
199,5490.0,0.01739,0.02762,0,2.1,0.589,0.0464,0
200,2830.0,0.04623,0.07507,0,3.0,0.497,0.0369,0
201,1670.0,0.02408,0.01548,0,5.3,0.243,0.0332,0
202,16050.0,0.02452,0.06333,0,4.5,0.282,0.0656,0
203,24840.0,0.04134,0.01428,0,1.1,0.528,0.0437,0
204,3340.0,0.04283,0.09485,0,2.6,0.342,0.0331,0
205,8760.0,0.0761,0.11398,0,3.6,0.33,0.0595,0
206,28970.0,0.03174,0.01704,0,5.6,0.364,0.0534,0
207,9750.0,0.02436,0.01971,0,3.3,0.378,0.0728,0
208,23580.0,0.03933,0.07459,0,1.9,0.594,0.0553,0
209,8050.0,0.05316,0.06343,0,6.9,0.256,0.0383,0
210,3170.0,0.06714,0.10388,0,2.3,0.544,0.0684,0
211,12510.0,0.15887,0.13047,0,6.9,0.35,0.0318,0
212,6550.0,0.01745,0.0119,0,6.2,0.287,0.0332,0
213,8310.0,0.00966,0.03877,0,1.2,0.417,0.072,0
214,4910.0,0.02519,0.04093,0,4.2,0.403,0.049,0
215,5440.0,0.03069,0.05462,0,1.7,0.48,0.0471,0
216,5020.0,0.01182,0.01525,0,3.9,0.589,0.0548,0
217,12010.0,0.01762,0.00698,0,0.7,0.442,0.0367,0
218,14810.0,0.03012,0.0326,266,2.7,0.378,0.0792,0
219,15210.0,0.01316,0.01772,0,5.8,0.4,0.0669,0
220,13290.0,0.01288,0.0108,0,1.8,0.327,0.035,0
221,15170.0,0.0124,0.01255,0,4.7,0.598,0.0322,0
222,23360.0,0.02248,0.01084,0,1.0,0.572,0.0419,0
223,10690.0,0.00684,0.01129,0,0.5,0.301,0.0533,0
224,4190.0,0.06615,0.09142,0,5.6,0.313,0.0798,0
225,41990.0,0.09331,0.06432,0,5.8,0.598,0.0351,0
226,28590.0,0.03568,0.05029,0,2.0,0.503,0.055,0
227,7060.0,0.03534,0.02496,0,2.2,0.352,0.0454,0
228,2630.0,0.01724,0.01685,0,2.3,0.467,0.0657,0
229,28010.0,0.01296,0.00729,0,4.2,0.279,0.0542,0
230,7080.0,0.01622,0.03132,0,5.4,0.597,0.0354,0
231,13140.0,0.0253,0.0148,0,6.2,0.245,0.0699,0
232,12480.0,0.03674,0.01145,0,3.0,0.4,0.0762,0
233,47740.0,0.02234,0.02572,0,6.1,0.488,0.0619,0
234,3100.0,0.02602,0.02351,0,2.3,0.459,0.0342,0
235,19460.0,0.04767,0.02837,0,1.5,0.555,0.0451,0
236,3530.0,0.0487,0.05344,0,1.4,0.434,0.0501,0
237,46760.0,0.04828,0.0802,0,1.3,0.44,0.0566,0
238,33770.0,0.05118,0.13781,0,1.5,0.281,0.0367,0
239,16240.0,0.00916,0.02491,0,4.4,0.387,0.046,0
240,1370.0,0.01785,0.00712,0,3.9,0.469,0.0495,0
241,13640.0,0.0316,0.13511,0,4.3,0.431,0.0631,0
242,19680.0,0.00823,0.00989,0,5.9,0.244,0.0782,0
243,24450.0,0.01074,0.01202,26,0.6,0.454,0.0639,0
244,3820.0,0.02037,0.03001,0,6.1,0.243,0.0705,0
245,4770.0,0.00815,0.00658,0,4.1,0.205,0.0401,0
246,66550.0,0.03994,0.06418,0,2.8,0.204,0.071,0
247,10110.0,0.01066,0.01537,0,1.0,0.296,0.0357,0
248,28650.0,0.02782,0.04625,0,1.9,0.534,0.0346,0
249,3510.0,0.01055,0.019,0,3.4,0.309,0.0688,0
250,4210.0,0.01379,0.02286,0,6.9,0.573,0.0478,0
251,2420.0,0.02029,0.01263,0,2.0,0.512,0.0782,0
252,17850.0,0.0196,0.04095,0,4.9,0.374,0.0477,0
253,5550.0,0.02986,0.04166,0,0.9,0.339,0.0382,0
254,37280.0,0.03474,0.14772,0,6.7,0.43,0.0461,0
255,9630.0,0.02936,0.03369,61,1.6,0.378,0.0527,0
256,6260.0,0.00834,0.00531,0,3.7,0.418,0.0502,0
257,5890.0,0.02623,0.07266,0,2.2,0.342,0.0446,0
258,16630.0,0.00674,0.00347,0,3.4,0.371,0.0549,0
259,6510.0,0.02413,0.02289,0,2.6,0.386,0.0646,0
260,30270.0,0.03871,0.02288,0,6.4,0.209,0.0463,0
261,55740.0,0.01026,0.01427,0,5.3,0.439,0.0495,0
262,8080.0,0.01567,0.04477,88,3.9,0.409,0.0375,0
263,8050.0,0.03436,0.05338,0,5.1,0.347,0.0669,0
264,17780.0,0.01546,0.01292,0,4.1,0.342,0.0681,0
265,11890.0,0.04547,0.07028,0,3.3,0.581,0.0353,0
266,1620.0,0.03904,0.10534,0,2.1,0.399,0.0493,0
267,15420.0,0.01623,0.02092,0,6.0,0.205,0.0627,0
268,11840.0,0.02824,0.05449,0,5.3,0.42,0.0768,0
269,11650.0,0.0127,0.00527,0,2.8,0.31,0.0545,0
270,13620.0,0.02456,0.02212,0,6.6,0.314,0.0524,0
271,8030.0,0.03501,0.07774,0,5.7,0.313,0.0538,0
272,18080.0,0.02967,0.02207,10,6.2,0.298,0.0713,0
273,4640.0,0.01325,0.0098,0,5.6,0.268,0.0531,0
274,6290.0,0.01637,0.02052,0,4.4,0.448,0.0679,0
275,14930.0,0.02055,0.02196,0,5.5,0.374,0.0332,0
276,8440.0,0.01971,0.03888,0,6.3,0.424,0.0323,0
277,10100.0,0.01806,0.01178,39,1.6,0.445,0.0446,0
278,3480.0,0.08972,0.34036,0,6.4,0.337,0.055,0
279,18250.0,0.0214,0.02941,0,6.9,0.511,0.0499,0
280,14750.0,0.02318,0.00713,256,0.9,0.229,0.0363,0
281,5910.0,0.08542,0.10605,0,6.1,0.547,0.0551,0
282,23290.0,0.04279,0.07824,0,1.6,0.303,0.0689,0
283,5770.0,0.02046,0.01918,0,0.9,0.436,0.0655,0
284,6790.0,0.00565,0.00678,0,1.5,0.297,0.0787,0
285,7710.0,0.01992,0.01425,0,3.8,0.586,0.054,0
286,25770.0,0.02606,0.01492,0,3.0,0.536,0.0361,0
287,7660.0,0.04313,0.0742,0,2.4,0.418,0.0585,0
288,9240.0,0.01045,0.00919,0,0.5,0.505,0.0665,0
289,27560.0,0.02643,0.03014,265,1.6,0.441,0.0517,0
290,7060.0,0.01227,0.0131,0,0.6,0.267,0.0596,0
291,3960.0,0.0177,0.03129,0,6.4,0.301,0.0699,0
292,7690.0,0.05521,0.0489,0,5.4,0.359,0.0498,0
293,14880.0,0.00788,0.01309,0,3.1,0.599,0.0396,0
294,6530.0,0.02652,0.01653,26,1.1,0.337,0.0679,0
295,12200.0,0.01932,0.0156,25,5.9,0.384,0.0511,1
296,19770.0,0.00462,0.002,0,5.5,0.565,0.0445,0
297,2270.0,0.01231,0.01378,0,5.4,0.34,0.0752,0
298,3730.0,0.01676,0.03146,0,4.8,0.388,0.0366,0
299,6020.0,0.02754,0.01115,0,6.3,0.484,0.0311,0
300,60760.0,0.0227,0.01838,0,3.9,0.549,0.0796,0
301,3110.0,0.0295,0.05583,0,3.1,0.384,0.0721,0
302,10600.0,0.02597,0.05992,0,5.4,0.594,0.0583,0
303,43210.0,0.01237,0.00855,0,5.9,0.398,0.0746,0
304,32850.0,0.02997,0.07195,0,1.0,0.341,0.0616,0
305,4460.0,0.01167,0.00489,0,5.6,0.238,0.0707,0
306,7620.0,0.02001,0.00561,0,1.5,0.528,0.0348,0
307,9390.0,0.01058,0.01368,0,2.1,0.303,0.0347,0
308,26590.0,0.01867,0.01214,0,0.9,0.575,0.0677,0
309,5720.0,0.03862,0.05328,0,1.7,0.593,0.0668,0
310,8860.0,0.00955,0.00367,0,4.5,0.327,0.0387,0
311,11900.0,0.06031,0.07282,0,1.6,0.238,0.0583,0
312,19940.0,0.02644,0.03393,0,2.0,0.472,0.0628,0
313,10070.0,0.01283,0.01733,0,4.2,0.504,0.076,0
314,12040.0,0.04645,0.12166,0,4.2,0.457,0.0767,0
315,9890.0,0.05726,0.0703,0,0.5,0.475,0.0682,0
316,27210.0,0.03276,0.18585,0,4.6,0.267,0.0724,0
317,25000.0,0.03428,0.06264,0,4.5,0.354,0.0626,0
318,4170.0,0.13962,0.1589,0,1.7,0.421,0.0731,0
319,8440.0,0.04612,0.02674,0,4.2,0.237,0.0665,0
320,26410.0,0.03674,0.03693,0,6.3,0.569,0.0574,0
321,2120.0,0.03161,0.01671,0,4.6,0.341,0.0538,0
322,16670.0,0.05408,0.15282,0,2.5,0.316,0.0358,0
323,37110.0,0.0354,0.0209,0,2.8,0.579,0.0521,0
324,22560.0,0.01374,0.00851,0,5.8,0.467,0.0349,0
325,13470.0,0.01725,0.00982,0,1.0,0.579,0.0697,0
326,45670.0,0.02502,0.05818,0,3.9,0.556,0.0379,1
327,12590.0,0.04475,0.05192,0,4.0,0.567,0.0421,0
328,10770.0,0.01804,0.03391,0,4.3,0.492,0.0424,0
329,11390.0,0.01377,0.03177,0,2.9,0.386,0.0438,0
330,16690.0,0.00227,0.002,0,6.2,0.462,0.0382,0
331,3120.0,0.02054,0.04285,0,1.1,0.264,0.0636,0
332,6300.0,0.02148,0.02819,0,5.3,0.501,0.0453,0
333,1940.0,0.06683,0.04497,0,5.2,0.387,0.0733,0
334,19040.0,0.03558,0.04627,0,1.1,0.339,0.037,0
335,26390.0,0.0269,0.05775,0,1.1,0.239,0.067,0
336,2010.0,0.00926,0.01417,0,5.1,0.507,0.0564,0
337,10560.0,0.02084,0.03875,0,3.1,0.404,0.0552,0
338,3550.0,0.0434,0.04101,0,6.5,0.414,0.0786,0
339,20910.0,0.0301,0.01713,0,3.5,0.561,0.0642,0
340,30390.0,0.07719,0.17316,0,1.2,0.219,0.0364,0
341,10430.0,0.02179,0.01625,0,4.2,0.248,0.0524,0
342,30740.0,0.01294,0.01599,0,4.1,0.575,0.0717,0
343,20750.0,0.0227,0.04548,15,5.8,0.333,0.0434,1
344,8630.0,0.02427,0.02976,0,2.3,0.413,0.0533,0
345,15350.0,0.01919,0.02006,0,6.6,0.448,0.0501,0
346,5380.0,0.03079,0.0376,0,0.9,0.433,0.0714,0
347,9520.0,0.01345,0.03769,0,3.4,0.406,0.047,0
348,41820.0,0.07574,0.08604,0,4.7,0.578,0.052,0
349,12900.0,0.01444,0.01022,286,2.2,0.249,0.0428,0
350,5590.0,0.04947,0.02221,0,1.6,0.559,0.0629,0
351,9960.0,0.00542,0.01039,0,6.5,0.326,0.0704,0
352,16400.0,0.02945,0.02684,0,1.1,0.324,0.0522,0
353,23700.0,0.02289,0.03946,0,2.0,0.568,0.0744,0
354,4050.0,0.03319,0.04523,0,2.9,0.542,0.0349,0
355,4600.0,0.03018,0.01872,0,4.4,0.536,0.0701,0
356,6070.0,0.03638,0.04504,0,2.9,0.392,0.0504,0
357,1860.0,0.03874,0.03638,0,0.7,0.256,0.0661,0
358,11740.0,0.02042,0.01464,0,3.9,0.442,0.0448,0
359,36670.0,0.02018,0.01555,0,6.2,0.333,0.041,0
360,5160.0,0.06366,0.05645,0,5.8,0.352,0.054,0
361,5350.0,0.00556,0.00463,0,3.4,0.233,0.0403,0
362,35190.0,0.00701,0.00394,26,3.8,0.524,0.0406,0
363,10200.0,0.01546,0.03355,0,2.6,0.335,0.0616,0
364,14070.0,0.0099,0.00412,152,1.3,0.5,0.0309,0
365,8370.0,0.03302,0.07406,0,6.6,0.207,0.0645,0
366,12310.0,0.00815,0.00336,0,5.8,0.544,0.0733,0
367,2670.0,0.02289,0.03286,0,1.4,0.266,0.0375,0
368,6600.0,0.04009,0.02193,0,5.0,0.251,0.0721,0
369,18270.0,0.01355,0.02171,0,0.7,0.403,0.0324,0
370,7480.0,0.04248,0.07333,0,2.5,0.403,0.0424,0
371,6610.0,0.01314,0.00965,0,2.1,0.258,0.0698,0
372,5290.0,0.02585,0.01542,0,3.2,0.307,0.0323,0
373,8450.0,0.01727,0.04238,78,1.7,0.205,0.0334,0
374,19370.0,0.06428,0.10959,0,5.3,0.415,0.0727,0
375,6420.0,0.02969,0.03661,0,1.0,0.442,0.0536,0
376,1400.0,0.00964,0.02721,0,6.5,0.307,0.0756,0
377,12000.0,0.01984,0.0204,0,1.2,0.269,0.0747,0
378,6710.0,0.03132,0.09279,0,6.2,0.445,0.0301,0
379,14550.0,0.026,0.03036,0,6.4,0.481,0.039,0
380,26490.0,0.0047,0.00508,0,6.7,0.381,0.0736,0
381,8470.0,0.03603,0.10121,80,2.3,0.504,0.0569,0
382,15260.0,0.035,0.05704,322,3.8,0.425,0.0683,0
383,11410.0,0.02048,0.01769,0,2.5,0.243,0.0482,0
384,22250.0,0.03369,0.06895,0,4.5,0.386,0.0751,1
385,10970.0,0.03313,0.07598,0,2.3,0.453,0.0343,0
386,5800.0,0.05579,0.02256,3,2.6,0.265,0.06,0
387,14800.0,0.0225,0.05261,0,5.6,0.28,0.0707,0
388,8590.0,0.00681,0.03171,0,0.8,0.416,0.0599,0
389,16690.0,0.02143,0.04061,0,6.2,0.533,0.0783,0
390,15790.0,0.0146,0.022,0,4.4,0.471,0.0559,0
391,4080.0,0.03302,0.02612,0,5.3,0.303,0.0392,0
392,5770.0,0.0258,0.05451,0,6.5,0.418,0.0448,0
393,34370.0,0.01203,0.01193,0,2.1,0.377,0.0672,0
394,14680.0,0.01228,0.00675,143,3.4,0.269,0.0786,0
395,10520.0,0.01713,0.02044,24,6.8,0.246,0.0333,0
396,14010.0,0.00835,0.00698,0,5.6,0.409,0.0775,0
397,7360.0,0.02975,0.02313,0,0.6,0.351,0.0435,0
398,45840.0,0.01922,0.04236,0,3.2,0.245,0.0659,0
399,15850.0,0.034,0.0546,0,2.5,0.553,0.0395,0
400,8700.0,0.00428,0.002,0,1.7,0.537,0.0477,0
401,21470.0,0.02436,0.01822,0,2.7,0.532,0.0786,0
402,8640.0,0.03443,0.04321,0,6.1,0.37,0.0777,0
403,10420.0,0.0535,0.0742,0,2.5,0.502,0.0782,0
404,4420.0,0.02457,0.02166,0,2.5,0.379,0.0388,0
405,11630.0,0.01646,0.01996,0,5.0,0.212,0.0714,0
406,13880.0,0.06207,0.11169,0,4.3,0.224,0.0418,0
407,6850.0,0.02218,0.0185,0,5.1,0.281,0.0505,0
408,9030.0,0.01935,0.03972,0,3.5,0.297,0.0334,1
409,48520.0,0.01397,0.01,0,1.0,0.393,0.0593,0
410,51450.0,0.01979,0.01777,0,2.8,0.36,0.0326,0
411,13090.0,0.02603,0.06493,0,2.3,0.482,0.0746,0
412,4900.0,0.02181,0.01651,0,6.5,0.563,0.0612,0
413,14660.0,0.03645,0.01498,0,0.5,0.42,0.0774,1
414,15740.0,0.02503,0.02927,0,4.8,0.598,0.0449,0
415,11850.0,0.00833,0.02578,34,4.7,0.251,0.0349,0
416,20850.0,0.01137,0.00888,0,6.4,0.553,0.0793,0
417,7740.0,0.03458,0.04431,0,5.1,0.452,0.0536,0
418,4710.0,0.0594,0.03417,0,2.6,0.589,0.0421,0
419,10520.0,0.01351,0.01265,0,3.1,0.388,0.0536,0
420,3440.0,0.02267,0.01606,35,5.2,0.59,0.0513,0
421,5140.0,0.00417,0.00498,0,2.8,0.257,0.0442,0
422,2770.0,0.00675,0.00862,0,4.0,0.333,0.071,0
423,32980.0,0.03873,0.0363,0,6.6,0.271,0.0449,0
424,17190.0,0.00727,0.02124,0,6.0,0.297,0.052,0
425,28480.0,0.01504,0.07484,0,6.5,0.595,0.0315,0
426,4540.0,0.02989,0.06239,0,2.0,0.489,0.0322,0
427,23000.0,0.01168,0.02233,0,4.2,0.554,0.0602,0
428,1710.0,0.03796,0.03795,0,3.3,0.593,0.0799,0
429,6470.0,0.04545,0.03758,17,6.5,0.319,0.0353,0
430,11830.0,0.03343,0.03562,0,4.1,0.51,0.0599,0
431,4640.0,0.04716,0.06909,0,0.8,0.559,0.0642,0
432,7010.0,0.01106,0.0196,0,1.8,0.566,0.0476,0
433,6310.0,0.02366,0.00513,0,5.1,0.566,0.035,0
434,6830.0,0.02082,0.04153,33,4.6,0.46,0.0399,0
435,8040.0,0.02721,0.04548,0,2.4,0.565,0.0499,0
436,5110.0,0.01986,0.01434,6,3.4,0.285,0.0653,0
437,27080.0,0.02798,0.01509,0,4.5,0.398,0.05,0
438,22630.0,0.01111,0.01066,15,5.2,0.365,0.0718,0
439,2680.0,0.01989,0.01168,0,2.7,0.598,0.0524,0
440,8260.0,0.01215,0.02602,0,1.1,0.229,0.043,0
441,19300.0,0.0151,0.03264,63,6.0,0.323,0.0517,0
442,17060.0,0.01244,0.00854,0,7.0,0.354,0.0589,0
443,14520.0,0.03168,0.01744,0,0.5,0.567,0.0643,0
444,14500.0,0.04721,0.03711,0,1.2,0.227,0.0307,0
445,7290.0,0.02529,0.03668,0,5.2,0.25,0.0621,0
446,2430.0,0.02121,0.01259,0,5.9,0.213,0.0471,0
447,5240.0,0.00953,0.01229,0,3.9,0.587,0.0678,1
448,34340.0,0.03305,0.05092,0,6.7,0.51,0.0578,0
449,2520.0,0.02788,0.06258,0,5.6,0.346,0.069,0
450,39920.0,0.02677,0.10657,0,3.6,0.422,0.0399,0
451,21050.0,0.04436,0.03427,148,1.1,0.308,0.0361,0
452,3500.0,0.00682,0.01272,34,2.4,0.554,0.0509,0
453,5310.0,0.02101,0.02483,0,6.0,0.222,0.0472,0
454,48000.0,0.00353,0.00881,0,4.6,0.584,0.0357,0
455,16090.0,0.01978,0.05708,0,3.8,0.513,0.0724,0
456,35190.0,0.01932,0.05574,0,1.8,0.525,0.0766,0
457,14920.0,0.07828,0.07638,51,1.8,0.33,0.0435,0
458,10860.0,0.01116,0.0106,0,3.4,0.541,0.0389,0
459,3800.0,0.00979,0.01142,0,0.7,0.495,0.0757,0
460,8890.0,0.02049,0.02263,0,5.1,0.382,0.0649,0
461,20710.0,0.0142,0.01578,0,5.3,0.343,0.0642,0
462,7470.0,0.01661,0.00923,0,6.5,0.564,0.0741,0
463,32560.0,0.01203,0.00923,0,2.1,0.277,0.0472,0
464,3540.0,0.01683,0.00773,0,3.3,0.493,0.0384,0
465,31310.0,0.00504,0.01325,0,4.6,0.505,0.0577,1
466,11320.0,0.01556,0.01267,0,6.8,0.581,0.0471,0
467,2780.0,0.04017,0.03597,0,6.7,0.498,0.0346,0
468,11430.0,0.04072,0.03619,0,3.4,0.252,0.0352,0
469,5980.0,0.01886,0.02073,0,1.4,0.554,0.0562,0
470,3440.0,0.00642,0.00902,0,3.6,0.247,0.0341,0
471,6470.0,0.02017,0.02056,0,2.7,0.306,0.0485,1
472,19050.0,0.01134,0.00629,0,6.8,0.473,0.039,0
473,13870.0,0.00495,0.00425,0,6.2,0.587,0.0723,0
474,8950.0,0.04414,0.04988,0,0.9,0.533,0.0777,0
475,49380.0,0.00453,0.00801,0,2.5,0.235,0.0422,0
476,39830.0,0.12378,0.16009,0,2.1,0.33,0.0366,0
477,9510.0,0.0168,0.02088,0,3.3,0.54,0.0597,0
478,5250.0,0.111,0.20547,0,5.9,0.574,0.0742,0
479,13320.0,0.01889,0.02622,0,3.3,0.531,0.0572,0
480,15490.0,0.00823,0.01319,0,5.6,0.356,0.0603,0
481,18570.0,0.0639,0.06149,0,6.0,0.577,0.0341,0
482,8600.0,0.01984,0.04093,0,4.7,0.464,0.0408,0
483,12270.0,0.02006,0.02323,0,4.3,0.306,0.0638,0
484,20540.0,0.01337,0.02287,22,2.0,0.424,0.0436,0
485,7500.0,0.01083,0.0149,0,6.1,0.263,0.0769,0
486,7120.0,0.04947,0.05782,0,2.2,0.349,0.0746,0
487,31760.0,0.03058,0.05421,0,1.4,0.228,0.0448,0
488,9730.0,0.00891,0.03677,0,6.5,0.324,0.0494,1
489,10610.0,0.01207,0.00613,0,1.5,0.291,0.0753,0
490,13920.0,0.02054,0.02621,0,1.1,0.41,0.0593,0
491,15590.0,0.07716,0.14158,0,5.9,0.507,0.0543,0
492,10450.0,0.01532,0.03554,0,3.1,0.541,0.0367,0
493,6860.0,0.03727,0.05992,0,3.4,0.531,0.0397,0
494,12350.0,0.03306,0.06709,0,0.8,0.33,0.0307,0
495,28400.0,0.01203,0.0069,0,3.8,0.45,0.0768,0
496,29990.0,0.05773,0.15416,0,2.4,0.319,0.0357,0
497,28400.0,0.04642,0.12109,0,6.0,0.216,0.0305,1
498,16070.0,0.02612,0.02179,0,2.9,0.485,0.0571,0
499,15130.0,0.03203,0.04639,0,4.2,0.443,0.0308,0
500,29350.0,0.05763,0.11795,0,4.5,0.592,0.033,0
501,23010.0,0.03038,0.04904,0,4.6,0.448,0.0381,0
502,8830.0,0.0576,0.06073,0,6.7,0.372,0.0597,0
503,9410.0,0.02477,0.01392,0,4.9,0.345,0.0636,0
504,12720.0,0.011,0.01552,0,2.3,0.529,0.0461,0
505,11830.0,0.07608,0.2214,0,1.3,0.513,0.0361,0
506,26810.0,0.01112,0.01348,0,2.2,0.416,0.0552,0
507,6830.0,0.01031,0.00644,0,3.7,0.236,0.0647,0
508,4140.0,0.01215,0.01117,0,2.7,0.215,0.0656,0
509,8930.0,0.01581,0.00891,0,1.7,0.38,0.0319,0
510,4520.0,0.00315,0.01616,0,4.5,0.49,0.0589,0
511,48770.0,0.02478,0.07221,0,3.2,0.217,0.0471,0
512,6260.0,0.05375,0.0519,0,5.5,0.315,0.0732,0
513,6510.0,0.02223,0.03881,0,2.7,0.543,0.0442,0
514,2270.0,0.01698,0.0125,0,2.0,0.348,0.0405,1
515,5680.0,0.02894,0.02238,0,6.9,0.229,0.0532,0
516,5010.0,0.02754,0.02834,0,3.2,0.26,0.08,0
517,5260.0,0.03544,0.04437,0,1.6,0.478,0.0374,0
518,31950.0,0.00723,0.00882,0,4.5,0.396,0.076,0
519,18200.0,0.04691,0.03525,0,2.5,0.463,0.0597,0
520,25910.0,0.02547,0.06999,0,1.3,0.257,0.0716,0
521,19110.0,0.00738,0.01002,0,4.9,0.292,0.031,0
522,4250.0,0.04854,0.04227,0,2.4,0.211,0.0407,0
523,6570.0,0.02119,0.03412,0,0.7,0.324,0.0318,0
524,12330.0,0.00974,0.00613,0,6.4,0.436,0.0508,0
525,12060.0,0.0175,0.00888,0,3.0,0.456,0.0536,0
526,74990.0,0.00895,0.01922,0,3.1,0.575,0.0368,0
527,6890.0,0.01426,0.04293,0,5.2,0.48,0.0515,0
528,8200.0,0.0781,0.21431,0,5.6,0.464,0.0631,0
529,5160.0,0.01018,0.03066,0,2.4,0.534,0.0497,0
530,5790.0,0.03822,0.09767,0,6.1,0.229,0.0543,0
531,10710.0,0.01135,0.00873,0,6.7,0.499,0.0464,0
532,6960.0,0.05781,0.0977,0,3.1,0.346,0.0697,0
533,21690.0,0.01217,0.02004,0,5.7,0.411,0.0649,0
534,15680.0,0.00845,0.00759,0,3.9,0.24,0.0756,0
535,36420.0,0.04657,0.06824,0,4.2,0.264,0.0483,0
536,23230.0,0.0413,0.04312,0,2.6,0.348,0.045,0
537,11570.0,0.02789,0.01521,0,1.8,0.293,0.0619,0
538,59790.0,0.01546,0.00674,0,3.8,0.397,0.0406,0
539,7090.0,0.02346,0.02325,0,1.9,0.338,0.0658,0
540,9920.0,0.01575,0.01038,0,3.5,0.546,0.0798,0
541,13960.0,0.01154,0.01617,0,0.6,0.273,0.0324,0
542,2870.0,0.00872,0.00487,0,7.0,0.374,0.0487,0
543,4880.0,0.01573,0.01625,0,1.7,0.224,0.0683,0
544,8440.0,0.01427,0.01943,0,0.9,0.261,0.043,0
545,7700.0,0.02648,0.05201,0,4.0,0.47,0.0375,0
546,16960.0,0.11523,0.08549,0,6.5,0.242,0.077,0
547,20850.0,0.00461,0.0056,0,4.7,0.3,0.0476,0
548,4870.0,0.04024,0.01471,0,0.9,0.586,0.0343,0
549,5100.0,0.02685,0.05018,0,2.1,0.355,0.0689,0
550,12900.0,0.01024,0.00976,0,4.2,0.534,0.0522,0
551,12780.0,0.04939,0.05192,0,1.0,0.302,0.0352,0
552,5810.0,0.01973,0.01534,48,4.2,0.502,0.0317,0
553,3220.0,0.02478,0.01814,0,3.6,0.573,0.0463,0
554,6480.0,0.01334,0.00463,0,4.7,0.404,0.0539,0
555,9600.0,0.01806,0.02644,0,0.6,0.373,0.0667,0
556,7470.0,0.01537,0.02896,0,4.2,0.519,0.0398,0
557,92860.0,0.01128,0.00649,0,6.4,0.391,0.0567,0
558,18430.0,0.0214,0.0237,0,3.3,0.553,0.0726,0
559,40020.0,0.01387,0.00758,0,0.9,0.345,0.0463,0
560,16670.0,0.0408,0.13009,0,6.9,0.355,0.0619,0
561,9870.0,0.05026,0.05046,0,3.5,0.245,0.0591,0
562,34690.0,0.01177,0.00902,0,1.7,0.452,0.0417,0
563,20110.0,0.01696,0.03343,0,5.9,0.223,0.0721,0
564,4550.0,0.02038,0.02038,87,3.3,0.59,0.0793,0
565,14000.0,0.02148,0.02433,0,6.6,0.441,0.04,0
566,4370.0,0.01929,0.02943,0,1.6,0.352,0.0631,0
567,16010.0,0.02931,0.02387,0,2.0,0.336,0.0329,0
568,2030.0,0.00632,0.0037,0,6.1,0.349,0.0679,0
569,20310.0,0.01333,0.01892,0,3.7,0.333,0.0739,0
570,11560.0,0.05436,0.25481,0,4.5,0.318,0.0663,0
571,10130.0,0.08022,0.04638,0,2.1,0.295,0.0301,0
572,3310.0,0.02477,0.01467,0,2.7,0.57,0.0596,0
573,11000.0,0.008,0.00554,0,4.9,0.423,0.0591,0
574,2760.0,0.02274,0.01967,0,1.7,0.333,0.044,0
575,6430.0,0.0144,0.01664,0,5.3,0.58,0.0595,0
576,11460.0,0.01711,0.03956,0,2.3,0.319,0.0547,0
577,27070.0,0.00647,0.00864,0,4.5,0.577,0.0779,0
578,19110.0,0.01218,0.00951,8,2.8,0.35,0.0697,0
579,27450.0,0.02973,0.02845,0,3.3,0.2,0.0531,0
580,23270.0,0.01213,0.01133,0,3.5,0.362,0.0569,0
581,20220.0,0.01182,0.00599,0,6.2,0.255,0.041,0
582,12730.0,0.00792,0.00556,0,4.2,0.353,0.0693,0
583,10080.0,0.01004,0.00861,0,5.3,0.422,0.0738,0
584,26040.0,0.004,0.002,0,2.5,0.318,0.0744,0
585,4190.0,0.0108,0.00619,0,3.7,0.398,0.0585,0
586,11520.0,0.01189,0.01403,0,2.7,0.295,0.0738,0
587,11080.0,0.03668,0.038,0,6.0,0.256,0.0391,0
588,144150.0,0.03965,0.01685,0,1.5,0.256,0.0418,0
589,7500.0,0.09877,0.15036,0,0.6,0.41,0.0736,0
590,15330.0,0.02983,0.01212,0,5.0,0.324,0.0427,0
591,1900.0,0.04735,0.03721,0,2.3,0.321,0.0408,0
592,11320.0,0.01733,0.03138,0,2.6,0.534,0.0756,0
593,4790.0,0.0059,0.00823,0,4.4,0.333,0.0566,0
594,12020.0,0.02785,0.01707,0,1.9,0.372,0.0583,0
595,16660.0,0.0324,0.04718,0,2.1,0.45,0.0321,0
596,4930.0,0.06465,0.13215,0,2.8,0.504,0.0635,0
597,33250.0,0.02825,0.02834,0,6.7,0.297,0.0535,0
598,7400.0,0.04053,0.0251,0,1.5,0.267,0.0772,0
599,11310.0,0.0317,0.02783,0,6.9,0.343,0.0622,0
600,11680.0,0.02733,0.03062,0,5.1,0.529,0.0672,0
601,12820.0,0.07454,0.02052,0,1.3,0.506,0.0455,1
602,25680.0,0.00532,0.00465,0,3.1,0.517,0.0593,0
603,36520.0,0.04227,0.0494,0,3.5,0.23,0.0327,0
604,9170.0,0.01513,0.00952,72,1.2,0.533,0.0791,0
605,16140.0,0.01541,0.01906,0,0.9,0.313,0.0417,0
606,8580.0,0.03731,0.02946,0,3.0,0.484,0.044,0
607,1290.0,0.03222,0.0232,0,5.1,0.4,0.0683,0
608,7070.0,0.02472,0.02158,0,4.5,0.237,0.0582,0
609,22480.0,0.01428,0.01451,0,1.1,0.429,0.0731,0
610,27220.0,0.02331,0.04406,0,0.6,0.454,0.0675,0
611,24070.0,0.02592,0.02891,393,4.3,0.335,0.0335,0
612,15430.0,0.0103,0.01045,0,2.2,0.215,0.0614,0
613,21720.0,0.01564,0.00958,0,3.8,0.45,0.0761,0
614,14470.0,0.0203,0.01069,0,3.7,0.404,0.0651,0
615,23930.0,0.00356,0.0039,0,3.0,0.361,0.0469,0
616,38160.0,0.08461,0.0448,0,4.0,0.494,0.0545,0
617,16820.0,0.0096,0.03619,0,3.8,0.301,0.0328,0
618,5120.0,0.02077,0.01713,0,2.0,0.583,0.0633,0
619,3000.0,0.04962,0.04216,0,2.5,0.369,0.049,0
620,14180.0,0.02764,0.03763,0,0.6,0.298,0.0444,0
621,27650.0,0.01937,0.03835,282,3.0,0.292,0.0435,0
622,7270.0,0.0082,0.01466,0,0.7,0.435,0.0758,0
623,29460.0,0.01528,0.00967,0,3.6,0.406,0.0379,0
624,7260.0,0.01038,0.01106,0,2.0,0.226,0.0659,0
625,7620.0,0.04941,0.07224,0,4.1,0.499,0.0406,0
626,25550.0,0.02232,0.02159,0,4.1,0.515,0.0455,0
627,20220.0,0.00496,0.01466,0,5.3,0.376,0.0371,0
628,1760.0,0.00601,0.00662,0,2.0,0.485,0.032,0
629,33090.0,0.03273,0.03135,0,1.0,0.264,0.0387,0
630,19290.0,0.03908,0.03955,0,1.6,0.471,0.0715,0
631,8470.0,0.06326,0.19805,0,0.5,0.478,0.0419,0
632,9030.0,0.01325,0.01599,0,1.0,0.449,0.0654,0
633,22450.0,0.03418,0.04318,0,7.0,0.374,0.0334,1
634,23710.0,0.02236,0.01291,0,4.1,0.491,0.0333,0
635,8750.0,0.00862,0.0171,0,1.4,0.359,0.0304,0
636,32890.0,0.05857,0.08621,0,3.5,0.57,0.0793,0
637,10140.0,0.02268,0.02137,0,1.0,0.431,0.0629,0
638,7520.0,0.04458,0.01959,0,1.4,0.293,0.0568,0
639,6190.0,0.01839,0.01565,0,3.9,0.476,0.0397,0
640,19040.0,0.015,0.01161,61,0.5,0.457,0.0314,0
641,3080.0,0.01283,0.01905,0,6.1,0.529,0.0363,0
642,45710.0,0.04977,0.05302,0,6.0,0.439,0.0566,0
643,31120.0,0.01873,0.02958,0,4.6,0.246,0.0615,0
644,4310.0,0.00665,0.00497,0,3.5,0.237,0.0765,0
645,9580.0,0.03471,0.05513,0,4.6,0.247,0.0475,0
646,9350.0,0.01596,0.00538,0,1.8,0.26,0.0521,0
647,6390.0,0.0093,0.00663,0,6.3,0.381,0.0497,0
648,51870.0,0.07433,0.02158,0,2.5,0.308,0.0398,0
649,20730.0,0.03408,0.06301,0,3.1,0.279,0.0415,0
650,48630.0,0.02528,0.02224,0,4.0,0.377,0.0641,0
651,9540.0,0.01409,0.03152,0,2.2,0.218,0.0443,0
652,4860.0,0.0301,0.09865,0,0.8,0.564,0.0764,0
653,19710.0,0.02372,0.11102,0,3.4,0.234,0.0539,0
654,5930.0,0.00938,0.00625,0,5.7,0.521,0.0702,0
655,8960.0,0.00807,0.01311,73,0.7,0.58,0.0318,0
656,3400.0,0.02379,0.0142,0,1.3,0.275,0.069,0
657,40930.0,0.0384,0.02995,0,4.2,0.432,0.0731,0
658,16420.0,0.02596,0.01777,0,6.5,0.234,0.0614,0
659,6690.0,0.04281,0.04359,0,4.3,0.454,0.0602,0
660,1620.0,0.01978,0.01937,0,3.5,0.584,0.0416,0
661,2460.0,0.01365,0.00497,0,6.3,0.334,0.0328,0
662,21680.0,0.08175,0.08795,255,3.5,0.523,0.0361,0
663,9100.0,0.05081,0.05153,39,5.9,0.3,0.0614,0
664,7670.0,0.02079,0.02656,0,2.0,0.305,0.0493,0
665,13200.0,0.0169,0.00833,0,5.9,0.521,0.0417,0
666,29770.0,0.01545,0.01562,0,1.3,0.387,0.0434,0
667,11840.0,0.01728,0.0184,0,4.4,0.568,0.0657,0
668,8660.0,0.04679,0.08448,0,2.6,0.517,0.0408,0
669,21940.0,0.04199,0.1577,73,3.4,0.215,0.0476,0
670,8080.0,0.00961,0.01066,0,2.4,0.303,0.0774,0
671,19410.0,0.01935,0.0483,0,4.9,0.395,0.0481,0
672,11930.0,0.00719,0.00468,0,4.2,0.23,0.0761,0
673,19850.0,0.01644,0.02599,0,7.0,0.575,0.0738,0
674,6860.0,0.04688,0.03184,0,5.4,0.476,0.061,0
675,5230.0,0.00875,0.07199,0,2.7,0.357,0.077,0
676,16420.0,0.0076,0.01196,0,4.5,0.247,0.0627,0
677,42230.0,0.01388,0.01043,0,6.7,0.47,0.0565,0
678,36760.0,0.03744,0.08751,0,1.8,0.506,0.0689,0
679,12870.0,0.0362,0.06988,0,2.0,0.37,0.0747,1
680,33640.0,0.02892,0.03292,0,2.0,0.322,0.0719,1
681,3160.0,0.01688,0.03395,0,6.6,0.571,0.0615,0
682,7710.0,0.02435,0.04058,0,4.0,0.344,0.0592,1
683,6340.0,0.01847,0.05086,0,6.5,0.475,0.0686,0
684,5810.0,0.02409,0.05674,74,4.4,0.318,0.06,0
685,9530.0,0.02625,0.0186,119,6.8,0.529,0.0674,0
686,12310.0,0.04736,0.04764,0,1.8,0.481,0.0628,0
687,5740.0,0.01653,0.01818,0,5.4,0.338,0.0343,0
688,2470.0,0.04062,0.05634,0,3.7,0.211,0.0538,0
689,5680.0,0.02545,0.03077,0,0.8,0.397,0.0419,0
690,4530.0,0.08984,0.0709,0,0.9,0.5,0.0338,0
691,5360.0,0.00785,0.00947,0,1.0,0.494,0.0789,0
692,8930.0,0.00986,0.0107,208,2.5,0.222,0.0414,0
693,7060.0,0.03822,0.04742,0,5.2,0.362,0.0679,0
694,23520.0,0.04528,0.09311,0,5.0,0.39,0.0737,0
695,28080.0,0.02746,0.04748,0,1.2,0.238,0.0482,0
696,4500.0,0.00815,0.01366,0,1.2,0.25,0.0759,0
697,18410.0,0.00922,0.00627,0,2.6,0.358,0.07,0
698,9630.0,0.03499,0.08017,0,1.9,0.49,0.0765,0
699,3820.0,0.02394,0.02151,0,1.7,0.253,0.059,0
700,7860.0,0.03186,0.0136,0,2.1,0.373,0.0314,0
701,17400.0,0.02703,0.01479,0,3.5,0.434,0.0794,0
702,6670.0,0.0135,0.0278,0,5.7,0.22,0.0702,0
703,24170.0,0.0204,0.01461,364,1.6,0.555,0.0754,0
704,5870.0,0.01236,0.02239,0,3.6,0.236,0.0385,0
705,10950.0,0.01025,0.00755,0,3.3,0.586,0.0629,0
706,11990.0,0.01497,0.01699,0,2.4,0.536,0.0589,0
707,7250.0,0.04152,0.05275,0,5.6,0.592,0.033,0
708,24800.0,0.02174,0.05314,0,1.3,0.3,0.0306,0
709,12920.0,0.02851,0.02881,0,5.5,0.584,0.0502,0
710,11310.0,0.03854,0.11729,0,0.8,0.582,0.0527,0
711,11200.0,0.13996,0.14648,0,2.2,0.243,0.0362,0
712,9020.0,0.01129,0.00617,0,2.2,0.502,0.0341,0
713,17170.0,0.01862,0.01541,0,4.8,0.397,0.0764,0
714,23650.0,0.01371,0.03829,0,4.7,0.3,0.0717,0
715,46860.0,0.02186,0.0405,0,4.1,0.255,0.0605,0
716,13640.0,0.08245,0.12507,0,6.4,0.39,0.042,0
717,65180.0,0.03088,0.03053,0,4.5,0.487,0.0794,0
718,7070.0,0.01874,0.03392,0,2.8,0.235,0.0657,0
719,17080.0,0.00857,0.00903,0,0.7,0.515,0.0674,0
720,7050.0,0.03294,0.03172,0,2.0,0.453,0.0539,0
721,3780.0,0.04325,0.02766,0,3.8,0.588,0.0764,0
722,7430.0,0.03586,0.06711,0,2.4,0.415,0.0318,0
723,5020.0,0.01663,0.01364,0,2.4,0.35,0.0478,0
724,12310.0,0.02016,0.0313,0,6.5,0.281,0.0748,0
725,14540.0,0.01958,0.02311,0,1.5,0.247,0.0668,0
726,12240.0,0.01075,0.00868,0,4.4,0.327,0.0577,0
727,29430.0,0.00405,0.01466,0,1.0,0.217,0.0588,0
728,22260.0,0.05087,0.04935,0,6.5,0.575,0.0324,0
729,7470.0,0.03627,0.1001,0,3.7,0.454,0.0728,0
730,5710.0,0.00743,0.00693,0,4.1,0.221,0.0636,0
731,45580.0,0.11698,0.24721,0,6.1,0.303,0.0599,0
732,23230.0,0.01397,0.01166,0,5.4,0.565,0.0302,0
733,3960.0,0.00603,0.00629,0,6.4,0.351,0.0304,0
734,11700.0,0.01781,0.00538,0,3.8,0.321,0.076,0
735,2800.0,0.00776,0.00531,0,4.0,0.571,0.0305,0
736,6990.0,0.04842,0.09614,0,3.7,0.361,0.0561,0
737,8610.0,0.01187,0.00937,0,3.0,0.207,0.058,0
738,13390.0,0.00664,0.00452,0,4.6,0.343,0.0435,0
739,29060.0,0.01164,0.02195,0,3.7,0.54,0.0782,0
740,17710.0,0.02884,0.02786,2,3.9,0.483,0.0385,0
741,8890.0,0.01257,0.0091,0,3.8,0.308,0.0366,0
742,11280.0,0.0133,0.01868,50,4.1,0.471,0.044,0
743,3860.0,0.03112,0.05941,0,2.2,0.382,0.044,0
744,4110.0,0.02522,0.03535,0,1.9,0.403,0.0717,0
745,7410.0,0.02987,0.03945,0,6.2,0.417,0.0706,0
746,1750.0,0.01987,0.01436,0,4.4,0.27,0.0773,0
747,3910.0,0.00859,0.01782,0,6.6,0.33,0.0713,0
748,19820.0,0.01532,0.01655,0,3.7,0.24,0.0464,0
749,7870.0,0.01835,0.03391,0,5.9,0.203,0.0758,0
750,4510.0,0.04295,0.0997,0,2.6,0.312,0.0747,0
751,46030.0,0.00849,0.01088,0,4.4,0.336,0.0359,0
752,28840.0,0.01878,0.01627,0,6.8,0.505,0.0625,0
753,11700.0,0.01238,0.01755,0,2.7,0.385,0.0474,0
754,5460.0,0.00639,0.01315,12,3.2,0.44,0.0542,1
755,7320.0,0.0555,0.05589,3,1.6,0.224,0.0675,0
756,5420.0,0.04408,0.17605,0,2.8,0.359,0.0485,0
757,8350.0,0.02452,0.01073,0,3.5,0.374,0.0307,0
758,20740.0,0.02442,0.02977,78,2.5,0.52,0.0608,1
759,1160.0,0.00991,0.00742,346,0.9,0.26,0.0598,0
760,18890.0,0.0814,0.07214,0,5.8,0.541,0.0477,0
761,6670.0,0.05915,0.08556,0,4.0,0.239,0.0473,0
762,15540.0,0.02917,0.0156,0,5.4,0.29,0.0403,0
763,11670.0,0.01705,0.03149,0,4.7,0.225,0.0693,0
764,82840.0,0.03686,0.027,0,0.8,0.519,0.0487,0
765,4070.0,0.02127,0.09935,0,5.0,0.317,0.0637,0
766,14620.0,0.04279,0.02589,0,2.0,0.218,0.049,0
767,22100.0,0.02827,0.06864,0,4.5,0.362,0.061,0
768,17460.0,0.03553,0.06575,0,2.8,0.21,0.0709,0
769,3470.0,0.01128,0.02664,0,0.7,0.285,0.0373,0
770,56000.0,0.04448,0.11634,0,1.7,0.28,0.058,0
771,22370.0,0.01742,0.02352,0,3.5,0.421,0.0614,0
772,15700.0,0.02178,0.01532,0,3.4,0.208,0.0513,0
773,10050.0,0.01793,0.02578,0,6.3,0.569,0.0724,0
774,9830.0,0.01957,0.03199,0,1.7,0.458,0.0763,0
775,19840.0,0.0315,0.05172,48,6.3,0.454,0.0357,0
776,6200.0,0.01743,0.03334,0,3.2,0.437,0.0436,0
777,11020.0,0.00382,0.00563,0,1.0,0.439,0.0659,0
778,10100.0,0.01822,0.04832,28,1.2,0.334,0.0579,0
779,10210.0,0.0251,0.01535,0,1.6,0.333,0.0334,0
780,6240.0,0.01802,0.01142,0,5.8,0.413,0.0361,0
781,6870.0,0.09271,0.1858,0,3.5,0.501,0.0569,0
782,15910.0,0.01031,0.00769,0,2.7,0.523,0.0594,1
783,2450.0,0.00866,0.00844,83,1.8,0.434,0.0325,0
784,17470.0,0.008,0.0143,0,6.3,0.496,0.064,0
785,10140.0,0.01649,0.0084,49,3.1,0.326,0.0418,0
786,6050.0,0.00299,0.00338,0,0.8,0.552,0.0712,0
787,11860.0,0.03944,0.09244,0,6.7,0.321,0.0704,0
788,6990.0,0.027,0.03826,0,3.3,0.524,0.0768,0
789,84190.0,0.02353,0.01455,0,5.9,0.408,0.0339,0
790,12820.0,0.04817,0.05652,19,5.8,0.233,0.0709,0
791,12580.0,0.02639,0.01365,0,5.9,0.394,0.0507,0
792,4060.0,0.04306,0.0697,0,5.5,0.549,0.0661,0
793,4850.0,0.01365,0.02777,0,5.0,0.214,0.0624,0
794,2050.0,0.02256,0.02549,0,4.6,0.469,0.0775,1
795,4810.0,0.00761,0.02872,0,3.2,0.366,0.0538,0
796,13030.0,0.01436,0.02998,0,6.7,0.49,0.0542,0
797,9240.0,0.00955,0.01963,0,2.1,0.283,0.0676,0
798,1670.0,0.05581,0.11258,0,5.9,0.316,0.0542,0
799,5070.0,0.01655,0.02064,0,1.3,0.227,0.0755,0
800,6270.0,0.01113,0.00792,0,5.0,0.404,0.0699,0
801,15130.0,0.00745,0.01731,0,2.1,0.413,0.0431,0
802,6370.0,0.03037,0.06233,0,3.0,0.404,0.0548,0
803,67950.0,0.03707,0.06831,0,6.3,0.234,0.0779,0
804,16260.0,0.00923,0.00294,0,2.9,0.246,0.0356,0
805,27660.0,0.00882,0.00498,0,5.9,0.246,0.0643,0
806,21740.0,0.01853,0.02109,0,5.6,0.315,0.0477,0
807,14990.0,0.02832,0.07271,0,3.0,0.565,0.0494,0
808,38790.0,0.02554,0.01875,0,6.4,0.259,0.0585,0
809,25250.0,0.01133,0.02127,0,2.3,0.269,0.0338,0
810,1620.0,0.00942,0.00645,0,2.6,0.471,0.0564,0
811,4270.0,0.01641,0.036,0,2.9,0.567,0.0743,0
812,2390.0,0.00759,0.00703,0,6.0,0.57,0.0782,0
813,45990.0,0.02206,0.02031,0,4.8,0.315,0.0571,0
814,8250.0,0.01365,0.01813,0,2.8,0.405,0.078,0
815,7430.0,0.03616,0.04113,0,1.4,0.207,0.0399,0
816,4430.0,0.07663,0.11334,0,0.7,0.379,0.0778,0
817,16000.0,0.00763,0.00466,0,2.9,0.46,0.0505,0
818,12410.0,0.0193,0.04691,0,2.7,0.356,0.0464,0
819,10740.0,0.01649,0.01026,0,3.4,0.295,0.0552,0
820,4100.0,0.00383,0.01069,0,5.2,0.456,0.0409,0
821,13420.0,0.051,0.03706,0,2.9,0.324,0.0521,0
822,2750.0,0.00604,0.00837,0,0.9,0.456,0.0492,0
823,12990.0,0.02864,0.01696,0,5.9,0.346,0.0327,0
824,2120.0,0.00704,0.01022,0,0.8,0.442,0.0374,0
825,24840.0,0.00782,0.01472,0,2.3,0.206,0.0791,0
826,19570.0,0.01661,0.03601,0,3.1,0.327,0.0628,0
827,11570.0,0.02368,0.03013,0,2.2,0.329,0.0595,0
828,18110.0,0.03009,0.01428,0,6.4,0.266,0.048,0
829,8710.0,0.02868,0.02583,0,2.8,0.457,0.0503,0
830,4740.0,0.01595,0.02541,0,3.8,0.575,0.0367,0
831,12630.0,0.03419,0.03815,0,5.3,0.244,0.0338,0
832,7960.0,0.00963,0.01137,0,6.5,0.596,0.0311,0
833,21210.0,0.01738,0.01802,0,4.0,0.33,0.06,0
834,26090.0,0.00976,0.01249,0,4.0,0.317,0.0328,0
835,7920.0,0.01682,0.03534,0,5.0,0.428,0.0641,0
836,6840.0,0.01695,0.00461,0,6.3,0.42,0.049,0
837,14090.0,0.00434,0.00393,0,1.0,0.55,0.0565,0
838,19650.0,0.02918,0.01875,0,1.0,0.323,0.0558,0
839,11490.0,0.03162,0.04288,0,3.4,0.55,0.0555,0
840,13520.0,0.039,0.09598,0,3.5,0.311,0.031,0
841,30980.0,0.01202,0.01206,0,2.9,0.328,0.0739,0
842,9350.0,0.02222,0.01812,0,0.7,0.456,0.033,0
843,6680.0,0.02675,0.02445,0,2.9,0.504,0.0358,0
844,16060.0,0.01665,0.01221,0,4.2,0.599,0.0626,0
845,7340.0,0.03555,0.00958,0,2.7,0.438,0.0555,0
846,23610.0,0.03754,0.05522,0,2.7,0.376,0.0511,0
847,6930.0,0.00615,0.00755,0,5.8,0.584,0.0526,0
848,17750.0,0.03644,0.04797,0,5.4,0.423,0.0586,0
849,47020.0,0.02193,0.07935,0,1.1,0.433,0.0456,0
850,3090.0,0.02557,0.01277,0,6.2,0.351,0.0576,0
851,15790.0,0.04628,0.07986,0,1.5,0.493,0.0381,0
852,9760.0,0.01144,0.00301,0,4.1,0.406,0.0408,0
853,20530.0,0.03671,0.05112,0,3.3,0.26,0.078,0
854,13810.0,0.01318,0.01008,0,0.9,0.489,0.0661,0
855,21830.0,0.04921,0.05371,0,5.7,0.491,0.0615,0
856,9200.0,0.01941,0.05691,0,5.8,0.263,0.0316,0
857,10130.0,0.01269,0.03175,0,0.5,0.27,0.0602,0
858,40310.0,0.01959,0.03899,0,5.5,0.236,0.0421,0
859,14940.0,0.0328,0.03776,0,3.0,0.437,0.0443,0
860,4490.0,0.01096,0.01952,78,2.3,0.223,0.0483,0
861,20900.0,0.02352,0.01455,0,3.3,0.472,0.0452,0
862,6700.0,0.0197,0.0238,0,6.2,0.241,0.0747,0
863,85920.0,0.05181,0.05823,0,0.7,0.245,0.0676,0
864,10250.0,0.01904,0.01789,0,2.7,0.515,0.0378,1
865,36670.0,0.02702,0.02218,0,3.7,0.391,0.0427,0
866,9840.0,0.0078,0.01491,0,6.3,0.556,0.0727,0
867,4970.0,0.03435,0.02842,0,4.4,0.485,0.0435,0
868,16030.0,0.01509,0.00635,0,4.2,0.201,0.0621,0
869,11900.0,0.02014,0.01377,0,2.7,0.459,0.0692,0
870,7870.0,0.02095,0.02971,0,5.9,0.246,0.0746,0
871,21450.0,0.02878,0.03422,0,4.7,0.238,0.0742,0
872,21500.0,0.04182,0.04115,0,1.1,0.539,0.0766,0
873,6730.0,0.00617,0.01021,0,5.6,0.219,0.0658,0
874,20260.0,0.01757,0.03004,0,5.9,0.277,0.072,0
875,8780.0,0.0115,0.00806,0,4.9,0.41,0.0311,0
876,14000.0,0.00965,0.00577,0,6.2,0.325,0.0713,0
877,4380.0,0.0421,0.02777,0,2.7,0.209,0.0413,0
878,5240.0,0.05224,0.07337,0,3.9,0.537,0.048,0
879,32930.0,0.03183,0.03025,0,2.4,0.548,0.0563,0
880,50170.0,0.0222,0.01501,0,2.7,0.586,0.0641,0
881,10670.0,0.01741,0.00796,0,1.1,0.523,0.0674,0
882,6330.0,0.01329,0.01217,0,4.7,0.281,0.0338,0
883,9750.0,0.03046,0.02141,0,5.4,0.468,0.0353,0
884,13090.0,0.02112,0.03472,0,3.3,0.292,0.0326,0
885,4890.0,0.00903,0.00765,0,2.3,0.305,0.0385,0
886,4190.0,0.00547,0.00593,0,2.7,0.494,0.0624,0
887,3660.0,0.06538,0.23803,0,0.8,0.372,0.0419,0
888,8720.0,0.04983,0.04537,0,1.6,0.351,0.0617,0
889,18920.0,0.01654,0.02537,0,5.3,0.368,0.056,0
890,18970.0,0.02321,0.04849,0,0.7,0.57,0.0559,0
891,7260.0,0.10606,0.07992,0,1.4,0.38,0.0642,0
892,1850.0,0.02353,0.06544,0,3.3,0.383,0.0614,0
893,26930.0,0.00853,0.01218,0,3.6,0.393,0.0709,0
894,14520.0,0.01701,0.0178,0,6.2,0.218,0.0741,0
895,8810.0,0.01773,0.02359,0,0.8,0.367,0.0328,0
896,12680.0,0.04639,0.04208,0,6.3,0.39,0.0789,0
897,29480.0,0.00603,0.00799,0,6.3,0.27,0.0525,0
898,13560.0,0.09504,0.17071,0,1.0,0.493,0.0424,0
899,8670.0,0.02649,0.02251,0,3.1,0.386,0.0358,0
900,1830.0,0.01802,0.03262,0,6.2,0.323,0.0618,0
901,13560.0,0.01904,0.02564,0,1.2,0.502,0.0735,0
902,8690.0,0.00529,0.00293,0,4.2,0.313,0.0796,1
903,27160.0,0.02541,0.02072,0,0.8,0.5,0.0688,0
904,12630.0,0.02965,0.04657,0,2.5,0.21,0.0374,0
905,3240.0,0.01764,0.02318,65,2.2,0.383,0.0372,0
906,8820.0,0.00683,0.00683,0,5.3,0.461,0.0554,0
907,23880.0,0.03075,0.01322,0,2.6,0.591,0.0655,0
908,4440.0,0.02907,0.03436,0,5.6,0.402,0.0471,0
909,4090.0,0.05211,0.04151,0,6.3,0.34,0.0574,0
910,11020.0,0.02162,0.0377,0,2.6,0.452,0.0459,0
911,19630.0,0.00711,0.00887,0,3.9,0.582,0.0452,0
912,42750.0,0.00996,0.01635,0,0.6,0.304,0.055,0
913,12820.0,0.01079,0.00464,0,6.4,0.28,0.0777,0
914,12410.0,0.04077,0.07871,0,2.0,0.39,0.0379,0
915,4570.0,0.00921,0.00354,0,2.0,0.579,0.0372,0
916,33410.0,0.02689,0.02807,0,3.1,0.46,0.0328,0
917,3260.0,0.01051,0.03337,0,1.2,0.279,0.03,0
918,2640.0,0.04068,0.07636,0,4.1,0.43,0.037,0
919,2890.0,0.06904,0.06291,0,2.9,0.416,0.065,0
920,8720.0,0.07968,0.06727,0,1.6,0.559,0.065,0
921,16220.0,0.01651,0.0184,106,5.6,0.232,0.0683,0
922,3340.0,0.00872,0.00565,0,5.7,0.47,0.035,0
923,10600.0,0.01865,0.05315,0,2.0,0.328,0.0314,0
924,21370.0,0.00741,0.0117,0,6.6,0.303,0.0764,0
925,9890.0,0.00876,0.01002,0,4.7,0.477,0.0458,0
926,12580.0,0.02979,0.04651,0,5.9,0.44,0.0477,0
927,21600.0,0.03246,0.05588,0,4.0,0.571,0.0523,0
928,3010.0,0.10186,0.04622,0,0.9,0.215,0.0633,0
929,9220.0,0.06286,0.07168,0,5.8,0.312,0.0616,0
930,6670.0,0.0439,0.05518,0,2.8,0.254,0.0374,0
931,11660.0,0.02882,0.01931,0,2.8,0.461,0.0699,0
932,30980.0,0.01248,0.01031,0,2.3,0.436,0.0733,0
933,36540.0,0.01345,0.03034,0,3.8,0.458,0.0529,0
934,3770.0,0.00905,0.01823,0,3.8,0.268,0.0552,0
935,31280.0,0.02327,0.02973,0,5.8,0.464,0.0474,0
936,32740.0,0.0082,0.01399,0,6.9,0.595,0.0722,0
937,32650.0,0.01366,0.02124,0,4.6,0.453,0.0582,0
938,18650.0,0.01854,0.00986,0,1.9,0.524,0.0372,0
939,17420.0,0.02108,0.00768,0,3.3,0.325,0.0691,0
940,6210.0,0.01135,0.01096,0,6.1,0.512,0.0503,0
941,6060.0,0.02885,0.03142,0,6.9,0.351,0.0359,0
942,27940.0,0.01677,0.03247,0,2.1,0.317,0.0545,0
943,22260.0,0.01654,0.01397,0,6.5,0.532,0.0623,0
944,30310.0,0.09104,0.08568,0,3.6,0.46,0.0576,0
945,36550.0,0.04315,0.05844,0,2.0,0.484,0.03,0
946,4280.0,0.02636,0.17925,0,5.1,0.559,0.0764,0
947,5340.0,0.03219,0.0396,0,5.7,0.313,0.0713,0
948,4530.0,0.01113,0.00773,0,3.1,0.419,0.0598,0
949,12590.0,0.00925,0.01795,0,5.5,0.387,0.0708,0
950,10620.0,0.03927,0.04609,0,5.6,0.312,0.0566,0
951,3160.0,0.00935,0.00646,0,2.7,0.574,0.0412,0
952,4600.0,0.02111,0.0151,0,5.1,0.56,0.0781,0
953,11400.0,0.02059,0.05039,0,2.8,0.326,0.0451,0
954,22480.0,0.0461,0.01589,0,5.1,0.346,0.08,0
955,17030.0,0.05843,0.05717,0,0.7,0.305,0.0743,0
956,20170.0,0.02035,0.03453,0,2.5,0.249,0.0471,0
957,5480.0,0.01268,0.00759,0,3.5,0.544,0.0552,0
958,9400.0,0.01808,0.01958,0,3.0,0.484,0.0726,0
959,6470.0,0.017,0.01732,0,6.0,0.494,0.0481,0
960,4690.0,0.02659,0.03882,0,1.8,0.364,0.0322,0
961,8040.0,0.01832,0.01499,0,5.6,0.206,0.0347,0
962,15540.0,0.06687,0.12584,0,6.0,0.409,0.0705,0
963,4500.0,0.0137,0.0075,0,4.4,0.362,0.0571,0
964,3900.0,0.02969,0.06085,0,0.9,0.355,0.0733,0
965,2180.0,0.01995,0.02243,0,6.0,0.337,0.0569,0
966,29110.0,0.02088,0.09067,0,3.5,0.516,0.0527,0
967,9570.0,0.01877,0.02915,0,5.2,0.521,0.0357,0
968,2230.0,0.01992,0.00927,0,3.7,0.459,0.055,1
969,25280.0,0.0246,0.07837,0,3.2,0.2,0.0708,0
970,10720.0,0.04823,0.12698,0,1.7,0.438,0.0422,0
971,8600.0,0.01722,0.03496,0,1.1,0.466,0.0444,0
972,34900.0,0.11175,0.14958,0,6.1,0.494,0.0395,0
973,14360.0,0.02067,0.00515,0,2.7,0.303,0.0637,0
974,12250.0,0.05376,0.10237,0,3.4,0.427,0.0597,0
975,8380.0,0.01132,0.01835,90,1.7,0.469,0.0357,0
976,10560.0,0.01831,0.02448,0,5.3,0.243,0.0419,0
977,10180.0,0.00821,0.01025,0,6.2,0.522,0.062,0
978,19160.0,0.01099,0.01397,0,4.8,0.424,0.0739,0
979,8740.0,0.01,0.03227,0,2.4,0.337,0.0323,0
980,6220.0,0.03119,0.06793,0,2.5,0.214,0.0345,0
981,19820.0,0.05253,0.06739,0,1.2,0.428,0.0696,0
982,17750.0,0.04345,0.04265,0,3.8,0.227,0.0559,0
983,15160.0,0.01213,0.01756,42,6.3,0.511,0.0332,0
984,38140.0,0.01442,0.0099,0,2.3,0.408,0.073,0
985,11790.0,0.05353,0.09834,0,1.9,0.224,0.0714,0
986,4330.0,0.03878,0.0277,0,4.8,0.485,0.0551,0
987,6180.0,0.04831,0.04263,0,2.6,0.571,0.0491,0
988,10320.0,0.01375,0.02193,0,5.8,0.33,0.0428,0
989,5910.0,0.01111,0.0038,0,5.5,0.483,0.0604,0
990,3520.0,0.01152,0.01699,377,0.7,0.487,0.0797,0
991,22690.0,0.02441,0.08941,0,3.2,0.424,0.0358,0
992,3160.0,0.01642,0.01511,0,6.1,0.433,0.0685,0
993,3020.0,0.01268,0.01684,0,4.9,0.499,0.0795,0
994,24380.0,0.00778,0.02175,0,4.8,0.569,0.0321,0
995,7960.0,0.03233,0.0737,58,1.9,0.588,0.0487,0
996,9290.0,0.05035,0.05686,0,0.6,0.445,0.0615,0
997,4790.0,0.02383,0.01742,0,2.1,0.454,0.0499,0
998,11030.0,0.02934,0.01155,0,2.4,0.258,0.0762,0
999,4930.0,0.00593,0.00919,45,4.2,0.216,0.0668,0
1000,15120.0,0.03949,0.06628,0,2.4,0.598,0.0506,0
1001,39490.0,0.03198,0.05839,42,5.0,0.46,0.0327,0
1002,4690.0,0.00692,0.00525,0,4.9,0.36,0.0437,0
1003,5820.0,0.01309,0.01791,0,4.8,0.563,0.0558,0
1004,12180.0,0.04883,0.06418,0,4.7,0.411,0.0355,0
1005,18310.0,0.04129,0.12159,0,4.9,0.289,0.0487,0
1006,54300.0,0.03467,0.05178,0,1.0,0.26,0.0563,0
1007,45780.0,0.03051,0.02376,0,2.3,0.567,0.05,0
1008,11020.0,0.05377,0.05395,0,0.7,0.523,0.0412,0
1009,27320.0,0.01192,0.0355,0,2.8,0.472,0.0744,0
1010,5880.0,0.03272,0.0773,175,5.6,0.587,0.053,0
1011,22260.0,0.00633,0.00529,0,2.6,0.322,0.0412,0
1012,12070.0,0.00335,0.00521,0,6.7,0.216,0.0788,0
1013,30600.0,0.0137,0.02448,0,2.1,0.295,0.0745,0
1014,7120.0,0.031,0.01958,0,5.6,0.367,0.0307,0
1015,49050.0,0.03815,0.05634,0,2.5,0.233,0.0631,0
1016,11010.0,0.04692,0.05946,0,3.4,0.483,0.0405,0
1017,2350.0,0.01932,0.02716,0,4.5,0.307,0.0578,0
1018,31000.0,0.02163,0.03341,0,6.6,0.464,0.057,0
1019,12710.0,0.06734,0.13648,0,4.1,0.331,0.0739,0
1020,42560.0,0.02141,0.02012,0,1.3,0.383,0.0607,0
1021,19390.0,0.03713,0.01965,0,3.6,0.47,0.0346,0
1022,13130.0,0.04572,0.01506,0,5.4,0.54,0.0517,0
1023,26230.0,0.03463,0.03005,0,4.3,0.324,0.0514,0
1024,6230.0,0.0255,0.01617,0,6.2,0.342,0.0727,0
1025,25990.0,0.0314,0.02784,0,2.4,0.361,0.0559,0
1026,9370.0,0.01202,0.00348,0,5.9,0.457,0.0539,0
1027,31390.0,0.00854,0.01099,0,2.1,0.456,0.041,0
1028,1350.0,0.01479,0.02983,0,1.1,0.563,0.0303,0
1029,3170.0,0.03737,0.07944,0,1.8,0.234,0.0797,0
1030,26560.0,0.00881,0.01266,0,6.3,0.581,0.0481,0
1031,9390.0,0.02471,0.02947,0,1.8,0.426,0.0479,1
1032,10450.0,0.04155,0.09682,0,4.2,0.33,0.0396,0
1033,23040.0,0.0218,0.04366,0,6.2,0.483,0.0595,0
1034,39890.0,0.01634,0.04134,0,5.5,0.571,0.0452,0
1035,8110.0,0.03739,0.08311,0,6.5,0.426,0.0352,0
1036,8280.0,0.01668,0.04039,0,2.2,0.221,0.0314,0
1037,23320.0,0.02996,0.02309,0,3.7,0.337,0.0328,0
1038,21850.0,0.02816,0.0428,0,4.4,0.511,0.0382,0
1039,16550.0,0.03447,0.02402,0,4.7,0.46,0.0598,0
1040,16010.0,0.03127,0.0203,0,4.5,0.391,0.0686,0
1041,36850.0,0.03035,0.01535,0,1.8,0.393,0.0791,0
1042,8630.0,0.07614,0.08043,0,1.2,0.364,0.0358,0
1043,3950.0,0.01974,0.05887,0,3.8,0.501,0.0735,0
1044,12910.0,0.01923,0.01252,0,0.5,0.265,0.0678,0
1045,13070.0,0.01666,0.05014,0,4.4,0.288,0.0689,0
1046,3910.0,0.05984,0.10484,0,6.9,0.424,0.0323,0
1047,8330.0,0.06817,0.05928,0,5.3,0.25,0.0638,0
1048,7600.0,0.02002,0.02021,0,6.9,0.208,0.0359,0
1049,7290.0,0.03549,0.19883,0,7.0,0.482,0.0525,0
1050,5620.0,0.0175,0.00998,0,6.3,0.453,0.0773,0
1051,26210.0,0.01205,0.01015,0,4.2,0.472,0.0419,1
1052,26960.0,0.03395,0.04626,0,3.0,0.419,0.0426,0
1053,7480.0,0.0251,0.03285,0,3.5,0.259,0.0789,0
1054,6070.0,0.02106,0.01763,0,2.3,0.363,0.0683,0
1055,1800.0,0.00972,0.00841,280,6.1,0.459,0.0712,0
1056,2760.0,0.05729,0.02217,0,6.2,0.204,0.0548,0
1057,6090.0,0.01169,0.01835,0,2.4,0.415,0.0508,0
1058,4570.0,0.03159,0.08036,0,6.8,0.481,0.0677,0
1059,6080.0,0.0242,0.04406,0,3.2,0.355,0.0397,0
1060,9670.0,0.06303,0.05693,0,6.3,0.245,0.0782,0
1061,4180.0,0.00588,0.00553,0,6.8,0.514,0.0367,0
1062,14540.0,0.01137,0.02223,0,5.5,0.282,0.0424,0
1063,4330.0,0.01468,0.01168,0,6.2,0.345,0.0537,0
1064,13910.0,0.03285,0.05333,0,1.2,0.573,0.0559,0
1065,4940.0,0.04262,0.05251,0,2.7,0.494,0.0783,1
1066,11430.0,0.00425,0.01996,0,3.7,0.254,0.0616,0
1067,5670.0,0.01237,0.00626,0,5.9,0.396,0.0435,0
1068,33050.0,0.00905,0.00504,0,0.7,0.396,0.0729,0
1069,11920.0,0.03807,0.01701,0,2.4,0.401,0.0716,0
1070,3010.0,0.02105,0.01874,0,2.4,0.513,0.0689,0
1071,7480.0,0.03888,0.03964,0,4.0,0.437,0.047,0
1072,19120.0,0.07987,0.12933,0,6.0,0.218,0.0353,0
1073,8080.0,0.02873,0.02007,0,5.0,0.336,0.0644,0
1074,8280.0,0.04318,0.03922,0,7.0,0.483,0.0367,0
1075,5190.0,0.00475,0.01584,0,0.8,0.223,0.049,0
1076,8920.0,0.01085,0.02131,0,2.9,0.459,0.0472,0
1077,9350.0,0.00571,0.02035,0,3.7,0.57,0.0697,0
1078,23350.0,0.03211,0.07652,0,3.5,0.386,0.0535,0
1079,14370.0,0.02911,0.04778,0,6.8,0.358,0.0432,0
1080,15840.0,0.00759,0.00682,0,6.8,0.515,0.0456,0
1081,22720.0,0.02173,0.02107,0,3.0,0.359,0.071,0
1082,37020.0,0.04192,0.10149,0,3.2,0.459,0.0459,1
1083,27760.0,0.03947,0.03096,0,3.1,0.466,0.0468,0
1084,70570.0,0.03886,0.03412,29,5.6,0.57,0.0364,0
1085,20390.0,0.00942,0.01655,0,2.3,0.523,0.0664,0
1086,16120.0,0.01832,0.02569,0,3.2,0.242,0.0712,0
1087,1880.0,0.00825,0.01189,0,1.8,0.434,0.0553,0
1088,14800.0,0.01797,0.01721,0,3.3,0.507,0.0484,0
1089,35860.0,0.04961,0.09509,0,4.4,0.588,0.0754,0
1090,4080.0,0.0123,0.00764,0,5.5,0.436,0.0635,0
1091,16670.0,0.02237,0.00822,60,1.8,0.548,0.0441,0
1092,18270.0,0.00569,0.0046,80,4.8,0.25,0.0372,0
1093,12280.0,0.00671,0.00334,0,3.4,0.51,0.0371,0
1094,3500.0,0.01105,0.01172,0,1.9,0.564,0.0322,0
1095,18080.0,0.01885,0.06849,0,3.6,0.53,0.0363,0
1096,7860.0,0.04627,0.01237,0,6.5,0.482,0.0654,0
1097,11370.0,0.07456,0.16182,66,6.0,0.346,0.0543,1
1098,16550.0,0.02973,0.03627,0,1.5,0.352,0.0321,0
1099,13950.0,0.01699,0.01906,0,3.2,0.376,0.0304,0
1100,11390.0,0.03182,0.08977,0,2.4,0.36,0.0647,0
1101,45200.0,0.01515,0.00344,0,6.5,0.399,0.074,0
1102,39170.0,0.00694,0.00419,25,2.3,0.458,0.066,0
1103,9680.0,0.0403,0.03441,0,6.5,0.309,0.0552,0
1104,9470.0,0.002,0.00213,0,2.1,0.489,0.0726,0
1105,5460.0,0.01359,0.03051,229,5.3,0.326,0.0356,0
1106,31430.0,0.02444,0.05359,0,2.9,0.285,0.0695,0
1107,13250.0,0.00732,0.00885,0,5.7,0.306,0.0543,0
1108,40420.0,0.01511,0.01125,0,1.8,0.232,0.0399,0
1109,10740.0,0.02952,0.03868,0,5.5,0.449,0.0444,0
1110,8080.0,0.05441,0.05587,0,3.8,0.405,0.0717,0
1111,14040.0,0.01106,0.0071,0,5.5,0.545,0.038,0
1112,13960.0,0.03646,0.01532,0,2.1,0.422,0.042,0
1113,25350.0,0.01816,0.03117,0,1.9,0.548,0.0512,0
1114,7470.0,0.01036,0.06078,0,5.0,0.485,0.0354,0
1115,5710.0,0.00728,0.00708,0,1.1,0.381,0.0736,0
1116,11830.0,0.03876,0.03302,0,5.9,0.519,0.0762,0
1117,26430.0,0.03615,0.06213,0,1.5,0.524,0.0431,0
1118,24020.0,0.03117,0.04469,0,6.2,0.254,0.0502,0
1119,1480.0,0.03628,0.05373,0,1.4,0.437,0.0576,0
1120,28780.0,0.03363,0.05412,0,3.4,0.288,0.0511,0
1121,30000.0,0.03097,0.01949,0,2.2,0.257,0.076,0
1122,13480.0,0.02719,0.03248,0,6.2,0.355,0.0376,0
1123,8640.0,0.00841,0.00582,0,4.1,0.208,0.0402,0
1124,8610.0,0.06386,0.0685,0,5.9,0.22,0.0544,0
1125,29150.0,0.02683,0.04508,0,4.8,0.231,0.0746,0
1126,18110.0,0.03644,0.05294,0,4.6,0.465,0.071,0
1127,26210.0,0.00951,0.00575,0,0.7,0.271,0.0667,0
1128,5480.0,0.01021,0.00347,0,3.4,0.522,0.052,0
1129,9800.0,0.04728,0.10517,0,2.1,0.468,0.0587,0
1130,28850.0,0.03017,0.01087,0,6.0,0.282,0.0785,0
1131,21550.0,0.01071,0.01481,0,2.6,0.497,0.0505,0
1132,2430.0,0.02215,0.01791,0,3.2,0.53,0.0316,0
1133,5580.0,0.03167,0.02821,0,0.6,0.22,0.0612,0
1134,16700.0,0.02482,0.04243,0,3.9,0.468,0.0774,0
1135,14200.0,0.01084,0.00791,0,4.4,0.413,0.0475,0
1136,20240.0,0.05129,0.27867,0,2.5,0.566,0.079,1
1137,7560.0,0.01662,0.01656,0,1.1,0.548,0.0431,0
1138,2820.0,0.01805,0.02858,0,2.7,0.421,0.0412,0
1139,1000.0,0.02894,0.02053,0,1.5,0.279,0.0798,0
1140,6950.0,0.02363,0.01619,7,2.0,0.246,0.0606,1
1141,29510.0,0.0147,0.01883,0,2.2,0.234,0.031,0
1142,7290.0,0.01262,0.0236,0,1.3,0.562,0.0625,0
1143,3120.0,0.00735,0.00557,0,0.8,0.479,0.0736,0
1144,7710.0,0.02174,0.08128,0,1.4,0.474,0.0376,0
1145,20520.0,0.00818,0.00877,0,5.4,0.352,0.0468,0
1146,3250.0,0.03406,0.02262,0,2.4,0.276,0.0596,0
1147,8150.0,0.00564,0.01222,0,2.7,0.548,0.0351,0
1148,1000.0,0.01372,0.00666,0,2.5,0.291,0.0504,0
1149,13940.0,0.02642,0.0233,0,3.7,0.354,0.0794,0
1150,13870.0,0.01335,0.01768,51,5.1,0.59,0.0563,0
1151,2020.0,0.0653,0.10616,0,3.0,0.535,0.0434,0
1152,6770.0,0.02022,0.03103,0,1.7,0.458,0.0453,0
1153,9210.0,0.00585,0.00747,0,5.5,0.249,0.0572,0
1154,5030.0,0.01384,0.03603,0,0.8,0.503,0.0759,0
1155,6770.0,0.08072,0.08391,0,5.3,0.216,0.0743,0
1156,28390.0,0.01134,0.01062,0,0.7,0.401,0.0403,0
1157,11150.0,0.01705,0.00462,0,3.9,0.551,0.0734,0
1158,89840.0,0.03064,0.08457,0,5.9,0.439,0.0752,0
1159,9960.0,0.00747,0.00784,0,3.1,0.313,0.0748,0
1160,21620.0,0.01322,0.00864,0,1.0,0.538,0.0449,0
1161,19660.0,0.01196,0.01771,208,0.5,0.286,0.0714,0
1162,23490.0,0.01245,0.1022,0,6.3,0.554,0.072,0
1163,8430.0,0.01017,0.01417,0,2.2,0.332,0.0675,0
1164,8790.0,0.03292,0.03429,0,3.2,0.335,0.0567,0
1165,40180.0,0.00541,0.00741,0,4.1,0.295,0.0724,0
1166,9930.0,0.0055,0.00941,0,3.6,0.451,0.0697,0
1167,1960.0,0.02933,0.01835,0,2.1,0.311,0.0619,0
1168,4900.0,0.01263,0.00517,0,1.4,0.413,0.0573,0
1169,3840.0,0.02001,0.01954,0,1.3,0.452,0.0302,0
1170,6480.0,0.04367,0.04096,0,4.0,0.378,0.0596,0
1171,2310.0,0.02032,0.01812,0,5.3,0.406,0.0624,0
1172,31740.0,0.03023,0.0475,0,5.5,0.278,0.0325,0
1173,5730.0,0.0107,0.01761,0,1.5,0.581,0.0428,0
1174,7680.0,0.02093,0.04992,0,6.7,0.399,0.0772,0
1175,3890.0,0.03052,0.03534,0,1.9,0.496,0.0387,0
1176,3750.0,0.0314,0.01503,0,4.7,0.322,0.0554,0
1177,5200.0,0.03404,0.02643,0,1.2,0.242,0.0778,0
1178,9720.0,0.01332,0.01325,0,5.7,0.284,0.0551,0
1179,8370.0,0.03907,0.05127,0,5.9,0.306,0.0309,0
1180,5520.0,0.04466,0.01133,89,4.2,0.289,0.031,0
1181,8380.0,0.02226,0.01423,0,5.1,0.394,0.0387,0
1182,16220.0,0.0172,0.0123,0,5.1,0.216,0.0466,0
1183,52090.0,0.01336,0.03169,0,3.1,0.301,0.0595,0
1184,9820.0,0.0417,0.0556,0,4.4,0.245,0.0627,0
1185,5780.0,0.03834,0.0239,0,3.5,0.436,0.0393,0
1186,3980.0,0.0152,0.05354,0,6.3,0.444,0.0321,0
1187,7270.0,0.00721,0.01922,0,2.5,0.397,0.0353,0
1188,6330.0,0.02355,0.00706,0,3.3,0.569,0.0446,0
1189,13250.0,0.00707,0.02334,0,1.8,0.354,0.0493,0
1190,14430.0,0.0312,0.06033,0,1.7,0.516,0.0706,0
1191,5060.0,0.01318,0.01262,15,3.7,0.365,0.0571,0
1192,14930.0,0.03012,0.02321,0,0.8,0.461,0.0654,0
1193,7920.0,0.01873,0.02187,0,3.7,0.201,0.0318,0
1194,7570.0,0.02501,0.00937,0,6.9,0.346,0.0509,0
1195,2770.0,0.0166,0.0648,0,3.4,0.446,0.0413,0
1196,50930.0,0.018,0.04075,0,5.4,0.287,0.0588,0
1197,16320.0,0.01667,0.01775,0,1.8,0.252,0.0766,0
1198,4710.0,0.03021,0.01342,0,3.1,0.552,0.0795,0
1199,32490.0,0.02388,0.0286,0,1.2,0.568,0.0574,0
1200,10060.0,0.05015,0.15884,0,3.7,0.371,0.0772,0
1201,5330.0,0.02475,0.01718,0,0.8,0.387,0.0503,0
1202,5620.0,0.0045,0.00732,0,1.8,0.573,0.0362,0
1203,14760.0,0.01222,0.01154,0,5.3,0.595,0.0664,0
1204,20810.0,0.03272,0.06035,0,5.4,0.266,0.0371,0
1205,4600.0,0.02946,0.01081,0,4.3,0.439,0.0482,0
1206,8560.0,0.01606,0.02033,0,3.2,0.271,0.034,0
1207,23100.0,0.02073,0.01585,0,1.2,0.483,0.0366,0
1208,11370.0,0.03055,0.0221,0,2.2,0.591,0.0629,0
1209,41360.0,0.01847,0.00668,3,1.8,0.485,0.0446,0
1210,16640.0,0.0319,0.01944,13,2.0,0.569,0.0619,0
1211,1850.0,0.05381,0.03658,27,1.2,0.556,0.0673,0
1212,14410.0,0.05943,0.14767,0,2.1,0.394,0.0796,0
1213,13510.0,0.02374,0.02465,0,0.9,0.417,0.0331,0
1214,4640.0,0.02018,0.01342,0,6.7,0.461,0.037,0
1215,2920.0,0.05029,0.0389,0,3.1,0.524,0.0324,0
1216,16850.0,0.0476,0.03204,0,3.9,0.221,0.0737,0
1217,19660.0,0.01379,0.01846,0,4.9,0.448,0.0475,0
1218,48980.0,0.01518,0.01487,38,1.4,0.291,0.0797,0
1219,11260.0,0.00655,0.00618,0,6.3,0.204,0.0431,0
1220,3130.0,0.00768,0.00963,0,0.5,0.42,0.0551,0
1221,4390.0,0.04382,0.04857,0,6.8,0.287,0.0548,0
1222,15220.0,0.00562,0.01597,0,4.1,0.596,0.0591,0
1223,10020.0,0.03946,0.03339,0,6.0,0.446,0.037,0
1224,18850.0,0.00606,0.002,0,6.5,0.361,0.0654,0
1225,6230.0,0.01581,0.02592,0,6.6,0.236,0.0793,0
1226,11300.0,0.00956,0.00262,0,0.5,0.344,0.0368,0
1227,10010.0,0.06613,0.32062,73,5.1,0.386,0.0744,0
1228,3060.0,0.01175,0.01012,114,2.3,0.235,0.0303,0
1229,5150.0,0.01206,0.00626,0,4.8,0.263,0.0309,0
1230,10410.0,0.01339,0.0248,0,5.9,0.3,0.0307,0
1231,5310.0,0.01494,0.0423,0,3.5,0.419,0.0485,0
1232,13710.0,0.01568,0.00892,0,2.7,0.382,0.0308,1
1233,29010.0,0.00621,0.00837,0,5.0,0.376,0.053,0
1234,10350.0,0.03249,0.10331,0,5.8,0.553,0.0411,0
1235,17100.0,0.01124,0.00836,0,2.2,0.424,0.0364,0
1236,2110.0,0.0263,0.02436,0,4.2,0.292,0.0742,0
1237,5000.0,0.0065,0.01142,0,3.9,0.499,0.0425,0
1238,7980.0,0.01981,0.04022,0,2.0,0.496,0.0425,0
1239,13900.0,0.0246,0.03462,0,2.1,0.593,0.0516,0
1240,17110.0,0.06891,0.24034,0,4.9,0.552,0.036,0
1241,11170.0,0.01396,0.01082,0,4.8,0.482,0.0688,0
1242,35500.0,0.04576,0.04832,0,1.6,0.31,0.0614,0
1243,11740.0,0.01706,0.01095,0,5.1,0.359,0.0329,0
1244,12120.0,0.02547,0.04148,0,6.2,0.506,0.0702,0
1245,43010.0,0.0121,0.01032,15,5.0,0.441,0.0756,0
1246,76250.0,0.02195,0.03388,0,1.7,0.555,0.0566,0
1247,8380.0,0.01125,0.0055,0,6.7,0.406,0.0433,0
1248,5240.0,0.01691,0.00685,0,0.5,0.457,0.0383,0
1249,16900.0,0.03797,0.11144,0,6.4,0.413,0.0648,0
1250,7090.0,0.03198,0.02141,0,6.3,0.345,0.0665,0
1251,4350.0,0.01608,0.01531,0,5.2,0.456,0.0742,0
1252,16590.0,0.02281,0.01831,0,0.7,0.272,0.0343,0
1253,17760.0,0.0222,0.0147,0,2.4,0.488,0.0378,0
1254,9960.0,0.0094,0.00834,35,1.2,0.536,0.0445,0
1255,12440.0,0.00876,0.00968,0,5.9,0.546,0.062,0
1256,3340.0,0.0324,0.03704,0,4.9,0.523,0.0331,0
1257,6430.0,0.00594,0.00225,0,6.6,0.427,0.0647,0
1258,3310.0,0.15378,0.2565,0,4.0,0.424,0.0659,0
1259,11310.0,0.04252,0.03998,0,3.5,0.562,0.0384,0
1260,12210.0,0.01374,0.02468,0,1.3,0.559,0.0585,0
1261,2330.0,0.02967,0.01678,29,3.0,0.345,0.0421,0
1262,47450.0,0.01102,0.0377,0,4.2,0.565,0.0445,0
1263,16880.0,0.04525,0.02964,0,0.6,0.223,0.0748,0
1264,4040.0,0.03397,0.05541,0,3.0,0.545,0.066,0
1265,3420.0,0.01508,0.01213,0,2.9,0.245,0.079,0
1266,42350.0,0.02415,0.02101,0,1.1,0.39,0.0448,0
1267,16440.0,0.01674,0.04155,0,1.7,0.573,0.0794,0
1268,8580.0,0.01532,0.01214,0,2.1,0.435,0.0702,0
1269,3180.0,0.02924,0.0537,0,7.0,0.502,0.063,0
1270,17100.0,0.03635,0.01437,0,5.4,0.476,0.0748,0
1271,10960.0,0.0176,0.02851,0,5.4,0.409,0.0682,0
1272,32460.0,0.01062,0.01753,0,2.0,0.336,0.0389,0
1273,9070.0,0.02374,0.01893,0,6.4,0.256,0.0452,0
1274,30880.0,0.03745,0.03196,0,3.6,0.232,0.0607,0
1275,20720.0,0.01867,0.03228,0,6.3,0.34,0.0647,0
1276,17450.0,0.00507,0.00669,0,3.8,0.462,0.0456,0
1277,10410.0,0.05247,0.13249,0,5.9,0.332,0.0333,0
1278,4900.0,0.04084,0.12546,0,2.5,0.35,0.041,0
1279,59940.0,0.00591,0.00362,0,3.9,0.43,0.0612,0
1280,5570.0,0.02769,0.01415,0,2.8,0.438,0.0396,0
1281,26740.0,0.02228,0.01204,0,6.6,0.519,0.077,0
1282,22470.0,0.00779,0.00909,65,4.2,0.388,0.0634,0
1283,4740.0,0.01816,0.02728,0,6.6,0.492,0.0614,0
1284,30190.0,0.01052,0.00826,0,7.0,0.495,0.0771,0
1285,45120.0,0.01332,0.04167,0,6.1,0.411,0.0774,0
1286,13610.0,0.01969,0.05962,0,1.3,0.219,0.0465,0
1287,5070.0,0.0171,0.023,0,5.1,0.561,0.0668,0
1288,12290.0,0.02735,0.02807,0,3.8,0.552,0.0351,0
1289,5390.0,0.00478,0.00342,0,4.8,0.438,0.0432,0
1290,42340.0,0.00989,0.00443,0,4.9,0.399,0.0434,0
1291,22980.0,0.04079,0.03061,0,4.5,0.589,0.0726,0
1292,21670.0,0.01318,0.02462,0,3.6,0.2,0.0608,0
1293,9690.0,0.01676,0.03724,0,5.5,0.546,0.0403,0
1294,21070.0,0.00742,0.00989,0,4.0,0.274,0.0791,0
1295,9520.0,0.02581,0.02254,67,4.0,0.589,0.0498,0
1296,13550.0,0.01635,0.01985,0,7.0,0.436,0.0316,0
1297,6630.0,0.01136,0.01094,0,0.6,0.342,0.0768,0
1298,8090.0,0.03566,0.01704,0,6.5,0.311,0.0774,0
1299,15780.0,0.03572,0.04561,63,5.0,0.572,0.0694,0
1300,9040.0,0.0802,0.049,0,6.5,0.531,0.0716,0
1301,24670.0,0.02518,0.02594,0,1.1,0.336,0.0554,0
1302,42050.0,0.04072,0.08372,0,4.0,0.374,0.0369,0
1303,2980.0,0.01098,0.02234,0,4.0,0.556,0.0671,0
1304,19490.0,0.01577,0.04698,0,4.3,0.369,0.0636,0
1305,11770.0,0.00462,0.00649,0,5.9,0.422,0.0498,0
1306,7990.0,0.03782,0.0466,0,1.6,0.418,0.0515,0
1307,34580.0,0.01397,0.0199,0,1.5,0.332,0.0525,0
1308,22670.0,0.00649,0.01462,0,1.2,0.222,0.0625,0
1309,6210.0,0.02296,0.01501,0,3.5,0.257,0.0613,0
1310,5600.0,0.01913,0.05605,0,4.7,0.483,0.0671,0
1311,13220.0,0.01518,0.01949,0,6.0,0.399,0.0364,0
1312,5020.0,0.01164,0.00505,0,2.8,0.332,0.0438,0
1313,7360.0,0.00883,0.00962,0,2.3,0.283,0.0609,0
1314,2650.0,0.00817,0.01346,0,1.4,0.306,0.0499,0
1315,26840.0,0.04401,0.0525,0,2.3,0.337,0.0604,0
1316,7880.0,0.01402,0.01913,0,4.0,0.217,0.0706,0
1317,24190.0,0.0341,0.09205,0,1.8,0.544,0.041,0
1318,5320.0,0.05648,0.09789,0,2.5,0.372,0.0758,0
1319,3020.0,0.03118,0.01952,0,3.3,0.268,0.0765,0
1320,26000.0,0.02313,0.03119,0,0.8,0.434,0.0451,0
1321,18550.0,0.02421,0.02997,0,5.7,0.439,0.0669,0
1322,10830.0,0.0086,0.00852,0,4.1,0.589,0.0515,0
1323,21440.0,0.02663,0.01733,0,6.0,0.351,0.045,0
1324,8390.0,0.01396,0.02242,0,4.9,0.318,0.0692,0
1325,5080.0,0.03182,0.05897,0,3.4,0.509,0.0712,0
1326,2740.0,0.00809,0.01443,0,1.2,0.312,0.08,0
1327,17680.0,0.02618,0.04748,0,1.0,0.433,0.0654,0
1328,62110.0,0.02335,0.02109,0,0.9,0.466,0.039,0
1329,3860.0,0.00511,0.0126,0,5.4,0.379,0.0791,0
1330,64730.0,0.01516,0.03904,0,6.3,0.217,0.0551,0
1331,44370.0,0.04645,0.05519,0,0.7,0.431,0.0571,0
1332,12220.0,0.00925,0.02299,0,2.5,0.335,0.0484,0
1333,7490.0,0.02492,0.02568,0,4.0,0.419,0.055,0
1334,12400.0,0.01303,0.00509,0,4.5,0.323,0.0727,0
1335,8390.0,0.00533,0.00577,0,0.7,0.458,0.0472,0
1336,26600.0,0.01633,0.03318,11,2.5,0.286,0.0787,0
1337,11930.0,0.02223,0.03109,0,3.1,0.585,0.0477,0
1338,20030.0,0.03315,0.01988,0,6.4,0.372,0.0636,0
1339,3820.0,0.01952,0.06201,0,2.7,0.248,0.0565,0
1340,6810.0,0.01015,0.00904,0,1.0,0.375,0.0765,0
1341,48540.0,0.01757,0.04483,0,2.6,0.349,0.0791,0
1342,77550.0,0.02006,0.0343,0,0.7,0.517,0.0561,0
1343,8380.0,0.01443,0.0207,0,6.4,0.526,0.049,0
1344,21440.0,0.05498,0.07367,0,1.8,0.465,0.0389,0
1345,10180.0,0.01556,0.02595,241,4.2,0.202,0.0464,0
1346,16850.0,0.01407,0.02965,0,6.9,0.464,0.0642,0
1347,27010.0,0.00332,0.002,0,5.0,0.254,0.0562,0
1348,17770.0,0.05566,0.06778,0,3.0,0.419,0.0518,0
1349,18360.0,0.0175,0.01451,0,6.6,0.442,0.0602,0
1350,5290.0,0.02409,0.02841,0,6.1,0.591,0.0718,0
1351,12490.0,0.03105,0.03145,0,5.6,0.459,0.0301,0
1352,5030.0,0.01498,0.02574,0,1.8,0.217,0.0432,0
1353,87480.0,0.00975,0.01048,0,1.1,0.272,0.0639,0
1354,6060.0,0.02075,0.03101,0,0.9,0.251,0.079,0
1355,3240.0,0.02996,0.05252,0,3.5,0.288,0.0652,0
1356,25070.0,0.03889,0.05029,0,2.7,0.225,0.0639,0
1357,8730.0,0.012,0.02717,0,5.1,0.239,0.0422,0
1358,41790.0,0.00652,0.00663,0,5.3,0.384,0.0403,0
1359,19440.0,0.01935,0.06207,0,6.2,0.39,0.0734,0
1360,1150.0,0.01273,0.00662,0,3.2,0.361,0.0489,0
1361,3990.0,0.01476,0.01002,0,1.9,0.383,0.071,0
1362,14740.0,0.04658,0.07712,0,6.6,0.339,0.0577,0
1363,12410.0,0.01938,0.01863,0,6.7,0.543,0.0541,0
1364,7920.0,0.01626,0.02997,0,5.3,0.294,0.0451,0
1365,8040.0,0.0229,0.03093,0,0.9,0.568,0.0384,0
1366,2800.0,0.00756,0.01132,0,2.7,0.585,0.0749,0
1367,7880.0,0.01449,0.03015,0,5.6,0.227,0.0363,0
1368,37580.0,0.04512,0.07892,0,2.4,0.382,0.0669,0
1369,5350.0,0.04611,0.06151,6,3.9,0.572,0.0516,0
1370,17710.0,0.0252,0.03506,0,5.4,0.587,0.0473,0
1371,12260.0,0.02906,0.03475,0,6.1,0.518,0.0702,0
1372,5140.0,0.02971,0.01458,0,6.8,0.481,0.063,0
1373,4750.0,0.00998,0.00786,0,2.7,0.409,0.0542,0
1374,7740.0,0.0063,0.00634,0,4.7,0.446,0.0531,0
1375,5540.0,0.03318,0.0174,0,6.4,0.436,0.0618,0
1376,14460.0,0.01594,0.01765,0,2.4,0.429,0.068,0
1377,8180.0,0.02543,0.01568,0,4.6,0.301,0.0556,0
1378,10610.0,0.01442,0.03765,166,1.1,0.322,0.0561,0
1379,4760.0,0.02253,0.01977,0,6.4,0.221,0.068,0
1380,9010.0,0.01567,0.04854,0,5.2,0.591,0.0486,1
1381,12750.0,0.00562,0.00639,0,3.2,0.432,0.049,0
1382,6320.0,0.02013,0.01896,0,5.2,0.275,0.0363,0
1383,8650.0,0.05484,0.11704,0,5.5,0.457,0.0736,0
1384,19900.0,0.0152,0.01557,0,5.8,0.525,0.0374,0
1385,4500.0,0.02574,0.01206,0,4.4,0.385,0.0631,0
1386,16220.0,0.01361,0.01605,0,1.4,0.418,0.0619,0
1387,5580.0,0.02992,0.05706,0,6.8,0.299,0.0436,0
1388,14950.0,0.01955,0.01283,0,3.6,0.236,0.0501,0
1389,7950.0,0.01591,0.02571,0,5.5,0.511,0.037,0
1390,16300.0,0.00429,0.00642,0,6.1,0.341,0.0401,0
1391,11510.0,0.01688,0.01756,0,2.5,0.308,0.071,0
1392,6830.0,0.0247,0.1066,0,3.9,0.283,0.0665,0
1393,15660.0,0.01949,0.02594,0,3.8,0.33,0.0652,0
1394,4360.0,0.01375,0.00601,0,0.5,0.592,0.0538,0
1395,14900.0,0.01559,0.0469,0,4.9,0.205,0.0555,0
1396,9530.0,0.06075,0.0673,0,2.5,0.236,0.041,0
1397,7250.0,0.03699,0.06943,0,1.6,0.369,0.0736,0
1398,8760.0,0.01435,0.02299,0,1.0,0.209,0.0473,0
1399,36350.0,0.00776,0.00718,0,6.5,0.261,0.0757,0
1400,10670.0,0.01651,0.02184,47,2.2,0.447,0.0714,0
1401,41680.0,0.01049,0.0049,0,5.3,0.296,0.0347,0
1402,11530.0,0.00949,0.0065,0,6.1,0.531,0.0625,0
1403,12450.0,0.01312,0.02104,0,2.3,0.431,0.0542,0
1404,13110.0,0.01741,0.00588,0,1.3,0.346,0.0384,0
1405,10270.0,0.04542,0.04206,0,6.0,0.219,0.055,0
1406,16920.0,0.00909,0.00902,0,0.9,0.238,0.0548,0
1407,9370.0,0.03803,0.05505,0,3.7,0.322,0.0516,0
1408,6110.0,0.01266,0.0296,0,3.1,0.298,0.0684,0
1409,5220.0,0.0099,0.01674,0,1.9,0.529,0.0753,0
1410,46040.0,0.02536,0.02767,0,1.2,0.354,0.0754,0
1411,11420.0,0.01368,0.0124,0,4.7,0.371,0.058,0
1412,10950.0,0.01243,0.0088,0,1.3,0.471,0.0737,0
1413,50940.0,0.01799,0.03509,0,1.7,0.412,0.0575,0
1414,4560.0,0.01704,0.0296,0,2.1,0.267,0.0754,0
1415,6000.0,0.02412,0.05816,0,4.0,0.295,0.0476,0
1416,17220.0,0.05929,0.03127,0,4.5,0.293,0.0422,0
1417,18990.0,0.02044,0.01659,0,1.1,0.268,0.0562,0
1418,2810.0,0.0804,0.04841,0,0.9,0.353,0.0669,0
1419,14040.0,0.0514,0.04363,40,1.6,0.405,0.0602,0
1420,13610.0,0.02804,0.02312,0,4.3,0.494,0.0448,0
1421,8370.0,0.03182,0.04952,0,6.3,0.267,0.0404,0
1422,7080.0,0.03561,0.05734,0,2.8,0.391,0.0492,0
1423,3490.0,0.02576,0.02758,0,4.0,0.277,0.0523,0
1424,7790.0,0.0093,0.0128,0,2.4,0.445,0.0611,0
1425,14700.0,0.02193,0.04118,0,6.3,0.551,0.037,0
1426,19830.0,0.01653,0.02072,0,6.6,0.349,0.0719,0
1427,8560.0,0.00695,0.00647,0,6.8,0.588,0.0478,0
1428,9250.0,0.01049,0.00996,0,1.8,0.488,0.0328,0
1429,13040.0,0.01271,0.01199,0,1.9,0.3,0.0725,0
1430,35880.0,0.05319,0.20754,0,0.5,0.251,0.0327,0
1431,2790.0,0.04839,0.09155,0,5.6,0.279,0.0727,0
1432,10310.0,0.02228,0.05494,0,7.0,0.305,0.0362,0
1433,7940.0,0.00527,0.01105,0,5.2,0.486,0.0416,0
1434,13030.0,0.05008,0.03859,0,1.6,0.202,0.0392,0
1435,27350.0,0.00992,0.00864,0,6.6,0.269,0.0534,0
1436,8950.0,0.02437,0.03094,0,6.9,0.511,0.0561,0
1437,9990.0,0.04425,0.09824,0,5.5,0.232,0.0797,0
1438,66440.0,0.06839,0.04158,0,4.7,0.472,0.0608,0
1439,16970.0,0.00276,0.0021,0,2.5,0.376,0.0706,0
1440,7180.0,0.02954,0.06669,0,6.6,0.436,0.0716,0
1441,5610.0,0.09,0.08399,0,1.8,0.218,0.0712,0
1442,21140.0,0.01867,0.02975,0,5.5,0.228,0.0448,0
1443,3060.0,0.00782,0.01891,0,4.0,0.501,0.0488,0
1444,4750.0,0.05519,0.10515,0,6.4,0.391,0.0768,0
1445,3440.0,0.00268,0.0028,0,2.4,0.388,0.069,0
1446,12900.0,0.02425,0.02546,0,4.4,0.458,0.0537,0
1447,12180.0,0.00867,0.00863,0,4.9,0.516,0.0659,1
1448,28160.0,0.11047,0.07421,0,6.7,0.374,0.0618,0
1449,4540.0,0.05009,0.09282,0,6.9,0.459,0.0553,0
1450,14180.0,0.00982,0.01345,0,0.8,0.488,0.0792,0
1451,3700.0,0.01392,0.01184,0,3.3,0.448,0.0491,1
1452,26920.0,0.02625,0.06652,0,6.9,0.508,0.0683,0
1453,17930.0,0.0263,0.02188,0,2.7,0.422,0.0541,0
1454,51900.0,0.02289,0.03831,0,4.5,0.531,0.0441,0
1455,21220.0,0.01126,0.01015,0,6.5,0.337,0.0349,0
1456,15830.0,0.01007,0.00959,0,6.8,0.535,0.0778,0
1457,6690.0,0.02872,0.02271,0,5.9,0.208,0.0387,0
1458,8340.0,0.02155,0.03369,0,6.3,0.251,0.0561,0
1459,29270.0,0.01577,0.01366,0,1.4,0.587,0.0582,0
1460,16650.0,0.05807,0.07318,0,3.1,0.548,0.0464,0
1461,20330.0,0.01623,0.02985,0,0.8,0.583,0.0541,0
1462,4290.0,0.01841,0.02351,0,4.4,0.479,0.0768,0
1463,11150.0,0.01731,0.03327,0,5.7,0.407,0.0346,0
1464,3240.0,0.03311,0.0622,0,4.1,0.274,0.0658,0
1465,5960.0,0.01479,0.01421,0,5.6,0.3,0.0346,0
1466,13120.0,0.03182,0.0279,0,6.0,0.206,0.0443,0
1467,16340.0,0.10776,0.16375,0,4.3,0.492,0.0377,0
1468,2910.0,0.01298,0.02655,0,5.5,0.248,0.0645,0
1469,7440.0,0.01429,0.00594,0,0.9,0.265,0.0745,0
1470,15850.0,0.01169,0.01219,0,6.4,0.564,0.0494,0
1471,5240.0,0.00834,0.02654,0,2.8,0.452,0.0576,0
1472,6970.0,0.01558,0.00562,0,3.8,0.319,0.0797,0
1473,20860.0,0.0355,0.06784,0,2.2,0.229,0.0367,0
1474,8090.0,0.01528,0.01258,0,5.9,0.469,0.0705,0
1475,46160.0,0.04092,0.07438,0,4.4,0.265,0.0593,0
1476,14230.0,0.01172,0.01475,0,2.3,0.35,0.032,0
1477,28590.0,0.04575,0.04995,0,1.2,0.449,0.0777,0
1478,13220.0,0.04543,0.02957,0,5.9,0.223,0.0407,0
1479,5000.0,0.00916,0.00566,0,6.0,0.354,0.0459,0
1480,19320.0,0.03003,0.03883,0,0.9,0.503,0.0355,0
1481,3760.0,0.00756,0.00833,0,5.5,0.264,0.078,0
1482,7390.0,0.00431,0.00246,0,2.2,0.597,0.067,0
1483,5540.0,0.01329,0.01222,0,2.5,0.299,0.0534,0
1484,14540.0,0.05687,0.1263,0,1.4,0.223,0.0554,0
1485,28860.0,0.01833,0.03099,0,5.4,0.592,0.0449,0
1486,3700.0,0.01491,0.00739,0,1.8,0.399,0.047,0
1487,7970.0,0.03687,0.08935,0,1.0,0.435,0.0307,0
1488,15030.0,0.02043,0.00654,0,2.5,0.435,0.0496,0
1489,2570.0,0.02861,0.05228,0,3.4,0.202,0.0595,1
1490,7220.0,0.002,0.002,0,6.8,0.467,0.0677,0
1491,28090.0,0.0142,0.02236,0,3.5,0.477,0.0661,0
1492,5970.0,0.07486,0.04664,0,2.2,0.342,0.0573,0
1493,13510.0,0.02132,0.02511,0,4.8,0.202,0.0657,0
1494,13960.0,0.03052,0.03638,192,2.1,0.389,0.04,0
1495,40260.0,0.0039,0.00737,0,1.2,0.334,0.0384,0
1496,8820.0,0.02229,0.02718,0,5.0,0.317,0.0598,0
1497,4140.0,0.02696,0.01952,0,5.4,0.449,0.0646,0
1498,5780.0,0.01373,0.02364,0,3.1,0.542,0.0491,0
1499,31810.0,0.01387,0.00973,0,2.3,0.433,0.0555,0
1500,10750.0,0.05967,0.02292,0,4.9,0.351,0.0543,0
1501,11580.0,0.01045,0.00645,0,5.9,0.538,0.0609,0
1502,12080.0,0.0462,0.06977,0,5.9,0.579,0.0595,0
1503,7600.0,0.02104,0.02708,198,1.1,0.344,0.0435,0
1504,4570.0,0.00812,0.01601,0,2.1,0.58,0.0624,0
1505,41210.0,0.01767,0.01013,0,2.5,0.453,0.077,1
1506,12960.0,0.01385,0.01235,0,5.5,0.514,0.0786,0
1507,41950.0,0.01993,0.03191,0,4.7,0.269,0.0608,0
1508,2880.0,0.03936,0.05684,0,6.2,0.23,0.0516,0
1509,31940.0,0.04568,0.04529,0,6.7,0.246,0.0498,0
1510,9050.0,0.00794,0.02017,0,4.2,0.211,0.0419,0
1511,11390.0,0.02105,0.03032,0,1.7,0.244,0.0548,0
1512,9730.0,0.01434,0.02821,0,5.9,0.498,0.0482,0
1513,2030.0,0.0467,0.05491,11,3.9,0.404,0.0607,0
1514,2120.0,0.00886,0.00572,324,2.8,0.355,0.0709,0
1515,18000.0,0.02603,0.01537,0,6.0,0.534,0.0445,0
1516,18520.0,0.00649,0.00825,0,4.2,0.42,0.0676,0
1517,21140.0,0.0457,0.1612,0,2.9,0.365,0.0665,0
1518,9840.0,0.01101,0.01096,0,6.9,0.201,0.0719,0
1519,7060.0,0.0171,0.10358,0,3.1,0.351,0.0415,1
1520,11470.0,0.0067,0.02805,0,5.8,0.546,0.0304,0
1521,27970.0,0.03042,0.04069,0,4.0,0.404,0.0623,0
1522,25290.0,0.01966,0.01037,0,5.8,0.366,0.0797,0
1523,11610.0,0.01193,0.01806,0,7.0,0.326,0.0561,0
1524,20540.0,0.02569,0.03899,0,0.6,0.281,0.0476,0
1525,8310.0,0.02801,0.04815,0,1.8,0.252,0.0306,0
1526,4760.0,0.02371,0.02198,309,5.2,0.268,0.0308,0
1527,15990.0,0.0237,0.03366,0,4.4,0.245,0.0398,0
1528,10420.0,0.03011,0.0312,0,2.7,0.259,0.0621,0
1529,15260.0,0.00631,0.00855,64,6.4,0.359,0.0581,1
1530,10140.0,0.01844,0.02254,0,6.7,0.249,0.0737,0
1531,18720.0,0.01666,0.03432,0,1.2,0.308,0.0752,0
1532,3260.0,0.01502,0.01742,0,6.5,0.597,0.0575,0
1533,12960.0,0.01604,0.01743,44,2.7,0.394,0.0499,0
1534,4510.0,0.02607,0.01133,0,6.7,0.533,0.0379,0
1535,4630.0,0.05304,0.07435,0,1.7,0.46,0.0513,0
1536,2590.0,0.02278,0.02503,0,4.6,0.525,0.0538,0
1537,17460.0,0.0285,0.00812,0,6.5,0.38,0.0762,0
1538,6340.0,0.02982,0.02585,168,6.4,0.207,0.0436,1
1539,12480.0,0.0074,0.0039,0,2.4,0.342,0.058,0
1540,8460.0,0.00453,0.00911,0,6.7,0.597,0.0384,0
1541,15480.0,0.02875,0.06943,0,3.6,0.524,0.054,0
1542,11760.0,0.00888,0.00514,0,3.1,0.554,0.0467,0
1543,7470.0,0.00502,0.00941,0,2.7,0.481,0.0676,0
1544,6410.0,0.02912,0.06871,0,3.0,0.248,0.0396,0
1545,8400.0,0.01767,0.01882,4,3.2,0.471,0.0605,0
1546,5170.0,0.00723,0.01651,0,3.4,0.286,0.0452,0
1547,14330.0,0.00975,0.00919,0,2.8,0.511,0.0459,0
1548,17450.0,0.06595,0.06446,0,4.0,0.503,0.0603,0
1549,7330.0,0.02355,0.03165,0,6.9,0.284,0.0735,0
1550,36540.0,0.02572,0.02317,0,1.8,0.491,0.0783,0
1551,30790.0,0.02022,0.01834,0,3.1,0.447,0.0538,0
1552,5620.0,0.03514,0.02696,0,6.7,0.254,0.0743,1
1553,11060.0,0.02195,0.03517,0,1.0,0.404,0.0643,0
1554,44380.0,0.04614,0.07102,0,4.2,0.212,0.0492,0
1555,2630.0,0.0468,0.08386,0,6.3,0.585,0.0374,0
1556,8790.0,0.01801,0.03115,0,5.3,0.226,0.0383,0
1557,10270.0,0.01397,0.0251,0,6.8,0.384,0.0582,0
1558,25000.0,0.0111,0.02796,0,4.9,0.404,0.0498,0
1559,33020.0,0.01417,0.01515,0,1.0,0.407,0.0699,0
1560,35600.0,0.01272,0.01245,0,3.5,0.379,0.0762,0
1561,6020.0,0.0292,0.05887,0,2.4,0.345,0.0531,0
1562,6280.0,0.04001,0.08345,0,6.4,0.489,0.0604,0
1563,26550.0,0.00873,0.01157,0,6.7,0.462,0.0696,0
1564,8920.0,0.02242,0.02187,0,5.7,0.527,0.0717,0
1565,14620.0,0.02573,0.02842,0,3.8,0.402,0.0706,0
1566,4580.0,0.02288,0.0237,0,5.1,0.228,0.0327,0
1567,8510.0,0.01465,0.02138,0,3.9,0.435,0.0579,0
1568,11850.0,0.02171,0.02784,0,4.7,0.377,0.0535,0
1569,49460.0,0.00876,0.00409,0,3.3,0.518,0.0401,0
1570,18910.0,0.0082,0.00596,0,2.2,0.45,0.0506,0
1571,5970.0,0.03949,0.06252,47,2.7,0.23,0.0598,0
1572,18920.0,0.0141,0.00951,0,4.3,0.232,0.0474,0
1573,61760.0,0.01903,0.01759,0,2.7,0.387,0.0791,0
1574,5120.0,0.01234,0.03661,0,4.0,0.469,0.0349,0
1575,12020.0,0.03312,0.07553,0,2.6,0.407,0.0673,0
1576,37640.0,0.02157,0.01652,0,4.0,0.229,0.0727,0
1577,7230.0,0.07119,0.07429,0,0.8,0.34,0.057,0
1578,17170.0,0.0115,0.01977,0,6.9,0.45,0.0679,0
1579,7600.0,0.03834,0.06905,0,1.0,0.252,0.0548,0
1580,39440.0,0.02148,0.02423,0,1.7,0.271,0.0305,0
1581,26750.0,0.00902,0.00892,0,1.3,0.376,0.0339,0
1582,18990.0,0.02877,0.06271,0,6.8,0.554,0.0648,0
1583,5510.0,0.00475,0.00418,21,1.7,0.526,0.062,0
1584,11870.0,0.0045,0.00914,29,1.5,0.513,0.0724,0
1585,7360.0,0.01541,0.02174,0,1.7,0.535,0.0707,0
1586,6240.0,0.0249,0.02603,0,1.3,0.21,0.0565,0
1587,11270.0,0.07576,0.02955,0,1.7,0.329,0.0304,0
1588,17830.0,0.0059,0.01183,0,5.9,0.292,0.057,0
1589,61710.0,0.01758,0.01164,0,3.5,0.291,0.0357,0
1590,5650.0,0.02237,0.03949,0,6.8,0.567,0.0538,0
1591,15240.0,0.02278,0.00998,0,4.2,0.227,0.0776,0
1592,58090.0,0.01695,0.05555,0,5.4,0.438,0.0397,0
1593,10550.0,0.01366,0.01656,0,3.9,0.52,0.0654,0
1594,7920.0,0.02242,0.01361,0,4.5,0.312,0.036,0
1595,3940.0,0.01977,0.012,0,4.0,0.507,0.0465,0
1596,2060.0,0.00524,0.01495,361,6.7,0.333,0.041,0
1597,22210.0,0.02506,0.03581,0,4.0,0.319,0.0303,0
1598,19120.0,0.04196,0.05645,0,0.8,0.423,0.055,0
1599,5730.0,0.10729,0.3142,0,2.5,0.38,0.0386,0
1600,20010.0,0.01423,0.0977,0,3.2,0.47,0.059,0
1601,70820.0,0.04802,0.07447,0,2.3,0.402,0.0339,0
1602,21590.0,0.04138,0.05564,0,6.8,0.579,0.0607,0
1603,7780.0,0.01723,0.01525,0,4.0,0.448,0.0539,0
1604,8900.0,0.03061,0.02078,0,3.1,0.583,0.0607,0
1605,11470.0,0.01651,0.01611,0,5.6,0.407,0.0615,0
1606,18670.0,0.03631,0.10243,0,6.8,0.453,0.0543,0
1607,8910.0,0.03657,0.05171,0,6.9,0.307,0.0505,0
1608,16640.0,0.01335,0.00803,0,3.4,0.562,0.0793,0
1609,6680.0,0.06671,0.1741,198,3.3,0.336,0.0641,0
1610,7520.0,0.0167,0.01032,19,1.6,0.443,0.0359,0
1611,7780.0,0.01123,0.0107,0,1.6,0.525,0.0544,0
1612,29280.0,0.00748,0.00459,0,1.3,0.484,0.0436,0
1613,19940.0,0.02416,0.01688,0,3.7,0.456,0.0392,0
1614,19880.0,0.03088,0.04128,0,4.1,0.251,0.0601,0
1615,3020.0,0.01659,0.04914,0,0.8,0.48,0.0719,0
1616,12800.0,0.05203,0.07422,0,2.8,0.347,0.0716,0
1617,2080.0,0.01173,0.00755,0,5.7,0.366,0.0598,0
1618,10200.0,0.02288,0.03475,0,4.0,0.361,0.0737,0
1619,10770.0,0.00719,0.0054,0,6.0,0.436,0.0515,0
1620,15570.0,0.01219,0.01719,0,0.9,0.519,0.0511,0
1621,25130.0,0.01353,0.02414,22,1.6,0.222,0.0443,0
1622,6100.0,0.01986,0.03727,0,5.8,0.204,0.042,0
1623,10160.0,0.13261,0.12383,0,5.8,0.221,0.0752,0
1624,8810.0,0.03815,0.04063,0,5.9,0.57,0.0381,0
1625,13470.0,0.01309,0.0132,0,1.8,0.43,0.0511,0
1626,4260.0,0.03354,0.05783,0,5.2,0.5,0.0495,0
1627,29000.0,0.036,0.03259,0,0.9,0.54,0.0791,0
1628,8350.0,0.0102,0.01491,0,6.1,0.237,0.0512,0
1629,5270.0,0.03051,0.0773,0,6.2,0.247,0.0789,0
1630,5010.0,0.01713,0.01859,0,0.9,0.506,0.0419,0
1631,24250.0,0.01743,0.02528,0,5.5,0.243,0.0704,0
1632,18830.0,0.01143,0.00485,0,3.0,0.585,0.0502,0
1633,24470.0,0.01219,0.01424,0,3.3,0.502,0.0338,0
1634,1000.0,0.00592,0.00538,0,3.4,0.513,0.0507,0
1635,2870.0,0.01993,0.01847,0,1.7,0.276,0.0355,0
1636,3940.0,0.05838,0.09567,0,5.3,0.337,0.0398,0
1637,50070.0,0.03106,0.08795,0,2.5,0.503,0.0752,0
1638,6920.0,0.01557,0.01985,0,3.2,0.418,0.0332,0
1639,27040.0,0.02661,0.02923,0,4.2,0.342,0.0657,0
1640,5510.0,0.03775,0.02632,0,6.5,0.405,0.0699,0
1641,2490.0,0.04727,0.09595,72,1.9,0.576,0.0336,0
1642,22510.0,0.01231,0.0214,0,2.4,0.296,0.0692,0
1643,17910.0,0.03247,0.06257,0,2.2,0.396,0.0432,0
1644,4580.0,0.01981,0.006,0,0.9,0.242,0.0672,0
1645,23200.0,0.00734,0.00782,0,2.4,0.397,0.0473,0
1646,30960.0,0.01121,0.02524,0,1.2,0.213,0.048,0
1647,51920.0,0.03815,0.03045,0,1.1,0.233,0.0715,0
1648,9150.0,0.01413,0.02109,0,6.9,0.591,0.0707,0
1649,76680.0,0.01791,0.0094,0,5.9,0.506,0.0446,1
1650,3470.0,0.07904,0.12063,0,5.9,0.511,0.0368,0
1651,2850.0,0.034,0.10867,0,5.1,0.407,0.0545,0
1652,4430.0,0.01621,0.01846,0,5.0,0.306,0.0739,0
1653,11700.0,0.01032,0.00995,0,1.0,0.486,0.066,0
1654,17130.0,0.04001,0.03966,0,0.6,0.345,0.0496,0
1655,11670.0,0.02713,0.05044,0,1.6,0.247,0.0671,0
1656,14680.0,0.02242,0.02655,0,4.2,0.315,0.0361,0
1657,20180.0,0.01434,0.04139,0,5.4,0.241,0.0413,0
1658,1680.0,0.02706,0.02582,0,4.7,0.368,0.0771,0
1659,9190.0,0.00536,0.03403,0,2.4,0.507,0.0409,0
1660,7750.0,0.05709,0.07652,0,3.5,0.484,0.0339,0
1661,2640.0,0.01349,0.01108,0,1.1,0.557,0.0551,1
1662,20030.0,0.02711,0.01524,0,1.1,0.42,0.0569,0
1663,12760.0,0.01975,0.03209,0,7.0,0.314,0.0425,0
1664,7000.0,0.02769,0.0254,0,6.7,0.321,0.0451,0
1665,51860.0,0.01407,0.01549,0,6.6,0.564,0.0643,0
1666,11490.0,0.01857,0.02376,0,4.6,0.212,0.0641,0
1667,5590.0,0.01954,0.03493,0,4.0,0.595,0.0327,0
1668,43880.0,0.03352,0.07588,0,0.6,0.573,0.0459,0
1669,28210.0,0.01946,0.03707,0,2.1,0.361,0.0559,0
1670,18480.0,0.02322,0.02501,0,6.2,0.525,0.078,0
1671,18100.0,0.02083,0.03094,0,3.2,0.416,0.0689,0
1672,6050.0,0.03928,0.03204,0,0.8,0.405,0.0711,0
1673,12210.0,0.05822,0.03155,0,5.4,0.273,0.0713,0
1674,3450.0,0.01829,0.00776,0,6.6,0.402,0.0792,0
1675,10900.0,0.02458,0.03082,1,4.6,0.529,0.0684,0
1676,10120.0,0.01493,0.01351,0,2.3,0.571,0.0699,0
1677,15900.0,0.03728,0.04354,78,4.9,0.269,0.0567,0
1678,23040.0,0.02506,0.04254,0,5.3,0.222,0.0699,0
1679,43260.0,0.01166,0.00992,0,1.9,0.566,0.0343,0
1680,6850.0,0.01685,0.02787,87,5.6,0.396,0.0456,0
1681,3880.0,0.00521,0.01165,0,1.4,0.578,0.074,0
1682,9600.0,0.03752,0.02457,0,2.3,0.489,0.0347,0
1683,3310.0,0.01744,0.01803,0,3.0,0.422,0.0463,0
1684,14210.0,0.01958,0.02798,0,2.3,0.254,0.0771,0
1685,6940.0,0.03301,0.01996,0,2.1,0.437,0.0339,0
1686,20580.0,0.01126,0.01386,0,6.1,0.307,0.0397,0
1687,5350.0,0.04652,0.02511,0,5.4,0.43,0.0446,0
1688,3670.0,0.0094,0.01347,0,2.9,0.565,0.0394,0
1689,2880.0,0.00519,0.01509,0,4.5,0.302,0.0406,0
1690,6100.0,0.02081,0.05423,0,2.8,0.315,0.036,0
1691,8970.0,0.01244,0.01248,0,6.3,0.573,0.0604,0
1692,19730.0,0.0083,0.00665,0,6.4,0.464,0.0617,0
1693,3910.0,0.005,0.01918,219,3.3,0.418,0.0455,0
1694,5560.0,0.06279,0.09064,0,4.9,0.586,0.0573,0
1695,21690.0,0.03472,0.04279,0,6.7,0.393,0.0564,0
1696,9890.0,0.09727,0.11661,0,5.2,0.325,0.0693,0
1697,17860.0,0.04062,0.04005,0,5.0,0.568,0.0522,0
1698,14210.0,0.02271,0.04769,0,2.3,0.341,0.0701,0
1699,7090.0,0.03401,0.06117,0,6.8,0.507,0.0315,0
1700,8160.0,0.00767,0.02279,0,1.2,0.564,0.0368,0
1701,2830.0,0.03835,0.13029,0,1.1,0.274,0.0648,0
1702,6370.0,0.01554,0.01583,0,5.7,0.579,0.0548,0
1703,42640.0,0.02051,0.04219,0,4.9,0.582,0.0464,1
1704,8790.0,0.01798,0.04451,0,4.8,0.428,0.0368,0
1705,35200.0,0.01607,0.01031,0,2.0,0.405,0.0477,0
1706,150140.0,0.02166,0.03008,0,3.6,0.38,0.0471,0
1707,6280.0,0.0233,0.0151,0,1.7,0.234,0.0504,0
1708,9170.0,0.02092,0.01873,0,2.1,0.35,0.0552,0
1709,15350.0,0.0082,0.02267,1,5.8,0.544,0.0799,1
1710,6580.0,0.07131,0.13384,0,3.3,0.496,0.0655,0
1711,12610.0,0.00838,0.01751,0,3.4,0.256,0.0768,0
1712,1870.0,0.01033,0.01727,0,4.1,0.569,0.0361,0
1713,24040.0,0.05078,0.04003,0,4.8,0.259,0.0595,0
1714,34040.0,0.01181,0.00431,0,3.3,0.332,0.0725,0
1715,1080.0,0.00479,0.01448,0,6.1,0.396,0.0772,0
1716,15710.0,0.04503,0.03174,0,3.8,0.289,0.0449,0
1717,14820.0,0.02767,0.02129,0,4.5,0.203,0.0754,0
1718,3940.0,0.04894,0.05364,0,1.3,0.443,0.0466,0
1719,12790.0,0.02972,0.12948,0,1.5,0.595,0.0757,0
1720,15150.0,0.01509,0.01178,0,6.5,0.485,0.0409,0
1721,6590.0,0.011,0.00327,0,0.5,0.501,0.0557,0
1722,33950.0,0.013,0.00601,19,0.7,0.207,0.0662,0
1723,4810.0,0.01762,0.00646,0,5.6,0.454,0.0331,0
1724,18010.0,0.03018,0.05486,0,3.9,0.366,0.0682,0
1725,7570.0,0.03152,0.10578,0,5.1,0.229,0.0352,0
1726,6770.0,0.03851,0.10705,0,3.1,0.479,0.0632,0
1727,40290.0,0.01348,0.03866,0,4.6,0.426,0.0516,0
1728,5850.0,0.03101,0.02282,0,3.6,0.361,0.0538,0
1729,5720.0,0.00715,0.00444,0,6.4,0.564,0.0341,0
1730,7130.0,0.03173,0.02619,0,4.4,0.473,0.0709,0
1731,4550.0,0.0234,0.01264,0,2.8,0.208,0.0651,0
1732,2480.0,0.00544,0.01103,0,3.5,0.266,0.0486,0
1733,5640.0,0.01387,0.01232,0,6.9,0.392,0.0515,0
1734,11430.0,0.02165,0.01506,0,5.0,0.45,0.0676,0
1735,7390.0,0.01126,0.03001,33,2.6,0.253,0.0539,0
1736,12360.0,0.01573,0.01829,0,6.4,0.41,0.0387,0
1737,3770.0,0.05944,0.04034,0,0.8,0.558,0.0551,0
1738,6300.0,0.015,0.01054,0,3.7,0.521,0.0535,0
1739,11970.0,0.01395,0.03782,0,1.4,0.435,0.0373,0
1740,6590.0,0.00933,0.01087,0,3.6,0.211,0.0618,0
1741,6970.0,0.0221,0.02228,0,2.7,0.21,0.0775,1
1742,6790.0,0.00747,0.00479,78,3.3,0.226,0.0677,0
1743,4360.0,0.02302,0.04313,0,4.9,0.449,0.0752,0
1744,6040.0,0.03442,0.04617,0,1.3,0.559,0.0597,0
1745,4740.0,0.03392,0.01997,34,3.4,0.449,0.0309,0
1746,7240.0,0.01383,0.02173,0,2.0,0.257,0.041,0
1747,3940.0,0.00785,0.01078,0,4.6,0.55,0.0678,0
1748,7970.0,0.04935,0.05351,0,5.4,0.205,0.0411,0
1749,5380.0,0.01445,0.02278,0,1.6,0.322,0.063,0
1750,14760.0,0.01978,0.00732,0,6.7,0.569,0.0663,0
1751,26170.0,0.01886,0.02968,0,5.2,0.48,0.0423,0
1752,1390.0,0.0053,0.01033,0,5.2,0.46,0.0782,0
1753,11000.0,0.01808,0.02624,0,4.9,0.273,0.0652,0
1754,9230.0,0.02246,0.04198,0,4.5,0.515,0.0385,0
1755,20610.0,0.01541,0.03266,0,3.6,0.239,0.0777,0
1756,10070.0,0.01143,0.00532,0,5.7,0.398,0.0425,0
1757,4240.0,0.01328,0.02056,0,6.0,0.302,0.0413,0
1758,11580.0,0.0112,0.01374,0,1.8,0.327,0.0682,0
1759,13470.0,0.02945,0.00543,0,4.1,0.553,0.0634,0
1760,9470.0,0.01363,0.02555,0,3.6,0.381,0.0596,0
1761,12480.0,0.00973,0.00834,0,2.4,0.504,0.0636,0
1762,3040.0,0.02109,0.01877,8,1.6,0.282,0.0451,0
1763,11660.0,0.01694,0.02491,18,3.3,0.419,0.0766,0
1764,4110.0,0.02136,0.02426,0,5.1,0.462,0.0665,0
1765,8730.0,0.01203,0.00725,0,3.7,0.553,0.0393,0
1766,4500.0,0.00768,0.00729,0,5.6,0.48,0.077,0
1767,11360.0,0.00972,0.00696,0,2.8,0.364,0.0356,0
1768,4530.0,0.03125,0.01839,0,6.9,0.491,0.0653,0
1769,10180.0,0.02132,0.00834,0,5.4,0.477,0.0517,0
1770,14410.0,0.01287,0.02689,0,3.5,0.227,0.0671,0
1771,3020.0,0.05676,0.10602,261,0.6,0.561,0.0592,0
1772,20070.0,0.01813,0.01519,86,2.3,0.35,0.0477,0
1773,38040.0,0.04576,0.03843,0,6.0,0.517,0.0343,0
1774,21470.0,0.01704,0.02231,0,1.4,0.304,0.0505,0
1775,4270.0,0.03747,0.01653,0,5.5,0.269,0.0556,0
1776,91910.0,0.03833,0.05534,0,5.4,0.394,0.0593,0
1777,8850.0,0.03505,0.03972,0,5.8,0.486,0.0477,0
1778,5250.0,0.00751,0.00933,0,2.6,0.562,0.0439,0
1779,11820.0,0.04451,0.3148,45,2.6,0.584,0.0395,0
1780,7210.0,0.03128,0.03546,0,1.2,0.432,0.0625,0
1781,10020.0,0.01047,0.01583,0,3.1,0.418,0.0344,0
1782,42390.0,0.00503,0.00417,0,2.8,0.445,0.0535,0
1783,31050.0,0.04314,0.03609,0,4.6,0.373,0.0403,0
1784,9240.0,0.01802,0.03529,0,4.7,0.409,0.034,0
1785,10220.0,0.01324,0.01544,0,1.9,0.393,0.0535,0
1786,17720.0,0.02796,0.0265,0,3.8,0.234,0.0481,0
1787,11570.0,0.02773,0.08558,69,4.5,0.2,0.0518,0
1788,32040.0,0.01685,0.01574,3,6.4,0.345,0.0612,0
1789,5910.0,0.01324,0.02617,0,3.1,0.249,0.0773,0
1790,2610.0,0.07268,0.12409,0,2.9,0.481,0.0662,0
1791,7670.0,0.01818,0.01709,0,5.5,0.45,0.0478,0
1792,22440.0,0.01491,0.03694,12,3.6,0.387,0.0374,0
1793,36450.0,0.0116,0.00948,0,3.0,0.279,0.0407,1
1794,14890.0,0.04299,0.03971,0,0.9,0.278,0.0785,0
1795,23160.0,0.03419,0.01276,0,3.8,0.528,0.0404,0
1796,40400.0,0.00935,0.00778,0,3.1,0.233,0.0779,0
1797,5100.0,0.02061,0.01085,0,3.9,0.583,0.0339,0
1798,13550.0,0.02488,0.01572,0,6.8,0.434,0.0598,0
1799,15080.0,0.0251,0.08827,0,6.5,0.594,0.0314,0
1800,10340.0,0.00536,0.0066,0,1.1,0.558,0.0566,0
1801,3240.0,0.05125,0.05052,0,4.4,0.431,0.0769,0
1802,1730.0,0.02816,0.01933,0,2.6,0.485,0.0669,0
1803,4690.0,0.03449,0.05641,0,4.2,0.235,0.062,0
1804,31650.0,0.02388,0.04516,0,1.0,0.33,0.0536,0
1805,15270.0,0.01634,0.00911,0,4.2,0.209,0.0485,0
1806,5730.0,0.02208,0.03146,0,4.4,0.541,0.0521,1
1807,15680.0,0.01276,0.04371,0,4.7,0.294,0.0558,0
1808,5230.0,0.01667,0.01628,0,3.1,0.272,0.0781,0
1809,16100.0,0.00733,0.00356,0,1.1,0.371,0.0427,0
1810,5090.0,0.02389,0.03962,0,1.0,0.597,0.0318,0
1811,2280.0,0.02381,0.07249,0,2.6,0.367,0.0695,0
1812,9800.0,0.00614,0.00527,0,6.7,0.324,0.0729,0
1813,6190.0,0.01672,0.02983,51,2.0,0.241,0.0377,0
1814,14200.0,0.04071,0.01526,0,2.5,0.456,0.0328,0
1815,10970.0,0.01773,0.03899,0,6.8,0.471,0.0392,0
1816,9240.0,0.01285,0.00707,0,4.4,0.406,0.0787,0
1817,15510.0,0.02787,0.01985,0,3.3,0.535,0.0347,1
1818,16810.0,0.04907,0.02977,0,1.6,0.368,0.0441,0
1819,2490.0,0.02864,0.01523,0,2.6,0.25,0.03,0
1820,6430.0,0.01973,0.03558,0,2.4,0.385,0.0679,0
1821,7860.0,0.00798,0.0283,0,4.1,0.246,0.0301,0
1822,11470.0,0.04759,0.03496,0,4.5,0.551,0.0399,0
1823,8140.0,0.01514,0.01518,0,5.1,0.415,0.0674,0
1824,7210.0,0.05448,0.19807,0,0.8,0.282,0.074,0
1825,12210.0,0.02775,0.03013,0,4.8,0.548,0.0313,0
1826,5450.0,0.02303,0.0507,0,3.1,0.347,0.0568,0
1827,5250.0,0.0403,0.04276,0,1.6,0.32,0.052,0
1828,9080.0,0.01352,0.02129,0,4.9,0.558,0.0708,0
1829,8320.0,0.03065,0.06251,0,2.4,0.379,0.0761,0
1830,8290.0,0.02525,0.02624,0,0.6,0.566,0.0476,0
1831,40210.0,0.02586,0.02166,0,5.8,0.477,0.0529,0
1832,7800.0,0.03028,0.05105,0,6.2,0.303,0.065,0
1833,12580.0,0.02175,0.02529,0,6.1,0.409,0.0319,0
1834,8300.0,0.03278,0.02795,0,1.4,0.477,0.0636,0
1835,15130.0,0.01023,0.02323,0,5.7,0.511,0.0375,0
1836,3810.0,0.01839,0.02237,3,1.7,0.535,0.041,0
1837,5950.0,0.03152,0.00986,0,3.1,0.527,0.075,0
1838,14750.0,0.00665,0.00288,0,2.3,0.477,0.0649,0
1839,48550.0,0.02591,0.02577,138,3.5,0.454,0.0606,0
1840,6260.0,0.00667,0.00444,0,3.0,0.582,0.0309,0
1841,7190.0,0.00994,0.01498,0,4.4,0.468,0.0305,0
1842,12150.0,0.0266,0.05839,0,4.5,0.473,0.0492,0
1843,14220.0,0.01484,0.01258,0,4.2,0.285,0.0771,0
1844,7260.0,0.01971,0.01996,0,2.0,0.473,0.0789,0
1845,3650.0,0.01925,0.05174,0,5.8,0.515,0.0374,0
1846,14360.0,0.016,0.03383,53,1.1,0.419,0.055,1
1847,7980.0,0.01723,0.0634,0,1.3,0.288,0.0403,0
1848,13770.0,0.00694,0.00695,0,6.7,0.581,0.0543,0
1849,2350.0,0.00835,0.00924,0,6.1,0.432,0.0491,0
1850,12840.0,0.04187,0.0955,1,2.2,0.503,0.0451,0
1851,6600.0,0.00782,0.00393,0,1.9,0.288,0.0414,1
1852,4860.0,0.04278,0.06702,0,6.2,0.226,0.05,0
1853,19150.0,0.0277,0.10176,0,1.4,0.224,0.0347,0
1854,8820.0,0.02459,0.0156,0,0.9,0.547,0.0524,0
1855,38110.0,0.0084,0.01138,16,4.6,0.3,0.0517,0
1856,9790.0,0.02928,0.02674,0,6.3,0.281,0.0564,0
1857,14580.0,0.05484,0.08455,0,2.2,0.416,0.0338,0
1858,12390.0,0.02236,0.0274,0,0.7,0.475,0.0317,1
1859,19670.0,0.01147,0.02785,0,5.9,0.553,0.0742,0
1860,15430.0,0.01171,0.01166,0,2.3,0.537,0.0764,0
1861,18900.0,0.00266,0.002,0,1.1,0.226,0.0481,0
1862,6250.0,0.03,0.01769,0,0.6,0.544,0.0577,0
1863,9200.0,0.00579,0.00628,0,2.8,0.326,0.0566,0
1864,39570.0,0.02267,0.03476,0,6.5,0.498,0.0421,0
1865,45020.0,0.02038,0.01715,0,0.8,0.383,0.0767,0
1866,12740.0,0.00344,0.00431,0,0.9,0.252,0.034,0
1867,35500.0,0.01204,0.02455,0,1.8,0.212,0.0662,0
1868,21780.0,0.01835,0.01795,0,5.0,0.202,0.038,0
1869,27840.0,0.01785,0.02063,0,5.1,0.534,0.0728,0
1870,7060.0,0.10323,0.06161,0,4.2,0.558,0.0362,0
1871,13540.0,0.01214,0.01487,0,3.1,0.437,0.0359,0
1872,16570.0,0.00604,0.00403,0,4.9,0.48,0.0528,0
1873,22250.0,0.01502,0.01682,0,5.3,0.503,0.08,0
1874,13920.0,0.02381,0.14148,0,1.7,0.327,0.0504,1
1875,3390.0,0.005,0.00947,0,1.6,0.447,0.0501,0
1876,10330.0,0.03614,0.10823,0,3.5,0.566,0.0736,0
1877,33320.0,0.00696,0.00862,0,1.8,0.446,0.0318,0
1878,3900.0,0.039,0.00836,0,4.1,0.468,0.0718,0
1879,2370.0,0.02555,0.03375,0,2.6,0.436,0.0454,0
1880,7150.0,0.02063,0.02087,0,5.2,0.207,0.0768,0
1881,24140.0,0.05041,0.04126,0,6.1,0.356,0.0722,0
1882,29650.0,0.00674,0.01132,0,3.2,0.433,0.0762,0
1883,1130.0,0.00885,0.00489,45,0.8,0.376,0.0586,0
1884,4760.0,0.00809,0.00563,0,6.1,0.569,0.0551,0
1885,4890.0,0.00913,0.01172,0,2.5,0.259,0.067,0
1886,4030.0,0.03016,0.03354,0,3.4,0.598,0.0521,0
1887,8610.0,0.04228,0.04223,0,4.6,0.582,0.0319,0
1888,5510.0,0.0212,0.01817,0,4.6,0.224,0.0544,0
1889,31700.0,0.06344,0.08332,0,1.4,0.513,0.0498,0
1890,12060.0,0.01984,0.014,0,4.9,0.319,0.0498,0
1891,3380.0,0.0125,0.02392,0,6.1,0.321,0.0783,0
1892,10280.0,0.03782,0.03393,0,3.0,0.286,0.0747,0
1893,6180.0,0.01235,0.0171,0,4.8,0.256,0.0507,0
1894,3030.0,0.02001,0.02137,0,2.9,0.411,0.0732,0
1895,6620.0,0.02279,0.01277,0,1.1,0.292,0.0778,0
1896,26340.0,0.00638,0.0025,50,3.5,0.302,0.0554,0
1897,1260.0,0.01305,0.04317,0,3.7,0.387,0.0755,0
1898,12900.0,0.00674,0.01399,0,3.4,0.357,0.0589,0
1899,6630.0,0.01611,0.09045,0,4.1,0.482,0.0507,0
1900,68430.0,0.00597,0.01085,0,3.5,0.381,0.0691,0
1901,13290.0,0.02124,0.02741,0,4.3,0.234,0.07,0
1902,35420.0,0.02078,0.05604,0,6.1,0.286,0.0415,0
1903,4000.0,0.01997,0.02462,255,2.1,0.431,0.0724,0
1904,14330.0,0.00968,0.00942,0,2.3,0.229,0.0634,0
1905,6420.0,0.14828,0.22577,79,1.0,0.422,0.0491,0
1906,35920.0,0.00385,0.00444,21,3.7,0.259,0.0515,0
1907,3970.0,0.02051,0.02224,0,2.9,0.273,0.0485,0
1908,25040.0,0.03893,0.05893,56,4.7,0.336,0.0616,0
1909,25130.0,0.0075,0.0196,0,4.2,0.278,0.0344,0
1910,56100.0,0.0261,0.01533,0,6.5,0.237,0.0737,0
1911,2660.0,0.0608,0.03768,0,1.6,0.371,0.0601,0
1912,17190.0,0.03033,0.01258,0,5.4,0.268,0.0652,0
1913,3240.0,0.02394,0.01429,0,1.6,0.584,0.0544,0
1914,28670.0,0.01624,0.02684,0,3.3,0.239,0.0747,0
1915,19320.0,0.00902,0.0165,0,3.8,0.279,0.0432,0
1916,7140.0,0.05493,0.1141,0,5.9,0.518,0.0341,0
1917,33450.0,0.01123,0.01541,0,5.3,0.437,0.0423,0
1918,8070.0,0.05134,0.04762,0,5.8,0.271,0.0467,0
1919,60970.0,0.02103,0.00525,0,1.0,0.317,0.061,0
1920,44780.0,0.01026,0.01954,0,5.7,0.578,0.0486,0
1921,7070.0,0.00532,0.01621,0,2.8,0.209,0.0426,0
1922,6830.0,0.05634,0.11784,0,4.1,0.462,0.0709,0
1923,4390.0,0.02242,0.03186,0,2.2,0.463,0.0547,0
1924,26570.0,0.01038,0.00885,0,4.6,0.25,0.0406,0
1925,10390.0,0.0281,0.00915,0,5.7,0.378,0.0697,0
1926,10570.0,0.00548,0.00625,0,2.3,0.385,0.0331,0
1927,12190.0,0.01422,0.02908,0,3.0,0.379,0.0728,0
1928,29800.0,0.02171,0.01236,0,2.2,0.329,0.0565,0
1929,6710.0,0.02908,0.07117,0,2.8,0.576,0.0635,0
1930,27790.0,0.01546,0.01717,0,3.2,0.467,0.0621,0
1931,1580.0,0.00791,0.00868,0,2.2,0.297,0.0666,0
1932,10320.0,0.0122,0.01657,0,3.0,0.277,0.0552,0
1933,24890.0,0.03557,0.0848,0,1.1,0.213,0.0673,0
1934,18160.0,0.01081,0.01293,0,4.0,0.358,0.0749,0
1935,6080.0,0.01003,0.01105,0,4.6,0.393,0.0329,0
1936,9410.0,0.04047,0.04838,0,5.8,0.556,0.0376,0
1937,5020.0,0.011,0.04676,0,4.9,0.279,0.0464,0
1938,20320.0,0.02775,0.01973,0,1.3,0.202,0.0482,0
1939,3440.0,0.01051,0.0183,0,1.2,0.495,0.0637,0
1940,4860.0,0.02615,0.03826,0,1.6,0.553,0.0499,0
1941,14790.0,0.0951,0.07233,0,3.9,0.451,0.0746,0
1942,6660.0,0.01703,0.03653,0,2.3,0.554,0.0306,0
1943,22400.0,0.01717,0.05873,0,4.9,0.52,0.0615,0
1944,11740.0,0.08018,0.12488,0,5.3,0.435,0.0723,0
1945,7060.0,0.01495,0.02013,0,1.1,0.28,0.0479,0
1946,25690.0,0.01087,0.01402,0,1.5,0.59,0.0778,0
1947,6040.0,0.08445,0.15713,0,5.1,0.587,0.0514,0
1948,13060.0,0.03837,0.03369,0,6.3,0.297,0.0527,0
1949,4070.0,0.00852,0.01813,0,2.3,0.203,0.068,0
1950,13370.0,0.00513,0.00857,0,3.5,0.475,0.0693,0
1951,17760.0,0.00803,0.00487,0,2.8,0.563,0.064,0
1952,9600.0,0.08644,0.16179,0,4.1,0.283,0.0452,0
1953,29530.0,0.03214,0.0631,0,1.6,0.222,0.0605,0
1954,8260.0,0.00794,0.02039,0,1.6,0.438,0.0479,0
1955,11760.0,0.00894,0.01292,0,3.8,0.446,0.0776,0
1956,7380.0,0.00897,0.02614,0,5.4,0.257,0.0383,0
1957,3810.0,0.11548,0.08591,0,2.7,0.542,0.0629,0
1958,15620.0,0.09222,0.10369,63,2.2,0.54,0.0416,0
1959,45180.0,0.0104,0.01267,0,2.2,0.516,0.0339,0
1960,9410.0,0.01848,0.01687,351,1.0,0.342,0.0706,0
1961,26590.0,0.1344,0.1136,0,2.3,0.218,0.0792,0
1962,5110.0,0.06082,0.10849,0,1.7,0.53,0.062,0
1963,18540.0,0.02235,0.06589,0,6.0,0.589,0.0659,0
1964,18770.0,0.03754,0.03906,0,5.4,0.204,0.0532,0
1965,3070.0,0.0131,0.02557,0,2.9,0.397,0.0722,0
1966,16790.0,0.06094,0.03455,0,3.9,0.483,0.0511,1
1967,20840.0,0.01012,0.00915,0,2.3,0.466,0.0365,0
1968,5780.0,0.00346,0.00276,0,6.7,0.339,0.0394,0
1969,14260.0,0.01749,0.01334,0,3.0,0.464,0.0319,0
1970,15330.0,0.12212,0.16692,0,1.2,0.351,0.0615,0
1971,6850.0,0.00406,0.00854,0,5.4,0.397,0.0605,0
1972,16330.0,0.01347,0.01141,0,1.7,0.435,0.0368,0
1973,15680.0,0.01828,0.02461,0,4.2,0.416,0.0665,0
1974,10520.0,0.01586,0.02419,0,1.6,0.381,0.038,0
1975,6250.0,0.03899,0.10733,0,1.3,0.436,0.0484,0
1976,10520.0,0.00972,0.01993,0,5.8,0.486,0.0772,0
1977,8750.0,0.01189,0.0099,0,2.8,0.25,0.0694,0
1978,7070.0,0.02427,0.03172,0,0.6,0.312,0.0476,0
1979,6810.0,0.05604,0.0835,0,2.7,0.233,0.0526,0
1980,21960.0,0.02409,0.01472,0,6.0,0.381,0.0752,0
1981,9070.0,0.01223,0.00325,0,4.0,0.306,0.0475,0
1982,14030.0,0.03118,0.06227,0,6.1,0.433,0.0574,0
1983,7010.0,0.0055,0.00354,0,1.5,0.325,0.0752,0
1984,21290.0,0.02704,0.02973,0,3.6,0.372,0.0688,0
1985,6250.0,0.0186,0.00786,0,4.1,0.444,0.0756,0
1986,38660.0,0.02614,0.02179,0,0.6,0.366,0.0736,0
1987,17440.0,0.01856,0.01658,0,1.2,0.52,0.0682,0
1988,29270.0,0.00631,0.00947,0,6.9,0.294,0.0368,0
1989,8260.0,0.01813,0.03766,0,0.7,0.559,0.0312,0
1990,8990.0,0.01494,0.01297,30,2.3,0.345,0.0511,0
1991,11350.0,0.02122,0.02842,0,4.1,0.366,0.0697,0
1992,14810.0,0.00651,0.00308,0,6.4,0.325,0.0783,0
1993,12380.0,0.0267,0.01236,0,6.1,0.508,0.0633,0
1994,10710.0,0.01127,0.02962,0,6.3,0.371,0.0528,0
1995,18210.0,0.01654,0.03014,0,4.9,0.208,0.0707,0
1996,12520.0,0.02912,0.06194,0,1.5,0.291,0.0385,0
1997,10460.0,0.0106,0.02235,0,2.7,0.336,0.0505,0
1998,7560.0,0.01722,0.00964,0,1.6,0.478,0.0334,0
1999,2380.0,0.01053,0.01192,0,3.9,0.492,0.0675,0
2000,14150.0,0.02856,0.07154,0,4.2,0.453,0.0455,0
2001,10820.0,0.04234,0.06317,0,6.0,0.6,0.0726,0
2002,16230.0,0.02819,0.04953,0,1.7,0.469,0.0577,0
2003,21360.0,0.00945,0.01247,0,6.4,0.481,0.0778,0
2004,9570.0,0.0113,0.02646,0,4.5,0.318,0.0306,0
2005,4910.0,0.01231,0.04699,0,2.2,0.226,0.0489,0
2006,26020.0,0.01185,0.02313,0,6.2,0.466,0.0317,0
2007,5130.0,0.00672,0.0085,0,1.1,0.505,0.0663,0
2008,15030.0,0.00583,0.00257,0,2.7,0.34,0.0604,0
2009,4460.0,0.04316,0.07155,0,2.7,0.275,0.0605,0
2010,17550.0,0.03093,0.09116,0,2.2,0.261,0.0332,0
2011,17230.0,0.01019,0.01378,0,6.6,0.294,0.0709,0
2012,5510.0,0.02355,0.0379,0,3.2,0.39,0.0681,0
2013,13940.0,0.01366,0.01721,0,6.1,0.26,0.0671,0
2014,8070.0,0.03828,0.01648,0,5.3,0.363,0.0591,0
2015,19760.0,0.03959,0.03164,0,1.6,0.317,0.0793,0
2016,5960.0,0.01655,0.00605,283,6.8,0.329,0.0372,0
2017,5070.0,0.01604,0.01221,0,2.0,0.349,0.0338,0
2018,3530.0,0.02178,0.08153,0,5.3,0.544,0.0798,0
2019,18400.0,0.11785,0.23035,0,2.7,0.516,0.0699,0
2020,5400.0,0.00806,0.01339,0,6.2,0.413,0.0523,0
2021,15990.0,0.02454,0.02297,0,2.4,0.272,0.0673,0
2022,15190.0,0.01233,0.03235,0,0.9,0.435,0.0549,0
2023,35580.0,0.0293,0.0286,0,2.6,0.363,0.0631,0
2024,6510.0,0.00677,0.00795,0,6.5,0.541,0.0321,0
2025,2630.0,0.04297,0.04995,0,2.5,0.223,0.074,0
2026,12280.0,0.00859,0.00922,0,4.8,0.344,0.0453,0
2027,7950.0,0.04701,0.0316,0,6.8,0.393,0.0526,0
2028,24770.0,0.01055,0.01063,183,5.1,0.419,0.0605,0
2029,46330.0,0.05277,0.04633,0,6.2,0.53,0.0547,0
2030,31520.0,0.01264,0.00719,0,6.6,0.267,0.0661,0
2031,69700.0,0.03113,0.03078,0,5.3,0.206,0.0303,0
2032,20370.0,0.00893,0.00894,31,2.9,0.486,0.0711,0
2033,8330.0,0.07259,0.24563,0,3.4,0.318,0.0794,0
2034,6820.0,0.02948,0.06422,0,5.7,0.353,0.0426,0
2035,12780.0,0.02122,0.04248,0,6.4,0.564,0.0448,0
2036,7190.0,0.01467,0.01605,0,7.0,0.598,0.04,0
2037,6450.0,0.02102,0.05946,0,5.1,0.215,0.0793,0
2038,14710.0,0.04622,0.05783,0,3.6,0.279,0.0595,0
2039,22390.0,0.02148,0.05278,0,5.7,0.357,0.0449,0
2040,5170.0,0.0285,0.03206,0,1.3,0.547,0.0742,0
2041,9970.0,0.00907,0.01031,0,5.0,0.438,0.0325,1
2042,4980.0,0.07689,0.19742,0,3.7,0.235,0.0548,0
2043,5550.0,0.05937,0.0772,0,6.1,0.436,0.0526,0
2044,22180.0,0.02227,0.01271,0,4.0,0.254,0.0706,0
2045,22340.0,0.0874,0.12413,338,1.1,0.417,0.0313,0
2046,24480.0,0.01082,0.00646,0,3.4,0.527,0.0473,0
2047,16130.0,0.02553,0.05255,0,4.1,0.218,0.0458,0
2048,3350.0,0.01661,0.02298,0,0.6,0.225,0.0797,0
2049,19670.0,0.01202,0.0092,0,6.5,0.595,0.0619,0
2050,2150.0,0.00679,0.00387,8,2.8,0.338,0.0702,0
2051,13010.0,0.02587,0.0586,0,6.0,0.341,0.0354,0
2052,40390.0,0.02593,0.06785,0,2.5,0.314,0.0406,0
2053,6980.0,0.01071,0.0462,0,3.5,0.376,0.079,0
2054,21100.0,0.00961,0.00982,0,5.2,0.46,0.0573,0
2055,18510.0,0.00784,0.00204,0,5.1,0.461,0.063,0
2056,8140.0,0.03211,0.14459,226,3.4,0.499,0.0349,0
2057,34020.0,0.0109,0.00699,0,5.7,0.434,0.0638,0
2058,3760.0,0.01017,0.00943,0,6.6,0.242,0.0654,0
2059,16710.0,0.00703,0.00944,0,0.7,0.44,0.0705,0
2060,43100.0,0.00602,0.00499,0,4.3,0.511,0.0508,0
2061,19100.0,0.04159,0.07221,0,4.5,0.214,0.0466,0
2062,12700.0,0.01439,0.00439,159,6.6,0.474,0.053,0
2063,7330.0,0.0084,0.00483,0,4.9,0.594,0.0512,0
2064,5720.0,0.02535,0.01095,0,4.0,0.254,0.0438,0
2065,5550.0,0.00972,0.00533,0,5.8,0.528,0.0566,0
2066,4590.0,0.0205,0.02909,0,5.4,0.207,0.0439,0
2067,10080.0,0.03798,0.05018,0,5.6,0.436,0.0421,0
2068,7030.0,0.01633,0.12175,0,5.6,0.358,0.0447,0
2069,9660.0,0.01103,0.01122,0,5.1,0.482,0.074,0
2070,39600.0,0.02721,0.0302,0,4.4,0.437,0.0747,0
2071,16430.0,0.0315,0.03924,0,6.5,0.237,0.0626,0
2072,6000.0,0.00865,0.00407,0,5.3,0.554,0.0608,0
2073,2100.0,0.01374,0.01961,0,4.6,0.358,0.0609,0
2074,6250.0,0.06152,0.04484,0,2.5,0.309,0.0447,0
2075,4500.0,0.00852,0.02124,0,3.2,0.302,0.0406,0
2076,9530.0,0.04105,0.01794,0,4.9,0.523,0.0694,0
2077,13170.0,0.03049,0.01581,0,0.5,0.559,0.0468,0
2078,6390.0,0.0646,0.09458,188,4.5,0.45,0.051,0
2079,8310.0,0.01749,0.0145,0,2.3,0.241,0.0584,0
2080,25640.0,0.05105,0.02975,0,1.1,0.585,0.0766,0
2081,35880.0,0.05146,0.04021,0,2.1,0.209,0.0667,0
2082,20480.0,0.02915,0.037,0,2.6,0.566,0.0434,0
2083,3090.0,0.00841,0.02064,20,2.8,0.504,0.0521,0
2084,6760.0,0.12642,0.23807,0,3.4,0.459,0.0643,0
2085,13320.0,0.02619,0.01396,341,5.5,0.309,0.0405,0
2086,22810.0,0.01464,0.01917,0,4.9,0.339,0.043,0
2087,20630.0,0.00866,0.00649,0,3.9,0.342,0.0725,0
2088,15920.0,0.04646,0.09736,0,1.6,0.384,0.0362,0
2089,15250.0,0.01453,0.00859,0,2.9,0.338,0.0342,0
2090,25320.0,0.01949,0.00283,0,6.1,0.357,0.0365,0
2091,8870.0,0.00831,0.02974,0,5.7,0.276,0.0659,0
2092,19540.0,0.00353,0.00547,0,6.7,0.341,0.0637,0
2093,6370.0,0.02731,0.02503,0,1.6,0.273,0.0501,0
2094,5710.0,0.01286,0.01381,10,0.8,0.585,0.0304,0
2095,5720.0,0.01896,0.1002,0,4.1,0.446,0.0471,0
2096,28080.0,0.02123,0.00917,0,1.8,0.503,0.0717,0
2097,3800.0,0.03402,0.07547,0,3.3,0.252,0.0597,0
2098,35220.0,0.00882,0.00388,0,2.5,0.415,0.0598,0
2099,1650.0,0.01459,0.0071,23,5.5,0.456,0.0512,0
2100,28570.0,0.00594,0.00969,0,1.0,0.402,0.0543,0
2101,9650.0,0.02928,0.04714,18,4.9,0.368,0.0443,0
2102,8090.0,0.02494,0.03461,0,1.9,0.259,0.0454,0
2103,3900.0,0.01218,0.01364,0,6.2,0.367,0.0793,0
2104,14530.0,0.0119,0.01019,0,4.8,0.253,0.0775,0
2105,6940.0,0.09871,0.1174,0,6.0,0.462,0.0491,0
2106,4690.0,0.04938,0.05031,0,0.7,0.49,0.0646,0
2107,11850.0,0.03843,0.11794,0,3.9,0.347,0.0362,1
2108,3800.0,0.02413,0.02455,0,4.5,0.442,0.0637,0
2109,5880.0,0.05835,0.07703,0,2.5,0.323,0.0673,0
2110,14730.0,0.0391,0.02632,0,2.1,0.477,0.061,0
2111,19440.0,0.01021,0.00822,0,1.4,0.24,0.0614,0
2112,44640.0,0.03691,0.1567,0,6.7,0.229,0.0548,0
2113,6510.0,0.02045,0.02952,0,4.6,0.459,0.0506,0
2114,3640.0,0.02249,0.04245,0,5.1,0.586,0.0715,0
2115,9880.0,0.01097,0.00817,0,3.2,0.428,0.0411,0
2116,9120.0,0.01192,0.01908,0,1.3,0.592,0.037,0
2117,6850.0,0.00986,0.00718,11,1.1,0.443,0.0736,0
2118,24230.0,0.03137,0.01351,0,5.5,0.242,0.0755,0
2119,33020.0,0.00888,0.0146,0,1.5,0.588,0.0764,0
2120,4310.0,0.09027,0.18818,0,6.1,0.318,0.0555,0
2121,14020.0,0.0174,0.03829,0,6.3,0.56,0.0424,0
2122,24160.0,0.00794,0.01504,0,2.1,0.595,0.0793,0
2123,24650.0,0.03351,0.02958,0,6.8,0.453,0.0704,0
2124,16300.0,0.02115,0.05645,0,4.0,0.395,0.0358,0
2125,6280.0,0.02197,0.04541,0,1.7,0.582,0.0441,0
2126,21100.0,0.01439,0.01543,0,2.8,0.31,0.0564,0
2127,6440.0,0.01071,0.01635,0,1.0,0.23,0.0489,0
2128,11830.0,0.01305,0.00855,151,4.5,0.366,0.0573,0
2129,28320.0,0.05076,0.07455,0,3.0,0.38,0.0677,0
2130,7290.0,0.01754,0.02048,0,6.5,0.241,0.0394,0
2131,14580.0,0.04259,0.02919,0,3.2,0.259,0.0665,0
2132,12690.0,0.0183,0.02967,0,6.2,0.45,0.0403,0
2133,18850.0,0.01201,0.02086,0,3.7,0.597,0.0305,0
2134,13590.0,0.02769,0.02489,0,5.2,0.495,0.064,0
2135,17890.0,0.02962,0.04212,12,4.5,0.37,0.0322,0
2136,6940.0,0.05081,0.09631,0,5.2,0.208,0.0393,0
2137,6580.0,0.03328,0.08069,0,6.6,0.469,0.0794,0
2138,47060.0,0.02506,0.03393,0,1.7,0.485,0.0622,0
2139,23650.0,0.03332,0.03307,0,2.1,0.422,0.0495,0
2140,11900.0,0.01323,0.01714,0,3.1,0.282,0.0694,0
2141,40380.0,0.0541,0.03942,0,4.8,0.55,0.0703,0
2142,8140.0,0.00596,0.01765,0,4.8,0.357,0.0546,0
2143,6210.0,0.01005,0.01464,0,3.4,0.464,0.0659,0
2144,21070.0,0.02437,0.04664,0,1.4,0.42,0.0388,0
2145,9650.0,0.03045,0.01098,0,3.6,0.591,0.0657,0
2146,35210.0,0.02927,0.07514,29,0.9,0.444,0.0793,0
2147,29050.0,0.01283,0.00984,1,5.4,0.517,0.0338,0
2148,4940.0,0.02785,0.03216,251,1.7,0.543,0.0579,0
2149,7510.0,0.00897,0.01222,0,1.8,0.25,0.0784,0
2150,8650.0,0.00617,0.00397,0,4.1,0.332,0.0532,0
2151,11170.0,0.01355,0.01677,0,5.5,0.271,0.0387,0
2152,11950.0,0.01313,0.02763,0,6.2,0.352,0.072,0
2153,9310.0,0.06249,0.21646,7,4.8,0.391,0.0611,1
2154,17240.0,0.01605,0.02907,0,3.4,0.295,0.0319,0
2155,7640.0,0.02035,0.01712,0,3.5,0.542,0.0549,0
2156,10670.0,0.00773,0.00395,0,5.3,0.564,0.0784,0
2157,15090.0,0.02447,0.03069,0,2.4,0.279,0.0772,0
2158,25720.0,0.00835,0.0157,0,4.1,0.251,0.0366,0
2159,9880.0,0.01545,0.02395,0,4.3,0.477,0.0316,0
2160,8340.0,0.01517,0.0168,0,3.0,0.437,0.0326,0
2161,10770.0,0.01238,0.01107,0,3.9,0.384,0.044,0
2162,4270.0,0.02151,0.02565,0,5.5,0.324,0.0557,0
2163,18100.0,0.01369,0.0141,0,6.9,0.508,0.0628,0
2164,13970.0,0.00828,0.00574,0,3.7,0.556,0.0355,0
2165,15200.0,0.03014,0.02613,0,0.6,0.244,0.0596,0
2166,12230.0,0.00533,0.00936,0,6.8,0.519,0.0339,0
2167,8310.0,0.00326,0.00575,0,3.1,0.434,0.0683,0
2168,8680.0,0.01186,0.02665,0,1.6,0.506,0.0799,0
2169,50520.0,0.03333,0.04649,0,5.7,0.424,0.0687,0
2170,21630.0,0.01046,0.01453,0,5.6,0.422,0.0403,0
2171,11260.0,0.03273,0.08424,0,5.8,0.532,0.0685,0
2172,17860.0,0.00635,0.00242,0,3.8,0.578,0.0627,0
2173,20200.0,0.02973,0.02668,0,4.6,0.43,0.0535,0
2174,17120.0,0.01277,0.10825,0,1.6,0.237,0.0445,0
2175,19770.0,0.03316,0.01424,0,1.0,0.44,0.0618,0
2176,17030.0,0.06569,0.13267,0,5.2,0.28,0.0466,0
2177,5280.0,0.04342,0.03819,0,6.2,0.354,0.0358,0
2178,10180.0,0.00699,0.02345,0,1.3,0.559,0.0596,0
2179,27100.0,0.01842,0.01014,0,0.9,0.213,0.0761,0
2180,11660.0,0.01035,0.00496,0,3.8,0.2,0.0693,0
2181,14430.0,0.03151,0.07302,0,6.0,0.579,0.0301,0
2182,2410.0,0.03338,0.01894,0,4.4,0.547,0.0736,0
2183,3710.0,0.01052,0.01445,0,1.4,0.436,0.0626,0
2184,4040.0,0.01691,0.01451,0,5.4,0.569,0.0694,0
2185,2570.0,0.0226,0.05485,313,0.9,0.378,0.078,0
2186,6740.0,0.04523,0.06026,26,4.4,0.42,0.0475,0
2187,20670.0,0.03004,0.06448,17,2.9,0.554,0.0588,0
2188,13060.0,0.01588,0.0175,0,6.0,0.598,0.0555,0
2189,20320.0,0.01911,0.02021,0,5.8,0.274,0.0546,0
2190,15910.0,0.03279,0.04465,0,2.4,0.323,0.0428,0
2191,25690.0,0.01884,0.04234,250,5.9,0.319,0.0757,0
2192,18840.0,0.01208,0.02322,0,6.8,0.324,0.0481,0
2193,12740.0,0.00873,0.01266,181,6.6,0.397,0.0708,0
2194,17410.0,0.02326,0.01432,0,4.8,0.473,0.0516,0
2195,16150.0,0.00878,0.02571,0,6.0,0.252,0.0681,0
2196,1780.0,0.02904,0.05401,0,1.1,0.427,0.0499,0
2197,21180.0,0.02911,0.06226,0,6.1,0.43,0.0575,0
2198,12980.0,0.02633,0.06208,0,3.5,0.363,0.0589,0
2199,19680.0,0.0209,0.02732,0,6.0,0.303,0.072,1
2200,17000.0,0.01259,0.00703,0,2.1,0.493,0.0652,0
2201,1200.0,0.02378,0.02155,0,5.7,0.439,0.0591,0
2202,7330.0,0.0313,0.05073,20,5.0,0.233,0.0408,0
2203,25530.0,0.02585,0.04483,0,3.7,0.222,0.057,0
2204,8760.0,0.0191,0.01628,25,0.9,0.473,0.0483,0
2205,10770.0,0.0154,0.0499,0,2.6,0.556,0.0586,0
2206,13180.0,0.0252,0.02422,205,1.0,0.424,0.0758,0
2207,5160.0,0.01091,0.00998,0,1.4,0.525,0.0726,0
2208,13410.0,0.02015,0.0329,0,1.4,0.222,0.0623,0
2209,23700.0,0.00693,0.02179,0,3.2,0.407,0.0582,0
2210,13790.0,0.009,0.00591,0,3.4,0.529,0.0309,0
2211,18660.0,0.01085,0.02187,0,3.2,0.586,0.0681,0
2212,8160.0,0.05107,0.10224,0,3.7,0.594,0.0503,0
2213,24430.0,0.03492,0.06294,0,6.4,0.276,0.0528,0
2214,14460.0,0.05806,0.04663,0,6.3,0.462,0.031,0
2215,10270.0,0.04043,0.05369,0,5.2,0.248,0.0541,0
2216,1240.0,0.03285,0.05629,0,1.2,0.446,0.0398,0
2217,22330.0,0.02457,0.0413,340,3.6,0.324,0.0368,0
2218,44290.0,0.02687,0.03279,0,5.4,0.368,0.0687,0
2219,21460.0,0.00907,0.01521,0,6.5,0.356,0.0361,0
2220,27520.0,0.01875,0.02907,0,5.3,0.52,0.0386,0
2221,5190.0,0.02898,0.01389,0,3.8,0.573,0.0532,0
2222,6060.0,0.00697,0.00994,0,2.0,0.493,0.0624,0
2223,18150.0,0.008,0.01708,0,4.3,0.384,0.0522,0
2224,17050.0,0.03378,0.05078,44,3.8,0.243,0.0494,0
2225,7770.0,0.0249,0.02591,0,2.3,0.599,0.0382,0
2226,6310.0,0.07401,0.14276,0,1.5,0.578,0.0375,0
2227,5760.0,0.00478,0.00458,0,6.1,0.409,0.0351,0
2228,4880.0,0.02395,0.06013,0,1.7,0.232,0.0318,0
2229,40120.0,0.00958,0.00903,0,0.9,0.411,0.0562,0
2230,14100.0,0.01522,0.01446,0,5.3,0.252,0.0373,0
2231,5050.0,0.0077,0.01492,0,2.6,0.202,0.0409,0
2232,4990.0,0.0075,0.00706,0,6.5,0.365,0.0608,0
2233,9550.0,0.01411,0.0169,25,6.4,0.492,0.0625,1
2234,46990.0,0.02401,0.03475,0,6.0,0.465,0.0362,0
2235,8140.0,0.01282,0.00503,0,4.2,0.332,0.0397,0
2236,11430.0,0.0258,0.0198,0,2.5,0.281,0.0303,0
2237,10630.0,0.04738,0.02777,0,4.3,0.374,0.0677,0
2238,9160.0,0.01249,0.01538,0,0.9,0.324,0.0754,0
2239,12480.0,0.04006,0.06664,0,6.6,0.381,0.0772,0
2240,4800.0,0.03361,0.0449,0,2.5,0.217,0.0441,0
2241,21090.0,0.01341,0.05922,0,2.9,0.204,0.0413,0
2242,6070.0,0.01095,0.01299,0,1.2,0.57,0.0417,0
2243,3190.0,0.0491,0.06532,0,0.6,0.321,0.0454,0
2244,4320.0,0.0185,0.03168,0,3.0,0.295,0.0625,0
2245,10500.0,0.01078,0.00559,0,5.2,0.509,0.0698,0
2246,1410.0,0.02124,0.0534,0,4.2,0.372,0.0493,0
2247,17330.0,0.01987,0.03507,0,5.9,0.55,0.0468,0
2248,7040.0,0.00817,0.01163,0,4.7,0.49,0.0619,0
2249,21140.0,0.04132,0.02759,0,1.5,0.423,0.0745,0
2250,7950.0,0.0152,0.07585,0,0.8,0.433,0.0442,0
2251,4060.0,0.05393,0.01384,0,5.3,0.425,0.0347,0
2252,6650.0,0.01316,0.00774,0,6.6,0.493,0.0439,0
2253,2960.0,0.01448,0.01151,0,4.6,0.465,0.0391,0
2254,7680.0,0.03699,0.13341,0,4.8,0.494,0.0676,0
2255,1530.0,0.00687,0.00619,0,3.7,0.345,0.0766,0
2256,15740.0,0.02279,0.01622,0,1.6,0.393,0.059,0
2257,13600.0,0.00864,0.01165,0,3.4,0.505,0.0777,0
2258,11190.0,0.03823,0.04947,0,4.2,0.588,0.0657,0
2259,8080.0,0.0192,0.02101,0,5.6,0.34,0.0588,0
2260,10320.0,0.02181,0.0217,0,6.1,0.288,0.0759,0
2261,11550.0,0.00363,0.00329,0,4.9,0.24,0.0399,0
2262,5350.0,0.01814,0.00642,0,5.0,0.218,0.0355,0
2263,7090.0,0.04265,0.06108,0,6.7,0.459,0.0505,0
2264,13290.0,0.01563,0.01379,0,2.7,0.451,0.0455,0
2265,7170.0,0.02503,0.04103,0,0.6,0.244,0.0598,0
2266,10090.0,0.02596,0.03857,0,7.0,0.399,0.0671,0
2267,8120.0,0.01739,0.01911,0,2.5,0.321,0.0344,0
2268,64950.0,0.01866,0.01914,0,0.9,0.34,0.033,0
2269,7380.0,0.13698,0.25555,0,1.5,0.542,0.0673,0
2270,26380.0,0.07281,0.09158,0,1.8,0.462,0.0515,0
2271,19960.0,0.02143,0.01912,0,4.7,0.347,0.0727,0
2272,1580.0,0.02736,0.04658,0,6.7,0.566,0.0395,0
2273,10780.0,0.01218,0.02953,58,5.2,0.554,0.0761,1
2274,19470.0,0.0269,0.01117,0,0.6,0.401,0.0384,0
2275,26450.0,0.01723,0.01468,0,2.9,0.594,0.0583,0
2276,7560.0,0.02823,0.00924,0,0.8,0.303,0.0779,0
2277,5720.0,0.02228,0.02404,0,4.7,0.426,0.0317,0
2278,15490.0,0.0099,0.00895,0,3.5,0.449,0.0386,0
2279,11240.0,0.01241,0.0179,0,4.7,0.204,0.0768,1
2280,8060.0,0.05783,0.04075,0,3.5,0.523,0.0721,0
2281,7070.0,0.04198,0.12147,0,4.4,0.318,0.0537,0
2282,3770.0,0.01356,0.01092,0,3.5,0.264,0.0757,0
2283,16760.0,0.03838,0.01968,0,1.0,0.437,0.0334,0
2284,4870.0,0.01993,0.01071,0,4.4,0.39,0.046,0
2285,20000.0,0.02996,0.08865,0,2.4,0.384,0.0323,0
2286,12390.0,0.12509,0.08456,0,4.5,0.558,0.0648,0
2287,3750.0,0.01983,0.02972,0,1.5,0.498,0.0794,0
2288,54240.0,0.03023,0.05979,0,1.9,0.516,0.0731,0
2289,167420.0,0.00765,0.00482,0,6.4,0.394,0.0758,0
2290,3320.0,0.04715,0.02657,20,3.6,0.536,0.0738,0
2291,6520.0,0.01951,0.06716,0,6.7,0.404,0.0393,0
2292,3720.0,0.01491,0.0119,0,2.9,0.472,0.0446,0
2293,6000.0,0.00317,0.002,0,3.8,0.535,0.0765,0
2294,3620.0,0.01944,0.01787,0,3.7,0.386,0.0673,0
2295,11760.0,0.02837,0.02578,0,6.4,0.276,0.0693,0
2296,9530.0,0.01657,0.00907,0,6.0,0.506,0.0452,0
2297,32260.0,0.01267,0.01502,0,3.8,0.346,0.0722,0
2298,12840.0,0.02843,0.07718,0,7.0,0.359,0.0573,0
2299,20000.0,0.01242,0.00936,0,6.7,0.538,0.04,0
2300,8890.0,0.00984,0.00633,0,5.6,0.519,0.075,0
2301,15130.0,0.00617,0.00363,0,3.6,0.328,0.0641,0
2302,2920.0,0.04328,0.07146,0,1.5,0.362,0.0364,0
2303,8520.0,0.01083,0.01718,0,3.8,0.522,0.0371,0
2304,7500.0,0.01693,0.01969,0,2.3,0.49,0.0543,0
2305,70070.0,0.01593,0.03941,0,4.2,0.23,0.0788,0
2306,17590.0,0.03393,0.05991,0,4.6,0.492,0.0614,0
2307,6980.0,0.03694,0.11078,0,4.4,0.336,0.0781,0
2308,18100.0,0.01033,0.01972,0,5.9,0.563,0.0644,0
2309,29030.0,0.01894,0.01216,0,4.0,0.424,0.0438,0
2310,6460.0,0.025,0.05914,0,6.2,0.431,0.0574,0
2311,23970.0,0.04759,0.02545,75,2.6,0.524,0.0749,0
2312,14970.0,0.01268,0.01859,0,3.2,0.394,0.069,0
2313,12720.0,0.04385,0.0314,3,1.0,0.442,0.0497,0
2314,8920.0,0.06433,0.06778,0,5.9,0.56,0.0469,0
2315,34840.0,0.00974,0.01439,0,0.5,0.344,0.0578,0
2316,15070.0,0.01608,0.02045,0,6.6,0.215,0.0745,0
2317,5200.0,0.02693,0.02661,0,2.7,0.261,0.0358,0
2318,4540.0,0.03594,0.01978,0,2.8,0.528,0.0564,0
2319,9970.0,0.02827,0.05132,0,2.4,0.517,0.0547,0
2320,13680.0,0.03635,0.08492,386,2.1,0.231,0.0798,1
2321,2990.0,0.02201,0.02364,0,2.2,0.316,0.0752,0
2322,26530.0,0.01475,0.01648,0,1.8,0.266,0.0532,0
2323,13800.0,0.05404,0.0714,0,5.2,0.268,0.0477,0
2324,32310.0,0.01636,0.013,0,3.5,0.323,0.0791,1
2325,16650.0,0.01211,0.01064,0,3.5,0.549,0.0347,0
2326,18380.0,0.01969,0.0213,0,3.0,0.465,0.0646,0
2327,10370.0,0.03127,0.02854,0,0.6,0.568,0.0372,0
2328,6610.0,0.09663,0.18183,0,3.4,0.582,0.041,0
2329,22140.0,0.02273,0.02991,0,3.8,0.518,0.0769,0
2330,9660.0,0.02641,0.01724,23,3.5,0.421,0.0622,0
2331,7410.0,0.01162,0.01755,0,4.4,0.225,0.0692,0
2332,6700.0,0.01462,0.02172,201,2.0,0.494,0.0411,0
2333,2580.0,0.04904,0.06181,42,0.7,0.254,0.0757,0
2334,2850.0,0.02396,0.04596,0,0.6,0.286,0.0491,0
2335,4850.0,0.01094,0.02701,0,1.8,0.328,0.0772,0
2336,9620.0,0.0125,0.03409,0,3.6,0.503,0.0791,0
2337,19010.0,0.02113,0.00949,0,0.8,0.279,0.0402,0
2338,7660.0,0.05171,0.07261,0,5.9,0.529,0.0328,0
2339,9710.0,0.0152,0.02154,0,5.8,0.482,0.0467,0
2340,5570.0,0.00633,0.0103,0,2.2,0.419,0.0799,0
2341,1890.0,0.06033,0.077,0,6.0,0.215,0.0325,0
2342,13770.0,0.00686,0.00512,0,3.4,0.407,0.0363,0
2343,13250.0,0.01925,0.03002,0,1.9,0.233,0.072,0
2344,14440.0,0.02314,0.03327,0,4.5,0.458,0.0675,0
2345,12610.0,0.00799,0.00724,0,1.0,0.397,0.0504,0
2346,9720.0,0.02546,0.01474,0,3.9,0.549,0.0589,1
2347,4230.0,0.01801,0.03546,0,6.5,0.426,0.0569,0
2348,15550.0,0.01408,0.01928,33,5.1,0.58,0.0531,1
2349,12330.0,0.0165,0.01376,0,4.6,0.349,0.041,0
2350,14520.0,0.01396,0.0106,11,2.9,0.308,0.0336,0
2351,9090.0,0.01598,0.00876,0,1.7,0.508,0.0374,0
2352,19110.0,0.03422,0.06981,0,6.7,0.398,0.0303,0
2353,52510.0,0.00861,0.00782,0,6.9,0.247,0.0387,0
2354,2110.0,0.03977,0.02633,0,5.5,0.573,0.0641,0
2355,50230.0,0.00992,0.00999,0,6.2,0.467,0.0777,0
2356,2360.0,0.01716,0.00583,0,4.9,0.446,0.0728,0
2357,33000.0,0.00955,0.01216,26,5.8,0.548,0.0417,0
2358,8070.0,0.01829,0.02106,0,6.1,0.325,0.047,0
2359,7140.0,0.01388,0.02115,0,6.4,0.364,0.0611,0
2360,19040.0,0.02148,0.02135,70,2.8,0.397,0.0553,0
2361,11760.0,0.03975,0.01969,0,5.6,0.346,0.0396,0
2362,29920.0,0.00655,0.00215,0,6.9,0.336,0.0715,0
2363,20850.0,0.01159,0.01442,0,0.8,0.301,0.0481,0
2364,30610.0,0.00825,0.00572,0,3.3,0.364,0.061,0
2365,18790.0,0.0252,0.0168,0,3.0,0.313,0.0456,0
2366,8090.0,0.01767,0.02708,61,6.4,0.385,0.0692,0
2367,17330.0,0.01611,0.0116,0,1.2,0.315,0.0398,0
2368,57610.0,0.01967,0.01973,0,5.6,0.455,0.039,0
2369,16200.0,0.00624,0.0034,0,3.8,0.558,0.0724,0
2370,13350.0,0.01167,0.01554,0,6.8,0.439,0.0477,0
2371,13430.0,0.02376,0.0114,0,3.2,0.304,0.0743,0
2372,1560.0,0.02699,0.0752,0,5.7,0.376,0.0756,0
2373,6770.0,0.06618,0.12814,0,6.7,0.321,0.0497,0
2374,13540.0,0.03657,0.04966,0,2.0,0.549,0.0715,0
2375,12620.0,0.00651,0.00699,0,3.9,0.556,0.0332,0
2376,34990.0,0.02132,0.02703,0,4.5,0.264,0.0429,0
2377,33410.0,0.0133,0.00622,0,2.7,0.5,0.061,0
2378,5810.0,0.01512,0.01017,10,3.0,0.212,0.0441,0
2379,21250.0,0.11685,0.22297,41,3.0,0.236,0.074,0
2380,3490.0,0.01005,0.02641,0,2.4,0.425,0.0753,0
2381,15160.0,0.02587,0.02604,0,1.9,0.202,0.0552,0
2382,8310.0,0.02464,0.0331,49,6.1,0.516,0.0435,1
2383,9410.0,0.00987,0.01502,73,2.7,0.331,0.0419,1
2384,12090.0,0.01344,0.00529,0,2.2,0.201,0.0615,0
2385,33390.0,0.04972,0.11342,0,6.9,0.295,0.0551,0
2386,8760.0,0.00637,0.01511,0,5.5,0.337,0.0689,0
2387,14670.0,0.00453,0.00517,0,2.1,0.585,0.0382,0
2388,6370.0,0.02142,0.02719,0,3.8,0.339,0.0354,0
2389,10460.0,0.02662,0.07086,0,1.8,0.538,0.0707,0
2390,18520.0,0.02007,0.06574,0,1.2,0.499,0.0346,0
2391,7950.0,0.01195,0.01633,0,0.7,0.33,0.0529,0
2392,4980.0,0.02556,0.01524,0,1.4,0.343,0.0594,0
2393,22070.0,0.01101,0.02494,0,2.5,0.59,0.071,0
2394,2860.0,0.01302,0.00876,0,0.6,0.596,0.0527,0
2395,6310.0,0.02729,0.04522,0,0.6,0.468,0.0664,0
2396,8840.0,0.02392,0.02072,0,3.3,0.595,0.0685,0
2397,41850.0,0.0607,0.14486,0,5.2,0.527,0.0641,0
2398,13730.0,0.03182,0.02816,79,1.2,0.262,0.0614,0
2399,22960.0,0.01866,0.00679,0,1.9,0.294,0.0714,0
2400,6510.0,0.01034,0.00775,41,5.4,0.343,0.0384,0
2401,34680.0,0.01135,0.01148,0,1.1,0.573,0.0474,0
2402,8220.0,0.03314,0.00701,0,3.2,0.434,0.0537,0
2403,38330.0,0.05909,0.07826,310,5.6,0.27,0.0564,0
2404,4750.0,0.01072,0.00421,0,5.5,0.224,0.0392,0
2405,14870.0,0.04787,0.05687,17,4.9,0.504,0.0412,0
2406,17630.0,0.0199,0.03109,0,6.9,0.394,0.0733,0
2407,3120.0,0.00914,0.01376,0,4.0,0.412,0.0692,0
2408,8260.0,0.01103,0.01246,89,5.9,0.443,0.0793,0
2409,19590.0,0.06702,0.07603,0,2.1,0.24,0.0586,0
2410,10070.0,0.04917,0.01498,0,6.2,0.471,0.0547,0
2411,5100.0,0.0268,0.02884,0,4.0,0.365,0.0767,0
2412,19190.0,0.0216,0.03621,0,3.4,0.528,0.0556,0
2413,14180.0,0.0754,0.11548,0,6.4,0.421,0.0573,0
2414,2460.0,0.01506,0.0178,0,3.9,0.508,0.0327,0
2415,17410.0,0.04281,0.0305,0,4.7,0.503,0.0662,0
2416,23320.0,0.05111,0.09575,0,4.3,0.279,0.0467,0
2417,34690.0,0.04329,0.03595,0,1.1,0.416,0.0742,0
2418,6400.0,0.00992,0.0124,0,3.5,0.254,0.0547,0
2419,4060.0,0.02527,0.04444,0,0.6,0.558,0.041,0
2420,4500.0,0.00846,0.01399,0,6.8,0.512,0.0774,0
2421,9190.0,0.00457,0.0052,0,6.1,0.327,0.0366,0
2422,48670.0,0.02727,0.01438,0,4.0,0.556,0.0574,0
2423,7960.0,0.00292,0.00349,0,1.4,0.497,0.0696,0
2424,8000.0,0.00968,0.00503,0,4.9,0.426,0.0658,0
2425,11690.0,0.01183,0.01766,35,3.1,0.309,0.0522,0
2426,8850.0,0.02106,0.00753,0,1.8,0.393,0.0315,0
2427,9910.0,0.00707,0.00666,0,3.5,0.469,0.0516,0
2428,5180.0,0.01894,0.01478,0,6.6,0.351,0.075,0
2429,10120.0,0.01375,0.00759,0,3.4,0.247,0.073,0
2430,4700.0,0.03108,0.03604,0,2.3,0.343,0.0792,0
2431,12480.0,0.03522,0.03636,0,1.3,0.591,0.0657,0
2432,20000.0,0.00823,0.00655,21,5.9,0.235,0.0715,0
2433,9900.0,0.02009,0.03606,0,3.2,0.334,0.0455,0
2434,7310.0,0.02646,0.02732,0,1.0,0.223,0.0374,0
2435,32870.0,0.02315,0.06238,0,5.9,0.538,0.0368,0
2436,8650.0,0.03724,0.05249,0,6.2,0.585,0.0598,0
2437,11890.0,0.01302,0.03878,0,6.3,0.425,0.046,0
2438,24950.0,0.1135,0.27098,0,3.0,0.462,0.0635,0
2439,7720.0,0.05501,0.09423,0,6.9,0.39,0.0473,0
2440,7430.0,0.05806,0.07629,0,6.5,0.357,0.0529,0
2441,19390.0,0.01967,0.01796,0,2.5,0.564,0.0583,0
2442,22310.0,0.03393,0.07582,0,5.4,0.258,0.0733,0
2443,22580.0,0.00487,0.00985,0,1.2,0.398,0.0416,0
2444,10580.0,0.01918,0.01448,0,4.7,0.545,0.0734,0
2445,14780.0,0.02716,0.05212,0,6.7,0.328,0.0625,0
2446,11650.0,0.0129,0.03301,0,4.2,0.249,0.0396,0
2447,13860.0,0.00971,0.02577,0,2.3,0.385,0.0448,0
2448,16430.0,0.01175,0.01624,10,3.5,0.432,0.0371,0
2449,7070.0,0.05016,0.12522,0,1.2,0.373,0.0302,0
2450,10310.0,0.09003,0.15245,9,5.9,0.243,0.0375,0
2451,19400.0,0.0251,0.02851,22,6.0,0.594,0.0602,0
2452,16050.0,0.06124,0.06156,0,0.6,0.34,0.0437,0
2453,18360.0,0.02608,0.0242,0,1.3,0.305,0.0756,0
2454,9120.0,0.0243,0.02311,0,0.6,0.315,0.0497,0
2455,6180.0,0.03683,0.04628,0,4.5,0.299,0.0616,0
2456,14930.0,0.01053,0.00636,0,5.2,0.266,0.0399,0
2457,20280.0,0.00863,0.00695,0,2.3,0.237,0.0424,0
2458,15880.0,0.04307,0.05559,0,4.3,0.318,0.0335,0
2459,5140.0,0.02131,0.02899,0,2.8,0.511,0.0397,0
2460,2950.0,0.02068,0.03157,0,2.8,0.443,0.0707,0
2461,18300.0,0.01067,0.01003,0,4.0,0.205,0.0359,0
2462,4380.0,0.02391,0.02306,2,3.9,0.301,0.038,0
2463,6500.0,0.04434,0.02506,0,7.0,0.376,0.062,0
2464,4170.0,0.03972,0.08104,0,4.3,0.423,0.0613,0
2465,18140.0,0.01977,0.03746,0,1.4,0.249,0.0551,0
2466,9500.0,0.04146,0.04046,0,4.3,0.288,0.0712,0
2467,4980.0,0.00835,0.01265,0,2.1,0.314,0.0748,0
2468,11480.0,0.00863,0.00965,0,4.1,0.381,0.0457,0
2469,24790.0,0.0208,0.02007,0,0.8,0.558,0.0536,0
2470,21270.0,0.0448,0.01696,0,2.2,0.3,0.0574,0
2471,21990.0,0.02935,0.04835,0,4.1,0.255,0.0339,0
2472,45870.0,0.01207,0.01157,0,3.4,0.385,0.0786,0
2473,2250.0,0.00852,0.0234,0,6.7,0.367,0.0647,0
2474,14130.0,0.02414,0.04625,0,1.9,0.242,0.0503,0
2475,8880.0,0.0259,0.03663,0,3.6,0.292,0.0394,0
2476,21960.0,0.06985,0.20587,0,2.1,0.577,0.078,0
2477,16680.0,0.02314,0.02086,0,6.0,0.244,0.0316,0
2478,21410.0,0.03061,0.02533,0,0.9,0.406,0.0436,0
2479,7600.0,0.02002,0.01453,0,5.6,0.467,0.0574,0
2480,35430.0,0.06042,0.06046,0,3.6,0.244,0.068,0
2481,31400.0,0.03093,0.06085,0,3.8,0.51,0.0347,0
2482,35990.0,0.04167,0.06054,0,3.3,0.398,0.0415,0
2483,9090.0,0.00949,0.00239,0,2.1,0.568,0.0698,0
2484,23640.0,0.0123,0.00642,0,4.7,0.299,0.0667,0
2485,29520.0,0.03289,0.08279,0,1.9,0.358,0.0465,0
2486,12610.0,0.02227,0.02353,0,0.5,0.427,0.0509,0
2487,3360.0,0.04138,0.04939,0,5.6,0.46,0.0713,0
2488,12120.0,0.03872,0.02536,0,4.0,0.423,0.0573,0
2489,16090.0,0.04729,0.11569,0,5.0,0.253,0.0665,0
2490,20370.0,0.04079,0.04681,0,2.4,0.398,0.0321,0
2491,4050.0,0.00588,0.00592,0,2.3,0.351,0.0703,0
2492,14290.0,0.0072,0.00399,0,5.8,0.201,0.0331,0
2493,4510.0,0.00976,0.00897,0,4.0,0.238,0.0723,0
2494,28390.0,0.02017,0.01474,0,4.0,0.413,0.0786,0
2495,12440.0,0.00852,0.00496,0,4.8,0.565,0.0492,0
2496,18150.0,0.03862,0.02492,0,5.1,0.481,0.0632,0
2497,5710.0,0.01747,0.01278,0,0.7,0.267,0.0321,0
2498,21770.0,0.02722,0.04027,0,2.9,0.377,0.034,0
2499,38770.0,0.05236,0.02889,0,1.2,0.462,0.0384,0
2500,6140.0,0.00684,0.00291,0,3.8,0.469,0.0795,0
2501,5810.0,0.00871,0.00815,0,1.5,0.208,0.0635,0
2502,17250.0,0.0173,0.03083,0,6.7,0.23,0.0645,0
2503,13780.0,0.0065,0.00278,0,0.9,0.513,0.0728,0
2504,26140.0,0.04741,0.0331,0,1.0,0.2,0.052,0
2505,10700.0,0.00933,0.00607,0,4.0,0.366,0.0679,0
2506,8350.0,0.04226,0.07458,0,1.7,0.575,0.0397,0
2507,5930.0,0.01301,0.02757,58,3.7,0.525,0.0773,0
2508,10570.0,0.01753,0.04922,0,2.3,0.381,0.0682,0
2509,7700.0,0.01538,0.01994,0,1.0,0.515,0.0528,0
2510,25560.0,0.01519,0.01169,0,4.2,0.423,0.0422,0
2511,9890.0,0.01157,0.01155,0,4.6,0.399,0.0474,0
2512,16760.0,0.01516,0.03162,0,1.5,0.209,0.0622,0
2513,16760.0,0.01554,0.01541,0,6.4,0.277,0.0443,0
2514,15800.0,0.00769,0.00696,0,5.0,0.511,0.0685,0
2515,6080.0,0.00651,0.00857,0,5.3,0.476,0.0531,0
2516,10080.0,0.06008,0.02819,47,3.9,0.546,0.0559,1
2517,21260.0,0.01343,0.03095,0,0.6,0.353,0.0712,0
2518,26370.0,0.01035,0.01109,0,2.6,0.328,0.0313,0
2519,56500.0,0.05124,0.14738,0,6.0,0.202,0.0379,1
2520,3900.0,0.05285,0.2025,0,6.4,0.554,0.0329,0
2521,5550.0,0.04071,0.02652,0,6.1,0.2,0.0516,0
2522,11500.0,0.06704,0.03301,0,3.3,0.559,0.033,0
2523,25010.0,0.06737,0.11385,0,3.2,0.204,0.0787,0
2524,36520.0,0.02445,0.05071,0,4.9,0.295,0.0375,0
2525,16340.0,0.00448,0.00585,0,0.9,0.508,0.0682,0
2526,18840.0,0.00595,0.00585,0,6.0,0.593,0.0321,0
2527,4290.0,0.06958,0.08512,0,1.3,0.403,0.0692,0
2528,8310.0,0.04083,0.02457,17,6.7,0.543,0.0798,0
2529,4290.0,0.0212,0.05115,0,3.7,0.53,0.0627,0
2530,37720.0,0.01461,0.04588,0,2.8,0.286,0.0479,0
2531,12550.0,0.02236,0.02137,0,2.2,0.407,0.0668,0
2532,6930.0,0.01525,0.0079,144,2.7,0.309,0.0357,0
2533,4670.0,0.01856,0.02074,0,6.6,0.328,0.0382,0
2534,4530.0,0.02945,0.02563,0,7.0,0.257,0.0632,0
2535,11830.0,0.00594,0.00274,0,1.3,0.222,0.0717,0
2536,9410.0,0.03676,0.01594,0,5.5,0.585,0.0604,0
2537,7270.0,0.01304,0.01294,0,4.2,0.276,0.0385,0
2538,1520.0,0.02403,0.09142,0,4.5,0.336,0.0604,0
2539,7560.0,0.0611,0.04167,0,0.6,0.456,0.0604,0
2540,4500.0,0.01184,0.01198,0,4.8,0.258,0.0651,0
2541,9000.0,0.02589,0.03065,0,1.9,0.569,0.0507,0
2542,15560.0,0.02703,0.02172,0,1.8,0.463,0.066,0
2543,2350.0,0.00259,0.00383,0,4.9,0.396,0.0618,0
2544,23290.0,0.0086,0.02055,0,5.5,0.247,0.0309,0
2545,52770.0,0.02468,0.00728,0,5.4,0.437,0.0379,0
2546,3700.0,0.05271,0.03362,0,2.7,0.565,0.0589,0
2547,3700.0,0.04189,0.03659,0,1.2,0.389,0.0435,0
2548,4230.0,0.0244,0.01607,0,1.7,0.333,0.0636,0
2549,11410.0,0.03895,0.13657,0,6.6,0.25,0.0547,0
2550,17380.0,0.07617,0.0855,0,1.5,0.442,0.041,0
2551,9850.0,0.0069,0.01042,0,2.5,0.401,0.0449,0
2552,9600.0,0.06248,0.07321,0,4.2,0.505,0.0577,0
2553,4670.0,0.01988,0.03213,0,2.1,0.58,0.0553,0
2554,18860.0,0.02905,0.02103,0,6.8,0.224,0.0467,0
2555,11010.0,0.02292,0.01995,0,6.1,0.566,0.0689,0
2556,5290.0,0.01133,0.02102,0,4.9,0.3,0.0426,0
2557,8870.0,0.03976,0.01521,0,2.4,0.2,0.0386,0
2558,8830.0,0.06637,0.12344,0,2.8,0.273,0.0582,0
2559,22210.0,0.03581,0.05206,0,5.2,0.545,0.031,0
2560,8240.0,0.00896,0.00564,23,1.8,0.392,0.0634,0
2561,10340.0,0.01498,0.00882,0,1.1,0.322,0.078,0
2562,14980.0,0.02049,0.08261,0,3.4,0.323,0.0543,0
2563,12150.0,0.02973,0.01962,0,6.2,0.488,0.0568,0
2564,7590.0,0.01781,0.02886,35,4.2,0.439,0.0413,0
2565,11080.0,0.01195,0.00361,21,5.5,0.231,0.071,1
2566,18760.0,0.03058,0.02085,0,3.4,0.404,0.0544,0
2567,11940.0,0.031,0.03292,0,2.0,0.369,0.0356,0
2568,10950.0,0.00562,0.00612,0,5.9,0.208,0.0393,0
2569,27310.0,0.02876,0.02026,0,3.4,0.216,0.0459,0
2570,7550.0,0.02059,0.02231,0,6.9,0.326,0.0761,0
2571,43400.0,0.0093,0.00682,0,1.4,0.455,0.0737,0
2572,19480.0,0.03598,0.01214,0,2.2,0.595,0.0434,0
2573,2570.0,0.03384,0.0542,0,3.1,0.475,0.0395,0
2574,21020.0,0.0216,0.0209,0,0.9,0.496,0.0533,0
2575,13670.0,0.02032,0.0322,0,2.7,0.205,0.0471,0
2576,17870.0,0.00966,0.01846,0,0.8,0.289,0.071,0
2577,18990.0,0.01649,0.01179,76,3.6,0.42,0.0345,1
2578,4010.0,0.01717,0.01493,0,2.0,0.525,0.0611,0
2579,25590.0,0.01397,0.01497,0,2.1,0.316,0.0517,0
2580,9500.0,0.06434,0.03811,0,5.0,0.487,0.0673,0
2581,11220.0,0.03596,0.13935,34,5.4,0.555,0.062,0
2582,26680.0,0.02746,0.02746,0,6.2,0.387,0.0717,0
2583,15800.0,0.01341,0.01093,0,1.2,0.47,0.045,0
2584,5270.0,0.01456,0.01169,63,6.2,0.282,0.0591,0
2585,6320.0,0.01221,0.00848,0,3.8,0.595,0.0662,0
2586,3720.0,0.00676,0.01216,0,2.1,0.465,0.0456,0
2587,5690.0,0.01671,0.02768,0,4.4,0.384,0.0662,0
2588,12780.0,0.01155,0.02594,0,2.8,0.398,0.0786,0
2589,15860.0,0.00854,0.02636,0,3.5,0.344,0.0508,0
2590,3640.0,0.04888,0.03616,220,2.4,0.506,0.0318,0
2591,16530.0,0.00796,0.01862,0,1.8,0.438,0.0389,0
2592,8500.0,0.02593,0.00866,0,0.8,0.286,0.0697,0
2593,6780.0,0.02347,0.0315,0,2.8,0.454,0.0765,0
2594,11830.0,0.0243,0.06197,0,6.8,0.521,0.0546,0
2595,15470.0,0.01533,0.02234,0,0.7,0.448,0.0521,0
2596,18070.0,0.0095,0.0184,91,4.0,0.515,0.043,0
2597,11860.0,0.0049,0.00842,0,3.7,0.32,0.0535,0
2598,18480.0,0.05729,0.07803,0,1.4,0.445,0.0534,0
2599,16440.0,0.052,0.27284,0,2.4,0.232,0.0561,0
2600,16270.0,0.00928,0.00591,0,5.2,0.357,0.0705,0
2601,7430.0,0.01027,0.00731,0,2.5,0.204,0.0324,0
2602,33200.0,0.0548,0.02884,0,6.6,0.515,0.0594,0
2603,25860.0,0.05683,0.03926,303,4.4,0.378,0.0346,0
2604,20930.0,0.01472,0.02498,0,1.0,0.281,0.0752,0
2605,19980.0,0.02174,0.02027,0,2.4,0.598,0.0374,0
2606,4460.0,0.05656,0.15688,0,3.1,0.599,0.0502,0
2607,6450.0,0.03623,0.03463,0,3.6,0.422,0.0349,0
2608,13640.0,0.03314,0.06057,0,6.0,0.5,0.0695,0
2609,8120.0,0.01222,0.01499,0,0.8,0.293,0.0474,0
2610,14690.0,0.05461,0.03059,0,5.4,0.487,0.0639,0
2611,29870.0,0.01921,0.08113,0,5.6,0.209,0.0354,0
2612,7740.0,0.00682,0.00606,0,4.9,0.206,0.0463,0
2613,7440.0,0.03028,0.03635,0,4.3,0.481,0.0409,0
2614,16570.0,0.01182,0.03811,0,4.6,0.253,0.043,0
2615,2070.0,0.0129,0.01364,0,5.9,0.474,0.0671,0
2616,12640.0,0.01729,0.02817,0,4.0,0.265,0.0418,0
2617,4010.0,0.00496,0.01135,0,5.2,0.315,0.0317,0
2618,6130.0,0.03467,0.03296,0,5.4,0.517,0.0382,0
2619,3410.0,0.01673,0.016,0,0.9,0.311,0.0472,0
2620,8480.0,0.00864,0.00611,0,5.1,0.329,0.0728,0
2621,2350.0,0.02017,0.04126,0,6.7,0.277,0.0333,0
2622,18790.0,0.03381,0.02391,0,4.3,0.46,0.0369,0
2623,3440.0,0.01467,0.02017,28,3.1,0.343,0.0314,1
2624,4670.0,0.02703,0.03211,0,5.7,0.466,0.054,0
2625,16790.0,0.02978,0.01787,0,5.1,0.3,0.0455,0
2626,8090.0,0.01143,0.02347,0,4.7,0.582,0.0304,0
2627,38620.0,0.01391,0.02636,0,3.0,0.245,0.0335,0
2628,21920.0,0.0311,0.0331,0,5.2,0.442,0.0784,0
2629,77570.0,0.00912,0.0063,0,2.1,0.294,0.0477,0
2630,5890.0,0.01163,0.02137,0,6.4,0.376,0.0699,0
2631,15520.0,0.01826,0.02373,0,6.2,0.431,0.0467,0
2632,55250.0,0.0208,0.01207,0,1.9,0.274,0.0613,0
2633,11180.0,0.03777,0.0096,0,4.8,0.566,0.0559,0
2634,9060.0,0.01962,0.01845,0,1.9,0.495,0.0391,0
2635,13820.0,0.01874,0.01555,0,1.5,0.24,0.0313,0
2636,1900.0,0.02816,0.03396,0,6.7,0.202,0.0421,0
2637,13210.0,0.03739,0.04132,0,3.7,0.204,0.0353,0
2638,48360.0,0.02304,0.01307,0,5.7,0.541,0.072,0
2639,7380.0,0.0214,0.03778,0,4.7,0.357,0.0619,0
2640,74490.0,0.0489,0.10759,0,6.3,0.271,0.0361,0
2641,26470.0,0.0136,0.01387,0,4.7,0.2,0.058,0
2642,3760.0,0.03513,0.10726,0,1.2,0.442,0.0539,0
2643,20760.0,0.01308,0.05289,0,2.2,0.511,0.057,0
2644,8540.0,0.05084,0.13063,0,5.9,0.543,0.0628,0
2645,4960.0,0.03414,0.0557,0,5.3,0.389,0.0329,0
2646,18210.0,0.01806,0.04674,0,5.0,0.561,0.0581,0
2647,5040.0,0.01266,0.01016,0,0.9,0.251,0.0395,0
2648,11790.0,0.03517,0.01756,0,4.4,0.246,0.0687,0
2649,19030.0,0.01772,0.02391,0,5.5,0.204,0.0444,0
2650,11580.0,0.03546,0.06141,0,1.1,0.508,0.0415,0
2651,54210.0,0.0213,0.02137,0,0.8,0.336,0.0737,0
2652,2320.0,0.02183,0.0136,0,2.0,0.322,0.0752,0
2653,15510.0,0.04143,0.06849,0,6.0,0.596,0.0457,0
2654,8410.0,0.02435,0.02848,0,2.6,0.435,0.052,0
2655,9160.0,0.00828,0.01,0,2.7,0.318,0.047,0
2656,30490.0,0.01574,0.01678,0,4.9,0.3,0.0674,0
2657,6300.0,0.01713,0.01139,0,0.9,0.201,0.0604,0
2658,24280.0,0.04325,0.06756,0,2.8,0.424,0.0794,0
2659,1890.0,0.03224,0.06447,0,3.5,0.28,0.0756,0
2660,7230.0,0.00832,0.00679,0,5.6,0.598,0.0681,0
2661,54450.0,0.01429,0.02492,264,2.4,0.53,0.074,0
2662,4440.0,0.01808,0.0432,0,3.8,0.259,0.0365,0
2663,8540.0,0.00896,0.01835,0,5.8,0.507,0.0617,0
2664,14230.0,0.01242,0.01078,0,1.7,0.353,0.0503,0
2665,16610.0,0.03915,0.02662,0,6.5,0.577,0.0573,0
2666,13800.0,0.00714,0.00226,0,5.6,0.582,0.0647,0
2667,14240.0,0.03813,0.0197,0,2.6,0.574,0.065,0
2668,5740.0,0.01231,0.04786,0,4.6,0.465,0.0616,0
2669,10360.0,0.01213,0.00947,0,1.8,0.342,0.0549,0
2670,5050.0,0.03117,0.02671,0,6.9,0.541,0.0778,0
2671,11650.0,0.00705,0.01374,0,0.6,0.43,0.0372,0
2672,5480.0,0.01143,0.03155,0,6.5,0.456,0.0318,0
2673,6750.0,0.02052,0.00676,0,0.6,0.434,0.0603,0
2674,5440.0,0.00705,0.00622,0,6.8,0.559,0.0397,0
2675,8570.0,0.00904,0.01014,0,1.9,0.219,0.0679,0
2676,22080.0,0.06747,0.24741,0,5.8,0.267,0.0778,0
2677,7950.0,0.02767,0.03622,0,4.3,0.594,0.0733,1
2678,7100.0,0.03927,0.04325,26,1.0,0.527,0.0321,0
2679,26110.0,0.10596,0.12035,81,3.1,0.471,0.0403,0
2680,7130.0,0.04707,0.10377,0,6.3,0.393,0.0706,0
2681,13530.0,0.04883,0.03366,147,3.1,0.372,0.045,0
2682,11120.0,0.01829,0.03068,0,2.6,0.398,0.0386,0
2683,1790.0,0.01524,0.00717,0,3.6,0.594,0.0795,0
2684,8480.0,0.04865,0.10877,0,4.4,0.559,0.0304,0
2685,29840.0,0.02111,0.01618,0,3.0,0.341,0.0437,0
2686,10320.0,0.01942,0.02271,0,3.6,0.505,0.0518,0
2687,3920.0,0.02901,0.07923,0,6.9,0.551,0.0381,0
2688,61750.0,0.03547,0.03521,0,6.6,0.442,0.0457,0
2689,9640.0,0.00339,0.00707,0,1.2,0.539,0.0312,0
2690,9360.0,0.0075,0.0059,0,0.8,0.395,0.0524,0
2691,8140.0,0.00884,0.00404,0,5.5,0.454,0.0519,0
2692,25840.0,0.00929,0.00705,33,4.6,0.499,0.0433,0
2693,6700.0,0.01415,0.03096,0,5.5,0.521,0.0553,0
2694,8490.0,0.02477,0.02515,0,3.8,0.385,0.0529,0
2695,52160.0,0.01947,0.03032,0,1.9,0.468,0.056,0
2696,22230.0,0.02211,0.00858,0,3.6,0.318,0.0389,0
2697,9860.0,0.01611,0.01615,0,6.4,0.313,0.0749,0
2698,11240.0,0.01122,0.01375,0,1.3,0.324,0.0366,0
2699,11710.0,0.02223,0.11776,28,0.5,0.319,0.0303,0
2700,4560.0,0.01974,0.04962,0,5.0,0.252,0.0532,0
2701,40930.0,0.00667,0.00332,0,0.9,0.583,0.0773,1
2702,17200.0,0.02122,0.02098,0,5.4,0.34,0.0635,0
2703,3260.0,0.03883,0.03174,0,5.9,0.398,0.0448,0
2704,18610.0,0.02961,0.02016,0,3.8,0.338,0.0329,0
2705,5950.0,0.03526,0.05784,0,5.6,0.495,0.076,0
2706,5860.0,0.01207,0.0324,0,2.9,0.454,0.065,0
2707,49870.0,0.01258,0.01363,0,1.4,0.59,0.0592,0
2708,17160.0,0.00927,0.00457,0,2.6,0.508,0.0709,0
2709,6060.0,0.03109,0.00986,82,5.9,0.477,0.0726,0
2710,21400.0,0.02765,0.11586,0,0.6,0.34,0.0469,0
2711,11180.0,0.00967,0.00457,0,2.2,0.536,0.0352,0
2712,10180.0,0.01627,0.00741,0,6.9,0.576,0.0398,0
2713,12490.0,0.03086,0.05598,0,4.3,0.49,0.0733,0
2714,15680.0,0.00836,0.00937,0,5.1,0.312,0.0521,0
2715,3580.0,0.00696,0.00326,0,5.6,0.283,0.072,0
2716,25200.0,0.00967,0.00812,0,3.2,0.232,0.0712,0
2717,2840.0,0.02273,0.0261,0,5.4,0.227,0.0447,0
2718,25650.0,0.02545,0.02774,0,6.4,0.437,0.0658,0
2719,7650.0,0.0135,0.01246,0,5.7,0.292,0.0503,0
2720,17640.0,0.03447,0.04311,247,6.8,0.272,0.0606,0
2721,11460.0,0.1659,0.11683,0,3.2,0.271,0.0575,0
2722,8760.0,0.02171,0.01487,0,6.2,0.47,0.047,0
2723,5810.0,0.00831,0.00452,0,0.5,0.385,0.0722,0
2724,4480.0,0.00733,0.0105,0,5.9,0.598,0.0339,0
2725,11330.0,0.02261,0.02726,0,2.0,0.453,0.0535,0
2726,10970.0,0.00815,0.0078,0,5.4,0.538,0.0459,0
2727,14860.0,0.00903,0.01411,0,4.0,0.301,0.0702,0
2728,14430.0,0.0106,0.00786,0,1.1,0.338,0.0608,0
2729,2030.0,0.02752,0.0208,0,5.4,0.384,0.0355,0
2730,25180.0,0.00608,0.00304,0,0.9,0.561,0.0425,0
2731,14730.0,0.01327,0.01691,0,2.0,0.343,0.0674,0
2732,11560.0,0.05548,0.05124,0,5.0,0.295,0.0494,0
2733,3670.0,0.0474,0.04779,0,7.0,0.484,0.0657,0
2734,8880.0,0.08127,0.11208,0,3.0,0.252,0.0305,0
2735,15670.0,0.04915,0.05381,0,6.0,0.271,0.0407,0
2736,7260.0,0.02282,0.07213,0,1.6,0.429,0.0375,0
2737,56410.0,0.02287,0.02249,0,0.7,0.219,0.0561,0
2738,9670.0,0.03657,0.04066,0,1.0,0.532,0.0645,0
2739,4620.0,0.00643,0.01246,0,5.3,0.392,0.0463,0
2740,13330.0,0.02406,0.02315,0,1.0,0.588,0.068,0
2741,7020.0,0.04082,0.10082,0,6.1,0.58,0.0714,0
2742,8440.0,0.03997,0.0794,0,3.1,0.224,0.0687,0
2743,9370.0,0.02259,0.03167,0,6.6,0.492,0.0756,0
2744,6810.0,0.00807,0.00423,0,1.6,0.424,0.0445,0
2745,16910.0,0.01116,0.01569,0,1.3,0.468,0.0391,0
2746,14320.0,0.03251,0.07686,0,0.6,0.584,0.0577,0
2747,9150.0,0.01677,0.009,0,4.4,0.38,0.0673,0
2748,13850.0,0.0162,0.02702,0,3.4,0.497,0.0779,0
2749,11950.0,0.01859,0.00913,0,6.6,0.31,0.0448,0
2750,26380.0,0.04483,0.13722,0,2.8,0.364,0.0678,0
2751,9560.0,0.00684,0.01675,0,2.5,0.277,0.0751,0
2752,16900.0,0.03356,0.02622,0,5.4,0.339,0.0303,0
2753,14550.0,0.0153,0.01916,0,2.9,0.458,0.0467,0
2754,24170.0,0.00469,0.00236,6,5.8,0.555,0.0456,0
2755,6780.0,0.02366,0.04964,0,4.0,0.519,0.0625,0
2756,24110.0,0.0219,0.01865,0,4.2,0.365,0.0361,0
2757,11500.0,0.02397,0.03532,0,5.3,0.509,0.0386,1
2758,8040.0,0.01733,0.03308,0,4.7,0.448,0.0758,1
2759,67120.0,0.02295,0.01591,0,5.8,0.561,0.0771,0
2760,29510.0,0.03554,0.04416,0,1.7,0.497,0.0326,0
2761,8370.0,0.02764,0.01816,0,6.4,0.567,0.0713,0
2762,6010.0,0.06006,0.03877,0,1.4,0.41,0.0507,1
2763,4960.0,0.02875,0.04718,0,3.0,0.298,0.0697,0
2764,19610.0,0.04025,0.21372,0,6.4,0.387,0.0461,0
2765,31250.0,0.03396,0.03357,0,4.2,0.294,0.0358,0
2766,32650.0,0.01651,0.02289,0,6.0,0.311,0.0347,0
2767,21610.0,0.03201,0.00957,222,6.1,0.33,0.0618,0
2768,27370.0,0.01268,0.01052,0,4.6,0.43,0.0479,0
2769,18020.0,0.0579,0.14604,0,0.8,0.595,0.034,0
2770,53550.0,0.01204,0.0092,0,4.1,0.278,0.0601,0
2771,10000.0,0.026,0.01444,0,0.5,0.343,0.039,0
2772,9520.0,0.0285,0.0586,0,3.9,0.47,0.052,0
2773,2950.0,0.01557,0.02317,0,6.1,0.565,0.034,1
2774,5670.0,0.01335,0.01864,0,3.1,0.461,0.0468,0
2775,30830.0,0.03816,0.03584,0,2.6,0.272,0.0664,0
2776,2920.0,0.03532,0.07597,0,0.8,0.448,0.0317,0
2777,3980.0,0.01571,0.01038,0,5.7,0.276,0.0548,0
2778,5390.0,0.06885,0.08533,0,0.6,0.401,0.0639,0
2779,4040.0,0.00824,0.00991,0,1.4,0.38,0.0449,0
2780,9880.0,0.01536,0.02789,0,6.7,0.533,0.043,0
2781,12850.0,0.0308,0.04935,0,2.4,0.384,0.0341,0
2782,1730.0,0.01321,0.01058,0,3.0,0.598,0.079,0
2783,7280.0,0.01606,0.02232,0,6.5,0.517,0.062,0
2784,10230.0,0.01202,0.00417,0,0.7,0.29,0.0586,0
2785,5540.0,0.03287,0.0247,0,0.9,0.306,0.0745,0
2786,8430.0,0.02247,0.02821,0,1.4,0.541,0.053,0
2787,12390.0,0.0178,0.02638,0,4.5,0.274,0.0792,0
2788,14270.0,0.02122,0.03831,0,4.3,0.429,0.0476,0
2789,5860.0,0.01199,0.00798,0,5.7,0.353,0.031,0
2790,6280.0,0.00564,0.002,0,3.4,0.215,0.0676,0
2791,35600.0,0.09425,0.12287,0,1.7,0.389,0.0303,0
2792,41550.0,0.03685,0.02651,0,1.0,0.472,0.0572,0
2793,5830.0,0.02658,0.0158,0,2.9,0.252,0.0711,0
2794,35220.0,0.02899,0.06294,0,4.4,0.573,0.0324,0
2795,8430.0,0.00638,0.00441,0,3.7,0.542,0.0477,0
2796,8870.0,0.04253,0.01974,88,4.2,0.589,0.0355,0
2797,18490.0,0.02799,0.07218,0,1.8,0.469,0.0674,0
2798,13460.0,0.02379,0.02643,0,5.2,0.298,0.0378,0
2799,10520.0,0.01226,0.02046,0,6.0,0.242,0.0439,0
2800,7680.0,0.01411,0.00518,39,6.9,0.464,0.0529,0
2801,11360.0,0.00273,0.00289,18,3.5,0.391,0.0558,0
2802,3820.0,0.01068,0.01399,0,3.2,0.365,0.0793,0
2803,8190.0,0.01706,0.02532,0,0.9,0.508,0.0392,0
2804,2650.0,0.01248,0.01235,0,2.7,0.536,0.0491,0
2805,167860.0,0.01559,0.03609,0,1.2,0.42,0.051,0
2806,8540.0,0.01807,0.0231,0,6.8,0.336,0.08,0
2807,9460.0,0.0459,0.02046,0,5.8,0.321,0.0601,0
2808,6440.0,0.00935,0.02022,0,2.5,0.541,0.0778,0
2809,18340.0,0.02625,0.01997,8,6.9,0.218,0.0362,0
2810,11420.0,0.0222,0.02011,0,3.5,0.238,0.0548,0
2811,7610.0,0.00956,0.00367,0,5.4,0.437,0.0589,0
2812,14000.0,0.02904,0.01435,0,0.9,0.519,0.0483,0
2813,45200.0,0.01746,0.03395,0,1.3,0.281,0.0549,0
2814,15780.0,0.01334,0.004,0,2.5,0.509,0.041,0
2815,8480.0,0.09879,0.1439,0,3.6,0.475,0.0653,0
2816,14410.0,0.03164,0.02338,0,2.8,0.279,0.0519,0
2817,5100.0,0.0275,0.01421,0,4.6,0.505,0.0446,0
2818,8040.0,0.04258,0.03539,0,4.5,0.591,0.0314,0
2819,3750.0,0.01397,0.01862,0,6.9,0.402,0.0526,0
2820,12580.0,0.01209,0.0112,161,2.0,0.415,0.0335,0
2821,11870.0,0.07411,0.10607,0,0.8,0.216,0.0301,0
2822,3920.0,0.00592,0.01464,25,4.3,0.534,0.0749,0
2823,11670.0,0.01223,0.00392,0,3.4,0.298,0.0512,0
2824,14500.0,0.02853,0.01978,0,5.4,0.272,0.0746,0
2825,25560.0,0.03256,0.01155,0,4.4,0.371,0.0453,0
2826,12420.0,0.04766,0.06206,0,4.3,0.358,0.0738,0
2827,11270.0,0.0559,0.03436,0,2.0,0.228,0.0649,0
2828,10130.0,0.0073,0.01267,0,5.3,0.496,0.0326,0
2829,9490.0,0.05022,0.11359,0,4.3,0.459,0.0788,0
2830,3620.0,0.03136,0.08099,0,6.2,0.204,0.0454,0
2831,8440.0,0.03702,0.06709,0,2.1,0.519,0.032,0
2832,10690.0,0.04188,0.07982,0,5.9,0.406,0.0385,0
2833,10800.0,0.01359,0.0076,0,1.1,0.236,0.0607,0
2834,2110.0,0.01057,0.00798,0,1.1,0.314,0.0385,0
2835,5670.0,0.0191,0.0292,0,2.8,0.301,0.0418,0
2836,7380.0,0.01424,0.01078,0,3.9,0.253,0.0522,0
2837,9380.0,0.01927,0.01432,0,5.6,0.559,0.0566,0
2838,13580.0,0.0448,0.07825,229,5.5,0.414,0.065,0
2839,3720.0,0.02727,0.05206,0,3.1,0.302,0.0788,0
2840,7900.0,0.09416,0.19409,0,6.7,0.353,0.0778,0
2841,10070.0,0.0113,0.0274,0,3.4,0.561,0.048,1
2842,15180.0,0.01884,0.02655,395,3.3,0.308,0.041,0
2843,2890.0,0.02598,0.04768,0,5.5,0.351,0.0376,1
2844,2860.0,0.02164,0.01521,0,4.2,0.298,0.0445,0
2845,3660.0,0.04951,0.10189,0,2.9,0.577,0.0791,0
2846,15510.0,0.05243,0.02934,0,5.9,0.277,0.0496,0
2847,3670.0,0.00941,0.01463,0,4.1,0.509,0.0699,0
2848,15630.0,0.02047,0.00343,340,5.6,0.397,0.0626,0
2849,5720.0,0.02949,0.05449,0,4.8,0.209,0.068,0
2850,41620.0,0.03396,0.03756,0,5.1,0.321,0.0511,0
2851,7740.0,0.01007,0.01483,0,6.2,0.263,0.0785,0
2852,4110.0,0.03839,0.02522,0,4.1,0.398,0.0625,0
2853,9730.0,0.00796,0.00998,0,1.6,0.598,0.0385,0
2854,46330.0,0.06685,0.0705,0,4.5,0.244,0.0551,0
2855,4440.0,0.01581,0.02115,0,6.6,0.4,0.0459,0
2856,7220.0,0.01519,0.01978,0,2.1,0.532,0.0433,0
2857,29520.0,0.02628,0.04385,0,3.7,0.341,0.0692,0
2858,5010.0,0.01006,0.01699,0,2.9,0.239,0.0491,0
2859,63260.0,0.02724,0.09002,0,3.5,0.422,0.0574,0
2860,73600.0,0.01402,0.01398,0,1.0,0.429,0.0796,0
2861,4620.0,0.01542,0.02093,0,4.1,0.269,0.0662,0
2862,6450.0,0.02912,0.01817,0,0.8,0.207,0.0357,0
2863,9910.0,0.00365,0.00415,0,0.9,0.356,0.052,0
2864,10440.0,0.02718,0.06093,0,2.4,0.362,0.0422,0
2865,51530.0,0.02747,0.01429,0,4.9,0.357,0.0327,0
2866,3400.0,0.02618,0.0441,0,6.5,0.347,0.0584,0
2867,6930.0,0.03576,0.03476,0,1.4,0.268,0.0664,0
2868,10030.0,0.02607,0.03169,0,5.8,0.294,0.0561,0
2869,10280.0,0.00883,0.01398,0,6.1,0.431,0.0651,0
2870,4440.0,0.01917,0.03894,0,6.9,0.46,0.0681,0
2871,4990.0,0.00791,0.01775,0,6.4,0.461,0.0535,0
2872,13910.0,0.02691,0.0113,0,6.4,0.587,0.0741,0
2873,27500.0,0.02361,0.04095,0,1.3,0.565,0.0415,0
2874,13370.0,0.0177,0.0179,0,6.6,0.249,0.0513,0
2875,5640.0,0.01866,0.01728,0,4.6,0.261,0.0403,0
2876,7250.0,0.01549,0.00728,0,6.5,0.274,0.0483,0
2877,33660.0,0.06334,0.06726,0,4.8,0.323,0.0669,0
2878,21960.0,0.03441,0.03984,0,5.4,0.426,0.0604,0
2879,123390.0,0.02057,0.00941,0,5.9,0.599,0.0495,0
2880,7830.0,0.02907,0.06757,0,2.8,0.51,0.0752,0
2881,17730.0,0.0502,0.03899,0,5.1,0.506,0.0645,0
2882,12220.0,0.01795,0.02698,0,1.2,0.307,0.0577,0
2883,8250.0,0.01949,0.02679,0,6.1,0.559,0.0308,0
2884,2630.0,0.01318,0.01883,0,1.1,0.375,0.0439,0
2885,14920.0,0.04811,0.04028,0,2.5,0.271,0.0507,0
2886,3810.0,0.01823,0.01956,0,0.6,0.554,0.053,0
2887,28210.0,0.00741,0.00368,0,6.7,0.398,0.0325,0
2888,5990.0,0.01004,0.013,0,2.8,0.282,0.0574,0
2889,18190.0,0.02103,0.00496,0,4.3,0.354,0.0473,0
2890,9500.0,0.03784,0.03049,0,6.3,0.599,0.0716,0
2891,28800.0,0.03417,0.08087,0,1.7,0.537,0.0624,0
2892,20330.0,0.02986,0.04278,0,3.2,0.422,0.0434,0
2893,87910.0,0.00714,0.00454,0,6.9,0.444,0.0335,0
2894,9750.0,0.03656,0.01657,0,0.7,0.208,0.0312,0
2895,60770.0,0.00568,0.01314,0,6.3,0.533,0.0542,0
2896,5220.0,0.00941,0.00648,0,3.4,0.565,0.0464,0
2897,9340.0,0.00851,0.00751,0,2.3,0.592,0.0727,0
2898,18500.0,0.01723,0.0227,0,1.7,0.369,0.0568,0
2899,28910.0,0.05545,0.09201,0,4.6,0.471,0.0536,0
2900,2600.0,0.05603,0.04604,0,5.6,0.257,0.0687,0
2901,10910.0,0.03532,0.13476,0,7.0,0.343,0.0602,0
2902,14600.0,0.01421,0.03002,0,1.6,0.459,0.0398,0
2903,5040.0,0.02048,0.00718,0,1.1,0.497,0.0478,0
2904,9310.0,0.08026,0.07019,0,6.4,0.26,0.0323,0
2905,14760.0,0.03868,0.04652,0,3.1,0.413,0.0444,0
2906,9290.0,0.0081,0.0147,0,2.5,0.234,0.0509,0
2907,6980.0,0.01251,0.0113,0,2.3,0.502,0.054,0
2908,6030.0,0.04334,0.01262,338,2.6,0.521,0.0566,0
2909,12020.0,0.01162,0.0336,0,2.8,0.24,0.0794,0
2910,5600.0,0.00821,0.02499,0,3.8,0.469,0.0654,0
2911,45350.0,0.01284,0.01179,0,2.4,0.313,0.0439,0
2912,19600.0,0.02278,0.03463,0,1.7,0.479,0.0387,0
2913,20520.0,0.01356,0.0114,0,4.5,0.322,0.0776,0
2914,11700.0,0.01024,0.01995,0,5.1,0.441,0.069,0
2915,14750.0,0.0133,0.01649,0,5.3,0.565,0.0456,0
2916,40250.0,0.06963,0.04893,0,2.0,0.392,0.0389,0
2917,2310.0,0.01076,0.00817,0,5.0,0.289,0.0745,0
2918,8780.0,0.01685,0.02951,0,5.5,0.215,0.0379,0
2919,6210.0,0.03808,0.07484,0,1.9,0.434,0.0604,0
2920,19050.0,0.00212,0.01043,0,6.4,0.407,0.0378,0
2921,45540.0,0.01655,0.0155,0,4.7,0.267,0.0696,0
2922,42460.0,0.03652,0.01608,0,3.1,0.556,0.0371,0
2923,28770.0,0.0082,0.00526,0,2.3,0.451,0.0593,0
2924,5060.0,0.00799,0.0123,0,5.5,0.566,0.0594,1
2925,14070.0,0.02819,0.09744,0,4.3,0.477,0.0797,0
2926,14550.0,0.01767,0.03123,0,4.6,0.586,0.0461,0
2927,8710.0,0.01504,0.04625,17,2.8,0.375,0.0395,0
2928,4030.0,0.03074,0.03757,0,2.9,0.454,0.0417,0
2929,8890.0,0.03903,0.09698,0,1.8,0.393,0.0714,0
2930,5240.0,0.00784,0.00551,0,1.5,0.321,0.0785,0
2931,7810.0,0.01413,0.01539,0,5.7,0.484,0.0395,0
2932,10090.0,0.05872,0.06677,0,6.5,0.312,0.0598,0
2933,15350.0,0.01121,0.00882,0,3.4,0.292,0.0512,0
2934,7910.0,0.00795,0.03594,0,1.3,0.504,0.0517,0
2935,17650.0,0.03295,0.01448,0,3.1,0.535,0.0647,1
2936,11250.0,0.01063,0.00941,0,4.8,0.26,0.0749,0
2937,8750.0,0.05175,0.06663,0,3.0,0.468,0.0587,0
2938,6370.0,0.01905,0.00616,0,2.5,0.414,0.0323,0
2939,9710.0,0.01389,0.02192,49,4.6,0.309,0.0325,0
2940,8910.0,0.0515,0.1001,0,1.6,0.332,0.0586,0
2941,5230.0,0.01899,0.05191,0,3.9,0.352,0.0603,0
2942,64870.0,0.07883,0.07012,0,0.7,0.396,0.0592,0
2943,6930.0,0.00757,0.00623,0,5.6,0.572,0.0378,0
2944,5360.0,0.01327,0.01787,0,6.7,0.438,0.0459,0
2945,3860.0,0.00529,0.00509,0,5.0,0.222,0.0678,0
2946,10410.0,0.03402,0.02593,0,6.0,0.392,0.0696,0
2947,18000.0,0.01433,0.01971,0,3.9,0.225,0.0324,0
2948,13220.0,0.01764,0.01867,0,5.3,0.211,0.075,0
2949,25490.0,0.01786,0.04582,0,3.7,0.347,0.0567,0
2950,5620.0,0.038,0.03327,0,5.9,0.419,0.0743,0
2951,22380.0,0.05026,0.04106,0,5.7,0.574,0.0548,0
2952,3540.0,0.01184,0.0068,81,5.0,0.238,0.0319,0
2953,10440.0,0.05335,0.0578,0,2.3,0.416,0.0345,0
2954,8370.0,0.02191,0.02643,0,3.9,0.348,0.0621,0
2955,9370.0,0.00767,0.00248,0,5.2,0.264,0.0673,0
2956,10540.0,0.04972,0.17913,0,1.0,0.523,0.0527,0
2957,6760.0,0.03282,0.02767,0,3.9,0.456,0.0798,0
2958,2730.0,0.04388,0.08033,0,1.3,0.262,0.0628,0
2959,14400.0,0.0291,0.05499,0,4.7,0.509,0.0602,0
2960,9770.0,0.01609,0.0343,0,3.4,0.493,0.0394,0
2961,16720.0,0.02005,0.01812,0,2.1,0.456,0.0799,0
2962,11350.0,0.0471,0.02172,0,6.3,0.402,0.0623,0
2963,23470.0,0.0318,0.06187,0,5.4,0.342,0.0774,0
2964,8030.0,0.05348,0.0422,0,0.9,0.306,0.0773,0
2965,7550.0,0.00714,0.02265,82,1.2,0.528,0.0651,0
2966,34260.0,0.03792,0.03878,0,2.6,0.236,0.0427,0
2967,4900.0,0.01126,0.03273,51,3.5,0.364,0.0394,0
2968,18180.0,0.01939,0.01903,0,1.1,0.279,0.0594,0
2969,8360.0,0.04026,0.04063,0,1.6,0.356,0.0384,0
2970,3350.0,0.03324,0.02733,0,2.5,0.202,0.0737,0
2971,2660.0,0.01739,0.01744,0,6.9,0.247,0.0786,0
2972,11150.0,0.01016,0.00782,0,5.8,0.582,0.063,0
2973,6230.0,0.01922,0.01178,0,6.4,0.52,0.0522,0
2974,4510.0,0.00661,0.00925,0,2.2,0.476,0.0461,0
2975,4290.0,0.01838,0.01075,0,3.8,0.425,0.0334,0
2976,7640.0,0.00653,0.01213,0,0.8,0.435,0.078,0
2977,31440.0,0.04222,0.02909,0,1.7,0.374,0.069,0
2978,6100.0,0.03099,0.01251,0,4.3,0.357,0.0387,0
2979,16930.0,0.00806,0.01247,0,2.7,0.309,0.0378,0
2980,12640.0,0.03368,0.02914,0,3.9,0.372,0.0734,0
2981,22520.0,0.02043,0.01655,0,5.6,0.377,0.0449,0
2982,7130.0,0.01206,0.02306,0,2.0,0.467,0.0609,0
2983,16080.0,0.01835,0.00837,0,1.9,0.443,0.0735,0
2984,22540.0,0.04247,0.05665,0,0.7,0.48,0.0387,0
2985,6860.0,0.02527,0.02547,0,2.2,0.238,0.0701,0
2986,7730.0,0.04102,0.05963,0,4.1,0.462,0.0421,0
2987,30780.0,0.02177,0.15434,0,4.3,0.367,0.0704,0
2988,4720.0,0.00945,0.01053,0,4.3,0.513,0.066,0
2989,6250.0,0.00563,0.00858,239,4.8,0.554,0.0425,0
2990,3990.0,0.01536,0.03733,0,3.2,0.544,0.0663,0
2991,17950.0,0.00808,0.01003,0,1.3,0.216,0.0737,0
2992,6310.0,0.0108,0.01565,0,1.9,0.489,0.0552,0
2993,17080.0,0.02263,0.01375,0,3.5,0.306,0.0525,0
2994,3550.0,0.00706,0.00658,0,3.6,0.404,0.042,0
2995,2710.0,0.01787,0.03218,0,5.5,0.256,0.0464,0
2996,16090.0,0.0046,0.01048,0,4.6,0.344,0.0345,0
2997,5370.0,0.01092,0.0109,0,2.6,0.212,0.0601,0
2998,5300.0,0.0274,0.01813,34,6.3,0.545,0.0769,0
2999,6420.0,0.02377,0.0105,0,2.2,0.386,0.0582,0
3000,21580.0,0.01136,0.01938,223,1.9,0.369,0.034,0
3001,1190.0,0.01737,0.02506,0,6.5,0.521,0.0486,0
3002,21560.0,0.00444,0.00456,0,2.1,0.358,0.0631,0
3003,13250.0,0.02164,0.02245,0,0.6,0.287,0.0663,0
3004,35290.0,0.01328,0.01083,0,4.3,0.446,0.0386,0
3005,18310.0,0.03837,0.02827,0,1.2,0.33,0.0579,0
3006,10350.0,0.02985,0.0344,0,1.7,0.598,0.0462,0
3007,11450.0,0.02284,0.02012,0,2.6,0.593,0.0748,0
3008,14440.0,0.01886,0.01424,0,1.4,0.365,0.0588,0
3009,11100.0,0.01918,0.00993,0,1.7,0.353,0.051,0
3010,6870.0,0.08532,0.11495,0,1.5,0.263,0.0466,0
3011,31450.0,0.01841,0.01851,0,6.5,0.531,0.057,0
3012,30570.0,0.01571,0.0117,3,5.5,0.212,0.0383,0
3013,7390.0,0.03159,0.05666,0,6.4,0.584,0.0597,0
3014,7770.0,0.00727,0.01065,0,6.7,0.22,0.0541,0
3015,8730.0,0.03138,0.02912,0,2.4,0.405,0.0368,0
3016,32020.0,0.02512,0.09866,0,5.0,0.393,0.0337,0
3017,10970.0,0.0155,0.01443,0,4.7,0.467,0.075,0
3018,42860.0,0.02674,0.01743,0,2.8,0.259,0.058,0
3019,11520.0,0.04687,0.03931,36,2.5,0.329,0.0704,0
3020,15430.0,0.0139,0.01744,0,3.0,0.24,0.0656,0
3021,17520.0,0.07601,0.05509,0,3.7,0.236,0.0729,0
3022,4670.0,0.01332,0.0112,0,4.4,0.29,0.0311,0
3023,8240.0,0.02873,0.03299,0,2.1,0.57,0.0755,0
3024,6500.0,0.02624,0.0549,0,5.8,0.446,0.0593,0
3025,4450.0,0.00696,0.00395,0,4.3,0.489,0.0558,0
3026,21210.0,0.02778,0.03532,0,1.3,0.383,0.0537,0
3027,23590.0,0.01317,0.04501,0,1.8,0.538,0.0596,0
3028,7520.0,0.01346,0.01855,0,0.6,0.304,0.0501,0
3029,1340.0,0.02571,0.02482,0,3.9,0.389,0.068,0
3030,13870.0,0.00524,0.00515,0,5.5,0.241,0.0656,0
3031,3320.0,0.00535,0.00638,0,2.9,0.412,0.032,0
3032,11280.0,0.00816,0.01553,32,6.8,0.376,0.053,1
3033,10720.0,0.05444,0.03817,0,5.7,0.393,0.0445,0
3034,19620.0,0.0345,0.07221,0,6.5,0.277,0.0766,0
3035,6960.0,0.03811,0.05608,34,5.0,0.561,0.0363,0
3036,18360.0,0.01593,0.03724,0,4.4,0.305,0.0681,0
3037,4740.0,0.02195,0.04505,0,5.4,0.509,0.0505,0
3038,10020.0,0.01601,0.01732,0,3.6,0.586,0.0723,0
3039,12260.0,0.10675,0.05376,0,2.6,0.213,0.0357,0
3040,11820.0,0.02968,0.04516,0,3.6,0.278,0.0485,0
3041,22250.0,0.01416,0.0232,0,3.2,0.573,0.0434,0
3042,21860.0,0.03794,0.04757,0,4.0,0.597,0.05,1
3043,2700.0,0.03369,0.02802,0,3.1,0.27,0.0407,0
3044,28840.0,0.01891,0.01517,0,6.0,0.481,0.0731,0
3045,42390.0,0.06357,0.04079,0,6.1,0.597,0.0624,0
3046,14070.0,0.02311,0.04363,0,2.0,0.476,0.0597,0
3047,33760.0,0.02051,0.01221,0,3.0,0.269,0.0712,0
3048,23590.0,0.03354,0.03364,0,6.6,0.219,0.043,0
3049,10380.0,0.01309,0.00574,88,1.5,0.279,0.0762,1
3050,22460.0,0.00764,0.00917,0,4.7,0.551,0.0318,0
3051,2810.0,0.00333,0.0022,0,1.8,0.284,0.046,0
3052,9890.0,0.03345,0.02026,0,3.2,0.296,0.0338,0
3053,14620.0,0.04716,0.10885,0,1.7,0.273,0.0567,0
3054,9130.0,0.01517,0.0153,0,6.0,0.417,0.0631,0
3055,9990.0,0.02023,0.04783,0,0.6,0.359,0.0379,0
3056,3780.0,0.02856,0.02806,0,6.1,0.413,0.0609,0
3057,33400.0,0.04555,0.0957,0,6.4,0.558,0.0388,0
3058,10570.0,0.04976,0.11255,0,2.8,0.518,0.0796,0
3059,13480.0,0.03991,0.03591,0,3.8,0.259,0.0555,0
3060,8170.0,0.01936,0.03737,0,5.4,0.385,0.0469,0
3061,5640.0,0.01272,0.02314,17,6.7,0.44,0.0587,0
3062,14930.0,0.00896,0.02674,0,5.1,0.251,0.0362,0
3063,7630.0,0.02924,0.02953,0,3.7,0.467,0.0667,0
3064,12250.0,0.03141,0.01044,0,2.1,0.207,0.0341,0
3065,18510.0,0.01528,0.01439,0,3.7,0.523,0.0576,0
3066,6840.0,0.01888,0.02378,0,6.8,0.476,0.0429,0
3067,16210.0,0.02175,0.02507,0,3.6,0.278,0.0574,0
3068,16310.0,0.01525,0.08296,0,1.5,0.203,0.0597,0
3069,27240.0,0.02102,0.08218,0,2.8,0.2,0.0471,0
3070,11100.0,0.04154,0.08212,0,2.1,0.3,0.0713,0
3071,58380.0,0.01054,0.00635,0,4.5,0.478,0.0442,0
3072,7340.0,0.0126,0.03659,0,1.1,0.222,0.0499,0
3073,8630.0,0.01693,0.0385,0,4.5,0.21,0.0407,0
3074,63630.0,0.03236,0.02257,0,5.5,0.301,0.0785,0
3075,11410.0,0.02758,0.02729,0,6.1,0.431,0.0752,0
3076,12610.0,0.02008,0.01703,0,5.8,0.379,0.0344,1
3077,36870.0,0.0223,0.02795,0,5.1,0.267,0.0399,0
3078,9470.0,0.01849,0.02548,0,2.6,0.369,0.0467,0
3079,16070.0,0.01882,0.02996,0,3.1,0.465,0.0548,0
3080,26180.0,0.01315,0.01442,0,6.2,0.316,0.0397,0
3081,21770.0,0.01449,0.01481,0,5.6,0.317,0.0733,0
3082,13360.0,0.00705,0.0104,0,7.0,0.534,0.0678,0
3083,8030.0,0.05583,0.05437,0,3.8,0.394,0.0393,0
3084,2640.0,0.0083,0.00659,0,0.6,0.448,0.0528,0
3085,2770.0,0.00884,0.0177,0,1.0,0.411,0.059,0
3086,6030.0,0.01115,0.00606,0,4.2,0.401,0.0329,0
3087,17380.0,0.01406,0.01027,0,2.7,0.437,0.0486,0
3088,1670.0,0.00696,0.00662,0,0.6,0.491,0.0797,0
3089,3410.0,0.00568,0.01002,0,4.4,0.297,0.0392,0
3090,7650.0,0.01865,0.01583,399,4.1,0.5,0.0526,0
3091,16390.0,0.02307,0.03481,0,2.9,0.23,0.0357,0
3092,2350.0,0.01643,0.03046,0,5.4,0.359,0.0728,0
3093,18670.0,0.01261,0.00646,0,6.3,0.597,0.0324,0
3094,6030.0,0.01462,0.01189,0,4.8,0.555,0.0477,0
3095,11150.0,0.03855,0.05087,0,1.1,0.385,0.055,0
3096,8320.0,0.02695,0.05354,0,3.3,0.477,0.0474,0
3097,4720.0,0.01415,0.00621,0,6.0,0.537,0.0795,0
3098,99000.0,0.01157,0.01804,0,0.8,0.53,0.0597,0
3099,4810.0,0.03844,0.06382,0,4.8,0.302,0.0547,0
3100,53950.0,0.00906,0.00832,0,0.5,0.349,0.0627,0
3101,17140.0,0.06793,0.0568,0,6.6,0.593,0.0452,0
3102,16190.0,0.0275,0.0469,0,0.8,0.536,0.0416,0
3103,13210.0,0.02004,0.0171,0,2.9,0.319,0.069,0
3104,16560.0,0.02281,0.01994,0,3.1,0.592,0.0394,0
3105,4560.0,0.019,0.03638,0,4.4,0.263,0.0595,0
3106,18710.0,0.02363,0.06428,50,5.1,0.499,0.0527,0
3107,7850.0,0.06353,0.05268,0,6.9,0.54,0.0528,0
3108,11200.0,0.01346,0.00405,0,2.9,0.354,0.0587,0
3109,7080.0,0.02314,0.03114,0,1.4,0.205,0.0644,0
3110,30660.0,0.04152,0.05454,0,4.0,0.33,0.0686,0
3111,41770.0,0.02335,0.03249,0,2.7,0.319,0.0787,0
3112,15000.0,0.01196,0.01444,0,6.6,0.355,0.0305,0
3113,74650.0,0.01634,0.02542,0,0.6,0.565,0.0752,0
3114,2090.0,0.01822,0.01791,0,0.8,0.35,0.0659,0
3115,5640.0,0.03347,0.04096,0,0.7,0.257,0.065,0
3116,51600.0,0.00323,0.002,0,5.7,0.25,0.057,0
3117,14090.0,0.0326,0.02887,0,6.1,0.502,0.0665,0
3118,15550.0,0.0216,0.02936,0,6.9,0.464,0.0608,0
3119,3580.0,0.017,0.02618,89,2.6,0.222,0.0666,0
3120,12950.0,0.10855,0.08252,0,3.9,0.417,0.0685,0
3121,18790.0,0.02256,0.03837,0,1.9,0.263,0.0772,0
3122,26160.0,0.02662,0.02049,72,6.4,0.207,0.0316,0
3123,3280.0,0.0025,0.002,0,6.1,0.544,0.0714,0
3124,22800.0,0.02654,0.01872,0,4.8,0.431,0.0643,0
3125,11270.0,0.04814,0.04825,0,4.9,0.246,0.0368,0
3126,7650.0,0.02041,0.01204,0,2.8,0.315,0.0726,0
3127,3470.0,0.0106,0.01988,0,1.9,0.25,0.0567,0
3128,7740.0,0.02777,0.0421,0,3.1,0.346,0.0793,0
3129,46420.0,0.0512,0.04626,0,1.0,0.353,0.0364,0
3130,25430.0,0.01418,0.02219,0,4.3,0.441,0.0607,0
3131,23760.0,0.02565,0.00928,0,5.4,0.452,0.0381,0
3132,21450.0,0.00493,0.01402,0,3.9,0.575,0.0344,0
3133,1580.0,0.04441,0.1263,0,2.1,0.513,0.0338,0
3134,7130.0,0.04283,0.09567,0,4.9,0.352,0.0649,0
3135,4330.0,0.0306,0.10122,0,2.7,0.422,0.062,0
3136,14320.0,0.0228,0.02109,0,0.8,0.426,0.0711,0
3137,13820.0,0.01881,0.0201,0,5.5,0.548,0.0394,0
3138,14670.0,0.00587,0.00961,0,6.0,0.386,0.0449,0
3139,27730.0,0.00892,0.0041,0,4.4,0.324,0.0693,0
3140,13650.0,0.02841,0.09923,0,3.8,0.374,0.0648,0
3141,6760.0,0.01122,0.02536,0,2.4,0.408,0.0475,0
3142,9510.0,0.02403,0.00977,0,2.8,0.321,0.0733,0
3143,5130.0,0.0287,0.04441,0,6.9,0.44,0.0573,0
3144,5670.0,0.00332,0.00214,0,2.2,0.425,0.0798,0
3145,12470.0,0.04025,0.05911,0,1.1,0.417,0.0358,0
3146,6190.0,0.06947,0.10845,0,1.3,0.486,0.0647,0
3147,8980.0,0.00788,0.00527,0,6.9,0.42,0.0645,0
3148,8820.0,0.02882,0.1217,0,2.0,0.269,0.0615,0
3149,21750.0,0.02507,0.03657,0,1.7,0.406,0.0568,0
3150,3120.0,0.00702,0.00556,0,6.7,0.562,0.0303,1
3151,1920.0,0.01132,0.02469,0,1.3,0.416,0.0599,0
3152,15910.0,0.01815,0.01453,0,6.0,0.533,0.0691,0
3153,22530.0,0.07669,0.1373,0,2.1,0.496,0.0738,0
3154,43720.0,0.00384,0.01922,0,6.1,0.499,0.0712,0
3155,1890.0,0.01777,0.02033,0,2.2,0.205,0.0364,0
3156,9160.0,0.00917,0.00799,0,2.7,0.207,0.0689,0
3157,39390.0,0.0054,0.01274,0,2.5,0.527,0.0524,0
3158,19520.0,0.04827,0.06685,0,3.4,0.27,0.0596,0
3159,8220.0,0.02725,0.02379,0,6.9,0.59,0.0614,0
3160,12200.0,0.01352,0.02202,0,1.9,0.369,0.041,0
3161,3810.0,0.02837,0.04452,0,1.5,0.253,0.0724,0
3162,15480.0,0.01583,0.01471,0,1.1,0.29,0.0334,0
3163,4230.0,0.03739,0.05377,0,1.3,0.567,0.0645,0
3164,5610.0,0.02505,0.04418,0,2.2,0.597,0.0625,0
3165,18350.0,0.00381,0.00664,0,4.0,0.343,0.0597,0
3166,9690.0,0.00559,0.0074,0,3.6,0.274,0.0419,0
3167,40590.0,0.00656,0.01441,0,2.9,0.511,0.0719,0
3168,22620.0,0.00916,0.02363,0,0.8,0.428,0.0511,0
3169,31740.0,0.00873,0.00335,0,1.8,0.526,0.0639,0
3170,9810.0,0.02069,0.00823,0,4.5,0.311,0.0425,0
3171,4230.0,0.02661,0.09691,0,0.7,0.407,0.0415,0
3172,3480.0,0.01578,0.02878,78,4.0,0.426,0.0555,0
3173,6940.0,0.03806,0.05237,0,3.8,0.374,0.0648,0
3174,7110.0,0.06296,0.03962,0,5.7,0.379,0.0343,0
3175,23480.0,0.03182,0.03085,0,5.0,0.48,0.0319,0
3176,4850.0,0.00615,0.00316,0,5.5,0.305,0.0797,0
3177,7770.0,0.0212,0.04939,0,4.7,0.257,0.0538,0
3178,15540.0,0.01107,0.00682,0,6.1,0.433,0.0391,0
3179,6300.0,0.04885,0.02689,0,1.0,0.269,0.0691,0
3180,29270.0,0.05283,0.07992,0,2.6,0.451,0.0671,0
3181,13170.0,0.0214,0.01402,0,4.6,0.409,0.0356,0
3182,9160.0,0.0162,0.02513,0,3.2,0.461,0.0458,0
3183,7780.0,0.01268,0.02112,0,4.1,0.346,0.0417,0
3184,5810.0,0.00899,0.01461,0,6.3,0.413,0.0571,0
3185,6310.0,0.02125,0.02731,0,2.0,0.421,0.0582,0
3186,2410.0,0.02471,0.03356,0,3.6,0.487,0.0624,0
3187,6740.0,0.00579,0.00649,0,6.1,0.507,0.0406,0
3188,12960.0,0.00898,0.00792,41,3.5,0.303,0.0622,0
3189,7880.0,0.01704,0.0096,0,1.7,0.539,0.0439,0
3190,6810.0,0.04074,0.06153,0,1.7,0.257,0.0732,0
3191,15740.0,0.01285,0.01743,63,2.4,0.269,0.0739,0
3192,7680.0,0.0242,0.02557,0,5.3,0.503,0.0553,0
3193,6650.0,0.00853,0.00951,0,5.3,0.3,0.0503,0
3194,42150.0,0.01696,0.01493,0,4.8,0.268,0.069,0
3195,8500.0,0.0213,0.0165,0,2.7,0.277,0.0755,0
3196,10860.0,0.02887,0.02575,0,2.6,0.264,0.0744,0
3197,21860.0,0.02697,0.06285,0,1.0,0.203,0.0786,0
3198,19270.0,0.02733,0.0223,0,5.0,0.361,0.0724,0
3199,9800.0,0.00692,0.01397,0,5.3,0.599,0.0676,0
3200,6040.0,0.03354,0.04506,0,1.3,0.404,0.076,0
3201,16910.0,0.01276,0.00399,0,0.7,0.262,0.0322,0
3202,15110.0,0.0115,0.01263,0,0.7,0.383,0.0312,0
3203,30770.0,0.0282,0.03862,0,4.2,0.354,0.0509,0
3204,6360.0,0.02445,0.03953,0,5.8,0.476,0.0609,0
3205,4150.0,0.00832,0.00882,0,4.0,0.439,0.076,0
3206,4290.0,0.00801,0.00461,0,1.5,0.237,0.0713,0
3207,69760.0,0.01195,0.03829,0,6.8,0.24,0.0438,0
3208,14800.0,0.01008,0.01597,0,3.7,0.312,0.0513,0
3209,13170.0,0.02709,0.11422,0,1.1,0.37,0.0645,0
3210,30220.0,0.02363,0.04539,0,6.3,0.293,0.0586,0
3211,30930.0,0.02198,0.04511,0,4.8,0.245,0.0426,0
3212,13680.0,0.02825,0.02785,0,6.4,0.488,0.0794,0
3213,8890.0,0.01943,0.06703,0,4.9,0.492,0.0311,0
3214,21070.0,0.01762,0.05632,0,4.5,0.413,0.0656,0
3215,32370.0,0.01035,0.02157,0,2.5,0.2,0.0461,0
3216,45770.0,0.00664,0.00976,0,3.6,0.34,0.0508,0
3217,12170.0,0.02452,0.01613,0,6.3,0.426,0.0561,0
3218,7660.0,0.02973,0.02815,0,3.6,0.543,0.0401,0
3219,4560.0,0.0076,0.02725,0,3.8,0.401,0.0323,0
3220,3660.0,0.01524,0.01025,0,3.8,0.503,0.045,0
3221,2320.0,0.01075,0.00499,0,3.2,0.319,0.0597,0
3222,45730.0,0.02833,0.02604,6,2.8,0.489,0.0728,0
3223,8370.0,0.01146,0.04486,0,6.5,0.492,0.0585,0
3224,13850.0,0.06042,0.227,0,2.8,0.38,0.0535,0
3225,36520.0,0.01203,0.04172,0,4.7,0.235,0.0572,0
3226,6340.0,0.03377,0.05895,0,6.5,0.505,0.0703,0
3227,5380.0,0.03498,0.05517,0,6.8,0.582,0.0631,0
3228,7060.0,0.03063,0.03764,0,3.8,0.201,0.0488,0
3229,20000.0,0.03651,0.05556,37,6.0,0.243,0.0759,0
3230,9640.0,0.04501,0.01939,0,1.7,0.29,0.0728,0
3231,5490.0,0.00521,0.01249,0,1.4,0.573,0.0696,0
3232,16120.0,0.02234,0.06822,0,0.8,0.46,0.0438,0
3233,2580.0,0.05628,0.17028,0,0.7,0.58,0.0502,0
3234,78220.0,0.00743,0.00691,0,6.2,0.597,0.075,0
3235,6190.0,0.02725,0.06382,0,5.2,0.452,0.0435,0
3236,3410.0,0.04211,0.05292,0,6.1,0.335,0.0539,0
3237,14080.0,0.00965,0.02794,0,3.4,0.371,0.0395,0
3238,7440.0,0.02449,0.03662,0,1.2,0.429,0.0439,0
3239,3550.0,0.0339,0.02732,0,5.1,0.287,0.0452,0
3240,21410.0,0.02036,0.04762,0,4.2,0.434,0.0711,0
3241,18030.0,0.01187,0.00679,0,1.8,0.511,0.0559,0
3242,9420.0,0.01461,0.02027,82,1.2,0.275,0.0477,0
3243,7960.0,0.00634,0.00714,0,4.1,0.388,0.049,0
3244,23980.0,0.01709,0.02241,0,6.3,0.566,0.0606,0
3245,10020.0,0.01441,0.01579,0,2.4,0.575,0.0308,0
3246,7380.0,0.05284,0.11513,0,2.6,0.536,0.0481,0
3247,4650.0,0.00927,0.01168,80,5.2,0.502,0.0741,0
3248,5060.0,0.02003,0.0277,0,4.1,0.304,0.0664,0
3249,43680.0,0.03936,0.03073,0,6.2,0.484,0.0567,0
3250,3480.0,0.01697,0.03186,0,1.3,0.24,0.0574,0
3251,1980.0,0.04737,0.0627,0,1.2,0.408,0.0586,0
3252,10750.0,0.04617,0.0306,0,1.3,0.44,0.0796,0
3253,28570.0,0.01011,0.00854,0,5.6,0.462,0.0429,0
3254,12650.0,0.00986,0.01346,0,4.9,0.437,0.0722,0
3255,27400.0,0.02241,0.02012,125,4.3,0.267,0.0584,0
3256,72050.0,0.0788,0.10978,0,6.9,0.328,0.0399,0
3257,5160.0,0.04132,0.29603,0,2.6,0.534,0.0474,0
3258,11420.0,0.01608,0.02161,0,5.8,0.209,0.061,0
3259,5810.0,0.0225,0.01726,0,0.8,0.267,0.0507,0
3260,4410.0,0.03968,0.0552,0,0.9,0.442,0.0719,0
3261,23160.0,0.01838,0.06347,0,3.5,0.272,0.0507,0
3262,9330.0,0.0115,0.00602,0,5.8,0.549,0.0306,0
3263,23100.0,0.01884,0.03291,0,5.5,0.339,0.0571,0
3264,9600.0,0.02976,0.07363,0,2.8,0.489,0.04,0
3265,5910.0,0.02273,0.03254,0,1.1,0.383,0.0311,0
3266,3430.0,0.00965,0.01095,0,5.7,0.405,0.0634,0
3267,6690.0,0.06567,0.04554,72,6.6,0.563,0.05,0
3268,5350.0,0.00843,0.01551,0,2.9,0.521,0.0506,0
3269,12130.0,0.00873,0.00311,0,1.5,0.207,0.0513,0
3270,11030.0,0.09247,0.14502,0,5.5,0.53,0.0338,0
3271,12900.0,0.03737,0.01801,0,3.3,0.416,0.073,0
3272,4880.0,0.01631,0.01631,0,5.3,0.47,0.0729,0
3273,26590.0,0.02359,0.02956,0,1.4,0.445,0.0769,0
3274,17300.0,0.01797,0.02367,0,3.6,0.264,0.0799,0
3275,19440.0,0.025,0.03418,0,4.2,0.307,0.0417,0
3276,27090.0,0.01423,0.00869,0,2.3,0.221,0.0586,0
3277,2590.0,0.02004,0.02195,0,4.0,0.202,0.0668,0
3278,11900.0,0.02351,0.038,0,1.3,0.529,0.0314,0
3279,5910.0,0.00442,0.00534,0,5.1,0.576,0.0555,0
3280,21010.0,0.04175,0.05329,0,4.5,0.243,0.0537,0
3281,5210.0,0.00613,0.01074,0,3.5,0.371,0.064,0
3282,21060.0,0.01442,0.02713,0,6.3,0.459,0.0657,0
3283,11110.0,0.04413,0.17726,0,1.6,0.338,0.0316,0
3284,6730.0,0.03983,0.09454,0,2.1,0.402,0.0752,0
3285,7270.0,0.01952,0.02961,0,5.4,0.45,0.0445,0
3286,9120.0,0.09436,0.44659,0,4.1,0.416,0.049,0
3287,2150.0,0.01872,0.02636,0,5.2,0.246,0.0591,0
3288,15590.0,0.01798,0.0138,0,2.8,0.49,0.0764,0
3289,2340.0,0.03335,0.03725,0,4.2,0.266,0.0704,0
3290,12900.0,0.00484,0.00437,0,0.6,0.547,0.0304,0
3291,10460.0,0.02726,0.04459,0,2.2,0.338,0.0329,0
3292,30330.0,0.04919,0.06197,0,5.5,0.52,0.0656,0
3293,4770.0,0.07913,0.0619,0,2.1,0.6,0.0353,0
3294,9700.0,0.03772,0.01599,0,3.2,0.541,0.0624,0
3295,35050.0,0.01149,0.00511,0,4.0,0.488,0.0643,0
3296,13570.0,0.01459,0.01135,0,3.1,0.556,0.0686,0
3297,6750.0,0.02373,0.01086,15,3.1,0.383,0.0634,1
3298,12100.0,0.01504,0.01248,0,3.1,0.437,0.051,0
3299,4210.0,0.01421,0.00396,0,5.9,0.258,0.0373,0
3300,25530.0,0.01159,0.00734,0,6.0,0.427,0.0404,0
3301,9350.0,0.02101,0.02331,0,3.1,0.311,0.0386,0
3302,26870.0,0.0255,0.01581,0,5.2,0.355,0.0421,0
3303,14430.0,0.03755,0.0191,0,5.8,0.205,0.0521,0
3304,31500.0,0.01065,0.01089,0,5.6,0.527,0.0695,0
3305,5890.0,0.02199,0.02464,0,4.1,0.419,0.0561,0
3306,16650.0,0.03139,0.0601,0,3.1,0.564,0.0462,0
3307,6020.0,0.12014,0.15754,0,5.1,0.483,0.0622,0
3308,2400.0,0.01446,0.01069,0,1.1,0.375,0.0386,0
3309,7740.0,0.06707,0.08048,8,2.5,0.475,0.0313,0
3310,8120.0,0.04393,0.12414,0,4.3,0.468,0.0557,0
3311,9450.0,0.01741,0.03526,0,5.6,0.288,0.0762,1
3312,6350.0,0.01312,0.01334,0,1.0,0.329,0.0736,0
3313,9670.0,0.02693,0.05056,0,1.4,0.441,0.0424,0
3314,4290.0,0.03015,0.05601,0,6.2,0.479,0.0482,0
3315,24670.0,0.02631,0.03444,0,0.6,0.208,0.0713,0
3316,11060.0,0.04175,0.07075,0,3.6,0.576,0.0497,0
3317,17780.0,0.00989,0.01138,0,6.8,0.514,0.0368,0
3318,12400.0,0.02807,0.02402,0,5.0,0.395,0.043,0
3319,10240.0,0.01297,0.01345,0,6.5,0.347,0.0336,0
3320,18490.0,0.04364,0.07971,0,3.1,0.259,0.063,0
3321,2470.0,0.00496,0.01697,0,0.7,0.554,0.0436,0
3322,2410.0,0.02275,0.0766,0,5.2,0.313,0.048,0
3323,18990.0,0.06536,0.13369,0,2.6,0.323,0.045,0
3324,3280.0,0.02069,0.0057,0,6.8,0.493,0.0721,0
3325,8150.0,0.04125,0.16259,0,2.5,0.46,0.0476,0
3326,7760.0,0.02128,0.02984,0,3.3,0.53,0.0349,0
3327,17200.0,0.01355,0.00861,0,5.0,0.218,0.067,0
3328,5290.0,0.03529,0.06097,0,5.3,0.215,0.067,0
3329,14370.0,0.01277,0.01487,26,6.0,0.376,0.0379,0
3330,10030.0,0.02681,0.05538,0,1.5,0.288,0.0479,0
3331,14100.0,0.01588,0.02445,0,3.3,0.378,0.0714,0
3332,7900.0,0.01688,0.02462,0,1.1,0.341,0.0727,0
3333,5620.0,0.02431,0.04551,0,5.5,0.298,0.0609,0
3334,23140.0,0.00525,0.00359,0,5.5,0.293,0.0639,0
3335,47790.0,0.03308,0.06353,0,1.2,0.464,0.0434,0
3336,15350.0,0.00672,0.00604,0,4.8,0.394,0.0546,0
3337,14010.0,0.01889,0.01865,0,4.7,0.466,0.0485,0
3338,35750.0,0.0097,0.01327,0,6.1,0.456,0.0549,0
3339,11400.0,0.02061,0.01802,0,6.2,0.588,0.0495,0
3340,4710.0,0.01069,0.01573,0,1.9,0.328,0.0335,0
3341,39880.0,0.03069,0.04888,0,3.8,0.429,0.0565,0
3342,7400.0,0.02666,0.02325,0,6.2,0.58,0.0723,0
3343,15150.0,0.04042,0.04369,0,2.2,0.291,0.0699,0
3344,25060.0,0.01561,0.01751,0,3.0,0.385,0.0507,0
3345,6660.0,0.0337,0.04534,0,2.1,0.472,0.0662,0
3346,6370.0,0.01968,0.02276,0,3.0,0.246,0.0306,0
3347,50320.0,0.03441,0.02994,0,1.6,0.481,0.0731,0
3348,11420.0,0.03357,0.06284,0,0.8,0.516,0.0657,0
3349,10080.0,0.00672,0.00826,0,5.7,0.539,0.0778,0
3350,16140.0,0.0113,0.00984,0,5.9,0.407,0.0585,0
3351,18810.0,0.02385,0.05826,0,1.4,0.328,0.0558,0
3352,19430.0,0.01125,0.02167,0,6.8,0.286,0.0729,0
3353,37210.0,0.03634,0.09594,0,6.5,0.548,0.0361,0
3354,9250.0,0.04307,0.16952,22,1.7,0.463,0.0451,0
3355,26160.0,0.00637,0.0096,0,4.5,0.465,0.0583,0
3356,27320.0,0.00923,0.01272,0,1.3,0.304,0.0718,0
3357,18170.0,0.01415,0.0125,78,4.1,0.582,0.0531,0
3358,1760.0,0.03688,0.03761,0,1.8,0.33,0.0688,1
3359,13400.0,0.0067,0.00892,0,5.5,0.594,0.043,0
3360,10260.0,0.01995,0.02754,0,1.2,0.417,0.0484,0
3361,3880.0,0.01129,0.01103,0,6.5,0.458,0.0308,0
3362,8620.0,0.01305,0.03704,0,4.1,0.208,0.0434,0
3363,12940.0,0.01091,0.00589,0,6.7,0.532,0.0455,0
3364,4320.0,0.00934,0.00459,0,0.9,0.443,0.0439,1
3365,2760.0,0.00579,0.00424,0,2.4,0.43,0.046,0
3366,6160.0,0.0106,0.0142,0,4.5,0.362,0.066,0
3367,14530.0,0.00689,0.01203,0,6.2,0.49,0.0319,0
3368,3710.0,0.02882,0.04094,0,6.5,0.26,0.0701,0
3369,18180.0,0.00953,0.00731,257,6.3,0.424,0.0539,0
3370,7780.0,0.02654,0.04006,0,3.8,0.335,0.0554,0
3371,3980.0,0.07144,0.10096,0,4.1,0.286,0.057,0
3372,4140.0,0.07319,0.11122,0,1.8,0.57,0.0318,0
3373,28850.0,0.08075,0.0514,0,4.8,0.443,0.076,0
3374,4720.0,0.01679,0.03328,0,7.0,0.412,0.0438,0
3375,10660.0,0.0052,0.00543,0,6.3,0.453,0.0481,0
3376,15770.0,0.01467,0.03278,0,1.0,0.487,0.0745,0
3377,28280.0,0.01518,0.00462,0,2.4,0.559,0.047,0
3378,5280.0,0.00555,0.00609,0,6.1,0.56,0.0606,0
3379,16900.0,0.00711,0.00403,30,5.4,0.315,0.0763,0
3380,20310.0,0.00834,0.00437,0,0.8,0.296,0.0516,0
3381,10490.0,0.00746,0.01163,0,1.6,0.358,0.0387,0
3382,22220.0,0.01598,0.02983,0,4.1,0.253,0.0492,0
3383,4900.0,0.02462,0.02258,0,2.3,0.52,0.0707,0
3384,20280.0,0.04026,0.06603,0,1.0,0.465,0.0386,0
3385,13380.0,0.00365,0.00767,0,6.2,0.407,0.0642,0
3386,16430.0,0.01417,0.01501,0,3.9,0.561,0.0417,0
3387,4350.0,0.05477,0.04655,262,1.7,0.421,0.0787,0
3388,21250.0,0.02015,0.06384,0,2.0,0.368,0.0392,0
3389,14470.0,0.02114,0.03803,0,3.1,0.568,0.0701,0
3390,13580.0,0.01824,0.01715,0,2.0,0.436,0.0667,0
3391,9940.0,0.01792,0.01576,0,2.7,0.26,0.0781,0
3392,4460.0,0.03771,0.0564,0,1.4,0.335,0.0474,0
3393,4590.0,0.0484,0.17314,0,3.0,0.479,0.079,0
3394,6570.0,0.06604,0.13156,0,5.9,0.365,0.0669,1
3395,20090.0,0.01364,0.02472,0,6.5,0.507,0.0684,0
3396,8480.0,0.01183,0.02677,0,2.2,0.415,0.0587,0
3397,7340.0,0.00609,0.00468,0,6.0,0.284,0.054,0
3398,10530.0,0.01222,0.00808,0,5.5,0.466,0.0702,0
3399,13330.0,0.01985,0.04462,0,7.0,0.443,0.0575,0
3400,14560.0,0.03849,0.03988,0,6.7,0.561,0.0653,0
3401,5360.0,0.02417,0.02964,0,1.6,0.525,0.0422,0
3402,8180.0,0.0156,0.01622,277,0.9,0.57,0.0727,0
3403,12220.0,0.03734,0.03974,0,3.1,0.454,0.0403,0
3404,6650.0,0.01507,0.01611,0,4.7,0.445,0.032,0
3405,7860.0,0.01,0.01289,0,2.8,0.317,0.0521,0
3406,20040.0,0.01258,0.03494,0,4.7,0.371,0.0656,0
3407,16250.0,0.00341,0.00333,0,4.2,0.578,0.0526,0
3408,11360.0,0.02655,0.04665,0,4.1,0.461,0.0327,0
3409,4510.0,0.0092,0.00853,0,6.2,0.32,0.0669,0
3410,15820.0,0.01311,0.01945,0,5.3,0.519,0.0627,0
3411,11620.0,0.04705,0.07811,0,3.9,0.245,0.0589,0
3412,53150.0,0.01412,0.01797,0,5.7,0.311,0.0478,0
3413,27210.0,0.00497,0.0053,0,5.9,0.578,0.0371,0
3414,25840.0,0.00983,0.01519,338,5.3,0.381,0.0678,0
3415,5480.0,0.01679,0.02869,0,5.0,0.598,0.0468,0
3416,27930.0,0.05109,0.06641,0,6.7,0.275,0.0529,0
3417,2870.0,0.04119,0.01447,0,5.1,0.299,0.0793,0
3418,32040.0,0.0153,0.04167,0,4.6,0.499,0.063,0
3419,16740.0,0.01536,0.02566,0,1.2,0.483,0.0639,0
3420,10960.0,0.03511,0.06684,0,2.4,0.318,0.0469,0
3421,26130.0,0.03455,0.04665,47,5.1,0.203,0.0468,0
3422,23190.0,0.01595,0.04483,0,2.4,0.23,0.0541,0
3423,22410.0,0.06481,0.04118,0,2.8,0.502,0.0371,0
3424,3120.0,0.04126,0.06174,0,3.6,0.209,0.0332,0
3425,20030.0,0.00894,0.00784,0,6.5,0.209,0.071,0
3426,5930.0,0.00512,0.00605,0,3.9,0.486,0.0701,0
3427,12400.0,0.03111,0.01984,0,3.9,0.306,0.0483,0
3428,5050.0,0.01945,0.01585,0,1.9,0.213,0.0462,0
3429,6900.0,0.0145,0.01456,0,4.5,0.548,0.0411,0
3430,16900.0,0.01643,0.01172,0,0.9,0.591,0.0613,0
3431,17990.0,0.07727,0.1322,0,1.2,0.232,0.0435,1
3432,2740.0,0.02685,0.01645,0,5.6,0.242,0.0448,0
3433,4130.0,0.03454,0.03672,0,6.1,0.596,0.032,0
3434,12940.0,0.01391,0.01089,0,2.8,0.498,0.0549,0
3435,37900.0,0.00692,0.00461,0,6.3,0.419,0.0731,0
3436,12400.0,0.01,0.00619,0,3.3,0.2,0.0473,0
3437,17400.0,0.05369,0.05523,0,4.4,0.352,0.0624,0
3438,13500.0,0.04875,0.03833,0,5.2,0.353,0.0721,0
3439,3740.0,0.02394,0.00575,0,1.4,0.53,0.033,0
3440,20830.0,0.01577,0.02474,0,1.7,0.43,0.0438,0
3441,1000.0,0.01242,0.02007,0,3.3,0.564,0.0627,0
3442,30600.0,0.00387,0.006,255,1.9,0.284,0.068,0
3443,10400.0,0.04077,0.13029,0,2.1,0.348,0.0757,0
3444,6150.0,0.00784,0.00478,0,5.0,0.349,0.0703,0
3445,12480.0,0.01249,0.01027,0,2.8,0.573,0.0787,0
3446,10880.0,0.06799,0.09365,0,1.4,0.488,0.034,0
3447,4810.0,0.01237,0.01908,0,4.4,0.285,0.0698,0
3448,54100.0,0.07224,0.05082,0,3.3,0.235,0.0418,0
3449,5880.0,0.0263,0.04372,0,2.8,0.501,0.0491,0
3450,16500.0,0.02932,0.10438,0,3.2,0.416,0.0566,0
3451,5450.0,0.0435,0.09659,0,1.3,0.266,0.0462,0
3452,24530.0,0.01968,0.02685,0,4.2,0.357,0.0732,0
3453,9170.0,0.02193,0.04473,0,0.7,0.261,0.0779,0
3454,10260.0,0.00614,0.00555,0,1.3,0.297,0.0771,0
3455,31230.0,0.00788,0.01265,0,2.6,0.462,0.0454,0
3456,9660.0,0.01477,0.01084,0,6.0,0.247,0.041,1
3457,4210.0,0.00752,0.02415,0,2.6,0.445,0.0316,0
3458,14370.0,0.02799,0.0375,0,2.2,0.204,0.0355,0
3459,4530.0,0.03125,0.03859,0,0.9,0.538,0.061,0
3460,4170.0,0.01495,0.01871,0,4.1,0.502,0.0342,0
3461,4260.0,0.03781,0.01983,0,4.0,0.37,0.0771,0
3462,24520.0,0.02741,0.04287,0,2.8,0.232,0.0739,0
3463,9040.0,0.01104,0.01889,0,2.9,0.385,0.0445,0
3464,11110.0,0.00727,0.00809,0,5.4,0.545,0.0406,0
3465,20060.0,0.02609,0.15453,0,6.9,0.404,0.0615,0
3466,5300.0,0.04915,0.06003,0,4.3,0.26,0.0477,0
3467,27820.0,0.05073,0.17162,0,1.2,0.596,0.0493,0
3468,31820.0,0.01409,0.01935,0,1.6,0.44,0.0746,0
3469,19960.0,0.01615,0.10271,0,3.9,0.466,0.0546,0
3470,18400.0,0.02925,0.03497,0,1.5,0.569,0.0505,0
3471,4670.0,0.02705,0.01708,0,5.2,0.356,0.0577,0
3472,22760.0,0.00722,0.0204,0,4.1,0.341,0.0393,0
3473,8100.0,0.02291,0.02009,0,4.0,0.496,0.0365,0
3474,3160.0,0.02639,0.0419,0,5.8,0.55,0.0481,0
3475,2460.0,0.00736,0.00424,0,6.4,0.227,0.0618,0
3476,16070.0,0.00567,0.0022,66,6.2,0.491,0.0455,0
3477,20680.0,0.02801,0.0589,65,3.3,0.562,0.0664,0
3478,6460.0,0.01286,0.01086,0,0.9,0.368,0.0683,0
3479,7710.0,0.00699,0.00709,0,5.7,0.351,0.0775,0
3480,11570.0,0.00587,0.00532,0,0.9,0.496,0.0726,0
3481,27590.0,0.02598,0.01829,0,6.9,0.313,0.0736,0
3482,23180.0,0.02264,0.03526,0,1.0,0.326,0.0597,0
3483,39100.0,0.00769,0.01347,0,1.9,0.464,0.0653,0
3484,23260.0,0.00836,0.00938,0,1.3,0.236,0.0422,0
3485,25690.0,0.01859,0.01435,0,5.9,0.336,0.0338,0
3486,9370.0,0.01316,0.02671,0,5.4,0.313,0.061,0
3487,3470.0,0.02915,0.12239,0,3.8,0.509,0.0518,0
3488,2040.0,0.00707,0.00856,0,4.1,0.485,0.0541,0
3489,4060.0,0.01567,0.01919,0,3.9,0.258,0.0732,0
3490,7500.0,0.01659,0.02077,0,1.6,0.525,0.0775,0
3491,5930.0,0.03872,0.04067,0,3.4,0.218,0.0783,0
3492,55870.0,0.01633,0.0407,0,0.9,0.372,0.0543,0
3493,9130.0,0.02131,0.01293,0,5.7,0.574,0.0609,0
3494,23320.0,0.02826,0.04522,0,3.3,0.515,0.0759,0
3495,13740.0,0.03811,0.04145,0,2.9,0.21,0.0712,0
3496,6720.0,0.01918,0.0122,0,7.0,0.464,0.046,0
3497,7150.0,0.01527,0.02656,0,5.1,0.38,0.0338,0
3498,25070.0,0.01193,0.018,0,6.6,0.245,0.0683,0
3499,12950.0,0.01248,0.03128,0,4.8,0.499,0.0459,0
3500,17030.0,0.00736,0.00657,0,0.8,0.341,0.0661,0
3501,15760.0,0.05741,0.05842,0,5.4,0.436,0.0453,0
3502,6800.0,0.01216,0.01507,0,3.0,0.276,0.0663,0
3503,24720.0,0.03201,0.04886,0,1.3,0.429,0.0757,0
3504,6500.0,0.07179,0.04856,0,6.5,0.568,0.0786,0
3505,16560.0,0.02257,0.02538,0,6.2,0.506,0.0407,0
3506,7560.0,0.0461,0.02361,0,6.2,0.273,0.0687,0
3507,12920.0,0.06195,0.07085,0,1.4,0.474,0.0481,0
3508,19890.0,0.03641,0.06181,0,6.5,0.469,0.0478,0
3509,19780.0,0.02121,0.06383,0,6.5,0.534,0.0338,0
3510,9200.0,0.00904,0.01059,0,1.4,0.544,0.072,0
3511,35100.0,0.04946,0.13368,0,4.3,0.549,0.0645,0
3512,14450.0,0.02121,0.01206,0,6.9,0.469,0.0626,0
3513,3960.0,0.02903,0.04511,0,4.3,0.535,0.0489,0
3514,20290.0,0.00558,0.01149,0,5.9,0.536,0.0409,0
3515,55900.0,0.02098,0.01483,0,6.7,0.285,0.0707,0
3516,7070.0,0.02721,0.03766,89,5.3,0.284,0.0766,0
3517,3740.0,0.03069,0.05958,0,2.2,0.444,0.0505,0
3518,10440.0,0.03001,0.01598,0,4.3,0.221,0.0395,0
3519,4930.0,0.0118,0.028,0,3.4,0.42,0.0316,0
3520,17040.0,0.01867,0.03453,0,3.8,0.512,0.066,0
3521,14690.0,0.01394,0.02144,0,4.1,0.488,0.0626,0
3522,9580.0,0.01924,0.0286,0,2.5,0.411,0.0528,0
3523,9180.0,0.01445,0.00673,0,6.8,0.363,0.0475,1
3524,12610.0,0.01757,0.0397,0,3.0,0.528,0.0535,0
3525,11320.0,0.05964,0.04081,0,6.6,0.319,0.0599,0
3526,7870.0,0.02026,0.01092,0,4.4,0.574,0.0608,0
3527,2520.0,0.00762,0.01332,12,3.0,0.6,0.0766,0
3528,9140.0,0.00897,0.01349,61,1.7,0.357,0.062,0
3529,35450.0,0.02104,0.01521,0,1.1,0.237,0.0647,0
3530,12270.0,0.02118,0.00974,0,5.6,0.486,0.0709,0
3531,27800.0,0.00895,0.00989,0,6.5,0.562,0.0535,0
3532,16180.0,0.02562,0.01912,0,3.4,0.585,0.0528,0
3533,10580.0,0.03371,0.0588,0,1.2,0.438,0.0617,0
3534,8430.0,0.01231,0.01439,0,4.5,0.347,0.0672,0
3535,22670.0,0.06107,0.05512,0,0.8,0.334,0.0679,0
3536,6730.0,0.03274,0.0239,0,3.9,0.371,0.0387,0
3537,6390.0,0.06052,0.0729,0,6.2,0.256,0.0604,0
3538,14540.0,0.02589,0.04777,0,6.1,0.492,0.0409,0
3539,10100.0,0.13138,0.24009,0,5.0,0.579,0.0477,0
3540,26660.0,0.04523,0.02952,0,5.8,0.478,0.052,0
3541,8980.0,0.00873,0.01109,0,5.9,0.384,0.0757,0
3542,2710.0,0.01491,0.05043,0,5.6,0.237,0.0486,0
3543,22570.0,0.03768,0.05409,0,5.9,0.399,0.035,0
3544,7900.0,0.05676,0.1342,0,2.6,0.334,0.052,0
3545,4700.0,0.04232,0.04307,0,1.5,0.368,0.0578,0
3546,5980.0,0.00789,0.01658,0,2.2,0.214,0.043,0
3547,9940.0,0.05946,0.05126,0,4.3,0.228,0.08,0
3548,65090.0,0.01752,0.01366,0,1.6,0.382,0.0572,0
3549,16430.0,0.00889,0.00334,0,2.1,0.214,0.059,0
3550,8270.0,0.04129,0.06718,0,6.3,0.427,0.0684,0
3551,4750.0,0.02218,0.0431,0,2.8,0.579,0.0768,0
3552,10730.0,0.04244,0.05216,0,3.4,0.361,0.0414,0
3553,6270.0,0.03225,0.02843,0,0.9,0.251,0.0696,0
3554,8040.0,0.02514,0.08868,0,1.5,0.425,0.0553,0
3555,7190.0,0.01639,0.02617,0,4.3,0.262,0.0628,0
3556,4910.0,0.01949,0.03196,0,1.3,0.318,0.0574,0
3557,6870.0,0.05815,0.13636,0,6.6,0.256,0.0638,0
3558,13720.0,0.01294,0.0235,0,2.0,0.576,0.0799,0
3559,8710.0,0.00278,0.00378,0,2.1,0.392,0.0511,0
3560,5190.0,0.04502,0.04414,54,1.8,0.257,0.0638,0
3561,11280.0,0.0195,0.02391,0,1.3,0.502,0.0318,0
3562,8290.0,0.01376,0.00558,0,6.3,0.461,0.0343,0
3563,10070.0,0.07076,0.20061,0,6.7,0.534,0.0712,0
3564,14580.0,0.06771,0.05869,0,4.6,0.587,0.0644,0
3565,22680.0,0.01654,0.01665,73,1.9,0.486,0.0558,0
3566,45080.0,0.00513,0.00503,155,4.5,0.35,0.0727,0
3567,19950.0,0.03197,0.07197,0,6.7,0.578,0.0594,0
3568,20100.0,0.03424,0.01279,0,2.6,0.262,0.0557,0
3569,29680.0,0.01807,0.01562,19,5.6,0.347,0.0401,0
3570,12790.0,0.02697,0.02189,0,6.2,0.553,0.039,0
3571,13300.0,0.01259,0.01153,0,6.7,0.415,0.0778,0
3572,1760.0,0.0219,0.01541,0,2.4,0.453,0.0687,0
3573,14390.0,0.03109,0.01955,0,4.1,0.51,0.0613,0
3574,9130.0,0.02129,0.01032,0,3.4,0.586,0.0449,0
3575,7610.0,0.05067,0.09955,0,4.6,0.557,0.0778,0
3576,12070.0,0.02122,0.0165,0,4.9,0.274,0.0729,0
3577,12360.0,0.00762,0.00363,0,2.2,0.504,0.0314,0
3578,18450.0,0.0118,0.03883,0,6.4,0.454,0.0694,0
3579,6820.0,0.02505,0.05443,0,5.4,0.505,0.0365,0
3580,5760.0,0.03367,0.01504,0,6.4,0.533,0.0705,0
3581,9020.0,0.00951,0.01096,0,1.6,0.268,0.0335,0
3582,20330.0,0.04569,0.13694,0,6.2,0.332,0.0486,0
3583,4080.0,0.00958,0.00555,0,7.0,0.377,0.0544,0
3584,31480.0,0.01666,0.01041,0,6.2,0.498,0.0555,0
3585,4290.0,0.02223,0.02033,0,2.2,0.569,0.064,0
3586,9030.0,0.00671,0.01338,0,3.6,0.58,0.0715,0
3587,15480.0,0.03306,0.03027,0,5.8,0.322,0.0433,0
3588,22630.0,0.01043,0.01029,0,3.7,0.348,0.0557,0
3589,5520.0,0.07284,0.17906,0,6.3,0.585,0.0512,0
3590,17750.0,0.02232,0.05169,0,4.2,0.576,0.0451,0
3591,9290.0,0.03125,0.08537,77,5.7,0.428,0.0434,0
3592,26780.0,0.01032,0.01814,0,0.8,0.573,0.0492,0
3593,8010.0,0.01503,0.03027,239,1.8,0.493,0.0587,0
3594,7460.0,0.063,0.07116,0,1.8,0.511,0.0487,0
3595,22400.0,0.01911,0.01346,228,6.2,0.247,0.0711,0
3596,8820.0,0.04053,0.04089,0,3.8,0.329,0.0371,0
3597,5300.0,0.02434,0.03248,0,2.0,0.252,0.0596,0
3598,38940.0,0.04468,0.03094,0,1.5,0.282,0.0593,0
3599,13200.0,0.02632,0.04326,0,6.6,0.394,0.0777,0
3600,4240.0,0.01875,0.01531,0,1.4,0.282,0.0538,0
3601,7770.0,0.01865,0.03314,0,2.4,0.3,0.0612,0
3602,13780.0,0.05265,0.07076,0,6.7,0.223,0.0783,0
3603,4960.0,0.0219,0.01037,0,2.5,0.296,0.0317,0
3604,4560.0,0.01354,0.0257,0,3.0,0.497,0.0469,0
3605,15940.0,0.01144,0.01276,0,0.7,0.426,0.0759,1
3606,18470.0,0.0599,0.1645,19,5.1,0.543,0.0339,0
3607,71200.0,0.0079,0.0229,42,4.3,0.587,0.0341,0
3608,27490.0,0.04768,0.0632,0,2.4,0.274,0.0751,0
3609,17830.0,0.03486,0.06935,0,3.3,0.547,0.0523,0
3610,21230.0,0.01189,0.01298,0,1.2,0.477,0.044,0
3611,10710.0,0.00735,0.00586,0,2.0,0.491,0.075,0
3612,1000.0,0.02007,0.02073,0,4.7,0.557,0.0491,0
3613,10320.0,0.04351,0.04087,0,4.4,0.216,0.0774,0
3614,5650.0,0.05901,0.14317,0,5.8,0.337,0.0558,0
3615,5090.0,0.01272,0.00981,0,5.8,0.234,0.0432,0
3616,4210.0,0.03036,0.02575,0,6.4,0.426,0.077,0
3617,6500.0,0.00656,0.01062,0,6.2,0.203,0.0715,0
3618,12890.0,0.0327,0.04085,0,4.1,0.341,0.0349,0
3619,2940.0,0.01803,0.02967,0,1.8,0.295,0.0769,1
3620,21240.0,0.0256,0.05657,0,1.0,0.244,0.044,0
3621,66310.0,0.01204,0.00638,3,2.5,0.557,0.0527,0
3622,4250.0,0.01427,0.02978,0,6.1,0.565,0.0447,0
3623,2400.0,0.03991,0.20398,0,1.2,0.346,0.0679,0
3624,12850.0,0.00491,0.00298,0,4.0,0.552,0.0655,0
3625,47260.0,0.03446,0.01746,0,1.3,0.503,0.0577,0
3626,13650.0,0.00568,0.00344,55,6.3,0.213,0.0578,0
3627,12120.0,0.06012,0.05873,0,1.2,0.226,0.055,0
3628,1830.0,0.02046,0.01849,0,6.6,0.272,0.0656,0
3629,4250.0,0.01856,0.02361,0,3.6,0.208,0.0734,0
3630,3820.0,0.01854,0.07654,0,4.7,0.53,0.0564,0
3631,4200.0,0.0164,0.02595,62,2.3,0.53,0.0362,0
3632,9970.0,0.02727,0.0436,0,1.5,0.418,0.0338,0
3633,22190.0,0.0183,0.02731,0,5.3,0.598,0.0778,0
3634,10110.0,0.02403,0.01713,0,5.2,0.231,0.0442,0
3635,1000.0,0.05275,0.13442,0,1.3,0.377,0.043,0
3636,4490.0,0.01591,0.04571,0,6.8,0.415,0.0617,0
3637,19550.0,0.01539,0.0165,0,4.5,0.238,0.0635,0
3638,8060.0,0.01168,0.00339,0,0.7,0.545,0.0498,0
3639,22220.0,0.01284,0.01181,0,2.2,0.322,0.0789,0
3640,8570.0,0.01565,0.01548,0,1.9,0.355,0.0795,0
3641,9430.0,0.02139,0.01459,0,4.9,0.402,0.0541,0
3642,8320.0,0.02652,0.00755,0,3.4,0.577,0.0591,0
3643,16030.0,0.00692,0.00664,0,3.9,0.493,0.076,0
3644,15550.0,0.01855,0.01323,0,2.7,0.453,0.0573,0
3645,11400.0,0.01731,0.02884,0,6.2,0.369,0.0686,0
3646,9010.0,0.02234,0.05519,0,6.1,0.396,0.0537,0
3647,8230.0,0.02974,0.03927,0,3.1,0.306,0.0492,0
3648,4280.0,0.01501,0.02584,0,5.1,0.241,0.0398,0
3649,6670.0,0.01914,0.01964,0,6.2,0.401,0.0553,0
3650,5370.0,0.03455,0.03495,0,6.4,0.335,0.0326,0
3651,27760.0,0.04832,0.09665,0,5.6,0.429,0.0522,0
3652,28740.0,0.01988,0.00717,0,1.5,0.387,0.0392,0
3653,44900.0,0.03303,0.0231,0,2.6,0.37,0.0523,0
3654,4990.0,0.03644,0.04557,0,2.9,0.233,0.058,0
3655,13050.0,0.05547,0.02699,0,2.9,0.203,0.0773,0
3656,11640.0,0.00543,0.00693,0,2.0,0.459,0.0593,0
3657,75460.0,0.00489,0.00887,0,0.9,0.351,0.0388,0
3658,7450.0,0.00657,0.01072,0,6.9,0.264,0.0364,0
3659,24170.0,0.02715,0.03891,0,6.9,0.598,0.0616,0
3660,3710.0,0.01916,0.00949,0,2.4,0.498,0.0456,0
3661,6970.0,0.03527,0.04556,0,6.7,0.3,0.0661,0
3662,3870.0,0.02228,0.02055,0,5.7,0.365,0.059,0
3663,20530.0,0.0178,0.03631,0,6.8,0.407,0.0359,0
3664,6910.0,0.00537,0.00622,0,0.8,0.53,0.0366,0
3665,24880.0,0.04037,0.12894,0,5.6,0.418,0.078,0
3666,6200.0,0.01189,0.00844,0,3.6,0.503,0.0588,0
3667,41880.0,0.00734,0.0204,0,4.0,0.429,0.0763,0
3668,2930.0,0.01803,0.01568,0,5.6,0.532,0.0526,0
3669,15850.0,0.0637,0.04414,0,2.4,0.556,0.0638,0
3670,16400.0,0.00988,0.01873,0,1.7,0.273,0.0765,0
3671,2310.0,0.01052,0.01436,0,6.1,0.48,0.0563,0
3672,5350.0,0.00301,0.00468,22,6.4,0.253,0.0505,0
3673,10810.0,0.00532,0.00403,0,0.6,0.458,0.0494,1
3674,15960.0,0.01652,0.0206,0,0.6,0.371,0.0392,0
3675,9460.0,0.02405,0.03228,0,5.6,0.479,0.0641,0
3676,5620.0,0.00775,0.00408,0,1.8,0.436,0.0699,0
3677,25960.0,0.01681,0.0097,0,4.7,0.446,0.0406,0
3678,62330.0,0.00813,0.01426,0,4.7,0.257,0.0596,0
3679,19800.0,0.01123,0.01193,0,1.6,0.401,0.0631,0
3680,8480.0,0.02065,0.05101,0,1.4,0.359,0.044,0
3681,3800.0,0.00631,0.00926,61,0.5,0.281,0.0349,0
3682,14190.0,0.01837,0.00833,147,2.5,0.525,0.046,0
3683,6310.0,0.04054,0.03465,0,6.2,0.265,0.0783,0
3684,8330.0,0.02577,0.02907,0,2.1,0.427,0.0728,0
3685,67970.0,0.02165,0.03839,0,0.5,0.401,0.0686,0
3686,5470.0,0.02475,0.01406,0,0.5,0.346,0.0347,0
3687,11800.0,0.0408,0.02116,0,3.1,0.57,0.0673,0
3688,11520.0,0.0284,0.01039,0,1.8,0.576,0.0418,0
3689,12360.0,0.00964,0.0358,0,3.5,0.261,0.0487,0
3690,42360.0,0.03161,0.05971,197,1.7,0.239,0.0779,1
3691,14770.0,0.02955,0.05693,0,4.1,0.422,0.0426,0
3692,11830.0,0.02295,0.01107,0,2.6,0.414,0.0356,0
3693,3340.0,0.08444,0.04421,0,2.3,0.214,0.0552,0
3694,47340.0,0.01512,0.02708,0,2.1,0.444,0.0686,0
3695,5040.0,0.01371,0.01104,0,4.3,0.439,0.0336,0
3696,11100.0,0.02365,0.08304,67,2.3,0.242,0.0656,0
3697,42230.0,0.0336,0.03851,0,5.1,0.309,0.0742,0
3698,32030.0,0.01774,0.03302,0,6.2,0.364,0.0781,0
3699,23260.0,0.02735,0.01413,0,1.1,0.569,0.0798,0
3700,14260.0,0.05099,0.05097,0,5.8,0.267,0.0627,0
3701,24850.0,0.03755,0.07037,0,5.9,0.385,0.049,0
3702,55100.0,0.0346,0.0382,0,2.7,0.481,0.0588,0
3703,50630.0,0.08738,0.13588,0,3.1,0.513,0.0305,0
3704,14650.0,0.01293,0.02742,0,4.6,0.334,0.0389,0
3705,11480.0,0.00395,0.00608,0,2.4,0.519,0.0361,0
3706,32910.0,0.01284,0.00573,0,1.5,0.478,0.0565,0
3707,8860.0,0.07484,0.17652,0,1.7,0.266,0.0725,0
3708,10550.0,0.01188,0.0595,0,6.2,0.246,0.0368,0
3709,31560.0,0.00978,0.00954,0,5.8,0.363,0.0666,0
3710,12050.0,0.00774,0.00822,0,2.7,0.409,0.0657,0
3711,11600.0,0.08491,0.04825,7,5.8,0.53,0.0379,0
3712,10270.0,0.04277,0.07729,0,4.1,0.487,0.0648,0
3713,10170.0,0.02309,0.06681,0,3.7,0.34,0.0398,0
3714,3940.0,0.03505,0.03255,0,7.0,0.434,0.0612,0
3715,71560.0,0.01497,0.01144,0,6.5,0.426,0.0355,0
3716,8710.0,0.01964,0.01301,0,0.6,0.208,0.0506,0
3717,4140.0,0.1577,0.20923,0,5.4,0.205,0.0465,0
3718,18250.0,0.02981,0.09237,0,2.5,0.515,0.0555,0
3719,7820.0,0.04376,0.09057,0,4.0,0.44,0.0702,1
3720,20240.0,0.01816,0.0274,0,2.8,0.28,0.0784,0
3721,23710.0,0.01088,0.01123,0,3.6,0.267,0.0395,0
3722,4870.0,0.01063,0.01563,0,3.3,0.516,0.0605,0
3723,10050.0,0.0255,0.07049,82,0.9,0.283,0.0624,0
3724,24570.0,0.00306,0.002,0,0.9,0.577,0.0448,0
3725,13640.0,0.0131,0.0064,0,2.8,0.549,0.0496,0
3726,28800.0,0.01355,0.02175,0,0.6,0.392,0.0549,0
3727,36730.0,0.01133,0.00733,0,1.5,0.327,0.0666,0
3728,3920.0,0.05313,0.09129,0,6.5,0.529,0.0673,0
3729,45030.0,0.00717,0.00893,0,5.3,0.35,0.0569,0
3730,2630.0,0.02056,0.02713,0,5.5,0.305,0.0638,0
3731,4210.0,0.00331,0.00213,0,2.4,0.246,0.0354,0
3732,13340.0,0.04895,0.05096,0,7.0,0.514,0.0437,0
3733,32850.0,0.01774,0.01391,0,1.4,0.543,0.0679,0
3734,7870.0,0.01356,0.01129,0,3.5,0.531,0.042,0
3735,6870.0,0.01504,0.01484,0,3.7,0.577,0.0685,0
3736,9480.0,0.02292,0.01913,0,3.9,0.323,0.0484,0
3737,18660.0,0.01875,0.0235,0,4.1,0.312,0.0608,0
3738,49920.0,0.04142,0.05008,35,2.2,0.556,0.0667,0
3739,41390.0,0.01221,0.01851,0,2.0,0.381,0.0325,0
3740,13050.0,0.01086,0.01337,0,6.9,0.337,0.0605,0
3741,4820.0,0.02438,0.01507,0,3.2,0.592,0.0491,0
3742,6600.0,0.01072,0.01116,0,1.1,0.461,0.0495,0
3743,8600.0,0.11022,0.19806,0,2.8,0.44,0.0362,0
3744,11720.0,0.03379,0.02009,75,4.5,0.408,0.0369,0
3745,10870.0,0.0209,0.0619,0,2.5,0.515,0.0523,0
3746,55490.0,0.06341,0.06901,0,1.2,0.273,0.0532,0
3747,21650.0,0.04046,0.06118,0,5.2,0.245,0.0339,0
3748,19580.0,0.02168,0.02888,21,5.4,0.422,0.0447,0
3749,53160.0,0.02545,0.00412,0,7.0,0.374,0.0304,0
3750,15200.0,0.01413,0.0065,0,4.6,0.401,0.0426,0
3751,103280.0,0.02546,0.02067,0,3.9,0.212,0.0612,0
3752,44880.0,0.01995,0.03054,0,6.2,0.31,0.0355,0
3753,13530.0,0.01541,0.0182,0,1.3,0.286,0.0795,0
3754,13680.0,0.01061,0.00521,0,5.4,0.283,0.0769,0
3755,10770.0,0.00971,0.00321,0,1.7,0.56,0.0714,0
3756,9930.0,0.0251,0.03943,0,2.2,0.297,0.0558,0
3757,3290.0,0.07176,0.07559,0,5.7,0.4,0.0596,0
3758,7610.0,0.0291,0.01987,0,6.1,0.259,0.0381,0
3759,6330.0,0.04305,0.03432,0,6.5,0.457,0.0571,0
3760,6520.0,0.03715,0.03515,0,2.1,0.392,0.0415,0
3761,26990.0,0.03253,0.03255,0,5.2,0.568,0.0646,0
3762,35240.0,0.0083,0.01613,0,5.9,0.383,0.0497,0
3763,4680.0,0.01661,0.00495,0,6.6,0.306,0.0506,0
3764,21940.0,0.01869,0.03387,0,1.5,0.251,0.0514,0
3765,2300.0,0.01806,0.0158,21,1.4,0.364,0.0591,1
3766,16540.0,0.01088,0.01219,0,3.0,0.466,0.0652,0
3767,18560.0,0.01738,0.01707,0,3.7,0.355,0.0694,0
3768,27400.0,0.02368,0.01272,0,1.7,0.35,0.0659,0
3769,7360.0,0.01641,0.03907,0,5.5,0.584,0.0403,0
3770,8210.0,0.05186,0.06122,0,2.1,0.262,0.0634,0
3771,3760.0,0.05389,0.03261,0,4.7,0.206,0.0676,0
3772,14950.0,0.01649,0.02159,0,6.3,0.469,0.0582,0
3773,11540.0,0.01028,0.00955,0,5.9,0.33,0.0565,0
3774,14210.0,0.01435,0.02426,0,1.2,0.344,0.0696,0
3775,11240.0,0.01512,0.01121,0,3.8,0.418,0.0518,0
3776,10410.0,0.0146,0.00535,8,2.8,0.499,0.058,0
3777,28800.0,0.01271,0.0278,0,1.5,0.508,0.0327,0
3778,7670.0,0.008,0.00219,0,6.8,0.563,0.0502,0
3779,8790.0,0.00599,0.0206,0,5.6,0.309,0.0537,0
3780,14550.0,0.03806,0.02905,0,0.9,0.253,0.0561,0
3781,8270.0,0.0256,0.03132,0,5.9,0.47,0.0575,0
3782,2270.0,0.0126,0.02581,0,3.8,0.475,0.0305,0
3783,5450.0,0.00789,0.00797,37,3.0,0.243,0.0703,0
3784,8780.0,0.04147,0.04786,85,5.6,0.266,0.0763,0
3785,9050.0,0.00447,0.0032,0,0.9,0.574,0.0435,0
3786,13790.0,0.01754,0.01573,0,1.2,0.469,0.0706,0
3787,6760.0,0.0236,0.03341,0,2.3,0.557,0.0707,0
3788,40520.0,0.01543,0.02561,0,5.5,0.48,0.0385,0
3789,3760.0,0.01895,0.02447,0,1.7,0.524,0.045,0
3790,3660.0,0.02189,0.01534,0,2.6,0.495,0.0489,0
3791,6220.0,0.00254,0.00596,0,3.0,0.282,0.0366,0
3792,23160.0,0.02977,0.03223,0,5.0,0.369,0.0542,0
3793,8370.0,0.01303,0.00437,0,4.4,0.38,0.0704,0
3794,5590.0,0.01414,0.01428,0,4.5,0.271,0.0646,0
3795,6820.0,0.0172,0.01458,0,7.0,0.356,0.031,0
3796,10420.0,0.04621,0.02999,0,6.9,0.207,0.0641,0
3797,31110.0,0.02373,0.04786,0,1.5,0.537,0.0485,0
3798,18990.0,0.02488,0.07675,0,1.6,0.493,0.049,0
3799,4460.0,0.01596,0.02289,0,3.3,0.276,0.0736,0
3800,7290.0,0.01681,0.02334,0,1.5,0.557,0.031,0
3801,10860.0,0.007,0.01973,0,3.1,0.466,0.058,0
3802,3440.0,0.02167,0.03354,0,3.2,0.41,0.0792,0
3803,12800.0,0.00669,0.00376,0,2.4,0.445,0.0391,0
3804,3490.0,0.01778,0.02788,0,1.9,0.467,0.0517,0
3805,31250.0,0.01024,0.00859,0,1.8,0.244,0.0304,0
3806,17360.0,0.02609,0.01552,0,1.1,0.408,0.0661,1
3807,35740.0,0.0156,0.01022,0,0.9,0.498,0.0311,0
3808,3570.0,0.01295,0.00567,0,2.9,0.237,0.0365,0
3809,33440.0,0.05056,0.03856,0,5.6,0.313,0.078,0
3810,3070.0,0.02045,0.01598,0,4.3,0.217,0.0785,0
3811,6820.0,0.01541,0.01051,17,5.7,0.51,0.0477,0
3812,5140.0,0.02425,0.07115,0,4.6,0.553,0.0689,0
3813,34400.0,0.01151,0.01043,0,3.0,0.414,0.0789,0
3814,36490.0,0.01174,0.01625,0,1.9,0.53,0.0371,0
3815,19780.0,0.05404,0.06796,0,6.7,0.327,0.0686,0
3816,7130.0,0.01608,0.01305,0,2.5,0.46,0.0539,0
3817,12340.0,0.0115,0.00832,0,2.4,0.506,0.0551,0
3818,10390.0,0.0104,0.01434,0,6.5,0.46,0.0466,0
3819,17460.0,0.00749,0.00861,0,1.3,0.562,0.0417,0
3820,10000.0,0.02442,0.02411,0,6.8,0.334,0.0536,0
3821,13280.0,0.01513,0.01839,0,2.9,0.587,0.0342,0
3822,23270.0,0.01785,0.00896,0,2.5,0.537,0.0735,0
3823,24230.0,0.01619,0.03381,0,1.1,0.438,0.0652,0
3824,5580.0,0.05239,0.06188,0,5.6,0.367,0.0437,0
3825,4230.0,0.0368,0.03197,0,4.8,0.332,0.0622,0
3826,4320.0,0.00721,0.01231,0,5.8,0.424,0.0522,0
3827,2980.0,0.02785,0.06994,0,3.5,0.502,0.04,0
3828,5110.0,0.01528,0.01842,0,5.6,0.222,0.0757,0
3829,2420.0,0.0196,0.03114,27,0.7,0.221,0.0416,0
3830,10670.0,0.01828,0.0068,0,3.8,0.218,0.0563,0
3831,23870.0,0.01613,0.08136,0,2.0,0.206,0.035,0
3832,12560.0,0.03906,0.06119,0,3.0,0.453,0.055,0
3833,9690.0,0.01613,0.01613,0,2.1,0.484,0.0583,0
3834,7310.0,0.0668,0.09757,0,2.1,0.512,0.0775,0
3835,23790.0,0.01586,0.01134,0,6.6,0.455,0.0411,0
3836,13540.0,0.03045,0.02253,0,5.8,0.56,0.0755,0
3837,16680.0,0.0148,0.01723,0,5.2,0.402,0.0467,0
3838,2270.0,0.01016,0.05265,0,4.1,0.578,0.0396,0
3839,3760.0,0.00707,0.01151,0,5.3,0.595,0.0492,0
3840,5380.0,0.01614,0.00788,0,6.3,0.268,0.0352,0
3841,23650.0,0.00586,0.00953,0,1.6,0.511,0.0434,0
3842,6430.0,0.00951,0.0152,0,4.6,0.491,0.0416,0
3843,6270.0,0.0152,0.03698,0,4.9,0.214,0.0564,0
3844,3230.0,0.01808,0.02206,0,4.0,0.358,0.0626,0
3845,3900.0,0.04588,0.03499,0,3.3,0.371,0.0422,0
3846,7130.0,0.00669,0.00882,0,4.9,0.456,0.0319,0
3847,3570.0,0.02054,0.01855,0,5.6,0.476,0.0523,0
3848,10950.0,0.00401,0.0048,0,1.9,0.565,0.0633,0
3849,24810.0,0.01071,0.00769,0,1.5,0.431,0.0404,0
3850,15320.0,0.01288,0.00754,0,1.4,0.524,0.0647,0
3851,8200.0,0.0098,0.00975,0,1.7,0.319,0.0535,0
3852,18190.0,0.01324,0.01039,0,2.9,0.36,0.0747,0
3853,7800.0,0.05211,0.15786,0,2.6,0.23,0.0694,0
3854,39120.0,0.01603,0.00949,0,6.8,0.589,0.0521,0
3855,11560.0,0.01179,0.01736,0,3.5,0.311,0.041,0
3856,7130.0,0.03534,0.05222,0,6.5,0.59,0.047,0
3857,12020.0,0.04288,0.02973,0,4.9,0.402,0.0598,0
3858,10620.0,0.01695,0.01506,0,2.4,0.276,0.0571,0
3859,18720.0,0.04262,0.03041,0,5.7,0.469,0.0798,0
3860,7300.0,0.02259,0.04795,0,4.5,0.221,0.0481,0
3861,5080.0,0.02807,0.06234,0,2.8,0.295,0.0575,0
3862,44220.0,0.07936,0.14756,64,6.6,0.562,0.0346,0
3863,6550.0,0.02313,0.01526,0,2.8,0.541,0.0685,0
3864,15110.0,0.06932,0.14063,0,1.7,0.371,0.035,0
3865,8810.0,0.0188,0.02432,0,5.7,0.27,0.0649,0
3866,7470.0,0.02302,0.03315,0,4.2,0.427,0.0334,0
3867,12030.0,0.01187,0.01501,0,6.1,0.441,0.0408,0
3868,11540.0,0.012,0.01533,38,1.6,0.474,0.0556,0
3869,4550.0,0.02075,0.01637,77,4.1,0.34,0.0508,0
3870,4700.0,0.0336,0.04158,0,3.1,0.407,0.0601,0
3871,7380.0,0.01255,0.00716,0,6.6,0.401,0.0577,0
3872,5320.0,0.01458,0.03622,0,0.8,0.486,0.0487,0
3873,6530.0,0.01728,0.04087,0,5.4,0.226,0.0397,0
3874,7860.0,0.02924,0.06577,0,6.6,0.384,0.0773,0
3875,3270.0,0.04927,0.05475,78,6.7,0.548,0.0376,0
3876,10520.0,0.03249,0.07846,0,4.3,0.286,0.0613,0
3877,23390.0,0.0161,0.01228,0,5.8,0.586,0.0718,0
3878,6600.0,0.02469,0.06092,0,7.0,0.343,0.0679,0
3879,13460.0,0.00715,0.00645,0,0.9,0.323,0.066,0
3880,9430.0,0.00723,0.0156,0,4.2,0.285,0.0386,0
3881,3630.0,0.01788,0.00771,0,2.7,0.57,0.0748,0
3882,5470.0,0.01243,0.0179,0,5.7,0.432,0.0404,0
3883,13480.0,0.01882,0.02184,34,2.5,0.492,0.0447,0
3884,4000.0,0.03949,0.04074,25,1.3,0.453,0.054,0
3885,14730.0,0.02237,0.06299,0,6.9,0.493,0.0498,0
3886,4260.0,0.01733,0.04115,0,5.3,0.299,0.0644,0
3887,12900.0,0.0046,0.00476,0,3.3,0.551,0.0457,0
3888,11560.0,0.09699,0.28335,0,6.0,0.25,0.0426,0
3889,12660.0,0.00787,0.0164,0,3.6,0.21,0.0668,0
3890,28030.0,0.00949,0.0226,0,4.4,0.464,0.0303,0
3891,10400.0,0.01949,0.05423,0,1.7,0.238,0.0478,0
3892,7370.0,0.02152,0.0346,0,1.3,0.539,0.0555,0
3893,14040.0,0.02875,0.01896,0,6.7,0.275,0.0588,0
3894,13650.0,0.00709,0.00713,51,5.8,0.287,0.0493,0
3895,38860.0,0.01478,0.00798,0,5.7,0.369,0.0702,0
3896,19080.0,0.01457,0.01735,0,6.7,0.478,0.0453,0
3897,33180.0,0.00708,0.01032,0,6.4,0.271,0.0525,0
3898,3900.0,0.01698,0.01593,0,6.7,0.267,0.0766,0
3899,5250.0,0.022,0.02303,0,5.7,0.373,0.0387,0
3900,23260.0,0.01314,0.00481,0,2.9,0.499,0.037,0
3901,24420.0,0.00539,0.00388,13,2.8,0.429,0.0357,0
3902,6040.0,0.02034,0.01716,0,4.7,0.578,0.0544,0
3903,34020.0,0.03699,0.04361,0,3.0,0.417,0.0602,0
3904,16250.0,0.02234,0.02653,22,2.0,0.503,0.0617,0
3905,8840.0,0.00761,0.0066,0,2.0,0.588,0.0389,0
3906,14270.0,0.03502,0.02991,0,2.7,0.424,0.045,0
3907,13350.0,0.06443,0.14307,0,5.7,0.505,0.0795,0
3908,16960.0,0.01274,0.00355,0,3.3,0.4,0.0337,0
3909,4940.0,0.02089,0.01313,0,3.1,0.32,0.0419,0
3910,25600.0,0.03629,0.04999,0,6.9,0.539,0.0389,0
3911,64790.0,0.01425,0.01573,0,7.0,0.202,0.0372,0
3912,4550.0,0.01196,0.02591,0,3.5,0.439,0.057,0
3913,5990.0,0.03381,0.03807,0,2.6,0.209,0.0785,0
3914,7700.0,0.03424,0.05829,0,4.8,0.449,0.0772,0
3915,7720.0,0.00628,0.00862,0,1.8,0.45,0.0639,0
3916,17090.0,0.03275,0.01505,0,3.4,0.517,0.0354,0
3917,13690.0,0.00785,0.01714,25,3.1,0.362,0.0569,0
3918,7820.0,0.01435,0.01097,0,0.9,0.307,0.0769,0
3919,17030.0,0.01333,0.0099,0,1.7,0.225,0.0555,0
3920,12820.0,0.07051,0.03439,0,3.0,0.413,0.0432,0
3921,24280.0,0.04817,0.03734,0,0.5,0.509,0.0735,0
3922,10060.0,0.0085,0.00664,0,3.6,0.596,0.0477,0
3923,6380.0,0.03175,0.0608,0,3.3,0.243,0.0386,0
3924,21140.0,0.01562,0.01155,0,6.0,0.579,0.0788,0
3925,5580.0,0.01042,0.01259,0,6.6,0.52,0.0703,0
3926,5140.0,0.02695,0.02852,0,6.0,0.281,0.0676,0
3927,8610.0,0.00929,0.00762,0,5.5,0.411,0.0791,0
3928,15280.0,0.02088,0.02822,0,4.8,0.35,0.0718,0
3929,9580.0,0.0315,0.07796,0,6.0,0.313,0.0413,0
3930,4490.0,0.03948,0.03249,0,3.4,0.479,0.0667,0
3931,118060.0,0.06346,0.03763,0,6.0,0.518,0.0432,0
3932,8520.0,0.06598,0.04524,97,5.5,0.435,0.055,0
3933,9330.0,0.01906,0.01249,0,4.0,0.259,0.0327,0
3934,36420.0,0.04613,0.02336,0,2.9,0.385,0.0711,0
3935,20220.0,0.00753,0.0088,0,5.1,0.384,0.059,0
3936,39320.0,0.07569,0.03858,0,1.3,0.558,0.0684,0
3937,15960.0,0.05827,0.07157,0,1.4,0.487,0.0387,0
3938,49500.0,0.10588,0.04988,0,0.9,0.205,0.0468,0
3939,9520.0,0.01973,0.01895,0,1.9,0.349,0.0563,0
3940,3700.0,0.0193,0.04074,0,1.5,0.31,0.0765,0
3941,12150.0,0.00657,0.0046,0,6.4,0.204,0.0543,0
3942,3160.0,0.00784,0.02112,0,5.6,0.524,0.0771,0
3943,10680.0,0.01688,0.0315,30,5.6,0.369,0.0708,0
3944,2620.0,0.01196,0.00297,0,2.0,0.213,0.0669,0
3945,11640.0,0.009,0.00364,0,5.6,0.388,0.073,0
3946,3150.0,0.0278,0.04258,0,6.8,0.222,0.0591,0
3947,37140.0,0.02153,0.03437,0,2.2,0.283,0.0679,0
3948,8300.0,0.03791,0.04856,0,1.5,0.223,0.0456,0
3949,3310.0,0.01004,0.01376,0,6.9,0.497,0.0774,0
3950,10380.0,0.02478,0.12547,0,5.7,0.564,0.0367,0
3951,13770.0,0.01848,0.03974,0,3.2,0.376,0.038,0
3952,9050.0,0.02473,0.01582,0,5.8,0.377,0.0431,0
3953,4880.0,0.03448,0.05576,0,6.2,0.233,0.059,0
3954,14980.0,0.04413,0.04523,0,2.7,0.559,0.033,0
3955,5940.0,0.0237,0.0202,0,4.2,0.532,0.0654,0
3956,13560.0,0.02274,0.00709,0,4.8,0.214,0.0624,0
3957,7570.0,0.07347,0.1152,45,0.9,0.296,0.0598,0
3958,10420.0,0.03404,0.05379,0,0.8,0.295,0.0576,0
3959,7600.0,0.01944,0.03891,0,2.8,0.337,0.0505,0
3960,12560.0,0.04369,0.08051,0,3.7,0.224,0.0715,0
3961,14770.0,0.01116,0.01852,0,1.4,0.354,0.0696,0
3962,9110.0,0.12963,0.07223,0,4.6,0.261,0.031,0
3963,8550.0,0.03201,0.08096,46,6.3,0.324,0.0481,0
3964,10440.0,0.02018,0.02424,0,1.8,0.413,0.0455,0
3965,5300.0,0.23299,0.37075,0,5.8,0.401,0.031,0
3966,7310.0,0.01044,0.01302,0,2.8,0.324,0.031,0
3967,5050.0,0.03797,0.07714,0,6.4,0.442,0.0769,0
3968,9990.0,0.02432,0.02533,0,4.2,0.338,0.0613,0
3969,6430.0,0.02102,0.02235,0,3.0,0.519,0.0336,0
3970,6690.0,0.0312,0.02817,0,2.1,0.45,0.0568,1
3971,3130.0,0.0145,0.02662,0,5.1,0.233,0.0796,0
3972,4990.0,0.06505,0.05754,0,3.6,0.585,0.0626,0
3973,16140.0,0.02237,0.01612,0,5.2,0.277,0.0421,0
3974,12050.0,0.03488,0.01061,0,3.6,0.566,0.0682,0
3975,19510.0,0.05031,0.11439,0,4.3,0.458,0.0652,0
3976,27390.0,0.02008,0.0406,0,5.8,0.431,0.0454,0
3977,21330.0,0.0566,0.06157,0,6.8,0.516,0.042,0
3978,39140.0,0.00471,0.00685,0,5.1,0.218,0.0588,0
3979,60010.0,0.04634,0.03433,0,3.5,0.427,0.0541,0
3980,8570.0,0.01998,0.01662,0,1.8,0.559,0.0364,0
3981,22650.0,0.03268,0.02109,0,3.2,0.528,0.052,0
3982,23350.0,0.00555,0.0064,393,4.5,0.516,0.0581,0
3983,13120.0,0.0143,0.01313,26,2.3,0.525,0.0767,1
3984,29740.0,0.0116,0.02491,0,1.6,0.364,0.0319,0
3985,5690.0,0.01529,0.0154,0,3.1,0.509,0.0597,0
3986,7880.0,0.02295,0.02146,0,4.6,0.494,0.031,0
3987,6490.0,0.01993,0.02083,0,0.9,0.579,0.0585,0
3988,4160.0,0.02181,0.01612,0,3.9,0.345,0.0339,0
3989,1000.0,0.01039,0.01218,0,5.7,0.44,0.0407,0
3990,7540.0,0.0146,0.03122,0,4.2,0.237,0.0427,0
3991,13990.0,0.02242,0.05725,1,6.9,0.403,0.0465,0
3992,16000.0,0.00788,0.00437,0,5.5,0.335,0.0635,0
3993,16200.0,0.05265,0.04337,0,1.2,0.297,0.0386,0
3994,9000.0,0.02178,0.03403,0,3.1,0.233,0.0778,0
3995,18640.0,0.01591,0.04673,0,1.4,0.323,0.0558,0
3996,2230.0,0.01711,0.00926,26,5.9,0.285,0.0773,0
3997,8810.0,0.02501,0.00517,0,6.7,0.377,0.0408,0
3998,6190.0,0.01589,0.01944,0,2.0,0.31,0.0307,0
3999,16900.0,0.05994,0.06459,0,6.9,0.367,0.0471,0
4000,16560.0,0.00938,0.00682,0,1.0,0.399,0.0388,0
4001,3650.0,0.02498,0.03248,0,6.0,0.257,0.0619,0
4002,2890.0,0.09705,0.15014,0,2.4,0.428,0.0674,0
4003,19820.0,0.04435,0.05164,12,2.0,0.213,0.0788,0
4004,15980.0,0.01274,0.01074,0,2.7,0.47,0.0644,0
4005,2800.0,0.02174,0.05187,0,1.7,0.438,0.0589,0
4006,5430.0,0.05799,0.10551,0,5.3,0.252,0.0435,0
4007,2230.0,0.01449,0.02969,0,3.4,0.353,0.0415,0
4008,102490.0,0.06067,0.128,0,0.6,0.535,0.07,0
4009,13880.0,0.01534,0.01679,77,4.0,0.558,0.0727,0
4010,32130.0,0.01758,0.01001,0,4.7,0.566,0.0412,0
4011,19020.0,0.01149,0.01521,0,4.4,0.582,0.0536,0
4012,14930.0,0.0174,0.02669,0,6.2,0.582,0.0516,0
4013,10600.0,0.01979,0.05051,0,5.2,0.389,0.0394,0
4014,6820.0,0.00988,0.00705,0,5.9,0.573,0.0598,0
4015,4290.0,0.02861,0.0398,0,5.3,0.232,0.0344,0
4016,8630.0,0.08385,0.059,0,3.6,0.281,0.0404,0
4017,3280.0,0.04748,0.04187,0,3.6,0.237,0.0429,0
4018,15930.0,0.01982,0.01855,0,4.2,0.528,0.0457,0
4019,14160.0,0.02194,0.02723,0,3.4,0.29,0.0563,0
4020,10450.0,0.02224,0.00929,0,2.1,0.276,0.0706,0
4021,4910.0,0.01454,0.01329,0,5.1,0.595,0.0539,0
4022,17000.0,0.01884,0.01467,0,4.1,0.288,0.0659,0
4023,4020.0,0.03506,0.01995,0,0.9,0.409,0.0607,0
4024,17900.0,0.00802,0.0081,0,6.7,0.279,0.0789,0
4025,13760.0,0.00797,0.00445,0,5.5,0.228,0.0327,0
4026,3400.0,0.01375,0.00534,0,1.2,0.318,0.0452,0
4027,6930.0,0.02286,0.01164,0,5.9,0.524,0.0491,0
4028,98270.0,0.00219,0.002,0,6.3,0.28,0.0529,0
4029,5730.0,0.02146,0.01795,0,5.8,0.458,0.0731,0
4030,11590.0,0.01953,0.01738,0,0.9,0.234,0.0486,0
4031,9940.0,0.0157,0.03749,0,4.5,0.358,0.0304,0
4032,45800.0,0.02446,0.03357,0,2.7,0.393,0.0646,0
4033,8400.0,0.01575,0.01106,0,2.3,0.362,0.0534,0
4034,11900.0,0.03814,0.04858,0,2.2,0.26,0.0338,0
4035,14790.0,0.03021,0.04727,0,1.9,0.23,0.0486,0
4036,18140.0,0.0134,0.03512,0,1.1,0.441,0.0659,0
4037,4960.0,0.01732,0.01623,0,2.3,0.201,0.0766,0
4038,2070.0,0.01665,0.04861,0,4.8,0.218,0.0664,0
4039,9240.0,0.0181,0.03331,0,6.6,0.403,0.0399,0
4040,14490.0,0.0401,0.01603,0,3.6,0.298,0.0537,0
4041,21660.0,0.01952,0.02049,0,5.1,0.537,0.061,0
4042,33970.0,0.07122,0.10274,0,4.2,0.586,0.0517,0
4043,4630.0,0.05169,0.05001,5,5.6,0.238,0.0332,0
4044,5010.0,0.0131,0.00935,0,6.0,0.239,0.0338,0
4045,5120.0,0.00574,0.002,0,6.9,0.213,0.0343,0
4046,22300.0,0.02666,0.05658,0,2.4,0.53,0.0572,0
4047,14930.0,0.00685,0.01175,0,6.2,0.355,0.0637,0
4048,5990.0,0.07245,0.0556,0,3.9,0.392,0.0366,0
4049,6330.0,0.04292,0.04581,0,4.5,0.591,0.07,0
4050,20300.0,0.02434,0.01477,0,6.8,0.353,0.0545,0
4051,15470.0,0.02446,0.05108,0,4.3,0.482,0.0493,0
4052,14860.0,0.00406,0.00373,0,6.2,0.553,0.0314,0
4053,16850.0,0.0151,0.01899,0,1.2,0.329,0.0714,0
4054,67220.0,0.02919,0.04418,1,4.9,0.371,0.0773,0
4055,6780.0,0.02227,0.02548,0,2.8,0.509,0.0697,0
4056,7530.0,0.05305,0.03881,0,5.8,0.314,0.064,0
4057,15630.0,0.0222,0.02377,0,6.7,0.504,0.0797,0
4058,8840.0,0.02914,0.06295,0,3.0,0.466,0.0633,0
4059,10400.0,0.02026,0.00893,0,6.3,0.475,0.0515,0
4060,6220.0,0.01558,0.01674,0,0.6,0.437,0.065,0
4061,9960.0,0.02273,0.01567,0,3.1,0.357,0.0788,0
4062,3060.0,0.01071,0.0094,0,2.9,0.203,0.0345,0
4063,6000.0,0.06348,0.11382,0,2.4,0.261,0.0335,0
4064,70270.0,0.01168,0.00954,0,2.6,0.518,0.0711,0
4065,6490.0,0.01583,0.0181,0,3.3,0.573,0.0738,0
4066,8730.0,0.00839,0.00464,0,3.8,0.291,0.0763,0
4067,4790.0,0.01437,0.01604,0,3.8,0.547,0.0342,0
4068,4880.0,0.02433,0.10034,0,2.1,0.279,0.0476,0
4069,5510.0,0.01824,0.06802,0,6.1,0.516,0.0371,0
4070,16350.0,0.01118,0.01179,0,5.8,0.585,0.0533,0
4071,9430.0,0.01851,0.05861,0,3.7,0.253,0.035,0
4072,26390.0,0.03295,0.01483,0,5.4,0.342,0.0658,0
4073,36240.0,0.01911,0.03108,0,1.5,0.481,0.0456,0
4074,10700.0,0.02217,0.05186,0,6.8,0.494,0.0563,0
4075,27640.0,0.00334,0.00544,0,5.6,0.211,0.0324,0
4076,12770.0,0.01729,0.01692,0,1.2,0.378,0.0516,0
4077,9700.0,0.01136,0.02042,0,1.7,0.395,0.0508,0
4078,3630.0,0.01807,0.01412,0,5.5,0.354,0.0306,0
4079,7620.0,0.02133,0.03138,0,3.0,0.326,0.0551,0
4080,10080.0,0.00496,0.00631,0,5.3,0.23,0.0731,0
4081,7610.0,0.02729,0.02585,0,4.9,0.261,0.0493,0
4082,9760.0,0.04406,0.02044,0,0.9,0.395,0.0736,0
4083,12710.0,0.00882,0.00367,0,4.5,0.488,0.0798,0
4084,25290.0,0.01387,0.03343,0,4.2,0.497,0.0647,0
4085,25300.0,0.0175,0.01374,0,3.2,0.337,0.0452,0
4086,3690.0,0.01357,0.03759,0,0.8,0.425,0.0597,0
4087,41880.0,0.0053,0.0074,0,2.2,0.483,0.0758,0
4088,5930.0,0.01031,0.02868,0,6.0,0.502,0.0695,0
4089,40630.0,0.14868,0.17125,0,1.1,0.513,0.033,0
4090,23260.0,0.0124,0.02194,18,1.0,0.579,0.051,0
4091,5190.0,0.00852,0.00695,0,5.1,0.449,0.0491,0
4092,8790.0,0.02539,0.02145,0,5.8,0.5,0.0463,0
4093,5890.0,0.03108,0.01673,0,2.8,0.566,0.071,0
4094,5910.0,0.01344,0.02096,0,1.8,0.314,0.0406,0
4095,35390.0,0.0191,0.0458,0,1.4,0.29,0.0607,0
4096,30850.0,0.03602,0.03625,0,6.1,0.45,0.0369,0
4097,8860.0,0.0168,0.02416,0,5.1,0.583,0.0642,0
4098,9200.0,0.0259,0.04315,0,6.1,0.269,0.0599,0
4099,8990.0,0.03357,0.20594,0,3.2,0.288,0.0494,0
4100,27460.0,0.03386,0.02147,16,6.5,0.532,0.0576,0
4101,11350.0,0.01653,0.03024,0,5.8,0.223,0.0559,0
4102,19410.0,0.02421,0.01647,0,0.8,0.553,0.071,0
4103,6360.0,0.00564,0.002,0,6.1,0.566,0.0777,0
4104,4590.0,0.04379,0.05998,0,5.4,0.537,0.0646,0
4105,5760.0,0.02176,0.02058,0,4.5,0.301,0.066,0
4106,4280.0,0.01429,0.02741,0,0.7,0.342,0.0359,0
4107,13570.0,0.03228,0.05285,106,1.8,0.273,0.0734,0
4108,11760.0,0.03946,0.07255,2,4.8,0.584,0.0606,0
4109,6950.0,0.01554,0.03283,0,4.8,0.386,0.0417,0
4110,7490.0,0.04516,0.0582,0,1.4,0.549,0.0335,0
4111,5470.0,0.01394,0.01185,0,4.5,0.571,0.0797,0
4112,11330.0,0.04271,0.03139,58,1.5,0.369,0.0735,0
4113,4690.0,0.11965,0.08158,0,1.1,0.506,0.0316,0
4114,15010.0,0.03239,0.04964,0,4.2,0.363,0.0469,0
4115,23680.0,0.01637,0.01079,0,1.3,0.216,0.0475,0
4116,12110.0,0.03617,0.04638,242,6.1,0.331,0.0466,0
4117,48690.0,0.01213,0.00548,0,3.9,0.351,0.0579,0
4118,14770.0,0.01101,0.01922,0,6.3,0.361,0.0483,0
4119,6450.0,0.02262,0.05185,139,5.2,0.482,0.0388,0
4120,7620.0,0.02276,0.01339,0,3.2,0.404,0.0665,0
4121,2980.0,0.04325,0.03431,0,2.7,0.403,0.0397,0
4122,5960.0,0.00697,0.01072,0,2.7,0.305,0.0658,0
4123,13460.0,0.03074,0.02106,0,2.1,0.483,0.0309,0
4124,49030.0,0.02776,0.02344,0,1.9,0.365,0.0783,0
4125,5330.0,0.00268,0.00491,0,0.8,0.276,0.0463,0
4126,16110.0,0.05748,0.09656,0,2.2,0.508,0.0471,0
4127,25370.0,0.00804,0.00632,0,3.8,0.546,0.0465,0
4128,11740.0,0.00492,0.00404,0,5.4,0.361,0.0337,0
4129,25320.0,0.01282,0.00564,0,5.3,0.303,0.0621,0
4130,17320.0,0.01053,0.00733,0,5.6,0.572,0.0331,0
4131,1910.0,0.0157,0.02142,0,2.7,0.578,0.0508,0
4132,3860.0,0.02035,0.06095,0,6.9,0.211,0.0367,0
4133,11750.0,0.01562,0.02731,0,4.9,0.36,0.0452,0
4134,11590.0,0.02778,0.0168,0,1.4,0.42,0.069,0
4135,5090.0,0.03047,0.02593,0,2.9,0.483,0.0555,0
4136,6170.0,0.01132,0.0174,0,4.4,0.422,0.0742,0
4137,22000.0,0.01637,0.01253,0,2.8,0.372,0.0367,0
4138,7150.0,0.01076,0.01164,0,4.1,0.487,0.0541,0
4139,5190.0,0.02799,0.01721,0,0.6,0.408,0.0424,0
4140,8630.0,0.01855,0.0207,0,2.7,0.257,0.0543,0
4141,19480.0,0.03217,0.02094,0,0.7,0.201,0.073,0
4142,15640.0,0.03823,0.03528,0,3.9,0.464,0.0319,0
4143,30390.0,0.02748,0.02596,0,2.0,0.525,0.0693,0
4144,32620.0,0.01114,0.01048,0,1.2,0.579,0.0458,0
4145,30690.0,0.0729,0.06705,0,6.6,0.492,0.0431,0
4146,3540.0,0.0173,0.01337,0,3.0,0.255,0.0777,0
4147,22150.0,0.03666,0.03496,0,3.1,0.527,0.0755,0
4148,9690.0,0.0228,0.02605,0,1.9,0.343,0.0302,0
4149,20660.0,0.01069,0.01343,0,1.4,0.28,0.063,0
4150,16870.0,0.01604,0.01845,0,6.4,0.44,0.0757,0
4151,19390.0,0.02284,0.01053,0,0.8,0.566,0.0352,0
4152,60300.0,0.02326,0.02151,0,5.3,0.22,0.0768,0
4153,29400.0,0.02061,0.06169,0,6.2,0.342,0.0372,0
4154,5360.0,0.03082,0.04861,0,1.0,0.374,0.0779,0
4155,2720.0,0.01737,0.0343,0,6.7,0.487,0.078,0
4156,26500.0,0.00774,0.0081,0,2.6,0.271,0.0592,0
4157,8420.0,0.03915,0.01668,20,4.6,0.283,0.0423,0
4158,10150.0,0.02315,0.02913,0,2.0,0.532,0.0709,0
4159,6360.0,0.01445,0.06333,0,4.3,0.315,0.0723,0
4160,11510.0,0.04592,0.1033,24,4.0,0.494,0.0724,0
4161,27910.0,0.00626,0.00675,0,6.4,0.44,0.073,0
4162,6310.0,0.07848,0.08766,0,3.8,0.267,0.0512,0
4163,11660.0,0.02231,0.07479,0,4.1,0.2,0.0429,0
4164,7420.0,0.02037,0.05672,0,0.5,0.502,0.0793,0
4165,4470.0,0.00662,0.002,0,1.9,0.531,0.0443,0
4166,12780.0,0.02254,0.01644,0,6.8,0.412,0.0505,0
4167,5970.0,0.02083,0.02737,0,4.0,0.482,0.0329,0
4168,5370.0,0.01345,0.01486,0,4.2,0.251,0.0698,0
4169,23040.0,0.01525,0.02014,0,4.0,0.395,0.0701,1
4170,4790.0,0.02701,0.11835,0,3.5,0.417,0.0458,0
4171,2430.0,0.02471,0.01455,0,5.5,0.268,0.0746,0
4172,33910.0,0.03507,0.07931,0,4.5,0.565,0.0397,0
4173,31560.0,0.01184,0.01328,0,2.7,0.306,0.0552,0
4174,12820.0,0.01473,0.00763,0,3.5,0.489,0.0409,0
4175,4500.0,0.02288,0.04204,0,6.2,0.574,0.0741,0
4176,10410.0,0.03155,0.07678,0,4.7,0.418,0.0349,0
4177,4320.0,0.01549,0.0259,0,2.8,0.382,0.0691,0
4178,10700.0,0.01654,0.01737,0,4.8,0.385,0.0501,0
4179,4180.0,0.01732,0.0153,20,6.8,0.585,0.0567,0
4180,7840.0,0.05311,0.06725,0,5.6,0.219,0.0624,0
4181,2710.0,0.02655,0.01973,0,6.2,0.463,0.0498,0
4182,5990.0,0.01739,0.05525,0,1.2,0.3,0.067,0
4183,10660.0,0.00954,0.00683,0,1.5,0.296,0.0502,0
4184,4230.0,0.02958,0.09992,0,5.4,0.289,0.0795,0
4185,19880.0,0.01002,0.01442,159,3.2,0.47,0.0549,0
4186,6300.0,0.04328,0.10808,0,6.6,0.29,0.0563,0
4187,1120.0,0.00438,0.00461,0,6.8,0.303,0.0783,0
4188,34600.0,0.02053,0.01203,0,0.6,0.352,0.0441,0
4189,10860.0,0.03421,0.01418,0,2.1,0.361,0.0635,0
4190,25850.0,0.02153,0.02711,0,3.6,0.593,0.0726,0
4191,9200.0,0.02981,0.02684,0,1.2,0.383,0.0471,0
4192,37910.0,0.00764,0.00554,0,5.7,0.414,0.0634,0
4193,14380.0,0.01654,0.0177,0,4.8,0.432,0.0372,0
4194,28600.0,0.00712,0.02079,0,6.8,0.561,0.0429,0
4195,32890.0,0.06368,0.18753,0,6.4,0.241,0.078,0
4196,18800.0,0.02525,0.02593,0,6.1,0.558,0.06,0
4197,11110.0,0.01235,0.01189,0,4.7,0.293,0.0484,0
4198,3660.0,0.02493,0.03856,0,4.7,0.502,0.0447,0
4199,4540.0,0.01505,0.00857,0,1.5,0.203,0.0338,0
4200,4780.0,0.01762,0.01203,0,4.7,0.396,0.0301,0
4201,9910.0,0.01854,0.00822,0,1.1,0.571,0.0371,0
4202,5800.0,0.01411,0.01476,0,0.6,0.514,0.0527,0
4203,44060.0,0.0105,0.01128,0,3.6,0.493,0.0441,0
4204,11650.0,0.02026,0.02329,0,4.9,0.231,0.0589,0
4205,12810.0,0.04343,0.04982,0,2.6,0.268,0.0513,0
4206,32910.0,0.02173,0.08457,0,3.8,0.427,0.058,0
4207,5020.0,0.00965,0.00577,0,2.5,0.281,0.077,0
4208,14940.0,0.00801,0.0093,0,4.4,0.322,0.0632,0
4209,82010.0,0.01696,0.01802,0,1.7,0.507,0.0658,0
4210,21360.0,0.01561,0.01115,0,5.9,0.325,0.0309,0
4211,3240.0,0.01262,0.02327,17,5.4,0.44,0.0779,0
4212,6130.0,0.02176,0.02555,0,5.1,0.535,0.055,0
4213,13210.0,0.00903,0.00951,0,5.7,0.272,0.079,0
4214,26740.0,0.05757,0.03574,0,6.8,0.369,0.0577,0
4215,16330.0,0.01775,0.03564,0,2.5,0.512,0.0659,0
4216,8930.0,0.01709,0.0465,0,5.7,0.543,0.0723,0
4217,4780.0,0.01806,0.01843,0,2.4,0.425,0.0784,0
4218,14660.0,0.02317,0.02358,0,0.6,0.519,0.0619,0
4219,16110.0,0.02035,0.0366,0,6.4,0.513,0.0372,0
4220,21070.0,0.0079,0.01524,0,1.7,0.299,0.0674,0
4221,5390.0,0.12557,0.11243,0,2.2,0.32,0.0333,0
4222,21900.0,0.01741,0.02924,0,1.9,0.34,0.034,0
4223,15610.0,0.03424,0.02368,0,5.0,0.503,0.0431,0
4224,10900.0,0.01408,0.00896,0,6.4,0.309,0.053,0
4225,1000.0,0.01734,0.04207,0,4.4,0.275,0.0622,0
4226,8090.0,0.0481,0.12655,0,3.8,0.421,0.0674,0
4227,17060.0,0.04519,0.09781,44,2.1,0.374,0.0535,0
4228,9250.0,0.03719,0.01863,0,3.7,0.351,0.063,0
4229,13010.0,0.0401,0.09731,0,1.1,0.203,0.0472,0
4230,20240.0,0.05136,0.12768,0,5.2,0.425,0.0438,0
4231,12280.0,0.01921,0.01309,0,4.4,0.466,0.0335,0
4232,3520.0,0.01981,0.03034,0,1.8,0.221,0.0452,0
4233,17560.0,0.01611,0.04946,0,4.2,0.555,0.033,0
4234,11790.0,0.01003,0.00561,70,0.8,0.563,0.0708,0
4235,9850.0,0.02844,0.0111,0,5.0,0.57,0.0405,0
4236,46660.0,0.01502,0.01222,0,6.2,0.321,0.0574,0
4237,9070.0,0.0179,0.04329,0,1.8,0.492,0.065,0
4238,29060.0,0.02727,0.04978,0,4.3,0.596,0.0711,0
4239,20020.0,0.01463,0.02409,0,6.7,0.335,0.0729,0
4240,5790.0,0.02696,0.02457,0,2.3,0.274,0.0599,0
4241,19800.0,0.02829,0.03348,0,0.8,0.267,0.0491,0
4242,4370.0,0.01254,0.00913,0,7.0,0.225,0.0563,0
4243,25540.0,0.01399,0.02105,0,5.4,0.447,0.0617,0
4244,15890.0,0.02113,0.07207,0,6.5,0.338,0.0396,0
4245,10280.0,0.01329,0.0167,0,3.9,0.302,0.079,0
4246,8620.0,0.0375,0.05198,80,6.0,0.39,0.0586,0
4247,4840.0,0.0188,0.01937,0,5.2,0.368,0.066,0
4248,4690.0,0.0133,0.01027,0,0.7,0.223,0.038,0
4249,3330.0,0.00863,0.00689,0,5.6,0.489,0.0715,0
4250,8420.0,0.02201,0.02202,0,4.6,0.227,0.0582,0
4251,5790.0,0.03478,0.06137,0,4.1,0.226,0.0449,0
4252,1710.0,0.02551,0.03777,0,3.4,0.595,0.069,1
4253,8390.0,0.02627,0.03203,0,4.1,0.255,0.0682,0
4254,16480.0,0.01803,0.06359,0,1.4,0.324,0.0673,0
4255,4250.0,0.01438,0.01514,0,4.3,0.395,0.0349,0
4256,11090.0,0.0198,0.01836,0,1.6,0.471,0.0438,0
4257,14290.0,0.01964,0.01704,0,5.9,0.37,0.0558,0
4258,2370.0,0.00649,0.00509,0,5.8,0.357,0.0535,0
4259,28820.0,0.01456,0.00462,0,5.9,0.36,0.0597,0
4260,29270.0,0.06328,0.04114,0,1.5,0.209,0.0345,0
4261,4650.0,0.00747,0.01054,0,2.5,0.576,0.0549,0
4262,45280.0,0.018,0.01383,0,5.1,0.304,0.0687,0
4263,22870.0,0.09687,0.06668,0,4.7,0.599,0.0356,0
4264,6160.0,0.02053,0.01852,0,4.2,0.409,0.0739,0
4265,1820.0,0.01234,0.01233,0,1.2,0.211,0.0392,1
4266,22230.0,0.009,0.01885,0,3.8,0.583,0.0384,0
4267,7710.0,0.02246,0.0136,138,6.8,0.525,0.0401,0
4268,10360.0,0.03888,0.04472,0,4.5,0.315,0.0471,0
4269,2840.0,0.01775,0.02315,0,3.0,0.421,0.0636,0
4270,28520.0,0.01241,0.02362,0,5.3,0.535,0.0488,0
4271,6400.0,0.01609,0.01111,0,6.1,0.579,0.0549,0
4272,17760.0,0.01724,0.01794,0,5.7,0.56,0.0474,0
4273,5920.0,0.0159,0.05956,0,5.6,0.222,0.0614,0
4274,31110.0,0.02369,0.02021,0,3.5,0.204,0.0326,0
4275,12440.0,0.03037,0.03744,0,3.6,0.437,0.0323,0
4276,16250.0,0.04263,0.02638,135,2.9,0.407,0.0517,0
4277,9110.0,0.02292,0.02049,0,2.7,0.587,0.0543,0
4278,32180.0,0.01713,0.02044,0,1.2,0.475,0.0313,0
4279,2100.0,0.02395,0.02246,0,5.3,0.316,0.0384,0
4280,18860.0,0.03533,0.02393,0,5.4,0.299,0.0634,0
4281,36920.0,0.03658,0.0165,0,2.9,0.22,0.0759,0
4282,65500.0,0.03791,0.03175,0,6.6,0.34,0.065,0
4283,27880.0,0.03433,0.06254,0,1.8,0.316,0.0344,0
4284,4150.0,0.01312,0.03013,0,2.7,0.559,0.0626,0
4285,70030.0,0.03522,0.10389,0,1.4,0.451,0.0478,0
4286,5090.0,0.01762,0.00913,22,2.5,0.384,0.0634,0
4287,12290.0,0.00758,0.01536,0,4.3,0.319,0.0465,0
4288,3790.0,0.06573,0.0693,0,6.7,0.496,0.0548,0
4289,14420.0,0.03745,0.03052,0,4.4,0.213,0.0362,0
4290,37430.0,0.03528,0.01566,0,6.1,0.579,0.0784,0
4291,11910.0,0.05352,0.04558,0,4.8,0.305,0.0457,0
4292,12810.0,0.05892,0.12875,0,4.3,0.383,0.0774,0
4293,12390.0,0.04394,0.08654,0,1.6,0.377,0.048,0
4294,3480.0,0.03683,0.03458,0,5.1,0.201,0.0468,0
4295,46640.0,0.01027,0.00426,0,6.0,0.57,0.0679,0
4296,9470.0,0.01289,0.01705,0,6.1,0.362,0.0604,0
4297,11360.0,0.00457,0.00557,0,2.7,0.593,0.0433,0
4298,12170.0,0.01891,0.02377,0,2.3,0.248,0.0673,0
4299,15930.0,0.01784,0.01995,231,6.1,0.279,0.0385,0
4300,7430.0,0.02773,0.05354,0,6.7,0.287,0.0309,0
4301,6290.0,0.06375,0.16378,0,4.4,0.529,0.0474,0
4302,25050.0,0.00451,0.00617,0,2.6,0.53,0.0755,1
4303,3160.0,0.00546,0.00842,0,5.0,0.545,0.0618,0
4304,24020.0,0.05041,0.09644,46,5.6,0.268,0.0623,0
4305,25770.0,0.01309,0.02377,0,4.4,0.435,0.0345,0
4306,4850.0,0.02855,0.02517,79,5.2,0.512,0.0311,0
4307,8140.0,0.0127,0.02337,0,2.1,0.454,0.0414,0
4308,3860.0,0.00873,0.0042,0,5.7,0.345,0.0705,0
4309,6740.0,0.01839,0.01317,318,4.2,0.348,0.0543,0
4310,18700.0,0.02885,0.05622,0,5.5,0.455,0.0352,0
4311,8550.0,0.00882,0.00976,0,4.8,0.286,0.0686,0
4312,29560.0,0.00418,0.00346,0,3.5,0.413,0.0654,0
4313,56830.0,0.04018,0.12389,0,4.4,0.458,0.0706,0
4314,16520.0,0.13441,0.3163,0,2.5,0.204,0.0755,0
4315,4230.0,0.01046,0.01659,0,4.8,0.23,0.057,0
4316,6180.0,0.00387,0.00281,0,6.4,0.465,0.0444,0
4317,9790.0,0.00656,0.00483,0,2.6,0.281,0.0796,0
4318,15920.0,0.03532,0.07611,0,6.3,0.59,0.0707,0
4319,14640.0,0.01765,0.00659,0,0.9,0.426,0.031,0
4320,35900.0,0.0192,0.03527,0,2.3,0.35,0.0363,0
4321,18610.0,0.01365,0.00637,0,1.7,0.318,0.047,0
4322,24770.0,0.00498,0.00477,0,3.9,0.436,0.0631,0
4323,13310.0,0.04575,0.05746,0,5.1,0.329,0.0437,0
4324,5160.0,0.01667,0.04046,0,4.9,0.285,0.0447,0
4325,8860.0,0.04002,0.05846,0,5.6,0.485,0.0728,0
4326,8240.0,0.02111,0.00709,0,6.9,0.331,0.0617,0
4327,19460.0,0.01695,0.05812,0,1.6,0.217,0.0611,0
4328,27410.0,0.01251,0.02229,0,2.5,0.353,0.0675,0
4329,21580.0,0.03607,0.05576,85,6.3,0.435,0.0628,0
4330,112320.0,0.04966,0.03376,0,5.4,0.307,0.0526,0
4331,11030.0,0.01395,0.01542,0,6.7,0.49,0.0493,0
4332,14880.0,0.02389,0.02556,0,6.1,0.317,0.0342,0
4333,4450.0,0.02281,0.06598,0,2.8,0.319,0.0332,0
4334,7790.0,0.02884,0.09036,227,3.8,0.201,0.0554,0
4335,8730.0,0.01164,0.01458,0,6.4,0.363,0.0714,0
4336,23010.0,0.05939,0.14779,0,5.5,0.393,0.0356,0
4337,30730.0,0.01574,0.0218,22,4.8,0.215,0.0409,0
4338,21830.0,0.02659,0.03568,0,5.5,0.254,0.0393,0
4339,32350.0,0.01839,0.012,0,6.2,0.297,0.074,0
4340,65490.0,0.03315,0.0631,0,2.2,0.491,0.0605,0
4341,5160.0,0.01384,0.00773,0,5.0,0.346,0.0499,0
4342,2340.0,0.04686,0.0552,0,1.3,0.327,0.0323,0
4343,34870.0,0.04135,0.07474,0,2.9,0.321,0.0767,0
4344,20340.0,0.01864,0.00955,0,5.7,0.53,0.0545,0
4345,20560.0,0.06485,0.05712,0,1.4,0.585,0.0777,0
4346,5490.0,0.02814,0.04085,0,2.8,0.298,0.0397,0
4347,9760.0,0.00939,0.00237,0,2.2,0.216,0.0574,0
4348,9010.0,0.04157,0.04481,0,3.7,0.555,0.0413,0
4349,7960.0,0.04821,0.09386,0,6.1,0.529,0.0439,0
4350,2400.0,0.01712,0.01798,0,0.7,0.257,0.0349,0
4351,23650.0,0.07475,0.04201,0,4.3,0.38,0.0538,0
4352,13010.0,0.02255,0.04326,0,4.6,0.393,0.0389,0
4353,15860.0,0.04556,0.02253,1,5.3,0.216,0.0603,0
4354,3010.0,0.01687,0.02434,0,6.2,0.405,0.0783,0
4355,8160.0,0.00634,0.00337,0,2.7,0.292,0.0425,0
4356,33770.0,0.00597,0.01327,4,5.7,0.254,0.0387,0
4357,8520.0,0.02733,0.03164,0,5.7,0.532,0.0699,0
4358,6000.0,0.01838,0.00462,93,4.0,0.568,0.0637,0
4359,4250.0,0.03517,0.01538,0,3.1,0.232,0.0769,0
4360,4800.0,0.01664,0.00648,0,4.1,0.528,0.0454,0
4361,8660.0,0.01022,0.00964,0,4.8,0.342,0.0346,0
4362,9980.0,0.02309,0.02138,0,6.7,0.455,0.032,0
4363,4460.0,0.02381,0.02715,0,1.5,0.265,0.0687,0
4364,18650.0,0.01108,0.01119,0,4.2,0.35,0.0797,0
4365,9900.0,0.02139,0.01946,0,5.2,0.387,0.0531,0
4366,28140.0,0.01774,0.00699,325,2.5,0.263,0.0696,0
4367,21060.0,0.01715,0.01593,0,4.0,0.46,0.039,0
4368,15050.0,0.02335,0.02282,0,5.6,0.336,0.0506,0
4369,16440.0,0.00374,0.00519,0,5.1,0.576,0.0577,0
4370,7280.0,0.00576,0.00391,0,3.6,0.38,0.0784,0
4371,25620.0,0.01796,0.01576,0,6.5,0.596,0.0773,0
4372,12150.0,0.00771,0.00653,0,2.2,0.476,0.0564,0
4373,5780.0,0.0132,0.01509,0,4.7,0.4,0.0654,0
4374,4430.0,0.00455,0.002,0,4.6,0.476,0.0498,0
4375,30340.0,0.00923,0.00976,0,3.3,0.233,0.0703,0
4376,21750.0,0.01041,0.01061,0,2.3,0.275,0.0327,0
4377,30680.0,0.01623,0.03716,0,1.4,0.512,0.0628,0
4378,106160.0,0.05722,0.06789,0,6.9,0.48,0.041,0
4379,7050.0,0.05375,0.02518,0,4.7,0.336,0.0775,0
4380,7110.0,0.02277,0.02433,0,5.7,0.334,0.0681,0
4381,7170.0,0.00833,0.0143,0,6.9,0.54,0.0316,0
4382,8510.0,0.0191,0.05495,0,1.2,0.521,0.0471,0
4383,9130.0,0.01282,0.00902,0,2.7,0.568,0.0466,0
4384,16810.0,0.04066,0.03092,0,3.3,0.391,0.0467,0
4385,9920.0,0.01933,0.006,0,6.2,0.334,0.0546,0
4386,80510.0,0.01838,0.02502,14,5.4,0.386,0.0704,0
4387,12660.0,0.03962,0.15523,0,3.0,0.391,0.0791,0
4388,13370.0,0.01609,0.0711,0,4.6,0.431,0.0718,0
4389,16060.0,0.04663,0.08018,0,6.1,0.372,0.0601,0
4390,2590.0,0.03674,0.07066,0,4.0,0.27,0.0326,0
4391,10050.0,0.01711,0.01669,0,2.9,0.55,0.0424,0
4392,2710.0,0.01258,0.00428,0,6.6,0.3,0.0313,0
4393,10200.0,0.01271,0.00962,0,1.5,0.258,0.0709,0
4394,8000.0,0.03022,0.01151,0,3.0,0.505,0.054,0
4395,7840.0,0.02878,0.06746,0,1.5,0.572,0.0335,0
4396,9960.0,0.01977,0.01571,0,4.4,0.225,0.0375,0
4397,8840.0,0.00604,0.002,0,0.8,0.556,0.048,0
4398,4730.0,0.02638,0.03866,0,3.5,0.433,0.039,0
4399,22420.0,0.03842,0.04606,64,4.6,0.28,0.0789,0
4400,10040.0,0.05331,0.19225,0,1.1,0.426,0.0464,0
4401,26090.0,0.03469,0.02301,0,5.1,0.42,0.0685,0
4402,5000.0,0.0556,0.03964,0,3.0,0.268,0.0426,0
4403,5430.0,0.03302,0.02607,0,5.4,0.568,0.0508,0
4404,16540.0,0.01968,0.02323,0,1.3,0.491,0.0398,0
4405,8940.0,0.04234,0.1065,0,2.0,0.361,0.0484,0
4406,7510.0,0.03245,0.017,0,0.6,0.206,0.0754,1
4407,13530.0,0.01374,0.01782,0,2.0,0.335,0.0585,0
4408,3130.0,0.04072,0.05434,162,6.7,0.542,0.0479,0
4409,4940.0,0.0226,0.03171,0,3.8,0.595,0.0337,0
4410,4960.0,0.0225,0.03006,82,5.5,0.386,0.0589,0
4411,4170.0,0.03547,0.03903,0,4.6,0.443,0.0626,0
4412,7750.0,0.03384,0.04781,0,3.7,0.493,0.0627,0
4413,13680.0,0.00997,0.01168,250,5.2,0.229,0.0539,0
4414,8070.0,0.0292,0.02127,0,6.2,0.53,0.037,0
4415,7760.0,0.01157,0.01013,0,3.9,0.498,0.0692,0
4416,3670.0,0.00861,0.00312,0,6.2,0.488,0.0752,0
4417,15320.0,0.02768,0.09416,0,2.3,0.365,0.0626,0
4418,20950.0,0.0429,0.07101,0,7.0,0.224,0.0417,0
4419,5930.0,0.02001,0.02907,0,4.6,0.586,0.0592,0
4420,2730.0,0.03528,0.0264,282,3.1,0.591,0.036,1
4421,4530.0,0.01963,0.02697,0,4.9,0.546,0.0613,0
4422,11020.0,0.10011,0.10729,0,4.8,0.241,0.0313,0
4423,20720.0,0.03413,0.03901,0,6.5,0.264,0.0356,0
4424,11730.0,0.01391,0.01602,225,5.3,0.468,0.038,0
4425,3120.0,0.01322,0.01329,0,6.5,0.557,0.0426,0
4426,6820.0,0.01072,0.01335,0,0.9,0.437,0.0618,0
4427,6070.0,0.00322,0.0033,0,2.2,0.31,0.0351,0
4428,4850.0,0.01073,0.00908,0,1.3,0.435,0.0653,0
4429,10130.0,0.02533,0.02569,0,0.5,0.496,0.077,0
4430,5920.0,0.0278,0.04906,0,5.6,0.468,0.0696,0
4431,3720.0,0.02242,0.02416,138,2.1,0.215,0.0593,0
4432,11190.0,0.08761,0.03878,0,4.8,0.345,0.0505,0
4433,31890.0,0.01258,0.01843,0,0.6,0.259,0.0441,0
4434,23130.0,0.06449,0.09571,0,2.5,0.404,0.0626,0
4435,11820.0,0.02205,0.02541,0,0.9,0.588,0.0435,0
4436,7880.0,0.02269,0.02261,0,3.1,0.58,0.0614,0
4437,5900.0,0.01061,0.02341,0,6.5,0.38,0.0404,0
4438,25790.0,0.02951,0.12953,0,3.5,0.56,0.0708,0
4439,5290.0,0.01827,0.01165,13,2.7,0.525,0.0741,0
4440,10070.0,0.02819,0.07012,0,2.7,0.277,0.0361,0
4441,5440.0,0.02265,0.03054,0,5.0,0.456,0.0458,0
4442,4340.0,0.04482,0.13685,0,2.4,0.384,0.0456,0
4443,18510.0,0.02439,0.0467,0,3.2,0.422,0.0546,0
4444,22450.0,0.03488,0.01872,0,6.5,0.496,0.0713,1
4445,78190.0,0.03315,0.07422,0,2.6,0.437,0.0492,0
4446,6810.0,0.01185,0.00702,0,5.5,0.31,0.0651,0
4447,13340.0,0.00991,0.0149,0,5.2,0.21,0.0683,0
4448,17400.0,0.00929,0.01348,0,0.6,0.459,0.0699,0
4449,23170.0,0.01432,0.01153,0,2.4,0.205,0.0643,0
4450,6000.0,0.00716,0.02087,0,3.4,0.344,0.0594,0
4451,2890.0,0.00539,0.00519,0,5.0,0.446,0.0599,0
4452,92850.0,0.00806,0.0103,0,5.4,0.23,0.0733,0
4453,17580.0,0.01247,0.00512,0,1.2,0.454,0.044,0
4454,10060.0,0.06279,0.06217,0,4.6,0.544,0.064,0
4455,6730.0,0.04121,0.04057,0,3.0,0.428,0.0322,0
4456,13800.0,0.02199,0.02205,0,5.8,0.458,0.0763,0
4457,23780.0,0.02977,0.02975,0,1.5,0.238,0.0762,0
4458,18110.0,0.02617,0.02419,0,1.3,0.33,0.0621,0
4459,26210.0,0.03102,0.01535,0,6.3,0.436,0.0486,0
4460,38350.0,0.00705,0.005,0,4.6,0.548,0.0782,0
4461,4940.0,0.02327,0.03411,0,6.5,0.26,0.0342,0
4462,14470.0,0.03707,0.04113,0,6.1,0.379,0.0373,0
4463,16760.0,0.01325,0.00985,0,5.7,0.319,0.0742,0
4464,13720.0,0.01949,0.01398,0,5.8,0.553,0.0478,0
4465,20980.0,0.01424,0.00942,0,7.0,0.321,0.0768,0
4466,19740.0,0.02595,0.04398,0,3.9,0.299,0.0426,0
4467,18340.0,0.01298,0.01001,0,0.9,0.255,0.0476,0
4468,33610.0,0.06092,0.12838,0,4.5,0.47,0.0495,0
4469,17340.0,0.03383,0.02042,0,4.2,0.544,0.0707,0
4470,9810.0,0.02424,0.01608,0,1.2,0.225,0.0364,0
4471,13590.0,0.01155,0.01417,0,5.2,0.229,0.0449,0
4472,16440.0,0.0109,0.00264,0,3.8,0.398,0.0558,0
4473,21890.0,0.01366,0.01435,0,2.6,0.578,0.0626,0
4474,26600.0,0.0132,0.01927,0,0.6,0.483,0.0509,0
4475,8320.0,0.01302,0.01515,0,0.5,0.231,0.0536,0
4476,3490.0,0.00707,0.00593,0,6.0,0.332,0.052,0
4477,18530.0,0.00819,0.00471,47,3.7,0.5,0.0695,1
4478,6010.0,0.02248,0.02633,0,5.9,0.361,0.0419,0
4479,10370.0,0.02362,0.04246,0,4.5,0.528,0.0721,0
4480,2760.0,0.01599,0.02682,0,4.0,0.564,0.061,0
4481,16030.0,0.02836,0.05424,0,3.6,0.364,0.0464,0
4482,15860.0,0.0459,0.07708,0,1.8,0.479,0.0481,0
4483,2770.0,0.02259,0.01817,0,4.3,0.211,0.0303,0
4484,11460.0,0.00957,0.00837,0,2.5,0.595,0.0643,0
4485,7660.0,0.01071,0.01318,0,2.4,0.532,0.0642,0
4486,12290.0,0.05543,0.18779,0,6.2,0.466,0.0584,0
4487,3950.0,0.00845,0.00806,0,3.8,0.583,0.0796,0
4488,3220.0,0.01061,0.01144,0,0.6,0.556,0.0699,0
4489,4050.0,0.00953,0.00606,0,4.9,0.356,0.0313,0
4490,20810.0,0.02486,0.07341,0,3.1,0.299,0.0792,0
4491,13930.0,0.06332,0.06845,0,3.3,0.394,0.0582,0
4492,28700.0,0.01467,0.03747,0,1.7,0.582,0.0436,0
4493,7660.0,0.00979,0.0073,0,4.3,0.347,0.0491,0
4494,24040.0,0.02478,0.02281,0,5.2,0.288,0.0558,0
4495,50170.0,0.02061,0.01225,0,2.7,0.529,0.0478,0
4496,15780.0,0.01495,0.02407,0,5.5,0.228,0.0697,0
4497,8990.0,0.02011,0.02265,0,5.0,0.448,0.0634,0
4498,31910.0,0.04521,0.0683,0,6.7,0.412,0.0405,0
4499,8530.0,0.03329,0.04165,0,5.6,0.466,0.0705,0
4500,32580.0,0.03925,0.06197,0,3.3,0.563,0.0544,0
4501,15400.0,0.03157,0.02197,388,5.0,0.495,0.0375,0
4502,22420.0,0.01316,0.04466,0,5.0,0.293,0.0389,0
4503,24380.0,0.00731,0.00447,77,3.5,0.286,0.0313,1
4504,19490.0,0.02468,0.02384,0,5.6,0.267,0.0744,0
4505,14160.0,0.02973,0.04546,0,2.6,0.544,0.063,0
4506,7510.0,0.02707,0.02324,0,0.9,0.558,0.0463,0
4507,7070.0,0.02136,0.01492,0,1.6,0.348,0.0679,0
4508,7030.0,0.00885,0.01655,0,5.4,0.42,0.0371,0
4509,11050.0,0.01028,0.00931,0,6.2,0.479,0.0363,0
4510,12160.0,0.05508,0.16015,0,5.0,0.263,0.0523,0
4511,34390.0,0.03344,0.10212,0,0.7,0.392,0.0494,0
4512,20440.0,0.00955,0.00761,0,4.4,0.313,0.04,0
4513,10520.0,0.02114,0.02259,0,2.0,0.28,0.0466,0
4514,37100.0,0.02595,0.02557,0,6.0,0.201,0.0701,0
4515,6120.0,0.01932,0.03954,0,4.5,0.525,0.0792,0
4516,8320.0,0.00742,0.01083,0,1.4,0.509,0.0779,0
4517,8470.0,0.01187,0.02721,0,1.6,0.386,0.0301,0
4518,7170.0,0.02209,0.02484,0,3.9,0.447,0.0365,0
4519,9490.0,0.06994,0.08852,0,3.3,0.259,0.0302,0
4520,14100.0,0.01446,0.03786,2,6.4,0.305,0.0775,0
4521,24120.0,0.04602,0.04266,0,4.0,0.299,0.0364,0
4522,11810.0,0.01608,0.00873,0,2.5,0.228,0.035,0
4523,17310.0,0.04332,0.03357,0,1.4,0.475,0.0632,1
4524,20110.0,0.01564,0.01096,31,2.2,0.333,0.0783,0
4525,20320.0,0.02932,0.0298,0,0.9,0.537,0.0762,0
4526,5110.0,0.01005,0.01511,0,1.3,0.3,0.0364,0
4527,3380.0,0.00885,0.01149,0,2.6,0.432,0.0633,0
4528,3830.0,0.01546,0.04587,0,0.7,0.466,0.0444,0
4529,4700.0,0.04383,0.04155,287,5.4,0.562,0.0593,1
4530,8120.0,0.05516,0.05806,0,5.4,0.325,0.0409,0
4531,20000.0,0.0133,0.00796,0,5.0,0.415,0.0371,0
4532,6420.0,0.0042,0.00564,0,1.6,0.34,0.0433,0
4533,8420.0,0.00664,0.00736,0,4.7,0.441,0.0462,0
4534,9180.0,0.03258,0.02709,0,0.7,0.441,0.0659,0
4535,5750.0,0.0233,0.02037,8,2.7,0.297,0.075,0
4536,11260.0,0.04313,0.05138,36,5.8,0.245,0.0407,0
4537,26030.0,0.02371,0.08022,0,3.2,0.359,0.0669,0
4538,15600.0,0.01138,0.00942,0,6.7,0.373,0.0482,0
4539,6210.0,0.01243,0.01607,0,4.5,0.395,0.0703,0
4540,15410.0,0.01302,0.00866,0,6.5,0.504,0.0363,0
4541,6770.0,0.02314,0.01986,0,3.8,0.358,0.0422,0
4542,5710.0,0.01753,0.01603,0,2.5,0.568,0.0608,0
4543,22850.0,0.07342,0.02613,0,1.9,0.5,0.03,0
4544,4620.0,0.02648,0.0254,0,1.9,0.542,0.0679,0
4545,15630.0,0.0151,0.01396,0,6.2,0.506,0.0363,0
4546,9480.0,0.01403,0.01489,0,0.5,0.288,0.0607,0
4547,35390.0,0.0162,0.01509,0,4.7,0.359,0.0383,0
4548,15090.0,0.01543,0.0107,0,0.9,0.487,0.072,0
4549,6190.0,0.00874,0.01436,0,2.6,0.588,0.0676,0
4550,22440.0,0.01558,0.01291,0,6.5,0.309,0.0447,0
4551,32590.0,0.01447,0.00795,0,1.7,0.404,0.0763,0
4552,1050.0,0.03813,0.02926,0,5.7,0.555,0.0552,0
4553,36800.0,0.0444,0.10042,0,5.3,0.57,0.0669,0
4554,14380.0,0.00544,0.00559,0,3.8,0.587,0.0632,0
4555,29690.0,0.01101,0.04364,0,6.5,0.24,0.0467,0
4556,12140.0,0.00697,0.02766,0,2.1,0.292,0.0321,0
4557,5640.0,0.02446,0.02013,57,4.2,0.373,0.0693,0
4558,20630.0,0.01116,0.0279,0,1.3,0.246,0.0319,0
4559,8950.0,0.01375,0.01764,0,1.4,0.591,0.0765,0
4560,11510.0,0.01553,0.00904,0,1.9,0.505,0.0316,0
4561,4670.0,0.04905,0.02379,0,3.6,0.337,0.0537,0
4562,7330.0,0.00656,0.00673,0,5.9,0.578,0.0693,0
4563,7290.0,0.0208,0.01439,16,1.8,0.355,0.036,0
4564,32070.0,0.01216,0.01586,0,1.1,0.406,0.0645,0
4565,11020.0,0.02392,0.00726,0,3.8,0.224,0.0576,0
4566,6080.0,0.01387,0.01296,17,4.8,0.273,0.0596,1
4567,11090.0,0.02103,0.03557,0,5.1,0.312,0.0499,0
4568,13520.0,0.00692,0.01569,0,3.1,0.339,0.0589,0
4569,5750.0,0.01377,0.01714,0,4.3,0.292,0.0496,0
4570,10080.0,0.0137,0.01014,0,2.4,0.528,0.0544,0
4571,7340.0,0.0092,0.0269,0,1.0,0.236,0.0551,0
4572,8120.0,0.02068,0.01985,0,4.4,0.213,0.0751,0
4573,6800.0,0.01163,0.00999,0,6.7,0.557,0.031,0
4574,3770.0,0.00278,0.00503,0,6.1,0.213,0.0718,1
4575,7750.0,0.01728,0.00464,0,2.6,0.463,0.066,0
4576,8980.0,0.00996,0.01102,0,1.7,0.441,0.0329,0
4577,27060.0,0.011,0.02841,0,4.8,0.57,0.0746,0
4578,4500.0,0.00729,0.00852,0,4.0,0.266,0.0712,0
4579,21200.0,0.01502,0.02511,110,5.3,0.35,0.0609,0
4580,40990.0,0.02029,0.02502,0,1.2,0.394,0.0665,0
4581,11150.0,0.00435,0.00582,0,1.6,0.416,0.0707,0
4582,7910.0,0.00571,0.00505,0,5.2,0.572,0.0767,0
4583,66210.0,0.01134,0.01659,0,1.7,0.489,0.0782,0
4584,8330.0,0.02182,0.03748,0,4.2,0.557,0.0611,0
4585,4690.0,0.05666,0.10687,0,1.5,0.553,0.0694,0
4586,2660.0,0.01405,0.00972,380,4.7,0.269,0.0461,0
4587,7600.0,0.01892,0.01013,81,1.1,0.256,0.0417,0
4588,28680.0,0.02059,0.02014,0,0.7,0.295,0.0599,0
4589,2590.0,0.00991,0.00956,0,5.0,0.309,0.0527,0
4590,7300.0,0.0445,0.0303,0,3.9,0.549,0.0471,0
4591,25780.0,0.01879,0.0293,0,1.4,0.328,0.0782,0
4592,36560.0,0.06149,0.0917,0,0.6,0.314,0.0471,0
4593,6540.0,0.06796,0.17677,0,2.7,0.387,0.0427,0
4594,31270.0,0.0246,0.03414,0,3.2,0.334,0.0674,0
4595,10140.0,0.01091,0.00627,0,4.9,0.336,0.0686,0
4596,15520.0,0.00891,0.01784,0,1.7,0.26,0.0554,0
4597,7160.0,0.01631,0.01112,0,6.3,0.214,0.0793,1
4598,3200.0,0.01611,0.03673,0,6.4,0.51,0.0659,0
4599,17730.0,0.01878,0.01412,0,0.7,0.543,0.0779,0
4600,14560.0,0.00548,0.00488,150,6.5,0.464,0.0301,0
4601,11590.0,0.0515,0.06176,0,4.3,0.254,0.0486,0
4602,18720.0,0.02544,0.0183,0,4.1,0.385,0.0531,0
4603,7990.0,0.00532,0.002,15,1.2,0.454,0.0514,0
4604,3270.0,0.00266,0.00626,0,2.1,0.313,0.0547,0
4605,6980.0,0.02532,0.02779,32,2.5,0.461,0.0478,0
4606,14870.0,0.03722,0.08944,0,6.3,0.382,0.0796,0
4607,17930.0,0.03144,0.01947,0,4.0,0.295,0.0678,0
4608,22600.0,0.00813,0.0103,0,2.1,0.379,0.0327,0
4609,16420.0,0.01037,0.00539,0,1.8,0.379,0.0367,0
4610,6190.0,0.02371,0.01164,0,2.2,0.229,0.0326,0
4611,7140.0,0.09082,0.03799,0,6.0,0.583,0.0532,0
4612,33170.0,0.04172,0.1302,0,6.7,0.5,0.0696,0
4613,11640.0,0.00582,0.0067,0,3.8,0.3,0.0353,0
4614,28700.0,0.03601,0.0198,0,4.9,0.465,0.0436,0
4615,6060.0,0.02656,0.0129,0,3.7,0.2,0.0645,0
4616,21000.0,0.00945,0.01232,0,4.6,0.352,0.0471,0
4617,33350.0,0.02979,0.05041,0,0.5,0.313,0.0773,0
4618,26750.0,0.02662,0.03894,0,4.3,0.59,0.0696,0
4619,5200.0,0.03052,0.03154,0,4.8,0.539,0.0654,0
4620,24500.0,0.00899,0.01028,0,0.7,0.34,0.0561,0
4621,40630.0,0.04054,0.03219,0,2.0,0.341,0.066,0
4622,18600.0,0.01166,0.01136,0,6.4,0.543,0.0421,0
4623,26910.0,0.0149,0.01369,0,5.6,0.565,0.077,0
4624,10950.0,0.04241,0.02409,0,1.3,0.31,0.06,0
4625,9220.0,0.0523,0.13667,0,3.5,0.266,0.0574,0
4626,4840.0,0.02576,0.01493,0,4.6,0.471,0.0771,0
4627,1590.0,0.02663,0.03756,0,5.0,0.308,0.0348,0
4628,9590.0,0.04787,0.01999,0,3.4,0.387,0.0493,0
4629,41280.0,0.03388,0.0915,0,4.7,0.582,0.0355,0
4630,12810.0,0.02646,0.03485,0,1.5,0.509,0.0415,0
4631,2660.0,0.02501,0.01697,0,2.6,0.468,0.0606,0
4632,2880.0,0.0315,0.02574,0,6.7,0.392,0.0641,0
4633,12480.0,0.03955,0.0617,0,1.5,0.494,0.0787,0
4634,17690.0,0.0075,0.04924,0,1.1,0.565,0.0652,0
4635,8740.0,0.01014,0.04478,0,6.3,0.27,0.0374,0
4636,25590.0,0.01054,0.00489,0,4.0,0.598,0.0666,0
4637,2780.0,0.02189,0.04574,0,2.7,0.431,0.0407,0
4638,16050.0,0.01627,0.01396,0,1.7,0.594,0.0492,0
4639,5230.0,0.01163,0.01777,0,6.5,0.536,0.0353,0
4640,10760.0,0.02397,0.0462,0,4.9,0.598,0.06,0
4641,10820.0,0.02106,0.03133,0,6.8,0.279,0.0509,0
4642,14620.0,0.01527,0.04332,0,5.7,0.364,0.0309,0
4643,18080.0,0.01188,0.03308,0,6.3,0.284,0.0638,0
4644,6120.0,0.02706,0.0168,0,0.8,0.309,0.0588,0
4645,21660.0,0.02442,0.03641,0,4.6,0.288,0.0739,0
4646,16100.0,0.01262,0.00999,0,1.1,0.492,0.0795,0
4647,3120.0,0.01424,0.01474,0,5.4,0.533,0.0762,0
4648,8850.0,0.00458,0.00952,0,5.9,0.237,0.0418,0
4649,20770.0,0.02243,0.02048,0,4.0,0.211,0.0737,0
4650,12250.0,0.02463,0.02266,15,4.0,0.2,0.0422,0
4651,9830.0,0.00487,0.00328,0,6.5,0.456,0.0572,0
4652,40870.0,0.00673,0.00746,0,3.6,0.591,0.0693,0
4653,20430.0,0.02628,0.01722,0,1.0,0.238,0.047,0
4654,17130.0,0.04345,0.08327,0,3.1,0.372,0.0655,0
4655,23470.0,0.10146,0.24423,0,4.9,0.596,0.0665,0
4656,15570.0,0.01002,0.0146,0,1.8,0.346,0.0524,0
4657,15430.0,0.00816,0.01727,0,6.6,0.313,0.0442,0
4658,31060.0,0.05672,0.08137,50,4.3,0.382,0.0639,1
4659,6130.0,0.00793,0.01563,0,5.1,0.3,0.0673,0
4660,23900.0,0.02466,0.02937,0,3.9,0.455,0.0767,0
4661,8090.0,0.05238,0.0789,0,3.8,0.257,0.0401,0
4662,3560.0,0.02427,0.02742,0,4.1,0.449,0.0565,0
4663,26770.0,0.00941,0.00782,0,0.7,0.542,0.04,0
4664,14020.0,0.05876,0.07899,0,6.8,0.419,0.0775,0
4665,45080.0,0.0127,0.00471,30,3.4,0.246,0.0694,0
4666,12660.0,0.0218,0.02671,0,1.5,0.577,0.0722,0
4667,16390.0,0.01635,0.01241,0,2.4,0.461,0.0627,0
4668,8900.0,0.02587,0.06377,0,2.1,0.21,0.0337,0
4669,10540.0,0.02847,0.05336,0,0.7,0.426,0.0396,0
4670,2260.0,0.01206,0.01649,0,2.2,0.505,0.0379,0
4671,13690.0,0.01296,0.01243,0,4.9,0.432,0.0652,0
4672,9400.0,0.01105,0.0279,0,6.7,0.393,0.0406,0
4673,7180.0,0.0125,0.00826,0,2.4,0.559,0.0549,0
4674,9500.0,0.02051,0.03632,0,3.7,0.497,0.0462,0
4675,7650.0,0.00907,0.00676,0,1.5,0.557,0.0625,1
4676,5310.0,0.03546,0.04702,0,2.4,0.573,0.0647,0
4677,12220.0,0.03038,0.05483,0,5.7,0.212,0.0414,0
4678,23060.0,0.01449,0.01575,0,4.3,0.569,0.0789,0
4679,7430.0,0.02465,0.03943,0,1.1,0.232,0.0527,1
4680,8610.0,0.01488,0.01098,0,5.4,0.216,0.0413,0
4681,3750.0,0.06367,0.20847,0,2.4,0.246,0.0438,0
4682,12150.0,0.01077,0.00759,0,3.8,0.288,0.0531,0
4683,4270.0,0.07696,0.08848,0,1.0,0.531,0.043,0
4684,3710.0,0.01872,0.0183,0,4.4,0.289,0.0346,0
4685,5090.0,0.00723,0.00501,0,4.2,0.516,0.0789,0
4686,27980.0,0.01872,0.01341,0,1.1,0.438,0.0627,0
4687,19350.0,0.04427,0.06967,0,3.9,0.246,0.0424,0
4688,33670.0,0.02018,0.01707,0,4.4,0.241,0.0621,0
4689,13730.0,0.02649,0.07299,0,4.7,0.442,0.0516,0
4690,3030.0,0.00732,0.01067,0,5.0,0.22,0.0537,0
4691,19790.0,0.0103,0.01961,0,2.4,0.256,0.0361,0
4692,20110.0,0.02212,0.03725,0,1.8,0.231,0.0439,0
4693,34770.0,0.01341,0.014,41,1.6,0.598,0.0682,0
4694,32140.0,0.01645,0.0283,0,2.8,0.455,0.0415,0
4695,5460.0,0.0164,0.00703,0,2.7,0.372,0.0501,0
4696,17270.0,0.01376,0.0021,0,3.8,0.375,0.0301,0
4697,7790.0,0.00662,0.00711,72,5.8,0.442,0.0702,0
4698,15790.0,0.0136,0.01557,0,2.0,0.231,0.0494,0
4699,16040.0,0.01056,0.01419,0,6.7,0.22,0.0721,0
4700,1450.0,0.00935,0.00529,0,1.6,0.348,0.0798,0
4701,7730.0,0.0211,0.0688,0,1.1,0.584,0.0404,0
4702,13030.0,0.02188,0.0164,0,1.2,0.407,0.037,1
4703,6270.0,0.01057,0.02805,16,5.6,0.419,0.0465,0
4704,6040.0,0.01638,0.00653,0,1.9,0.213,0.072,0
4705,15320.0,0.03274,0.03045,0,2.2,0.231,0.075,0
4706,3640.0,0.08346,0.0336,0,2.3,0.242,0.0313,0
4707,31570.0,0.03606,0.07349,0,6.7,0.264,0.0472,0
4708,19260.0,0.06112,0.18295,0,1.5,0.237,0.052,0
4709,7750.0,0.04188,0.02478,0,1.8,0.412,0.066,0
4710,7750.0,0.01265,0.02092,0,4.1,0.52,0.0707,0
4711,3930.0,0.05205,0.04569,0,4.8,0.564,0.0696,0
4712,6780.0,0.00962,0.01759,9,4.5,0.524,0.0574,0
4713,21130.0,0.05397,0.09664,0,3.3,0.535,0.0698,0
4714,38610.0,0.00912,0.0128,0,5.3,0.412,0.0359,0
4715,4870.0,0.01465,0.01448,0,1.3,0.515,0.0528,0
4716,7650.0,0.01665,0.00761,0,0.9,0.554,0.0412,0
4717,15450.0,0.03784,0.0474,0,5.9,0.48,0.055,0
4718,26860.0,0.05426,0.05076,0,6.8,0.228,0.0364,0
4719,59140.0,0.01548,0.02852,0,2.9,0.571,0.0494,0
4720,7060.0,0.01153,0.01172,0,4.7,0.385,0.0782,0
4721,6890.0,0.01347,0.00873,0,1.2,0.55,0.0735,0
4722,22740.0,0.04433,0.03185,0,4.0,0.576,0.0635,0
4723,54320.0,0.03348,0.12404,0,2.7,0.571,0.0358,0
4724,4640.0,0.00845,0.02491,0,6.2,0.395,0.0687,0
4725,15480.0,0.01419,0.02307,0,3.8,0.397,0.0777,0
4726,5650.0,0.02614,0.03197,0,4.0,0.515,0.0365,0
4727,14430.0,0.0201,0.02728,0,2.7,0.403,0.0732,0
4728,18690.0,0.01335,0.01643,124,6.2,0.53,0.0688,0
4729,16890.0,0.00719,0.00928,0,3.0,0.5,0.0678,0
4730,24810.0,0.03501,0.03448,0,3.6,0.378,0.0456,0
4731,16390.0,0.01474,0.02121,0,4.6,0.252,0.0337,1
4732,16300.0,0.01316,0.00893,0,4.8,0.472,0.0527,0
4733,15540.0,0.03546,0.04478,0,1.7,0.327,0.0628,0
4734,3500.0,0.05111,0.01948,71,2.4,0.395,0.0312,0
4735,11620.0,0.0177,0.01444,0,6.0,0.524,0.0764,0
4736,6700.0,0.02441,0.01782,0,5.4,0.401,0.0798,0
4737,28530.0,0.01938,0.01413,0,5.3,0.458,0.0639,0
4738,10690.0,0.05157,0.03303,0,3.9,0.408,0.074,0
4739,16030.0,0.01251,0.02971,0,3.5,0.308,0.0528,0
4740,23830.0,0.00341,0.00413,31,6.5,0.55,0.0536,0
4741,9650.0,0.0179,0.01186,0,4.8,0.3,0.0351,0
4742,2020.0,0.01296,0.02819,0,2.0,0.32,0.0733,0
4743,5260.0,0.04591,0.06017,0,4.8,0.244,0.0776,0
4744,34020.0,0.01286,0.02109,0,4.7,0.4,0.0656,0
4745,22970.0,0.00699,0.01199,0,3.5,0.507,0.0477,0
4746,11450.0,0.02077,0.01249,0,2.1,0.513,0.0683,0
4747,3800.0,0.02007,0.13411,0,4.3,0.555,0.0583,0
4748,23470.0,0.01424,0.00292,0,5.7,0.232,0.0608,1
4749,7210.0,0.0211,0.03952,0,5.9,0.327,0.066,0
4750,34780.0,0.14376,0.2859,0,4.3,0.435,0.0724,0
4751,4230.0,0.04142,0.1031,0,2.1,0.211,0.0382,0
4752,10670.0,0.00865,0.01282,0,1.0,0.202,0.0509,0
4753,32930.0,0.00894,0.00695,59,3.7,0.553,0.0797,0
4754,19680.0,0.04132,0.03789,0,3.7,0.482,0.0754,0
4755,6200.0,0.02056,0.02809,0,1.4,0.229,0.0713,0
4756,5470.0,0.02094,0.02217,72,6.2,0.522,0.0632,0
4757,11790.0,0.02391,0.05704,0,5.8,0.461,0.0772,0
4758,18560.0,0.02105,0.04453,0,2.5,0.35,0.0717,0
4759,24090.0,0.0349,0.04403,0,0.8,0.592,0.0498,0
4760,14350.0,0.01913,0.02555,0,3.9,0.324,0.0495,0
4761,43960.0,0.01937,0.02918,0,3.3,0.523,0.0619,0
4762,13920.0,0.01407,0.00436,0,4.6,0.224,0.0774,0
4763,8340.0,0.01896,0.01749,0,5.6,0.589,0.0339,0
4764,58330.0,0.02011,0.03372,0,6.6,0.419,0.0388,0
4765,9990.0,0.0397,0.04249,0,6.3,0.41,0.0339,0
4766,2320.0,0.01979,0.0106,0,0.9,0.563,0.0567,0
4767,3470.0,0.02516,0.01472,0,2.1,0.439,0.0731,0
4768,8700.0,0.00776,0.01371,0,0.9,0.212,0.0346,0
4769,34560.0,0.01067,0.01753,0,1.2,0.394,0.0366,0
4770,5370.0,0.02092,0.02546,0,1.8,0.296,0.0502,0
4771,2870.0,0.03304,0.04127,0,6.9,0.564,0.0632,0
4772,29780.0,0.00659,0.01364,0,5.2,0.384,0.0363,0
4773,1500.0,0.00749,0.00865,0,1.6,0.524,0.0549,0
4774,4120.0,0.00936,0.00682,0,4.4,0.237,0.0765,0
4775,17620.0,0.01505,0.02018,0,0.9,0.436,0.0779,0
4776,9850.0,0.01102,0.00636,0,3.4,0.349,0.0405,0
4777,2100.0,0.0255,0.04599,0,1.6,0.342,0.0316,0
4778,10500.0,0.03471,0.03245,0,6.4,0.367,0.0642,0
4779,14540.0,0.034,0.01828,0,2.5,0.37,0.0369,0
4780,22260.0,0.02046,0.02614,0,5.7,0.259,0.0617,0
4781,31700.0,0.03153,0.0392,0,6.2,0.556,0.0351,0
4782,10700.0,0.02014,0.01562,0,4.2,0.588,0.0625,0
4783,26070.0,0.06004,0.10283,0,3.4,0.246,0.0391,0
4784,2900.0,0.02631,0.03721,0,3.2,0.568,0.0618,0
4785,2010.0,0.00962,0.01263,219,5.0,0.587,0.0517,0
4786,12720.0,0.01961,0.0211,0,4.7,0.348,0.0737,0
4787,34650.0,0.01784,0.03771,0,1.2,0.491,0.0558,0
4788,2800.0,0.01266,0.01611,0,6.6,0.234,0.0624,0
4789,21380.0,0.00989,0.00427,0,0.8,0.413,0.0454,0
4790,17600.0,0.01187,0.002,0,2.4,0.328,0.0554,0
4791,8460.0,0.00838,0.00559,0,1.4,0.454,0.0314,0
4792,37950.0,0.01526,0.00966,0,2.0,0.333,0.0666,0
4793,36490.0,0.02299,0.04246,0,4.5,0.353,0.0305,0
4794,10920.0,0.05161,0.0396,0,5.5,0.374,0.0424,0
4795,13580.0,0.02259,0.00781,0,1.9,0.342,0.0378,0
4796,6790.0,0.00628,0.0077,0,3.0,0.358,0.0773,0
4797,3260.0,0.03208,0.04533,0,1.2,0.478,0.0562,0
4798,8050.0,0.02752,0.04227,0,4.7,0.507,0.0402,0
4799,6400.0,0.07078,0.10511,3,3.5,0.243,0.0737,0
4800,3670.0,0.01757,0.03628,0,3.4,0.288,0.0406,0
4801,14390.0,0.01459,0.03491,0,3.7,0.502,0.068,0
4802,10550.0,0.03283,0.05442,0,6.5,0.311,0.0588,0
4803,32560.0,0.01669,0.02097,0,3.1,0.459,0.0308,0
4804,18850.0,0.01043,0.03076,0,6.5,0.375,0.0522,0
4805,13980.0,0.08836,0.14518,29,6.3,0.517,0.0373,0
4806,3730.0,0.00813,0.00563,0,6.8,0.422,0.0478,0
4807,5740.0,0.12458,0.3634,0,1.5,0.356,0.0334,0
4808,3740.0,0.05667,0.04338,0,1.7,0.376,0.0359,0
4809,28050.0,0.04427,0.05735,0,2.8,0.433,0.0576,0
4810,4430.0,0.01384,0.04736,0,6.6,0.408,0.0728,0
4811,26130.0,0.00931,0.01127,0,3.6,0.463,0.0585,1
4812,5870.0,0.03505,0.01526,0,3.6,0.283,0.0773,0
4813,40940.0,0.00979,0.00874,0,3.0,0.394,0.0632,0
4814,15600.0,0.01966,0.03512,370,6.8,0.598,0.0615,0
4815,7270.0,0.01858,0.01647,0,5.6,0.535,0.0691,0
4816,7170.0,0.05644,0.0218,0,7.0,0.334,0.0622,0
4817,17070.0,0.03017,0.14947,0,4.6,0.535,0.0788,0
4818,7300.0,0.01545,0.00997,0,3.4,0.443,0.0382,0
4819,12040.0,0.02122,0.01614,0,1.2,0.417,0.0744,0
4820,32110.0,0.01751,0.03392,48,2.8,0.415,0.0525,0
4821,30910.0,0.01847,0.02419,0,1.8,0.27,0.0555,0
4822,19040.0,0.05098,0.02156,0,6.8,0.269,0.0507,0
4823,19530.0,0.03077,0.03162,0,6.4,0.36,0.0541,0
4824,10530.0,0.03326,0.03902,0,5.1,0.534,0.0549,0
4825,38280.0,0.01118,0.01287,185,1.6,0.478,0.0618,0
4826,21920.0,0.02309,0.01503,0,1.8,0.287,0.0534,0
4827,5590.0,0.01659,0.08108,0,4.4,0.413,0.0769,0
4828,19470.0,0.00665,0.00632,0,3.4,0.449,0.0341,0
4829,16510.0,0.01588,0.01269,0,1.9,0.509,0.0438,0
4830,6630.0,0.00645,0.01935,0,2.2,0.326,0.0314,0
4831,20100.0,0.06732,0.04784,0,6.7,0.552,0.0373,0
4832,55750.0,0.03347,0.02531,0,3.3,0.479,0.0341,0
4833,2880.0,0.02639,0.08147,0,6.1,0.58,0.0795,0
4834,2930.0,0.01473,0.00524,0,6.0,0.478,0.0727,0
4835,34300.0,0.00999,0.00231,0,3.0,0.235,0.0353,0
4836,9240.0,0.01546,0.06778,0,1.9,0.319,0.0377,0
4837,5160.0,0.23799,0.44007,0,5.6,0.595,0.0527,0
4838,5090.0,0.00263,0.0042,0,6.0,0.449,0.0794,0
4839,16750.0,0.00934,0.00551,0,1.9,0.296,0.0355,0
4840,59850.0,0.01402,0.00527,0,1.8,0.235,0.075,0
4841,7550.0,0.01626,0.01465,0,6.4,0.362,0.0661,0
4842,46590.0,0.03647,0.04886,0,6.5,0.428,0.0695,0
4843,21080.0,0.04771,0.12829,0,1.5,0.288,0.0344,0
4844,7170.0,0.02794,0.04458,0,3.6,0.267,0.0689,0
4845,4730.0,0.04666,0.06728,0,2.0,0.208,0.0304,0
4846,24360.0,0.01256,0.02378,0,3.1,0.443,0.0389,0
4847,15370.0,0.02414,0.01456,0,0.8,0.493,0.0711,0
4848,21910.0,0.01843,0.01275,165,5.5,0.324,0.0339,0
4849,20050.0,0.00779,0.00232,0,2.5,0.505,0.0312,1
4850,8190.0,0.11024,0.10671,0,3.7,0.565,0.0522,0
4851,18530.0,0.01089,0.03338,0,3.6,0.369,0.0363,0
4852,12590.0,0.01823,0.04818,0,4.5,0.321,0.0491,0
4853,9150.0,0.0665,0.07233,0,6.5,0.247,0.076,0
4854,35530.0,0.01353,0.01142,0,1.3,0.233,0.0607,0
4855,3400.0,0.01592,0.03152,0,5.6,0.512,0.0447,0
4856,3370.0,0.02137,0.03111,0,2.5,0.493,0.0417,0
4857,5140.0,0.01317,0.00683,0,1.8,0.205,0.0787,0
4858,6270.0,0.00641,0.00934,0,4.8,0.439,0.0779,0
4859,15550.0,0.01233,0.01034,0,2.2,0.267,0.0481,0
4860,3850.0,0.00723,0.00425,0,3.3,0.485,0.0376,0
4861,9020.0,0.02697,0.00952,0,2.5,0.311,0.0484,0
4862,8690.0,0.01675,0.0514,30,0.9,0.525,0.078,0
4863,9990.0,0.01847,0.01291,5,6.5,0.232,0.0636,0
4864,4620.0,0.02338,0.01681,0,4.1,0.286,0.055,0
4865,13270.0,0.02592,0.04873,0,5.2,0.467,0.0485,0
4866,7490.0,0.01683,0.06075,0,3.3,0.384,0.0355,0
4867,6620.0,0.03298,0.17146,0,5.3,0.542,0.0448,0
4868,22800.0,0.01581,0.03574,0,2.8,0.235,0.0734,0
4869,10710.0,0.01444,0.03271,0,4.1,0.291,0.0527,0
4870,8660.0,0.01959,0.03319,0,2.2,0.424,0.0544,0
4871,4330.0,0.0317,0.03916,0,5.1,0.444,0.0591,0
4872,30790.0,0.07697,0.08615,0,5.0,0.277,0.0371,0
4873,3280.0,0.05124,0.06087,0,5.6,0.472,0.0559,0
4874,10090.0,0.02708,0.06193,48,1.9,0.232,0.078,0
4875,2790.0,0.02864,0.01308,0,6.2,0.241,0.076,0
4876,9580.0,0.02053,0.03822,0,4.4,0.424,0.0325,0
4877,7440.0,0.00479,0.00589,0,5.8,0.458,0.0545,0
4878,5900.0,0.02321,0.04015,0,6.8,0.262,0.0395,0
4879,6720.0,0.01233,0.01403,0,3.0,0.292,0.0748,0
4880,3580.0,0.00952,0.01419,0,1.7,0.484,0.0723,0
4881,13480.0,0.01334,0.02339,0,4.6,0.285,0.0385,0
4882,32580.0,0.06913,0.17091,0,3.8,0.574,0.0798,0
4883,3270.0,0.04399,0.09217,0,2.1,0.343,0.0691,1
4884,43520.0,0.01026,0.01928,0,2.6,0.331,0.0366,0
4885,32730.0,0.06812,0.03311,0,1.6,0.31,0.0641,0
4886,9010.0,0.02027,0.0716,0,1.4,0.308,0.0369,0
4887,29080.0,0.01368,0.0145,0,6.7,0.466,0.0617,0
4888,16610.0,0.02719,0.01337,0,4.3,0.256,0.0598,0
4889,40700.0,0.01325,0.01004,0,1.1,0.294,0.0505,0
4890,4450.0,0.03208,0.03,0,1.3,0.525,0.0688,0
4891,2670.0,0.04648,0.16399,0,1.6,0.495,0.0671,0
4892,23780.0,0.01313,0.01327,0,6.7,0.209,0.0641,0
4893,17900.0,0.00608,0.00612,0,6.5,0.205,0.0494,0
4894,18870.0,0.01415,0.01207,0,3.7,0.574,0.0375,0
4895,12780.0,0.00946,0.00724,0,5.5,0.355,0.0387,0
4896,1340.0,0.00576,0.02418,0,0.5,0.358,0.0483,0
4897,17860.0,0.06056,0.04986,0,6.8,0.321,0.0712,0
4898,26340.0,0.07167,0.18516,0,5.1,0.394,0.0639,0
4899,30680.0,0.01337,0.02818,0,3.9,0.287,0.0726,0
4900,47010.0,0.0385,0.05522,172,3.6,0.352,0.0711,0
4901,4700.0,0.05796,0.03809,0,3.8,0.205,0.032,0
4902,5920.0,0.01154,0.01132,0,1.9,0.503,0.0398,0
4903,11810.0,0.03122,0.02662,0,2.6,0.258,0.0335,0
4904,9200.0,0.07432,0.1834,0,6.6,0.479,0.0605,0
4905,19950.0,0.01875,0.00857,0,6.8,0.366,0.0407,0
4906,9980.0,0.00915,0.00462,0,2.8,0.34,0.0558,0
4907,85940.0,0.01277,0.01324,0,2.4,0.368,0.04,0
4908,2950.0,0.01425,0.02654,0,5.1,0.261,0.0546,0
4909,1970.0,0.02848,0.02963,0,5.4,0.317,0.0741,0
4910,5270.0,0.03418,0.02718,0,4.2,0.359,0.0766,0
4911,9210.0,0.0301,0.09249,65,3.4,0.508,0.065,0
4912,15300.0,0.0231,0.01845,20,6.9,0.429,0.0356,0
4913,19240.0,0.03964,0.03153,0,4.2,0.245,0.0418,0
4914,5000.0,0.03526,0.02242,0,4.2,0.378,0.0686,0
4915,18240.0,0.06475,0.07016,0,4.7,0.56,0.0351,0
4916,33590.0,0.00934,0.0115,0,4.2,0.215,0.076,0
4917,10580.0,0.00569,0.01127,0,6.4,0.489,0.043,0
4918,7120.0,0.00957,0.02944,0,5.1,0.582,0.0353,0
4919,3470.0,0.01317,0.03073,0,1.5,0.579,0.0458,0
4920,69400.0,0.01837,0.01225,0,1.2,0.468,0.0675,0
4921,25640.0,0.01151,0.0099,21,1.6,0.514,0.0692,1
4922,8960.0,0.03463,0.02702,0,5.5,0.411,0.0702,0
4923,5350.0,0.01382,0.00743,276,3.7,0.379,0.0679,0
4924,20860.0,0.04582,0.08571,0,1.1,0.517,0.0322,0
4925,13840.0,0.0209,0.06026,0,6.6,0.295,0.04,0
4926,7030.0,0.02838,0.02912,358,6.5,0.44,0.0379,0
4927,3690.0,0.00431,0.00808,0,2.3,0.421,0.0713,0
4928,8270.0,0.04658,0.13628,0,3.2,0.208,0.0422,0
4929,14610.0,0.03233,0.09626,0,2.3,0.293,0.0558,0
4930,76920.0,0.01179,0.0485,0,4.7,0.244,0.0773,0
4931,17020.0,0.01543,0.03244,0,3.6,0.462,0.048,0
4932,9790.0,0.02815,0.10366,39,4.2,0.593,0.0582,0
4933,15560.0,0.0508,0.06418,0,6.1,0.429,0.0696,0
4934,6530.0,0.02502,0.0824,0,1.9,0.241,0.0784,0
4935,4460.0,0.0099,0.00671,0,5.7,0.29,0.0754,1
4936,8390.0,0.03643,0.06072,46,4.3,0.262,0.0489,0
4937,10660.0,0.01667,0.00735,0,1.0,0.433,0.0585,0
4938,25120.0,0.02801,0.02445,0,4.9,0.421,0.0537,0
4939,2060.0,0.03622,0.01892,0,5.2,0.402,0.0731,0
4940,3590.0,0.03785,0.04422,47,0.8,0.353,0.0777,0
4941,7220.0,0.03665,0.02035,0,6.5,0.539,0.0796,0
4942,31240.0,0.02639,0.0184,36,3.6,0.399,0.0433,1
4943,10330.0,0.01971,0.00696,0,3.8,0.486,0.0535,0
4944,18480.0,0.02308,0.07567,0,6.3,0.554,0.0421,0
4945,13410.0,0.01203,0.04267,0,2.5,0.542,0.0376,0
4946,6610.0,0.04994,0.10001,0,3.2,0.36,0.0609,0
4947,9580.0,0.01529,0.02598,0,6.9,0.489,0.0745,0
4948,5530.0,0.01011,0.01167,45,1.5,0.417,0.0572,0
4949,2730.0,0.01367,0.01731,0,5.6,0.406,0.0497,0
4950,22750.0,0.02373,0.02048,0,6.1,0.433,0.0359,0
4951,17630.0,0.05004,0.03369,0,5.0,0.274,0.0707,0
4952,5380.0,0.00931,0.02088,0,1.9,0.263,0.0545,0
4953,10010.0,0.05432,0.08674,0,1.5,0.447,0.0577,0
4954,44240.0,0.0183,0.01843,0,4.9,0.369,0.0604,1
4955,11580.0,0.02789,0.07412,0,2.3,0.314,0.0597,1
4956,9500.0,0.02641,0.02887,70,3.5,0.283,0.0725,0
4957,8270.0,0.0061,0.01507,0,1.1,0.437,0.0681,0
4958,4140.0,0.02782,0.02544,0,1.5,0.422,0.037,0
4959,1070.0,0.03298,0.01632,0,3.2,0.531,0.0377,0
4960,6500.0,0.03303,0.03654,0,6.4,0.263,0.0575,0
4961,9150.0,0.01807,0.02687,0,6.5,0.274,0.0765,0
4962,5550.0,0.08945,0.06489,0,6.6,0.23,0.039,0
4963,22600.0,0.01297,0.01726,0,2.7,0.38,0.0762,0
4964,36410.0,0.03865,0.0526,0,1.8,0.207,0.0685,0
4965,11020.0,0.01423,0.01251,0,1.0,0.5,0.0543,0
4966,4200.0,0.01872,0.05183,0,4.2,0.276,0.0554,0
4967,5190.0,0.04564,0.04377,0,1.5,0.352,0.0324,0
4968,13850.0,0.01749,0.00661,0,1.7,0.229,0.0551,0
4969,5850.0,0.00748,0.00559,0,3.2,0.517,0.0736,0
4970,11000.0,0.01348,0.02163,0,1.6,0.452,0.0581,0
4971,7580.0,0.01514,0.03307,0,4.6,0.466,0.071,1
4972,10820.0,0.03808,0.03871,0,1.2,0.507,0.0426,0
4973,4900.0,0.04772,0.02545,0,3.1,0.574,0.0353,0
4974,11440.0,0.01613,0.02418,0,1.9,0.587,0.0443,0
4975,2160.0,0.04112,0.06328,0,0.6,0.49,0.058,0
4976,5170.0,0.04485,0.09713,0,1.5,0.465,0.0427,0
4977,69040.0,0.06109,0.11061,0,6.2,0.573,0.0759,0
4978,58800.0,0.01398,0.01611,0,4.1,0.365,0.034,0
4979,12990.0,0.01114,0.0672,75,0.5,0.446,0.0747,0
4980,5310.0,0.02706,0.01857,0,1.3,0.508,0.0507,0
4981,5980.0,0.02679,0.0417,0,3.9,0.205,0.0771,0
4982,11430.0,0.01231,0.01939,0,5.3,0.292,0.0688,0
4983,29670.0,0.01045,0.01002,0,5.5,0.498,0.0467,0
4984,11350.0,0.00961,0.002,0,3.5,0.569,0.0581,0
4985,9950.0,0.005,0.00723,0,6.4,0.205,0.0494,0
4986,24970.0,0.01116,0.00893,0,3.8,0.276,0.0747,1
4987,30390.0,0.03049,0.04402,272,1.1,0.211,0.0394,0
4988,4050.0,0.01322,0.01529,0,4.0,0.28,0.0304,0
4989,46520.0,0.01476,0.03533,0,5.3,0.432,0.0676,0
4990,4950.0,0.02434,0.01828,0,2.5,0.21,0.0567,0
4991,6540.0,0.07523,0.05923,0,1.7,0.247,0.0433,0
4992,16160.0,0.01106,0.01722,0,4.7,0.338,0.0544,0
4993,21100.0,0.04137,0.05206,0,1.4,0.534,0.0542,0
4994,10610.0,0.01445,0.01396,0,1.2,0.418,0.0702,0
4995,6720.0,0.00493,0.00356,0,0.7,0.523,0.0642,0
4996,2550.0,0.01207,0.0103,0,6.4,0.588,0.0725,0
4997,9950.0,0.08686,0.16947,0,2.8,0.307,0.0309,0
4998,7840.0,0.0166,0.0573,0,6.4,0.217,0.0452,0
4999,4800.0,0.00859,0.01016,0,6.7,0.458,0.0611,0
5000,7880.0,0.02148,0.04325,0,4.8,0.278,0.0572,0
5001,13310.0,0.02674,0.04634,3,6.4,0.291,0.0726,1
5002,18560.0,0.02193,0.00997,0,4.1,0.214,0.0383,0
5003,8950.0,0.00466,0.00376,0,2.1,0.483,0.0547,0
5004,18730.0,0.01851,0.05051,0,6.3,0.543,0.0623,0
5005,18190.0,0.00443,0.002,0,1.3,0.323,0.0503,0
5006,2500.0,0.01272,0.02749,0,6.1,0.328,0.0466,1
5007,5260.0,0.02184,0.02892,75,3.4,0.483,0.0373,0
5008,5410.0,0.05676,0.06368,0,4.6,0.324,0.0375,0
5009,18170.0,0.0234,0.0124,0,0.6,0.221,0.0459,0
5010,5830.0,0.0184,0.04093,0,3.3,0.467,0.079,0
5011,5340.0,0.04515,0.02935,0,4.0,0.453,0.0343,0
5012,30390.0,0.0154,0.0171,0,6.9,0.599,0.0624,0
5013,9190.0,0.01065,0.01326,0,4.0,0.557,0.077,0
5014,9620.0,0.00799,0.01485,0,6.8,0.572,0.0787,0
5015,7800.0,0.00434,0.00746,0,1.4,0.258,0.0794,0
5016,43590.0,0.02329,0.02131,0,5.1,0.51,0.0618,0
5017,2370.0,0.02401,0.05645,0,2.4,0.296,0.0382,0
5018,8100.0,0.01521,0.01701,0,2.7,0.489,0.0438,0
5019,6070.0,0.00932,0.00822,0,1.8,0.484,0.0583,0
5020,15190.0,0.02559,0.05539,0,5.8,0.442,0.0767,0
5021,35790.0,0.00972,0.00846,0,5.6,0.406,0.0706,0
5022,11850.0,0.01174,0.02839,0,4.6,0.528,0.0611,0
5023,9080.0,0.01433,0.01419,0,5.0,0.539,0.0747,0
5024,52910.0,0.00552,0.00835,0,5.6,0.5,0.0663,0
5025,17260.0,0.00562,0.00636,0,1.6,0.584,0.0632,0
5026,14580.0,0.03977,0.04676,0,3.5,0.331,0.0767,0
5027,14180.0,0.01486,0.00908,0,6.2,0.427,0.0357,0
5028,8630.0,0.02281,0.06525,0,1.6,0.528,0.0586,0
5029,4480.0,0.01952,0.03828,0,3.2,0.581,0.0504,0
5030,46960.0,0.00299,0.00268,0,2.4,0.449,0.0459,0
5031,22260.0,0.01594,0.01426,0,1.9,0.323,0.0727,0
5032,39500.0,0.01266,0.0194,0,2.5,0.536,0.036,0
5033,16430.0,0.0275,0.04917,0,6.3,0.567,0.0571,0
5034,12370.0,0.01917,0.00427,0,5.9,0.395,0.0374,0
5035,5540.0,0.03486,0.03181,0,2.3,0.21,0.0595,0
5036,16210.0,0.01385,0.01156,0,1.3,0.445,0.0745,0
5037,23900.0,0.02806,0.01665,0,1.4,0.33,0.0343,0
5038,13620.0,0.00477,0.00811,0,5.1,0.253,0.0666,0
5039,10750.0,0.0586,0.07054,0,5.5,0.4,0.0765,0
5040,14150.0,0.01244,0.00377,0,3.2,0.287,0.0451,0
5041,44560.0,0.01568,0.02248,0,0.6,0.358,0.0789,0
5042,15780.0,0.03126,0.03529,0,4.2,0.334,0.0641,0
5043,19650.0,0.00843,0.00748,0,3.1,0.519,0.0457,0
5044,5200.0,0.06757,0.02575,0,0.6,0.402,0.0303,0
5045,4180.0,0.01885,0.02821,0,4.7,0.367,0.0715,0
5046,3970.0,0.0099,0.00453,0,6.5,0.563,0.0369,0
5047,5450.0,0.05519,0.0425,0,6.8,0.504,0.0531,0
5048,15170.0,0.01227,0.01347,0,6.9,0.384,0.0355,0
5049,41430.0,0.05281,0.02933,0,3.2,0.488,0.0696,0
5050,20510.0,0.01077,0.02065,338,2.0,0.516,0.0439,0
5051,15810.0,0.03341,0.03682,0,5.5,0.514,0.0373,0
5052,7170.0,0.01493,0.02157,0,5.0,0.599,0.059,0
5053,10090.0,0.01909,0.04344,0,3.2,0.264,0.0438,0
5054,13380.0,0.01427,0.00634,0,5.4,0.407,0.0352,0
5055,1570.0,0.02958,0.0261,31,4.3,0.386,0.0592,0
5056,31700.0,0.02262,0.01697,0,6.6,0.46,0.0456,0
5057,18940.0,0.03021,0.01721,0,2.0,0.546,0.0732,0
5058,23840.0,0.00429,0.00396,0,6.4,0.471,0.0522,0
5059,22590.0,0.00905,0.00388,0,2.3,0.365,0.061,0
5060,17440.0,0.02251,0.01308,0,6.1,0.401,0.0671,0
5061,19940.0,0.04357,0.05482,0,3.0,0.439,0.0782,0
5062,2970.0,0.00517,0.00766,0,4.4,0.572,0.0558,0
5063,55800.0,0.00277,0.0023,0,0.8,0.325,0.0706,0
5064,16500.0,0.03437,0.0259,0,1.5,0.295,0.0385,0
5065,5090.0,0.01767,0.0319,0,3.0,0.263,0.0669,0
5066,17570.0,0.01527,0.03658,0,4.0,0.372,0.0466,0
5067,6080.0,0.04061,0.02686,0,4.3,0.279,0.0721,0
5068,14420.0,0.03218,0.06974,76,5.6,0.245,0.0507,0
5069,1890.0,0.00872,0.00612,0,0.9,0.456,0.0308,0
5070,6620.0,0.03082,0.05821,0,2.0,0.283,0.0383,0
5071,22580.0,0.00998,0.01037,0,1.5,0.304,0.0656,0
5072,10520.0,0.00702,0.01152,0,6.4,0.315,0.0719,0
5073,20970.0,0.00917,0.01987,0,0.8,0.227,0.0634,0
5074,4710.0,0.02,0.01651,0,1.8,0.322,0.0414,0
5075,13150.0,0.00827,0.00849,0,4.4,0.535,0.0675,0
5076,9340.0,0.01526,0.03018,0,5.2,0.38,0.0383,0
5077,5340.0,0.01503,0.01483,0,1.4,0.386,0.0647,0
5078,16330.0,0.00954,0.02146,0,5.2,0.536,0.0448,0
5079,25320.0,0.04845,0.14657,0,0.7,0.321,0.0513,0
5080,29130.0,0.02566,0.03147,0,0.9,0.336,0.0499,0
5081,11140.0,0.04867,0.04089,0,6.4,0.29,0.0781,0
5082,11520.0,0.0153,0.0367,0,5.9,0.59,0.038,0
5083,8600.0,0.00842,0.01616,0,3.6,0.419,0.0573,0
5084,7210.0,0.02594,0.04476,0,2.0,0.426,0.0792,0
5085,19510.0,0.01416,0.00725,0,4.7,0.455,0.0379,0
5086,25870.0,0.04622,0.08661,0,4.7,0.584,0.0687,0
5087,3820.0,0.02148,0.03605,0,5.9,0.221,0.0421,0
5088,5740.0,0.02481,0.01982,0,0.8,0.387,0.0312,0
5089,24980.0,0.01195,0.01688,0,4.2,0.597,0.0416,0
5090,15530.0,0.00908,0.00723,0,5.7,0.455,0.0325,0
5091,21140.0,0.02044,0.02661,0,2.9,0.497,0.0436,0
5092,6130.0,0.02831,0.0477,0,2.3,0.47,0.0331,0
5093,14130.0,0.01388,0.00494,0,2.5,0.341,0.0329,0
5094,12370.0,0.00533,0.01649,0,4.4,0.492,0.0583,0
5095,5250.0,0.01629,0.0664,330,5.7,0.588,0.0675,0
5096,6280.0,0.01909,0.03741,0,6.9,0.37,0.0644,0
5097,22430.0,0.01289,0.01667,0,5.2,0.311,0.0681,0
5098,5650.0,0.04554,0.08976,0,5.7,0.248,0.0409,0
5099,11330.0,0.022,0.00752,0,0.9,0.265,0.0781,0
5100,95430.0,0.00846,0.01995,0,3.2,0.216,0.0638,0
5101,19590.0,0.0135,0.00933,0,0.8,0.377,0.0646,0
5102,13180.0,0.0387,0.0181,0,4.8,0.523,0.0644,0
5103,16860.0,0.0354,0.02004,0,2.3,0.522,0.0357,0
5104,7410.0,0.02914,0.01399,0,5.8,0.574,0.0398,0
5105,39340.0,0.02854,0.03855,0,3.6,0.291,0.0679,0
5106,8210.0,0.09069,0.14267,0,2.6,0.458,0.0427,0
5107,11090.0,0.01186,0.05114,0,1.5,0.251,0.044,0
5108,24600.0,0.01282,0.00438,0,5.2,0.432,0.0698,0
5109,14740.0,0.03381,0.09293,0,5.6,0.542,0.0338,0
5110,8590.0,0.01313,0.01281,0,3.8,0.328,0.06,0
5111,5820.0,0.0182,0.02983,0,2.0,0.462,0.0689,0
5112,9980.0,0.10649,0.30466,0,2.6,0.349,0.0394,0
5113,39450.0,0.01047,0.01718,0,1.9,0.59,0.0665,0
5114,29600.0,0.00855,0.01273,0,3.5,0.41,0.0754,0
5115,7440.0,0.03667,0.0374,0,6.0,0.233,0.0788,0
5116,11680.0,0.01703,0.05002,0,4.6,0.298,0.0306,0
5117,8300.0,0.04666,0.02247,0,6.3,0.536,0.0399,0
5118,6850.0,0.01362,0.00712,0,2.5,0.576,0.0348,0
5119,38190.0,0.01256,0.01783,0,2.6,0.23,0.0541,0
5120,16210.0,0.01239,0.02365,0,3.0,0.386,0.0668,0
5121,40250.0,0.03295,0.05018,0,5.1,0.207,0.0416,0
5122,8810.0,0.0108,0.01562,0,6.7,0.435,0.0428,0
5123,5330.0,0.00938,0.00783,0,3.1,0.386,0.0651,0
5124,2850.0,0.01983,0.02904,0,5.8,0.339,0.0498,0
5125,5390.0,0.04054,0.05405,0,2.4,0.333,0.0777,0
5126,35100.0,0.00682,0.03732,0,4.0,0.424,0.0318,0
5127,11420.0,0.02373,0.02658,0,1.7,0.48,0.0489,0
5128,12630.0,0.05729,0.02648,0,3.6,0.499,0.0782,0
5129,7170.0,0.00567,0.00885,0,2.4,0.404,0.0648,0
5130,5770.0,0.05316,0.08039,0,2.7,0.304,0.0763,0
5131,6490.0,0.01218,0.00856,0,5.4,0.428,0.0495,0
5132,9560.0,0.03319,0.04034,0,3.3,0.271,0.0443,1
5133,6260.0,0.0164,0.02125,0,3.8,0.245,0.0618,0
5134,3340.0,0.04571,0.05186,0,5.6,0.354,0.0488,0
5135,13440.0,0.0195,0.03606,0,2.9,0.209,0.0572,0
5136,29410.0,0.02313,0.02426,0,6.0,0.581,0.053,0
5137,20470.0,0.01531,0.01197,0,1.4,0.465,0.0617,0
5138,44070.0,0.05988,0.03179,0,5.7,0.431,0.0789,0
5139,36340.0,0.01115,0.0216,0,3.5,0.437,0.0701,0
5140,8460.0,0.03334,0.06099,0,4.4,0.378,0.0579,0
5141,4820.0,0.0551,0.06873,0,6.8,0.378,0.0791,0
5142,19760.0,0.04304,0.04195,0,6.3,0.421,0.0611,0
5143,6380.0,0.00969,0.00458,0,7.0,0.405,0.0377,0
5144,11010.0,0.08691,0.15528,0,2.6,0.306,0.078,0
5145,20070.0,0.02278,0.02097,0,5.5,0.573,0.0501,0
5146,32790.0,0.04388,0.045,0,1.6,0.55,0.078,0
5147,6160.0,0.06205,0.06896,0,3.9,0.31,0.0423,0
5148,11090.0,0.019,0.01519,0,4.1,0.52,0.0415,0
5149,2130.0,0.03569,0.06017,0,5.9,0.447,0.0646,0
5150,6230.0,0.01805,0.0303,0,4.3,0.35,0.07,1
5151,12480.0,0.01426,0.03996,0,3.3,0.302,0.077,0
5152,12240.0,0.02479,0.0125,0,3.6,0.317,0.072,0
5153,13930.0,0.01508,0.01172,0,5.3,0.307,0.0681,0
5154,15740.0,0.00795,0.01271,0,2.2,0.229,0.0391,0
5155,12150.0,0.01472,0.02115,0,5.2,0.592,0.0386,0
5156,24090.0,0.01783,0.06773,0,6.6,0.484,0.0558,0
5157,7010.0,0.00808,0.0034,0,5.6,0.28,0.0411,0
5158,3300.0,0.03663,0.06318,0,3.3,0.377,0.0611,0
5159,6010.0,0.01883,0.01602,0,0.6,0.491,0.0476,0
5160,13080.0,0.00857,0.00575,0,6.7,0.381,0.0381,0
5161,8000.0,0.03546,0.0384,0,4.8,0.249,0.0615,0
5162,51270.0,0.02634,0.02641,0,3.0,0.232,0.0441,0
5163,20560.0,0.02702,0.06006,0,6.1,0.567,0.0747,0
5164,32240.0,0.04932,0.07514,0,6.7,0.209,0.0551,0
5165,7570.0,0.03122,0.05335,0,3.4,0.588,0.0393,0
5166,2830.0,0.02737,0.11809,0,3.6,0.413,0.0489,0
5167,15690.0,0.01689,0.02631,0,5.5,0.389,0.0673,0
5168,21520.0,0.02448,0.06092,0,0.5,0.423,0.0384,0
5169,35510.0,0.01442,0.00778,0,2.2,0.329,0.0714,0
5170,10000.0,0.01622,0.02688,340,4.5,0.56,0.0514,0
5171,9420.0,0.03914,0.10013,0,2.5,0.509,0.0698,0
5172,7400.0,0.01794,0.02197,0,5.2,0.451,0.0661,0
5173,3940.0,0.02915,0.02873,0,3.6,0.273,0.0307,0
5174,29240.0,0.02552,0.02596,0,3.2,0.531,0.0686,0
5175,14950.0,0.00985,0.00813,0,6.7,0.338,0.0473,0
5176,29770.0,0.08184,0.04604,0,2.3,0.486,0.0512,0
5177,10090.0,0.02299,0.05935,0,3.2,0.567,0.0697,0
5178,23040.0,0.01828,0.04317,0,0.5,0.536,0.0774,0
5179,3410.0,0.02446,0.04233,0,1.7,0.266,0.0405,0
5180,14200.0,0.02056,0.02928,0,2.3,0.527,0.0342,0
5181,17760.0,0.02874,0.05732,0,1.9,0.235,0.0685,0
5182,1640.0,0.06308,0.10376,0,5.5,0.279,0.0547,0
5183,8740.0,0.06466,0.23583,0,6.5,0.342,0.045,0
5184,9530.0,0.01171,0.02262,0,6.1,0.299,0.0344,0
5185,15930.0,0.00764,0.00795,0,4.9,0.389,0.0433,0
5186,7850.0,0.06195,0.11479,0,7.0,0.239,0.0581,0
5187,8060.0,0.02368,0.03172,22,2.9,0.342,0.0676,0
5188,1580.0,0.01833,0.01983,0,6.7,0.209,0.0594,0
5189,6460.0,0.02029,0.03814,0,6.6,0.242,0.0652,0
5190,2700.0,0.01283,0.01739,0,0.8,0.26,0.0615,0
5191,12160.0,0.00479,0.01218,0,4.7,0.362,0.051,0
5192,7260.0,0.00978,0.00998,0,3.0,0.245,0.0568,0
5193,8960.0,0.02795,0.02477,0,2.9,0.597,0.0573,0
5194,10850.0,0.02067,0.03164,0,5.4,0.498,0.0714,0
5195,13720.0,0.01548,0.02781,9,3.2,0.538,0.0672,0
5196,5930.0,0.01179,0.01985,0,1.3,0.46,0.0492,0
5197,3210.0,0.02912,0.07048,0,2.7,0.277,0.0774,0
5198,58460.0,0.01823,0.06417,0,5.1,0.247,0.0498,0
5199,29390.0,0.01208,0.00825,0,4.5,0.535,0.0751,0
5200,18610.0,0.01597,0.00569,0,3.4,0.245,0.0435,0
5201,10660.0,0.03755,0.0284,0,5.0,0.59,0.0405,0
5202,10900.0,0.03984,0.06764,0,2.9,0.365,0.0491,0
5203,15030.0,0.05539,0.05926,0,3.8,0.31,0.0608,0
5204,21960.0,0.01757,0.0183,0,2.0,0.462,0.0488,0
5205,12580.0,0.013,0.00794,0,4.1,0.342,0.0341,0
5206,4900.0,0.03209,0.03569,0,4.7,0.265,0.062,0
5207,40200.0,0.03485,0.03446,0,0.9,0.544,0.0535,0
5208,7890.0,0.02942,0.03516,0,6.7,0.401,0.0431,0
5209,3090.0,0.01539,0.04306,0,5.6,0.56,0.0707,0
5210,5690.0,0.00465,0.00884,0,0.7,0.305,0.069,0
5211,7410.0,0.01536,0.00761,0,1.2,0.33,0.0366,0
5212,11610.0,0.03513,0.0487,0,5.4,0.401,0.0734,0
5213,12300.0,0.03019,0.05432,0,1.5,0.373,0.0426,0
5214,6520.0,0.01499,0.02396,0,5.9,0.374,0.0788,0
5215,11200.0,0.03931,0.03035,0,0.8,0.527,0.0317,0
5216,12070.0,0.0182,0.01807,61,5.8,0.359,0.0383,0
5217,5170.0,0.0162,0.01414,0,0.9,0.441,0.0571,0
5218,23720.0,0.00435,0.00839,0,5.6,0.467,0.074,0
5219,9720.0,0.0102,0.04745,0,3.2,0.489,0.0312,0
5220,14990.0,0.02586,0.02242,0,3.0,0.495,0.0364,0
5221,4050.0,0.01051,0.01153,0,1.1,0.544,0.0649,0
5222,15330.0,0.03249,0.01073,127,6.5,0.264,0.0599,0
5223,3170.0,0.00853,0.00317,0,4.0,0.377,0.0465,0
5224,7730.0,0.02134,0.02087,0,6.0,0.504,0.0365,0
5225,12640.0,0.02574,0.06466,19,4.8,0.285,0.056,0
5226,6710.0,0.01311,0.02651,0,5.0,0.457,0.0592,0
5227,4070.0,0.01717,0.01192,0,3.0,0.309,0.0433,0
5228,14950.0,0.0318,0.03186,0,6.6,0.431,0.061,0
5229,17720.0,0.02227,0.02948,0,1.9,0.241,0.0437,0
5230,21200.0,0.06767,0.07235,0,5.5,0.593,0.0594,0
5231,3580.0,0.03492,0.03335,0,2.3,0.519,0.0461,0
5232,12590.0,0.0053,0.00633,0,4.4,0.427,0.0348,0
5233,11080.0,0.06502,0.02524,0,6.0,0.587,0.0473,0
5234,22940.0,0.01566,0.02798,0,2.4,0.54,0.0455,0
5235,8640.0,0.03039,0.02659,22,3.1,0.273,0.0591,0
5236,15670.0,0.03026,0.04293,41,1.7,0.346,0.0356,0
5237,5980.0,0.04383,0.08289,0,4.6,0.571,0.065,0
5238,11440.0,0.05384,0.0614,0,2.7,0.475,0.0767,0
5239,26280.0,0.01323,0.0199,0,1.6,0.469,0.0698,0
5240,7690.0,0.02111,0.01645,0,2.6,0.251,0.0627,0
5241,31390.0,0.00564,0.0126,0,0.5,0.343,0.0448,0
5242,18230.0,0.03089,0.05801,0,5.5,0.557,0.0671,0
5243,29640.0,0.04894,0.10544,0,1.2,0.524,0.0558,0
5244,20310.0,0.00615,0.00664,0,6.5,0.275,0.0471,0
5245,3940.0,0.05574,0.06021,22,6.7,0.409,0.0362,0
5246,10140.0,0.08437,0.12094,0,6.8,0.343,0.0524,0
5247,33150.0,0.00845,0.0116,0,7.0,0.5,0.03,0
5248,13790.0,0.02598,0.05958,0,4.7,0.507,0.0742,0
5249,3050.0,0.0122,0.01156,0,3.2,0.32,0.0783,0
5250,36220.0,0.01694,0.03135,17,5.7,0.562,0.0301,0
5251,12500.0,0.01395,0.06294,0,4.1,0.218,0.0624,0
5252,11240.0,0.00989,0.01627,29,0.6,0.493,0.0712,0
5253,23840.0,0.07199,0.29698,0,0.7,0.383,0.0461,0
5254,5900.0,0.01266,0.0192,0,2.5,0.513,0.0475,0
5255,19110.0,0.03099,0.0202,0,0.8,0.253,0.0498,0
5256,6340.0,0.03568,0.03738,0,1.1,0.307,0.0302,0
5257,7910.0,0.0221,0.03712,0,3.0,0.57,0.0363,0
5258,5780.0,0.01003,0.02145,0,0.8,0.431,0.041,0
5259,25630.0,0.02016,0.04206,0,1.1,0.27,0.0595,0
5260,6340.0,0.00505,0.002,0,4.4,0.325,0.074,0
5261,18200.0,0.01077,0.01318,0,3.7,0.533,0.0783,0
5262,5120.0,0.00822,0.01491,0,3.2,0.525,0.0535,0
5263,8690.0,0.01069,0.02145,0,1.1,0.446,0.0561,0
5264,2910.0,0.04747,0.09406,0,2.3,0.355,0.033,0
5265,6630.0,0.02714,0.02505,0,6.8,0.565,0.035,0
5266,36940.0,0.08162,0.06858,0,0.5,0.593,0.0478,0
5267,6780.0,0.01315,0.0197,0,4.5,0.202,0.0732,0
5268,18480.0,0.04368,0.0616,0,1.1,0.542,0.0581,0
5269,4480.0,0.09474,0.06538,0,2.2,0.223,0.0773,0
5270,3090.0,0.01946,0.0336,0,4.8,0.288,0.0692,0
5271,16620.0,0.03108,0.14295,0,2.9,0.292,0.068,0
5272,8590.0,0.0383,0.01197,0,1.9,0.564,0.0314,0
5273,18580.0,0.01813,0.02662,0,2.4,0.451,0.0605,0
5274,21430.0,0.02174,0.03151,302,2.3,0.565,0.0366,0
5275,12440.0,0.02034,0.023,0,0.9,0.593,0.0604,0
5276,7510.0,0.01878,0.02268,0,1.8,0.233,0.0664,0
5277,14720.0,0.00872,0.00737,0,3.4,0.362,0.0615,0
5278,5580.0,0.01093,0.01504,0,3.2,0.406,0.0735,0
5279,3970.0,0.02358,0.03146,0,6.4,0.265,0.063,0
5280,6710.0,0.07908,0.0651,0,6.7,0.379,0.0343,0
5281,11620.0,0.01134,0.01468,0,6.0,0.285,0.0602,0
5282,19530.0,0.00773,0.01924,0,6.6,0.485,0.0623,0
5283,27230.0,0.01526,0.00868,0,5.8,0.502,0.0497,0
5284,8680.0,0.01211,0.01465,35,5.5,0.378,0.0796,0
5285,4160.0,0.0112,0.01182,0,0.8,0.409,0.07,0
5286,13410.0,0.01612,0.00667,0,6.0,0.359,0.0622,0
5287,18450.0,0.01755,0.01015,0,4.2,0.404,0.0645,0
5288,4340.0,0.02742,0.01698,0,5.3,0.519,0.0363,0
5289,4200.0,0.02792,0.02752,0,1.4,0.356,0.0744,0
5290,4770.0,0.01747,0.02202,0,1.6,0.206,0.0352,0
5291,2630.0,0.03861,0.02141,0,5.8,0.327,0.0585,0
5292,11580.0,0.00394,0.00722,0,3.4,0.234,0.0453,0
5293,97760.0,0.01546,0.02662,0,4.0,0.323,0.0785,0
5294,16110.0,0.0169,0.02226,0,6.1,0.477,0.054,0
5295,8350.0,0.05373,0.10848,0,1.8,0.451,0.0563,0
5296,15050.0,0.01731,0.024,0,3.3,0.216,0.0377,0
5297,1110.0,0.03967,0.04915,0,0.9,0.584,0.0427,0
5298,29520.0,0.00511,0.00259,0,1.2,0.588,0.0686,0
5299,40750.0,0.00942,0.01,0,2.7,0.578,0.0379,0
5300,4420.0,0.03711,0.11038,0,6.3,0.393,0.0612,0
5301,19110.0,0.0273,0.04978,0,6.0,0.295,0.043,0
5302,24900.0,0.01117,0.00912,0,0.7,0.456,0.052,0
5303,22310.0,0.0159,0.01983,81,3.5,0.531,0.0527,0
5304,3380.0,0.02175,0.0359,0,4.8,0.501,0.0644,0
5305,10360.0,0.0178,0.02592,0,2.3,0.256,0.0349,0
5306,12290.0,0.02401,0.02567,0,2.3,0.472,0.05,0
5307,8450.0,0.01705,0.01908,0,1.6,0.259,0.0388,0
5308,4940.0,0.03741,0.04721,0,4.5,0.496,0.0677,0
5309,26020.0,0.02082,0.01877,0,3.8,0.451,0.0675,0
5310,38870.0,0.02295,0.01105,0,0.7,0.379,0.0422,0
5311,10620.0,0.02973,0.06149,0,3.7,0.51,0.0306,0
5312,4870.0,0.10678,0.08389,0,1.6,0.35,0.0576,0
5313,12020.0,0.01063,0.0174,0,6.3,0.478,0.0402,0
5314,18170.0,0.02767,0.0469,0,3.1,0.455,0.0366,0
5315,13720.0,0.02721,0.02514,0,4.9,0.312,0.0738,0
5316,7400.0,0.02635,0.13835,0,5.3,0.553,0.0757,0
5317,5370.0,0.02344,0.01189,0,1.9,0.255,0.0737,0
5318,9580.0,0.02971,0.07149,0,4.8,0.503,0.0595,0
5319,8130.0,0.02949,0.02255,291,3.9,0.42,0.0574,0
5320,22650.0,0.01008,0.01489,10,6.2,0.336,0.0678,0
5321,7090.0,0.00545,0.00981,0,0.9,0.387,0.033,0
5322,2340.0,0.02051,0.01554,0,2.2,0.515,0.0586,0
5323,9240.0,0.04286,0.25352,0,6.6,0.539,0.0733,1
5324,11330.0,0.01938,0.02625,0,3.1,0.416,0.072,0
5325,15840.0,0.03575,0.05513,7,2.0,0.452,0.0666,0
5326,8940.0,0.02527,0.05718,0,5.5,0.443,0.048,0
5327,4390.0,0.01765,0.00572,0,5.1,0.415,0.0783,0
5328,18440.0,0.02239,0.03776,17,2.6,0.392,0.0526,0
5329,23830.0,0.01788,0.02111,0,3.0,0.561,0.0562,0
5330,22460.0,0.04989,0.0554,0,5.6,0.357,0.0473,0
5331,7680.0,0.02541,0.02491,0,5.3,0.342,0.0645,0
5332,2860.0,0.04998,0.08286,0,1.9,0.238,0.0726,0
5333,15170.0,0.0108,0.0066,0,2.4,0.568,0.0637,0
5334,4020.0,0.01909,0.01351,0,2.4,0.519,0.047,0
5335,9540.0,0.02006,0.01674,0,4.5,0.229,0.0498,0
5336,12640.0,0.01605,0.02094,0,6.4,0.488,0.0505,0
5337,5890.0,0.033,0.08003,0,4.7,0.229,0.0548,0
5338,4840.0,0.01019,0.00655,67,2.5,0.429,0.074,0
5339,6940.0,0.04722,0.04156,0,4.7,0.4,0.0686,0
5340,13300.0,0.00715,0.00658,0,1.1,0.27,0.07,0
5341,28420.0,0.00617,0.00208,0,2.5,0.332,0.0416,0
5342,25370.0,0.0343,0.04798,0,0.5,0.466,0.0728,0
5343,49780.0,0.01342,0.00844,0,6.2,0.247,0.0472,0
5344,2740.0,0.09777,0.06874,0,1.6,0.373,0.0496,0
5345,15080.0,0.02268,0.02357,31,5.4,0.553,0.0759,0
5346,18880.0,0.01773,0.04551,0,6.1,0.234,0.0683,0
5347,7370.0,0.00982,0.0063,0,2.6,0.524,0.0657,0
5348,7070.0,0.01924,0.01563,20,0.8,0.392,0.0441,0
5349,10930.0,0.01039,0.00919,0,6.2,0.562,0.0586,0
5350,13180.0,0.0912,0.08919,0,3.7,0.241,0.0682,0
5351,17740.0,0.01331,0.01475,0,3.2,0.309,0.0481,0
5352,40330.0,0.02207,0.03738,0,2.9,0.45,0.0738,1
5353,5210.0,0.01213,0.01046,0,3.4,0.449,0.0473,0
5354,20460.0,0.00921,0.00781,0,2.3,0.261,0.0582,0
5355,16090.0,0.00889,0.00651,0,4.8,0.338,0.033,0
5356,2460.0,0.02689,0.05674,0,1.7,0.557,0.0436,0
5357,21920.0,0.01143,0.01096,0,6.2,0.469,0.0681,0
5358,15190.0,0.04661,0.04607,0,6.6,0.565,0.059,0
5359,12080.0,0.01871,0.00981,0,1.8,0.259,0.0549,0
5360,3850.0,0.01011,0.01707,0,6.5,0.299,0.0474,0
5361,15530.0,0.02141,0.03536,0,4.9,0.577,0.0779,0
5362,7660.0,0.02153,0.00956,0,3.8,0.527,0.0529,0
5363,5950.0,0.01053,0.02748,0,6.8,0.268,0.0305,0
5364,4870.0,0.00452,0.0058,0,1.8,0.414,0.0737,0
5365,11650.0,0.02526,0.0163,0,1.8,0.537,0.057,0
5366,26580.0,0.04159,0.078,0,2.4,0.528,0.0422,0
5367,18180.0,0.0177,0.01565,0,5.2,0.46,0.0351,0
5368,9170.0,0.0135,0.0186,14,1.3,0.416,0.0371,1
5369,10260.0,0.01571,0.00273,71,3.1,0.369,0.0678,0
5370,17570.0,0.0351,0.01938,190,2.5,0.273,0.06,0
5371,3570.0,0.04669,0.03572,0,5.1,0.436,0.0724,0
5372,12340.0,0.00875,0.01459,0,1.5,0.268,0.0422,0
5373,3110.0,0.01226,0.01492,0,6.5,0.299,0.0481,0
5374,44780.0,0.07742,0.09669,0,0.7,0.43,0.0383,0
5375,21370.0,0.01446,0.02076,0,3.3,0.24,0.0423,0
5376,25340.0,0.02184,0.0175,0,1.4,0.344,0.0365,0
5377,7020.0,0.05291,0.10281,0,4.5,0.57,0.0466,0
5378,5710.0,0.01575,0.01895,0,1.4,0.31,0.0392,0
5379,8930.0,0.06141,0.0462,0,1.2,0.395,0.0741,0
5380,3560.0,0.02679,0.05012,0,4.4,0.507,0.0798,0
5381,21030.0,0.01323,0.01182,0,4.1,0.55,0.0688,0
5382,38830.0,0.04121,0.0202,0,1.2,0.482,0.0738,0
5383,9820.0,0.03348,0.03711,0,3.5,0.568,0.0585,0
5384,5260.0,0.02793,0.05479,0,3.0,0.48,0.056,0
5385,23360.0,0.00987,0.03163,0,6.2,0.38,0.0365,0
5386,3560.0,0.01079,0.00811,0,2.0,0.399,0.067,0
5387,4110.0,0.02756,0.02262,0,6.1,0.204,0.0475,0
5388,85060.0,0.01146,0.01767,0,5.1,0.537,0.0306,0
5389,7490.0,0.01148,0.02242,0,2.5,0.264,0.0476,0
5390,14920.0,0.02567,0.0158,0,6.5,0.221,0.0372,0
5391,37400.0,0.02884,0.04239,0,0.6,0.289,0.0706,0
5392,6070.0,0.01811,0.02738,0,6.9,0.408,0.06,1
5393,11360.0,0.02524,0.09911,0,6.3,0.595,0.0363,0
5394,17260.0,0.00962,0.01136,0,4.0,0.521,0.0593,0
5395,9660.0,0.02494,0.02806,0,6.3,0.445,0.051,0
5396,18020.0,0.01751,0.0091,0,5.9,0.586,0.0393,0
5397,16390.0,0.03436,0.02283,0,5.3,0.366,0.0639,0
5398,10150.0,0.01157,0.00889,0,2.7,0.264,0.032,0
5399,5630.0,0.01898,0.01504,0,2.1,0.44,0.0547,0
5400,33730.0,0.00956,0.00998,0,5.3,0.212,0.0605,0
5401,4640.0,0.02273,0.08064,0,2.4,0.455,0.0329,0
5402,1070.0,0.04183,0.01938,0,1.7,0.506,0.038,0
5403,13460.0,0.02385,0.02356,0,5.1,0.43,0.0596,0
5404,5970.0,0.00724,0.01837,0,3.0,0.51,0.0719,0
5405,3970.0,0.06873,0.03699,21,5.9,0.336,0.0437,0
5406,11710.0,0.01561,0.02616,0,3.2,0.238,0.0675,0
5407,10950.0,0.02437,0.04166,0,3.6,0.39,0.0418,0
5408,8630.0,0.07765,0.1068,0,3.9,0.351,0.0351,0
5409,26540.0,0.03888,0.09459,0,5.0,0.497,0.0611,0
5410,4690.0,0.02007,0.06118,0,6.8,0.458,0.0678,0
5411,38910.0,0.00854,0.01228,0,5.1,0.496,0.0308,0
5412,7090.0,0.03462,0.02251,0,0.5,0.257,0.0426,0
5413,40900.0,0.02891,0.0244,0,0.8,0.56,0.066,0
5414,8180.0,0.00727,0.00686,0,4.1,0.298,0.0589,0
5415,3100.0,0.03095,0.05593,0,3.7,0.573,0.0441,0
5416,13740.0,0.01148,0.01228,0,2.4,0.52,0.0761,0
5417,12940.0,0.01981,0.02878,0,7.0,0.505,0.0357,0
5418,14730.0,0.03016,0.02923,0,1.9,0.278,0.0687,0
5419,4500.0,0.01775,0.02673,0,5.8,0.261,0.0323,0
5420,38340.0,0.01233,0.01374,0,2.4,0.382,0.0408,0
5421,7620.0,0.0441,0.11281,0,0.8,0.449,0.0756,0
5422,7250.0,0.03835,0.03091,0,0.7,0.48,0.076,0
5423,16220.0,0.02161,0.02047,0,1.6,0.269,0.054,0
5424,16570.0,0.01356,0.01752,0,5.7,0.258,0.0451,0
5425,24620.0,0.01328,0.00588,0,5.6,0.487,0.046,0
5426,39920.0,0.04372,0.07672,0,4.3,0.532,0.0572,0
5427,10080.0,0.00738,0.00905,0,5.4,0.33,0.0417,0
5428,65710.0,0.00631,0.00979,0,4.5,0.386,0.0475,0
5429,34710.0,0.03208,0.05401,50,3.9,0.472,0.062,0
5430,7260.0,0.0134,0.01397,0,2.6,0.351,0.0756,0
5431,6340.0,0.05611,0.08786,0,5.3,0.314,0.0343,0
5432,5740.0,0.01208,0.00681,0,4.3,0.547,0.0364,0
5433,31340.0,0.07078,0.04635,0,1.1,0.267,0.0478,0
5434,11440.0,0.02197,0.02321,0,0.7,0.349,0.0441,0
5435,5840.0,0.03693,0.02363,0,2.8,0.281,0.0459,0
5436,5930.0,0.08973,0.15373,0,4.0,0.53,0.0667,0
5437,6100.0,0.01163,0.00332,0,6.3,0.501,0.0594,0
5438,14120.0,0.02017,0.00765,0,0.7,0.366,0.035,0
5439,17650.0,0.03346,0.08741,40,1.6,0.354,0.0452,0
5440,1760.0,0.01976,0.02449,0,1.5,0.391,0.0481,0
5441,9650.0,0.00505,0.00343,0,2.9,0.354,0.074,0
5442,5090.0,0.01887,0.01559,0,2.2,0.454,0.0724,0
5443,13120.0,0.01863,0.01624,0,5.8,0.2,0.0536,0
5444,14740.0,0.02185,0.02295,0,6.0,0.227,0.0789,0
5445,11030.0,0.00844,0.01281,0,3.5,0.245,0.0411,0
5446,4970.0,0.0075,0.01027,0,7.0,0.446,0.0798,0
5447,26440.0,0.03259,0.03592,0,3.1,0.395,0.0378,0
5448,30980.0,0.00983,0.01183,0,1.5,0.357,0.0386,0
5449,5010.0,0.01394,0.0401,0,0.6,0.517,0.0631,0
5450,14390.0,0.04954,0.08605,0,6.6,0.283,0.0387,0
5451,26070.0,0.01315,0.02456,0,5.0,0.212,0.0757,0
5452,9310.0,0.00542,0.00294,0,3.9,0.503,0.0321,0
5453,52370.0,0.01043,0.02634,0,5.8,0.512,0.0367,0
5454,2960.0,0.00307,0.00571,0,5.0,0.362,0.0482,0
5455,99290.0,0.02893,0.02278,0,5.6,0.371,0.038,0
5456,12370.0,0.05009,0.03243,0,2.8,0.493,0.0434,0
5457,33050.0,0.01866,0.04371,0,3.2,0.44,0.0414,0
5458,25100.0,0.01184,0.00692,59,6.6,0.581,0.0711,0
5459,41200.0,0.01056,0.01352,0,1.2,0.464,0.0766,0
5460,11600.0,0.03292,0.03609,0,6.7,0.542,0.0597,0
5461,10990.0,0.06143,0.07306,0,2.3,0.407,0.0682,0
5462,12740.0,0.06565,0.04733,0,1.3,0.594,0.0455,0
5463,20940.0,0.02467,0.02475,0,2.2,0.384,0.0376,0
5464,42090.0,0.01926,0.02122,0,1.0,0.228,0.0464,1
5465,20870.0,0.06159,0.07213,0,5.3,0.551,0.0508,0
5466,17140.0,0.0162,0.02573,0,5.4,0.288,0.0762,0
5467,3290.0,0.05224,0.02243,0,4.1,0.384,0.0479,0
5468,2010.0,0.01142,0.0062,0,2.3,0.391,0.0417,0
5469,2960.0,0.00813,0.01176,0,6.0,0.313,0.0549,0
5470,7320.0,0.06005,0.20675,0,2.7,0.286,0.0469,0
5471,5730.0,0.06414,0.13059,0,6.8,0.534,0.0442,0
5472,31770.0,0.01744,0.00296,0,3.4,0.239,0.0498,0
5473,14820.0,0.02659,0.039,0,7.0,0.595,0.0512,0
5474,19790.0,0.0291,0.07577,0,3.4,0.242,0.0344,0
5475,1400.0,0.01104,0.01401,0,3.0,0.238,0.072,0
5476,21370.0,0.03144,0.04183,0,3.6,0.354,0.0439,0
5477,22550.0,0.01836,0.02379,52,4.7,0.271,0.0575,0
5478,57930.0,0.03063,0.07674,0,2.6,0.242,0.0524,0
5479,13880.0,0.02582,0.03834,0,0.9,0.449,0.0722,0
5480,6310.0,0.01628,0.00869,0,5.2,0.337,0.0697,0
5481,1790.0,0.04696,0.05187,0,4.5,0.469,0.0604,0
5482,24020.0,0.04425,0.07926,0,6.2,0.348,0.0532,0
5483,9760.0,0.014,0.00588,0,0.9,0.529,0.0619,0
5484,20290.0,0.01024,0.01702,0,5.1,0.383,0.0502,0
5485,3480.0,0.05564,0.09749,33,5.5,0.416,0.0794,0
5486,2880.0,0.02207,0.03215,0,3.7,0.455,0.0765,0
5487,12470.0,0.02822,0.02897,0,5.0,0.54,0.0431,0
5488,33880.0,0.01457,0.00862,5,3.8,0.209,0.0775,0
5489,25460.0,0.03492,0.01776,0,6.9,0.554,0.0425,1
5490,4070.0,0.01484,0.00873,272,1.2,0.567,0.0448,0
5491,1450.0,0.05741,0.0911,0,5.5,0.463,0.0618,0
5492,12440.0,0.02344,0.04727,0,3.6,0.264,0.0531,0
5493,15840.0,0.07372,0.06322,0,6.5,0.469,0.052,0
5494,10660.0,0.00642,0.01611,0,5.2,0.448,0.0678,0
5495,13620.0,0.04258,0.05802,0,5.2,0.479,0.0717,0
5496,22930.0,0.01325,0.02474,0,5.7,0.286,0.0695,0
5497,4290.0,0.01654,0.02103,0,7.0,0.45,0.0432,0
5498,26590.0,0.02557,0.05805,0,4.2,0.526,0.0598,0
5499,24690.0,0.02667,0.02665,0,1.7,0.442,0.0728,1
5500,11110.0,0.02648,0.03666,0,5.8,0.544,0.0645,0
5501,29530.0,0.02046,0.01928,0,5.7,0.381,0.0694,0
5502,7250.0,0.04012,0.01871,0,6.2,0.496,0.0769,0
5503,10400.0,0.01558,0.0176,0,1.5,0.325,0.0779,0
5504,12200.0,0.01919,0.0193,0,1.5,0.569,0.0391,0
5505,8570.0,0.00685,0.002,0,4.0,0.547,0.0401,0
5506,6000.0,0.02917,0.09983,0,2.6,0.447,0.0414,0
5507,28500.0,0.05583,0.27087,0,6.9,0.353,0.0598,0
5508,4280.0,0.05336,0.08021,0,0.9,0.361,0.0684,0
5509,1490.0,0.01116,0.01253,168,2.2,0.242,0.0449,1
5510,10450.0,0.02412,0.0762,0,4.2,0.376,0.0349,0
5511,6970.0,0.02104,0.04594,0,1.6,0.45,0.076,0
5512,6660.0,0.01728,0.01784,0,2.3,0.339,0.0512,0
5513,8150.0,0.03097,0.05338,87,3.8,0.354,0.0631,0
5514,2580.0,0.0108,0.00994,0,6.1,0.258,0.0374,0
5515,13090.0,0.03092,0.02669,0,5.5,0.254,0.0581,0
5516,23190.0,0.08785,0.30023,293,5.2,0.537,0.0394,0
5517,34930.0,0.00654,0.00603,0,1.0,0.549,0.0633,0
5518,40290.0,0.06451,0.04008,0,6.7,0.578,0.0592,0
5519,9230.0,0.02634,0.04541,0,5.9,0.479,0.0505,0
5520,3930.0,0.01159,0.01716,0,4.8,0.458,0.044,0
5521,19300.0,0.01692,0.03746,0,6.8,0.568,0.0407,0
5522,6110.0,0.03309,0.02623,0,0.8,0.435,0.0601,0
5523,26580.0,0.09364,0.09902,0,3.0,0.421,0.0511,0
5524,8150.0,0.03439,0.0347,0,3.5,0.346,0.0661,0
5525,2780.0,0.06076,0.09881,0,1.1,0.488,0.0315,0
5526,20270.0,0.02926,0.0157,144,1.1,0.306,0.0436,0
5527,7540.0,0.01506,0.07163,0,3.8,0.209,0.0411,0
5528,8850.0,0.01461,0.01144,0,2.8,0.3,0.0532,0
5529,3300.0,0.05584,0.02538,0,5.4,0.485,0.0575,0
5530,34970.0,0.01737,0.03332,0,4.6,0.335,0.0458,0
5531,72480.0,0.06346,0.06452,0,0.9,0.587,0.0639,0
5532,22260.0,0.00952,0.00892,0,1.0,0.274,0.0418,0
5533,3790.0,0.00288,0.00309,0,5.2,0.443,0.0374,0
5534,9850.0,0.03596,0.01179,0,6.9,0.318,0.0539,0
5535,7190.0,0.00716,0.00969,0,1.0,0.347,0.0428,0
5536,5670.0,0.00922,0.01992,0,4.7,0.229,0.0634,0
5537,20550.0,0.00629,0.00629,0,5.9,0.354,0.0787,0
5538,10960.0,0.00438,0.00421,0,1.5,0.513,0.0304,0
5539,10420.0,0.04604,0.03658,0,2.3,0.462,0.0611,0
5540,58570.0,0.01231,0.00944,88,6.2,0.356,0.0782,0
5541,28940.0,0.03269,0.0271,0,2.0,0.537,0.0779,0
5542,22860.0,0.04847,0.08917,0,6.0,0.387,0.0564,0
5543,9750.0,0.03173,0.0703,0,3.0,0.568,0.0769,0
5544,15580.0,0.00564,0.01023,0,3.7,0.53,0.0391,0
5545,11070.0,0.01063,0.01103,0,4.3,0.391,0.0769,0
5546,21100.0,0.00587,0.00814,0,2.2,0.466,0.0386,0
5547,19870.0,0.00439,0.00459,0,2.3,0.242,0.0494,0
5548,20840.0,0.01408,0.04083,0,4.1,0.496,0.0411,0
5549,3030.0,0.00519,0.00285,0,5.6,0.293,0.0351,0
5550,41100.0,0.02807,0.05709,0,7.0,0.494,0.0334,0
5551,21120.0,0.03195,0.03098,0,3.4,0.409,0.0524,0
5552,7320.0,0.03013,0.04581,0,4.3,0.371,0.0642,0
5553,3750.0,0.02909,0.02703,0,6.1,0.499,0.0579,0
5554,5140.0,0.03001,0.05062,0,3.2,0.347,0.0489,0
5555,5610.0,0.02926,0.02141,0,3.7,0.586,0.0547,0
5556,10520.0,0.03846,0.0282,0,2.0,0.317,0.0421,0
5557,23130.0,0.02564,0.04832,0,4.9,0.226,0.0648,0
5558,16180.0,0.02771,0.00899,0,3.8,0.489,0.0475,0
5559,8660.0,0.01,0.04138,0,0.5,0.445,0.0369,0
5560,6600.0,0.01769,0.03617,0,5.5,0.455,0.05,0
5561,3380.0,0.01132,0.00666,0,3.3,0.576,0.051,0
5562,7590.0,0.01557,0.01026,0,2.7,0.39,0.066,0
5563,3380.0,0.01234,0.01763,0,0.6,0.587,0.0309,0
5564,57870.0,0.02244,0.03624,7,2.5,0.241,0.0375,0
5565,20540.0,0.02719,0.03242,0,6.1,0.57,0.0325,0
5566,28840.0,0.00811,0.01388,0,1.8,0.234,0.0565,0
5567,4320.0,0.0225,0.02218,85,1.0,0.506,0.0723,0
5568,15150.0,0.00413,0.00794,0,2.8,0.208,0.0375,0
5569,69710.0,0.01844,0.02323,0,3.2,0.293,0.0524,0
5570,16300.0,0.02615,0.02996,0,1.7,0.423,0.059,0
5571,14630.0,0.01597,0.01343,0,4.8,0.585,0.0768,0
5572,12030.0,0.06747,0.04985,13,5.7,0.238,0.0596,0
5573,1640.0,0.06533,0.04476,0,6.7,0.271,0.0591,0
5574,15900.0,0.02718,0.01024,0,3.5,0.214,0.0437,0
5575,4530.0,0.02089,0.0217,0,1.3,0.258,0.0608,0
5576,20950.0,0.01911,0.0044,0,1.5,0.289,0.0755,0
5577,3890.0,0.01117,0.00813,0,5.3,0.594,0.0607,0
5578,11220.0,0.02398,0.01533,0,3.4,0.568,0.0563,0
5579,12900.0,0.01037,0.0099,282,4.7,0.345,0.08,0
5580,23170.0,0.03348,0.05098,0,6.4,0.404,0.0332,0
5581,5820.0,0.02003,0.02859,0,2.3,0.247,0.0573,0
5582,6980.0,0.02044,0.01614,0,1.7,0.492,0.0449,0
5583,11680.0,0.01969,0.02281,0,3.4,0.574,0.0716,0
5584,8820.0,0.0164,0.01757,0,5.5,0.223,0.0663,0
5585,5280.0,0.03061,0.15609,0,6.0,0.258,0.0651,0
5586,20560.0,0.0272,0.04623,0,1.8,0.401,0.0317,0
5587,5080.0,0.03363,0.02138,0,1.0,0.526,0.0655,0
5588,13930.0,0.01004,0.01106,0,1.5,0.349,0.0713,0
5589,19650.0,0.01381,0.01,0,2.1,0.383,0.036,0
5590,6790.0,0.0189,0.01248,0,4.3,0.499,0.056,0
5591,37700.0,0.04804,0.01943,0,3.9,0.318,0.0643,0
5592,9170.0,0.03601,0.06681,0,5.1,0.402,0.0445,0
5593,6060.0,0.02056,0.02486,0,3.8,0.514,0.0399,0
5594,17230.0,0.03243,0.03163,0,6.9,0.255,0.0769,0
5595,3250.0,0.0132,0.03112,0,1.0,0.226,0.0412,0
5596,60010.0,0.02732,0.0241,0,4.0,0.407,0.0689,0
5597,10710.0,0.00762,0.00759,0,6.7,0.51,0.0448,0
5598,8410.0,0.01118,0.00657,0,1.6,0.542,0.0788,0
5599,7690.0,0.01784,0.01989,0,2.0,0.237,0.0765,0
5600,9870.0,0.03165,0.03476,0,4.3,0.27,0.0501,0
5601,11870.0,0.02349,0.03935,0,5.3,0.404,0.0569,0
5602,25820.0,0.06448,0.05141,0,2.5,0.523,0.0308,0
5603,5160.0,0.06502,0.04525,0,1.5,0.523,0.0778,0
5604,8440.0,0.00688,0.00913,0,3.9,0.251,0.0329,0
5605,23540.0,0.01939,0.0899,0,1.5,0.471,0.0517,0
5606,11190.0,0.03645,0.05555,0,2.3,0.403,0.0774,0
5607,47710.0,0.01955,0.04631,0,0.8,0.252,0.0754,0
5608,31780.0,0.03579,0.02865,0,5.3,0.269,0.0691,0
5609,8710.0,0.00423,0.00714,0,1.6,0.217,0.0792,0
5610,10990.0,0.01973,0.01534,0,2.0,0.339,0.0485,0
5611,6200.0,0.01898,0.00631,4,0.5,0.473,0.0365,0
5612,20900.0,0.05861,0.10779,0,6.7,0.365,0.0793,0
5613,20630.0,0.05603,0.06194,0,3.4,0.222,0.0799,0
5614,6490.0,0.03736,0.13661,0,6.0,0.358,0.0531,0
5615,10000.0,0.00958,0.01758,0,4.6,0.268,0.0311,0
5616,23710.0,0.03014,0.02231,0,3.5,0.555,0.0657,0
5617,14210.0,0.06424,0.06775,0,4.1,0.302,0.0722,0
5618,23510.0,0.00612,0.0042,16,4.6,0.463,0.0511,0
5619,11410.0,0.03603,0.04496,0,6.9,0.355,0.0773,0
5620,9580.0,0.037,0.15391,0,4.4,0.406,0.0659,0
5621,4830.0,0.0235,0.06277,0,2.9,0.587,0.0729,0
5622,58120.0,0.01058,0.02712,0,4.1,0.378,0.0484,0
5623,12840.0,0.02501,0.00748,0,1.0,0.427,0.0569,0
5624,13950.0,0.02113,0.05467,0,6.3,0.269,0.0746,0
5625,66200.0,0.00923,0.00622,0,1.0,0.419,0.0303,0
5626,11590.0,0.02262,0.02521,0,1.7,0.517,0.0614,0
5627,2410.0,0.00212,0.00517,0,0.8,0.302,0.0743,0
5628,12860.0,0.01768,0.02244,0,2.6,0.354,0.0593,0
5629,16860.0,0.03382,0.02512,0,2.9,0.397,0.0567,0
5630,4800.0,0.01291,0.01582,0,5.7,0.468,0.0553,0
5631,9480.0,0.04264,0.06575,0,2.5,0.577,0.0579,0
5632,2710.0,0.01258,0.03161,0,5.3,0.294,0.0358,0
5633,3680.0,0.01023,0.02135,0,0.9,0.214,0.0511,0
5634,30300.0,0.02191,0.02882,0,3.8,0.503,0.077,0
5635,3010.0,0.08176,0.11901,0,3.1,0.303,0.0381,0
5636,18950.0,0.03845,0.09458,0,4.3,0.579,0.0484,0
5637,2850.0,0.02011,0.01176,0,3.2,0.351,0.0357,0
5638,11690.0,0.00721,0.02411,0,2.3,0.375,0.042,0
5639,11020.0,0.02112,0.02604,0,2.9,0.436,0.0528,0
5640,19570.0,0.02321,0.05117,0,3.3,0.266,0.0613,0
5641,24970.0,0.01405,0.00963,0,6.1,0.515,0.0692,0
5642,5920.0,0.0146,0.02076,13,5.7,0.56,0.0576,0
5643,16560.0,0.01566,0.0458,0,1.9,0.536,0.0409,0
5644,4140.0,0.01612,0.00854,0,5.4,0.374,0.0311,0
5645,30870.0,0.0162,0.04157,0,6.9,0.36,0.0465,0
5646,12050.0,0.04073,0.06848,0,2.5,0.452,0.052,0
5647,5830.0,0.04221,0.04786,0,5.1,0.369,0.0395,0
5648,15390.0,0.01622,0.0379,0,6.6,0.221,0.0336,0
5649,9120.0,0.01589,0.03627,0,5.3,0.325,0.0514,0
5650,8580.0,0.04246,0.08849,0,4.0,0.417,0.0779,0
5651,22040.0,0.05634,0.0552,0,3.0,0.455,0.0521,0
5652,8400.0,0.06748,0.35031,0,5.2,0.307,0.0304,0
5653,12920.0,0.00918,0.01822,0,3.5,0.356,0.0693,0
5654,23480.0,0.014,0.03034,0,5.4,0.32,0.0415,0
5655,6190.0,0.05473,0.0943,0,2.9,0.361,0.0668,0
5656,11450.0,0.03923,0.06879,0,2.4,0.552,0.0525,0
5657,7930.0,0.02719,0.01595,0,0.6,0.26,0.0487,0
5658,10800.0,0.01975,0.02499,0,5.5,0.401,0.0721,0
5659,9100.0,0.04156,0.02898,0,4.3,0.547,0.0411,0
5660,13170.0,0.004,0.002,0,1.1,0.498,0.0694,0
5661,6050.0,0.00966,0.0049,0,5.0,0.327,0.0459,0
5662,84240.0,0.02744,0.01473,0,2.2,0.472,0.0571,0
5663,6710.0,0.00692,0.01004,0,5.4,0.504,0.0389,0
5664,13600.0,0.0177,0.04602,0,5.7,0.45,0.064,1
5665,19170.0,0.01785,0.0293,0,5.8,0.51,0.0753,0
5666,9460.0,0.03161,0.03235,0,4.4,0.298,0.044,0
5667,34300.0,0.03703,0.07179,0,5.0,0.489,0.0422,0
5668,7530.0,0.00447,0.00295,0,6.3,0.423,0.0656,0
5669,19670.0,0.01345,0.00804,0,4.2,0.528,0.0487,0
5670,9210.0,0.02005,0.04027,0,5.5,0.23,0.0405,0
5671,9950.0,0.08909,0.10493,0,1.3,0.265,0.0535,0
5672,22100.0,0.01295,0.01383,0,6.4,0.58,0.0544,0
5673,14130.0,0.00533,0.00743,0,1.2,0.46,0.0397,0
5674,10740.0,0.01298,0.0283,0,2.8,0.383,0.0591,0
5675,15790.0,0.00692,0.00521,0,1.3,0.587,0.0539,0
5676,9080.0,0.00961,0.01985,0,1.7,0.592,0.0514,0
5677,16520.0,0.00999,0.01931,0,1.6,0.478,0.0306,0
5678,9540.0,0.03342,0.02965,0,2.0,0.228,0.0686,0
5679,7340.0,0.03226,0.03278,0,2.5,0.317,0.0676,0
5680,18620.0,0.03884,0.05487,0,1.0,0.281,0.0426,0
5681,13660.0,0.026,0.01521,0,5.3,0.542,0.054,1
5682,17180.0,0.0122,0.01402,0,1.3,0.551,0.0679,0
5683,30790.0,0.03252,0.0352,0,4.0,0.256,0.0712,0
5684,12760.0,0.0068,0.00888,0,4.4,0.575,0.0525,0
5685,19160.0,0.00963,0.01692,0,2.1,0.46,0.0635,0
5686,13720.0,0.00513,0.00883,0,1.7,0.224,0.0743,0
5687,2860.0,0.01881,0.02094,0,1.4,0.525,0.0551,0
5688,11520.0,0.0126,0.0115,0,1.8,0.229,0.0432,0
5689,3760.0,0.02336,0.0554,0,2.4,0.492,0.0611,0
5690,10360.0,0.01063,0.00898,64,3.5,0.239,0.0724,0
5691,57540.0,0.01969,0.02107,0,4.6,0.535,0.0789,0
5692,10660.0,0.05674,0.0439,0,0.6,0.207,0.0697,0
5693,11560.0,0.03176,0.0258,0,5.8,0.457,0.0584,0
5694,16110.0,0.0163,0.00466,0,5.7,0.529,0.0404,0
5695,17260.0,0.04865,0.0494,0,4.4,0.498,0.0302,0
5696,6050.0,0.00813,0.00723,0,1.7,0.519,0.0725,0
5697,16400.0,0.01104,0.01904,0,2.3,0.391,0.0718,0
5698,40460.0,0.01254,0.02187,0,2.8,0.533,0.0715,0
5699,36240.0,0.04287,0.03976,64,4.4,0.45,0.063,0
5700,11590.0,0.11224,0.09822,0,1.8,0.256,0.0504,0
5701,12060.0,0.00646,0.01397,0,6.3,0.26,0.058,0
5702,4410.0,0.02219,0.03627,0,6.8,0.215,0.0353,0
5703,18050.0,0.01711,0.03102,0,6.1,0.27,0.0594,0
5704,6330.0,0.03561,0.02595,0,1.8,0.547,0.0772,0
5705,5860.0,0.02304,0.02108,0,1.9,0.23,0.0325,0
5706,2650.0,0.01508,0.00858,0,3.2,0.515,0.0751,0
5707,5140.0,0.01066,0.00522,0,5.6,0.447,0.0421,0
5708,9030.0,0.01788,0.01969,0,5.7,0.317,0.0337,0
5709,19420.0,0.01043,0.01381,0,6.6,0.501,0.0703,0
5710,6140.0,0.0246,0.02033,0,5.5,0.421,0.0321,0
5711,43580.0,0.00439,0.00477,0,1.9,0.213,0.0355,0
5712,11580.0,0.02998,0.08557,0,2.3,0.412,0.0629,0
5713,4040.0,0.01092,0.00566,0,0.8,0.318,0.075,0
5714,6560.0,0.0143,0.0122,385,3.1,0.453,0.0356,0
5715,2840.0,0.03727,0.02924,0,1.8,0.277,0.047,0
5716,12300.0,0.02544,0.0127,32,6.4,0.292,0.0584,0
5717,14200.0,0.04217,0.07162,380,5.9,0.56,0.0684,0
5718,13970.0,0.00258,0.00637,0,6.6,0.206,0.0555,0
5719,36560.0,0.01224,0.01077,0,5.1,0.5,0.0763,0
5720,1090.0,0.01371,0.01524,0,4.6,0.206,0.0423,0
5721,6730.0,0.07056,0.09733,0,5.6,0.553,0.0578,0
5722,23390.0,0.02462,0.08922,0,5.5,0.504,0.0795,0
5723,12760.0,0.0248,0.03286,0,2.1,0.353,0.041,0
5724,13480.0,0.01849,0.02245,0,5.0,0.428,0.0454,0
5725,14780.0,0.0134,0.01017,0,2.5,0.317,0.0404,0
5726,3840.0,0.0144,0.04076,0,3.1,0.25,0.0504,0
5727,16040.0,0.01756,0.1093,0,1.1,0.395,0.0468,0
5728,20140.0,0.05422,0.18925,0,4.4,0.432,0.0519,0
5729,3680.0,0.03541,0.13096,0,4.0,0.217,0.0724,0
5730,10330.0,0.01036,0.00684,0,4.5,0.39,0.0607,0
5731,13520.0,0.0299,0.0325,0,2.8,0.238,0.0543,0
5732,12590.0,0.03078,0.05639,0,1.5,0.554,0.0423,0
5733,12600.0,0.02586,0.10066,0,6.4,0.481,0.0603,0
5734,7550.0,0.02621,0.02447,0,1.9,0.475,0.0576,0
5735,7540.0,0.01403,0.03187,25,3.9,0.285,0.0725,0
5736,9250.0,0.01512,0.02204,0,6.9,0.445,0.0791,0
5737,15030.0,0.01226,0.0235,0,4.1,0.201,0.0334,0
5738,12720.0,0.02979,0.02066,0,2.5,0.301,0.0474,0
5739,8920.0,0.02711,0.06754,287,3.3,0.597,0.037,0
5740,3020.0,0.01228,0.01181,359,0.6,0.541,0.055,0
5741,10430.0,0.00723,0.00761,32,2.6,0.59,0.0795,0
5742,5000.0,0.00787,0.01085,0,1.0,0.295,0.0446,0
5743,7030.0,0.03591,0.01773,0,5.8,0.563,0.0587,0
5744,17660.0,0.02446,0.03343,0,6.1,0.526,0.0509,0
5745,15160.0,0.06791,0.13673,0,4.8,0.335,0.044,0
5746,1710.0,0.01336,0.00721,0,3.0,0.255,0.0398,0
5747,30870.0,0.04496,0.07991,0,1.6,0.569,0.045,0
5748,2850.0,0.02057,0.03202,0,5.1,0.408,0.0723,0
5749,15530.0,0.03763,0.02348,0,1.8,0.27,0.0355,0
5750,42080.0,0.01975,0.02718,0,1.9,0.233,0.0369,0
5751,13750.0,0.02494,0.01017,0,5.1,0.211,0.078,0
5752,24590.0,0.04159,0.09687,0,3.5,0.288,0.0589,0
5753,9260.0,0.0085,0.01397,0,3.8,0.301,0.0752,0
5754,11800.0,0.01593,0.02398,0,6.1,0.249,0.0662,0
5755,3910.0,0.04329,0.09678,0,2.9,0.263,0.061,1
5756,4440.0,0.04639,0.03943,0,0.8,0.349,0.0648,0
5757,17130.0,0.01778,0.01916,0,6.8,0.59,0.0425,0
5758,6330.0,0.01793,0.01896,0,6.9,0.585,0.0332,0
5759,17320.0,0.01734,0.01001,0,1.3,0.429,0.0645,0
5760,7520.0,0.05958,0.16855,0,5.9,0.558,0.0431,0
5761,7650.0,0.00568,0.002,0,5.8,0.502,0.0357,0
5762,5420.0,0.01348,0.02832,0,2.9,0.233,0.0409,0
5763,21720.0,0.0157,0.01431,0,6.3,0.38,0.0332,0
5764,12510.0,0.00786,0.00571,0,4.3,0.378,0.0487,1
5765,39930.0,0.01126,0.02529,0,5.7,0.21,0.0584,0
5766,3670.0,0.03498,0.05705,0,1.8,0.274,0.0732,0
5767,7950.0,0.00701,0.00604,0,0.7,0.249,0.0779,0
5768,14270.0,0.01853,0.02174,0,4.6,0.478,0.0705,0
5769,8590.0,0.02148,0.08754,0,2.0,0.47,0.0701,0
5770,21570.0,0.00742,0.0131,0,1.8,0.294,0.0453,0
5771,6750.0,0.01217,0.00719,0,6.1,0.321,0.0596,1
5772,15880.0,0.02613,0.06557,0,1.6,0.565,0.0525,0
5773,9100.0,0.02247,0.05742,0,6.7,0.587,0.0447,0
5774,6870.0,0.02427,0.03818,0,4.4,0.28,0.0331,0
5775,10050.0,0.03095,0.03681,0,4.2,0.394,0.055,0
5776,8310.0,0.01211,0.0092,0,1.6,0.286,0.0608,0
5777,12940.0,0.02787,0.15448,27,2.4,0.491,0.0652,0
5778,4600.0,0.01934,0.02737,0,4.2,0.508,0.0659,0
5779,6760.0,0.04552,0.13199,0,5.8,0.322,0.0687,0
5780,23740.0,0.01182,0.03513,0,6.8,0.582,0.0368,0
5781,28730.0,0.0097,0.00946,0,3.1,0.481,0.0477,0
5782,6640.0,0.02967,0.01588,0,5.3,0.294,0.0536,0
5783,7440.0,0.04177,0.04443,0,1.2,0.515,0.0568,0
5784,7510.0,0.04914,0.06474,0,3.3,0.27,0.0463,0
5785,6590.0,0.01751,0.12902,0,0.7,0.343,0.0386,0
5786,19790.0,0.04637,0.09597,0,3.5,0.257,0.06,0
5787,18310.0,0.01979,0.01504,0,4.5,0.529,0.0373,0
5788,15130.0,0.00868,0.00224,0,5.5,0.231,0.0707,0
5789,12760.0,0.0447,0.0558,0,6.5,0.329,0.0673,0
5790,4530.0,0.02811,0.02676,0,3.9,0.517,0.0613,0
5791,3370.0,0.03456,0.11351,13,5.6,0.428,0.0437,0
5792,49010.0,0.01819,0.01209,0,6.5,0.406,0.0578,0
5793,14220.0,0.02078,0.01798,0,4.8,0.232,0.0573,0
5794,7570.0,0.00411,0.00604,0,1.5,0.296,0.0319,0
5795,3240.0,0.00993,0.00701,0,3.7,0.551,0.0466,0
5796,7190.0,0.01687,0.02258,0,4.3,0.495,0.038,0
5797,4030.0,0.04761,0.15636,0,6.2,0.203,0.0425,0
5798,3470.0,0.0122,0.00694,181,0.8,0.224,0.0774,0
5799,32740.0,0.01928,0.02186,0,2.0,0.588,0.0586,0
5800,21090.0,0.02469,0.03308,75,2.5,0.584,0.0692,0
5801,12400.0,0.00725,0.01345,0,4.4,0.419,0.061,0
5802,5950.0,0.04026,0.06287,0,0.6,0.229,0.0694,0
5803,10650.0,0.0212,0.06489,0,6.0,0.436,0.0606,0
5804,4640.0,0.00901,0.00871,0,0.5,0.361,0.0504,0
5805,8700.0,0.02016,0.01258,0,2.3,0.233,0.0531,0
5806,6360.0,0.02772,0.08804,0,1.8,0.272,0.0496,0
5807,10110.0,0.04466,0.06469,0,6.5,0.349,0.0776,0
5808,32930.0,0.03531,0.0791,0,5.5,0.426,0.0401,0
5809,12320.0,0.00887,0.01635,0,5.3,0.531,0.0597,0
5810,11340.0,0.07353,0.12334,0,1.6,0.219,0.0712,0
5811,3170.0,0.01378,0.00837,0,0.9,0.438,0.0416,0
5812,6930.0,0.00838,0.01159,0,2.1,0.501,0.0473,0
5813,16540.0,0.03429,0.04603,0,2.6,0.331,0.0658,0
5814,3960.0,0.01164,0.03891,0,6.6,0.355,0.0759,0
5815,16570.0,0.02646,0.01434,0,5.3,0.3,0.045,0
5816,11270.0,0.07818,0.10718,0,3.8,0.311,0.0686,0
5817,7260.0,0.005,0.01004,0,5.2,0.338,0.0557,0
5818,20090.0,0.07562,0.04754,33,4.4,0.446,0.0317,1
5819,24310.0,0.05087,0.0233,77,1.6,0.21,0.0425,0
5820,7050.0,0.01379,0.00356,0,5.7,0.501,0.0588,0
5821,15330.0,0.05981,0.05619,0,3.5,0.398,0.072,0
5822,6910.0,0.03691,0.02247,0,3.5,0.56,0.0601,0
5823,22420.0,0.01439,0.02196,0,6.5,0.579,0.0448,0
5824,8180.0,0.01255,0.02461,0,4.9,0.296,0.0427,0
5825,15340.0,0.00872,0.01997,0,4.9,0.489,0.0439,0
5826,12550.0,0.01314,0.02637,32,2.3,0.433,0.0334,0
5827,3550.0,0.03707,0.12512,0,5.3,0.393,0.0653,0
5828,53570.0,0.02523,0.01799,0,3.0,0.545,0.0625,0
5829,26620.0,0.03009,0.05858,0,6.8,0.498,0.047,0
5830,6170.0,0.02685,0.02623,0,2.8,0.226,0.0366,0
5831,9380.0,0.02253,0.03623,0,5.2,0.232,0.0608,0
5832,13620.0,0.00467,0.00519,0,3.5,0.352,0.0469,0
5833,21270.0,0.03009,0.0602,0,2.3,0.498,0.0378,0
5834,12350.0,0.01971,0.04619,19,3.2,0.423,0.0452,0
5835,8580.0,0.01561,0.01402,0,3.7,0.457,0.0664,0
5836,5120.0,0.01259,0.01437,16,2.4,0.539,0.0357,0
5837,15970.0,0.00903,0.01163,0,0.8,0.337,0.0692,0
5838,3080.0,0.02492,0.04063,0,1.3,0.599,0.0372,0
5839,42490.0,0.04863,0.07278,0,2.8,0.525,0.037,0
5840,1000.0,0.01229,0.00337,0,3.2,0.529,0.0439,0
5841,12920.0,0.00837,0.01624,0,3.0,0.207,0.0486,0
5842,20670.0,0.03536,0.04122,0,6.1,0.368,0.0609,0
5843,47470.0,0.03245,0.03237,0,3.4,0.546,0.0749,0
5844,12720.0,0.03171,0.04126,0,1.8,0.432,0.0418,0
5845,46210.0,0.01087,0.00359,79,5.9,0.243,0.0645,0
5846,40090.0,0.02115,0.04147,0,3.6,0.404,0.0723,0
5847,24940.0,0.01089,0.02381,0,0.6,0.487,0.0388,0
5848,13200.0,0.0129,0.01504,0,1.9,0.346,0.0512,0
5849,3720.0,0.01555,0.02473,0,2.4,0.339,0.04,0
5850,10280.0,0.00935,0.01317,18,5.0,0.307,0.0403,0
5851,3610.0,0.01295,0.01415,312,1.5,0.503,0.0434,0
5852,19130.0,0.00536,0.00609,0,4.4,0.378,0.0629,0
5853,18690.0,0.0068,0.00978,0,1.7,0.233,0.0506,0
5854,4460.0,0.04729,0.02892,0,5.8,0.528,0.0363,0
5855,6280.0,0.01287,0.01825,0,5.3,0.336,0.0634,0
5856,24250.0,0.03164,0.03832,0,5.6,0.348,0.0377,0
5857,9190.0,0.0232,0.02641,0,3.5,0.25,0.0383,0
5858,8230.0,0.04368,0.03608,0,4.0,0.277,0.053,0
5859,4600.0,0.04012,0.05464,0,2.9,0.225,0.0681,0
5860,13490.0,0.01375,0.00764,78,6.5,0.481,0.072,0
5861,15590.0,0.02058,0.03197,0,5.1,0.496,0.0707,0
5862,6400.0,0.01162,0.01457,43,1.8,0.349,0.0425,0
5863,7910.0,0.02409,0.00522,0,6.6,0.495,0.0378,0
5864,17430.0,0.05071,0.06648,0,0.7,0.348,0.0406,0
5865,5280.0,0.06751,0.15111,136,2.9,0.255,0.0737,1
5866,7200.0,0.00968,0.02333,0,1.9,0.238,0.0512,0
5867,15030.0,0.01825,0.01975,0,5.6,0.364,0.0444,0
5868,6930.0,0.02307,0.03987,0,3.7,0.351,0.0723,0
5869,30680.0,0.04119,0.05338,0,1.8,0.481,0.0423,0
5870,16590.0,0.02063,0.02161,0,2.3,0.277,0.0416,0
5871,10680.0,0.00875,0.0112,0,1.8,0.485,0.0573,0
5872,5850.0,0.01941,0.02351,0,5.1,0.424,0.0425,0
5873,3300.0,0.01448,0.02502,0,6.5,0.52,0.0573,0
5874,46710.0,0.01109,0.00739,0,2.9,0.233,0.0606,0
5875,14130.0,0.01812,0.01444,0,6.7,0.554,0.0678,0
5876,10180.0,0.01055,0.01157,0,2.6,0.226,0.0317,0
5877,18530.0,0.04586,0.0681,0,2.6,0.354,0.0386,0
5878,3000.0,0.00813,0.00202,233,6.0,0.331,0.0358,0
5879,6530.0,0.02261,0.01892,17,6.9,0.481,0.051,0
5880,29970.0,0.01835,0.03701,0,4.8,0.396,0.0621,0
5881,9730.0,0.00573,0.00481,0,2.0,0.383,0.0643,0
5882,17380.0,0.09158,0.06854,0,6.4,0.418,0.0642,0
5883,10270.0,0.01749,0.01167,0,3.2,0.365,0.0739,0
5884,13850.0,0.02763,0.03244,0,6.1,0.592,0.0675,0
5885,7200.0,0.02324,0.04806,0,2.2,0.445,0.0779,0
5886,29460.0,0.01753,0.01421,82,3.4,0.224,0.0547,0
5887,6850.0,0.03936,0.06828,0,5.5,0.242,0.0631,0
5888,13490.0,0.01312,0.03832,0,5.3,0.457,0.0623,0
5889,8630.0,0.04371,0.0566,0,4.5,0.27,0.0569,0
5890,32430.0,0.0169,0.0283,0,2.4,0.579,0.0775,0
5891,21610.0,0.01759,0.01695,0,4.5,0.386,0.0589,0
5892,86850.0,0.03273,0.05224,0,1.2,0.398,0.0391,0
5893,2950.0,0.01358,0.00815,0,4.2,0.477,0.0686,0
5894,9520.0,0.08898,0.20339,0,3.7,0.201,0.0772,0
5895,13160.0,0.0169,0.01323,0,3.4,0.324,0.0464,0
5896,3770.0,0.01134,0.00563,251,1.9,0.584,0.0354,1
5897,8000.0,0.03063,0.05962,0,5.0,0.564,0.0636,0
5898,5780.0,0.01785,0.01804,360,2.5,0.395,0.0487,1
5899,12540.0,0.00679,0.01421,0,3.5,0.585,0.0569,0
5900,10640.0,0.00749,0.01001,0,2.8,0.507,0.0567,0
5901,47850.0,0.08951,0.13378,0,6.9,0.23,0.0639,0
5902,22110.0,0.03111,0.03595,0,5.9,0.393,0.0464,0
5903,39690.0,0.02114,0.02799,143,1.7,0.421,0.0588,0
5904,5090.0,0.00735,0.01271,14,0.7,0.348,0.0465,0
5905,3850.0,0.03223,0.02261,4,3.1,0.324,0.0353,0
5906,14190.0,0.02574,0.00823,0,5.3,0.308,0.0732,0
5907,4610.0,0.14543,0.1063,384,5.6,0.5,0.0562,0
5908,7920.0,0.00577,0.00699,0,3.4,0.539,0.058,0
5909,6310.0,0.01388,0.00958,0,5.1,0.361,0.0579,0
5910,4170.0,0.01532,0.03019,0,2.8,0.562,0.0393,0
5911,15660.0,0.0304,0.03189,0,4.3,0.22,0.0701,0
5912,24180.0,0.01944,0.0268,0,3.0,0.575,0.0338,0
5913,12010.0,0.03381,0.03628,0,1.4,0.529,0.0744,0
5914,43400.0,0.05133,0.01624,33,6.4,0.392,0.0409,0
5915,13080.0,0.0433,0.07658,0,1.5,0.453,0.0747,0
5916,7720.0,0.02202,0.02872,0,2.5,0.309,0.0794,0
5917,11280.0,0.01589,0.02945,0,5.2,0.36,0.0359,1
5918,6070.0,0.00784,0.00231,0,5.7,0.528,0.0335,0
5919,10240.0,0.01496,0.02704,0,3.6,0.52,0.0402,0
5920,40760.0,0.01964,0.01478,0,3.2,0.28,0.053,0
5921,40830.0,0.0167,0.01643,83,0.7,0.345,0.0505,0
5922,23710.0,0.01223,0.00735,0,1.9,0.298,0.0392,0
5923,18870.0,0.05013,0.01954,0,3.0,0.383,0.046,0
5924,11220.0,0.03734,0.11982,0,6.3,0.332,0.0743,0
5925,13900.0,0.01466,0.0058,0,7.0,0.538,0.0596,0
5926,14060.0,0.02096,0.01431,0,2.1,0.594,0.034,0
5927,7270.0,0.03731,0.02699,0,2.9,0.41,0.0492,0
5928,19520.0,0.04526,0.07642,0,3.2,0.313,0.0725,0
5929,4730.0,0.03103,0.09108,0,3.8,0.541,0.0712,0
5930,27280.0,0.04159,0.05102,0,5.6,0.293,0.077,0
5931,30390.0,0.01143,0.0236,0,4.1,0.324,0.0357,0
5932,8810.0,0.01888,0.02309,0,3.9,0.503,0.0474,0
5933,10600.0,0.01032,0.00392,4,1.2,0.489,0.0561,0
5934,14370.0,0.01401,0.00868,0,4.0,0.552,0.071,0
5935,4530.0,0.01804,0.02941,0,6.4,0.335,0.067,0
5936,6410.0,0.07119,0.53262,0,4.6,0.348,0.0414,0
5937,165550.0,0.01205,0.01605,0,1.2,0.412,0.0674,0
5938,65530.0,0.01225,0.01096,0,4.5,0.486,0.0368,0
5939,20170.0,0.00835,0.01772,0,0.6,0.478,0.0467,0
5940,11900.0,0.02701,0.04,0,2.8,0.569,0.0798,0
5941,26270.0,0.02125,0.00788,0,6.7,0.222,0.0393,0
5942,11800.0,0.00656,0.00629,0,3.2,0.439,0.0742,0
5943,4040.0,0.03052,0.04525,0,6.3,0.53,0.0656,0
5944,7480.0,0.02725,0.07258,0,4.4,0.233,0.0728,0
5945,15460.0,0.0067,0.01106,0,2.3,0.57,0.0635,0
5946,13090.0,0.01652,0.03182,0,6.7,0.598,0.0543,0
5947,6200.0,0.02457,0.02942,0,1.7,0.5,0.0526,0
5948,6260.0,0.03451,0.03086,0,5.5,0.423,0.0582,0
5949,13200.0,0.02263,0.02942,0,2.2,0.269,0.0758,0
5950,7710.0,0.02069,0.04714,0,5.6,0.201,0.0399,0
5951,27590.0,0.01961,0.01098,0,6.9,0.598,0.0386,0
5952,15950.0,0.01873,0.01301,0,2.0,0.331,0.0604,0
5953,3410.0,0.02231,0.01745,0,5.9,0.414,0.072,0
5954,5050.0,0.01642,0.00661,0,2.0,0.295,0.0423,0
5955,1000.0,0.01275,0.01473,0,6.8,0.541,0.051,0
5956,3530.0,0.03092,0.05514,0,1.1,0.204,0.0526,0
5957,11430.0,0.01156,0.01475,0,2.5,0.435,0.0437,0
5958,8240.0,0.0108,0.06403,0,5.6,0.276,0.0788,0
5959,7300.0,0.05,0.03261,0,5.3,0.319,0.0502,0
5960,17440.0,0.02123,0.01305,66,3.2,0.533,0.0662,0
5961,10130.0,0.02212,0.02205,0,4.5,0.349,0.032,0
5962,4070.0,0.01788,0.01639,0,2.6,0.293,0.0748,0
5963,8770.0,0.0086,0.01043,0,2.6,0.358,0.0456,0
5964,19510.0,0.00897,0.01068,0,6.8,0.431,0.0479,0
5965,20300.0,0.00675,0.01225,0,6.7,0.219,0.0647,0
5966,21490.0,0.00997,0.00479,0,1.6,0.417,0.076,0
5967,25000.0,0.00999,0.01037,0,5.2,0.536,0.0516,0
5968,97440.0,0.02855,0.08069,0,1.9,0.277,0.0361,0
5969,9290.0,0.01384,0.0097,0,6.1,0.593,0.0535,0
5970,19590.0,0.01696,0.02416,0,3.5,0.307,0.0308,0
5971,6060.0,0.02625,0.06221,0,3.3,0.31,0.0435,0
5972,6940.0,0.05652,0.06412,0,0.7,0.468,0.0447,0
5973,51720.0,0.0089,0.0041,0,2.1,0.436,0.0706,0
5974,32750.0,0.02956,0.0221,0,2.8,0.444,0.054,0
5975,26600.0,0.03362,0.01583,0,6.3,0.405,0.0573,0
5976,2990.0,0.01639,0.01604,0,4.5,0.484,0.0637,0
5977,21430.0,0.0125,0.02077,82,3.2,0.485,0.0709,0
5978,15650.0,0.03957,0.03573,0,1.0,0.347,0.0372,0
5979,21040.0,0.01632,0.0064,0,0.7,0.257,0.0336,0
5980,22250.0,0.02735,0.03475,0,2.9,0.589,0.0528,0
5981,9280.0,0.06909,0.02133,38,0.8,0.511,0.0651,0
5982,13950.0,0.02307,0.03005,0,3.8,0.271,0.0743,0
5983,8170.0,0.01517,0.01918,0,3.2,0.567,0.076,0
5984,2140.0,0.01889,0.01206,0,1.5,0.376,0.0598,0
5985,11780.0,0.01392,0.02031,0,7.0,0.475,0.0454,0
5986,5830.0,0.02059,0.02165,0,6.8,0.458,0.0799,0
5987,12500.0,0.01365,0.00838,34,1.6,0.503,0.0783,0
5988,26600.0,0.0029,0.0052,0,0.7,0.312,0.0541,0
5989,8110.0,0.00807,0.00984,0,4.4,0.397,0.0666,0
5990,4330.0,0.0347,0.0551,0,4.4,0.439,0.0485,0
5991,11470.0,0.01867,0.01306,87,1.8,0.302,0.0551,0
5992,17520.0,0.02739,0.01914,0,0.7,0.23,0.0591,0
5993,7960.0,0.06261,0.02481,24,3.4,0.575,0.0476,0
5994,49920.0,0.02921,0.03132,0,0.7,0.433,0.0611,0
5995,36800.0,0.03622,0.03053,0,6.8,0.317,0.0383,0
5996,13880.0,0.02695,0.0312,0,3.1,0.457,0.0497,0
5997,23440.0,0.01148,0.01361,0,1.8,0.389,0.072,0
5998,8510.0,0.00642,0.00565,0,3.3,0.506,0.0671,0
5999,3130.0,0.00901,0.01685,0,1.1,0.514,0.0779,0
6000,21960.0,0.02881,0.05446,0,3.9,0.414,0.079,0
6001,39550.0,0.01212,0.01699,0,3.0,0.457,0.0505,0
6002,19300.0,0.04262,0.0584,0,4.7,0.429,0.0384,0
6003,20490.0,0.00526,0.0029,0,3.6,0.396,0.0354,0
6004,7470.0,0.02508,0.07316,19,3.5,0.372,0.0541,0
6005,5850.0,0.00654,0.01144,0,4.2,0.379,0.0782,0
6006,63960.0,0.00468,0.00322,41,5.4,0.239,0.0686,0
6007,2930.0,0.04105,0.06571,0,5.9,0.509,0.0428,0
6008,21810.0,0.02402,0.02184,0,5.7,0.277,0.0604,0
6009,7630.0,0.02039,0.00713,0,3.0,0.356,0.073,0
6010,63380.0,0.04327,0.12812,0,5.4,0.511,0.0643,0
6011,22110.0,0.01497,0.03693,0,2.7,0.46,0.0612,0
6012,19310.0,0.05733,0.09453,0,5.6,0.578,0.0644,0
6013,10440.0,0.01426,0.01151,0,1.3,0.534,0.0616,0
6014,5120.0,0.01653,0.02613,0,5.1,0.24,0.0411,0
6015,23740.0,0.03008,0.03707,0,1.0,0.419,0.0684,0
6016,5770.0,0.03365,0.04315,0,3.6,0.536,0.064,0
6017,17990.0,0.00646,0.00423,0,4.1,0.298,0.0706,0
6018,8100.0,0.01127,0.01716,0,0.9,0.405,0.064,0
6019,93300.0,0.03379,0.06964,0,3.7,0.215,0.0743,0
6020,23430.0,0.01292,0.01163,0,1.1,0.505,0.078,0
6021,11550.0,0.03067,0.03663,0,4.9,0.361,0.0578,0
6022,13470.0,0.02211,0.01544,0,2.5,0.509,0.0442,0
6023,23540.0,0.01844,0.0398,0,1.6,0.485,0.0677,0
6024,48790.0,0.02344,0.03591,0,5.2,0.338,0.0618,0
6025,14410.0,0.00986,0.01129,0,1.7,0.287,0.0322,0
6026,11620.0,0.01565,0.02629,0,3.9,0.464,0.0756,0
6027,21840.0,0.01027,0.01959,0,0.9,0.349,0.0409,0
6028,23630.0,0.01002,0.01116,0,2.4,0.325,0.08,0
6029,9550.0,0.01592,0.05115,385,0.9,0.484,0.0654,1
6030,8910.0,0.11132,0.11318,0,4.9,0.2,0.0708,0
6031,21020.0,0.0163,0.0095,0,3.7,0.426,0.0612,0
6032,8380.0,0.00931,0.00781,0,3.0,0.386,0.0644,0
6033,13100.0,0.0311,0.05944,0,0.8,0.512,0.0612,0
6034,22120.0,0.02261,0.02042,0,6.5,0.55,0.0741,0
6035,40190.0,0.01429,0.01098,56,5.5,0.534,0.0413,0
6036,5300.0,0.02231,0.01878,0,6.5,0.519,0.0635,1
6037,10640.0,0.00928,0.00718,382,5.4,0.223,0.0531,0
6038,39640.0,0.00644,0.00592,0,4.9,0.324,0.0388,0
6039,20010.0,0.018,0.01427,0,4.6,0.259,0.0776,0
6040,37800.0,0.01461,0.03108,0,4.0,0.327,0.0494,0
6041,3590.0,0.01747,0.03788,0,3.4,0.304,0.0758,0
6042,25500.0,0.01314,0.02535,0,4.7,0.241,0.06,0
6043,30540.0,0.03563,0.04543,0,4.2,0.514,0.0581,0
6044,23760.0,0.00757,0.00805,0,2.1,0.297,0.0742,0
6045,3410.0,0.01738,0.01591,0,3.0,0.588,0.0407,0
6046,8850.0,0.01149,0.01433,0,3.1,0.467,0.0474,0
6047,10890.0,0.01204,0.01161,0,6.8,0.554,0.0646,0
6048,19720.0,0.03202,0.03762,0,1.1,0.463,0.0639,0
6049,6430.0,0.03941,0.04161,0,1.4,0.333,0.0464,0
6050,7370.0,0.03615,0.06283,0,6.1,0.37,0.074,0
6051,22510.0,0.01211,0.00669,0,4.9,0.55,0.0443,0
6052,27240.0,0.03302,0.09505,0,3.0,0.544,0.0483,0
6053,4610.0,0.00854,0.01303,0,0.7,0.581,0.0319,0
6054,8090.0,0.00669,0.0056,0,6.0,0.445,0.066,0
6055,16920.0,0.01529,0.01639,0,6.1,0.447,0.0353,0
6056,3540.0,0.02658,0.01209,0,6.6,0.327,0.0462,0
6057,9290.0,0.01344,0.00765,0,4.9,0.398,0.0728,0
6058,7870.0,0.0305,0.08999,80,3.5,0.251,0.037,0
6059,55680.0,0.07002,0.0444,72,4.7,0.469,0.0441,0
6060,17720.0,0.02202,0.01647,0,6.4,0.424,0.0358,0
6061,41150.0,0.01964,0.01518,0,5.5,0.586,0.0527,0
6062,3950.0,0.01059,0.00699,0,4.7,0.254,0.0727,0
6063,20180.0,0.00687,0.0123,0,4.4,0.273,0.0373,0
6064,6770.0,0.01138,0.01265,0,1.8,0.219,0.0701,0
6065,58060.0,0.01904,0.01962,0,3.7,0.352,0.0638,0
6066,76820.0,0.02731,0.01662,0,6.9,0.502,0.0322,0
6067,15000.0,0.01569,0.01473,0,5.2,0.407,0.069,0
6068,4830.0,0.09501,0.14475,0,5.4,0.588,0.0774,0
6069,2520.0,0.00832,0.01418,0,0.5,0.322,0.0646,0
6070,34010.0,0.00953,0.00643,0,4.4,0.305,0.0711,0
6071,16970.0,0.00747,0.00595,0,3.7,0.595,0.0656,0
6072,66240.0,0.05776,0.03807,0,0.6,0.296,0.0345,0
6073,25210.0,0.01349,0.01031,0,1.7,0.537,0.0409,0
6074,27070.0,0.0348,0.06311,97,4.5,0.431,0.0333,0
6075,5880.0,0.05062,0.03755,0,2.8,0.363,0.0438,0
6076,12480.0,0.01511,0.01538,0,3.4,0.278,0.0441,0
6077,11610.0,0.00936,0.00803,0,7.0,0.583,0.0512,0
6078,3160.0,0.02686,0.02152,0,2.4,0.47,0.0385,0
6079,8180.0,0.00759,0.00909,0,3.2,0.432,0.0478,0
6080,15180.0,0.09099,0.05628,0,2.2,0.438,0.0432,0
6081,41670.0,0.01782,0.04744,0,5.8,0.374,0.0371,0
6082,5780.0,0.01248,0.01795,0,5.0,0.566,0.052,0
6083,17180.0,0.01326,0.01149,0,4.9,0.46,0.0386,0
6084,21360.0,0.01243,0.02142,0,0.9,0.241,0.0607,0
6085,40180.0,0.02736,0.18409,0,0.9,0.34,0.0308,0
6086,6470.0,0.0141,0.0115,0,1.6,0.474,0.0469,0
6087,14160.0,0.01183,0.00576,0,0.6,0.506,0.0653,0
6088,11270.0,0.02438,0.07836,0,4.3,0.51,0.0717,0
6089,21410.0,0.02844,0.00889,0,4.2,0.269,0.0484,0
6090,17830.0,0.02795,0.03123,0,4.2,0.567,0.0504,0
6091,20020.0,0.00741,0.01031,0,4.6,0.454,0.0715,0
6092,9040.0,0.00712,0.01512,0,4.6,0.59,0.0448,0
6093,15700.0,0.04432,0.07368,375,3.8,0.376,0.0465,0
6094,11640.0,0.02039,0.01644,0,4.5,0.315,0.0676,0
6095,10510.0,0.01909,0.02065,0,3.1,0.338,0.0408,0
6096,6020.0,0.02423,0.04221,0,5.7,0.321,0.0498,0
6097,36390.0,0.00766,0.00749,0,4.8,0.231,0.074,0
6098,7770.0,0.01249,0.01216,0,6.6,0.495,0.0632,0
6099,17570.0,0.01256,0.01118,0,3.7,0.271,0.0776,0
6100,9500.0,0.01367,0.03853,0,3.0,0.418,0.041,0
6101,15880.0,0.01211,0.00573,0,3.5,0.307,0.0698,0
6102,4920.0,0.01496,0.0267,0,1.2,0.42,0.03,0
6103,16770.0,0.01859,0.01311,112,2.8,0.356,0.0665,0
6104,4210.0,0.0083,0.00903,0,2.3,0.503,0.0545,0
6105,8910.0,0.01317,0.00474,0,2.0,0.375,0.073,1
6106,5030.0,0.01733,0.01109,0,6.5,0.507,0.0407,0
6107,5990.0,0.05177,0.11465,0,2.4,0.268,0.051,0
6108,6440.0,0.02793,0.0102,0,4.5,0.486,0.0528,0
6109,12320.0,0.01541,0.02073,0,1.7,0.414,0.0411,0
6110,10660.0,0.03307,0.03352,0,6.6,0.522,0.0348,1
6111,18320.0,0.01491,0.01584,0,4.5,0.469,0.0354,0
6112,20960.0,0.00877,0.00676,34,2.1,0.329,0.0535,0
6113,31160.0,0.01708,0.00756,0,0.9,0.259,0.0681,0
6114,4520.0,0.05987,0.08584,84,3.7,0.426,0.0528,0
6115,34600.0,0.02597,0.01373,0,2.8,0.225,0.0513,0
6116,33230.0,0.01271,0.01068,0,5.0,0.213,0.0771,0
6117,6720.0,0.01006,0.01672,0,3.5,0.408,0.0364,0
6118,25190.0,0.03185,0.07928,0,1.5,0.579,0.0633,0
6119,13800.0,0.01739,0.01658,0,5.4,0.42,0.0495,0
6120,15450.0,0.01491,0.02562,0,5.6,0.376,0.0566,0
6121,16760.0,0.1118,0.15497,0,4.7,0.583,0.0633,0
6122,17210.0,0.00875,0.00958,0,6.2,0.397,0.0665,0
6123,43350.0,0.03676,0.06749,0,4.2,0.343,0.0342,0
6124,11430.0,0.02547,0.07308,0,2.2,0.528,0.074,0
6125,3500.0,0.00837,0.01977,0,0.8,0.313,0.0661,0
6126,8270.0,0.01925,0.05413,0,1.4,0.286,0.054,0
6127,3090.0,0.01632,0.03077,0,4.0,0.557,0.0392,0
6128,22460.0,0.03912,0.01954,0,5.9,0.402,0.0485,0
6129,15900.0,0.01391,0.00937,0,5.7,0.228,0.0706,0
6130,5920.0,0.01396,0.01937,163,5.9,0.513,0.0491,0
6131,11290.0,0.01758,0.00557,0,1.1,0.296,0.0607,0
6132,14950.0,0.01034,0.00815,0,2.4,0.271,0.064,0
6133,2230.0,0.0343,0.0996,0,2.0,0.288,0.0384,0
6134,2600.0,0.0335,0.04159,0,5.5,0.416,0.0354,0
6135,12730.0,0.05156,0.05242,11,3.0,0.255,0.0424,0
6136,13970.0,0.01693,0.00847,0,3.2,0.278,0.045,0
6137,5400.0,0.00929,0.01748,0,1.1,0.569,0.0461,0
6138,17950.0,0.02688,0.05497,0,2.5,0.26,0.0607,0
6139,12050.0,0.01133,0.02563,0,6.1,0.224,0.0347,0
6140,3940.0,0.07233,0.15485,0,1.4,0.366,0.0672,0
6141,3770.0,0.01298,0.03459,62,6.7,0.595,0.0557,0
6142,19200.0,0.02371,0.03175,0,2.2,0.562,0.0441,0
6143,15240.0,0.03704,0.0204,0,2.9,0.433,0.0787,0
6144,15850.0,0.01298,0.01616,0,1.3,0.418,0.055,0
6145,6540.0,0.02459,0.02599,0,5.6,0.267,0.0427,0
6146,33650.0,0.02085,0.04097,0,6.1,0.483,0.0394,0
6147,11900.0,0.00809,0.01256,0,3.6,0.245,0.0524,0
6148,10030.0,0.01113,0.0181,0,2.4,0.374,0.0557,0
6149,27850.0,0.00979,0.02366,0,4.9,0.26,0.0493,0
6150,5600.0,0.08068,0.04935,0,1.2,0.356,0.0716,0
6151,3010.0,0.0249,0.04262,0,6.6,0.392,0.0761,0
6152,22400.0,0.03785,0.0734,0,6.0,0.205,0.0683,0
6153,15030.0,0.02646,0.04214,0,0.9,0.352,0.0455,0
6154,10560.0,0.02257,0.02597,0,1.0,0.207,0.0677,0
6155,18940.0,0.03572,0.01304,0,4.4,0.262,0.0481,0
6156,14140.0,0.0236,0.02886,0,3.9,0.538,0.0798,0
6157,32160.0,0.05936,0.09723,0,5.4,0.255,0.0657,0
6158,3150.0,0.00466,0.005,0,3.1,0.26,0.0455,0
6159,11430.0,0.01406,0.00993,0,1.1,0.537,0.0521,0
6160,4560.0,0.00973,0.00956,0,2.5,0.4,0.0558,0
6161,10820.0,0.03494,0.01438,287,3.7,0.502,0.0321,0
6162,22180.0,0.04888,0.05046,59,5.8,0.412,0.0786,0
6163,15290.0,0.02488,0.02862,0,3.4,0.512,0.0691,0
6164,41460.0,0.00625,0.01152,0,4.4,0.488,0.0424,0
6165,3340.0,0.02784,0.02026,385,1.2,0.464,0.0579,0
6166,7130.0,0.01315,0.02476,41,5.4,0.421,0.0375,0
6167,1000.0,0.01638,0.01036,0,5.5,0.591,0.0698,0
6168,2030.0,0.10615,0.18153,0,4.3,0.501,0.0546,0
6169,8550.0,0.0161,0.01593,0,2.4,0.339,0.0455,0
6170,9380.0,0.00992,0.04528,0,0.9,0.489,0.0734,0
6171,4180.0,0.09146,0.08299,0,2.7,0.234,0.0564,0
6172,7280.0,0.0207,0.0134,0,6.3,0.581,0.0769,0
6173,42800.0,0.00873,0.01033,0,0.9,0.432,0.0558,0
6174,10750.0,0.01822,0.01932,0,2.0,0.306,0.0608,0
6175,25530.0,0.01721,0.03498,0,3.1,0.213,0.0754,0
6176,17430.0,0.01095,0.00596,0,5.8,0.214,0.0639,0
6177,7750.0,0.07327,0.22133,0,4.0,0.399,0.0564,0
6178,32530.0,0.05373,0.07399,0,6.6,0.434,0.0361,0
6179,5440.0,0.02661,0.0508,0,2.7,0.226,0.0572,0
6180,18900.0,0.0297,0.01741,0,6.1,0.204,0.079,0
6181,10800.0,0.057,0.01976,0,6.8,0.328,0.0529,0
6182,18900.0,0.01149,0.01507,0,3.3,0.505,0.0379,0
6183,15060.0,0.01659,0.00918,0,2.7,0.49,0.0533,0
6184,10440.0,0.02934,0.01016,0,1.3,0.236,0.0498,0
6185,9520.0,0.03661,0.0134,0,6.9,0.501,0.0399,0
6186,9160.0,0.01103,0.00713,0,5.0,0.556,0.0738,0
6187,5130.0,0.04136,0.03659,0,3.8,0.382,0.0467,0
6188,15400.0,0.03152,0.0166,0,5.2,0.316,0.0526,0
6189,10820.0,0.01206,0.02415,0,2.9,0.561,0.0409,0
6190,4230.0,0.03686,0.03791,0,2.6,0.2,0.0586,0
6191,13040.0,0.06187,0.04513,0,1.0,0.441,0.0461,0
6192,20220.0,0.02928,0.04529,0,6.1,0.551,0.0601,0
6193,27110.0,0.03158,0.06774,0,2.9,0.45,0.0326,0
6194,19980.0,0.00473,0.00921,0,6.6,0.34,0.045,0
6195,13050.0,0.02217,0.04913,0,3.2,0.508,0.0761,0
6196,5980.0,0.02526,0.02018,0,3.1,0.214,0.0625,0
6197,11750.0,0.07896,0.09219,222,3.8,0.321,0.064,0
6198,23110.0,0.02189,0.03512,0,4.2,0.453,0.0489,0
6199,2210.0,0.02714,0.08084,0,1.7,0.498,0.0623,0
6200,13120.0,0.0198,0.02304,0,4.0,0.531,0.0529,0
6201,13100.0,0.01228,0.01116,0,5.7,0.507,0.0758,0
6202,6430.0,0.01584,0.02531,0,5.1,0.414,0.066,0
6203,9440.0,0.01318,0.01451,0,6.0,0.237,0.0406,0
6204,25900.0,0.0369,0.05057,0,6.7,0.365,0.0409,0
6205,8330.0,0.03548,0.10054,0,6.2,0.549,0.0678,1
6206,6270.0,0.01127,0.02811,0,4.3,0.277,0.0587,0
6207,4920.0,0.00734,0.00436,0,4.1,0.52,0.0399,0
6208,3770.0,0.02904,0.02746,10,5.4,0.59,0.0557,0
6209,5390.0,0.01861,0.00997,0,3.8,0.384,0.073,0
6210,10790.0,0.02357,0.07959,0,5.5,0.271,0.0742,0
6211,9600.0,0.01446,0.04489,0,6.2,0.471,0.0743,0
6212,2460.0,0.01195,0.01082,0,5.8,0.476,0.0716,0
6213,3530.0,0.00433,0.00513,0,0.7,0.414,0.0744,0
6214,27770.0,0.02608,0.04269,0,4.7,0.477,0.0765,0
6215,8400.0,0.07132,0.0791,0,1.7,0.321,0.0614,0
6216,15820.0,0.00706,0.0034,40,4.3,0.254,0.053,0
6217,14560.0,0.01156,0.00587,0,3.3,0.443,0.0488,0
6218,18000.0,0.02336,0.04025,0,5.1,0.463,0.0527,0
6219,16740.0,0.04323,0.04694,0,6.2,0.596,0.0521,0
6220,42820.0,0.09146,0.1313,0,2.8,0.48,0.0564,0
6221,25390.0,0.02505,0.02447,0,5.9,0.536,0.0537,0
6222,27450.0,0.01126,0.0164,204,3.0,0.565,0.0487,0
6223,67660.0,0.01583,0.0091,0,4.2,0.531,0.0342,0
6224,6380.0,0.01028,0.03258,9,5.9,0.533,0.0641,0
6225,21890.0,0.02539,0.05157,0,5.2,0.363,0.0313,0
6226,4040.0,0.01382,0.01433,0,2.3,0.471,0.0543,0
6227,4030.0,0.01739,0.02357,0,2.5,0.278,0.0321,0
6228,12790.0,0.01285,0.00942,0,0.5,0.596,0.0652,0
6229,3960.0,0.06239,0.09285,0,5.5,0.407,0.0564,0
6230,42810.0,0.03405,0.02492,0,2.8,0.518,0.0381,0
6231,6650.0,0.06255,0.01944,0,1.7,0.535,0.0446,0
6232,9510.0,0.01454,0.01615,0,1.1,0.279,0.0688,0
6233,13780.0,0.00761,0.00889,0,3.6,0.327,0.0764,0
6234,24380.0,0.02172,0.01676,0,2.5,0.451,0.0629,0
6235,16150.0,0.02772,0.0612,0,2.8,0.573,0.0338,0
6236,19040.0,0.00966,0.02297,0,3.7,0.476,0.0426,0
6237,6640.0,0.01346,0.02367,0,3.7,0.521,0.0362,0
6238,8900.0,0.09091,0.36457,0,4.4,0.356,0.0322,0
6239,6910.0,0.01404,0.03066,0,6.5,0.444,0.0448,0
6240,1800.0,0.0096,0.00781,0,2.1,0.33,0.0629,0
6241,24120.0,0.00735,0.00789,85,1.8,0.456,0.0769,0
6242,6620.0,0.0364,0.03207,0,6.7,0.281,0.0369,0
6243,51860.0,0.07003,0.09752,0,0.9,0.578,0.04,0
6244,10960.0,0.03138,0.01453,0,1.9,0.437,0.0495,0
6245,4930.0,0.00897,0.00773,0,2.8,0.434,0.0343,0
6246,4240.0,0.06421,0.05446,0,3.5,0.447,0.0444,0
6247,42980.0,0.0087,0.01865,0,4.6,0.447,0.0795,0
6248,11110.0,0.04958,0.0349,0,4.7,0.454,0.0616,0
6249,31570.0,0.03778,0.03525,0,3.2,0.234,0.0511,0
6250,14280.0,0.02247,0.01126,0,4.9,0.53,0.0553,0
6251,4620.0,0.0139,0.00615,0,3.8,0.414,0.0575,0
6252,3120.0,0.02754,0.00684,0,0.6,0.418,0.0666,0
6253,2420.0,0.0117,0.01166,0,5.9,0.363,0.0449,0
6254,13720.0,0.04264,0.03225,0,3.1,0.207,0.0769,0
6255,1000.0,0.00522,0.02679,34,4.9,0.306,0.0562,0
6256,4160.0,0.02665,0.01964,0,6.8,0.585,0.0302,0
6257,3830.0,0.00924,0.01336,0,6.2,0.316,0.0347,0
6258,9420.0,0.01911,0.02481,0,2.0,0.541,0.0719,0
6259,12040.0,0.01233,0.01091,0,1.2,0.55,0.0515,0
6260,12760.0,0.01312,0.0251,0,3.1,0.587,0.0512,0
6261,4720.0,0.00857,0.00634,0,4.6,0.545,0.048,0
6262,19060.0,0.007,0.0047,0,6.1,0.465,0.0781,0
6263,8400.0,0.06049,0.06158,0,4.9,0.3,0.033,0
6264,9480.0,0.0252,0.03023,0,4.2,0.382,0.0419,0
6265,3630.0,0.06934,0.09829,0,4.9,0.537,0.0609,0
6266,19980.0,0.0115,0.01423,0,1.9,0.225,0.0785,0
6267,4650.0,0.01238,0.02393,0,5.0,0.384,0.0441,0
6268,36550.0,0.03513,0.07974,0,1.7,0.553,0.0432,0
6269,24440.0,0.01824,0.02902,0,2.2,0.481,0.0484,0
6270,7850.0,0.07617,0.07522,215,4.6,0.217,0.0444,0
6271,6320.0,0.007,0.00786,0,4.5,0.212,0.0658,0
6272,14760.0,0.0185,0.0103,0,3.0,0.585,0.0776,0
6273,49780.0,0.00972,0.01645,0,2.1,0.477,0.0693,0
6274,2680.0,0.01251,0.00996,0,5.9,0.288,0.0434,0
6275,33070.0,0.00705,0.00898,0,3.1,0.321,0.07,0
6276,6830.0,0.01448,0.00312,0,3.6,0.566,0.0764,0
6277,12100.0,0.03447,0.03061,0,2.7,0.587,0.0649,0
6278,6080.0,0.01205,0.01796,0,0.6,0.211,0.0733,0
6279,16480.0,0.01903,0.06125,0,1.0,0.512,0.0561,0
6280,19830.0,0.00991,0.00682,0,3.2,0.472,0.067,0
6281,22800.0,0.04831,0.0106,0,0.9,0.508,0.0758,0
6282,4070.0,0.01731,0.02851,0,4.2,0.487,0.0366,0
6283,4300.0,0.01426,0.01647,0,4.2,0.422,0.0456,0
6284,8740.0,0.02363,0.06092,0,6.9,0.408,0.0478,0
6285,43420.0,0.00714,0.01048,0,6.6,0.264,0.0567,0
6286,9640.0,0.01098,0.02629,0,2.8,0.512,0.0567,0
6287,3830.0,0.02036,0.0441,0,6.2,0.481,0.0793,0
6288,5290.0,0.10422,0.16293,0,2.7,0.559,0.0322,0
6289,17230.0,0.05216,0.16217,0,6.2,0.45,0.0605,0
6290,7280.0,0.02105,0.01719,0,2.6,0.484,0.0757,0
6291,15580.0,0.00241,0.00205,0,3.3,0.272,0.0463,0
6292,30070.0,0.00567,0.00322,0,4.5,0.599,0.0311,0
6293,7770.0,0.03284,0.02172,0,4.5,0.227,0.0546,0
6294,10890.0,0.01665,0.00843,195,5.6,0.529,0.0396,0
6295,31630.0,0.01301,0.02495,0,5.7,0.415,0.0592,0
6296,2320.0,0.02865,0.04635,0,5.6,0.3,0.0735,0
6297,28110.0,0.01813,0.01891,0,5.4,0.313,0.0591,0
6298,5150.0,0.0273,0.01255,0,7.0,0.268,0.0323,0
6299,51490.0,0.01596,0.01516,0,1.0,0.407,0.0727,0
6300,19940.0,0.02008,0.0413,0,1.7,0.564,0.0795,0
6301,6560.0,0.00656,0.00659,0,5.9,0.425,0.0492,0
6302,16740.0,0.0075,0.00615,0,3.9,0.483,0.0491,0
6303,5770.0,0.02149,0.10942,0,3.7,0.534,0.0468,0
6304,9240.0,0.00926,0.00639,0,6.7,0.211,0.0612,0
6305,43400.0,0.01054,0.02056,0,1.6,0.561,0.0413,0
6306,28270.0,0.00981,0.00777,1,3.3,0.281,0.0676,1
6307,2990.0,0.02518,0.04703,0,2.8,0.4,0.0761,0
6308,14010.0,0.01803,0.02996,0,2.2,0.26,0.0503,0
6309,5470.0,0.01933,0.07953,0,4.8,0.348,0.0617,0
6310,17730.0,0.01178,0.01714,0,6.0,0.264,0.041,0
6311,19410.0,0.01827,0.014,317,3.9,0.496,0.0488,0
6312,4300.0,0.01463,0.01131,0,6.8,0.25,0.0709,0
6313,4150.0,0.00953,0.03904,0,2.7,0.318,0.0456,0
6314,4090.0,0.0521,0.06454,0,0.7,0.288,0.0531,0
6315,23790.0,0.01209,0.03688,0,5.9,0.255,0.0317,0
6316,5640.0,0.0089,0.01155,0,2.2,0.306,0.0351,0
6317,13810.0,0.02393,0.0166,0,4.2,0.441,0.03,0
6318,10400.0,0.00885,0.0116,0,4.9,0.202,0.0739,0
6319,12290.0,0.01467,0.0102,0,6.4,0.286,0.0676,0
6320,4860.0,0.02264,0.02271,0,5.9,0.283,0.0747,0
6321,9340.0,0.03764,0.04105,0,0.6,0.414,0.075,0
6322,4850.0,0.01361,0.0216,0,3.4,0.527,0.0704,0
6323,31580.0,0.04937,0.17556,0,4.6,0.49,0.0541,0
6324,11040.0,0.0308,0.13634,0,4.9,0.219,0.0698,0
6325,15500.0,0.03655,0.07626,0,3.7,0.595,0.0751,0
6326,20130.0,0.00947,0.04315,0,2.5,0.271,0.0407,0
6327,29280.0,0.00532,0.01107,0,2.9,0.468,0.0772,0
6328,19790.0,0.01525,0.01761,0,5.6,0.333,0.054,0
6329,6480.0,0.01907,0.02182,0,0.7,0.583,0.0383,0
6330,5820.0,0.04034,0.02448,0,3.9,0.563,0.0627,0
6331,45260.0,0.01081,0.01839,0,5.6,0.561,0.0726,0
6332,3320.0,0.00403,0.00439,0,6.5,0.5,0.06,0
6333,4790.0,0.00666,0.01191,0,1.3,0.336,0.0463,0
6334,5900.0,0.01471,0.0217,0,5.8,0.295,0.0536,0
6335,7900.0,0.0085,0.00564,0,6.1,0.201,0.0712,0
6336,45810.0,0.00638,0.00467,0,0.6,0.47,0.0418,0
6337,3270.0,0.12778,0.10673,0,0.5,0.482,0.0692,0
6338,20000.0,0.03165,0.01584,0,4.6,0.205,0.0483,0
6339,6920.0,0.04439,0.11507,0,4.5,0.283,0.053,0
6340,6630.0,0.03781,0.05934,0,6.1,0.588,0.0445,0
6341,15050.0,0.05512,0.088,0,2.8,0.401,0.0659,0
6342,9760.0,0.13046,0.19267,0,1.9,0.28,0.0669,0
6343,5060.0,0.02494,0.06896,0,3.0,0.249,0.061,1
6344,29080.0,0.01549,0.06583,0,4.8,0.237,0.0683,0
6345,8310.0,0.02406,0.04184,9,4.7,0.324,0.0798,0
6346,11750.0,0.02138,0.06818,0,4.2,0.44,0.0357,0
6347,4500.0,0.03144,0.06085,0,5.1,0.499,0.0775,0
6348,20670.0,0.0793,0.05114,10,3.2,0.441,0.0306,0
6349,9260.0,0.00987,0.01113,0,6.1,0.364,0.0328,0
6350,34690.0,0.03304,0.04012,116,0.8,0.401,0.0322,0
6351,25730.0,0.03687,0.02326,0,5.9,0.57,0.0464,0
6352,25340.0,0.02461,0.08985,0,4.4,0.21,0.0534,0
6353,8600.0,0.03597,0.03805,0,1.7,0.338,0.0307,0
6354,8700.0,0.04205,0.08809,0,0.7,0.359,0.0468,0
6355,7470.0,0.01825,0.02928,0,2.7,0.321,0.0422,0
6356,2650.0,0.02471,0.03886,0,0.6,0.462,0.0686,0
6357,10940.0,0.01545,0.05938,0,2.3,0.353,0.0448,0
6358,4500.0,0.02817,0.05133,0,5.5,0.371,0.0612,0
6359,11310.0,0.00479,0.0041,0,1.2,0.258,0.0777,0
6360,8120.0,0.01303,0.01185,0,3.1,0.256,0.0496,0
6361,5190.0,0.00675,0.00321,0,2.2,0.408,0.0708,0
6362,6080.0,0.01354,0.01136,0,5.8,0.416,0.0639,0
6363,11880.0,0.01895,0.02168,0,1.7,0.223,0.0346,0
6364,5170.0,0.02516,0.00959,0,1.4,0.387,0.0773,0
6365,6560.0,0.0312,0.01453,0,5.5,0.429,0.0669,0
6366,10180.0,0.01616,0.02152,0,4.8,0.454,0.0657,0
6367,3180.0,0.02201,0.02767,0,6.7,0.387,0.0452,0
6368,22500.0,0.01732,0.01328,0,6.0,0.247,0.0479,0
6369,7090.0,0.01499,0.00785,0,5.0,0.283,0.0537,0
6370,11070.0,0.01493,0.0157,0,2.9,0.261,0.0606,0
6371,4100.0,0.06169,0.05631,0,0.5,0.47,0.0515,0
6372,3990.0,0.01264,0.02146,0,3.2,0.235,0.0778,0
6373,77880.0,0.01684,0.016,0,5.7,0.229,0.0394,0
6374,9960.0,0.02665,0.04284,0,2.5,0.35,0.0611,0
6375,4960.0,0.03175,0.02439,0,5.0,0.225,0.0308,0
6376,4880.0,0.03032,0.05642,0,2.2,0.581,0.0731,0
6377,27210.0,0.03448,0.03565,0,2.5,0.365,0.0638,0
6378,17080.0,0.0152,0.00491,270,3.3,0.498,0.0714,0
6379,4860.0,0.03978,0.04718,0,6.6,0.512,0.0771,0
6380,2530.0,0.02565,0.06795,0,5.4,0.482,0.0698,0
6381,6420.0,0.00494,0.00658,0,0.6,0.42,0.0563,0
6382,5970.0,0.01584,0.0233,62,3.4,0.385,0.0641,0
6383,9900.0,0.05119,0.02502,59,2.6,0.245,0.0743,0
6384,73040.0,0.01038,0.01052,0,4.7,0.242,0.046,0
6385,13610.0,0.03246,0.09892,0,1.5,0.257,0.0414,0
6386,8180.0,0.02244,0.04334,0,3.6,0.361,0.0681,0
6387,2220.0,0.02671,0.05895,0,4.5,0.596,0.0402,0
6388,2510.0,0.01755,0.01726,0,3.3,0.486,0.0732,0
6389,25070.0,0.00821,0.00445,0,4.0,0.337,0.0609,0
6390,28790.0,0.01752,0.01204,0,1.5,0.375,0.0617,0
6391,11700.0,0.0299,0.03689,0,6.8,0.261,0.0728,0
6392,5860.0,0.00793,0.00529,0,2.9,0.582,0.0407,0
6393,8010.0,0.0198,0.01579,0,4.2,0.586,0.0325,0
6394,6930.0,0.00462,0.00299,0,4.2,0.328,0.0705,0
6395,39790.0,0.00933,0.02055,0,3.9,0.458,0.074,0
6396,25520.0,0.04794,0.07639,63,5.2,0.578,0.0625,0
6397,8430.0,0.07174,0.09293,0,4.6,0.31,0.0796,0
6398,5980.0,0.02204,0.01006,0,1.7,0.519,0.0501,0
6399,5620.0,0.01125,0.02792,0,5.4,0.27,0.0376,0
6400,17930.0,0.05246,0.04058,0,0.9,0.403,0.0584,0
6401,15430.0,0.0103,0.00472,0,1.0,0.489,0.045,0
6402,16370.0,0.01667,0.03634,6,0.7,0.517,0.075,0
6403,22580.0,0.00582,0.01048,0,5.2,0.428,0.0573,0
6404,30400.0,0.01844,0.04079,0,3.3,0.302,0.0509,0
6405,7270.0,0.02923,0.03089,0,1.7,0.448,0.0341,0
6406,9130.0,0.0168,0.03156,275,1.5,0.368,0.0579,0
6407,24390.0,0.01566,0.02118,0,2.5,0.2,0.0596,0
6408,17960.0,0.01767,0.04068,1,5.6,0.468,0.0786,0
6409,13290.0,0.14916,0.50416,0,0.7,0.566,0.0511,0
6410,10390.0,0.02937,0.1022,0,5.9,0.588,0.0642,0
6411,3760.0,0.01548,0.0173,0,5.6,0.546,0.0595,0
6412,11920.0,0.02315,0.02204,0,1.8,0.265,0.0382,0
6413,3990.0,0.00881,0.04404,0,5.9,0.31,0.0318,0
6414,12180.0,0.05228,0.06171,0,5.6,0.468,0.0703,0
6415,6520.0,0.05417,0.15684,0,5.5,0.43,0.0624,0
6416,15910.0,0.01542,0.02519,0,1.7,0.596,0.0412,0
6417,4130.0,0.01246,0.02401,0,2.7,0.375,0.0558,0
6418,13830.0,0.07638,0.22863,0,1.5,0.317,0.0729,0
6419,2770.0,0.02275,0.04398,0,1.7,0.259,0.076,0
6420,8660.0,0.03079,0.03131,0,0.7,0.399,0.0649,0
6421,4320.0,0.04594,0.03165,0,4.7,0.513,0.0464,0
6422,11650.0,0.01361,0.01335,6,2.5,0.238,0.0578,0
6423,21970.0,0.01087,0.00875,0,1.7,0.509,0.0779,0
6424,39330.0,0.01937,0.02829,0,3.2,0.566,0.034,0
6425,2880.0,0.02765,0.05373,0,2.1,0.535,0.069,1
6426,4050.0,0.03539,0.06517,0,6.0,0.433,0.0422,0
6427,25540.0,0.03605,0.13901,35,2.8,0.556,0.0638,0
6428,13760.0,0.00537,0.01816,0,1.4,0.406,0.0508,0
6429,22040.0,0.07607,0.1425,0,4.2,0.245,0.0433,0
6430,27010.0,0.00577,0.0215,0,4.7,0.567,0.0435,0
6431,12790.0,0.00478,0.00303,0,3.5,0.254,0.0755,0
6432,6820.0,0.02507,0.00411,0,5.6,0.33,0.0399,0
6433,8180.0,0.00968,0.01461,0,5.6,0.346,0.0372,0
6434,3570.0,0.05963,0.05525,0,0.8,0.218,0.0695,0
6435,10680.0,0.0182,0.02514,0,0.7,0.339,0.0308,0
6436,8440.0,0.01379,0.01284,0,1.2,0.521,0.056,0
6437,21370.0,0.13411,0.20086,0,4.7,0.514,0.038,0
6438,2430.0,0.01694,0.02359,0,5.6,0.408,0.0532,0
6439,37420.0,0.02816,0.04106,0,6.2,0.25,0.0395,0
6440,7210.0,0.0119,0.00815,0,5.3,0.358,0.0509,0
6441,11120.0,0.00907,0.01056,0,4.4,0.325,0.0459,0
6442,10030.0,0.01614,0.01073,0,1.3,0.271,0.0449,0
6443,8900.0,0.0124,0.01812,0,5.4,0.523,0.0545,0
6444,6870.0,0.06982,0.16522,0,5.5,0.217,0.0387,0
6445,20610.0,0.01968,0.09756,0,3.3,0.348,0.0334,0
6446,17370.0,0.01369,0.02632,0,6.5,0.3,0.0783,0
6447,5820.0,0.03271,0.02793,0,5.6,0.579,0.0373,0
6448,11730.0,0.02949,0.02468,0,5.5,0.211,0.0656,0
6449,13050.0,0.00956,0.00964,0,6.3,0.473,0.0423,0
6450,12610.0,0.04609,0.04498,0,4.2,0.539,0.04,0
6451,30150.0,0.01002,0.0079,0,2.7,0.335,0.0424,0
6452,6360.0,0.0074,0.00403,0,2.7,0.374,0.0492,0
6453,17860.0,0.06772,0.13488,0,3.1,0.488,0.0651,1
6454,7360.0,0.01755,0.02642,0,0.7,0.495,0.0512,0
6455,54660.0,0.0186,0.01042,240,3.1,0.328,0.0746,0
6456,13320.0,0.07279,0.10915,0,5.8,0.33,0.0453,0
6457,34550.0,0.02456,0.02523,0,2.4,0.419,0.0359,0
6458,9550.0,0.01298,0.0029,0,1.1,0.465,0.0657,0
6459,17470.0,0.00495,0.00744,0,1.4,0.393,0.04,0
6460,8940.0,0.01435,0.01451,0,2.3,0.574,0.0358,0
6461,6560.0,0.02347,0.02111,0,3.6,0.382,0.0494,0
6462,3440.0,0.03036,0.04508,0,6.6,0.548,0.0372,0
6463,7090.0,0.03892,0.08127,0,2.5,0.226,0.035,0
6464,2540.0,0.00673,0.00584,70,6.4,0.337,0.0398,0
6465,7420.0,0.03928,0.13308,0,1.3,0.23,0.0492,0
6466,4270.0,0.01478,0.04101,0,4.2,0.53,0.0551,0
6467,20260.0,0.01093,0.0054,0,5.2,0.564,0.0473,0
6468,4400.0,0.00902,0.01259,23,4.0,0.45,0.05,0
6469,13570.0,0.03381,0.02255,0,0.7,0.4,0.0344,0
6470,12290.0,0.02532,0.08095,52,2.2,0.294,0.0437,0
6471,13610.0,0.02974,0.02057,0,1.4,0.482,0.0758,0
6472,22240.0,0.02103,0.02497,0,3.9,0.232,0.059,0
6473,28970.0,0.00805,0.00304,0,1.4,0.559,0.0453,0
6474,7400.0,0.03216,0.05539,0,3.7,0.245,0.0413,0
6475,18880.0,0.02275,0.05039,0,3.5,0.259,0.0741,0
6476,5380.0,0.04077,0.08129,0,1.5,0.453,0.0612,0
6477,14320.0,0.04631,0.0425,0,6.5,0.597,0.0582,0
6478,39590.0,0.05541,0.10229,0,2.2,0.356,0.0725,0
6479,36050.0,0.03128,0.04676,0,1.5,0.492,0.0623,0
6480,9890.0,0.00894,0.00723,0,2.2,0.398,0.0444,0
6481,36440.0,0.00919,0.02975,0,5.8,0.258,0.0555,0
6482,14620.0,0.02704,0.0351,0,3.2,0.566,0.0561,0
6483,12880.0,0.0392,0.02296,0,3.7,0.348,0.0601,0
6484,3420.0,0.04828,0.05158,0,3.8,0.505,0.0328,0
6485,3660.0,0.01112,0.00568,0,6.1,0.473,0.0718,0
6486,4460.0,0.02578,0.02338,0,3.2,0.581,0.0403,0
6487,4790.0,0.00791,0.00544,0,6.6,0.236,0.077,0
6488,7230.0,0.02577,0.04315,0,6.1,0.226,0.0549,0
6489,10410.0,0.01842,0.0203,0,2.1,0.381,0.0304,0
6490,2580.0,0.02151,0.01954,0,0.9,0.379,0.0632,0
6491,31070.0,0.01672,0.01575,0,2.3,0.318,0.0685,0
6492,9830.0,0.00917,0.01853,0,6.3,0.204,0.0318,0
6493,3250.0,0.01416,0.01048,0,6.3,0.305,0.0439,0
6494,5520.0,0.03619,0.03062,0,7.0,0.586,0.0477,0
6495,11310.0,0.02378,0.01919,0,2.2,0.572,0.031,0
6496,15640.0,0.08449,0.06769,0,6.8,0.465,0.0562,0
6497,8500.0,0.01489,0.00801,0,5.8,0.272,0.051,0
6498,23060.0,0.03269,0.03101,0,1.1,0.536,0.0536,0
6499,21490.0,0.01298,0.02596,0,3.5,0.206,0.0401,0
6500,5000.0,0.0144,0.03201,30,5.7,0.361,0.0479,0
6501,4340.0,0.03376,0.04854,0,3.9,0.298,0.0519,0
6502,13680.0,0.01793,0.00655,0,4.4,0.205,0.0341,1
6503,6820.0,0.04561,0.03589,0,0.8,0.236,0.0308,0
6504,13970.0,0.00719,0.00679,0,1.5,0.503,0.0422,0
6505,6220.0,0.146,0.11039,0,5.9,0.378,0.0799,0
6506,18110.0,0.01113,0.00608,0,1.7,0.467,0.0644,1
6507,37510.0,0.0102,0.0152,0,3.9,0.359,0.0637,0
6508,13970.0,0.0162,0.01558,0,3.3,0.461,0.0584,0
6509,4150.0,0.01339,0.01552,68,6.5,0.466,0.0764,0
6510,4990.0,0.01262,0.02987,0,3.7,0.41,0.0766,0
6511,11200.0,0.00828,0.01219,0,0.7,0.294,0.0651,0
6512,14870.0,0.06735,0.07589,144,3.4,0.41,0.0719,0
6513,14710.0,0.02526,0.04297,0,1.0,0.3,0.0621,0
6514,14270.0,0.04067,0.08112,0,4.7,0.298,0.0497,0
6515,16040.0,0.02178,0.01088,0,5.2,0.267,0.0444,1
6516,59220.0,0.00906,0.01236,0,7.0,0.283,0.0723,0
6517,20540.0,0.0048,0.00722,17,6.5,0.213,0.0335,0
6518,4940.0,0.01401,0.02357,0,0.6,0.383,0.071,1
6519,4550.0,0.00617,0.01213,0,0.9,0.46,0.0319,0
6520,23150.0,0.01027,0.01184,0,4.3,0.533,0.0591,0
6521,12650.0,0.00587,0.00727,0,3.9,0.364,0.0383,0
6522,32820.0,0.02199,0.03748,0,3.6,0.539,0.051,0
6523,6210.0,0.00913,0.02959,0,3.7,0.426,0.0306,0
6524,11440.0,0.01535,0.01286,0,3.9,0.573,0.0437,1
6525,30940.0,0.06463,0.16196,265,2.0,0.357,0.0667,0
6526,11570.0,0.02449,0.0701,0,1.8,0.245,0.0551,0
6527,14840.0,0.04505,0.02424,0,6.8,0.305,0.0448,0
6528,13340.0,0.01392,0.02719,78,1.6,0.33,0.0537,0
6529,24320.0,0.02857,0.02237,0,2.1,0.53,0.0679,0
6530,26010.0,0.03691,0.06609,0,3.6,0.557,0.0588,0
6531,5580.0,0.0089,0.00438,0,4.7,0.473,0.0448,0
6532,10070.0,0.02823,0.02955,0,3.2,0.43,0.0736,0
6533,10610.0,0.01094,0.00774,39,0.5,0.501,0.0595,0
6534,14410.0,0.02941,0.01993,0,2.6,0.438,0.0737,0
6535,6990.0,0.02913,0.13866,0,5.7,0.242,0.0734,0
6536,24130.0,0.01497,0.01054,0,0.7,0.348,0.0387,0
6537,14240.0,0.02,0.03184,0,7.0,0.366,0.0565,0
6538,8520.0,0.03532,0.02543,0,1.5,0.541,0.0653,0
6539,7860.0,0.00787,0.01164,0,0.6,0.387,0.0605,1
6540,6950.0,0.01036,0.00846,0,4.5,0.422,0.0719,0
6541,10590.0,0.01928,0.0219,0,4.0,0.324,0.0457,0
6542,24160.0,0.01397,0.01413,0,4.9,0.534,0.0704,0
6543,6510.0,0.01698,0.01536,0,5.0,0.223,0.0332,0
6544,3290.0,0.04122,0.06729,0,6.3,0.491,0.0641,0
6545,12840.0,0.01227,0.03736,0,1.8,0.216,0.0436,0
6546,11760.0,0.01087,0.01697,0,1.0,0.579,0.0486,0
6547,18000.0,0.026,0.05242,0,6.8,0.318,0.0369,0
6548,14220.0,0.01382,0.00585,0,0.7,0.283,0.0645,0
6549,26540.0,0.0296,0.02313,21,1.1,0.402,0.0614,0
6550,24600.0,0.04352,0.03224,0,1.0,0.56,0.0669,0
6551,3590.0,0.007,0.00796,0,3.9,0.443,0.0458,0
6552,24560.0,0.01209,0.02262,0,5.3,0.437,0.0321,0
6553,4360.0,0.02413,0.04573,0,2.1,0.479,0.0483,0
6554,3010.0,0.0147,0.02922,0,6.3,0.564,0.0756,0
6555,5100.0,0.00563,0.00704,0,3.3,0.243,0.0726,0
6556,18960.0,0.02234,0.06541,0,2.4,0.362,0.0766,0
6557,22050.0,0.04524,0.04316,0,3.1,0.325,0.0748,0
6558,5380.0,0.08191,0.07292,0,5.1,0.401,0.0535,0
6559,5560.0,0.03838,0.03548,0,5.6,0.469,0.0793,0
6560,6390.0,0.02093,0.02964,0,6.0,0.391,0.0373,0
6561,6110.0,0.00845,0.03864,0,5.4,0.352,0.0426,0
6562,29770.0,0.02133,0.01667,0,3.8,0.23,0.058,0
6563,5730.0,0.01014,0.00999,0,5.9,0.381,0.0652,0
6564,16080.0,0.0161,0.01529,0,5.5,0.324,0.0357,0
6565,25980.0,0.01559,0.01656,0,6.5,0.598,0.0332,0
6566,20320.0,0.02005,0.01061,0,4.4,0.361,0.0665,0
6567,6780.0,0.02386,0.02761,0,3.1,0.314,0.039,0
6568,22260.0,0.02065,0.01831,0,4.6,0.411,0.0634,0
6569,12280.0,0.02031,0.01799,0,4.0,0.586,0.0499,0
6570,6320.0,0.01061,0.00827,0,5.6,0.217,0.0473,0
6571,5290.0,0.02798,0.02847,0,0.7,0.268,0.0406,0
6572,6430.0,0.04276,0.03225,40,1.9,0.579,0.0643,0
6573,4180.0,0.02072,0.03135,0,6.3,0.36,0.0378,0
6574,10120.0,0.00506,0.00791,0,6.7,0.377,0.0367,0
6575,7440.0,0.03269,0.0199,0,2.5,0.536,0.0624,0
6576,8010.0,0.03482,0.0531,0,4.8,0.395,0.055,0
6577,17870.0,0.03612,0.07336,0,3.1,0.351,0.0568,0
6578,10940.0,0.01506,0.01319,0,3.2,0.286,0.0701,0
6579,4520.0,0.02452,0.04399,0,2.3,0.42,0.0525,0
6580,14520.0,0.01106,0.01217,0,2.5,0.373,0.0728,0
6581,10510.0,0.01921,0.03062,0,2.9,0.34,0.0538,0
6582,11660.0,0.04006,0.00628,0,1.3,0.391,0.0469,0
6583,35170.0,0.0458,0.1651,0,4.7,0.376,0.066,0
6584,13100.0,0.03725,0.04434,0,2.2,0.55,0.0341,0
6585,14090.0,0.04636,0.09009,0,5.2,0.535,0.0647,0
6586,30860.0,0.01177,0.01051,0,6.3,0.238,0.0456,0
6587,11280.0,0.01259,0.03606,0,0.6,0.362,0.0781,0
6588,7940.0,0.01493,0.00916,0,4.5,0.366,0.0456,0
6589,7830.0,0.01238,0.01089,0,6.1,0.351,0.0473,0
6590,11290.0,0.03149,0.01591,3,4.3,0.495,0.0498,0
6591,3620.0,0.04086,0.22245,0,4.8,0.286,0.0325,0
6592,29560.0,0.01401,0.0159,0,5.0,0.451,0.0729,1
6593,23000.0,0.0435,0.04986,0,2.6,0.317,0.0703,0
6594,10900.0,0.01504,0.01916,0,0.8,0.256,0.0302,0
6595,7100.0,0.01898,0.0324,0,2.5,0.586,0.0507,0
6596,18520.0,0.03493,0.07796,0,6.7,0.573,0.0788,0
6597,6890.0,0.01187,0.01906,0,1.3,0.259,0.0695,0
6598,20300.0,0.02776,0.15249,0,4.0,0.204,0.0582,0
6599,22380.0,0.0865,0.16236,0,3.8,0.311,0.0706,0
6600,4950.0,0.01307,0.01932,0,2.5,0.371,0.0345,0
6601,10250.0,0.04807,0.0406,0,6.5,0.26,0.0393,0
6602,11290.0,0.00785,0.0061,0,2.2,0.361,0.0415,0
6603,45970.0,0.01887,0.01656,0,6.3,0.446,0.0617,0
6604,13610.0,0.02013,0.00952,0,4.7,0.2,0.0408,0
6605,4870.0,0.00637,0.00739,0,4.5,0.563,0.0607,0
6606,30830.0,0.06252,0.13732,0,6.3,0.594,0.0733,0
6607,7260.0,0.0223,0.01775,0,6.2,0.314,0.0538,0
6608,19390.0,0.02019,0.0237,0,1.1,0.574,0.0395,0
6609,9320.0,0.01539,0.04117,362,4.8,0.408,0.0614,1
6610,3860.0,0.01045,0.01061,0,3.3,0.256,0.0755,0
6611,4770.0,0.01399,0.01133,0,1.6,0.285,0.0653,0
6612,17080.0,0.01432,0.00989,0,2.8,0.379,0.0371,0
6613,4790.0,0.03567,0.03245,0,0.9,0.377,0.0572,0
6614,8770.0,0.00929,0.00895,0,6.4,0.246,0.0573,0
6615,16680.0,0.00663,0.00385,56,5.1,0.463,0.0528,0
6616,24590.0,0.01876,0.01311,0,4.8,0.363,0.042,0
6617,8350.0,0.00898,0.006,0,1.1,0.298,0.0708,0
6618,2290.0,0.03583,0.06886,0,0.9,0.342,0.0499,1
6619,24560.0,0.02321,0.04882,0,6.4,0.393,0.0781,0
6620,11550.0,0.00569,0.00284,0,2.7,0.309,0.0633,0
6621,1720.0,0.01692,0.01006,0,1.9,0.409,0.058,0
6622,17320.0,0.07762,0.08399,0,0.9,0.574,0.0532,0
6623,10490.0,0.00708,0.02915,0,6.9,0.411,0.06,0
6624,4580.0,0.01086,0.00977,0,3.1,0.283,0.0508,0
6625,5900.0,0.02439,0.01595,0,6.0,0.224,0.0654,0
6626,10470.0,0.02561,0.06715,0,0.7,0.405,0.0775,0
6627,4880.0,0.00769,0.00647,55,3.9,0.484,0.0497,0
6628,35960.0,0.01436,0.04295,236,2.9,0.341,0.0509,0
6629,3910.0,0.0371,0.0247,0,2.6,0.502,0.0345,0
6630,17580.0,0.02248,0.0531,0,2.2,0.47,0.073,0
6631,5370.0,0.05619,0.04006,21,2.5,0.236,0.0506,0
6632,50600.0,0.04786,0.32476,0,0.7,0.481,0.0558,0
6633,19470.0,0.06872,0.07493,0,5.5,0.554,0.0493,0
6634,24860.0,0.00377,0.00439,0,2.2,0.339,0.0374,0
6635,61250.0,0.00424,0.01022,0,6.5,0.562,0.0476,0
6636,18580.0,0.00984,0.01676,0,4.5,0.459,0.078,0
6637,17950.0,0.04049,0.0217,0,4.6,0.555,0.0449,0
6638,13500.0,0.03171,0.03726,0,4.5,0.384,0.039,0
6639,2350.0,0.05794,0.0376,0,1.4,0.378,0.0312,0
6640,3520.0,0.03287,0.02172,0,5.4,0.313,0.0431,0
6641,7120.0,0.01137,0.04162,0,4.0,0.336,0.042,0
6642,22630.0,0.01692,0.01129,0,2.1,0.565,0.0705,0
6643,13740.0,0.03974,0.13315,0,3.3,0.301,0.0609,0
6644,20250.0,0.01267,0.01687,0,6.7,0.293,0.0668,0
6645,22750.0,0.10908,0.16157,0,4.6,0.49,0.0636,0
6646,14030.0,0.03547,0.01586,0,6.1,0.218,0.0685,0
6647,11320.0,0.02501,0.01346,0,4.0,0.246,0.0603,0
6648,9620.0,0.01769,0.06702,0,5.0,0.246,0.0643,0
6649,7410.0,0.03003,0.04209,0,5.0,0.23,0.075,0
6650,35590.0,0.06165,0.07965,0,4.8,0.402,0.0776,0
6651,10360.0,0.05902,0.15512,0,3.4,0.506,0.0686,0
6652,12530.0,0.00708,0.0049,0,3.5,0.349,0.0319,0
6653,11560.0,0.0203,0.01223,0,1.9,0.479,0.041,0
6654,47760.0,0.02121,0.01694,0,1.3,0.489,0.0588,0
6655,9140.0,0.02401,0.02928,0,3.0,0.393,0.0313,0
6656,3830.0,0.00539,0.00894,0,6.7,0.353,0.0748,0
6657,12380.0,0.01598,0.01982,0,2.9,0.226,0.0787,0
6658,3390.0,0.02379,0.03759,0,3.8,0.563,0.0608,0
6659,13690.0,0.03122,0.06737,0,4.9,0.22,0.0393,0
6660,24830.0,0.03719,0.06488,0,3.8,0.254,0.0576,0
6661,6600.0,0.0176,0.02357,0,4.8,0.525,0.0392,0
6662,11370.0,0.02399,0.04521,0,5.1,0.399,0.0736,0
6663,34200.0,0.02102,0.1017,0,2.1,0.411,0.0408,0
6664,7930.0,0.01802,0.01752,0,2.3,0.549,0.0708,0
6665,5900.0,0.03205,0.0612,0,3.6,0.541,0.076,0
6666,18570.0,0.00876,0.00917,349,5.5,0.376,0.0367,0
6667,32630.0,0.02448,0.02486,0,5.3,0.599,0.0746,0
6668,4990.0,0.01064,0.01377,0,2.8,0.381,0.0474,0
6669,95780.0,0.01791,0.01958,0,3.3,0.26,0.0344,0
6670,38790.0,0.015,0.02154,0,1.5,0.353,0.0618,0
6671,2930.0,0.04362,0.03745,0,1.5,0.319,0.0464,0
6672,3170.0,0.0284,0.09797,0,3.1,0.467,0.0303,0
6673,3870.0,0.01263,0.02296,0,0.9,0.596,0.0517,0
6674,6300.0,0.01902,0.01602,0,6.5,0.378,0.053,0
6675,6460.0,0.08057,0.18348,0,5.3,0.563,0.051,0
6676,11700.0,0.08022,0.06768,0,3.2,0.543,0.0791,0
6677,14070.0,0.05818,0.0696,0,2.5,0.554,0.0479,0
6678,34130.0,0.006,0.01461,0,3.5,0.304,0.0395,0
6679,6860.0,0.00919,0.01027,0,6.1,0.349,0.0609,0
6680,6230.0,0.01521,0.01112,0,6.7,0.301,0.063,0
6681,54080.0,0.0539,0.04101,0,0.9,0.352,0.0643,0
6682,20990.0,0.01441,0.00443,0,1.0,0.552,0.0468,0
6683,20940.0,0.0327,0.02519,0,4.3,0.557,0.0312,0
6684,5970.0,0.05552,0.03548,0,3.5,0.22,0.0696,0
6685,5300.0,0.05449,0.06686,0,3.9,0.597,0.0729,0
6686,59720.0,0.00688,0.00793,0,6.2,0.557,0.0324,0
6687,23160.0,0.03443,0.03806,0,3.5,0.362,0.0369,0
6688,9300.0,0.01086,0.02231,0,1.5,0.508,0.0393,0
6689,6000.0,0.03069,0.02734,0,1.6,0.383,0.0487,1
6690,19720.0,0.00517,0.0056,0,7.0,0.457,0.0395,0
6691,42610.0,0.01667,0.03992,0,5.9,0.288,0.0353,0
6692,8780.0,0.00833,0.01872,0,6.4,0.274,0.0626,0
6693,5000.0,0.03035,0.01804,0,0.6,0.572,0.0647,0
6694,12780.0,0.04163,0.02066,0,5.2,0.213,0.0505,0
6695,2430.0,0.03005,0.03388,0,2.1,0.383,0.0318,0
6696,17910.0,0.02018,0.01878,0,4.0,0.293,0.0736,0
6697,3210.0,0.00879,0.00754,0,5.8,0.572,0.0772,0
6698,6530.0,0.048,0.14525,0,0.5,0.347,0.0422,0
6699,3190.0,0.00502,0.02212,0,5.1,0.313,0.0366,0
6700,30140.0,0.01276,0.01089,0,2.3,0.397,0.0778,0
6701,8590.0,0.02689,0.04159,0,5.6,0.521,0.0365,0
6702,10410.0,0.00971,0.00827,0,1.1,0.446,0.039,0
6703,4400.0,0.00971,0.00523,0,5.9,0.309,0.0606,0
6704,20620.0,0.0246,0.0417,0,0.9,0.526,0.0602,0
6705,6070.0,0.02628,0.0542,0,6.4,0.381,0.0775,0
6706,9640.0,0.02562,0.02393,0,3.5,0.466,0.0555,0
6707,12940.0,0.04899,0.05908,0,4.7,0.276,0.0703,0
6708,14380.0,0.0198,0.0175,0,2.7,0.226,0.0332,0
6709,5020.0,0.01275,0.02385,0,4.5,0.299,0.0772,0
6710,4800.0,0.01237,0.02554,0,3.0,0.576,0.0674,0
6711,5850.0,0.01286,0.00902,0,6.4,0.348,0.0395,0
6712,7600.0,0.01158,0.02293,0,2.6,0.209,0.0663,0
6713,11220.0,0.02055,0.07841,0,3.9,0.391,0.0363,0
6714,7380.0,0.0809,0.03639,0,1.1,0.56,0.032,0
6715,35240.0,0.03595,0.13777,0,5.1,0.219,0.0708,0
6716,11980.0,0.00539,0.01335,0,3.0,0.278,0.0536,0
6717,9970.0,0.01347,0.00911,0,6.2,0.242,0.0777,0
6718,13620.0,0.01362,0.00793,0,2.5,0.474,0.0407,0
6719,15970.0,0.01981,0.04433,0,1.2,0.361,0.0526,0
6720,3470.0,0.02816,0.0688,0,6.1,0.406,0.0771,0
6721,7720.0,0.00974,0.0205,0,1.5,0.38,0.0664,0
6722,1830.0,0.0157,0.01595,0,1.1,0.474,0.0501,1
6723,12040.0,0.01789,0.02929,0,0.8,0.574,0.0555,0
6724,5680.0,0.02118,0.01216,0,5.9,0.315,0.0507,0
6725,6280.0,0.0206,0.02255,0,2.0,0.41,0.0399,0
6726,6300.0,0.01606,0.02074,20,2.5,0.428,0.0418,0
6727,18380.0,0.00533,0.00974,26,1.8,0.419,0.0657,0
6728,9280.0,0.01689,0.00496,0,4.5,0.273,0.0568,0
6729,22300.0,0.03019,0.03868,0,4.9,0.203,0.0395,1
6730,35200.0,0.02251,0.01616,0,4.2,0.241,0.0359,0
6731,66170.0,0.014,0.03279,0,5.0,0.336,0.0307,0
6732,52540.0,0.03356,0.03603,0,3.8,0.524,0.0464,0
6733,14930.0,0.0193,0.01955,0,3.5,0.563,0.049,0
6734,35570.0,0.0308,0.02736,0,5.8,0.328,0.0673,0
6735,22270.0,0.01204,0.00577,0,1.4,0.442,0.0329,0
6736,9090.0,0.01634,0.01835,0,5.7,0.586,0.0342,0
6737,19550.0,0.01042,0.00887,0,2.2,0.438,0.0779,0
6738,7220.0,0.02085,0.0209,0,4.0,0.341,0.0395,0
6739,7650.0,0.01298,0.01854,0,0.9,0.549,0.049,0
6740,40240.0,0.01937,0.02028,0,5.8,0.47,0.058,0
6741,22680.0,0.01593,0.01524,0,4.5,0.231,0.07,0
6742,5910.0,0.00508,0.0085,0,5.2,0.266,0.0723,0
6743,30600.0,0.02018,0.0162,0,3.6,0.407,0.0595,0
6744,21190.0,0.0328,0.0145,0,0.5,0.529,0.03,0
6745,9260.0,0.02203,0.02125,0,2.8,0.286,0.063,0
6746,4970.0,0.0308,0.01677,0,1.2,0.411,0.0607,0
6747,9670.0,0.02541,0.09117,0,5.7,0.525,0.0543,0
6748,3030.0,0.01276,0.01086,0,4.6,0.25,0.0488,0
6749,9680.0,0.02973,0.05503,0,3.9,0.201,0.0787,0
6750,29730.0,0.01961,0.01856,0,1.9,0.595,0.0306,0
6751,13370.0,0.01551,0.02319,0,5.5,0.52,0.0588,0
6752,13570.0,0.00501,0.00242,0,4.6,0.492,0.0362,0
6753,2580.0,0.0343,0.03085,0,2.3,0.543,0.0661,0
6754,12570.0,0.01267,0.01884,0,5.6,0.201,0.0639,0
6755,14300.0,0.02253,0.01048,0,6.3,0.521,0.0546,0
6756,13250.0,0.01008,0.00886,0,4.4,0.403,0.0375,0
6757,3350.0,0.01298,0.02907,0,4.7,0.264,0.0789,0
6758,1090.0,0.03774,0.05958,0,6.9,0.302,0.0455,0
6759,13680.0,0.00845,0.00921,0,6.2,0.469,0.0632,0
6760,9850.0,0.01087,0.0218,0,7.0,0.249,0.059,0
6761,3930.0,0.03396,0.03748,20,3.7,0.291,0.055,0
6762,19960.0,0.02618,0.04715,0,5.5,0.411,0.0782,0
6763,3080.0,0.05428,0.10711,0,4.3,0.332,0.0356,0
6764,13450.0,0.01467,0.02481,0,3.7,0.243,0.0545,0
6765,8020.0,0.02514,0.03232,0,0.5,0.502,0.0395,0
6766,73140.0,0.01052,0.00865,0,3.2,0.521,0.0719,0
6767,10530.0,0.03385,0.0325,0,4.0,0.522,0.0347,0
6768,1550.0,0.01144,0.01773,0,6.2,0.39,0.0593,0
6769,2380.0,0.02015,0.02031,0,6.2,0.273,0.064,0
6770,2330.0,0.00544,0.00647,0,3.2,0.267,0.0433,0
6771,5050.0,0.01903,0.01107,0,6.9,0.575,0.0346,0
6772,5260.0,0.01676,0.01265,39,4.9,0.597,0.0666,0
6773,4580.0,0.01641,0.04028,0,6.5,0.544,0.062,0
6774,19920.0,0.00934,0.00603,0,6.9,0.382,0.0797,0
6775,5840.0,0.03085,0.02803,0,6.1,0.234,0.076,0
6776,2090.0,0.015,0.01573,0,3.8,0.481,0.0642,0
6777,7900.0,0.0031,0.002,0,3.0,0.212,0.0797,0
6778,20910.0,0.02645,0.02754,0,1.1,0.288,0.0526,0
6779,10140.0,0.09778,0.20982,0,2.7,0.598,0.0421,0
6780,3100.0,0.02012,0.02204,0,2.0,0.281,0.0659,0
6781,6960.0,0.03475,0.03558,0,7.0,0.428,0.0799,0
6782,9410.0,0.07354,0.07339,0,2.5,0.579,0.0516,0
6783,7240.0,0.01217,0.00859,0,6.4,0.229,0.0657,0
6784,3830.0,0.02279,0.00339,305,3.6,0.284,0.0422,0
6785,5260.0,0.00752,0.0187,0,1.9,0.227,0.0472,0
6786,17020.0,0.00568,0.01587,0,6.3,0.285,0.04,0
6787,70340.0,0.01537,0.02697,0,3.8,0.303,0.0729,0
6788,5080.0,0.01837,0.04948,0,4.2,0.513,0.0459,0
6789,34240.0,0.03142,0.03978,0,5.8,0.542,0.0621,0
6790,18070.0,0.01092,0.00562,0,6.1,0.565,0.0462,0
6791,9880.0,0.01009,0.01312,0,6.0,0.529,0.06,0
6792,10520.0,0.02716,0.04733,67,1.4,0.538,0.0639,0
6793,25990.0,0.02121,0.02096,0,5.9,0.543,0.0389,0
6794,20090.0,0.00846,0.00492,0,4.0,0.326,0.0515,0
6795,9020.0,0.01401,0.00606,0,3.8,0.224,0.034,0
6796,8110.0,0.00608,0.00922,0,2.2,0.516,0.0327,0
6797,23820.0,0.01344,0.01099,0,4.5,0.476,0.08,0
6798,3530.0,0.01828,0.00986,0,1.9,0.38,0.0516,0
6799,7550.0,0.01276,0.01589,0,2.2,0.482,0.037,0
6800,23760.0,0.02616,0.03677,0,4.6,0.294,0.0649,0
6801,4200.0,0.01953,0.01398,0,2.8,0.543,0.0397,0
6802,3000.0,0.01102,0.01553,0,4.6,0.434,0.041,0
6803,7370.0,0.0179,0.02495,85,6.5,0.499,0.0392,0
6804,22160.0,0.05826,0.03173,0,2.7,0.51,0.0529,0
6805,13030.0,0.08177,0.04401,0,4.2,0.278,0.0628,0
6806,6420.0,0.00817,0.00558,0,3.2,0.371,0.0557,0
6807,10410.0,0.01659,0.02423,0,3.7,0.507,0.036,0
6808,23490.0,0.01231,0.00871,252,7.0,0.316,0.0372,0
6809,8940.0,0.00864,0.00514,0,2.2,0.342,0.072,0
6810,8940.0,0.00732,0.00455,0,5.0,0.222,0.0639,0
6811,45180.0,0.12444,0.25764,104,1.4,0.335,0.0552,0
6812,15570.0,0.02675,0.04649,0,2.9,0.315,0.0751,0
6813,6530.0,0.02291,0.01954,0,5.0,0.326,0.0797,0
6814,26860.0,0.01772,0.0398,0,2.3,0.273,0.0721,0
6815,6930.0,0.00787,0.0071,0,6.9,0.309,0.0322,0
6816,37750.0,0.0283,0.02032,0,5.2,0.297,0.0548,0
6817,25530.0,0.03208,0.01604,0,3.7,0.202,0.073,0
6818,3840.0,0.01467,0.01197,0,3.7,0.309,0.0636,0
6819,6200.0,0.0131,0.02036,0,6.2,0.344,0.0533,0
6820,4540.0,0.0075,0.02202,0,6.1,0.201,0.0652,0
6821,62690.0,0.01105,0.02338,0,4.2,0.34,0.06,0
6822,3880.0,0.01307,0.01516,161,4.6,0.446,0.0444,0
6823,3850.0,0.03593,0.0839,0,3.7,0.437,0.0534,0
6824,5770.0,0.01529,0.00529,98,3.3,0.586,0.0387,0
6825,12670.0,0.03079,0.03677,0,1.0,0.344,0.0791,0
6826,5250.0,0.02103,0.0191,0,1.6,0.325,0.0512,0
6827,7900.0,0.05101,0.03604,0,1.6,0.291,0.0559,0
6828,10580.0,0.02319,0.12717,0,5.8,0.509,0.0701,0
6829,6310.0,0.05305,0.11464,0,2.4,0.252,0.0559,0
6830,13060.0,0.03136,0.07759,0,1.1,0.318,0.0635,0
6831,6480.0,0.02011,0.02434,0,5.8,0.43,0.0622,0
6832,12240.0,0.01901,0.03553,0,1.4,0.292,0.0361,0
6833,8810.0,0.03513,0.07241,0,2.6,0.39,0.0588,0
6834,7390.0,0.02594,0.02603,0,1.5,0.432,0.0556,0
6835,25410.0,0.02984,0.11177,0,4.8,0.209,0.039,1
6836,31060.0,0.01729,0.02215,0,3.1,0.46,0.0778,0
6837,17780.0,0.02876,0.06148,0,0.9,0.33,0.0647,0
6838,4740.0,0.01553,0.01359,0,6.2,0.588,0.0423,0
6839,5590.0,0.01421,0.01447,0,3.4,0.541,0.0695,0
6840,11070.0,0.01057,0.00798,0,2.0,0.303,0.0679,0
6841,5050.0,0.01933,0.01386,0,5.3,0.423,0.0532,1
6842,5940.0,0.06757,0.03498,0,2.6,0.353,0.0452,0
6843,24590.0,0.01137,0.02281,0,0.7,0.53,0.0549,0
6844,56170.0,0.06849,0.16838,0,5.9,0.496,0.0637,0
6845,11060.0,0.04325,0.1749,0,3.2,0.26,0.043,0
6846,4010.0,0.02416,0.02047,0,5.7,0.43,0.0731,0
6847,45670.0,0.04099,0.05149,0,6.9,0.4,0.0467,0
6848,3870.0,0.00997,0.01215,0,1.4,0.321,0.0649,0
6849,7630.0,0.02952,0.02898,0,1.7,0.508,0.0729,0
6850,13120.0,0.0274,0.05346,0,5.3,0.356,0.0422,0
6851,35070.0,0.00765,0.00447,0,4.1,0.584,0.0416,0
6852,86260.0,0.01561,0.01301,0,5.7,0.551,0.0676,0
6853,51270.0,0.00699,0.00683,181,3.6,0.401,0.0795,0
6854,2970.0,0.03665,0.05466,0,0.8,0.534,0.0356,0
6855,24530.0,0.04092,0.02068,0,5.4,0.444,0.0445,0
6856,16990.0,0.09391,0.10508,30,1.6,0.512,0.0459,0
6857,17710.0,0.04604,0.04171,0,1.6,0.5,0.0776,0
6858,6750.0,0.01896,0.01417,258,5.2,0.504,0.0598,0
6859,2050.0,0.01498,0.0187,0,4.2,0.6,0.042,0
6860,1620.0,0.0427,0.07865,0,6.2,0.32,0.0585,0
6861,11930.0,0.01271,0.00878,0,4.0,0.429,0.0604,0
6862,14470.0,0.05813,0.11288,0,2.1,0.453,0.0632,0
6863,41230.0,0.02618,0.07213,395,0.6,0.253,0.0301,0
6864,21240.0,0.04395,0.04498,0,3.0,0.39,0.0629,0
6865,71170.0,0.04512,0.03303,0,4.3,0.391,0.0798,0
6866,10190.0,0.02622,0.03623,0,2.1,0.487,0.053,0
6867,4330.0,0.01159,0.00461,0,1.2,0.559,0.0557,0
6868,17890.0,0.01551,0.05036,0,4.0,0.454,0.0409,0
6869,1400.0,0.02087,0.02933,0,4.1,0.494,0.0581,0
6870,5740.0,0.02977,0.05779,0,2.7,0.269,0.0746,0
6871,62470.0,0.00905,0.0095,0,2.8,0.563,0.0458,0
6872,38580.0,0.04515,0.04652,0,5.9,0.301,0.0519,0
6873,21980.0,0.0426,0.08369,0,0.6,0.559,0.0666,0
6874,13360.0,0.01209,0.00745,0,2.0,0.587,0.0692,0
6875,14550.0,0.02177,0.02256,0,3.2,0.464,0.0312,0
6876,19540.0,0.03075,0.04331,0,2.4,0.348,0.0545,0
6877,15220.0,0.02967,0.03061,0,6.9,0.486,0.0678,0
6878,3350.0,0.06749,0.12176,0,6.0,0.203,0.0426,0
6879,1490.0,0.19249,0.24795,0,0.8,0.344,0.0348,1
6880,12070.0,0.04993,0.04032,0,6.5,0.419,0.0705,0
6881,6690.0,0.01293,0.00653,0,3.5,0.458,0.0672,0
6882,18500.0,0.01589,0.01167,0,4.8,0.553,0.0367,0
6883,27320.0,0.02879,0.06758,0,0.7,0.218,0.0661,0
6884,8050.0,0.02263,0.04993,0,1.7,0.429,0.0667,0
6885,22770.0,0.03033,0.03448,0,5.4,0.265,0.0453,0
6886,12820.0,0.03224,0.03016,0,7.0,0.208,0.0634,0
6887,2550.0,0.10208,0.14248,0,6.6,0.498,0.0508,0
6888,7340.0,0.01571,0.01817,0,3.3,0.555,0.0408,0
6889,2930.0,0.00691,0.00555,0,3.6,0.443,0.0715,0
6890,3050.0,0.03609,0.01278,0,2.0,0.276,0.0589,0
6891,44920.0,0.05172,0.05841,0,6.3,0.598,0.0415,0
6892,28060.0,0.02987,0.04183,0,7.0,0.399,0.0517,0
6893,7900.0,0.02599,0.04977,0,6.8,0.269,0.0665,0
6894,13460.0,0.01897,0.01058,0,4.9,0.218,0.0495,0
6895,6660.0,0.03342,0.08458,0,3.9,0.48,0.044,0
6896,10470.0,0.00947,0.01195,0,1.7,0.488,0.0552,0
6897,16190.0,0.01122,0.01999,0,6.6,0.406,0.0645,0
6898,6500.0,0.02755,0.06923,0,2.5,0.562,0.0492,0
6899,19180.0,0.01555,0.03269,0,4.8,0.317,0.0677,0
6900,33880.0,0.03542,0.14588,0,2.4,0.387,0.0518,0
6901,12390.0,0.02042,0.02182,0,3.3,0.384,0.0515,0
6902,2240.0,0.01794,0.01421,0,4.1,0.411,0.0484,0
6903,17060.0,0.0205,0.04321,0,4.6,0.423,0.0626,0
6904,20300.0,0.0332,0.03381,327,5.0,0.365,0.053,0
6905,4380.0,0.00679,0.00805,345,2.1,0.574,0.0483,0
6906,32020.0,0.0531,0.04926,0,4.8,0.306,0.0411,0
6907,23680.0,0.0234,0.03,0,6.0,0.452,0.0787,0
6908,6970.0,0.02306,0.04097,0,5.4,0.456,0.0463,0
6909,3420.0,0.0289,0.03325,35,4.8,0.251,0.0491,0
6910,24210.0,0.03708,0.02476,57,1.3,0.304,0.0594,0
6911,6520.0,0.01071,0.00882,0,5.9,0.237,0.0724,0
6912,10680.0,0.01737,0.02213,365,3.1,0.306,0.0671,1
6913,15080.0,0.03197,0.0256,0,6.0,0.538,0.0664,0
6914,8130.0,0.02373,0.01854,0,2.7,0.48,0.071,0
6915,23290.0,0.00982,0.00769,0,2.7,0.311,0.0731,0
6916,17150.0,0.01038,0.02253,0,4.8,0.259,0.041,0
6917,18900.0,0.03089,0.0424,0,6.5,0.44,0.0463,1
6918,16580.0,0.03148,0.04017,229,3.3,0.538,0.0404,0
6919,50750.0,0.01305,0.01071,0,2.5,0.56,0.0547,0
6920,14170.0,0.03037,0.02278,0,5.4,0.203,0.0529,0
6921,11430.0,0.00846,0.01112,0,2.3,0.27,0.0396,0
6922,8060.0,0.0697,0.05807,0,3.2,0.357,0.053,0
6923,5220.0,0.03309,0.02293,0,0.5,0.319,0.0648,0
6924,9140.0,0.03732,0.0359,0,2.8,0.484,0.0563,0
6925,4160.0,0.07127,0.07834,0,4.0,0.488,0.0731,0
6926,2800.0,0.00901,0.0075,0,2.2,0.494,0.0693,0
6927,30250.0,0.00789,0.00505,0,5.2,0.324,0.0371,0
6928,8630.0,0.00464,0.0075,0,4.7,0.391,0.0404,0
6929,9880.0,0.04326,0.04551,0,2.5,0.415,0.0537,0
6930,12290.0,0.02915,0.01668,0,4.6,0.428,0.0764,0
6931,9810.0,0.00415,0.00455,0,1.3,0.247,0.0393,0
6932,15860.0,0.01781,0.01953,0,1.7,0.507,0.0594,0
6933,5280.0,0.02593,0.03816,0,1.1,0.466,0.0407,0
6934,3790.0,0.01581,0.05723,0,0.7,0.565,0.0413,0
6935,22760.0,0.05601,0.10023,0,3.5,0.228,0.0716,0
6936,6430.0,0.01893,0.03739,0,1.8,0.592,0.0367,0
6937,3740.0,0.00844,0.00607,0,4.3,0.262,0.0603,0
6938,22330.0,0.01043,0.00803,36,2.2,0.464,0.0517,0
6939,15690.0,0.0244,0.02834,0,1.7,0.288,0.048,0
6940,5860.0,0.0132,0.05498,0,2.9,0.543,0.0706,0
6941,27070.0,0.00858,0.0071,0,3.0,0.38,0.0763,0
6942,11580.0,0.08229,0.09045,0,1.1,0.291,0.0308,0
6943,19770.0,0.01461,0.01676,74,3.2,0.227,0.0502,1
6944,12180.0,0.03573,0.02996,0,6.8,0.425,0.0326,0
6945,10330.0,0.01759,0.01688,0,1.6,0.345,0.0647,0
6946,9950.0,0.02804,0.03301,0,5.7,0.57,0.0629,0
6947,9130.0,0.00431,0.002,0,6.6,0.372,0.041,0
6948,2130.0,0.02681,0.01473,0,3.6,0.244,0.0381,0
6949,6070.0,0.01873,0.0484,0,3.1,0.219,0.0663,0
6950,2890.0,0.01937,0.0576,0,4.9,0.247,0.0444,0
6951,9930.0,0.00554,0.00256,0,6.9,0.316,0.0459,0
6952,14090.0,0.02255,0.01734,0,3.9,0.374,0.0681,0
6953,5830.0,0.02585,0.02702,0,0.9,0.225,0.079,0
6954,24970.0,0.0135,0.03006,0,1.0,0.31,0.0751,0
6955,57030.0,0.0505,0.18245,0,2.8,0.54,0.072,0
6956,14900.0,0.00387,0.00614,0,3.2,0.36,0.062,0
6957,8280.0,0.02823,0.02552,0,3.0,0.403,0.0489,0
6958,1000.0,0.0117,0.00793,0,1.5,0.272,0.0562,0
6959,7160.0,0.0105,0.01675,29,0.6,0.523,0.0689,0
6960,9470.0,0.03674,0.05118,0,4.3,0.461,0.0455,0
6961,7840.0,0.01928,0.01991,0,4.2,0.222,0.0562,0
6962,12990.0,0.02425,0.04756,0,6.4,0.52,0.0644,0
6963,3650.0,0.02252,0.02337,0,3.6,0.568,0.0774,0
6964,22860.0,0.02071,0.02092,0,6.8,0.458,0.0357,0
6965,27020.0,0.01794,0.02736,0,5.5,0.281,0.0599,0
6966,56960.0,0.02581,0.06332,0,1.6,0.316,0.0354,0
6967,6170.0,0.06111,0.03465,0,6.4,0.347,0.0318,0
6968,12370.0,0.02061,0.01532,0,3.6,0.486,0.0629,0
6969,6720.0,0.0077,0.00336,0,2.2,0.543,0.0575,0
6970,9080.0,0.01996,0.03953,0,0.6,0.378,0.0536,0
6971,3280.0,0.01017,0.01401,0,4.1,0.48,0.0637,0
6972,6250.0,0.02505,0.05203,0,4.8,0.278,0.0354,0
6973,11300.0,0.00861,0.00749,0,0.9,0.494,0.0501,0
6974,61090.0,0.00566,0.02033,26,5.6,0.569,0.056,1
6975,20190.0,0.01439,0.0081,0,3.8,0.5,0.05,0
6976,6730.0,0.03042,0.02027,0,4.2,0.484,0.0738,0
6977,5510.0,0.02442,0.02983,139,6.9,0.304,0.0728,0
6978,8030.0,0.01637,0.00936,42,0.6,0.386,0.0797,0
6979,14650.0,0.03263,0.03923,0,0.6,0.247,0.0693,1
6980,8480.0,0.0206,0.01112,0,3.7,0.303,0.0675,0
6981,22230.0,0.01706,0.01857,0,3.9,0.436,0.0539,0
6982,15530.0,0.03511,0.10096,0,0.8,0.333,0.0727,0
6983,4490.0,0.01759,0.02259,0,5.6,0.524,0.0692,0
6984,8440.0,0.02208,0.03003,0,1.1,0.5,0.0343,0
6985,8360.0,0.05044,0.10245,349,6.6,0.285,0.053,0
6986,62680.0,0.02249,0.03033,0,5.5,0.455,0.0546,0
6987,3950.0,0.01634,0.01126,0,5.0,0.407,0.0611,0
6988,5390.0,0.07803,0.07346,71,3.1,0.262,0.0513,0
6989,10180.0,0.02058,0.01463,0,5.6,0.416,0.0358,0
6990,12600.0,0.03106,0.03842,0,0.8,0.534,0.0566,0
6991,4710.0,0.02689,0.05115,0,1.9,0.418,0.0418,0
6992,26710.0,0.01118,0.0121,0,0.5,0.271,0.0709,0
6993,51340.0,0.04874,0.05491,0,5.4,0.292,0.0532,0
6994,14000.0,0.0126,0.01814,0,0.8,0.433,0.0453,0
6995,2970.0,0.01462,0.03625,0,2.4,0.456,0.045,0
6996,10680.0,0.03343,0.05896,0,5.0,0.346,0.0466,0
6997,13570.0,0.00733,0.01408,38,1.1,0.492,0.0556,0
6998,30690.0,0.04463,0.03765,250,4.7,0.451,0.0553,0
6999,11910.0,0.03809,0.06447,0,1.1,0.429,0.0767,1
7000,30240.0,0.02216,0.07169,0,3.7,0.321,0.0636,0
7001,16020.0,0.01755,0.03642,0,2.8,0.363,0.0523,0
7002,11790.0,0.02265,0.0974,0,5.6,0.598,0.0793,0
7003,9290.0,0.04533,0.0682,26,3.1,0.333,0.0722,0
7004,125760.0,0.00752,0.00354,0,2.4,0.363,0.0582,0
7005,38530.0,0.0205,0.02366,0,2.4,0.229,0.0526,0
7006,10690.0,0.0256,0.03132,0,5.9,0.32,0.0688,0
7007,4870.0,0.05654,0.04949,0,3.0,0.296,0.0556,0
7008,31450.0,0.04726,0.06418,0,1.3,0.569,0.07,0
7009,5040.0,0.00707,0.0044,0,4.3,0.553,0.079,0
7010,11670.0,0.02675,0.0485,62,7.0,0.265,0.0433,0
7011,11530.0,0.02336,0.02266,0,3.9,0.203,0.0651,0
7012,8020.0,0.00779,0.00902,0,6.5,0.356,0.0571,0
7013,6040.0,0.014,0.10249,0,4.3,0.274,0.0577,0
7014,8940.0,0.01292,0.00839,0,6.4,0.492,0.0718,0
7015,5780.0,0.01778,0.02482,0,4.2,0.386,0.0774,0
7016,14570.0,0.04916,0.02674,0,3.2,0.293,0.0518,0
7017,15870.0,0.07106,0.06414,0,5.6,0.399,0.075,0
7018,4200.0,0.00886,0.00571,0,4.9,0.341,0.063,0
7019,7250.0,0.04533,0.05463,0,3.8,0.258,0.0671,0
7020,11030.0,0.04255,0.03001,0,4.3,0.346,0.0776,0
7021,23050.0,0.04226,0.02313,0,0.8,0.409,0.034,0
7022,8810.0,0.02698,0.01306,0,2.7,0.578,0.0568,0
7023,28190.0,0.01797,0.02183,0,5.2,0.257,0.0585,0
7024,18420.0,0.0164,0.01058,253,1.0,0.399,0.0623,0
7025,7480.0,0.03685,0.04965,0,4.2,0.38,0.0689,0
7026,21220.0,0.00598,0.00844,0,6.9,0.574,0.042,0
7027,6840.0,0.02695,0.014,158,3.6,0.249,0.0636,0
7028,16760.0,0.01368,0.02075,0,6.3,0.473,0.0619,0
7029,38580.0,0.03106,0.02554,195,6.7,0.406,0.0313,1
7030,9120.0,0.02361,0.00858,75,1.0,0.415,0.0637,0
7031,7130.0,0.05024,0.04246,0,1.1,0.562,0.0357,0
7032,21000.0,0.01534,0.00656,0,0.7,0.539,0.0302,0
7033,6090.0,0.02535,0.06622,0,2.3,0.204,0.0623,0
7034,51420.0,0.02285,0.04953,270,5.0,0.495,0.0455,0
7035,19060.0,0.02349,0.03191,0,1.7,0.521,0.0372,0
7036,33460.0,0.01421,0.02107,313,5.8,0.477,0.0532,0
7037,4810.0,0.00855,0.0093,0,3.5,0.561,0.0677,0
7038,15240.0,0.00745,0.02979,0,4.8,0.359,0.0506,0
7039,10180.0,0.01243,0.0213,0,5.8,0.205,0.0589,0
7040,21050.0,0.01905,0.03875,0,6.5,0.219,0.0736,0
7041,12650.0,0.02671,0.01539,0,4.1,0.41,0.0675,0
7042,10860.0,0.04212,0.03663,0,5.7,0.567,0.0566,0
7043,4470.0,0.00491,0.01101,0,4.0,0.422,0.0401,0
7044,3660.0,0.02538,0.00807,0,5.9,0.387,0.0574,0
7045,4660.0,0.00727,0.00706,43,4.4,0.457,0.0356,0
7046,31330.0,0.02973,0.04535,0,2.7,0.462,0.0516,0
7047,11060.0,0.00955,0.01284,0,5.6,0.299,0.0626,0
7048,6800.0,0.04483,0.02331,59,6.3,0.577,0.0788,0
7049,25640.0,0.01132,0.01745,0,4.3,0.455,0.0351,0
7050,17920.0,0.01742,0.01615,0,1.9,0.325,0.0706,0
7051,20240.0,0.01241,0.03282,0,6.0,0.534,0.0581,0
7052,13860.0,0.01474,0.02428,54,4.1,0.519,0.0435,1
7053,14910.0,0.02612,0.04235,78,2.0,0.298,0.0377,0
7054,1400.0,0.01694,0.02679,24,1.3,0.364,0.0304,0
7055,10330.0,0.0235,0.0234,0,5.9,0.457,0.0591,0
7056,5100.0,0.02851,0.01732,0,1.2,0.377,0.0549,0
7057,3000.0,0.01689,0.03711,0,2.9,0.527,0.0437,0
7058,32620.0,0.00995,0.01669,0,1.8,0.393,0.0597,0
7059,3370.0,0.02747,0.03591,0,5.4,0.234,0.0336,0
7060,8570.0,0.07026,0.06574,0,6.5,0.545,0.0523,0
7061,33120.0,0.02141,0.02716,0,6.8,0.409,0.0464,0
7062,7160.0,0.00999,0.00594,0,6.5,0.246,0.0649,0
7063,30050.0,0.00818,0.01353,0,6.2,0.417,0.0343,0
7064,30920.0,0.03632,0.04448,0,2.9,0.454,0.0603,0
7065,35250.0,0.00861,0.00983,0,6.9,0.27,0.0453,0
7066,22700.0,0.02974,0.06871,0,6.1,0.424,0.0406,0
7067,21070.0,0.05589,0.06188,0,5.5,0.53,0.0418,0
7068,18410.0,0.02091,0.08976,0,5.6,0.299,0.036,0
7069,2350.0,0.0068,0.00641,0,5.2,0.465,0.0395,0
7070,21520.0,0.0435,0.03169,0,4.1,0.467,0.0745,0
7071,23300.0,0.00749,0.01002,0,5.7,0.262,0.0709,0
7072,17440.0,0.023,0.00732,0,5.0,0.392,0.0755,0
7073,20930.0,0.02874,0.03436,0,1.2,0.556,0.0547,0
7074,9290.0,0.03854,0.02613,0,5.3,0.445,0.0794,0
7075,2540.0,0.02293,0.0716,0,2.7,0.385,0.0533,0
7076,5800.0,0.02216,0.01815,0,1.7,0.554,0.0668,0
7077,4340.0,0.05235,0.02608,0,5.4,0.468,0.0475,0
7078,7990.0,0.02859,0.03244,0,6.9,0.213,0.0502,0
7079,16840.0,0.01182,0.00965,0,1.7,0.362,0.0581,0
7080,3680.0,0.07654,0.13328,0,0.7,0.471,0.0556,0
7081,1560.0,0.08309,0.18995,0,3.2,0.527,0.0691,0
7082,4780.0,0.01838,0.00957,0,3.3,0.462,0.0636,0
7083,5800.0,0.00784,0.00914,0,2.0,0.392,0.0584,0
7084,12890.0,0.0249,0.04176,0,2.1,0.376,0.0313,0
7085,14320.0,0.01163,0.0178,0,3.4,0.469,0.0574,0
7086,7690.0,0.00566,0.00454,0,3.9,0.374,0.0676,0
7087,14020.0,0.01495,0.01089,0,2.7,0.367,0.0495,0
7088,27970.0,0.02152,0.01068,0,1.0,0.347,0.0495,0
7089,46770.0,0.05906,0.23511,0,1.6,0.495,0.0402,0
7090,11400.0,0.00772,0.03275,48,3.9,0.321,0.0511,0
7091,44780.0,0.01821,0.02189,0,3.3,0.556,0.0393,0
7092,9730.0,0.0107,0.01679,0,6.6,0.479,0.0796,0
7093,13860.0,0.02708,0.03015,0,5.3,0.529,0.0705,0
7094,17190.0,0.05603,0.06876,0,4.6,0.465,0.0546,0
7095,10670.0,0.01446,0.03643,0,4.8,0.241,0.0712,0
7096,12670.0,0.01822,0.02606,0,7.0,0.5,0.0628,0
7097,16010.0,0.01706,0.01037,0,2.4,0.375,0.0545,0
7098,29050.0,0.00535,0.003,0,1.2,0.421,0.065,0
7099,8360.0,0.02567,0.02752,0,4.4,0.523,0.0443,0
7100,29130.0,0.04705,0.03641,0,3.3,0.228,0.0337,0
7101,9210.0,0.03783,0.04788,0,2.3,0.448,0.0441,0
7102,4010.0,0.04796,0.08648,0,3.7,0.408,0.0736,0
7103,10990.0,0.01372,0.02626,0,0.8,0.296,0.0543,0
7104,13760.0,0.01008,0.01718,0,2.2,0.485,0.0334,0
7105,31790.0,0.0358,0.0391,0,2.9,0.53,0.0606,0
7106,1810.0,0.01662,0.01902,0,1.9,0.28,0.0481,0
7107,18040.0,0.00629,0.002,49,1.9,0.398,0.0431,0
7108,6790.0,0.01685,0.01534,0,3.2,0.422,0.0342,0
7109,4780.0,0.01653,0.01241,0,6.2,0.267,0.0773,0
7110,2760.0,0.023,0.02567,300,6.2,0.425,0.0727,0
7111,23970.0,0.02687,0.02357,0,5.8,0.562,0.0503,0
7112,8320.0,0.01035,0.01559,0,5.2,0.247,0.0741,0
7113,9660.0,0.02052,0.03931,0,2.3,0.36,0.0796,0
7114,3440.0,0.09105,0.11076,0,0.9,0.477,0.0707,0
7115,25630.0,0.10259,0.16625,0,5.5,0.543,0.0329,0
7116,17300.0,0.01317,0.00921,0,3.4,0.404,0.0629,0
7117,6930.0,0.00814,0.01664,0,2.8,0.577,0.0498,0
7118,8560.0,0.02192,0.01087,0,5.2,0.207,0.0672,0
7119,8090.0,0.03276,0.09036,0,1.7,0.241,0.0356,0
7120,15550.0,0.01603,0.03228,0,1.5,0.404,0.0507,0
7121,4080.0,0.01064,0.02417,0,5.8,0.395,0.0698,0
7122,7140.0,0.02329,0.02165,0,4.9,0.445,0.0605,0
7123,11840.0,0.02376,0.01312,0,2.7,0.344,0.0692,0
7124,7410.0,0.00744,0.00629,0,2.4,0.483,0.0758,0
7125,5170.0,0.01391,0.01989,0,1.0,0.214,0.0309,0
7126,17480.0,0.03425,0.03716,0,0.7,0.479,0.0499,0
7127,4220.0,0.00659,0.0146,2,3.3,0.569,0.0357,0
7128,3890.0,0.03412,0.03144,0,2.2,0.526,0.067,0
7129,6520.0,0.03443,0.06756,0,5.8,0.443,0.0701,0
7130,17550.0,0.00568,0.01221,0,6.7,0.428,0.0756,0
7131,10450.0,0.03453,0.02409,0,1.6,0.548,0.0572,0
7132,25560.0,0.01054,0.00661,0,5.8,0.334,0.0473,0
7133,11910.0,0.03812,0.08025,0,5.7,0.265,0.0509,0
7134,2250.0,0.0084,0.00956,0,2.4,0.569,0.076,0
7135,11810.0,0.0461,0.06671,273,0.6,0.559,0.0473,0
7136,2160.0,0.02439,0.02662,0,6.3,0.56,0.0337,0
7137,10960.0,0.01319,0.01261,0,3.9,0.5,0.054,0
7138,37390.0,0.01651,0.0323,0,4.2,0.23,0.0784,0
7139,20560.0,0.02048,0.02601,0,2.4,0.265,0.0331,0
7140,11350.0,0.02006,0.03853,34,4.0,0.379,0.0688,0
7141,7610.0,0.02068,0.0339,0,3.9,0.578,0.0451,0
7142,18690.0,0.00995,0.01905,0,3.6,0.346,0.0626,0
7143,20550.0,0.02476,0.02232,0,5.6,0.424,0.0781,0
7144,8270.0,0.01217,0.01488,0,2.2,0.228,0.0778,0
7145,18760.0,0.01083,0.01769,0,2.1,0.254,0.0622,1
7146,19600.0,0.0081,0.01119,8,2.5,0.57,0.0483,0
7147,7380.0,0.02398,0.06787,10,3.9,0.581,0.076,0
7148,7820.0,0.01754,0.015,9,4.4,0.29,0.0445,0
7149,4840.0,0.03652,0.04158,0,5.3,0.465,0.069,0
7150,10420.0,0.00802,0.00701,0,3.9,0.393,0.049,0
7151,19420.0,0.04167,0.02491,0,4.5,0.347,0.0612,0
7152,11390.0,0.05458,0.10579,0,5.7,0.363,0.0584,0
7153,19210.0,0.00538,0.00677,0,3.0,0.313,0.0511,0
7154,7260.0,0.01505,0.01735,0,4.1,0.599,0.0626,0
7155,13940.0,0.01373,0.0258,0,6.4,0.54,0.0533,0
7156,9220.0,0.00449,0.00799,0,4.1,0.299,0.0551,0
7157,10140.0,0.02271,0.01828,0,1.4,0.262,0.0759,0
7158,11110.0,0.02025,0.03537,0,4.7,0.342,0.0717,0
7159,5680.0,0.02245,0.01341,0,3.4,0.589,0.0341,0
7160,7300.0,0.00985,0.00478,26,4.1,0.444,0.0495,0
7161,5080.0,0.02096,0.03555,0,4.5,0.551,0.0555,0
7162,17340.0,0.01919,0.02342,0,2.6,0.393,0.0437,0
7163,3070.0,0.04926,0.04118,0,1.5,0.591,0.0622,0
7164,3540.0,0.02909,0.02289,0,5.7,0.431,0.0782,0
7165,15230.0,0.01685,0.02422,0,2.8,0.467,0.0779,0
7166,14680.0,0.0191,0.02212,0,2.7,0.274,0.0508,0
7167,9140.0,0.0271,0.05287,0,5.4,0.206,0.0462,0
7168,22000.0,0.00737,0.0084,0,3.4,0.219,0.0707,0
7169,15310.0,0.00894,0.00784,0,4.9,0.28,0.0522,0
7170,4250.0,0.01078,0.02038,0,1.8,0.367,0.0396,0
7171,2960.0,0.02541,0.02336,0,0.6,0.535,0.0475,0
7172,10090.0,0.01137,0.02927,0,5.5,0.531,0.0354,0
7173,7340.0,0.02974,0.05232,0,2.4,0.338,0.0568,0
7174,12820.0,0.05629,0.01311,0,2.2,0.482,0.041,0
7175,25180.0,0.01454,0.01785,0,6.7,0.538,0.0348,0
7176,3000.0,0.04322,0.10025,0,2.0,0.587,0.06,0
7177,5750.0,0.01294,0.02311,0,3.7,0.494,0.0538,0
7178,19370.0,0.00425,0.01158,0,1.0,0.497,0.0533,0
7179,14780.0,0.02503,0.01532,36,5.8,0.294,0.0624,0
7180,12680.0,0.02181,0.02251,0,1.2,0.246,0.0611,0
7181,6780.0,0.01131,0.01729,26,3.2,0.246,0.0715,0
7182,8950.0,0.02579,0.01309,0,3.1,0.305,0.045,0
7183,9080.0,0.01427,0.01695,0,3.3,0.399,0.0348,0
7184,27720.0,0.02688,0.08196,0,4.8,0.377,0.0373,0
7185,17310.0,0.02274,0.01042,0,3.1,0.341,0.0307,0
7186,3520.0,0.01279,0.01064,0,1.9,0.528,0.0584,0
7187,9800.0,0.00689,0.0117,0,4.0,0.465,0.0404,0
7188,18120.0,0.02408,0.03378,0,1.6,0.2,0.0345,0
7189,28250.0,0.02112,0.02115,0,5.1,0.557,0.0507,0
7190,10480.0,0.02283,0.05227,0,1.8,0.468,0.0612,0
7191,48760.0,0.01137,0.01831,0,1.7,0.33,0.061,0
7192,3980.0,0.03353,0.01645,0,4.7,0.561,0.0392,0
7193,8250.0,0.09012,0.08374,0,6.4,0.325,0.072,0
7194,11860.0,0.04537,0.02416,0,6.9,0.336,0.07,0
7195,13070.0,0.01259,0.00997,0,5.4,0.499,0.0451,0
7196,19020.0,0.0119,0.00871,0,3.9,0.345,0.0653,0
7197,4610.0,0.04132,0.10488,0,3.8,0.271,0.0517,0
7198,5590.0,0.02448,0.06186,46,4.4,0.248,0.0509,0
7199,6520.0,0.01266,0.01627,0,2.5,0.28,0.0516,0
7200,5470.0,0.02869,0.04615,19,0.5,0.523,0.0367,0
7201,13880.0,0.03941,0.04286,0,3.2,0.511,0.0379,0
7202,4770.0,0.01449,0.04001,37,5.9,0.39,0.0663,0
7203,10570.0,0.09515,0.02843,0,3.6,0.409,0.0488,0
7204,15310.0,0.01761,0.00824,0,1.5,0.311,0.0751,0
7205,1690.0,0.01887,0.02859,0,1.2,0.272,0.0328,0
7206,13580.0,0.00745,0.00606,0,1.3,0.549,0.0723,0
7207,5440.0,0.05535,0.04408,0,1.6,0.376,0.0624,0
7208,10370.0,0.05858,0.03195,0,1.1,0.341,0.0352,0
7209,10060.0,0.00926,0.02974,0,0.8,0.462,0.0502,0
7210,13100.0,0.04401,0.01808,0,1.2,0.346,0.0429,0
7211,2280.0,0.00961,0.01095,0,3.4,0.367,0.0317,0
7212,10220.0,0.02365,0.05455,0,0.7,0.26,0.0494,0
7213,4040.0,0.01099,0.01261,0,2.7,0.552,0.0654,0
7214,9290.0,0.01368,0.03626,0,2.9,0.251,0.0477,0
7215,8420.0,0.02324,0.01784,0,1.6,0.397,0.0429,0
7216,4430.0,0.01787,0.0093,0,4.8,0.329,0.0342,0
7217,30530.0,0.0244,0.01383,0,5.2,0.303,0.0727,0
7218,26460.0,0.0211,0.05334,0,3.3,0.526,0.0631,0
7219,37070.0,0.10542,0.34093,0,1.0,0.413,0.0439,0
7220,1490.0,0.01625,0.01162,0,3.5,0.538,0.0725,0
7221,6270.0,0.02681,0.02422,0,6.8,0.336,0.0767,0
7222,29210.0,0.01818,0.01244,0,4.6,0.51,0.0724,0
7223,15910.0,0.03116,0.02616,0,0.6,0.323,0.0416,0
7224,13340.0,0.02164,0.03388,0,6.6,0.259,0.0434,0
7225,10480.0,0.0152,0.02521,348,4.3,0.224,0.0489,0
7226,8380.0,0.0301,0.0191,0,2.6,0.565,0.0711,0
7227,2940.0,0.0109,0.01423,0,4.0,0.567,0.031,0
7228,28380.0,0.0293,0.03146,0,4.9,0.398,0.0459,0
7229,19950.0,0.02209,0.03264,0,1.3,0.376,0.0533,0
7230,8240.0,0.00712,0.00658,0,2.3,0.369,0.0328,0
7231,4610.0,0.01223,0.01246,0,5.3,0.448,0.0485,0
7232,20740.0,0.0192,0.03401,0,5.7,0.566,0.0443,0
7233,3940.0,0.01879,0.02258,10,5.4,0.473,0.0773,0
7234,7190.0,0.03143,0.06182,0,4.5,0.406,0.0378,0
7235,28400.0,0.0398,0.04382,0,2.4,0.349,0.0739,0
7236,12710.0,0.00718,0.00481,26,6.8,0.525,0.0455,0
7237,8210.0,0.01073,0.00679,0,3.4,0.201,0.0742,0
7238,12640.0,0.01613,0.01152,0,3.4,0.305,0.0754,0
7239,7360.0,0.01782,0.0206,0,6.3,0.515,0.0773,0
7240,10490.0,0.01799,0.02039,0,5.1,0.234,0.0355,0
7241,4580.0,0.03928,0.05431,0,3.7,0.348,0.0568,0
7242,16580.0,0.02373,0.05285,0,1.3,0.41,0.0784,0
7243,7000.0,0.01205,0.00906,0,4.3,0.435,0.0689,0
7244,5190.0,0.00586,0.00457,0,1.8,0.464,0.0766,0
7245,39770.0,0.01343,0.0439,0,3.0,0.517,0.0397,0
7246,9530.0,0.02167,0.02523,0,1.6,0.423,0.0718,0
7247,6070.0,0.19134,0.17794,0,1.5,0.24,0.0387,0
7248,12060.0,0.02262,0.01498,0,5.8,0.405,0.0567,0
7249,7950.0,0.01343,0.01271,0,5.4,0.28,0.062,0
7250,18150.0,0.00855,0.00989,0,2.5,0.414,0.0444,0
7251,11780.0,0.02905,0.0831,0,6.9,0.492,0.0394,0
7252,23170.0,0.039,0.01999,0,6.6,0.255,0.0539,0
7253,17720.0,0.01815,0.04248,0,2.2,0.588,0.0374,0
7254,5120.0,0.03199,0.03954,0,2.4,0.589,0.0657,0
7255,4470.0,0.03448,0.13869,0,1.4,0.214,0.0774,0
7256,3760.0,0.00649,0.00409,0,2.3,0.247,0.0648,0
7257,20880.0,0.01152,0.00914,0,4.9,0.304,0.0307,0
7258,3800.0,0.0075,0.00668,0,4.1,0.372,0.0773,0
7259,7620.0,0.04481,0.11632,0,4.8,0.493,0.0434,0
7260,40030.0,0.02223,0.01015,0,4.6,0.54,0.0507,0
7261,26780.0,0.01562,0.01459,0,6.0,0.462,0.0507,0
7262,15900.0,0.00504,0.00854,0,3.6,0.573,0.0328,0
7263,22580.0,0.02095,0.01784,0,4.9,0.375,0.0432,0
7264,4050.0,0.00523,0.01247,0,4.3,0.411,0.0532,0
7265,8040.0,0.01616,0.04026,0,4.6,0.289,0.0642,0
7266,7350.0,0.01435,0.00985,0,4.3,0.58,0.074,0
7267,16150.0,0.02006,0.02546,0,2.8,0.515,0.0786,0
7268,4240.0,0.02887,0.03102,0,2.3,0.475,0.0612,0
7269,13820.0,0.02465,0.04784,0,2.8,0.349,0.0301,0
7270,19660.0,0.00515,0.00962,0,1.5,0.5,0.0525,0
7271,10670.0,0.00725,0.00799,0,2.6,0.569,0.0662,0
7272,12420.0,0.014,0.01678,0,6.5,0.514,0.048,0
7273,4150.0,0.01165,0.01132,0,0.6,0.327,0.0495,0
7274,4750.0,0.03296,0.05382,0,3.0,0.224,0.0548,0
7275,24880.0,0.03739,0.04406,0,5.6,0.352,0.0449,0
7276,11720.0,0.00478,0.00593,0,3.3,0.372,0.0467,0
7277,10810.0,0.02025,0.02601,0,3.1,0.523,0.0372,0
7278,9660.0,0.03123,0.01968,0,5.9,0.362,0.0336,0
7279,10410.0,0.0324,0.04404,0,6.0,0.393,0.0722,0
7280,3660.0,0.02399,0.01833,0,1.5,0.236,0.0724,0
7281,37050.0,0.00895,0.01464,0,3.0,0.299,0.0602,0
7282,15770.0,0.0343,0.04047,0,2.2,0.594,0.0618,0
7283,51410.0,0.02018,0.01572,0,5.0,0.311,0.0467,0
7284,39350.0,0.0233,0.0231,0,4.3,0.281,0.053,0
7285,10710.0,0.03668,0.01955,0,2.6,0.269,0.0749,0
7286,14390.0,0.00649,0.00571,0,5.0,0.463,0.0493,0
7287,30000.0,0.02818,0.02223,0,6.5,0.381,0.0796,0
7288,6100.0,0.0115,0.01558,0,1.2,0.204,0.0698,0
7289,5630.0,0.01405,0.02387,55,5.0,0.551,0.0376,1
7290,24230.0,0.01808,0.02401,0,1.1,0.224,0.034,0
7291,4430.0,0.02808,0.03149,0,2.9,0.214,0.0355,0
7292,18800.0,0.00554,0.00469,0,2.2,0.315,0.0384,0
7293,3580.0,0.02657,0.07788,0,5.8,0.493,0.032,0
7294,32270.0,0.0253,0.01162,0,0.6,0.462,0.0398,0
7295,7980.0,0.03631,0.01408,43,2.3,0.396,0.0511,1
7296,18590.0,0.01536,0.0117,0,6.7,0.217,0.0562,0
7297,7640.0,0.02354,0.02287,0,5.4,0.373,0.0687,0
7298,11140.0,0.05248,0.06526,0,3.0,0.51,0.0555,0
7299,2770.0,0.00612,0.00268,158,6.2,0.279,0.036,0
7300,14350.0,0.0368,0.11428,0,1.9,0.219,0.0763,0
7301,1720.0,0.00836,0.02836,0,3.3,0.491,0.0497,0
7302,4840.0,0.03864,0.14895,0,4.6,0.241,0.035,0
7303,11950.0,0.05211,0.02255,0,4.4,0.295,0.05,0
7304,18060.0,0.04739,0.02754,0,6.6,0.384,0.0723,0
7305,14200.0,0.04823,0.06718,0,5.4,0.422,0.0654,0
7306,12260.0,0.01079,0.00766,0,6.7,0.488,0.05,0
7307,22970.0,0.027,0.05287,0,6.9,0.313,0.0364,0
7308,5660.0,0.01122,0.013,0,4.2,0.399,0.0596,0
7309,2410.0,0.00625,0.00766,0,0.9,0.219,0.066,0
7310,16520.0,0.02835,0.05826,0,6.8,0.489,0.0672,0
7311,55530.0,0.01195,0.00558,0,2.9,0.274,0.0574,0
7312,6660.0,0.01393,0.00809,0,1.7,0.59,0.0501,0
7313,27460.0,0.03424,0.02369,0,1.5,0.571,0.0671,0
7314,2910.0,0.02515,0.02665,0,3.8,0.384,0.0455,0
7315,13740.0,0.01246,0.00753,0,4.1,0.271,0.0785,0
7316,8420.0,0.01193,0.00743,2,3.6,0.334,0.0678,0
7317,3510.0,0.01786,0.01373,66,3.6,0.59,0.0742,0
7318,5580.0,0.01242,0.01331,0,4.6,0.555,0.0599,0
7319,27250.0,0.16576,0.11085,0,5.5,0.206,0.0785,0
7320,13850.0,0.03137,0.04662,0,3.8,0.53,0.0797,0
7321,12460.0,0.01396,0.00695,0,3.2,0.349,0.0783,0
7322,10370.0,0.05033,0.03595,0,1.9,0.399,0.0523,0
7323,10380.0,0.00617,0.00949,0,3.6,0.467,0.0668,1
7324,55060.0,0.01834,0.03815,0,4.9,0.474,0.0417,0
7325,7330.0,0.03866,0.09858,0,1.0,0.579,0.0785,0
7326,4210.0,0.01529,0.0052,0,4.6,0.364,0.0489,0
7327,17100.0,0.01723,0.01369,0,1.8,0.222,0.0525,0
7328,13420.0,0.01303,0.00447,0,3.2,0.208,0.0328,0
7329,8170.0,0.00903,0.01865,0,4.1,0.294,0.063,0
7330,5250.0,0.05747,0.04901,0,2.6,0.386,0.032,0
7331,17110.0,0.03188,0.03135,0,6.6,0.302,0.0717,0
7332,28170.0,0.00973,0.00676,72,6.8,0.45,0.062,0
7333,30800.0,0.01648,0.02307,0,1.7,0.328,0.0494,0
7334,6610.0,0.01572,0.02248,0,3.1,0.219,0.0415,0
7335,8280.0,0.02699,0.01876,0,2.1,0.506,0.0596,0
7336,17930.0,0.03165,0.07093,0,6.5,0.507,0.0546,0
7337,5450.0,0.00384,0.0056,0,0.7,0.466,0.0702,0
7338,31690.0,0.01892,0.02893,0,6.8,0.506,0.0418,0
7339,15230.0,0.01211,0.00624,0,4.7,0.303,0.064,0
7340,6070.0,0.02645,0.01619,0,4.5,0.493,0.0697,0
7341,18140.0,0.01112,0.00854,0,3.9,0.352,0.0337,0
7342,24820.0,0.0114,0.03351,0,6.0,0.567,0.0493,0
7343,3560.0,0.0379,0.02071,0,5.4,0.205,0.0618,0
7344,10130.0,0.01836,0.02007,0,1.6,0.332,0.0342,0
7345,6110.0,0.05132,0.03435,0,0.8,0.598,0.0743,0
7346,11930.0,0.00406,0.01424,0,1.5,0.419,0.0701,0
7347,10210.0,0.04385,0.07475,5,5.9,0.58,0.0534,1
7348,7540.0,0.01788,0.00795,0,2.2,0.396,0.0585,0
7349,55400.0,0.00448,0.00623,0,3.2,0.292,0.0784,0
7350,10920.0,0.0176,0.00852,0,2.8,0.576,0.0417,0
7351,18310.0,0.02317,0.04077,0,1.4,0.255,0.0739,0
7352,19810.0,0.01867,0.02424,0,0.6,0.303,0.0582,0
7353,9720.0,0.07262,0.05157,0,6.4,0.51,0.0375,0
7354,13260.0,0.01663,0.01048,0,3.1,0.563,0.078,0
7355,7800.0,0.02182,0.07015,0,5.0,0.404,0.0439,0
7356,5790.0,0.01782,0.02736,0,1.8,0.27,0.0725,0
7357,4800.0,0.02635,0.04247,0,5.4,0.291,0.0607,0
7358,17900.0,0.06454,0.12166,0,4.0,0.252,0.0669,0
7359,5980.0,0.13235,0.16873,0,4.7,0.203,0.0784,0
7360,2650.0,0.02398,0.01889,0,6.2,0.485,0.0468,0
7361,10310.0,0.00951,0.00501,51,0.6,0.554,0.0746,0
7362,8880.0,0.06427,0.05279,0,2.6,0.449,0.0407,0
7363,5840.0,0.00733,0.00818,0,1.6,0.499,0.0564,0
7364,9280.0,0.02045,0.02432,0,3.1,0.473,0.0309,0
7365,1230.0,0.03173,0.02798,0,5.5,0.504,0.0352,0
7366,3590.0,0.05079,0.21695,0,5.1,0.504,0.065,0
7367,7390.0,0.00801,0.00494,0,4.2,0.277,0.0563,0
7368,15350.0,0.00844,0.01056,364,3.8,0.267,0.0469,1
7369,50040.0,0.01313,0.03201,0,1.1,0.578,0.0346,0
7370,12460.0,0.07102,0.09413,0,2.1,0.477,0.0527,0
7371,7520.0,0.01209,0.03104,0,4.5,0.273,0.0685,0
7372,11040.0,0.0248,0.02222,0,1.7,0.478,0.0502,0
7373,8980.0,0.04106,0.03313,0,6.2,0.324,0.068,0
7374,9220.0,0.02632,0.04051,0,6.3,0.467,0.0768,0
7375,9190.0,0.03463,0.04719,0,2.7,0.455,0.0484,0
7376,2360.0,0.03793,0.07742,0,2.5,0.234,0.0488,0
7377,11440.0,0.04075,0.10397,0,3.9,0.463,0.079,0
7378,17930.0,0.01394,0.01826,0,6.0,0.597,0.0624,0
7379,13140.0,0.01352,0.01067,4,1.8,0.465,0.0796,0
7380,4530.0,0.02014,0.01109,59,4.8,0.263,0.0383,0
7381,8310.0,0.02462,0.01096,0,1.5,0.254,0.06,0
7382,3990.0,0.02153,0.07036,0,6.1,0.252,0.0533,0
7383,6890.0,0.02359,0.00736,0,6.3,0.522,0.0717,0
7384,44800.0,0.01072,0.02208,0,5.0,0.359,0.046,0
7385,21470.0,0.01838,0.0135,0,2.2,0.412,0.0389,0
7386,22090.0,0.01356,0.00641,0,0.6,0.263,0.0464,0
7387,6660.0,0.01673,0.01425,0,5.7,0.426,0.0382,0
7388,2950.0,0.0033,0.00503,0,6.0,0.513,0.0385,0
7389,18500.0,0.14063,0.08278,0,4.3,0.447,0.0577,0
7390,17690.0,0.04879,0.0904,0,1.2,0.499,0.0524,0
7391,3230.0,0.00397,0.00528,0,5.4,0.525,0.0537,0
7392,10270.0,0.0425,0.04433,0,4.0,0.342,0.0448,0
7393,4730.0,0.01931,0.01105,0,4.3,0.337,0.0312,0
7394,23120.0,0.02989,0.03195,0,1.2,0.398,0.0519,0
7395,47280.0,0.01954,0.03614,0,3.5,0.577,0.0652,0
7396,13210.0,0.02098,0.02106,0,5.7,0.516,0.075,0
7397,17330.0,0.08453,0.33619,0,4.6,0.307,0.0655,0
7398,15160.0,0.04906,0.04903,0,5.7,0.259,0.0381,0
7399,8960.0,0.00866,0.01291,0,0.9,0.353,0.076,0
7400,9030.0,0.02661,0.01794,0,6.7,0.441,0.0736,0
7401,8950.0,0.07369,0.12961,0,6.1,0.523,0.0799,0
7402,12360.0,0.06745,0.09812,0,5.8,0.351,0.0341,0
7403,7920.0,0.00843,0.01139,0,3.0,0.362,0.074,0
7404,4740.0,0.01265,0.01424,0,2.9,0.288,0.0794,0
7405,4080.0,0.03388,0.0144,0,4.7,0.571,0.0365,0
7406,15490.0,0.0149,0.03691,0,4.1,0.565,0.0704,0
7407,14120.0,0.04754,0.10881,0,1.2,0.246,0.0676,0
7408,2410.0,0.03428,0.04237,0,3.2,0.274,0.0535,0
7409,11610.0,0.01003,0.00716,0,5.4,0.359,0.0571,0
7410,21320.0,0.00736,0.02584,0,1.2,0.341,0.0598,0
7411,25750.0,0.0745,0.0913,0,2.6,0.363,0.0762,0
7412,9820.0,0.05058,0.15725,0,3.3,0.579,0.0372,0
7413,3440.0,0.03478,0.03141,0,1.4,0.279,0.0776,0
7414,20250.0,0.02595,0.0111,17,6.7,0.279,0.0654,0
7415,7850.0,0.06068,0.03324,2,5.3,0.54,0.0439,0
7416,4880.0,0.03566,0.01277,0,3.5,0.328,0.0677,0
7417,10590.0,0.01821,0.01126,0,0.9,0.24,0.0596,0
7418,29090.0,0.02058,0.02657,0,5.7,0.549,0.0325,0
7419,24630.0,0.00423,0.00564,0,2.0,0.523,0.0655,0
7420,15500.0,0.00912,0.04468,0,3.2,0.281,0.0715,0
7421,19890.0,0.05919,0.02525,0,0.7,0.294,0.0383,0
7422,26760.0,0.00924,0.02861,0,3.0,0.347,0.051,0
7423,19450.0,0.05798,0.04569,0,1.8,0.347,0.0387,0
7424,5490.0,0.01066,0.00864,0,4.9,0.26,0.0629,0
7425,4880.0,0.02069,0.04156,0,1.3,0.391,0.051,0
7426,8300.0,0.00627,0.02988,86,2.4,0.354,0.0341,0
7427,1800.0,0.00591,0.00931,0,2.7,0.593,0.0677,0
7428,7290.0,0.02356,0.02367,98,3.8,0.287,0.0476,0
7429,3290.0,0.01751,0.08625,0,2.9,0.303,0.0638,0
7430,34670.0,0.03245,0.11131,0,3.2,0.57,0.0429,0
7431,13690.0,0.02249,0.05548,0,3.4,0.369,0.0541,0
7432,13510.0,0.00936,0.01566,0,6.5,0.362,0.0693,0
7433,2830.0,0.01964,0.03201,0,3.5,0.236,0.0585,0
7434,8300.0,0.06586,0.12799,0,6.7,0.507,0.0711,0
7435,8680.0,0.02892,0.04565,18,1.7,0.457,0.069,0
7436,20940.0,0.02689,0.02318,0,6.8,0.433,0.0587,0
7437,2550.0,0.04697,0.01707,0,6.5,0.381,0.0443,0
7438,11520.0,0.00399,0.00235,0,6.6,0.529,0.0448,0
7439,42690.0,0.02013,0.02206,0,6.1,0.408,0.0422,0
7440,5890.0,0.02609,0.03283,75,4.8,0.494,0.0417,1
7441,8190.0,0.04578,0.02382,0,2.0,0.36,0.0709,0
7442,8180.0,0.03069,0.01667,48,4.3,0.478,0.0471,0
7443,15040.0,0.01732,0.05681,0,6.8,0.241,0.0655,0
7444,1680.0,0.00942,0.00781,0,2.7,0.358,0.0601,1
7445,6030.0,0.03457,0.00612,0,5.4,0.364,0.0467,0
7446,18790.0,0.06508,0.13803,0,3.4,0.591,0.0362,0
7447,31690.0,0.03522,0.05743,0,4.5,0.577,0.0449,0
7448,23900.0,0.0104,0.00574,0,3.7,0.594,0.0498,0
7449,11680.0,0.00547,0.00744,0,2.6,0.405,0.0719,0
7450,9220.0,0.00906,0.01877,0,4.2,0.232,0.0337,0
7451,6990.0,0.01508,0.00513,0,0.7,0.571,0.0522,0
7452,5740.0,0.01265,0.02819,0,5.9,0.323,0.0386,0
7453,3400.0,0.08477,0.10731,0,1.4,0.298,0.0338,0
7454,5320.0,0.04358,0.12642,0,5.5,0.288,0.0428,0
7455,14600.0,0.0151,0.03202,0,3.1,0.265,0.0787,0
7456,28580.0,0.00909,0.00229,0,1.0,0.588,0.0583,0
7457,42710.0,0.00882,0.00602,0,1.8,0.337,0.0475,0
7458,8040.0,0.08755,0.12092,0,4.5,0.532,0.0405,0
7459,20440.0,0.01844,0.03968,0,2.2,0.468,0.0769,0
7460,3610.0,0.01948,0.01309,0,2.4,0.412,0.0327,0
7461,21860.0,0.02528,0.05401,26,5.3,0.345,0.0348,0
7462,15460.0,0.00711,0.00341,0,0.7,0.337,0.0408,0
7463,9480.0,0.05646,0.10303,0,3.8,0.511,0.0378,0
7464,7440.0,0.00753,0.01716,23,0.9,0.515,0.058,1
7465,5750.0,0.06567,0.03379,0,3.1,0.493,0.0494,0
7466,15150.0,0.00687,0.01071,0,5.5,0.372,0.065,0
7467,2700.0,0.0065,0.00423,0,4.0,0.23,0.0532,0
7468,17740.0,0.01467,0.01445,0,3.5,0.458,0.0381,0
7469,31490.0,0.02382,0.03529,0,3.7,0.292,0.058,0
7470,11000.0,0.02867,0.05347,0,2.9,0.25,0.0452,0
7471,2870.0,0.03463,0.02062,0,1.7,0.483,0.0357,0
7472,13440.0,0.01581,0.03196,0,2.9,0.359,0.0489,0
7473,37260.0,0.01367,0.01024,0,6.3,0.545,0.0346,0
7474,14520.0,0.01265,0.01473,0,5.9,0.268,0.0381,0
7475,15000.0,0.02461,0.01081,14,2.1,0.599,0.0352,0
7476,9390.0,0.01635,0.02284,0,4.4,0.413,0.0469,0
7477,9150.0,0.00797,0.0075,0,4.3,0.224,0.0787,0
7478,39600.0,0.00769,0.00545,0,1.3,0.392,0.0332,1
7479,4720.0,0.00539,0.00328,8,4.3,0.376,0.0322,0
7480,12460.0,0.00969,0.0287,0,3.0,0.43,0.0444,0
7481,15740.0,0.02838,0.06981,0,6.2,0.311,0.0337,0
7482,11420.0,0.04815,0.06394,0,5.3,0.201,0.041,0
7483,2890.0,0.01644,0.03723,0,6.4,0.427,0.0355,0
7484,3160.0,0.01001,0.00822,0,3.5,0.309,0.0491,0
7485,8360.0,0.01676,0.01831,0,6.1,0.534,0.0474,0
7486,8460.0,0.02144,0.02198,0,3.7,0.287,0.0497,0
7487,3230.0,0.02501,0.04841,0,0.7,0.325,0.0752,0
7488,8700.0,0.01502,0.03478,0,2.3,0.376,0.0712,0
7489,36190.0,0.04854,0.01394,0,3.1,0.372,0.0454,0
7490,7830.0,0.09582,0.09025,0,6.5,0.245,0.0653,0
7491,4940.0,0.09022,0.18946,56,5.4,0.27,0.0706,0
7492,27090.0,0.03272,0.03265,0,2.4,0.299,0.0766,0
7493,11210.0,0.03324,0.03279,0,0.6,0.245,0.0702,1
7494,3730.0,0.05322,0.11102,0,4.9,0.299,0.0441,0
7495,12680.0,0.01231,0.01334,0,4.2,0.449,0.0552,0
7496,10830.0,0.04385,0.01812,0,4.0,0.283,0.0674,0
7497,9590.0,0.049,0.02226,0,5.3,0.36,0.0464,0
7498,8790.0,0.0062,0.01184,0,6.4,0.585,0.071,0
7499,30110.0,0.04026,0.04461,0,4.5,0.262,0.0541,0
7500,20840.0,0.04529,0.06693,0,2.6,0.311,0.0592,0
7501,5700.0,0.06592,0.04493,0,3.8,0.394,0.0451,0
7502,1880.0,0.09152,0.05954,0,3.0,0.489,0.0663,0
7503,41010.0,0.01034,0.01153,0,4.9,0.224,0.034,1
7504,8910.0,0.03793,0.02747,0,3.1,0.345,0.0338,0
7505,4700.0,0.0193,0.05567,0,4.1,0.319,0.0776,0
7506,10010.0,0.01232,0.06545,142,6.3,0.225,0.0634,0
7507,4300.0,0.02067,0.01695,0,2.2,0.396,0.0464,0
7508,12710.0,0.03772,0.03754,0,5.2,0.595,0.0677,0
7509,16300.0,0.03484,0.06455,0,1.5,0.548,0.0392,0
7510,34720.0,0.01945,0.03055,0,5.0,0.352,0.0635,0
7511,9300.0,0.04173,0.01931,0,4.4,0.212,0.0371,0
7512,13810.0,0.00593,0.00253,0,3.4,0.315,0.0357,0
7513,39120.0,0.05322,0.03638,0,6.7,0.515,0.0583,0
7514,10150.0,0.13817,0.12329,33,4.2,0.428,0.0337,0
7515,6490.0,0.01248,0.03354,0,6.7,0.422,0.0755,0
7516,24990.0,0.04279,0.03526,0,6.2,0.248,0.0683,0
7517,1000.0,0.02353,0.02169,0,4.7,0.529,0.071,0
7518,7960.0,0.05214,0.02678,0,2.2,0.27,0.032,0
7519,4350.0,0.01825,0.01801,0,2.1,0.458,0.046,0
7520,5420.0,0.03983,0.08687,0,5.7,0.357,0.0332,0
7521,6990.0,0.01538,0.01482,0,6.6,0.427,0.0567,0
7522,10770.0,0.03942,0.03803,0,3.4,0.426,0.0473,0
7523,3090.0,0.01916,0.02145,65,3.0,0.535,0.0508,1
7524,6640.0,0.0309,0.01672,0,3.0,0.238,0.0381,0
7525,15700.0,0.03914,0.02882,0,2.1,0.585,0.0374,0
7526,10580.0,0.02591,0.03036,0,1.1,0.474,0.0301,0
7527,9050.0,0.00727,0.00977,0,2.4,0.204,0.0333,0
7528,13340.0,0.02221,0.01634,0,5.6,0.249,0.0748,0
7529,7420.0,0.0422,0.05398,0,6.2,0.237,0.0385,0
7530,21970.0,0.0248,0.03411,0,6.1,0.273,0.0568,0
7531,13140.0,0.01879,0.02918,0,0.7,0.514,0.0736,0
7532,28260.0,0.03115,0.07413,0,6.5,0.27,0.0563,0
7533,5330.0,0.02693,0.07277,0,6.9,0.448,0.0744,0
7534,6890.0,0.03159,0.01782,0,2.7,0.281,0.0585,0
7535,13140.0,0.01521,0.00976,0,5.9,0.203,0.0699,0
7536,6290.0,0.02212,0.01703,0,3.2,0.285,0.0345,0
7537,11150.0,0.01338,0.0215,3,5.8,0.263,0.0415,0
7538,2640.0,0.01523,0.02561,0,2.5,0.336,0.0656,0
7539,2820.0,0.04274,0.01772,0,6.4,0.261,0.0701,0
7540,11770.0,0.0554,0.2177,0,2.3,0.426,0.053,0
7541,27500.0,0.0117,0.00881,0,2.0,0.532,0.0372,0
7542,18520.0,0.09777,0.1243,0,4.7,0.49,0.0696,0
7543,15470.0,0.02647,0.01284,0,5.5,0.229,0.0718,0
7544,6180.0,0.03972,0.05157,0,1.8,0.271,0.033,0
7545,20320.0,0.02508,0.00816,0,5.2,0.434,0.0679,0
7546,19620.0,0.00772,0.0204,0,3.2,0.352,0.0384,0
7547,4670.0,0.02019,0.10541,0,3.0,0.203,0.0351,0
7548,10300.0,0.00767,0.02218,0,5.4,0.508,0.0755,0
7549,4780.0,0.01769,0.02026,0,3.7,0.327,0.0485,0
7550,2650.0,0.02348,0.02455,0,1.6,0.509,0.0385,0
7551,8730.0,0.01797,0.03892,0,2.2,0.209,0.0444,0
7552,16470.0,0.09687,0.16482,0,2.5,0.591,0.067,0
7553,11070.0,0.06519,0.02077,0,3.7,0.385,0.0583,0
7554,3720.0,0.01588,0.01216,0,2.8,0.475,0.0599,0
7555,8660.0,0.00523,0.00419,0,5.7,0.432,0.0601,0
7556,30730.0,0.03276,0.03052,0,1.2,0.373,0.0659,0
7557,9120.0,0.013,0.006,0,4.4,0.255,0.0505,0
7558,2880.0,0.00763,0.01423,0,4.2,0.582,0.0704,0
7559,11910.0,0.04251,0.07077,0,2.4,0.585,0.0462,0
7560,38950.0,0.03275,0.02271,0,2.7,0.507,0.0441,0
7561,14120.0,0.00495,0.00637,0,4.5,0.244,0.0715,0
7562,15230.0,0.00945,0.02568,0,1.2,0.314,0.077,0
7563,7760.0,0.02593,0.01065,0,2.1,0.224,0.0658,0
7564,5640.0,0.01167,0.0129,0,0.9,0.427,0.0382,0
7565,16100.0,0.0212,0.02624,0,1.1,0.208,0.0728,0
7566,36710.0,0.0764,0.06874,0,2.8,0.484,0.0584,0
7567,2950.0,0.01038,0.03371,0,5.0,0.535,0.0642,0
7568,14170.0,0.00458,0.00314,0,1.0,0.476,0.0577,0
7569,12990.0,0.00292,0.00469,0,5.2,0.454,0.0615,0
7570,3220.0,0.009,0.00996,0,2.5,0.385,0.0565,0
7571,12810.0,0.02444,0.03929,12,1.2,0.308,0.057,0
7572,3650.0,0.02546,0.04143,0,4.6,0.204,0.0301,0
7573,22490.0,0.01094,0.01323,0,5.8,0.228,0.0568,0
7574,20670.0,0.02341,0.0404,0,6.6,0.304,0.0322,0
7575,29560.0,0.01351,0.01095,0,1.5,0.21,0.0393,0
7576,17650.0,0.03517,0.07752,0,3.0,0.539,0.0343,0
7577,6330.0,0.01119,0.00429,0,1.3,0.449,0.0524,0
7578,3510.0,0.03078,0.02759,13,1.9,0.53,0.0513,0
7579,12920.0,0.02662,0.0763,0,1.2,0.545,0.0685,0
7580,11880.0,0.02039,0.02998,0,0.8,0.343,0.0686,0
7581,18860.0,0.0059,0.00564,0,4.4,0.424,0.0349,0
7582,14310.0,0.0141,0.06892,0,3.1,0.507,0.0639,0
7583,6110.0,0.00652,0.00896,0,1.9,0.362,0.0488,0
7584,4610.0,0.02868,0.02306,0,3.4,0.518,0.0659,0
7585,3550.0,0.02739,0.08697,0,4.8,0.413,0.0573,0
7586,9350.0,0.03157,0.01728,0,6.7,0.558,0.0602,0
7587,10070.0,0.0581,0.06616,0,0.9,0.212,0.064,0
7588,14960.0,0.02922,0.02416,0,2.6,0.257,0.0452,0
7589,5000.0,0.01355,0.0392,0,3.5,0.429,0.0445,0
7590,10360.0,0.07156,0.14172,0,3.4,0.484,0.0709,0
7591,20410.0,0.01317,0.01439,0,1.2,0.357,0.0436,0
7592,6480.0,0.01089,0.00817,0,2.2,0.21,0.0508,0
7593,9170.0,0.02948,0.01688,0,3.9,0.392,0.0441,0
7594,10280.0,0.02733,0.02226,0,0.7,0.243,0.0303,0
7595,13080.0,0.00822,0.02316,144,3.9,0.343,0.0788,0
7596,13090.0,0.00999,0.01558,0,1.6,0.281,0.0708,0
7597,5750.0,0.016,0.01856,17,0.7,0.245,0.0735,0
7598,12960.0,0.01453,0.0239,0,6.1,0.32,0.0788,0
7599,5260.0,0.02685,0.02793,0,0.8,0.384,0.0311,0
7600,20150.0,0.03097,0.16763,49,3.4,0.545,0.0585,0
7601,3910.0,0.01249,0.00931,0,2.0,0.222,0.0505,0
7602,29130.0,0.01851,0.01858,0,6.8,0.576,0.0741,0
7603,38340.0,0.03284,0.04234,0,2.4,0.309,0.069,0
7604,9710.0,0.0666,0.13382,0,5.3,0.588,0.0527,0
7605,7320.0,0.06948,0.0722,0,6.5,0.346,0.0404,0
7606,24940.0,0.00756,0.00716,0,5.5,0.515,0.046,0
7607,2980.0,0.02068,0.0173,67,3.7,0.271,0.0748,0
7608,5050.0,0.00754,0.00435,0,1.2,0.234,0.0427,0
7609,47260.0,0.00426,0.00286,44,4.0,0.435,0.0514,0
7610,1650.0,0.02066,0.01908,0,2.5,0.244,0.0653,0
7611,1530.0,0.01074,0.02346,0,7.0,0.37,0.0432,0
7612,23630.0,0.02399,0.03392,0,6.8,0.452,0.0339,0
7613,12360.0,0.03226,0.0824,0,0.9,0.336,0.0306,0
7614,9400.0,0.01446,0.01314,0,5.9,0.438,0.0394,0
7615,4450.0,0.01974,0.01643,0,0.9,0.533,0.0417,0
7616,4440.0,0.06464,0.0635,323,6.2,0.281,0.0647,0
7617,11040.0,0.01639,0.01057,59,3.6,0.207,0.0486,0
7618,7260.0,0.00894,0.02122,0,6.4,0.433,0.0594,0
7619,8060.0,0.03841,0.02589,0,4.0,0.27,0.0424,0
7620,16750.0,0.01478,0.01191,0,4.4,0.516,0.0648,0
7621,12120.0,0.02903,0.04377,0,4.7,0.255,0.0378,0
7622,19670.0,0.06927,0.26502,0,1.6,0.589,0.0773,0
7623,11590.0,0.02756,0.08014,0,1.5,0.295,0.0547,0
7624,17380.0,0.0067,0.00459,0,4.9,0.485,0.0606,1
7625,20110.0,0.02679,0.01831,0,3.9,0.382,0.0755,0
7626,11880.0,0.03061,0.06328,0,3.6,0.229,0.0605,0
7627,16590.0,0.00745,0.02318,0,6.4,0.25,0.0349,0
7628,3630.0,0.01651,0.02346,0,6.9,0.375,0.0323,0
7629,9200.0,0.02961,0.03744,0,3.1,0.258,0.0711,0
7630,7150.0,0.02171,0.02419,0,1.6,0.479,0.0533,0
7631,4750.0,0.01454,0.00545,0,4.7,0.317,0.073,0
7632,7870.0,0.02039,0.09422,0,5.1,0.304,0.0571,0
7633,17370.0,0.01893,0.01552,0,6.8,0.494,0.0607,0
7634,14200.0,0.01434,0.02029,0,0.8,0.497,0.0692,0
7635,6620.0,0.02305,0.01984,0,6.2,0.575,0.0668,0
7636,12290.0,0.0042,0.00919,0,3.6,0.316,0.067,0
7637,14880.0,0.01658,0.01151,0,2.9,0.269,0.0385,0
7638,93600.0,0.08461,0.11291,0,2.4,0.532,0.0647,0
7639,10680.0,0.03838,0.0754,0,0.6,0.368,0.0525,0
7640,13490.0,0.04946,0.08077,0,0.8,0.23,0.0655,0
7641,15770.0,0.01877,0.01962,0,6.7,0.532,0.0492,0
7642,32380.0,0.05298,0.01892,0,1.1,0.516,0.052,0
7643,1830.0,0.01525,0.0078,0,6.0,0.466,0.0718,0
7644,28490.0,0.02025,0.011,88,1.6,0.293,0.0567,0
7645,21560.0,0.01799,0.01893,0,6.9,0.298,0.0736,0
7646,11980.0,0.08809,0.19753,88,0.9,0.319,0.0581,0
7647,26540.0,0.03275,0.03405,0,1.2,0.335,0.0339,0
7648,7510.0,0.01691,0.03051,0,1.5,0.312,0.0354,0
7649,44840.0,0.06019,0.07553,0,5.7,0.436,0.0779,0
7650,23870.0,0.02907,0.02897,0,6.1,0.358,0.0738,0
7651,5950.0,0.03786,0.14185,0,0.8,0.427,0.0714,0
7652,13060.0,0.02313,0.01288,0,3.8,0.406,0.0799,0
7653,18300.0,0.01326,0.01761,0,1.4,0.313,0.0302,0
7654,4450.0,0.05445,0.13517,0,3.0,0.23,0.0481,0
7655,15020.0,0.01588,0.02547,0,5.4,0.261,0.0509,0
7656,11200.0,0.01029,0.01278,0,4.3,0.207,0.0305,0
7657,26900.0,0.01754,0.01091,0,0.5,0.275,0.0762,0
7658,6440.0,0.00768,0.01076,223,2.9,0.297,0.0719,0
7659,23750.0,0.04155,0.0819,0,3.3,0.516,0.0525,0
7660,21960.0,0.03057,0.06331,0,0.7,0.539,0.0507,0
7661,13830.0,0.05058,0.1176,0,2.6,0.249,0.0379,0
7662,21920.0,0.01607,0.01207,40,4.9,0.571,0.0508,0
7663,7630.0,0.03225,0.03027,0,3.7,0.391,0.0761,0
7664,1700.0,0.02667,0.05793,0,5.5,0.478,0.0592,0
7665,12840.0,0.00774,0.00654,0,4.6,0.559,0.0592,0
7666,9680.0,0.03318,0.0241,0,1.7,0.253,0.0748,0
7667,2390.0,0.01544,0.00919,0,2.5,0.524,0.0515,0
7668,6970.0,0.02026,0.05257,0,1.9,0.239,0.0428,0
7669,24180.0,0.00763,0.01147,0,3.7,0.361,0.0716,0
7670,4090.0,0.08967,0.22522,0,3.9,0.527,0.0402,0
7671,18890.0,0.04652,0.05143,0,6.8,0.344,0.0781,0
7672,10060.0,0.03668,0.05483,0,4.6,0.435,0.055,0
7673,4080.0,0.01613,0.01297,0,1.6,0.34,0.0596,0
7674,8240.0,0.01827,0.01442,0,6.5,0.508,0.0393,0
7675,11470.0,0.0062,0.01392,0,5.6,0.461,0.0462,0
7676,9480.0,0.06037,0.0391,0,2.1,0.518,0.0338,0
7677,10510.0,0.12052,0.38603,0,2.0,0.448,0.0689,0
7678,14210.0,0.05194,0.0713,0,4.8,0.324,0.0579,0
7679,16130.0,0.01382,0.02034,0,0.9,0.231,0.0627,0
7680,50790.0,0.01752,0.03069,0,1.9,0.514,0.0512,0
7681,38040.0,0.09999,0.12476,0,0.9,0.406,0.0367,0
7682,13700.0,0.01081,0.01226,49,3.1,0.429,0.0666,0
7683,26390.0,0.01552,0.00993,0,4.9,0.472,0.0432,0
7684,13330.0,0.01251,0.02805,0,5.3,0.429,0.0693,0
7685,15110.0,0.01224,0.00871,0,6.5,0.589,0.0436,0
7686,34630.0,0.02086,0.00666,0,6.8,0.462,0.0428,0
7687,4740.0,0.01322,0.0319,0,0.8,0.28,0.043,0
7688,34050.0,0.01997,0.04904,0,6.6,0.363,0.0567,0
7689,4220.0,0.0167,0.01635,0,1.0,0.553,0.0471,0
7690,9570.0,0.02873,0.04527,0,1.4,0.218,0.0748,0
7691,34790.0,0.04932,0.02337,0,5.4,0.351,0.0497,0
7692,33680.0,0.01026,0.02042,0,2.2,0.398,0.0755,0
7693,20770.0,0.02602,0.04786,0,2.3,0.56,0.0785,0
7694,18530.0,0.01285,0.00319,0,2.2,0.46,0.0482,0
7695,30100.0,0.05252,0.06092,134,5.6,0.489,0.0437,0
7696,22020.0,0.05004,0.02574,0,1.4,0.508,0.0426,0
7697,2280.0,0.02387,0.09237,0,0.6,0.308,0.0645,0
7698,46350.0,0.01279,0.02331,0,6.8,0.293,0.0447,0
7699,3670.0,0.03249,0.01967,0,2.8,0.411,0.0353,0
7700,22380.0,0.00823,0.00482,0,2.5,0.233,0.0698,0
7701,10090.0,0.00922,0.00868,0,3.6,0.421,0.0369,0
7702,6090.0,0.03269,0.05016,0,1.8,0.379,0.0716,0
7703,5730.0,0.01012,0.02053,0,5.6,0.452,0.035,0
7704,4720.0,0.01572,0.00958,0,5.0,0.507,0.0327,0
7705,8280.0,0.04179,0.03781,0,4.8,0.509,0.0663,0
7706,14510.0,0.00829,0.01531,3,2.3,0.496,0.0307,0
7707,2620.0,0.0199,0.06659,0,1.4,0.286,0.0705,0
7708,4170.0,0.01726,0.03293,0,1.7,0.528,0.0699,0
7709,38990.0,0.02749,0.02958,0,2.7,0.248,0.0748,0
7710,3960.0,0.01055,0.0084,0,2.4,0.385,0.0628,0
7711,8770.0,0.01391,0.02472,75,4.9,0.576,0.0448,0
7712,6950.0,0.01596,0.01666,56,4.0,0.259,0.0552,0
7713,20500.0,0.0071,0.00617,0,5.0,0.318,0.0638,0
7714,28110.0,0.01411,0.02649,0,3.4,0.434,0.0411,0
7715,7630.0,0.03211,0.03082,0,4.3,0.551,0.0528,0
7716,7930.0,0.02055,0.01379,0,2.3,0.208,0.0591,0
7717,4930.0,0.04812,0.04073,0,4.4,0.553,0.0371,0
7718,2470.0,0.01356,0.0133,0,2.5,0.284,0.0605,0
7719,9820.0,0.01118,0.02178,0,3.2,0.57,0.0649,0
7720,11950.0,0.03288,0.06845,0,0.6,0.212,0.0609,0
7721,7340.0,0.01259,0.02074,0,2.6,0.346,0.0301,0
7722,10320.0,0.01634,0.02301,0,6.6,0.225,0.0464,0
7723,4410.0,0.03099,0.0528,0,3.9,0.386,0.0717,0
7724,5120.0,0.02617,0.06243,0,4.1,0.247,0.0579,0
7725,13530.0,0.02327,0.02474,0,1.8,0.264,0.0463,0
7726,4570.0,0.02501,0.02325,0,1.6,0.407,0.0547,0
7727,29780.0,0.0375,0.07592,0,3.4,0.216,0.0601,0
7728,8490.0,0.02876,0.03837,0,4.1,0.34,0.0343,0
7729,6000.0,0.02092,0.01864,0,1.6,0.492,0.0735,0
7730,24640.0,0.01679,0.01581,0,2.1,0.463,0.046,0
7731,14870.0,0.02611,0.01518,0,6.4,0.309,0.0437,0
7732,2830.0,0.02443,0.01032,0,5.3,0.406,0.0556,0
7733,6000.0,0.00474,0.01202,0,5.1,0.423,0.0749,0
7734,11690.0,0.02659,0.06546,0,2.7,0.477,0.0346,0
7735,49210.0,0.02609,0.02997,0,3.6,0.416,0.03,0
7736,16290.0,0.00607,0.01776,0,1.2,0.534,0.0734,0
7737,29410.0,0.01506,0.01299,0,3.1,0.504,0.0547,0
7738,9570.0,0.01418,0.01324,0,3.6,0.565,0.0603,0
7739,6700.0,0.04785,0.04238,0,5.2,0.284,0.0428,0
7740,13300.0,0.03934,0.02471,0,1.7,0.527,0.0419,0
7741,13230.0,0.01187,0.00901,13,4.0,0.552,0.0398,0
7742,9330.0,0.00736,0.00854,0,4.4,0.278,0.0627,0
7743,6860.0,0.004,0.00554,0,3.2,0.243,0.0642,0
7744,2100.0,0.01267,0.005,0,5.8,0.388,0.0783,0
7745,8880.0,0.01097,0.01183,0,6.2,0.377,0.0703,0
7746,6000.0,0.02952,0.0255,0,3.9,0.515,0.0502,0
7747,5590.0,0.03883,0.03757,3,3.0,0.344,0.0381,0
7748,20860.0,0.01774,0.01169,24,6.1,0.52,0.0737,0
7749,14670.0,0.02124,0.03041,0,6.4,0.55,0.08,0
7750,8050.0,0.0188,0.02386,0,4.9,0.308,0.0673,1
7751,19520.0,0.00964,0.00449,0,4.5,0.387,0.066,0
7752,8310.0,0.04167,0.08164,0,3.1,0.214,0.0788,0
7753,16360.0,0.06423,0.02498,0,2.8,0.511,0.0352,0
7754,16970.0,0.042,0.02075,0,1.0,0.433,0.0597,0
7755,10010.0,0.01819,0.02344,383,5.0,0.212,0.0547,1
7756,5990.0,0.01339,0.00903,0,2.3,0.435,0.0569,0
7757,3720.0,0.0327,0.02657,0,3.5,0.401,0.0701,0
7758,2460.0,0.04777,0.0338,0,5.4,0.563,0.0551,0
7759,16100.0,0.03214,0.02139,0,6.7,0.365,0.0488,0
7760,9790.0,0.01184,0.03749,0,2.6,0.426,0.0767,0
7761,15020.0,0.03042,0.06188,0,1.2,0.38,0.0526,0
7762,3280.0,0.02418,0.05008,0,3.1,0.591,0.0755,0
7763,4370.0,0.01336,0.01151,0,1.8,0.497,0.0723,0
7764,3690.0,0.00948,0.00688,0,0.8,0.453,0.0516,0
7765,6060.0,0.03377,0.02451,0,3.1,0.404,0.0592,0
7766,9580.0,0.03243,0.01023,0,4.0,0.572,0.0536,0
7767,4860.0,0.00695,0.00221,0,6.9,0.501,0.0541,0
7768,2610.0,0.01833,0.01465,0,3.6,0.486,0.0329,0
7769,18900.0,0.04202,0.02609,0,1.9,0.399,0.0503,0
7770,6910.0,0.01206,0.02168,0,3.9,0.359,0.0617,0
7771,9030.0,0.0202,0.0053,0,6.6,0.33,0.0379,0
7772,6730.0,0.03648,0.02518,0,0.6,0.273,0.0554,0
7773,3710.0,0.01889,0.01683,0,5.2,0.439,0.0329,0
7774,71180.0,0.03818,0.03254,0,1.4,0.296,0.0347,0
7775,6010.0,0.03267,0.01699,0,3.5,0.487,0.0497,0
7776,6130.0,0.0229,0.00779,0,1.3,0.408,0.0597,0
7777,13550.0,0.01524,0.00517,0,4.1,0.492,0.0605,0
7778,10600.0,0.02175,0.03092,0,1.3,0.584,0.0727,0
7779,10610.0,0.05592,0.35093,0,5.7,0.488,0.0468,0
7780,12150.0,0.02117,0.02242,0,1.9,0.277,0.0689,0
7781,10480.0,0.02731,0.02896,0,5.3,0.383,0.0549,0
7782,27890.0,0.02997,0.01759,0,3.7,0.496,0.049,0
7783,20360.0,0.00868,0.02831,4,2.2,0.28,0.078,0
7784,7190.0,0.0126,0.01678,0,2.8,0.439,0.0539,0
7785,11440.0,0.01412,0.00661,0,5.8,0.461,0.0528,0
7786,7880.0,0.00226,0.00623,67,4.2,0.235,0.0368,0
7787,5670.0,0.03,0.01628,0,6.6,0.539,0.0583,0
7788,20230.0,0.03358,0.01794,0,0.9,0.563,0.0704,0
7789,31390.0,0.05003,0.06968,0,2.0,0.261,0.0343,0
7790,10200.0,0.06735,0.04631,0,4.8,0.412,0.0343,0
7791,6920.0,0.02184,0.05232,0,4.0,0.466,0.0364,0
7792,34280.0,0.02388,0.03162,0,4.1,0.299,0.0633,0
7793,12840.0,0.01302,0.0202,0,5.4,0.258,0.0348,0
7794,27940.0,0.00834,0.00936,0,2.0,0.514,0.0552,0
7795,4540.0,0.06312,0.0421,0,1.8,0.248,0.0469,0
7796,11670.0,0.01133,0.02856,0,6.4,0.524,0.0402,0
7797,10260.0,0.01058,0.0137,0,0.7,0.411,0.0647,0
7798,7510.0,0.02382,0.02095,0,4.2,0.587,0.0344,0
7799,12850.0,0.02183,0.02248,0,1.8,0.412,0.0709,0
7800,10550.0,0.02519,0.01627,0,3.3,0.431,0.0737,0
7801,14620.0,0.0056,0.00481,0,3.0,0.508,0.0768,0
7802,5180.0,0.0121,0.00707,0,2.3,0.308,0.0785,1
7803,5680.0,0.08068,0.19797,0,2.6,0.558,0.0473,0
7804,3500.0,0.07632,0.13224,0,5.8,0.429,0.0567,0
7805,15260.0,0.05102,0.09467,0,4.6,0.425,0.0746,0
7806,6690.0,0.03353,0.01793,0,6.0,0.312,0.0561,0
7807,4260.0,0.03499,0.05937,0,1.2,0.438,0.0579,0
7808,11550.0,0.01367,0.02016,0,4.4,0.566,0.0637,0
7809,8500.0,0.01597,0.03559,0,1.9,0.249,0.0728,0
7810,12760.0,0.0312,0.01673,61,7.0,0.535,0.0568,0
7811,5530.0,0.01568,0.01408,0,5.8,0.431,0.047,0
7812,13730.0,0.01835,0.01932,0,4.0,0.395,0.0691,0
7813,21630.0,0.01669,0.01502,0,4.8,0.494,0.0311,0
7814,10280.0,0.0206,0.02054,0,0.7,0.246,0.0703,0
7815,17550.0,0.02478,0.02579,0,4.4,0.54,0.0479,0
7816,16770.0,0.03204,0.03426,0,2.3,0.509,0.0603,0
7817,7670.0,0.03191,0.12788,0,5.0,0.316,0.0752,0
7818,2290.0,0.0426,0.06067,0,2.4,0.482,0.0304,0
7819,6640.0,0.03114,0.08592,0,0.7,0.531,0.0411,1
7820,20980.0,0.01113,0.01055,0,1.7,0.453,0.0795,0
7821,26770.0,0.01803,0.02153,0,0.9,0.302,0.0458,0
7822,5540.0,0.01119,0.03788,0,6.7,0.305,0.0312,0
7823,24780.0,0.0223,0.00991,0,6.8,0.569,0.0713,0
7824,39340.0,0.01599,0.01514,0,4.6,0.442,0.058,0
7825,6220.0,0.01059,0.01606,0,1.4,0.357,0.0622,0
7826,3300.0,0.01917,0.06175,0,4.2,0.582,0.0745,0
7827,5580.0,0.12541,0.22096,28,3.7,0.343,0.0348,0
7828,8250.0,0.0265,0.01943,21,4.3,0.467,0.0538,0
7829,2640.0,0.01609,0.03336,0,5.7,0.298,0.0356,0
7830,18870.0,0.00634,0.00643,0,5.2,0.341,0.0616,0
7831,4390.0,0.00906,0.02336,0,5.2,0.255,0.0335,0
7832,5660.0,0.02007,0.00946,0,4.5,0.533,0.0316,0
7833,3120.0,0.20827,0.34661,0,0.8,0.337,0.0713,0
7834,31920.0,0.01341,0.00722,343,1.3,0.526,0.0652,0
7835,12100.0,0.00925,0.0032,0,3.2,0.513,0.0341,0
7836,8440.0,0.0182,0.0683,0,4.7,0.591,0.0708,0
7837,9080.0,0.03204,0.02607,0,6.7,0.498,0.0542,0
7838,3820.0,0.03522,0.03033,0,3.4,0.573,0.0584,0
7839,9260.0,0.01709,0.01182,0,6.4,0.424,0.0536,0
7840,8240.0,0.01195,0.03357,0,6.7,0.368,0.0443,0
7841,10450.0,0.01273,0.00681,0,6.0,0.32,0.0691,0
7842,5880.0,0.0119,0.01051,0,1.9,0.566,0.0384,0
7843,8170.0,0.02583,0.04281,9,2.8,0.586,0.0419,1
7844,10500.0,0.04457,0.02512,0,1.7,0.567,0.047,0
7845,200000.0,0.00762,0.00677,0,3.6,0.557,0.0728,0
7846,5500.0,0.0086,0.02824,0,2.2,0.51,0.068,0
7847,12730.0,0.02385,0.02716,0,2.9,0.442,0.0694,0
7848,11320.0,0.01187,0.0081,0,5.7,0.416,0.0412,0
7849,8290.0,0.02062,0.02686,0,4.7,0.392,0.0366,0
7850,6800.0,0.01152,0.01615,0,4.6,0.422,0.053,0
7851,6040.0,0.03427,0.12114,0,1.2,0.539,0.0632,0
7852,1000.0,0.02626,0.02778,0,6.9,0.537,0.0418,0
7853,32940.0,0.00883,0.00522,16,4.0,0.233,0.0702,0
7854,13240.0,0.02499,0.01558,0,1.2,0.35,0.0789,0
7855,45950.0,0.03072,0.01675,0,3.4,0.329,0.0702,0
7856,23080.0,0.01357,0.05549,0,6.2,0.36,0.0655,0
7857,23790.0,0.0147,0.01665,0,4.9,0.252,0.0635,0
7858,2810.0,0.0117,0.01139,0,5.2,0.416,0.0561,0
7859,6940.0,0.01277,0.02211,0,1.2,0.378,0.0306,0
7860,5810.0,0.01162,0.0204,0,4.7,0.26,0.0468,0
7861,50780.0,0.01998,0.02883,0,4.2,0.556,0.0427,0
7862,7600.0,0.04197,0.03202,0,2.6,0.488,0.0391,0
7863,18660.0,0.00506,0.01856,0,0.7,0.567,0.073,0
7864,18590.0,0.01146,0.01136,0,6.9,0.302,0.0681,0
7865,35310.0,0.02024,0.02612,0,3.3,0.462,0.0498,0
7866,12070.0,0.0173,0.01274,0,1.0,0.279,0.0696,0
7867,5980.0,0.00514,0.00844,0,1.3,0.363,0.0488,0
7868,28900.0,0.0052,0.0217,0,4.0,0.473,0.0586,0
7869,17150.0,0.01866,0.01222,0,6.3,0.505,0.0529,0
7870,20730.0,0.00822,0.00891,0,3.5,0.443,0.0362,0
7871,8450.0,0.04615,0.03308,0,1.5,0.205,0.0407,0
7872,7300.0,0.01583,0.01269,0,3.5,0.387,0.0651,0
7873,11360.0,0.01231,0.01143,28,5.2,0.58,0.0619,0
7874,25120.0,0.03098,0.03643,0,3.9,0.277,0.0546,0
7875,4700.0,0.01442,0.00773,0,3.9,0.22,0.0727,0
7876,32000.0,0.02365,0.04735,0,2.9,0.205,0.0592,0
7877,15250.0,0.01,0.01143,0,4.4,0.288,0.0792,0
7878,3930.0,0.02202,0.01172,0,6.6,0.365,0.0491,0
7879,19250.0,0.02992,0.0554,0,2.8,0.229,0.0752,0
7880,16710.0,0.02977,0.0164,83,2.5,0.432,0.0517,0
7881,12410.0,0.01951,0.00495,0,1.8,0.367,0.0555,0
7882,4770.0,0.07514,0.10096,0,1.2,0.393,0.0701,0
7883,3690.0,0.01915,0.02128,0,6.8,0.263,0.0512,0
7884,2730.0,0.01143,0.00912,0,2.7,0.43,0.0412,0
7885,18220.0,0.02417,0.0055,0,3.5,0.589,0.0445,0
7886,15280.0,0.01639,0.00976,0,3.1,0.454,0.0673,0
7887,14120.0,0.02624,0.03186,0,1.1,0.36,0.0365,0
7888,19370.0,0.02973,0.03232,0,2.2,0.405,0.0362,0
7889,15020.0,0.06273,0.12209,0,1.9,0.393,0.0383,0
7890,30020.0,0.00613,0.00642,64,3.0,0.439,0.0408,0
7891,4170.0,0.02315,0.03705,0,2.9,0.574,0.0367,0
7892,47150.0,0.00937,0.0052,0,1.7,0.526,0.0724,0
7893,14140.0,0.04069,0.03854,0,0.9,0.315,0.0771,0
7894,6540.0,0.00878,0.01753,0,3.4,0.224,0.0697,0
7895,8640.0,0.01013,0.00561,0,3.9,0.249,0.0339,0
7896,21420.0,0.02003,0.00948,0,4.2,0.337,0.0468,0
7897,3070.0,0.01524,0.00967,0,3.9,0.502,0.0797,0
7898,7930.0,0.01455,0.0104,0,2.8,0.577,0.0676,0
7899,13310.0,0.06088,0.08294,26,4.3,0.398,0.0528,0
7900,8100.0,0.06466,0.22901,0,6.6,0.361,0.0341,0
7901,7650.0,0.03413,0.05922,0,1.5,0.504,0.0511,0
7902,6040.0,0.01909,0.02171,0,3.1,0.279,0.062,0
7903,13900.0,0.01262,0.00828,0,6.7,0.212,0.0508,0
7904,13630.0,0.02005,0.01078,0,3.1,0.547,0.0329,0
7905,6300.0,0.09318,0.1394,0,6.5,0.27,0.0766,0
7906,13240.0,0.01909,0.02854,0,3.8,0.23,0.0546,0
7907,10450.0,0.00949,0.00966,0,2.6,0.488,0.0757,0
7908,48020.0,0.0132,0.02749,0,3.4,0.294,0.0748,1
7909,25770.0,0.00806,0.00624,0,1.1,0.577,0.064,0
7910,24170.0,0.04947,0.13044,0,2.3,0.566,0.0405,0
7911,10850.0,0.04447,0.07056,0,0.6,0.523,0.0538,0
7912,6120.0,0.00656,0.00903,1,2.9,0.595,0.0333,0
7913,8880.0,0.02615,0.03671,0,3.8,0.425,0.0625,0
7914,8900.0,0.01196,0.0176,0,2.9,0.256,0.0308,0
7915,11960.0,0.0179,0.00962,0,6.7,0.365,0.0405,0
7916,31210.0,0.0156,0.02531,0,4.3,0.501,0.0679,0
7917,12500.0,0.01434,0.04087,0,5.3,0.214,0.0581,0
7918,12400.0,0.02243,0.03856,0,4.1,0.548,0.0481,0
7919,9100.0,0.04288,0.02001,0,1.3,0.536,0.0433,0
7920,31630.0,0.03265,0.18167,0,4.1,0.457,0.0657,0
7921,29760.0,0.00666,0.00333,0,1.3,0.52,0.047,0
7922,46140.0,0.0135,0.01363,0,2.9,0.346,0.0614,0
7923,5370.0,0.00666,0.00234,0,3.1,0.21,0.0406,0
7924,17970.0,0.01536,0.00998,0,6.2,0.224,0.0723,0
7925,17060.0,0.03555,0.01866,0,5.0,0.416,0.0625,0
7926,77470.0,0.01551,0.01927,0,3.4,0.387,0.0404,1
7927,18210.0,0.04238,0.08774,0,1.2,0.548,0.0564,0
7928,19970.0,0.04701,0.00869,0,6.0,0.49,0.0698,0
7929,42340.0,0.01623,0.00934,0,4.8,0.577,0.0663,0
7930,15490.0,0.00847,0.01959,0,3.0,0.421,0.0674,0
7931,54330.0,0.02279,0.01068,0,3.3,0.227,0.0767,0
7932,14110.0,0.05966,0.1577,12,5.1,0.207,0.0533,0
7933,8910.0,0.07232,0.04759,0,5.6,0.524,0.0765,0
7934,4190.0,0.0175,0.02992,0,4.9,0.469,0.0344,0
7935,5210.0,0.01674,0.02598,0,6.6,0.466,0.0307,0
7936,5310.0,0.06956,0.05513,0,1.7,0.391,0.0601,0
7937,46850.0,0.04278,0.03869,0,2.4,0.218,0.0353,0
7938,17810.0,0.0224,0.03294,0,5.7,0.314,0.0706,1
7939,22440.0,0.02839,0.01227,0,6.9,0.365,0.0461,0
7940,13980.0,0.02681,0.04059,0,6.5,0.575,0.0655,0
7941,13320.0,0.01237,0.04197,0,3.4,0.206,0.0361,0
7942,6340.0,0.0132,0.02231,48,6.8,0.46,0.068,0
7943,6560.0,0.04752,0.02711,0,1.0,0.373,0.0626,0
7944,16580.0,0.01132,0.00752,0,4.0,0.349,0.0747,0
7945,7100.0,0.01235,0.01738,289,4.4,0.517,0.0762,0
7946,18370.0,0.03805,0.04101,0,5.5,0.525,0.0522,0
7947,8880.0,0.02979,0.02189,0,6.9,0.229,0.0474,0
7948,18910.0,0.01355,0.00691,0,4.3,0.285,0.0676,0
7949,3600.0,0.02496,0.0282,50,1.4,0.465,0.0328,0
7950,22440.0,0.04295,0.09272,0,4.8,0.328,0.0603,0
7951,5650.0,0.01792,0.03127,0,6.8,0.525,0.063,0
7952,3660.0,0.02429,0.01821,0,1.0,0.531,0.0435,0
7953,20790.0,0.02611,0.00909,0,6.6,0.395,0.0669,0
7954,20400.0,0.03123,0.0515,0,6.9,0.413,0.0645,0
7955,3350.0,0.01065,0.00835,0,5.4,0.338,0.0738,1
7956,13700.0,0.00595,0.01225,0,5.3,0.563,0.0549,0
7957,10670.0,0.02006,0.03601,0,5.0,0.573,0.0455,0
7958,9740.0,0.0041,0.00259,47,1.1,0.53,0.0684,0
7959,9850.0,0.04591,0.04003,0,5.9,0.369,0.0691,0
7960,12110.0,0.00979,0.01529,0,5.7,0.286,0.0421,0
7961,8240.0,0.04151,0.04723,21,2.9,0.258,0.0685,0
7962,6260.0,0.02063,0.02376,0,5.7,0.53,0.0385,0
7963,13300.0,0.01983,0.09791,0,4.3,0.43,0.0432,0
7964,13770.0,0.01006,0.01831,0,1.5,0.45,0.0435,0
7965,3500.0,0.01492,0.02949,0,1.4,0.575,0.0322,0
7966,14550.0,0.05398,0.04598,0,4.1,0.535,0.057,0
7967,13620.0,0.00502,0.01243,274,5.3,0.29,0.0442,0
7968,9210.0,0.02591,0.03615,0,4.4,0.231,0.0475,0
7969,5180.0,0.00381,0.00832,0,6.0,0.341,0.0685,0
7970,3050.0,0.05117,0.04716,0,2.2,0.596,0.0412,0
7971,18680.0,0.02707,0.10376,27,3.7,0.205,0.0573,0
7972,6940.0,0.03565,0.08029,0,1.5,0.438,0.0549,0
7973,8310.0,0.0249,0.04311,6,1.0,0.569,0.0596,0
7974,4600.0,0.0276,0.02968,0,4.9,0.314,0.0668,0
7975,7570.0,0.01716,0.00973,0,2.5,0.251,0.0319,0
7976,23400.0,0.03244,0.02178,0,1.1,0.43,0.0599,0
7977,3000.0,0.00955,0.01532,0,5.6,0.217,0.0747,0
7978,13280.0,0.00574,0.00919,0,0.9,0.392,0.0468,0
7979,6260.0,0.01379,0.0047,0,4.1,0.388,0.0771,0
7980,34860.0,0.00816,0.00732,73,5.0,0.486,0.0332,0
7981,3430.0,0.01569,0.06027,0,2.0,0.397,0.0441,0
7982,10500.0,0.03009,0.04727,0,3.5,0.359,0.0786,0
7983,3080.0,0.02501,0.0286,0,1.6,0.303,0.0453,0
7984,3130.0,0.03386,0.03769,0,0.6,0.306,0.0618,0
7985,16950.0,0.01227,0.01239,0,3.7,0.568,0.0315,0
7986,13060.0,0.00657,0.00751,0,5.6,0.246,0.0377,0
7987,9480.0,0.13945,0.08653,0,3.2,0.437,0.0727,0
7988,10840.0,0.02886,0.04701,0,6.5,0.486,0.0339,0
7989,10940.0,0.00866,0.0129,0,6.5,0.4,0.0539,0
7990,12050.0,0.02458,0.02697,0,3.2,0.41,0.0312,0
7991,5710.0,0.01419,0.0192,0,3.3,0.291,0.0713,0
7992,5550.0,0.01881,0.03979,0,1.1,0.322,0.0495,0
7993,35460.0,0.03202,0.02522,0,2.3,0.507,0.0372,0
7994,12110.0,0.033,0.09113,0,6.0,0.553,0.0666,0
7995,16710.0,0.00555,0.01041,0,3.9,0.507,0.0319,0
7996,24010.0,0.01355,0.01243,0,5.0,0.302,0.0366,0
7997,6690.0,0.04951,0.08194,0,4.1,0.58,0.061,0
7998,3610.0,0.07366,0.10245,0,5.2,0.288,0.0746,0
7999,5550.0,0.00909,0.00416,0,6.1,0.275,0.0717,0
8000,9380.0,0.02912,0.0222,0,2.3,0.473,0.0648,0
8001,17940.0,0.06379,0.05912,0,3.2,0.381,0.0683,0
8002,5650.0,0.03743,0.03748,0,5.7,0.478,0.0664,0
8003,27160.0,0.04014,0.08665,0,1.2,0.385,0.0796,0
8004,6060.0,0.01326,0.01273,0,1.4,0.458,0.0462,0
8005,27610.0,0.00742,0.00649,0,4.5,0.22,0.0433,0
8006,32380.0,0.02152,0.02323,0,3.7,0.241,0.0352,0
8007,30980.0,0.0141,0.02564,0,1.6,0.554,0.0634,0
8008,3870.0,0.01805,0.01026,0,2.6,0.495,0.0392,0
8009,21060.0,0.03159,0.0378,0,5.5,0.257,0.0708,0
8010,13080.0,0.00852,0.01558,0,6.6,0.485,0.0306,0
8011,4210.0,0.02262,0.01266,85,4.4,0.451,0.0403,0
8012,2670.0,0.01978,0.03737,0,3.3,0.482,0.0778,1
8013,6640.0,0.03503,0.03732,0,2.9,0.254,0.064,0
8014,18240.0,0.00549,0.00585,0,5.3,0.314,0.0782,0
8015,9830.0,0.05866,0.06876,0,0.9,0.258,0.0613,0
8016,9790.0,0.02682,0.03161,0,3.6,0.542,0.0645,0
8017,20440.0,0.0266,0.04134,0,5.2,0.273,0.0613,0
8018,28950.0,0.04568,0.04992,0,3.8,0.357,0.035,0
8019,1940.0,0.03955,0.01952,311,1.9,0.326,0.0484,0
8020,7100.0,0.04518,0.02338,0,6.2,0.54,0.0598,0
8021,14990.0,0.01603,0.03927,0,1.3,0.312,0.0349,0
8022,9230.0,0.01328,0.02506,74,3.6,0.455,0.061,0
8023,6020.0,0.01811,0.0161,0,5.1,0.326,0.0484,0
8024,7030.0,0.018,0.01354,0,4.7,0.517,0.0702,0
8025,6290.0,0.03291,0.02132,0,4.9,0.364,0.0338,0
8026,14860.0,0.0141,0.02344,0,6.8,0.474,0.0448,0
8027,4260.0,0.01101,0.01961,0,4.1,0.242,0.058,0
8028,8600.0,0.02231,0.0277,0,3.9,0.293,0.0787,0
8029,26760.0,0.00731,0.006,0,4.7,0.26,0.0394,0
8030,5320.0,0.02882,0.0473,0,2.7,0.222,0.0778,0
8031,6340.0,0.02791,0.01675,0,3.8,0.496,0.0703,0
8032,21320.0,0.00596,0.00718,0,5.3,0.561,0.0572,0
8033,7290.0,0.02251,0.03943,0,4.7,0.385,0.0675,0
8034,23300.0,0.02956,0.04165,0,4.3,0.531,0.053,0
8035,3920.0,0.02341,0.01364,14,3.6,0.497,0.0574,0
8036,4680.0,0.01441,0.01129,0,6.5,0.518,0.0662,0
8037,13630.0,0.01301,0.0166,0,4.8,0.407,0.0793,0
8038,11600.0,0.00923,0.01411,0,1.3,0.467,0.0353,0
8039,10310.0,0.01596,0.03398,0,6.0,0.231,0.0366,0
8040,2060.0,0.0214,0.03387,0,3.3,0.504,0.0623,0
8041,5980.0,0.05652,0.08377,0,6.4,0.396,0.0411,0
8042,32900.0,0.00643,0.0032,0,5.9,0.516,0.0673,0
8043,29290.0,0.00962,0.01533,53,3.0,0.279,0.0369,0
8044,2350.0,0.05908,0.0567,0,3.2,0.38,0.0456,0
8045,8730.0,0.01453,0.02141,0,6.1,0.588,0.057,0
8046,8190.0,0.0119,0.00362,0,2.9,0.356,0.0595,0
8047,11670.0,0.02089,0.04296,0,5.7,0.301,0.0535,0
8048,11260.0,0.00491,0.00669,0,1.7,0.259,0.0764,0
8049,2170.0,0.00901,0.00494,0,5.7,0.27,0.0709,0
8050,22950.0,0.03579,0.02367,0,2.6,0.471,0.0512,0
8051,6730.0,0.02239,0.01053,0,3.6,0.56,0.0396,0
8052,13610.0,0.0133,0.01422,0,2.0,0.547,0.0759,0
8053,5930.0,0.00719,0.00978,1,6.8,0.442,0.035,1
8054,3270.0,0.01497,0.01643,0,4.6,0.226,0.0693,0
8055,3140.0,0.03272,0.0366,0,3.8,0.555,0.0436,0
8056,10600.0,0.06326,0.19479,0,5.3,0.431,0.0521,0
8057,13390.0,0.04199,0.07383,0,6.3,0.414,0.0652,0
8058,2800.0,0.02253,0.03394,0,5.8,0.265,0.0635,0
8059,4570.0,0.01248,0.01085,0,0.9,0.489,0.0777,0
8060,6070.0,0.01692,0.025,0,5.2,0.465,0.0643,0
8061,14860.0,0.0327,0.10099,0,1.8,0.25,0.0585,0
8062,2310.0,0.01817,0.03101,0,3.7,0.244,0.0387,0
8063,6460.0,0.01333,0.01072,0,0.9,0.299,0.0519,0
8064,9470.0,0.02145,0.04115,0,1.8,0.45,0.0604,0
8065,2670.0,0.01823,0.02012,0,0.6,0.552,0.0666,1
8066,12150.0,0.02081,0.02778,0,0.9,0.221,0.0334,0
8067,12200.0,0.01906,0.03324,0,4.2,0.217,0.0528,0
8068,10440.0,0.04864,0.1044,0,6.8,0.467,0.0331,0
8069,35470.0,0.00787,0.01447,0,2.5,0.587,0.0311,0
8070,7760.0,0.01667,0.00409,0,4.9,0.573,0.0519,0
8071,34080.0,0.00876,0.00783,0,3.6,0.414,0.0307,0
8072,2640.0,0.03227,0.06533,0,1.7,0.294,0.0305,0
8073,16770.0,0.00541,0.0045,0,4.2,0.481,0.0327,0
8074,5660.0,0.01329,0.01312,0,2.0,0.473,0.0762,0
8075,38640.0,0.01406,0.05186,0,5.1,0.457,0.0715,0
8076,7080.0,0.01564,0.03362,0,1.3,0.588,0.0464,0
8077,8890.0,0.00446,0.00361,0,3.6,0.574,0.0592,0
8078,4040.0,0.01781,0.01072,0,4.5,0.377,0.0465,0
8079,4940.0,0.01945,0.06406,0,0.6,0.46,0.0398,0
8080,10800.0,0.01224,0.01419,0,2.9,0.52,0.0423,0
8081,15940.0,0.01403,0.02192,0,1.3,0.218,0.0636,0
8082,7320.0,0.00477,0.00239,0,2.4,0.519,0.0313,0
8083,5820.0,0.05706,0.02913,0,5.1,0.534,0.0629,0
8084,16150.0,0.01329,0.00953,0,1.3,0.442,0.033,0
8085,28190.0,0.0106,0.03968,0,2.2,0.578,0.05,0
8086,9430.0,0.0147,0.04459,0,0.8,0.562,0.0494,0
8087,27960.0,0.0198,0.09973,0,6.3,0.282,0.0602,0
8088,3830.0,0.0151,0.02672,0,3.1,0.575,0.0326,0
8089,6500.0,0.03233,0.08957,0,6.2,0.599,0.0562,0
8090,42780.0,0.02675,0.04838,0,1.7,0.3,0.0352,0
8091,13810.0,0.02207,0.02961,0,0.7,0.289,0.0542,0
8092,3190.0,0.00453,0.00249,0,4.6,0.542,0.0696,0
8093,19830.0,0.01528,0.02075,0,2.1,0.565,0.062,0
8094,27130.0,0.03113,0.04427,0,4.5,0.571,0.0739,0
8095,14280.0,0.02119,0.03876,0,6.3,0.429,0.0655,0
8096,24870.0,0.01226,0.02112,333,3.9,0.547,0.056,0
8097,55730.0,0.0088,0.01087,0,1.1,0.469,0.0311,0
8098,10920.0,0.03737,0.06582,0,5.0,0.343,0.07,0
8099,19060.0,0.07677,0.06066,39,3.8,0.348,0.0516,0
8100,33480.0,0.02843,0.03624,0,5.8,0.371,0.0773,0
8101,4930.0,0.02261,0.03096,0,6.7,0.309,0.0442,0
8102,18760.0,0.01547,0.01705,0,4.3,0.304,0.046,0
8103,3520.0,0.02436,0.016,0,2.1,0.52,0.0415,0
8104,28180.0,0.02158,0.01644,60,2.4,0.491,0.0485,0
8105,11300.0,0.01948,0.02429,0,4.7,0.565,0.0591,0
8106,5280.0,0.05532,0.14518,0,4.6,0.272,0.0419,0
8107,4630.0,0.04834,0.09942,0,4.0,0.434,0.0614,0
8108,9570.0,0.0308,0.03356,0,6.8,0.477,0.0772,0
8109,16370.0,0.01751,0.01326,39,4.5,0.295,0.0709,0
8110,4630.0,0.01156,0.01341,66,4.1,0.469,0.0598,1
8111,11630.0,0.01993,0.04655,0,5.4,0.204,0.037,0
8112,11530.0,0.01832,0.02173,0,4.7,0.503,0.0357,0
8113,7700.0,0.02585,0.11709,83,5.6,0.485,0.0377,0
8114,4190.0,0.02367,0.03951,0,5.6,0.291,0.0423,0
8115,14830.0,0.01009,0.00561,0,2.6,0.356,0.0761,0
8116,20620.0,0.01702,0.01093,0,2.3,0.522,0.0568,0
8117,15620.0,0.01946,0.00631,0,3.6,0.496,0.0443,0
8118,3640.0,0.04655,0.09142,0,6.3,0.328,0.0526,0
8119,6930.0,0.00674,0.01192,0,2.9,0.508,0.0346,0
8120,35030.0,0.0209,0.02599,0,5.6,0.349,0.0511,0
8121,4520.0,0.02163,0.04093,0,2.5,0.318,0.0627,0
8122,25270.0,0.01032,0.00782,0,6.5,0.546,0.0749,0
8123,1800.0,0.01915,0.0204,0,5.6,0.202,0.0441,0
8124,11160.0,0.0096,0.01125,28,5.9,0.575,0.0547,0
8125,137590.0,0.00639,0.01855,0,2.6,0.357,0.0733,0
8126,15710.0,0.00647,0.00442,0,0.9,0.498,0.035,0
8127,7520.0,0.03635,0.02214,0,4.0,0.323,0.0367,0
8128,57700.0,0.01538,0.00793,0,6.0,0.503,0.0571,0
8129,9060.0,0.00764,0.00848,0,1.7,0.282,0.0547,0
8130,11200.0,0.03533,0.07284,0,1.5,0.461,0.0702,0
8131,13570.0,0.01766,0.00809,0,5.9,0.314,0.0681,0
8132,5860.0,0.07383,0.04971,0,3.3,0.536,0.0448,0
8133,11690.0,0.01169,0.03728,17,4.3,0.32,0.0568,0
8134,10690.0,0.03588,0.03079,0,4.1,0.429,0.0637,0
8135,7180.0,0.03488,0.01964,0,4.2,0.268,0.0586,0
8136,17000.0,0.01281,0.01527,0,5.5,0.494,0.0403,0
8137,10440.0,0.01379,0.05778,0,2.3,0.461,0.0734,0
8138,8160.0,0.02853,0.03503,0,1.8,0.425,0.051,0
8139,61890.0,0.02174,0.01785,0,5.8,0.318,0.072,0
8140,34410.0,0.01973,0.01608,0,4.3,0.269,0.058,0
8141,11710.0,0.02247,0.01701,0,7.0,0.352,0.0522,0
8142,4700.0,0.01362,0.05261,0,5.7,0.599,0.0354,0
8143,6780.0,0.03797,0.06337,0,3.7,0.264,0.0642,0
8144,11270.0,0.01142,0.00886,0,3.5,0.303,0.0393,0
8145,8980.0,0.05191,0.09431,9,0.6,0.294,0.0682,1
8146,6490.0,0.01665,0.02001,0,2.8,0.367,0.0568,0
8147,7420.0,0.01589,0.04134,0,3.3,0.228,0.067,0
8148,14310.0,0.02069,0.022,0,1.8,0.441,0.0727,0
8149,13550.0,0.00327,0.00747,0,4.0,0.44,0.079,0
8150,21180.0,0.02053,0.07318,0,2.7,0.403,0.053,0
8151,4110.0,0.00983,0.00911,0,1.2,0.5,0.0323,0
8152,8950.0,0.02284,0.01753,58,2.2,0.588,0.0454,0
8153,22580.0,0.01316,0.02144,0,4.7,0.531,0.0618,0
8154,2020.0,0.01216,0.00693,0,2.2,0.506,0.0476,0
8155,3980.0,0.01226,0.02403,0,0.7,0.284,0.0623,0
8156,10680.0,0.00945,0.00586,0,4.3,0.317,0.0493,0
8157,18230.0,0.02919,0.01977,0,5.3,0.369,0.0312,0
8158,4880.0,0.01839,0.03683,0,0.6,0.361,0.0688,0
8159,8280.0,0.02561,0.02875,0,3.1,0.516,0.0694,0
8160,23020.0,0.00989,0.00586,0,6.4,0.398,0.0531,0
8161,9930.0,0.03738,0.02508,0,6.2,0.598,0.0689,0
8162,3650.0,0.01928,0.01545,0,1.8,0.59,0.0578,0
8163,4570.0,0.04718,0.03594,0,0.6,0.307,0.042,0
8164,8810.0,0.0664,0.12175,0,4.5,0.255,0.0395,0
8165,7530.0,0.05213,0.08649,0,1.6,0.547,0.0649,0
8166,6190.0,0.01584,0.05162,132,3.3,0.322,0.0737,0
8167,16400.0,0.02413,0.02549,0,5.9,0.34,0.058,0
8168,10740.0,0.00886,0.00736,0,1.3,0.554,0.0551,0
8169,6540.0,0.05834,0.16563,0,2.9,0.472,0.0376,0
8170,21170.0,0.01187,0.02202,0,4.4,0.256,0.0755,0
8171,13300.0,0.013,0.02933,0,2.0,0.538,0.0572,0
8172,10260.0,0.01045,0.01159,0,1.3,0.531,0.0528,0
8173,9150.0,0.01534,0.02465,0,2.4,0.213,0.0723,0
8174,3180.0,0.02076,0.01525,0,6.7,0.367,0.0749,0
8175,4250.0,0.02153,0.00546,0,5.5,0.468,0.0524,0
8176,5270.0,0.02515,0.07749,0,5.9,0.253,0.0656,0
8177,50460.0,0.03472,0.05133,0,2.4,0.328,0.0672,0
8178,7820.0,0.02944,0.06244,0,4.3,0.574,0.0406,0
8179,15880.0,0.0183,0.01977,0,1.3,0.441,0.0427,0
8180,19820.0,0.04118,0.04067,299,3.7,0.43,0.0304,1
8181,16630.0,0.01224,0.01124,0,2.2,0.472,0.0746,0
8182,7360.0,0.01338,0.05959,0,6.6,0.406,0.0739,0
8183,7450.0,0.02574,0.03727,0,3.0,0.472,0.0527,0
8184,17050.0,0.02859,0.05017,0,3.7,0.526,0.0576,0
8185,29600.0,0.0123,0.0169,0,1.9,0.255,0.066,0
8186,15810.0,0.01488,0.01247,0,1.9,0.276,0.054,0
8187,12520.0,0.01669,0.01463,0,5.7,0.221,0.0707,0
8188,10790.0,0.00705,0.00628,83,5.8,0.2,0.0571,0
8189,19610.0,0.01624,0.02383,0,3.7,0.222,0.0655,0
8190,15250.0,0.00842,0.00245,0,2.2,0.248,0.0548,0
8191,4430.0,0.02363,0.09103,0,4.2,0.509,0.0375,0
8192,1890.0,0.02793,0.08008,0,0.5,0.36,0.0358,0
8193,3790.0,0.01467,0.01971,0,3.9,0.325,0.0468,0
8194,5680.0,0.06726,0.05008,0,3.9,0.486,0.0724,0
8195,9040.0,0.00817,0.00342,0,2.0,0.359,0.0349,0
8196,2630.0,0.08699,0.11062,0,5.4,0.358,0.0667,0
8197,3050.0,0.01601,0.02822,0,4.0,0.562,0.0713,0
8198,16210.0,0.02098,0.00907,0,5.8,0.594,0.0478,0
8199,8570.0,0.03191,0.05075,0,5.7,0.502,0.0647,0
8200,10640.0,0.02203,0.02709,0,5.3,0.488,0.0425,0
8201,13170.0,0.01172,0.01204,0,3.2,0.365,0.0764,0
8202,41160.0,0.02489,0.00727,0,5.1,0.501,0.0638,0
8203,10160.0,0.00908,0.01592,0,4.0,0.367,0.0714,0
8204,2990.0,0.03595,0.02303,0,1.1,0.538,0.057,0
8205,48690.0,0.00893,0.00649,0,2.3,0.249,0.0736,0
8206,13720.0,0.01086,0.00485,20,5.7,0.569,0.0702,0
8207,17790.0,0.01382,0.01505,0,5.9,0.381,0.0548,0
8208,9010.0,0.02948,0.06548,0,4.9,0.306,0.0704,0
8209,62680.0,0.03734,0.0535,0,1.0,0.489,0.0742,0
8210,3220.0,0.02766,0.02785,0,0.5,0.423,0.077,0
8211,3280.0,0.01673,0.03285,0,4.8,0.257,0.0493,0
8212,16650.0,0.02498,0.01984,0,1.3,0.348,0.0588,0
8213,26440.0,0.03316,0.04096,0,3.0,0.231,0.0531,0
8214,13740.0,0.04966,0.03372,177,6.9,0.291,0.0441,0
8215,18220.0,0.03731,0.00749,0,1.4,0.206,0.0594,0
8216,31300.0,0.03545,0.02631,0,4.5,0.5,0.0389,0
8217,11000.0,0.02571,0.07517,0,3.1,0.235,0.0427,0
8218,11820.0,0.02668,0.07287,0,4.8,0.346,0.0696,0
8219,18890.0,0.0152,0.01872,0,3.1,0.533,0.0639,0
8220,3040.0,0.04604,0.05845,0,4.2,0.451,0.0562,0
8221,4380.0,0.02695,0.04051,45,3.5,0.327,0.0642,0
8222,3920.0,0.01699,0.0293,0,2.9,0.428,0.0348,0
8223,19630.0,0.00814,0.01137,0,5.0,0.468,0.077,0
8224,14300.0,0.01718,0.01771,0,3.3,0.48,0.0681,0
8225,10300.0,0.01759,0.01717,0,4.3,0.445,0.0349,0
8226,5340.0,0.03436,0.02254,0,6.6,0.38,0.0598,0
8227,10840.0,0.01338,0.01198,0,6.1,0.339,0.0454,0
8228,8060.0,0.01333,0.01052,0,4.6,0.212,0.0558,0
8229,7410.0,0.11116,0.09294,0,1.5,0.341,0.0517,0
8230,16160.0,0.00751,0.00934,0,4.4,0.52,0.0505,0
8231,12880.0,0.01441,0.00758,0,2.5,0.541,0.0504,0
8232,3580.0,0.02523,0.03467,0,3.4,0.249,0.0697,0
8233,14610.0,0.01419,0.01036,0,6.6,0.29,0.0601,0
8234,10750.0,0.01739,0.01746,0,4.7,0.281,0.0729,0
8235,7150.0,0.01493,0.01272,0,1.3,0.205,0.0646,0
8236,3660.0,0.02881,0.02249,0,3.3,0.475,0.057,0
8237,83790.0,0.00823,0.00625,0,1.6,0.421,0.06,0
8238,8850.0,0.00957,0.01396,0,1.3,0.483,0.0353,0
8239,5810.0,0.01725,0.0195,0,2.4,0.493,0.071,0
8240,15170.0,0.02515,0.03258,0,0.5,0.305,0.0504,0
8241,8040.0,0.05473,0.18142,0,2.0,0.431,0.0327,0
8242,4500.0,0.01262,0.03248,0,2.1,0.509,0.0625,0
8243,7060.0,0.0162,0.05226,0,3.3,0.304,0.0672,0
8244,17020.0,0.04376,0.07917,0,5.8,0.44,0.0334,0
8245,3240.0,0.02304,0.01607,0,6.4,0.303,0.0577,0
8246,16670.0,0.00568,0.00622,0,1.9,0.479,0.0564,0
8247,9140.0,0.01783,0.00927,0,1.6,0.495,0.0758,0
8248,18430.0,0.01183,0.01166,0,5.6,0.541,0.033,0
8249,11230.0,0.01067,0.01954,0,6.9,0.456,0.0382,0
8250,10480.0,0.00638,0.00637,0,5.4,0.334,0.0464,0
8251,4850.0,0.01932,0.02972,173,1.2,0.231,0.066,0
8252,8020.0,0.02677,0.04982,0,2.7,0.508,0.0613,0
8253,4570.0,0.02099,0.02833,0,6.0,0.592,0.064,0
8254,8050.0,0.01069,0.03116,0,4.3,0.381,0.0468,0
8255,2300.0,0.02902,0.01458,86,5.3,0.498,0.0327,1
8256,2970.0,0.01392,0.01653,0,4.0,0.37,0.0315,0
8257,4550.0,0.04007,0.03238,44,1.2,0.486,0.0485,0
8258,37480.0,0.01281,0.00994,0,3.6,0.517,0.0364,0
8259,7960.0,0.02531,0.01841,0,2.9,0.58,0.0447,0
8260,5710.0,0.0163,0.01121,0,1.3,0.397,0.0533,0
8261,18390.0,0.01553,0.0399,187,5.9,0.55,0.0648,0
8262,10410.0,0.01232,0.01025,0,5.4,0.461,0.0497,0
8263,11460.0,0.01306,0.01638,0,5.5,0.41,0.0346,0
8264,5630.0,0.00911,0.01012,0,4.7,0.487,0.0643,0
8265,7390.0,0.06422,0.0823,0,2.1,0.508,0.0599,0
8266,17960.0,0.01242,0.03035,0,6.2,0.207,0.0695,0
8267,14460.0,0.01214,0.03735,0,4.2,0.201,0.0756,0
8268,29030.0,0.0183,0.03009,0,4.9,0.327,0.06,0
8269,6540.0,0.04843,0.12638,47,2.5,0.358,0.0443,0
8270,3480.0,0.00792,0.02033,0,2.4,0.496,0.0674,0
8271,33870.0,0.03196,0.05959,0,5.6,0.588,0.0735,0
8272,29030.0,0.01712,0.00606,0,5.5,0.464,0.0754,0
8273,34090.0,0.01477,0.00741,0,2.8,0.588,0.0457,0
8274,15200.0,0.01425,0.02795,71,4.9,0.514,0.06,0
8275,20560.0,0.01595,0.01089,0,4.1,0.39,0.0449,0
8276,6160.0,0.0185,0.01619,0,4.7,0.33,0.0565,0
8277,11320.0,0.04179,0.12394,0,2.6,0.549,0.0454,0
8278,2800.0,0.10458,0.02375,0,4.0,0.522,0.0679,0
8279,5350.0,0.01723,0.02533,0,5.4,0.493,0.0318,0
8280,4830.0,0.07107,0.03382,0,3.8,0.31,0.0591,0
8281,8410.0,0.01139,0.02469,0,0.9,0.358,0.0432,0
8282,29100.0,0.02445,0.02182,0,4.2,0.449,0.0436,0
8283,13360.0,0.02337,0.01704,0,5.0,0.234,0.0328,0
8284,6340.0,0.02825,0.03425,0,5.3,0.296,0.042,0
8285,3190.0,0.01488,0.00629,0,2.7,0.491,0.0563,0
8286,48260.0,0.01949,0.01427,0,5.8,0.233,0.0495,0
8287,67160.0,0.00715,0.01063,0,6.9,0.212,0.0438,0
8288,5280.0,0.03136,0.04235,0,2.2,0.33,0.0335,0
8289,4350.0,0.02707,0.03201,0,1.3,0.29,0.0422,0
8290,16410.0,0.00755,0.00576,0,1.3,0.591,0.0698,0
8291,51440.0,0.01831,0.01708,0,1.9,0.501,0.0505,0
8292,6320.0,0.00979,0.01923,0,6.2,0.309,0.0653,1
8293,25710.0,0.02912,0.01786,0,6.9,0.258,0.0403,0
8294,2900.0,0.08359,0.06025,0,1.7,0.332,0.0416,0
8295,7440.0,0.00853,0.00585,0,5.2,0.326,0.0598,0
8296,36930.0,0.00913,0.00669,0,2.4,0.382,0.0799,0
8297,11480.0,0.02285,0.03209,0,1.3,0.454,0.0704,0
8298,5080.0,0.03218,0.11189,0,0.7,0.207,0.0624,0
8299,9920.0,0.01198,0.00465,0,6.2,0.438,0.0759,0
8300,1220.0,0.02499,0.0542,0,6.7,0.527,0.0522,0
8301,16780.0,0.03257,0.10805,0,6.1,0.411,0.0488,0
8302,4330.0,0.02464,0.02199,0,2.1,0.261,0.0498,0
8303,6330.0,0.00505,0.0081,0,2.8,0.261,0.0445,0
8304,3440.0,0.00434,0.00653,0,5.4,0.519,0.0511,0
8305,17610.0,0.02688,0.02336,0,1.3,0.531,0.0334,0
8306,11750.0,0.0207,0.00968,0,2.2,0.245,0.048,0
8307,14630.0,0.02188,0.01537,0,6.8,0.203,0.0599,0
8308,5650.0,0.03895,0.05132,0,1.7,0.502,0.0384,0
8309,5210.0,0.00502,0.01129,0,6.7,0.509,0.0744,0
8310,3510.0,0.08468,0.19501,0,6.6,0.315,0.0378,0
8311,18660.0,0.03338,0.06154,8,1.0,0.276,0.0446,0
8312,13740.0,0.02244,0.01855,0,4.3,0.42,0.0748,0
8313,9540.0,0.07689,0.13296,0,6.5,0.595,0.0646,0
8314,8230.0,0.05894,0.14987,0,2.2,0.532,0.0796,0
8315,22330.0,0.05695,0.07699,0,6.4,0.302,0.0595,0
8316,3570.0,0.10419,0.17813,0,2.9,0.522,0.0472,0
8317,39080.0,0.01771,0.02161,0,4.2,0.551,0.0571,1
8318,7840.0,0.00977,0.03849,0,2.1,0.482,0.0627,0
8319,16850.0,0.0257,0.04545,0,5.1,0.303,0.0739,0
8320,8220.0,0.00441,0.00411,153,3.1,0.436,0.0574,0
8321,8460.0,0.06469,0.09549,0,1.8,0.417,0.0569,0
8322,5370.0,0.00255,0.00991,0,0.7,0.329,0.065,0
8323,11330.0,0.03035,0.04364,0,3.0,0.557,0.0684,0
8324,19560.0,0.04706,0.02327,0,4.7,0.491,0.0661,0
8325,67630.0,0.06428,0.08888,0,4.3,0.521,0.0741,0
8326,91070.0,0.0143,0.00535,0,0.5,0.41,0.0439,0
8327,3170.0,0.02854,0.0362,0,1.3,0.549,0.0664,0
8328,14920.0,0.01369,0.02816,0,1.0,0.316,0.0737,1
8329,4520.0,0.04063,0.0534,0,1.8,0.305,0.0432,0
8330,4570.0,0.01835,0.01328,0,1.4,0.33,0.0577,0
8331,6030.0,0.01032,0.01031,0,5.3,0.444,0.0649,0
8332,4350.0,0.02131,0.02059,0,4.6,0.518,0.0691,0
8333,14310.0,0.02514,0.05031,0,3.5,0.485,0.0452,0
8334,29550.0,0.04529,0.0968,0,2.2,0.228,0.0693,0
8335,5810.0,0.01875,0.02263,0,1.9,0.364,0.0744,0
8336,5280.0,0.02497,0.01737,123,6.0,0.331,0.073,0
8337,12960.0,0.06901,0.09461,0,3.8,0.418,0.0692,0
8338,35200.0,0.00633,0.00875,0,5.2,0.27,0.0633,0
8339,5730.0,0.03434,0.10922,0,3.4,0.438,0.0795,0
8340,4630.0,0.01363,0.02026,0,0.9,0.221,0.0721,0
8341,4660.0,0.01448,0.01573,0,0.8,0.567,0.0725,0
8342,11870.0,0.01725,0.01426,0,3.6,0.588,0.0314,0
8343,18580.0,0.04833,0.11727,0,6.8,0.248,0.076,0
8344,4610.0,0.01187,0.00858,0,6.5,0.232,0.0609,0
8345,10830.0,0.0177,0.03448,0,6.5,0.346,0.0624,0
8346,89810.0,0.03687,0.027,0,2.8,0.366,0.0331,0
8347,4990.0,0.012,0.02185,0,7.0,0.328,0.0371,0
8348,44670.0,0.00658,0.00769,0,2.1,0.469,0.0511,0
8349,6050.0,0.01684,0.02821,0,6.4,0.521,0.0331,0
8350,4460.0,0.02522,0.03119,0,1.1,0.302,0.0333,0
8351,19100.0,0.01585,0.02098,0,6.3,0.255,0.0307,0
8352,18730.0,0.01639,0.03346,0,1.3,0.291,0.0388,0
8353,10530.0,0.0124,0.01445,0,3.3,0.481,0.0446,0
8354,40590.0,0.04028,0.24797,0,5.3,0.319,0.0601,0
8355,19060.0,0.02248,0.03643,0,1.7,0.532,0.0774,0
8356,13360.0,0.00717,0.0059,0,6.9,0.449,0.0525,0
8357,17280.0,0.03403,0.01178,0,3.1,0.586,0.0685,0
8358,8610.0,0.02819,0.07818,0,6.8,0.54,0.0372,0
8359,4010.0,0.01776,0.01419,0,2.7,0.22,0.0598,1
8360,14700.0,0.04048,0.07221,0,0.8,0.472,0.0554,0
8361,7860.0,0.02181,0.01842,0,3.0,0.247,0.0321,0
8362,5660.0,0.01707,0.08945,0,2.7,0.241,0.0429,0
8363,17510.0,0.03044,0.03981,0,4.5,0.284,0.0486,0
8364,6710.0,0.02828,0.04021,0,0.6,0.301,0.0769,1
8365,6810.0,0.06515,0.02861,0,2.9,0.479,0.0498,0
8366,9810.0,0.01325,0.02525,0,3.1,0.474,0.0667,0
8367,10730.0,0.01108,0.00454,0,0.9,0.513,0.0654,0
8368,12680.0,0.04066,0.04043,0,6.8,0.502,0.0566,0
8369,5060.0,0.00419,0.00393,0,4.8,0.482,0.0653,0
8370,16930.0,0.08782,0.10353,0,2.4,0.393,0.0392,0
8371,9600.0,0.02835,0.02232,0,3.3,0.223,0.0761,0
8372,41600.0,0.05372,0.03382,0,6.6,0.395,0.0542,0
8373,13490.0,0.01505,0.00781,0,6.6,0.393,0.0412,0
8374,17060.0,0.01061,0.00592,0,5.5,0.531,0.0585,0
8375,6890.0,0.07964,0.20654,33,3.0,0.333,0.0523,0
8376,8560.0,0.02576,0.0805,38,1.9,0.275,0.078,0
8377,22870.0,0.04935,0.04446,0,4.3,0.378,0.069,0
8378,10470.0,0.01515,0.01287,0,5.3,0.22,0.0781,0
8379,18860.0,0.01428,0.01375,32,4.3,0.459,0.0452,0
8380,13910.0,0.04396,0.06249,0,6.0,0.516,0.0421,0
8381,21440.0,0.03695,0.03696,0,4.5,0.268,0.048,0
8382,33840.0,0.01189,0.01887,0,3.2,0.246,0.0397,0
8383,4770.0,0.01302,0.02142,0,5.2,0.287,0.0468,0
8384,7130.0,0.01739,0.00813,0,3.8,0.439,0.0588,0
8385,17280.0,0.01729,0.01645,0,2.5,0.264,0.066,0
8386,47350.0,0.01157,0.01153,0,1.2,0.291,0.0306,0
8387,15070.0,0.02572,0.04342,0,5.1,0.48,0.0346,0
8388,5110.0,0.0085,0.01412,17,2.9,0.271,0.0682,0
8389,70000.0,0.02831,0.03836,0,6.4,0.373,0.051,0
8390,12800.0,0.0116,0.03496,0,5.2,0.592,0.0542,0
8391,4510.0,0.01845,0.03093,0,4.1,0.402,0.0474,0
8392,17190.0,0.01334,0.01261,0,1.7,0.263,0.0692,0
8393,15860.0,0.01397,0.02749,0,5.9,0.312,0.0339,0
8394,3800.0,0.04631,0.03968,0,6.3,0.483,0.0612,0
8395,9130.0,0.03146,0.02641,0,5.3,0.277,0.0707,0
8396,9580.0,0.00737,0.00479,0,4.6,0.488,0.0715,0
8397,5310.0,0.01843,0.05597,0,1.2,0.592,0.0789,0
8398,20720.0,0.0136,0.0391,0,6.4,0.245,0.0568,0
8399,32580.0,0.00707,0.0037,0,3.5,0.315,0.066,0
8400,10730.0,0.01987,0.01591,0,6.2,0.458,0.0724,0
8401,18440.0,0.01959,0.02776,0,4.2,0.233,0.0792,1
8402,15670.0,0.00265,0.002,0,0.9,0.244,0.0461,0
8403,6660.0,0.03204,0.06408,0,2.6,0.249,0.0481,0
8404,4500.0,0.04251,0.18279,0,3.8,0.514,0.0475,0
8405,4310.0,0.05704,0.05248,0,6.9,0.489,0.064,0
8406,11210.0,0.04256,0.07582,0,4.8,0.244,0.0595,0
8407,6080.0,0.0447,0.02364,0,1.6,0.539,0.0512,0
8408,30210.0,0.03504,0.11799,0,1.7,0.21,0.0463,0
8409,36790.0,0.00911,0.00966,0,3.8,0.508,0.0421,0
8410,4610.0,0.00631,0.01061,0,5.1,0.285,0.0679,0
8411,24080.0,0.00957,0.01913,0,2.1,0.443,0.0667,0
8412,15380.0,0.02233,0.00996,0,2.4,0.29,0.0772,0
8413,29140.0,0.05998,0.14149,0,6.1,0.286,0.0532,0
8414,5260.0,0.00676,0.00729,0,1.8,0.285,0.0526,0
8415,2430.0,0.02149,0.01479,0,5.0,0.488,0.0304,0
8416,24180.0,0.02268,0.04694,0,3.4,0.235,0.0668,0
8417,4680.0,0.03397,0.02397,0,5.1,0.451,0.0361,0
8418,4300.0,0.0187,0.03543,0,4.5,0.254,0.0703,0
8419,7990.0,0.01364,0.01738,0,0.8,0.384,0.0521,0
8420,12810.0,0.0108,0.03248,0,4.1,0.466,0.0666,0
8421,11690.0,0.0103,0.00693,0,6.0,0.567,0.0583,0
8422,3210.0,0.01964,0.00691,0,6.4,0.314,0.0445,0
8423,25420.0,0.02418,0.04939,0,6.8,0.309,0.0746,0
8424,16890.0,0.00507,0.01068,0,1.9,0.544,0.0722,0
8425,12370.0,0.0161,0.02303,0,4.7,0.577,0.0704,0
8426,8730.0,0.01744,0.00859,0,2.6,0.4,0.0321,0
8427,20930.0,0.02264,0.03862,0,3.2,0.55,0.034,0
8428,1970.0,0.01239,0.01966,0,6.9,0.224,0.0487,0
8429,23570.0,0.07601,0.08339,0,3.8,0.348,0.0564,0
8430,20060.0,0.04419,0.05517,0,1.2,0.209,0.0508,1
8431,5700.0,0.04902,0.06724,0,5.3,0.412,0.0671,0
8432,31030.0,0.04356,0.04551,0,1.8,0.321,0.0377,0
8433,3430.0,0.00792,0.01752,0,6.2,0.334,0.0469,0
8434,19410.0,0.02533,0.06948,0,3.5,0.523,0.0638,0
8435,34510.0,0.06716,0.09129,0,1.6,0.214,0.0666,0
8436,7870.0,0.01391,0.01223,0,2.7,0.512,0.055,0
8437,3870.0,0.03629,0.04381,0,3.9,0.274,0.0728,0
8438,11430.0,0.01717,0.01642,0,1.9,0.47,0.0347,0
8439,5760.0,0.02393,0.01764,0,6.3,0.538,0.0402,0
8440,4750.0,0.01611,0.00733,0,2.7,0.293,0.0421,0
8441,19050.0,0.00908,0.00739,0,5.4,0.595,0.0728,0
8442,13900.0,0.01298,0.01548,0,1.1,0.232,0.0571,0
8443,6700.0,0.09132,0.12173,0,1.6,0.563,0.0757,0
8444,24300.0,0.02596,0.02732,0,2.2,0.253,0.0433,0
8445,13120.0,0.02036,0.00603,0,3.6,0.36,0.0325,0
8446,8180.0,0.01422,0.01262,5,2.4,0.596,0.0397,0
8447,6270.0,0.01773,0.10639,0,4.5,0.329,0.0304,0
8448,9140.0,0.00985,0.01903,0,3.7,0.567,0.0618,0
8449,7710.0,0.01091,0.00901,0,3.6,0.493,0.0594,0
8450,5860.0,0.02991,0.04014,0,0.6,0.539,0.0739,0
8451,5540.0,0.03687,0.06959,0,4.0,0.273,0.0498,0
8452,5250.0,0.02399,0.03568,0,2.0,0.386,0.0472,0
8453,6700.0,0.01309,0.02167,0,3.5,0.348,0.0535,0
8454,8280.0,0.00642,0.02306,0,5.2,0.245,0.0514,0
8455,37040.0,0.00794,0.01275,62,4.5,0.351,0.0579,0
8456,5650.0,0.03621,0.13948,0,5.5,0.578,0.08,0
8457,5330.0,0.01009,0.00897,0,6.2,0.591,0.0382,0
8458,10420.0,0.0155,0.01596,0,3.6,0.35,0.0304,0
8459,6530.0,0.00825,0.01195,0,6.6,0.272,0.0772,0
8460,17630.0,0.08494,0.17978,0,1.7,0.356,0.071,0
8461,22390.0,0.03033,0.01337,0,1.9,0.29,0.0662,0
8462,7360.0,0.00906,0.01759,0,2.4,0.518,0.0534,0
8463,15690.0,0.02795,0.08642,0,6.2,0.596,0.0503,0
8464,45450.0,0.01813,0.0188,0,4.9,0.407,0.0708,0
8465,5760.0,0.02947,0.03273,0,2.9,0.422,0.0763,0
8466,7190.0,0.01113,0.00962,0,5.6,0.494,0.0661,0
8467,12610.0,0.07442,0.02675,0,4.5,0.341,0.0461,0
8468,21010.0,0.00606,0.00754,0,6.2,0.436,0.045,0
8469,2480.0,0.00861,0.00881,0,1.9,0.47,0.05,0
8470,2530.0,0.02995,0.08731,0,1.8,0.222,0.071,0
8471,3470.0,0.0357,0.02031,0,4.4,0.595,0.0744,0
8472,1820.0,0.03755,0.053,0,5.8,0.598,0.0641,0
8473,14470.0,0.01763,0.05217,0,2.7,0.579,0.0493,0
8474,15310.0,0.01546,0.01393,0,3.8,0.275,0.0554,0
8475,40100.0,0.00407,0.00278,0,0.7,0.251,0.0407,0
8476,9820.0,0.00498,0.00569,0,5.7,0.299,0.0448,0
8477,8980.0,0.01841,0.02717,0,4.1,0.487,0.0696,0
8478,41410.0,0.01835,0.03395,0,4.3,0.59,0.0581,0
8479,8170.0,0.0065,0.00215,0,3.0,0.532,0.0623,0
8480,49870.0,0.015,0.01922,0,6.9,0.473,0.0394,0
8481,11570.0,0.14403,0.18915,0,6.1,0.468,0.0537,0
8482,23430.0,0.02193,0.01531,0,6.2,0.475,0.071,0
8483,14590.0,0.0206,0.07149,0,2.6,0.209,0.0714,0
8484,4040.0,0.04036,0.05747,0,6.4,0.358,0.061,0
8485,8500.0,0.00835,0.01239,0,6.0,0.433,0.0508,0
8486,10650.0,0.00718,0.0105,0,3.8,0.522,0.0575,0
8487,6680.0,0.0095,0.03637,0,1.9,0.555,0.0684,0
8488,38230.0,0.00526,0.00958,0,2.4,0.447,0.0756,0
8489,10870.0,0.00678,0.00917,0,6.2,0.386,0.0786,0
8490,19810.0,0.01784,0.0306,0,0.6,0.374,0.0503,0
8491,2670.0,0.01628,0.01566,0,2.4,0.312,0.0644,0
8492,2500.0,0.03096,0.06881,0,2.4,0.515,0.0653,0
8493,30470.0,0.01209,0.00634,0,3.0,0.375,0.0368,0
8494,12640.0,0.01644,0.00672,0,3.9,0.37,0.0663,0
8495,200000.0,0.05365,0.06737,0,4.0,0.25,0.0381,0
8496,56600.0,0.0119,0.017,0,4.4,0.39,0.0434,0
8497,15890.0,0.03202,0.0129,0,0.8,0.374,0.0662,0
8498,20130.0,0.04529,0.02742,0,3.1,0.27,0.0414,0
8499,6060.0,0.01407,0.03152,0,2.8,0.256,0.0543,0
8500,4050.0,0.0272,0.05822,0,3.4,0.599,0.0675,0
8501,15770.0,0.02003,0.05267,0,5.3,0.533,0.0339,1
8502,18290.0,0.01008,0.00495,0,2.7,0.529,0.0628,0
8503,33590.0,0.02801,0.05876,0,3.5,0.418,0.0482,0
8504,19820.0,0.01058,0.02157,28,5.8,0.482,0.0504,1
8505,10300.0,0.01423,0.01838,0,4.4,0.539,0.0586,0
8506,6580.0,0.01676,0.04308,0,4.6,0.557,0.066,0
8507,1210.0,0.01806,0.02379,0,6.8,0.26,0.0483,0
8508,15380.0,0.01932,0.03012,0,0.5,0.586,0.0701,0
8509,14650.0,0.00618,0.01822,0,5.4,0.482,0.0552,0
8510,19130.0,0.00899,0.00955,0,1.3,0.423,0.0354,0
8511,6240.0,0.02654,0.0281,0,3.9,0.251,0.0692,0
8512,157650.0,0.01394,0.02075,0,1.5,0.581,0.0361,0
8513,7880.0,0.02702,0.03295,0,4.2,0.566,0.0509,0
8514,4430.0,0.02984,0.01883,0,4.2,0.403,0.0539,0
8515,8300.0,0.05344,0.06369,0,5.3,0.289,0.0537,0
8516,8440.0,0.03367,0.02934,0,1.9,0.315,0.0473,0
8517,5940.0,0.06297,0.07195,0,4.0,0.249,0.0594,0
8518,7170.0,0.03203,0.03363,0,1.0,0.474,0.0513,0
8519,8220.0,0.03692,0.14118,0,5.7,0.29,0.0467,0
8520,9920.0,0.0475,0.03965,0,2.7,0.515,0.0311,0
8521,32440.0,0.02885,0.15175,0,3.8,0.427,0.0646,0
8522,14760.0,0.03806,0.01508,0,2.5,0.491,0.0632,0
8523,13500.0,0.04521,0.03837,1,4.7,0.291,0.0466,0
8524,13760.0,0.02193,0.02332,0,6.1,0.279,0.0662,0
8525,4530.0,0.03527,0.01147,0,4.7,0.386,0.0757,0
8526,2850.0,0.02571,0.02583,30,5.2,0.443,0.0489,0
8527,1000.0,0.02289,0.01267,0,5.6,0.507,0.0621,0
8528,3460.0,0.03406,0.01136,0,6.1,0.559,0.0792,0
8529,27420.0,0.00806,0.00791,0,5.1,0.288,0.0784,0
8530,4270.0,0.05304,0.08175,0,2.2,0.33,0.0602,0
8531,20810.0,0.00668,0.00725,0,2.0,0.453,0.0627,0
8532,6960.0,0.01199,0.014,0,2.3,0.221,0.0312,0
8533,10230.0,0.01251,0.00984,0,1.0,0.573,0.0546,0
8534,4670.0,0.05922,0.06221,0,3.1,0.47,0.0403,0
8535,2010.0,0.00608,0.01241,75,6.7,0.532,0.0302,0
8536,21800.0,0.03322,0.02757,0,4.6,0.223,0.0444,0
8537,35830.0,0.05274,0.06745,0,3.0,0.32,0.0341,0
8538,10310.0,0.01354,0.00858,0,6.9,0.375,0.0678,0
8539,7620.0,0.01935,0.0167,0,6.4,0.402,0.059,0
8540,5100.0,0.01887,0.0284,261,5.1,0.457,0.0669,0
8541,53690.0,0.01365,0.01311,0,0.5,0.323,0.0588,1
8542,25160.0,0.04603,0.02857,0,4.6,0.573,0.056,0
8543,9880.0,0.00423,0.00394,0,6.7,0.44,0.0526,0
8544,16090.0,0.00911,0.00459,0,1.4,0.237,0.0554,0
8545,6480.0,0.0275,0.03456,0,4.6,0.416,0.0715,0
8546,9140.0,0.00349,0.0086,0,0.8,0.55,0.0522,0
8547,7120.0,0.01712,0.00713,0,3.9,0.49,0.0471,0
8548,28930.0,0.01763,0.01148,0,2.7,0.552,0.0571,0
8549,21770.0,0.0791,0.06535,0,3.4,0.501,0.0757,0
8550,16260.0,0.0509,0.0352,0,5.5,0.255,0.0719,0
8551,58190.0,0.09874,0.11755,0,1.0,0.372,0.0507,0
8552,15090.0,0.03112,0.05509,0,2.3,0.247,0.0376,0
8553,1140.0,0.03364,0.03718,0,2.8,0.562,0.054,0
8554,8000.0,0.02757,0.00764,0,1.3,0.286,0.0336,0
8555,14450.0,0.00579,0.00366,0,2.7,0.294,0.0783,0
8556,93480.0,0.05267,0.04812,0,4.4,0.395,0.0708,0
8557,26710.0,0.03496,0.04365,0,2.4,0.436,0.0468,0
8558,2040.0,0.02363,0.0719,0,2.1,0.204,0.0398,0
8559,1750.0,0.06062,0.06999,0,5.2,0.385,0.0729,0
8560,12030.0,0.03071,0.0261,0,6.7,0.578,0.0472,0
8561,4880.0,0.0368,0.05053,0,1.0,0.525,0.0478,0
8562,4620.0,0.01895,0.02556,0,3.0,0.409,0.0795,0
8563,10160.0,0.02711,0.03739,99,6.3,0.25,0.0412,0
8564,7270.0,0.0125,0.01051,0,2.1,0.234,0.0737,0
8565,1000.0,0.02028,0.01249,0,2.7,0.297,0.0652,0
8566,10510.0,0.03442,0.03403,0,5.6,0.433,0.0495,0
8567,7220.0,0.03846,0.02302,0,1.6,0.379,0.0441,0
8568,5860.0,0.04285,0.02149,0,3.9,0.354,0.0726,0
8569,4790.0,0.03738,0.0514,0,6.0,0.487,0.0593,0
8570,41970.0,0.03903,0.0521,0,4.6,0.312,0.0655,0
8571,14200.0,0.0088,0.01625,0,5.3,0.226,0.0353,0
8572,41300.0,0.0229,0.01501,0,0.7,0.539,0.0587,0
8573,19910.0,0.01709,0.0094,0,2.9,0.298,0.0454,0
8574,16190.0,0.01561,0.0136,0,6.7,0.282,0.0571,0
8575,22950.0,0.01233,0.00579,0,4.0,0.4,0.0453,0
8576,28880.0,0.02169,0.05512,0,6.0,0.261,0.042,0
8577,29420.0,0.01399,0.006,0,3.4,0.253,0.0676,0
8578,2610.0,0.00395,0.00212,0,3.7,0.522,0.0362,0
8579,8520.0,0.01941,0.01769,0,2.0,0.357,0.031,0
8580,33920.0,0.02573,0.01233,0,2.9,0.241,0.0544,0
8581,6350.0,0.01124,0.03156,334,3.3,0.536,0.0524,0
8582,2510.0,0.03822,0.03657,0,7.0,0.547,0.0442,0
8583,18230.0,0.04107,0.04908,0,1.8,0.278,0.0709,0
8584,22010.0,0.03142,0.0363,0,0.5,0.382,0.0391,0
8585,10770.0,0.02163,0.01277,0,0.6,0.204,0.0694,0
8586,169550.0,0.01481,0.01493,0,2.8,0.254,0.0485,0
8587,3380.0,0.01147,0.00686,0,2.1,0.329,0.0325,0
8588,10040.0,0.01408,0.04346,0,5.6,0.485,0.0367,0
8589,5210.0,0.00673,0.00579,0,3.6,0.347,0.0597,0
8590,23600.0,0.0353,0.07902,0,3.8,0.301,0.0508,0
8591,49600.0,0.02334,0.04448,0,3.9,0.239,0.08,0
8592,7230.0,0.02338,0.07757,0,1.3,0.538,0.0471,0
8593,31110.0,0.00952,0.01152,0,6.5,0.209,0.0411,0
8594,39030.0,0.01894,0.01004,0,2.4,0.372,0.0725,0
8595,10910.0,0.00663,0.00477,0,0.9,0.374,0.038,0
8596,4190.0,0.01956,0.01708,0,5.1,0.589,0.0701,0
8597,7120.0,0.01804,0.03522,54,3.9,0.399,0.0579,0
8598,5340.0,0.04066,0.08687,0,6.8,0.467,0.0541,0
8599,16370.0,0.00527,0.00972,0,5.6,0.439,0.0721,0
8600,5130.0,0.14851,0.32998,0,5.7,0.323,0.0514,0
8601,21590.0,0.02373,0.04013,0,1.1,0.386,0.046,0
8602,16470.0,0.01594,0.01461,0,2.1,0.533,0.0308,0
8603,1430.0,0.06823,0.05364,0,5.0,0.465,0.0568,0
8604,5410.0,0.04249,0.20672,0,1.0,0.24,0.0353,0
8605,18410.0,0.01543,0.02909,0,6.1,0.27,0.0504,0
8606,4510.0,0.01422,0.02184,0,1.6,0.514,0.0327,0
8607,10230.0,0.02843,0.05777,0,1.5,0.576,0.0541,0
8608,12190.0,0.03357,0.0461,0,1.3,0.508,0.0318,0
8609,3240.0,0.03935,0.0107,0,0.7,0.541,0.0691,0
8610,4350.0,0.03499,0.00729,0,6.4,0.27,0.0627,0
8611,37760.0,0.0325,0.03103,0,5.2,0.337,0.0438,0
8612,10690.0,0.01042,0.00496,0,4.5,0.297,0.0464,0
8613,8620.0,0.00769,0.00567,0,0.9,0.283,0.0387,0
8614,2640.0,0.02306,0.01191,0,6.0,0.369,0.0489,0
8615,3320.0,0.01352,0.0164,0,6.3,0.404,0.0399,0
8616,9780.0,0.03357,0.04641,0,5.3,0.396,0.0509,0
8617,6770.0,0.01347,0.02325,0,6.6,0.415,0.0379,0
8618,18050.0,0.05359,0.04113,0,4.5,0.595,0.0741,0
8619,23750.0,0.01241,0.00588,0,5.1,0.203,0.0629,0
8620,8690.0,0.03041,0.05574,0,5.5,0.235,0.0676,0
8621,42670.0,0.03253,0.02188,0,2.0,0.584,0.0461,0
8622,6090.0,0.00786,0.00867,0,3.9,0.37,0.0643,0
8623,40180.0,0.01502,0.00611,0,4.1,0.454,0.076,0
8624,21140.0,0.01335,0.01866,0,3.4,0.279,0.0476,0
8625,30010.0,0.02914,0.01709,0,2.2,0.216,0.0787,0
8626,41290.0,0.04554,0.02539,46,4.5,0.388,0.0622,0
8627,33110.0,0.01941,0.02895,0,1.0,0.267,0.0797,0
8628,34760.0,0.01803,0.06698,0,1.8,0.347,0.0441,0
8629,38890.0,0.02476,0.05002,0,4.9,0.28,0.043,0
8630,43190.0,0.02252,0.01689,0,3.8,0.223,0.0584,0
8631,5900.0,0.01026,0.01803,0,6.6,0.24,0.0663,0
8632,12670.0,0.01056,0.01025,0,3.0,0.545,0.0761,0
8633,22330.0,0.01933,0.04118,0,2.2,0.367,0.0368,0
8634,20380.0,0.0201,0.02815,0,5.8,0.588,0.0352,0
8635,7830.0,0.01637,0.0515,0,4.1,0.424,0.0695,0
8636,18960.0,0.01332,0.01294,0,6.0,0.283,0.0737,0
8637,19100.0,0.01876,0.02258,0,3.0,0.285,0.0798,0
8638,6350.0,0.01055,0.0027,0,6.2,0.363,0.0687,0
8639,1050.0,0.02476,0.01895,0,6.1,0.299,0.0497,0
8640,14380.0,0.02654,0.05349,0,1.1,0.204,0.0686,0
8641,19240.0,0.0789,0.12788,0,3.9,0.405,0.0678,0
8642,6820.0,0.03203,0.16964,0,4.5,0.444,0.0749,0
8643,2130.0,0.00317,0.01156,0,3.1,0.347,0.0419,0
8644,11780.0,0.00849,0.04142,0,2.6,0.249,0.0601,0
8645,17480.0,0.00761,0.00661,0,1.9,0.448,0.0474,0
8646,15250.0,0.0301,0.00884,0,3.8,0.328,0.072,0
8647,32200.0,0.02277,0.04189,0,0.5,0.403,0.0645,0
8648,3700.0,0.04538,0.07103,0,4.9,0.507,0.0741,0
8649,1000.0,0.038,0.0161,54,1.4,0.32,0.0595,0
8650,5760.0,0.02065,0.01912,0,6.0,0.233,0.0592,0
8651,16670.0,0.03687,0.0651,0,6.9,0.558,0.0422,0
8652,1000.0,0.01536,0.0229,0,1.6,0.215,0.0385,0
8653,58840.0,0.02016,0.05142,0,3.9,0.25,0.0553,0
8654,3710.0,0.04599,0.03648,0,3.7,0.32,0.0436,0
8655,12240.0,0.01075,0.03145,0,2.2,0.581,0.0488,0
8656,69070.0,0.00805,0.01335,0,0.9,0.43,0.0437,0
8657,13890.0,0.00592,0.00534,0,1.7,0.553,0.0388,0
8658,7840.0,0.00767,0.00962,0,0.8,0.566,0.0617,0
8659,3460.0,0.0457,0.01242,0,6.8,0.595,0.0706,0
8660,3590.0,0.04971,0.07407,0,2.5,0.571,0.061,0
8661,20400.0,0.01745,0.01221,0,6.8,0.42,0.0682,1
8662,17470.0,0.02836,0.09438,0,5.6,0.247,0.0499,0
8663,11750.0,0.01111,0.00657,0,5.9,0.505,0.0744,0
8664,22300.0,0.12318,0.28649,0,6.5,0.439,0.048,0
8665,4760.0,0.01901,0.08094,0,6.8,0.347,0.0652,0
8666,25930.0,0.04525,0.04613,0,4.8,0.387,0.0591,0
8667,32160.0,0.00641,0.002,0,2.0,0.247,0.0675,0
8668,13780.0,0.01858,0.02111,66,2.2,0.215,0.073,0
8669,4460.0,0.03128,0.01491,0,5.8,0.206,0.0611,0
8670,5310.0,0.06483,0.02535,0,6.1,0.487,0.064,0
8671,36860.0,0.00351,0.002,0,1.7,0.423,0.0506,0
8672,12340.0,0.02326,0.02705,0,4.1,0.221,0.0301,0
8673,42710.0,0.03366,0.05165,0,3.8,0.208,0.0362,0
8674,13910.0,0.04539,0.05547,0,6.1,0.405,0.0303,0
8675,4980.0,0.02181,0.00945,0,4.5,0.21,0.0399,0
8676,24100.0,0.02626,0.01334,0,4.7,0.263,0.0453,0
8677,5240.0,0.01646,0.03388,13,2.0,0.317,0.0703,0
8678,27580.0,0.01401,0.02516,0,4.1,0.569,0.0359,0
8679,8290.0,0.01452,0.04154,0,1.7,0.242,0.0786,0
8680,16560.0,0.06188,0.07586,0,3.9,0.536,0.0519,0
8681,30440.0,0.03011,0.01544,0,3.5,0.562,0.0522,0
8682,50490.0,0.02302,0.02904,0,2.1,0.438,0.0681,0
8683,1630.0,0.01788,0.02907,0,6.8,0.309,0.0391,0
8684,40410.0,0.02895,0.02134,0,7.0,0.592,0.0474,0
8685,1390.0,0.04301,0.02337,0,1.2,0.442,0.0318,0
8686,2780.0,0.01634,0.02944,0,5.9,0.547,0.0405,0
8687,8340.0,0.04964,0.06545,0,0.9,0.399,0.0757,0
8688,10820.0,0.0095,0.0124,0,2.5,0.252,0.0411,0
8689,24470.0,0.03305,0.04267,0,1.6,0.224,0.0416,0
8690,6550.0,0.01638,0.02532,0,1.4,0.345,0.0535,1
8691,22910.0,0.00543,0.00585,0,1.3,0.498,0.0386,0
8692,18020.0,0.01438,0.01658,0,5.5,0.535,0.0624,0
8693,30770.0,0.09702,0.18277,0,1.0,0.485,0.0724,0
8694,13740.0,0.14845,0.19338,0,0.6,0.291,0.0345,0
8695,9250.0,0.02597,0.00635,85,3.9,0.268,0.0391,0
8696,15660.0,0.02423,0.03566,373,3.2,0.315,0.0781,0
8697,13960.0,0.03076,0.03586,0,1.9,0.323,0.0542,0
8698,64500.0,0.03842,0.04976,0,4.0,0.345,0.0627,0
8699,15070.0,0.02295,0.03638,0,1.0,0.553,0.0462,0
8700,27710.0,0.035,0.05441,0,6.4,0.446,0.0652,0
8701,5970.0,0.00651,0.0076,0,1.9,0.258,0.0569,0
8702,35980.0,0.00395,0.01089,0,3.7,0.232,0.0446,0
8703,3240.0,0.01865,0.01774,0,6.6,0.531,0.051,0
8704,4020.0,0.04167,0.02712,0,5.8,0.457,0.0523,0
8705,60280.0,0.02568,0.0398,0,0.9,0.499,0.0588,0
8706,28710.0,0.03343,0.08875,0,1.9,0.584,0.052,0
8707,4620.0,0.048,0.09125,0,6.2,0.252,0.0652,0
8708,50540.0,0.04058,0.03985,0,4.1,0.464,0.0312,0
8709,10400.0,0.02087,0.0256,0,2.4,0.452,0.0529,0
8710,70120.0,0.01272,0.00667,0,1.9,0.548,0.0362,0
8711,13010.0,0.01017,0.01613,0,6.5,0.385,0.0681,0
8712,6700.0,0.03758,0.10399,40,5.7,0.539,0.06,0
8713,10560.0,0.06031,0.06878,0,5.4,0.361,0.0786,0
8714,22240.0,0.02221,0.11476,0,0.7,0.209,0.048,0
8715,11560.0,0.01574,0.07815,0,5.2,0.589,0.0583,0
8716,75220.0,0.01951,0.02373,0,6.8,0.331,0.0451,0
8717,20560.0,0.02543,0.01547,0,2.2,0.513,0.0627,0
8718,6480.0,0.02124,0.0184,0,3.5,0.577,0.0685,0
8719,31680.0,0.02129,0.04517,0,4.4,0.572,0.0778,0
8720,26530.0,0.00863,0.03636,0,4.8,0.557,0.0619,0
8721,54570.0,0.00758,0.01288,0,3.9,0.589,0.0318,0
8722,14310.0,0.07148,0.10978,0,1.8,0.35,0.0714,0
8723,5430.0,0.0452,0.02761,53,5.5,0.494,0.0477,0
8724,7000.0,0.01968,0.03018,0,2.4,0.387,0.0461,0
8725,11380.0,0.03341,0.02207,0,2.2,0.446,0.0685,0
8726,2970.0,0.01145,0.00829,0,3.6,0.224,0.0667,0
8727,8850.0,0.02291,0.05025,0,4.7,0.577,0.0495,0
8728,6040.0,0.01572,0.01728,0,1.9,0.447,0.0667,1
8729,4040.0,0.04959,0.08084,0,3.1,0.439,0.0623,0
8730,48910.0,0.05573,0.08957,19,5.8,0.27,0.0429,1
8731,18210.0,0.00588,0.0036,0,1.3,0.514,0.0586,0
8732,27980.0,0.02576,0.03001,0,3.3,0.506,0.0627,0
8733,13550.0,0.00748,0.01321,0,2.0,0.537,0.0715,0
8734,6570.0,0.02974,0.02623,70,4.8,0.228,0.0707,0
8735,26650.0,0.13339,0.12056,0,1.0,0.276,0.0773,0
8736,11380.0,0.01192,0.01394,0,2.2,0.426,0.0539,0
8737,23270.0,0.00986,0.01911,0,6.1,0.498,0.0761,0
8738,1000.0,0.03986,0.02549,0,3.7,0.348,0.068,0
8739,6300.0,0.03486,0.02767,0,3.9,0.39,0.0369,0
8740,8170.0,0.01125,0.01734,15,0.8,0.339,0.0636,0
8741,46370.0,0.01831,0.01723,0,0.8,0.543,0.0743,0
8742,4160.0,0.00821,0.00702,0,1.6,0.289,0.0749,0
8743,26560.0,0.03397,0.03095,0,4.8,0.326,0.0736,0
8744,4970.0,0.01144,0.01042,0,3.6,0.366,0.0371,0
8745,14040.0,0.01067,0.01801,0,0.6,0.315,0.0597,0
8746,4820.0,0.01528,0.02807,0,2.0,0.328,0.0337,0
8747,22030.0,0.0263,0.0522,0,0.5,0.393,0.0354,0
8748,4670.0,0.01139,0.02651,0,1.4,0.476,0.0519,0
8749,5980.0,0.00346,0.0058,0,6.8,0.287,0.0738,0
8750,19910.0,0.0163,0.01054,142,1.7,0.381,0.0675,0
8751,7190.0,0.04984,0.03235,63,5.8,0.58,0.056,0
8752,4430.0,0.04181,0.04536,0,2.5,0.563,0.0626,0
8753,17810.0,0.01291,0.02856,0,5.5,0.425,0.0423,0
8754,12630.0,0.01151,0.01966,0,2.2,0.203,0.052,0
8755,7050.0,0.03127,0.05154,0,4.1,0.448,0.0571,0
8756,14170.0,0.09065,0.13799,0,2.1,0.303,0.0605,0
8757,5850.0,0.00598,0.00425,0,2.7,0.269,0.0705,0
8758,36310.0,0.01321,0.01018,0,6.0,0.449,0.0524,0
8759,36030.0,0.01357,0.01855,0,1.0,0.561,0.0513,0
8760,12150.0,0.09562,0.31108,0,3.4,0.284,0.046,0
8761,46430.0,0.03143,0.04399,0,3.0,0.273,0.0344,0
8762,3780.0,0.03716,0.04457,0,6.8,0.426,0.0502,0
8763,47210.0,0.04293,0.05164,0,6.7,0.415,0.0658,0
8764,4670.0,0.02277,0.03945,0,6.9,0.376,0.0604,0
8765,7400.0,0.0077,0.01438,64,2.7,0.431,0.0413,0
8766,7720.0,0.01195,0.01208,0,6.6,0.487,0.0702,0
8767,8030.0,0.04131,0.05019,0,6.9,0.274,0.0512,0
8768,19680.0,0.01741,0.0281,0,2.1,0.435,0.064,0
8769,6950.0,0.03227,0.03979,0,6.1,0.33,0.0565,0
8770,4890.0,0.03153,0.1111,50,6.9,0.464,0.065,0
8771,43270.0,0.01103,0.01233,0,6.9,0.207,0.0625,0
8772,9440.0,0.05448,0.07857,0,4.7,0.333,0.05,0
8773,38290.0,0.01793,0.05614,0,4.2,0.212,0.0401,0
8774,12440.0,0.00953,0.01202,0,1.6,0.425,0.0516,0
8775,50910.0,0.03322,0.04154,0,5.7,0.436,0.0622,0
8776,4300.0,0.0199,0.00985,0,0.6,0.576,0.0783,0
8777,10600.0,0.00955,0.0178,0,1.0,0.22,0.0566,0
8778,2370.0,0.0353,0.01852,0,3.5,0.423,0.0794,0
8779,5660.0,0.00967,0.01043,0,1.1,0.236,0.0705,0
8780,8230.0,0.01846,0.02057,0,2.8,0.374,0.0458,0
8781,21750.0,0.04915,0.07237,0,3.1,0.227,0.0746,0
8782,21720.0,0.02635,0.04542,0,4.8,0.597,0.0474,0
8783,16970.0,0.01066,0.00912,0,3.2,0.508,0.0619,0
8784,11110.0,0.01123,0.00853,0,2.4,0.312,0.0566,0
8785,16950.0,0.00889,0.0144,0,4.2,0.433,0.042,0
8786,10830.0,0.01319,0.01998,0,2.7,0.347,0.0506,0
8787,34550.0,0.01365,0.01351,0,6.3,0.333,0.0707,0
8788,9350.0,0.01227,0.00368,0,1.6,0.262,0.0416,0
8789,1970.0,0.01593,0.00883,0,3.1,0.234,0.0483,0
8790,7220.0,0.01059,0.01132,0,6.3,0.332,0.0311,0
8791,26130.0,0.0187,0.04989,0,5.2,0.43,0.0511,0
8792,9400.0,0.01112,0.03091,0,1.3,0.326,0.0637,0
8793,13020.0,0.02587,0.0172,0,6.5,0.205,0.0693,0
8794,48780.0,0.05512,0.04913,0,0.8,0.437,0.0668,0
8795,14380.0,0.00728,0.00568,0,2.0,0.6,0.0752,0
8796,8170.0,0.02807,0.02744,0,4.1,0.232,0.0402,0
8797,7160.0,0.01787,0.01883,0,3.3,0.559,0.0622,0
8798,82040.0,0.01718,0.0114,10,0.5,0.295,0.0349,0
8799,3170.0,0.01577,0.02321,0,6.4,0.574,0.0589,0
8800,12880.0,0.05124,0.10713,0,6.2,0.221,0.0758,0
8801,17590.0,0.00874,0.00727,0,1.0,0.416,0.039,0
8802,9360.0,0.04421,0.02618,0,5.7,0.431,0.0402,0
8803,10280.0,0.00922,0.00741,0,6.3,0.438,0.0558,0
8804,5220.0,0.02112,0.04816,0,6.6,0.446,0.0757,0
8805,18310.0,0.01079,0.00669,0,2.2,0.538,0.0452,0
8806,11480.0,0.05869,0.02821,0,4.6,0.517,0.0441,0
8807,5140.0,0.01356,0.01416,0,1.9,0.216,0.0441,0
8808,3040.0,0.0079,0.013,0,3.8,0.542,0.0612,0
8809,7090.0,0.02445,0.00837,0,2.9,0.455,0.0423,0
8810,10200.0,0.00631,0.00741,0,3.4,0.518,0.0357,0
8811,7510.0,0.01948,0.02334,0,6.6,0.447,0.0673,0
8812,23600.0,0.01225,0.00756,0,4.8,0.389,0.0795,0
8813,8970.0,0.00995,0.01743,0,4.7,0.305,0.0757,0
8814,15500.0,0.01595,0.01034,0,2.6,0.46,0.0492,0
8815,1940.0,0.0155,0.02526,0,1.5,0.208,0.0576,0
8816,5830.0,0.02469,0.04262,0,6.8,0.461,0.0339,0
8817,6650.0,0.01694,0.01239,0,4.7,0.436,0.0645,0
8818,9190.0,0.01501,0.01252,13,3.5,0.431,0.0577,0
8819,10850.0,0.03561,0.17232,0,6.4,0.282,0.0512,0
8820,6150.0,0.01357,0.01369,0,2.1,0.323,0.0795,0
8821,23870.0,0.01399,0.0518,0,7.0,0.32,0.0449,0
8822,31310.0,0.02271,0.03608,0,2.2,0.363,0.0468,0
8823,15290.0,0.015,0.00686,0,1.2,0.308,0.039,0
8824,7300.0,0.01559,0.03044,0,3.8,0.414,0.0794,0
8825,12790.0,0.00436,0.00412,0,1.4,0.464,0.0624,0
8826,8910.0,0.02968,0.04401,0,6.1,0.314,0.0704,0
8827,11000.0,0.00328,0.00666,0,5.3,0.433,0.0712,0
8828,45050.0,0.0239,0.04866,0,1.8,0.543,0.0351,0
8829,12970.0,0.01325,0.00409,0,4.1,0.254,0.0547,0
8830,7650.0,0.05573,0.09086,0,6.1,0.436,0.0659,0
8831,13320.0,0.00473,0.00994,0,2.6,0.45,0.0412,0
8832,42100.0,0.01218,0.01042,0,5.3,0.589,0.0714,0
8833,12910.0,0.03002,0.10158,0,3.3,0.51,0.0712,0
8834,2310.0,0.02142,0.02683,0,1.6,0.348,0.0507,0
8835,20270.0,0.1673,0.09856,0,4.4,0.242,0.0323,0
8836,4370.0,0.01611,0.03029,0,3.2,0.219,0.0576,0
8837,29690.0,0.02386,0.01444,0,5.0,0.356,0.0603,0
8838,13430.0,0.01669,0.0152,0,3.0,0.325,0.0399,0
8839,14910.0,0.02379,0.05472,0,2.4,0.305,0.038,0
8840,34880.0,0.02238,0.02195,0,2.5,0.427,0.068,0
8841,6120.0,0.03874,0.03008,48,2.8,0.491,0.0561,0
8842,4990.0,0.03151,0.11976,0,3.2,0.448,0.0312,0
8843,1050.0,0.01795,0.04275,0,1.9,0.519,0.0747,0
8844,7710.0,0.01172,0.00984,0,3.1,0.522,0.0695,0
8845,5410.0,0.02972,0.10958,0,3.4,0.497,0.0371,0
8846,9250.0,0.0072,0.05026,315,5.9,0.265,0.0546,0
8847,16570.0,0.01994,0.023,0,4.1,0.23,0.0563,0
8848,4220.0,0.05441,0.07891,0,4.9,0.433,0.0783,0
8849,7280.0,0.01428,0.01027,0,2.6,0.228,0.0676,0
8850,44870.0,0.01612,0.0221,0,6.0,0.268,0.0715,0
8851,8370.0,0.00843,0.00515,0,5.9,0.346,0.0697,0
8852,11080.0,0.04271,0.06699,0,2.2,0.529,0.0539,0
8853,32400.0,0.02322,0.01029,0,0.9,0.408,0.0641,0
8854,6670.0,0.03434,0.0261,0,6.3,0.217,0.0682,0
8855,4420.0,0.01331,0.01259,0,2.5,0.254,0.0333,0
8856,16660.0,0.01431,0.00826,0,5.6,0.304,0.0661,0
8857,14700.0,0.00786,0.02501,0,6.6,0.4,0.0371,0
8858,3980.0,0.03839,0.0974,0,3.8,0.24,0.0495,0
8859,19120.0,0.05459,0.04365,0,7.0,0.447,0.0526,0
8860,36050.0,0.0397,0.07924,0,3.6,0.568,0.0763,0
8861,10860.0,0.01248,0.01218,0,3.3,0.211,0.0677,0
8862,23210.0,0.00954,0.0114,0,6.9,0.257,0.0404,0
8863,23450.0,0.02705,0.03459,0,5.9,0.488,0.0497,0
8864,10910.0,0.01466,0.0236,0,1.0,0.378,0.0488,0
8865,49240.0,0.06157,0.06963,0,2.2,0.35,0.0429,0
8866,6360.0,0.01011,0.00894,0,4.8,0.589,0.0788,0
8867,24820.0,0.0144,0.00904,0,1.6,0.215,0.0763,0
8868,8080.0,0.01458,0.02379,0,1.6,0.244,0.047,0
8869,6070.0,0.00796,0.00211,0,0.6,0.447,0.0731,0
8870,6770.0,0.01038,0.02961,0,5.7,0.347,0.071,0
8871,21030.0,0.03542,0.0349,0,5.3,0.439,0.0621,0
8872,8570.0,0.02578,0.01855,0,4.6,0.307,0.0727,0
8873,4930.0,0.02101,0.0322,0,4.9,0.243,0.0304,0
8874,16570.0,0.02332,0.01511,0,6.6,0.318,0.0572,0
8875,15460.0,0.00849,0.00566,0,5.5,0.303,0.0715,0
8876,11540.0,0.00698,0.00618,0,6.4,0.593,0.0347,0
8877,11260.0,0.02127,0.03083,0,1.4,0.404,0.0657,0
8878,12420.0,0.02593,0.0943,0,4.3,0.577,0.062,0
8879,10970.0,0.01825,0.0295,0,6.5,0.222,0.0386,0
8880,23340.0,0.01586,0.01727,0,5.0,0.548,0.041,0
8881,5810.0,0.00658,0.00764,0,1.6,0.553,0.0587,0
8882,15320.0,0.02586,0.04459,0,5.5,0.426,0.0681,0
8883,9410.0,0.0347,0.05507,0,4.4,0.499,0.0409,0
8884,14520.0,0.0586,0.12942,0,2.0,0.288,0.0787,0
8885,18270.0,0.0072,0.00937,0,0.9,0.322,0.0459,0
8886,9790.0,0.07427,0.05773,0,6.8,0.324,0.0626,0
8887,74000.0,0.02259,0.04589,0,6.4,0.242,0.0375,0
8888,53690.0,0.02212,0.01828,0,0.9,0.275,0.0679,0
8889,19080.0,0.0268,0.03141,0,1.5,0.34,0.0548,0
8890,31210.0,0.00941,0.01105,0,2.0,0.272,0.0334,0
8891,19560.0,0.0163,0.00897,0,1.9,0.568,0.0464,0
8892,5080.0,0.0178,0.01808,0,2.5,0.207,0.0505,0
8893,18950.0,0.01574,0.01449,0,6.4,0.596,0.078,0
8894,27990.0,0.01825,0.07371,0,4.7,0.282,0.0783,0
8895,10930.0,0.04361,0.02625,0,3.5,0.398,0.0771,0
8896,18650.0,0.04008,0.04828,0,2.6,0.486,0.0305,0
8897,4720.0,0.0054,0.00486,0,3.6,0.207,0.0548,0
8898,24810.0,0.01536,0.00992,0,1.5,0.422,0.0421,0
8899,3840.0,0.06153,0.03621,35,3.9,0.464,0.0431,0
8900,8580.0,0.02462,0.02089,0,2.4,0.218,0.0426,0
8901,2390.0,0.01577,0.01923,0,2.6,0.29,0.07,0
8902,5290.0,0.03375,0.06377,0,3.9,0.398,0.0588,0
8903,4600.0,0.02446,0.03378,0,4.1,0.407,0.0594,0
8904,8610.0,0.05151,0.05602,0,2.5,0.576,0.0458,0
8905,20460.0,0.0077,0.00998,0,6.1,0.244,0.0476,0
8906,5580.0,0.01126,0.02159,0,4.7,0.575,0.0781,0
8907,9510.0,0.01643,0.01379,0,4.9,0.561,0.0593,0
8908,16960.0,0.00977,0.0085,0,3.4,0.404,0.0387,0
8909,12090.0,0.02492,0.01605,0,2.3,0.494,0.0454,0
8910,12740.0,0.01928,0.05195,0,6.8,0.204,0.0651,0
8911,24960.0,0.01044,0.00357,0,3.4,0.415,0.0713,0
8912,9390.0,0.02081,0.07758,0,3.2,0.412,0.0778,0
8913,39790.0,0.01527,0.02206,0,5.5,0.355,0.0414,0
8914,12370.0,0.01275,0.0574,0,3.7,0.369,0.0386,0
8915,23100.0,0.00522,0.00981,0,6.8,0.279,0.0776,0
8916,13730.0,0.00969,0.00757,0,6.3,0.205,0.0641,0
8917,18900.0,0.01241,0.01007,0,1.8,0.394,0.0306,0
8918,16740.0,0.03788,0.08943,0,2.6,0.461,0.0747,0
8919,12060.0,0.02183,0.0366,0,6.5,0.578,0.0319,1
8920,9040.0,0.01672,0.01768,0,0.6,0.336,0.053,0
8921,10210.0,0.01228,0.00753,0,3.9,0.316,0.0441,0
8922,3190.0,0.02467,0.04683,0,5.0,0.243,0.04,0
8923,17260.0,0.01474,0.01417,0,1.8,0.403,0.04,0
8924,9190.0,0.02065,0.03069,0,6.7,0.463,0.0392,0
8925,7380.0,0.09245,0.11196,0,2.6,0.293,0.0346,0
8926,29310.0,0.02985,0.0414,0,4.7,0.52,0.0563,0
8927,16470.0,0.026,0.05038,0,4.3,0.245,0.0369,0
8928,8500.0,0.03968,0.02406,0,5.0,0.517,0.0599,0
8929,8680.0,0.01633,0.00597,0,3.5,0.346,0.0323,0
8930,7040.0,0.04305,0.12003,0,6.7,0.261,0.0533,0
8931,9410.0,0.01245,0.00592,0,2.9,0.325,0.0563,0
8932,14870.0,0.02706,0.10663,0,5.0,0.325,0.0407,0
8933,6410.0,0.03436,0.04575,0,3.4,0.491,0.0528,0
8934,11240.0,0.01468,0.04481,0,6.9,0.554,0.0348,0
8935,3660.0,0.00699,0.00394,0,5.8,0.277,0.0768,0
8936,18730.0,0.00714,0.02622,0,3.1,0.452,0.0359,0
8937,25090.0,0.03263,0.02096,0,4.6,0.242,0.0738,0
8938,29080.0,0.0177,0.00994,0,4.9,0.528,0.0703,0
8939,51360.0,0.0547,0.07136,0,1.6,0.589,0.071,0
8940,113290.0,0.04511,0.02531,0,4.8,0.341,0.0772,0
8941,28690.0,0.00861,0.02259,0,5.3,0.59,0.0323,0
8942,12040.0,0.01919,0.01208,0,1.4,0.347,0.0786,0
8943,16280.0,0.0206,0.02731,196,5.0,0.227,0.0546,1
8944,9690.0,0.01084,0.02183,0,1.5,0.234,0.0767,0
8945,10400.0,0.05362,0.04453,0,3.4,0.207,0.0782,0
8946,26160.0,0.0216,0.02646,0,6.6,0.519,0.0668,1
8947,13080.0,0.04002,0.04438,0,3.9,0.269,0.043,0
8948,8640.0,0.01576,0.02812,0,4.4,0.449,0.0724,0
8949,5550.0,0.0103,0.02719,0,3.9,0.243,0.0758,0
8950,2720.0,0.01522,0.02155,0,5.3,0.262,0.0729,0
8951,10290.0,0.01341,0.01053,0,1.1,0.422,0.0345,0
8952,15680.0,0.00545,0.00286,0,0.7,0.389,0.0772,0
8953,6060.0,0.01106,0.00803,0,3.6,0.384,0.0384,0
8954,5530.0,0.00572,0.00691,0,6.5,0.352,0.0608,0
8955,9660.0,0.00995,0.03033,0,5.3,0.252,0.0761,0
8956,11920.0,0.03296,0.07202,0,0.8,0.591,0.0695,0
8957,2430.0,0.02272,0.02083,0,4.2,0.473,0.0687,0
8958,19890.0,0.016,0.01243,0,1.5,0.515,0.0482,0
8959,10800.0,0.0169,0.0262,0,4.0,0.244,0.0757,0
8960,21410.0,0.05252,0.02499,0,5.1,0.334,0.0585,0
8961,8090.0,0.01187,0.01648,0,6.4,0.34,0.0303,0
8962,8830.0,0.02046,0.02613,0,5.0,0.479,0.0385,0
8963,8060.0,0.03537,0.05554,0,1.2,0.557,0.0654,0
8964,24560.0,0.00851,0.00744,0,4.5,0.556,0.0423,0
8965,3500.0,0.01004,0.00516,0,2.8,0.394,0.07,0
8966,7070.0,0.02149,0.06035,0,1.5,0.458,0.0301,0
8967,5950.0,0.0247,0.07211,0,1.9,0.297,0.0496,0
8968,6820.0,0.02642,0.09212,0,0.8,0.573,0.0575,0
8969,5080.0,0.01582,0.01966,0,2.0,0.356,0.0526,0
8970,7510.0,0.02864,0.01781,61,6.9,0.517,0.0358,0
8971,14530.0,0.0114,0.01537,0,6.1,0.383,0.0357,0
8972,17700.0,0.01944,0.01636,0,2.0,0.443,0.054,0
8973,14640.0,0.02564,0.00774,60,4.0,0.454,0.0326,0
8974,3810.0,0.01159,0.00541,0,2.1,0.491,0.0484,0
8975,4980.0,0.04045,0.01862,0,0.7,0.364,0.0606,0
8976,61510.0,0.01141,0.02574,0,3.1,0.242,0.0343,0
8977,36900.0,0.01946,0.03204,0,5.8,0.34,0.0477,0
8978,6470.0,0.01749,0.00901,0,3.7,0.405,0.0522,0
8979,7220.0,0.01289,0.01219,0,2.2,0.277,0.0558,0
8980,21640.0,0.00332,0.00234,0,0.6,0.559,0.0416,0
8981,12530.0,0.02074,0.01615,0,5.4,0.347,0.069,0
8982,10400.0,0.06402,0.07908,0,4.8,0.412,0.0406,0
8983,12080.0,0.02174,0.01605,0,6.8,0.447,0.0657,0
8984,16270.0,0.01733,0.00374,39,4.1,0.591,0.0681,0
8985,7140.0,0.02461,0.07127,0,4.2,0.527,0.0415,0
8986,45180.0,0.04378,0.02901,0,3.1,0.523,0.0421,0
8987,13850.0,0.01254,0.00924,0,5.6,0.554,0.054,0
8988,5650.0,0.01385,0.01824,0,2.6,0.502,0.0413,0
8989,2100.0,0.02171,0.02235,0,5.7,0.274,0.0668,0
8990,20120.0,0.01812,0.00896,0,0.6,0.427,0.0742,0
8991,31050.0,0.02713,0.02231,0,5.6,0.421,0.077,0
8992,21230.0,0.00995,0.02086,0,5.1,0.447,0.0788,0
8993,26450.0,0.0196,0.08963,0,1.8,0.448,0.0647,0
8994,5040.0,0.01677,0.06871,0,6.1,0.575,0.0678,0
8995,7140.0,0.01541,0.01054,1,2.2,0.278,0.0581,0
8996,9480.0,0.01902,0.01815,0,3.2,0.32,0.074,0
8997,13510.0,0.03876,0.02794,0,1.2,0.305,0.079,0
8998,31100.0,0.07781,0.17249,0,1.0,0.576,0.0322,0
8999,9370.0,0.06341,0.07224,0,5.3,0.576,0.0782,0
9000,12820.0,0.0064,0.00432,0,6.2,0.467,0.0708,0
9001,3690.0,0.01919,0.01653,28,4.5,0.287,0.0684,0
9002,8260.0,0.01364,0.00857,0,6.1,0.221,0.035,0
9003,6560.0,0.00612,0.00591,0,5.0,0.43,0.0583,0
9004,9750.0,0.01184,0.00892,0,6.9,0.559,0.0733,0
9005,11740.0,0.0209,0.02065,0,6.0,0.271,0.04,0
9006,20350.0,0.06605,0.04647,0,6.4,0.31,0.0421,0
9007,2650.0,0.03658,0.05572,0,2.1,0.555,0.0489,0
9008,8650.0,0.01171,0.00596,0,3.9,0.316,0.0589,0
9009,7940.0,0.00686,0.00289,0,2.8,0.301,0.0787,0
9010,10700.0,0.01316,0.01048,150,1.8,0.35,0.0469,0
9011,15940.0,0.04619,0.23305,39,6.8,0.579,0.0391,0
9012,20870.0,0.02238,0.03564,0,2.9,0.285,0.0485,0
9013,5300.0,0.01678,0.01369,0,3.6,0.54,0.0577,0
9014,4560.0,0.02653,0.04146,0,3.5,0.242,0.0739,0
9015,81660.0,0.01303,0.01995,0,0.7,0.251,0.0435,0
9016,12120.0,0.01743,0.02197,210,3.3,0.433,0.048,0
9017,9490.0,0.03121,0.04116,0,2.3,0.231,0.0382,0
9018,25130.0,0.00992,0.01195,0,5.4,0.286,0.0645,0
9019,6500.0,0.04122,0.0742,0,6.6,0.31,0.0629,0
9020,14110.0,0.02785,0.01635,0,1.3,0.421,0.0327,0
9021,14830.0,0.10018,0.07259,0,6.4,0.362,0.0645,0
9022,4730.0,0.11522,0.37077,0,5.1,0.484,0.0617,0
9023,8110.0,0.02073,0.03107,0,1.4,0.249,0.0689,0
9024,18140.0,0.0182,0.01761,0,2.9,0.255,0.0711,0
9025,19380.0,0.02072,0.01564,0,4.0,0.327,0.0631,0
9026,9240.0,0.03976,0.03189,55,2.8,0.535,0.0649,0
9027,6060.0,0.0477,0.04056,44,2.0,0.495,0.0392,0
9028,16290.0,0.04017,0.04217,0,0.9,0.273,0.0665,0
9029,13550.0,0.01228,0.01496,0,5.6,0.51,0.0375,0
9030,28980.0,0.06024,0.12541,0,0.9,0.542,0.0582,0
9031,11910.0,0.02702,0.03421,0,1.2,0.302,0.0415,0
9032,12550.0,0.05912,0.11591,0,1.3,0.356,0.0439,0
9033,25200.0,0.01267,0.02045,0,3.1,0.532,0.0461,0
9034,15330.0,0.00766,0.0127,0,6.6,0.282,0.0434,0
9035,33790.0,0.02102,0.09112,0,2.3,0.315,0.0697,0
9036,4400.0,0.02974,0.02358,0,0.6,0.538,0.0513,0
9037,37730.0,0.00639,0.01594,0,1.1,0.397,0.0771,0
9038,23440.0,0.02554,0.02273,0,3.9,0.441,0.0543,0
9039,18980.0,0.00744,0.00811,0,0.8,0.287,0.0318,0
9040,2940.0,0.01533,0.02339,3,7.0,0.333,0.0654,0
9041,8750.0,0.02028,0.03813,84,6.8,0.225,0.0724,0
9042,10540.0,0.00845,0.01239,0,2.1,0.434,0.0463,0
9043,10120.0,0.0441,0.04255,0,6.4,0.27,0.0535,0
9044,4580.0,0.00707,0.01028,374,1.3,0.513,0.0628,0
9045,17530.0,0.01307,0.01596,0,1.3,0.413,0.034,0
9046,34390.0,0.01267,0.0155,0,0.6,0.39,0.0523,0
9047,18160.0,0.01867,0.00999,0,4.8,0.57,0.0303,0
9048,5840.0,0.03586,0.02972,0,2.8,0.244,0.0723,0
9049,6900.0,0.00997,0.01183,0,1.7,0.557,0.0796,0
9050,6020.0,0.0192,0.01281,0,0.7,0.473,0.0431,0
9051,9110.0,0.02881,0.01457,0,3.8,0.353,0.0343,0
9052,7710.0,0.0228,0.02706,0,1.5,0.541,0.0538,0
9053,16180.0,0.01037,0.01929,0,3.2,0.326,0.058,0
9054,9040.0,0.00909,0.01154,0,1.7,0.353,0.0383,0
9055,21430.0,0.0052,0.00337,0,5.8,0.594,0.0514,0
9056,3140.0,0.03292,0.08931,0,1.0,0.219,0.0747,0
9057,9260.0,0.04022,0.04455,0,4.6,0.443,0.0348,0
9058,24750.0,0.03077,0.04236,0,3.2,0.244,0.0551,0
9059,8740.0,0.01381,0.0103,58,2.3,0.362,0.0624,0
9060,13440.0,0.01148,0.01342,0,5.5,0.57,0.052,0
9061,7950.0,0.00526,0.00766,0,3.6,0.477,0.0446,0
9062,15050.0,0.01884,0.01106,21,6.0,0.308,0.0738,0
9063,11990.0,0.00453,0.00342,0,3.7,0.559,0.0735,0
9064,6840.0,0.01282,0.02092,0,4.2,0.266,0.0731,0
9065,2340.0,0.0145,0.01387,0,5.1,0.328,0.0376,0
9066,27380.0,0.02349,0.02555,0,6.0,0.541,0.0383,0
9067,6270.0,0.01801,0.04053,0,6.4,0.442,0.0637,0
9068,20660.0,0.03009,0.03298,0,1.0,0.307,0.0324,0
9069,68280.0,0.02293,0.01494,0,3.3,0.591,0.0687,0
9070,62280.0,0.06433,0.02437,0,3.0,0.203,0.0607,0
9071,2480.0,0.08481,0.05642,0,1.6,0.298,0.0402,0
9072,25760.0,0.0264,0.06333,0,0.8,0.249,0.0363,0
9073,11840.0,0.06843,0.09929,0,6.2,0.438,0.0462,0
9074,8410.0,0.02486,0.0411,0,2.9,0.509,0.0362,0
9075,1000.0,0.0053,0.00759,0,1.7,0.288,0.0494,0
9076,6960.0,0.07921,0.04535,0,5.9,0.487,0.0376,0
9077,6030.0,0.01625,0.01258,0,1.0,0.481,0.0589,0
9078,15140.0,0.00802,0.02331,71,4.3,0.281,0.0453,0
9079,36740.0,0.04102,0.08771,0,1.8,0.378,0.0714,0
9080,19970.0,0.06553,0.09512,0,3.5,0.48,0.0795,0
9081,11750.0,0.03488,0.03733,0,5.5,0.322,0.0593,0
9082,8140.0,0.03204,0.02932,0,1.0,0.596,0.0693,0
9083,4560.0,0.01334,0.00371,0,0.7,0.309,0.0716,0
9084,7800.0,0.01725,0.01577,0,2.6,0.272,0.071,0
9085,14490.0,0.01193,0.02044,0,4.8,0.288,0.0739,1
9086,6300.0,0.04577,0.05317,0,1.1,0.275,0.0324,0
9087,4280.0,0.01949,0.01475,0,2.8,0.399,0.0518,0
9088,11900.0,0.07548,0.0374,0,2.0,0.339,0.0618,0
9089,19680.0,0.01391,0.00986,0,1.1,0.206,0.0654,0
9090,4940.0,0.02175,0.03068,0,6.3,0.547,0.0661,0
9091,11220.0,0.01508,0.05738,0,4.8,0.352,0.0689,0
9092,8720.0,0.0114,0.002,0,4.7,0.215,0.0559,0
9093,18750.0,0.00677,0.02856,0,1.5,0.503,0.0691,0
9094,17460.0,0.00742,0.00521,0,4.5,0.349,0.0688,0
9095,24680.0,0.0133,0.04148,0,2.9,0.52,0.046,0
9096,10300.0,0.04043,0.09816,0,3.4,0.444,0.0737,0
9097,6610.0,0.05559,0.07799,0,4.0,0.258,0.0348,0
9098,24370.0,0.04172,0.03429,0,1.7,0.583,0.054,0
9099,43010.0,0.0129,0.0158,0,4.4,0.532,0.0766,1
9100,5990.0,0.02175,0.01862,0,3.5,0.596,0.045,0
9101,4630.0,0.03247,0.03733,0,1.5,0.209,0.0385,0
9102,8900.0,0.02148,0.01883,0,2.8,0.313,0.0409,0
9103,14720.0,0.00958,0.00634,0,4.6,0.29,0.0601,0
9104,18960.0,0.02821,0.03713,0,6.7,0.414,0.074,0
9105,14390.0,0.02322,0.0238,0,3.9,0.57,0.0677,0
9106,23820.0,0.041,0.01652,0,5.0,0.21,0.043,0
9107,21060.0,0.02177,0.05799,0,4.7,0.443,0.0754,0
9108,1120.0,0.07517,0.07046,0,5.0,0.558,0.0623,0
9109,11330.0,0.02342,0.05916,0,0.9,0.235,0.0648,0
9110,16000.0,0.02012,0.0365,0,0.5,0.306,0.0658,0
9111,8990.0,0.01551,0.0196,0,2.5,0.238,0.0576,0
9112,14770.0,0.03725,0.05659,0,4.2,0.331,0.0655,0
9113,3970.0,0.01921,0.02542,0,3.2,0.515,0.0436,0
9114,6440.0,0.0089,0.01227,0,3.6,0.491,0.067,0
9115,6220.0,0.01598,0.0507,0,3.1,0.232,0.0439,0
9116,27660.0,0.03697,0.07134,0,4.1,0.479,0.0488,0
9117,12010.0,0.02904,0.03494,0,6.1,0.237,0.0591,0
9118,14920.0,0.04261,0.05958,0,1.4,0.258,0.0682,0
9119,4100.0,0.01111,0.01392,45,3.3,0.286,0.0561,0
9120,7960.0,0.02687,0.03661,0,0.6,0.538,0.0479,0
9121,8720.0,0.01303,0.02338,0,5.5,0.474,0.0544,0
9122,11940.0,0.00977,0.02814,0,2.3,0.584,0.0733,1
9123,5150.0,0.02732,0.06999,0,6.5,0.299,0.0678,0
9124,32620.0,0.0171,0.08281,0,4.1,0.368,0.0491,0
9125,8960.0,0.01437,0.02511,18,2.3,0.474,0.0408,0
9126,2260.0,0.00895,0.01051,0,2.2,0.273,0.0569,0
9127,13940.0,0.02588,0.07146,0,4.2,0.483,0.048,0
9128,4920.0,0.03297,0.03045,0,0.9,0.404,0.0365,0
9129,17340.0,0.05422,0.08322,0,1.3,0.254,0.0517,0
9130,7640.0,0.03517,0.06059,0,3.3,0.205,0.0306,0
9131,9440.0,0.0607,0.14383,0,6.6,0.42,0.0439,0
9132,9620.0,0.0214,0.01601,0,2.1,0.393,0.0789,0
9133,6310.0,0.01175,0.00337,0,2.5,0.455,0.0345,0
9134,23360.0,0.00774,0.00679,0,5.4,0.581,0.0692,0
9135,20300.0,0.0248,0.00863,0,1.7,0.536,0.07,0
9136,39980.0,0.02325,0.02473,50,0.7,0.431,0.0672,0
9137,20190.0,0.01131,0.01315,0,0.7,0.341,0.0764,0
9138,8040.0,0.06968,0.04123,40,3.8,0.497,0.0342,0
9139,10680.0,0.01068,0.01654,0,1.2,0.342,0.0547,0
9140,1730.0,0.00786,0.02221,0,5.8,0.501,0.0507,0
9141,6600.0,0.03284,0.02679,0,1.8,0.298,0.03,0
9142,32850.0,0.01283,0.00991,0,2.7,0.48,0.0682,0
9143,12280.0,0.01248,0.00959,0,0.8,0.279,0.0304,0
9144,8900.0,0.0272,0.06219,0,2.0,0.515,0.0445,0
9145,8660.0,0.02132,0.02097,387,3.9,0.405,0.0461,0
9146,7070.0,0.0306,0.10523,0,0.7,0.548,0.0716,0
9147,30750.0,0.01498,0.03947,0,1.1,0.392,0.0453,0
9148,5380.0,0.01237,0.01706,16,1.9,0.247,0.034,0
9149,3950.0,0.02095,0.01478,44,6.7,0.453,0.0365,0
9150,2880.0,0.03084,0.01618,0,4.9,0.43,0.0513,0
9151,15080.0,0.0943,0.13153,54,1.2,0.46,0.0398,0
9152,6320.0,0.04655,0.03621,0,5.7,0.408,0.0576,0
9153,11600.0,0.03259,0.04095,0,5.3,0.363,0.0373,0
9154,8090.0,0.01654,0.00586,0,2.8,0.452,0.0368,0
9155,14640.0,0.02956,0.04489,0,2.4,0.306,0.0474,0
9156,23390.0,0.02014,0.03407,0,1.5,0.428,0.045,0
9157,4460.0,0.01845,0.06197,0,3.7,0.569,0.0351,0
9158,58350.0,0.01041,0.00632,0,2.0,0.305,0.0556,0
9159,32250.0,0.04585,0.09342,0,5.7,0.406,0.0566,0
9160,12070.0,0.01265,0.0076,0,5.7,0.428,0.0516,0
9161,4310.0,0.05098,0.08851,0,2.5,0.241,0.0777,0
9162,9840.0,0.00863,0.00273,0,1.3,0.44,0.0525,0
9163,14330.0,0.04147,0.05355,0,5.7,0.254,0.0569,0
9164,53490.0,0.01259,0.01707,0,3.4,0.514,0.0437,0
9165,12130.0,0.00664,0.00775,0,6.4,0.551,0.0653,0
9166,14280.0,0.00955,0.01291,0,1.7,0.543,0.0708,0
9167,11820.0,0.01646,0.02151,0,3.0,0.396,0.0349,0
9168,18980.0,0.01722,0.0253,49,5.3,0.471,0.0542,0
9169,16780.0,0.03937,0.04325,76,5.2,0.238,0.0365,0
9170,6560.0,0.02094,0.02371,0,3.1,0.258,0.0613,0
9171,33660.0,0.02673,0.04322,0,6.9,0.286,0.0564,0
9172,3860.0,0.01228,0.00887,0,5.2,0.496,0.0431,0
9173,16230.0,0.03441,0.04047,0,5.5,0.501,0.0399,0
9174,26660.0,0.01533,0.00647,67,6.6,0.262,0.0444,0
9175,5520.0,0.00917,0.00511,0,6.1,0.393,0.061,0
9176,16510.0,0.02823,0.06615,0,2.4,0.236,0.0699,0
9177,6470.0,0.02455,0.04873,0,0.8,0.556,0.0468,0
9178,9930.0,0.01578,0.01524,0,3.5,0.315,0.0418,0
9179,16010.0,0.01998,0.06866,0,0.5,0.57,0.065,0
9180,9980.0,0.01735,0.02409,0,6.7,0.505,0.054,0
9181,11580.0,0.01172,0.02394,0,6.6,0.404,0.0649,0
9182,7080.0,0.00651,0.01356,0,5.9,0.472,0.0599,0
9183,7990.0,0.01957,0.03184,8,6.0,0.323,0.0499,0
9184,4170.0,0.00666,0.01207,0,0.5,0.421,0.0599,0
9185,1420.0,0.05325,0.08561,0,6.6,0.388,0.058,0
9186,10130.0,0.00507,0.00566,0,3.5,0.474,0.0658,0
9187,18750.0,0.00665,0.0042,0,4.1,0.352,0.0603,0
9188,13600.0,0.02845,0.06583,0,1.0,0.26,0.031,0
9189,15910.0,0.00357,0.00447,0,3.0,0.223,0.0454,0
9190,8630.0,0.01805,0.02009,0,0.7,0.287,0.059,0
9191,31220.0,0.01057,0.00957,0,2.0,0.467,0.0532,0
9192,6760.0,0.02641,0.029,0,6.4,0.407,0.0484,0
9193,15530.0,0.00608,0.00226,0,2.1,0.533,0.062,0
9194,22350.0,0.03744,0.06955,0,1.8,0.238,0.0309,0
9195,2560.0,0.07606,0.24759,0,1.6,0.411,0.0503,0
9196,7930.0,0.07919,0.09154,12,2.6,0.379,0.0576,0
9197,29520.0,0.01344,0.00442,0,2.6,0.502,0.06,0
9198,97550.0,0.00317,0.0085,0,1.7,0.393,0.0681,0
9199,10810.0,0.0185,0.10213,0,5.0,0.338,0.0641,0
9200,36860.0,0.01269,0.01403,0,4.4,0.572,0.0341,0
9201,2030.0,0.02552,0.03152,0,5.7,0.3,0.0503,0
9202,5180.0,0.0194,0.00705,0,1.7,0.381,0.0799,0
9203,10030.0,0.02621,0.04981,0,4.2,0.504,0.0612,0
9204,11960.0,0.00794,0.0064,0,1.3,0.461,0.0621,0
9205,2940.0,0.03705,0.04301,0,5.3,0.362,0.0467,0
9206,23990.0,0.03294,0.04777,0,3.5,0.499,0.0697,0
9207,13500.0,0.01152,0.01388,0,5.5,0.57,0.0593,0
9208,14200.0,0.02199,0.03884,0,7.0,0.332,0.0422,0
9209,14780.0,0.01465,0.01016,0,2.9,0.583,0.0698,0
9210,4150.0,0.02382,0.05261,0,5.2,0.591,0.0532,1
9211,2320.0,0.01856,0.01733,0,2.0,0.265,0.0684,0
9212,4640.0,0.00736,0.00532,0,3.8,0.385,0.0727,0
9213,18930.0,0.00991,0.01594,0,5.6,0.238,0.0504,0
9214,4620.0,0.019,0.00763,0,4.1,0.339,0.0513,0
9215,2940.0,0.04318,0.02716,0,4.1,0.318,0.078,0
9216,23680.0,0.01922,0.04189,0,1.0,0.519,0.0717,0
9217,13370.0,0.03545,0.06748,0,6.8,0.501,0.0792,0
9218,10260.0,0.02028,0.01418,0,2.6,0.231,0.0311,0
9219,12340.0,0.01259,0.01849,0,2.6,0.329,0.0761,0
9220,4730.0,0.01523,0.02131,44,4.8,0.372,0.0597,0
9221,11730.0,0.01024,0.01368,0,7.0,0.392,0.0604,0
9222,25780.0,0.02061,0.04043,0,6.1,0.552,0.032,0
9223,8860.0,0.0169,0.02285,8,0.7,0.335,0.0632,0
9224,5910.0,0.0185,0.02418,0,2.6,0.23,0.0345,0
9225,5580.0,0.02214,0.01985,0,7.0,0.239,0.0353,0
9226,5220.0,0.00989,0.01186,0,5.3,0.578,0.0586,0
9227,3480.0,0.01937,0.06292,0,4.7,0.216,0.0751,0
9228,8210.0,0.02412,0.03186,0,4.2,0.462,0.0302,0
9229,15560.0,0.0228,0.03081,0,6.6,0.318,0.0432,0
9230,28930.0,0.03461,0.03624,0,3.5,0.223,0.069,0
9231,7260.0,0.01189,0.00754,0,4.0,0.227,0.0398,0
9232,8330.0,0.04537,0.11567,0,5.3,0.217,0.0309,0
9233,40320.0,0.02658,0.13876,0,3.0,0.566,0.0608,0
9234,9030.0,0.01872,0.01586,0,4.9,0.589,0.069,0
9235,3240.0,0.02359,0.02114,0,6.7,0.501,0.044,0
9236,9660.0,0.0129,0.01058,0,3.6,0.351,0.0476,0
9237,3890.0,0.00461,0.00302,0,5.1,0.29,0.049,0
9238,5740.0,0.01529,0.00831,0,6.6,0.414,0.0761,0
9239,9020.0,0.01557,0.02285,0,6.3,0.521,0.0602,0
9240,31900.0,0.01506,0.00689,0,2.7,0.376,0.0334,0
9241,6750.0,0.02726,0.04307,0,1.7,0.304,0.0408,0
9242,6270.0,0.06805,0.02639,0,4.0,0.334,0.048,0
9243,8410.0,0.01488,0.02563,0,6.6,0.236,0.0718,0
9244,4740.0,0.00507,0.00658,0,2.6,0.334,0.0703,0
9245,10730.0,0.00693,0.00317,0,4.7,0.376,0.0716,0
9246,9010.0,0.04607,0.05903,0,5.4,0.524,0.0529,0
9247,19690.0,0.02824,0.03471,0,2.9,0.258,0.0709,0
9248,46110.0,0.01698,0.01254,0,1.4,0.38,0.0468,0
9249,26570.0,0.03825,0.03205,0,3.1,0.325,0.0308,0
9250,14110.0,0.01146,0.01851,0,0.7,0.573,0.074,0
9251,27720.0,0.01204,0.0367,0,4.3,0.353,0.0776,0
9252,24540.0,0.01108,0.00435,0,0.8,0.258,0.0517,0
9253,10270.0,0.0276,0.04865,10,1.1,0.391,0.0658,0
9254,11770.0,0.00763,0.00439,0,3.8,0.51,0.0597,0
9255,11420.0,0.01057,0.02573,0,4.4,0.412,0.0413,0
9256,26990.0,0.03733,0.03341,0,2.3,0.297,0.079,1
9257,15600.0,0.01028,0.00839,0,1.2,0.304,0.0495,0
9258,4550.0,0.07942,0.06223,0,6.2,0.266,0.0435,0
9259,22890.0,0.02327,0.03086,0,4.7,0.241,0.0669,0
9260,9220.0,0.00696,0.01502,0,6.5,0.33,0.0656,0
9261,3970.0,0.00527,0.00558,69,2.4,0.471,0.0779,0
9262,13330.0,0.01742,0.01296,0,0.6,0.384,0.0622,0
9263,10430.0,0.01449,0.011,0,3.8,0.237,0.0542,0
9264,9430.0,0.02053,0.01342,0,4.0,0.509,0.0463,0
9265,6320.0,0.04714,0.07626,0,3.4,0.335,0.0492,0
9266,22460.0,0.01535,0.0499,0,6.3,0.4,0.042,0
9267,4750.0,0.01602,0.01594,14,4.7,0.352,0.0549,0
9268,7390.0,0.02002,0.04461,0,2.5,0.543,0.0576,0
9269,10260.0,0.0208,0.01161,0,5.3,0.507,0.0724,0
9270,27140.0,0.00967,0.00562,0,4.4,0.49,0.041,0
9271,12560.0,0.01647,0.02888,0,2.6,0.544,0.0625,0
9272,23670.0,0.01212,0.00482,0,6.5,0.215,0.044,0
9273,12450.0,0.04898,0.1242,0,3.5,0.374,0.0683,0
9274,29900.0,0.01445,0.00851,0,1.5,0.474,0.0358,0
9275,52970.0,0.02699,0.07954,0,4.0,0.246,0.0547,0
9276,11540.0,0.06155,0.05551,0,4.2,0.296,0.0703,0
9277,5750.0,0.15793,0.06628,0,3.5,0.209,0.0768,0
9278,21520.0,0.07671,0.04641,0,4.1,0.253,0.0677,0
9279,25840.0,0.0087,0.02064,0,4.9,0.208,0.0359,0
9280,9410.0,0.01279,0.0179,0,4.8,0.231,0.0676,0
9281,6280.0,0.0314,0.043,0,4.1,0.526,0.0537,0
9282,6710.0,0.03677,0.04779,0,0.9,0.421,0.0517,0
9283,10830.0,0.00864,0.01254,77,6.4,0.338,0.0684,0
9284,55530.0,0.03645,0.0681,0,4.5,0.279,0.0623,0
9285,17410.0,0.01666,0.02637,0,1.6,0.311,0.0386,0
9286,8750.0,0.05605,0.06446,0,2.0,0.455,0.0406,0
9287,9240.0,0.04513,0.0407,0,1.9,0.206,0.0472,0
9288,2700.0,0.02798,0.04146,0,2.7,0.57,0.0408,0
9289,42530.0,0.02862,0.03989,0,6.5,0.267,0.055,0
9290,21940.0,0.0148,0.02071,0,1.8,0.487,0.0648,0
9291,16040.0,0.01625,0.01744,38,0.9,0.46,0.0445,1
9292,9070.0,0.03821,0.15095,0,1.9,0.303,0.0589,0
9293,10060.0,0.00682,0.00606,0,1.7,0.583,0.039,0
9294,6400.0,0.01835,0.01886,0,2.6,0.273,0.0622,0
9295,15550.0,0.01133,0.01801,0,1.9,0.584,0.0535,0
9296,1610.0,0.01153,0.01036,0,6.9,0.402,0.0592,0
9297,9430.0,0.02295,0.035,0,3.8,0.397,0.0674,0
9298,13330.0,0.0106,0.00365,0,1.1,0.207,0.0795,0
9299,6510.0,0.00932,0.01306,0,1.4,0.25,0.0318,0
9300,8750.0,0.0473,0.0502,0,4.7,0.541,0.0335,0
9301,5880.0,0.00619,0.00675,0,6.4,0.584,0.0641,0
9302,7570.0,0.00957,0.02111,0,6.7,0.299,0.0515,0
9303,7560.0,0.02797,0.08373,0,4.9,0.584,0.0483,0
9304,34390.0,0.01279,0.00745,75,1.5,0.354,0.048,0
9305,25260.0,0.00966,0.02113,0,6.3,0.329,0.0444,0
9306,10480.0,0.03863,0.02121,0,1.2,0.367,0.0649,0
9307,24390.0,0.07323,0.08767,0,6.0,0.503,0.0557,0
9308,7420.0,0.00828,0.00943,0,2.0,0.266,0.0631,0
9309,2990.0,0.02217,0.04382,0,5.8,0.37,0.0527,0
9310,5340.0,0.00897,0.03571,0,6.6,0.497,0.076,0
9311,12050.0,0.00689,0.00998,0,1.1,0.25,0.0394,0
9312,21990.0,0.03723,0.03681,0,2.6,0.53,0.0364,0
9313,2310.0,0.01707,0.00361,0,2.2,0.21,0.0479,0
9314,6550.0,0.02365,0.00586,0,6.6,0.296,0.0449,0
9315,7770.0,0.03131,0.01592,0,1.8,0.573,0.0616,0
9316,50160.0,0.01227,0.00575,0,4.8,0.519,0.042,0
9317,10420.0,0.03908,0.02759,0,4.9,0.251,0.038,0
9318,5260.0,0.01268,0.02543,0,5.4,0.422,0.0602,0
9319,13430.0,0.0098,0.01592,0,3.8,0.36,0.0497,0
9320,8970.0,0.02253,0.03843,0,4.0,0.477,0.0522,0
9321,8320.0,0.03182,0.02974,0,4.3,0.341,0.0797,0
9322,8650.0,0.01189,0.01601,0,6.7,0.39,0.0782,0
9323,6530.0,0.00753,0.00606,0,5.2,0.219,0.0652,0
9324,10910.0,0.03399,0.00867,0,4.1,0.563,0.0721,0
9325,29180.0,0.21955,0.35008,0,6.1,0.387,0.0336,0
9326,3950.0,0.00964,0.00563,0,4.9,0.597,0.0711,0
9327,6610.0,0.00405,0.00556,0,3.2,0.45,0.0426,0
9328,6320.0,0.0164,0.03029,0,6.4,0.345,0.0549,0
9329,41790.0,0.00918,0.02301,0,5.1,0.206,0.0739,0
9330,14070.0,0.00703,0.00766,0,5.9,0.508,0.033,0
9331,17150.0,0.04134,0.04379,0,2.8,0.375,0.0657,0
9332,18200.0,0.03144,0.04686,0,4.4,0.358,0.0794,0
9333,27670.0,0.00887,0.0084,0,2.4,0.273,0.0364,0
9334,7370.0,0.03886,0.0208,0,6.0,0.451,0.0569,0
9335,16430.0,0.00841,0.00367,0,2.4,0.403,0.0634,0
9336,9620.0,0.02633,0.0989,0,6.5,0.497,0.0726,0
9337,24050.0,0.03845,0.03626,380,3.2,0.409,0.0646,0
9338,6450.0,0.0408,0.10089,0,6.5,0.319,0.0354,0
9339,29970.0,0.03201,0.0207,0,3.8,0.473,0.0439,0
9340,26100.0,0.00639,0.00944,0,0.9,0.352,0.0349,0
9341,14620.0,0.0167,0.02069,0,4.3,0.202,0.0702,0
9342,16280.0,0.04573,0.07662,0,1.3,0.355,0.0544,0
9343,2540.0,0.00817,0.0133,0,1.2,0.42,0.0491,0
9344,5260.0,0.00477,0.00305,0,2.3,0.31,0.0486,0
9345,5520.0,0.03885,0.04514,0,1.6,0.319,0.0383,0
9346,8120.0,0.01804,0.01571,0,3.2,0.305,0.0465,0
9347,10810.0,0.02404,0.01044,0,5.7,0.586,0.047,0
9348,56050.0,0.04257,0.05275,0,1.5,0.509,0.0555,0
9349,6590.0,0.02585,0.03302,0,0.5,0.221,0.0391,0
9350,12830.0,0.0104,0.00799,0,1.1,0.397,0.0339,0
9351,7070.0,0.00685,0.00794,0,1.9,0.276,0.0455,0
9352,9820.0,0.00821,0.01238,0,3.2,0.21,0.045,0
9353,5970.0,0.0205,0.01721,0,0.7,0.391,0.0496,0
9354,7730.0,0.01595,0.01184,0,5.6,0.311,0.0789,0
9355,4160.0,0.02151,0.01972,0,4.0,0.289,0.0547,0
9356,7230.0,0.08847,0.06546,0,6.1,0.446,0.0423,0
9357,15040.0,0.01586,0.03828,0,6.4,0.479,0.0328,0
9358,3670.0,0.00884,0.00521,0,3.7,0.565,0.0614,0
9359,6210.0,0.07222,0.05732,0,4.0,0.508,0.0663,0
9360,13870.0,0.01729,0.0059,0,1.5,0.425,0.0357,1
9361,36230.0,0.01382,0.01615,24,0.6,0.461,0.0478,0
9362,36500.0,0.03664,0.03292,0,3.3,0.222,0.04,0
9363,44120.0,0.02236,0.02592,0,3.2,0.273,0.0551,0
9364,13090.0,0.0211,0.02295,0,1.0,0.554,0.0586,0
9365,7150.0,0.01558,0.02632,75,6.8,0.471,0.0355,0
9366,7330.0,0.01868,0.01312,247,4.7,0.432,0.0444,0
9367,5560.0,0.07248,0.1418,0,4.6,0.411,0.0795,0
9368,24980.0,0.05524,0.08336,0,1.7,0.534,0.0787,0
9369,15530.0,0.00997,0.02304,0,6.6,0.291,0.0315,0
9370,4500.0,0.04413,0.0771,0,4.6,0.471,0.0576,0
9371,7690.0,0.0241,0.07622,0,6.4,0.415,0.0664,0
9372,18540.0,0.04159,0.0338,0,3.6,0.266,0.0696,0
9373,7540.0,0.01988,0.01398,0,2.9,0.572,0.0673,0
9374,4970.0,0.0191,0.02085,0,5.6,0.589,0.0647,0
9375,11530.0,0.0123,0.0135,0,4.8,0.247,0.0756,0
9376,7560.0,0.01119,0.0236,0,6.5,0.467,0.0618,0
9377,2880.0,0.02047,0.02454,0,1.4,0.452,0.0708,0
9378,3330.0,0.00778,0.00374,0,5.4,0.321,0.079,0
9379,8790.0,0.00642,0.00726,0,4.2,0.367,0.0545,0
9380,3370.0,0.00423,0.01012,0,0.5,0.264,0.0687,0
9381,23470.0,0.00626,0.02063,0,1.4,0.247,0.0686,0
9382,29370.0,0.00501,0.00598,0,6.3,0.448,0.037,0
9383,14610.0,0.01212,0.0097,0,6.1,0.475,0.0736,0
9384,45410.0,0.03532,0.04448,14,3.2,0.295,0.0392,1
9385,56850.0,0.01141,0.01552,0,3.3,0.573,0.0748,0
9386,9890.0,0.02596,0.06359,0,6.3,0.309,0.0339,0
9387,4510.0,0.0118,0.01837,0,5.4,0.401,0.0383,0
9388,31050.0,0.00903,0.0024,0,6.4,0.28,0.0662,0
9389,80100.0,0.00394,0.00268,0,4.4,0.237,0.0775,0
9390,8340.0,0.01721,0.01754,0,4.6,0.515,0.0769,0
9391,11690.0,0.06049,0.13671,0,4.8,0.202,0.077,0
9392,32550.0,0.01604,0.02784,0,6.6,0.569,0.0457,0
9393,14520.0,0.01078,0.00784,0,2.4,0.494,0.0766,0
9394,78590.0,0.01579,0.02402,0,6.4,0.511,0.063,0
9395,11150.0,0.01523,0.01915,0,0.6,0.392,0.0782,0
9396,13050.0,0.04774,0.06138,0,1.5,0.427,0.0415,0
9397,6240.0,0.0219,0.03795,0,5.0,0.256,0.0776,0
9398,3190.0,0.05959,0.04354,0,1.7,0.494,0.0552,0
9399,12120.0,0.00953,0.01298,0,6.2,0.349,0.0564,0
9400,2990.0,0.02732,0.08176,0,4.2,0.509,0.031,0
9401,11360.0,0.08685,0.07762,0,6.5,0.504,0.0492,0
9402,11240.0,0.0111,0.02198,0,3.3,0.319,0.0312,0
9403,4940.0,0.0432,0.04599,0,2.1,0.336,0.0546,0
9404,11050.0,0.03457,0.03647,0,0.8,0.541,0.0482,0
9405,10650.0,0.01312,0.02188,0,1.6,0.485,0.0463,0
9406,8960.0,0.03052,0.07305,0,0.9,0.422,0.0635,0
9407,9240.0,0.02432,0.03793,34,1.2,0.308,0.0658,0
9408,18050.0,0.02608,0.0247,0,3.7,0.41,0.0324,0
9409,23760.0,0.01517,0.01066,0,5.8,0.519,0.064,0
9410,4150.0,0.06343,0.02856,0,5.0,0.364,0.0363,0
9411,7810.0,0.02352,0.03203,0,1.1,0.4,0.0753,0
9412,9220.0,0.02101,0.02389,0,4.9,0.278,0.0675,0
9413,47140.0,0.01824,0.03409,0,1.5,0.401,0.0584,0
9414,9640.0,0.01138,0.00984,0,5.1,0.558,0.0753,0
9415,6560.0,0.05167,0.04676,0,5.5,0.477,0.0733,0
9416,35180.0,0.05454,0.05901,0,2.1,0.316,0.0666,0
9417,28160.0,0.00768,0.00304,0,5.0,0.374,0.0579,0
9418,19010.0,0.03737,0.05283,0,5.5,0.467,0.0401,0
9419,17680.0,0.01162,0.01975,0,2.1,0.387,0.0768,0
9420,10590.0,0.02749,0.02492,0,5.9,0.462,0.0616,0
9421,10080.0,0.00697,0.01097,0,5.8,0.299,0.0485,0
9422,32810.0,0.01494,0.0319,0,6.2,0.236,0.033,0
9423,36790.0,0.01584,0.01034,0,2.7,0.407,0.0411,0
9424,16080.0,0.03064,0.03235,0,1.3,0.384,0.0476,0
9425,18230.0,0.03405,0.07835,0,6.0,0.486,0.0727,0
9426,21290.0,0.01923,0.01867,0,6.2,0.551,0.0459,0
9427,17200.0,0.02198,0.02605,245,2.0,0.322,0.0471,1
9428,12960.0,0.01784,0.0257,0,6.7,0.453,0.0347,0
9429,3200.0,0.07524,0.1183,0,4.1,0.326,0.0464,0
9430,6580.0,0.00526,0.00713,0,1.8,0.467,0.0724,0
9431,20940.0,0.03655,0.08863,0,6.3,0.551,0.0506,0
9432,14710.0,0.01959,0.01125,0,4.2,0.293,0.0521,0
9433,17610.0,0.01796,0.02871,64,5.4,0.557,0.0579,0
9434,39800.0,0.12862,0.32487,0,2.7,0.521,0.0323,0
9435,7190.0,0.01739,0.08769,0,1.5,0.337,0.0586,0
9436,8590.0,0.01551,0.00983,0,2.2,0.487,0.0393,0
9437,7570.0,0.02761,0.0256,0,4.9,0.463,0.0722,0
9438,38420.0,0.0339,0.02225,0,6.5,0.363,0.0727,0
9439,17180.0,0.07521,0.13957,0,6.1,0.222,0.0731,0
9440,10140.0,0.01096,0.03052,0,3.4,0.254,0.0422,0
9441,13000.0,0.02743,0.0347,0,1.7,0.21,0.0656,0
9442,10990.0,0.02255,0.03289,0,3.3,0.305,0.0428,0
9443,62080.0,0.0099,0.01862,0,5.6,0.49,0.0441,0
9444,11390.0,0.01152,0.02924,0,5.1,0.214,0.0546,0
9445,16780.0,0.03814,0.05,0,1.9,0.452,0.0756,0
9446,17420.0,0.06243,0.1051,0,1.4,0.292,0.071,0
9447,37330.0,0.01098,0.01939,0,4.0,0.205,0.0416,0
9448,2200.0,0.02473,0.02101,0,1.2,0.483,0.043,0
9449,7870.0,0.00717,0.0078,0,2.6,0.241,0.0362,0
9450,12140.0,0.02066,0.01282,0,4.2,0.261,0.0479,0
9451,2580.0,0.01223,0.03734,0,3.8,0.411,0.0308,1
9452,5870.0,0.04385,0.17682,0,3.6,0.551,0.0681,0
9453,8490.0,0.07215,0.17788,0,2.8,0.528,0.0341,0
9454,9720.0,0.00503,0.0029,0,6.4,0.429,0.0719,0
9455,19950.0,0.04415,0.03579,0,2.3,0.536,0.057,0
9456,8620.0,0.02758,0.0156,0,3.2,0.399,0.0477,0
9457,8940.0,0.04963,0.04816,0,3.3,0.418,0.0339,0
9458,8780.0,0.04552,0.18553,0,3.8,0.216,0.0387,0
9459,10430.0,0.03586,0.06624,0,4.2,0.278,0.0421,0
9460,5850.0,0.04778,0.04024,0,4.3,0.294,0.0447,0
9461,4770.0,0.01084,0.04201,0,4.4,0.569,0.0335,0
9462,11540.0,0.01788,0.0162,0,4.5,0.563,0.0652,0
9463,5740.0,0.06248,0.11357,0,5.3,0.468,0.0393,0
9464,50690.0,0.01316,0.00886,0,1.6,0.442,0.0561,0
9465,21530.0,0.01057,0.02019,0,3.2,0.253,0.043,0
9466,2990.0,0.01298,0.02493,0,5.0,0.385,0.0692,0
9467,9950.0,0.07347,0.0937,0,4.4,0.405,0.0557,1
9468,12710.0,0.0239,0.01761,0,5.6,0.484,0.0767,0
9469,9120.0,0.00521,0.00645,0,4.3,0.242,0.0508,0
9470,22750.0,0.00987,0.00911,0,2.6,0.347,0.0378,0
9471,24670.0,0.01687,0.01523,0,6.8,0.509,0.0732,0
9472,5670.0,0.03116,0.06118,0,6.6,0.439,0.036,0
9473,24440.0,0.0099,0.01459,0,1.6,0.461,0.061,0
9474,19820.0,0.05205,0.09925,0,2.3,0.316,0.0724,0
9475,30360.0,0.02436,0.02201,0,2.5,0.582,0.0672,0
9476,46220.0,0.02036,0.01558,0,5.8,0.463,0.0434,0
9477,17340.0,0.03824,0.0356,0,6.5,0.296,0.0636,0
9478,8720.0,0.00694,0.01318,0,2.1,0.292,0.0384,0
9479,33170.0,0.00713,0.00952,0,3.0,0.333,0.0429,0
9480,13660.0,0.01446,0.0122,85,0.7,0.529,0.052,0
9481,3240.0,0.02115,0.01394,0,3.5,0.4,0.0675,0
9482,6520.0,0.01536,0.03334,0,6.6,0.237,0.0496,0
9483,8120.0,0.01173,0.01628,0,1.0,0.408,0.0654,0
9484,5390.0,0.05349,0.06228,0,4.8,0.522,0.0498,0
9485,3510.0,0.01766,0.01613,0,4.4,0.444,0.0761,0
9486,10090.0,0.02012,0.01274,39,3.7,0.553,0.0483,0
9487,4100.0,0.03702,0.09201,0,4.8,0.569,0.0561,0
9488,5470.0,0.0179,0.06836,0,1.3,0.553,0.0312,0
9489,18610.0,0.00583,0.00947,0,0.5,0.321,0.0412,0
9490,26640.0,0.02988,0.02959,0,3.7,0.409,0.0697,0
9491,12870.0,0.02518,0.0172,0,1.8,0.25,0.0792,0
9492,22230.0,0.00707,0.02027,0,3.8,0.588,0.0332,0
9493,17850.0,0.01922,0.01352,0,3.2,0.442,0.0405,0
9494,25620.0,0.02432,0.02228,25,3.0,0.262,0.0607,0
9495,14310.0,0.04987,0.09748,0,4.8,0.326,0.06,1
9496,12010.0,0.04914,0.02444,0,2.0,0.441,0.0372,0
9497,12970.0,0.03192,0.01269,0,5.1,0.536,0.0581,0
9498,14850.0,0.05278,0.03455,0,2.9,0.584,0.0634,0
9499,7920.0,0.00777,0.00962,0,2.6,0.485,0.0776,0
9500,28040.0,0.03706,0.03913,0,6.8,0.34,0.0413,0
9501,6520.0,0.01707,0.05685,0,0.6,0.301,0.0485,0
9502,16630.0,0.03976,0.05069,0,6.3,0.428,0.0745,0
9503,10940.0,0.0308,0.04585,0,1.4,0.246,0.061,0
9504,27100.0,0.00746,0.01426,0,0.9,0.246,0.0756,0
9505,7900.0,0.00887,0.0108,0,6.0,0.336,0.0495,0
9506,5250.0,0.02753,0.07572,0,6.0,0.583,0.0735,0
9507,12560.0,0.03708,0.02001,0,2.8,0.349,0.0436,1
9508,16570.0,0.02854,0.03038,0,5.0,0.367,0.0763,0
9509,9930.0,0.01516,0.0094,0,6.8,0.449,0.0646,0
9510,10410.0,0.06065,0.02861,0,4.3,0.417,0.0599,0
9511,3520.0,0.0992,0.04626,0,3.9,0.398,0.0488,0
9512,18960.0,0.01284,0.00271,50,0.8,0.35,0.0561,0
9513,4480.0,0.01086,0.02424,0,3.4,0.395,0.0593,0
9514,25150.0,0.02125,0.02898,0,1.8,0.291,0.0742,0
9515,10580.0,0.05128,0.05441,55,6.5,0.535,0.0607,0
9516,12260.0,0.02127,0.01946,62,2.3,0.21,0.0745,0
9517,19130.0,0.04747,0.01242,0,5.1,0.345,0.0752,0
9518,19920.0,0.05538,0.08558,0,6.8,0.356,0.0391,0
9519,46490.0,0.03749,0.05901,0,1.6,0.367,0.044,0
9520,8940.0,0.03252,0.0422,0,6.3,0.43,0.0789,0
9521,22340.0,0.0331,0.07323,59,1.3,0.442,0.0447,0
9522,34260.0,0.03742,0.01241,0,1.5,0.544,0.0616,0
9523,6970.0,0.00969,0.00706,0,6.1,0.484,0.0597,0
9524,16270.0,0.04218,0.09571,0,4.4,0.218,0.0748,0
9525,13130.0,0.0443,0.05889,0,5.9,0.459,0.0555,0
9526,14330.0,0.01339,0.00501,0,3.5,0.483,0.0597,0
9527,31480.0,0.00593,0.01115,0,1.3,0.205,0.0638,0
9528,5030.0,0.01407,0.01161,0,1.0,0.587,0.0616,0
9529,2390.0,0.05168,0.0747,0,1.8,0.56,0.0391,0
9530,8820.0,0.00892,0.00504,0,4.4,0.239,0.0632,0
9531,7480.0,0.00859,0.01605,0,5.9,0.546,0.073,0
9532,5870.0,0.01525,0.00508,0,2.6,0.347,0.0302,0
9533,2360.0,0.02657,0.02615,26,4.2,0.257,0.0457,0
9534,9330.0,0.00828,0.00901,0,1.5,0.481,0.0352,0
9535,21010.0,0.01185,0.0081,0,5.2,0.204,0.0782,1
9536,13370.0,0.01249,0.00582,0,4.5,0.598,0.0732,0
9537,7280.0,0.02083,0.04257,0,5.9,0.272,0.0504,0
9538,12900.0,0.03959,0.03928,0,3.1,0.217,0.0546,0
9539,15430.0,0.01418,0.00591,0,4.0,0.555,0.0332,0
9540,12880.0,0.07985,0.13495,0,1.1,0.451,0.0566,0
9541,11120.0,0.0221,0.05381,0,2.8,0.286,0.0787,0
9542,24160.0,0.01023,0.02575,0,6.9,0.551,0.0641,0
9543,5780.0,0.06989,0.08573,0,0.7,0.454,0.0716,0
9544,5700.0,0.04276,0.07658,0,2.3,0.485,0.0712,0
9545,16440.0,0.02157,0.03681,0,3.0,0.597,0.0376,0
9546,7240.0,0.0082,0.00864,0,2.2,0.539,0.0356,0
9547,19510.0,0.03691,0.03454,0,5.4,0.585,0.0651,0
9548,10900.0,0.02353,0.03577,0,4.6,0.484,0.0405,0
9549,13410.0,0.02526,0.03662,0,4.1,0.382,0.0661,0
9550,4790.0,0.0357,0.02072,0,3.9,0.28,0.0715,0
9551,58280.0,0.05766,0.12155,0,6.3,0.323,0.0699,0
9552,4840.0,0.01772,0.0341,0,0.7,0.383,0.069,0
9553,9830.0,0.04336,0.05088,0,1.6,0.424,0.0649,0
9554,5230.0,0.021,0.03288,0,6.0,0.504,0.0301,0
9555,10460.0,0.01272,0.00645,0,6.9,0.564,0.0611,0
9556,6000.0,0.01796,0.01116,0,3.1,0.269,0.0692,0
9557,13560.0,0.01232,0.01828,0,2.6,0.467,0.079,0
9558,4200.0,0.01525,0.01302,0,6.6,0.478,0.0516,0
9559,8960.0,0.03981,0.03708,0,6.0,0.247,0.0393,0
9560,19310.0,0.02819,0.04321,0,6.9,0.208,0.0783,0
9561,34660.0,0.02676,0.01149,0,4.2,0.362,0.0374,0
9562,4300.0,0.01628,0.00816,0,0.7,0.39,0.0669,0
9563,26690.0,0.03744,0.03179,0,5.5,0.488,0.0359,0
9564,17870.0,0.01267,0.00727,0,5.6,0.228,0.0796,0
9565,22200.0,0.01038,0.01456,0,2.8,0.378,0.0569,0
9566,20130.0,0.00939,0.01159,0,6.9,0.204,0.0335,0
9567,8020.0,0.0087,0.00961,0,2.3,0.266,0.0794,0
9568,3380.0,0.01151,0.01993,0,2.3,0.203,0.0448,0
9569,8720.0,0.00716,0.00951,0,6.2,0.33,0.0626,0
9570,24660.0,0.04077,0.09706,0,6.6,0.492,0.054,0
9571,38070.0,0.01944,0.02392,70,6.5,0.275,0.0625,0
9572,18920.0,0.02398,0.01415,0,5.2,0.341,0.0412,0
9573,14810.0,0.04157,0.044,0,1.1,0.317,0.0583,0
9574,22430.0,0.02078,0.02517,0,6.2,0.432,0.0641,0
9575,6670.0,0.03305,0.04756,0,4.1,0.553,0.0632,1
9576,15430.0,0.02263,0.01338,0,5.6,0.345,0.0645,0
9577,20390.0,0.08227,0.04826,0,4.6,0.548,0.0382,0
9578,6950.0,0.01668,0.01031,0,5.2,0.223,0.0314,0
9579,6100.0,0.04097,0.06792,0,0.7,0.227,0.0361,0
9580,12400.0,0.03271,0.02028,0,3.6,0.536,0.0301,0
9581,44610.0,0.01809,0.02293,0,0.8,0.27,0.0661,0
9582,5110.0,0.00541,0.00593,0,5.2,0.427,0.0474,0
9583,10670.0,0.02426,0.02957,0,6.0,0.42,0.04,0
9584,6050.0,0.00322,0.00208,0,1.7,0.51,0.0608,0
9585,4870.0,0.0391,0.01465,0,3.0,0.59,0.0335,0
9586,33320.0,0.13332,0.09751,0,3.3,0.588,0.0715,0
9587,7960.0,0.00602,0.0063,0,1.4,0.381,0.0637,0
9588,5960.0,0.00882,0.03414,0,1.7,0.542,0.0539,0
9589,27990.0,0.05442,0.09647,0,4.2,0.423,0.0661,0
9590,9140.0,0.03377,0.05209,0,6.1,0.231,0.0631,0
9591,33590.0,0.01052,0.01499,0,2.3,0.48,0.0341,0
9592,13910.0,0.02403,0.01199,0,2.8,0.272,0.0622,0
9593,36380.0,0.02406,0.01379,0,3.9,0.482,0.0358,0
9594,8310.0,0.02603,0.02766,0,2.3,0.235,0.0461,0
9595,5410.0,0.0199,0.03821,0,2.1,0.447,0.066,0
9596,16570.0,0.01601,0.03353,0,3.5,0.209,0.0712,0
9597,2350.0,0.05404,0.03532,0,3.9,0.227,0.0566,0
9598,11820.0,0.00577,0.00384,0,4.3,0.462,0.0331,0
9599,19700.0,0.02449,0.05814,0,7.0,0.364,0.0681,0
9600,13290.0,0.01607,0.01353,0,5.7,0.268,0.0511,0
9601,20110.0,0.02426,0.0416,0,6.5,0.38,0.0561,0
9602,4780.0,0.00708,0.01555,0,4.4,0.531,0.0747,0
9603,15910.0,0.07841,0.2082,0,2.0,0.522,0.0558,0
9604,3960.0,0.01469,0.01893,0,4.6,0.254,0.0495,0
9605,4730.0,0.0119,0.02176,0,1.9,0.509,0.0699,0
9606,27370.0,0.03767,0.03596,0,5.1,0.555,0.0557,0
9607,6670.0,0.04955,0.06085,0,1.0,0.54,0.0462,0
9608,8000.0,0.00892,0.01487,0,6.4,0.465,0.062,0
9609,4910.0,0.01935,0.02802,0,6.3,0.363,0.0525,0
9610,3120.0,0.03147,0.02092,0,6.7,0.206,0.0644,0
9611,43050.0,0.0085,0.01085,0,1.6,0.46,0.0324,0
9612,10500.0,0.02646,0.03111,20,1.6,0.287,0.0619,0
9613,8230.0,0.05658,0.12823,0,5.3,0.388,0.0333,0
9614,19930.0,0.00953,0.01427,0,6.7,0.241,0.0389,0
9615,15590.0,0.01431,0.01656,0,6.9,0.352,0.0378,0
9616,12880.0,0.01805,0.02289,0,6.5,0.53,0.0557,0
9617,16780.0,0.02003,0.01849,0,2.8,0.566,0.0438,0
9618,11340.0,0.04502,0.08528,0,6.6,0.286,0.0799,0
9619,12390.0,0.01539,0.0197,0,5.2,0.407,0.0383,0
9620,7060.0,0.01435,0.01555,0,2.1,0.388,0.0616,0
9621,81710.0,0.02873,0.03845,0,3.8,0.489,0.0454,0
9622,2930.0,0.04611,0.06304,0,1.9,0.54,0.037,0
9623,7440.0,0.01767,0.02169,0,4.1,0.319,0.0459,0
9624,20100.0,0.01575,0.01664,0,1.7,0.533,0.0698,0
9625,31300.0,0.00963,0.02174,0,0.8,0.509,0.0382,0
9626,10260.0,0.05134,0.12205,0,1.3,0.47,0.0582,0
9627,13110.0,0.0745,0.02961,0,4.4,0.373,0.0409,0
9628,24190.0,0.0776,0.02919,0,0.8,0.589,0.0653,0
9629,24140.0,0.02563,0.12967,0,6.5,0.271,0.0675,0
9630,5900.0,0.0254,0.02546,24,0.9,0.271,0.0377,0
9631,15970.0,0.0123,0.00302,0,2.5,0.212,0.0655,0
9632,29820.0,0.02615,0.04413,0,6.1,0.507,0.0603,0
9633,17900.0,0.04749,0.09471,0,3.2,0.353,0.0737,0
9634,6830.0,0.01598,0.05511,0,2.0,0.457,0.0301,0
9635,11160.0,0.06824,0.02194,0,4.4,0.42,0.0349,0
9636,11410.0,0.01008,0.01612,0,4.5,0.591,0.0514,0
9637,11240.0,0.01144,0.02083,0,4.4,0.388,0.0483,0
9638,21200.0,0.03173,0.11163,351,1.5,0.372,0.0576,0
9639,20730.0,0.04305,0.03374,0,7.0,0.347,0.0661,0
9640,6170.0,0.00319,0.00294,0,2.5,0.482,0.0398,0
9641,1520.0,0.02714,0.01177,12,4.9,0.421,0.0671,0
9642,8600.0,0.00505,0.00615,0,0.8,0.479,0.0463,0
9643,11460.0,0.00723,0.01362,0,2.3,0.299,0.0498,0
9644,16270.0,0.01118,0.00927,0,3.5,0.46,0.0677,0
9645,21060.0,0.0133,0.01491,0,4.3,0.292,0.0482,0
9646,4180.0,0.01575,0.0086,0,3.3,0.205,0.0432,0
9647,25370.0,0.0231,0.01135,0,3.1,0.34,0.0678,0
9648,6680.0,0.0356,0.1005,0,1.0,0.227,0.0518,0
9649,30270.0,0.04223,0.19206,0,1.5,0.268,0.0712,0
9650,6360.0,0.01609,0.01986,0,0.8,0.29,0.0557,0
9651,2270.0,0.02462,0.05944,0,2.3,0.419,0.0699,1
9652,11910.0,0.01435,0.05827,206,5.8,0.412,0.0598,0
9653,19200.0,0.01961,0.04193,0,4.5,0.506,0.0541,0
9654,30160.0,0.01157,0.01194,0,6.4,0.484,0.0759,0
9655,23320.0,0.04254,0.01682,0,0.5,0.363,0.0696,0
9656,19460.0,0.00476,0.00419,0,2.9,0.504,0.0581,0
9657,6610.0,0.0227,0.03205,0,5.5,0.552,0.0491,0
9658,6380.0,0.0195,0.01374,0,6.9,0.291,0.0538,0
9659,6980.0,0.0234,0.00794,0,3.0,0.224,0.0366,0
9660,23070.0,0.05634,0.03551,0,1.6,0.24,0.0711,0
9661,10110.0,0.00582,0.00395,0,1.0,0.369,0.0459,0
9662,4200.0,0.05552,0.03531,0,1.2,0.284,0.0506,0
9663,7300.0,0.03365,0.03833,18,4.8,0.545,0.0448,0
9664,8480.0,0.01241,0.01209,0,1.7,0.402,0.0377,0
9665,2070.0,0.01476,0.028,0,5.1,0.579,0.0751,0
9666,16820.0,0.047,0.02036,0,5.3,0.359,0.0792,0
9667,4150.0,0.00716,0.01021,0,4.2,0.527,0.0357,0
9668,2510.0,0.01891,0.0132,0,6.2,0.579,0.0705,0
9669,19700.0,0.00435,0.00228,0,4.0,0.584,0.0593,0
9670,10730.0,0.03978,0.03015,0,2.6,0.224,0.0419,0
9671,126480.0,0.01036,0.02576,0,5.0,0.312,0.0361,0
9672,15510.0,0.01563,0.00946,0,5.7,0.276,0.0523,0
9673,113590.0,0.01492,0.01871,0,1.7,0.334,0.0583,0
9674,10910.0,0.04487,0.06946,0,5.3,0.568,0.0307,0
9675,8420.0,0.01342,0.02601,0,0.9,0.3,0.063,0
9676,21090.0,0.01724,0.0209,0,6.3,0.529,0.0514,0
9677,6340.0,0.00741,0.01569,0,1.2,0.547,0.0647,0
9678,21280.0,0.02776,0.04464,379,6.7,0.456,0.0721,0
9679,5870.0,0.05347,0.05118,0,5.7,0.566,0.0501,0
9680,6810.0,0.01348,0.01974,0,2.9,0.208,0.0421,0
9681,12610.0,0.03768,0.08625,0,4.1,0.219,0.0593,0
9682,9450.0,0.00433,0.00672,0,3.8,0.441,0.0545,0
9683,15070.0,0.01474,0.01228,0,3.9,0.327,0.0416,0
9684,22610.0,0.02132,0.03167,0,5.3,0.358,0.065,0
9685,1450.0,0.01793,0.01266,0,3.3,0.402,0.0563,0
9686,3270.0,0.01708,0.02579,0,5.0,0.592,0.031,0
9687,18330.0,0.0031,0.002,0,6.8,0.552,0.0361,0
9688,11320.0,0.04041,0.06779,38,6.1,0.223,0.0384,0
9689,2060.0,0.05312,0.04228,0,5.6,0.395,0.0713,0
9690,2630.0,0.01528,0.01143,5,3.6,0.584,0.0319,0
9691,10530.0,0.02441,0.02671,0,2.3,0.564,0.0349,0
9692,13110.0,0.0174,0.03297,0,6.0,0.547,0.0517,0
9693,11880.0,0.03599,0.05019,0,3.2,0.274,0.0348,0
9694,6550.0,0.01594,0.01896,0,3.4,0.505,0.0748,0
9695,17110.0,0.02771,0.02166,13,5.1,0.52,0.0333,0
9696,9960.0,0.07687,0.28552,0,6.2,0.376,0.0638,0
9697,9570.0,0.05185,0.09126,0,0.5,0.236,0.04,0
9698,4910.0,0.01146,0.04478,0,4.2,0.559,0.0598,0
9699,4480.0,0.02802,0.02635,0,0.9,0.502,0.0452,0
9700,7810.0,0.00831,0.00969,0,6.1,0.525,0.0651,0
9701,13370.0,0.00918,0.01304,0,3.2,0.425,0.0472,0
9702,3400.0,0.0401,0.05105,0,6.7,0.277,0.056,0
9703,37510.0,0.03288,0.03925,0,4.2,0.257,0.037,0
9704,25390.0,0.01205,0.00531,0,4.1,0.589,0.0605,0
9705,1730.0,0.03222,0.03694,0,5.6,0.419,0.0646,0
9706,10570.0,0.05161,0.0801,0,1.1,0.447,0.0539,0
9707,29680.0,0.03311,0.03299,150,1.8,0.373,0.055,0
9708,4120.0,0.03138,0.05431,0,4.2,0.584,0.0417,0
9709,22060.0,0.00454,0.00214,0,3.3,0.22,0.0398,0
9710,4530.0,0.01385,0.01076,0,2.7,0.234,0.077,0
9711,2550.0,0.00962,0.0092,0,3.2,0.589,0.0557,0
9712,10170.0,0.00792,0.00846,16,4.8,0.531,0.0701,0
9713,11680.0,0.03036,0.02144,0,6.8,0.35,0.0633,0
9714,10220.0,0.04444,0.09148,0,5.9,0.214,0.0725,0
9715,6530.0,0.02071,0.00985,0,1.0,0.529,0.07,0
9716,13220.0,0.02225,0.0375,0,2.5,0.573,0.0712,0
9717,10370.0,0.01825,0.01072,0,6.3,0.371,0.0642,0
9718,11780.0,0.04376,0.03476,0,3.9,0.313,0.0427,0
9719,15500.0,0.0149,0.06859,0,1.5,0.343,0.0366,0
9720,7580.0,0.01879,0.03368,0,6.2,0.21,0.0753,0
9721,16180.0,0.03142,0.01586,0,0.9,0.439,0.0484,0
9722,15210.0,0.01713,0.02576,0,2.9,0.349,0.0309,0
9723,15440.0,0.01443,0.01045,219,1.6,0.486,0.0764,0
9724,26450.0,0.022,0.0563,0,1.0,0.236,0.0752,0
9725,19940.0,0.01629,0.02864,0,6.9,0.331,0.0386,0
9726,10290.0,0.01085,0.01433,0,4.1,0.38,0.0772,0
9727,10870.0,0.00713,0.00269,0,0.5,0.438,0.038,0
9728,10780.0,0.05435,0.05106,0,1.6,0.436,0.0637,0
9729,10060.0,0.01714,0.03069,0,1.1,0.27,0.0718,0
9730,10060.0,0.00888,0.01086,0,3.5,0.516,0.035,0
9731,14700.0,0.01495,0.01977,0,1.6,0.433,0.0539,1
9732,36700.0,0.03173,0.0663,0,1.4,0.283,0.037,0
9733,16030.0,0.02506,0.02484,0,1.5,0.576,0.0657,0
9734,4740.0,0.01862,0.0408,80,3.2,0.379,0.0686,0
9735,9250.0,0.01478,0.04278,0,1.1,0.305,0.0428,0
9736,2950.0,0.014,0.00887,0,4.4,0.313,0.0465,0
9737,33450.0,0.007,0.00895,0,5.6,0.387,0.0355,0
9738,23620.0,0.01855,0.01561,0,4.4,0.483,0.0429,0
9739,4550.0,0.01166,0.01035,227,6.0,0.324,0.0549,1
9740,24360.0,0.03541,0.0417,62,0.7,0.416,0.0695,0
9741,14980.0,0.04472,0.02989,0,3.8,0.502,0.0712,0
9742,9160.0,0.01396,0.02867,0,4.5,0.476,0.0586,0
9743,18360.0,0.00693,0.00847,0,5.3,0.388,0.048,0
9744,43910.0,0.03504,0.07351,0,4.9,0.218,0.041,0
9745,7490.0,0.01568,0.04392,0,2.9,0.545,0.0369,0
9746,15780.0,0.01098,0.00878,0,6.1,0.415,0.0741,0
9747,46770.0,0.01544,0.02026,0,5.7,0.296,0.0713,0
9748,15370.0,0.03406,0.04374,0,2.5,0.359,0.0513,0
9749,23910.0,0.00813,0.00615,0,1.1,0.505,0.0531,0
9750,18130.0,0.03288,0.12004,0,2.4,0.599,0.0793,0
9751,18670.0,0.00998,0.01207,98,0.9,0.225,0.0578,0
9752,4290.0,0.04204,0.08248,0,1.1,0.284,0.0342,0
9753,8960.0,0.02021,0.01003,0,6.9,0.237,0.0457,0
9754,10180.0,0.0136,0.06926,0,2.7,0.297,0.0406,0
9755,28650.0,0.01896,0.01895,0,1.6,0.439,0.071,0
9756,7280.0,0.01042,0.01225,0,1.5,0.213,0.0569,0
9757,16080.0,0.02879,0.02774,0,4.4,0.233,0.0768,0
9758,11190.0,0.03528,0.03002,0,4.4,0.457,0.0314,0
9759,5830.0,0.01337,0.03133,0,4.8,0.402,0.0748,0
9760,11360.0,0.06625,0.11199,0,3.4,0.343,0.0396,0
9761,7550.0,0.0185,0.00683,74,1.7,0.378,0.0729,1
9762,6890.0,0.05229,0.05488,0,5.2,0.285,0.0799,0
9763,17140.0,0.00885,0.01144,0,0.8,0.37,0.0573,0
9764,4850.0,0.04904,0.07693,0,4.1,0.544,0.0433,0
9765,1850.0,0.06951,0.14023,0,0.5,0.391,0.0369,0
9766,29700.0,0.06681,0.06829,77,1.9,0.501,0.0425,0
9767,9970.0,0.015,0.01398,0,6.9,0.28,0.0581,0
9768,2570.0,0.02783,0.06329,0,3.6,0.33,0.064,0
9769,18810.0,0.02643,0.05363,0,6.5,0.551,0.0448,0
9770,10530.0,0.00758,0.0077,87,1.7,0.308,0.0478,0
9771,13560.0,0.01823,0.01049,0,5.7,0.208,0.0693,0
9772,3590.0,0.00682,0.00969,0,5.4,0.455,0.0419,0
9773,26500.0,0.01819,0.03025,0,4.2,0.379,0.0724,0
9774,6130.0,0.00899,0.00796,61,4.6,0.28,0.0642,0
9775,21110.0,0.01155,0.00691,0,6.9,0.441,0.0747,0
9776,22280.0,0.03992,0.04791,0,5.8,0.41,0.0698,0
9777,23350.0,0.01666,0.02994,0,1.7,0.232,0.0777,0
9778,3310.0,0.0089,0.01465,0,5.4,0.334,0.038,0
9779,13740.0,0.0203,0.01388,0,2.3,0.445,0.0441,0
9780,25330.0,0.0144,0.01996,0,2.6,0.546,0.0506,0
9781,3000.0,0.01581,0.01254,0,2.2,0.386,0.0601,0
9782,6630.0,0.0583,0.09555,0,4.6,0.355,0.0622,0
9783,36600.0,0.00872,0.01343,0,2.8,0.457,0.049,0
9784,3950.0,0.0209,0.01198,0,2.3,0.585,0.0759,0
9785,22450.0,0.01237,0.01404,0,1.6,0.243,0.0348,0
9786,33650.0,0.03493,0.03708,0,2.3,0.212,0.0656,0
9787,6760.0,0.05035,0.08484,0,6.9,0.336,0.0683,0
9788,5020.0,0.04304,0.0369,0,3.2,0.425,0.0544,0
9789,34380.0,0.01005,0.00919,0,0.6,0.227,0.0411,0
9790,11910.0,0.00325,0.002,0,4.3,0.311,0.0721,0
9791,25440.0,0.0022,0.0037,0,2.2,0.342,0.0743,0
9792,2860.0,0.02339,0.01217,0,2.5,0.42,0.0576,0
9793,10950.0,0.00791,0.00548,9,3.4,0.504,0.0398,0
9794,8540.0,0.01177,0.02911,0,5.6,0.513,0.0685,0
9795,10920.0,0.04755,0.11478,0,2.6,0.205,0.0421,0
9796,38610.0,0.05109,0.0608,0,5.3,0.253,0.0658,0
9797,27370.0,0.01308,0.02496,0,2.0,0.272,0.0474,0
9798,5700.0,0.01272,0.02074,0,6.4,0.241,0.0711,0
9799,7540.0,0.01154,0.0124,0,6.2,0.596,0.0345,0
9800,28360.0,0.0304,0.06063,0,1.1,0.294,0.0385,0
9801,14190.0,0.02397,0.03077,0,6.1,0.381,0.0679,0
9802,9990.0,0.01556,0.02555,0,5.9,0.237,0.0578,0
9803,8800.0,0.01059,0.01132,0,0.5,0.549,0.0326,0
9804,14490.0,0.04378,0.08542,0,2.6,0.476,0.0435,0
9805,2820.0,0.01028,0.04902,0,5.1,0.208,0.0327,0
9806,7550.0,0.01389,0.06323,0,1.1,0.55,0.0441,0
9807,18060.0,0.05266,0.05912,0,3.1,0.599,0.0547,0
9808,19460.0,0.03924,0.01999,30,4.9,0.218,0.0566,0
9809,6060.0,0.05392,0.18499,0,1.1,0.208,0.0714,0
9810,15330.0,0.01708,0.03211,0,1.7,0.594,0.0585,0
9811,12970.0,0.03119,0.02172,0,1.7,0.465,0.0687,0
9812,20450.0,0.00379,0.00554,0,2.4,0.231,0.0526,0
9813,21170.0,0.00486,0.00215,0,4.5,0.492,0.054,0
9814,4930.0,0.01098,0.01165,0,3.3,0.562,0.0726,0
9815,30180.0,0.04621,0.04909,0,2.4,0.217,0.0674,0
9816,2160.0,0.01283,0.01217,0,0.7,0.291,0.057,0
9817,5310.0,0.01808,0.01539,0,1.0,0.476,0.0703,0
9818,22950.0,0.02353,0.0536,0,1.2,0.357,0.033,0
9819,21710.0,0.00788,0.01119,0,5.2,0.216,0.0307,0
9820,8550.0,0.00631,0.00503,0,3.2,0.543,0.0673,0
9821,11240.0,0.01145,0.02138,0,5.4,0.496,0.0742,0
9822,13840.0,0.00991,0.00314,0,4.7,0.304,0.0308,0
9823,1720.0,0.01084,0.00971,0,4.1,0.23,0.0681,0
9824,7530.0,0.01639,0.01246,0,5.1,0.565,0.0707,0
9825,13410.0,0.03632,0.04602,0,5.7,0.58,0.0591,0
9826,17580.0,0.00543,0.00977,0,5.0,0.23,0.0429,0
9827,41650.0,0.03592,0.02983,0,0.7,0.356,0.0663,0
9828,5590.0,0.02229,0.03112,0,4.7,0.477,0.0634,0
9829,13930.0,0.04709,0.02791,0,5.9,0.327,0.072,0
9830,3580.0,0.02385,0.03176,0,4.9,0.459,0.0567,0
9831,31570.0,0.0128,0.01933,0,5.1,0.214,0.0673,0
9832,1980.0,0.01477,0.00611,292,5.0,0.579,0.0596,0
9833,12700.0,0.02026,0.01764,0,2.8,0.257,0.0721,0
9834,12780.0,0.02014,0.01261,0,1.2,0.554,0.0516,0
9835,18950.0,0.00859,0.01001,0,1.9,0.227,0.0652,0
9836,15700.0,0.01435,0.01149,0,6.7,0.597,0.0521,0
9837,14530.0,0.0172,0.02529,0,2.7,0.23,0.0373,0
9838,3310.0,0.00736,0.01073,0,2.7,0.445,0.049,0
9839,7970.0,0.01497,0.03347,0,4.4,0.295,0.0656,0
9840,7700.0,0.00927,0.01162,0,5.4,0.237,0.0651,0
9841,13430.0,0.00821,0.01121,0,5.7,0.323,0.0373,0
9842,12800.0,0.02815,0.19547,289,0.8,0.302,0.0515,0
9843,11020.0,0.01358,0.02227,0,5.9,0.556,0.0318,0
9844,15870.0,0.03304,0.03291,0,4.0,0.377,0.0421,0
9845,21200.0,0.01685,0.02903,16,5.1,0.493,0.0328,0
9846,15080.0,0.02916,0.03034,0,1.7,0.314,0.0492,0
9847,13380.0,0.02358,0.02108,0,0.7,0.429,0.0617,0
9848,16390.0,0.01987,0.02492,0,2.8,0.551,0.061,0
9849,14630.0,0.07182,0.17082,0,4.2,0.485,0.0425,0
9850,10480.0,0.04246,0.03582,83,1.0,0.491,0.0401,0
9851,3000.0,0.00711,0.00812,0,4.7,0.201,0.0625,0
9852,61530.0,0.01559,0.00647,0,4.5,0.34,0.0496,0
9853,32860.0,0.00323,0.01836,0,2.1,0.383,0.0534,0
9854,24970.0,0.01121,0.00947,0,6.8,0.308,0.033,0
9855,6910.0,0.03587,0.02765,0,1.7,0.552,0.0775,0
9856,27360.0,0.01385,0.01888,0,3.8,0.286,0.0511,0
9857,2100.0,0.02827,0.02677,0,2.1,0.286,0.0415,0
9858,15250.0,0.0248,0.00939,0,3.2,0.409,0.0489,1
9859,17560.0,0.006,0.00341,0,5.9,0.475,0.0495,0
9860,2630.0,0.01135,0.04349,0,4.0,0.312,0.0429,0
9861,23350.0,0.01823,0.01904,0,1.3,0.244,0.0766,0
9862,25410.0,0.04458,0.03055,0,4.7,0.29,0.0753,0
9863,5410.0,0.02006,0.02156,0,4.8,0.475,0.067,0
9864,4260.0,0.01358,0.02275,0,4.2,0.362,0.064,0
9865,11460.0,0.01597,0.01022,0,5.8,0.269,0.0323,0
9866,20070.0,0.02508,0.03709,0,1.8,0.2,0.0761,0
9867,12450.0,0.03529,0.03525,0,0.8,0.273,0.0401,0
9868,14600.0,0.08315,0.12068,0,2.7,0.213,0.0425,0
9869,20740.0,0.02822,0.02094,0,2.8,0.435,0.0704,0
9870,7180.0,0.01731,0.01601,0,4.3,0.211,0.0507,0
9871,9440.0,0.02384,0.02289,0,0.7,0.205,0.0726,0
9872,26030.0,0.03078,0.10586,0,4.4,0.203,0.0774,0
9873,26340.0,0.02306,0.02826,0,0.9,0.563,0.0748,0
9874,13560.0,0.02533,0.01471,0,3.3,0.311,0.0459,0
9875,15120.0,0.013,0.01023,0,1.1,0.567,0.0485,0
9876,9540.0,0.02175,0.02353,0,5.6,0.314,0.0322,0
9877,31540.0,0.02446,0.05961,0,1.7,0.332,0.0361,0
9878,14050.0,0.00541,0.00426,233,6.7,0.461,0.0416,0
9879,13330.0,0.00851,0.0128,0,2.0,0.213,0.0448,0
9880,6260.0,0.00994,0.00624,0,4.5,0.411,0.0598,0
9881,4900.0,0.02839,0.03888,0,2.3,0.439,0.0411,0
9882,6390.0,0.07177,0.0631,0,4.8,0.438,0.0494,0
9883,4310.0,0.00863,0.00801,0,1.4,0.54,0.0519,0
9884,24120.0,0.02634,0.02034,0,6.3,0.599,0.0343,0
9885,20000.0,0.06237,0.06048,0,5.5,0.548,0.0662,0
9886,7980.0,0.02204,0.01676,0,1.2,0.441,0.034,0
9887,28850.0,0.03107,0.08636,0,6.4,0.201,0.0529,0
9888,11050.0,0.02729,0.01364,21,0.6,0.384,0.0348,0
9889,24480.0,0.01139,0.02723,0,5.6,0.202,0.0435,0
9890,17710.0,0.0763,0.07299,0,1.5,0.283,0.0653,0
9891,34970.0,0.01918,0.01769,0,3.1,0.566,0.046,0
9892,7340.0,0.02262,0.03136,0,6.7,0.454,0.0644,0
9893,7300.0,0.00608,0.00769,0,1.3,0.321,0.0569,0
9894,11480.0,0.01856,0.01546,0,3.0,0.329,0.0411,0
9895,9630.0,0.0085,0.01283,98,6.1,0.446,0.048,1
9896,44100.0,0.01563,0.0282,0,5.2,0.214,0.0533,0
9897,9140.0,0.00792,0.00717,0,3.0,0.398,0.0331,0
9898,22370.0,0.0079,0.03703,0,5.9,0.47,0.0506,0
9899,15580.0,0.00365,0.00234,0,6.7,0.448,0.053,0
9900,10900.0,0.01539,0.00721,0,0.6,0.331,0.0457,0
9901,11030.0,0.02146,0.04113,0,2.8,0.327,0.0348,0
9902,40910.0,0.02606,0.00852,0,0.8,0.573,0.0378,0
9903,5900.0,0.00777,0.00701,0,3.7,0.358,0.0758,0
9904,17240.0,0.02398,0.01905,0,0.8,0.399,0.0692,0
9905,14530.0,0.02525,0.03801,0,6.6,0.273,0.0592,0
9906,22740.0,0.0446,0.0377,0,2.2,0.399,0.0467,0
9907,1710.0,0.05165,0.0363,0,3.2,0.31,0.0488,0
9908,3200.0,0.04922,0.02381,0,0.7,0.335,0.0606,0
9909,7980.0,0.00846,0.00255,0,5.3,0.527,0.0754,0
9910,5500.0,0.01723,0.01269,0,3.5,0.337,0.0318,0
9911,16580.0,0.03165,0.03394,0,2.2,0.562,0.0365,0
9912,35390.0,0.02344,0.01643,0,1.1,0.495,0.0314,0
9913,13830.0,0.00859,0.00733,0,6.6,0.251,0.0347,0
9914,12270.0,0.01797,0.01623,0,0.8,0.421,0.0771,0
9915,28130.0,0.00208,0.00254,0,0.8,0.242,0.062,0
9916,5800.0,0.0151,0.01617,0,4.7,0.229,0.0701,0
9917,15280.0,0.02153,0.02126,0,3.1,0.265,0.0571,0
9918,4680.0,0.03288,0.08222,18,4.4,0.269,0.0715,1
9919,29830.0,0.02792,0.02873,0,5.4,0.4,0.047,0
9920,18940.0,0.0456,0.04461,0,1.6,0.226,0.039,0
9921,15220.0,0.02322,0.04238,0,0.9,0.205,0.0547,0
9922,12140.0,0.0205,0.02228,0,4.4,0.488,0.042,0
9923,18520.0,0.01572,0.01553,0,2.3,0.345,0.0775,0
9924,9930.0,0.03148,0.0221,0,6.8,0.379,0.0322,0
9925,21960.0,0.02245,0.08241,0,5.0,0.344,0.0786,0
9926,17830.0,0.02673,0.03051,0,4.0,0.402,0.0717,0
9927,18120.0,0.02814,0.03369,0,3.5,0.49,0.0383,0
9928,8280.0,0.02025,0.04505,0,1.7,0.29,0.0434,0
9929,27820.0,0.00742,0.01344,0,1.8,0.437,0.0717,0
9930,6930.0,0.01374,0.0068,0,3.2,0.365,0.0425,0
9931,37760.0,0.02986,0.05817,0,3.9,0.434,0.0402,0
9932,8680.0,0.00797,0.00998,0,6.1,0.513,0.0449,0
9933,17840.0,0.01647,0.0282,34,4.6,0.543,0.0339,0
9934,11550.0,0.0282,0.03415,0,1.1,0.407,0.0629,0
9935,12920.0,0.05161,0.05585,0,0.7,0.306,0.073,0
9936,9440.0,0.02332,0.04181,0,0.6,0.287,0.0651,0
9937,3250.0,0.04098,0.05238,0,0.7,0.432,0.0541,0
9938,12460.0,0.0169,0.01998,0,5.0,0.541,0.0675,0
9939,27890.0,0.02549,0.00744,0,5.5,0.48,0.0509,0
9940,3920.0,0.01326,0.02592,0,4.0,0.325,0.075,0
9941,3550.0,0.03889,0.01947,0,1.0,0.367,0.0514,0
9942,6070.0,0.01991,0.02046,0,2.6,0.447,0.0584,0
9943,4970.0,0.00724,0.03202,0,0.8,0.48,0.045,0
9944,32930.0,0.0121,0.00859,0,6.9,0.256,0.0352,0
9945,50180.0,0.01247,0.00803,0,2.7,0.46,0.0424,0
9946,11270.0,0.0128,0.00547,0,6.5,0.395,0.05,0
9947,21290.0,0.0156,0.00656,24,4.8,0.59,0.0341,0
9948,37460.0,0.00569,0.01054,0,0.7,0.395,0.0513,0
9949,5350.0,0.01598,0.01611,0,0.7,0.226,0.0777,0
9950,3320.0,0.0217,0.01982,0,1.4,0.401,0.0302,0
9951,12090.0,0.01331,0.015,0,2.4,0.228,0.0559,0
9952,11060.0,0.0176,0.01976,30,1.8,0.374,0.0469,0
9953,14200.0,0.0071,0.0138,0,3.2,0.265,0.0587,0
9954,12670.0,0.02273,0.01331,0,3.5,0.314,0.0611,0
9955,7490.0,0.01024,0.0123,0,3.7,0.581,0.0385,0
9956,8980.0,0.01244,0.00753,0,5.2,0.411,0.0376,0
9957,1540.0,0.03428,0.06531,0,7.0,0.461,0.0692,0
9958,45530.0,0.02696,0.03318,0,2.1,0.528,0.0421,0
9959,9140.0,0.04025,0.07331,0,5.3,0.533,0.0736,0
9960,5690.0,0.03082,0.08848,0,3.5,0.445,0.0575,0
9961,7090.0,0.00882,0.00747,0,4.3,0.454,0.0539,0
9962,10070.0,0.03792,0.03249,63,6.3,0.563,0.0466,0
9963,18240.0,0.01949,0.05285,0,2.0,0.302,0.0772,0
9964,19710.0,0.04822,0.03324,0,6.4,0.42,0.0411,0
9965,6140.0,0.06063,0.03645,0,2.7,0.535,0.0575,0
9966,20680.0,0.01942,0.08744,0,5.1,0.523,0.0392,0
9967,12960.0,0.04532,0.09912,0,6.5,0.346,0.0597,0
9968,13990.0,0.04055,0.06373,44,2.3,0.232,0.0528,0
9969,4730.0,0.02456,0.02779,0,6.9,0.511,0.0742,0
9970,7360.0,0.02576,0.08011,0,6.0,0.238,0.0696,0
9971,13250.0,0.01058,0.02371,0,6.7,0.46,0.0355,0
9972,13760.0,0.02959,0.04029,0,2.4,0.513,0.063,1
9973,7910.0,0.00735,0.0086,0,4.9,0.381,0.0625,0
9974,3200.0,0.04098,0.03633,0,3.5,0.286,0.0657,0
9975,15550.0,0.02479,0.01634,0,2.7,0.596,0.0459,0
9976,24420.0,0.0173,0.01482,0,1.8,0.385,0.0747,0
9977,18730.0,0.03622,0.03515,0,1.3,0.483,0.0381,0
9978,23220.0,0.01083,0.0177,0,2.2,0.522,0.0692,0
9979,4500.0,0.01403,0.01739,0,3.5,0.579,0.0796,0
9980,1000.0,0.03258,0.05503,0,3.8,0.399,0.057,0
9981,10790.0,0.01394,0.022,0,4.5,0.431,0.0475,0
9982,7530.0,0.01089,0.00875,0,6.4,0.367,0.0732,0
9983,4860.0,0.03341,0.05398,0,6.7,0.36,0.079,0
9984,17530.0,0.0111,0.01013,18,5.2,0.223,0.076,0
9985,1790.0,0.04913,0.05132,0,2.7,0.596,0.0682,0
9986,25280.0,0.02712,0.09587,0,5.6,0.585,0.0458,0
9987,9280.0,0.02071,0.00689,0,6.6,0.586,0.0586,0
9988,5720.0,0.00567,0.00311,0,2.6,0.23,0.0306,0
9989,7850.0,0.01749,0.01749,0,2.9,0.361,0.0669,0
9990,4300.0,0.00836,0.00386,0,1.6,0.32,0.0607,0
9991,13030.0,0.01041,0.01332,0,6.7,0.298,0.0333,0
9992,44710.0,0.01071,0.00824,0,0.6,0.503,0.0719,0
9993,39530.0,0.02027,0.03495,0,4.2,0.541,0.066,0
9994,7580.0,0.01676,0.00656,77,1.4,0.443,0.0487,1
9995,14100.0,0.01829,0.00292,0,5.3,0.45,0.0744,0
9996,18040.0,0.03088,0.01729,0,3.2,0.23,0.0451,0
9997,5700.0,0.01485,0.05879,0,2.7,0.521,0.0365,0
9998,7510.0,0.0108,0.00932,0,4.7,0.238,0.0415,0
9999,36420.0,0.05547,0.18727,0,6.8,0.222,0.0556,0
10000,32080.0,0.04427,0.0705,0,6.2,0.406,0.077,0
10001,31870.0,0.01546,0.00606,0,5.6,0.265,0.0594,0
10002,6560.0,0.03479,0.07078,0,1.5,0.407,0.0723,0
10003,11920.0,0.03314,0.03226,0,6.6,0.513,0.0705,0
10004,11790.0,0.02146,0.06687,0,3.9,0.551,0.0604,0
10005,30450.0,0.00591,0.00545,0,5.3,0.31,0.0665,0
10006,5140.0,0.01488,0.00878,0,4.2,0.427,0.0602,0
10007,11710.0,0.00522,0.00568,0,3.0,0.228,0.041,0
10008,17030.0,0.03034,0.06332,0,2.1,0.327,0.0376,0
10009,6250.0,0.02752,0.01385,0,2.6,0.46,0.0691,0
10010,16310.0,0.00789,0.00456,63,0.6,0.509,0.0442,0
10011,7440.0,0.03169,0.0129,0,3.5,0.247,0.0473,0
10012,7330.0,0.01667,0.01235,0,1.2,0.59,0.0404,0
10013,3050.0,0.03167,0.02147,0,4.2,0.314,0.0479,0
10014,30510.0,0.01723,0.02492,0,6.1,0.549,0.0789,0
10015,16660.0,0.02307,0.03957,20,4.6,0.282,0.0435,0
10016,25580.0,0.02083,0.03444,0,4.3,0.566,0.0436,0
10017,4530.0,0.01824,0.01262,0,0.6,0.446,0.0402,0
10018,9300.0,0.00874,0.0051,0,1.9,0.379,0.0593,0
10019,4810.0,0.01915,0.01071,0,2.5,0.583,0.0569,0
10020,51540.0,0.01995,0.03247,0,1.9,0.521,0.0326,0
10021,12830.0,0.0213,0.0239,0,6.1,0.366,0.0606,0
10022,8800.0,0.02287,0.03163,0,6.4,0.559,0.0641,0
10023,45660.0,0.01494,0.04665,0,3.1,0.263,0.0734,0
10024,59450.0,0.00904,0.03078,0,1.8,0.249,0.0701,0
10025,10700.0,0.01716,0.01551,0,6.7,0.284,0.0578,0
10026,3840.0,0.01825,0.02225,0,4.7,0.438,0.0475,0
10027,17330.0,0.01276,0.01327,0,3.8,0.468,0.0593,0
10028,45640.0,0.01388,0.01761,0,4.5,0.539,0.06,0
10029,4790.0,0.00663,0.01006,0,6.8,0.433,0.0723,0
10030,14050.0,0.01581,0.02045,0,4.4,0.59,0.0433,0
10031,7100.0,0.00418,0.00547,0,4.6,0.56,0.0739,0
10032,17590.0,0.01302,0.01093,0,4.0,0.544,0.0595,0
10033,5850.0,0.0395,0.12736,0,2.5,0.409,0.0775,0
10034,17480.0,0.0118,0.0356,0,6.4,0.594,0.0741,0
10035,11320.0,0.00974,0.01895,0,1.1,0.378,0.0568,0
10036,5440.0,0.01393,0.01518,0,5.5,0.287,0.0375,0
10037,22050.0,0.02019,0.03388,83,5.0,0.598,0.07,0
10038,9620.0,0.03007,0.10298,0,1.3,0.368,0.0767,0
10039,11300.0,0.04365,0.10773,0,2.4,0.512,0.0587,0
10040,10320.0,0.02019,0.07765,0,4.3,0.348,0.0531,0
10041,4730.0,0.01664,0.01601,0,5.8,0.494,0.0638,0
10042,8340.0,0.02001,0.01649,0,4.9,0.392,0.0732,0
10043,10830.0,0.04399,0.02519,0,1.0,0.567,0.0574,0
10044,6660.0,0.01266,0.01218,0,3.4,0.47,0.058,0
10045,24970.0,0.04585,0.10521,0,3.8,0.524,0.0528,0
10046,16500.0,0.03666,0.03797,0,6.1,0.297,0.041,0
10047,19810.0,0.02068,0.01607,0,0.9,0.496,0.0612,0
10048,45270.0,0.00602,0.00326,0,3.0,0.533,0.0505,0
10049,32500.0,0.00493,0.00544,0,3.2,0.313,0.077,0
10050,17870.0,0.03241,0.02653,0,4.8,0.338,0.035,0
10051,16660.0,0.01139,0.03601,0,1.6,0.527,0.0517,0
10052,17420.0,0.00966,0.04205,351,3.5,0.325,0.0764,0
10053,21300.0,0.01809,0.11463,0,3.4,0.201,0.058,0
10054,28200.0,0.0231,0.02229,305,6.4,0.499,0.0338,0
10055,28780.0,0.02393,0.01841,0,5.1,0.469,0.0569,0
10056,4760.0,0.02813,0.03737,0,2.0,0.431,0.0464,0
10057,20380.0,0.01442,0.03748,0,4.7,0.246,0.0762,0
10058,30360.0,0.01344,0.01099,0,2.5,0.44,0.0654,0
10059,3210.0,0.02683,0.05371,0,4.9,0.33,0.0542,0
10060,31200.0,0.0567,0.10498,0,3.4,0.58,0.0334,0
10061,14940.0,0.01389,0.01487,0,3.3,0.49,0.0711,0
10062,3970.0,0.03661,0.03749,0,5.4,0.266,0.0512,0
10063,7540.0,0.02918,0.05619,0,1.9,0.454,0.0714,0
10064,5650.0,0.0152,0.0261,0,1.0,0.311,0.0788,0
10065,4230.0,0.02692,0.04905,0,6.4,0.319,0.034,0
10066,2750.0,0.00781,0.00716,0,3.3,0.249,0.067,0
10067,20860.0,0.00519,0.00616,0,3.5,0.561,0.0621,0
10068,4240.0,0.02949,0.03396,0,6.3,0.377,0.0576,0
10069,12270.0,0.04078,0.03767,0,0.8,0.475,0.0359,0
10070,20790.0,0.05777,0.01383,0,3.0,0.317,0.077,0
10071,11630.0,0.01706,0.03351,0,3.8,0.247,0.0695,0
10072,18430.0,0.01608,0.02401,0,6.3,0.573,0.073,0
10073,21540.0,0.02055,0.03581,0,0.9,0.577,0.0683,0
10074,14240.0,0.00724,0.02154,0,4.6,0.555,0.0763,0
10075,1440.0,0.04455,0.03066,63,3.2,0.489,0.0339,0
10076,4140.0,0.04496,0.02852,0,4.6,0.318,0.0332,0
10077,2960.0,0.0237,0.03749,156,4.6,0.314,0.0435,0
10078,30540.0,0.00509,0.002,0,3.0,0.472,0.0351,0
10079,11810.0,0.01693,0.02946,0,0.8,0.367,0.0537,0
10080,13880.0,0.00464,0.00536,0,1.8,0.513,0.0427,0
10081,12760.0,0.01796,0.04153,0,5.5,0.322,0.0505,0
10082,3020.0,0.0536,0.07117,0,6.5,0.592,0.0647,0
10083,22230.0,0.00964,0.00929,0,2.3,0.384,0.038,0
10084,17720.0,0.01044,0.00571,0,3.6,0.316,0.064,0
10085,3740.0,0.02179,0.04136,0,1.4,0.337,0.0425,0
10086,13590.0,0.00469,0.00948,0,3.5,0.353,0.0797,0
10087,9680.0,0.04484,0.08175,0,1.4,0.576,0.0331,0
10088,16450.0,0.07668,0.02091,0,6.9,0.334,0.0327,0
10089,18000.0,0.01592,0.03274,0,5.4,0.36,0.0311,0
10090,11630.0,0.01666,0.01615,0,5.6,0.235,0.0784,0
10091,13010.0,0.04436,0.10569,0,5.0,0.375,0.0578,0
10092,13600.0,0.01418,0.01593,0,6.4,0.29,0.0758,0
10093,51930.0,0.02556,0.13337,0,6.8,0.233,0.0328,0
10094,24680.0,0.01548,0.01182,0,3.2,0.278,0.0313,0
10095,4490.0,0.03314,0.07796,0,6.7,0.58,0.0432,0
10096,53740.0,0.04068,0.0282,0,2.5,0.557,0.0505,0
10097,20100.0,0.03431,0.10641,0,5.7,0.327,0.0468,0
10098,7030.0,0.00494,0.00486,0,6.4,0.492,0.0548,0
10099,5110.0,0.0111,0.01312,0,3.5,0.331,0.0555,0
10100,34030.0,0.02327,0.02651,0,5.1,0.51,0.0472,0
10101,10810.0,0.02297,0.03362,0,6.0,0.273,0.0545,0
10102,6240.0,0.04006,0.03249,0,2.5,0.55,0.0762,0
10103,12460.0,0.00977,0.0086,0,4.1,0.276,0.0484,0
10104,4540.0,0.01202,0.01361,0,3.4,0.258,0.0386,0
10105,12590.0,0.04498,0.028,0,6.6,0.332,0.0708,0
10106,10380.0,0.01224,0.01886,0,5.8,0.48,0.046,0
10107,20340.0,0.02276,0.0242,0,6.0,0.253,0.0591,0
10108,4630.0,0.01149,0.01009,0,3.7,0.424,0.0579,0
10109,7300.0,0.07732,0.04985,0,3.6,0.594,0.033,0
10110,9540.0,0.04095,0.04361,0,2.2,0.493,0.0668,0
10111,33060.0,0.01356,0.02,0,5.0,0.598,0.069,0
10112,28650.0,0.00785,0.002,0,1.7,0.315,0.0671,0
10113,12860.0,0.02019,0.02258,0,2.7,0.568,0.0702,0
10114,12710.0,0.01499,0.02909,32,6.9,0.448,0.0383,0
10115,7270.0,0.01008,0.01336,0,3.4,0.57,0.0309,0
10116,7170.0,0.01625,0.01879,0,3.5,0.285,0.0627,0
10117,4780.0,0.06879,0.0563,0,1.7,0.422,0.061,0
10118,24080.0,0.00819,0.02629,0,0.5,0.453,0.0798,0
10119,33780.0,0.00801,0.01757,0,6.1,0.576,0.0513,0
10120,7590.0,0.0498,0.06074,0,4.1,0.343,0.0716,1
10121,3720.0,0.00643,0.00779,0,6.7,0.25,0.0613,0
10122,4370.0,0.01262,0.00633,0,1.4,0.215,0.0718,0
10123,7970.0,0.05253,0.18203,0,2.9,0.372,0.0781,0
10124,21550.0,0.01371,0.03009,0,1.0,0.341,0.051,0
10125,32450.0,0.02426,0.06079,0,7.0,0.311,0.059,0
10126,34610.0,0.05172,0.10496,0,4.6,0.217,0.0358,0
10127,14030.0,0.00699,0.00736,0,3.3,0.223,0.0795,0
10128,11010.0,0.02389,0.01928,232,3.5,0.292,0.0432,0
10129,20750.0,0.00822,0.01613,0,4.1,0.253,0.052,0
10130,14190.0,0.0177,0.01547,0,6.0,0.577,0.0376,0
10131,35920.0,0.01856,0.01112,0,6.2,0.581,0.048,0
10132,9810.0,0.00626,0.00634,0,3.8,0.329,0.0561,0
10133,13420.0,0.03117,0.02669,0,2.0,0.37,0.0753,0
10134,5140.0,0.05486,0.09547,0,3.5,0.36,0.045,0
10135,3980.0,0.00826,0.02416,0,2.9,0.311,0.0772,0
10136,3750.0,0.00235,0.00263,0,5.9,0.321,0.0605,0
10137,19540.0,0.01805,0.02599,0,6.7,0.383,0.0352,0
10138,11770.0,0.04314,0.11237,0,1.2,0.577,0.0557,0
10139,11440.0,0.01824,0.01556,41,4.9,0.311,0.0446,0
10140,11860.0,0.02454,0.01944,0,2.5,0.433,0.0409,0
10141,4150.0,0.02762,0.03286,0,4.4,0.531,0.0468,0
10142,96640.0,0.03703,0.03982,0,2.1,0.232,0.0506,0
10143,51940.0,0.01343,0.01894,0,5.4,0.247,0.0683,0
10144,45790.0,0.02081,0.01349,0,3.1,0.333,0.048,0
10145,3310.0,0.01453,0.01527,0,6.4,0.377,0.0433,0
10146,9880.0,0.08311,0.09264,0,0.5,0.324,0.0424,0
10147,23390.0,0.02041,0.01889,0,5.6,0.267,0.0449,0
10148,11190.0,0.00965,0.0097,0,2.9,0.445,0.0338,0
10149,38770.0,0.01358,0.02393,0,6.4,0.463,0.0387,0
10150,8260.0,0.00884,0.00657,0,6.0,0.377,0.0414,0
10151,6450.0,0.01494,0.00222,0,5.6,0.292,0.0408,0
10152,20410.0,0.02108,0.05846,0,5.8,0.253,0.0372,0
10153,17460.0,0.04328,0.06441,0,6.9,0.398,0.0705,0
10154,5740.0,0.02198,0.01021,0,6.2,0.489,0.0583,0
10155,18420.0,0.00554,0.00764,0,3.4,0.367,0.049,0
10156,69530.0,0.02745,0.01507,0,4.0,0.301,0.0791,0
10157,38550.0,0.02013,0.01675,0,4.8,0.313,0.067,0
10158,7170.0,0.02724,0.0366,0,5.8,0.263,0.0385,0
10159,5950.0,0.00674,0.00594,0,2.9,0.409,0.0362,0
10160,8890.0,0.01572,0.03265,0,3.0,0.574,0.0305,0
10161,30970.0,0.0255,0.02435,0,6.7,0.245,0.0609,0
10162,8050.0,0.02584,0.01738,0,0.9,0.314,0.0521,0
10163,13470.0,0.01658,0.01793,0,2.2,0.367,0.048,0
10164,6600.0,0.02449,0.01844,6,6.2,0.468,0.0301,0
10165,18090.0,0.08384,0.11494,0,2.1,0.294,0.0442,0
10166,24410.0,0.01983,0.02503,132,3.9,0.215,0.0545,0
10167,2410.0,0.03047,0.01773,0,6.0,0.516,0.0613,0
10168,10250.0,0.0206,0.01108,0,3.0,0.364,0.0684,0
10169,10290.0,0.0157,0.00992,0,6.3,0.589,0.0555,0
10170,6440.0,0.00496,0.00846,0,5.4,0.539,0.0329,0
10171,20660.0,0.007,0.00675,0,4.2,0.256,0.0464,0
10172,8020.0,0.02687,0.03704,0,5.8,0.546,0.0687,0
10173,13770.0,0.01532,0.06328,0,5.2,0.22,0.0424,0
10174,22690.0,0.0343,0.02149,0,3.4,0.485,0.0416,0
10175,4120.0,0.02677,0.07578,0,1.2,0.579,0.0572,0
10176,34570.0,0.07276,0.0491,0,5.6,0.411,0.0344,0
10177,3190.0,0.01157,0.00518,0,5.4,0.264,0.0408,0
10178,12200.0,0.05565,0.25954,0,2.5,0.281,0.0309,0
10179,24350.0,0.03096,0.01986,0,2.0,0.273,0.0482,0
10180,5870.0,0.03737,0.02832,0,5.3,0.482,0.0635,0
10181,6090.0,0.03191,0.06028,0,4.4,0.421,0.0443,0
10182,20300.0,0.04473,0.05849,0,0.5,0.335,0.0427,0
10183,34330.0,0.00917,0.01162,0,3.1,0.231,0.0624,0
10184,8610.0,0.02196,0.01298,73,2.4,0.298,0.0709,1
10185,12990.0,0.01885,0.01262,0,5.9,0.569,0.0748,0
10186,2000.0,0.00644,0.00734,0,1.2,0.336,0.0369,0
10187,17760.0,0.02229,0.06787,0,2.4,0.398,0.0677,0
10188,12250.0,0.0602,0.17581,0,2.4,0.519,0.0646,0
10189,14000.0,0.01411,0.03839,0,1.7,0.381,0.0449,0
10190,10710.0,0.02426,0.01654,0,4.6,0.482,0.0702,0
10191,12460.0,0.01376,0.01096,0,4.8,0.482,0.0671,0
10192,5500.0,0.00861,0.01045,62,2.3,0.403,0.054,0
10193,25540.0,0.0253,0.02624,0,1.2,0.203,0.0689,0
10194,61360.0,0.00452,0.00931,0,3.5,0.288,0.0651,0
10195,22000.0,0.02724,0.03291,0,5.7,0.326,0.038,0
10196,72110.0,0.01075,0.01414,0,3.6,0.318,0.0737,0
10197,3790.0,0.01629,0.02801,0,1.9,0.229,0.0485,0
10198,17510.0,0.02184,0.02479,0,5.4,0.42,0.0395,0
10199,7120.0,0.01427,0.01464,0,3.9,0.559,0.0691,0
10200,11790.0,0.03004,0.0338,0,0.9,0.558,0.0739,0
10201,9930.0,0.04035,0.13872,0,6.3,0.518,0.0347,0
10202,9420.0,0.05195,0.0506,0,6.7,0.422,0.0517,0
10203,5330.0,0.04614,0.33712,0,0.5,0.31,0.0373,0
10204,11060.0,0.01029,0.0065,0,1.5,0.563,0.042,0
10205,36490.0,0.05749,0.08609,0,5.8,0.298,0.073,0
10206,15420.0,0.02955,0.02929,0,1.2,0.407,0.0558,0
10207,6440.0,0.02276,0.03842,0,6.1,0.25,0.0786,0
10208,27260.0,0.0345,0.08223,0,1.1,0.348,0.0732,0
10209,13560.0,0.08644,0.03441,0,2.3,0.326,0.073,0
10210,9600.0,0.03856,0.05196,0,6.1,0.284,0.0747,0
10211,8520.0,0.00784,0.04043,0,3.6,0.496,0.0434,0
10212,8860.0,0.02174,0.01929,0,2.8,0.365,0.0785,0
10213,17490.0,0.01188,0.00605,0,3.1,0.467,0.035,0
10214,11940.0,0.02112,0.01056,7,5.3,0.488,0.0302,0
10215,20870.0,0.0157,0.00804,0,5.7,0.495,0.0643,0
10216,6480.0,0.02021,0.02571,0,2.1,0.208,0.078,0
10217,25740.0,0.00734,0.00481,20,5.8,0.38,0.0705,0
10218,64630.0,0.04051,0.04861,0,3.0,0.42,0.0309,0
10219,6120.0,0.01892,0.03912,0,3.7,0.22,0.0642,0
10220,7300.0,0.0051,0.01056,0,6.5,0.297,0.0436,0
10221,3360.0,0.01207,0.0134,29,2.5,0.354,0.0448,0
10222,11110.0,0.04581,0.16237,0,2.2,0.299,0.0708,0
10223,32910.0,0.02639,0.0735,0,2.1,0.357,0.0764,0
10224,10850.0,0.03194,0.05913,0,3.8,0.513,0.0731,0
10225,4970.0,0.00634,0.00249,0,6.5,0.254,0.035,0
10226,4610.0,0.04192,0.04278,0,2.6,0.489,0.0727,0
10227,14510.0,0.04845,0.06527,0,4.8,0.433,0.0714,0
10228,5350.0,0.05363,0.07423,0,6.6,0.336,0.0499,0
10229,36830.0,0.00268,0.00326,0,0.9,0.23,0.0739,0
10230,4590.0,0.00799,0.01876,0,3.8,0.51,0.0624,0
10231,9320.0,0.02219,0.00426,0,2.8,0.234,0.0348,0
10232,8280.0,0.01465,0.02353,0,1.4,0.535,0.0607,0
10233,10400.0,0.02794,0.0284,0,4.4,0.569,0.0332,0
10234,11900.0,0.01293,0.01901,0,2.8,0.305,0.0386,0
10235,21620.0,0.0276,0.02721,0,6.2,0.543,0.0656,0
10236,6860.0,0.09005,0.07412,0,2.3,0.246,0.0496,0
10237,25330.0,0.00481,0.00558,0,4.4,0.246,0.0474,0
10238,12390.0,0.01888,0.01778,0,1.6,0.538,0.0487,0
10239,7020.0,0.02552,0.02553,0,3.1,0.341,0.08,0
10240,30560.0,0.02682,0.04671,0,2.3,0.462,0.0752,0
10241,12600.0,0.01533,0.01601,0,3.3,0.283,0.0511,0
10242,6310.0,0.05174,0.03545,0,5.1,0.475,0.0367,0
10243,16130.0,0.05308,0.05226,0,0.9,0.421,0.0465,0
10244,9940.0,0.04434,0.03791,0,4.0,0.579,0.051,0
10245,63090.0,0.02715,0.01649,0,2.5,0.222,0.0786,0
10246,20350.0,0.01751,0.02912,0,2.5,0.53,0.0401,0
10247,17190.0,0.06977,0.03257,0,1.6,0.389,0.0334,0
10248,12510.0,0.02359,0.0303,0,5.3,0.544,0.0375,1
10249,13560.0,0.01951,0.01917,0,5.6,0.421,0.061,0
10250,4560.0,0.01461,0.02009,0,3.7,0.338,0.0542,0
10251,9940.0,0.03446,0.04368,0,5.8,0.278,0.0596,1
10252,8040.0,0.01876,0.04277,0,6.7,0.56,0.076,0
10253,25270.0,0.01631,0.03098,0,1.7,0.329,0.0388,0
10254,2950.0,0.02185,0.04086,0,6.8,0.4,0.04,0
10255,6590.0,0.01859,0.03105,0,6.3,0.248,0.0398,0
10256,10820.0,0.01645,0.01647,0,2.3,0.367,0.0764,0
10257,56590.0,0.03345,0.03499,0,0.8,0.273,0.0657,0
10258,10250.0,0.0342,0.02575,0,6.3,0.591,0.0568,0
10259,7710.0,0.00933,0.01658,0,4.0,0.597,0.057,0
10260,5550.0,0.00745,0.01379,0,6.1,0.373,0.0487,0
10261,11400.0,0.00466,0.00978,0,0.9,0.202,0.0545,0
10262,4870.0,0.02599,0.02094,0,5.9,0.345,0.0649,0
10263,5660.0,0.0261,0.13089,0,2.2,0.499,0.0537,0
10264,23050.0,0.04922,0.02197,0,0.5,0.376,0.0616,0
10265,14220.0,0.00729,0.01715,0,4.1,0.478,0.0752,0
10266,2280.0,0.01556,0.01174,0,3.2,0.29,0.0378,0
10267,28320.0,0.00971,0.0114,0,2.4,0.422,0.0565,0
10268,37930.0,0.17536,0.33318,0,5.7,0.357,0.0642,0
10269,24700.0,0.02185,0.02257,0,1.7,0.452,0.0445,0
10270,4620.0,0.0137,0.02582,0,5.8,0.335,0.0344,0
10271,16140.0,0.01128,0.02287,0,5.0,0.469,0.07,0
10272,6910.0,0.01344,0.00568,0,5.4,0.292,0.0485,0
10273,5640.0,0.02758,0.04116,0,1.5,0.323,0.0315,0
10274,26120.0,0.02031,0.02537,0,0.9,0.479,0.0585,0
10275,13460.0,0.0086,0.01598,0,5.1,0.25,0.0746,0
10276,48920.0,0.00839,0.0111,0,3.6,0.524,0.0397,0
10277,9100.0,0.0093,0.02124,0,1.0,0.392,0.0789,0
10278,4850.0,0.02154,0.0404,0,1.9,0.282,0.0556,0
10279,16450.0,0.02645,0.01754,0,6.3,0.348,0.0684,0
10280,15230.0,0.09207,0.10427,0,6.2,0.271,0.062,0
10281,26620.0,0.02789,0.04423,0,3.2,0.395,0.0495,0
10282,7840.0,0.01263,0.00852,0,3.7,0.207,0.046,0
10283,14280.0,0.02086,0.08587,0,4.8,0.577,0.0546,0
10284,15450.0,0.04873,0.07922,0,5.2,0.57,0.0742,1
10285,41290.0,0.04926,0.04981,0,2.3,0.333,0.038,0
10286,37800.0,0.05931,0.04697,0,1.5,0.339,0.0326,0
10287,16860.0,0.02885,0.0285,0,6.7,0.543,0.0673,0
10288,2440.0,0.02853,0.01223,0,2.1,0.523,0.0696,0
10289,7950.0,0.00939,0.00365,0,2.7,0.37,0.0314,0
10290,7500.0,0.01406,0.0043,0,6.3,0.289,0.0404,0
10291,32830.0,0.04998,0.0787,0,5.1,0.24,0.0756,0
10292,7170.0,0.03377,0.01797,0,4.0,0.253,0.0448,0
10293,13110.0,0.0222,0.02861,0,5.6,0.539,0.0651,0
10294,8350.0,0.03084,0.068,0,1.9,0.463,0.05,0
10295,9020.0,0.01594,0.01709,0,2.1,0.325,0.0508,0
10296,8380.0,0.03584,0.04052,0,1.4,0.349,0.0431,0
10297,8490.0,0.01404,0.01956,0,4.1,0.365,0.0371,0
10298,7130.0,0.00986,0.00734,0,5.0,0.43,0.0693,0
10299,14460.0,0.0352,0.01763,0,6.9,0.436,0.0516,1
10300,15310.0,0.00983,0.01556,0,6.7,0.453,0.0689,0
10301,6690.0,0.01051,0.02328,0,6.0,0.252,0.0304,0
10302,152650.0,0.00678,0.00734,0,5.3,0.202,0.0764,0
10303,2950.0,0.01205,0.01141,0,3.5,0.398,0.0379,0
10304,17100.0,0.01099,0.0198,0,5.6,0.325,0.0335,0
10305,28450.0,0.03968,0.00887,0,6.2,0.586,0.0513,0
10306,15480.0,0.06346,0.0453,0,3.1,0.364,0.068,0
10307,17900.0,0.00847,0.00282,0,6.1,0.318,0.067,0
10308,12130.0,0.01045,0.01203,0,5.8,0.251,0.0464,1
10309,6470.0,0.02354,0.02526,0,3.3,0.307,0.0566,0
10310,7110.0,0.02698,0.0343,0,5.5,0.201,0.0798,0
10311,12820.0,0.01489,0.0138,0,3.1,0.248,0.0524,0
10312,3390.0,0.01461,0.00753,0,3.6,0.569,0.0407,0
10313,5990.0,0.02698,0.06656,0,1.0,0.222,0.0653,0
10314,28060.0,0.02502,0.08051,0,6.7,0.407,0.0433,0
10315,15490.0,0.01151,0.01268,0,3.7,0.272,0.0507,0
10316,9010.0,0.03831,0.037,8,7.0,0.21,0.0344,0
10317,3110.0,0.03409,0.05222,0,2.1,0.322,0.0685,0
10318,4010.0,0.00916,0.00498,0,0.7,0.283,0.0471,0
10319,2160.0,0.03561,0.1085,0,3.4,0.385,0.0629,0
10320,30720.0,0.00368,0.00437,0,3.7,0.494,0.0721,0
10321,11060.0,0.01367,0.01859,0,5.2,0.286,0.0652,0
10322,13440.0,0.0637,0.06223,0,3.3,0.45,0.0759,0
10323,18210.0,0.03416,0.04828,0,1.7,0.418,0.0473,0
10324,6970.0,0.01738,0.0308,0,1.7,0.406,0.0678,0
10325,2930.0,0.01172,0.03521,0,2.3,0.346,0.0375,0
10326,11620.0,0.0044,0.00278,0,3.1,0.253,0.0415,0
10327,5180.0,0.00887,0.00892,0,4.7,0.397,0.0659,0
10328,7220.0,0.0083,0.0076,38,1.0,0.556,0.0464,0
10329,13540.0,0.01187,0.01927,0,7.0,0.468,0.0782,0
10330,2250.0,0.02867,0.03847,0,2.4,0.579,0.0688,0
10331,11620.0,0.03003,0.02148,387,1.6,0.273,0.0476,0
10332,16040.0,0.00654,0.01304,0,6.2,0.585,0.068,0
10333,3810.0,0.01994,0.02188,0,3.4,0.288,0.0658,0
10334,8880.0,0.01876,0.03238,0,5.6,0.474,0.0776,0
10335,15600.0,0.0096,0.01108,0,3.1,0.468,0.0595,0
10336,8410.0,0.00759,0.01213,0,3.5,0.295,0.033,0
10337,34120.0,0.01378,0.00774,0,6.4,0.423,0.0629,0
10338,3890.0,0.06939,0.08451,0,7.0,0.213,0.0512,0
10339,29330.0,0.04759,0.08999,0,4.3,0.394,0.0591,0
10340,30280.0,0.01505,0.03156,0,1.7,0.381,0.0565,0
10341,1770.0,0.01494,0.02098,0,5.1,0.323,0.0667,0
10342,10400.0,0.05274,0.10112,0,4.6,0.284,0.0706,0
10343,4630.0,0.04403,0.0211,0,5.7,0.569,0.0553,0
10344,21330.0,0.02921,0.02271,0,2.6,0.407,0.046,0
10345,48160.0,0.02174,0.01791,0,3.8,0.298,0.0659,0
10346,9300.0,0.04348,0.20878,0,6.5,0.316,0.0467,0
10347,12480.0,0.01278,0.01463,0,1.2,0.281,0.0394,0
10348,33150.0,0.01224,0.04085,0,1.9,0.594,0.0715,0
10349,12670.0,0.00954,0.0107,0,1.2,0.427,0.0609,0
10350,11300.0,0.03154,0.05979,0,5.3,0.356,0.0727,1
10351,5830.0,0.04658,0.04173,0,5.0,0.422,0.0733,0
10352,2880.0,0.00708,0.01173,0,2.8,0.31,0.0616,0
10353,12140.0,0.03252,0.05826,0,6.0,0.326,0.0335,0
10354,6980.0,0.03872,0.02371,0,6.9,0.38,0.0478,0
10355,9720.0,0.02223,0.02501,0,6.7,0.253,0.0307,0
10356,2360.0,0.04525,0.02827,0,6.2,0.45,0.0609,0
10357,5460.0,0.02413,0.03657,0,3.4,0.404,0.066,0
10358,9030.0,0.03948,0.04176,0,2.9,0.435,0.056,0
10359,6280.0,0.0097,0.00952,0,6.5,0.249,0.0516,0
10360,20350.0,0.01848,0.02789,9,2.3,0.211,0.0411,0
10361,6820.0,0.03239,0.08259,0,3.7,0.245,0.0546,0
10362,21020.0,0.03335,0.03668,0,6.6,0.28,0.0453,0
10363,18510.0,0.02958,0.0193,81,6.2,0.472,0.0466,0
10364,4280.0,0.02359,0.0343,15,5.6,0.241,0.0726,0
10365,5240.0,0.0279,0.11588,0,1.9,0.549,0.048,0
10366,6590.0,0.03542,0.02626,0,2.1,0.363,0.0499,0
10367,4770.0,0.00905,0.00772,0,5.1,0.598,0.0448,0
10368,13040.0,0.03068,0.03806,0,2.9,0.576,0.0766,0
10369,16840.0,0.02749,0.02712,0,6.1,0.429,0.0461,0
10370,6610.0,0.00995,0.00569,0,3.3,0.229,0.0532,0
10371,3520.0,0.00862,0.01207,216,1.6,0.551,0.0643,0
10372,24780.0,0.09023,0.03419,0,6.8,0.383,0.0629,0
10373,16790.0,0.03684,0.03814,0,0.6,0.306,0.0402,0
10374,4010.0,0.01034,0.00824,0,3.3,0.317,0.0692,0
10375,4980.0,0.01513,0.02266,0,1.1,0.276,0.0597,0
10376,10210.0,0.03213,0.04848,0,2.7,0.401,0.0788,0
10377,4640.0,0.0267,0.00659,53,5.9,0.229,0.0694,0
10378,30010.0,0.03102,0.06186,0,5.0,0.57,0.0508,0
10379,1110.0,0.02609,0.05687,0,3.9,0.295,0.0337,0
10380,4960.0,0.06175,0.02138,0,5.3,0.297,0.0488,0
10381,27520.0,0.0275,0.01166,0,0.8,0.563,0.0548,0
10382,11830.0,0.0297,0.02644,0,6.7,0.22,0.0774,0
10383,10360.0,0.00287,0.00313,0,5.1,0.24,0.042,0
10384,6780.0,0.03023,0.04922,0,1.3,0.543,0.0787,0
10385,29220.0,0.0385,0.08176,0,2.0,0.518,0.0369,0
10386,9230.0,0.0344,0.05693,0,2.7,0.329,0.0732,0
10387,16350.0,0.02373,0.04447,0,2.3,0.387,0.0337,0
10388,12230.0,0.00321,0.00358,0,3.6,0.575,0.0653,0
10389,10970.0,0.00741,0.00753,0,1.7,0.363,0.0415,0
10390,18570.0,0.03073,0.04518,0,1.9,0.227,0.0432,0
10391,25990.0,0.00959,0.02291,0,3.4,0.25,0.0492,0
10392,96860.0,0.00477,0.004,0,6.4,0.377,0.0787,0
10393,27260.0,0.01467,0.03343,81,3.8,0.401,0.0528,0
10394,10820.0,0.00723,0.00704,0,0.8,0.52,0.0374,0
10395,15940.0,0.02846,0.0395,0,0.5,0.505,0.0329,0
10396,11450.0,0.02107,0.02389,0,4.1,0.461,0.0651,0
10397,6680.0,0.03136,0.04001,0,4.0,0.27,0.0305,0
10398,14650.0,0.03113,0.02159,55,3.1,0.356,0.0435,0
10399,1650.0,0.02926,0.01417,0,6.4,0.48,0.0469,0
10400,21010.0,0.02178,0.03813,0,1.2,0.369,0.0709,0
10401,9490.0,0.03113,0.02291,0,3.7,0.453,0.0675,0
10402,15570.0,0.01091,0.0082,0,4.0,0.26,0.0596,0
10403,11810.0,0.01567,0.02335,0,5.6,0.35,0.0691,0
10404,17700.0,0.026,0.05148,0,3.4,0.547,0.0477,0
10405,8770.0,0.01532,0.00745,0,4.2,0.447,0.0468,0
10406,17380.0,0.00818,0.00806,0,4.9,0.346,0.0597,0
10407,38860.0,0.05633,0.03954,0,1.2,0.326,0.0726,0
10408,21220.0,0.01784,0.00891,0,2.0,0.561,0.053,0
10409,18840.0,0.02495,0.01492,0,4.3,0.252,0.068,0
10410,9200.0,0.01604,0.01403,0,1.1,0.218,0.0404,0
10411,157370.0,0.00668,0.00652,0,2.0,0.462,0.0532,0
10412,8420.0,0.05929,0.09261,0,1.4,0.523,0.0446,0
10413,3830.0,0.0319,0.01348,0,4.6,0.312,0.0671,0
10414,3640.0,0.03585,0.02725,0,2.7,0.329,0.0559,0
10415,13950.0,0.05192,0.06754,105,6.5,0.555,0.07,1
10416,35450.0,0.06045,0.04807,0,4.1,0.521,0.0752,0
10417,30360.0,0.02711,0.02257,0,5.5,0.319,0.0797,0
10418,8250.0,0.00939,0.01193,0,5.1,0.528,0.044,0
10419,7840.0,0.01862,0.02782,0,5.4,0.435,0.0323,0
10420,57940.0,0.02934,0.03681,0,3.2,0.559,0.0697,0
10421,4870.0,0.01001,0.00538,370,6.4,0.571,0.0413,0
10422,13880.0,0.02064,0.02824,0,6.3,0.436,0.039,1
10423,5390.0,0.01664,0.00729,0,3.8,0.203,0.0623,0
10424,9800.0,0.012,0.01135,0,3.0,0.334,0.0648,0
10425,8820.0,0.06481,0.11386,0,2.1,0.456,0.0478,0
10426,5770.0,0.01661,0.03018,0,1.6,0.52,0.0697,0
10427,11310.0,0.00672,0.00422,0,3.4,0.572,0.0735,0
10428,37620.0,0.00469,0.00413,0,2.5,0.382,0.0505,1
10429,11030.0,0.02716,0.02467,0,1.5,0.346,0.0628,0
10430,5950.0,0.017,0.01876,0,4.7,0.362,0.0491,0
10431,22490.0,0.00668,0.01388,26,1.1,0.39,0.0513,0
10432,19630.0,0.00504,0.02049,0,2.9,0.466,0.0489,0
10433,9270.0,0.05921,0.20879,0,2.4,0.211,0.0698,0
10434,6010.0,0.01308,0.0094,0,2.2,0.477,0.0347,0
10435,24250.0,0.03167,0.0586,0,5.6,0.327,0.0512,0
10436,14970.0,0.0324,0.03666,0,3.5,0.383,0.0335,0
10437,5400.0,0.01386,0.01548,0,1.5,0.512,0.0451,0
10438,36260.0,0.02093,0.02181,0,1.6,0.497,0.0652,0
10439,20370.0,0.0212,0.05038,0,1.5,0.484,0.0582,0
10440,3540.0,0.01362,0.00877,0,6.2,0.512,0.0375,0
10441,14920.0,0.01551,0.04116,0,4.1,0.505,0.0415,0
10442,7480.0,0.07907,0.05643,227,2.6,0.575,0.0502,0
10443,11380.0,0.03789,0.03565,0,0.8,0.321,0.0668,0
10444,20840.0,0.04714,0.03072,0,2.3,0.591,0.0525,0
10445,9940.0,0.07559,0.06113,0,5.5,0.381,0.078,0
10446,15440.0,0.02017,0.02253,89,4.7,0.309,0.0778,0
10447,6720.0,0.01064,0.0132,0,1.0,0.408,0.0327,0
10448,9340.0,0.0111,0.00434,0,6.7,0.54,0.0343,0
10449,8920.0,0.01466,0.00923,0,3.4,0.211,0.0797,0
10450,13240.0,0.02599,0.02937,0,2.6,0.477,0.0552,0
10451,43390.0,0.02136,0.02569,0,4.8,0.435,0.0467,0
10452,2500.0,0.01062,0.04373,0,3.7,0.449,0.0403,0
10453,3420.0,0.02331,0.13505,0,1.8,0.379,0.0686,0
10454,4310.0,0.01686,0.02941,0,2.6,0.366,0.0341,0
10455,24700.0,0.03651,0.06341,0,6.9,0.353,0.0623,0
10456,14730.0,0.01165,0.00365,0,6.8,0.598,0.0761,0
10457,2200.0,0.02944,0.07766,0,4.3,0.347,0.0362,0
10458,9490.0,0.06965,0.11949,0,2.8,0.586,0.0364,0
10459,11260.0,0.01616,0.01276,0,5.2,0.309,0.0385,0
10460,5770.0,0.01365,0.02598,14,0.9,0.333,0.0574,0
10461,23560.0,0.01291,0.03058,0,4.0,0.398,0.08,0
10462,7650.0,0.0302,0.03034,0,2.5,0.524,0.0664,0
10463,21050.0,0.00981,0.01728,0,3.8,0.5,0.0797,0
10464,3990.0,0.08575,0.16217,0,2.1,0.505,0.0415,0
10465,11240.0,0.01099,0.01819,82,4.6,0.531,0.0622,0
10466,5850.0,0.03397,0.04222,0,2.3,0.232,0.0467,0
10467,22730.0,0.04903,0.02915,6,3.6,0.355,0.0772,0
10468,3560.0,0.01518,0.00861,0,1.4,0.432,0.0702,0
10469,14180.0,0.02225,0.01575,0,1.8,0.591,0.0474,0
10470,2970.0,0.02141,0.04795,0,5.4,0.35,0.0798,0
10471,3770.0,0.01715,0.02887,0,0.5,0.45,0.0752,0
10472,16430.0,0.02491,0.0417,42,1.3,0.382,0.0727,1
10473,9000.0,0.01304,0.01638,0,2.1,0.276,0.0488,0
10474,11650.0,0.02873,0.04528,15,2.2,0.301,0.0335,0
10475,3290.0,0.00649,0.00452,0,6.8,0.445,0.0552,0
10476,5790.0,0.06052,0.03829,0,1.0,0.544,0.0745,0
10477,6820.0,0.03025,0.03449,0,2.1,0.304,0.0501,0
10478,7200.0,0.00936,0.00669,0,2.7,0.498,0.0592,0
10479,5190.0,0.04753,0.05928,0,2.5,0.504,0.0795,0
10480,13810.0,0.02753,0.03682,177,4.9,0.392,0.0783,0
10481,16370.0,0.02092,0.02588,0,3.1,0.46,0.0479,0
10482,12100.0,0.01394,0.00886,0,4.9,0.254,0.0337,0
10483,27190.0,0.00448,0.00644,0,1.8,0.323,0.0742,1
10484,16160.0,0.01036,0.00923,0,4.1,0.419,0.0613,0
10485,9050.0,0.03248,0.0356,0,1.7,0.325,0.0323,0
10486,3820.0,0.06184,0.02958,0,2.4,0.309,0.0612,0
10487,5930.0,0.02357,0.00975,0,5.9,0.233,0.0645,0
10488,17390.0,0.02157,0.02624,0,5.1,0.204,0.0469,0
10489,10830.0,0.01662,0.01834,269,0.6,0.36,0.0727,0
10490,48830.0,0.01002,0.00995,12,0.9,0.256,0.0703,0
10491,7770.0,0.01923,0.0718,0,5.3,0.555,0.0455,0
10492,10500.0,0.02988,0.08361,0,6.9,0.56,0.0723,0
10493,2370.0,0.01491,0.03056,1,2.5,0.258,0.0706,0
10494,11800.0,0.0351,0.07024,0,6.2,0.572,0.0345,0
10495,22220.0,0.06385,0.05754,70,3.6,0.487,0.0745,0
10496,31020.0,0.02247,0.0496,0,1.0,0.377,0.0687,0
10497,22780.0,0.0251,0.05334,0,5.6,0.344,0.0358,0
10498,29930.0,0.0264,0.06379,19,1.2,0.471,0.0384,0
10499,7900.0,0.00798,0.0301,0,6.2,0.267,0.0443,0
10500,12810.0,0.01942,0.01501,0,5.1,0.497,0.0746,0
10501,27640.0,0.03494,0.12484,0,6.9,0.281,0.0689,0
10502,9460.0,0.02701,0.07262,0,5.9,0.433,0.0635,0
10503,27930.0,0.02803,0.01347,58,0.6,0.35,0.0707,0
10504,2400.0,0.02568,0.08885,0,5.6,0.434,0.064,0
10505,5840.0,0.065,0.07683,0,2.3,0.266,0.0677,0
10506,16840.0,0.03616,0.06212,0,2.4,0.568,0.0677,0
10507,57720.0,0.04186,0.03379,0,3.3,0.382,0.0562,0
10508,38540.0,0.00388,0.00289,0,5.5,0.546,0.0729,0
10509,12920.0,0.0249,0.02279,0,6.0,0.265,0.0515,0
10510,4380.0,0.02601,0.02515,0,0.9,0.401,0.0376,0
10511,8380.0,0.02439,0.09558,0,3.5,0.307,0.0444,0
10512,6000.0,0.01297,0.01633,0,1.0,0.581,0.0681,0
10513,6090.0,0.00987,0.00676,0,0.6,0.554,0.0736,0
10514,18960.0,0.06916,0.01713,0,2.2,0.528,0.0734,0
10515,3580.0,0.0233,0.00648,0,2.9,0.507,0.0449,1
10516,15530.0,0.01891,0.03847,0,6.5,0.235,0.0472,0
10517,7020.0,0.03544,0.05551,0,4.0,0.45,0.0586,0
10518,13600.0,0.01427,0.04044,0,6.5,0.589,0.0799,0
10519,9250.0,0.0289,0.02823,0,1.2,0.358,0.0423,0
10520,14100.0,0.01034,0.00468,0,4.6,0.437,0.0434,0
10521,9510.0,0.01329,0.0116,0,6.3,0.327,0.0328,0
10522,1620.0,0.01952,0.06351,0,5.4,0.47,0.067,0
10523,4370.0,0.0675,0.02119,0,2.1,0.531,0.0686,0
10524,12780.0,0.01048,0.02135,0,2.0,0.512,0.061,0
10525,17760.0,0.01478,0.01318,0,6.2,0.317,0.0529,0
10526,85090.0,0.01457,0.01387,55,5.0,0.379,0.0557,0
10527,2920.0,0.02072,0.0325,0,2.7,0.592,0.066,0
10528,18670.0,0.03555,0.05141,0,2.7,0.307,0.0677,0
10529,8850.0,0.00821,0.02861,0,0.6,0.38,0.077,0
10530,11180.0,0.01846,0.00749,0,5.0,0.36,0.0772,0
10531,4060.0,0.00946,0.0154,0,3.7,0.28,0.0327,0
10532,14360.0,0.01253,0.00529,0,1.3,0.377,0.0312,0
10533,15930.0,0.01611,0.03637,391,3.8,0.269,0.0474,0
10534,4800.0,0.0196,0.01048,250,6.6,0.304,0.0326,0
10535,15720.0,0.03913,0.05083,0,1.2,0.388,0.0608,0
10536,12590.0,0.05345,0.14646,0,6.4,0.337,0.0449,0
10537,6000.0,0.00652,0.00997,21,3.4,0.262,0.0493,0
10538,16410.0,0.01626,0.01757,0,1.6,0.294,0.0408,0
10539,1770.0,0.01362,0.01582,89,6.7,0.586,0.0384,0
10540,7380.0,0.01468,0.00679,0,2.9,0.324,0.0733,0
10541,3620.0,0.00527,0.00624,57,2.7,0.304,0.0459,0
10542,12170.0,0.01775,0.03645,0,6.5,0.425,0.0621,0
10543,3970.0,0.00891,0.00577,0,5.4,0.359,0.0787,0
10544,30050.0,0.04873,0.05065,0,2.4,0.439,0.0356,0
10545,4360.0,0.07903,0.32495,0,2.8,0.354,0.0328,0
10546,2610.0,0.00891,0.00504,0,3.4,0.367,0.0565,0
10547,39290.0,0.02883,0.01198,0,5.6,0.544,0.065,0
10548,9730.0,0.00823,0.00479,0,1.0,0.405,0.0694,0
10549,23230.0,0.02882,0.02424,0,3.9,0.238,0.0768,0
10550,4070.0,0.02074,0.02445,0,0.8,0.284,0.037,0
10551,7040.0,0.01496,0.05626,0,2.9,0.432,0.0389,0
10552,22700.0,0.03371,0.01791,0,2.1,0.323,0.0659,0
10553,24000.0,0.00767,0.00344,62,2.9,0.297,0.0719,0
10554,3420.0,0.02702,0.04836,0,5.1,0.418,0.0302,0
10555,63200.0,0.0668,0.02538,0,4.7,0.486,0.0786,0
10556,6620.0,0.01315,0.0379,0,3.9,0.203,0.0411,0
10557,2710.0,0.01905,0.01646,84,3.9,0.476,0.0356,0
10558,5460.0,0.002,0.00209,0,1.5,0.344,0.0387,0
10559,8830.0,0.01551,0.00928,0,2.9,0.457,0.0433,0
10560,6360.0,0.01967,0.0145,0,4.5,0.49,0.0552,0
10561,22930.0,0.01688,0.03015,0,1.5,0.44,0.0622,0
10562,9460.0,0.00961,0.05057,0,1.9,0.271,0.0587,0
10563,3100.0,0.01863,0.01689,0,2.3,0.319,0.0405,0
10564,7250.0,0.01064,0.01047,0,6.7,0.486,0.0425,0
10565,23390.0,0.03252,0.03899,0,2.1,0.444,0.0507,0
10566,12580.0,0.03327,0.04499,0,2.1,0.357,0.057,0
10567,18040.0,0.02054,0.04307,0,1.5,0.531,0.0786,0
10568,3160.0,0.02643,0.04051,0,6.9,0.596,0.0606,0
10569,12300.0,0.01331,0.0397,0,5.6,0.308,0.0622,0
10570,12270.0,0.01786,0.02054,0,6.2,0.257,0.0791,0
10571,10750.0,0.00461,0.00366,0,5.8,0.343,0.0771,0
10572,18490.0,0.02061,0.02427,0,3.7,0.276,0.0736,0
10573,9710.0,0.05221,0.05877,0,4.4,0.541,0.0548,0
10574,18230.0,0.0171,0.01764,0,1.5,0.405,0.0708,0
10575,16950.0,0.00997,0.01899,124,4.6,0.207,0.0395,0
10576,45500.0,0.02629,0.02999,0,3.2,0.55,0.0682,0
10577,15720.0,0.02176,0.02942,0,0.6,0.596,0.0552,0
10578,4610.0,0.02323,0.02987,0,2.8,0.257,0.0769,0
10579,20640.0,0.01189,0.02648,0,6.9,0.229,0.0648,0
10580,6410.0,0.0317,0.02504,0,0.7,0.547,0.0513,0
10581,24120.0,0.03854,0.06111,0,3.3,0.32,0.0337,0
10582,18090.0,0.03231,0.04045,0,6.8,0.231,0.0472,0
10583,20770.0,0.01652,0.0265,0,2.0,0.208,0.0329,0
10584,6680.0,0.02103,0.02056,0,1.6,0.581,0.0426,0
10585,10240.0,0.01304,0.01947,0,4.1,0.244,0.0467,0
10586,28020.0,0.01809,0.02371,0,5.5,0.206,0.0659,0
10587,26270.0,0.0386,0.02673,0,2.2,0.342,0.0788,0
10588,7360.0,0.04541,0.11052,0,1.2,0.42,0.0606,0
10589,24720.0,0.01798,0.01987,0,5.3,0.537,0.0468,0
10590,4740.0,0.03209,0.03127,0,2.4,0.298,0.0798,0
10591,3470.0,0.01831,0.05055,0,4.3,0.535,0.0599,0
10592,4840.0,0.00296,0.01012,0,4.2,0.57,0.0658,0
10593,17560.0,0.04527,0.06547,0,5.6,0.225,0.0632,0
10594,15780.0,0.02778,0.03712,0,1.5,0.53,0.0568,0
10595,6130.0,0.04782,0.08985,0,6.8,0.559,0.0752,0
10596,147310.0,0.02516,0.01696,0,6.4,0.475,0.0673,0
10597,27260.0,0.05659,0.04563,0,4.4,0.47,0.0639,0
10598,5150.0,0.04113,0.04966,0,2.4,0.551,0.0647,0
10599,16910.0,0.10468,0.16438,0,1.6,0.378,0.0745,0
10600,6100.0,0.01584,0.0243,0,6.5,0.506,0.0302,0
10601,12720.0,0.02292,0.02357,0,1.2,0.223,0.0653,0
10602,14650.0,0.01314,0.00968,0,3.0,0.572,0.0782,0
10603,4870.0,0.00622,0.00548,0,0.7,0.511,0.0755,0
10604,14520.0,0.00363,0.0035,0,3.5,0.267,0.0351,0
10605,10850.0,0.00713,0.01028,0,6.0,0.226,0.053,0
10606,9090.0,0.01408,0.01085,0,1.7,0.467,0.0551,0
10607,8620.0,0.01091,0.01085,0,5.8,0.344,0.0454,0
10608,2130.0,0.03749,0.02657,0,6.4,0.527,0.0589,0
10609,14530.0,0.01782,0.0127,0,2.8,0.55,0.0458,0
10610,19970.0,0.02453,0.08205,0,2.3,0.324,0.0779,0
10611,21170.0,0.0136,0.00636,0,6.7,0.541,0.0655,0
10612,7500.0,0.02076,0.03017,0,6.0,0.228,0.0727,0
10613,6610.0,0.03926,0.02087,0,3.6,0.33,0.0598,0
10614,29180.0,0.03337,0.03035,0,3.6,0.258,0.0672,0
10615,47830.0,0.05972,0.12641,0,5.5,0.361,0.0353,0
10616,8800.0,0.01341,0.02245,0,4.8,0.417,0.0598,0
10617,10490.0,0.00403,0.01128,0,5.6,0.377,0.0414,0
10618,4960.0,0.01601,0.0126,0,5.7,0.55,0.0769,0
10619,75610.0,0.013,0.01695,0,3.0,0.387,0.0464,0
10620,21860.0,0.01087,0.01102,0,2.7,0.449,0.0667,0
10621,35710.0,0.01225,0.01728,0,4.2,0.439,0.0684,0
10622,16380.0,0.01754,0.01321,0,1.6,0.402,0.0677,0
10623,10460.0,0.01364,0.01192,0,2.1,0.346,0.0337,0
10624,15340.0,0.01646,0.01939,0,5.3,0.477,0.0765,0
10625,15750.0,0.04206,0.03491,0,2.4,0.313,0.0346,0
10626,51660.0,0.02924,0.06727,0,1.3,0.26,0.0535,0
10627,6930.0,0.03545,0.02385,0,2.3,0.371,0.0418,0
10628,20740.0,0.01575,0.0214,12,2.3,0.202,0.0643,0
10629,15900.0,0.01785,0.03866,0,5.8,0.344,0.0753,0
10630,17880.0,0.01211,0.02285,0,5.9,0.31,0.0433,0
10631,15420.0,0.02849,0.01891,0,5.1,0.508,0.0323,0
10632,7970.0,0.02204,0.01615,0,2.8,0.502,0.0659,0
10633,10330.0,0.04217,0.07779,0,2.2,0.544,0.0602,0
10634,6930.0,0.00519,0.00654,0,6.0,0.59,0.0758,0
10635,11390.0,0.00995,0.01851,0,4.1,0.3,0.0546,1
10636,3970.0,0.04564,0.02191,0,6.2,0.568,0.0351,0
10637,59940.0,0.00909,0.01458,0,6.1,0.589,0.0565,0
10638,4240.0,0.03424,0.05023,0,2.5,0.384,0.0725,0
10639,8860.0,0.02097,0.03343,0,3.2,0.243,0.0395,0
10640,11470.0,0.07651,0.0675,0,1.9,0.514,0.0669,0
10641,11960.0,0.01828,0.02223,0,3.0,0.222,0.0658,0
10642,6770.0,0.06111,0.05141,0,3.2,0.444,0.0722,0
10643,20770.0,0.02716,0.01267,0,6.2,0.484,0.0418,0
10644,116170.0,0.01494,0.0156,0,5.8,0.37,0.0799,0
10645,10130.0,0.02959,0.05823,0,2.8,0.33,0.068,0
10646,7140.0,0.00814,0.0303,0,3.9,0.201,0.0514,0
10647,11380.0,0.00939,0.02527,0,6.8,0.225,0.0743,0
10648,15560.0,0.00687,0.00476,0,4.3,0.308,0.0525,0
10649,17370.0,0.02038,0.04374,0,2.4,0.439,0.0434,0
10650,5300.0,0.01366,0.00764,0,1.7,0.283,0.0637,0
10651,8330.0,0.02875,0.07035,0,0.9,0.251,0.0392,0
10652,29300.0,0.04858,0.05545,0,6.0,0.324,0.0653,0
10653,9720.0,0.02361,0.01344,0,4.0,0.524,0.0395,0
10654,22550.0,0.00454,0.00229,0,0.8,0.566,0.0417,0
10655,10070.0,0.0264,0.03613,0,3.9,0.37,0.0621,0
10656,18750.0,0.0133,0.01923,0,0.5,0.451,0.065,0
10657,11460.0,0.05866,0.05906,0,3.2,0.451,0.0536,0
10658,15400.0,0.00795,0.01055,0,3.2,0.37,0.0588,0
10659,8630.0,0.02955,0.01694,0,4.9,0.567,0.0707,0
10660,7180.0,0.01589,0.01248,0,5.1,0.408,0.0515,0
10661,4600.0,0.00706,0.00347,0,5.4,0.584,0.0454,0
10662,36160.0,0.01499,0.02037,0,3.7,0.473,0.0757,0
10663,14800.0,0.00792,0.00737,0,6.1,0.384,0.0628,0
10664,20150.0,0.0456,0.01931,0,5.1,0.554,0.0723,0
10665,5680.0,0.01679,0.02987,0,4.6,0.336,0.0731,0
10666,9560.0,0.01885,0.01216,0,1.7,0.279,0.0513,0
10667,95640.0,0.01367,0.01341,0,2.0,0.237,0.0697,0
10668,11780.0,0.05893,0.07173,0,4.7,0.315,0.0307,0
10669,17690.0,0.02649,0.03153,0,3.7,0.357,0.03,0
10670,35590.0,0.05249,0.0223,0,6.6,0.587,0.0693,0
10671,10030.0,0.03417,0.10458,0,1.6,0.583,0.0793,0
10672,2780.0,0.00696,0.00376,0,5.6,0.329,0.0578,0
10673,13840.0,0.00609,0.01345,0,6.5,0.336,0.0635,0
10674,6110.0,0.01517,0.02988,0,3.1,0.245,0.0358,0
10675,6880.0,0.02059,0.02657,0,0.5,0.36,0.0683,0
10676,16540.0,0.03231,0.03206,0,3.0,0.314,0.0622,0
10677,8950.0,0.00577,0.01552,0,3.9,0.489,0.051,0
10678,11750.0,0.04008,0.02278,0,1.3,0.236,0.076,0
10679,7230.0,0.00562,0.00834,0,1.5,0.205,0.0399,0
10680,53750.0,0.01295,0.0055,0,3.8,0.402,0.0771,0
10681,9050.0,0.01072,0.0347,0,1.0,0.425,0.0462,0
10682,9820.0,0.03901,0.04275,0,3.9,0.538,0.0585,0
10683,9200.0,0.01637,0.0133,0,1.6,0.34,0.0544,0
10684,13180.0,0.02332,0.03642,0,3.2,0.352,0.0453,0
10685,3160.0,0.01806,0.02374,0,3.2,0.227,0.0457,0
10686,7040.0,0.0366,0.05214,0,6.4,0.382,0.037,0
10687,10530.0,0.01097,0.01037,0,6.2,0.404,0.0614,0
10688,4450.0,0.01002,0.02775,0,1.9,0.352,0.0546,0
10689,17160.0,0.00605,0.00324,0,3.1,0.346,0.0712,0
10690,14330.0,0.01715,0.02416,0,5.5,0.389,0.0478,0
10691,10290.0,0.01192,0.00829,86,3.2,0.275,0.0465,0
10692,2270.0,0.0445,0.0288,0,2.9,0.492,0.0661,0
10693,6580.0,0.0211,0.01269,0,2.1,0.297,0.0404,0
10694,19290.0,0.01465,0.01648,0,2.1,0.372,0.0486,0
10695,17840.0,0.01098,0.0055,0,5.4,0.471,0.0465,0
10696,39280.0,0.01829,0.01335,0,4.5,0.415,0.0686,0
10697,9990.0,0.04682,0.05257,0,5.6,0.281,0.0633,0
10698,9320.0,0.02078,0.01004,0,4.2,0.389,0.0334,0
10699,29200.0,0.01627,0.01148,0,1.2,0.209,0.031,0
10700,24280.0,0.03947,0.01981,0,4.7,0.495,0.079,0
10701,10880.0,0.01743,0.00366,0,3.5,0.224,0.0388,0
10702,4610.0,0.04272,0.02189,99,6.4,0.251,0.0774,0
10703,12250.0,0.00989,0.01841,0,0.7,0.489,0.0651,0
10704,2870.0,0.0327,0.05941,0,5.6,0.227,0.036,0
10705,7190.0,0.01472,0.01957,0,5.7,0.464,0.0333,0
10706,1260.0,0.04517,0.06257,0,2.2,0.368,0.0341,1
10707,10350.0,0.01098,0.00825,0,6.0,0.432,0.0769,0
10708,7930.0,0.0183,0.01068,0,2.3,0.315,0.0317,0
10709,21340.0,0.03938,0.02805,0,5.4,0.288,0.0614,0
10710,1900.0,0.01212,0.02022,0,3.0,0.584,0.0336,0
10711,23040.0,0.0165,0.01813,46,2.4,0.405,0.0501,0
10712,11930.0,0.00785,0.00964,35,1.5,0.277,0.072,0
10713,54420.0,0.03991,0.00858,0,6.9,0.489,0.0591,0
10714,57910.0,0.00836,0.00675,0,3.5,0.212,0.034,0
10715,12230.0,0.04995,0.06046,0,3.5,0.351,0.0755,0
10716,8760.0,0.04205,0.18583,0,2.8,0.549,0.055,0
10717,5960.0,0.02862,0.03924,0,6.2,0.202,0.0623,0
10718,10160.0,0.02812,0.04838,0,2.8,0.291,0.0573,0
10719,2290.0,0.01335,0.02746,0,5.6,0.292,0.0428,0
10720,41490.0,0.00749,0.007,0,5.9,0.577,0.0692,0
10721,12160.0,0.01926,0.01614,0,4.6,0.441,0.0321,0
10722,13080.0,0.02284,0.0393,0,5.4,0.318,0.0346,0
10723,7200.0,0.0586,0.05396,0,4.9,0.444,0.0654,0
10724,7000.0,0.04012,0.07123,0,4.3,0.423,0.034,0
10725,10060.0,0.03479,0.05237,0,4.5,0.281,0.048,0
10726,13320.0,0.02013,0.03084,0,2.2,0.233,0.0319,0
10727,41710.0,0.02764,0.07644,0,4.7,0.552,0.0451,0
10728,21790.0,0.05102,0.02608,0,6.5,0.294,0.0337,0
10729,24760.0,0.03873,0.05313,0,6.5,0.448,0.0716,0
10730,7420.0,0.00265,0.00429,0,5.2,0.421,0.06,0
10731,6160.0,0.01311,0.01908,0,1.9,0.412,0.0408,0
10732,6800.0,0.02011,0.02684,0,0.5,0.283,0.0356,0
10733,28550.0,0.00927,0.00705,0,1.7,0.231,0.0375,0
10734,4210.0,0.02321,0.02321,0,2.8,0.51,0.0497,0
10735,11780.0,0.02583,0.0737,0,5.6,0.259,0.0689,0
10736,12250.0,0.03638,0.05075,0,6.9,0.236,0.0606,0
10737,18690.0,0.01447,0.01161,3,5.9,0.345,0.033,0
10738,7170.0,0.03646,0.05824,0,1.0,0.306,0.0715,0
10739,24730.0,0.03011,0.01836,0,4.7,0.45,0.0634,0
10740,3600.0,0.01919,0.04073,0,2.1,0.497,0.0502,0
10741,12640.0,0.04284,0.10449,12,1.0,0.446,0.052,0
10742,55940.0,0.00791,0.00473,0,3.0,0.283,0.0468,0
10743,68680.0,0.02065,0.00734,0,0.5,0.31,0.0344,0
10744,9320.0,0.04032,0.03954,337,3.0,0.414,0.072,0
10745,38970.0,0.08456,0.07006,0,1.9,0.453,0.0675,0
10746,25650.0,0.01159,0.00608,28,3.1,0.422,0.0361,0
10747,8700.0,0.08306,0.13406,0,1.0,0.496,0.0302,0
10748,23130.0,0.02509,0.08433,0,5.9,0.484,0.0778,0
10749,2960.0,0.0276,0.06152,0,5.2,0.584,0.0727,0
10750,17870.0,0.00982,0.0099,0,2.5,0.424,0.0794,0
10751,15520.0,0.01968,0.01716,0,5.8,0.583,0.0721,0
10752,15510.0,0.01902,0.0164,0,1.7,0.249,0.0734,0
10753,2510.0,0.00637,0.00574,0,2.1,0.357,0.0312,0
10754,33480.0,0.01834,0.1124,0,6.2,0.332,0.078,0
10755,22920.0,0.01607,0.00758,17,3.2,0.21,0.0741,0
10756,18510.0,0.03298,0.07606,0,2.0,0.343,0.0533,0
10757,10400.0,0.0074,0.01425,0,4.3,0.256,0.05,0
10758,13290.0,0.01573,0.0264,0,0.7,0.387,0.0411,0
10759,3040.0,0.01235,0.03021,0,1.0,0.265,0.0384,0
10760,8780.0,0.03168,0.0529,0,6.6,0.258,0.0341,0
10761,31330.0,0.01751,0.0382,0,5.1,0.437,0.0455,0
10762,12900.0,0.03746,0.04012,0,3.2,0.419,0.0407,0
10763,5920.0,0.00824,0.01134,0,3.6,0.517,0.0513,0
10764,16310.0,0.01244,0.00898,8,1.4,0.563,0.0371,0
10765,2130.0,0.02085,0.03584,0,2.8,0.275,0.0681,1
10766,16440.0,0.01035,0.00821,0,6.0,0.237,0.0695,0
10767,32270.0,0.04063,0.02091,0,1.7,0.375,0.0481,0
10768,5720.0,0.01058,0.01293,0,1.2,0.215,0.0691,0
10769,30550.0,0.0719,0.11945,0,6.3,0.25,0.055,0
10770,4620.0,0.00358,0.00385,0,6.0,0.509,0.079,0
10771,12730.0,0.0217,0.06919,0,2.5,0.421,0.0373,0
10772,4750.0,0.02779,0.03477,0,1.0,0.211,0.0634,0
10773,2680.0,0.02672,0.03894,0,2.2,0.573,0.0341,0
10774,6540.0,0.00892,0.00661,0,2.6,0.501,0.0455,0
10775,53970.0,0.00919,0.01485,0,1.2,0.463,0.0449,0
10776,13100.0,0.03606,0.05307,0,2.4,0.529,0.0584,0
10777,7310.0,0.02759,0.04988,0,5.9,0.361,0.0577,0
10778,2590.0,0.03586,0.06454,56,5.0,0.304,0.0453,0
10779,16960.0,0.01694,0.03538,0,2.6,0.484,0.0422,0
10780,32270.0,0.07703,0.16318,0,6.2,0.251,0.0518,0
10781,7450.0,0.0106,0.00955,0,0.6,0.538,0.0305,0
10782,38140.0,0.0214,0.03128,0,4.2,0.236,0.0795,0
10783,17050.0,0.0211,0.03181,0,2.9,0.564,0.0554,0
10784,9570.0,0.00612,0.00285,0,1.5,0.277,0.0716,0
10785,3400.0,0.01452,0.0161,80,2.8,0.399,0.0494,0
10786,55440.0,0.0126,0.02037,73,7.0,0.597,0.0331,0
10787,7190.0,0.04075,0.06519,0,5.3,0.225,0.0307,0
10788,9600.0,0.06511,0.03994,0,1.6,0.553,0.0335,0
10789,10230.0,0.01078,0.04701,0,1.0,0.347,0.0601,0
10790,1750.0,0.00628,0.00935,0,5.9,0.551,0.0613,0
10791,2900.0,0.01139,0.0216,0,0.6,0.452,0.0351,0
10792,1750.0,0.08938,0.09342,0,3.9,0.404,0.0674,0
10793,7610.0,0.01824,0.03285,0,6.6,0.277,0.0776,0
10794,19930.0,0.01579,0.02327,0,4.7,0.217,0.0482,0
10795,9010.0,0.01556,0.03217,4,4.8,0.366,0.0723,1
10796,3710.0,0.03865,0.04622,0,4.1,0.573,0.0636,0
10797,8750.0,0.02281,0.02815,0,4.5,0.397,0.0535,0
10798,20750.0,0.04864,0.11233,0,5.3,0.398,0.0732,0
10799,9830.0,0.01285,0.01445,0,1.9,0.237,0.0689,0
10800,125540.0,0.02278,0.03236,145,6.1,0.57,0.0792,0
10801,6560.0,0.02612,0.01682,0,5.9,0.567,0.0503,0
10802,19500.0,0.01349,0.02492,0,4.0,0.571,0.0421,0
10803,26660.0,0.01613,0.04238,0,6.5,0.46,0.068,0
10804,8140.0,0.02134,0.01741,0,6.0,0.376,0.0558,0
10805,18340.0,0.00993,0.0158,0,0.6,0.422,0.0303,0
10806,4030.0,0.03535,0.04767,0,2.4,0.487,0.0441,0
10807,39350.0,0.00906,0.03394,0,5.2,0.489,0.0655,0
10808,6910.0,0.01645,0.00335,38,6.0,0.342,0.0743,0
10809,22000.0,0.00743,0.00748,0,3.2,0.275,0.0565,0
10810,6210.0,0.02799,0.05901,69,1.1,0.499,0.0757,0
10811,34860.0,0.00842,0.01208,0,5.8,0.209,0.0752,0
10812,5760.0,0.02074,0.06787,0,7.0,0.402,0.0657,0
10813,45110.0,0.0282,0.01527,0,6.6,0.366,0.0572,0
10814,4870.0,0.03566,0.02692,0,2.6,0.251,0.0377,0
10815,5870.0,0.01978,0.00738,7,2.9,0.273,0.0344,0
10816,17410.0,0.01428,0.0178,0,2.6,0.508,0.0365,0
10817,24990.0,0.04895,0.14674,0,1.4,0.391,0.0574,1
10818,7950.0,0.02094,0.03627,0,4.9,0.525,0.0338,0
10819,4200.0,0.01894,0.02733,0,4.5,0.554,0.0716,0
10820,10570.0,0.01435,0.01955,0,5.7,0.498,0.0538,0
10821,9490.0,0.01427,0.02013,0,2.1,0.58,0.062,0
10822,56430.0,0.00586,0.00865,0,0.7,0.295,0.0727,0
10823,5320.0,0.01086,0.02095,0,5.2,0.449,0.0361,0
10824,6780.0,0.04116,0.03115,0,5.7,0.369,0.055,0
10825,8930.0,0.14918,0.07575,0,3.9,0.571,0.0446,0
10826,20020.0,0.04078,0.04245,0,2.1,0.221,0.0763,0
10827,14830.0,0.06177,0.01688,0,5.8,0.231,0.0425,0
10828,20170.0,0.02555,0.03594,0,6.7,0.341,0.0424,0
10829,3510.0,0.0206,0.02559,0,5.6,0.284,0.0583,0
10830,13270.0,0.01213,0.00873,0,3.7,0.538,0.0533,0
10831,11210.0,0.01557,0.01518,0,6.5,0.566,0.0579,0
10832,39220.0,0.02771,0.02712,0,5.9,0.524,0.0398,0
10833,13880.0,0.02224,0.02223,0,5.4,0.252,0.0649,0
10834,4260.0,0.04532,0.02789,0,2.4,0.474,0.0484,0
10835,16340.0,0.01237,0.00709,0,5.6,0.403,0.0585,0
10836,19980.0,0.03941,0.04965,0,6.1,0.271,0.079,0
10837,57610.0,0.02372,0.03961,0,6.6,0.361,0.0662,0
10838,15380.0,0.02101,0.0132,0,3.2,0.559,0.0558,0
10839,15260.0,0.03408,0.03036,0,5.9,0.521,0.0478,0
10840,8030.0,0.04584,0.0181,0,0.8,0.562,0.0604,0
10841,12230.0,0.02061,0.01813,0,1.2,0.205,0.0372,0
10842,19760.0,0.02399,0.04423,0,4.3,0.409,0.0649,0
10843,5670.0,0.01166,0.01562,0,0.9,0.32,0.0431,0
10844,8970.0,0.01384,0.01042,182,5.9,0.594,0.051,0
10845,9360.0,0.05275,0.12972,0,0.8,0.405,0.0379,0
10846,16090.0,0.04458,0.03803,0,5.5,0.351,0.0668,0
10847,2070.0,0.00715,0.00393,0,5.8,0.459,0.0455,0
10848,13420.0,0.02831,0.01117,0,1.6,0.232,0.0538,0
10849,2530.0,0.02777,0.05067,47,5.9,0.445,0.0543,0
10850,14250.0,0.07012,0.0329,0,4.4,0.509,0.0721,0
10851,4900.0,0.07728,0.04384,0,3.2,0.506,0.0463,0
10852,24030.0,0.02193,0.01595,0,5.7,0.204,0.0771,0
10853,30500.0,0.02151,0.02072,64,0.7,0.393,0.0542,1
10854,21130.0,0.01507,0.01111,0,5.3,0.423,0.0311,0
10855,2440.0,0.02209,0.01264,0,4.5,0.44,0.0307,0
10856,23890.0,0.01635,0.01037,45,4.7,0.358,0.043,0
10857,17330.0,0.04295,0.04477,0,3.0,0.201,0.0756,0
10858,3690.0,0.0368,0.09787,0,1.8,0.267,0.0396,0
10859,11390.0,0.01351,0.02236,0,3.9,0.484,0.0377,0
10860,7420.0,0.01361,0.01664,0,1.9,0.487,0.0353,0
10861,8860.0,0.04548,0.07826,204,3.0,0.345,0.0613,0
10862,11430.0,0.01946,0.02877,0,5.8,0.213,0.0579,0
10863,35860.0,0.0115,0.0153,0,4.4,0.59,0.0561,0
10864,5040.0,0.02608,0.02644,0,2.3,0.461,0.038,0
10865,3280.0,0.01246,0.02582,0,1.0,0.314,0.0689,0
10866,17060.0,0.03912,0.01686,0,5.8,0.382,0.0583,0
10867,3820.0,0.06652,0.05626,0,4.4,0.281,0.0669,0
10868,17530.0,0.01899,0.02344,0,5.4,0.253,0.0682,0
10869,6880.0,0.01363,0.00778,288,6.0,0.315,0.056,0
10870,15550.0,0.01546,0.01327,58,2.8,0.354,0.0614,0
10871,23720.0,0.03351,0.04264,0,1.8,0.501,0.0305,0
10872,12240.0,0.01017,0.01545,28,4.7,0.413,0.0475,0
10873,10980.0,0.05016,0.07422,0,4.5,0.578,0.0793,0
10874,10090.0,0.03036,0.02941,0,3.3,0.58,0.0736,0
10875,18040.0,0.01684,0.01169,0,1.5,0.286,0.0643,0
10876,3690.0,0.0527,0.11952,0,6.4,0.51,0.0744,0
10877,10720.0,0.00795,0.02355,0,3.3,0.465,0.0626,0
10878,40730.0,0.01031,0.01078,0,4.3,0.246,0.0335,0
10879,15610.0,0.0061,0.00613,0,1.8,0.557,0.0477,0
10880,10170.0,0.03394,0.02953,0,6.1,0.248,0.0519,0
10881,39550.0,0.02991,0.0427,0,1.2,0.597,0.0428,0
10882,21490.0,0.05023,0.09874,0,3.0,0.212,0.0416,0
10883,9040.0,0.02449,0.04347,0,2.9,0.211,0.0521,0
10884,79120.0,0.01034,0.00941,0,5.7,0.498,0.0648,0
10885,7770.0,0.15979,0.14442,0,3.1,0.283,0.0723,0
10886,4210.0,0.02601,0.09706,0,3.2,0.553,0.0564,0
10887,2110.0,0.00877,0.01476,0,3.9,0.585,0.0399,0
10888,11860.0,0.00862,0.00984,0,0.7,0.524,0.0553,0
10889,5880.0,0.03465,0.03458,0,2.4,0.28,0.0649,0
10890,10410.0,0.02604,0.07107,0,5.1,0.309,0.0684,0
10891,15390.0,0.09694,0.08714,0,6.5,0.521,0.0604,0
10892,7320.0,0.00955,0.01241,0,4.8,0.514,0.0337,0
10893,12600.0,0.14672,0.07439,0,6.6,0.437,0.0497,0
10894,14660.0,0.01829,0.02743,0,5.7,0.354,0.0368,0
10895,10030.0,0.02995,0.08099,0,1.2,0.393,0.0558,0
10896,4210.0,0.02642,0.0452,0,1.0,0.435,0.0707,0
10897,5500.0,0.02263,0.02343,0,6.7,0.228,0.0711,0
10898,7380.0,0.00776,0.01098,0,5.6,0.426,0.0599,0
10899,24240.0,0.02179,0.02985,0,5.8,0.426,0.0394,0
10900,13450.0,0.02011,0.01543,0,5.2,0.335,0.0549,0
10901,10120.0,0.02024,0.02435,0,2.2,0.256,0.0507,0
10902,3680.0,0.09127,0.08689,0,5.6,0.21,0.0549,0
10903,2610.0,0.02303,0.02838,0,4.7,0.229,0.0446,0
10904,6110.0,0.03452,0.01211,0,6.2,0.499,0.0483,0
10905,31170.0,0.00752,0.03303,79,2.7,0.561,0.0723,0
10906,15570.0,0.00881,0.00979,0,2.1,0.314,0.0432,0
10907,21260.0,0.01158,0.01805,0,3.9,0.449,0.0699,0
10908,12670.0,0.00722,0.00246,0,5.4,0.228,0.0639,0
10909,14300.0,0.01133,0.01604,0,2.3,0.49,0.0387,0
10910,18410.0,0.01678,0.03771,0,2.9,0.288,0.0704,0
10911,49570.0,0.0157,0.01087,0,0.8,0.296,0.0475,0
10912,35280.0,0.02262,0.04691,0,3.1,0.459,0.0501,0
10913,4070.0,0.01461,0.02433,0,1.5,0.399,0.0367,0
10914,33960.0,0.09641,0.14412,0,2.5,0.52,0.0437,0
10915,15690.0,0.0186,0.01944,0,1.0,0.548,0.0729,0
10916,174520.0,0.06011,0.0891,0,1.7,0.577,0.0703,0
10917,16010.0,0.01017,0.00817,0,1.0,0.262,0.0455,0
10918,5250.0,0.01686,0.01726,0,3.2,0.512,0.0599,0
10919,12250.0,0.00681,0.00524,138,1.1,0.424,0.0622,0
10920,9860.0,0.0115,0.02196,0,2.7,0.468,0.0762,0
10921,50470.0,0.03058,0.0179,0,2.7,0.384,0.0411,0
10922,3570.0,0.0132,0.03181,0,4.5,0.358,0.0776,0
10923,12680.0,0.02355,0.01647,0,5.7,0.274,0.0526,0
10924,38840.0,0.04934,0.0897,0,1.1,0.561,0.0393,0
10925,9830.0,0.01254,0.02017,0,3.7,0.543,0.0739,0
10926,8130.0,0.01555,0.02525,0,1.1,0.287,0.0495,0
10927,2040.0,0.00696,0.00777,0,5.9,0.344,0.0627,0
10928,13770.0,0.03486,0.01832,0,5.5,0.52,0.0463,0
10929,72740.0,0.04315,0.03419,0,3.7,0.327,0.0531,0
10930,10090.0,0.01027,0.01746,0,5.2,0.337,0.045,0
10931,10530.0,0.02248,0.01962,7,4.1,0.209,0.0727,0
10932,4410.0,0.0281,0.02878,0,6.0,0.312,0.0441,0
10933,4700.0,0.05326,0.02574,0,6.9,0.53,0.0599,0
10934,16350.0,0.04464,0.06754,54,4.3,0.348,0.0377,0
10935,10740.0,0.01895,0.01443,0,4.2,0.44,0.0478,0
10936,7150.0,0.03291,0.07204,69,3.8,0.363,0.0464,0
10937,18870.0,0.03665,0.03452,0,3.0,0.541,0.0608,0
10938,2030.0,0.00887,0.00975,0,2.4,0.413,0.0699,0
10939,9630.0,0.06524,0.10535,0,1.8,0.22,0.069,0
10940,14670.0,0.01036,0.01531,0,3.9,0.336,0.0746,0
10941,5190.0,0.01302,0.02784,0,3.5,0.391,0.0657,0
10942,4370.0,0.03339,0.06345,148,5.6,0.303,0.0342,0
10943,22890.0,0.02248,0.03219,0,3.6,0.296,0.0351,0
10944,8220.0,0.03446,0.04734,215,3.0,0.556,0.0343,0
10945,8710.0,0.0138,0.03088,0,2.6,0.592,0.0691,0
10946,8430.0,0.05224,0.08074,0,6.4,0.258,0.0796,0
10947,15890.0,0.00472,0.00417,0,4.2,0.55,0.0337,0
10948,7430.0,0.00691,0.01433,0,4.0,0.423,0.0366,0
10949,146700.0,0.02995,0.02254,0,1.0,0.256,0.0322,0
10950,3440.0,0.02686,0.05459,0,5.6,0.289,0.031,0
10951,28190.0,0.00961,0.01314,0,3.7,0.505,0.0714,0
10952,1270.0,0.03195,0.06335,0,5.5,0.261,0.0512,0
10953,4710.0,0.01564,0.04514,332,6.3,0.403,0.0459,0
10954,9870.0,0.02629,0.03325,0,1.6,0.352,0.0732,0
10955,5000.0,0.02968,0.02051,0,1.4,0.239,0.0413,0
10956,3280.0,0.02016,0.05063,0,3.4,0.591,0.0665,0
10957,5140.0,0.06858,0.05818,0,4.0,0.32,0.0796,0
10958,27690.0,0.02128,0.00584,0,4.7,0.264,0.0697,0
10959,8300.0,0.00726,0.00809,0,1.4,0.349,0.0551,0
10960,2670.0,0.01031,0.00787,0,3.8,0.276,0.0675,0
10961,28770.0,0.02582,0.01993,0,3.3,0.332,0.0386,0
10962,11910.0,0.00993,0.00556,0,5.5,0.331,0.0395,0
10963,10000.0,0.0045,0.00273,0,3.1,0.425,0.0507,0
10964,23000.0,0.01833,0.01653,170,7.0,0.546,0.0435,1
10965,10260.0,0.01214,0.04127,0,4.0,0.531,0.0312,0
10966,1000.0,0.01319,0.01342,0,0.8,0.289,0.0417,0
10967,18660.0,0.01588,0.01205,48,3.2,0.572,0.0327,0
10968,16760.0,0.01214,0.02828,0,4.4,0.58,0.0603,0
10969,7740.0,0.01484,0.01537,0,4.0,0.471,0.0426,0
10970,11080.0,0.01939,0.01085,0,4.9,0.487,0.0661,0
10971,11870.0,0.0133,0.00857,0,2.4,0.385,0.0478,0
10972,5970.0,0.01881,0.02202,0,1.6,0.568,0.0649,0
10973,34580.0,0.02118,0.04555,0,1.2,0.587,0.0733,0
10974,46370.0,0.01748,0.02355,0,1.4,0.438,0.0485,0
10975,12240.0,0.01411,0.02261,0,2.7,0.452,0.0327,0
10976,15000.0,0.03262,0.01041,0,3.1,0.229,0.0518,0
10977,15610.0,0.03279,0.20491,0,2.4,0.43,0.046,0
10978,16430.0,0.01478,0.01923,0,3.4,0.269,0.0713,0
10979,23350.0,0.019,0.03056,0,1.7,0.572,0.0372,0
10980,7430.0,0.01473,0.00823,0,4.5,0.321,0.0626,0
10981,6060.0,0.01756,0.01632,0,6.1,0.301,0.0485,0
10982,5260.0,0.04633,0.01823,0,3.4,0.258,0.0735,0
10983,7910.0,0.00661,0.00858,3,2.0,0.434,0.0646,0
10984,8620.0,0.03397,0.08717,0,5.8,0.543,0.05,0
10985,8120.0,0.01457,0.01813,0,3.2,0.451,0.0387,0
10986,9600.0,0.01625,0.03962,0,1.0,0.284,0.0613,0
10987,8770.0,0.02065,0.00419,0,6.5,0.476,0.0588,0
10988,7400.0,0.04536,0.04405,262,1.8,0.522,0.0612,1
10989,26420.0,0.07576,0.09362,0,0.8,0.277,0.066,0
10990,4720.0,0.00507,0.0174,0,1.5,0.372,0.0554,0
10991,19460.0,0.01587,0.03094,0,2.3,0.375,0.033,0
10992,2500.0,0.02541,0.04387,0,6.7,0.438,0.0795,0
10993,9440.0,0.00849,0.00388,0,3.6,0.275,0.0581,0
10994,47650.0,0.04048,0.10181,293,3.2,0.377,0.0484,0
10995,14550.0,0.04309,0.13026,0,1.6,0.377,0.0381,0
10996,6740.0,0.01908,0.02473,0,1.5,0.306,0.0622,0
10997,3320.0,0.03244,0.05808,0,3.2,0.268,0.0634,0
10998,6270.0,0.00815,0.01119,0,6.1,0.369,0.0636,0
10999,8040.0,0.01015,0.0065,0,1.2,0.459,0.0383,0
11000,10040.0,0.00884,0.00305,0,5.6,0.452,0.0402,1
11001,10880.0,0.02054,0.03356,0,0.8,0.203,0.0519,0
11002,12210.0,0.027,0.04004,0,2.3,0.554,0.059,0
11003,42030.0,0.00396,0.00941,0,1.1,0.204,0.0636,0
11004,5550.0,0.01194,0.0222,0,6.6,0.318,0.035,0
11005,51690.0,0.01841,0.05633,0,2.3,0.344,0.0752,0
11006,19520.0,0.03294,0.03015,0,6.5,0.351,0.0483,0
11007,26710.0,0.03111,0.02887,0,4.5,0.514,0.0304,0
11008,2860.0,0.03563,0.0318,22,3.6,0.515,0.0751,0
11009,5410.0,0.02175,0.03786,0,4.8,0.479,0.0429,0
11010,13320.0,0.03843,0.04438,0,1.7,0.49,0.0392,0
11011,21310.0,0.02479,0.0289,0,2.5,0.545,0.0787,0
11012,49740.0,0.03212,0.01633,30,5.3,0.436,0.0457,0
11013,33590.0,0.03735,0.07639,0,3.8,0.554,0.0518,0
11014,22930.0,0.02361,0.02536,0,2.7,0.326,0.0358,0
11015,9380.0,0.03899,0.20744,0,0.9,0.481,0.0551,0
11016,14970.0,0.04342,0.07251,0,5.0,0.307,0.0319,0
11017,2280.0,0.00936,0.00443,65,6.0,0.378,0.0646,1
11018,20710.0,0.02342,0.04905,0,6.9,0.272,0.0591,0
11019,27930.0,0.01139,0.00907,0,5.4,0.597,0.0331,0
11020,23710.0,0.0166,0.03876,0,1.9,0.355,0.0788,0
11021,20060.0,0.01324,0.02054,0,1.5,0.283,0.0528,0
11022,32940.0,0.07899,0.40345,0,2.8,0.343,0.0733,0
11023,71090.0,0.02251,0.00747,0,6.0,0.245,0.0394,0
11024,30350.0,0.00833,0.0209,0,1.2,0.392,0.051,0
11025,2100.0,0.00869,0.01581,0,5.4,0.397,0.035,0
11026,5400.0,0.02122,0.01565,0,3.3,0.355,0.0737,0
11027,12190.0,0.12278,0.50552,0,4.1,0.303,0.0389,0
11028,25590.0,0.00931,0.01011,0,3.3,0.34,0.0798,0
11029,8150.0,0.01382,0.01248,0,4.3,0.566,0.0572,0
11030,24520.0,0.02979,0.0878,0,2.3,0.502,0.0552,0
11031,11040.0,0.04563,0.04205,121,6.5,0.515,0.0624,0
11032,3190.0,0.01129,0.00617,0,1.2,0.3,0.0531,0
11033,12040.0,0.02875,0.07283,0,2.3,0.469,0.0773,0
11034,132430.0,0.0142,0.02064,0,6.2,0.478,0.069,0
11035,10660.0,0.01242,0.02233,0,2.1,0.287,0.0633,0
11036,22950.0,0.01953,0.02087,0,1.4,0.414,0.0553,0
11037,2810.0,0.04173,0.03711,0,4.5,0.376,0.0503,0
11038,42920.0,0.0601,0.06345,0,2.8,0.586,0.0533,0
11039,12410.0,0.01362,0.02645,0,5.3,0.438,0.0718,0
11040,14110.0,0.01107,0.01098,0,5.6,0.22,0.0595,0
11041,51150.0,0.02716,0.07182,0,5.6,0.393,0.031,0
11042,8070.0,0.01155,0.00798,0,2.5,0.461,0.0334,0
11043,12230.0,0.01119,0.01509,0,6.2,0.296,0.0584,0
11044,15440.0,0.0271,0.06175,0,1.6,0.34,0.0613,0
11045,6850.0,0.04342,0.02315,65,0.6,0.333,0.0425,0
11046,7960.0,0.07664,0.1072,0,5.8,0.384,0.0732,0
11047,13100.0,0.02538,0.01622,0,6.3,0.22,0.0364,0
11048,13010.0,0.03459,0.133,0,5.2,0.54,0.0499,0
11049,6720.0,0.0251,0.05873,28,2.1,0.23,0.0314,0
11050,23860.0,0.01123,0.04034,0,5.6,0.461,0.0641,0
11051,6080.0,0.01324,0.01323,0,4.2,0.264,0.04,0
11052,13570.0,0.02802,0.06113,0,5.7,0.247,0.0767,0
11053,37060.0,0.02666,0.01432,86,2.8,0.453,0.0723,0
11054,12440.0,0.0682,0.15866,0,2.0,0.48,0.0657,0
11055,2840.0,0.02978,0.01516,0,0.7,0.596,0.0751,0
11056,7990.0,0.02098,0.00852,0,5.3,0.437,0.0743,0
11057,5730.0,0.02061,0.07676,0,5.3,0.283,0.0742,0
11058,15140.0,0.01582,0.02032,10,3.9,0.518,0.0433,0
11059,57810.0,0.00884,0.00624,0,2.2,0.227,0.0569,0
11060,5230.0,0.01582,0.04287,0,4.8,0.558,0.0419,0
11061,6050.0,0.02793,0.03299,14,2.9,0.566,0.0419,0
11062,40100.0,0.01512,0.01948,0,1.4,0.239,0.0697,0
11063,6440.0,0.01829,0.03262,0,0.9,0.352,0.0463,0
11064,24430.0,0.05195,0.15227,0,5.7,0.474,0.0315,0
11065,1570.0,0.01835,0.01867,0,3.0,0.312,0.0592,0
11066,37910.0,0.02,0.02207,70,4.5,0.267,0.0756,0
11067,4920.0,0.02301,0.01712,0,1.3,0.583,0.0736,0
11068,26790.0,0.02791,0.03013,0,6.3,0.319,0.0612,0
11069,9480.0,0.00908,0.00353,8,2.7,0.597,0.0433,0
11070,7610.0,0.02386,0.07785,0,3.7,0.449,0.0662,0
11071,12390.0,0.00427,0.01316,0,6.0,0.538,0.0666,0
11072,17880.0,0.07472,0.09677,0,2.9,0.502,0.0371,0
11073,3260.0,0.00991,0.00259,0,0.5,0.594,0.0432,0
11074,15740.0,0.02048,0.05964,0,1.5,0.296,0.044,0
11075,21120.0,0.03779,0.03578,0,5.2,0.445,0.0519,0
11076,29230.0,0.01966,0.05253,0,6.0,0.453,0.0692,0
11077,10400.0,0.041,0.03119,0,0.7,0.593,0.0718,0
11078,30310.0,0.02382,0.08215,0,4.3,0.335,0.0351,0
11079,3440.0,0.0658,0.071,0,4.6,0.578,0.0615,0
11080,6650.0,0.06625,0.03094,0,1.9,0.29,0.0693,0
11081,6690.0,0.01262,0.02207,0,1.1,0.506,0.0504,0
11082,24610.0,0.02676,0.01272,0,4.8,0.23,0.057,0
11083,10080.0,0.01543,0.01356,29,2.1,0.274,0.045,0
11084,17070.0,0.01559,0.0102,0,2.0,0.59,0.0367,0
11085,5420.0,0.0063,0.00397,0,3.9,0.324,0.0659,0
11086,3620.0,0.00431,0.00298,0,2.5,0.304,0.0516,0
11087,11270.0,0.03998,0.01235,0,4.2,0.338,0.0409,0
11088,11150.0,0.01317,0.01554,0,4.6,0.324,0.0721,0
11089,13650.0,0.01409,0.01544,0,3.3,0.4,0.0368,0
11090,9980.0,0.01817,0.03594,0,4.8,0.431,0.0685,0
11091,27150.0,0.02874,0.02098,0,6.3,0.423,0.0441,0
11092,24960.0,0.03649,0.05153,0,6.9,0.51,0.0389,0
11093,12150.0,0.06496,0.08132,0,5.2,0.266,0.0711,0
11094,14380.0,0.01097,0.00833,0,0.8,0.285,0.0587,0
11095,8090.0,0.01593,0.00989,277,6.3,0.205,0.0379,0
11096,10520.0,0.01468,0.01145,0,0.7,0.205,0.0393,0
11097,20270.0,0.03216,0.06592,0,4.8,0.531,0.0463,0
11098,46730.0,0.06133,0.08647,0,4.8,0.37,0.0341,0
11099,3390.0,0.00439,0.00629,0,4.5,0.349,0.0379,0
11100,11490.0,0.0136,0.01147,0,6.4,0.401,0.0789,0
11101,16370.0,0.02375,0.02774,0,3.5,0.324,0.0775,0
11102,8750.0,0.03592,0.02139,0,1.7,0.314,0.0503,0
11103,8340.0,0.02193,0.09673,0,4.2,0.528,0.0518,0
11104,9650.0,0.04178,0.01933,0,5.3,0.539,0.0575,0
11105,4670.0,0.05384,0.04135,0,3.2,0.591,0.0454,0
11106,4480.0,0.01221,0.0122,0,5.2,0.467,0.0532,0
11107,31160.0,0.00724,0.01233,0,6.2,0.527,0.0593,0
11108,9900.0,0.02349,0.01501,0,6.5,0.236,0.0461,0
11109,9130.0,0.02175,0.03828,0,5.0,0.485,0.0322,0
11110,6240.0,0.0112,0.04718,0,0.9,0.532,0.0517,0
11111,12100.0,0.00503,0.00614,0,1.0,0.535,0.0799,0
11112,5250.0,0.00563,0.01012,0,1.7,0.285,0.0459,0
11113,27130.0,0.01664,0.01393,0,4.3,0.42,0.0525,0
11114,2460.0,0.02716,0.09454,0,6.4,0.403,0.0498,0
11115,3280.0,0.02781,0.0284,0,5.8,0.368,0.0679,0
11116,30660.0,0.01377,0.00754,61,2.5,0.361,0.0305,0
11117,17870.0,0.01059,0.04347,0,7.0,0.319,0.0381,0
11118,46650.0,0.00739,0.00286,0,0.5,0.384,0.0621,0
11119,5190.0,0.01501,0.01762,0,6.5,0.346,0.0492,0
11120,13100.0,0.02403,0.00672,0,2.5,0.364,0.0412,0
11121,49870.0,0.01446,0.07211,0,6.0,0.207,0.0386,0
11122,11810.0,0.01834,0.02302,0,6.7,0.29,0.0321,0
11123,22010.0,0.06747,0.05245,0,5.2,0.444,0.0488,0
11124,5520.0,0.01309,0.01313,0,5.7,0.207,0.0574,0
11125,5640.0,0.01936,0.03576,0,6.9,0.515,0.0393,0
11126,2640.0,0.01632,0.01242,0,0.6,0.341,0.0574,0
11127,25320.0,0.02959,0.02463,0,6.2,0.491,0.0427,0
11128,15920.0,0.04389,0.03831,0,6.4,0.27,0.059,0
11129,13470.0,0.02384,0.03002,0,6.2,0.425,0.0356,0
11130,48200.0,0.02268,0.03081,0,5.4,0.299,0.0509,0
11131,2190.0,0.01631,0.02897,0,3.2,0.527,0.0466,0
11132,4660.0,0.04394,0.05614,0,2.9,0.404,0.0431,0
11133,6070.0,0.01844,0.01742,0,5.8,0.322,0.0309,0
11134,15250.0,0.0394,0.14473,0,3.6,0.255,0.066,0
11135,5230.0,0.00459,0.00474,0,2.7,0.225,0.0656,0
11136,21260.0,0.04918,0.19736,0,6.8,0.279,0.0359,0
11137,14920.0,0.01201,0.00887,0,2.1,0.523,0.0472,0
11138,22510.0,0.05249,0.036,0,2.3,0.554,0.0608,0
11139,7130.0,0.01978,0.01799,0,2.4,0.268,0.0552,0
11140,22040.0,0.02666,0.03969,0,1.3,0.258,0.0413,0
11141,8240.0,0.0283,0.00925,0,2.2,0.36,0.0379,0
11142,18750.0,0.00817,0.037,0,5.2,0.308,0.0474,0
11143,1310.0,0.02266,0.02672,0,4.5,0.453,0.0437,0
11144,10910.0,0.04907,0.11893,0,2.7,0.244,0.0485,0
11145,44220.0,0.02182,0.02006,0,4.7,0.26,0.0717,0
11146,17000.0,0.01055,0.00908,0,3.7,0.362,0.0616,0
11147,3300.0,0.01784,0.03374,0,1.7,0.463,0.0577,0
11148,6250.0,0.00807,0.01842,0,3.1,0.478,0.0307,0
11149,6150.0,0.03506,0.01753,0,4.2,0.54,0.0382,0
11150,8280.0,0.01067,0.02992,0,6.0,0.575,0.0419,0
11151,15260.0,0.04138,0.03014,0,3.6,0.58,0.0399,0
11152,1600.0,0.01646,0.01377,0,1.9,0.471,0.0591,0
11153,7040.0,0.02685,0.05395,0,3.6,0.293,0.0412,0
11154,15890.0,0.01142,0.01158,0,1.5,0.386,0.0379,0
11155,12060.0,0.02509,0.07732,0,1.6,0.333,0.0327,0
11156,3930.0,0.01548,0.07324,0,4.7,0.286,0.0708,0
11157,18130.0,0.01436,0.01261,0,2.6,0.245,0.0486,0
11158,9240.0,0.04669,0.01651,0,5.6,0.478,0.0552,0
11159,17530.0,0.05266,0.14092,25,6.1,0.449,0.0655,0
11160,3160.0,0.04565,0.05826,0,0.6,0.323,0.0306,0
11161,5240.0,0.03044,0.02972,0,1.0,0.454,0.0602,0
11162,5810.0,0.0211,0.01669,0,0.9,0.536,0.0763,0
11163,14990.0,0.03593,0.09244,0,6.4,0.552,0.057,0
11164,13800.0,0.0092,0.01188,0,5.7,0.374,0.0735,0
11165,7890.0,0.04044,0.02105,0,2.4,0.488,0.0761,0
11166,14730.0,0.01334,0.03334,65,2.0,0.538,0.068,0
11167,4730.0,0.02306,0.06047,0,6.8,0.581,0.0608,0
11168,7970.0,0.00667,0.01157,0,6.3,0.504,0.0458,0
11169,7240.0,0.00994,0.0134,15,4.0,0.329,0.0519,0
11170,9700.0,0.01609,0.032,0,2.5,0.264,0.0484,0
11171,4850.0,0.02302,0.01973,0,6.2,0.341,0.0459,0
11172,10750.0,0.02416,0.01232,0,0.6,0.514,0.07,0
11173,10590.0,0.00628,0.01375,0,4.5,0.45,0.0332,0
11174,7560.0,0.01165,0.01045,0,6.9,0.383,0.0576,0
11175,1500.0,0.00513,0.00724,12,1.8,0.528,0.0418,0
11176,1530.0,0.01091,0.01692,0,0.8,0.445,0.0524,0
11177,11010.0,0.02259,0.02668,0,4.9,0.438,0.0742,0
11178,3800.0,0.15626,0.1232,0,1.8,0.484,0.0513,0
11179,13690.0,0.01298,0.01342,0,4.1,0.478,0.0479,0
11180,8350.0,0.0154,0.01488,0,5.0,0.225,0.0338,0
11181,7720.0,0.0299,0.06884,0,0.6,0.224,0.0531,0
11182,19310.0,0.14159,0.28333,319,6.2,0.3,0.0677,0
11183,10650.0,0.0225,0.02121,0,0.5,0.572,0.0712,0
11184,8680.0,0.03307,0.00888,0,5.5,0.501,0.0706,0
11185,4880.0,0.01052,0.02434,0,6.1,0.594,0.0567,0
11186,3340.0,0.02256,0.02177,0,5.2,0.572,0.0782,0
11187,8010.0,0.01435,0.03077,0,3.8,0.301,0.0528,0
11188,6360.0,0.01171,0.04255,0,4.2,0.457,0.0314,0
11189,32120.0,0.03435,0.04396,0,3.7,0.537,0.0588,0
11190,9950.0,0.01848,0.0139,0,6.3,0.353,0.0768,0
11191,15160.0,0.01431,0.01327,0,0.9,0.438,0.0695,0
11192,8560.0,0.01465,0.02523,0,2.6,0.308,0.061,0
11193,7610.0,0.02011,0.02885,0,1.3,0.596,0.0472,0
11194,11640.0,0.01175,0.00977,0,6.0,0.368,0.0575,0
11195,8480.0,0.01425,0.05123,0,1.6,0.491,0.0498,0
11196,9890.0,0.02416,0.03555,0,6.1,0.387,0.0725,0
11197,6860.0,0.00758,0.00823,63,5.1,0.381,0.0746,0
11198,19790.0,0.02654,0.01255,0,1.6,0.48,0.0446,0
11199,7290.0,0.03714,0.08397,0,5.8,0.218,0.0546,0
11200,8620.0,0.03285,0.02749,0,3.1,0.422,0.0493,0
11201,11260.0,0.01682,0.02024,0,3.2,0.568,0.0787,0
11202,6110.0,0.00956,0.01427,0,4.8,0.536,0.0473,0
11203,9070.0,0.02193,0.01746,20,3.3,0.309,0.0558,0
11204,4120.0,0.00656,0.00611,0,1.4,0.523,0.0499,0
11205,2720.0,0.04675,0.0205,0,4.1,0.328,0.053,0
11206,76730.0,0.01106,0.01058,0,4.2,0.525,0.0771,0
11207,25940.0,0.01295,0.01667,0,4.7,0.205,0.0766,0
11208,10070.0,0.00311,0.00676,0,2.6,0.429,0.0667,0
11209,30130.0,0.05024,0.03757,14,5.3,0.229,0.0522,0
11210,11870.0,0.00649,0.00732,0,4.8,0.531,0.0691,0
11211,18220.0,0.01073,0.00482,0,3.0,0.205,0.0513,0
11212,18300.0,0.02327,0.0114,0,2.0,0.499,0.0694,0
11213,10380.0,0.02254,0.05449,0,6.3,0.37,0.0359,0
11214,34450.0,0.00945,0.00565,0,5.1,0.276,0.051,0
11215,7640.0,0.02384,0.03428,0,3.3,0.402,0.0478,0
11216,4000.0,0.02059,0.08474,0,3.7,0.274,0.0425,0
11217,15910.0,0.0244,0.02365,0,0.5,0.4,0.0481,0
11218,13420.0,0.03714,0.06493,0,6.1,0.252,0.0529,0
11219,20370.0,0.05495,0.02736,0,0.5,0.405,0.079,0
11220,16570.0,0.02826,0.05705,0,5.9,0.578,0.042,0
11221,7610.0,0.02349,0.01765,0,0.7,0.473,0.0675,0
11222,6670.0,0.02762,0.05808,10,3.4,0.505,0.0396,0
11223,11520.0,0.05934,0.05136,0,6.4,0.482,0.0443,0
11224,1190.0,0.01877,0.01871,0,2.2,0.536,0.0486,0
11225,4280.0,0.00868,0.0107,0,4.9,0.459,0.0342,0
11226,14840.0,0.00887,0.01285,0,5.0,0.588,0.0516,0
11227,4740.0,0.02654,0.08413,0,3.5,0.373,0.0544,0
11228,3770.0,0.0251,0.01986,26,2.4,0.529,0.0765,0
11229,6020.0,0.04861,0.02902,0,2.2,0.251,0.0394,0
11230,19540.0,0.01862,0.01842,0,0.6,0.559,0.0421,0
11231,6060.0,0.06267,0.07169,0,1.7,0.305,0.0777,0
11232,30870.0,0.00789,0.00477,0,2.4,0.407,0.0786,0
11233,4270.0,0.0165,0.0112,0,6.1,0.33,0.0304,0
11234,19750.0,0.02133,0.02678,106,4.3,0.569,0.0459,0
11235,2420.0,0.01742,0.01067,0,6.0,0.366,0.041,0
11236,26120.0,0.01307,0.01511,0,4.6,0.223,0.063,0
11237,12470.0,0.04067,0.02616,0,6.1,0.427,0.0466,0
11238,25070.0,0.01447,0.01202,0,5.1,0.415,0.055,0
11239,7320.0,0.04099,0.06144,0,1.7,0.276,0.0351,0
11240,11240.0,0.08582,0.06807,0,0.7,0.314,0.0469,0
11241,16340.0,0.00911,0.00712,0,4.3,0.24,0.0393,0
11242,21950.0,0.00437,0.00313,0,4.1,0.209,0.047,0
11243,14130.0,0.00681,0.00368,0,0.6,0.388,0.0419,0
11244,8570.0,0.07656,0.04936,0,2.5,0.471,0.0576,0
11245,18920.0,0.01597,0.02674,0,1.9,0.506,0.0677,0
11246,11210.0,0.02632,0.02518,0,2.1,0.446,0.0766,0
11247,6130.0,0.00768,0.00736,178,4.6,0.222,0.0459,0
11248,13940.0,0.0093,0.01892,0,0.5,0.222,0.0458,0
11249,3330.0,0.06902,0.16091,0,6.3,0.328,0.0694,0
11250,19000.0,0.00875,0.0295,0,2.2,0.511,0.063,0
11251,25340.0,0.00554,0.00222,0,4.1,0.44,0.0633,0
11252,10010.0,0.01654,0.00608,0,3.3,0.564,0.0738,0
11253,6380.0,0.01617,0.03289,0,1.6,0.461,0.0616,0
11254,10660.0,0.02612,0.02453,0,2.0,0.373,0.0463,0
11255,12100.0,0.00841,0.0133,0,1.1,0.556,0.0374,0
11256,4320.0,0.02237,0.07452,42,6.5,0.358,0.0377,0
11257,12030.0,0.03256,0.02559,0,3.6,0.208,0.0793,0
11258,15900.0,0.0261,0.07673,0,2.5,0.428,0.0685,0
11259,40930.0,0.00683,0.002,0,6.7,0.272,0.0541,0
11260,6360.0,0.0329,0.03682,0,6.7,0.2,0.0556,0
11261,3180.0,0.01897,0.09113,0,1.3,0.288,0.0465,0
11262,8190.0,0.00888,0.02129,0,1.3,0.517,0.0346,0
11263,49150.0,0.04117,0.04923,0,4.3,0.34,0.071,0
11264,10000.0,0.06891,0.10644,0,0.8,0.498,0.0603,0
11265,17330.0,0.00931,0.00367,0,2.3,0.387,0.0759,0
11266,16790.0,0.01116,0.00445,0,3.0,0.41,0.0515,0
11267,8090.0,0.01448,0.01078,0,1.5,0.565,0.0393,0
11268,8420.0,0.00992,0.01814,0,2.3,0.488,0.0323,0
11269,18570.0,0.01639,0.01923,0,3.7,0.479,0.0783,0
11270,2410.0,0.01402,0.02051,0,3.8,0.33,0.0795,0
11271,21720.0,0.03428,0.02194,0,1.5,0.407,0.0396,0
11272,15260.0,0.02495,0.0298,0,5.7,0.407,0.0556,0
11273,2820.0,0.05606,0.03175,385,2.6,0.482,0.0406,0
11274,21690.0,0.00475,0.0042,0,2.3,0.446,0.0629,0
11275,20880.0,0.03709,0.04648,0,6.1,0.533,0.0618,0
11276,5460.0,0.04031,0.05227,57,4.1,0.522,0.0796,0
11277,8850.0,0.02324,0.08815,0,2.9,0.472,0.0606,0
11278,3080.0,0.02764,0.02108,246,6.9,0.35,0.0539,0
11279,15740.0,0.01072,0.0041,0,2.9,0.481,0.0648,0
11280,5130.0,0.02567,0.02168,0,2.7,0.362,0.0455,0
11281,13870.0,0.04363,0.07974,0,3.7,0.546,0.0726,0
11282,9050.0,0.0492,0.09441,0,3.4,0.431,0.0427,0
11283,26030.0,0.01829,0.03633,0,3.5,0.479,0.0687,0
11284,20090.0,0.00524,0.00547,0,2.6,0.316,0.03,0
11285,19250.0,0.0518,0.04481,0,4.1,0.368,0.0679,0
11286,9760.0,0.00703,0.00492,0,5.6,0.3,0.0401,0
11287,13820.0,0.02254,0.02849,0,6.6,0.52,0.0603,0
11288,6650.0,0.02722,0.02085,0,5.9,0.27,0.0741,0
11289,22930.0,0.03432,0.0577,0,1.5,0.527,0.0494,0
11290,3770.0,0.03295,0.04779,163,6.8,0.406,0.0381,0
11291,8460.0,0.01027,0.00983,0,3.1,0.56,0.0637,0
11292,12980.0,0.01527,0.01564,0,3.7,0.299,0.064,0
11293,16120.0,0.01661,0.0167,0,6.3,0.2,0.0314,0
11294,13590.0,0.01196,0.01931,60,2.9,0.417,0.0595,0
11295,17140.0,0.01581,0.02939,0,3.5,0.364,0.0503,0
11296,10200.0,0.01849,0.02869,0,5.4,0.5,0.0535,0
11297,21410.0,0.0044,0.00464,0,5.4,0.34,0.0671,0
11298,3890.0,0.0458,0.03089,0,6.6,0.368,0.0767,0
11299,13790.0,0.04283,0.08947,8,2.9,0.365,0.0514,0
11300,4430.0,0.09329,0.0849,19,4.2,0.504,0.0516,0
11301,19580.0,0.01118,0.03323,0,6.6,0.264,0.0589,0
11302,14850.0,0.02402,0.03967,0,6.6,0.321,0.043,0
11303,10490.0,0.02479,0.01166,0,3.1,0.32,0.0479,0
11304,19800.0,0.04774,0.17313,0,1.7,0.505,0.0694,0
11305,2180.0,0.02501,0.01765,0,4.2,0.424,0.0772,0
11306,15840.0,0.01476,0.00548,0,3.7,0.364,0.0343,1
11307,26360.0,0.00843,0.00358,0,5.6,0.472,0.0376,0
11308,4150.0,0.0148,0.01504,0,6.3,0.266,0.0443,0
11309,4740.0,0.009,0.02148,0,5.5,0.281,0.0529,0
11310,9130.0,0.0654,0.04199,0,2.6,0.412,0.0707,0
11311,4830.0,0.02316,0.03806,0,5.2,0.548,0.0528,0
11312,15380.0,0.0116,0.00373,0,0.8,0.31,0.0604,0
11313,7400.0,0.02857,0.03983,0,4.0,0.389,0.053,0
11314,31940.0,0.04908,0.14377,0,3.8,0.323,0.0619,0
11315,7560.0,0.0355,0.09766,0,4.5,0.552,0.0434,1
11316,31030.0,0.01539,0.01598,0,5.9,0.38,0.0728,0
11317,16700.0,0.03345,0.04297,0,4.4,0.326,0.0347,0
11318,10470.0,0.03767,0.04394,0,1.7,0.494,0.0694,0
11319,4270.0,0.01484,0.02205,0,2.8,0.242,0.043,0
11320,11570.0,0.01756,0.01602,0,2.9,0.495,0.0382,0
11321,10090.0,0.03124,0.02196,0,4.4,0.551,0.0652,0
11322,8820.0,0.0092,0.01547,0,3.0,0.284,0.0353,0
11323,43680.0,0.01694,0.00452,0,5.8,0.479,0.071,0
11324,8970.0,0.01377,0.02332,0,3.7,0.336,0.0357,0
11325,10820.0,0.00339,0.00326,0,4.9,0.494,0.0525,0
11326,4640.0,0.01221,0.01422,0,5.9,0.393,0.0752,0
11327,19050.0,0.01881,0.01454,0,4.4,0.419,0.0786,0
11328,8670.0,0.02844,0.01206,0,3.4,0.499,0.0648,0
11329,38790.0,0.0257,0.02871,0,1.9,0.574,0.0438,0
11330,2210.0,0.0095,0.00692,0,6.6,0.485,0.0661,0
11331,3390.0,0.01249,0.01054,0,0.6,0.297,0.0302,0
11332,20110.0,0.00846,0.00392,0,1.2,0.217,0.0723,0
11333,7920.0,0.07115,0.07023,0,2.8,0.388,0.0338,0
11334,28840.0,0.01272,0.01211,0,2.4,0.508,0.0612,0
11335,21390.0,0.03169,0.02063,0,6.4,0.232,0.0412,0
11336,56770.0,0.03233,0.03113,0,5.4,0.51,0.0532,0
11337,5240.0,0.02911,0.01652,0,6.1,0.415,0.0672,0
11338,5030.0,0.11025,0.05225,0,0.7,0.555,0.0348,0
11339,16340.0,0.02723,0.0291,0,6.4,0.417,0.0416,0
11340,19150.0,0.02151,0.03032,0,1.2,0.223,0.0487,0
11341,25610.0,0.01806,0.04429,0,2.4,0.564,0.0329,0
11342,13900.0,0.01763,0.01351,0,1.9,0.556,0.0498,0
11343,10350.0,0.04142,0.04552,0,6.4,0.428,0.0646,0
11344,7200.0,0.22402,0.55934,0,2.8,0.294,0.0505,0
11345,34880.0,0.01426,0.01321,0,2.7,0.572,0.0707,0
11346,11600.0,0.0146,0.02048,0,5.5,0.439,0.0759,0
11347,5130.0,0.0217,0.03202,0,2.7,0.431,0.0661,0
11348,1510.0,0.03392,0.13536,0,6.1,0.444,0.0651,0
11349,9160.0,0.0086,0.01911,0,0.8,0.394,0.0754,1
11350,7370.0,0.03907,0.0213,0,3.5,0.239,0.0609,0
11351,15560.0,0.0582,0.1123,0,1.9,0.581,0.042,0
11352,19870.0,0.00972,0.01627,0,0.6,0.223,0.0636,0
11353,8430.0,0.02438,0.01125,0,6.6,0.409,0.0387,0
11354,29680.0,0.01002,0.01312,0,1.0,0.508,0.068,0
11355,13130.0,0.02091,0.02898,0,2.1,0.277,0.0689,0
11356,9380.0,0.00965,0.00549,0,4.1,0.207,0.0674,0
11357,4130.0,0.0419,0.02085,0,6.2,0.299,0.0642,0
11358,8290.0,0.01311,0.02063,0,5.8,0.524,0.0663,0
11359,11940.0,0.0065,0.01796,0,1.9,0.529,0.0701,0
11360,19820.0,0.09553,0.28406,0,3.7,0.487,0.0547,0
11361,4570.0,0.03056,0.0845,0,1.3,0.236,0.0573,0
11362,13410.0,0.03967,0.01588,0,1.8,0.525,0.0569,0
11363,14580.0,0.01743,0.02458,0,2.6,0.205,0.0388,0
11364,13930.0,0.06151,0.02424,0,1.1,0.297,0.0728,0
11365,6240.0,0.01744,0.01893,0,4.8,0.259,0.0434,0
11366,18430.0,0.02546,0.02088,0,1.2,0.361,0.0514,0
11367,5220.0,0.03525,0.03362,0,0.8,0.213,0.0724,0
11368,4390.0,0.01596,0.00971,0,4.7,0.559,0.0718,0
11369,6620.0,0.02855,0.03204,0,1.7,0.419,0.0326,0
11370,4650.0,0.02594,0.02307,82,3.3,0.339,0.0496,0
11371,21530.0,0.07948,0.03896,0,0.6,0.531,0.0369,0
11372,5760.0,0.04277,0.04198,0,3.9,0.314,0.0389,0
11373,32150.0,0.01791,0.03407,0,4.8,0.331,0.0414,0
11374,6130.0,0.08519,0.23544,28,5.4,0.229,0.067,0
11375,3070.0,0.01495,0.03063,0,4.7,0.295,0.0357,0
11376,9720.0,0.03496,0.04948,0,4.1,0.212,0.0576,0
11377,19430.0,0.02139,0.03773,0,6.5,0.258,0.0613,0
11378,9280.0,0.02887,0.0282,0,4.4,0.519,0.0419,0
11379,7830.0,0.04225,0.04037,5,6.9,0.572,0.0531,0
11380,20650.0,0.02311,0.0426,0,5.5,0.452,0.0354,0
11381,25560.0,0.02574,0.02431,0,4.5,0.47,0.058,0
11382,25470.0,0.00724,0.0072,0,7.0,0.3,0.0619,0
11383,5940.0,0.02202,0.03956,0,1.4,0.504,0.056,0
11384,26080.0,0.01831,0.0227,0,3.0,0.344,0.0681,0
11385,9120.0,0.02562,0.01622,0,5.4,0.495,0.0437,0
11386,7220.0,0.01148,0.01427,0,1.8,0.47,0.0471,0
11387,19480.0,0.11173,0.16949,56,6.8,0.511,0.0599,0
11388,10690.0,0.03076,0.02439,0,1.2,0.363,0.0585,0
11389,4850.0,0.00649,0.00816,0,5.8,0.591,0.0385,0
11390,1510.0,0.06235,0.08697,173,3.2,0.419,0.074,0
11391,20070.0,0.01789,0.00838,90,4.9,0.476,0.077,0
11392,49740.0,0.15599,0.23536,26,3.1,0.357,0.0724,0
11393,16230.0,0.01258,0.01441,0,3.5,0.476,0.0625,0
11394,9390.0,0.0082,0.00815,0,4.0,0.417,0.0621,0
11395,64990.0,0.00669,0.01794,0,6.9,0.307,0.0363,0
11396,7750.0,0.01997,0.02326,111,2.4,0.218,0.0749,1
11397,1190.0,0.003,0.00426,0,3.6,0.512,0.0723,0
11398,13460.0,0.0477,0.03591,0,4.8,0.21,0.0735,0
11399,12100.0,0.01466,0.01665,0,3.1,0.253,0.0721,0
11400,9070.0,0.02804,0.07489,0,3.6,0.218,0.0477,0
11401,14490.0,0.0235,0.02805,0,0.9,0.331,0.0561,0
11402,6860.0,0.01917,0.03049,0,5.0,0.512,0.0309,0
11403,32720.0,0.01429,0.02249,0,1.2,0.536,0.0398,0
11404,3180.0,0.01449,0.06338,0,1.9,0.578,0.0481,0
11405,15660.0,0.00721,0.00466,0,3.3,0.257,0.0477,0
11406,17750.0,0.02062,0.01698,0,0.8,0.433,0.0758,0
11407,14110.0,0.01007,0.01339,0,1.0,0.211,0.0465,0
11408,27990.0,0.01,0.00541,0,1.3,0.386,0.0574,1
11409,5710.0,0.05203,0.11435,0,5.7,0.356,0.035,0
11410,18790.0,0.01576,0.01847,0,6.6,0.449,0.0523,0
11411,10080.0,0.01876,0.04555,0,3.7,0.552,0.0497,0
11412,6830.0,0.02911,0.0244,0,1.4,0.589,0.0561,0
11413,7070.0,0.02057,0.0258,0,6.6,0.331,0.0593,0
11414,5720.0,0.01335,0.0133,0,2.4,0.555,0.0606,0
11415,8250.0,0.0383,0.05001,0,6.8,0.363,0.0622,0
11416,8480.0,0.01385,0.05137,217,3.3,0.508,0.0303,0
11417,16020.0,0.02074,0.04455,0,5.6,0.58,0.0732,0
11418,13780.0,0.04515,0.09294,0,0.9,0.544,0.0587,0
11419,4830.0,0.02412,0.0189,0,2.8,0.592,0.0364,0
11420,3710.0,0.02344,0.02405,0,4.0,0.558,0.0685,0
11421,28010.0,0.00738,0.00598,0,2.9,0.553,0.0623,0
11422,11750.0,0.02455,0.02245,0,6.1,0.283,0.0658,0
11423,90890.0,0.02055,0.00923,0,4.9,0.351,0.0554,0
11424,15220.0,0.01501,0.02081,0,1.4,0.219,0.0564,0
11425,7480.0,0.0224,0.03759,0,1.2,0.568,0.0603,0
11426,15010.0,0.0188,0.03919,0,5.7,0.228,0.0446,0
11427,72230.0,0.0399,0.03272,0,0.8,0.312,0.0709,0
11428,8890.0,0.02023,0.01555,0,3.0,0.427,0.0725,0
11429,11890.0,0.02024,0.01409,0,0.9,0.303,0.0723,0
11430,24340.0,0.10673,0.0819,0,0.7,0.52,0.0405,0
11431,34390.0,0.01972,0.01954,0,4.1,0.346,0.0381,0
11432,2810.0,0.01018,0.00584,0,2.6,0.25,0.0359,0
11433,12600.0,0.01815,0.02013,0,2.9,0.506,0.0537,0
11434,12760.0,0.07605,0.06236,0,2.7,0.22,0.0588,0
11435,5440.0,0.02195,0.04622,0,1.9,0.214,0.052,0
11436,2550.0,0.03915,0.02697,0,0.8,0.455,0.0499,0
11437,11240.0,0.01836,0.02061,0,3.0,0.438,0.0368,0
11438,11840.0,0.01175,0.02021,0,5.3,0.508,0.0345,0
11439,13980.0,0.02752,0.03221,0,0.6,0.257,0.0372,0
11440,20120.0,0.04021,0.04854,0,2.1,0.329,0.0396,0
11441,42210.0,0.00878,0.01968,0,4.4,0.303,0.0416,0
11442,6100.0,0.02208,0.02713,298,5.2,0.587,0.065,0
11443,11340.0,0.06135,0.1095,0,2.8,0.449,0.0491,0
11444,4240.0,0.01048,0.01356,0,3.2,0.28,0.078,0
11445,2930.0,0.02533,0.06616,0,4.3,0.292,0.0501,0
11446,40400.0,0.02865,0.03959,21,1.2,0.586,0.0644,0
11447,18190.0,0.07536,0.19332,0,4.8,0.37,0.0712,0
11448,5050.0,0.02073,0.02927,0,3.6,0.26,0.0539,0
11449,5580.0,0.00413,0.01511,59,2.4,0.592,0.0641,0
11450,7210.0,0.03591,0.12303,0,1.6,0.507,0.0329,0
11451,16020.0,0.00573,0.002,0,5.6,0.282,0.0724,0
11452,46510.0,0.01725,0.0135,0,6.2,0.463,0.035,0
11453,2560.0,0.00631,0.00778,0,6.0,0.267,0.0746,0
11454,2760.0,0.02406,0.01418,0,2.6,0.331,0.0341,0
11455,6530.0,0.01828,0.02777,0,5.9,0.253,0.0593,0
11456,6780.0,0.03784,0.01829,0,1.2,0.5,0.0538,0
11457,14280.0,0.00907,0.01371,0,5.5,0.547,0.0446,0
11458,3810.0,0.02278,0.09698,0,2.9,0.53,0.0457,0
11459,9690.0,0.046,0.03801,0,1.3,0.598,0.0459,0
11460,3230.0,0.04901,0.02307,0,3.2,0.529,0.069,0
11461,7440.0,0.01069,0.03495,0,2.2,0.47,0.0713,0
11462,40200.0,0.02253,0.01878,0,7.0,0.492,0.0451,0
11463,17610.0,0.01312,0.03026,0,3.9,0.552,0.0557,0
11464,4280.0,0.01883,0.00935,0,5.1,0.373,0.064,0
11465,5300.0,0.01955,0.01741,10,1.7,0.375,0.0724,0
11466,5320.0,0.01897,0.01639,87,6.1,0.347,0.056,0
11467,9760.0,0.01069,0.00719,0,2.3,0.514,0.0391,0
11468,23140.0,0.02054,0.01417,0,5.6,0.342,0.0475,0
11469,21970.0,0.00982,0.02593,0,5.6,0.466,0.0759,0
11470,7750.0,0.02334,0.02478,0,6.6,0.582,0.079,0
11471,6880.0,0.01051,0.01084,0,2.3,0.518,0.046,0
11472,11930.0,0.01707,0.0158,0,4.8,0.207,0.0311,0
11473,41710.0,0.02262,0.01628,0,3.1,0.217,0.0355,0
11474,28250.0,0.00885,0.00292,0,3.9,0.533,0.0341,0
11475,11190.0,0.02359,0.03262,0,5.0,0.427,0.0477,0
11476,8870.0,0.04868,0.09807,0,3.1,0.461,0.0399,0
11477,7910.0,0.01908,0.01599,0,0.6,0.593,0.0339,0
11478,5630.0,0.01825,0.00818,0,4.3,0.215,0.0644,0
11479,8600.0,0.01058,0.02331,0,4.9,0.553,0.0498,0
11480,39050.0,0.0117,0.01283,0,2.3,0.278,0.0637,0
11481,26910.0,0.03719,0.11785,0,5.8,0.2,0.0483,0
11482,29860.0,0.02943,0.04972,0,3.6,0.544,0.0562,0
11483,25790.0,0.01937,0.04223,0,2.1,0.573,0.0584,0
11484,16890.0,0.04345,0.06408,0,1.3,0.347,0.0647,0
11485,45810.0,0.03475,0.03645,0,3.2,0.293,0.0515,0
11486,5990.0,0.0144,0.01601,0,1.1,0.472,0.077,0
11487,4900.0,0.01208,0.02814,0,3.3,0.398,0.0789,0
11488,16390.0,0.01693,0.01477,0,6.6,0.397,0.0707,0
11489,3800.0,0.03485,0.05207,0,0.7,0.257,0.0713,0
11490,11110.0,0.01439,0.01014,0,1.6,0.585,0.0508,0
11491,14300.0,0.03742,0.05261,0,4.4,0.492,0.06,0
11492,5630.0,0.02846,0.04128,6,2.0,0.251,0.076,0
11493,36140.0,0.03176,0.00874,0,2.2,0.31,0.0344,0
11494,11830.0,0.0388,0.01188,0,6.8,0.291,0.0351,0
11495,17180.0,0.00452,0.00547,75,4.8,0.351,0.0683,0
11496,15760.0,0.05141,0.06679,0,4.6,0.565,0.065,0
11497,5360.0,0.0228,0.03215,0,5.0,0.542,0.032,0
11498,7110.0,0.01777,0.04944,0,4.4,0.232,0.0502,0
11499,4840.0,0.02585,0.03386,0,1.8,0.405,0.0792,0
11500,7910.0,0.01391,0.00718,0,1.4,0.547,0.073,0
11501,19670.0,0.03406,0.04027,0,3.7,0.209,0.0657,0
11502,8790.0,0.16261,0.11744,0,1.7,0.36,0.0496,0
11503,25120.0,0.17371,0.07507,0,0.8,0.322,0.0746,0
11504,3530.0,0.01155,0.0198,128,6.1,0.246,0.0513,0
11505,36360.0,0.01048,0.01785,0,3.3,0.455,0.0768,0
11506,7550.0,0.01762,0.01539,0,4.3,0.329,0.0711,0
11507,16080.0,0.01811,0.01324,0,1.9,0.297,0.0667,0
11508,10180.0,0.02216,0.02253,0,6.1,0.441,0.0442,0
11509,11410.0,0.03255,0.05348,0,0.9,0.503,0.0447,0
11510,25810.0,0.02427,0.01462,0,2.1,0.431,0.0312,0
11511,6190.0,0.03321,0.02519,0,3.2,0.548,0.0524,0
11512,78630.0,0.05827,0.03756,0,3.9,0.417,0.0784,0
11513,13180.0,0.04423,0.10016,44,1.6,0.203,0.0547,0
11514,21580.0,0.00993,0.01377,0,4.2,0.515,0.0449,0
11515,4610.0,0.00643,0.00613,0,3.6,0.279,0.045,0
11516,16090.0,0.01296,0.01411,0,1.7,0.27,0.0506,0
11517,18360.0,0.01004,0.00666,0,1.4,0.518,0.0413,0
11518,2300.0,0.02396,0.01489,0,3.8,0.296,0.0495,0
11519,8550.0,0.03973,0.04159,0,4.1,0.295,0.0782,0
11520,5030.0,0.03578,0.0601,0,1.5,0.539,0.0419,0
11521,44380.0,0.00696,0.0073,20,5.1,0.448,0.0716,0
11522,5280.0,0.00971,0.01161,0,3.8,0.282,0.0331,0
11523,4510.0,0.00775,0.02092,0,0.9,0.365,0.0635,0
11524,10160.0,0.00526,0.002,0,6.2,0.268,0.0425,0
11525,10850.0,0.01337,0.0064,0,2.6,0.556,0.0647,0
11526,3530.0,0.02512,0.04441,0,6.9,0.579,0.0534,0
11527,7630.0,0.02765,0.03101,0,6.3,0.545,0.06,0
11528,13510.0,0.00646,0.00363,0,4.6,0.516,0.0746,0
11529,5050.0,0.00941,0.02632,0,1.1,0.438,0.0498,0
11530,26950.0,0.10994,0.08532,0,6.7,0.362,0.0741,0
11531,6970.0,0.0777,0.06558,0,6.4,0.27,0.0412,0
11532,12990.0,0.029,0.04859,0,4.0,0.344,0.0748,0
11533,3640.0,0.02328,0.01913,0,3.7,0.296,0.0601,0
11534,14180.0,0.02033,0.02259,0,0.6,0.584,0.0301,0
11535,7720.0,0.0184,0.03634,0,6.1,0.36,0.0718,0
11536,4830.0,0.00781,0.00204,89,1.8,0.395,0.0372,0
11537,9810.0,0.00385,0.00409,75,6.1,0.266,0.0796,0
11538,12780.0,0.03096,0.03602,0,2.7,0.389,0.0439,0
11539,9780.0,0.01384,0.01481,0,6.4,0.403,0.03,0
11540,12110.0,0.02119,0.01876,0,2.7,0.429,0.0446,0
11541,23960.0,0.01928,0.02962,0,2.0,0.427,0.0597,0
11542,25580.0,0.0102,0.01327,0,2.9,0.238,0.0317,0
11543,3960.0,0.03523,0.07357,0,3.7,0.511,0.0728,0
11544,10060.0,0.01632,0.03998,0,2.3,0.376,0.0731,0
11545,10320.0,0.08064,0.06956,0,3.5,0.343,0.041,0
11546,10720.0,0.03988,0.05333,0,4.1,0.488,0.0716,0
11547,14250.0,0.01033,0.00842,0,4.7,0.311,0.0386,0
11548,3020.0,0.01379,0.01497,0,6.3,0.31,0.0419,0
11549,7370.0,0.03541,0.0525,0,0.8,0.423,0.0648,0
11550,78460.0,0.02475,0.01074,0,6.1,0.265,0.0522,0
11551,31940.0,0.02138,0.03698,0,3.3,0.493,0.0774,0
11552,23220.0,0.03291,0.03077,0,5.8,0.523,0.053,0
11553,9300.0,0.02358,0.01131,0,4.3,0.233,0.0508,0
11554,8910.0,0.01119,0.01995,0,5.5,0.395,0.0703,0
11555,13420.0,0.01151,0.00518,0,5.9,0.496,0.0322,0
11556,5060.0,0.0182,0.02097,0,1.7,0.35,0.0492,0
11557,16430.0,0.01059,0.02075,0,1.5,0.363,0.0315,0
11558,8650.0,0.03613,0.04418,0,1.9,0.503,0.03,0
11559,8230.0,0.01726,0.01308,0,1.1,0.38,0.035,0
11560,3360.0,0.01402,0.02473,0,3.9,0.255,0.0539,0
11561,26550.0,0.02414,0.01156,0,1.7,0.459,0.0486,0
11562,27540.0,0.01356,0.00906,3,1.9,0.201,0.0753,0
11563,27210.0,0.04688,0.03138,0,1.7,0.305,0.0416,0
11564,34710.0,0.05058,0.1581,0,1.6,0.505,0.053,0
11565,16480.0,0.01933,0.03327,0,1.4,0.476,0.0577,0
11566,35180.0,0.01568,0.03938,0,6.5,0.47,0.0355,0
11567,2230.0,0.00533,0.00698,0,1.9,0.401,0.0476,0
11568,18110.0,0.02287,0.02204,0,2.5,0.522,0.0406,0
11569,12140.0,0.04194,0.0495,0,1.5,0.323,0.0406,0
11570,8890.0,0.00564,0.00899,0,3.2,0.265,0.0463,0
11571,11570.0,0.02753,0.05208,0,3.5,0.441,0.0495,0
11572,118800.0,0.07535,0.05775,0,1.1,0.411,0.0399,0
11573,6240.0,0.00733,0.01132,0,5.2,0.23,0.033,0
11574,4290.0,0.02192,0.02718,0,4.7,0.598,0.052,0
11575,7300.0,0.01674,0.01546,0,2.7,0.36,0.041,0
11576,2020.0,0.0153,0.02982,0,5.5,0.318,0.0666,0
11577,5570.0,0.03285,0.04297,0,2.5,0.329,0.0555,0
11578,10470.0,0.01969,0.02136,0,1.3,0.224,0.0576,0
11579,8310.0,0.02039,0.00763,0,3.9,0.357,0.0749,0
11580,6960.0,0.04999,0.08658,0,3.2,0.311,0.0543,0
11581,33150.0,0.0189,0.04232,0,2.2,0.388,0.0711,0
11582,3110.0,0.02095,0.01191,0,4.1,0.411,0.0561,0
11583,3070.0,0.01095,0.00525,0,1.3,0.352,0.0621,0
11584,25380.0,0.02643,0.05989,0,4.7,0.445,0.0671,0
11585,26670.0,0.00684,0.00876,0,3.9,0.441,0.0381,0
11586,32930.0,0.0187,0.02938,0,2.3,0.434,0.0476,0
11587,59070.0,0.03303,0.03853,99,6.2,0.344,0.0409,0
11588,14680.0,0.03222,0.0184,0,3.3,0.217,0.0329,0
11589,3840.0,0.02281,0.07065,0,5.9,0.264,0.0765,0
11590,11630.0,0.07936,0.0577,0,6.1,0.215,0.0581,0
11591,18140.0,0.0044,0.00452,0,4.6,0.576,0.05,0
11592,3120.0,0.01432,0.01565,0,2.0,0.333,0.0524,0
11593,10970.0,0.01772,0.02027,189,5.3,0.271,0.051,0
11594,9320.0,0.00578,0.00689,0,6.4,0.344,0.0411,0
11595,18110.0,0.04068,0.08569,0,4.1,0.485,0.0618,0
11596,10790.0,0.00727,0.00693,0,3.0,0.38,0.0491,0
11597,14770.0,0.00357,0.00449,0,2.1,0.598,0.0532,0
11598,11060.0,0.05094,0.05086,0,2.5,0.446,0.0791,0
11599,5810.0,0.02313,0.02886,0,2.7,0.295,0.0308,0
11600,11800.0,0.01501,0.03359,0,5.2,0.397,0.0783,0
11601,3510.0,0.03058,0.06797,191,3.1,0.379,0.0658,0
11602,3670.0,0.01941,0.03027,0,6.1,0.384,0.0618,0
11603,21440.0,0.03834,0.01922,0,0.8,0.209,0.0774,0
11604,22360.0,0.01709,0.03203,0,2.2,0.24,0.0331,0
11605,33160.0,0.05048,0.04981,0,3.1,0.312,0.064,0
11606,16300.0,0.01482,0.01086,0,5.0,0.475,0.0388,0
11607,15760.0,0.02451,0.06459,0,3.6,0.205,0.0787,0
11608,24230.0,0.01159,0.01001,0,3.8,0.331,0.0473,0
11609,36010.0,0.00985,0.00345,0,2.4,0.217,0.0536,0
11610,6830.0,0.02434,0.02377,0,6.6,0.367,0.0633,0
11611,20160.0,0.04278,0.02645,0,1.9,0.232,0.0755,0
11612,21060.0,0.01492,0.01565,206,6.2,0.27,0.0438,1
11613,76260.0,0.04432,0.0698,0,4.1,0.436,0.0429,0
11614,8270.0,0.02007,0.06186,0,2.0,0.331,0.066,0
11615,55570.0,0.01201,0.02084,0,6.5,0.267,0.0546,0
11616,3190.0,0.00948,0.02222,0,1.2,0.527,0.0437,0
11617,10840.0,0.04993,0.1157,0,3.3,0.289,0.0599,0
11618,14040.0,0.02455,0.00949,0,0.9,0.391,0.0528,0
11619,21970.0,0.01023,0.01831,7,1.6,0.263,0.0512,0
11620,2910.0,0.02496,0.02233,0,5.5,0.396,0.0799,0
11621,3450.0,0.06507,0.10543,0,6.5,0.325,0.0791,0
11622,12770.0,0.04806,0.07098,0,1.4,0.384,0.0661,0
11623,10490.0,0.01771,0.03333,0,3.2,0.228,0.047,0
11624,20110.0,0.01666,0.02458,0,3.6,0.356,0.0553,0
11625,6670.0,0.01694,0.0401,0,3.8,0.254,0.0757,0
11626,4600.0,0.01017,0.02104,0,5.3,0.554,0.0611,0
11627,11920.0,0.01612,0.01207,0,5.3,0.563,0.0381,0
11628,7130.0,0.01656,0.011,0,1.3,0.256,0.0543,0
11629,14180.0,0.10978,0.21288,0,0.6,0.314,0.0447,0
11630,6780.0,0.01359,0.01595,0,0.9,0.457,0.0655,0
11631,12640.0,0.01373,0.01211,0,4.2,0.549,0.0649,0
11632,13200.0,0.01178,0.04035,0,6.4,0.237,0.0731,0
11633,14390.0,0.03058,0.02627,0,2.2,0.445,0.0518,0
11634,17460.0,0.01487,0.02249,0,2.7,0.266,0.0639,0
11635,3790.0,0.00964,0.00943,0,6.8,0.528,0.0474,0
11636,14250.0,0.05355,0.0631,0,6.5,0.479,0.0698,0
11637,5290.0,0.00837,0.01413,0,3.8,0.215,0.0302,0
11638,5090.0,0.00981,0.00331,0,6.4,0.421,0.076,0
11639,9760.0,0.02577,0.0272,0,6.5,0.445,0.0673,1
11640,31200.0,0.01316,0.01688,0,0.7,0.215,0.078,0
11641,37540.0,0.03039,0.02715,0,4.8,0.275,0.0556,0
11642,3140.0,0.01355,0.02967,0,4.8,0.548,0.0723,0
11643,39280.0,0.01981,0.02056,0,3.2,0.526,0.0335,0
11644,3360.0,0.04725,0.04053,0,4.4,0.579,0.0426,0
11645,8400.0,0.02266,0.02537,0,3.0,0.575,0.037,0
11646,7970.0,0.00408,0.00303,0,2.2,0.407,0.0559,0
11647,7400.0,0.01682,0.06729,0,5.7,0.372,0.0654,0
11648,8580.0,0.01784,0.01999,0,4.1,0.448,0.033,0
11649,19100.0,0.01661,0.02635,0,3.2,0.552,0.0553,0
11650,8260.0,0.03125,0.02287,0,2.5,0.287,0.0485,0
11651,19380.0,0.02111,0.02133,0,1.2,0.295,0.0522,0
11652,52650.0,0.04854,0.07967,29,3.0,0.381,0.0634,1
11653,62200.0,0.01742,0.00452,0,2.3,0.236,0.0451,0
11654,9570.0,0.01237,0.01088,0,5.0,0.582,0.0629,0
11655,7830.0,0.01604,0.01387,0,1.7,0.348,0.0355,0
11656,2470.0,0.03059,0.01782,0,6.7,0.393,0.0318,0
11657,10730.0,0.0574,0.05839,0,6.1,0.499,0.0649,0
11658,5450.0,0.04052,0.21817,57,5.2,0.257,0.0505,0
11659,43590.0,0.02629,0.06469,0,1.7,0.341,0.0695,0
11660,6440.0,0.02503,0.02254,0,5.1,0.246,0.0433,0
11661,10280.0,0.00336,0.00261,0,3.0,0.365,0.0458,0
11662,12480.0,0.04472,0.01689,17,1.8,0.349,0.0577,0
11663,15040.0,0.0095,0.02018,0,2.0,0.539,0.059,0
11664,10870.0,0.04612,0.04807,0,0.8,0.317,0.0747,0
11665,30950.0,0.01836,0.02061,0,0.6,0.512,0.0398,0
11666,20100.0,0.00824,0.01952,0,3.5,0.329,0.0506,0
11667,3840.0,0.01553,0.00981,63,5.6,0.35,0.0407,0
11668,43480.0,0.05037,0.04938,0,3.0,0.389,0.0464,0
11669,40630.0,0.01613,0.02398,0,2.9,0.301,0.0475,0
11670,16230.0,0.03512,0.03762,0,3.9,0.254,0.062,1
11671,22260.0,0.01457,0.03609,75,4.5,0.253,0.0548,0
11672,15750.0,0.02503,0.04461,0,4.1,0.498,0.0595,0
11673,15790.0,0.01827,0.03587,0,3.9,0.293,0.0723,0
11674,6620.0,0.04195,0.02462,0,3.6,0.362,0.0477,0
11675,31870.0,0.00437,0.01203,0,3.7,0.434,0.0665,0
11676,5360.0,0.01175,0.02677,0,0.8,0.409,0.0521,0
11677,34670.0,0.04876,0.14707,236,6.0,0.377,0.0365,0
11678,16550.0,0.05044,0.15799,0,3.8,0.588,0.0787,0
11679,17970.0,0.01047,0.01077,0,4.9,0.475,0.0776,0
11680,20030.0,0.04897,0.07955,0,1.7,0.259,0.0553,0
11681,3780.0,0.00351,0.00454,0,4.6,0.228,0.0758,0
11682,8840.0,0.00784,0.0096,0,3.6,0.299,0.0758,0
11683,12030.0,0.02841,0.02738,0,3.9,0.476,0.0557,0
11684,38710.0,0.01457,0.02213,0,1.9,0.227,0.0509,0
11685,23330.0,0.01074,0.02948,0,2.5,0.548,0.0366,0
11686,15710.0,0.01524,0.01997,50,2.8,0.431,0.031,0
11687,20900.0,0.05819,0.04583,0,5.5,0.342,0.0711,0
11688,5570.0,0.02237,0.01494,0,5.9,0.362,0.0329,0
11689,17810.0,0.00987,0.00834,0,4.1,0.246,0.0685,0
11690,4600.0,0.02062,0.02146,0,1.3,0.528,0.0617,0
11691,16970.0,0.03552,0.03883,0,0.6,0.416,0.0431,0
11692,11570.0,0.01175,0.01966,0,5.7,0.401,0.0707,0
11693,9700.0,0.02021,0.01743,0,2.9,0.458,0.0569,0
11694,4310.0,0.01765,0.0229,0,4.7,0.369,0.0617,0
11695,3330.0,0.03917,0.03513,0,3.6,0.352,0.0705,0
11696,38820.0,0.00862,0.01025,0,4.4,0.345,0.0423,1
11697,25400.0,0.03052,0.02455,0,1.2,0.412,0.0386,0
11698,8120.0,0.0294,0.06152,0,1.5,0.35,0.034,0
11699,7060.0,0.04954,0.07426,0,1.2,0.225,0.0403,0
11700,40870.0,0.06161,0.08264,0,0.9,0.51,0.0457,0
11701,9100.0,0.01278,0.04935,0,1.3,0.262,0.0686,1
11702,8650.0,0.05173,0.05693,0,1.5,0.205,0.0532,0
11703,3400.0,0.0165,0.01698,0,4.6,0.386,0.0589,0
11704,9780.0,0.02314,0.0203,0,5.5,0.329,0.0706,0
11705,18820.0,0.01011,0.00758,0,5.5,0.437,0.0302,1
11706,61480.0,0.00907,0.00991,0,1.8,0.507,0.0538,0
11707,18040.0,0.00978,0.0043,0,2.0,0.497,0.0664,0
11708,13230.0,0.01649,0.02185,0,4.8,0.211,0.0607,0
11709,4950.0,0.04093,0.01169,0,6.6,0.232,0.0669,0
11710,10980.0,0.02475,0.01975,0,1.7,0.568,0.0391,0
11711,14550.0,0.04766,0.08405,0,3.3,0.593,0.0711,0
11712,18070.0,0.0996,0.03329,0,6.5,0.411,0.0709,0
11713,5620.0,0.06418,0.07994,0,1.3,0.548,0.0414,0
11714,25220.0,0.01858,0.02077,0,3.5,0.344,0.0614,1
11715,15670.0,0.01467,0.00874,0,0.6,0.275,0.0707,0
11716,5120.0,0.04082,0.02825,0,2.1,0.362,0.0359,0
11717,7150.0,0.02192,0.04234,0,1.4,0.318,0.0623,0
11718,41880.0,0.03636,0.01143,0,4.9,0.212,0.0389,0
11719,1000.0,0.02808,0.02239,0,2.2,0.589,0.0742,0
11720,21020.0,0.01733,0.02998,328,4.5,0.262,0.0608,0
11721,23150.0,0.03769,0.08237,0,6.0,0.309,0.0689,0
11722,6950.0,0.0224,0.0522,0,4.5,0.518,0.0715,0
11723,2890.0,0.10123,0.22033,0,5.0,0.41,0.0339,0
11724,19170.0,0.01565,0.02396,22,4.3,0.506,0.0606,0
11725,14200.0,0.03266,0.04653,0,4.8,0.291,0.0577,0
11726,2600.0,0.01313,0.01219,0,3.9,0.333,0.0489,0
11727,10850.0,0.07455,0.16376,0,4.2,0.242,0.0669,1
11728,13770.0,0.01165,0.01848,0,3.8,0.454,0.0696,0
11729,7800.0,0.04372,0.05692,0,5.3,0.327,0.0529,0
11730,3670.0,0.00446,0.01218,0,6.1,0.355,0.057,0
11731,9220.0,0.04843,0.08285,0,7.0,0.399,0.0645,0
11732,10900.0,0.04257,0.02473,0,2.9,0.548,0.0656,0
11733,8020.0,0.01222,0.01741,0,4.0,0.33,0.055,0
11734,9850.0,0.04166,0.01589,0,4.5,0.323,0.0693,0
11735,19660.0,0.01636,0.03354,0,5.9,0.258,0.0336,0
11736,5550.0,0.02278,0.03651,0,1.8,0.431,0.0332,0
11737,23670.0,0.01685,0.01556,0,6.3,0.431,0.0353,0
11738,31730.0,0.02292,0.01457,0,3.7,0.337,0.0497,0
11739,3030.0,0.01412,0.01101,0,0.7,0.513,0.0321,0
11740,1110.0,0.03374,0.02375,0,3.8,0.532,0.079,0
11741,4100.0,0.04678,0.10128,0,2.2,0.499,0.0565,0
11742,16970.0,0.00313,0.002,0,1.1,0.481,0.0771,0
11743,23340.0,0.01709,0.01407,0,2.3,0.576,0.0456,0
11744,38700.0,0.01122,0.00785,0,3.2,0.494,0.055,0
11745,10260.0,0.03131,0.04648,0,2.3,0.438,0.0403,0
11746,16910.0,0.09505,0.09137,23,2.5,0.366,0.0361,0
11747,30830.0,0.02897,0.09985,0,0.5,0.268,0.0414,0
11748,17670.0,0.03422,0.03117,0,6.0,0.416,0.0555,0
11749,30070.0,0.03379,0.02055,0,6.0,0.218,0.0753,0
11750,14350.0,0.01075,0.01293,0,2.9,0.42,0.0509,0
11751,30000.0,0.01601,0.03451,0,4.5,0.595,0.0591,0
11752,20240.0,0.01755,0.03536,0,3.1,0.49,0.0553,0
11753,29650.0,0.01373,0.02243,7,5.5,0.44,0.0775,0
11754,5050.0,0.03989,0.0168,0,2.4,0.513,0.0323,0
11755,9650.0,0.05099,0.05158,0,6.5,0.206,0.0682,0
11756,9260.0,0.03282,0.04457,0,5.2,0.335,0.0599,0
11757,11330.0,0.0149,0.02456,0,5.4,0.316,0.0318,0
11758,10910.0,0.01646,0.01873,0,6.8,0.582,0.0517,0
11759,38700.0,0.01605,0.01231,0,0.9,0.222,0.0522,0
11760,22350.0,0.02339,0.08658,0,4.3,0.443,0.0406,0
11761,6980.0,0.06669,0.03287,0,5.3,0.488,0.0495,0
11762,11370.0,0.02635,0.03623,0,5.9,0.217,0.0534,0
11763,9020.0,0.02465,0.04919,0,4.2,0.42,0.0414,0
11764,21280.0,0.04189,0.07727,0,5.2,0.572,0.065,0
11765,14000.0,0.05049,0.04839,0,1.7,0.353,0.0378,0
11766,1000.0,0.00637,0.00374,0,5.5,0.355,0.0316,0
11767,4610.0,0.01357,0.00743,0,2.3,0.306,0.0428,0
11768,19220.0,0.00996,0.003,0,0.7,0.216,0.0549,0
11769,5380.0,0.03013,0.03969,0,6.6,0.352,0.047,0
11770,2070.0,0.01175,0.00961,0,5.8,0.332,0.0311,0
11771,8940.0,0.02923,0.04889,0,4.4,0.22,0.0796,0
11772,16210.0,0.00915,0.01153,0,3.3,0.208,0.0392,0
11773,33950.0,0.04176,0.04111,0,6.8,0.488,0.0638,0
11774,17590.0,0.00883,0.01944,0,3.6,0.314,0.0403,0
11775,16910.0,0.02492,0.02465,15,2.9,0.454,0.0519,0
11776,8580.0,0.01135,0.01725,0,3.0,0.284,0.0303,0
11777,4520.0,0.01888,0.00505,0,1.6,0.479,0.0698,0
11778,10760.0,0.04973,0.11543,0,6.6,0.514,0.0635,0
11779,7320.0,0.01673,0.01872,0,5.7,0.533,0.0593,0
11780,16280.0,0.03777,0.03205,0,1.7,0.371,0.0388,0
11781,11580.0,0.03831,0.04282,0,5.9,0.242,0.0501,0
11782,14200.0,0.12977,0.33036,0,5.9,0.486,0.0344,0
11783,30430.0,0.02065,0.02107,0,4.4,0.5,0.0519,0
11784,3310.0,0.01375,0.03315,0,6.8,0.491,0.0679,0
11785,4140.0,0.02381,0.015,0,2.9,0.595,0.0478,0
11786,7290.0,0.02792,0.06873,0,5.6,0.528,0.0394,0
11787,9040.0,0.01366,0.03393,0,6.7,0.258,0.0794,0
11788,16090.0,0.01474,0.01212,0,3.2,0.577,0.0706,0
11789,14800.0,0.1153,0.08096,0,1.1,0.368,0.0346,0
11790,7750.0,0.03493,0.02769,0,1.5,0.592,0.0685,0
11791,8630.0,0.03382,0.00556,0,0.9,0.234,0.0763,0
11792,13570.0,0.0355,0.04045,0,4.6,0.41,0.0476,0
11793,12720.0,0.00387,0.00906,0,5.4,0.419,0.06,0
11794,11430.0,0.01041,0.00609,0,6.7,0.358,0.0458,0
11795,6630.0,0.11285,0.19558,0,3.6,0.445,0.0507,0
11796,14530.0,0.021,0.01405,0,6.0,0.486,0.0517,0
11797,4370.0,0.03402,0.03868,0,3.8,0.379,0.052,0
11798,6630.0,0.0727,0.08515,0,4.3,0.434,0.0382,0
11799,72660.0,0.01331,0.01761,0,2.2,0.214,0.0489,0
11800,39840.0,0.01927,0.0232,0,1.4,0.533,0.0409,0
11801,2510.0,0.01635,0.01063,0,3.1,0.456,0.046,0
11802,95410.0,0.01171,0.01788,0,4.1,0.362,0.0393,0
11803,6680.0,0.02505,0.01373,0,2.6,0.255,0.0459,0
11804,3480.0,0.01069,0.05847,0,5.7,0.342,0.0706,0
11805,28460.0,0.01527,0.02108,0,6.9,0.596,0.0426,0
11806,5730.0,0.02418,0.01377,0,3.8,0.44,0.0779,0
11807,8770.0,0.01282,0.01836,0,2.5,0.247,0.0521,0
11808,8200.0,0.02897,0.02335,0,3.6,0.526,0.0405,0
11809,31480.0,0.01673,0.02606,0,5.1,0.345,0.0668,0
11810,11160.0,0.02754,0.11859,0,2.2,0.372,0.0414,0
11811,22660.0,0.04281,0.14225,0,2.2,0.473,0.0638,0
11812,5170.0,0.03905,0.06635,0,3.0,0.217,0.0364,0
11813,30470.0,0.00467,0.004,0,2.7,0.551,0.0439,0
11814,16300.0,0.00604,0.002,0,3.3,0.225,0.0468,0
11815,2610.0,0.01392,0.02614,0,3.0,0.252,0.0303,0
11816,25360.0,0.07193,0.05529,0,1.1,0.22,0.0651,0
11817,1990.0,0.02664,0.03834,0,1.0,0.574,0.044,0
11818,19850.0,0.00861,0.00609,0,6.5,0.565,0.0673,0
11819,17450.0,0.02095,0.04753,0,1.8,0.246,0.0597,0
11820,8200.0,0.07019,0.16163,0,4.6,0.592,0.0479,0
11821,6470.0,0.03261,0.02241,0,5.5,0.515,0.0366,0
11822,12700.0,0.03186,0.02996,0,1.8,0.592,0.0556,1
11823,18210.0,0.01967,0.03819,0,3.7,0.507,0.0531,0
11824,18270.0,0.00677,0.01263,0,6.7,0.593,0.0773,0
11825,2390.0,0.02222,0.0206,0,4.5,0.256,0.0528,0
11826,7820.0,0.0097,0.002,0,1.4,0.478,0.042,0
11827,8950.0,0.05534,0.07578,0,6.3,0.468,0.0592,0
11828,41180.0,0.01973,0.02366,0,6.6,0.315,0.08,0
11829,11400.0,0.01391,0.00916,0,1.8,0.333,0.0371,0
11830,2460.0,0.01093,0.01976,0,6.4,0.372,0.056,0
11831,10370.0,0.01775,0.02484,0,3.9,0.355,0.0693,0
11832,10670.0,0.05804,0.0553,0,6.1,0.571,0.078,0
11833,4930.0,0.01315,0.00382,0,5.8,0.599,0.0419,0
11834,11230.0,0.0136,0.02009,0,1.5,0.592,0.0477,0
11835,6880.0,0.01138,0.01031,0,4.1,0.203,0.0628,0
11836,7160.0,0.01747,0.01824,0,2.1,0.595,0.0303,0
11837,12920.0,0.02731,0.01253,0,6.2,0.39,0.0691,0
11838,11520.0,0.01232,0.01753,0,1.8,0.548,0.0324,0
11839,7160.0,0.03,0.07187,0,6.3,0.312,0.0794,0
11840,12520.0,0.02128,0.09136,0,1.6,0.541,0.0525,0
11841,62690.0,0.01613,0.01391,0,6.0,0.25,0.0518,0
11842,34160.0,0.01325,0.00687,0,5.7,0.365,0.0735,0
11843,19440.0,0.01691,0.01398,0,1.9,0.288,0.0442,0
11844,4530.0,0.00441,0.00267,0,0.9,0.375,0.053,0
11845,14480.0,0.03974,0.03937,0,6.1,0.516,0.0624,0
11846,26660.0,0.06388,0.05903,0,3.4,0.284,0.0371,0
11847,65250.0,0.02943,0.0293,0,2.1,0.524,0.0631,0
11848,9460.0,0.10784,0.20263,0,1.6,0.584,0.0569,0
11849,10980.0,0.04824,0.06831,0,4.0,0.243,0.0307,0
11850,19280.0,0.06985,0.07068,0,5.2,0.426,0.0305,0
11851,6510.0,0.02314,0.01016,0,5.2,0.296,0.0591,0
11852,20120.0,0.01123,0.01459,0,3.5,0.581,0.0391,0
11853,7200.0,0.01053,0.01565,0,5.7,0.384,0.0398,0
11854,17910.0,0.02023,0.02449,0,0.9,0.266,0.0573,0
11855,11310.0,0.01533,0.05162,0,4.6,0.319,0.059,0
11856,12470.0,0.00957,0.00731,0,3.9,0.397,0.0383,0
11857,24220.0,0.01582,0.00906,0,4.0,0.286,0.0677,0
11858,8530.0,0.01259,0.02008,49,3.9,0.21,0.0727,0
11859,6380.0,0.01234,0.01436,0,6.6,0.341,0.0545,0
11860,5850.0,0.09879,0.09267,0,2.2,0.251,0.0347,0
11861,5440.0,0.02329,0.03463,0,6.4,0.527,0.0359,0
11862,3780.0,0.01083,0.00444,0,3.3,0.39,0.059,0
11863,9210.0,0.02512,0.03117,0,0.8,0.379,0.0719,0
11864,14860.0,0.01365,0.00749,0,5.5,0.478,0.0308,0
11865,8070.0,0.0108,0.01999,0,6.6,0.262,0.0456,0
11866,25660.0,0.04479,0.01431,0,3.4,0.365,0.0476,0
11867,13880.0,0.00437,0.00537,0,3.5,0.51,0.0551,0
11868,21300.0,0.01897,0.02815,0,5.2,0.224,0.0337,0
11869,1880.0,0.05227,0.07727,58,6.9,0.579,0.0346,0
11870,43270.0,0.02025,0.01691,10,6.0,0.242,0.0527,0
11871,5060.0,0.04238,0.0756,0,4.5,0.483,0.0425,0
11872,21280.0,0.03586,0.05034,0,5.8,0.381,0.0441,0
11873,12230.0,0.04587,0.03949,0,3.2,0.486,0.06,0
11874,17050.0,0.03827,0.04055,66,5.8,0.204,0.0313,0
11875,1070.0,0.05019,0.03099,0,5.9,0.357,0.0485,0
11876,9530.0,0.03573,0.02993,0,0.6,0.313,0.0501,0
11877,4650.0,0.01799,0.01447,248,6.6,0.278,0.0469,0
11878,4330.0,0.00986,0.01611,0,1.0,0.204,0.0764,0
11879,26120.0,0.01858,0.00677,0,5.8,0.338,0.0771,0
11880,5880.0,0.02392,0.08976,0,3.8,0.302,0.0715,0
11881,1790.0,0.10659,0.05003,0,5.7,0.26,0.0507,0
11882,18440.0,0.01241,0.01085,0,4.7,0.562,0.0735,0
11883,13190.0,0.02725,0.03237,0,5.6,0.369,0.0692,0
11884,9800.0,0.04905,0.06859,0,3.8,0.578,0.0373,0
11885,16310.0,0.01994,0.01849,0,4.4,0.293,0.0735,0
11886,7050.0,0.04414,0.02428,0,6.6,0.202,0.067,0
11887,15010.0,0.02343,0.01944,0,6.9,0.526,0.0313,0
11888,20510.0,0.02646,0.04265,0,4.3,0.345,0.04,0
11889,3790.0,0.01233,0.0126,0,5.8,0.564,0.0752,0
11890,18430.0,0.03052,0.03338,0,2.5,0.375,0.0332,0
11891,23760.0,0.01913,0.05076,0,1.1,0.493,0.032,0
11892,2550.0,0.00809,0.003,0,3.7,0.574,0.0363,0
11893,37280.0,0.01705,0.01655,0,3.6,0.209,0.0321,0
11894,21310.0,0.01626,0.01939,13,4.9,0.358,0.0779,0
11895,12140.0,0.0769,0.07204,0,6.6,0.285,0.0634,0
11896,10580.0,0.10734,0.21073,0,3.0,0.445,0.045,0
11897,2740.0,0.02887,0.01872,29,3.6,0.271,0.0417,0
11898,6210.0,0.01065,0.0299,0,2.7,0.498,0.0392,0
11899,27430.0,0.01525,0.03292,0,5.2,0.457,0.0617,0
11900,11490.0,0.01944,0.01277,0,0.6,0.395,0.0394,0
11901,4850.0,0.04117,0.0275,0,1.7,0.577,0.0333,0
11902,28130.0,0.03385,0.01971,0,3.6,0.397,0.0544,0
11903,3090.0,0.03842,0.06369,0,3.5,0.462,0.0639,0
11904,10660.0,0.00965,0.01911,0,1.7,0.23,0.0526,0
11905,18350.0,0.00759,0.01607,362,3.0,0.475,0.0316,0
11906,55950.0,0.04918,0.08388,0,2.8,0.335,0.0494,0
11907,6930.0,0.04357,0.0217,0,1.1,0.402,0.0575,0
11908,6870.0,0.01615,0.0096,0,4.9,0.546,0.0584,0
11909,28240.0,0.02056,0.03563,0,1.4,0.366,0.0315,0
11910,6040.0,0.01714,0.00805,89,2.8,0.558,0.0325,0
11911,24410.0,0.01244,0.01019,0,4.1,0.407,0.0328,0
11912,9990.0,0.01992,0.03482,0,5.7,0.566,0.0583,0
11913,81400.0,0.03103,0.19237,0,3.7,0.456,0.0586,0
11914,9590.0,0.0055,0.00266,0,1.6,0.209,0.0467,0
11915,12170.0,0.01375,0.02314,0,0.8,0.246,0.0618,0
11916,5860.0,0.00991,0.00456,0,3.9,0.53,0.0383,0
11917,12590.0,0.01082,0.01539,139,2.7,0.573,0.0788,0
11918,4630.0,0.04147,0.06377,2,1.2,0.312,0.038,0
11919,38900.0,0.01473,0.03809,0,3.4,0.352,0.0673,0
11920,5770.0,0.01916,0.05097,0,4.1,0.538,0.0727,0
11921,3990.0,0.02199,0.0184,0,7.0,0.589,0.0746,0
11922,61170.0,0.06993,0.03343,0,1.7,0.407,0.0529,0
11923,5050.0,0.01321,0.01466,0,3.5,0.522,0.0328,1
11924,2730.0,0.03655,0.04025,0,4.9,0.467,0.0375,0
11925,17740.0,0.0435,0.03685,0,1.0,0.238,0.0547,0
11926,11630.0,0.02516,0.01923,0,6.1,0.445,0.0575,0
11927,17400.0,0.02536,0.02277,0,1.8,0.511,0.0728,0
11928,28700.0,0.00513,0.00317,0,4.0,0.43,0.0354,0
11929,26920.0,0.03605,0.14498,0,4.1,0.543,0.0441,0
11930,7600.0,0.03867,0.03858,0,6.8,0.477,0.0488,0
11931,22060.0,0.01422,0.01173,0,2.6,0.301,0.0401,0
11932,19100.0,0.01707,0.01417,0,0.6,0.57,0.0589,0
11933,13700.0,0.02001,0.04054,0,1.1,0.29,0.0373,0
11934,39550.0,0.04097,0.02093,0,4.3,0.444,0.0594,0
11935,7210.0,0.01418,0.01165,0,1.8,0.414,0.0704,0
11936,11840.0,0.01021,0.00926,0,3.0,0.524,0.0433,0
11937,4120.0,0.0274,0.01703,0,1.3,0.384,0.0385,0
11938,5170.0,0.02737,0.02042,0,4.2,0.393,0.0471,0
11939,8410.0,0.00584,0.0069,0,2.3,0.509,0.0401,0
11940,4330.0,0.01467,0.02287,0,2.6,0.497,0.0792,0
11941,1780.0,0.02052,0.01874,0,0.9,0.22,0.0524,0
11942,15230.0,0.02538,0.02141,0,3.4,0.313,0.0789,0
11943,38170.0,0.0185,0.00803,0,3.4,0.203,0.0788,0
11944,9560.0,0.03222,0.06082,0,3.7,0.255,0.0543,0
11945,8200.0,0.01002,0.02614,0,2.6,0.456,0.0448,0
11946,24110.0,0.01044,0.00833,0,2.7,0.506,0.0601,0
11947,5300.0,0.01463,0.01163,45,5.4,0.349,0.0391,0
11948,46580.0,0.0177,0.01338,0,4.6,0.221,0.0567,0
11949,9020.0,0.01424,0.01149,0,1.3,0.579,0.0532,0
11950,9110.0,0.00345,0.00431,0,4.0,0.207,0.0687,0
11951,19170.0,0.01222,0.00539,0,6.0,0.461,0.0315,0
11952,12380.0,0.0181,0.01551,35,3.6,0.29,0.0571,0
11953,14350.0,0.01788,0.01649,0,2.7,0.379,0.0687,0
11954,5870.0,0.01119,0.02767,0,5.6,0.501,0.0596,0
11955,15770.0,0.0143,0.01275,187,4.1,0.567,0.0721,0
11956,25750.0,0.02781,0.03078,0,5.1,0.313,0.0454,0
11957,5520.0,0.01172,0.00983,0,6.5,0.441,0.0571,0
11958,6560.0,0.01539,0.02194,0,6.3,0.246,0.0326,0
11959,23230.0,0.02261,0.01786,0,4.3,0.379,0.0477,0
11960,2780.0,0.00739,0.00942,0,5.3,0.326,0.0437,0
11961,6420.0,0.01779,0.0268,0,5.8,0.586,0.0428,0
11962,27600.0,0.02101,0.04595,0,4.5,0.538,0.0687,0
11963,6770.0,0.01528,0.04216,0,1.5,0.557,0.0495,0
11964,3670.0,0.0167,0.01396,0,4.8,0.384,0.0545,0
11965,28120.0,0.01895,0.03912,0,5.4,0.372,0.0701,0
11966,6090.0,0.04203,0.02011,0,3.2,0.489,0.0564,0
11967,18280.0,0.03138,0.02676,292,6.7,0.387,0.0426,0
11968,8680.0,0.0303,0.03607,0,4.2,0.404,0.0686,0
11969,13470.0,0.01029,0.00613,0,6.9,0.355,0.032,0
11970,4990.0,0.00917,0.03826,0,2.2,0.28,0.0351,0
11971,16270.0,0.01547,0.05123,0,3.1,0.483,0.0588,0
11972,17130.0,0.00748,0.00984,0,1.6,0.37,0.0779,0
11973,12680.0,0.03627,0.02497,0,3.3,0.291,0.0513,0
11974,23330.0,0.01217,0.01019,0,1.1,0.551,0.0529,0
11975,3470.0,0.02276,0.04404,324,1.2,0.326,0.0754,0
11976,4070.0,0.03812,0.03588,0,2.3,0.585,0.0358,0
11977,14960.0,0.02107,0.02128,0,5.5,0.371,0.0729,0
11978,12280.0,0.07737,0.09732,0,1.9,0.448,0.0554,0
11979,10730.0,0.02805,0.03655,0,6.8,0.583,0.0575,0
11980,6150.0,0.01927,0.01637,0,1.5,0.234,0.0799,0
11981,17740.0,0.01424,0.01494,0,4.2,0.288,0.0376,0
11982,18370.0,0.01245,0.01144,0,5.1,0.438,0.0568,0
11983,7610.0,0.03531,0.04664,0,3.7,0.351,0.0332,0
11984,14040.0,0.01201,0.02597,0,5.7,0.251,0.0754,0
11985,25510.0,0.04847,0.02853,0,3.1,0.52,0.0335,0
11986,1870.0,0.01882,0.01713,0,1.8,0.42,0.0363,0
11987,53740.0,0.03325,0.05363,41,2.1,0.505,0.0562,0
11988,36840.0,0.03045,0.05512,0,5.6,0.389,0.0531,0
11989,15830.0,0.03242,0.01433,0,6.9,0.428,0.0542,0
11990,8770.0,0.02176,0.02604,0,3.4,0.415,0.0706,0
11991,9540.0,0.03285,0.02507,0,3.3,0.581,0.0758,0
11992,33200.0,0.01049,0.03331,0,2.2,0.536,0.0584,0
11993,10960.0,0.02559,0.03547,0,5.7,0.405,0.0363,0
11994,10000.0,0.02965,0.03386,0,1.6,0.481,0.0767,0
11995,14560.0,0.04018,0.04856,0,3.5,0.526,0.046,0
11996,8020.0,0.02803,0.03412,0,5.0,0.374,0.0673,0
11997,11340.0,0.01782,0.03443,0,3.3,0.528,0.0732,0
11998,16310.0,0.01452,0.01071,0,4.0,0.495,0.044,0
11999,12680.0,0.01985,0.00929,0,2.9,0.557,0.0358,0
12000,9380.0,0.01302,0.00515,0,2.1,0.311,0.0456,0
12001,12960.0,0.0144,0.02229,0,1.7,0.278,0.0499,0
12002,4270.0,0.01792,0.01274,0,6.2,0.227,0.0588,0
12003,7530.0,0.07613,0.06207,70,6.1,0.303,0.0436,0
12004,14690.0,0.02228,0.01018,0,0.5,0.365,0.0712,0
12005,70590.0,0.05604,0.04791,0,5.8,0.358,0.0705,0
12006,11400.0,0.01969,0.01316,0,6.0,0.296,0.0616,0
12007,4590.0,0.0207,0.02092,0,2.3,0.273,0.0582,0
12008,3780.0,0.06371,0.15888,0,6.6,0.287,0.0384,0
12009,28000.0,0.04816,0.02055,0,1.6,0.374,0.033,0
12010,10900.0,0.01784,0.03346,0,1.2,0.55,0.0794,0
12011,17390.0,0.00781,0.01272,0,1.1,0.446,0.0706,0
12012,14580.0,0.02322,0.04035,17,3.3,0.332,0.0399,0
12013,6160.0,0.03076,0.07982,0,0.8,0.353,0.0646,0
12014,8210.0,0.01648,0.01234,0,6.5,0.447,0.0455,0
12015,2070.0,0.02043,0.01811,0,6.9,0.32,0.0478,0
12016,1970.0,0.0551,0.07518,0,3.4,0.377,0.0376,0
12017,12730.0,0.01504,0.01043,0,4.7,0.292,0.0438,0
12018,15120.0,0.03187,0.04488,0,4.9,0.316,0.0706,0
12019,15500.0,0.0177,0.01863,0,4.4,0.436,0.0651,0
12020,9660.0,0.00802,0.01546,0,4.4,0.457,0.0401,0
12021,6870.0,0.00366,0.00484,0,3.0,0.272,0.0429,0
12022,10880.0,0.01251,0.00914,0,1.8,0.519,0.0373,0
12023,14940.0,0.03566,0.04274,0,6.4,0.413,0.0565,0
12024,70750.0,0.01367,0.01555,0,6.8,0.465,0.0384,0
12025,6730.0,0.02097,0.02254,0,3.7,0.457,0.0413,0
12026,15350.0,0.05961,0.09271,0,1.5,0.43,0.0487,0
12027,8150.0,0.00482,0.00298,0,5.8,0.292,0.0759,0
12028,4200.0,0.03571,0.02465,0,5.7,0.3,0.044,0
12029,16650.0,0.02606,0.0261,0,2.2,0.234,0.0446,0
12030,4710.0,0.11035,0.06112,0,3.3,0.508,0.0755,0
12031,8120.0,0.04059,0.01654,0,1.7,0.356,0.0786,0
12032,9460.0,0.02768,0.00907,0,3.7,0.393,0.0355,0
12033,15400.0,0.00646,0.0093,0,6.9,0.472,0.0367,0
12034,6910.0,0.01443,0.01961,0,4.1,0.275,0.0562,0
12035,5850.0,0.04404,0.08328,0,6.4,0.214,0.0512,0
12036,19550.0,0.02627,0.04581,0,6.7,0.438,0.0798,0
12037,5230.0,0.04055,0.0529,0,2.9,0.5,0.078,0
12038,7050.0,0.01588,0.00836,0,5.6,0.227,0.0751,0
12039,24850.0,0.01284,0.0164,0,0.6,0.391,0.0378,0
12040,20250.0,0.05309,0.03607,0,6.6,0.46,0.0745,0
12041,7360.0,0.01502,0.04,0,0.8,0.541,0.0698,0
12042,6550.0,0.02089,0.06176,0,2.9,0.413,0.0319,0
12043,20260.0,0.02776,0.02467,51,4.7,0.589,0.0589,0
12044,50710.0,0.01545,0.02365,0,6.9,0.45,0.0439,0
12045,5660.0,0.03611,0.0468,0,2.2,0.339,0.0492,0
12046,24450.0,0.01999,0.01609,0,6.6,0.517,0.0694,0
12047,19280.0,0.00954,0.02225,0,5.3,0.506,0.0428,0
12048,11430.0,0.02258,0.01772,0,6.5,0.31,0.0363,0
12049,15000.0,0.01666,0.02519,0,1.8,0.579,0.0471,0
12050,3150.0,0.01887,0.00653,0,2.5,0.418,0.0527,0
12051,16950.0,0.0294,0.02971,0,6.9,0.509,0.0719,0
12052,30040.0,0.05043,0.05542,0,4.3,0.346,0.041,0
12053,18570.0,0.03855,0.01688,0,1.0,0.282,0.0594,0
12054,4010.0,0.05557,0.04072,0,4.6,0.562,0.0397,0
12055,7680.0,0.00514,0.00318,0,6.5,0.417,0.0426,0
12056,29170.0,0.03782,0.03742,0,3.0,0.6,0.036,0
12057,10660.0,0.05528,0.09583,8,1.3,0.236,0.0638,0
12058,12350.0,0.04212,0.06547,0,5.9,0.427,0.0731,0
12059,5200.0,0.01633,0.0167,0,4.8,0.386,0.0375,0
12060,6010.0,0.00535,0.00298,0,6.7,0.3,0.0475,0
12061,12450.0,0.00984,0.00968,0,1.2,0.585,0.0681,0
12062,17610.0,0.01923,0.01093,0,1.3,0.365,0.06,0
12063,12360.0,0.1085,0.34336,0,6.2,0.516,0.0604,0
12064,30310.0,0.00773,0.01685,0,4.5,0.214,0.0468,0
12065,39220.0,0.01713,0.00975,0,3.2,0.532,0.0713,0
12066,17310.0,0.05255,0.0352,0,2.5,0.233,0.068,0
12067,25070.0,0.02812,0.03155,0,1.3,0.28,0.031,0
12068,12790.0,0.0111,0.00702,0,0.6,0.373,0.0664,0
12069,24790.0,0.00587,0.00579,0,4.4,0.342,0.0517,0
12070,1000.0,0.04751,0.05034,137,2.4,0.418,0.0731,0
12071,5250.0,0.02523,0.03281,0,5.4,0.557,0.0457,0
12072,15380.0,0.05912,0.09721,0,3.2,0.282,0.0674,0
12073,14520.0,0.01122,0.01579,0,4.2,0.219,0.041,0
12074,3150.0,0.06142,0.02768,0,2.5,0.371,0.0613,0
12075,11440.0,0.00875,0.00632,27,5.7,0.395,0.0465,0
12076,7200.0,0.01081,0.00955,0,5.9,0.229,0.0471,0
12077,27710.0,0.04584,0.03252,19,2.8,0.308,0.0596,0
12078,39050.0,0.00843,0.01621,0,2.6,0.583,0.0737,0
12079,13420.0,0.00976,0.00783,0,5.3,0.26,0.0425,0
12080,21130.0,0.01731,0.05987,0,3.5,0.256,0.0568,0
12081,5740.0,0.002,0.002,0,6.3,0.59,0.0785,0
12082,11860.0,0.02885,0.02888,0,6.3,0.417,0.0543,0
12083,8220.0,0.0318,0.09088,0,2.7,0.359,0.0306,0
12084,22580.0,0.01938,0.04801,0,5.0,0.352,0.0387,0
12085,7860.0,0.05919,0.03782,0,4.5,0.377,0.0457,0
12086,6500.0,0.00702,0.00731,0,3.5,0.546,0.0486,0
12087,12260.0,0.01991,0.01211,0,0.6,0.438,0.0757,1
12088,7770.0,0.02691,0.05204,0,4.4,0.225,0.0476,0
12089,11440.0,0.01393,0.01026,277,5.8,0.215,0.0799,0
12090,5950.0,0.01325,0.02039,0,2.8,0.389,0.071,0
12091,7110.0,0.00434,0.01089,0,4.5,0.258,0.03,0
12092,13890.0,0.01471,0.01222,0,5.1,0.399,0.0413,0
12093,10150.0,0.00835,0.00407,0,2.5,0.274,0.051,0
12094,5960.0,0.04346,0.04435,0,5.5,0.2,0.0577,0
12095,13630.0,0.03554,0.04519,0,2.2,0.267,0.0362,0
12096,4860.0,0.08512,0.08794,0,0.8,0.471,0.0485,0
12097,7760.0,0.03232,0.01653,0,1.4,0.52,0.0427,0
12098,26280.0,0.04396,0.06547,0,1.7,0.567,0.0404,0
12099,37890.0,0.0164,0.01362,0,5.3,0.459,0.038,0
12100,16560.0,0.00769,0.01671,0,3.6,0.393,0.0443,0
12101,15200.0,0.02749,0.01794,0,4.3,0.428,0.0777,0
12102,6480.0,0.0308,0.04547,0,4.4,0.445,0.0795,0
12103,133330.0,0.02835,0.06155,0,0.9,0.544,0.0371,0
12104,24290.0,0.00881,0.0091,0,2.9,0.557,0.0561,0
12105,5050.0,0.03704,0.03947,0,4.8,0.469,0.0446,0
12106,13680.0,0.03354,0.06288,0,5.9,0.489,0.0558,0
12107,27650.0,0.04341,0.03597,60,4.9,0.276,0.0777,0
12108,14910.0,0.01709,0.01253,0,6.0,0.248,0.0432,0
12109,9920.0,0.01226,0.00865,0,6.7,0.412,0.0452,0
12110,11310.0,0.00964,0.01736,0,1.7,0.568,0.0677,0
12111,5760.0,0.06305,0.0488,0,5.8,0.268,0.0783,0
12112,14910.0,0.01228,0.01578,0,6.0,0.553,0.0436,0
12113,10590.0,0.00336,0.0026,27,2.4,0.432,0.0545,0
12114,5070.0,0.00649,0.00843,0,2.1,0.509,0.0484,1
12115,2580.0,0.03647,0.028,0,5.2,0.507,0.0411,0
12116,24530.0,0.02445,0.03134,0,6.9,0.393,0.046,0
12117,24270.0,0.018,0.02119,0,4.8,0.494,0.0594,0
12118,5240.0,0.03102,0.05858,0,3.6,0.352,0.0509,0
12119,5890.0,0.00642,0.00718,79,1.2,0.493,0.0433,1
12120,24010.0,0.01886,0.03549,154,5.9,0.512,0.0742,0
12121,18640.0,0.03582,0.03932,0,1.0,0.392,0.0617,0
12122,21280.0,0.02213,0.04657,0,2.8,0.499,0.0748,0
12123,25410.0,0.03235,0.03279,0,5.5,0.586,0.054,0
12124,40690.0,0.05727,0.10843,49,5.1,0.373,0.0518,0
12125,1000.0,0.02246,0.01989,0,3.9,0.541,0.0581,0
12126,1940.0,0.00847,0.00614,0,3.7,0.314,0.045,0
12127,10020.0,0.01715,0.02694,0,5.8,0.433,0.0591,0
12128,32220.0,0.03129,0.08888,0,4.3,0.294,0.0542,0
12129,12870.0,0.02416,0.0166,0,0.9,0.389,0.0626,0
12130,8750.0,0.01121,0.00816,0,3.5,0.286,0.0493,0
12131,21610.0,0.02662,0.02356,0,3.9,0.345,0.0554,0
12132,49330.0,0.01944,0.02714,0,3.5,0.331,0.0749,0
12133,15580.0,0.03682,0.02653,0,3.2,0.45,0.063,0
12134,24990.0,0.02039,0.01893,0,4.8,0.226,0.0748,0
12135,9570.0,0.00487,0.00872,0,5.8,0.433,0.0306,0
12136,5520.0,0.03305,0.05691,266,4.3,0.338,0.0601,0
12137,3040.0,0.02001,0.01677,0,2.3,0.556,0.0436,0
12138,4410.0,0.01687,0.0217,0,7.0,0.263,0.05,0
12139,13790.0,0.01443,0.03472,0,6.3,0.355,0.0438,0
12140,29030.0,0.02177,0.00337,0,2.8,0.31,0.0485,0
12141,3820.0,0.06476,0.30297,0,6.3,0.259,0.0749,0
12142,36790.0,0.02013,0.04607,0,3.3,0.254,0.0675,0
12143,11190.0,0.02997,0.04813,0,4.9,0.272,0.0633,0
12144,40930.0,0.03368,0.01872,0,3.4,0.355,0.0618,0
12145,16550.0,0.04561,0.06289,0,3.0,0.44,0.0536,0
12146,6380.0,0.07193,0.05779,0,2.2,0.589,0.0413,0
12147,9180.0,0.04272,0.02399,0,2.7,0.287,0.0489,0
12148,19650.0,0.01532,0.08663,0,2.4,0.266,0.0438,0
12149,15820.0,0.01304,0.02373,0,1.1,0.584,0.0451,0
12150,3090.0,0.01388,0.02601,0,0.7,0.431,0.0755,0
12151,16760.0,0.00679,0.00728,0,4.6,0.229,0.0323,0
12152,24790.0,0.03248,0.03242,0,4.3,0.481,0.0584,0
12153,21230.0,0.05009,0.0797,0,2.2,0.561,0.0301,0
12154,96300.0,0.00496,0.00781,0,6.9,0.239,0.0522,0
12155,20690.0,0.02495,0.01362,0,5.0,0.5,0.0457,0
12156,6930.0,0.00812,0.00629,0,3.8,0.52,0.0692,0
12157,20210.0,0.02289,0.08183,0,5.0,0.44,0.0762,0
12158,6680.0,0.03718,0.02957,0,6.5,0.534,0.071,0
12159,17300.0,0.02719,0.0204,85,5.0,0.289,0.039,0
12160,39690.0,0.01506,0.00989,0,0.8,0.568,0.0774,0
12161,5290.0,0.00432,0.00515,0,4.6,0.381,0.0449,0
12162,11340.0,0.0186,0.04238,0,6.8,0.593,0.0369,0
12163,20960.0,0.0301,0.01116,0,4.7,0.565,0.0483,0
12164,47110.0,0.01049,0.03552,0,6.1,0.395,0.0626,0
12165,27460.0,0.01279,0.01024,0,5.0,0.289,0.0578,0
12166,6150.0,0.04139,0.07108,0,2.1,0.231,0.0795,0
12167,3380.0,0.01245,0.01968,0,5.8,0.396,0.0361,0
12168,9470.0,0.01266,0.01563,0,3.8,0.567,0.0524,0
12169,36410.0,0.06668,0.05329,0,5.3,0.504,0.0363,0
12170,44060.0,0.01042,0.02219,0,2.6,0.468,0.0403,0
12171,46240.0,0.01814,0.00868,0,6.4,0.279,0.0394,0
12172,4780.0,0.02367,0.03028,0,1.8,0.354,0.0407,0
12173,26330.0,0.02819,0.08621,0,4.3,0.437,0.0785,0
12174,2970.0,0.0088,0.01028,0,1.8,0.581,0.0598,0
12175,10210.0,0.00203,0.00223,0,4.0,0.444,0.075,0
12176,6770.0,0.01128,0.02876,0,0.7,0.36,0.0495,0
12177,19840.0,0.0314,0.01737,0,5.0,0.241,0.0329,0
12178,36170.0,0.01524,0.02421,0,5.3,0.401,0.0753,0
12179,11310.0,0.01281,0.00798,0,0.8,0.228,0.0321,0
12180,37660.0,0.07691,0.24233,0,2.2,0.425,0.0683,0
12181,24180.0,0.01056,0.00602,0,6.3,0.262,0.051,0
12182,30660.0,0.04513,0.02414,0,2.5,0.44,0.064,0
12183,9010.0,0.00898,0.0162,0,4.3,0.412,0.0447,0
12184,8780.0,0.02819,0.03434,0,3.4,0.262,0.0356,0
12185,4260.0,0.04927,0.03375,0,4.5,0.38,0.056,0
12186,7970.0,0.01225,0.0104,0,6.3,0.295,0.0726,0
12187,11310.0,0.02812,0.04149,0,2.1,0.231,0.0744,0
12188,2760.0,0.04606,0.04832,0,6.9,0.432,0.0521,0
12189,25620.0,0.01896,0.04296,0,4.7,0.594,0.0308,0
12190,48000.0,0.03615,0.0765,29,6.0,0.562,0.0489,0
12191,22640.0,0.01513,0.02373,0,6.8,0.422,0.0501,0
12192,1530.0,0.01263,0.03303,0,4.4,0.303,0.0319,0
12193,20150.0,0.00353,0.00204,0,3.7,0.361,0.0481,0
12194,5020.0,0.02586,0.02489,0,6.9,0.569,0.072,0
12195,5040.0,0.05285,0.21335,0,6.8,0.354,0.075,0
12196,4040.0,0.00706,0.01182,0,1.3,0.291,0.0362,0
12197,10890.0,0.00763,0.00876,0,6.3,0.446,0.0708,0
12198,13130.0,0.02304,0.01596,0,5.9,0.487,0.0757,0
12199,7000.0,0.07679,0.0691,0,5.7,0.566,0.0757,0
12200,10020.0,0.02884,0.03063,0,6.5,0.366,0.0669,0
12201,36790.0,0.02596,0.03924,0,3.5,0.55,0.078,0
12202,5850.0,0.00797,0.00825,0,2.5,0.595,0.0782,0
12203,11600.0,0.02605,0.01719,0,5.8,0.561,0.0702,0
12204,5740.0,0.0535,0.07973,0,1.6,0.295,0.0524,0
12205,21910.0,0.02106,0.02072,0,3.4,0.315,0.0309,0
12206,65320.0,0.05293,0.03765,0,5.7,0.307,0.0322,0
12207,13290.0,0.01683,0.01878,0,1.6,0.373,0.0627,0
12208,9850.0,0.02369,0.0192,0,5.4,0.311,0.0721,0
12209,12090.0,0.00561,0.00405,0,2.5,0.279,0.0525,0
12210,12700.0,0.00403,0.01183,0,3.0,0.275,0.0616,0
12211,30930.0,0.01336,0.00837,0,5.3,0.548,0.0765,0
12212,10600.0,0.01868,0.08015,0,3.8,0.425,0.0426,0
12213,3340.0,0.03438,0.06643,0,4.1,0.584,0.0496,0
12214,11430.0,0.03647,0.02096,70,5.9,0.347,0.0352,0
12215,9390.0,0.00933,0.0285,0,4.0,0.33,0.0415,0
12216,27450.0,0.02234,0.02586,272,6.9,0.216,0.0624,0
12217,4780.0,0.02461,0.08639,0,2.9,0.385,0.0693,0
12218,16130.0,0.01577,0.01072,0,5.2,0.487,0.044,0
12219,28640.0,0.0249,0.02098,0,6.6,0.455,0.039,0
12220,7910.0,0.03179,0.0144,0,3.7,0.466,0.0759,0
12221,3880.0,0.00523,0.00338,0,4.4,0.536,0.0312,0
12222,7030.0,0.01903,0.01778,0,3.2,0.257,0.0474,0
12223,2350.0,0.00683,0.00762,0,2.6,0.508,0.0672,0
12224,19920.0,0.02803,0.02235,0,2.8,0.562,0.0333,0
12225,37630.0,0.00638,0.00576,0,5.0,0.477,0.0402,0
12226,21120.0,0.01367,0.01758,0,4.3,0.523,0.0632,0
12227,5270.0,0.0277,0.01914,0,3.2,0.232,0.0447,0
12228,5900.0,0.03796,0.02024,0,2.4,0.467,0.0705,0
12229,33910.0,0.0206,0.02325,0,4.7,0.446,0.0701,0
12230,56730.0,0.02029,0.02468,0,1.6,0.273,0.0663,0
12231,2380.0,0.05378,0.02411,0,4.6,0.328,0.0448,0
12232,18970.0,0.1462,0.17467,0,1.2,0.245,0.0421,0
12233,9010.0,0.01467,0.01168,0,3.9,0.432,0.0305,0
12234,7140.0,0.05529,0.01687,0,3.8,0.562,0.0344,0
12235,5840.0,0.01917,0.0372,0,1.6,0.409,0.0656,0
12236,34660.0,0.02299,0.01167,0,2.1,0.328,0.0752,0
12237,4070.0,0.01131,0.01672,0,6.8,0.514,0.0447,0
12238,26110.0,0.00822,0.00879,0,2.5,0.399,0.0708,0
12239,75130.0,0.03558,0.07709,0,4.9,0.263,0.068,0
12240,12650.0,0.00683,0.01166,0,6.5,0.498,0.0776,0
12241,11560.0,0.00689,0.00783,54,4.1,0.527,0.0518,0
12242,11430.0,0.01865,0.02806,0,1.2,0.324,0.0607,0
12243,21800.0,0.00743,0.01268,0,5.7,0.243,0.0515,0
12244,15790.0,0.01692,0.00573,0,5.0,0.241,0.065,0
12245,10130.0,0.01848,0.0179,0,4.8,0.399,0.052,0
12246,37220.0,0.01164,0.00754,0,1.9,0.277,0.042,0
12247,9520.0,0.00543,0.02158,0,2.1,0.454,0.0311,0
12248,21090.0,0.01706,0.01787,0,2.0,0.286,0.0608,0
12249,3290.0,0.00694,0.00693,0,1.9,0.461,0.0564,0
12250,32100.0,0.01734,0.01283,27,5.8,0.558,0.0657,0
12251,6180.0,0.01136,0.01084,0,6.6,0.401,0.0768,0
12252,2580.0,0.03857,0.05712,0,4.5,0.419,0.038,0
12253,11150.0,0.03537,0.07378,0,4.5,0.517,0.0667,0
12254,14060.0,0.08533,0.08013,4,5.9,0.381,0.058,1
12255,14110.0,0.04026,0.04492,0,6.1,0.452,0.0309,0
12256,3230.0,0.0242,0.01899,0,4.1,0.388,0.0768,0
12257,8330.0,0.00984,0.00621,0,3.0,0.567,0.0365,0
12258,5660.0,0.00575,0.00414,0,6.9,0.393,0.0472,0
12259,29540.0,0.05545,0.03952,0,1.7,0.599,0.0706,0
12260,34710.0,0.01787,0.02541,0,1.9,0.466,0.0648,0
12261,12520.0,0.01993,0.03388,0,2.9,0.29,0.0547,0
12262,16600.0,0.015,0.02407,59,1.2,0.54,0.0433,0
12263,20840.0,0.01347,0.04956,0,6.0,0.542,0.0355,0
12264,5160.0,0.0277,0.01811,0,3.3,0.475,0.0358,0
12265,4230.0,0.0548,0.16355,0,4.1,0.523,0.0343,0
12266,7810.0,0.02989,0.02401,0,3.9,0.539,0.0319,0
12267,8880.0,0.01488,0.02192,0,3.0,0.433,0.0507,0
12268,27080.0,0.01003,0.01786,0,5.4,0.503,0.0676,0
12269,8780.0,0.01501,0.01113,0,5.7,0.531,0.062,0
12270,24320.0,0.01311,0.02234,0,5.6,0.505,0.0557,0
12271,3270.0,0.02613,0.07471,0,2.0,0.412,0.0514,0
12272,9690.0,0.01491,0.02657,0,0.7,0.449,0.0465,0
12273,2970.0,0.01352,0.01622,0,3.9,0.434,0.0727,0
12274,6840.0,0.02953,0.0265,0,3.9,0.378,0.0384,0
12275,11210.0,0.02872,0.06321,7,2.8,0.55,0.0586,0
12276,9410.0,0.01066,0.01515,0,6.9,0.432,0.0347,0
12277,20550.0,0.09138,0.13031,0,3.1,0.33,0.0626,0
12278,26730.0,0.00486,0.0026,43,4.7,0.426,0.045,0
12279,3890.0,0.0076,0.00499,0,4.8,0.316,0.074,0
12280,14780.0,0.01545,0.02559,0,4.9,0.562,0.0449,0
12281,43050.0,0.00943,0.00915,0,1.7,0.573,0.037,0
12282,11250.0,0.02043,0.01997,0,4.9,0.292,0.0689,0
12283,2400.0,0.01834,0.01985,215,5.1,0.378,0.0754,0
12284,20720.0,0.01385,0.02936,0,4.9,0.501,0.0713,0
12285,19930.0,0.01791,0.02373,0,3.2,0.44,0.0781,0
12286,8720.0,0.05797,0.12859,0,2.8,0.228,0.0624,0
12287,24710.0,0.04241,0.01488,15,4.1,0.47,0.0396,0
12288,16450.0,0.0108,0.00898,0,4.3,0.252,0.0525,0
12289,25390.0,0.01828,0.02228,0,6.9,0.385,0.039,0
12290,3830.0,0.0286,0.03353,0,1.2,0.463,0.0696,1
12291,6040.0,0.03924,0.05802,0,3.4,0.373,0.0342,0
12292,49560.0,0.02169,0.03136,0,3.7,0.239,0.0389,0
12293,16470.0,0.01449,0.02622,0,3.2,0.526,0.047,0
12294,16950.0,0.01508,0.00882,0,5.0,0.254,0.0504,0
12295,16160.0,0.01061,0.01071,13,5.8,0.439,0.0575,0
12296,15830.0,0.04142,0.05543,0,3.3,0.499,0.0776,0
12297,14110.0,0.01919,0.0226,0,4.7,0.46,0.0679,0
12298,2480.0,0.01589,0.01721,0,7.0,0.295,0.0568,0
12299,13010.0,0.04657,0.03832,0,1.2,0.467,0.051,0
12300,18970.0,0.00977,0.02228,34,2.2,0.212,0.0712,0
12301,48640.0,0.04412,0.01551,0,2.2,0.332,0.0336,0
12302,9740.0,0.01022,0.01215,0,1.1,0.403,0.0389,0
12303,31630.0,0.03388,0.04346,0,0.8,0.241,0.0663,0
12304,4680.0,0.00839,0.01371,92,6.5,0.225,0.0528,1
12305,9560.0,0.0174,0.01219,0,0.8,0.295,0.0549,0
12306,4600.0,0.02035,0.03552,0,4.0,0.434,0.0491,0
12307,18940.0,0.00795,0.02833,0,4.3,0.425,0.0593,0
12308,4720.0,0.02658,0.0397,0,1.2,0.486,0.0383,0
12309,16270.0,0.00793,0.00467,0,1.3,0.445,0.0312,0
12310,7270.0,0.03293,0.07268,0,0.8,0.303,0.0664,0
12311,8310.0,0.02446,0.01488,0,4.6,0.427,0.0584,1
12312,8900.0,0.01893,0.0225,0,4.6,0.32,0.0796,0
12313,9870.0,0.05141,0.05307,0,4.8,0.474,0.0315,0
12314,12930.0,0.01458,0.01237,0,1.0,0.398,0.0594,0
12315,3370.0,0.0212,0.01328,0,1.0,0.216,0.0414,0
12316,13640.0,0.02061,0.01707,0,2.3,0.457,0.0445,0
12317,9770.0,0.01086,0.02487,0,5.8,0.399,0.0521,0
12318,9390.0,0.01211,0.0372,0,2.1,0.233,0.0378,0
12319,3710.0,0.06841,0.02923,0,3.7,0.352,0.0766,0
12320,12970.0,0.04156,0.04392,0,6.6,0.281,0.0441,0
12321,13640.0,0.01375,0.01357,0,1.9,0.583,0.0686,0
12322,8070.0,0.00919,0.00965,0,2.1,0.455,0.0496,0
12323,17580.0,0.00886,0.01504,0,4.1,0.21,0.0381,0
12324,23760.0,0.02909,0.02407,0,1.8,0.599,0.0774,0
12325,13100.0,0.07538,0.03771,0,1.6,0.515,0.0507,0
12326,5920.0,0.01308,0.00683,0,0.5,0.206,0.0551,0
12327,8280.0,0.02184,0.03415,0,4.3,0.574,0.0614,0
12328,43590.0,0.04118,0.05928,0,2.9,0.266,0.0403,0
12329,9140.0,0.01502,0.01249,0,4.0,0.322,0.0373,0
12330,26860.0,0.01683,0.03298,0,4.6,0.325,0.0696,0
12331,2990.0,0.03078,0.04282,0,1.7,0.507,0.0428,0
12332,4700.0,0.00579,0.01011,0,1.9,0.269,0.0697,0
12333,9840.0,0.02302,0.03519,0,3.3,0.427,0.0428,0
12334,9450.0,0.00339,0.002,17,4.1,0.337,0.056,0
12335,6480.0,0.00845,0.01628,0,2.2,0.241,0.0742,0
12336,5980.0,0.00698,0.0082,0,2.9,0.317,0.0363,0
12337,8420.0,0.02154,0.05186,0,2.0,0.538,0.046,0
12338,10160.0,0.01509,0.0417,0,4.1,0.566,0.0583,0
12339,8290.0,0.01733,0.00909,0,4.0,0.223,0.0675,0
12340,13370.0,0.01099,0.02341,0,3.5,0.256,0.0588,0
12341,2390.0,0.01255,0.00834,0,3.6,0.241,0.0445,0
12342,3600.0,0.01485,0.00989,0,6.6,0.334,0.052,0
12343,7080.0,0.01953,0.02324,0,2.6,0.223,0.0323,0
12344,13600.0,0.00829,0.00663,313,2.7,0.289,0.0713,0
12345,77800.0,0.03779,0.04175,361,3.1,0.454,0.0595,0
12346,37700.0,0.03145,0.12758,0,6.8,0.529,0.03,0
12347,5960.0,0.01335,0.01255,0,2.4,0.257,0.0327,0
12348,18630.0,0.08759,0.0359,0,4.7,0.221,0.0465,0
12349,2330.0,0.00375,0.00686,0,2.0,0.573,0.0306,0
12350,7680.0,0.0144,0.01333,0,3.4,0.524,0.0406,0
12351,9380.0,0.01329,0.03818,234,6.6,0.492,0.034,0
12352,11500.0,0.02719,0.04598,85,4.3,0.242,0.0535,0
12353,30320.0,0.01846,0.02213,0,3.1,0.33,0.0427,0
12354,16910.0,0.00353,0.0091,0,1.9,0.44,0.0355,0
12355,8260.0,0.00789,0.006,0,6.1,0.441,0.0664,0
12356,22170.0,0.00816,0.00247,0,6.2,0.251,0.0576,0
12357,19150.0,0.01467,0.01081,0,5.8,0.281,0.0521,0
12358,12220.0,0.03853,0.024,0,6.8,0.463,0.0406,0
12359,5930.0,0.01779,0.03949,143,4.1,0.324,0.0449,0
12360,13780.0,0.01181,0.01007,0,4.8,0.268,0.0756,0
12361,12690.0,0.03695,0.02416,0,4.2,0.261,0.0314,0
12362,8250.0,0.0112,0.01838,0,6.6,0.588,0.0555,0
12363,8980.0,0.02379,0.02375,0,6.7,0.48,0.0343,0
12364,10700.0,0.05803,0.14171,0,1.7,0.525,0.0456,0
12365,3830.0,0.00676,0.00619,0,2.6,0.553,0.0713,0
12366,13470.0,0.02193,0.01912,0,4.4,0.589,0.0425,0
12367,3030.0,0.02382,0.01361,0,2.9,0.546,0.045,0
12368,13900.0,0.00866,0.02219,0,5.3,0.375,0.066,0
12369,10200.0,0.02598,0.04493,0,4.8,0.417,0.0772,0
12370,7290.0,0.04295,0.03529,0,6.0,0.366,0.0605,0
12371,8310.0,0.0207,0.01171,0,6.0,0.532,0.0433,0
12372,3370.0,0.02743,0.01855,0,5.0,0.516,0.0462,0
12373,22750.0,0.02947,0.02552,0,2.5,0.41,0.0434,0
12374,9860.0,0.0084,0.00991,0,2.9,0.472,0.05,0
12375,14800.0,0.01322,0.02175,0,5.6,0.33,0.0314,0
12376,9880.0,0.02261,0.02474,0,3.9,0.313,0.0473,0
12377,14450.0,0.02558,0.01347,0,2.4,0.427,0.0553,1
12378,3790.0,0.01398,0.01801,0,1.7,0.34,0.0537,0
12379,11590.0,0.00765,0.01294,0,5.6,0.574,0.0627,0
12380,23830.0,0.0093,0.01384,0,2.8,0.59,0.0465,0
12381,9850.0,0.013,0.04415,0,0.9,0.246,0.0725,0
12382,142980.0,0.02585,0.05734,0,5.8,0.224,0.0468,0
12383,18390.0,0.08009,0.14814,0,2.5,0.384,0.0654,0
12384,14930.0,0.02147,0.02805,0,5.5,0.262,0.0692,0
12385,19020.0,0.05006,0.04437,0,5.9,0.346,0.0442,0
12386,14750.0,0.03996,0.06546,0,6.0,0.399,0.0469,0
12387,16700.0,0.02087,0.02098,0,6.7,0.333,0.0703,0
12388,16470.0,0.01989,0.03363,0,3.3,0.481,0.0337,0
12389,32990.0,0.01849,0.03074,0,2.7,0.378,0.0458,0
12390,13310.0,0.00514,0.00343,0,5.4,0.304,0.0799,0
12391,15860.0,0.00674,0.00447,0,1.4,0.381,0.0452,0
12392,9100.0,0.03422,0.0795,0,6.3,0.411,0.0455,0
12393,3520.0,0.06206,0.08005,0,3.9,0.277,0.0305,0
12394,16530.0,0.02604,0.03226,0,1.9,0.583,0.0537,0
12395,14050.0,0.03769,0.00766,0,3.4,0.339,0.0339,0
12396,10910.0,0.00559,0.00881,5,2.0,0.539,0.0445,0
12397,8710.0,0.01292,0.01479,0,5.1,0.401,0.0469,0
12398,5590.0,0.05002,0.01794,0,6.0,0.491,0.08,0
12399,9710.0,0.01402,0.02869,0,3.0,0.598,0.0351,0
12400,11880.0,0.01429,0.01345,0,2.4,0.592,0.0386,0
12401,13220.0,0.01353,0.00857,0,2.6,0.59,0.0575,0
12402,76810.0,0.00473,0.01051,0,3.8,0.57,0.0726,0
12403,3940.0,0.04769,0.07015,0,5.6,0.561,0.0392,0
12404,5430.0,0.0037,0.00341,0,2.4,0.285,0.0785,0
12405,16790.0,0.02466,0.02861,0,1.4,0.285,0.0577,0
12406,33490.0,0.0341,0.05143,0,6.6,0.539,0.0526,0
12407,28950.0,0.03003,0.0209,0,4.3,0.233,0.0714,0
12408,18300.0,0.0122,0.01628,0,4.8,0.299,0.0627,0
12409,7760.0,0.02217,0.04094,0,4.1,0.272,0.0353,0
12410,10520.0,0.01896,0.01914,0,1.7,0.581,0.0316,0
12411,15340.0,0.02434,0.04954,0,1.7,0.415,0.0564,0
12412,4710.0,0.04121,0.03011,0,5.4,0.348,0.0657,0
12413,42070.0,0.01803,0.03478,0,5.3,0.214,0.04,0
12414,24730.0,0.01868,0.02332,0,4.4,0.287,0.0415,0
12415,5520.0,0.03139,0.08474,0,1.0,0.575,0.0559,0
12416,21360.0,0.00542,0.00912,0,6.9,0.536,0.0342,0
12417,39330.0,0.01038,0.00783,0,1.4,0.584,0.0544,0
12418,15560.0,0.00736,0.00624,0,1.0,0.587,0.0378,0
12419,5410.0,0.013,0.01981,0,6.3,0.432,0.0666,0
12420,3990.0,0.05266,0.04544,217,4.6,0.359,0.0495,0
12421,5970.0,0.02104,0.02728,0,1.8,0.246,0.043,0
12422,4000.0,0.01357,0.04179,0,4.1,0.37,0.0765,0
12423,28450.0,0.01767,0.01331,0,5.3,0.302,0.0625,0
12424,5280.0,0.03426,0.06042,0,1.9,0.556,0.0613,0
12425,8700.0,0.02993,0.00799,0,1.2,0.313,0.0542,0
12426,7320.0,0.00812,0.01269,0,4.8,0.377,0.0312,0
12427,18370.0,0.00645,0.00712,0,1.7,0.558,0.0307,0
12428,5440.0,0.00775,0.00659,0,3.9,0.292,0.0401,0
12429,11760.0,0.01885,0.01987,64,5.3,0.565,0.0531,0
12430,8250.0,0.047,0.0657,0,5.3,0.354,0.0369,0
12431,15680.0,0.00793,0.00396,0,2.5,0.403,0.0344,0
12432,22370.0,0.01002,0.00584,0,6.5,0.447,0.0342,0
12433,27100.0,0.00992,0.02363,0,1.2,0.319,0.0769,0
12434,39870.0,0.01498,0.01685,0,1.0,0.548,0.0439,0
12435,8240.0,0.04041,0.09663,0,4.0,0.457,0.0373,0
12436,13240.0,0.03071,0.0527,0,5.9,0.503,0.0333,0
12437,10040.0,0.00593,0.00299,0,6.9,0.281,0.0608,0
12438,24500.0,0.01967,0.02652,0,1.2,0.412,0.0384,0
12439,2440.0,0.01812,0.05307,0,6.0,0.356,0.0658,0
12440,11690.0,0.01405,0.01363,0,2.7,0.331,0.0766,0
12441,7730.0,0.02461,0.02898,0,5.1,0.426,0.0601,0
12442,9010.0,0.04635,0.08462,0,1.2,0.343,0.035,0
12443,9210.0,0.00943,0.00369,0,6.6,0.247,0.0677,0
12444,8460.0,0.00866,0.01107,0,5.7,0.27,0.0554,0
12445,10330.0,0.0516,0.05944,0,1.9,0.417,0.0421,0
12446,35790.0,0.0178,0.03203,0,2.9,0.374,0.0634,0
12447,33010.0,0.00865,0.02253,0,4.7,0.451,0.0778,0
12448,18120.0,0.02506,0.01776,0,6.6,0.398,0.063,0
12449,53660.0,0.01841,0.01031,0,3.2,0.546,0.043,0
12450,9010.0,0.02126,0.0114,0,2.3,0.331,0.0639,0
12451,8450.0,0.01498,0.00663,0,3.1,0.542,0.0557,0
12452,17320.0,0.03337,0.04765,87,2.7,0.376,0.0444,0
12453,2970.0,0.01027,0.00805,0,3.7,0.482,0.0388,0
12454,13570.0,0.02646,0.05751,0,0.7,0.281,0.0712,0
12455,36840.0,0.01344,0.01778,0,5.5,0.417,0.0775,0
12456,7340.0,0.00965,0.01152,0,2.4,0.452,0.0502,0
12457,20150.0,0.015,0.02129,0,6.8,0.403,0.0708,0
12458,22820.0,0.04071,0.0697,0,6.5,0.453,0.074,0
12459,2520.0,0.01607,0.0307,0,2.5,0.479,0.0708,0
12460,11610.0,0.0029,0.00581,0,1.0,0.591,0.0749,0
12461,3920.0,0.01938,0.01435,0,6.7,0.451,0.0574,1
12462,11880.0,0.01193,0.01443,26,5.5,0.217,0.0668,0
12463,7920.0,0.01561,0.02062,0,6.0,0.342,0.0657,0
12464,14060.0,0.00387,0.01044,0,1.2,0.249,0.0622,0
12465,16590.0,0.02091,0.02147,0,1.9,0.293,0.0418,0
12466,7970.0,0.09868,0.17738,0,5.7,0.572,0.0353,0
12467,4360.0,0.03253,0.0244,0,0.7,0.451,0.0799,0
12468,2510.0,0.01331,0.00861,0,1.5,0.237,0.0707,0
12469,3210.0,0.01636,0.01742,0,3.3,0.247,0.0757,0
12470,5930.0,0.04705,0.04888,0,3.9,0.382,0.079,0
12471,19020.0,0.01142,0.0074,0,4.0,0.291,0.0717,0
12472,11180.0,0.01256,0.02054,0,5.3,0.523,0.0362,0
12473,39550.0,0.01125,0.00936,0,4.3,0.288,0.0534,0
12474,5210.0,0.03955,0.03996,0,0.6,0.282,0.0585,0
12475,13020.0,0.02305,0.03082,0,5.2,0.259,0.0665,0
12476,16490.0,0.0466,0.11281,0,6.9,0.49,0.0756,0
12477,9340.0,0.01375,0.00709,0,6.4,0.345,0.046,0
12478,1480.0,0.02372,0.0524,0,4.4,0.455,0.04,0
12479,24140.0,0.028,0.01694,0,6.9,0.461,0.0565,0
12480,13100.0,0.00511,0.01553,376,4.1,0.526,0.0526,0
12481,5200.0,0.00604,0.00255,0,5.1,0.242,0.077,0
12482,8540.0,0.04434,0.04019,0,2.9,0.321,0.0608,0
12483,18220.0,0.01481,0.02337,0,5.9,0.486,0.0535,0
12484,4880.0,0.0185,0.0162,0,6.3,0.291,0.0524,0
12485,10610.0,0.01177,0.02851,0,3.9,0.409,0.0704,0
12486,11010.0,0.01233,0.01352,0,2.2,0.337,0.0675,0
12487,5270.0,0.01547,0.027,0,6.3,0.209,0.0403,0
12488,13940.0,0.00384,0.00344,0,1.8,0.33,0.0599,0
12489,13350.0,0.02455,0.02506,0,5.8,0.529,0.0323,0
12490,23340.0,0.01481,0.02203,0,2.7,0.293,0.0619,0
12491,9850.0,0.0348,0.01659,0,2.7,0.572,0.0311,0
12492,6010.0,0.02598,0.08066,0,0.6,0.294,0.072,0
12493,9350.0,0.01874,0.02429,0,0.7,0.429,0.0391,0
12494,4170.0,0.01252,0.01962,0,2.6,0.48,0.0537,0
12495,16290.0,0.01155,0.02701,0,2.4,0.369,0.0738,0
12496,3820.0,0.00527,0.00942,0,4.4,0.235,0.0693,0
12497,5300.0,0.00442,0.00663,0,5.5,0.456,0.0649,0
12498,7910.0,0.03414,0.10452,0,1.1,0.359,0.0619,0
12499,5780.0,0.08225,0.06512,0,0.5,0.441,0.0377,0
12500,9420.0,0.02782,0.01695,0,6.6,0.358,0.0748,0
12501,13470.0,0.04345,0.0339,0,4.7,0.422,0.0471,0
12502,27780.0,0.00991,0.01765,0,7.0,0.339,0.0343,0
12503,3430.0,0.01645,0.02658,0,1.0,0.526,0.0724,0
12504,13290.0,0.04032,0.06086,0,3.5,0.377,0.0654,0
12505,11910.0,0.02044,0.01941,0,3.1,0.312,0.0333,0
12506,8480.0,0.01847,0.01432,0,6.8,0.596,0.0536,0
12507,17080.0,0.05892,0.07998,0,1.0,0.476,0.0787,0
12508,9450.0,0.01487,0.00753,27,4.0,0.258,0.0726,0
12509,23210.0,0.02494,0.03578,0,3.6,0.591,0.0394,0
12510,24760.0,0.01397,0.03866,0,0.6,0.387,0.0655,0
12511,15460.0,0.00876,0.00458,0,1.0,0.565,0.0756,0
12512,28090.0,0.02284,0.04444,0,1.7,0.369,0.0487,0
12513,14680.0,0.01613,0.01911,0,5.2,0.279,0.041,0
12514,4460.0,0.04632,0.06625,0,6.4,0.323,0.0513,0
12515,32580.0,0.00712,0.00482,0,4.1,0.278,0.0357,0
12516,23480.0,0.0206,0.02635,0,0.7,0.486,0.0491,0
12517,22910.0,0.02541,0.02093,0,3.7,0.2,0.0768,0
12518,4180.0,0.01505,0.0087,0,5.2,0.413,0.0323,0
12519,9230.0,0.01806,0.02011,0,4.2,0.445,0.0351,0
12520,33320.0,0.01522,0.02372,0,1.2,0.393,0.0473,0
12521,66290.0,0.03193,0.05768,0,6.3,0.303,0.0462,0
12522,10860.0,0.03211,0.01528,0,1.1,0.525,0.0622,0
12523,13210.0,0.04568,0.03511,0,1.2,0.271,0.0608,0
12524,18020.0,0.02151,0.02821,0,5.2,0.535,0.0486,0
12525,10340.0,0.0284,0.01866,0,3.0,0.28,0.0538,0
12526,23700.0,0.0089,0.0065,0,6.5,0.427,0.0609,0
12527,11300.0,0.00695,0.00791,0,3.4,0.455,0.0754,0
12528,29890.0,0.01946,0.04589,84,6.6,0.33,0.032,0
12529,2570.0,0.0399,0.07363,0,6.0,0.386,0.0344,0
12530,16500.0,0.01023,0.03609,0,1.1,0.568,0.0791,0
12531,4350.0,0.01418,0.008,0,6.4,0.517,0.0336,0
12532,11570.0,0.04898,0.06085,0,5.8,0.561,0.0695,0
12533,4560.0,0.02256,0.03221,0,2.3,0.569,0.0682,0
12534,8650.0,0.02928,0.07354,0,4.0,0.551,0.0336,0
12535,15580.0,0.01228,0.01229,0,5.8,0.213,0.0494,0
12536,4740.0,0.0143,0.02221,0,1.2,0.534,0.0688,0
12537,30640.0,0.0172,0.02428,0,1.4,0.316,0.0469,0
12538,12490.0,0.01276,0.00706,0,0.6,0.339,0.0708,1
12539,5600.0,0.01358,0.01688,0,2.8,0.56,0.0327,0
12540,28590.0,0.02146,0.01466,0,3.4,0.514,0.0578,0
12541,10800.0,0.02015,0.07838,0,4.7,0.493,0.0564,0
12542,16210.0,0.0199,0.02303,53,3.1,0.234,0.0442,0
12543,12520.0,0.02928,0.03511,0,4.9,0.41,0.038,0
12544,13320.0,0.01116,0.01487,40,5.8,0.526,0.0434,0
12545,10770.0,0.01163,0.00585,0,0.9,0.36,0.0348,0
12546,26100.0,0.00924,0.00912,0,4.5,0.471,0.0314,0
12547,18400.0,0.01295,0.00892,0,5.8,0.23,0.0504,0
12548,4220.0,0.01084,0.01072,0,4.7,0.334,0.0404,0
12549,11940.0,0.03234,0.04429,0,6.5,0.319,0.0799,0
12550,8520.0,0.013,0.02073,0,4.3,0.278,0.035,0
12551,7500.0,0.01901,0.01738,0,1.1,0.432,0.0454,0
12552,2750.0,0.03122,0.01945,0,2.9,0.338,0.043,0
12553,11390.0,0.0913,0.09509,0,1.2,0.301,0.0359,0
12554,12650.0,0.00779,0.00682,63,2.7,0.278,0.0395,0
12555,5130.0,0.02542,0.01195,0,6.3,0.261,0.0622,0
12556,14480.0,0.0272,0.05294,0,2.5,0.38,0.0779,0
12557,11150.0,0.04676,0.02717,0,5.2,0.505,0.0718,0
12558,10690.0,0.00817,0.00808,0,3.4,0.367,0.0526,0
12559,34460.0,0.02308,0.04601,6,6.1,0.327,0.0387,0
12560,17850.0,0.01754,0.00696,0,3.6,0.209,0.064,0
12561,26770.0,0.01443,0.01517,0,1.3,0.443,0.0402,0
12562,4980.0,0.04126,0.0595,0,4.9,0.314,0.0685,0
12563,8380.0,0.05457,0.11988,0,3.0,0.433,0.0384,0
12564,5450.0,0.01346,0.00965,0,0.8,0.423,0.0388,0
12565,8690.0,0.01245,0.01378,0,3.1,0.36,0.0781,0
12566,16880.0,0.01625,0.05606,0,0.6,0.447,0.0402,0
12567,1680.0,0.02,0.05336,0,4.3,0.249,0.0527,0
12568,21700.0,0.02282,0.12309,0,3.3,0.392,0.0401,0
12569,5510.0,0.02515,0.02336,0,2.2,0.298,0.0389,0
12570,11620.0,0.01825,0.06597,0,3.5,0.398,0.0591,0
12571,2650.0,0.04511,0.06837,0,1.3,0.235,0.0477,0
12572,5980.0,0.01296,0.04258,0,2.8,0.361,0.0749,0
12573,23990.0,0.00631,0.00917,0,5.5,0.27,0.0586,0
12574,14970.0,0.03021,0.14852,0,3.9,0.464,0.071,0
12575,12980.0,0.02427,0.0132,0,2.6,0.53,0.0356,0
12576,3260.0,0.03197,0.04788,0,4.7,0.576,0.0797,0
12577,21740.0,0.02841,0.02458,0,4.1,0.484,0.0461,0
12578,10650.0,0.02801,0.01654,0,5.2,0.354,0.0683,0
12579,20850.0,0.02996,0.03672,0,3.5,0.509,0.0508,0
12580,14770.0,0.00554,0.00561,0,0.5,0.411,0.0765,0
12581,18870.0,0.01685,0.02681,0,3.2,0.483,0.0577,0
12582,5800.0,0.06906,0.24287,0,3.6,0.574,0.06,0
12583,7020.0,0.01438,0.00623,0,4.4,0.396,0.0495,0
12584,20380.0,0.02134,0.01273,0,2.4,0.484,0.0688,0
12585,8130.0,0.08304,0.08591,0,4.6,0.253,0.0653,0
12586,52050.0,0.01209,0.012,0,4.0,0.206,0.0743,0
12587,3860.0,0.03335,0.01255,0,1.8,0.596,0.0645,0
12588,3020.0,0.00977,0.00989,0,5.9,0.307,0.0301,0
12589,14030.0,0.01438,0.03853,0,3.9,0.443,0.0318,0
12590,4750.0,0.00995,0.00615,0,4.6,0.59,0.0541,0
12591,16560.0,0.00801,0.00743,0,1.8,0.551,0.0794,0
12592,12640.0,0.03434,0.03201,0,2.8,0.511,0.0556,0
12593,32200.0,0.04848,0.13596,0,2.9,0.595,0.0498,0
12594,15370.0,0.04336,0.0731,0,1.2,0.2,0.0321,0
12595,6650.0,0.01923,0.04307,0,0.7,0.436,0.0563,0
12596,11150.0,0.01858,0.00877,0,0.6,0.359,0.0748,0
12597,8880.0,0.00856,0.00627,0,2.1,0.221,0.0518,0
12598,10200.0,0.00257,0.00361,0,3.4,0.371,0.0664,0
12599,7520.0,0.01441,0.01145,0,2.1,0.397,0.0507,0
12600,17950.0,0.02413,0.02212,0,4.7,0.6,0.0389,0
12601,5950.0,0.00952,0.01582,0,6.2,0.25,0.0545,0
12602,3780.0,0.00914,0.00568,0,6.5,0.534,0.0505,0
12603,15790.0,0.02666,0.03976,0,0.8,0.214,0.0643,0
12604,2930.0,0.01508,0.04875,0,6.7,0.357,0.0525,0
12605,9160.0,0.00645,0.01142,0,1.3,0.276,0.0726,0
12606,14660.0,0.01649,0.01804,0,6.1,0.59,0.0595,1
12607,12830.0,0.02282,0.02868,0,6.5,0.544,0.054,0
12608,4160.0,0.01264,0.0144,0,1.9,0.441,0.0351,0
12609,7070.0,0.00614,0.00257,0,3.0,0.518,0.071,0
12610,8680.0,0.01842,0.02138,0,3.9,0.339,0.0759,0
12611,4100.0,0.02753,0.01302,7,2.5,0.417,0.0386,0
12612,30690.0,0.03313,0.03652,0,5.0,0.287,0.072,0
12613,8300.0,0.03401,0.06917,0,1.2,0.385,0.048,0
12614,36940.0,0.01152,0.00452,0,5.9,0.6,0.0658,0
12615,17510.0,0.0787,0.14108,0,6.3,0.396,0.0434,0
12616,10000.0,0.03546,0.04154,0,4.2,0.405,0.0307,0
12617,25360.0,0.0224,0.01495,0,4.3,0.233,0.0466,0
12618,4750.0,0.0593,0.12635,0,6.2,0.302,0.0782,0
12619,10400.0,0.04714,0.04916,0,4.8,0.45,0.0384,0
12620,8740.0,0.0367,0.04247,0,1.0,0.358,0.0726,0
12621,7880.0,0.00733,0.01429,0,4.6,0.526,0.0789,0
12622,10770.0,0.01989,0.08975,54,2.0,0.42,0.0485,0
12623,18130.0,0.02226,0.02636,3,3.0,0.493,0.0675,0
12624,4290.0,0.01738,0.01484,0,5.7,0.331,0.0558,0
12625,12640.0,0.02017,0.01102,0,5.3,0.581,0.0462,0
12626,5710.0,0.03131,0.1416,0,5.3,0.316,0.0643,0
12627,4090.0,0.02694,0.02602,0,5.3,0.554,0.0625,0
12628,4120.0,0.02055,0.02001,0,5.8,0.342,0.0531,0
12629,26710.0,0.03138,0.04306,0,2.9,0.307,0.0564,0
12630,8960.0,0.02554,0.0344,0,6.3,0.512,0.0657,0
12631,3490.0,0.08026,0.11974,0,3.7,0.428,0.0372,0
12632,4870.0,0.0153,0.01439,0,5.5,0.228,0.0731,0
12633,11280.0,0.02026,0.05614,0,5.8,0.448,0.0745,0
12634,15910.0,0.02349,0.06717,0,1.1,0.443,0.0432,0
12635,8640.0,0.0155,0.02926,0,6.1,0.343,0.0444,0
12636,10310.0,0.02048,0.03066,0,4.4,0.227,0.0659,0
12637,3540.0,0.02082,0.02866,0,5.8,0.391,0.0433,0
12638,12860.0,0.04552,0.02115,0,0.8,0.328,0.0542,0
12639,2570.0,0.06222,0.02309,0,4.4,0.533,0.0413,0
12640,8570.0,0.01327,0.01346,277,6.6,0.27,0.0635,1
12641,7930.0,0.03421,0.02433,35,2.2,0.209,0.0447,0
12642,35380.0,0.01029,0.01229,0,5.5,0.528,0.0735,0
12643,3620.0,0.04621,0.01783,0,4.7,0.378,0.0773,0
12644,8500.0,0.02238,0.047,0,5.4,0.227,0.0769,0
12645,28650.0,0.01177,0.00726,0,0.7,0.349,0.0745,0
12646,6260.0,0.02879,0.03008,85,1.4,0.283,0.0311,0
12647,7680.0,0.03203,0.0227,0,3.9,0.277,0.0381,0
12648,15530.0,0.02358,0.01979,14,3.8,0.309,0.0716,0
12649,5740.0,0.01688,0.02505,0,5.7,0.48,0.0773,1
12650,22470.0,0.05538,0.11047,0,4.4,0.225,0.0698,0
12651,5350.0,0.01099,0.02606,0,0.6,0.375,0.0384,0
12652,4140.0,0.03085,0.04447,0,6.6,0.286,0.0607,0
12653,14840.0,0.00477,0.00539,0,0.8,0.482,0.0542,0
12654,5280.0,0.01577,0.0226,23,2.0,0.375,0.0339,0
12655,6090.0,0.02423,0.03438,0,1.2,0.581,0.0377,0
12656,13890.0,0.02002,0.01506,57,1.7,0.271,0.0414,0
12657,8020.0,0.03998,0.01912,0,3.0,0.2,0.0627,0
12658,14100.0,0.05948,0.11615,0,6.2,0.503,0.0675,0
12659,70030.0,0.03606,0.0168,0,5.5,0.495,0.0644,0
12660,18370.0,0.01793,0.03831,8,6.4,0.426,0.0327,0
12661,38360.0,0.01802,0.02166,0,2.7,0.478,0.0323,0
12662,2690.0,0.02841,0.02363,0,3.4,0.551,0.0433,0
12663,91970.0,0.01819,0.01787,0,2.9,0.328,0.069,1
12664,6910.0,0.05586,0.02044,23,4.7,0.396,0.0574,0
12665,10920.0,0.02728,0.03338,0,5.7,0.291,0.0742,0
12666,9350.0,0.03885,0.01809,0,3.5,0.282,0.058,0
12667,14170.0,0.05137,0.13658,0,4.3,0.382,0.0402,0
12668,14270.0,0.02751,0.03733,0,5.5,0.44,0.0753,0
12669,9210.0,0.06778,0.10157,0,6.7,0.387,0.0344,0
12670,87560.0,0.04366,0.05507,0,1.8,0.488,0.0746,0
12671,48290.0,0.0187,0.01774,0,5.0,0.302,0.0752,0
12672,46670.0,0.02762,0.01419,0,4.2,0.496,0.0754,0
12673,13460.0,0.01536,0.01591,0,3.8,0.251,0.0459,0
12674,3980.0,0.10799,0.23804,0,3.9,0.548,0.0404,0
12675,12290.0,0.01723,0.01608,0,4.6,0.512,0.0786,0
12676,24010.0,0.01706,0.0305,0,1.6,0.485,0.0347,0
12677,3490.0,0.01979,0.04448,0,6.4,0.527,0.0618,0
12678,15150.0,0.01768,0.01524,62,6.4,0.361,0.0465,1
12679,50640.0,0.01284,0.02218,0,3.2,0.566,0.0674,0
12680,27420.0,0.01374,0.01364,0,4.9,0.23,0.0308,0
12681,3190.0,0.01287,0.01476,0,6.2,0.401,0.06,0
12682,20340.0,0.00695,0.00634,0,6.9,0.305,0.0655,0
12683,44470.0,0.01004,0.00924,0,4.3,0.429,0.0584,0
12684,7720.0,0.00365,0.002,0,3.7,0.572,0.0782,0
12685,21600.0,0.01194,0.02197,0,4.9,0.411,0.072,0
12686,1000.0,0.01337,0.01943,0,1.7,0.346,0.0377,0
12687,7770.0,0.02224,0.02364,0,6.7,0.241,0.0654,0
12688,13720.0,0.04249,0.04267,0,0.8,0.361,0.0565,0
12689,4170.0,0.00808,0.01419,0,1.6,0.25,0.0426,0
12690,9560.0,0.02602,0.04823,0,0.8,0.465,0.0367,0
12691,21300.0,0.02603,0.03033,0,3.5,0.481,0.0618,0
12692,5370.0,0.03044,0.03322,0,2.0,0.243,0.0537,0
12693,5980.0,0.019,0.04661,158,0.9,0.561,0.0309,0
12694,8640.0,0.02897,0.02246,0,4.3,0.581,0.0628,0
12695,17400.0,0.01941,0.07154,0,4.3,0.288,0.0311,0
12696,7860.0,0.04096,0.05141,0,2.0,0.48,0.049,0
12697,14940.0,0.00991,0.05014,0,4.7,0.251,0.0526,0
12698,16580.0,0.03342,0.0216,0,4.0,0.28,0.0626,0
12699,20100.0,0.02523,0.0104,0,6.0,0.413,0.0719,0
12700,13400.0,0.01683,0.02272,0,0.8,0.528,0.0463,0
12701,14240.0,0.05088,0.08402,0,5.2,0.537,0.0304,0
12702,16290.0,0.03634,0.02634,0,1.4,0.445,0.0332,0
12703,3270.0,0.01575,0.01952,69,0.6,0.341,0.0542,0
12704,25180.0,0.07661,0.05937,0,4.7,0.467,0.0421,0
12705,7710.0,0.01767,0.02774,11,1.6,0.429,0.0379,0
12706,19200.0,0.02203,0.01675,78,1.4,0.203,0.0491,0
12707,5810.0,0.03272,0.02776,0,5.7,0.532,0.0408,0
12708,7080.0,0.05548,0.1774,0,1.1,0.368,0.0483,0
12709,10180.0,0.02254,0.00815,0,4.3,0.228,0.0781,0
12710,17010.0,0.00864,0.00876,0,1.0,0.357,0.0628,0
12711,5080.0,0.00833,0.00842,54,4.9,0.532,0.0578,0
12712,3270.0,0.01853,0.00426,36,6.3,0.2,0.0618,0
12713,5230.0,0.06248,0.08288,0,4.3,0.348,0.0519,0
12714,74210.0,0.02547,0.0141,86,0.7,0.426,0.0358,0
12715,5660.0,0.01965,0.01844,0,3.6,0.357,0.032,0
12716,7890.0,0.02202,0.02899,0,1.2,0.263,0.0721,0
12717,9250.0,0.02691,0.05727,0,2.9,0.399,0.0692,0
12718,12930.0,0.01278,0.02171,245,2.2,0.536,0.0643,0
12719,14420.0,0.03621,0.02563,0,5.2,0.218,0.0602,0
12720,6780.0,0.02087,0.02649,0,3.1,0.255,0.0557,0
12721,14410.0,0.02634,0.04506,0,4.9,0.514,0.0483,0
12722,20860.0,0.04513,0.04222,10,6.5,0.212,0.0376,0
12723,29940.0,0.00864,0.00824,0,2.1,0.33,0.0364,0
12724,9520.0,0.01885,0.00451,0,1.2,0.395,0.0676,0
12725,9310.0,0.03596,0.03648,0,4.3,0.572,0.0761,0
12726,3210.0,0.03596,0.04304,0,4.3,0.273,0.0522,0
12727,3150.0,0.02869,0.06299,0,5.3,0.428,0.0731,0
12728,12720.0,0.03402,0.03204,0,3.0,0.253,0.0758,0
12729,7310.0,0.03543,0.05031,0,6.7,0.357,0.035,0
12730,8850.0,0.01498,0.03693,0,5.8,0.31,0.039,0
12731,23530.0,0.02183,0.01997,0,0.8,0.437,0.064,0
12732,7170.0,0.05158,0.03713,0,2.2,0.244,0.0539,0
12733,16470.0,0.0141,0.01382,0,4.4,0.537,0.0597,0
12734,6180.0,0.03632,0.03387,0,6.3,0.572,0.0774,0
12735,5990.0,0.0095,0.00695,0,0.5,0.272,0.0546,0
12736,36080.0,0.0638,0.1363,11,1.4,0.576,0.0618,0
12737,9030.0,0.06736,0.1613,0,4.5,0.21,0.0661,0
12738,44880.0,0.01101,0.00476,0,2.8,0.242,0.059,0
12739,13000.0,0.00832,0.01014,0,2.5,0.526,0.0584,0
12740,11500.0,0.02376,0.02663,71,6.7,0.51,0.0496,0
12741,5500.0,0.01076,0.00816,0,2.0,0.596,0.0319,0
12742,10800.0,0.0138,0.05307,304,6.0,0.456,0.0791,0
12743,34460.0,0.01497,0.02345,0,2.3,0.249,0.0336,0
12744,14510.0,0.03233,0.04737,0,1.5,0.264,0.0451,0
12745,4670.0,0.01262,0.01016,0,0.8,0.465,0.0353,0
12746,10350.0,0.01967,0.02784,0,4.9,0.338,0.0356,0
12747,28820.0,0.03303,0.06793,0,4.3,0.396,0.0374,0
12748,14040.0,0.00843,0.00224,0,2.0,0.439,0.0623,0
12749,1880.0,0.00932,0.01233,0,2.1,0.475,0.0631,0
12750,1930.0,0.04183,0.08292,0,3.3,0.57,0.0544,0
12751,11000.0,0.00824,0.00767,0,6.7,0.441,0.0501,0
12752,11670.0,0.06204,0.11159,0,4.2,0.516,0.067,0
12753,2920.0,0.01003,0.00738,0,5.1,0.247,0.0529,0
12754,9010.0,0.01498,0.00999,0,2.0,0.447,0.0407,0
12755,16030.0,0.05347,0.0592,0,1.9,0.332,0.0616,1
12756,32940.0,0.01232,0.0086,0,6.8,0.223,0.0653,0
12757,22370.0,0.01861,0.02104,0,5.8,0.34,0.0668,0
12758,12240.0,0.01602,0.03169,0,3.6,0.229,0.0746,0
12759,12460.0,0.04368,0.1394,0,3.7,0.561,0.0316,0
12760,32770.0,0.08673,0.16748,0,4.3,0.292,0.0592,0
12761,12120.0,0.02373,0.0452,38,5.4,0.31,0.0351,0
12762,20710.0,0.01734,0.01783,0,3.9,0.395,0.0579,0
12763,4590.0,0.00633,0.01378,0,4.4,0.26,0.0779,1
12764,8470.0,0.00687,0.01367,0,6.8,0.542,0.0505,0
12765,8430.0,0.00813,0.00905,0,2.4,0.267,0.0418,0
12766,30170.0,0.0123,0.01856,0,0.8,0.469,0.0653,0
12767,3240.0,0.02703,0.01984,0,0.7,0.579,0.0679,0
12768,3890.0,0.01417,0.01419,0,0.7,0.481,0.0647,0
12769,6420.0,0.01038,0.01803,0,2.3,0.203,0.0317,0
12770,17420.0,0.01601,0.02053,0,1.7,0.345,0.0375,0
12771,13890.0,0.01608,0.0225,0,4.4,0.226,0.0637,0
12772,36710.0,0.0271,0.05974,0,0.6,0.303,0.05,0
12773,11270.0,0.04446,0.03919,0,1.3,0.392,0.038,0
12774,4580.0,0.04648,0.04975,73,6.7,0.47,0.0389,0
12775,12230.0,0.01441,0.02667,0,4.3,0.536,0.0452,0
12776,8880.0,0.04479,0.03079,0,3.8,0.42,0.0493,0
12777,13590.0,0.00699,0.01098,0,4.9,0.44,0.0452,0
12778,7160.0,0.01862,0.01595,0,1.2,0.525,0.0621,0
12779,7550.0,0.03787,0.01535,0,4.4,0.48,0.0588,0
12780,3770.0,0.01459,0.05791,0,4.8,0.503,0.0507,0
12781,4590.0,0.03126,0.02994,0,1.9,0.424,0.0732,0
12782,7620.0,0.02751,0.03886,0,3.6,0.54,0.0536,0
12783,45650.0,0.02412,0.03593,0,2.2,0.255,0.054,0
12784,39230.0,0.02936,0.02003,0,4.7,0.431,0.0463,0
12785,13400.0,0.01187,0.02275,0,2.4,0.554,0.0386,0
12786,2340.0,0.03289,0.02649,0,6.2,0.58,0.055,0
12787,7880.0,0.00516,0.00336,0,1.4,0.588,0.0451,0
12788,7420.0,0.03202,0.02239,0,2.1,0.274,0.035,0
12789,25990.0,0.01259,0.01321,0,5.4,0.423,0.0402,0
12790,3190.0,0.01943,0.02184,0,4.5,0.379,0.0669,0
12791,5810.0,0.01293,0.00673,0,3.4,0.313,0.0346,0
12792,23580.0,0.01182,0.01294,0,4.8,0.329,0.0504,0
12793,18320.0,0.03215,0.0724,0,1.1,0.382,0.0702,0
12794,10840.0,0.0229,0.05706,0,6.2,0.413,0.0591,0
12795,2510.0,0.04304,0.03234,0,4.8,0.282,0.0642,0
12796,4180.0,0.05567,0.03839,0,1.7,0.496,0.0756,0
12797,16270.0,0.0159,0.0501,0,7.0,0.295,0.0704,0
12798,10140.0,0.0083,0.01922,0,6.5,0.364,0.0584,0
12799,9820.0,0.04615,0.12273,0,3.8,0.531,0.0763,0
12800,9400.0,0.01345,0.01692,0,1.4,0.347,0.0596,0
12801,33090.0,0.01619,0.036,0,5.7,0.286,0.0779,0
12802,16470.0,0.07437,0.04793,0,4.3,0.429,0.0628,0
12803,49560.0,0.03593,0.02744,0,3.5,0.415,0.0355,0
12804,22970.0,0.01414,0.01327,0,5.1,0.308,0.0386,0
12805,4760.0,0.03413,0.08249,0,2.0,0.33,0.0493,0
12806,22270.0,0.01341,0.01428,0,0.9,0.276,0.0501,0
12807,33970.0,0.03492,0.12225,0,5.5,0.313,0.0671,0
12808,8000.0,0.01752,0.02589,0,4.5,0.375,0.0306,0
12809,32510.0,0.03511,0.02159,0,3.2,0.419,0.0729,0
12810,23220.0,0.00469,0.0104,0,3.3,0.327,0.0536,0
12811,4660.0,0.00949,0.01597,0,3.3,0.433,0.0483,0
12812,31590.0,0.02937,0.03617,0,1.9,0.575,0.0705,0
12813,6110.0,0.18538,0.1988,0,3.4,0.49,0.0729,0
12814,16620.0,0.02676,0.05307,0,5.2,0.229,0.055,0
12815,22540.0,0.03092,0.02973,0,1.2,0.547,0.0356,0
12816,42080.0,0.03535,0.03473,0,2.5,0.207,0.0644,0
12817,12480.0,0.02516,0.03615,0,2.3,0.599,0.0384,0
12818,39530.0,0.02683,0.05217,0,3.0,0.35,0.0322,0
12819,10350.0,0.04876,0.04494,0,1.7,0.553,0.0483,0
12820,16770.0,0.05274,0.07948,0,5.9,0.275,0.0796,0
12821,10330.0,0.02079,0.04537,0,5.6,0.49,0.0359,0
12822,18200.0,0.02684,0.03745,0,2.2,0.379,0.07,0
12823,2600.0,0.04097,0.06417,0,3.7,0.53,0.0639,0
12824,18330.0,0.00666,0.00368,17,6.1,0.4,0.0534,0
12825,11460.0,0.03576,0.0437,0,2.6,0.588,0.0616,0
12826,23020.0,0.0578,0.0901,389,0.9,0.422,0.0516,0
12827,16280.0,0.02035,0.03803,0,3.7,0.459,0.0453,0
12828,18760.0,0.02807,0.03946,0,5.3,0.284,0.0653,0
12829,5930.0,0.00955,0.02264,0,3.5,0.219,0.0575,0
12830,4110.0,0.04633,0.03938,0,4.4,0.37,0.0533,0
12831,14480.0,0.02467,0.04693,0,6.4,0.201,0.072,0
12832,6430.0,0.01889,0.05326,0,0.6,0.458,0.0676,0
12833,10620.0,0.02226,0.01982,0,1.2,0.488,0.0478,0
12834,115850.0,0.00539,0.00415,0,1.3,0.256,0.0693,0
12835,11640.0,0.01818,0.00963,0,3.2,0.571,0.0515,0
12836,17260.0,0.04207,0.0237,0,1.6,0.52,0.0415,0
12837,15540.0,0.02047,0.0126,0,0.7,0.3,0.0632,0
12838,15180.0,0.01247,0.03287,0,6.7,0.296,0.07,0
12839,22100.0,0.03194,0.03238,0,6.8,0.397,0.0577,0
12840,5550.0,0.01896,0.04599,0,3.2,0.532,0.0797,0
12841,15730.0,0.03074,0.0146,0,3.4,0.262,0.0717,0
12842,34060.0,0.01417,0.01775,0,1.1,0.468,0.0429,0
12843,37410.0,0.01938,0.02755,0,6.1,0.418,0.0444,1
12844,13380.0,0.01857,0.0177,0,3.7,0.45,0.0347,0
12845,27590.0,0.02119,0.01673,0,5.2,0.355,0.0567,0
12846,7620.0,0.01165,0.00404,0,6.5,0.421,0.0506,0
12847,15550.0,0.01501,0.01703,0,6.2,0.274,0.0614,0
12848,14940.0,0.00848,0.00691,0,3.5,0.345,0.0561,0
12849,6870.0,0.02504,0.02257,0,4.5,0.507,0.0441,0
12850,12540.0,0.01903,0.02126,0,3.9,0.365,0.072,0
12851,11030.0,0.0398,0.05222,0,5.5,0.226,0.0528,0
12852,37260.0,0.01204,0.00892,0,1.0,0.339,0.0501,0
12853,20280.0,0.01733,0.01433,0,0.6,0.283,0.0362,0
12854,26470.0,0.00786,0.00548,0,2.5,0.525,0.0591,0
12855,12680.0,0.02283,0.03305,0,5.8,0.436,0.0528,0
12856,21670.0,0.00427,0.00967,0,4.9,0.28,0.057,0
12857,14620.0,0.035,0.03846,0,0.6,0.244,0.0427,0
12858,6380.0,0.02398,0.01422,0,2.3,0.308,0.0368,0
12859,49030.0,0.10809,0.1278,0,1.8,0.59,0.0669,0
12860,18390.0,0.0159,0.02389,0,3.1,0.408,0.06,0
12861,6610.0,0.03465,0.01847,21,6.2,0.312,0.0771,0
12862,10480.0,0.0075,0.0086,79,4.3,0.542,0.0515,0
12863,19740.0,0.01568,0.00741,0,5.5,0.382,0.0799,0
12864,51240.0,0.03013,0.03071,0,7.0,0.489,0.0346,0
12865,16560.0,0.03696,0.03653,0,6.6,0.281,0.0324,0
12866,8820.0,0.02285,0.01473,0,6.7,0.348,0.0684,0
12867,42300.0,0.00621,0.00999,0,2.5,0.575,0.0581,0
12868,16290.0,0.01363,0.01104,0,4.0,0.507,0.072,0
12869,6590.0,0.0221,0.02996,0,5.6,0.286,0.0684,0
12870,3030.0,0.02061,0.00432,0,2.2,0.34,0.0787,0
12871,3660.0,0.01682,0.06428,0,6.8,0.441,0.0667,0
12872,12030.0,0.07356,0.3685,68,5.7,0.305,0.0318,0
12873,19420.0,0.02638,0.02407,0,0.7,0.325,0.0578,0
12874,11510.0,0.0456,0.04957,0,4.9,0.297,0.0423,0
12875,6400.0,0.06406,0.05735,0,6.5,0.29,0.0397,1
12876,6510.0,0.01274,0.01316,0,0.5,0.275,0.0611,0
12877,25090.0,0.00509,0.00806,0,3.6,0.242,0.0683,0
12878,2780.0,0.01355,0.00656,0,4.5,0.536,0.0708,0
12879,20290.0,0.02852,0.01662,0,1.8,0.54,0.0364,0
12880,7850.0,0.03805,0.03061,0,6.3,0.483,0.0322,0
12881,12080.0,0.01639,0.02368,24,6.7,0.235,0.0703,0
12882,41850.0,0.00272,0.0035,0,5.2,0.465,0.0404,0
12883,8960.0,0.01055,0.01674,0,3.7,0.322,0.0659,0
12884,47550.0,0.01525,0.00608,0,3.7,0.528,0.066,0
12885,34270.0,0.0054,0.00276,0,1.7,0.589,0.0749,0
12886,45660.0,0.02777,0.02616,0,2.4,0.376,0.0449,0
12887,7710.0,0.016,0.00388,0,1.2,0.253,0.0558,0
12888,7840.0,0.06031,0.05926,0,5.9,0.374,0.0559,0
12889,2570.0,0.02246,0.01623,0,6.7,0.486,0.0648,0
12890,15550.0,0.03372,0.03586,0,6.1,0.483,0.0562,0
12891,7180.0,0.02408,0.05682,0,3.7,0.404,0.0367,0
12892,9830.0,0.00522,0.01323,0,4.2,0.34,0.0763,0
12893,35880.0,0.02103,0.01742,271,3.9,0.506,0.0699,0
12894,8600.0,0.0235,0.07392,0,6.3,0.221,0.0386,0
12895,8130.0,0.01348,0.02159,0,3.9,0.355,0.0552,0
12896,46210.0,0.01439,0.01184,0,6.5,0.51,0.0798,0
12897,12840.0,0.00991,0.02402,0,3.4,0.213,0.0689,0
12898,5800.0,0.0104,0.01642,0,4.4,0.497,0.0322,0
12899,8890.0,0.01738,0.05379,0,0.5,0.504,0.0427,0
12900,10690.0,0.02586,0.04863,0,2.3,0.215,0.0741,0
12901,7550.0,0.00945,0.01349,86,5.3,0.528,0.0662,0
12902,9800.0,0.0065,0.00729,0,0.9,0.526,0.0528,0
12903,32450.0,0.10123,0.16668,0,5.0,0.331,0.071,0
12904,1000.0,0.01404,0.00632,0,2.6,0.577,0.0641,0
12905,3030.0,0.02349,0.04938,0,4.1,0.553,0.0398,0
12906,9520.0,0.04308,0.01857,2,5.6,0.414,0.0771,0
12907,38840.0,0.20403,0.13491,0,6.0,0.491,0.0631,0
12908,7350.0,0.00878,0.00859,22,3.6,0.255,0.0472,0
12909,9300.0,0.03599,0.09043,0,3.4,0.303,0.041,0
12910,9610.0,0.00694,0.00906,0,5.2,0.37,0.058,0
12911,28360.0,0.03852,0.02265,0,6.2,0.52,0.078,0
12912,13890.0,0.05413,0.17869,0,5.8,0.479,0.079,0
12913,11460.0,0.00859,0.00582,111,1.4,0.557,0.0362,0
12914,8240.0,0.01062,0.00284,0,0.5,0.587,0.0783,0
12915,20030.0,0.01762,0.01779,0,1.6,0.414,0.0527,0
12916,6720.0,0.02834,0.01382,0,6.6,0.528,0.0395,0
12917,4670.0,0.03061,0.04874,0,4.2,0.332,0.0699,0
12918,3090.0,0.01398,0.00826,0,3.0,0.229,0.0451,0
12919,3590.0,0.00341,0.00496,0,1.8,0.446,0.034,0
12920,22130.0,0.01383,0.00894,58,6.8,0.577,0.0535,0
12921,24940.0,0.02755,0.04408,0,5.8,0.424,0.0457,0
12922,5810.0,0.01686,0.00811,0,4.6,0.495,0.0747,0
12923,2930.0,0.00749,0.00992,0,1.9,0.501,0.0694,0
12924,7230.0,0.02537,0.03474,0,1.4,0.273,0.0734,0
12925,37860.0,0.01964,0.00707,0,4.8,0.427,0.0669,0
12926,8710.0,0.00409,0.00525,0,2.2,0.523,0.0697,0
12927,6380.0,0.03362,0.063,0,5.4,0.203,0.0593,0
12928,21780.0,0.01513,0.02116,0,6.0,0.592,0.0528,0
12929,17650.0,0.03151,0.0281,0,4.6,0.224,0.0351,0
12930,29710.0,0.02058,0.01616,0,1.5,0.371,0.0475,0
12931,3990.0,0.02088,0.01696,0,5.3,0.334,0.0618,0
12932,45210.0,0.03749,0.02607,0,4.0,0.461,0.0559,0
12933,21670.0,0.00649,0.0066,0,0.6,0.201,0.068,0
12934,5100.0,0.02451,0.00671,0,0.7,0.461,0.0449,0
12935,12650.0,0.02827,0.03195,0,5.3,0.58,0.0613,0
12936,12910.0,0.02095,0.00993,0,2.9,0.281,0.0492,0
12937,18420.0,0.00981,0.00532,0,2.5,0.344,0.0343,0
12938,11470.0,0.00599,0.01484,0,4.7,0.313,0.054,0
12939,7930.0,0.00922,0.00829,0,0.8,0.252,0.0644,0
12940,21850.0,0.03589,0.06725,0,3.0,0.206,0.0324,0
12941,19330.0,0.01694,0.01628,0,3.4,0.519,0.0584,0
12942,3070.0,0.00569,0.00937,0,5.0,0.432,0.0453,0
12943,2240.0,0.01877,0.01009,0,4.4,0.412,0.0351,0
12944,6030.0,0.01827,0.02015,0,3.8,0.333,0.0483,0
12945,9250.0,0.02059,0.03062,0,5.8,0.314,0.0612,0
12946,12480.0,0.03883,0.06007,0,0.5,0.534,0.0339,0
12947,4110.0,0.01692,0.01245,0,6.1,0.275,0.0331,0
12948,20900.0,0.10692,0.11454,0,1.5,0.405,0.0608,0
12949,9970.0,0.00978,0.01705,0,6.1,0.371,0.0602,0
12950,14240.0,0.02971,0.05947,0,6.6,0.599,0.0541,0
12951,3080.0,0.02409,0.0768,0,2.4,0.37,0.0654,0
12952,9410.0,0.06326,0.13572,0,5.8,0.426,0.0673,0
12953,8930.0,0.00494,0.00735,0,1.8,0.502,0.0425,0
12954,2560.0,0.01255,0.0111,0,0.9,0.517,0.0401,0
12955,18330.0,0.07451,0.20467,0,7.0,0.307,0.076,0
12956,13840.0,0.01203,0.01049,0,5.9,0.419,0.0305,0
12957,15980.0,0.01661,0.0219,0,5.2,0.438,0.0579,0
12958,2170.0,0.01016,0.01534,0,3.9,0.325,0.0317,0
12959,11390.0,0.03319,0.07439,0,4.2,0.251,0.0488,0
12960,14960.0,0.02522,0.02306,0,6.9,0.47,0.0778,0
12961,19450.0,0.03412,0.01314,0,6.6,0.27,0.058,0
12962,25090.0,0.01933,0.02235,0,2.3,0.239,0.0717,0
12963,5630.0,0.01383,0.01094,0,1.8,0.469,0.0415,1
12964,42140.0,0.09286,0.35129,0,4.8,0.354,0.0513,0
12965,15110.0,0.02302,0.01285,0,4.7,0.487,0.0349,0
12966,4480.0,0.05912,0.06236,0,0.6,0.395,0.0621,0
12967,4980.0,0.03792,0.08538,0,1.0,0.251,0.0692,1
12968,23460.0,0.00572,0.00291,0,5.5,0.34,0.0529,0
12969,10340.0,0.02225,0.03951,0,5.8,0.339,0.0529,0
12970,11520.0,0.02701,0.00896,0,6.0,0.245,0.0577,0
12971,11040.0,0.01635,0.01356,0,4.3,0.594,0.051,0
12972,3690.0,0.01265,0.01841,0,6.5,0.398,0.0401,0
12973,10960.0,0.02265,0.02392,40,2.4,0.337,0.0797,0
12974,5860.0,0.01693,0.01867,0,1.9,0.545,0.0371,0
12975,3380.0,0.11225,0.28743,0,1.4,0.404,0.0386,0
12976,2550.0,0.04941,0.09042,0,1.4,0.564,0.0758,0
12977,4540.0,0.02187,0.02709,0,1.9,0.546,0.0461,0
12978,3230.0,0.0285,0.04132,0,2.2,0.251,0.0577,0
12979,7180.0,0.00632,0.00512,0,1.6,0.338,0.0611,0
12980,4160.0,0.20969,0.23797,0,5.2,0.429,0.0443,0
12981,12840.0,0.0175,0.03483,0,5.1,0.427,0.0794,0
12982,9000.0,0.03435,0.10014,1,4.5,0.584,0.0567,0
12983,121190.0,0.02023,0.02131,0,5.5,0.578,0.067,0
12984,17520.0,0.01751,0.00893,0,0.7,0.575,0.0469,0
12985,8890.0,0.01358,0.02766,0,2.6,0.399,0.0599,0
12986,2730.0,0.00344,0.00342,0,3.6,0.206,0.0656,0
12987,5520.0,0.01364,0.01103,0,3.6,0.336,0.0591,0
12988,10320.0,0.01157,0.00856,0,2.1,0.449,0.0539,1
12989,13020.0,0.01111,0.00616,0,4.7,0.582,0.071,0
12990,11420.0,0.00656,0.01184,11,4.2,0.322,0.0624,0
12991,4870.0,0.03761,0.09983,0,4.9,0.369,0.0363,0
12992,44290.0,0.00811,0.00476,0,1.7,0.592,0.0575,0
12993,13960.0,0.0366,0.1034,0,5.5,0.23,0.0447,0
12994,5890.0,0.01747,0.00931,0,7.0,0.384,0.0742,0
12995,9120.0,0.01155,0.02161,0,0.6,0.426,0.0785,0
12996,11080.0,0.03523,0.08971,0,2.0,0.233,0.0504,0
12997,29690.0,0.02873,0.02986,102,2.9,0.439,0.0581,0
12998,13140.0,0.00849,0.00598,0,1.0,0.204,0.0627,0
12999,13150.0,0.02812,0.01705,0,1.3,0.481,0.059,0
13000,15750.0,0.01618,0.01106,0,5.0,0.278,0.0595,0
13001,5900.0,0.0193,0.04057,0,5.2,0.348,0.0582,0
13002,30240.0,0.02192,0.01397,0,5.2,0.38,0.0676,0
13003,4630.0,0.03391,0.00966,0,2.5,0.221,0.0725,0
13004,9280.0,0.02419,0.02959,0,4.2,0.223,0.0695,0
13005,16420.0,0.01785,0.0604,0,2.5,0.222,0.0376,0
13006,8320.0,0.01751,0.01702,0,4.6,0.556,0.0409,0
13007,4940.0,0.03819,0.03957,0,3.5,0.417,0.0738,0
13008,8330.0,0.02696,0.04921,0,2.2,0.413,0.0612,0
13009,4990.0,0.01845,0.01001,0,2.7,0.335,0.0729,0
13010,17820.0,0.01774,0.02859,0,0.8,0.44,0.0352,0
13011,6340.0,0.0168,0.01535,0,1.1,0.383,0.048,0
13012,10240.0,0.03196,0.04926,0,2.4,0.431,0.0711,0
13013,17290.0,0.10358,0.05689,0,4.7,0.342,0.0745,0
13014,13850.0,0.04127,0.08689,0,4.3,0.539,0.038,0
13015,10880.0,0.02006,0.02671,29,2.3,0.385,0.0332,0
13016,12630.0,0.02264,0.0236,0,4.1,0.576,0.0691,0
13017,31440.0,0.01901,0.01965,147,4.6,0.33,0.0485,0
13018,13620.0,0.03575,0.06403,0,6.7,0.371,0.0572,0
13019,21210.0,0.02978,0.02389,0,4.1,0.564,0.0562,0
13020,13240.0,0.03998,0.1724,0,5.6,0.567,0.0483,0
13021,5350.0,0.02979,0.00804,0,4.5,0.561,0.0324,0
13022,10070.0,0.02097,0.0839,0,2.1,0.462,0.0622,0
13023,10580.0,0.00829,0.00626,0,4.6,0.507,0.0723,0
13024,11720.0,0.01211,0.02716,0,3.2,0.3,0.0569,0
13025,6620.0,0.02039,0.00887,0,4.5,0.531,0.0507,0
13026,11770.0,0.0115,0.045,0,3.6,0.373,0.0306,0
13027,7300.0,0.06672,0.02879,0,6.6,0.329,0.034,0
13028,6750.0,0.01453,0.00808,0,1.7,0.336,0.0348,0
13029,29670.0,0.0185,0.03145,0,5.6,0.525,0.0668,0
13030,10560.0,0.0124,0.02611,0,4.1,0.504,0.0401,0
13031,53370.0,0.04316,0.02634,0,1.7,0.574,0.0521,0
13032,16060.0,0.00987,0.02318,0,3.2,0.219,0.0444,0
13033,15030.0,0.01778,0.01294,0,5.0,0.588,0.0785,0
13034,6360.0,0.08212,0.17357,0,3.2,0.522,0.0682,0
13035,19120.0,0.0073,0.00638,0,3.7,0.257,0.0614,0
13036,35840.0,0.04189,0.06377,0,2.1,0.338,0.0693,0
13037,9350.0,0.02918,0.02422,0,5.3,0.455,0.0773,0
13038,9400.0,0.00619,0.0048,0,6.1,0.213,0.0729,0
13039,3680.0,0.032,0.03257,0,6.6,0.504,0.0347,0
13040,23910.0,0.04509,0.02995,0,1.1,0.219,0.0493,0
13041,19570.0,0.02916,0.03257,0,3.2,0.36,0.0659,1
13042,11810.0,0.02274,0.03726,0,6.6,0.234,0.0607,0
13043,14560.0,0.03104,0.01775,0,0.7,0.442,0.0431,0
13044,20740.0,0.02409,0.0178,0,6.5,0.262,0.0764,0
13045,12810.0,0.03473,0.03303,0,5.6,0.239,0.0636,0
13046,22900.0,0.01866,0.03859,0,0.9,0.4,0.0504,0
13047,8960.0,0.02944,0.03697,0,1.5,0.598,0.0319,0
13048,14960.0,0.01831,0.00878,217,0.9,0.464,0.0553,0
13049,7750.0,0.06241,0.13237,0,5.9,0.343,0.0301,0
13050,21990.0,0.02623,0.02756,16,3.4,0.459,0.0601,0
13051,14230.0,0.01975,0.0249,0,4.4,0.55,0.047,0
13052,15350.0,0.01182,0.02756,0,1.6,0.393,0.0357,0
13053,15630.0,0.07029,0.06807,0,3.6,0.357,0.0669,0
13054,24340.0,0.00868,0.01801,21,1.6,0.332,0.058,0
13055,8180.0,0.02241,0.05404,0,3.6,0.506,0.0732,0
13056,28980.0,0.06498,0.15108,0,1.4,0.418,0.0572,0
13057,24270.0,0.03223,0.0437,0,5.5,0.274,0.0421,0
13058,5360.0,0.00362,0.00603,0,2.6,0.395,0.0619,0
13059,3840.0,0.0112,0.00942,0,6.0,0.477,0.0526,0
13060,7770.0,0.05033,0.06712,0,6.9,0.225,0.0536,0
13061,4410.0,0.02156,0.03658,0,0.6,0.524,0.0724,0
13062,26120.0,0.02273,0.04486,0,1.5,0.519,0.0728,0
13063,15170.0,0.02285,0.07562,0,4.3,0.418,0.0356,0
13064,11570.0,0.01487,0.01085,0,4.2,0.498,0.0369,0
13065,10520.0,0.01737,0.01721,0,4.9,0.476,0.0483,1
13066,9600.0,0.01404,0.00991,0,4.4,0.438,0.0695,0
13067,7750.0,0.0352,0.02495,0,3.3,0.263,0.0394,0
13068,26830.0,0.01173,0.02112,0,6.0,0.242,0.0331,0
13069,19150.0,0.01314,0.04197,0,2.0,0.581,0.0325,0
13070,11430.0,0.05551,0.07637,0,4.9,0.301,0.0306,0
13071,4960.0,0.02773,0.03179,0,2.4,0.248,0.0763,0
13072,26030.0,0.01206,0.01412,0,4.2,0.501,0.0379,0
13073,5020.0,0.02124,0.01595,0,1.5,0.582,0.0491,0
13074,4040.0,0.02502,0.13063,0,6.4,0.247,0.0311,0
13075,14170.0,0.01839,0.04414,0,7.0,0.242,0.0763,0
13076,10200.0,0.02648,0.06171,0,1.9,0.296,0.0611,0
13077,17490.0,0.03062,0.07586,0,4.7,0.235,0.0671,0
13078,10770.0,0.02673,0.04114,88,6.7,0.485,0.0484,0
13079,8610.0,0.12401,0.12788,0,0.5,0.404,0.0462,0
13080,26850.0,0.11838,0.13244,0,2.7,0.373,0.0502,0
13081,16400.0,0.05729,0.02506,0,5.8,0.456,0.0685,0
13082,17110.0,0.0243,0.04122,0,1.8,0.337,0.0346,0
13083,10000.0,0.01079,0.00898,0,6.1,0.256,0.0317,0
13084,8570.0,0.01365,0.01953,0,1.2,0.365,0.0529,0
13085,3790.0,0.04885,0.10863,0,4.4,0.223,0.0537,0
13086,71120.0,0.01367,0.01045,0,4.4,0.512,0.0781,0
13087,3030.0,0.02739,0.00905,0,1.9,0.475,0.0666,0
13088,1630.0,0.02975,0.04695,0,6.9,0.54,0.0702,0
13089,6660.0,0.00941,0.00995,0,3.5,0.439,0.0706,0
13090,9280.0,0.00771,0.03025,11,1.4,0.208,0.0446,0
13091,4960.0,0.05099,0.03838,0,3.5,0.596,0.071,0
13092,23310.0,0.06224,0.10553,0,0.7,0.517,0.0355,0
13093,2220.0,0.01434,0.00819,0,2.0,0.365,0.038,0
13094,5670.0,0.00464,0.00852,0,5.9,0.588,0.0495,0
13095,10890.0,0.00725,0.01357,12,6.1,0.276,0.0531,0
13096,22180.0,0.01829,0.01427,0,4.4,0.365,0.0316,0
13097,9530.0,0.01424,0.02275,288,3.3,0.222,0.0301,0
13098,5260.0,0.00941,0.0142,0,4.2,0.358,0.0673,0
13099,5340.0,0.00703,0.00357,0,6.7,0.378,0.0519,0
13100,39060.0,0.02325,0.0268,0,5.5,0.474,0.034,0
13101,18960.0,0.01326,0.01152,0,5.8,0.555,0.0567,1
13102,11280.0,0.01368,0.0125,0,5.2,0.266,0.0793,0
13103,67560.0,0.00468,0.00918,0,6.5,0.475,0.0729,0
13104,8660.0,0.04483,0.04636,0,2.6,0.301,0.0703,0
13105,14950.0,0.01518,0.02921,0,6.2,0.255,0.0446,0
13106,13470.0,0.01432,0.0159,0,0.8,0.314,0.0629,0
13107,8980.0,0.00845,0.00492,0,4.1,0.504,0.0343,0
13108,20640.0,0.0238,0.06253,0,4.0,0.436,0.0307,0
13109,3330.0,0.03152,0.01562,0,6.7,0.547,0.0448,0
13110,7050.0,0.01677,0.01021,0,2.7,0.533,0.0582,0
13111,14350.0,0.02131,0.01552,0,2.8,0.566,0.0575,0
13112,7090.0,0.07957,0.07417,0,2.9,0.476,0.0344,0
13113,13950.0,0.07017,0.02378,0,0.9,0.354,0.034,0
13114,23840.0,0.00762,0.03911,0,3.3,0.448,0.0792,0
13115,40040.0,0.02383,0.07594,0,6.8,0.568,0.0546,0
13116,8020.0,0.02051,0.04706,0,4.3,0.217,0.0668,0
13117,8400.0,0.01462,0.01298,0,1.6,0.344,0.0356,0
13118,4950.0,0.0221,0.00884,0,4.9,0.466,0.0391,0
13119,6880.0,0.02283,0.02356,0,6.6,0.459,0.0729,0
13120,10250.0,0.01961,0.01183,0,1.3,0.527,0.0508,0
13121,3420.0,0.03237,0.06991,0,2.8,0.251,0.0352,0
13122,23370.0,0.05553,0.05655,0,6.4,0.575,0.0425,0
13123,21770.0,0.02492,0.06012,0,2.8,0.477,0.0428,0
13124,8250.0,0.01134,0.00669,0,4.9,0.207,0.0386,0
13125,9120.0,0.02888,0.04628,0,0.8,0.249,0.0376,0
13126,30780.0,0.00935,0.02174,0,0.8,0.323,0.0747,0
13127,24520.0,0.04001,0.04525,0,3.8,0.43,0.0455,0
13128,52480.0,0.021,0.02006,0,2.2,0.554,0.0398,0
13129,11800.0,0.02694,0.01642,0,0.8,0.293,0.0554,1
13130,4510.0,0.01132,0.02848,0,4.6,0.534,0.0725,0
13131,8320.0,0.01503,0.09886,0,2.7,0.574,0.0792,0
13132,28450.0,0.00656,0.00533,0,5.3,0.59,0.0779,0
13133,12360.0,0.02304,0.02782,0,5.6,0.423,0.0501,0
13134,21340.0,0.01641,0.01124,0,3.8,0.532,0.0673,0
13135,5020.0,0.04474,0.05152,0,0.6,0.507,0.0494,0
13136,9020.0,0.03006,0.02734,0,6.3,0.481,0.0602,0
13137,15190.0,0.01432,0.00992,0,1.3,0.382,0.0701,0
13138,3370.0,0.0308,0.0256,0,1.9,0.364,0.0608,0
13139,1610.0,0.01319,0.02662,0,2.0,0.373,0.067,0
13140,41800.0,0.01322,0.01631,0,2.0,0.346,0.0532,0
13141,9770.0,0.011,0.0273,0,2.3,0.566,0.0597,0
13142,4030.0,0.01102,0.00607,9,6.8,0.219,0.0458,0
13143,8080.0,0.04237,0.06346,0,0.9,0.456,0.0636,0
13144,3980.0,0.0133,0.00893,0,3.1,0.253,0.0433,0
13145,9150.0,0.02401,0.05552,331,4.2,0.294,0.0631,0
13146,4110.0,0.06906,0.04679,0,0.6,0.47,0.0428,0
13147,10960.0,0.01458,0.01519,0,2.5,0.513,0.0438,0
13148,10020.0,0.00848,0.01069,0,5.3,0.322,0.0646,0
13149,11220.0,0.01191,0.00503,51,3.8,0.477,0.0455,0
13150,4640.0,0.02181,0.0208,0,6.1,0.553,0.0342,0
13151,30860.0,0.02578,0.01334,0,6.0,0.498,0.0658,0
13152,6030.0,0.03063,0.07792,0,5.6,0.474,0.0512,0
13153,8060.0,0.04261,0.04593,0,2.1,0.286,0.0403,0
13154,12070.0,0.02746,0.03365,0,2.8,0.48,0.0565,0
13155,5630.0,0.01968,0.02174,0,4.2,0.23,0.0489,0
13156,25180.0,0.02588,0.05556,0,4.5,0.531,0.0718,0
13157,23160.0,0.01622,0.00955,18,6.4,0.23,0.0494,0
13158,23010.0,0.04306,0.08261,0,4.9,0.477,0.0355,0
13159,17350.0,0.01972,0.01953,26,2.7,0.407,0.0634,0
13160,29660.0,0.0057,0.0069,211,6.7,0.597,0.0574,0
13161,18950.0,0.02346,0.05061,51,5.3,0.51,0.0405,0
13162,12590.0,0.0134,0.00927,0,0.8,0.293,0.0572,0
13163,55750.0,0.00476,0.00982,0,1.2,0.375,0.033,0
13164,10270.0,0.02029,0.0694,0,3.8,0.461,0.0671,0
13165,10140.0,0.03536,0.0153,0,6.0,0.318,0.0335,0
13166,11980.0,0.01194,0.03085,0,5.8,0.294,0.0566,0
13167,5640.0,0.0196,0.11565,56,1.4,0.354,0.0695,0
13168,7770.0,0.01349,0.02235,0,1.1,0.558,0.0564,0
13169,3990.0,0.025,0.02421,0,2.5,0.593,0.0602,0
13170,11700.0,0.04291,0.0532,0,3.4,0.355,0.0622,0
13171,17840.0,0.04549,0.01414,0,1.5,0.392,0.0775,0
13172,14230.0,0.02456,0.0128,0,1.8,0.528,0.0457,0
13173,11750.0,0.01816,0.04226,0,5.2,0.475,0.0475,0
13174,6070.0,0.01786,0.01216,0,3.4,0.583,0.0691,0
13175,1000.0,0.0125,0.01732,0,2.2,0.404,0.043,0
13176,10000.0,0.0128,0.01662,0,3.3,0.503,0.0435,0
13177,11340.0,0.01355,0.01131,0,4.3,0.509,0.0559,0
13178,4090.0,0.00898,0.00587,0,4.7,0.321,0.033,0
13179,10000.0,0.00959,0.00796,0,4.3,0.269,0.0539,0
13180,11880.0,0.01562,0.02015,0,6.5,0.469,0.0719,0
13181,5120.0,0.07562,0.02997,71,5.3,0.431,0.0575,0
13182,7680.0,0.02445,0.07137,0,5.5,0.58,0.0687,0
13183,4540.0,0.04232,0.02461,0,5.1,0.402,0.0789,0
13184,23080.0,0.01797,0.01169,0,4.2,0.435,0.071,0
13185,2640.0,0.02873,0.04122,0,4.9,0.554,0.062,0
13186,6040.0,0.0142,0.01956,0,4.7,0.411,0.0751,0
13187,3070.0,0.0089,0.00645,0,4.4,0.401,0.0635,0
13188,1060.0,0.01729,0.04563,79,6.6,0.286,0.0445,0
13189,12560.0,0.00674,0.01018,0,2.5,0.305,0.0449,0
13190,6740.0,0.04026,0.03527,0,2.1,0.238,0.0487,0
13191,16030.0,0.04457,0.08704,0,3.6,0.392,0.0506,0
13192,11520.0,0.02133,0.01439,0,5.0,0.296,0.0788,0
13193,15590.0,0.03146,0.05553,0,2.2,0.494,0.0591,0
13194,10480.0,0.02038,0.03506,0,3.5,0.385,0.0673,0
13195,8310.0,0.02267,0.0153,0,5.9,0.554,0.0747,0
13196,7800.0,0.0393,0.07085,0,4.1,0.299,0.0734,0
13197,18710.0,0.01315,0.00878,0,6.5,0.482,0.0365,0
13198,37140.0,0.04593,0.01755,0,2.7,0.243,0.0376,0
13199,15270.0,0.01198,0.04,0,4.0,0.255,0.0459,0
13200,13400.0,0.01468,0.01736,0,5.3,0.287,0.0625,0
13201,7160.0,0.02799,0.00435,0,2.9,0.219,0.0474,0
13202,4770.0,0.01216,0.01384,0,0.8,0.345,0.0405,0
13203,8390.0,0.02974,0.02335,0,3.4,0.588,0.0394,0
13204,7000.0,0.04185,0.03452,0,2.0,0.233,0.0381,0
13205,4000.0,0.02212,0.01303,0,2.7,0.401,0.0457,0
13206,10200.0,0.00976,0.00468,0,6.1,0.581,0.0521,0
13207,8550.0,0.07524,0.03112,7,3.7,0.327,0.0785,1
13208,6860.0,0.04612,0.03892,24,2.8,0.379,0.0448,0
13209,6640.0,0.00796,0.03303,0,4.5,0.242,0.0388,0
13210,17780.0,0.03157,0.08435,0,1.0,0.484,0.0623,0
13211,5730.0,0.0378,0.06198,0,3.4,0.221,0.058,0
13212,14710.0,0.05185,0.01503,0,1.3,0.391,0.0561,0
13213,20640.0,0.02926,0.04084,0,4.6,0.338,0.0777,0
13214,21750.0,0.03515,0.07087,28,2.6,0.599,0.0654,0
13215,6240.0,0.01554,0.0211,0,2.2,0.303,0.0418,0
13216,18320.0,0.02094,0.05304,0,0.7,0.35,0.0335,0
13217,7850.0,0.00221,0.00259,0,2.1,0.511,0.0322,0
13218,30990.0,0.01876,0.03622,0,5.7,0.595,0.0449,0
13219,15750.0,0.02287,0.01175,0,4.9,0.37,0.0557,0
13220,8320.0,0.02412,0.01896,0,3.4,0.486,0.0426,0
13221,3140.0,0.01076,0.01044,0,0.9,0.554,0.0497,0
13222,6420.0,0.01499,0.01663,0,4.5,0.226,0.0667,0
13223,9840.0,0.08227,0.10587,0,4.0,0.3,0.0576,1
13224,40790.0,0.00664,0.00656,0,3.1,0.285,0.0416,0
13225,5120.0,0.06145,0.09393,0,0.8,0.596,0.0384,0
13226,3750.0,0.0155,0.01004,0,1.8,0.315,0.0395,0
13227,9490.0,0.03335,0.04785,0,3.8,0.353,0.0492,0
13228,20570.0,0.05741,0.08272,0,5.7,0.585,0.0393,0
13229,14220.0,0.01574,0.03658,94,3.6,0.204,0.0394,0
13230,19780.0,0.01479,0.04776,0,3.5,0.409,0.0788,0
13231,1870.0,0.01414,0.02868,0,4.6,0.277,0.0538,0
13232,7390.0,0.00632,0.00906,0,4.1,0.48,0.0701,0
13233,9480.0,0.00667,0.00512,0,3.9,0.374,0.0698,0
13234,19020.0,0.01172,0.01751,0,3.9,0.374,0.0375,0
13235,2300.0,0.01431,0.0132,0,2.7,0.585,0.0461,0
13236,13300.0,0.05865,0.09637,0,0.6,0.399,0.0486,0
13237,21360.0,0.01124,0.01163,0,4.7,0.212,0.0359,0
13238,8310.0,0.0242,0.03838,0,2.8,0.589,0.0662,0
13239,8660.0,0.01596,0.01456,0,0.6,0.357,0.0795,0
13240,6430.0,0.02772,0.06718,0,1.4,0.295,0.0551,0
13241,7680.0,0.02295,0.03144,0,6.0,0.446,0.0442,1
13242,6540.0,0.0191,0.04892,0,5.0,0.494,0.0324,0
13243,23830.0,0.01375,0.02085,0,5.6,0.208,0.076,0
13244,6060.0,0.03819,0.04476,0,1.7,0.369,0.0647,0
13245,9880.0,0.02137,0.04994,0,2.0,0.227,0.0442,0
13246,13170.0,0.02358,0.01991,0,6.1,0.507,0.0476,0
13247,22800.0,0.01897,0.07959,0,1.3,0.444,0.0762,0
13248,13160.0,0.02811,0.0462,22,1.4,0.552,0.0562,0
13249,9830.0,0.04369,0.03242,0,0.6,0.523,0.0686,0
13250,12610.0,0.01686,0.01533,0,5.5,0.343,0.0345,0
13251,6760.0,0.00804,0.01022,0,6.4,0.33,0.0627,0
13252,15040.0,0.05393,0.14625,0,3.8,0.396,0.0415,0
13253,19240.0,0.00639,0.00557,0,1.6,0.545,0.0497,0
13254,5880.0,0.02119,0.02063,0,6.2,0.399,0.033,0
13255,7490.0,0.02567,0.03052,0,4.2,0.554,0.0681,0
13256,3270.0,0.0117,0.01829,0,3.1,0.39,0.0319,0
13257,11150.0,0.00566,0.00688,0,1.7,0.493,0.0519,1
13258,24650.0,0.06975,0.04669,0,2.2,0.586,0.0604,0
13259,14450.0,0.03767,0.02263,0,1.2,0.284,0.0769,0
13260,20420.0,0.02971,0.01615,0,1.1,0.349,0.0781,0
13261,20060.0,0.02095,0.01171,0,1.3,0.508,0.035,1
13262,5700.0,0.00988,0.00905,26,1.7,0.342,0.0424,0
13263,13950.0,0.01369,0.00801,0,0.5,0.425,0.0755,0
13264,25870.0,0.01615,0.0233,0,1.4,0.263,0.0684,0
13265,2590.0,0.05494,0.04123,0,1.9,0.462,0.0667,0
13266,13220.0,0.00708,0.00525,0,3.7,0.469,0.0393,0
13267,74790.0,0.03561,0.06286,0,6.9,0.31,0.0589,0
13268,5630.0,0.01364,0.01315,0,6.8,0.214,0.036,0
13269,1520.0,0.02208,0.01486,0,4.4,0.421,0.0354,0
13270,3750.0,0.00817,0.02816,0,2.3,0.391,0.0351,0
13271,9280.0,0.01336,0.03804,0,6.7,0.304,0.0592,0
13272,4200.0,0.03438,0.03078,0,4.1,0.553,0.0461,0
13273,66420.0,0.0179,0.0122,0,2.8,0.532,0.0612,0
13274,6000.0,0.00593,0.00512,0,6.1,0.464,0.0761,0
13275,7990.0,0.01323,0.01974,0,2.3,0.543,0.0548,0
13276,25080.0,0.02836,0.03828,0,6.2,0.34,0.0454,0
13277,44410.0,0.02636,0.0473,0,3.4,0.388,0.0575,0
13278,4060.0,0.02014,0.05157,0,2.4,0.421,0.0683,0
13279,20900.0,0.01374,0.05115,0,4.7,0.318,0.0531,0
13280,21340.0,0.00484,0.00229,0,6.7,0.528,0.0454,0
13281,20950.0,0.00655,0.00717,0,5.8,0.433,0.0741,0
13282,22810.0,0.00553,0.00659,0,0.7,0.202,0.043,0
13283,6370.0,0.03674,0.07425,0,6.8,0.349,0.0396,0
13284,20380.0,0.02601,0.02821,0,0.6,0.594,0.0792,0
13285,32170.0,0.04193,0.055,0,4.0,0.275,0.0745,0
13286,3280.0,0.05211,0.0825,0,0.6,0.245,0.0656,0
13287,19050.0,0.00392,0.00278,0,1.7,0.305,0.0539,0
13288,11960.0,0.02162,0.01609,0,2.8,0.549,0.0308,0
13289,23810.0,0.01732,0.04013,0,0.8,0.415,0.0545,0
13290,6220.0,0.05794,0.05491,58,4.9,0.314,0.0645,0
13291,2770.0,0.01154,0.00613,0,2.8,0.432,0.0526,0
13292,3410.0,0.02009,0.01581,0,5.0,0.368,0.0775,0
13293,10280.0,0.04441,0.02695,0,4.2,0.26,0.0438,0
13294,12040.0,0.0214,0.00684,0,5.3,0.279,0.0443,0
13295,9220.0,0.01721,0.03059,0,4.5,0.468,0.0496,0
13296,20200.0,0.0171,0.01146,0,4.7,0.35,0.0373,0
13297,55510.0,0.00931,0.02181,0,4.3,0.2,0.0739,1
13298,7280.0,0.05746,0.05119,0,4.8,0.209,0.0744,0
13299,5290.0,0.04087,0.02506,0,4.5,0.473,0.0358,0
13300,8040.0,0.0093,0.02278,399,6.4,0.444,0.0629,0
13301,10950.0,0.01329,0.03473,0,2.7,0.273,0.0543,0
13302,10260.0,0.00604,0.00706,0,1.2,0.271,0.0356,0
13303,54520.0,0.04843,0.05711,0,1.0,0.253,0.0509,0
13304,8640.0,0.00804,0.01251,0,6.6,0.291,0.0353,0
13305,32230.0,0.02605,0.01708,0,2.4,0.264,0.0646,0
13306,14760.0,0.01565,0.01269,0,6.9,0.317,0.0713,0
13307,15990.0,0.02109,0.00395,66,3.5,0.425,0.0436,0
13308,6660.0,0.05747,0.07036,0,0.6,0.594,0.0308,0
13309,14940.0,0.02521,0.01981,0,4.6,0.48,0.0671,0
13310,25450.0,0.01357,0.0282,0,1.8,0.5,0.0474,0
13311,4830.0,0.0123,0.02465,0,6.3,0.207,0.0432,0
13312,23560.0,0.01035,0.00949,0,6.0,0.498,0.0708,0
13313,4460.0,0.01049,0.00699,0,5.2,0.545,0.0589,0
13314,40450.0,0.02651,0.04729,0,1.1,0.504,0.0675,0
13315,18270.0,0.11259,0.10196,0,5.6,0.372,0.051,0
13316,28000.0,0.00897,0.0136,0,5.0,0.273,0.0361,0
13317,17170.0,0.00891,0.0059,0,1.3,0.569,0.0697,0
13318,8550.0,0.02778,0.04186,0,3.5,0.443,0.0378,0
13319,18460.0,0.02434,0.0145,0,0.7,0.359,0.0532,0
13320,42430.0,0.01912,0.01132,11,3.5,0.576,0.0751,0
13321,4600.0,0.06847,0.17641,0,1.1,0.547,0.0709,0
13322,5100.0,0.01033,0.00852,0,2.5,0.339,0.0337,0
13323,3690.0,0.01532,0.00795,0,4.3,0.54,0.0681,0
13324,9460.0,0.01643,0.01765,0,5.4,0.266,0.0362,0
13325,20760.0,0.04133,0.11902,0,1.3,0.492,0.0637,0
13326,13590.0,0.00476,0.00294,0,2.8,0.421,0.0406,0
13327,6540.0,0.0241,0.02526,0,2.9,0.279,0.0399,0
13328,6850.0,0.04752,0.04803,0,1.5,0.56,0.0339,0
13329,3870.0,0.00636,0.00458,0,0.9,0.573,0.0374,0
13330,4040.0,0.03404,0.0655,0,4.0,0.329,0.0318,0
13331,12000.0,0.00651,0.01823,0,1.3,0.544,0.0351,0
13332,5580.0,0.00321,0.00479,0,1.1,0.599,0.0526,0
13333,6330.0,0.03094,0.07301,0,3.4,0.226,0.0662,0
13334,4540.0,0.01338,0.02616,0,5.6,0.38,0.0372,0
13335,14890.0,0.015,0.0258,0,3.1,0.261,0.0414,0
13336,33830.0,0.03039,0.04054,0,0.7,0.243,0.0695,0
13337,8190.0,0.03916,0.03226,0,4.8,0.472,0.0488,0
13338,9440.0,0.00698,0.01045,0,3.8,0.21,0.0657,0
13339,23600.0,0.01101,0.02082,0,6.3,0.225,0.0503,0
13340,12470.0,0.02237,0.03692,0,3.1,0.539,0.0596,0
13341,16200.0,0.04131,0.04818,0,2.9,0.368,0.0636,0
13342,5370.0,0.04714,0.03461,0,2.0,0.382,0.0572,0
13343,11430.0,0.0069,0.0072,0,6.3,0.286,0.0416,0
13344,31590.0,0.02557,0.03313,0,1.5,0.49,0.0452,0
13345,9660.0,0.02309,0.0249,0,2.0,0.535,0.0484,0
13346,66510.0,0.00957,0.02762,0,2.9,0.357,0.0558,0
13347,2860.0,0.02041,0.02914,0,2.7,0.545,0.0564,0
13348,52170.0,0.02796,0.03826,0,5.3,0.412,0.0653,0
13349,27340.0,0.04731,0.08729,0,6.1,0.361,0.0517,0
13350,5720.0,0.0193,0.02175,0,3.3,0.313,0.0655,0
13351,12800.0,0.02238,0.00434,0,2.2,0.235,0.0367,0
13352,19970.0,0.02314,0.03657,0,1.7,0.267,0.0439,0
13353,18700.0,0.01437,0.01615,0,5.9,0.442,0.0735,0
13354,53180.0,0.02629,0.02191,0,2.0,0.262,0.0637,0
13355,4220.0,0.02379,0.02642,0,0.7,0.486,0.0373,0
13356,16760.0,0.06148,0.09837,0,2.0,0.358,0.0761,0
13357,33300.0,0.01214,0.06545,0,4.0,0.509,0.0474,0
13358,7140.0,0.0178,0.01517,266,3.0,0.422,0.0609,0
13359,2320.0,0.01843,0.01782,0,6.2,0.53,0.0647,0
13360,4040.0,0.00879,0.00744,0,6.4,0.354,0.034,0
13361,4970.0,0.02952,0.08644,0,6.6,0.372,0.0614,0
13362,10710.0,0.08824,0.07614,0,2.1,0.295,0.038,0
13363,13200.0,0.00793,0.00504,0,5.1,0.223,0.0621,0
13364,17310.0,0.00805,0.01269,0,5.1,0.348,0.0405,0
13365,44880.0,0.02697,0.02247,0,4.8,0.231,0.0553,0
13366,9950.0,0.00802,0.02341,0,5.1,0.278,0.0595,0
13367,11880.0,0.01137,0.0233,0,5.3,0.571,0.0669,0
13368,9880.0,0.05171,0.09123,0,0.6,0.33,0.0405,0
13369,4780.0,0.03561,0.02755,0,5.7,0.304,0.0649,0
13370,15330.0,0.00925,0.00798,0,2.8,0.465,0.0527,0
13371,2990.0,0.02924,0.16438,0,4.9,0.413,0.0725,0
13372,17570.0,0.02895,0.01485,0,4.0,0.238,0.0343,0
13373,7190.0,0.01917,0.01314,0,3.2,0.481,0.0637,0
13374,15720.0,0.04024,0.02848,0,2.6,0.441,0.0712,0
13375,37760.0,0.01238,0.01345,0,3.5,0.566,0.054,0
13376,1370.0,0.02756,0.09206,0,1.9,0.562,0.052,0
13377,7240.0,0.01165,0.0188,0,5.7,0.282,0.0348,0
13378,14380.0,0.01942,0.02366,0,5.6,0.24,0.0435,0
13379,8840.0,0.00741,0.02249,0,5.3,0.264,0.0435,0
13380,22890.0,0.08016,0.17012,0,2.4,0.564,0.039,1
13381,11250.0,0.00492,0.00329,0,1.5,0.215,0.0668,0
13382,22060.0,0.0076,0.0166,0,1.9,0.49,0.0763,0
13383,14100.0,0.02126,0.02677,0,3.9,0.375,0.069,0
13384,8380.0,0.00892,0.00996,0,3.5,0.223,0.0357,0
13385,2040.0,0.0179,0.01969,0,1.3,0.537,0.0723,0
13386,5350.0,0.02617,0.03956,0,6.8,0.446,0.0313,0
13387,1840.0,0.03239,0.01732,0,5.6,0.467,0.0749,0
13388,5020.0,0.01231,0.02466,0,1.5,0.479,0.0724,0
13389,8940.0,0.01021,0.01057,0,6.1,0.382,0.0781,0
13390,37240.0,0.01032,0.01526,0,1.7,0.585,0.0786,0
13391,23730.0,0.00873,0.01684,0,1.5,0.551,0.0458,0
13392,10560.0,0.02423,0.03419,0,5.4,0.569,0.079,0
13393,9360.0,0.00939,0.01663,0,2.8,0.316,0.0313,0
13394,11370.0,0.04499,0.06415,0,5.4,0.41,0.0649,0
13395,5190.0,0.01325,0.02895,0,5.0,0.305,0.0321,0
13396,6220.0,0.02784,0.03146,0,4.4,0.39,0.0374,0
13397,7430.0,0.01059,0.02186,360,7.0,0.37,0.0716,0
13398,13680.0,0.01583,0.03155,0,4.6,0.265,0.0629,0
13399,18450.0,0.02334,0.03786,0,0.7,0.519,0.0424,0
13400,6040.0,0.02941,0.03662,0,4.4,0.386,0.0508,0
13401,6160.0,0.02178,0.03175,0,1.9,0.284,0.0512,0
13402,32200.0,0.01075,0.01574,0,3.9,0.27,0.0704,0
13403,3880.0,0.0021,0.002,0,2.2,0.395,0.0607,0
13404,36120.0,0.01,0.00975,0,1.6,0.261,0.066,0
13405,5750.0,0.02928,0.02526,0,1.1,0.551,0.0358,1
13406,76120.0,0.03133,0.04592,0,1.9,0.41,0.0632,0
13407,21020.0,0.02085,0.00994,0,3.5,0.376,0.0522,0
13408,18410.0,0.04811,0.04469,0,2.7,0.234,0.0531,0
13409,69760.0,0.01235,0.02388,0,5.9,0.268,0.0757,0
13410,5120.0,0.00984,0.00431,0,0.6,0.347,0.0705,0
13411,24030.0,0.0099,0.01117,0,5.1,0.426,0.035,0
13412,9610.0,0.00863,0.01619,0,2.5,0.471,0.0561,0
13413,12680.0,0.00955,0.06235,0,6.8,0.509,0.0446,0
13414,9060.0,0.01045,0.00803,0,4.7,0.466,0.0336,0
13415,12070.0,0.04026,0.09761,0,2.0,0.562,0.0476,0
13416,5730.0,0.0177,0.03176,0,6.5,0.413,0.0559,0
13417,3600.0,0.00421,0.004,0,4.4,0.304,0.0413,0
13418,7900.0,0.02003,0.01463,0,3.9,0.231,0.0509,0
13419,23500.0,0.03048,0.05031,0,1.4,0.563,0.0668,0
13420,10700.0,0.01105,0.01386,0,4.0,0.582,0.0677,0
13421,1100.0,0.02051,0.00549,0,3.3,0.211,0.031,0
13422,3770.0,0.00992,0.00586,0,1.6,0.362,0.0741,0
13423,5890.0,0.01657,0.00901,0,3.1,0.258,0.0557,0
13424,3930.0,0.04685,0.03635,0,2.6,0.474,0.0344,0
13425,12000.0,0.00879,0.00512,0,3.8,0.485,0.079,0
13426,21670.0,0.04172,0.08879,0,1.2,0.47,0.0642,0
13427,17550.0,0.01562,0.03414,0,3.7,0.576,0.0512,0
13428,12350.0,0.00935,0.01971,0,6.0,0.499,0.0693,0
13429,4570.0,0.00687,0.01751,0,6.9,0.469,0.0405,0
13430,6120.0,0.03988,0.02837,0,3.1,0.493,0.0475,0
13431,16000.0,0.02534,0.03821,0,5.3,0.385,0.0327,0
13432,28700.0,0.02758,0.04416,0,1.5,0.295,0.0344,0
13433,4680.0,0.01739,0.01024,0,4.1,0.512,0.0757,0
13434,36440.0,0.02581,0.01581,0,5.0,0.228,0.0765,0
13435,3660.0,0.0331,0.03207,0,1.8,0.234,0.0538,0
13436,6180.0,0.02282,0.02087,26,2.0,0.465,0.0489,0
13437,14350.0,0.0457,0.038,0,4.5,0.447,0.0755,0
13438,12960.0,0.01303,0.0175,0,1.1,0.48,0.0371,0
13439,39050.0,0.027,0.02008,0,6.3,0.527,0.0628,0
13440,4550.0,0.0321,0.04789,0,6.7,0.565,0.0678,1
13441,40570.0,0.00596,0.00479,0,4.8,0.259,0.0698,0
13442,4980.0,0.04842,0.02052,0,1.7,0.425,0.0603,0
13443,37180.0,0.01879,0.01401,0,6.8,0.572,0.0445,0
13444,10380.0,0.01923,0.01834,0,6.6,0.477,0.0587,0
13445,38410.0,0.00952,0.01738,0,6.6,0.499,0.0616,0
13446,30450.0,0.01247,0.00892,0,1.4,0.352,0.0348,0
13447,13280.0,0.02326,0.01813,0,2.9,0.543,0.0648,0
13448,7090.0,0.03157,0.05471,45,2.1,0.22,0.0606,0
13449,7410.0,0.00831,0.00635,0,2.3,0.413,0.0599,0
13450,19760.0,0.00908,0.03647,0,1.5,0.255,0.0441,0
13451,33750.0,0.02308,0.00749,0,5.5,0.444,0.0407,0
13452,8760.0,0.01376,0.00782,0,2.2,0.587,0.0481,0
13453,9210.0,0.01352,0.00673,0,4.7,0.457,0.0413,0
13454,10610.0,0.01338,0.01991,0,4.4,0.427,0.0771,0
13455,13860.0,0.01293,0.01571,0,2.6,0.536,0.054,0
13456,12280.0,0.00733,0.00329,0,3.7,0.499,0.0302,0
13457,4530.0,0.01786,0.04611,0,3.6,0.224,0.075,0
13458,13840.0,0.0265,0.02662,0,5.6,0.395,0.0776,0
13459,19880.0,0.09871,0.08622,0,3.1,0.25,0.037,0
13460,7260.0,0.07409,0.06411,0,1.0,0.454,0.0797,0
13461,13900.0,0.02007,0.01956,0,6.2,0.436,0.074,0
13462,13230.0,0.00757,0.00619,0,3.3,0.583,0.0625,0
13463,5240.0,0.03136,0.044,0,6.7,0.204,0.0338,0
13464,59720.0,0.01817,0.05161,0,2.3,0.386,0.0354,0
13465,25710.0,0.0151,0.00881,0,0.6,0.477,0.0773,0
13466,21150.0,0.0078,0.00672,0,0.6,0.509,0.0613,0
13467,7520.0,0.04313,0.03057,0,6.0,0.243,0.0457,0
13468,20500.0,0.02299,0.04878,0,3.4,0.419,0.0516,0
13469,11200.0,0.01694,0.02146,0,3.0,0.447,0.0774,0
13470,8620.0,0.01376,0.00943,0,5.7,0.471,0.0418,0
13471,9430.0,0.06352,0.02505,0,1.0,0.347,0.0684,0
13472,13400.0,0.03169,0.04374,0,1.9,0.38,0.0324,0
13473,9340.0,0.03166,0.07247,0,1.6,0.422,0.0729,0
13474,33630.0,0.03816,0.02421,0,2.3,0.223,0.0653,0
13475,5990.0,0.0267,0.07076,0,4.4,0.507,0.0506,0
13476,25230.0,0.02165,0.0119,0,6.7,0.215,0.0747,0
13477,17370.0,0.00852,0.01918,0,1.7,0.218,0.0588,0
13478,3480.0,0.0308,0.01002,0,2.0,0.397,0.0614,0
13479,6940.0,0.10957,0.03944,0,5.4,0.295,0.0693,0
13480,39160.0,0.03336,0.03629,0,2.4,0.272,0.0311,0
13481,17360.0,0.01962,0.01414,0,4.7,0.462,0.0346,0
13482,17390.0,0.01895,0.01284,0,6.4,0.567,0.0431,0
13483,10060.0,0.05679,0.08216,0,3.2,0.306,0.048,0
13484,28270.0,0.00572,0.0078,0,5.5,0.275,0.076,0
13485,4750.0,0.03506,0.0263,0,2.1,0.58,0.0506,0
13486,11050.0,0.00895,0.00835,0,3.7,0.489,0.0734,0
13487,4420.0,0.04443,0.04837,0,6.1,0.514,0.0363,0
13488,12490.0,0.0339,0.05204,0,0.8,0.218,0.0605,0
13489,16530.0,0.06421,0.18801,0,5.8,0.453,0.0622,0
13490,20850.0,0.00231,0.00442,0,4.0,0.384,0.0319,0
13491,32380.0,0.02999,0.03789,37,1.4,0.344,0.0466,0
13492,39730.0,0.02102,0.02863,0,1.6,0.303,0.0591,0
13493,13150.0,0.05847,0.02396,0,5.8,0.515,0.0474,0
13494,16740.0,0.01779,0.00966,0,4.3,0.221,0.0708,0
13495,38960.0,0.03375,0.07111,0,4.3,0.439,0.0658,0
13496,7390.0,0.01232,0.00881,0,5.1,0.5,0.03,0
13497,11400.0,0.01054,0.00765,0,3.8,0.317,0.066,0
13498,18600.0,0.01334,0.01724,0,3.9,0.496,0.038,0
13499,6580.0,0.01441,0.02029,0,3.3,0.251,0.0605,0
13500,28620.0,0.02198,0.01933,0,4.5,0.268,0.0634,0
13501,3090.0,0.00763,0.00574,0,1.1,0.322,0.0496,1
13502,3600.0,0.05482,0.08107,0,3.0,0.42,0.0757,0
13503,33940.0,0.05818,0.06151,0,6.2,0.419,0.0611,0
13504,5480.0,0.02115,0.02547,0,3.2,0.235,0.0324,0
13505,16550.0,0.01693,0.00952,0,1.2,0.355,0.0702,0
13506,14420.0,0.02428,0.0348,0,6.9,0.322,0.0597,0
13507,6570.0,0.03057,0.03238,0,5.6,0.444,0.048,0
13508,26170.0,0.01121,0.01065,0,1.8,0.303,0.0745,0
13509,19490.0,0.0307,0.0369,0,1.3,0.52,0.0663,0
13510,200000.0,0.04221,0.04271,0,3.6,0.454,0.0438,0
13511,4060.0,0.0111,0.00833,0,4.6,0.216,0.0493,0
13512,5310.0,0.02742,0.04242,33,0.6,0.564,0.0651,0
13513,8740.0,0.01236,0.00495,0,2.2,0.523,0.0611,0
13514,14280.0,0.02288,0.02143,0,5.7,0.513,0.0758,0
13515,17730.0,0.02591,0.04039,0,2.9,0.347,0.0524,0
13516,4420.0,0.0064,0.00563,0,1.2,0.471,0.0301,0
13517,7060.0,0.01907,0.02191,0,6.1,0.394,0.0463,0
13518,4180.0,0.02764,0.03658,0,1.0,0.499,0.0657,0
13519,4160.0,0.10947,0.34726,0,5.3,0.244,0.0406,0
13520,11950.0,0.00556,0.0067,0,2.5,0.595,0.0352,0
13521,27820.0,0.02084,0.01342,0,4.0,0.565,0.05,0
13522,19760.0,0.02898,0.0218,0,3.5,0.51,0.0789,0
13523,22150.0,0.01428,0.01787,0,2.3,0.371,0.0368,0
13524,8150.0,0.04494,0.02283,0,3.2,0.28,0.0419,0
13525,19530.0,0.11974,0.19224,0,0.8,0.205,0.0598,0
13526,29690.0,0.05603,0.11322,0,2.8,0.408,0.066,0
13527,3730.0,0.01716,0.01487,0,3.0,0.201,0.0447,0
13528,35920.0,0.01227,0.0066,0,5.0,0.386,0.0663,0
13529,6080.0,0.01262,0.01611,0,5.3,0.337,0.0456,0
13530,16370.0,0.01303,0.0108,0,5.3,0.526,0.0395,0
13531,17020.0,0.03312,0.04488,0,6.0,0.576,0.0432,0
13532,10130.0,0.01451,0.01913,0,5.3,0.376,0.078,0
13533,7750.0,0.04184,0.07182,0,2.4,0.428,0.0716,0
13534,3280.0,0.01151,0.00607,0,3.7,0.344,0.0441,0
13535,11470.0,0.01298,0.00565,0,7.0,0.435,0.0442,0
13536,26140.0,0.02909,0.05874,0,4.1,0.414,0.0771,1
13537,6460.0,0.00871,0.00863,0,0.6,0.509,0.0751,0
13538,7890.0,0.00692,0.00849,0,2.5,0.306,0.0489,0
13539,3440.0,0.02774,0.0274,0,3.3,0.517,0.0799,0
13540,18710.0,0.11489,0.18848,0,1.1,0.586,0.0622,0
13541,16440.0,0.02043,0.01705,0,2.5,0.437,0.0572,0
13542,3830.0,0.05146,0.03978,0,3.9,0.505,0.0398,0
13543,4770.0,0.02944,0.02887,0,0.7,0.461,0.0647,0
13544,9120.0,0.01496,0.01698,0,5.0,0.587,0.0489,0
13545,24410.0,0.01457,0.01684,0,3.7,0.239,0.0477,0
13546,9960.0,0.04759,0.03336,0,5.1,0.292,0.0508,0
13547,35220.0,0.00746,0.00702,0,3.4,0.449,0.0334,0
13548,3180.0,0.0338,0.057,0,5.8,0.39,0.0495,0
13549,14910.0,0.02779,0.00747,0,0.5,0.3,0.0484,0
13550,27090.0,0.01241,0.00441,37,1.4,0.471,0.0747,0
13551,7390.0,0.01106,0.01131,0,6.1,0.214,0.0704,0
13552,5780.0,0.00975,0.013,0,3.5,0.25,0.0627,0
13553,6200.0,0.01327,0.0084,0,0.9,0.444,0.0599,0
13554,6000.0,0.01956,0.02201,0,2.1,0.264,0.0427,0
13555,17790.0,0.06757,0.04825,0,6.4,0.488,0.0697,0
13556,41930.0,0.00469,0.00371,0,4.4,0.405,0.0599,0
13557,1000.0,0.01131,0.01605,0,5.6,0.445,0.0715,0
13558,13920.0,0.01356,0.01456,0,3.8,0.237,0.0493,0
13559,9630.0,0.01517,0.05556,0,1.5,0.276,0.0429,0
13560,2800.0,0.00366,0.00267,0,3.6,0.556,0.069,0
13561,3310.0,0.03085,0.02374,0,0.6,0.217,0.0599,0
13562,14150.0,0.02369,0.01493,0,1.1,0.458,0.0586,0
13563,2170.0,0.0211,0.0186,0,4.5,0.526,0.0744,0
13564,3260.0,0.0251,0.02946,0,0.7,0.527,0.0372,0
13565,16220.0,0.02461,0.02059,0,3.5,0.433,0.0643,0
13566,21080.0,0.03333,0.04264,0,4.4,0.284,0.0442,0
13567,33730.0,0.01294,0.01491,0,3.8,0.589,0.0631,0
13568,3710.0,0.04019,0.06314,0,5.2,0.301,0.0798,0
13569,25810.0,0.01193,0.01966,0,5.4,0.203,0.044,0
13570,5200.0,0.00698,0.00583,84,1.3,0.527,0.0529,1
13571,11370.0,0.008,0.01438,0,1.0,0.533,0.0546,0
13572,8080.0,0.0081,0.00944,0,2.6,0.403,0.0658,0
13573,4010.0,0.0114,0.02042,0,0.8,0.346,0.0728,0
13574,8880.0,0.0329,0.03624,0,2.4,0.307,0.0643,0
13575,25030.0,0.06088,0.12691,0,6.2,0.247,0.0443,0
13576,29720.0,0.02447,0.02171,0,6.2,0.371,0.0548,0
13577,18430.0,0.24145,0.95,0,1.4,0.443,0.0743,0
13578,7300.0,0.01345,0.02262,76,6.8,0.375,0.0411,0
13579,18750.0,0.01834,0.04909,0,2.2,0.216,0.0506,0
13580,32040.0,0.03578,0.0948,0,3.4,0.212,0.06,0
13581,15350.0,0.01721,0.01309,0,6.0,0.326,0.0561,0
13582,9450.0,0.00953,0.01928,0,1.8,0.252,0.0766,0
13583,2370.0,0.00403,0.0067,0,1.7,0.323,0.0722,0
13584,17970.0,0.00334,0.00349,0,0.8,0.506,0.0589,0
13585,23850.0,0.0135,0.03892,0,0.7,0.481,0.0551,0
13586,3670.0,0.00612,0.02288,0,1.4,0.348,0.0681,0
13587,8410.0,0.01784,0.02522,0,2.4,0.377,0.0482,0
13588,4680.0,0.01849,0.01606,0,3.1,0.306,0.0459,0
13589,26190.0,0.00211,0.00286,0,5.3,0.417,0.0487,0
13590,5630.0,0.03316,0.05741,0,3.0,0.319,0.0542,0
13591,31160.0,0.01493,0.01702,0,4.9,0.237,0.0444,0
13592,3980.0,0.02456,0.0279,0,6.7,0.25,0.0449,0
13593,9980.0,0.03597,0.13689,0,5.3,0.501,0.0543,0
13594,16850.0,0.07149,0.04571,0,6.7,0.531,0.0522,0
13595,6850.0,0.02148,0.03363,22,1.7,0.445,0.0613,0
13596,34530.0,0.0058,0.01772,0,2.1,0.399,0.0375,0
13597,8870.0,0.01208,0.01461,0,5.9,0.487,0.0628,0
13598,11310.0,0.02478,0.05285,0,6.2,0.526,0.0441,0
13599,6230.0,0.01778,0.05939,0,1.4,0.263,0.0636,0
13600,9280.0,0.05827,0.04815,0,1.6,0.515,0.0757,0
13601,26830.0,0.01597,0.02099,0,3.4,0.578,0.0758,0
13602,5920.0,0.01218,0.02357,0,6.9,0.455,0.077,0
13603,2100.0,0.02735,0.0183,0,3.0,0.413,0.0333,0
13604,11670.0,0.01752,0.00929,0,5.9,0.227,0.0418,0
13605,12440.0,0.04615,0.05108,0,3.2,0.463,0.0319,0
13606,24480.0,0.02369,0.0157,0,0.9,0.226,0.0767,0
13607,2180.0,0.01692,0.01022,0,5.3,0.251,0.0793,0
13608,15820.0,0.05339,0.04245,0,4.2,0.382,0.0588,0
13609,34070.0,0.00973,0.01475,0,6.6,0.401,0.0711,0
13610,34160.0,0.02853,0.00339,0,5.9,0.251,0.0573,0
13611,20310.0,0.01415,0.02118,0,1.1,0.451,0.0557,0
13612,7480.0,0.01213,0.00456,0,3.5,0.363,0.0565,0
13613,19040.0,0.02349,0.04294,13,0.7,0.272,0.0352,0
13614,1900.0,0.01187,0.00653,0,3.5,0.516,0.0467,0
13615,8560.0,0.01353,0.01536,0,1.7,0.285,0.0664,0
13616,16620.0,0.02017,0.0218,0,5.2,0.241,0.0426,0
13617,9180.0,0.00674,0.01119,0,0.5,0.596,0.0431,0
13618,5970.0,0.03727,0.02604,0,3.8,0.321,0.0549,0
13619,4950.0,0.01138,0.01788,0,4.8,0.377,0.0564,0
13620,55860.0,0.01782,0.02375,88,2.5,0.475,0.0689,0
13621,10890.0,0.02263,0.01096,0,1.0,0.298,0.0651,0
13622,21700.0,0.01557,0.03575,0,0.9,0.202,0.0691,0
13623,14610.0,0.05257,0.02829,0,5.0,0.36,0.0615,0
13624,8050.0,0.01422,0.01772,2,6.2,0.421,0.0562,1
13625,4690.0,0.01121,0.01774,0,2.0,0.3,0.0636,1
13626,3480.0,0.02293,0.0169,0,3.4,0.297,0.0533,0
13627,3140.0,0.02955,0.04563,0,4.8,0.271,0.0657,0
13628,26030.0,0.07258,0.1302,66,6.3,0.437,0.0401,0
13629,13510.0,0.02006,0.00791,0,6.3,0.253,0.0636,0
13630,16700.0,0.01995,0.01794,0,5.3,0.424,0.0303,0
13631,25150.0,0.02476,0.01617,0,3.0,0.249,0.0336,0
13632,10780.0,0.0127,0.0318,0,4.5,0.275,0.0569,0
13633,15600.0,0.07653,0.11401,0,1.9,0.25,0.0686,0
13634,8740.0,0.00676,0.00238,0,5.2,0.383,0.073,0
13635,3730.0,0.05824,0.06222,0,5.5,0.51,0.0487,0
13636,14400.0,0.0427,0.06964,0,6.7,0.252,0.0766,0
13637,11300.0,0.01273,0.00927,0,4.9,0.286,0.0758,0
13638,4030.0,0.03204,0.01571,0,4.9,0.474,0.0786,0
13639,14250.0,0.01697,0.0355,49,4.2,0.548,0.0501,0
13640,6760.0,0.0041,0.00731,0,6.7,0.209,0.0446,0
13641,10790.0,0.01824,0.04354,0,4.9,0.271,0.039,0
13642,6440.0,0.01338,0.0051,0,2.5,0.507,0.0467,0
13643,12660.0,0.05083,0.02822,0,2.6,0.49,0.0381,0
13644,22640.0,0.00688,0.01008,0,1.8,0.235,0.0447,0
13645,9120.0,0.01771,0.01822,0,1.4,0.244,0.0447,0
13646,31680.0,0.07707,0.12453,0,2.6,0.371,0.0555,0
13647,8340.0,0.02104,0.03613,0,1.6,0.406,0.068,0
13648,12170.0,0.01182,0.02023,0,5.5,0.281,0.0547,0
13649,10450.0,0.01927,0.10171,0,5.1,0.4,0.0755,0
13650,21850.0,0.01189,0.01263,0,1.7,0.295,0.0513,0
13651,9790.0,0.05584,0.05191,0,6.7,0.43,0.0695,0
13652,33780.0,0.0122,0.01979,0,4.5,0.48,0.0462,0
13653,10860.0,0.0327,0.05249,0,3.2,0.346,0.0322,0
13654,13290.0,0.00863,0.00366,0,4.3,0.534,0.0704,0
13655,4460.0,0.03003,0.07841,0,3.2,0.45,0.0711,0
13656,11560.0,0.00744,0.007,0,2.3,0.317,0.0585,0
13657,17420.0,0.0238,0.10527,0,4.6,0.562,0.0333,0
13658,7490.0,0.02262,0.01788,0,6.8,0.582,0.0494,0
13659,14170.0,0.02102,0.04333,0,2.6,0.229,0.0795,0
13660,3260.0,0.01019,0.01661,0,2.4,0.479,0.0622,0
13661,8360.0,0.0115,0.01883,0,0.6,0.267,0.0483,0
13662,12070.0,0.01104,0.01946,0,6.2,0.286,0.0583,0
13663,32000.0,0.01147,0.00919,0,4.6,0.552,0.0704,0
13664,3510.0,0.0152,0.00751,0,4.6,0.58,0.0529,0
13665,17480.0,0.0149,0.02486,0,6.4,0.598,0.0678,0
13666,10210.0,0.02894,0.07466,0,5.7,0.243,0.048,0
13667,15120.0,0.01756,0.01279,0,3.1,0.579,0.0706,0
13668,26910.0,0.01547,0.02037,0,4.7,0.392,0.0593,0
13669,7300.0,0.04589,0.04302,0,2.6,0.353,0.0383,0
13670,10110.0,0.02433,0.03251,0,2.3,0.566,0.0362,0
13671,4700.0,0.05771,0.04673,217,2.7,0.473,0.0538,0
13672,3700.0,0.04498,0.04018,0,3.0,0.574,0.0741,0
13673,9850.0,0.02511,0.01682,0,5.2,0.447,0.0672,0
13674,2210.0,0.04275,0.03188,0,4.1,0.406,0.0637,0
13675,2270.0,0.04779,0.04918,0,6.5,0.212,0.0364,0
13676,5780.0,0.01594,0.00749,0,5.2,0.31,0.0601,0
13677,2810.0,0.03467,0.07051,0,3.2,0.303,0.0594,0
13678,2340.0,0.03939,0.02805,0,5.3,0.339,0.0647,0
13679,3070.0,0.032,0.01307,0,1.0,0.305,0.0308,0
13680,14100.0,0.02268,0.01815,0,5.0,0.538,0.0761,0
13681,7750.0,0.00706,0.00635,0,3.5,0.212,0.0388,0
13682,4780.0,0.02594,0.11218,0,2.8,0.31,0.0414,0
13683,7440.0,0.05642,0.0472,0,6.4,0.433,0.0354,0
13684,15840.0,0.02924,0.04964,0,1.5,0.569,0.0363,0
13685,13610.0,0.021,0.01711,0,4.3,0.552,0.0721,0
13686,10000.0,0.01781,0.0177,0,6.0,0.561,0.0747,0
13687,12640.0,0.08242,0.06747,4,1.9,0.416,0.0648,0
13688,3180.0,0.02042,0.03904,0,4.5,0.494,0.0379,0
13689,8230.0,0.02121,0.02295,0,6.0,0.323,0.0687,0
13690,36410.0,0.01558,0.01314,0,2.4,0.477,0.0547,0
13691,6460.0,0.03593,0.03562,0,2.8,0.221,0.0369,0
13692,12040.0,0.08127,0.08797,0,6.1,0.445,0.0662,0
13693,4720.0,0.01296,0.01016,17,1.4,0.256,0.0305,0
13694,20110.0,0.0132,0.00457,0,1.3,0.552,0.0496,0
13695,12790.0,0.00941,0.01179,0,6.5,0.421,0.0595,0
13696,15640.0,0.02961,0.11062,0,5.7,0.241,0.0558,0
13697,14880.0,0.01997,0.05037,0,4.8,0.426,0.0341,0
13698,25160.0,0.02886,0.04559,0,2.8,0.325,0.0402,0
13699,7700.0,0.00832,0.00666,0,4.1,0.497,0.0665,0
13700,11500.0,0.04538,0.03193,4,4.3,0.498,0.0637,0
13701,3410.0,0.02716,0.0904,0,0.8,0.527,0.0357,0
13702,18490.0,0.03072,0.0217,0,0.5,0.446,0.043,0
13703,4920.0,0.03888,0.04609,64,3.5,0.541,0.054,0
13704,14850.0,0.04592,0.16528,0,0.6,0.22,0.034,0
13705,33560.0,0.02433,0.0213,0,6.5,0.302,0.0587,0
13706,8580.0,0.02616,0.01985,0,3.9,0.492,0.0604,0
13707,2740.0,0.02491,0.05316,0,5.9,0.411,0.0508,0
13708,4590.0,0.01398,0.03685,0,3.0,0.309,0.0301,0
13709,15150.0,0.01077,0.01285,0,2.3,0.41,0.0579,0
13710,13260.0,0.01105,0.03178,0,2.8,0.236,0.077,1
13711,20420.0,0.01039,0.0075,0,3.7,0.272,0.0632,0
13712,12010.0,0.04825,0.05259,0,6.8,0.286,0.0422,0
13713,3210.0,0.0195,0.03363,0,4.6,0.39,0.0407,0
13714,2130.0,0.01991,0.03406,0,4.3,0.398,0.0723,0
13715,13100.0,0.0153,0.05379,0,6.9,0.363,0.0412,0
13716,10280.0,0.00436,0.00465,23,6.9,0.563,0.0603,0
13717,2990.0,0.01446,0.01587,0,2.2,0.249,0.0413,0
13718,13250.0,0.01585,0.01032,0,1.7,0.499,0.0618,0
13719,15970.0,0.01473,0.01389,0,4.0,0.58,0.0714,0
13720,7690.0,0.02122,0.0088,0,6.7,0.276,0.0435,0
13721,2460.0,0.0371,0.01153,0,1.5,0.207,0.0744,0
13722,16090.0,0.05968,0.07527,0,5.3,0.223,0.0778,0
13723,9790.0,0.00942,0.00426,0,3.0,0.354,0.0712,0
13724,2120.0,0.02677,0.02635,0,3.4,0.453,0.0786,0
13725,19580.0,0.02621,0.04612,0,3.3,0.568,0.0387,0
13726,36520.0,0.02439,0.02263,79,1.9,0.566,0.0724,0
13727,7840.0,0.02348,0.05919,0,4.5,0.221,0.0304,0
13728,10770.0,0.01497,0.05308,0,2.7,0.437,0.038,0
13729,8450.0,0.02292,0.02395,0,5.8,0.261,0.0393,0
13730,7830.0,0.01677,0.04067,0,2.9,0.354,0.058,1
13731,9330.0,0.02068,0.01385,0,6.5,0.476,0.0506,0
13732,7850.0,0.03813,0.04536,0,2.0,0.259,0.0731,0
13733,9660.0,0.01095,0.01861,0,2.2,0.323,0.0594,0
13734,1960.0,0.02164,0.01171,0,5.1,0.334,0.0785,0
13735,17920.0,0.02629,0.0953,0,3.2,0.595,0.0683,0
13736,9630.0,0.00854,0.01152,0,2.0,0.59,0.0776,0
13737,14260.0,0.02575,0.01582,0,3.3,0.477,0.0731,0
13738,14790.0,0.02421,0.02676,0,6.3,0.485,0.0344,0
13739,20590.0,0.03178,0.04118,0,6.8,0.326,0.04,0
13740,24010.0,0.05734,0.21964,85,6.5,0.419,0.0598,0
13741,6990.0,0.00503,0.00227,0,4.0,0.283,0.0333,0
13742,12620.0,0.00805,0.01144,0,5.9,0.411,0.0728,0
13743,42590.0,0.01789,0.01216,0,6.0,0.572,0.0512,0
13744,13400.0,0.01795,0.01529,0,2.6,0.382,0.0588,0
13745,4530.0,0.02668,0.02957,0,1.0,0.555,0.0626,0
13746,15960.0,0.01879,0.03415,0,3.9,0.485,0.0492,0
13747,17450.0,0.05235,0.08601,17,4.0,0.269,0.0362,0
13748,2250.0,0.02542,0.05186,63,2.4,0.388,0.0364,0
13749,14270.0,0.00741,0.01661,0,3.5,0.293,0.0737,0
13750,9020.0,0.0433,0.13298,0,4.3,0.225,0.0608,0
13751,18340.0,0.02134,0.02227,0,5.5,0.411,0.0724,1
13752,10260.0,0.02181,0.02355,39,3.3,0.443,0.0652,0
13753,17100.0,0.04211,0.05037,0,6.0,0.42,0.0566,0
13754,31080.0,0.01715,0.03116,0,2.0,0.381,0.0535,0
13755,27190.0,0.01169,0.02049,0,1.3,0.252,0.0365,0
13756,6240.0,0.01505,0.04656,0,1.0,0.215,0.0701,0
13757,8810.0,0.02429,0.01761,355,5.5,0.253,0.079,0
13758,13290.0,0.03331,0.03371,0,2.9,0.243,0.0543,0
13759,13410.0,0.03834,0.05377,0,6.1,0.445,0.0377,0
13760,17620.0,0.0122,0.05574,0,1.5,0.471,0.0569,0
13761,10930.0,0.00856,0.00787,16,4.7,0.3,0.0696,0
13762,36410.0,0.05578,0.10531,0,3.4,0.357,0.046,1
13763,4020.0,0.08433,0.13362,0,3.8,0.529,0.0617,0
13764,7750.0,0.01327,0.01878,0,1.4,0.256,0.0303,0
13765,5650.0,0.02654,0.01073,0,5.7,0.558,0.0659,0
13766,10920.0,0.03896,0.02443,0,1.2,0.237,0.0506,0
13767,6920.0,0.06968,0.0441,0,1.6,0.585,0.0698,0
13768,5900.0,0.04768,0.08946,0,2.2,0.288,0.0397,0
13769,3990.0,0.01838,0.00407,0,1.8,0.213,0.0502,0
13770,14610.0,0.0196,0.02257,68,3.4,0.286,0.0771,0
13771,7460.0,0.05472,0.11229,0,6.2,0.205,0.0658,0
13772,38540.0,0.00999,0.02386,0,1.4,0.571,0.0555,0
13773,6160.0,0.01388,0.01088,0,1.6,0.487,0.0596,0
13774,20900.0,0.04406,0.08541,0,0.7,0.512,0.039,0
13775,4130.0,0.0113,0.01974,16,6.8,0.566,0.069,0
13776,15930.0,0.0114,0.01186,18,2.7,0.597,0.0406,0
13777,37340.0,0.03572,0.05037,0,1.7,0.273,0.042,0
13778,8910.0,0.02107,0.0241,0,3.9,0.509,0.073,0
13779,25320.0,0.01393,0.01365,0,5.0,0.452,0.0635,0
13780,6380.0,0.02326,0.03181,0,2.4,0.273,0.0453,0
13781,32960.0,0.01091,0.01851,375,1.4,0.381,0.0623,0
13782,11020.0,0.03137,0.02332,0,6.7,0.298,0.0694,0
13783,16470.0,0.01515,0.04088,0,1.3,0.366,0.0761,0
13784,20490.0,0.04949,0.04576,0,3.0,0.404,0.0448,0
13785,6160.0,0.0099,0.02662,0,5.0,0.388,0.0639,0
13786,18180.0,0.01395,0.03422,17,5.6,0.407,0.0594,0
13787,39600.0,0.01102,0.00402,0,2.6,0.376,0.059,0
13788,1000.0,0.0225,0.02861,0,2.9,0.582,0.0498,0
13789,9500.0,0.02257,0.01388,0,6.5,0.324,0.0677,0
13790,20930.0,0.02246,0.01791,0,6.9,0.3,0.058,0
13791,4670.0,0.01074,0.01612,0,3.2,0.463,0.0624,0
13792,5670.0,0.002,0.002,0,3.8,0.355,0.0646,0
13793,12170.0,0.00249,0.0026,0,3.5,0.54,0.0704,0
13794,6930.0,0.00556,0.00942,0,0.5,0.21,0.0627,0
13795,15680.0,0.01859,0.02645,0,4.3,0.472,0.04,0
13796,21170.0,0.01133,0.00669,0,1.8,0.249,0.0708,0
13797,40330.0,0.02837,0.01125,0,4.3,0.383,0.0489,0
13798,37730.0,0.03366,0.10871,0,0.8,0.378,0.0348,1
13799,9160.0,0.01346,0.041,372,3.4,0.568,0.0618,0
13800,2910.0,0.02174,0.0254,0,3.7,0.301,0.0393,0
13801,10640.0,0.00806,0.01245,0,2.2,0.516,0.0611,0
13802,25850.0,0.00663,0.01417,0,2.3,0.579,0.0457,0
13803,3090.0,0.04055,0.04386,0,1.3,0.505,0.0333,0
13804,4550.0,0.02067,0.02092,0,2.4,0.425,0.0581,0
13805,11390.0,0.01616,0.01943,0,0.9,0.256,0.0738,0
13806,13430.0,0.04753,0.16887,0,1.7,0.493,0.071,0
13807,7710.0,0.00613,0.00454,0,3.5,0.457,0.0303,0
13808,8580.0,0.01848,0.08967,0,3.0,0.427,0.0569,0
13809,10440.0,0.04388,0.01388,0,3.5,0.439,0.062,0
13810,20150.0,0.02013,0.05329,0,5.2,0.399,0.0606,0
13811,20210.0,0.02023,0.02211,0,4.3,0.398,0.0642,0
13812,2870.0,0.03645,0.03946,0,4.8,0.384,0.0501,0
13813,22860.0,0.02031,0.01332,0,1.5,0.595,0.0359,0
13814,29570.0,0.00875,0.00842,0,6.0,0.435,0.0493,0
13815,30240.0,0.01297,0.01913,0,1.4,0.599,0.0691,0
13816,17890.0,0.06103,0.14622,65,1.9,0.463,0.0389,0
13817,9840.0,0.01576,0.01415,0,7.0,0.251,0.0588,0
13818,29280.0,0.04674,0.03578,0,2.1,0.494,0.0587,0
13819,11380.0,0.14514,0.12137,0,6.2,0.271,0.0457,0
13820,13130.0,0.02753,0.05499,0,3.1,0.318,0.0378,0
13821,17470.0,0.01892,0.02464,0,1.5,0.383,0.0551,0
13822,111400.0,0.03646,0.03655,0,6.5,0.209,0.0438,0
13823,3420.0,0.00738,0.00948,0,6.6,0.515,0.0685,0
13824,8720.0,0.01077,0.01236,66,0.6,0.531,0.045,1
13825,12090.0,0.00416,0.00311,0,2.8,0.297,0.0754,0
13826,5840.0,0.02339,0.01582,0,5.3,0.386,0.0589,0
13827,2590.0,0.02133,0.01027,0,1.7,0.548,0.0654,0
13828,19350.0,0.02469,0.07708,0,6.0,0.422,0.036,0
13829,12950.0,0.01241,0.0288,0,5.2,0.546,0.0778,0
13830,15750.0,0.00627,0.01016,0,7.0,0.527,0.0552,0
13831,14360.0,0.01379,0.00446,0,3.6,0.536,0.0776,0
13832,6680.0,0.00871,0.02496,0,5.8,0.409,0.0351,0
13833,18070.0,0.05817,0.13921,0,6.7,0.447,0.0786,0
13834,11230.0,0.03045,0.03857,0,3.6,0.582,0.0522,0
13835,7980.0,0.02688,0.01828,0,1.3,0.466,0.0491,0
13836,3560.0,0.00731,0.00392,0,2.1,0.269,0.0526,0
13837,11570.0,0.00486,0.00726,0,4.3,0.252,0.0411,0
13838,6550.0,0.04047,0.04759,0,4.0,0.415,0.0796,0
13839,22340.0,0.02089,0.03982,0,2.0,0.516,0.0683,0
13840,1450.0,0.07513,0.04623,0,3.4,0.473,0.045,0
13841,5790.0,0.07391,0.03891,0,4.0,0.438,0.0466,0
13842,4370.0,0.014,0.03757,0,4.4,0.583,0.0619,1
13843,4460.0,0.01805,0.04437,0,3.8,0.375,0.0329,0
13844,36880.0,0.00583,0.00515,0,3.3,0.285,0.0527,0
13845,5770.0,0.01342,0.01845,0,1.7,0.222,0.0688,0
13846,17050.0,0.07894,0.17464,0,4.3,0.368,0.0699,0
13847,37310.0,0.05136,0.04684,0,6.3,0.368,0.048,0
13848,5800.0,0.01538,0.01481,0,6.7,0.302,0.0655,0
13849,6630.0,0.01476,0.02491,0,3.5,0.495,0.0796,0
13850,13830.0,0.00468,0.0023,0,4.8,0.243,0.0602,0
13851,3980.0,0.00976,0.01265,0,2.8,0.332,0.0329,0
13852,11070.0,0.01211,0.01579,0,3.6,0.281,0.0416,0
13853,36090.0,0.05236,0.03898,14,3.1,0.556,0.0698,0
13854,7910.0,0.0087,0.00864,19,7.0,0.224,0.0743,0
13855,26500.0,0.01895,0.01696,52,1.7,0.349,0.0348,0
13856,12920.0,0.00986,0.0096,0,4.8,0.262,0.0554,0
13857,21380.0,0.01598,0.00895,0,3.9,0.592,0.0382,0
13858,21040.0,0.03032,0.02721,0,2.3,0.425,0.045,0
13859,5180.0,0.01131,0.02777,0,2.9,0.524,0.0738,0
13860,14550.0,0.02231,0.03198,0,4.0,0.355,0.0427,0
13861,16500.0,0.01877,0.02778,0,4.9,0.318,0.0738,0
13862,16490.0,0.01612,0.02758,0,7.0,0.275,0.047,0
13863,8390.0,0.01176,0.03623,0,2.0,0.272,0.0741,0
13864,7160.0,0.01726,0.01686,0,4.0,0.582,0.0542,0
13865,9860.0,0.03186,0.06115,0,4.7,0.245,0.054,0
13866,18440.0,0.00351,0.00283,0,3.5,0.363,0.0324,0
13867,21760.0,0.01101,0.01745,0,6.2,0.419,0.0573,0
13868,13920.0,0.03882,0.04901,0,6.9,0.479,0.0483,0
13869,8850.0,0.01319,0.01594,16,4.1,0.405,0.0631,0
13870,28120.0,0.00882,0.00663,198,3.0,0.218,0.0527,0
13871,18900.0,0.03969,0.04324,0,1.7,0.249,0.0344,0
13872,13740.0,0.0102,0.01105,0,4.9,0.598,0.0714,0
13873,13710.0,0.04368,0.09503,0,6.9,0.289,0.0412,0
13874,54360.0,0.01796,0.02939,0,2.8,0.403,0.0725,0
13875,46620.0,0.02533,0.08627,0,5.1,0.368,0.0715,1
13876,1910.0,0.03487,0.05239,0,6.6,0.258,0.0529,0
13877,18240.0,0.02708,0.03064,0,4.7,0.433,0.0717,0
13878,48000.0,0.04787,0.00948,0,3.0,0.489,0.035,0
13879,8700.0,0.01377,0.01068,0,2.1,0.589,0.0595,0
13880,3670.0,0.01058,0.01454,0,4.1,0.436,0.0442,0
13881,35400.0,0.01745,0.03,0,3.0,0.47,0.0557,0
13882,7120.0,0.02101,0.03784,0,6.7,0.388,0.0345,0
13883,2660.0,0.03072,0.0813,0,2.4,0.537,0.046,0
13884,4350.0,0.00352,0.00482,0,5.4,0.298,0.0439,0
13885,26370.0,0.00586,0.01233,0,1.0,0.489,0.078,0
13886,6710.0,0.01515,0.04307,0,2.7,0.324,0.0662,0
13887,19800.0,0.00889,0.00816,0,6.8,0.34,0.0726,0
13888,32600.0,0.02686,0.01828,0,0.6,0.582,0.0342,0
13889,6660.0,0.05121,0.02728,0,2.2,0.421,0.0591,0
13890,28660.0,0.0085,0.008,0,1.9,0.201,0.0374,0
13891,82200.0,0.03317,0.08337,0,5.2,0.424,0.0679,0
13892,18790.0,0.01139,0.02388,0,2.7,0.553,0.0452,0
13893,33020.0,0.01836,0.0097,0,3.2,0.355,0.0491,0
13894,3560.0,0.0068,0.00409,0,0.7,0.598,0.0328,0
13895,13610.0,0.0229,0.0509,0,0.8,0.436,0.0516,0
13896,3750.0,0.01876,0.03094,0,1.4,0.227,0.0523,0
13897,6560.0,0.0218,0.05317,0,1.9,0.22,0.0505,0
13898,33520.0,0.00872,0.00688,0,0.6,0.58,0.0646,0
13899,1890.0,0.05657,0.06703,17,1.3,0.246,0.0561,0
13900,23210.0,0.02596,0.01743,0,2.5,0.336,0.0673,0
13901,6080.0,0.02266,0.01079,0,6.8,0.313,0.0676,0
13902,12010.0,0.0608,0.10171,0,3.8,0.388,0.0552,0
13903,3540.0,0.00449,0.00383,0,3.6,0.575,0.0612,0
13904,93600.0,0.02695,0.10882,0,2.7,0.301,0.0354,0
13905,1250.0,0.00709,0.01004,12,6.6,0.559,0.0345,1
13906,14890.0,0.04071,0.02442,0,5.8,0.319,0.0352,0
13907,5600.0,0.02442,0.02323,0,1.6,0.39,0.0453,0
13908,12120.0,0.00735,0.00671,28,1.7,0.256,0.0417,0
13909,18850.0,0.01071,0.02275,0,2.2,0.405,0.0416,0
13910,20890.0,0.02247,0.01368,0,3.0,0.251,0.0687,0
13911,18700.0,0.00826,0.04221,0,0.6,0.446,0.0304,0
13912,18290.0,0.00638,0.01005,0,3.6,0.21,0.045,0
13913,6690.0,0.01565,0.03115,0,1.1,0.227,0.0727,1
13914,17550.0,0.04163,0.07841,0,1.3,0.337,0.0673,0
13915,13320.0,0.03684,0.07821,0,3.0,0.598,0.0307,0
13916,28840.0,0.03765,0.25249,0,6.1,0.531,0.0385,0
13917,3460.0,0.01272,0.01063,0,0.7,0.598,0.0313,0
13918,14450.0,0.05463,0.02175,0,0.7,0.465,0.0673,0
13919,7660.0,0.03485,0.05482,0,2.5,0.416,0.0736,0
13920,3600.0,0.01644,0.03178,0,0.7,0.527,0.0568,0
13921,26030.0,0.00805,0.00416,0,2.4,0.351,0.0543,0
13922,4820.0,0.04766,0.03368,0,2.5,0.254,0.033,0
13923,1930.0,0.00314,0.00608,0,2.5,0.253,0.0638,0
13924,2150.0,0.01931,0.0645,17,3.2,0.291,0.0708,0
13925,13760.0,0.01746,0.0063,0,6.9,0.592,0.0479,0
13926,3910.0,0.05079,0.03501,0,3.4,0.237,0.0569,1
13927,5270.0,0.02191,0.01605,0,2.0,0.231,0.0777,0
13928,8010.0,0.00865,0.03851,0,6.2,0.337,0.0428,0
13929,12670.0,0.01372,0.01391,0,1.2,0.24,0.0531,0
13930,4930.0,0.01336,0.01178,0,2.9,0.208,0.0494,0
13931,2410.0,0.00792,0.01184,0,4.9,0.464,0.0718,0
13932,27090.0,0.04375,0.02143,18,4.0,0.239,0.06,1
13933,4990.0,0.06403,0.12075,0,4.4,0.413,0.0374,0
13934,17530.0,0.02236,0.04917,0,4.7,0.532,0.0443,0
13935,5330.0,0.0166,0.01363,0,0.9,0.49,0.0698,0
13936,11150.0,0.01781,0.02068,0,7.0,0.587,0.0476,0
13937,6470.0,0.02094,0.01969,0,6.0,0.313,0.0638,0
13938,23040.0,0.0355,0.03754,0,5.3,0.424,0.0583,0
13939,18140.0,0.04557,0.0405,0,3.8,0.246,0.0482,0
13940,13190.0,0.00811,0.00567,0,2.3,0.435,0.05,0
13941,30810.0,0.05193,0.04881,0,3.3,0.276,0.0363,0
13942,27660.0,0.01755,0.0525,0,3.5,0.319,0.0586,0
13943,3920.0,0.04738,0.01992,0,2.8,0.219,0.0782,0
13944,10760.0,0.01416,0.00762,0,3.1,0.292,0.0683,0
13945,23450.0,0.01703,0.01807,0,6.9,0.385,0.0307,0
13946,11450.0,0.03723,0.03496,0,5.0,0.448,0.0651,0
13947,17520.0,0.02792,0.03969,22,5.9,0.525,0.0716,0
13948,32890.0,0.01596,0.01432,0,6.4,0.242,0.0641,0
13949,13100.0,0.02499,0.03167,0,5.2,0.435,0.0372,0
13950,8670.0,0.00743,0.00889,0,5.2,0.259,0.0322,0
13951,4540.0,0.03556,0.04497,0,6.7,0.283,0.0346,0
13952,12940.0,0.00379,0.00216,0,6.7,0.577,0.072,0
13953,17630.0,0.04855,0.03543,0,1.1,0.524,0.0756,0
13954,11020.0,0.07242,0.03784,0,1.6,0.453,0.0473,0
13955,24520.0,0.00861,0.00315,0,2.7,0.223,0.0482,0
13956,6470.0,0.00953,0.02098,0,5.7,0.225,0.0689,0
13957,12270.0,0.02213,0.05117,0,1.2,0.463,0.0639,0
13958,53300.0,0.03882,0.06604,0,3.4,0.243,0.0763,0
13959,5860.0,0.03229,0.01951,0,4.3,0.589,0.0729,0
13960,16030.0,0.03561,0.02923,0,0.5,0.287,0.0304,0
13961,11390.0,0.00971,0.01569,0,5.4,0.434,0.0729,0
13962,7150.0,0.01336,0.01208,0,6.4,0.452,0.0472,0
13963,30790.0,0.01143,0.01066,0,1.9,0.51,0.0757,0
13964,6020.0,0.04311,0.10532,0,1.2,0.482,0.0333,0
13965,33190.0,0.0071,0.00829,0,3.2,0.316,0.0531,0
13966,13340.0,0.04702,0.05705,0,6.8,0.215,0.0678,0
13967,13950.0,0.03035,0.02485,0,2.9,0.501,0.074,0
13968,4670.0,0.01159,0.0228,0,1.0,0.558,0.0407,0
13969,4030.0,0.03691,0.04166,0,3.5,0.557,0.059,0
13970,2570.0,0.05577,0.10246,0,1.3,0.339,0.0519,0
13971,14910.0,0.02159,0.01302,0,6.4,0.581,0.0391,0
13972,42620.0,0.01729,0.01024,0,2.4,0.542,0.0762,0
13973,7480.0,0.00696,0.01644,0,2.5,0.392,0.0525,0
13974,28460.0,0.01802,0.01059,0,5.5,0.367,0.032,1
13975,28830.0,0.02903,0.05076,0,2.2,0.467,0.0698,0
13976,5000.0,0.01235,0.03216,0,2.8,0.457,0.0671,0
13977,13210.0,0.03508,0.06827,0,6.5,0.527,0.0362,0
13978,9370.0,0.02159,0.00873,0,2.2,0.322,0.0399,0
13979,9500.0,0.04117,0.02154,0,4.1,0.48,0.0691,0
13980,16600.0,0.0366,0.09151,0,6.3,0.451,0.0323,0
13981,10910.0,0.00852,0.02482,0,3.4,0.561,0.0667,0
13982,21540.0,0.02243,0.01464,0,1.3,0.449,0.0304,0
13983,14360.0,0.01327,0.0234,0,4.2,0.325,0.0662,0
13984,5170.0,0.02624,0.04494,0,6.1,0.599,0.0506,0
13985,3230.0,0.06725,0.1765,0,5.8,0.584,0.0411,0
13986,3460.0,0.03417,0.06388,0,2.2,0.454,0.0409,0
13987,3660.0,0.05592,0.07666,0,3.9,0.44,0.0513,0
13988,13260.0,0.00954,0.01282,0,4.8,0.534,0.0311,0
13989,10040.0,0.03769,0.02072,0,5.1,0.367,0.0511,0
13990,4140.0,0.01844,0.01472,0,1.4,0.473,0.0763,0
13991,9590.0,0.03872,0.06286,0,3.8,0.444,0.0482,0
13992,2550.0,0.00688,0.00817,0,4.6,0.234,0.0634,0
13993,7710.0,0.00986,0.01734,0,1.0,0.234,0.049,0
13994,8280.0,0.02228,0.02011,0,2.3,0.282,0.0351,0
13995,30120.0,0.00488,0.00291,0,3.8,0.547,0.0552,0
13996,7780.0,0.01456,0.0059,126,2.4,0.46,0.0725,0
13997,48410.0,0.03688,0.02228,0,2.0,0.447,0.0517,0
13998,11900.0,0.03411,0.06273,0,2.2,0.279,0.0579,0
13999,33990.0,0.02924,0.05464,0,5.8,0.204,0.0518,0
14000,54000.0,0.03996,0.05155,0,1.2,0.586,0.0642,0
14001,40290.0,0.02854,0.06548,0,7.0,0.283,0.0565,0
14002,25910.0,0.09669,0.05298,0,3.2,0.37,0.0716,0
14003,9420.0,0.03115,0.08041,0,0.9,0.296,0.0428,0
14004,2270.0,0.04453,0.04511,0,1.5,0.36,0.045,0
14005,1330.0,0.00954,0.0071,0,2.6,0.292,0.0328,0
14006,2230.0,0.01728,0.01001,0,4.5,0.596,0.0357,0
14007,14330.0,0.03022,0.02446,0,6.9,0.279,0.0662,0
14008,7040.0,0.05781,0.01984,0,0.9,0.56,0.062,0
14009,13840.0,0.01054,0.0107,0,4.6,0.537,0.0744,0
14010,3390.0,0.01647,0.02014,0,1.8,0.56,0.0502,0
14011,13430.0,0.03924,0.12032,0,5.9,0.541,0.0607,0
14012,9220.0,0.01969,0.0302,0,0.9,0.287,0.0318,0
14013,19890.0,0.02623,0.00893,0,5.6,0.524,0.0763,0
14014,21340.0,0.01086,0.01397,0,4.3,0.259,0.043,0
14015,3260.0,0.01123,0.01707,0,0.9,0.371,0.0596,0
14016,8840.0,0.00586,0.00859,0,4.2,0.491,0.0359,0
14017,11370.0,0.04432,0.07787,19,6.3,0.241,0.0675,0
14018,7360.0,0.05921,0.02862,0,5.9,0.512,0.0486,0
14019,3600.0,0.01417,0.01621,0,5.5,0.516,0.0389,0
14020,23330.0,0.01183,0.02049,0,0.5,0.457,0.046,0
14021,9110.0,0.02291,0.07532,0,1.1,0.55,0.0709,0
14022,10600.0,0.01056,0.01159,0,2.1,0.5,0.0751,0
14023,11630.0,0.04612,0.02577,0,0.8,0.325,0.0362,0
14024,17710.0,0.01574,0.01739,0,6.0,0.312,0.0455,0
14025,36200.0,0.01465,0.01611,0,3.1,0.234,0.0707,0
14026,8200.0,0.02275,0.03899,0,1.1,0.366,0.0749,0
14027,16390.0,0.00649,0.00868,0,5.5,0.218,0.0317,0
14028,5120.0,0.04447,0.11059,0,3.8,0.249,0.0786,0
14029,9280.0,0.03057,0.03994,0,4.6,0.317,0.0509,0
14030,9960.0,0.02597,0.02172,0,4.6,0.517,0.0677,0
14031,23460.0,0.02255,0.01906,0,2.7,0.331,0.036,0
14032,9890.0,0.02169,0.04316,0,2.3,0.408,0.0337,0
14033,15810.0,0.02652,0.03449,0,5.2,0.435,0.0431,0
14034,32610.0,0.04037,0.03599,0,1.8,0.287,0.036,0
14035,15320.0,0.06096,0.10163,0,2.6,0.206,0.0387,0
14036,15040.0,0.02544,0.02669,0,0.8,0.299,0.063,0
14037,10230.0,0.01164,0.03455,0,5.6,0.278,0.033,0
14038,8980.0,0.01933,0.01413,0,1.5,0.455,0.0538,0
14039,5580.0,0.01024,0.01249,0,5.6,0.354,0.0325,0
14040,3690.0,0.02356,0.01448,0,6.1,0.221,0.044,0
14041,12600.0,0.0341,0.07237,0,3.3,0.513,0.0442,0
14042,35240.0,0.02402,0.02616,0,0.5,0.461,0.0697,0
14043,11660.0,0.0222,0.02737,0,3.5,0.294,0.0676,0
14044,12620.0,0.01125,0.00867,0,5.8,0.332,0.0513,1
14045,9180.0,0.03018,0.05389,0,4.6,0.51,0.0441,0
14046,16210.0,0.02086,0.02734,0,6.6,0.484,0.0738,0
14047,9630.0,0.07406,0.12243,0,1.1,0.499,0.0309,0
14048,9010.0,0.02077,0.01933,0,4.4,0.585,0.0754,0
14049,14170.0,0.00953,0.00827,0,4.3,0.5,0.0579,0
14050,22520.0,0.01171,0.01017,0,1.8,0.411,0.0548,0
14051,28080.0,0.01699,0.02112,0,0.7,0.542,0.067,0
14052,5120.0,0.01086,0.01157,0,5.3,0.565,0.0774,0
14053,9190.0,0.01827,0.03147,0,3.6,0.248,0.0717,0
14054,6740.0,0.06208,0.11541,0,6.7,0.513,0.0669,0
14055,39410.0,0.03465,0.04332,0,4.1,0.416,0.0651,0
14056,16360.0,0.01255,0.00762,0,6.3,0.585,0.0531,0
14057,2670.0,0.07177,0.14751,0,1.4,0.407,0.0355,0
14058,3540.0,0.02677,0.01995,10,5.9,0.416,0.0608,0
14059,19710.0,0.04409,0.03355,0,4.7,0.344,0.0353,0
14060,39890.0,0.00736,0.00791,0,5.4,0.297,0.0518,0
14061,13410.0,0.00492,0.01355,0,6.8,0.558,0.0384,0
14062,13320.0,0.02689,0.01496,0,3.6,0.436,0.0437,0
14063,11040.0,0.02928,0.03102,0,6.8,0.466,0.0785,0
14064,4810.0,0.0553,0.03823,0,5.8,0.352,0.0441,0
14065,33520.0,0.01713,0.05186,32,1.9,0.488,0.0405,0
14066,18630.0,0.02633,0.03931,0,0.7,0.425,0.0753,0
14067,14000.0,0.01632,0.00864,0,2.7,0.235,0.0616,0
14068,21560.0,0.01882,0.02098,0,5.8,0.42,0.0478,0
14069,10130.0,0.00779,0.01327,0,1.6,0.305,0.0357,0
14070,16650.0,0.02049,0.02196,0,4.3,0.458,0.078,0
14071,6960.0,0.01958,0.02175,338,4.4,0.201,0.067,0
14072,64080.0,0.05253,0.03281,0,6.5,0.35,0.0475,0
14073,21530.0,0.01212,0.00898,0,5.1,0.211,0.0615,0
14074,11230.0,0.01288,0.02223,0,1.0,0.359,0.0578,0
14075,11250.0,0.01006,0.0154,0,6.4,0.31,0.0704,0
14076,9480.0,0.01886,0.01159,0,5.8,0.598,0.0676,0
14077,15270.0,0.01033,0.01681,0,1.4,0.38,0.063,0
14078,7550.0,0.01971,0.01154,0,3.6,0.514,0.0302,0
14079,14100.0,0.01718,0.01903,0,5.1,0.232,0.0725,0
14080,11890.0,0.01401,0.01894,0,1.6,0.421,0.0372,0
14081,7830.0,0.02829,0.02794,0,6.2,0.536,0.0599,0
14082,5380.0,0.02564,0.04062,0,0.6,0.382,0.0441,0
14083,4460.0,0.07718,0.11072,0,6.8,0.57,0.0597,0
14084,9600.0,0.02668,0.02031,0,1.0,0.47,0.0528,0
14085,3660.0,0.03341,0.0247,0,2.5,0.264,0.0531,0
14086,8170.0,0.04441,0.07499,0,5.2,0.288,0.0629,0
14087,9150.0,0.01433,0.01091,0,2.7,0.585,0.0663,0
14088,55250.0,0.01856,0.01354,0,0.8,0.333,0.0375,0
14089,18390.0,0.0197,0.0384,2,2.4,0.35,0.0305,0
14090,14570.0,0.01994,0.03347,0,1.7,0.319,0.052,0
14091,7970.0,0.01623,0.01244,0,3.8,0.444,0.0717,0
14092,17290.0,0.00975,0.00504,104,1.2,0.582,0.0655,0
14093,10200.0,0.01268,0.00926,0,2.2,0.242,0.0647,0
14094,23310.0,0.00713,0.00983,0,4.7,0.5,0.076,0
14095,10180.0,0.01934,0.03087,0,6.2,0.504,0.0672,0
14096,11080.0,0.00982,0.00767,0,2.9,0.266,0.0608,0
14097,2650.0,0.00639,0.00586,0,2.2,0.592,0.047,0
14098,17120.0,0.00959,0.01551,0,1.7,0.311,0.0573,0
14099,6140.0,0.04185,0.05791,0,1.4,0.364,0.0591,0
14100,5390.0,0.02523,0.04362,0,4.4,0.422,0.037,0
14101,12530.0,0.00889,0.00442,0,5.1,0.324,0.0671,0
14102,11220.0,0.02151,0.05214,0,6.2,0.585,0.0467,0
14103,8490.0,0.02304,0.01894,0,4.8,0.548,0.0305,0
14104,6940.0,0.02626,0.01454,0,2.7,0.57,0.0598,0
14105,7260.0,0.06484,0.10421,0,2.8,0.4,0.0515,0
14106,7930.0,0.01274,0.01559,0,3.6,0.596,0.0795,0
14107,16030.0,0.0372,0.03781,0,3.0,0.287,0.0678,0
14108,29200.0,0.07678,0.10868,0,6.3,0.445,0.0495,0
14109,11240.0,0.03245,0.03704,0,6.1,0.425,0.0735,0
14110,11090.0,0.01006,0.0321,0,0.9,0.205,0.0497,0
14111,7280.0,0.00508,0.01056,333,3.3,0.431,0.0635,0
14112,12040.0,0.05262,0.03988,0,1.7,0.288,0.0309,0
14113,7620.0,0.02024,0.0161,0,5.2,0.217,0.0306,0
14114,13640.0,0.03591,0.04581,29,2.7,0.393,0.0594,0
14115,1810.0,0.04783,0.11958,0,1.8,0.515,0.0661,0
14116,3650.0,0.01263,0.0087,0,2.7,0.551,0.0768,0
14117,13980.0,0.01023,0.03227,0,5.8,0.473,0.0482,0
14118,4090.0,0.01779,0.0201,0,3.6,0.254,0.0512,0
14119,7500.0,0.03687,0.03614,0,5.4,0.53,0.035,0
14120,3430.0,0.02592,0.06018,0,6.5,0.512,0.0304,0
14121,10990.0,0.01217,0.01187,0,3.6,0.497,0.0326,0
14122,2960.0,0.01561,0.01246,0,6.2,0.453,0.0311,0
14123,4540.0,0.02338,0.05643,0,4.5,0.311,0.0479,0
14124,2820.0,0.00652,0.0161,0,5.8,0.542,0.0524,0
14125,23510.0,0.0102,0.0175,0,5.8,0.401,0.0474,0
14126,4210.0,0.01371,0.00653,0,5.6,0.22,0.0573,0
14127,22150.0,0.03421,0.04944,0,5.9,0.242,0.0439,0
14128,6590.0,0.01781,0.01354,0,3.5,0.426,0.0757,0
14129,66530.0,0.0072,0.00758,0,0.6,0.416,0.0352,0
14130,10400.0,0.02131,0.07093,0,4.2,0.488,0.0315,0
14131,2890.0,0.02781,0.08164,0,3.1,0.302,0.0558,0
14132,9750.0,0.00818,0.01401,0,2.8,0.525,0.0699,0
14133,3740.0,0.01358,0.04736,0,4.5,0.512,0.0716,0
14134,23110.0,0.02215,0.01207,0,1.4,0.578,0.0352,0
14135,23040.0,0.14938,0.13555,0,1.5,0.316,0.0623,0
14136,4630.0,0.02317,0.03382,0,3.6,0.543,0.0654,0
14137,10000.0,0.05587,0.02299,0,2.5,0.487,0.0494,0
14138,23850.0,0.02535,0.00999,0,1.0,0.483,0.0476,0
14139,9610.0,0.01246,0.03692,152,4.2,0.535,0.0429,0
14140,11620.0,0.01254,0.00855,0,1.7,0.592,0.0677,0
14141,9630.0,0.07828,0.06491,321,3.0,0.493,0.0376,0
14142,12480.0,0.04763,0.05127,269,1.5,0.594,0.0469,0
14143,11350.0,0.01197,0.03023,0,1.4,0.433,0.0529,0
14144,15920.0,0.00608,0.002,41,0.6,0.233,0.0781,0
14145,18940.0,0.01766,0.01295,0,2.0,0.464,0.0358,0
14146,44940.0,0.02241,0.0208,0,0.5,0.293,0.0568,0
14147,8220.0,0.01193,0.01402,0,5.0,0.305,0.0693,0
14148,15700.0,0.10056,0.34412,0,3.2,0.559,0.059,0
14149,7050.0,0.04242,0.01893,0,2.7,0.203,0.0537,0
14150,17450.0,0.02149,0.07502,0,4.9,0.214,0.0562,0
14151,12450.0,0.0088,0.01515,0,2.3,0.245,0.0411,0
14152,36490.0,0.06085,0.02607,0,1.5,0.437,0.051,0
14153,8280.0,0.03001,0.05818,0,6.7,0.461,0.0593,0
14154,12270.0,0.03505,0.02316,0,6.7,0.337,0.0437,0
14155,9810.0,0.02616,0.06107,0,3.4,0.412,0.0596,0
14156,7650.0,0.0447,0.04243,0,4.9,0.287,0.0612,0
14157,16130.0,0.01325,0.02219,0,1.6,0.234,0.0462,0
14158,11010.0,0.01008,0.01032,0,3.2,0.539,0.0404,0
14159,12070.0,0.03563,0.02573,0,5.5,0.398,0.0412,0
14160,15840.0,0.03433,0.02526,0,5.4,0.508,0.0537,0
14161,30140.0,0.00769,0.01108,23,0.5,0.325,0.0368,0
14162,12610.0,0.02046,0.05251,0,0.7,0.287,0.0585,0
14163,8770.0,0.02379,0.02168,0,4.2,0.28,0.0714,0
14164,15590.0,0.04197,0.09003,0,3.2,0.205,0.0552,0
14165,8020.0,0.02959,0.017,0,2.7,0.328,0.0698,0
14166,13340.0,0.00845,0.00502,0,6.8,0.296,0.0753,0
14167,2240.0,0.04614,0.03767,0,5.7,0.438,0.0533,0
14168,9340.0,0.03913,0.02493,0,4.4,0.257,0.0416,0
14169,14400.0,0.02168,0.04749,0,5.8,0.404,0.0514,0
14170,14660.0,0.03477,0.01666,23,6.3,0.39,0.0309,0
14171,20590.0,0.01829,0.02974,0,2.2,0.475,0.0694,0
14172,5780.0,0.03247,0.0178,0,1.4,0.329,0.0351,0
14173,27640.0,0.01495,0.02546,380,1.6,0.328,0.0339,0
14174,8470.0,0.0142,0.02056,0,2.4,0.216,0.0327,0
14175,3680.0,0.01237,0.0156,0,6.5,0.556,0.0438,0
14176,9650.0,0.00594,0.00883,0,2.8,0.479,0.0737,0
14177,17970.0,0.0332,0.05165,0,0.9,0.241,0.0675,0
14178,14460.0,0.0404,0.09112,0,5.2,0.28,0.0476,0
14179,3730.0,0.02065,0.00803,0,3.0,0.381,0.0539,0
14180,12860.0,0.01405,0.00579,0,4.5,0.308,0.0596,0
14181,16330.0,0.05563,0.04357,0,1.2,0.308,0.0467,0
14182,14830.0,0.11925,0.08894,0,5.1,0.458,0.0517,0
14183,5950.0,0.02949,0.02691,0,1.3,0.329,0.05,0
14184,13130.0,0.04175,0.07629,0,4.0,0.305,0.0594,0
14185,12080.0,0.03473,0.03135,0,6.1,0.598,0.071,0
14186,10260.0,0.03767,0.06768,0,2.9,0.217,0.0616,0
14187,9080.0,0.00614,0.01327,0,3.2,0.413,0.0458,0
14188,16790.0,0.01452,0.02886,0,4.1,0.516,0.0522,0
14189,2500.0,0.08255,0.15724,0,1.7,0.537,0.0777,0
14190,23670.0,0.01091,0.02373,0,4.1,0.55,0.0509,0
14191,13950.0,0.01675,0.01211,0,5.4,0.473,0.0341,0
14192,4060.0,0.02786,0.02529,0,5.2,0.268,0.0775,0
14193,9330.0,0.00812,0.02577,0,5.2,0.383,0.0393,1
14194,6300.0,0.05654,0.10783,0,1.7,0.222,0.0531,0
14195,11810.0,0.00999,0.01072,0,2.0,0.583,0.0779,0
14196,15620.0,0.00736,0.00996,0,5.5,0.36,0.0699,0
14197,46980.0,0.02267,0.06689,0,6.3,0.34,0.0342,0
14198,10890.0,0.02571,0.01581,0,3.6,0.593,0.0797,0
14199,6050.0,0.02886,0.02924,0,4.5,0.263,0.032,0
14200,7610.0,0.03892,0.02682,0,6.3,0.472,0.0471,0
14201,3760.0,0.04546,0.13683,0,3.8,0.403,0.0536,0
14202,14310.0,0.02758,0.0347,0,4.4,0.438,0.0718,0
14203,10460.0,0.03407,0.01863,0,2.2,0.376,0.0706,0
14204,6020.0,0.02562,0.02299,0,6.7,0.263,0.0517,0
14205,6540.0,0.02829,0.00756,0,0.8,0.232,0.0588,0
14206,8910.0,0.00478,0.00272,0,1.9,0.356,0.0743,0
14207,10250.0,0.01175,0.01399,0,4.9,0.272,0.0444,0
14208,21330.0,0.00765,0.01018,0,1.5,0.206,0.0546,0
14209,29440.0,0.02439,0.0179,0,6.0,0.518,0.0353,0
14210,14860.0,0.02322,0.04221,0,4.7,0.475,0.0494,0
14211,10490.0,0.00843,0.00917,0,0.6,0.371,0.056,0
14212,32350.0,0.0217,0.03402,0,4.5,0.396,0.0401,0
14213,14600.0,0.02378,0.01987,0,6.7,0.497,0.0791,0
14214,23140.0,0.03588,0.02481,0,3.1,0.541,0.0418,0
14215,15830.0,0.01508,0.0083,0,1.3,0.576,0.0488,1
14216,6390.0,0.01333,0.00882,0,1.6,0.416,0.0733,0
14217,7760.0,0.01295,0.01034,0,4.4,0.527,0.0535,0
14218,7400.0,0.02242,0.0145,0,3.4,0.561,0.0608,0
14219,4660.0,0.00776,0.01098,0,2.8,0.406,0.0572,0
14220,4110.0,0.02841,0.09109,0,5.6,0.305,0.0366,0
14221,11610.0,0.00867,0.01011,0,1.2,0.37,0.0509,0
14222,4330.0,0.00275,0.002,0,1.7,0.432,0.0767,0
14223,7170.0,0.01134,0.01398,0,1.7,0.222,0.0539,0
14224,18050.0,0.01391,0.02718,9,4.4,0.391,0.0341,0
14225,9040.0,0.02093,0.06674,0,0.6,0.42,0.0758,0
14226,26710.0,0.0068,0.00671,159,2.3,0.463,0.065,0
14227,5510.0,0.0511,0.10528,0,1.9,0.379,0.0739,0
14228,11420.0,0.00916,0.04104,0,3.8,0.461,0.0767,0
14229,3640.0,0.02149,0.01486,0,4.6,0.204,0.045,0
14230,14510.0,0.02441,0.03784,0,0.7,0.53,0.0454,0
14231,7210.0,0.00459,0.00668,0,6.7,0.255,0.0701,0
14232,30360.0,0.03946,0.05795,0,4.4,0.397,0.0343,0
14233,4510.0,0.04759,0.02787,0,3.1,0.264,0.0321,0
14234,8670.0,0.0454,0.03806,0,4.5,0.352,0.0344,0
14235,23950.0,0.02533,0.01181,0,2.4,0.518,0.0795,0
14236,4740.0,0.01304,0.02615,0,5.9,0.543,0.0791,0
14237,6250.0,0.03318,0.03063,0,6.2,0.278,0.0545,0
14238,32440.0,0.01712,0.00957,0,1.2,0.341,0.0501,0
14239,5510.0,0.07423,0.14151,0,1.5,0.348,0.0746,0
14240,26900.0,0.0085,0.00574,0,2.2,0.489,0.0673,1
14241,11590.0,0.02231,0.01106,0,6.8,0.566,0.0422,0
14242,20390.0,0.0051,0.00613,0,1.8,0.579,0.061,0
14243,10300.0,0.01558,0.03624,0,1.6,0.223,0.047,0
14244,4690.0,0.01852,0.02514,0,1.9,0.261,0.0427,0
14245,5670.0,0.01476,0.01711,0,6.1,0.207,0.0603,0
14246,11790.0,0.00715,0.02637,0,2.8,0.317,0.0321,0
14247,5300.0,0.03422,0.03086,0,4.1,0.419,0.0684,0
14248,22040.0,0.0032,0.002,0,4.8,0.569,0.0449,0
14249,19710.0,0.02082,0.01258,0,2.5,0.212,0.0796,0
14250,23530.0,0.04941,0.03932,0,3.1,0.318,0.0489,0
14251,1970.0,0.02259,0.02369,343,3.0,0.287,0.0705,0
14252,6310.0,0.0205,0.01259,0,1.5,0.292,0.0665,0
14253,21800.0,0.02646,0.04064,0,3.9,0.398,0.0382,0
14254,6110.0,0.09503,0.18616,0,0.5,0.565,0.0792,0
14255,37210.0,0.01153,0.03501,0,4.0,0.283,0.0521,0
14256,9580.0,0.02252,0.01745,0,6.3,0.527,0.053,0
14257,13920.0,0.00501,0.00948,0,4.5,0.25,0.0705,0
14258,9430.0,0.07736,0.16655,0,3.3,0.346,0.0493,0
14259,6380.0,0.01866,0.05615,0,2.4,0.333,0.063,0
14260,26980.0,0.01652,0.02318,0,5.2,0.345,0.0719,0
14261,7720.0,0.03588,0.0307,0,6.9,0.251,0.0369,0
14262,15590.0,0.01827,0.02553,0,2.7,0.259,0.0526,0
14263,19220.0,0.02478,0.02332,0,4.2,0.332,0.0369,0
14264,21990.0,0.03109,0.01141,0,5.2,0.223,0.0554,0
14265,19420.0,0.03035,0.00772,0,1.0,0.432,0.0601,0
14266,4690.0,0.04327,0.02075,0,2.5,0.44,0.074,1
14267,5610.0,0.01614,0.05457,0,5.8,0.515,0.0657,0
14268,24420.0,0.03386,0.02948,0,6.7,0.215,0.0697,0
14269,44180.0,0.01208,0.01228,0,3.4,0.28,0.0665,0
14270,6580.0,0.00891,0.01408,0,0.9,0.215,0.0779,0
14271,6970.0,0.01407,0.03283,0,2.7,0.387,0.0788,0
14272,16990.0,0.02234,0.03388,0,2.4,0.392,0.0481,0
14273,6450.0,0.02211,0.0103,0,2.7,0.545,0.0501,0
14274,12310.0,0.03912,0.03761,0,4.2,0.347,0.0528,0
14275,62380.0,0.01918,0.01039,0,3.3,0.371,0.0495,0
14276,23440.0,0.0295,0.03056,0,2.4,0.336,0.0487,0
14277,4200.0,0.00945,0.00766,0,6.9,0.342,0.0328,0
14278,8020.0,0.03952,0.06394,0,4.6,0.283,0.055,0
14279,15880.0,0.01926,0.03152,0,5.4,0.422,0.0673,0
14280,2680.0,0.06091,0.0431,0,4.2,0.485,0.0467,0
14281,11070.0,0.0152,0.02434,11,5.4,0.524,0.0575,0
14282,18720.0,0.0287,0.06821,0,4.0,0.473,0.0302,0
14283,4400.0,0.01997,0.02858,0,3.0,0.267,0.0393,0
14284,2680.0,0.01521,0.0228,0,3.4,0.303,0.0773,0
14285,8650.0,0.055,0.04981,0,5.5,0.383,0.059,1
14286,24120.0,0.05275,0.07111,0,1.7,0.465,0.0319,0
14287,11830.0,0.00857,0.01472,0,0.8,0.498,0.0694,0
14288,23300.0,0.06949,0.04139,0,2.6,0.229,0.0604,0
14289,1780.0,0.09069,0.07811,0,2.2,0.501,0.0674,0
14290,6140.0,0.03677,0.06027,0,1.3,0.43,0.0613,0
14291,50040.0,0.00605,0.00306,0,3.1,0.508,0.0428,0
14292,14250.0,0.01895,0.03101,0,3.8,0.412,0.0622,0
14293,13480.0,0.0065,0.02181,0,6.6,0.522,0.0511,0
14294,13780.0,0.03768,0.0462,0,4.5,0.211,0.044,0
14295,10640.0,0.05064,0.08742,0,1.9,0.538,0.0748,0
14296,36890.0,0.01695,0.00746,0,0.7,0.524,0.0672,0
14297,7650.0,0.03054,0.02521,0,4.7,0.526,0.0514,0
14298,14310.0,0.02895,0.03987,0,3.3,0.576,0.0626,0
14299,12540.0,0.0459,0.07507,0,2.5,0.458,0.0667,0
14300,18930.0,0.04422,0.06131,0,6.5,0.39,0.038,0
14301,5440.0,0.00838,0.02061,0,0.6,0.523,0.0582,0
14302,15000.0,0.01175,0.02795,0,3.3,0.35,0.0313,0
14303,22310.0,0.02315,0.03974,0,3.3,0.383,0.0768,0
14304,8470.0,0.01714,0.01495,0,4.8,0.416,0.0695,0
14305,5230.0,0.07971,0.12661,0,2.1,0.398,0.0622,0
14306,139140.0,0.02647,0.01869,0,6.6,0.514,0.0517,0
14307,4360.0,0.02366,0.01317,0,5.7,0.562,0.0656,0
14308,24010.0,0.02871,0.0263,0,3.4,0.226,0.0389,0
14309,7060.0,0.01429,0.0168,0,5.5,0.335,0.0363,0
14310,44520.0,0.00974,0.00793,0,6.4,0.374,0.0623,0
14311,4860.0,0.02248,0.01618,0,2.6,0.324,0.0354,0
14312,31080.0,0.02387,0.01991,0,4.1,0.375,0.0407,0
14313,17600.0,0.01036,0.0105,0,2.0,0.595,0.0621,0
14314,1960.0,0.02035,0.02058,0,3.8,0.422,0.0348,0
14315,6410.0,0.02243,0.02609,0,6.5,0.521,0.0491,0
14316,8510.0,0.0099,0.03886,0,7.0,0.56,0.0771,0
14317,16820.0,0.03174,0.03889,0,2.0,0.542,0.0475,0
14318,5230.0,0.00822,0.00963,0,2.8,0.466,0.073,0
14319,38610.0,0.02511,0.01464,0,1.6,0.394,0.057,0
14320,5850.0,0.06521,0.09832,0,1.1,0.307,0.0765,0
14321,8580.0,0.0541,0.04557,0,2.1,0.256,0.0384,0
14322,5240.0,0.00727,0.01344,0,3.8,0.379,0.0615,0
14323,35230.0,0.01008,0.01242,0,6.5,0.318,0.0431,0
14324,17530.0,0.01589,0.02297,0,0.7,0.391,0.078,0
14325,40220.0,0.00904,0.00941,230,2.7,0.407,0.0594,0
14326,6000.0,0.01396,0.02974,0,2.6,0.595,0.0442,0
14327,15830.0,0.00709,0.01009,0,3.3,0.535,0.0472,0
14328,2340.0,0.02071,0.00859,0,0.8,0.497,0.0699,0
14329,3500.0,0.03814,0.06154,0,6.7,0.354,0.073,0
14330,5020.0,0.03151,0.05335,0,4.5,0.437,0.0629,0
14331,26100.0,0.01012,0.01258,0,2.5,0.508,0.0419,0
14332,4520.0,0.05544,0.04236,0,6.1,0.351,0.04,0
14333,8430.0,0.03449,0.05946,0,4.4,0.485,0.0641,0
14334,12750.0,0.01417,0.03525,0,6.3,0.209,0.0482,0
14335,5980.0,0.00774,0.00596,0,5.4,0.583,0.031,0
14336,4670.0,0.00895,0.01294,0,5.0,0.361,0.0396,0
14337,30280.0,0.02111,0.02509,0,6.7,0.358,0.0313,0
14338,22190.0,0.05348,0.05644,0,3.7,0.402,0.0469,0
14339,12610.0,0.02995,0.02032,0,5.3,0.572,0.0362,0
14340,7580.0,0.00738,0.00764,0,2.3,0.337,0.0384,0
14341,35680.0,0.0257,0.02372,0,2.0,0.212,0.0427,0
14342,5670.0,0.02016,0.04722,0,6.0,0.388,0.0676,0
14343,6440.0,0.01273,0.01513,0,0.8,0.59,0.0741,1
14344,4010.0,0.00772,0.01518,0,0.6,0.503,0.0333,0
14345,6370.0,0.01105,0.01115,0,4.0,0.38,0.0594,0
14346,32930.0,0.03029,0.01038,0,4.9,0.438,0.0619,0
14347,20510.0,0.01517,0.01384,0,3.0,0.239,0.0608,0
14348,10170.0,0.01539,0.02182,0,5.9,0.547,0.0357,0
14349,12910.0,0.04324,0.02413,0,6.1,0.566,0.0422,0
14350,40780.0,0.014,0.01278,0,2.8,0.23,0.0309,0
14351,9490.0,0.00787,0.012,0,5.6,0.287,0.0646,0
14352,9810.0,0.03262,0.02817,0,6.9,0.489,0.0451,0
14353,8530.0,0.03478,0.04634,0,1.0,0.506,0.0763,0
14354,17970.0,0.00577,0.00568,0,4.4,0.451,0.0591,0
14355,15490.0,0.03499,0.02551,0,3.1,0.572,0.0584,0
14356,1560.0,0.14206,0.13819,0,3.2,0.526,0.078,0
14357,23740.0,0.01262,0.01266,0,3.7,0.556,0.0601,0
14358,14010.0,0.02488,0.03356,0,2.7,0.508,0.0575,0
14359,8330.0,0.01947,0.03627,0,1.5,0.425,0.0765,0
14360,13690.0,0.03692,0.03213,0,1.5,0.493,0.0621,0
14361,6590.0,0.01916,0.06353,0,4.4,0.349,0.0524,0
14362,3400.0,0.01796,0.01247,0,5.5,0.464,0.057,0
14363,11570.0,0.015,0.0361,0,3.4,0.227,0.0695,0
14364,3170.0,0.00902,0.01406,0,4.9,0.205,0.0748,0
14365,1500.0,0.04814,0.09929,0,1.0,0.268,0.0775,0
14366,7280.0,0.01635,0.02617,0,6.7,0.248,0.0406,0
14367,5290.0,0.02786,0.03782,0,1.3,0.271,0.0319,0
14368,6960.0,0.03122,0.03259,8,5.9,0.572,0.0429,0
14369,3270.0,0.0154,0.00846,0,3.5,0.274,0.0327,0
14370,14800.0,0.0053,0.0067,183,6.3,0.307,0.0377,0
14371,13360.0,0.03832,0.08494,0,3.0,0.536,0.0476,0
14372,19700.0,0.02829,0.04851,0,5.1,0.257,0.0437,0
14373,19540.0,0.03859,0.04457,0,4.8,0.504,0.0399,0
14374,5830.0,0.01608,0.02114,0,1.4,0.431,0.0431,0
14375,5980.0,0.01031,0.00814,0,2.7,0.282,0.0598,0
14376,11510.0,0.04128,0.12976,0,2.2,0.245,0.03,0
14377,27640.0,0.01341,0.01545,0,4.5,0.243,0.034,0
14378,13740.0,0.03733,0.0876,0,1.2,0.503,0.0735,0
14379,13450.0,0.11648,0.17471,0,3.9,0.372,0.0338,0
14380,40140.0,0.0119,0.01268,0,0.6,0.416,0.0747,0
14381,7910.0,0.00934,0.00888,0,5.7,0.438,0.0526,0
14382,6280.0,0.0266,0.01474,0,6.1,0.448,0.0385,0
14383,3580.0,0.0078,0.00907,69,3.7,0.253,0.0663,0
14384,19040.0,0.01412,0.01695,0,0.9,0.454,0.0734,0
14385,20210.0,0.01199,0.01294,0,2.4,0.557,0.0731,0
14386,5060.0,0.01099,0.01373,0,3.7,0.568,0.0705,0
14387,7960.0,0.03604,0.04029,0,5.6,0.493,0.0519,0
14388,21530.0,0.02676,0.01626,0,5.7,0.408,0.049,0
14389,14930.0,0.03332,0.02191,0,0.9,0.589,0.0471,0
14390,3060.0,0.01268,0.02869,0,6.9,0.396,0.0612,0
14391,6890.0,0.02081,0.02752,25,3.8,0.565,0.0341,0
14392,13140.0,0.03392,0.04771,0,6.6,0.578,0.0677,0
14393,2730.0,0.04654,0.05706,52,4.6,0.377,0.0798,0
14394,2300.0,0.01575,0.00687,0,3.2,0.312,0.0472,0
14395,27130.0,0.01654,0.01022,0,1.9,0.495,0.0578,0
14396,39140.0,0.01277,0.00568,0,4.8,0.232,0.0663,0
14397,5290.0,0.02909,0.00969,0,2.0,0.407,0.0435,0
14398,18880.0,0.02404,0.02249,0,2.2,0.323,0.0544,0
14399,27350.0,0.05124,0.37672,0,6.3,0.281,0.0682,0
14400,11330.0,0.01476,0.01961,0,6.1,0.208,0.0694,0
14401,5070.0,0.06753,0.05901,0,0.8,0.404,0.0596,0
14402,17060.0,0.00437,0.00774,16,2.5,0.358,0.0613,0
14403,10680.0,0.01266,0.01603,0,1.4,0.238,0.0335,0
14404,15620.0,0.02576,0.02648,0,4.3,0.201,0.0541,0
14405,5470.0,0.02842,0.06159,0,5.8,0.253,0.0529,0
14406,6930.0,0.01073,0.00591,220,0.7,0.346,0.058,0
14407,7540.0,0.02391,0.05142,0,6.7,0.488,0.0726,0
14408,6080.0,0.02641,0.04178,0,2.5,0.259,0.0602,0
14409,30010.0,0.03606,0.02749,0,4.6,0.358,0.0707,0
14410,1740.0,0.00839,0.02012,0,2.5,0.209,0.0763,0
14411,6230.0,0.02504,0.00444,44,1.2,0.335,0.0303,0
14412,10040.0,0.03517,0.07284,0,6.7,0.57,0.0573,0
14413,11190.0,0.05578,0.05596,0,2.0,0.56,0.0343,0
14414,24110.0,0.05238,0.08478,0,1.8,0.55,0.0408,0
14415,8100.0,0.00935,0.02248,0,4.0,0.421,0.0566,0
14416,1550.0,0.01411,0.0184,0,6.6,0.523,0.0685,0
14417,7780.0,0.00932,0.01265,0,4.3,0.22,0.0537,0
14418,12330.0,0.08757,0.07691,0,2.5,0.431,0.0575,0
14419,9410.0,0.01122,0.01154,0,3.8,0.453,0.0573,0
14420,42220.0,0.03309,0.05191,0,6.5,0.462,0.072,0
14421,6690.0,0.02287,0.02248,219,1.8,0.453,0.0521,0
14422,6300.0,0.01789,0.019,0,5.0,0.417,0.0711,0
14423,1090.0,0.05084,0.0909,0,2.2,0.279,0.0628,0
14424,4320.0,0.00452,0.0051,0,6.0,0.352,0.0514,0
14425,6280.0,0.00704,0.01957,4,0.7,0.353,0.0601,0
14426,13930.0,0.025,0.00799,0,6.7,0.524,0.0572,0
14427,9340.0,0.0261,0.01802,0,4.9,0.251,0.0745,0
14428,4600.0,0.0198,0.02622,0,4.1,0.527,0.0781,0
14429,13860.0,0.02202,0.01603,0,2.0,0.501,0.0495,0
14430,7350.0,0.02932,0.01519,0,2.9,0.436,0.0508,0
14431,9020.0,0.05586,0.01779,0,5.7,0.336,0.0525,0
14432,12210.0,0.00426,0.00321,0,1.6,0.366,0.0314,0
14433,5650.0,0.04168,0.02866,0,1.8,0.245,0.0792,0
14434,5420.0,0.00871,0.00817,0,4.8,0.432,0.0664,0
14435,8760.0,0.02617,0.03594,0,6.1,0.548,0.0385,0
14436,11460.0,0.00617,0.00462,0,3.3,0.425,0.0715,0
14437,12940.0,0.00507,0.00265,0,1.4,0.568,0.0574,0
14438,16090.0,0.04413,0.05308,0,3.6,0.254,0.0661,0
14439,1560.0,0.01298,0.01429,226,4.6,0.218,0.0322,0
14440,6960.0,0.01723,0.04883,0,1.8,0.291,0.0455,0
14441,9120.0,0.01456,0.01871,0,2.3,0.239,0.0513,0
14442,2360.0,0.01659,0.00625,0,1.2,0.269,0.08,0
14443,4770.0,0.04606,0.04938,7,5.6,0.291,0.0671,0
14444,13070.0,0.02387,0.01484,14,2.1,0.443,0.0386,0
14445,3840.0,0.01473,0.0105,0,1.2,0.573,0.0761,0
14446,22360.0,0.01826,0.04784,0,2.3,0.477,0.0777,0
14447,17520.0,0.00426,0.00243,0,3.3,0.281,0.0768,0
14448,4090.0,0.03589,0.02067,0,4.8,0.22,0.0367,0
14449,4600.0,0.01184,0.00815,0,1.2,0.352,0.047,0
14450,16420.0,0.01163,0.01141,0,4.8,0.484,0.0529,0
14451,20980.0,0.01008,0.02172,70,5.5,0.598,0.0339,0
14452,38830.0,0.01747,0.02172,0,5.2,0.416,0.0349,0
14453,29820.0,0.03742,0.04134,0,2.5,0.424,0.0529,0
14454,8490.0,0.02288,0.01356,0,1.0,0.437,0.0361,0
14455,14280.0,0.0187,0.02402,0,3.3,0.439,0.0423,0
14456,43990.0,0.02713,0.02807,0,2.6,0.312,0.0712,0
14457,28780.0,0.00795,0.01289,0,3.7,0.379,0.0466,0
14458,18970.0,0.01821,0.03401,78,0.5,0.3,0.0678,0
14459,21050.0,0.0093,0.01492,0,3.4,0.51,0.0476,0
14460,15990.0,0.01503,0.01338,0,6.3,0.532,0.0719,0
14461,7250.0,0.0091,0.00244,0,1.5,0.269,0.0618,0
14462,10870.0,0.04647,0.04277,0,4.3,0.37,0.0727,0
14463,2450.0,0.05365,0.07598,0,3.9,0.446,0.0336,0
14464,3700.0,0.01217,0.0147,0,5.4,0.334,0.0622,0
14465,19700.0,0.03028,0.03461,0,3.0,0.485,0.0555,0
14466,9960.0,0.01541,0.01781,0,6.7,0.501,0.075,0
14467,16540.0,0.01867,0.00763,0,1.2,0.566,0.0397,0
14468,15880.0,0.0113,0.00712,0,5.7,0.359,0.0747,0
14469,11220.0,0.0176,0.02712,348,4.7,0.249,0.079,1
14470,16150.0,0.01579,0.03971,0,6.8,0.215,0.0425,0
14471,4480.0,0.014,0.02647,0,4.0,0.216,0.0725,0
14472,9250.0,0.01092,0.022,374,5.9,0.583,0.0558,0
14473,8280.0,0.0052,0.01331,0,1.3,0.241,0.0328,0
14474,14460.0,0.01269,0.02016,0,4.8,0.552,0.033,0
14475,10840.0,0.00403,0.00521,0,6.1,0.407,0.0358,0
14476,3690.0,0.05525,0.04944,5,6.2,0.48,0.0722,0
14477,4390.0,0.04253,0.06417,0,2.8,0.423,0.0765,0
14478,2420.0,0.03568,0.03393,0,1.7,0.532,0.0363,0
14479,19910.0,0.02314,0.02779,0,6.6,0.3,0.048,0
14480,5290.0,0.01327,0.0154,0,3.6,0.492,0.0403,0
14481,6200.0,0.0148,0.01234,0,5.6,0.448,0.034,0
14482,4260.0,0.02062,0.01683,0,4.8,0.374,0.0368,0
14483,10650.0,0.01705,0.00725,0,3.3,0.453,0.0519,0
14484,5530.0,0.00505,0.01154,0,2.0,0.484,0.0366,0
14485,2530.0,0.02031,0.0101,0,4.7,0.204,0.0677,0
14486,13510.0,0.06196,0.0522,0,6.4,0.546,0.0604,0
14487,14460.0,0.02934,0.03281,0,3.0,0.267,0.0761,0
14488,9420.0,0.02292,0.02495,0,1.5,0.493,0.0429,0
14489,29330.0,0.02502,0.00797,0,5.6,0.312,0.0687,0
14490,21590.0,0.01664,0.02379,0,5.5,0.36,0.0635,0
14491,9390.0,0.02394,0.03209,18,3.4,0.304,0.0537,0
14492,9810.0,0.01438,0.00793,0,2.2,0.537,0.0676,0
14493,23530.0,0.00704,0.00318,0,4.2,0.28,0.0441,0
14494,16480.0,0.00442,0.00683,0,1.2,0.553,0.0471,0
14495,13990.0,0.03468,0.02713,0,1.3,0.494,0.0483,0
14496,6060.0,0.01431,0.007,0,5.8,0.406,0.0595,0
14497,24580.0,0.03138,0.04314,80,6.0,0.42,0.0351,0
14498,26590.0,0.01383,0.01165,0,6.2,0.56,0.0447,0
14499,28020.0,0.00626,0.01122,0,1.8,0.225,0.0747,0
14500,28070.0,0.02453,0.02871,0,5.0,0.28,0.0509,0
14501,20640.0,0.01702,0.02191,0,6.6,0.565,0.0581,0
14502,15960.0,0.03845,0.03069,0,3.1,0.519,0.0758,0
14503,6560.0,0.02616,0.0256,0,5.0,0.462,0.0732,0
14504,25270.0,0.01118,0.0068,0,4.0,0.329,0.0762,0
14505,7800.0,0.03405,0.05193,0,1.0,0.327,0.0463,0
14506,7960.0,0.02301,0.0276,0,0.7,0.463,0.0461,0
14507,5600.0,0.04788,0.06057,0,6.1,0.502,0.0688,0
14508,7580.0,0.01832,0.03169,0,2.6,0.338,0.0743,0
14509,9090.0,0.0151,0.01276,0,5.9,0.561,0.0361,0
14510,14420.0,0.00593,0.00938,0,6.3,0.512,0.0751,0
14511,5210.0,0.00958,0.01081,0,4.8,0.313,0.0386,0
14512,17720.0,0.01167,0.01026,0,3.5,0.392,0.0761,0
14513,8030.0,0.02534,0.02182,0,1.9,0.331,0.06,0
14514,10710.0,0.00925,0.02151,0,4.5,0.354,0.0706,1
14515,11880.0,0.01552,0.00835,0,3.7,0.331,0.0766,0
14516,17520.0,0.02324,0.02368,0,4.5,0.474,0.0517,0
14517,5430.0,0.04275,0.0392,17,4.6,0.329,0.0425,0
14518,3680.0,0.00892,0.0087,0,0.9,0.482,0.0528,0
14519,5990.0,0.03089,0.03306,0,3.8,0.547,0.0313,0
14520,5550.0,0.01335,0.01614,0,6.8,0.424,0.0728,0
14521,7440.0,0.02448,0.014,0,5.4,0.443,0.0786,0
14522,14340.0,0.02381,0.0327,0,5.4,0.297,0.0638,0
14523,8650.0,0.01326,0.02132,61,5.4,0.231,0.0308,0
14524,2160.0,0.00949,0.0062,0,3.8,0.521,0.075,1
14525,12710.0,0.01014,0.01396,0,4.3,0.351,0.0619,0
14526,17580.0,0.01194,0.01335,0,1.1,0.494,0.0582,0
14527,6900.0,0.01044,0.02257,0,5.3,0.242,0.0526,0
14528,9920.0,0.0284,0.04235,88,5.4,0.541,0.0742,0
14529,16490.0,0.01529,0.0196,0,6.0,0.347,0.0512,0
14530,5880.0,0.09927,0.26068,0,2.5,0.597,0.048,0
14531,55170.0,0.02049,0.03885,0,6.7,0.586,0.0559,0
14532,6710.0,0.01414,0.02218,0,5.8,0.414,0.0397,0
14533,13830.0,0.01199,0.02121,0,3.0,0.422,0.0353,0
14534,28710.0,0.01757,0.03762,0,2.4,0.234,0.0794,0
14535,9920.0,0.02027,0.02345,0,5.1,0.597,0.0345,0
14536,1950.0,0.03599,0.0281,0,3.3,0.351,0.0477,0
14537,7480.0,0.00879,0.02311,73,6.8,0.531,0.0536,0
14538,27190.0,0.03777,0.01848,0,0.6,0.574,0.0424,0
14539,8240.0,0.03243,0.02051,0,6.9,0.485,0.068,0
14540,20670.0,0.01164,0.0156,0,5.2,0.415,0.0334,1
14541,4820.0,0.01932,0.05365,0,4.4,0.417,0.0727,0
14542,2470.0,0.0319,0.02154,0,5.1,0.595,0.0304,0
14543,7510.0,0.01316,0.00495,0,1.4,0.429,0.0623,0
14544,12190.0,0.01424,0.01467,0,5.5,0.564,0.0351,0
14545,26400.0,0.01758,0.01451,0,1.7,0.502,0.0756,0
14546,15720.0,0.00767,0.02336,0,6.7,0.213,0.0371,0
14547,4380.0,0.02095,0.02036,0,2.3,0.283,0.0644,0
14548,71170.0,0.01545,0.04506,0,4.9,0.453,0.0524,0
14549,20260.0,0.05913,0.02528,0,0.8,0.456,0.0313,0
14550,6130.0,0.01149,0.03346,0,1.1,0.562,0.0552,0
14551,3710.0,0.0403,0.01239,0,6.1,0.599,0.078,0
14552,21710.0,0.00685,0.0082,0,4.5,0.213,0.0675,0
14553,5230.0,0.01362,0.02765,0,2.4,0.494,0.0772,0
14554,6550.0,0.01707,0.014,0,0.9,0.428,0.0683,0
14555,2650.0,0.02685,0.07113,0,3.4,0.483,0.033,0
14556,12960.0,0.02408,0.01303,0,4.1,0.311,0.0621,0
14557,4830.0,0.02174,0.01943,0,1.7,0.599,0.0393,0
14558,3610.0,0.01376,0.01407,0,6.5,0.224,0.0689,0
14559,2500.0,0.01884,0.01874,0,3.5,0.456,0.0648,0
14560,1980.0,0.03497,0.04439,0,2.9,0.596,0.0411,0
14561,3840.0,0.0393,0.03972,0,3.2,0.569,0.0378,0
14562,6200.0,0.02674,0.01294,0,3.3,0.505,0.0782,0
14563,10470.0,0.02095,0.02145,0,4.8,0.393,0.038,0
14564,12990.0,0.015,0.01415,0,5.1,0.259,0.0637,0
14565,13780.0,0.01299,0.00866,0,6.1,0.441,0.0477,0
14566,52500.0,0.02612,0.02538,0,4.1,0.556,0.0783,0
14567,14250.0,0.02109,0.00701,0,2.7,0.362,0.0553,0
14568,6720.0,0.00812,0.00463,0,1.1,0.419,0.0601,0
14569,11010.0,0.01988,0.02867,353,5.5,0.227,0.0644,0
14570,47340.0,0.01235,0.04093,0,4.9,0.33,0.0305,0
14571,4490.0,0.01041,0.01477,0,3.7,0.279,0.0681,0
14572,7540.0,0.15851,0.1634,0,2.2,0.429,0.0331,0
14573,7680.0,0.0222,0.04721,0,0.8,0.497,0.048,0
14574,3350.0,0.01574,0.02356,0,5.5,0.434,0.048,0
14575,26220.0,0.01058,0.01311,0,2.9,0.303,0.0362,0
14576,13330.0,0.02287,0.02342,0,0.9,0.597,0.0582,0
14577,31930.0,0.01159,0.04046,0,6.1,0.491,0.0669,0
14578,8470.0,0.00925,0.02068,0,1.0,0.53,0.0626,0
14579,6560.0,0.00573,0.01801,0,2.1,0.295,0.0394,1
14580,40500.0,0.02916,0.03104,0,3.4,0.215,0.0436,0
14581,4010.0,0.00758,0.00615,44,6.6,0.206,0.047,0
14582,6550.0,0.01501,0.00723,0,1.8,0.261,0.032,0
14583,94160.0,0.03009,0.05309,0,3.5,0.281,0.0685,0
14584,16780.0,0.02722,0.06858,0,1.5,0.29,0.067,0
14585,9910.0,0.00692,0.01326,78,5.4,0.487,0.0721,0
14586,7150.0,0.01444,0.02082,0,3.6,0.587,0.036,0
14587,3080.0,0.08163,0.07443,0,3.9,0.327,0.0798,0
14588,5330.0,0.01699,0.00939,0,1.7,0.464,0.0796,0
14589,11390.0,0.01633,0.00478,0,6.6,0.561,0.0789,0
14590,7820.0,0.01531,0.02162,0,4.2,0.364,0.0582,0
14591,8070.0,0.01092,0.00648,0,1.3,0.23,0.0451,0
14592,19350.0,0.02616,0.0133,0,2.5,0.593,0.0581,0
14593,4920.0,0.01842,0.015,10,1.9,0.595,0.0548,1
14594,3760.0,0.03572,0.01506,0,3.4,0.442,0.0475,0
14595,13210.0,0.02364,0.00628,0,5.5,0.287,0.0302,0
14596,113160.0,0.00865,0.0058,0,4.0,0.527,0.0537,0
14597,2610.0,0.05143,0.04711,0,2.6,0.551,0.0491,0
14598,18160.0,0.0052,0.00681,86,6.6,0.245,0.065,0
14599,3690.0,0.0085,0.01109,0,1.0,0.589,0.0409,0
14600,5680.0,0.00863,0.01478,0,4.0,0.275,0.0552,0
14601,16610.0,0.05268,0.05079,0,5.0,0.417,0.0679,0
14602,9120.0,0.02114,0.03219,0,6.1,0.557,0.0511,0
14603,5690.0,0.10585,0.06547,0,4.1,0.278,0.0524,0
14604,5320.0,0.01213,0.03357,0,3.1,0.461,0.0728,0
14605,5180.0,0.0523,0.07674,0,4.7,0.417,0.0734,0
14606,4080.0,0.01087,0.0116,0,1.0,0.397,0.043,0
14607,7640.0,0.06052,0.05404,0,6.3,0.451,0.034,0
14608,24000.0,0.04352,0.03651,0,3.6,0.584,0.0578,0
14609,17790.0,0.01885,0.03059,0,4.7,0.55,0.0439,0
14610,21450.0,0.05011,0.12114,0,1.2,0.4,0.0785,0
14611,31470.0,0.03255,0.0637,0,0.5,0.25,0.0751,0
14612,12410.0,0.05064,0.12416,0,1.9,0.592,0.0732,0
14613,29780.0,0.01032,0.00635,0,4.1,0.377,0.0688,0
14614,36670.0,0.02596,0.0299,0,3.0,0.36,0.0656,0
14615,8050.0,0.08191,0.22596,0,3.6,0.529,0.0657,0
14616,13280.0,0.02227,0.04947,0,3.8,0.577,0.0612,0
14617,14690.0,0.03405,0.02904,0,6.4,0.572,0.0452,0
14618,14730.0,0.02795,0.01658,3,5.0,0.211,0.0525,0
14619,2740.0,0.00787,0.01344,0,6.2,0.48,0.0373,0
14620,5100.0,0.01454,0.00591,0,7.0,0.531,0.0711,0
14621,3050.0,0.0136,0.0075,0,1.5,0.546,0.063,0
14622,7780.0,0.02432,0.08112,0,6.9,0.297,0.0543,0
14623,7390.0,0.00731,0.00507,0,6.0,0.304,0.0409,0
14624,24540.0,0.01316,0.01938,0,4.7,0.363,0.0711,0
14625,3130.0,0.01834,0.01363,0,6.4,0.201,0.0364,0
14626,10200.0,0.07858,0.10518,0,4.7,0.433,0.0595,0
14627,3430.0,0.02119,0.02123,0,2.7,0.561,0.039,0
14628,27390.0,0.03158,0.04256,0,2.2,0.292,0.0343,0
14629,23640.0,0.03361,0.13748,8,6.4,0.513,0.0468,0
14630,21220.0,0.01021,0.01008,0,4.0,0.283,0.0749,1
14631,3810.0,0.00985,0.02083,0,2.4,0.549,0.0389,0
14632,2540.0,0.02288,0.03412,203,3.4,0.443,0.0532,0
14633,19760.0,0.0091,0.00889,0,4.3,0.45,0.0794,0
14634,7190.0,0.00827,0.01165,0,0.6,0.425,0.0726,0
14635,11400.0,0.02513,0.01662,0,3.3,0.417,0.0322,0
14636,7650.0,0.01956,0.11686,0,5.6,0.331,0.0564,0
14637,10500.0,0.01228,0.00518,0,1.8,0.386,0.0438,0
14638,4930.0,0.03316,0.03913,0,3.5,0.512,0.0368,0
14639,7080.0,0.02046,0.01592,0,2.8,0.237,0.0798,0
14640,2690.0,0.00865,0.00448,0,2.6,0.208,0.0655,0
14641,6820.0,0.01465,0.01919,0,4.4,0.288,0.0307,0
14642,43710.0,0.05349,0.09879,0,3.8,0.377,0.0617,0
14643,12490.0,0.01463,0.01292,6,5.1,0.419,0.0411,0
14644,9660.0,0.01683,0.04406,0,6.2,0.482,0.0387,0
14645,31140.0,0.01622,0.03687,0,3.1,0.212,0.0765,0
14646,9700.0,0.0566,0.11927,0,5.7,0.249,0.0357,0
14647,4500.0,0.03352,0.01771,0,4.1,0.284,0.078,0
14648,41940.0,0.04523,0.14836,0,5.0,0.498,0.0315,0
14649,10860.0,0.01614,0.01227,0,5.8,0.464,0.0577,0
14650,9130.0,0.02202,0.01978,0,5.3,0.308,0.0342,0
14651,13370.0,0.03546,0.02709,0,3.1,0.48,0.0643,0
14652,5000.0,0.01364,0.0407,0,6.2,0.557,0.0381,0
14653,7130.0,0.03032,0.01417,0,1.9,0.308,0.0778,0
14654,6130.0,0.00867,0.00958,0,1.4,0.276,0.0734,0
14655,20310.0,0.03409,0.04644,0,0.6,0.286,0.04,0
14656,86440.0,0.00604,0.01442,29,3.1,0.563,0.0692,0
14657,25540.0,0.01813,0.03446,0,1.2,0.355,0.0417,0
14658,16670.0,0.01326,0.00756,0,4.6,0.274,0.0501,0
14659,10820.0,0.04391,0.05029,0,5.0,0.225,0.0771,0
14660,22590.0,0.0289,0.07704,0,4.9,0.249,0.0755,0
14661,34460.0,0.02343,0.04561,0,2.5,0.347,0.0673,0
14662,13230.0,0.01786,0.04651,82,2.1,0.286,0.0434,0
14663,10730.0,0.05973,0.0385,0,1.5,0.21,0.0643,0
14664,9180.0,0.01062,0.03007,0,1.2,0.379,0.0564,0
14665,7200.0,0.00854,0.00589,0,6.7,0.316,0.0329,0
14666,20970.0,0.0193,0.0196,0,2.2,0.248,0.0744,0
14667,7700.0,0.03428,0.02161,0,4.4,0.361,0.0731,0
14668,10650.0,0.01024,0.00979,0,3.8,0.379,0.0386,0
14669,34830.0,0.00986,0.01937,0,6.7,0.287,0.0313,0
14670,27290.0,0.01244,0.01383,0,6.3,0.376,0.0594,0
14671,18040.0,0.03588,0.03116,0,4.1,0.566,0.0448,0
14672,11180.0,0.03593,0.04291,0,5.0,0.577,0.0455,0
14673,6290.0,0.00583,0.00302,45,2.2,0.541,0.0318,0
14674,13610.0,0.02085,0.01476,0,3.6,0.571,0.056,0
14675,5440.0,0.01629,0.03148,0,1.5,0.39,0.0708,0
14676,16160.0,0.00523,0.00694,0,5.2,0.584,0.0421,0
14677,10400.0,0.00235,0.00481,21,3.1,0.281,0.0321,0
14678,26250.0,0.01483,0.01958,0,0.8,0.496,0.0729,0
14679,14630.0,0.0037,0.0042,0,0.9,0.215,0.0367,0
14680,7710.0,0.00717,0.01038,0,6.5,0.571,0.0683,0
14681,6320.0,0.01017,0.00389,0,5.1,0.289,0.0483,0
14682,21260.0,0.01052,0.0107,0,1.6,0.415,0.0358,0
14683,35930.0,0.01929,0.05138,0,5.0,0.232,0.0546,0
14684,4430.0,0.01355,0.01805,0,4.5,0.214,0.0596,0
14685,14230.0,0.01712,0.01039,0,4.4,0.4,0.0494,0
14686,6490.0,0.01055,0.01415,0,5.3,0.223,0.0523,0
14687,7240.0,0.02449,0.01342,0,2.0,0.538,0.066,0
14688,9210.0,0.01552,0.02808,0,4.8,0.368,0.0438,0
14689,13520.0,0.01509,0.02429,0,6.3,0.364,0.0376,0
14690,5710.0,0.01255,0.01249,0,5.5,0.295,0.0437,0
14691,5050.0,0.01299,0.00893,0,3.3,0.559,0.0633,0
14692,8950.0,0.07958,0.04392,0,0.9,0.266,0.0534,0
14693,35240.0,0.01559,0.05623,0,3.4,0.333,0.0468,0
14694,3790.0,0.03161,0.02686,0,1.8,0.524,0.0386,0
14695,69110.0,0.0125,0.0196,0,3.5,0.552,0.0393,0
14696,5460.0,0.07846,0.16296,0,1.2,0.374,0.076,0
14697,37400.0,0.0193,0.04614,0,5.9,0.403,0.0419,0
14698,15000.0,0.02193,0.0206,0,3.3,0.589,0.0618,0
14699,2860.0,0.01126,0.01936,0,3.0,0.556,0.0398,0
14700,18530.0,0.03998,0.04798,0,6.4,0.578,0.0644,0
14701,48350.0,0.02645,0.02724,43,1.9,0.248,0.0464,0
14702,36180.0,0.02833,0.02101,0,2.5,0.457,0.0698,0
14703,18050.0,0.01842,0.01168,0,3.8,0.487,0.046,0
14704,4150.0,0.0235,0.01832,53,1.0,0.24,0.046,0
14705,10150.0,0.01365,0.01228,0,5.1,0.301,0.0406,0
14706,17360.0,0.09432,0.18255,0,2.5,0.308,0.0365,0
14707,2430.0,0.05271,0.04588,0,2.0,0.389,0.0563,0
14708,4250.0,0.01164,0.00805,0,5.0,0.287,0.0713,0
14709,8340.0,0.01983,0.11977,0,2.6,0.301,0.0462,0
14710,12580.0,0.01891,0.00821,0,0.6,0.286,0.0544,0
14711,45980.0,0.02818,0.02653,0,4.8,0.433,0.0535,0
14712,9760.0,0.03426,0.05516,0,5.6,0.462,0.0506,0
14713,4990.0,0.01618,0.01999,0,2.3,0.468,0.041,0
14714,18430.0,0.01453,0.04216,0,3.0,0.468,0.0435,0
14715,13030.0,0.01765,0.01059,0,5.5,0.375,0.0324,0
14716,2640.0,0.00919,0.00592,0,4.0,0.566,0.0653,0
14717,11530.0,0.02175,0.01496,354,6.8,0.291,0.0558,0
14718,15950.0,0.02441,0.08433,0,4.5,0.281,0.0408,0
14719,2890.0,0.02109,0.05812,0,5.2,0.311,0.0437,0
14720,3390.0,0.01886,0.00875,0,4.6,0.543,0.0404,0
14721,23460.0,0.01607,0.02999,0,4.1,0.27,0.0304,0
14722,14880.0,0.01666,0.02963,0,6.2,0.484,0.0436,0
14723,22100.0,0.0065,0.01039,0,4.7,0.281,0.0467,0
14724,53350.0,0.01285,0.01167,0,1.3,0.538,0.0438,0
14725,3600.0,0.0138,0.01183,0,6.1,0.447,0.0384,0
14726,16990.0,0.0161,0.02187,0,0.7,0.283,0.0558,1
14727,19340.0,0.03248,0.09726,0,5.9,0.226,0.0527,0
14728,29010.0,0.00998,0.0169,0,2.9,0.458,0.0563,0
14729,15290.0,0.02259,0.02313,0,3.1,0.541,0.0464,0
14730,6430.0,0.02518,0.04849,0,2.7,0.277,0.0662,0
14731,12410.0,0.01506,0.00978,0,5.3,0.208,0.0524,0
14732,20250.0,0.04448,0.01455,14,1.0,0.58,0.0317,0
14733,12250.0,0.00819,0.02067,0,6.6,0.583,0.0743,0
14734,1380.0,0.02114,0.03588,0,0.5,0.452,0.0382,0
14735,8260.0,0.0073,0.00521,0,0.6,0.313,0.0532,0
14736,21570.0,0.03515,0.03382,0,3.2,0.242,0.0761,0
14737,11130.0,0.00602,0.00543,0,5.8,0.508,0.0711,0
14738,5250.0,0.02767,0.04883,0,2.1,0.43,0.0431,0
14739,4250.0,0.01173,0.00916,0,6.0,0.512,0.0486,0
14740,21230.0,0.00859,0.00549,0,1.4,0.265,0.0436,0
14741,31900.0,0.02,0.02585,305,4.9,0.389,0.0539,0
14742,8930.0,0.02454,0.03411,0,0.8,0.437,0.039,0
14743,21870.0,0.01905,0.0104,0,3.6,0.313,0.0425,0
14744,32930.0,0.02631,0.01504,0,5.4,0.46,0.0555,0
14745,10980.0,0.00748,0.00856,0,5.5,0.324,0.0562,0
14746,6430.0,0.01475,0.02456,0,5.9,0.503,0.0777,0
14747,20870.0,0.00833,0.00792,0,4.5,0.512,0.0379,0
14748,31540.0,0.02044,0.02882,0,3.7,0.565,0.0792,0
14749,43070.0,0.01245,0.01093,0,2.0,0.508,0.0342,0
14750,2040.0,0.09477,0.22875,0,1.3,0.436,0.0409,0
14751,4300.0,0.01188,0.01394,0,2.4,0.54,0.062,0
14752,5660.0,0.04524,0.02437,10,3.8,0.316,0.0405,0
14753,8530.0,0.02176,0.01696,0,3.0,0.274,0.045,1
14754,34280.0,0.01605,0.02149,0,3.6,0.286,0.0772,0
14755,13860.0,0.01269,0.00628,0,4.8,0.297,0.045,0
14756,36530.0,0.0263,0.03408,0,5.2,0.528,0.0676,0
14757,18660.0,0.00517,0.00383,10,5.2,0.493,0.0577,0
14758,8410.0,0.01121,0.03457,79,3.5,0.393,0.0358,0
14759,13010.0,0.01359,0.01967,0,5.8,0.38,0.0462,0
14760,9750.0,0.02137,0.01285,0,0.6,0.527,0.0463,0
14761,8920.0,0.02241,0.03221,0,2.9,0.55,0.0382,0
14762,9390.0,0.01105,0.0076,0,3.7,0.518,0.0659,0
14763,13600.0,0.04733,0.1075,0,7.0,0.221,0.0615,0
14764,11530.0,0.00969,0.02837,0,0.7,0.31,0.0639,0
14765,2390.0,0.04741,0.05764,0,2.9,0.375,0.0747,0
14766,26950.0,0.06759,0.09548,0,1.3,0.205,0.079,0
14767,7360.0,0.02597,0.02003,0,3.4,0.476,0.0407,0
14768,15020.0,0.0613,0.09074,0,5.3,0.238,0.0796,0
14769,13220.0,0.03862,0.07559,0,4.9,0.501,0.0491,0
14770,6200.0,0.01587,0.02407,0,2.8,0.543,0.0468,0
14771,10960.0,0.02847,0.02805,0,4.0,0.555,0.0355,0
14772,3980.0,0.0224,0.02344,0,0.8,0.244,0.0778,0
14773,19190.0,0.01732,0.00682,0,5.9,0.455,0.0727,0
14774,27340.0,0.04095,0.06601,0,6.5,0.498,0.046,0
14775,3630.0,0.00874,0.01213,0,1.4,0.303,0.0607,0
14776,9150.0,0.09446,0.21209,0,6.4,0.349,0.0765,0
14777,4240.0,0.012,0.02072,0,1.3,0.569,0.0577,0
14778,13190.0,0.01097,0.00515,0,6.2,0.239,0.047,0
14779,10930.0,0.06683,0.04485,0,2.9,0.279,0.0425,0
14780,6860.0,0.05292,0.07617,0,6.5,0.298,0.0752,0
14781,25650.0,0.07313,0.07221,0,2.2,0.594,0.0328,0
14782,16860.0,0.01505,0.0078,20,4.1,0.29,0.0559,0
14783,10480.0,0.02007,0.05553,6,2.8,0.588,0.0393,0
14784,21260.0,0.01102,0.00368,0,6.6,0.487,0.0402,0
14785,29910.0,0.00677,0.01531,0,5.1,0.494,0.0418,0
14786,5880.0,0.03656,0.04844,194,2.6,0.233,0.0725,0
14787,4690.0,0.04305,0.12151,53,0.5,0.495,0.0427,0
14788,59180.0,0.03645,0.0649,0,2.7,0.214,0.0513,0
14789,2360.0,0.06838,0.09832,0,6.6,0.58,0.0763,0
14790,4000.0,0.02972,0.05477,0,2.3,0.595,0.0781,0
14791,22810.0,0.0289,0.16771,0,6.3,0.59,0.0445,0
14792,7360.0,0.02706,0.01665,298,3.4,0.555,0.0363,1
14793,8180.0,0.01045,0.02462,0,2.5,0.569,0.0514,0
14794,5850.0,0.03263,0.01477,0,6.1,0.55,0.0668,0
14795,9230.0,0.05153,0.11062,16,1.1,0.225,0.0693,0
14796,10800.0,0.05671,0.03049,0,5.3,0.464,0.0563,0
14797,25370.0,0.02867,0.02725,0,6.2,0.27,0.0774,0
14798,49790.0,0.02324,0.04904,0,5.1,0.329,0.0443,0
14799,8120.0,0.00999,0.01367,0,1.9,0.506,0.0608,0
14800,22430.0,0.04331,0.169,0,1.7,0.249,0.0771,0
14801,19190.0,0.02464,0.02495,0,4.0,0.22,0.0584,0
14802,3770.0,0.03574,0.05362,0,3.9,0.548,0.0329,0
14803,13800.0,0.0098,0.00949,0,2.1,0.599,0.0555,0
14804,14490.0,0.01727,0.01492,0,4.4,0.518,0.0652,0
14805,18220.0,0.01027,0.01413,0,4.6,0.544,0.0512,0
14806,15220.0,0.02218,0.04189,0,6.4,0.513,0.0673,0
14807,4430.0,0.01786,0.02245,0,3.4,0.295,0.063,0
14808,6360.0,0.06747,0.04022,0,5.1,0.534,0.0696,0
14809,19150.0,0.00501,0.00201,0,2.9,0.351,0.0416,0
14810,9940.0,0.02608,0.05677,0,1.7,0.398,0.0715,0
14811,47950.0,0.02385,0.01493,0,2.4,0.412,0.0546,0
14812,19840.0,0.04783,0.04959,395,5.6,0.482,0.05,0
14813,5880.0,0.01553,0.00652,0,1.7,0.579,0.054,0
14814,7380.0,0.00771,0.00302,0,1.8,0.48,0.0675,0
14815,5290.0,0.00978,0.01681,0,0.8,0.56,0.071,0
14816,1310.0,0.02975,0.08856,0,2.8,0.431,0.0626,0
14817,7340.0,0.01372,0.02085,0,6.4,0.465,0.0511,0
14818,18800.0,0.01509,0.01057,0,3.8,0.433,0.0593,0
14819,20240.0,0.00632,0.00578,0,3.5,0.246,0.0582,0
14820,27570.0,0.01197,0.02438,0,2.5,0.563,0.0399,0
14821,3120.0,0.03477,0.08108,0,3.4,0.573,0.08,0
14822,25010.0,0.0128,0.02078,0,4.3,0.566,0.0333,0
14823,12100.0,0.02253,0.0347,0,5.5,0.247,0.0758,0
14824,11140.0,0.0273,0.01614,0,2.7,0.38,0.0346,0
14825,10420.0,0.02545,0.03958,0,4.1,0.567,0.0332,0
14826,13720.0,0.05089,0.03647,0,4.8,0.55,0.0465,1
14827,8870.0,0.0276,0.00641,0,6.9,0.331,0.0787,0
14828,10620.0,0.01277,0.01516,0,6.6,0.58,0.0792,0
14829,13490.0,0.08449,0.03666,27,6.1,0.209,0.0522,0
14830,30690.0,0.01616,0.01873,0,3.9,0.344,0.0583,1
14831,23520.0,0.04624,0.02526,0,1.7,0.438,0.0706,0
14832,27030.0,0.05789,0.16019,0,1.6,0.29,0.0636,0
14833,3050.0,0.01393,0.01113,0,1.4,0.284,0.0348,0
14834,6060.0,0.00942,0.01864,0,5.0,0.449,0.0512,0
14835,9100.0,0.0642,0.06749,0,5.8,0.238,0.0341,0
14836,5400.0,0.00475,0.00812,0,4.4,0.576,0.0559,0
14837,7180.0,0.01809,0.02377,0,0.6,0.408,0.0382,0
14838,6750.0,0.06669,0.08468,0,4.1,0.212,0.0335,0
14839,16360.0,0.01682,0.01605,0,0.6,0.574,0.033,0
14840,24270.0,0.01812,0.0389,0,1.8,0.224,0.0759,0
14841,7230.0,0.01645,0.04356,0,2.3,0.588,0.0751,0
14842,16780.0,0.00659,0.01115,0,0.8,0.511,0.0422,0
14843,5590.0,0.00651,0.00385,0,0.8,0.425,0.0781,0
14844,12910.0,0.23923,0.22688,0,3.5,0.386,0.0614,0
14845,6430.0,0.02016,0.01809,0,1.4,0.576,0.047,0
14846,7790.0,0.04167,0.0933,0,5.2,0.324,0.0655,0
14847,8470.0,0.01491,0.01581,0,4.4,0.431,0.0737,0
14848,2500.0,0.06831,0.04884,0,0.6,0.343,0.0668,0
14849,3350.0,0.0581,0.01657,0,4.6,0.427,0.0657,0
14850,5670.0,0.00668,0.0037,0,3.9,0.343,0.0471,0
14851,7510.0,0.00694,0.00538,0,0.6,0.24,0.0468,0
14852,11080.0,0.02878,0.00991,0,2.1,0.348,0.0404,0
14853,10250.0,0.01802,0.03847,43,2.2,0.486,0.0329,0
14854,32240.0,0.02024,0.01757,0,1.2,0.364,0.079,0
14855,24910.0,0.01967,0.01594,87,1.9,0.447,0.0637,0
14856,12460.0,0.03638,0.13868,0,6.6,0.366,0.0607,0
14857,35820.0,0.00765,0.01377,0,3.7,0.56,0.0371,0
14858,15920.0,0.01981,0.00783,0,6.6,0.461,0.0535,0
14859,11480.0,0.00964,0.0088,0,5.4,0.511,0.071,0
14860,5520.0,0.02194,0.04537,0,4.9,0.325,0.0546,0
14861,7700.0,0.00811,0.00919,0,3.2,0.586,0.0302,0
14862,4890.0,0.02697,0.02977,0,2.0,0.591,0.0693,0
14863,3270.0,0.03065,0.04165,0,1.3,0.448,0.0711,0
14864,2930.0,0.02462,0.03194,0,4.1,0.503,0.0524,0
14865,10350.0,0.03834,0.03663,0,6.8,0.432,0.0771,0
14866,4890.0,0.04815,0.08286,0,0.5,0.338,0.0432,0
14867,15420.0,0.04531,0.03712,0,1.3,0.378,0.0629,0
14868,32550.0,0.0426,0.03868,0,4.7,0.467,0.0335,0
14869,7380.0,0.01119,0.01645,0,4.1,0.489,0.0357,0
14870,7470.0,0.0277,0.04901,0,6.5,0.286,0.0725,0
14871,1980.0,0.0808,0.0561,0,6.5,0.205,0.0708,0
14872,5020.0,0.00838,0.0134,0,6.0,0.411,0.0643,0
14873,13100.0,0.00652,0.00745,0,1.3,0.374,0.0492,0
14874,16130.0,0.02265,0.01508,0,4.8,0.257,0.0711,0
14875,7040.0,0.00897,0.00593,0,6.0,0.318,0.051,0
14876,10490.0,0.01151,0.00671,0,2.3,0.298,0.037,0
14877,32420.0,0.00755,0.01006,0,4.9,0.33,0.0315,0
14878,22560.0,0.02646,0.03797,0,6.0,0.214,0.0366,0
14879,4300.0,0.02625,0.02703,0,3.4,0.412,0.0453,0
14880,7500.0,0.01608,0.01517,0,6.0,0.467,0.0764,0
14881,34360.0,0.0121,0.01767,0,4.2,0.533,0.0717,0
14882,34310.0,0.00662,0.01143,0,4.8,0.238,0.0799,0
14883,5190.0,0.01896,0.03107,0,2.4,0.406,0.0321,0
14884,7220.0,0.0166,0.02068,0,4.8,0.292,0.0452,0
14885,7530.0,0.0162,0.03413,0,2.1,0.388,0.0569,0
14886,11240.0,0.01755,0.03812,0,6.2,0.38,0.046,0
14887,12770.0,0.01733,0.01257,0,5.7,0.493,0.0717,0
14888,8320.0,0.02543,0.02687,0,4.0,0.462,0.0513,0
14889,15900.0,0.0231,0.06279,0,1.0,0.227,0.0423,0
14890,20400.0,0.01621,0.04266,0,6.3,0.563,0.0638,0
14891,5980.0,0.0258,0.04217,0,5.4,0.317,0.0493,0
14892,21100.0,0.03797,0.01499,0,2.1,0.244,0.0658,0
14893,2700.0,0.02718,0.0341,0,1.1,0.232,0.0688,0
14894,5890.0,0.03341,0.02236,0,4.1,0.341,0.0485,0
14895,12260.0,0.08016,0.22095,51,6.3,0.261,0.0495,0
14896,48110.0,0.03851,0.0145,0,1.9,0.571,0.0534,0
14897,21150.0,0.04803,0.05786,0,6.4,0.226,0.0738,0
14898,18940.0,0.0166,0.01155,0,1.9,0.334,0.0339,0
14899,13460.0,0.01976,0.03788,0,4.9,0.325,0.0322,0
14900,7740.0,0.01712,0.0889,0,3.7,0.538,0.0683,0
14901,20330.0,0.00419,0.00392,0,4.7,0.559,0.0749,0
14902,27410.0,0.01233,0.0805,0,1.4,0.359,0.0429,0
14903,9820.0,0.02863,0.02745,0,5.3,0.574,0.0783,0
14904,5880.0,0.00482,0.00352,0,1.7,0.4,0.0325,0
14905,7450.0,0.00855,0.01249,0,0.5,0.567,0.0383,0
14906,17990.0,0.0734,0.05111,0,3.3,0.551,0.0314,0
14907,12940.0,0.02781,0.01221,0,4.2,0.545,0.0634,0
14908,27830.0,0.02213,0.01992,66,6.7,0.379,0.0441,0
14909,3260.0,0.01623,0.01813,0,1.6,0.363,0.0782,0
14910,7050.0,0.02481,0.01539,0,1.4,0.459,0.0768,0
14911,35690.0,0.0171,0.04461,0,6.4,0.357,0.0493,0
14912,14980.0,0.02242,0.02282,46,1.2,0.574,0.0493,0
14913,6980.0,0.01539,0.02918,0,5.6,0.458,0.0643,0
14914,32960.0,0.02995,0.02898,0,5.9,0.544,0.0535,0
14915,1890.0,0.02903,0.0259,0,6.6,0.551,0.0461,0
14916,20390.0,0.02997,0.02141,0,5.2,0.479,0.0317,0
14917,10520.0,0.01311,0.01523,0,3.5,0.284,0.0699,0
14918,22100.0,0.01977,0.02903,0,6.3,0.39,0.0729,0
14919,8880.0,0.01659,0.01748,0,5.8,0.492,0.0764,0
14920,4620.0,0.02418,0.08629,0,1.3,0.252,0.0325,0
14921,6640.0,0.00979,0.00593,0,0.9,0.494,0.0499,0
14922,11630.0,0.01293,0.02204,0,4.3,0.255,0.0315,0
14923,15240.0,0.03041,0.02317,0,0.5,0.533,0.0627,0
14924,9940.0,0.02447,0.0425,0,1.4,0.502,0.0797,0
14925,10890.0,0.01801,0.02569,0,4.0,0.547,0.0362,0
14926,19390.0,0.00284,0.00977,0,5.0,0.498,0.0575,0
14927,22220.0,0.01259,0.00865,47,1.4,0.317,0.0746,0
14928,25610.0,0.03286,0.02397,0,0.6,0.399,0.0451,0
14929,7770.0,0.01324,0.01675,0,2.8,0.364,0.0415,0
14930,8550.0,0.03316,0.07019,0,1.0,0.238,0.0728,0
14931,6760.0,0.00944,0.00279,0,1.2,0.449,0.0658,0
14932,13340.0,0.05155,0.0816,0,2.4,0.496,0.0481,0
14933,7520.0,0.00863,0.00814,0,4.3,0.435,0.045,0
14934,13910.0,0.01842,0.00674,0,5.4,0.484,0.0476,0
14935,16870.0,0.03447,0.03056,0,4.5,0.206,0.0359,0
14936,6460.0,0.0208,0.04781,0,6.6,0.518,0.0327,0
14937,26640.0,0.01006,0.0282,0,3.7,0.404,0.0647,0
14938,60240.0,0.03102,0.0462,0,2.1,0.378,0.04,0
14939,8640.0,0.05106,0.04031,0,4.9,0.405,0.0606,0
14940,11790.0,0.09383,0.33754,0,4.2,0.207,0.0506,0
14941,5010.0,0.01235,0.0181,0,1.1,0.289,0.0353,0
14942,5570.0,0.01319,0.00934,0,0.8,0.541,0.0605,0
14943,12480.0,0.00681,0.00867,0,1.0,0.435,0.0305,1
14944,25000.0,0.01404,0.02011,0,6.3,0.414,0.0761,0
14945,3910.0,0.03383,0.01762,0,2.8,0.376,0.0568,0
14946,16120.0,0.03123,0.01456,0,3.8,0.41,0.0486,0
14947,9260.0,0.01764,0.00945,0,1.6,0.496,0.0527,0
14948,62520.0,0.04553,0.04668,0,3.4,0.542,0.072,0
14949,3100.0,0.03026,0.03523,0,4.3,0.441,0.035,0
14950,8150.0,0.04369,0.06991,0,2.5,0.299,0.0769,0
14951,15730.0,0.04105,0.10636,0,1.9,0.568,0.0331,0
14952,18230.0,0.01258,0.00661,11,3.1,0.434,0.0708,0
14953,64210.0,0.03331,0.02494,0,2.3,0.402,0.0436,0
14954,15950.0,0.01056,0.00766,0,6.7,0.217,0.0542,0
14955,12110.0,0.0208,0.03103,0,4.5,0.434,0.0681,0
14956,20080.0,0.03372,0.02969,14,4.2,0.379,0.0432,0
14957,5230.0,0.01765,0.03673,0,1.5,0.465,0.0787,0
14958,1880.0,0.00701,0.00612,0,4.2,0.281,0.0722,0
14959,4340.0,0.02701,0.02673,0,6.9,0.36,0.0655,0
14960,7090.0,0.01124,0.01032,0,4.4,0.424,0.0615,0
14961,11860.0,0.02762,0.06208,0,1.9,0.519,0.0796,0
14962,5570.0,0.01013,0.01392,0,3.2,0.364,0.0579,0
14963,13130.0,0.00644,0.0087,0,2.9,0.277,0.0467,0
14964,13340.0,0.0366,0.11563,44,3.9,0.371,0.04,0
14965,10040.0,0.03237,0.01062,0,1.2,0.417,0.077,0
14966,12970.0,0.02784,0.01346,206,2.2,0.495,0.0743,1
14967,9180.0,0.00904,0.01375,0,6.7,0.205,0.0735,0
14968,22920.0,0.0092,0.01027,0,4.0,0.598,0.0744,1
14969,15430.0,0.02047,0.03008,0,5.1,0.485,0.0549,0
14970,15570.0,0.01371,0.01289,0,6.0,0.226,0.0628,0
14971,9350.0,0.02082,0.00844,0,1.3,0.451,0.0637,0
14972,8060.0,0.00922,0.01795,0,6.0,0.217,0.0352,0
14973,28680.0,0.01418,0.00636,0,3.4,0.437,0.0312,0
14974,3880.0,0.01019,0.01299,40,3.7,0.245,0.0629,0
14975,13980.0,0.01098,0.00597,0,5.6,0.371,0.0459,0
14976,5450.0,0.00734,0.00809,0,6.8,0.444,0.0331,0
14977,94730.0,0.00818,0.00347,0,2.7,0.39,0.0469,0
14978,3820.0,0.00813,0.01299,0,2.6,0.351,0.0569,0
14979,5040.0,0.00805,0.0091,0,5.6,0.562,0.0567,0
14980,24570.0,0.00552,0.00467,0,4.6,0.231,0.0784,0
14981,10950.0,0.01528,0.00661,0,4.6,0.564,0.0387,0
14982,3220.0,0.02369,0.02626,0,0.8,0.448,0.0413,0
14983,21480.0,0.01602,0.01828,0,5.3,0.454,0.0791,0
14984,12370.0,0.11454,0.04847,0,3.9,0.386,0.0489,0
14985,17410.0,0.04102,0.05898,0,5.1,0.422,0.0741,0
14986,3880.0,0.01644,0.02421,0,5.7,0.549,0.0658,0
14987,6050.0,0.00957,0.01665,0,1.3,0.517,0.0507,0
14988,5410.0,0.01455,0.01305,0,4.9,0.239,0.0687,0
14989,32630.0,0.01769,0.02516,0,2.1,0.448,0.0357,0
14990,6220.0,0.02322,0.02313,0,6.5,0.356,0.0337,0
14991,3400.0,0.02021,0.01472,0,2.9,0.508,0.0468,0
14992,23490.0,0.01551,0.01637,0,2.0,0.429,0.0723,0
14993,33680.0,0.00779,0.00257,0,7.0,0.323,0.043,0
14994,18480.0,0.01924,0.01174,0,1.7,0.275,0.0472,0
14995,8370.0,0.01242,0.03128,0,4.5,0.335,0.052,0
14996,8150.0,0.00882,0.03061,0,3.3,0.234,0.0738,0
14997,9110.0,0.02327,0.07673,0,6.1,0.575,0.0349,0
14998,31110.0,0.03658,0.03873,0,4.3,0.412,0.0445,0
14999,3380.0,0.01251,0.0087,0,2.7,0.38,0.0357,0
15000,6450.0,0.042,0.03996,114,4.7,0.335,0.0638,0
15001,5130.0,0.02237,0.08065,0,5.3,0.514,0.0794,0
15002,17360.0,0.01028,0.0101,0,7.0,0.427,0.0491,0
15003,21200.0,0.07319,0.16326,0,4.7,0.545,0.0587,0
15004,4540.0,0.01295,0.02035,0,2.6,0.58,0.0521,0
15005,19480.0,0.0139,0.02459,159,4.4,0.353,0.068,0
15006,11780.0,0.02564,0.05353,0,4.0,0.579,0.0655,0
15007,19040.0,0.01291,0.01264,0,6.0,0.383,0.0538,0
15008,14730.0,0.06429,0.05094,0,1.6,0.464,0.0719,0
15009,6390.0,0.01495,0.02358,0,5.0,0.407,0.0467,0
15010,6030.0,0.01933,0.02116,0,2.8,0.356,0.0315,0
15011,4080.0,0.01166,0.02912,0,4.6,0.399,0.0325,0
15012,6440.0,0.01871,0.01664,0,2.7,0.315,0.0533,0
15013,1730.0,0.03734,0.09667,0,0.7,0.503,0.0412,0
15014,6880.0,0.05508,0.04354,0,2.4,0.398,0.0349,0
15015,23250.0,0.01162,0.01803,0,1.3,0.443,0.0723,0
15016,12850.0,0.01065,0.00966,0,3.8,0.38,0.0783,0
15017,10760.0,0.01321,0.02504,0,4.7,0.349,0.0727,0
15018,20890.0,0.02241,0.05391,0,5.3,0.472,0.0643,0
15019,14860.0,0.02202,0.0341,0,0.9,0.554,0.0388,0
15020,22860.0,0.03012,0.02191,0,4.2,0.325,0.0506,0
15021,4160.0,0.00931,0.01437,0,3.9,0.392,0.0449,0
15022,11100.0,0.02852,0.08539,0,3.6,0.374,0.0745,0
15023,77410.0,0.01389,0.01562,0,2.3,0.399,0.0664,0
15024,4080.0,0.00466,0.00832,0,2.1,0.583,0.0495,0
15025,23490.0,0.0416,0.10314,0,6.9,0.414,0.0655,0
15026,13240.0,0.01203,0.01211,0,3.0,0.541,0.0648,0
15027,7080.0,0.01474,0.00929,0,6.7,0.342,0.0616,0
15028,51860.0,0.05867,0.04101,0,4.0,0.424,0.0709,0
15029,7770.0,0.02029,0.02826,0,3.7,0.219,0.0645,0
15030,27540.0,0.02223,0.01884,0,4.4,0.292,0.0355,0
15031,31130.0,0.03562,0.03578,0,5.0,0.219,0.0387,1
15032,6320.0,0.02637,0.04446,0,4.0,0.391,0.0622,0
15033,2140.0,0.01158,0.01728,0,4.5,0.529,0.0592,0
15034,11730.0,0.0224,0.01503,0,6.9,0.35,0.0628,0
15035,18280.0,0.00893,0.00728,0,6.1,0.596,0.0516,0
15036,14720.0,0.01572,0.00697,0,0.8,0.292,0.0652,0
15037,5400.0,0.03049,0.03881,0,2.9,0.546,0.0661,0
15038,9050.0,0.03898,0.02537,0,1.5,0.495,0.0386,0
15039,5030.0,0.03649,0.03976,0,5.3,0.219,0.0466,0
15040,11020.0,0.01375,0.00443,0,4.3,0.27,0.0391,0
15041,11770.0,0.04715,0.07272,0,5.5,0.424,0.0706,0
15042,46050.0,0.0121,0.00804,0,3.8,0.266,0.0644,0
15043,7070.0,0.04991,0.26169,0,7.0,0.303,0.0636,0
15044,8400.0,0.01569,0.03067,0,2.6,0.571,0.0322,0
15045,10310.0,0.02339,0.0124,0,6.8,0.412,0.0394,0
15046,11940.0,0.01131,0.01812,0,2.7,0.539,0.0514,0
15047,2900.0,0.04212,0.04326,194,4.2,0.447,0.0558,0
15048,34550.0,0.01457,0.004,0,3.1,0.402,0.0552,0
15049,16690.0,0.00799,0.01096,0,5.5,0.236,0.0646,0
15050,9650.0,0.03909,0.01765,0,5.2,0.444,0.0318,0
15051,8800.0,0.02557,0.02536,0,4.6,0.593,0.0309,0
15052,13320.0,0.00846,0.0073,0,3.1,0.359,0.0371,0
15053,6090.0,0.00481,0.00524,0,1.7,0.522,0.0426,0
15054,14390.0,0.01787,0.00456,0,2.6,0.287,0.0755,0
15055,8130.0,0.00886,0.01124,0,1.5,0.372,0.0759,0
15056,9800.0,0.04237,0.05597,0,4.9,0.333,0.0692,0
15057,64810.0,0.02575,0.01423,0,3.6,0.534,0.0454,0
15058,34380.0,0.02242,0.01582,0,6.9,0.465,0.0601,0
15059,40920.0,0.00991,0.00497,0,6.9,0.232,0.0649,0
15060,7690.0,0.00651,0.00969,0,4.8,0.522,0.0608,0
15061,5930.0,0.01008,0.00829,0,3.8,0.276,0.0302,0
15062,2670.0,0.02586,0.03834,0,3.1,0.27,0.0473,0
15063,8030.0,0.05092,0.04366,0,5.6,0.418,0.0594,0
15064,21800.0,0.0085,0.01239,0,4.1,0.511,0.0648,0
15065,7790.0,0.00833,0.0036,0,4.6,0.576,0.0599,0
15066,24400.0,0.0187,0.01126,0,4.2,0.221,0.0437,0
15067,6910.0,0.01111,0.02357,0,2.7,0.389,0.0351,0
15068,23560.0,0.02701,0.03231,0,6.3,0.229,0.0487,0
15069,18710.0,0.09111,0.09561,11,5.6,0.344,0.0401,0
15070,23290.0,0.01887,0.01063,0,0.9,0.564,0.0548,0
15071,3770.0,0.02392,0.02348,0,5.3,0.503,0.064,0
15072,22110.0,0.03075,0.0737,0,3.7,0.368,0.0422,0
15073,11350.0,0.02514,0.06211,0,6.5,0.325,0.0411,0
15074,7270.0,0.00569,0.00547,56,6.5,0.441,0.0695,0
15075,61830.0,0.02278,0.00803,5,2.5,0.483,0.0608,0
15076,16330.0,0.00605,0.00892,0,6.7,0.227,0.0561,0
15077,11880.0,0.01329,0.0211,0,1.7,0.242,0.0476,0
15078,12820.0,0.01266,0.02696,0,3.7,0.311,0.0328,0
15079,32490.0,0.01463,0.03611,0,2.2,0.595,0.056,0
15080,5990.0,0.03835,0.08217,360,2.7,0.552,0.0408,0
15081,22210.0,0.01721,0.01292,0,6.9,0.43,0.0689,0
15082,5430.0,0.04221,0.02939,0,2.7,0.447,0.0337,0
15083,4370.0,0.00902,0.0048,0,5.1,0.342,0.0679,0
15084,7060.0,0.02388,0.03088,0,6.6,0.454,0.0482,0
15085,16620.0,0.01274,0.01356,0,5.7,0.287,0.0356,0
15086,13810.0,0.03237,0.01548,0,3.4,0.566,0.0443,0
15087,5390.0,0.04232,0.03766,252,0.6,0.404,0.0679,0
15088,3360.0,0.02037,0.00812,0,1.7,0.317,0.0332,0
15089,8630.0,0.04326,0.06369,0,4.8,0.5,0.0477,0
15090,10580.0,0.03362,0.06934,0,0.6,0.572,0.0303,0
15091,54380.0,0.00733,0.00354,0,1.6,0.419,0.0776,0
15092,6940.0,0.00895,0.00714,0,0.6,0.455,0.0539,0
15093,4090.0,0.01822,0.01908,0,4.0,0.545,0.0436,0
15094,29030.0,0.02327,0.02025,0,4.3,0.481,0.0338,0
15095,32130.0,0.03124,0.05922,0,6.1,0.452,0.0332,1
15096,61710.0,0.02832,0.02981,0,5.0,0.598,0.0555,0
15097,10970.0,0.00563,0.00797,0,2.1,0.432,0.0692,0
15098,8000.0,0.03357,0.03691,0,6.2,0.204,0.0794,0
15099,40410.0,0.01009,0.02434,0,4.3,0.242,0.0767,0
15100,3730.0,0.05687,0.0577,0,1.6,0.508,0.0639,0
15101,5850.0,0.03442,0.08417,0,0.6,0.572,0.0574,0
15102,4850.0,0.0104,0.04379,0,1.8,0.211,0.0717,0
15103,8670.0,0.01797,0.01156,0,3.4,0.525,0.0389,0
15104,36550.0,0.01722,0.0268,0,0.7,0.378,0.0368,0
15105,29120.0,0.03206,0.02492,0,3.2,0.415,0.0445,0
15106,8180.0,0.01642,0.02627,153,4.7,0.465,0.0683,0
15107,5720.0,0.00798,0.01407,346,2.1,0.324,0.0628,0
15108,18160.0,0.04267,0.06033,0,1.2,0.453,0.0525,0
15109,12790.0,0.02274,0.02602,0,4.6,0.211,0.0555,0
15110,4710.0,0.04702,0.06622,0,5.7,0.303,0.0677,0
15111,10840.0,0.03139,0.03419,10,0.7,0.268,0.0349,0
15112,64950.0,0.01731,0.01408,70,1.0,0.528,0.0754,0
15113,11860.0,0.0181,0.01332,0,6.2,0.213,0.0753,0
15114,4140.0,0.01398,0.00834,0,6.1,0.313,0.0402,0
15115,6130.0,0.00826,0.00332,0,1.4,0.225,0.0669,0
15116,9110.0,0.04196,0.05095,0,1.2,0.433,0.0356,0
15117,6040.0,0.01081,0.01307,0,2.9,0.439,0.0609,0
15118,8770.0,0.02118,0.0641,0,0.5,0.209,0.0305,0
15119,23470.0,0.00667,0.00575,0,1.8,0.264,0.0624,0
15120,1060.0,0.00641,0.0103,0,1.5,0.417,0.0347,0
15121,6720.0,0.01316,0.00627,0,6.8,0.481,0.032,0
15122,22200.0,0.00472,0.0154,0,2.1,0.398,0.0336,0
15123,11810.0,0.01472,0.01469,0,3.2,0.247,0.0338,0
15124,16690.0,0.01037,0.00902,0,4.4,0.407,0.0463,0
15125,29850.0,0.0051,0.01542,0,3.1,0.24,0.0309,0
15126,1750.0,0.01739,0.00514,0,4.4,0.555,0.0774,0
15127,9120.0,0.01759,0.02392,0,3.0,0.445,0.066,0
15128,19800.0,0.02937,0.03133,0,3.5,0.349,0.0725,0
15129,3530.0,0.00963,0.01778,0,0.6,0.54,0.0709,0
15130,18280.0,0.03415,0.03815,0,4.6,0.483,0.0542,0
15131,8750.0,0.01729,0.0133,0,1.3,0.595,0.0471,0
15132,28790.0,0.02925,0.16546,0,6.5,0.348,0.0702,0
15133,13760.0,0.0156,0.04384,0,6.5,0.314,0.0702,0
15134,12440.0,0.05504,0.07188,0,1.4,0.243,0.03,0
15135,31060.0,0.01298,0.00546,0,5.6,0.358,0.0375,0
15136,22550.0,0.05381,0.0499,0,2.8,0.354,0.0509,0
15137,19260.0,0.01323,0.04633,0,6.0,0.4,0.0748,0
15138,31810.0,0.00864,0.00296,0,1.8,0.49,0.0508,0
15139,11370.0,0.01669,0.03239,0,2.2,0.234,0.0445,0
15140,11120.0,0.04148,0.05766,0,6.6,0.245,0.0619,0
15141,1030.0,0.01563,0.01831,0,1.9,0.454,0.0763,0
15142,18210.0,0.04432,0.09459,0,4.5,0.349,0.0427,0
15143,11720.0,0.02582,0.05336,239,3.9,0.547,0.0347,0
15144,3010.0,0.01684,0.04836,0,5.2,0.445,0.0772,0
15145,1560.0,0.01161,0.0095,0,3.3,0.471,0.033,0
15146,23180.0,0.05677,0.05066,0,5.2,0.583,0.0307,0
15147,24030.0,0.00903,0.00819,0,6.6,0.468,0.0444,0
15148,9010.0,0.00725,0.00831,0,3.9,0.205,0.0363,0
15149,20330.0,0.01486,0.04425,0,5.3,0.549,0.0402,0
15150,9990.0,0.04024,0.04707,0,5.7,0.2,0.0321,0
15151,11160.0,0.02754,0.0262,0,1.1,0.491,0.0363,0
15152,6180.0,0.02092,0.00834,0,6.3,0.28,0.0302,0
15153,8720.0,0.07834,0.02369,0,3.8,0.298,0.0666,0
15154,44260.0,0.03876,0.16319,0,6.5,0.57,0.0365,0
15155,9270.0,0.01001,0.01934,0,1.7,0.227,0.062,0
15156,9970.0,0.01584,0.01446,0,4.2,0.489,0.0716,0
15157,10620.0,0.01927,0.06953,0,3.2,0.48,0.0679,0
15158,57100.0,0.00561,0.00875,0,2.3,0.232,0.0735,0
15159,6670.0,0.01686,0.01546,0,4.5,0.422,0.0647,0
15160,7540.0,0.01187,0.01015,384,1.2,0.504,0.0535,0
15161,36810.0,0.02073,0.04437,0,5.8,0.59,0.0769,1
15162,17710.0,0.04082,0.04295,0,1.1,0.495,0.0505,0
15163,29170.0,0.01147,0.01237,0,4.8,0.281,0.0498,0
15164,3580.0,0.07152,0.05221,0,6.0,0.246,0.0621,0
15165,4910.0,0.01196,0.00778,0,3.1,0.305,0.0727,0
15166,2720.0,0.02885,0.03711,0,4.6,0.584,0.037,0
15167,19500.0,0.02906,0.03302,0,2.0,0.409,0.0685,0
15168,21800.0,0.01072,0.02703,0,6.0,0.499,0.0478,0
15169,5010.0,0.0068,0.00865,0,4.5,0.455,0.0469,0
15170,58950.0,0.01673,0.0247,0,6.5,0.398,0.0558,0
15171,15440.0,0.03552,0.05558,86,6.7,0.231,0.049,0
15172,6640.0,0.02593,0.03699,0,6.4,0.578,0.0363,0
15173,12500.0,0.01922,0.01574,0,3.7,0.35,0.079,0
15174,14490.0,0.01368,0.02583,0,6.9,0.474,0.0702,0
15175,38330.0,0.01276,0.01085,19,5.7,0.465,0.0742,0
15176,16440.0,0.02176,0.0714,0,5.5,0.487,0.0491,0
15177,25320.0,0.00857,0.02263,0,6.7,0.247,0.0512,0
15178,14940.0,0.0685,0.18061,329,6.7,0.256,0.0441,0
15179,5170.0,0.01111,0.00894,0,5.0,0.511,0.0482,0
15180,5150.0,0.04315,0.10031,0,6.2,0.495,0.0441,0
15181,8910.0,0.02008,0.04159,0,4.6,0.496,0.0461,0
15182,14760.0,0.00993,0.01652,0,0.6,0.369,0.0726,0
15183,2720.0,0.03557,0.06432,0,0.5,0.413,0.0588,0
15184,6340.0,0.02407,0.02648,0,5.4,0.544,0.0484,0
15185,5150.0,0.03392,0.03817,0,5.8,0.45,0.0314,0
15186,10020.0,0.00625,0.00466,0,1.4,0.232,0.0727,0
15187,12060.0,0.02407,0.04513,0,4.7,0.246,0.0461,0
15188,41640.0,0.0281,0.02158,0,2.2,0.494,0.0734,0
15189,10470.0,0.00941,0.00766,0,4.1,0.554,0.0542,0
15190,12190.0,0.00905,0.01166,0,2.0,0.319,0.0411,0
15191,17760.0,0.04689,0.08418,0,6.4,0.365,0.0352,0
15192,27240.0,0.02504,0.03393,0,6.9,0.442,0.0548,0
15193,2480.0,0.02672,0.04358,0,2.3,0.521,0.073,0
15194,9130.0,0.02104,0.02585,0,6.0,0.443,0.0402,0
15195,15330.0,0.00318,0.00771,0,4.9,0.43,0.0746,0
15196,10410.0,0.03144,0.01533,0,0.5,0.45,0.0494,0
15197,29110.0,0.01765,0.02473,0,1.1,0.249,0.0419,0
15198,13620.0,0.01681,0.02588,0,4.2,0.228,0.0658,0
15199,6070.0,0.05578,0.21968,0,3.4,0.304,0.0625,1
15200,9930.0,0.00772,0.01484,0,2.3,0.491,0.0344,0
15201,15170.0,0.01375,0.00468,0,3.6,0.266,0.053,1
15202,2750.0,0.04022,0.05644,0,2.4,0.276,0.0491,0
15203,13270.0,0.00662,0.00604,0,3.7,0.283,0.0722,0
15204,28400.0,0.01428,0.01452,0,4.7,0.531,0.0314,0
15205,3910.0,0.02827,0.06339,0,5.6,0.557,0.0321,0
15206,6330.0,0.0245,0.00979,0,3.5,0.341,0.06,0
15207,6580.0,0.09024,0.14139,0,3.6,0.387,0.0705,0
15208,3330.0,0.01998,0.00945,0,2.2,0.348,0.0641,0
15209,6290.0,0.01983,0.04425,0,1.6,0.294,0.0326,0
15210,12040.0,0.04353,0.03967,0,7.0,0.348,0.0789,0
15211,8590.0,0.00859,0.00602,0,1.9,0.318,0.0461,0
15212,9770.0,0.01271,0.01406,0,0.7,0.343,0.0515,0
15213,16670.0,0.04017,0.06872,0,5.1,0.326,0.0779,0
15214,8000.0,0.06587,0.11837,0,1.7,0.331,0.0722,0
15215,6290.0,0.02598,0.02989,0,4.4,0.368,0.0793,0
15216,9210.0,0.01247,0.00982,0,0.8,0.286,0.0681,0
15217,22890.0,0.00749,0.00403,0,3.1,0.59,0.0599,1
15218,2390.0,0.00474,0.00464,0,0.6,0.303,0.069,0
15219,2690.0,0.01964,0.02996,0,4.6,0.472,0.0331,0
15220,9080.0,0.04902,0.03952,0,6.2,0.525,0.0492,0
15221,4710.0,0.02438,0.02223,0,5.7,0.508,0.0688,0
15222,16740.0,0.01502,0.00823,0,2.2,0.448,0.0645,0
15223,6040.0,0.07946,0.11033,0,3.8,0.214,0.054,0
15224,22180.0,0.02013,0.01913,0,5.8,0.514,0.0308,0
15225,29770.0,0.01563,0.00786,0,1.1,0.504,0.0418,0
15226,21090.0,0.03667,0.13167,0,4.3,0.373,0.0767,0
15227,19770.0,0.0262,0.02663,0,2.0,0.362,0.066,0
15228,38660.0,0.0913,0.07608,0,0.8,0.545,0.049,0
15229,4270.0,0.03265,0.04976,0,1.7,0.535,0.0381,0
15230,8710.0,0.0061,0.002,0,0.5,0.239,0.0639,0
15231,22170.0,0.00479,0.002,0,6.2,0.595,0.0526,0
15232,5630.0,0.01505,0.01586,0,3.0,0.471,0.0667,0
15233,22170.0,0.01734,0.01689,2,1.8,0.318,0.0599,0
15234,40670.0,0.01555,0.01108,0,1.9,0.242,0.0483,0
15235,12630.0,0.16733,0.08176,0,4.5,0.452,0.0691,0
15236,2920.0,0.03373,0.07645,0,5.1,0.369,0.041,0
15237,16100.0,0.01521,0.0291,0,2.0,0.331,0.0483,0
15238,7930.0,0.02984,0.04028,0,2.9,0.299,0.0422,0
15239,9270.0,0.00953,0.01347,4,4.5,0.484,0.063,0
15240,11420.0,0.00503,0.01338,0,2.8,0.525,0.0658,0
15241,23730.0,0.06722,0.03264,0,6.2,0.466,0.0539,0
15242,9480.0,0.01483,0.01992,0,6.2,0.544,0.0737,0
15243,9880.0,0.05397,0.03043,0,6.2,0.467,0.0636,0
15244,6520.0,0.00787,0.00764,0,6.1,0.421,0.0583,0
15245,7060.0,0.02221,0.02976,0,4.5,0.511,0.047,0
15246,6700.0,0.00841,0.0044,0,6.1,0.364,0.0318,0
15247,6230.0,0.03853,0.11045,0,4.9,0.425,0.0645,0
15248,2820.0,0.00949,0.01788,0,1.9,0.575,0.0332,0
15249,5730.0,0.01002,0.01923,0,5.9,0.377,0.0543,0
15250,5020.0,0.009,0.01485,0,3.6,0.539,0.0579,0
15251,73490.0,0.01203,0.02757,0,3.9,0.342,0.0783,0
15252,27670.0,0.01901,0.02905,0,4.3,0.299,0.0543,0
15253,8690.0,0.01565,0.02349,0,6.3,0.38,0.06,0
15254,13360.0,0.01976,0.00887,0,1.9,0.276,0.0428,0
15255,23340.0,0.00728,0.00984,14,2.6,0.272,0.079,0
15256,5030.0,0.03985,0.04802,6,1.2,0.393,0.0432,0
15257,3570.0,0.01937,0.03061,0,1.5,0.268,0.0524,0
15258,15270.0,0.00863,0.00986,0,5.9,0.599,0.0705,0
15259,5070.0,0.00906,0.04856,0,4.1,0.456,0.0583,0
15260,9060.0,0.03366,0.06195,0,3.6,0.329,0.0726,0
15261,1980.0,0.02848,0.04344,0,4.4,0.505,0.0603,0
15262,23800.0,0.04342,0.04154,0,5.8,0.413,0.0443,0
15263,12720.0,0.00741,0.00984,0,1.2,0.571,0.045,0
15264,6400.0,0.008,0.01338,0,2.5,0.585,0.0745,0
15265,17210.0,0.01545,0.03452,0,6.9,0.532,0.0308,0
15266,5490.0,0.01468,0.01666,0,6.5,0.27,0.0557,0
15267,39500.0,0.0575,0.13525,0,4.0,0.42,0.053,0
15268,40340.0,0.04795,0.17551,0,6.1,0.258,0.0531,0
15269,7630.0,0.00581,0.00643,0,5.2,0.594,0.0794,0
15270,65020.0,0.00685,0.00355,0,6.0,0.257,0.0391,0
15271,23080.0,0.01231,0.04799,0,5.8,0.206,0.0745,0
15272,12960.0,0.0142,0.0109,0,2.9,0.422,0.0531,0
15273,9200.0,0.08613,0.07887,0,2.9,0.335,0.0789,0
15274,19230.0,0.01666,0.01635,0,4.5,0.529,0.0306,0
15275,7960.0,0.02923,0.025,0,3.0,0.414,0.0628,0
15276,90870.0,0.03313,0.0437,0,4.4,0.464,0.0601,1
15277,20980.0,0.04106,0.12602,0,1.5,0.311,0.0671,0
15278,3570.0,0.02345,0.0238,0,6.4,0.295,0.0638,0
15279,2590.0,0.01219,0.00625,0,6.8,0.318,0.0343,0
15280,18110.0,0.08097,0.08412,0,2.5,0.353,0.0423,0
15281,4080.0,0.025,0.01584,0,6.0,0.22,0.0572,0
15282,1010.0,0.00687,0.02018,0,3.0,0.278,0.0593,0
15283,6760.0,0.00371,0.00612,0,0.8,0.455,0.0741,0
15284,11670.0,0.01779,0.01557,0,2.2,0.502,0.0516,0
15285,45900.0,0.06447,0.06012,0,1.9,0.44,0.0378,0
15286,18690.0,0.01667,0.03988,0,4.6,0.273,0.0689,0
15287,3670.0,0.02723,0.08273,0,6.8,0.24,0.0473,0
15288,24510.0,0.01139,0.00906,0,5.9,0.289,0.0642,0
15289,16190.0,0.04207,0.04374,0,5.9,0.477,0.0505,0
15290,10080.0,0.01597,0.0172,0,1.5,0.424,0.031,0
15291,15370.0,0.01515,0.01354,0,2.1,0.224,0.0404,0
15292,25920.0,0.01927,0.04093,0,6.2,0.332,0.0547,0
15293,20920.0,0.00564,0.00458,0,1.3,0.248,0.0572,0
15294,4450.0,0.03191,0.09071,34,2.9,0.442,0.056,0
15295,2940.0,0.01556,0.03729,0,2.5,0.29,0.0561,0
15296,5700.0,0.02363,0.0644,7,3.2,0.391,0.0717,0
15297,7520.0,0.02238,0.00926,0,2.0,0.278,0.0713,0
15298,7750.0,0.02705,0.03835,0,6.6,0.274,0.0541,0
15299,9030.0,0.01467,0.01862,0,2.4,0.538,0.0365,0
15300,1730.0,0.02742,0.06022,0,1.8,0.457,0.0616,0
15301,14020.0,0.00981,0.00702,0,2.2,0.432,0.0627,0
15302,2970.0,0.01718,0.046,0,3.6,0.41,0.0472,0
15303,16400.0,0.01188,0.01619,0,6.7,0.531,0.0603,0
15304,10210.0,0.02255,0.02646,0,2.4,0.459,0.076,0
15305,6370.0,0.02489,0.03037,0,3.0,0.468,0.0342,0
15306,25000.0,0.02794,0.01042,0,6.6,0.271,0.0364,0
15307,10450.0,0.01315,0.01325,0,3.6,0.397,0.0678,0
15308,6440.0,0.01268,0.01357,0,6.6,0.289,0.0341,0
15309,12390.0,0.00626,0.00455,0,1.3,0.365,0.0668,0
15310,27590.0,0.15425,0.06549,87,2.4,0.56,0.0597,0
15311,5930.0,0.02483,0.04895,0,2.4,0.264,0.0436,0
15312,12450.0,0.00961,0.01104,0,3.9,0.398,0.0639,0
15313,12670.0,0.01813,0.0234,0,2.6,0.286,0.0786,0
15314,32000.0,0.11236,0.12479,0,4.0,0.503,0.0737,0
15315,10480.0,0.01281,0.03298,0,3.7,0.405,0.0608,0
15316,8600.0,0.01266,0.0162,86,3.4,0.259,0.0617,0
15317,25620.0,0.01693,0.00944,0,1.7,0.406,0.0549,0
15318,19480.0,0.046,0.044,0,5.8,0.222,0.0699,0
15319,8490.0,0.01086,0.02271,0,3.2,0.368,0.0453,0
15320,2710.0,0.04433,0.06503,0,2.2,0.516,0.0578,0
15321,52090.0,0.08842,0.04123,0,4.0,0.44,0.0471,0
15322,32710.0,0.02749,0.04222,177,5.0,0.446,0.063,0
15323,3600.0,0.02018,0.01948,0,2.8,0.493,0.0565,0
15324,5730.0,0.01561,0.01117,0,2.5,0.419,0.0685,0
15325,3860.0,0.03679,0.03385,0,5.1,0.29,0.0371,0
15326,12920.0,0.00696,0.01269,0,5.1,0.553,0.0738,0
15327,11650.0,0.02755,0.01685,0,5.7,0.555,0.0582,1
15328,6640.0,0.08026,0.06683,0,6.1,0.472,0.0316,0
15329,4520.0,0.00894,0.01397,0,2.3,0.359,0.0571,0
15330,11820.0,0.02017,0.02904,0,5.0,0.533,0.035,0
15331,8550.0,0.08576,0.14299,0,5.2,0.444,0.0523,0
15332,12530.0,0.0152,0.01515,0,3.2,0.383,0.0638,0
15333,9420.0,0.00719,0.00776,0,2.9,0.334,0.0473,0
15334,5890.0,0.03533,0.03776,62,4.2,0.591,0.0712,0
15335,3140.0,0.0311,0.01614,0,2.5,0.288,0.0362,0
15336,5220.0,0.06428,0.05667,0,5.3,0.503,0.0394,0
15337,16580.0,0.02953,0.04097,0,2.4,0.232,0.0381,0
15338,37350.0,0.01085,0.01529,0,1.6,0.353,0.0559,0
15339,12260.0,0.01429,0.01569,0,6.7,0.497,0.056,0
15340,11250.0,0.02581,0.02703,0,5.3,0.225,0.0665,0
15341,1540.0,0.01801,0.02385,0,1.2,0.571,0.0629,0
15342,16000.0,0.00921,0.00678,0,2.6,0.579,0.053,0
15343,19510.0,0.08617,0.08649,0,4.6,0.234,0.0424,0
15344,38220.0,0.01169,0.01201,22,5.8,0.326,0.0554,0
15345,18300.0,0.01433,0.02244,27,2.9,0.529,0.0489,0
15346,14940.0,0.00602,0.00843,0,6.1,0.347,0.0744,0
15347,2580.0,0.01104,0.0112,0,1.9,0.474,0.0609,0
15348,12120.0,0.05014,0.05126,76,1.9,0.308,0.0774,0
15349,3790.0,0.02059,0.0229,0,1.2,0.465,0.0462,0
15350,5290.0,0.01073,0.01121,0,2.5,0.553,0.0738,0
15351,4610.0,0.04255,0.02613,0,6.9,0.383,0.0501,0
15352,15190.0,0.03033,0.08078,0,2.6,0.356,0.0514,0
15353,10750.0,0.01148,0.02486,0,2.2,0.56,0.0546,0
15354,24690.0,0.04143,0.05095,0,6.4,0.311,0.0738,0
15355,27630.0,0.03301,0.06475,0,3.7,0.487,0.0747,0
15356,7980.0,0.04847,0.04477,0,4.6,0.534,0.072,0
15357,29510.0,0.02181,0.03611,0,1.8,0.552,0.08,0
15358,11130.0,0.01798,0.03852,0,6.1,0.412,0.0328,0
15359,8330.0,0.02296,0.04329,0,2.1,0.42,0.0516,0
15360,6430.0,0.02483,0.02487,0,5.6,0.592,0.035,0
15361,20560.0,0.03377,0.08846,0,0.8,0.237,0.048,0
15362,15750.0,0.03155,0.07472,0,4.0,0.443,0.0471,0
15363,3240.0,0.002,0.002,0,3.8,0.342,0.0779,0
15364,4710.0,0.00795,0.00632,0,3.9,0.552,0.042,0
15365,2880.0,0.01591,0.01109,0,2.5,0.272,0.0797,0
15366,6830.0,0.02571,0.02528,0,3.8,0.268,0.0538,0
15367,3610.0,0.0171,0.01602,0,2.1,0.37,0.075,0
15368,8450.0,0.04622,0.03479,15,2.9,0.208,0.0453,0
15369,5120.0,0.01593,0.02125,0,5.8,0.453,0.0314,0
15370,34930.0,0.0301,0.04895,0,1.0,0.506,0.0401,0
15371,30880.0,0.06579,0.15117,0,5.4,0.552,0.0413,0
15372,9170.0,0.02263,0.01865,0,1.4,0.326,0.0561,0
15373,18900.0,0.06306,0.07168,0,4.6,0.222,0.0759,0
15374,31990.0,0.02289,0.01253,0,4.3,0.444,0.0556,0
15375,17290.0,0.01609,0.01524,0,2.4,0.455,0.0577,0
15376,13430.0,0.03918,0.01982,0,5.9,0.486,0.0667,0
15377,23600.0,0.00712,0.01472,21,5.5,0.504,0.0447,0
15378,20150.0,0.02355,0.00764,0,3.8,0.291,0.0793,0
15379,21960.0,0.01049,0.02461,0,1.4,0.408,0.0416,0
15380,5740.0,0.00945,0.00921,0,4.9,0.393,0.0498,0
15381,9190.0,0.10036,0.09656,0,3.5,0.218,0.0788,0
15382,2730.0,0.0109,0.00784,0,1.2,0.382,0.0579,0
15383,88740.0,0.01042,0.01166,104,5.6,0.226,0.0574,0
15384,5810.0,0.0402,0.11127,0,6.1,0.246,0.0722,0
15385,17210.0,0.03298,0.0162,0,0.5,0.38,0.0555,0
15386,18850.0,0.03154,0.04801,0,3.6,0.254,0.0732,0
15387,10440.0,0.03077,0.02371,0,0.8,0.583,0.0756,0
15388,6540.0,0.01689,0.01237,0,5.8,0.346,0.0302,0
15389,10420.0,0.04614,0.05343,0,4.2,0.33,0.0681,0
15390,2990.0,0.01474,0.01613,0,6.5,0.542,0.0642,0
15391,19030.0,0.02499,0.0331,0,6.4,0.25,0.0532,0
15392,39390.0,0.0086,0.01455,0,2.4,0.31,0.0582,0
15393,12250.0,0.01359,0.02918,0,1.8,0.269,0.0492,0
15394,11490.0,0.01347,0.01827,0,3.3,0.237,0.0319,0
15395,24950.0,0.00896,0.0127,0,4.0,0.27,0.0765,0
15396,8300.0,0.02879,0.01916,0,3.6,0.288,0.0696,0
15397,5320.0,0.01502,0.01999,0,4.3,0.376,0.0324,0
15398,65390.0,0.00913,0.01603,0,2.5,0.343,0.0543,0
15399,13820.0,0.01416,0.04146,0,1.3,0.521,0.0607,0
15400,3710.0,0.01643,0.0345,0,5.7,0.335,0.0481,0
15401,30120.0,0.02364,0.01281,0,5.5,0.366,0.0421,0
15402,21270.0,0.02098,0.01331,0,1.1,0.263,0.079,0
15403,4780.0,0.01153,0.01131,0,3.4,0.211,0.0666,0
15404,12370.0,0.00361,0.00596,0,3.5,0.29,0.0585,0
15405,11650.0,0.03491,0.00796,0,3.0,0.398,0.0677,0
15406,7080.0,0.02297,0.0138,0,5.7,0.278,0.037,0
15407,5070.0,0.02021,0.07537,0,1.8,0.249,0.0487,0
15408,2660.0,0.0133,0.02892,0,2.7,0.585,0.0488,0
15409,7870.0,0.01164,0.00522,0,2.2,0.465,0.0372,0
15410,21400.0,0.00213,0.00364,0,1.2,0.508,0.0679,0
15411,16360.0,0.0255,0.0258,0,3.2,0.387,0.0424,0
15412,25970.0,0.02072,0.01962,0,6.4,0.249,0.0794,0
15413,23160.0,0.03073,0.06583,0,2.7,0.325,0.0774,0
15414,10140.0,0.03605,0.05409,0,1.8,0.6,0.0321,0
15415,17110.0,0.02448,0.02492,0,5.5,0.204,0.061,0
15416,9350.0,0.03575,0.07644,42,3.9,0.562,0.0431,0
15417,1000.0,0.008,0.00714,0,1.8,0.389,0.0388,0
15418,5130.0,0.01164,0.02587,0,0.6,0.579,0.0686,0
15419,9490.0,0.02215,0.05482,0,2.8,0.207,0.0337,0
15420,19880.0,0.00489,0.01111,43,4.8,0.473,0.0388,0
15421,10980.0,0.0298,0.03806,0,6.0,0.257,0.035,0
15422,2570.0,0.02694,0.01841,0,6.1,0.521,0.0378,0
15423,7150.0,0.03204,0.07031,0,3.0,0.414,0.0595,0
15424,30710.0,0.01879,0.04872,0,5.4,0.423,0.0372,0
15425,11710.0,0.01406,0.01842,0,3.1,0.353,0.0316,0
15426,26100.0,0.03259,0.05398,0,4.8,0.57,0.055,1
15427,5970.0,0.00602,0.00289,0,5.7,0.368,0.0694,0
15428,8980.0,0.02327,0.03318,0,6.7,0.409,0.0719,0
15429,10320.0,0.01084,0.00444,0,5.6,0.306,0.059,0
15430,13630.0,0.0093,0.0126,0,1.2,0.445,0.0566,0
15431,29630.0,0.04971,0.03241,0,4.3,0.394,0.0443,0
15432,6500.0,0.03532,0.03448,0,3.9,0.511,0.0636,0
15433,6180.0,0.05668,0.03788,0,5.6,0.357,0.0676,0
15434,5810.0,0.01917,0.03849,60,4.7,0.595,0.078,0
15435,11960.0,0.021,0.03009,0,0.6,0.5,0.051,0
15436,8390.0,0.01567,0.02463,0,3.1,0.457,0.0348,0
15437,11170.0,0.02501,0.03938,0,0.8,0.486,0.0751,0
15438,7250.0,0.03679,0.06985,0,3.2,0.575,0.0557,0
15439,6690.0,0.01821,0.01032,0,6.4,0.404,0.0527,0
15440,27840.0,0.01714,0.02117,0,6.1,0.383,0.0632,1
15441,22180.0,0.00766,0.00858,0,2.4,0.369,0.0654,0
15442,28150.0,0.0128,0.00648,0,0.9,0.528,0.0583,0
15443,12670.0,0.03341,0.03539,0,1.4,0.246,0.0658,0
15444,34200.0,0.03319,0.03404,0,2.6,0.548,0.0782,0
15445,32970.0,0.03703,0.04657,0,4.0,0.575,0.0796,0
15446,4460.0,0.0223,0.01348,0,1.6,0.21,0.0326,0
15447,17780.0,0.00922,0.01449,0,4.0,0.585,0.0543,0
15448,7600.0,0.0195,0.04082,0,5.3,0.505,0.0708,0
15449,22280.0,0.01536,0.01984,0,0.6,0.424,0.0581,1
15450,23620.0,0.01849,0.01353,0,6.0,0.307,0.0586,0
15451,17290.0,0.01926,0.01398,0,2.0,0.248,0.0752,0
15452,6220.0,0.02312,0.06288,0,1.4,0.323,0.0622,1
15453,12620.0,0.00794,0.01425,0,2.4,0.408,0.0585,0
15454,12090.0,0.01483,0.00722,0,4.1,0.221,0.0599,0
15455,4320.0,0.05498,0.0442,0,4.5,0.22,0.0718,0
15456,54940.0,0.01464,0.01369,0,3.0,0.536,0.0795,1
15457,8910.0,0.02902,0.02621,0,4.9,0.268,0.0617,0
15458,11190.0,0.01068,0.00995,0,3.8,0.283,0.0472,0
15459,14700.0,0.02775,0.04233,0,2.7,0.456,0.0536,0
15460,7330.0,0.04665,0.04156,0,4.0,0.4,0.0491,0
15461,11400.0,0.02678,0.06562,0,5.6,0.498,0.0379,0
15462,13740.0,0.01042,0.01232,0,4.6,0.368,0.0391,0
15463,30010.0,0.01165,0.00799,274,1.4,0.339,0.0449,0
15464,8030.0,0.02717,0.03971,0,6.5,0.243,0.0394,0
15465,17350.0,0.02367,0.02672,0,3.0,0.301,0.034,1
15466,11120.0,0.00931,0.01999,0,2.4,0.368,0.0586,0
15467,11770.0,0.01587,0.02652,0,1.2,0.226,0.0375,0
15468,3680.0,0.00678,0.01567,0,1.9,0.255,0.0663,0
15469,25200.0,0.0277,0.01459,0,1.2,0.462,0.0405,0
15470,4650.0,0.04775,0.02203,0,0.7,0.218,0.0794,0
15471,11390.0,0.03454,0.03239,0,6.9,0.301,0.0464,0
15472,29300.0,0.01466,0.01255,22,3.4,0.29,0.0323,0
15473,6890.0,0.01684,0.01686,0,5.0,0.513,0.0304,0
15474,13500.0,0.02062,0.02822,0,1.3,0.581,0.0569,0
15475,30250.0,0.01087,0.01822,0,6.7,0.422,0.0798,0
15476,17020.0,0.0287,0.02847,0,4.3,0.574,0.0748,0
15477,39760.0,0.01481,0.01578,0,4.4,0.438,0.0332,0
15478,9400.0,0.06988,0.23328,0,5.8,0.472,0.0623,0
15479,9720.0,0.02154,0.02366,0,0.6,0.508,0.0383,0
15480,17800.0,0.0107,0.02597,0,5.6,0.419,0.0331,0
15481,14930.0,0.03814,0.07697,0,3.1,0.541,0.0552,0
15482,7040.0,0.05162,0.06923,47,1.8,0.411,0.053,0
15483,5840.0,0.01141,0.02177,0,3.9,0.339,0.0508,0
15484,14920.0,0.03056,0.17771,0,0.9,0.525,0.0676,0
15485,10860.0,0.03237,0.04542,0,4.7,0.245,0.0526,0
15486,76200.0,0.04969,0.04484,72,4.5,0.562,0.0305,0
15487,6590.0,0.05687,0.06717,0,3.3,0.505,0.0759,0
15488,9670.0,0.00655,0.0077,0,2.4,0.508,0.0529,0
15489,8790.0,0.01035,0.01502,0,2.0,0.297,0.0712,0
15490,6360.0,0.09774,0.20518,0,6.1,0.261,0.0542,0
15491,31780.0,0.01698,0.01192,9,5.5,0.337,0.0425,0
15492,18770.0,0.01518,0.08786,0,5.3,0.341,0.0788,0
15493,7500.0,0.02586,0.06428,0,4.7,0.359,0.0587,0
15494,9120.0,0.04765,0.09563,0,6.9,0.486,0.0703,0
15495,2760.0,0.04364,0.01043,0,1.2,0.249,0.0454,0
15496,10480.0,0.05001,0.02289,0,1.0,0.568,0.0584,0
15497,11760.0,0.01054,0.01054,0,4.5,0.589,0.0622,0
15498,10900.0,0.02143,0.04254,0,5.7,0.571,0.0651,0
15499,7190.0,0.05875,0.07385,0,3.5,0.254,0.0444,0
15500,8860.0,0.02985,0.07045,0,6.0,0.221,0.032,0
15501,60000.0,0.01409,0.02151,0,5.2,0.317,0.0628,0
15502,6430.0,0.01476,0.01126,0,1.1,0.2,0.0522,0
15503,9350.0,0.02449,0.0254,0,6.9,0.479,0.0492,0
15504,24870.0,0.00918,0.00922,0,1.9,0.489,0.0659,0
15505,12800.0,0.05125,0.05475,0,6.7,0.444,0.0695,0
15506,3220.0,0.06915,0.31401,373,6.1,0.587,0.047,0
15507,7000.0,0.02895,0.08352,0,5.0,0.334,0.0552,0
15508,3590.0,0.01565,0.02032,0,2.7,0.279,0.0537,0
15509,10440.0,0.03792,0.10077,0,6.8,0.437,0.0564,0
15510,16960.0,0.01097,0.00985,0,4.9,0.22,0.0776,0
15511,6420.0,0.02572,0.03749,0,6.9,0.418,0.0393,0
15512,4560.0,0.01578,0.01234,0,2.4,0.414,0.0352,0
15513,22300.0,0.04339,0.02645,0,0.5,0.264,0.0371,0
15514,24710.0,0.10926,0.24051,0,1.7,0.499,0.0346,0
15515,9770.0,0.04604,0.04058,0,4.0,0.457,0.0424,0
15516,5280.0,0.01026,0.00661,61,1.0,0.324,0.0548,0
15517,5810.0,0.01669,0.02295,41,1.7,0.459,0.071,0
15518,39360.0,0.02979,0.05093,0,3.8,0.328,0.0628,0
15519,4970.0,0.0114,0.01356,0,0.5,0.213,0.0311,0
15520,24050.0,0.01479,0.01574,0,0.5,0.272,0.05,0
15521,22470.0,0.0242,0.03115,0,4.0,0.35,0.03,0
15522,23220.0,0.01814,0.02749,0,3.1,0.587,0.0608,0
15523,8710.0,0.0135,0.01317,0,3.3,0.44,0.0558,0
15524,9160.0,0.01663,0.02977,0,3.6,0.562,0.0604,0
15525,35480.0,0.00343,0.01579,0,5.2,0.586,0.0441,0
15526,10940.0,0.01007,0.01952,0,3.3,0.24,0.0393,1
15527,5720.0,0.03643,0.02874,0,2.9,0.512,0.0625,0
15528,12930.0,0.02107,0.02158,0,0.8,0.5,0.063,0
15529,8290.0,0.0142,0.01483,0,5.8,0.526,0.0511,0
15530,38190.0,0.0128,0.0289,42,6.9,0.549,0.0697,0
15531,5970.0,0.01354,0.0141,0,4.8,0.338,0.0665,0
15532,15870.0,0.00898,0.00684,0,1.5,0.404,0.032,0
15533,2880.0,0.01082,0.02496,2,6.4,0.359,0.0405,0
15534,6900.0,0.02495,0.06155,0,2.1,0.563,0.0558,0
15535,8330.0,0.03727,0.02384,0,2.6,0.378,0.0742,0
15536,16130.0,0.01303,0.01598,0,3.9,0.553,0.0471,0
15537,21270.0,0.01026,0.00957,0,6.7,0.53,0.0515,0
15538,2490.0,0.07303,0.07903,0,6.5,0.416,0.0642,0
15539,3860.0,0.02987,0.0305,0,4.0,0.548,0.0426,0
15540,7080.0,0.01779,0.01208,0,4.3,0.207,0.0434,0
15541,15590.0,0.02481,0.02567,0,5.9,0.557,0.0367,0
15542,13290.0,0.00697,0.00486,0,2.2,0.439,0.0358,0
15543,22410.0,0.01157,0.02345,0,5.4,0.301,0.0331,0
15544,14870.0,0.01899,0.03315,0,3.1,0.485,0.0523,0
15545,5970.0,0.01022,0.00982,0,3.2,0.585,0.0468,0
15546,10170.0,0.02707,0.06725,0,4.8,0.481,0.0557,0
15547,31690.0,0.01216,0.01452,0,1.6,0.5,0.0515,0
15548,4140.0,0.00933,0.00514,0,4.7,0.362,0.0371,0
15549,6040.0,0.03093,0.04618,0,3.3,0.536,0.0428,0
15550,7800.0,0.01585,0.0157,0,4.6,0.252,0.0671,0
15551,19240.0,0.0095,0.01155,3,2.2,0.353,0.0451,0
15552,6950.0,0.0394,0.04255,0,5.8,0.555,0.0444,0
15553,8130.0,0.02178,0.02255,0,0.7,0.534,0.0457,0
15554,16600.0,0.0126,0.04749,0,1.2,0.48,0.0407,0
15555,6270.0,0.02856,0.01775,0,3.3,0.314,0.0352,0
15556,15940.0,0.04109,0.05667,6,5.9,0.262,0.0683,0
15557,17000.0,0.02868,0.0336,0,1.2,0.285,0.033,0
15558,41290.0,0.04673,0.13422,0,2.6,0.424,0.0512,0
15559,14560.0,0.01548,0.01318,0,6.4,0.592,0.0664,0
15560,2580.0,0.01264,0.01146,0,2.5,0.296,0.0427,0
15561,4220.0,0.00761,0.00589,0,6.4,0.453,0.0733,0
15562,68570.0,0.03418,0.036,373,4.3,0.476,0.0779,0
15563,28980.0,0.02455,0.02628,0,3.1,0.567,0.0753,0
15564,8770.0,0.00493,0.00306,0,3.7,0.479,0.0595,0
15565,6280.0,0.04601,0.11421,47,0.7,0.207,0.0636,0
15566,6090.0,0.02846,0.02493,0,1.2,0.48,0.055,0
15567,23960.0,0.00723,0.00313,0,5.6,0.442,0.0626,0
15568,6300.0,0.01589,0.0081,0,2.5,0.285,0.0367,0
15569,3130.0,0.01679,0.03241,0,4.9,0.57,0.0679,0
15570,14280.0,0.0312,0.01744,0,5.2,0.396,0.0386,0
15571,42030.0,0.00912,0.00347,0,6.6,0.336,0.0657,0
15572,40450.0,0.01554,0.01017,0,0.5,0.262,0.0527,0
15573,6880.0,0.02458,0.02799,0,5.9,0.55,0.0522,0
15574,18850.0,0.02694,0.02103,0,6.2,0.257,0.0635,0
15575,7440.0,0.05033,0.01137,0,6.3,0.202,0.0522,0
15576,1830.0,0.01096,0.01268,0,2.1,0.444,0.0646,0
15577,5760.0,0.02862,0.04662,0,0.8,0.471,0.0687,0
15578,52220.0,0.045,0.10254,0,4.4,0.519,0.0638,0
15579,5860.0,0.01838,0.03437,0,6.0,0.409,0.0416,0
15580,10370.0,0.00694,0.0096,0,5.9,0.332,0.076,0
15581,8100.0,0.01658,0.01234,0,5.8,0.496,0.0541,0
15582,4000.0,0.01168,0.00618,0,1.4,0.327,0.037,0
15583,89800.0,0.01683,0.017,0,3.5,0.584,0.0334,0
15584,19880.0,0.02483,0.03591,0,4.0,0.4,0.0744,0
15585,9240.0,0.03905,0.06755,0,5.6,0.581,0.077,0
15586,23790.0,0.02413,0.02965,0,3.5,0.385,0.061,0
15587,17640.0,0.11152,0.11756,0,5.8,0.387,0.0653,0
15588,70240.0,0.08548,0.098,0,1.6,0.312,0.0426,0
15589,14540.0,0.02511,0.03039,0,2.0,0.392,0.0523,0
15590,9110.0,0.01933,0.00786,55,1.3,0.231,0.0724,0
15591,2380.0,0.03399,0.01748,126,0.7,0.228,0.0458,0
15592,2840.0,0.02004,0.03332,0,1.6,0.248,0.0651,0
15593,5850.0,0.01852,0.01136,0,1.4,0.215,0.0544,0
15594,22150.0,0.02782,0.07261,0,4.5,0.568,0.0565,0
15595,21540.0,0.01372,0.01063,0,4.6,0.311,0.0481,0
15596,9200.0,0.01371,0.0068,0,6.9,0.232,0.0491,1
15597,25240.0,0.03158,0.01211,0,7.0,0.256,0.0363,0
15598,13750.0,0.03945,0.05445,0,5.3,0.3,0.0774,0
15599,17960.0,0.00807,0.00662,0,1.9,0.289,0.061,0
15600,7250.0,0.03358,0.02179,184,5.9,0.566,0.0349,1
15601,17050.0,0.03936,0.03879,28,1.0,0.554,0.0766,0
15602,13370.0,0.04034,0.30516,0,6.6,0.592,0.0611,0
15603,3220.0,0.0138,0.04729,0,6.4,0.351,0.0336,0
15604,13120.0,0.01561,0.02169,0,0.7,0.552,0.0677,0
15605,12140.0,0.00766,0.01339,0,3.5,0.552,0.0791,0
15606,3100.0,0.01453,0.01306,0,1.8,0.309,0.0366,0
15607,5220.0,0.01761,0.01383,0,6.6,0.586,0.0568,0
15608,12500.0,0.01484,0.01644,0,0.6,0.562,0.0541,0
15609,2980.0,0.02993,0.03868,85,4.1,0.304,0.0534,0
15610,14850.0,0.01729,0.01043,0,6.7,0.596,0.049,0
15611,29340.0,0.02166,0.01008,0,3.3,0.424,0.0332,0
15612,53480.0,0.01767,0.02052,0,4.5,0.479,0.0716,0
15613,33040.0,0.0161,0.01174,0,4.7,0.387,0.0589,0
15614,12720.0,0.00942,0.01262,0,2.7,0.556,0.0734,0
15615,15830.0,0.01566,0.01174,0,3.3,0.301,0.0795,0
15616,10550.0,0.0109,0.01458,0,5.5,0.2,0.0783,0
15617,10510.0,0.10402,0.08247,0,3.8,0.383,0.0678,0
15618,3100.0,0.01756,0.01394,0,5.1,0.299,0.0308,0
15619,6850.0,0.02912,0.01907,45,5.7,0.29,0.0324,0
15620,8000.0,0.04748,0.10198,0,5.1,0.277,0.0336,0
15621,7810.0,0.02357,0.00504,0,6.6,0.438,0.0646,0
15622,7020.0,0.11831,0.14976,0,2.5,0.315,0.0479,0
15623,2170.0,0.01901,0.02245,121,3.8,0.547,0.0765,0
15624,13950.0,0.00806,0.01596,0,2.6,0.482,0.0673,0
15625,4240.0,0.01314,0.01694,0,2.3,0.432,0.0452,0
15626,30210.0,0.00977,0.01934,0,1.5,0.515,0.0656,0
15627,3150.0,0.01507,0.01426,0,4.2,0.364,0.073,0
15628,5830.0,0.02242,0.01701,0,6.1,0.299,0.0504,0
15629,14400.0,0.00921,0.01895,0,1.2,0.369,0.046,0
15630,14210.0,0.03257,0.02943,0,0.6,0.339,0.0683,0
15631,18300.0,0.00914,0.00502,0,1.2,0.238,0.066,0
15632,2210.0,0.01489,0.0319,0,0.9,0.317,0.0529,0
15633,20270.0,0.07511,0.07141,0,4.8,0.201,0.0544,0
15634,20620.0,0.01422,0.00667,0,2.1,0.293,0.0463,0
15635,1550.0,0.0159,0.01344,0,5.8,0.501,0.0337,1
15636,9300.0,0.00451,0.02128,0,4.5,0.517,0.0342,0
15637,10070.0,0.05326,0.08698,0,2.9,0.446,0.0392,0
15638,8130.0,0.02398,0.02255,0,6.5,0.37,0.0435,0
15639,9620.0,0.01679,0.02821,0,0.8,0.4,0.0729,0
15640,13990.0,0.0151,0.00489,0,1.9,0.516,0.0788,0
15641,21300.0,0.00923,0.01308,0,3.2,0.563,0.0351,0
15642,2410.0,0.00918,0.01609,0,5.1,0.496,0.0591,0
15643,11200.0,0.0468,0.08071,14,4.3,0.296,0.0397,0
15644,20780.0,0.05163,0.05525,0,1.1,0.425,0.0523,0
15645,2790.0,0.01297,0.02064,0,0.6,0.406,0.0363,0
15646,14330.0,0.01307,0.00577,0,1.4,0.337,0.075,0
15647,7690.0,0.01068,0.0262,0,0.7,0.315,0.0356,0
15648,9480.0,0.12913,0.10718,23,6.9,0.322,0.0353,0
15649,12630.0,0.00812,0.02537,0,5.1,0.501,0.0791,0
15650,7490.0,0.01327,0.01707,0,4.1,0.4,0.0375,0
15651,11910.0,0.01453,0.02344,0,6.1,0.343,0.0457,0
15652,4050.0,0.01108,0.02058,0,5.4,0.579,0.0627,0
15653,4400.0,0.02259,0.01191,0,1.6,0.283,0.0797,0
15654,3920.0,0.00692,0.00708,0,1.4,0.588,0.0653,0
15655,9890.0,0.01136,0.01272,0,3.3,0.426,0.0688,0
15656,43130.0,0.03998,0.03661,0,5.5,0.589,0.0453,0
15657,17190.0,0.02577,0.03131,0,6.8,0.274,0.0653,0
15658,9970.0,0.03754,0.06179,0,3.1,0.232,0.0435,0
15659,17750.0,0.03918,0.03654,240,1.1,0.358,0.0673,0
15660,30040.0,0.0123,0.01465,321,3.1,0.5,0.0415,0
15661,13120.0,0.03823,0.04753,0,4.5,0.367,0.0584,0
15662,5380.0,0.0167,0.03505,0,2.7,0.533,0.0495,0
15663,43630.0,0.00972,0.01283,0,3.2,0.235,0.0451,0
15664,16840.0,0.02464,0.02627,0,3.4,0.276,0.0656,0
15665,7950.0,0.006,0.00685,0,2.8,0.473,0.0399,0
15666,8730.0,0.05599,0.05616,0,3.9,0.508,0.0721,0
15667,3670.0,0.0056,0.01132,0,6.9,0.339,0.0342,0
15668,7150.0,0.02739,0.04633,75,4.0,0.452,0.0589,0
15669,14300.0,0.06141,0.05058,0,1.3,0.528,0.0342,0
15670,7410.0,0.01995,0.02701,0,6.4,0.401,0.0529,0
15671,6970.0,0.01032,0.03128,0,3.6,0.32,0.0755,0
15672,28940.0,0.0201,0.00799,0,4.8,0.451,0.0661,0
15673,7750.0,0.015,0.01001,0,5.4,0.421,0.0527,0
15674,43810.0,0.02724,0.03115,0,2.9,0.401,0.038,0
15675,13510.0,0.00804,0.00685,0,5.4,0.209,0.0737,0
15676,6880.0,0.02112,0.04452,0,1.4,0.433,0.0348,0
15677,3840.0,0.04781,0.02625,0,5.4,0.468,0.034,0
15678,3790.0,0.0203,0.01961,0,5.2,0.398,0.0547,0
15679,2330.0,0.02028,0.03618,0,0.6,0.308,0.0783,0
15680,13140.0,0.02274,0.03948,0,3.7,0.375,0.0644,0
15681,7430.0,0.0075,0.0067,0,4.5,0.527,0.0497,0
15682,12100.0,0.01451,0.01119,257,2.6,0.442,0.038,0
15683,22630.0,0.00265,0.00551,0,5.1,0.347,0.0607,0
15684,2580.0,0.01051,0.03621,0,1.3,0.347,0.0469,0
15685,18030.0,0.04145,0.03317,0,2.4,0.321,0.0463,0
15686,8000.0,0.01145,0.01515,0,3.7,0.221,0.0633,0
15687,13330.0,0.03543,0.01567,0,3.3,0.455,0.0759,0
15688,23310.0,0.10556,0.08209,0,3.3,0.295,0.0747,0
15689,2560.0,0.022,0.02324,0,3.1,0.292,0.074,0
15690,7290.0,0.00603,0.00443,0,0.8,0.582,0.0458,0
15691,17030.0,0.0182,0.02632,0,2.0,0.249,0.0374,0
15692,9960.0,0.02041,0.01028,0,1.4,0.598,0.053,0
15693,5900.0,0.01807,0.02074,37,4.4,0.518,0.0525,0
15694,9420.0,0.00594,0.00797,0,3.4,0.492,0.0516,0
15695,72180.0,0.03795,0.04439,0,6.8,0.286,0.069,0
15696,3150.0,0.03636,0.03219,14,3.2,0.464,0.0499,0
15697,11980.0,0.05865,0.08691,0,4.7,0.347,0.0703,0
15698,8790.0,0.017,0.01943,0,6.1,0.339,0.0609,0
15699,27590.0,0.058,0.09675,0,5.1,0.537,0.0408,0
15700,10740.0,0.02338,0.02604,0,6.7,0.224,0.0641,0
15701,9100.0,0.00842,0.00539,0,3.5,0.552,0.0499,0
15702,16890.0,0.02834,0.04771,0,6.5,0.338,0.072,0
15703,58190.0,0.00588,0.00918,0,6.3,0.339,0.0679,0
15704,19520.0,0.01803,0.02796,0,3.9,0.524,0.0786,0
15705,17850.0,0.00924,0.00912,27,6.3,0.538,0.0747,0
15706,7740.0,0.01664,0.09148,0,2.2,0.399,0.0516,0
15707,23100.0,0.02472,0.03293,0,1.7,0.245,0.0641,0
15708,3260.0,0.01088,0.01062,384,1.2,0.36,0.0773,0
15709,2450.0,0.01178,0.01007,0,2.2,0.254,0.0684,0
15710,9640.0,0.01198,0.01161,0,1.5,0.243,0.0503,0
15711,35250.0,0.0192,0.05174,0,3.0,0.523,0.0662,0
15712,5960.0,0.00906,0.01304,0,0.9,0.489,0.0691,0
15713,15440.0,0.0251,0.01513,0,1.4,0.393,0.0507,0
15714,40910.0,0.01592,0.02403,0,1.0,0.295,0.068,0
15715,12380.0,0.01644,0.04184,0,3.0,0.388,0.0337,0
15716,10890.0,0.02348,0.02249,0,2.6,0.433,0.0514,0
15717,8880.0,0.03573,0.02559,0,2.3,0.505,0.0464,0
15718,21050.0,0.00781,0.00541,0,3.3,0.538,0.0458,0
15719,8610.0,0.04925,0.12423,0,4.1,0.297,0.064,0
15720,4040.0,0.02142,0.03352,0,3.3,0.226,0.0767,0
15721,7230.0,0.01986,0.01021,0,2.9,0.439,0.0319,0
15722,4320.0,0.01048,0.00997,0,6.0,0.441,0.0774,0
15723,18660.0,0.03498,0.0109,0,2.7,0.521,0.0513,0
15724,5850.0,0.01389,0.01735,0,1.6,0.557,0.0441,0
15725,21880.0,0.00666,0.00772,0,4.3,0.556,0.066,0
15726,35040.0,0.04898,0.03055,0,5.2,0.272,0.0479,0
15727,6840.0,0.01554,0.01662,0,2.1,0.279,0.0619,0
15728,7170.0,0.02006,0.01572,0,2.9,0.464,0.0462,0
15729,5930.0,0.02414,0.01356,0,3.3,0.514,0.0723,0
15730,32180.0,0.01717,0.01398,0,4.1,0.382,0.065,0
15731,3050.0,0.02671,0.02802,53,3.5,0.298,0.0414,0
15732,6890.0,0.03513,0.1245,0,3.3,0.253,0.0646,0
15733,29220.0,0.00666,0.00492,0,2.4,0.426,0.0606,0
15734,4780.0,0.03959,0.04277,0,1.7,0.364,0.0687,0
15735,26170.0,0.07023,0.04036,0,6.6,0.284,0.0329,0
15736,5430.0,0.01348,0.01071,0,4.0,0.427,0.0422,0
15737,16380.0,0.0246,0.02488,0,5.4,0.276,0.0761,0
15738,2110.0,0.01108,0.00799,0,1.1,0.225,0.0445,0
15739,5870.0,0.01507,0.0238,0,1.5,0.281,0.0724,0
15740,32500.0,0.01599,0.00865,0,4.0,0.537,0.0573,0
15741,18020.0,0.03797,0.0808,0,2.1,0.417,0.0334,0
15742,19200.0,0.04564,0.08304,0,4.8,0.268,0.0788,0
15743,3020.0,0.13477,0.07727,0,4.7,0.553,0.0616,0
15744,7610.0,0.02313,0.04363,0,5.4,0.23,0.0646,0
15745,3520.0,0.02064,0.03444,0,4.2,0.572,0.0517,0
15746,7410.0,0.01271,0.00804,0,2.2,0.6,0.0384,0
15747,18900.0,0.00504,0.00457,0,1.5,0.257,0.071,0
15748,13680.0,0.00908,0.01128,0,6.5,0.599,0.0351,0
15749,13200.0,0.01056,0.02221,0,5.8,0.389,0.0773,0
15750,11750.0,0.00601,0.0129,0,4.3,0.45,0.0696,0
15751,4060.0,0.01009,0.03698,0,1.8,0.427,0.0512,0
15752,7410.0,0.01676,0.00467,0,3.7,0.299,0.0344,0
15753,6880.0,0.01733,0.0163,57,4.0,0.209,0.0662,0
15754,11760.0,0.03551,0.05885,0,5.2,0.228,0.0348,0
15755,13610.0,0.03096,0.03204,0,1.8,0.457,0.0589,0
15756,9850.0,0.05432,0.06336,0,3.2,0.525,0.0308,0
15757,15150.0,0.02092,0.00847,0,1.2,0.36,0.0772,0
15758,27610.0,0.01069,0.00745,0,6.2,0.479,0.0658,0
15759,6490.0,0.02926,0.02718,0,6.4,0.364,0.0422,0
15760,33400.0,0.02046,0.03377,0,5.0,0.318,0.0523,0
15761,12820.0,0.02163,0.02374,0,2.2,0.587,0.0694,0
15762,28120.0,0.00827,0.01675,0,4.4,0.308,0.057,0
15763,15030.0,0.00542,0.00204,0,4.1,0.421,0.0447,0
15764,13520.0,0.01452,0.04306,0,7.0,0.526,0.0468,0
15765,30290.0,0.00372,0.00837,0,1.1,0.36,0.0669,0
15766,11020.0,0.00433,0.00439,0,2.6,0.263,0.0397,0
15767,28240.0,0.00892,0.01448,0,1.0,0.226,0.0517,0
15768,9240.0,0.00489,0.02751,0,6.7,0.223,0.0716,0
15769,31570.0,0.01701,0.01175,0,6.7,0.549,0.0452,0
15770,5160.0,0.00421,0.01109,0,6.2,0.394,0.0391,0
15771,13240.0,0.05326,0.05209,0,2.1,0.323,0.0314,0
15772,11300.0,0.04389,0.17243,0,0.5,0.205,0.0365,0
15773,7630.0,0.00739,0.00583,0,2.6,0.342,0.0326,0
15774,5380.0,0.05943,0.38066,0,5.8,0.203,0.0499,0
15775,1550.0,0.06138,0.10624,0,1.4,0.578,0.0607,0
15776,3580.0,0.01279,0.007,0,2.2,0.224,0.0465,0
15777,2710.0,0.01111,0.01059,0,1.3,0.396,0.0532,0
15778,4080.0,0.03098,0.02646,0,6.0,0.551,0.0526,0
15779,3830.0,0.01688,0.02664,0,1.3,0.432,0.078,0
15780,20610.0,0.02751,0.02435,240,3.0,0.226,0.0425,0
15781,10000.0,0.02063,0.01494,0,6.1,0.489,0.0338,0
15782,12900.0,0.0125,0.00763,0,4.3,0.252,0.0618,0
15783,17500.0,0.02161,0.09041,0,2.6,0.256,0.0386,0
15784,18370.0,0.03138,0.04401,6,2.2,0.342,0.07,0
15785,62590.0,0.00721,0.02364,0,6.4,0.238,0.048,0
15786,4520.0,0.02861,0.01403,0,2.1,0.227,0.0318,0
15787,24780.0,0.00756,0.02845,0,6.6,0.208,0.0314,0
15788,7840.0,0.00697,0.01339,0,5.2,0.305,0.0412,0
15789,3120.0,0.03797,0.02581,0,1.3,0.525,0.0365,1
15790,5300.0,0.01939,0.02752,0,4.3,0.297,0.0688,0
15791,12350.0,0.02356,0.0374,0,0.8,0.312,0.0672,0
15792,14750.0,0.01112,0.01108,0,5.9,0.377,0.05,0
15793,8000.0,0.02518,0.01658,0,1.4,0.588,0.0474,0
15794,19560.0,0.0303,0.01429,0,1.1,0.504,0.0509,0
15795,5190.0,0.01778,0.02715,0,6.3,0.369,0.0501,0
15796,44960.0,0.03019,0.0515,0,5.4,0.398,0.049,0
15797,3810.0,0.13364,0.11604,0,1.3,0.27,0.0608,0
15798,3920.0,0.03026,0.10598,0,2.1,0.258,0.0452,0
15799,9810.0,0.06204,0.09082,0,2.0,0.308,0.0676,0
15800,7430.0,0.04488,0.01553,0,7.0,0.403,0.0461,0
15801,18210.0,0.02142,0.01593,0,5.3,0.416,0.0793,0
15802,28820.0,0.00647,0.00971,0,6.1,0.207,0.0451,0
15803,26540.0,0.02295,0.02688,0,3.0,0.276,0.0607,0
15804,13840.0,0.00946,0.00343,0,1.7,0.505,0.051,0
15805,8290.0,0.01185,0.00396,0,1.9,0.539,0.0486,0
15806,22980.0,0.01996,0.00921,0,3.2,0.303,0.0714,0
15807,4560.0,0.01096,0.0078,0,1.6,0.422,0.0419,0
15808,7890.0,0.04538,0.13545,0,2.8,0.389,0.0309,0
15809,2610.0,0.00864,0.00895,0,4.5,0.495,0.0617,0
15810,4500.0,0.03299,0.04446,0,3.6,0.391,0.046,0
15811,9080.0,0.03423,0.07381,0,6.4,0.275,0.0615,0
15812,12910.0,0.06509,0.04463,0,0.8,0.307,0.0419,0
15813,12490.0,0.03761,0.08426,0,6.3,0.455,0.0417,0
15814,8210.0,0.02604,0.03282,0,1.6,0.441,0.0572,0
15815,20740.0,0.06405,0.09541,0,2.7,0.278,0.0553,0
15816,12140.0,0.02265,0.03282,0,5.7,0.364,0.0755,0
15817,39580.0,0.02545,0.02702,0,3.3,0.321,0.035,0
15818,17560.0,0.0453,0.06866,0,0.9,0.318,0.0498,0
15819,8140.0,0.00673,0.00628,0,3.0,0.528,0.071,0
15820,71760.0,0.0198,0.04924,0,3.7,0.341,0.0614,0
15821,12010.0,0.02144,0.03446,81,0.6,0.409,0.0642,0
15822,2410.0,0.00442,0.00393,0,2.9,0.571,0.0515,0
15823,14070.0,0.00846,0.02003,0,1.5,0.549,0.0305,0
15824,6140.0,0.06042,0.08708,0,2.9,0.229,0.0667,0
15825,14240.0,0.0281,0.02542,0,5.3,0.512,0.0619,0
15826,14040.0,0.04262,0.06122,0,2.5,0.34,0.0676,0
15827,15830.0,0.01042,0.01619,0,6.7,0.311,0.0304,0
15828,3490.0,0.03115,0.0467,0,5.9,0.59,0.0307,0
15829,13670.0,0.04719,0.06852,0,1.8,0.49,0.0458,0
15830,1640.0,0.04639,0.05649,145,3.8,0.337,0.0403,1
15831,5750.0,0.02351,0.0176,0,6.1,0.577,0.0719,0
15832,10670.0,0.01624,0.03164,0,4.8,0.58,0.0639,0
15833,5130.0,0.00945,0.00944,0,2.8,0.486,0.059,0
15834,26290.0,0.00547,0.002,0,5.2,0.361,0.0353,0
15835,2030.0,0.03103,0.02429,0,1.5,0.479,0.0756,0
15836,27210.0,0.0193,0.01865,0,3.6,0.335,0.0368,0
15837,14390.0,0.03088,0.06039,0,4.7,0.34,0.0363,0
15838,38520.0,0.00756,0.0068,0,2.6,0.44,0.0348,0
15839,7220.0,0.00337,0.002,0,1.8,0.219,0.0765,0
15840,14340.0,0.0147,0.01008,0,6.6,0.583,0.045,0
15841,25630.0,0.01853,0.03822,0,1.3,0.332,0.0574,0
15842,19970.0,0.00492,0.00635,0,1.3,0.457,0.0772,0
15843,25450.0,0.01531,0.04084,0,3.7,0.54,0.0366,0
15844,9570.0,0.08976,0.31698,0,2.7,0.475,0.0409,0
15845,5740.0,0.01397,0.00613,257,5.8,0.5,0.0528,0
15846,2540.0,0.01975,0.04365,0,6.5,0.454,0.0673,0
15847,46540.0,0.02956,0.03799,2,6.4,0.34,0.0508,0
15848,9240.0,0.02157,0.01588,0,2.8,0.533,0.0678,0
15849,11040.0,0.02067,0.02086,0,2.9,0.226,0.0726,0
15850,10410.0,0.01685,0.01827,0,2.4,0.361,0.0639,0
15851,14520.0,0.00616,0.0032,0,4.0,0.486,0.0327,0
15852,2860.0,0.01608,0.00807,0,2.9,0.244,0.0799,0
15853,6280.0,0.02463,0.01115,0,1.5,0.424,0.0572,0
15854,29480.0,0.01199,0.03643,0,0.7,0.302,0.064,0
15855,11250.0,0.01362,0.01532,0,3.9,0.584,0.049,0
15856,9500.0,0.02166,0.01402,0,3.7,0.219,0.0754,0
15857,44050.0,0.01073,0.01344,0,3.3,0.268,0.0792,0
15858,18280.0,0.00786,0.04033,0,6.0,0.547,0.0516,0
15859,25870.0,0.021,0.08005,0,1.8,0.238,0.0624,1
15860,28010.0,0.03577,0.03571,75,3.1,0.444,0.0655,0
15861,44790.0,0.03136,0.01318,0,1.0,0.311,0.0515,0
15862,13910.0,0.05002,0.13637,0,6.6,0.335,0.0575,0
15863,49310.0,0.01221,0.01026,0,6.3,0.264,0.0584,0
15864,4770.0,0.07573,0.01908,0,1.7,0.234,0.0666,0
15865,4090.0,0.01771,0.02123,0,0.8,0.41,0.0315,0
15866,7620.0,0.02632,0.07313,0,2.0,0.504,0.0643,0
15867,59460.0,0.00703,0.00477,0,3.1,0.537,0.0496,0
15868,17590.0,0.03951,0.07115,0,0.6,0.204,0.0684,0
15869,7790.0,0.02185,0.0138,0,6.3,0.558,0.0708,0
15870,20080.0,0.00715,0.01582,0,4.5,0.352,0.0679,1
15871,8470.0,0.06089,0.09432,0,2.3,0.239,0.0364,0
15872,18550.0,0.02001,0.04192,0,3.7,0.554,0.0512,0
15873,4810.0,0.04181,0.01676,0,3.3,0.21,0.0745,0
15874,11510.0,0.03398,0.02512,0,1.0,0.291,0.0439,0
15875,2230.0,0.00826,0.01047,0,0.5,0.58,0.0429,0
15876,6600.0,0.01078,0.01493,0,3.4,0.337,0.0578,0
15877,10540.0,0.01579,0.02922,0,2.8,0.547,0.0463,0
15878,13330.0,0.02096,0.02589,0,3.0,0.504,0.0591,0
15879,8000.0,0.01773,0.00551,0,6.3,0.347,0.0721,0
15880,2420.0,0.02716,0.0652,0,1.7,0.489,0.0589,0
15881,4190.0,0.01383,0.01868,0,4.5,0.535,0.0336,0
15882,3960.0,0.02395,0.01475,0,6.3,0.548,0.0425,0
15883,7200.0,0.01745,0.10743,0,3.7,0.24,0.0415,0
15884,8620.0,0.0086,0.00773,0,1.8,0.255,0.0588,0
15885,25900.0,0.03054,0.02615,0,5.8,0.465,0.0528,0
15886,4630.0,0.02373,0.05416,0,5.6,0.329,0.0689,0
15887,9730.0,0.01296,0.00782,0,4.2,0.276,0.0389,0
15888,8160.0,0.02408,0.05206,0,1.1,0.556,0.0606,0
15889,24630.0,0.00653,0.00992,0,3.7,0.478,0.0798,0
15890,31440.0,0.0244,0.01913,42,2.7,0.339,0.0464,0
15891,7970.0,0.01414,0.06962,0,0.6,0.415,0.0513,0
15892,3010.0,0.02883,0.02255,0,1.5,0.382,0.0317,0
15893,5020.0,0.01904,0.00469,0,4.3,0.329,0.0734,0
15894,5920.0,0.0364,0.07146,0,6.6,0.217,0.0751,0
15895,28050.0,0.01538,0.01835,0,2.0,0.403,0.042,0
15896,12180.0,0.00385,0.00385,0,2.2,0.297,0.0717,0
15897,9950.0,0.00793,0.00828,0,3.1,0.497,0.05,0
15898,18380.0,0.02677,0.02757,0,1.9,0.444,0.0492,0
15899,9700.0,0.02388,0.02081,0,1.1,0.204,0.0539,0
15900,6920.0,0.01968,0.02235,0,6.9,0.477,0.0693,0
15901,22750.0,0.02285,0.03405,0,5.8,0.221,0.0598,0
15902,16580.0,0.03804,0.03368,0,4.1,0.311,0.045,0
15903,10630.0,0.02903,0.05029,0,3.0,0.241,0.034,0
15904,74390.0,0.01517,0.04779,0,6.0,0.453,0.0498,0
15905,5730.0,0.02122,0.01229,0,2.7,0.351,0.0671,0
15906,49320.0,0.11059,0.09402,54,6.7,0.253,0.0345,0
15907,33130.0,0.01946,0.00643,0,3.0,0.227,0.0712,0
15908,5380.0,0.01375,0.02089,0,6.5,0.362,0.0375,0
15909,35820.0,0.02715,0.05431,0,4.4,0.518,0.0414,0
15910,4600.0,0.01457,0.03047,0,5.4,0.446,0.0452,0
15911,17680.0,0.01696,0.01554,0,6.9,0.423,0.0594,0
15912,5010.0,0.03249,0.03855,0,5.1,0.581,0.0541,0
15913,1390.0,0.01676,0.02831,0,6.9,0.463,0.0507,0
15914,9570.0,0.01311,0.01636,0,4.6,0.279,0.0313,0
15915,17300.0,0.04271,0.04599,0,5.6,0.241,0.0618,0
15916,26500.0,0.03455,0.09093,9,3.6,0.474,0.044,0
15917,9200.0,0.00986,0.01318,0,4.7,0.541,0.0542,0
15918,34960.0,0.00953,0.00403,0,5.0,0.27,0.0758,0
15919,38190.0,0.02435,0.02113,0,1.6,0.37,0.0656,0
15920,9670.0,0.01168,0.01268,0,5.0,0.332,0.0302,0
15921,7180.0,0.02066,0.00978,0,6.0,0.593,0.0544,0
15922,112040.0,0.04153,0.04833,0,4.9,0.291,0.0333,0
15923,7960.0,0.01293,0.01068,222,1.1,0.343,0.0674,0
15924,4910.0,0.02727,0.01514,0,1.4,0.568,0.0672,0
15925,3900.0,0.01657,0.06641,0,4.1,0.256,0.059,0
15926,3770.0,0.03292,0.02747,0,2.8,0.563,0.0343,0
15927,11510.0,0.06247,0.10494,0,6.6,0.398,0.0515,0
15928,45360.0,0.01908,0.0162,0,3.6,0.448,0.057,0
15929,15620.0,0.04718,0.02459,0,3.8,0.269,0.0541,0
15930,27760.0,0.00996,0.01109,0,5.8,0.416,0.0614,0
15931,9850.0,0.01955,0.01067,0,3.2,0.454,0.0422,0
15932,10370.0,0.04819,0.09616,0,3.1,0.57,0.0784,0
15933,18400.0,0.01069,0.01017,0,6.7,0.398,0.0498,0
15934,20560.0,0.04188,0.03501,0,0.6,0.488,0.0688,0
15935,10090.0,0.02792,0.0475,0,1.0,0.566,0.0333,0
15936,46610.0,0.01386,0.00505,0,6.6,0.448,0.067,0
15937,13960.0,0.00778,0.0166,0,1.2,0.265,0.039,0
15938,5760.0,0.00483,0.00683,0,3.6,0.357,0.0429,0
15939,12670.0,0.03519,0.02399,0,1.9,0.403,0.0542,0
15940,25090.0,0.01651,0.01418,0,1.4,0.202,0.047,0
15941,8500.0,0.02709,0.02906,84,6.4,0.424,0.0466,0
15942,22320.0,0.01156,0.00815,0,1.4,0.323,0.0594,0
15943,26850.0,0.01656,0.01592,0,3.7,0.299,0.0512,0
15944,14420.0,0.01533,0.01268,0,7.0,0.426,0.043,0
15945,26280.0,0.04226,0.07038,0,2.5,0.519,0.0487,0
15946,153850.0,0.00916,0.00562,100,3.7,0.395,0.0503,0
15947,11820.0,0.02612,0.03486,36,5.5,0.45,0.0753,0
15948,8050.0,0.02268,0.02167,0,0.7,0.441,0.0633,0
15949,15430.0,0.04482,0.03041,0,2.1,0.243,0.0476,0
15950,9990.0,0.01531,0.00532,0,0.6,0.592,0.0372,0
15951,4600.0,0.04249,0.05308,0,4.7,0.567,0.0379,0
15952,10680.0,0.0106,0.01532,0,3.7,0.423,0.0449,0
15953,10900.0,0.01286,0.01159,0,1.6,0.312,0.0639,0
15954,14440.0,0.02144,0.02102,0,3.6,0.207,0.0657,0
15955,10880.0,0.02114,0.01722,0,2.5,0.487,0.0746,0
15956,23290.0,0.01117,0.00795,0,4.9,0.529,0.0384,0
15957,9310.0,0.02033,0.03161,0,6.4,0.433,0.0402,0
15958,17500.0,0.03258,0.02365,0,6.4,0.564,0.0609,0
15959,35090.0,0.0119,0.0164,0,4.4,0.55,0.0798,1
15960,19810.0,0.00459,0.00332,0,4.4,0.534,0.0496,0
15961,8010.0,0.00535,0.00203,0,4.3,0.286,0.0475,0
15962,5800.0,0.02821,0.05406,0,1.4,0.593,0.0653,0
15963,27330.0,0.03333,0.02672,2,1.8,0.413,0.0664,0
15964,6130.0,0.02588,0.01938,0,3.2,0.56,0.0715,0
15965,11460.0,0.01731,0.12465,0,2.9,0.345,0.0617,0
15966,27310.0,0.01372,0.00887,0,4.7,0.369,0.0676,0
15967,11960.0,0.00932,0.0066,0,5.6,0.343,0.0734,0
15968,26860.0,0.01883,0.04939,0,3.9,0.224,0.0545,0
15969,4070.0,0.01861,0.0123,0,1.6,0.261,0.0795,0
15970,7450.0,0.00842,0.02286,0,4.2,0.34,0.0703,0
15971,5850.0,0.01272,0.00921,0,2.7,0.506,0.0359,0
15972,3970.0,0.08019,0.04956,0,6.8,0.533,0.0605,0
15973,34690.0,0.01374,0.01848,0,6.2,0.212,0.0755,0
15974,52570.0,0.02965,0.03016,0,0.9,0.273,0.0574,0
15975,5680.0,0.03231,0.05413,0,3.4,0.425,0.0519,0
15976,8450.0,0.04722,0.04444,0,4.7,0.41,0.0774,0
15977,12720.0,0.05987,0.02552,0,3.4,0.473,0.0318,0
15978,35820.0,0.03069,0.03717,0,4.6,0.465,0.0742,0
15979,8370.0,0.02369,0.05127,0,4.1,0.287,0.0466,0
15980,4640.0,0.01117,0.00682,0,2.9,0.325,0.0447,1
15981,1470.0,0.03153,0.06088,44,5.6,0.285,0.0774,0
15982,5190.0,0.02152,0.05209,0,6.7,0.485,0.0627,0
15983,22820.0,0.02239,0.03933,0,4.2,0.504,0.0342,0
15984,8330.0,0.00833,0.00764,0,6.1,0.534,0.0339,0
15985,11280.0,0.02623,0.05273,0,3.7,0.595,0.0782,0
15986,7610.0,0.02589,0.02014,0,6.5,0.304,0.051,0
15987,9270.0,0.01732,0.01443,0,5.8,0.587,0.0674,0
15988,18400.0,0.01631,0.03436,0,1.2,0.315,0.0315,0
15989,17040.0,0.02146,0.01968,0,2.5,0.344,0.0599,0
15990,20770.0,0.00987,0.00988,0,4.9,0.28,0.0589,0
15991,81900.0,0.04266,0.03455,0,0.6,0.233,0.0386,0
15992,4910.0,0.02542,0.06336,0,5.2,0.495,0.0497,0
15993,5210.0,0.0125,0.0244,0,0.9,0.296,0.0466,0
15994,18210.0,0.0138,0.01232,0,3.6,0.344,0.0588,0
15995,133420.0,0.02145,0.03107,0,5.0,0.381,0.0344,0
15996,33440.0,0.00565,0.0049,0,4.6,0.391,0.0735,0
15997,5040.0,0.01709,0.01554,0,1.2,0.299,0.0456,0
15998,25960.0,0.0318,0.03692,0,6.4,0.531,0.0686,0
15999,16290.0,0.01077,0.00888,0,2.4,0.242,0.0502,1
16000,11370.0,0.02249,0.01204,0,3.3,0.424,0.034,0
16001,4200.0,0.01982,0.02202,0,6.5,0.347,0.0323,0
16002,41970.0,0.01356,0.01429,0,5.7,0.56,0.0504,0
16003,4350.0,0.00774,0.00961,0,0.8,0.559,0.0477,0
16004,23380.0,0.00436,0.00223,0,4.3,0.35,0.0493,0
16005,4790.0,0.03026,0.05108,0,6.1,0.294,0.0716,0
16006,11690.0,0.01501,0.01793,0,4.5,0.261,0.0373,0
16007,5550.0,0.02516,0.01086,0,4.9,0.382,0.0741,0
16008,2730.0,0.00669,0.01093,0,1.7,0.36,0.0328,0
16009,7110.0,0.03454,0.01963,0,1.9,0.219,0.0615,0
16010,3230.0,0.01104,0.00929,0,4.0,0.253,0.0301,0
16011,25740.0,0.028,0.03951,0,6.1,0.544,0.06,0
16012,2050.0,0.01621,0.02108,0,6.0,0.273,0.0797,0
16013,10360.0,0.00872,0.00974,0,5.6,0.548,0.0359,0
16014,5230.0,0.01957,0.0152,0,4.5,0.214,0.0324,0
16015,2180.0,0.04236,0.10821,0,3.2,0.368,0.0717,0
16016,28950.0,0.15721,0.27373,85,2.7,0.416,0.0641,0
16017,6560.0,0.03924,0.07781,0,4.8,0.428,0.0418,0
16018,6610.0,0.04414,0.03684,0,4.0,0.539,0.0754,0
16019,20170.0,0.0169,0.01449,0,5.7,0.296,0.0592,0
16020,5070.0,0.03214,0.02006,0,6.0,0.484,0.0557,0
16021,2760.0,0.04694,0.15761,148,2.0,0.514,0.0784,0
16022,13890.0,0.01546,0.01957,0,6.3,0.382,0.0309,0
16023,9410.0,0.01528,0.02792,0,0.7,0.23,0.0675,0
16024,8830.0,0.01188,0.00454,0,6.3,0.358,0.0579,0
16025,6910.0,0.01788,0.01305,0,2.3,0.449,0.0503,0
16026,5730.0,0.01024,0.00428,0,2.6,0.432,0.0536,0
16027,11990.0,0.01811,0.03643,0,6.7,0.46,0.0468,0
16028,21690.0,0.00672,0.00714,156,3.5,0.511,0.0701,0
16029,39610.0,0.02599,0.04396,0,1.0,0.419,0.0791,0
16030,21500.0,0.00627,0.0085,0,6.0,0.357,0.076,0
16031,11530.0,0.00568,0.002,0,1.1,0.577,0.071,0
16032,6320.0,0.0312,0.04257,366,6.1,0.437,0.0546,0
16033,7640.0,0.0181,0.0222,0,3.2,0.498,0.0521,0
16034,2410.0,0.06759,0.0663,0,4.5,0.486,0.0421,0
16035,18300.0,0.04218,0.05391,0,2.2,0.495,0.0742,0
16036,9140.0,0.05801,0.05147,0,1.2,0.497,0.0346,0
16037,19920.0,0.05827,0.09767,0,1.2,0.6,0.0449,0
16038,9140.0,0.00642,0.0039,0,5.5,0.364,0.0791,0
16039,10360.0,0.01429,0.00783,0,5.6,0.45,0.0767,0
16040,2720.0,0.02834,0.02133,0,4.4,0.53,0.0484,0
16041,4400.0,0.01026,0.00917,0,1.9,0.227,0.0372,0
16042,3440.0,0.00838,0.01071,0,4.3,0.499,0.0545,0
16043,2140.0,0.0066,0.00678,0,4.9,0.24,0.0619,1
16044,9900.0,0.01133,0.00608,0,4.3,0.596,0.0459,0
16045,7740.0,0.0305,0.07409,0,4.6,0.49,0.0337,0
16046,22120.0,0.01028,0.00452,0,2.2,0.287,0.0326,0
16047,16930.0,0.00493,0.00309,0,6.2,0.449,0.0317,0
16048,9090.0,0.01619,0.05953,0,6.5,0.47,0.0471,0
16049,5060.0,0.02785,0.09171,0,3.7,0.557,0.0378,0
16050,18010.0,0.02326,0.0087,37,6.0,0.26,0.0401,0
16051,24780.0,0.02316,0.01448,0,1.8,0.233,0.076,0
16052,13820.0,0.01046,0.02141,0,1.2,0.574,0.0615,0
16053,18240.0,0.02354,0.02583,0,5.2,0.255,0.045,0
16054,13490.0,0.01328,0.01827,0,6.2,0.437,0.0381,0
16055,1000.0,0.00676,0.00399,0,2.3,0.289,0.0767,0
16056,6890.0,0.01664,0.02674,0,6.0,0.298,0.0665,0
16057,19560.0,0.01312,0.00324,0,2.1,0.461,0.0464,0
16058,17740.0,0.0081,0.01242,21,6.6,0.534,0.0613,0
16059,19100.0,0.00295,0.00428,0,4.3,0.589,0.0566,0
16060,5240.0,0.027,0.01013,0,2.2,0.36,0.0764,0
16061,22950.0,0.02034,0.01204,0,4.3,0.38,0.0625,1
16062,4900.0,0.01137,0.02122,0,3.2,0.362,0.0528,0
16063,8680.0,0.02375,0.02808,0,4.8,0.247,0.0707,0
16064,10650.0,0.04355,0.07228,0,6.6,0.363,0.0441,0
16065,6560.0,0.00978,0.02839,0,0.9,0.577,0.0627,0
16066,9910.0,0.01806,0.01239,0,3.7,0.558,0.0677,0
16067,7170.0,0.01329,0.01058,0,1.5,0.512,0.0306,0
16068,20250.0,0.03365,0.03363,0,5.5,0.245,0.0385,0
16069,22650.0,0.03436,0.02305,0,5.3,0.24,0.0585,0
16070,21910.0,0.01165,0.02286,0,6.8,0.239,0.0519,0
16071,6360.0,0.01978,0.06535,0,3.1,0.532,0.0731,0
16072,6230.0,0.02972,0.03952,0,0.9,0.459,0.0384,0
16073,3720.0,0.00959,0.01183,0,4.8,0.22,0.0542,0
16074,40590.0,0.0364,0.06686,0,4.2,0.244,0.0792,0
16075,46690.0,0.03009,0.03884,0,2.7,0.478,0.0677,0
16076,17220.0,0.02033,0.0263,0,3.3,0.386,0.0433,1
16077,53350.0,0.04481,0.0149,0,3.6,0.223,0.0386,0
16078,15780.0,0.00981,0.00686,0,6.7,0.394,0.0596,0
16079,16900.0,0.03304,0.06042,0,0.7,0.31,0.0544,0
16080,11820.0,0.01869,0.0207,0,5.9,0.438,0.041,0
16081,3520.0,0.01889,0.01694,0,3.7,0.208,0.0757,0
16082,9510.0,0.07024,0.05964,0,4.5,0.318,0.0569,0
16083,18020.0,0.0093,0.01343,0,6.8,0.238,0.0483,0
16084,9420.0,0.00965,0.00349,0,5.3,0.396,0.0476,0
16085,21040.0,0.03387,0.01119,0,0.9,0.243,0.0734,0
16086,7230.0,0.02349,0.01971,0,1.3,0.232,0.0426,0
16087,17310.0,0.03105,0.01159,0,0.8,0.452,0.0413,0
16088,10060.0,0.0273,0.04099,0,3.8,0.358,0.0643,0
16089,6950.0,0.00931,0.01227,0,3.7,0.576,0.0776,0
16090,4790.0,0.01655,0.04813,34,3.0,0.576,0.0569,0
16091,9570.0,0.01699,0.03264,0,5.0,0.389,0.0518,0
16092,10130.0,0.01288,0.0091,68,1.0,0.59,0.079,0
16093,25480.0,0.00864,0.01253,0,3.2,0.401,0.0486,0
16094,44080.0,0.01575,0.01112,0,4.7,0.462,0.0764,0
16095,3070.0,0.01178,0.00895,0,6.6,0.202,0.0428,0
16096,2200.0,0.01016,0.01132,0,5.2,0.422,0.079,0
16097,12380.0,0.03972,0.03622,312,2.3,0.336,0.04,0
16098,16670.0,0.00577,0.01032,0,2.6,0.223,0.0652,0
16099,5880.0,0.02887,0.02369,0,1.9,0.54,0.0583,0
16100,20380.0,0.01624,0.01774,65,6.3,0.213,0.079,0
16101,4730.0,0.02546,0.00673,0,6.2,0.56,0.0306,0
16102,105280.0,0.01022,0.00817,0,1.4,0.235,0.0353,0
16103,5120.0,0.01152,0.01206,0,7.0,0.469,0.0657,0
16104,16450.0,0.01724,0.02106,0,0.6,0.499,0.0406,0
16105,98840.0,0.01027,0.00645,0,6.7,0.336,0.0515,0
16106,15270.0,0.01044,0.0191,0,5.6,0.353,0.0687,0
16107,15200.0,0.01504,0.00999,0,3.8,0.246,0.0542,0
16108,3720.0,0.00849,0.00855,0,5.5,0.34,0.0318,0
16109,10900.0,0.02461,0.055,0,0.5,0.226,0.0415,0
16110,35230.0,0.02515,0.02343,5,4.9,0.532,0.0371,0
16111,1600.0,0.0028,0.00489,0,3.9,0.347,0.0658,0
16112,3710.0,0.02309,0.00963,0,4.9,0.293,0.0679,0
16113,20600.0,0.0075,0.01311,0,6.6,0.284,0.0435,0
16114,19950.0,0.02568,0.02994,0,1.0,0.537,0.0598,0
16115,29210.0,0.00674,0.01224,0,3.9,0.376,0.042,0
16116,10220.0,0.02526,0.02061,0,6.8,0.395,0.0765,0
16117,10480.0,0.04182,0.03656,0,2.3,0.247,0.0416,0
16118,17380.0,0.02899,0.14233,0,4.3,0.584,0.0706,0
16119,36120.0,0.02768,0.05756,0,6.1,0.5,0.0341,0
16120,11470.0,0.08237,0.13238,0,3.9,0.286,0.065,0
16121,6530.0,0.01647,0.02401,0,3.7,0.319,0.0789,0
16122,22210.0,0.01438,0.01693,0,1.1,0.542,0.0365,1
16123,8790.0,0.02124,0.02989,0,6.1,0.233,0.0685,0
16124,6480.0,0.02145,0.02514,0,4.6,0.365,0.061,0
16125,5190.0,0.01335,0.00516,0,2.9,0.255,0.0574,0
16126,5520.0,0.02325,0.06732,0,4.9,0.592,0.0583,0
16127,61770.0,0.0408,0.13839,0,4.0,0.242,0.0478,0
16128,13000.0,0.02637,0.03764,0,1.4,0.379,0.0646,1
16129,18140.0,0.01823,0.01494,0,5.0,0.274,0.0513,0
16130,21490.0,0.01999,0.04852,0,1.4,0.365,0.0558,0
16131,11290.0,0.02648,0.03576,0,2.1,0.263,0.0759,0
16132,3430.0,0.0169,0.01707,79,3.6,0.229,0.076,0
16133,33450.0,0.01315,0.00799,0,1.3,0.57,0.0656,0
16134,7470.0,0.01929,0.01537,0,5.9,0.51,0.0582,0
16135,13770.0,0.04091,0.07401,0,6.5,0.4,0.0506,0
16136,14650.0,0.0289,0.02202,0,3.2,0.333,0.0434,0
16137,13300.0,0.04613,0.05984,26,3.1,0.393,0.0668,0
16138,17020.0,0.01671,0.01454,0,6.4,0.276,0.0526,0
16139,4970.0,0.10598,0.17642,0,6.5,0.559,0.0409,0
16140,13660.0,0.04106,0.01908,66,4.4,0.454,0.0439,0
16141,17320.0,0.00772,0.01181,0,6.9,0.326,0.0607,0
16142,7550.0,0.00662,0.00447,0,2.0,0.204,0.0763,0
16143,9240.0,0.0193,0.04496,0,4.6,0.456,0.0603,0
16144,14470.0,0.01758,0.02215,0,5.3,0.5,0.0561,0
16145,10150.0,0.00531,0.00238,0,4.0,0.297,0.0509,0
16146,3270.0,0.00736,0.00965,0,1.7,0.333,0.0406,0
16147,5100.0,0.0682,0.04641,0,2.1,0.221,0.034,0
16148,13200.0,0.00846,0.00857,0,3.7,0.482,0.0609,0
16149,7900.0,0.05424,0.03141,0,2.2,0.514,0.0585,0
16150,2860.0,0.04751,0.04987,0,1.1,0.337,0.0531,0
16151,9780.0,0.03737,0.05069,0,3.5,0.249,0.0711,0
16152,14790.0,0.01591,0.01548,0,4.4,0.552,0.0537,0
16153,10740.0,0.02173,0.09523,0,0.9,0.592,0.0484,0
16154,12470.0,0.02454,0.05527,0,3.6,0.546,0.0659,0
16155,14070.0,0.01233,0.00424,0,3.5,0.552,0.0625,0
16156,11430.0,0.01691,0.00987,0,2.1,0.219,0.0389,0
16157,17530.0,0.01282,0.01322,0,6.9,0.409,0.0714,0
16158,12900.0,0.01828,0.02925,0,6.1,0.303,0.0582,1
16159,2300.0,0.03072,0.05902,0,2.9,0.327,0.0768,0
16160,13440.0,0.02469,0.05505,0,1.6,0.215,0.0717,0
16161,14640.0,0.01651,0.0118,0,1.1,0.549,0.0677,0
16162,11880.0,0.00789,0.0183,0,0.7,0.368,0.0669,0
16163,10170.0,0.02286,0.04421,0,3.7,0.578,0.0414,0
16164,4520.0,0.01747,0.02001,0,6.9,0.527,0.0574,0
16165,6090.0,0.03996,0.02641,0,6.3,0.369,0.0756,0
16166,11730.0,0.0346,0.03744,0,1.7,0.375,0.0608,0
16167,28210.0,0.02495,0.06164,0,5.3,0.367,0.0665,0
16168,5000.0,0.01304,0.01929,0,7.0,0.223,0.0392,0
16169,16520.0,0.03219,0.07163,0,2.3,0.419,0.0444,0
16170,12730.0,0.0103,0.0133,0,2.9,0.338,0.0683,0
16171,13780.0,0.02693,0.01452,0,1.8,0.564,0.0612,0
16172,74000.0,0.04864,0.08706,0,6.0,0.46,0.0712,0
16173,35970.0,0.00887,0.00802,0,1.3,0.595,0.0437,0
16174,34440.0,0.00727,0.01651,0,4.2,0.282,0.0706,0
16175,3360.0,0.02039,0.02822,0,6.7,0.559,0.0333,0
16176,10510.0,0.02504,0.02367,311,1.0,0.295,0.0541,0
16177,12800.0,0.03463,0.02997,0,1.4,0.251,0.0789,0
16178,24090.0,0.009,0.00581,0,2.4,0.557,0.078,0
16179,9640.0,0.04775,0.03534,0,4.3,0.57,0.0527,0
16180,10560.0,0.02761,0.08895,0,2.1,0.24,0.0505,0
16181,6240.0,0.0249,0.02936,19,6.3,0.417,0.0761,0
16182,7540.0,0.00811,0.01022,0,2.5,0.55,0.0683,0
16183,9310.0,0.01512,0.05709,0,2.3,0.516,0.0686,0
16184,10440.0,0.03486,0.06766,0,4.1,0.488,0.053,0
16185,32350.0,0.07137,0.07601,317,6.4,0.364,0.075,0
16186,23850.0,0.02037,0.02479,0,3.0,0.314,0.078,0
16187,27840.0,0.0125,0.00847,0,1.5,0.42,0.0561,0
16188,18200.0,0.01373,0.02516,0,2.4,0.409,0.0563,1
16189,2140.0,0.04706,0.0305,0,0.9,0.547,0.0468,0
16190,14190.0,0.03522,0.03509,0,5.4,0.52,0.0351,0
16191,2780.0,0.05507,0.06004,0,1.0,0.238,0.0688,0
16192,44140.0,0.03959,0.02985,0,5.3,0.468,0.0701,0
16193,21320.0,0.03148,0.02237,0,2.2,0.344,0.0662,0
16194,28830.0,0.01756,0.02597,0,6.7,0.59,0.0381,0
16195,7010.0,0.05776,0.30483,0,0.5,0.455,0.0403,0
16196,5540.0,0.02123,0.01121,0,2.0,0.44,0.0519,0
16197,5490.0,0.05054,0.04321,0,7.0,0.544,0.0444,0
16198,12780.0,0.05328,0.07883,0,4.0,0.369,0.0344,0
16199,10350.0,0.02279,0.0739,0,6.3,0.356,0.0508,0
16200,3150.0,0.01403,0.01747,0,5.0,0.581,0.0482,0
16201,6160.0,0.01758,0.01759,0,3.4,0.58,0.0789,0
16202,11430.0,0.0141,0.02656,0,4.9,0.432,0.0548,0
16203,6350.0,0.03512,0.02514,0,4.3,0.504,0.037,0
16204,7280.0,0.03259,0.05277,0,5.4,0.568,0.0678,0
16205,8510.0,0.00676,0.01525,0,6.6,0.595,0.0493,0
16206,10340.0,0.03797,0.03643,0,5.6,0.443,0.0347,0
16207,17720.0,0.01678,0.0244,0,1.9,0.561,0.0437,0
16208,7250.0,0.00643,0.0074,0,4.8,0.593,0.0601,0
16209,7810.0,0.03911,0.03994,195,0.9,0.462,0.0686,0
16210,2590.0,0.01525,0.00473,0,5.2,0.284,0.0678,0
16211,65110.0,0.03969,0.02082,0,6.9,0.348,0.0476,0
16212,27610.0,0.00743,0.01136,0,6.3,0.433,0.0522,0
16213,54200.0,0.00811,0.00699,0,1.5,0.202,0.042,0
16214,2360.0,0.0167,0.03025,0,3.5,0.532,0.0728,0
16215,31850.0,0.01702,0.01247,0,2.1,0.528,0.062,0
16216,3600.0,0.03578,0.05694,0,4.5,0.383,0.0611,0
16217,6240.0,0.00936,0.02835,0,4.8,0.573,0.0773,0
16218,14500.0,0.00863,0.00461,0,1.2,0.414,0.0631,0
16219,11710.0,0.01822,0.03299,0,5.6,0.43,0.0585,0
16220,12040.0,0.02118,0.03918,0,6.2,0.419,0.0353,0
16221,7100.0,0.02402,0.0154,0,5.1,0.377,0.0347,0
16222,4460.0,0.00684,0.0133,0,6.0,0.318,0.0552,0
16223,8770.0,0.02937,0.0331,9,1.2,0.544,0.0402,0
16224,31440.0,0.05691,0.02842,0,5.2,0.445,0.0761,0
16225,12790.0,0.04313,0.01385,0,5.7,0.579,0.0449,0
16226,7570.0,0.00915,0.00456,0,4.7,0.458,0.0412,0
16227,4510.0,0.01302,0.0174,0,1.2,0.316,0.0623,0
16228,7640.0,0.01179,0.01262,24,0.7,0.598,0.04,0
16229,8380.0,0.0091,0.01344,0,4.3,0.382,0.0754,0
16230,15330.0,0.04648,0.05452,0,0.6,0.35,0.0414,0
16231,10280.0,0.02277,0.01461,0,6.8,0.446,0.0544,0
16232,8600.0,0.01974,0.00951,0,6.1,0.562,0.058,0
16233,23130.0,0.00981,0.01109,0,5.5,0.579,0.0726,0
16234,4120.0,0.01825,0.04233,0,4.6,0.512,0.0337,0
16235,9800.0,0.02725,0.0633,0,6.0,0.421,0.0414,0
16236,23250.0,0.04083,0.03032,0,4.0,0.546,0.0642,0
16237,2010.0,0.01089,0.00272,0,6.3,0.269,0.0603,0
16238,12510.0,0.00862,0.00394,0,3.9,0.252,0.0433,0
16239,9790.0,0.04705,0.13547,0,1.0,0.492,0.0575,0
16240,20780.0,0.02629,0.01154,0,5.6,0.579,0.0447,0
16241,28870.0,0.0258,0.03243,0,3.8,0.397,0.0674,0
16242,8820.0,0.01737,0.00603,0,3.0,0.211,0.0431,0
16243,11600.0,0.05097,0.092,0,4.8,0.346,0.0537,0
16244,7930.0,0.00875,0.01113,0,3.7,0.319,0.0483,0
16245,7270.0,0.02899,0.04839,0,5.4,0.214,0.0782,0
16246,3550.0,0.04386,0.06048,1,3.8,0.586,0.0513,0
16247,11510.0,0.00937,0.00955,0,7.0,0.57,0.0551,0
16248,12470.0,0.02818,0.03493,0,1.0,0.526,0.0601,0
16249,5170.0,0.0206,0.0673,0,3.2,0.425,0.0721,0
16250,14540.0,0.01322,0.0227,0,5.1,0.311,0.0562,0
16251,16780.0,0.01647,0.02253,0,4.4,0.565,0.0494,0
16252,42390.0,0.02314,0.02465,0,3.0,0.499,0.0405,0
16253,19640.0,0.01464,0.00561,0,6.9,0.391,0.0606,0
16254,19990.0,0.01665,0.019,0,6.1,0.313,0.0506,0
16255,9330.0,0.03152,0.07194,0,5.1,0.382,0.0525,0
16256,4490.0,0.02323,0.03895,0,5.5,0.591,0.0721,0
16257,5040.0,0.06029,0.063,0,5.2,0.453,0.0684,0
16258,25550.0,0.00694,0.00739,0,6.6,0.447,0.0337,0
16259,13790.0,0.04647,0.09525,0,6.1,0.524,0.0672,0
16260,8690.0,0.06129,0.05089,0,1.9,0.377,0.051,0
16261,14410.0,0.01277,0.0115,0,0.7,0.566,0.0658,0
16262,10550.0,0.10144,0.20991,0,4.7,0.374,0.0741,0
16263,18150.0,0.01249,0.01106,0,1.9,0.488,0.0433,0
16264,11180.0,0.07183,0.06565,0,1.9,0.214,0.0692,0
16265,1000.0,0.06158,0.35298,0,0.7,0.282,0.0489,0
16266,4090.0,0.03974,0.0331,0,6.5,0.356,0.0592,0
16267,41500.0,0.00336,0.0084,0,5.7,0.414,0.059,0
16268,7770.0,0.00303,0.00384,4,3.3,0.438,0.038,0
16269,18310.0,0.01567,0.0319,0,5.8,0.525,0.0681,0
16270,7300.0,0.01278,0.02,0,4.6,0.351,0.0583,0
16271,38200.0,0.01754,0.01445,0,3.7,0.427,0.0789,0
16272,8580.0,0.03879,0.06661,0,3.5,0.259,0.052,0
16273,7510.0,0.01053,0.00882,0,4.2,0.325,0.067,0
16274,9290.0,0.02068,0.02995,0,2.9,0.278,0.0682,0
16275,8190.0,0.01703,0.02741,0,4.4,0.436,0.0401,0
16276,7240.0,0.05321,0.06798,6,6.9,0.555,0.0665,0
16277,18090.0,0.0095,0.01429,0,3.1,0.554,0.0726,0
16278,5000.0,0.02112,0.01577,48,1.3,0.568,0.0385,0
16279,11440.0,0.03656,0.02773,0,1.4,0.542,0.0451,0
16280,12460.0,0.01747,0.01703,0,3.7,0.288,0.0507,1
16281,23310.0,0.04477,0.11187,0,3.3,0.316,0.0737,0
16282,14860.0,0.0098,0.00429,0,6.3,0.287,0.0319,0
16283,8890.0,0.01694,0.01281,0,4.5,0.401,0.0333,1
16284,17630.0,0.03492,0.12822,0,1.1,0.596,0.0748,0
16285,18960.0,0.02795,0.0645,0,1.9,0.486,0.0577,0
16286,34910.0,0.01541,0.00888,0,4.2,0.501,0.0721,0
16287,8300.0,0.0062,0.00578,0,4.5,0.325,0.0672,0
16288,4390.0,0.01758,0.01454,0,1.5,0.349,0.0443,0
16289,5360.0,0.02352,0.01498,0,4.1,0.475,0.0635,0
16290,18570.0,0.02856,0.06249,0,6.1,0.534,0.0694,0
16291,10570.0,0.01088,0.01102,0,3.6,0.281,0.0715,0
16292,3960.0,0.04848,0.01935,0,5.6,0.25,0.0502,0
16293,22520.0,0.01282,0.01049,0,2.3,0.387,0.0377,0
16294,10530.0,0.04527,0.02447,0,3.7,0.204,0.032,0
16295,5050.0,0.01351,0.01264,0,5.1,0.58,0.0625,0
16296,6320.0,0.02667,0.01615,0,0.7,0.396,0.0567,0
16297,20970.0,0.0602,0.04044,0,6.5,0.397,0.0627,0
16298,7060.0,0.04112,0.1053,0,4.5,0.588,0.0717,0
16299,5060.0,0.02936,0.03666,0,3.2,0.507,0.0314,0
16300,6680.0,0.11238,0.09221,0,3.9,0.587,0.0505,0
16301,35080.0,0.0171,0.0079,0,5.4,0.313,0.0438,0
16302,8790.0,0.02919,0.04394,0,3.1,0.424,0.0659,0
16303,18870.0,0.00555,0.0045,0,5.4,0.584,0.0311,0
16304,3750.0,0.01722,0.01061,364,4.6,0.525,0.0544,0
16305,13110.0,0.03188,0.06846,0,6.5,0.584,0.0517,0
16306,26590.0,0.00968,0.00811,0,2.3,0.315,0.0591,1
16307,23300.0,0.01875,0.01031,0,2.4,0.564,0.0489,0
16308,15160.0,0.02413,0.0195,0,2.6,0.219,0.0678,0
16309,25890.0,0.03378,0.03184,0,1.2,0.247,0.0514,0
16310,2290.0,0.01717,0.05075,0,6.0,0.258,0.0335,0
16311,19950.0,0.03643,0.14061,0,6.1,0.228,0.0331,0
16312,1430.0,0.01626,0.01468,0,6.6,0.508,0.0363,0
16313,7440.0,0.02925,0.06177,0,2.1,0.5,0.0616,0
16314,14920.0,0.04295,0.03071,0,2.9,0.434,0.0769,0
16315,26010.0,0.02887,0.07237,0,2.2,0.415,0.0637,0
16316,6670.0,0.04195,0.04504,0,5.4,0.388,0.0456,0
16317,12310.0,0.01176,0.01075,146,2.4,0.25,0.059,0
16318,50420.0,0.04029,0.07538,0,5.0,0.289,0.0638,0
16319,46530.0,0.02776,0.04161,0,4.1,0.6,0.0361,0
16320,6340.0,0.02569,0.02943,0,3.0,0.38,0.0363,0
16321,18180.0,0.01314,0.01172,0,0.7,0.473,0.0476,0
16322,28660.0,0.02964,0.01062,0,0.9,0.464,0.0603,0
16323,5930.0,0.01354,0.02437,275,5.6,0.232,0.0664,0
16324,19350.0,0.05714,0.09566,0,1.1,0.319,0.0641,0
16325,7700.0,0.04625,0.01403,32,4.6,0.578,0.0413,0
16326,13740.0,0.01199,0.00785,0,6.6,0.52,0.039,0
16327,18030.0,0.01081,0.00697,0,3.3,0.323,0.0434,0
16328,11150.0,0.00743,0.00739,0,6.1,0.549,0.0766,0
16329,5800.0,0.03456,0.07106,17,5.6,0.563,0.0535,0
16330,18840.0,0.0093,0.00486,0,2.0,0.384,0.0624,0
16331,5330.0,0.0143,0.01093,0,4.6,0.413,0.0522,0
16332,2990.0,0.03281,0.06343,0,4.6,0.474,0.0771,0
16333,14620.0,0.02643,0.03405,0,1.2,0.594,0.0598,0
16334,6870.0,0.0236,0.01756,0,2.8,0.233,0.0532,0
16335,4920.0,0.01202,0.02674,0,5.3,0.533,0.0679,0
16336,9750.0,0.02192,0.09521,0,3.0,0.584,0.0529,0
16337,29400.0,0.01998,0.06942,0,6.0,0.203,0.0586,0
16338,9550.0,0.03877,0.07088,0,3.0,0.248,0.056,0
16339,22940.0,0.01586,0.01886,0,2.3,0.225,0.0725,1
16340,16870.0,0.00992,0.00619,0,5.3,0.323,0.0331,0
16341,4530.0,0.04263,0.03792,0,4.8,0.231,0.0652,0
16342,13450.0,0.02207,0.01314,12,3.1,0.499,0.0545,0
16343,69250.0,0.01327,0.01327,0,1.9,0.524,0.0302,0
16344,15930.0,0.01379,0.00853,0,3.0,0.285,0.0726,0
16345,5270.0,0.01731,0.02535,0,4.4,0.445,0.0642,0
16346,16710.0,0.02885,0.03341,0,3.4,0.335,0.073,0
16347,2590.0,0.03557,0.06583,0,0.8,0.509,0.0382,0
16348,23570.0,0.02877,0.01707,0,3.7,0.315,0.0787,0
16349,3360.0,0.03313,0.02637,0,4.9,0.369,0.0413,0
16350,4530.0,0.0324,0.01319,0,2.2,0.414,0.0711,0
16351,7960.0,0.02049,0.04706,0,4.7,0.226,0.0616,0
16352,6410.0,0.01059,0.01382,0,5.5,0.302,0.0683,0
16353,51700.0,0.01892,0.01739,0,6.0,0.431,0.0319,0
16354,30060.0,0.01984,0.02785,0,0.5,0.491,0.0725,0
16355,4070.0,0.01198,0.00898,0,1.1,0.533,0.0572,0
16356,26580.0,0.01576,0.02152,0,6.1,0.4,0.0645,0
16357,21230.0,0.05528,0.05326,11,4.0,0.299,0.0689,0
16358,16770.0,0.05543,0.11099,0,3.9,0.268,0.056,0
16359,21090.0,0.03726,0.0475,0,5.1,0.47,0.0486,0
16360,8580.0,0.00873,0.0151,0,0.8,0.443,0.0775,0
16361,6710.0,0.00774,0.00668,0,1.2,0.585,0.0507,0
16362,15030.0,0.00747,0.02546,0,2.8,0.21,0.0644,0
16363,3400.0,0.01459,0.01061,0,4.9,0.437,0.0342,0
16364,11440.0,0.01074,0.00584,0,4.9,0.477,0.0318,0
16365,5410.0,0.00552,0.00641,0,3.0,0.566,0.0531,0
16366,13950.0,0.00627,0.02396,0,3.1,0.224,0.08,0
16367,4110.0,0.01318,0.00652,0,2.7,0.48,0.0398,0
16368,4980.0,0.01485,0.019,0,5.2,0.5,0.0766,0
16369,20490.0,0.00919,0.01077,0,3.6,0.465,0.0552,0
16370,4320.0,0.00498,0.00211,62,1.0,0.443,0.0691,0
16371,3920.0,0.03572,0.08441,0,6.5,0.579,0.0384,0
16372,23630.0,0.03582,0.03495,0,5.2,0.525,0.0376,0
16373,44620.0,0.02868,0.0333,0,0.9,0.374,0.0596,0
16374,10600.0,0.01527,0.00912,0,1.1,0.356,0.0659,0
16375,9610.0,0.0328,0.04048,0,3.9,0.458,0.0364,0
16376,9540.0,0.01192,0.03683,0,1.9,0.555,0.0357,1
16377,21150.0,0.02297,0.01438,0,0.5,0.233,0.0481,0
16378,17030.0,0.01331,0.03315,0,4.4,0.476,0.031,0
16379,9710.0,0.00801,0.01199,0,4.1,0.32,0.0508,0
16380,7790.0,0.0355,0.02608,0,2.6,0.309,0.0333,0
16381,7840.0,0.02071,0.03908,0,6.8,0.286,0.072,0
16382,28730.0,0.03937,0.05216,0,1.4,0.479,0.0398,0
16383,22020.0,0.02482,0.02219,28,3.3,0.306,0.0651,1
16384,31400.0,0.01868,0.03869,0,3.7,0.28,0.0532,0
16385,17730.0,0.04762,0.06281,43,6.4,0.596,0.0385,0
16386,12500.0,0.02085,0.03875,0,3.6,0.491,0.0693,0
16387,15240.0,0.01864,0.00911,0,1.3,0.425,0.0412,0
16388,5920.0,0.0041,0.00585,0,6.0,0.557,0.0456,0
16389,14250.0,0.00885,0.01079,0,5.2,0.386,0.0425,0
16390,3790.0,0.04438,0.05875,0,6.7,0.484,0.0576,0
16391,6000.0,0.01513,0.01096,0,2.2,0.495,0.074,0
16392,7630.0,0.01184,0.01202,0,5.6,0.44,0.0713,0
16393,5070.0,0.01719,0.01294,0,6.3,0.393,0.0389,0
16394,7240.0,0.01956,0.02942,0,1.2,0.325,0.0798,0
16395,5860.0,0.02529,0.02047,81,6.8,0.559,0.0398,0
16396,6400.0,0.00478,0.00917,0,0.7,0.398,0.0652,0
16397,4630.0,0.02642,0.0115,0,2.1,0.533,0.0534,0
16398,22230.0,0.01617,0.01156,0,4.4,0.377,0.0301,0
16399,9070.0,0.01542,0.05335,0,0.7,0.263,0.0783,0
16400,21500.0,0.00552,0.00668,0,2.8,0.345,0.0638,0
16401,2420.0,0.02229,0.02872,0,0.9,0.245,0.0554,0
16402,8580.0,0.01588,0.03645,0,3.3,0.267,0.0715,0
16403,42300.0,0.02106,0.01863,0,2.4,0.271,0.0365,0
16404,36330.0,0.01866,0.07254,0,0.8,0.278,0.0733,0
16405,4200.0,0.01685,0.01924,0,2.2,0.468,0.0571,0
16406,7260.0,0.01617,0.00983,0,2.9,0.354,0.0714,0
16407,6210.0,0.0072,0.00481,0,1.8,0.573,0.0702,0
16408,6320.0,0.01048,0.01078,0,5.6,0.579,0.0551,0
16409,3280.0,0.03097,0.03165,36,4.8,0.594,0.0334,0
16410,1860.0,0.00958,0.01284,0,3.0,0.518,0.0388,0
16411,21860.0,0.02333,0.03247,0,1.3,0.311,0.0515,0
16412,12290.0,0.01739,0.00795,0,5.4,0.476,0.0507,0
16413,32150.0,0.03463,0.0369,0,6.7,0.507,0.0446,1
16414,24620.0,0.00557,0.01022,0,2.1,0.226,0.058,0
16415,5940.0,0.01202,0.02814,0,3.9,0.354,0.0716,0
16416,17200.0,0.01913,0.05872,0,5.8,0.42,0.0496,0
16417,10120.0,0.03936,0.05563,0,4.0,0.577,0.0414,0
16418,8300.0,0.02977,0.05861,0,3.5,0.296,0.0598,0
16419,13270.0,0.03296,0.02963,0,4.1,0.539,0.0373,0
16420,6830.0,0.01343,0.02013,0,5.1,0.5,0.0615,0
16421,35100.0,0.00552,0.01076,0,4.4,0.308,0.0608,0
16422,2530.0,0.01486,0.02442,0,3.5,0.555,0.0648,0
16423,16280.0,0.0139,0.02026,0,5.4,0.41,0.0376,0
16424,16540.0,0.01814,0.00851,0,5.1,0.41,0.0453,0
16425,5630.0,0.01259,0.02059,0,0.5,0.373,0.0679,0
16426,33320.0,0.01151,0.01505,0,6.7,0.316,0.0572,0
16427,1830.0,0.05223,0.03032,55,2.2,0.374,0.0765,0
16428,19030.0,0.01452,0.02111,0,3.5,0.297,0.0737,0
16429,4290.0,0.00556,0.01069,0,1.6,0.269,0.0679,0
16430,19500.0,0.01697,0.01559,0,6.3,0.374,0.0642,0
16431,4500.0,0.01683,0.01387,0,1.6,0.355,0.0554,0
16432,7630.0,0.02633,0.01718,0,1.0,0.535,0.0386,0
16433,19520.0,0.03563,0.03365,0,3.3,0.298,0.0725,0
16434,9950.0,0.01132,0.01605,0,0.5,0.215,0.0518,0
16435,7640.0,0.00403,0.00299,0,5.9,0.581,0.0568,0
16436,5120.0,0.02201,0.01424,0,2.1,0.361,0.0394,0
16437,6790.0,0.01516,0.01464,0,2.3,0.208,0.0761,0
16438,5660.0,0.01825,0.01418,26,1.1,0.237,0.0685,0
16439,4500.0,0.0101,0.00812,0,0.8,0.512,0.0518,0
16440,9600.0,0.07219,0.08345,0,5.1,0.3,0.0715,0
16441,8160.0,0.0352,0.05522,0,5.1,0.283,0.0439,0
16442,4290.0,0.01129,0.01369,0,1.8,0.232,0.0773,0
16443,12060.0,0.00984,0.00994,0,0.8,0.508,0.0332,0
16444,30980.0,0.0104,0.00577,0,6.0,0.234,0.0542,1
16445,10320.0,0.02959,0.05497,0,2.5,0.36,0.0626,0
16446,28560.0,0.04024,0.06566,0,5.5,0.387,0.0405,0
16447,5240.0,0.04527,0.02516,0,6.6,0.481,0.0444,0
16448,7360.0,0.01973,0.01729,0,4.0,0.302,0.0385,0
16449,4180.0,0.05302,0.04231,0,5.5,0.286,0.0679,0
16450,18840.0,0.00931,0.00758,0,3.3,0.438,0.0587,0
16451,17910.0,0.00817,0.0148,0,5.1,0.322,0.043,0
16452,15250.0,0.01002,0.00911,0,2.1,0.281,0.0381,0
16453,9440.0,0.02631,0.01955,0,5.2,0.562,0.0798,0
16454,23610.0,0.01064,0.01161,0,4.8,0.235,0.0312,0
16455,15440.0,0.0356,0.06299,0,4.3,0.552,0.0768,0
16456,18900.0,0.09947,0.11347,0,2.4,0.216,0.0677,0
16457,7460.0,0.02832,0.06713,0,2.8,0.365,0.0505,1
16458,54560.0,0.00931,0.01206,246,1.9,0.402,0.0595,0
16459,14640.0,0.0105,0.02434,0,3.1,0.488,0.0378,0
16460,18230.0,0.0156,0.0203,0,3.1,0.501,0.0546,0
16461,9100.0,0.02356,0.04308,0,4.8,0.289,0.0352,0
16462,7270.0,0.01313,0.02169,0,0.8,0.369,0.0646,0
16463,24290.0,0.00896,0.00466,0,6.8,0.315,0.0328,0
16464,9430.0,0.0305,0.06023,0,4.4,0.422,0.0374,0
16465,5870.0,0.02161,0.02112,0,4.3,0.424,0.0777,0
16466,21860.0,0.04045,0.07685,0,6.7,0.261,0.0498,0
16467,18450.0,0.01481,0.00418,0,6.9,0.3,0.0745,0
16468,18400.0,0.00938,0.00554,0,5.3,0.324,0.0472,0
16469,7730.0,0.04563,0.1254,0,4.6,0.382,0.0634,0
16470,9970.0,0.04977,0.04128,0,4.2,0.454,0.0353,0
16471,10340.0,0.00738,0.00899,0,5.5,0.313,0.034,0
16472,11890.0,0.01354,0.05205,0,6.2,0.433,0.049,0
16473,18910.0,0.03327,0.04108,0,5.0,0.499,0.0516,0
16474,5470.0,0.05151,0.11475,0,4.2,0.212,0.0532,0
16475,13430.0,0.02876,0.0193,0,0.7,0.206,0.035,0
16476,13200.0,0.04904,0.08412,56,1.6,0.347,0.0476,0
16477,8290.0,0.07491,0.26497,0,5.8,0.584,0.0761,0
16478,5960.0,0.01301,0.00946,0,1.4,0.225,0.0388,0
16479,32300.0,0.01896,0.00596,0,2.2,0.475,0.0338,0
16480,34930.0,0.00763,0.00983,0,6.0,0.591,0.076,0
16481,15450.0,0.00953,0.01237,0,4.1,0.4,0.0635,0
16482,4910.0,0.01158,0.00412,0,5.3,0.352,0.0703,0
16483,30900.0,0.01713,0.02116,0,1.4,0.451,0.0799,0
16484,23340.0,0.01794,0.01716,0,1.7,0.24,0.0655,0
16485,12340.0,0.0205,0.02695,0,3.1,0.262,0.0532,0
16486,3450.0,0.00787,0.00532,0,4.9,0.447,0.0521,0
16487,22650.0,0.00942,0.00631,0,1.9,0.503,0.0494,0
16488,58930.0,0.0153,0.02017,0,5.7,0.385,0.0783,0
16489,1920.0,0.07178,0.16021,0,2.3,0.546,0.044,0
16490,18650.0,0.03503,0.06031,0,6.7,0.4,0.0444,0
16491,1700.0,0.01214,0.01513,0,4.1,0.468,0.0456,0
16492,8650.0,0.0141,0.01972,0,6.6,0.534,0.068,0
16493,11270.0,0.01042,0.0119,0,3.7,0.519,0.0678,0
16494,4630.0,0.0157,0.03445,0,0.8,0.412,0.0523,0
16495,18870.0,0.02884,0.04369,67,2.0,0.574,0.0352,0
16496,2470.0,0.02345,0.02502,0,2.6,0.28,0.0327,0
16497,11610.0,0.02185,0.02722,0,6.3,0.34,0.0425,0
16498,2400.0,0.01851,0.02347,0,6.7,0.296,0.0747,0
16499,10990.0,0.02532,0.01177,0,0.5,0.509,0.0393,0
16500,12220.0,0.02956,0.09209,0,4.5,0.266,0.0739,0
16501,14060.0,0.04396,0.03211,0,6.6,0.398,0.0711,0
16502,42490.0,0.0441,0.02342,0,2.1,0.295,0.0518,0
16503,13440.0,0.02057,0.0111,0,1.7,0.526,0.071,0
16504,30760.0,0.0104,0.01852,0,4.7,0.447,0.0712,0
16505,7320.0,0.05981,0.05579,0,3.7,0.565,0.0714,0
16506,10550.0,0.01033,0.02696,0,1.9,0.256,0.033,0
16507,10380.0,0.10187,0.57513,8,2.6,0.384,0.0498,0
16508,8570.0,0.04206,0.01669,0,6.5,0.578,0.0413,0
16509,4330.0,0.01652,0.00727,0,3.7,0.586,0.0791,0
16510,4190.0,0.00366,0.00329,0,5.7,0.273,0.0678,0
16511,8240.0,0.09115,0.25457,0,0.7,0.28,0.0786,0
16512,5550.0,0.01748,0.01681,0,0.8,0.359,0.0399,0
16513,8370.0,0.02246,0.06308,0,1.1,0.425,0.0726,0
16514,16210.0,0.01469,0.00654,0,6.1,0.437,0.0656,0
16515,10690.0,0.03855,0.05316,0,1.6,0.523,0.0369,0
16516,6680.0,0.04732,0.03601,0,3.8,0.522,0.0356,0
16517,3920.0,0.02108,0.02737,0,1.7,0.28,0.0369,0
16518,3840.0,0.05027,0.04517,0,3.4,0.397,0.0573,0
16519,6510.0,0.01184,0.00778,0,4.0,0.434,0.0427,0
16520,16670.0,0.05936,0.0901,0,3.5,0.526,0.0461,0
16521,4580.0,0.01088,0.00686,0,4.9,0.457,0.0312,0
16522,55450.0,0.01551,0.03169,0,3.7,0.243,0.0664,0
16523,3590.0,0.0607,0.05184,0,1.1,0.429,0.0689,0
16524,32190.0,0.03302,0.03721,0,5.0,0.492,0.0755,0
16525,8920.0,0.02381,0.01908,0,3.7,0.589,0.0413,0
16526,5440.0,0.01766,0.02768,75,2.8,0.53,0.0424,0
16527,15670.0,0.07853,0.10382,0,5.4,0.318,0.0325,0
16528,11200.0,0.08143,0.10139,0,1.3,0.417,0.0792,0
16529,7310.0,0.01328,0.01824,92,2.1,0.293,0.0474,0
16530,15390.0,0.02166,0.02106,0,5.9,0.259,0.0793,0
16531,13350.0,0.01659,0.0292,0,4.9,0.208,0.0727,0
16532,18670.0,0.02817,0.00938,0,5.9,0.443,0.0619,0
16533,2740.0,0.05599,0.03731,0,2.2,0.572,0.0648,0
16534,14500.0,0.01149,0.00877,39,5.4,0.207,0.076,1
16535,30030.0,0.02493,0.03045,0,5.6,0.513,0.0531,0
16536,18710.0,0.05062,0.06499,0,5.7,0.262,0.0364,0
16537,5480.0,0.02431,0.05082,0,5.2,0.356,0.0426,0
16538,21590.0,0.05597,0.05934,0,4.4,0.427,0.0701,0
16539,5310.0,0.02099,0.02911,0,5.2,0.513,0.0793,0
16540,3190.0,0.0487,0.04348,0,4.2,0.514,0.047,0
16541,17180.0,0.02099,0.01396,0,4.2,0.261,0.0682,0
16542,10870.0,0.04245,0.05282,0,6.3,0.431,0.0546,0
16543,2950.0,0.02324,0.07712,0,5.8,0.492,0.0342,0
16544,56270.0,0.06672,0.0708,5,1.2,0.371,0.0546,0
16545,10160.0,0.01072,0.01457,0,6.7,0.541,0.0591,0
16546,33360.0,0.01481,0.01529,0,4.2,0.432,0.0703,0
16547,18910.0,0.03146,0.02548,0,3.8,0.334,0.0776,0
16548,4770.0,0.03176,0.02683,0,5.2,0.429,0.0615,0
16549,9190.0,0.01687,0.01103,0,2.2,0.511,0.0316,0
16550,1090.0,0.01423,0.01885,0,0.9,0.293,0.0694,0
16551,9100.0,0.03603,0.01937,0,4.8,0.406,0.0579,0
16552,16470.0,0.0209,0.01708,0,1.4,0.306,0.0765,0
16553,4870.0,0.01994,0.02426,0,6.0,0.415,0.0375,0
16554,11460.0,0.00837,0.00524,0,6.6,0.307,0.0495,0
16555,4560.0,0.02932,0.02177,0,3.6,0.467,0.0792,0
16556,27090.0,0.02507,0.02673,13,4.1,0.402,0.049,0
16557,4150.0,0.02019,0.0189,0,4.3,0.476,0.0362,0
16558,13230.0,0.01562,0.01446,0,1.8,0.312,0.0352,0
16559,12060.0,0.01239,0.01187,0,0.5,0.3,0.0787,1
16560,7970.0,0.03041,0.06692,0,6.5,0.546,0.0489,0
16561,18360.0,0.01629,0.01181,0,3.3,0.222,0.0612,0
16562,64620.0,0.01623,0.01391,0,2.5,0.371,0.0787,0
16563,22380.0,0.07256,0.09684,0,4.6,0.389,0.0449,0
16564,47510.0,0.04086,0.07272,0,1.2,0.478,0.0357,0
16565,25900.0,0.00602,0.01106,0,5.7,0.493,0.0501,0
16566,17710.0,0.03817,0.03848,0,4.0,0.595,0.0544,0
16567,5050.0,0.01124,0.01307,50,0.8,0.252,0.0658,0
16568,21860.0,0.03559,0.09508,0,5.8,0.265,0.0672,0
16569,5110.0,0.0203,0.04467,0,1.6,0.414,0.0756,0
16570,1810.0,0.01958,0.02277,0,3.3,0.32,0.0631,0
16571,23830.0,0.01728,0.01477,233,1.2,0.527,0.0699,0
16572,5410.0,0.06201,0.15447,0,4.3,0.442,0.0435,0
16573,18890.0,0.01022,0.02013,0,1.5,0.493,0.063,0
16574,18940.0,0.01077,0.01503,0,2.2,0.413,0.0749,0
16575,6110.0,0.0927,0.0761,0,6.3,0.584,0.0426,0
16576,23640.0,0.06283,0.09147,0,5.5,0.548,0.0629,0
16577,12890.0,0.00827,0.02285,0,1.7,0.31,0.0397,0
16578,12630.0,0.01812,0.01167,0,0.8,0.317,0.0421,0
16579,4050.0,0.00706,0.01291,47,6.6,0.592,0.0467,0
16580,5500.0,0.01459,0.00599,0,6.1,0.409,0.0341,0
16581,20350.0,0.02084,0.00712,0,4.6,0.296,0.0501,0
16582,9740.0,0.0041,0.00249,0,6.5,0.489,0.0508,0
16583,9650.0,0.02121,0.03069,0,2.8,0.462,0.0493,0
16584,37750.0,0.04899,0.06354,0,5.8,0.261,0.0595,0
16585,17110.0,0.01003,0.01106,0,3.1,0.321,0.0555,0
16586,14970.0,0.04689,0.05737,66,4.2,0.282,0.0719,0
16587,6190.0,0.00753,0.00561,0,1.3,0.363,0.079,0
16588,16270.0,0.02237,0.1314,0,3.4,0.509,0.0661,0
16589,6710.0,0.01095,0.0068,0,5.7,0.557,0.064,0
16590,33830.0,0.02841,0.01472,0,5.9,0.589,0.0704,0
16591,53000.0,0.02097,0.01786,309,5.1,0.247,0.0589,0
16592,3520.0,0.00607,0.00291,0,3.4,0.589,0.0523,0
16593,9430.0,0.01449,0.04892,0,4.5,0.355,0.0639,0
16594,7970.0,0.0254,0.02956,0,4.5,0.232,0.0733,0
16595,3290.0,0.0125,0.00636,0,6.3,0.237,0.057,0
16596,12390.0,0.02171,0.0288,0,5.2,0.391,0.0759,0
16597,6180.0,0.01971,0.01129,0,5.5,0.527,0.0753,0
16598,30090.0,0.03933,0.06525,78,0.7,0.409,0.0441,0
16599,5400.0,0.02765,0.01989,0,1.0,0.565,0.0473,0
16600,16880.0,0.04445,0.07665,0,2.1,0.579,0.0617,0
16601,15330.0,0.02831,0.04693,0,6.9,0.436,0.0716,0
16602,7700.0,0.00673,0.0116,0,6.7,0.361,0.0793,0
16603,10720.0,0.01474,0.01679,0,3.9,0.231,0.0587,0
16604,10830.0,0.03818,0.04264,0,6.5,0.559,0.0725,0
16605,2070.0,0.03841,0.04968,0,4.8,0.426,0.0609,0
16606,26620.0,0.01621,0.01098,0,6.2,0.326,0.0516,0
16607,23680.0,0.01132,0.01031,0,1.4,0.272,0.0376,0
16608,24680.0,0.07677,0.14878,0,1.4,0.417,0.0382,0
16609,9200.0,0.00569,0.01293,0,2.9,0.281,0.0582,0
16610,11930.0,0.02431,0.1122,0,6.7,0.343,0.0637,0
16611,10170.0,0.02385,0.02355,14,4.1,0.231,0.0391,0
16612,17940.0,0.01776,0.02666,0,5.9,0.459,0.0596,0
16613,15910.0,0.01499,0.04619,0,5.3,0.364,0.0551,0
16614,51990.0,0.00922,0.02043,0,2.7,0.375,0.0317,0
16615,10110.0,0.04277,0.04476,0,3.2,0.398,0.0328,0
16616,10050.0,0.01633,0.06105,0,1.7,0.413,0.0594,0
16617,25020.0,0.01994,0.02038,0,3.4,0.446,0.0387,0
16618,3740.0,0.06672,0.10736,85,1.1,0.487,0.0381,0
16619,12780.0,0.01791,0.00684,0,5.4,0.275,0.0669,0
16620,32310.0,0.05217,0.08649,0,5.0,0.481,0.0324,0
16621,26210.0,0.01383,0.02302,0,0.8,0.482,0.0424,0
16622,44520.0,0.00947,0.00913,0,2.6,0.263,0.0659,0
16623,9240.0,0.01821,0.09505,0,5.8,0.329,0.0773,0
16624,21250.0,0.04338,0.06149,0,6.8,0.339,0.0397,0
16625,26170.0,0.02432,0.0183,0,6.1,0.231,0.0765,0
16626,14160.0,0.01008,0.00408,16,5.2,0.358,0.032,0
16627,7230.0,0.01479,0.03654,0,1.8,0.401,0.0569,0
16628,6250.0,0.009,0.02494,0,4.6,0.554,0.0709,0
16629,5430.0,0.03677,0.04179,0,5.2,0.413,0.0579,0
16630,17310.0,0.06251,0.05022,0,2.8,0.59,0.0301,0
16631,66690.0,0.05216,0.08823,0,0.9,0.307,0.0655,0
16632,63260.0,0.00987,0.00641,0,4.8,0.271,0.0662,0
16633,71420.0,0.01773,0.02014,0,3.8,0.476,0.0455,0
16634,12250.0,0.01088,0.02131,0,6.8,0.5,0.0574,0
16635,7420.0,0.00937,0.01549,49,1.8,0.533,0.0517,0
16636,4940.0,0.04316,0.04684,0,3.5,0.393,0.0375,0
16637,25160.0,0.00849,0.00249,0,6.5,0.531,0.0769,0
16638,5100.0,0.04189,0.05737,0,3.1,0.548,0.0554,0
16639,16810.0,0.02269,0.12479,0,1.2,0.322,0.0618,0
16640,7690.0,0.03711,0.05875,0,3.3,0.332,0.0487,0
16641,23520.0,0.01713,0.03709,114,5.1,0.454,0.0428,0
16642,10190.0,0.01759,0.02697,0,2.2,0.456,0.0707,0
16643,20380.0,0.03575,0.02365,5,0.8,0.466,0.0479,0
16644,8600.0,0.01965,0.03869,0,4.2,0.436,0.054,0
16645,9510.0,0.04882,0.06966,0,3.6,0.323,0.058,0
16646,3350.0,0.02683,0.01712,0,2.4,0.271,0.0655,0
16647,29700.0,0.02655,0.09403,0,4.2,0.203,0.0564,0
16648,27690.0,0.00606,0.00761,0,6.2,0.251,0.0678,0
16649,9370.0,0.01095,0.01788,0,1.6,0.284,0.0658,0
16650,24670.0,0.04489,0.0992,0,2.5,0.511,0.0307,0
16651,7890.0,0.01835,0.01108,0,2.0,0.573,0.049,0
16652,4570.0,0.01407,0.00506,0,2.6,0.263,0.0771,0
16653,7530.0,0.01352,0.0087,0,2.4,0.553,0.0573,0
16654,9120.0,0.04803,0.11121,0,5.9,0.342,0.033,0
16655,4900.0,0.0302,0.05194,0,2.0,0.51,0.0632,0
16656,13290.0,0.03066,0.0688,0,4.3,0.494,0.0742,0
16657,19100.0,0.02511,0.01798,0,1.9,0.377,0.0767,0
16658,18210.0,0.00589,0.01158,0,2.2,0.366,0.0763,0
16659,68980.0,0.00612,0.0081,0,6.1,0.403,0.0589,0
16660,20840.0,0.0277,0.01678,0,3.8,0.452,0.0361,0
16661,3530.0,0.00841,0.017,0,6.8,0.398,0.0609,0
16662,28280.0,0.01406,0.00772,0,5.8,0.344,0.0552,0
16663,15820.0,0.02176,0.02035,0,2.2,0.411,0.0735,0
16664,4900.0,0.01929,0.03906,0,2.1,0.242,0.0333,0
16665,12830.0,0.03095,0.01538,0,4.8,0.412,0.0562,0
16666,18240.0,0.03333,0.03222,0,2.2,0.542,0.0316,0
16667,11410.0,0.05495,0.01239,0,0.6,0.279,0.0602,0
16668,13760.0,0.01479,0.01516,66,1.2,0.435,0.057,0
16669,9640.0,0.00815,0.00832,0,3.2,0.328,0.0756,0
16670,21890.0,0.02202,0.09068,0,5.1,0.368,0.0684,0
16671,9470.0,0.01019,0.00592,0,2.7,0.529,0.0377,0
16672,16670.0,0.01594,0.02555,0,1.9,0.272,0.0302,0
16673,3660.0,0.00752,0.01192,22,2.0,0.273,0.0682,0
16674,3160.0,0.05069,0.09755,49,0.7,0.359,0.0322,0
16675,22560.0,0.03153,0.04571,0,6.0,0.207,0.0424,0
16676,8010.0,0.01661,0.00848,0,2.2,0.284,0.0779,0
16677,12220.0,0.02319,0.02574,0,1.0,0.228,0.0542,0
16678,10570.0,0.01457,0.01365,0,0.9,0.483,0.0773,0
16679,14320.0,0.01287,0.01137,0,1.9,0.228,0.0479,0
16680,26250.0,0.04501,0.0552,0,6.2,0.302,0.0398,0
16681,7860.0,0.0534,0.06191,0,4.9,0.419,0.0789,0
16682,2300.0,0.05514,0.14816,0,1.6,0.439,0.0766,0
16683,12300.0,0.0079,0.01849,0,3.4,0.253,0.0314,0
16684,8970.0,0.0611,0.04167,0,6.9,0.581,0.0392,0
16685,8320.0,0.01638,0.02767,0,4.4,0.558,0.0388,0
16686,23570.0,0.03412,0.0389,0,4.4,0.413,0.0698,0
16687,8690.0,0.0455,0.06862,0,3.5,0.211,0.0347,0
16688,9920.0,0.04279,0.04086,0,6.9,0.369,0.0317,0
16689,9650.0,0.01513,0.02498,0,3.5,0.302,0.0316,0
16690,20530.0,0.00746,0.00784,0,3.6,0.563,0.0427,0
16691,8780.0,0.0273,0.08704,0,2.7,0.305,0.0627,0
16692,17060.0,0.00856,0.00362,0,6.2,0.213,0.0445,0
16693,18750.0,0.03103,0.05566,0,3.0,0.433,0.0678,0
16694,12420.0,0.03488,0.04268,11,3.9,0.21,0.043,0
16695,12420.0,0.01163,0.00344,0,3.7,0.563,0.0578,0
16696,15500.0,0.00473,0.00316,0,2.8,0.551,0.0689,0
16697,7660.0,0.05206,0.17415,0,1.8,0.33,0.0361,0
16698,11730.0,0.01852,0.01292,0,6.1,0.402,0.0645,0
16699,6100.0,0.01073,0.01996,0,6.5,0.227,0.0587,0
16700,12180.0,0.00597,0.01404,0,4.1,0.321,0.0796,0
16701,39440.0,0.04021,0.06619,0,2.1,0.553,0.0537,0
16702,2420.0,0.03022,0.03198,0,1.7,0.209,0.0702,0
16703,8440.0,0.01468,0.01268,0,4.9,0.419,0.0616,0
16704,9430.0,0.0139,0.01341,0,4.4,0.271,0.0673,0
16705,31780.0,0.02888,0.09236,0,2.7,0.279,0.0365,0
16706,10950.0,0.01432,0.03168,46,3.1,0.251,0.0723,0
16707,9450.0,0.01744,0.02348,0,2.2,0.552,0.0632,0
16708,38540.0,0.01536,0.02092,135,3.0,0.514,0.0534,0
16709,6300.0,0.02258,0.01889,0,4.8,0.478,0.056,0
16710,2550.0,0.00838,0.01173,0,2.2,0.335,0.0647,0
16711,24290.0,0.01261,0.0159,0,0.6,0.508,0.0791,0
16712,4800.0,0.01154,0.01325,0,3.2,0.456,0.079,0
16713,30220.0,0.01261,0.03117,0,2.8,0.449,0.0381,0
16714,6790.0,0.01262,0.01895,0,4.4,0.555,0.0737,0
16715,18460.0,0.00524,0.00886,0,5.8,0.464,0.0668,0
16716,7450.0,0.00984,0.01986,0,5.1,0.239,0.0307,0
16717,2940.0,0.02108,0.01267,0,1.5,0.211,0.0318,0
16718,15520.0,0.01766,0.01088,0,6.4,0.216,0.0308,0
16719,33200.0,0.01167,0.0264,0,2.9,0.346,0.0582,0
16720,6920.0,0.01133,0.01459,0,5.6,0.334,0.0357,0
16721,5750.0,0.02368,0.01342,0,3.4,0.495,0.0405,0
16722,3670.0,0.00463,0.00287,0,2.5,0.305,0.0755,0
16723,3090.0,0.0435,0.04055,0,6.7,0.395,0.0422,0
16724,6140.0,0.0095,0.00895,0,5.3,0.476,0.0798,0
16725,8980.0,0.03651,0.02381,0,1.2,0.489,0.0614,0
16726,11790.0,0.02024,0.06821,0,1.0,0.257,0.0733,0
16727,26730.0,0.02747,0.0399,0,2.6,0.454,0.0481,0
16728,17780.0,0.00799,0.00863,0,4.5,0.527,0.0574,0
16729,8570.0,0.01374,0.07967,0,3.6,0.579,0.0344,0
16730,29430.0,0.03349,0.06966,182,1.7,0.204,0.0665,0
16731,4550.0,0.03164,0.02686,0,3.5,0.518,0.0575,0
16732,13660.0,0.01086,0.01909,0,0.9,0.403,0.039,0
16733,23360.0,0.01696,0.05887,0,5.1,0.288,0.0639,0
16734,16090.0,0.00961,0.03566,0,3.4,0.272,0.0523,0
16735,14490.0,0.01949,0.02701,0,4.9,0.402,0.0459,0
16736,8150.0,0.01461,0.01393,363,1.8,0.434,0.0712,0
16737,32190.0,0.00818,0.01813,0,2.6,0.534,0.0773,0
16738,10930.0,0.04429,0.03851,0,6.4,0.384,0.0307,0
16739,57180.0,0.02684,0.02426,0,6.8,0.21,0.0669,0
16740,4870.0,0.01917,0.03881,0,6.6,0.51,0.0451,0
16741,17490.0,0.00956,0.02111,0,4.7,0.495,0.0457,0
16742,8570.0,0.04502,0.15374,0,3.2,0.349,0.0558,0
16743,6870.0,0.0513,0.04243,0,1.6,0.431,0.0737,0
16744,28290.0,0.00917,0.01152,0,0.9,0.55,0.0388,0
16745,6960.0,0.0205,0.03083,0,6.2,0.227,0.047,0
16746,26860.0,0.02553,0.04619,0,1.3,0.294,0.0376,0
16747,45440.0,0.01185,0.01989,0,6.1,0.412,0.0721,0
16748,3770.0,0.0334,0.03421,0,4.4,0.323,0.056,0
16749,4460.0,0.01724,0.00578,0,2.3,0.524,0.043,0
16750,7170.0,0.03405,0.03366,0,6.0,0.317,0.0384,0
16751,11280.0,0.00738,0.00806,0,4.1,0.223,0.0494,0
16752,7910.0,0.08874,0.09724,16,2.7,0.387,0.08,0
16753,8190.0,0.01577,0.01508,0,0.7,0.221,0.072,0
16754,26570.0,0.03014,0.02353,0,2.4,0.447,0.0769,0
16755,23780.0,0.02459,0.028,0,0.7,0.565,0.0553,0
16756,13480.0,0.03751,0.06423,0,1.6,0.4,0.0529,0
16757,19230.0,0.00577,0.004,0,3.0,0.491,0.0416,0
16758,3230.0,0.11167,0.16341,11,3.9,0.282,0.0355,0
16759,30210.0,0.01743,0.03302,272,6.0,0.454,0.0759,0
16760,12150.0,0.02713,0.01955,0,3.6,0.313,0.0749,0
16761,28050.0,0.01512,0.03293,0,2.9,0.545,0.036,0
16762,16520.0,0.03194,0.01759,0,4.4,0.206,0.0731,0
16763,8630.0,0.01537,0.01644,0,3.9,0.271,0.0626,0
16764,11200.0,0.01309,0.01618,0,5.7,0.258,0.0776,0
16765,17250.0,0.02431,0.06061,0,6.6,0.559,0.0445,0
16766,8370.0,0.02302,0.06021,0,3.3,0.427,0.0483,0
16767,21190.0,0.01445,0.04732,41,3.1,0.355,0.0742,0
16768,31750.0,0.04072,0.03242,0,3.1,0.436,0.0787,0
16769,6860.0,0.01391,0.03787,0,5.2,0.451,0.0712,0
16770,3680.0,0.02512,0.03511,0,1.3,0.368,0.0465,1
16771,39580.0,0.02321,0.01611,0,2.1,0.233,0.0744,0
16772,17240.0,0.02687,0.02459,0,1.3,0.223,0.0768,0
16773,25960.0,0.02999,0.02155,0,6.4,0.226,0.0537,0
16774,10050.0,0.06492,0.08627,53,5.6,0.41,0.0333,0
16775,10550.0,0.01635,0.02042,0,2.2,0.255,0.0392,0
16776,32060.0,0.00865,0.01691,0,0.8,0.494,0.045,0
16777,35210.0,0.02485,0.03849,0,1.0,0.494,0.0741,0
16778,31520.0,0.04369,0.02358,0,2.8,0.323,0.0774,0
16779,18330.0,0.01984,0.01699,0,6.7,0.36,0.0744,0
16780,20060.0,0.00777,0.00671,0,6.1,0.497,0.0488,0
16781,35300.0,0.0103,0.01132,0,5.3,0.581,0.0588,0
16782,6230.0,0.0245,0.03644,0,1.0,0.484,0.0605,0
16783,30720.0,0.01776,0.00985,0,3.4,0.377,0.0427,0
16784,36920.0,0.01452,0.02542,0,6.7,0.381,0.0643,1
16785,9250.0,0.01122,0.00382,0,1.2,0.21,0.0518,0
16786,6240.0,0.13639,0.21631,0,1.8,0.319,0.0487,0
16787,24940.0,0.02082,0.0311,0,3.3,0.464,0.0311,0
16788,4640.0,0.02626,0.01506,0,2.4,0.228,0.0531,0
16789,12970.0,0.03284,0.0405,0,4.7,0.252,0.0375,0
16790,14070.0,0.02015,0.02319,217,3.1,0.201,0.031,0
16791,23320.0,0.02823,0.03746,0,0.6,0.32,0.0741,0
16792,3120.0,0.01477,0.00586,0,1.1,0.293,0.0432,0
16793,12080.0,0.01592,0.00578,0,4.4,0.597,0.0599,0
16794,10930.0,0.00357,0.002,0,1.0,0.468,0.0708,0
16795,7560.0,0.01867,0.02997,0,5.9,0.212,0.0708,0
16796,8270.0,0.01115,0.02166,95,5.1,0.545,0.0656,0
16797,11370.0,0.01889,0.0124,0,6.9,0.484,0.0747,0
16798,10130.0,0.03295,0.03099,0,1.7,0.455,0.0772,0
16799,17790.0,0.01473,0.01321,18,3.8,0.316,0.0423,0
16800,50480.0,0.02859,0.06761,0,6.3,0.3,0.066,0
16801,15990.0,0.01251,0.02295,0,2.7,0.279,0.0614,0
16802,19980.0,0.01258,0.01571,0,4.4,0.591,0.0624,0
16803,10690.0,0.0086,0.02439,0,1.2,0.513,0.0709,0
16804,11690.0,0.01559,0.01997,0,7.0,0.216,0.0624,0
16805,10280.0,0.045,0.07372,0,4.3,0.373,0.0543,0
16806,8240.0,0.03377,0.01421,0,0.6,0.33,0.0396,0
16807,7280.0,0.01002,0.00479,0,3.9,0.426,0.0608,0
16808,2480.0,0.06253,0.08752,0,5.9,0.308,0.0475,0
16809,31020.0,0.01421,0.0299,0,1.7,0.492,0.0329,0
16810,6490.0,0.01059,0.00657,0,2.6,0.59,0.0698,0
16811,50390.0,0.02689,0.03278,0,6.1,0.595,0.0768,0
16812,6950.0,0.0343,0.03839,0,4.1,0.438,0.0488,1
16813,16690.0,0.01665,0.0268,0,4.2,0.449,0.0427,0
16814,7210.0,0.02341,0.14743,0,1.7,0.367,0.0773,0
16815,11090.0,0.00842,0.00507,0,4.1,0.502,0.0408,0
16816,45790.0,0.01119,0.0085,0,4.7,0.358,0.037,0
16817,4890.0,0.03008,0.04301,0,5.4,0.234,0.0639,0
16818,32590.0,0.03772,0.06395,80,3.5,0.26,0.0667,0
16819,26520.0,0.02353,0.02797,0,6.4,0.211,0.0305,0
16820,11500.0,0.02189,0.05693,0,6.0,0.265,0.0659,0
16821,13420.0,0.01065,0.0073,0,6.9,0.319,0.0628,0
16822,26520.0,0.02869,0.03983,0,0.7,0.502,0.0513,0
16823,4110.0,0.03453,0.0696,68,6.5,0.473,0.0392,0
16824,15860.0,0.06079,0.04612,0,5.7,0.24,0.0527,0
16825,10740.0,0.00763,0.0134,0,4.8,0.536,0.066,0
16826,13970.0,0.01461,0.00699,0,4.9,0.303,0.042,0
16827,23680.0,0.03244,0.04231,0,5.8,0.21,0.0576,0
16828,15610.0,0.03276,0.07694,0,1.8,0.349,0.0747,0
16829,10170.0,0.03287,0.046,57,6.9,0.23,0.0707,1
16830,28620.0,0.03609,0.03707,0,3.2,0.386,0.0463,0
16831,6690.0,0.01565,0.00781,23,1.4,0.234,0.0662,0
16832,15200.0,0.01052,0.01578,0,3.7,0.289,0.0767,0
16833,22660.0,0.02485,0.05423,0,0.7,0.546,0.0686,0
16834,3960.0,0.02699,0.02117,0,5.5,0.403,0.0571,0
16835,3690.0,0.01356,0.01282,0,2.0,0.531,0.0741,0
16836,10830.0,0.02391,0.01965,65,6.7,0.384,0.0481,0
16837,15560.0,0.0326,0.02359,227,4.9,0.461,0.0784,1
16838,40690.0,0.01969,0.01642,0,0.7,0.468,0.0763,0
16839,24160.0,0.02369,0.05267,0,5.9,0.298,0.064,0
16840,10950.0,0.02991,0.03845,0,2.3,0.436,0.0583,0
16841,38010.0,0.0124,0.01537,0,5.3,0.308,0.0549,0
16842,2520.0,0.05391,0.06815,0,5.2,0.325,0.0765,0
16843,10070.0,0.00933,0.01239,0,6.7,0.295,0.033,0
16844,7800.0,0.01497,0.01673,0,1.7,0.209,0.0586,0
16845,5040.0,0.01008,0.0118,0,1.2,0.267,0.0591,0
16846,19150.0,0.01386,0.01867,0,4.5,0.321,0.0327,0
16847,9680.0,0.01315,0.016,0,6.0,0.376,0.0485,0
16848,19050.0,0.05833,0.12769,0,3.4,0.328,0.0304,0
16849,1320.0,0.00763,0.00843,0,5.8,0.585,0.0419,0
16850,15160.0,0.0158,0.01558,0,2.7,0.244,0.0753,0
16851,8160.0,0.00569,0.0058,0,5.5,0.4,0.0444,0
16852,4990.0,0.00618,0.00607,0,3.4,0.29,0.0505,0
16853,9490.0,0.01237,0.04938,0,1.3,0.205,0.0541,0
16854,36670.0,0.12279,0.10495,0,5.4,0.584,0.037,0
16855,2480.0,0.02681,0.05238,0,6.0,0.282,0.0484,0
16856,7070.0,0.02221,0.02037,0,0.6,0.382,0.037,0
16857,3070.0,0.01298,0.02214,367,5.8,0.41,0.0333,0
16858,2710.0,0.02026,0.03136,0,4.0,0.476,0.0374,0
16859,9610.0,0.06024,0.10695,0,4.2,0.487,0.0694,0
16860,13740.0,0.05163,0.21915,0,4.3,0.557,0.0479,0
16861,10820.0,0.02963,0.06408,0,1.6,0.448,0.0696,0
16862,46090.0,0.03635,0.02906,0,4.4,0.341,0.0753,0
16863,3200.0,0.02414,0.01501,0,3.8,0.581,0.0591,0
16864,5830.0,0.02157,0.00935,0,1.3,0.41,0.0378,0
16865,9210.0,0.02774,0.02906,0,3.3,0.594,0.0521,0
16866,4720.0,0.00941,0.01207,0,6.9,0.34,0.064,0
16867,18290.0,0.04091,0.07338,0,2.7,0.375,0.0773,0
16868,21390.0,0.03848,0.03617,81,1.6,0.29,0.0523,0
16869,6930.0,0.02608,0.0297,0,1.0,0.257,0.0688,0
16870,9370.0,0.01541,0.02644,0,0.7,0.206,0.0327,0
16871,12940.0,0.03575,0.02825,0,3.8,0.205,0.0471,0
16872,19140.0,0.01983,0.01348,0,4.4,0.578,0.0551,0
16873,4080.0,0.04089,0.05429,0,4.8,0.389,0.0707,0
16874,8290.0,0.05374,0.09503,0,2.1,0.427,0.0646,0
16875,16150.0,0.01033,0.10389,0,1.4,0.469,0.0609,0
16876,27250.0,0.01994,0.02463,0,5.0,0.552,0.049,0
16877,12200.0,0.02226,0.01577,0,6.9,0.477,0.0372,0
16878,29680.0,0.01731,0.02261,43,6.6,0.596,0.0339,0
16879,6360.0,0.0147,0.01313,0,3.3,0.224,0.0415,0
16880,11380.0,0.01004,0.00822,0,5.2,0.537,0.0459,0
16881,19000.0,0.00704,0.01055,0,6.1,0.303,0.0659,0
16882,4900.0,0.0373,0.02816,0,0.6,0.422,0.0641,0
16883,5400.0,0.02723,0.01349,0,0.8,0.327,0.0402,0
16884,19990.0,0.01876,0.02696,0,2.8,0.401,0.0341,0
16885,15240.0,0.04017,0.03949,0,1.0,0.476,0.0461,0
16886,24780.0,0.02679,0.07451,0,6.9,0.255,0.0639,0
16887,38960.0,0.02692,0.02279,0,5.6,0.585,0.063,0
16888,9050.0,0.01978,0.01988,0,2.7,0.335,0.0409,0
16889,4990.0,0.04708,0.04396,0,3.4,0.289,0.0782,0
16890,6490.0,0.02188,0.01041,29,5.9,0.432,0.0354,0
16891,9450.0,0.01528,0.0113,0,1.4,0.592,0.0548,0
16892,3740.0,0.0034,0.00671,0,0.5,0.314,0.0332,0
16893,14480.0,0.03326,0.03394,0,2.3,0.438,0.0312,0
16894,3930.0,0.03912,0.2644,0,2.3,0.205,0.0305,0
16895,20210.0,0.02978,0.05196,0,3.4,0.595,0.0484,0
16896,30670.0,0.02759,0.02774,0,4.0,0.275,0.0541,0
16897,3140.0,0.03825,0.02687,0,0.8,0.431,0.036,0
16898,16740.0,0.03807,0.04445,0,3.6,0.23,0.0693,0
16899,8940.0,0.03776,0.03235,0,4.0,0.318,0.0767,0
16900,4850.0,0.0153,0.02086,0,5.2,0.338,0.0668,0
16901,16100.0,0.01213,0.01425,0,5.7,0.405,0.0365,0
16902,26370.0,0.02665,0.01505,0,0.8,0.423,0.0494,0
16903,27410.0,0.04939,0.11521,0,1.9,0.343,0.0723,0
16904,85770.0,0.05345,0.03253,0,2.4,0.558,0.0572,0
16905,4800.0,0.04984,0.02084,0,6.0,0.352,0.047,0
16906,12170.0,0.01127,0.01739,0,5.6,0.244,0.0626,0
16907,20530.0,0.03014,0.06225,0,6.0,0.291,0.0415,0
16908,8660.0,0.00996,0.022,0,3.0,0.251,0.055,0
16909,28140.0,0.02364,0.06472,14,6.6,0.461,0.0734,0
16910,11640.0,0.04602,0.09135,0,6.0,0.575,0.0558,0
16911,7370.0,0.06094,0.12635,19,1.0,0.24,0.0369,0
16912,1120.0,0.02273,0.05062,0,2.3,0.287,0.0387,0
16913,22460.0,0.01399,0.00735,0,1.1,0.462,0.0389,0
16914,21900.0,0.08346,0.1095,0,4.0,0.57,0.0745,0
16915,1990.0,0.01051,0.00794,0,6.6,0.275,0.0553,0
16916,8690.0,0.01244,0.00963,0,2.8,0.217,0.0492,0
16917,10400.0,0.01239,0.02049,0,3.4,0.545,0.0487,0
16918,5380.0,0.00928,0.01435,0,1.9,0.307,0.0629,0
16919,12910.0,0.01707,0.01453,0,4.8,0.451,0.0345,0
16920,9910.0,0.03018,0.03792,0,3.1,0.309,0.0367,0
16921,18460.0,0.0116,0.00767,20,5.9,0.322,0.0414,0
16922,6560.0,0.01364,0.04455,0,5.6,0.487,0.066,0
16923,3040.0,0.01083,0.03111,50,5.7,0.418,0.0774,0
16924,15310.0,0.06308,0.08346,0,6.4,0.395,0.049,0
16925,9300.0,0.02376,0.02618,0,5.6,0.473,0.0648,0
16926,15510.0,0.02273,0.02351,0,1.6,0.395,0.055,0
16927,9260.0,0.07406,0.11405,0,5.9,0.495,0.0384,0
16928,30670.0,0.0416,0.09133,0,0.7,0.264,0.0514,0
16929,11690.0,0.01535,0.01443,0,2.7,0.293,0.0464,1
16930,28420.0,0.02584,0.04776,0,6.8,0.422,0.0792,0
16931,18920.0,0.0346,0.01624,0,4.1,0.28,0.0406,0
16932,21260.0,0.01012,0.00256,0,3.5,0.582,0.035,0
16933,3840.0,0.01489,0.02975,0,5.3,0.259,0.0521,0
16934,2410.0,0.01777,0.0146,0,1.5,0.22,0.0478,0
16935,5310.0,0.04275,0.00821,0,3.2,0.424,0.0611,0
16936,34830.0,0.01702,0.02823,0,4.9,0.228,0.049,0
16937,6310.0,0.03385,0.11376,0,1.5,0.366,0.0467,0
16938,8300.0,0.03744,0.03148,0,3.8,0.573,0.0584,0
16939,116410.0,0.02571,0.01445,0,6.1,0.278,0.0541,0
16940,6920.0,0.03021,0.04862,0,6.1,0.391,0.0706,0
16941,22630.0,0.01192,0.01818,0,4.8,0.469,0.0427,1
16942,33950.0,0.02176,0.04442,4,2.5,0.223,0.0699,1
16943,18390.0,0.00818,0.00478,0,0.6,0.236,0.0586,0
16944,21580.0,0.01935,0.0183,0,4.0,0.244,0.0447,0
16945,17160.0,0.08985,0.06309,0,2.0,0.407,0.0312,0
16946,25770.0,0.00959,0.00362,0,4.2,0.328,0.0543,0
16947,20990.0,0.00654,0.00622,0,1.3,0.514,0.033,0
16948,8090.0,0.01415,0.01472,0,5.8,0.308,0.0501,0
16949,9510.0,0.0078,0.00634,0,3.7,0.339,0.0567,0
16950,4390.0,0.01775,0.04221,0,4.5,0.51,0.0359,0
16951,5680.0,0.04187,0.04073,0,5.4,0.491,0.0382,0
16952,36660.0,0.05319,0.02864,0,1.1,0.281,0.0419,0
16953,21430.0,0.09998,0.18432,0,7.0,0.219,0.0583,0
16954,58690.0,0.03199,0.05094,0,2.7,0.336,0.0586,0
16955,5320.0,0.02226,0.01499,0,4.5,0.437,0.0498,0
16956,19290.0,0.03341,0.03675,0,5.2,0.223,0.0576,0
16957,17950.0,0.01308,0.00745,0,5.1,0.213,0.0322,0
16958,17750.0,0.02714,0.01788,34,1.5,0.375,0.0578,0
16959,3200.0,0.02337,0.02083,0,6.1,0.511,0.0593,1
16960,6430.0,0.01672,0.03049,0,6.8,0.364,0.0423,0
16961,66740.0,0.02712,0.0562,0,5.1,0.369,0.0512,0
16962,3870.0,0.01144,0.02405,0,2.4,0.239,0.0307,0
16963,13030.0,0.04808,0.14238,0,4.6,0.504,0.0789,0
16964,24490.0,0.01316,0.01041,0,5.5,0.56,0.0589,0
16965,6720.0,0.0352,0.0545,0,4.0,0.556,0.0331,1
16966,87990.0,0.02995,0.01533,0,3.1,0.264,0.0444,0
16967,29820.0,0.01196,0.01499,0,0.7,0.584,0.0664,0
16968,11340.0,0.01243,0.01306,0,3.2,0.512,0.0751,0
16969,60450.0,0.02915,0.01248,0,1.8,0.339,0.0402,0
16970,3270.0,0.06265,0.07208,0,3.1,0.233,0.0662,0
16971,17620.0,0.0347,0.03696,24,1.2,0.356,0.056,0
16972,21060.0,0.04451,0.03331,0,5.2,0.343,0.0424,0
16973,38110.0,0.05252,0.02504,0,3.9,0.372,0.0329,0
16974,1700.0,0.02689,0.01642,0,5.4,0.432,0.0605,0
16975,33400.0,0.01298,0.01105,0,4.3,0.438,0.0681,0
16976,7770.0,0.00788,0.00792,0,6.3,0.256,0.0794,1
16977,12370.0,0.00302,0.002,0,2.5,0.498,0.0433,0
16978,111340.0,0.02467,0.01351,0,4.8,0.291,0.0408,0
16979,5890.0,0.00994,0.01019,0,4.7,0.472,0.0633,0
16980,3410.0,0.04504,0.04955,0,6.6,0.455,0.0315,0
16981,3930.0,0.01324,0.00575,0,6.8,0.338,0.0309,0
16982,4770.0,0.0262,0.03947,0,2.2,0.305,0.0614,0
16983,19080.0,0.02986,0.02159,0,1.1,0.307,0.0518,0
16984,19450.0,0.03948,0.06931,0,1.2,0.353,0.0681,0
16985,7350.0,0.02354,0.0105,0,4.3,0.253,0.0643,0
16986,3510.0,0.0057,0.0067,0,6.8,0.544,0.0422,0
16987,21750.0,0.03227,0.02899,0,6.4,0.586,0.0782,0
16988,18510.0,0.01437,0.00647,81,6.5,0.512,0.0508,0
16989,3900.0,0.00338,0.00336,0,4.8,0.223,0.0624,1
16990,13730.0,0.02184,0.0212,0,4.2,0.223,0.0669,0
16991,6680.0,0.00508,0.00204,0,3.2,0.583,0.044,0
16992,9280.0,0.02892,0.0492,0,3.2,0.353,0.0589,0
16993,17110.0,0.01573,0.01851,0,4.2,0.355,0.0642,0
16994,5550.0,0.02711,0.03616,0,6.3,0.505,0.059,0
16995,5430.0,0.02138,0.04193,0,3.2,0.489,0.0351,0
16996,22340.0,0.05386,0.03452,0,4.6,0.45,0.0428,0
16997,8230.0,0.00776,0.01674,0,4.8,0.49,0.0525,0
16998,1990.0,0.00707,0.00262,0,1.5,0.491,0.0391,0
16999,1740.0,0.01355,0.00939,0,4.3,0.427,0.0727,0
17000,5270.0,0.00553,0.00809,0,2.0,0.288,0.0312,0
17001,3990.0,0.02208,0.01627,35,6.6,0.284,0.0381,0
17002,22990.0,0.00444,0.00485,0,2.8,0.537,0.056,0
17003,25290.0,0.00634,0.02312,0,2.0,0.324,0.0522,0
17004,13290.0,0.0121,0.00935,0,3.8,0.36,0.0401,0
17005,5040.0,0.02092,0.04572,0,2.0,0.296,0.0651,0
17006,1470.0,0.01548,0.01632,0,4.2,0.292,0.0732,0
17007,48370.0,0.0068,0.00892,0,6.3,0.311,0.0337,0
17008,52870.0,0.0211,0.0241,0,0.5,0.318,0.058,0
17009,11050.0,0.02061,0.01514,0,0.6,0.214,0.0403,0
17010,1000.0,0.01961,0.00942,0,1.2,0.585,0.0648,0
17011,3870.0,0.00894,0.00713,0,6.5,0.25,0.0312,0
17012,28440.0,0.01058,0.04146,0,0.5,0.584,0.0478,0
17013,2530.0,0.03668,0.02456,0,4.3,0.366,0.075,0
17014,8480.0,0.02702,0.03453,19,0.9,0.351,0.0433,0
17015,18480.0,0.01577,0.00852,0,0.9,0.588,0.0605,0
17016,39510.0,0.03238,0.04341,0,5.6,0.349,0.0341,0
17017,23150.0,0.04459,0.02593,0,1.4,0.476,0.0788,0
17018,8660.0,0.01275,0.01289,0,6.7,0.517,0.066,0
17019,6110.0,0.00971,0.02383,0,6.5,0.538,0.0744,0
17020,18130.0,0.01636,0.02719,0,4.2,0.378,0.0366,0
17021,7410.0,0.03197,0.05645,0,6.7,0.56,0.0467,0
17022,10200.0,0.00816,0.05687,0,0.7,0.235,0.0726,0
17023,7520.0,0.01361,0.01979,0,3.9,0.408,0.0729,0
17024,19430.0,0.01293,0.01545,0,5.9,0.27,0.0669,0
17025,8000.0,0.03723,0.04289,0,2.0,0.504,0.0686,0
17026,12650.0,0.0294,0.03299,0,3.1,0.545,0.0601,0
17027,9050.0,0.00832,0.01524,0,1.4,0.462,0.0759,0
17028,3740.0,0.0247,0.04753,0,1.9,0.356,0.0704,0
17029,3340.0,0.02117,0.02114,0,2.0,0.449,0.0456,0
17030,14820.0,0.01625,0.04728,0,1.2,0.46,0.0596,0
17031,52940.0,0.0154,0.01881,0,0.6,0.505,0.0305,0
17032,17290.0,0.01688,0.03326,0,4.3,0.379,0.0324,0
17033,6620.0,0.02046,0.02883,0,3.1,0.408,0.0757,0
17034,5730.0,0.00808,0.01476,0,4.2,0.226,0.0744,0
17035,9420.0,0.11157,0.14429,0,1.1,0.509,0.0766,0
17036,8930.0,0.00814,0.0029,0,5.8,0.321,0.0581,0
17037,10740.0,0.00939,0.01209,0,3.7,0.565,0.0711,0
17038,32180.0,0.00972,0.02488,0,2.9,0.303,0.0717,0
17039,9930.0,0.03489,0.0271,0,5.2,0.301,0.0703,0
17040,10310.0,0.06315,0.09699,0,5.4,0.544,0.0608,0
17041,7990.0,0.0191,0.0146,0,4.1,0.442,0.0387,0
17042,8140.0,0.0051,0.02254,0,5.1,0.548,0.0587,0
17043,13480.0,0.01464,0.02653,0,2.0,0.443,0.0518,0
17044,7340.0,0.03003,0.03696,0,4.4,0.321,0.0352,0
17045,6470.0,0.02204,0.01437,0,4.3,0.505,0.0778,0
17046,12260.0,0.02525,0.03034,0,3.6,0.553,0.0302,0
17047,5350.0,0.03336,0.04145,0,6.3,0.265,0.0358,0
17048,18720.0,0.00612,0.01338,0,3.7,0.37,0.0698,0
17049,34070.0,0.05217,0.03247,0,5.9,0.328,0.052,0
17050,20540.0,0.01541,0.01759,0,4.7,0.555,0.0739,0
17051,12590.0,0.01524,0.01541,0,2.7,0.24,0.0348,0
17052,2490.0,0.01328,0.01423,0,2.9,0.574,0.0768,0
17053,23270.0,0.03983,0.05269,0,1.3,0.445,0.0724,0
17054,28180.0,0.01748,0.01376,0,5.8,0.259,0.032,0
17055,14660.0,0.03293,0.03395,0,6.4,0.52,0.0473,0
17056,17780.0,0.01253,0.01913,0,5.8,0.499,0.0614,0
17057,8370.0,0.01445,0.01066,0,3.1,0.353,0.0586,0
17058,14340.0,0.00805,0.01221,0,5.9,0.274,0.0676,0
17059,3780.0,0.01323,0.00897,0,4.0,0.205,0.064,0
17060,10310.0,0.04136,0.06246,0,2.8,0.308,0.0486,0
17061,12680.0,0.01958,0.0503,0,6.8,0.401,0.0448,0
17062,4250.0,0.01289,0.01493,0,0.9,0.284,0.0525,0
17063,31130.0,0.01242,0.03021,0,3.1,0.235,0.0576,0
17064,2610.0,0.03569,0.01882,0,1.5,0.307,0.0612,0
17065,7870.0,0.01406,0.01185,0,3.7,0.402,0.0786,0
17066,12250.0,0.02511,0.04066,0,1.5,0.572,0.0758,0
17067,2970.0,0.00947,0.01742,0,0.8,0.393,0.0381,1
17068,38840.0,0.00811,0.00591,31,1.9,0.527,0.0676,0
17069,3880.0,0.01903,0.007,0,3.7,0.553,0.0607,0
17070,7340.0,0.03246,0.0542,0,5.2,0.515,0.0467,0
17071,5010.0,0.01702,0.0117,0,3.4,0.472,0.0411,0
17072,7000.0,0.03285,0.04642,13,1.6,0.521,0.0789,0
17073,25090.0,0.01326,0.01136,0,6.5,0.43,0.0354,0
17074,22880.0,0.02308,0.05558,0,3.7,0.255,0.0367,0
17075,6020.0,0.04468,0.05933,0,6.2,0.2,0.0787,0
17076,10430.0,0.03406,0.04566,0,1.5,0.453,0.0519,0
17077,47560.0,0.0312,0.04867,0,5.6,0.444,0.0338,0
17078,11830.0,0.03189,0.03946,0,5.8,0.215,0.076,0
17079,21450.0,0.02839,0.01281,0,6.3,0.573,0.0432,0
17080,10840.0,0.01785,0.01675,0,1.1,0.472,0.0769,0
17081,7060.0,0.01186,0.02177,0,4.9,0.231,0.0316,0
17082,4500.0,0.02884,0.03027,0,3.1,0.235,0.0479,0
17083,9640.0,0.02535,0.07524,0,4.3,0.476,0.0516,0
17084,69010.0,0.00748,0.00695,0,3.4,0.559,0.0436,0
17085,15950.0,0.01008,0.01351,0,0.8,0.442,0.0561,1
17086,7440.0,0.02498,0.01461,0,1.5,0.354,0.0564,0
17087,12460.0,0.0192,0.03427,0,0.9,0.328,0.0633,0
17088,11320.0,0.01092,0.01418,0,1.4,0.238,0.0511,0
17089,6820.0,0.00662,0.00987,0,2.2,0.24,0.046,0
17090,33280.0,0.01857,0.01931,0,0.6,0.346,0.0783,0
17091,4380.0,0.01312,0.00988,313,6.7,0.435,0.0445,0
17092,18170.0,0.01982,0.02341,0,3.2,0.34,0.0617,0
17093,4620.0,0.0155,0.01023,0,1.7,0.586,0.0655,0
17094,26530.0,0.01397,0.00433,0,2.3,0.284,0.079,0
17095,9010.0,0.021,0.01222,28,1.9,0.408,0.0485,0
17096,22300.0,0.03067,0.01898,0,1.0,0.45,0.0449,0
17097,3810.0,0.00954,0.02745,15,1.4,0.557,0.0751,0
17098,7340.0,0.03677,0.05891,0,6.3,0.458,0.0445,0
17099,8510.0,0.02101,0.0084,0,2.9,0.235,0.0635,0
17100,21750.0,0.01236,0.01479,0,2.9,0.237,0.042,0
17101,12210.0,0.02246,0.0198,0,5.9,0.363,0.0413,0
17102,29400.0,0.01754,0.01427,0,4.3,0.466,0.0775,0
17103,8360.0,0.03285,0.01904,0,3.6,0.554,0.0638,0
17104,17400.0,0.01239,0.01677,0,6.6,0.429,0.0716,0
17105,17690.0,0.02851,0.00996,0,5.0,0.477,0.0655,0
17106,25780.0,0.03009,0.02272,0,6.3,0.433,0.0589,0
17107,8220.0,0.01947,0.02204,0,5.1,0.582,0.0655,0
17108,7260.0,0.01387,0.00505,0,5.1,0.409,0.034,0
17109,41320.0,0.01913,0.0161,0,2.0,0.273,0.0736,0
17110,7000.0,0.06516,0.10866,0,4.0,0.291,0.0409,0
17111,9920.0,0.02065,0.01167,0,3.1,0.559,0.0653,0
17112,8530.0,0.00753,0.02019,0,1.1,0.442,0.0659,0
17113,8360.0,0.03785,0.05806,0,5.8,0.575,0.0689,0
17114,1850.0,0.00854,0.01665,62,4.3,0.534,0.0506,0
17115,27670.0,0.01431,0.00785,0,5.3,0.512,0.0608,0
17116,8930.0,0.03633,0.06567,0,0.9,0.284,0.0418,1
17117,7700.0,0.02263,0.03131,0,5.8,0.44,0.0504,0
17118,7350.0,0.06321,0.10076,0,0.6,0.275,0.0638,0
17119,32380.0,0.02122,0.04318,0,5.0,0.409,0.0606,0
17120,2930.0,0.02638,0.01558,0,4.3,0.487,0.031,0
17121,15800.0,0.0166,0.01687,0,6.3,0.366,0.0406,1
17122,15550.0,0.00611,0.00352,0,5.0,0.417,0.0588,0
17123,30000.0,0.00884,0.02151,0,4.0,0.586,0.0371,0
17124,32010.0,0.01195,0.01467,0,4.9,0.588,0.0578,0
17125,13250.0,0.01982,0.01221,0,0.9,0.593,0.037,0
17126,7130.0,0.01745,0.01758,0,3.4,0.299,0.0396,0
17127,5760.0,0.01696,0.00867,0,4.2,0.537,0.0313,0
17128,5780.0,0.0361,0.03826,0,1.4,0.441,0.0601,0
17129,20500.0,0.03447,0.0263,0,0.9,0.316,0.0303,0
17130,6230.0,0.03109,0.02438,0,0.9,0.472,0.0393,0
17131,8330.0,0.02474,0.05757,0,6.5,0.235,0.0445,0
17132,10040.0,0.01599,0.00656,39,1.4,0.572,0.0658,0
17133,13470.0,0.02279,0.01399,0,5.2,0.572,0.0592,0
17134,14830.0,0.02893,0.01992,0,4.6,0.357,0.059,0
17135,12010.0,0.01638,0.03466,0,3.6,0.493,0.0448,0
17136,2080.0,0.00934,0.0038,0,4.0,0.54,0.0676,0
17137,7550.0,0.01092,0.03991,0,3.7,0.208,0.0309,0
17138,10020.0,0.03039,0.0549,0,5.3,0.457,0.0513,0
17139,7340.0,0.02968,0.0338,0,4.9,0.464,0.0771,0
17140,8080.0,0.02788,0.09208,0,1.1,0.376,0.0428,0
17141,15180.0,0.01618,0.01657,29,1.3,0.542,0.0578,0
17142,20210.0,0.0061,0.01538,0,5.4,0.347,0.042,0
17143,11880.0,0.04382,0.09261,0,2.3,0.442,0.0321,0
17144,4310.0,0.04366,0.08807,0,1.0,0.298,0.0327,0
17145,13770.0,0.01744,0.01661,0,2.0,0.487,0.0401,0
17146,3010.0,0.02282,0.02631,0,1.7,0.5,0.0688,0
17147,42720.0,0.07558,0.04984,0,4.9,0.262,0.0602,0
17148,39780.0,0.01986,0.04237,0,5.9,0.264,0.0757,0
17149,10020.0,0.0258,0.03535,0,4.6,0.557,0.0412,0
17150,5160.0,0.02479,0.05588,69,4.2,0.385,0.0762,0
17151,8740.0,0.07396,0.06316,0,3.7,0.241,0.0398,0
17152,2720.0,0.0091,0.02537,0,0.8,0.349,0.0541,0
17153,35890.0,0.0234,0.04171,0,3.0,0.316,0.0527,0
17154,14360.0,0.01218,0.02749,0,6.1,0.466,0.04,0
17155,4860.0,0.03731,0.10639,0,3.6,0.541,0.0687,0
17156,6610.0,0.03441,0.00646,0,1.1,0.565,0.079,0
17157,10170.0,0.02661,0.02208,0,6.9,0.271,0.0657,0
17158,12990.0,0.02505,0.04073,0,5.0,0.37,0.0773,0
17159,2050.0,0.01983,0.03166,0,4.5,0.437,0.0724,0
17160,6110.0,0.01503,0.03113,0,5.8,0.587,0.0794,0
17161,10810.0,0.01714,0.06482,0,0.8,0.57,0.0795,0
17162,8500.0,0.01307,0.04569,0,5.5,0.411,0.0586,0
17163,5650.0,0.02252,0.01589,0,0.7,0.342,0.0532,0
17164,8720.0,0.0139,0.04368,0,3.6,0.47,0.0399,0
17165,4320.0,0.01495,0.0612,0,5.2,0.358,0.0391,0
17166,7450.0,0.02878,0.03481,0,5.8,0.202,0.0571,0
17167,14280.0,0.00849,0.00285,0,3.5,0.23,0.0635,0
17168,8420.0,0.04155,0.0181,0,0.6,0.292,0.0346,0
17169,10380.0,0.01205,0.01827,0,2.5,0.354,0.0595,0
17170,4650.0,0.01602,0.01731,0,2.0,0.251,0.0595,0
17171,9130.0,0.03796,0.02094,0,4.5,0.287,0.048,1
17172,2740.0,0.03284,0.03464,0,3.0,0.248,0.0654,0
17173,3140.0,0.00911,0.03123,0,1.9,0.574,0.056,0
17174,8450.0,0.00722,0.00724,0,4.6,0.476,0.0635,0
17175,9090.0,0.01083,0.01555,0,4.1,0.533,0.0442,0
17176,4930.0,0.01229,0.01618,0,5.9,0.524,0.0636,0
17177,12020.0,0.02667,0.01899,0,0.9,0.586,0.068,0
17178,40400.0,0.04503,0.13137,0,5.9,0.444,0.0543,0
17179,13970.0,0.01982,0.0103,0,2.7,0.261,0.0404,0
17180,1840.0,0.02817,0.0223,56,2.7,0.534,0.0512,0
17181,7290.0,0.03563,0.04156,0,1.6,0.531,0.063,0
17182,5030.0,0.03144,0.01911,0,3.2,0.505,0.0433,0
17183,8680.0,0.00564,0.0044,0,0.6,0.278,0.0722,0
17184,3980.0,0.01215,0.0069,0,2.4,0.324,0.0619,0
17185,18920.0,0.00533,0.00892,0,6.3,0.552,0.0486,0
17186,56860.0,0.02905,0.06479,0,4.4,0.418,0.0722,0
17187,9240.0,0.01617,0.02414,0,3.5,0.23,0.0364,0
17188,6280.0,0.0246,0.02393,0,4.0,0.468,0.0672,0
17189,6500.0,0.00674,0.02141,0,3.1,0.501,0.0588,0
17190,16280.0,0.01989,0.01526,0,4.9,0.398,0.035,0
17191,35680.0,0.0357,0.01549,0,1.8,0.56,0.0415,0
17192,13780.0,0.01953,0.03281,0,2.8,0.302,0.067,0
17193,12020.0,0.05879,0.019,0,4.2,0.313,0.0537,0
17194,29090.0,0.03042,0.08001,0,4.8,0.346,0.0617,1
17195,8350.0,0.01731,0.02597,397,5.4,0.229,0.0694,0
17196,21410.0,0.04322,0.02978,0,1.7,0.242,0.0796,0
17197,19180.0,0.00644,0.00963,0,3.1,0.405,0.0652,0
17198,16360.0,0.02171,0.09595,0,0.7,0.344,0.0534,0
17199,5150.0,0.00648,0.00743,0,1.7,0.373,0.0306,0
17200,8780.0,0.00978,0.00476,0,4.9,0.366,0.077,0
17201,23460.0,0.04227,0.04323,0,0.9,0.202,0.038,0
17202,4600.0,0.00993,0.01558,0,5.2,0.244,0.0727,0
17203,11060.0,0.00527,0.01333,0,4.6,0.3,0.0603,0
17204,4470.0,0.02964,0.0478,0,1.8,0.323,0.0474,0
17205,12730.0,0.02519,0.01911,0,1.2,0.507,0.0455,0
17206,4390.0,0.00913,0.00814,0,3.9,0.442,0.0474,0
17207,59890.0,0.04066,0.04057,0,2.9,0.431,0.0771,0
17208,13490.0,0.04541,0.02834,294,2.8,0.477,0.0707,0
17209,4350.0,0.02686,0.03527,0,1.3,0.491,0.0571,0
17210,26470.0,0.02187,0.04041,0,4.8,0.544,0.0301,0
17211,15830.0,0.06056,0.04302,0,3.0,0.273,0.0689,0
17212,44740.0,0.03073,0.05717,0,3.9,0.205,0.0439,0
17213,9680.0,0.01105,0.00935,0,3.3,0.234,0.0406,0
17214,12440.0,0.00953,0.00501,0,0.8,0.592,0.0411,0
17215,12880.0,0.0539,0.07613,0,1.6,0.53,0.0564,0
17216,4070.0,0.02703,0.12405,0,1.2,0.273,0.0738,0
17217,8530.0,0.07352,0.15951,0,4.7,0.306,0.0408,0
17218,9190.0,0.01366,0.00826,0,4.7,0.377,0.0503,0
17219,43530.0,0.01396,0.0364,0,6.9,0.43,0.0761,0
17220,5850.0,0.02706,0.0221,0,1.1,0.436,0.0763,0
17221,14210.0,0.02946,0.04131,0,4.9,0.376,0.0479,0
17222,17600.0,0.0189,0.01512,0,4.2,0.424,0.0358,0
17223,6790.0,0.07912,0.03571,70,6.1,0.444,0.0425,1
17224,33090.0,0.01149,0.00767,0,4.4,0.562,0.0307,0
17225,29150.0,0.0146,0.04965,11,6.0,0.537,0.0339,0
17226,24080.0,0.02615,0.09029,0,4.0,0.527,0.0599,0
17227,4290.0,0.0071,0.00454,0,2.9,0.242,0.0507,0
17228,8570.0,0.01431,0.03295,0,2.4,0.369,0.0571,0
17229,2980.0,0.03725,0.01967,0,3.9,0.488,0.0348,0
17230,9860.0,0.01266,0.02695,0,2.1,0.535,0.0425,0
17231,2580.0,0.03554,0.04163,0,6.0,0.322,0.0527,1
17232,15590.0,0.01437,0.01867,0,2.5,0.526,0.0409,0
17233,6910.0,0.00701,0.01848,0,1.9,0.219,0.0638,0
17234,14900.0,0.00726,0.00859,0,1.7,0.277,0.0341,0
17235,8690.0,0.02029,0.00935,67,2.5,0.431,0.0611,0
17236,24510.0,0.03819,0.01581,59,3.5,0.216,0.063,0
17237,34000.0,0.0109,0.00828,0,1.8,0.565,0.0369,0
17238,63370.0,0.01251,0.00568,202,5.3,0.461,0.0448,0
17239,5350.0,0.02567,0.01701,0,1.0,0.235,0.0521,1
17240,20580.0,0.01152,0.01257,0,0.7,0.535,0.0728,0
17241,5730.0,0.00934,0.02289,0,6.6,0.355,0.07,0
17242,8710.0,0.02867,0.02631,0,3.1,0.348,0.0353,0
17243,11860.0,0.00449,0.00375,0,6.6,0.549,0.0594,0
17244,7580.0,0.03001,0.09671,0,5.7,0.583,0.066,0
17245,4170.0,0.03586,0.04541,0,3.6,0.271,0.0382,0
17246,18830.0,0.01114,0.01045,0,5.6,0.571,0.0742,0
17247,16490.0,0.02642,0.0207,0,4.9,0.26,0.0541,0
17248,23490.0,0.01704,0.01059,0,4.3,0.203,0.0754,0
17249,19240.0,0.01701,0.02616,0,6.7,0.416,0.0721,0
17250,14430.0,0.01075,0.00752,0,1.9,0.256,0.0554,0
17251,13420.0,0.02089,0.03957,19,3.1,0.509,0.0485,0
17252,8260.0,0.02778,0.01419,0,0.6,0.271,0.0588,0
17253,32900.0,0.0586,0.04716,0,2.6,0.507,0.0399,0
17254,11270.0,0.01725,0.00564,0,1.2,0.398,0.0697,0
17255,7640.0,0.0117,0.03305,0,3.8,0.59,0.0307,0
17256,9460.0,0.03362,0.03388,0,1.5,0.386,0.0637,0
17257,4970.0,0.0267,0.10721,0,5.7,0.297,0.0664,0
17258,14770.0,0.03929,0.01476,0,5.2,0.325,0.0427,0
17259,43010.0,0.01791,0.01572,39,3.8,0.27,0.0353,0
17260,17510.0,0.00246,0.00423,0,5.0,0.417,0.0498,0
17261,22210.0,0.02384,0.0325,0,2.4,0.543,0.0457,0
17262,5340.0,0.04473,0.01013,0,0.8,0.459,0.0351,0
17263,22840.0,0.00668,0.00325,26,7.0,0.393,0.0665,0
17264,10510.0,0.03787,0.03226,0,3.8,0.502,0.0528,0
17265,19540.0,0.01728,0.0183,0,6.4,0.286,0.0583,0
17266,3030.0,0.02021,0.03083,0,6.4,0.536,0.0411,0
17267,8050.0,0.01674,0.03729,0,1.0,0.217,0.0366,0
17268,10460.0,0.01579,0.01731,0,4.6,0.3,0.0437,0
17269,5180.0,0.03212,0.01534,0,6.8,0.554,0.074,0
17270,8540.0,0.01095,0.01025,0,1.6,0.202,0.0467,0
17271,1150.0,0.00679,0.01066,0,1.4,0.425,0.0731,0
17272,2220.0,0.01027,0.01131,0,2.4,0.284,0.0585,0
17273,4020.0,0.01072,0.00607,0,5.2,0.368,0.0407,0
17274,55840.0,0.02178,0.01286,0,5.2,0.503,0.0587,0
17275,1550.0,0.00411,0.00638,1,2.8,0.2,0.0733,0
17276,67430.0,0.01695,0.01278,64,2.3,0.28,0.0609,0
17277,15890.0,0.03271,0.03884,0,2.9,0.233,0.0793,0
17278,33180.0,0.02193,0.01769,0,4.7,0.382,0.0411,0
17279,3670.0,0.04191,0.04411,0,1.0,0.266,0.0707,0
17280,11320.0,0.02785,0.01377,0,3.7,0.29,0.0385,0
17281,5040.0,0.02802,0.03901,0,5.3,0.344,0.0697,0
17282,5510.0,0.01552,0.03486,0,6.3,0.435,0.0738,0
17283,10950.0,0.00925,0.00352,0,6.2,0.554,0.0593,0
17284,13860.0,0.00974,0.02416,0,0.9,0.51,0.0606,0
17285,15580.0,0.01142,0.01638,308,2.7,0.234,0.0348,0
17286,7220.0,0.01286,0.01008,0,0.6,0.494,0.0662,0
17287,2720.0,0.02302,0.05776,0,2.2,0.307,0.0334,0
17288,49010.0,0.01071,0.00845,0,2.8,0.352,0.0402,0
17289,23960.0,0.01285,0.02345,0,5.7,0.389,0.0696,0
17290,2770.0,0.01615,0.0205,0,6.4,0.476,0.0613,0
17291,7900.0,0.02167,0.0219,75,5.8,0.284,0.0766,0
17292,23940.0,0.03269,0.03649,0,6.0,0.323,0.0772,0
17293,12240.0,0.03311,0.01812,0,6.0,0.528,0.0348,0
17294,33320.0,0.02764,0.065,0,2.7,0.593,0.0302,0
17295,7560.0,0.026,0.0307,0,2.7,0.538,0.077,0
17296,2870.0,0.01779,0.02226,0,1.8,0.315,0.0723,0
17297,14150.0,0.03422,0.01847,0,7.0,0.394,0.0606,0
17298,6780.0,0.01678,0.02373,0,1.5,0.346,0.0416,0
17299,6270.0,0.01021,0.00695,0,6.1,0.313,0.077,0
17300,25210.0,0.06388,0.07188,0,2.1,0.363,0.0725,0
17301,5240.0,0.00979,0.00694,0,2.5,0.565,0.0636,0
17302,5800.0,0.01559,0.00938,0,0.9,0.25,0.0585,0
17303,8840.0,0.01502,0.01505,0,1.9,0.287,0.0342,0
17304,21390.0,0.01614,0.02654,70,6.1,0.542,0.0471,0
17305,37790.0,0.01412,0.01975,219,3.8,0.399,0.0619,0
17306,6110.0,0.01295,0.01275,0,3.7,0.501,0.0572,0
17307,9400.0,0.05128,0.04808,0,4.3,0.45,0.0389,0
17308,12040.0,0.00883,0.01096,0,1.6,0.492,0.073,0
17309,11630.0,0.00483,0.0097,35,0.6,0.429,0.0669,0
17310,22260.0,0.0055,0.00408,0,5.7,0.451,0.033,0
17311,11050.0,0.05045,0.13147,0,1.5,0.207,0.0531,0
17312,23980.0,0.03866,0.05796,0,6.8,0.265,0.0467,0
17313,17390.0,0.02088,0.02564,0,6.3,0.507,0.0457,0
17314,11020.0,0.0626,0.15077,0,5.1,0.228,0.0646,0
17315,13860.0,0.06464,0.06088,0,6.5,0.452,0.0467,0
17316,9550.0,0.01987,0.10019,0,3.0,0.53,0.0619,0
17317,7100.0,0.01011,0.00887,0,4.9,0.564,0.0714,0
17318,19690.0,0.00777,0.02196,0,1.7,0.335,0.0416,0
17319,18940.0,0.04076,0.0556,0,4.0,0.209,0.0391,0
17320,12950.0,0.08209,0.06815,0,0.8,0.416,0.078,0
17321,27120.0,0.17392,0.07029,0,3.0,0.387,0.0336,0
17322,2030.0,0.03344,0.15884,0,6.7,0.297,0.0454,0
17323,11470.0,0.01425,0.01732,0,5.2,0.207,0.0376,0
17324,11940.0,0.00311,0.002,0,3.5,0.381,0.0386,0
17325,3240.0,0.00894,0.01344,0,2.3,0.327,0.0684,0
17326,5810.0,0.01382,0.0188,83,5.1,0.279,0.0604,0
17327,10180.0,0.04089,0.01065,0,2.5,0.288,0.0343,0
17328,12730.0,0.02744,0.0522,0,2.9,0.203,0.0408,0
17329,24800.0,0.02118,0.01266,0,2.0,0.224,0.0792,0
17330,11380.0,0.00846,0.00859,0,6.5,0.587,0.0733,0
17331,14050.0,0.01172,0.03088,0,6.5,0.532,0.0308,0
17332,16900.0,0.0553,0.05546,0,6.1,0.528,0.0478,0
17333,14860.0,0.01963,0.03565,0,4.0,0.48,0.0344,0
17334,2780.0,0.01544,0.00567,0,1.6,0.352,0.0669,0
17335,5380.0,0.03137,0.02599,0,6.6,0.521,0.0554,0
17336,12950.0,0.03265,0.02396,0,1.9,0.28,0.0757,1
17337,18580.0,0.00861,0.01352,0,3.5,0.28,0.0799,0
17338,8200.0,0.03266,0.07887,0,6.6,0.247,0.0414,0
17339,13640.0,0.06025,0.05118,0,1.6,0.456,0.0686,0
17340,6420.0,0.02686,0.06427,0,6.4,0.49,0.0701,0
17341,6580.0,0.08094,0.28493,0,6.1,0.494,0.0589,0
17342,23970.0,0.0113,0.02946,0,3.3,0.522,0.0682,0
17343,26410.0,0.01966,0.00845,0,0.5,0.568,0.0476,0
17344,7150.0,0.03779,0.06036,0,1.8,0.49,0.0669,0
17345,22040.0,0.01361,0.01129,0,5.3,0.414,0.0786,0
17346,2420.0,0.01325,0.0158,392,0.6,0.448,0.0657,0
17347,5020.0,0.02389,0.03132,157,1.3,0.595,0.0654,0
17348,9620.0,0.00589,0.00794,0,0.6,0.344,0.0512,1
17349,9470.0,0.05769,0.04489,0,3.9,0.492,0.0644,0
17350,9340.0,0.01664,0.03384,0,0.6,0.348,0.0547,0
17351,7480.0,0.03869,0.04805,0,4.1,0.297,0.0707,0
17352,33230.0,0.01426,0.01014,0,5.3,0.268,0.0505,0
17353,12980.0,0.01492,0.01601,0,1.5,0.452,0.0539,1
17354,2010.0,0.01258,0.00336,0,4.7,0.241,0.0506,0
17355,10400.0,0.01076,0.05491,0,5.1,0.227,0.0783,0
17356,20300.0,0.02058,0.0276,0,3.3,0.452,0.0764,0
17357,118510.0,0.00929,0.0093,0,3.6,0.589,0.0318,0
17358,12580.0,0.02749,0.02013,0,1.1,0.221,0.0599,0
17359,4190.0,0.02512,0.03445,0,5.5,0.566,0.0735,0
17360,4160.0,0.01508,0.01777,0,5.4,0.316,0.053,0
17361,13630.0,0.01191,0.02387,0,0.8,0.508,0.0309,0
17362,6020.0,0.00605,0.0035,0,7.0,0.264,0.05,0
17363,7400.0,0.00846,0.00787,0,2.9,0.458,0.0312,0
17364,56730.0,0.00413,0.00562,0,6.1,0.54,0.0519,0
17365,13260.0,0.01471,0.01662,0,5.1,0.567,0.0705,0
17366,4610.0,0.02509,0.0232,0,4.9,0.35,0.0501,0
17367,16350.0,0.0148,0.00964,0,5.9,0.433,0.0512,0
17368,1000.0,0.01014,0.00967,0,6.3,0.407,0.0609,0
17369,5490.0,0.00417,0.01298,0,2.7,0.549,0.08,0
17370,4280.0,0.03322,0.00821,0,1.7,0.53,0.0514,0
17371,17980.0,0.01882,0.03688,0,0.6,0.371,0.0533,0
17372,10390.0,0.04695,0.06735,0,4.6,0.588,0.0768,0
17373,79890.0,0.01197,0.01066,0,6.4,0.491,0.062,0
17374,1830.0,0.01354,0.01189,0,4.4,0.532,0.0589,0
17375,21180.0,0.03458,0.02934,0,3.0,0.225,0.0604,0
17376,17580.0,0.03513,0.02605,288,4.2,0.43,0.0496,0
17377,28880.0,0.00618,0.0064,0,6.5,0.211,0.0722,0
17378,23950.0,0.01087,0.00985,0,1.8,0.209,0.0307,0
17379,11720.0,0.02147,0.04897,0,2.1,0.367,0.0725,0
17380,7680.0,0.02097,0.01133,0,2.6,0.262,0.0492,0
17381,2450.0,0.03623,0.04325,0,5.3,0.442,0.0315,0
17382,13820.0,0.01201,0.01059,0,5.4,0.332,0.0793,0
17383,12820.0,0.00913,0.01085,0,4.4,0.296,0.0651,0
17384,30950.0,0.02808,0.041,0,3.0,0.235,0.0651,0
17385,9180.0,0.01318,0.00587,14,4.2,0.219,0.0789,0
17386,4360.0,0.01909,0.05174,0,1.3,0.574,0.0747,0
17387,13080.0,0.01289,0.02049,83,2.6,0.315,0.063,0
17388,11470.0,0.01035,0.01612,0,1.5,0.522,0.04,0
17389,22230.0,0.03254,0.08549,0,1.6,0.571,0.0493,0
17390,11240.0,0.0193,0.00663,0,6.4,0.511,0.0474,0
17391,22250.0,0.02224,0.03828,0,2.5,0.465,0.0586,0
17392,24360.0,0.03854,0.09829,0,4.4,0.273,0.0756,0
17393,9250.0,0.13268,0.28605,0,3.6,0.285,0.076,0
17394,5300.0,0.01123,0.01306,0,1.9,0.248,0.0354,0
17395,8030.0,0.01752,0.01604,0,4.9,0.565,0.0714,0
17396,5970.0,0.0188,0.00998,326,4.1,0.324,0.0329,0
17397,4030.0,0.01659,0.01234,0,4.4,0.406,0.0696,0
17398,21700.0,0.02389,0.02022,0,3.7,0.264,0.0463,0
17399,13010.0,0.01956,0.02863,0,3.8,0.296,0.0752,0
17400,13660.0,0.01219,0.02258,24,5.1,0.509,0.0534,0
17401,45300.0,0.02861,0.04908,0,6.0,0.211,0.0703,0
17402,2000.0,0.03874,0.03208,0,5.6,0.367,0.0497,0
17403,7990.0,0.00858,0.01159,19,6.0,0.274,0.0748,1
17404,31270.0,0.03016,0.0314,0,6.4,0.566,0.0587,0
17405,26200.0,0.02738,0.04261,0,0.6,0.244,0.0357,0
17406,7230.0,0.01753,0.01524,0,3.7,0.467,0.0408,0
17407,6290.0,0.02235,0.03254,0,3.3,0.511,0.0334,0
17408,16880.0,0.02783,0.03132,0,5.1,0.427,0.0408,0
17409,4120.0,0.06713,0.03803,0,0.8,0.549,0.0513,0
17410,8880.0,0.01095,0.00997,0,4.6,0.585,0.0609,0
17411,22890.0,0.01695,0.0299,0,0.6,0.349,0.0315,0
17412,20690.0,0.0094,0.01459,0,7.0,0.482,0.0315,0
17413,41290.0,0.03182,0.10794,0,5.4,0.479,0.0524,0
17414,13930.0,0.03556,0.02958,0,2.3,0.361,0.0379,0
17415,5160.0,0.03455,0.12744,0,4.7,0.274,0.0474,0
17416,5710.0,0.05965,0.09195,0,6.6,0.305,0.0564,0
17417,14780.0,0.00769,0.0047,0,5.4,0.311,0.0497,0
17418,14210.0,0.08099,0.08949,0,6.4,0.413,0.0478,0
17419,27740.0,0.00605,0.00514,0,4.9,0.567,0.0505,0
17420,9290.0,0.00821,0.00573,0,4.2,0.446,0.074,1
17421,7760.0,0.09644,0.1995,0,6.6,0.496,0.0716,0
17422,27070.0,0.04672,0.03213,148,1.7,0.303,0.0309,0
17423,12970.0,0.03674,0.14888,0,2.8,0.543,0.0324,0
17424,97090.0,0.01654,0.05209,0,1.6,0.344,0.0511,0
17425,5830.0,0.03978,0.1296,0,3.9,0.25,0.0398,0
17426,13940.0,0.03782,0.04995,0,6.1,0.393,0.048,0
17427,8630.0,0.01389,0.01671,0,1.4,0.561,0.0623,0
17428,7000.0,0.02608,0.09444,0,2.4,0.35,0.0335,0
17429,1260.0,0.01526,0.01704,0,1.4,0.365,0.0646,0
17430,7650.0,0.00849,0.01306,0,4.4,0.425,0.0379,0
17431,3260.0,0.03135,0.02531,0,3.0,0.282,0.0376,0
17432,12600.0,0.01733,0.03691,0,1.8,0.428,0.0786,0
17433,12660.0,0.04084,0.03517,0,1.0,0.286,0.0512,0
17434,39690.0,0.01814,0.02563,0,3.8,0.342,0.0717,0
17435,4830.0,0.01484,0.03314,0,1.5,0.385,0.0365,0
17436,8030.0,0.00977,0.0075,0,5.2,0.25,0.0315,0
17437,22770.0,0.00876,0.01012,0,5.6,0.226,0.0392,0
17438,25110.0,0.01223,0.01224,0,2.4,0.53,0.0311,0
17439,10670.0,0.00359,0.00865,0,1.6,0.282,0.0583,0
17440,17660.0,0.01313,0.03585,326,4.3,0.205,0.0649,0
17441,12150.0,0.01701,0.00905,0,3.1,0.52,0.0555,0
17442,37250.0,0.01918,0.03567,0,6.6,0.591,0.0736,0
17443,22120.0,0.00877,0.01182,0,4.6,0.281,0.0367,0
17444,28110.0,0.01949,0.01298,0,4.2,0.32,0.0552,0
17445,22650.0,0.12181,0.35757,77,7.0,0.384,0.0621,0
17446,15230.0,0.01056,0.01492,0,3.6,0.307,0.0502,0
17447,15160.0,0.02226,0.02134,0,2.6,0.47,0.0566,0
17448,51310.0,0.02354,0.01701,0,6.6,0.239,0.0336,0
17449,23720.0,0.05574,0.03527,0,4.7,0.544,0.0368,0
17450,14910.0,0.05534,0.02305,0,1.8,0.402,0.0768,0
17451,102510.0,0.02218,0.01674,0,3.5,0.312,0.0307,0
17452,21460.0,0.01332,0.02871,0,6.4,0.487,0.0792,0
17453,14700.0,0.03875,0.10427,0,3.0,0.326,0.0536,0
17454,2480.0,0.04859,0.04011,0,3.4,0.454,0.0383,0
17455,6080.0,0.01012,0.02556,0,5.5,0.356,0.0724,0
17456,6320.0,0.01722,0.01537,0,0.8,0.24,0.0411,0
17457,5160.0,0.01296,0.01115,0,4.7,0.369,0.057,0
17458,17440.0,0.09114,0.05781,0,3.5,0.403,0.0407,0
17459,11660.0,0.0101,0.06612,0,1.1,0.469,0.0674,0
17460,16800.0,0.02355,0.03392,0,5.1,0.362,0.0568,0
17461,3480.0,0.01245,0.01629,0,4.7,0.591,0.0647,0
17462,8520.0,0.02639,0.06675,0,6.8,0.536,0.0506,0
17463,7000.0,0.04863,0.10142,93,1.8,0.485,0.0593,0
17464,27000.0,0.01555,0.03077,0,6.4,0.533,0.0437,0
17465,5410.0,0.0269,0.05154,0,3.7,0.405,0.0785,0
17466,9010.0,0.00729,0.01056,0,3.1,0.238,0.0524,0
17467,26120.0,0.0149,0.02272,0,4.2,0.585,0.0412,0
17468,11830.0,0.01737,0.01223,0,1.3,0.214,0.0559,0
17469,16110.0,0.03424,0.03139,27,4.4,0.371,0.0452,0
17470,30180.0,0.00629,0.00927,0,6.8,0.441,0.0735,0
17471,26280.0,0.02754,0.02378,0,5.2,0.554,0.0308,0
17472,1520.0,0.00529,0.00915,0,5.6,0.407,0.0407,0
17473,7140.0,0.03914,0.04885,0,1.6,0.262,0.0511,0
17474,2320.0,0.01672,0.0109,0,2.1,0.428,0.046,0
17475,9610.0,0.0191,0.03487,0,3.2,0.507,0.0612,0
17476,17360.0,0.01523,0.05128,0,3.4,0.435,0.0537,0
17477,12790.0,0.0154,0.04531,0,1.3,0.495,0.047,0
17478,8340.0,0.00873,0.00324,0,3.6,0.522,0.0742,0
17479,35770.0,0.0448,0.04104,0,5.0,0.466,0.0796,0
17480,26200.0,0.01019,0.00795,375,2.7,0.254,0.0713,0
17481,2680.0,0.00278,0.00647,0,3.5,0.317,0.0667,0
17482,2480.0,0.04351,0.04714,0,5.2,0.43,0.0331,0
17483,14250.0,0.01079,0.01355,0,3.8,0.23,0.0414,0
17484,14090.0,0.01594,0.02262,0,2.1,0.433,0.0626,0
17485,11130.0,0.01334,0.01117,0,3.0,0.321,0.0304,0
17486,20470.0,0.0193,0.05101,0,2.9,0.566,0.0642,0
17487,30870.0,0.00685,0.00795,0,1.8,0.353,0.0601,0
17488,16360.0,0.01405,0.02379,0,6.6,0.282,0.0495,0
17489,23050.0,0.09837,0.04458,0,2.3,0.291,0.0659,0
17490,10380.0,0.02814,0.05601,0,1.2,0.582,0.0744,0
17491,46450.0,0.01794,0.07943,0,4.5,0.378,0.039,0
17492,2770.0,0.0171,0.02373,67,5.7,0.384,0.0303,0
17493,7480.0,0.01439,0.02086,0,6.5,0.499,0.0714,0
17494,2810.0,0.00893,0.02095,0,5.5,0.557,0.0789,0
17495,5380.0,0.05697,0.10587,0,5.9,0.53,0.039,0
17496,34490.0,0.01453,0.00939,0,3.1,0.42,0.0568,0
17497,20030.0,0.00714,0.01644,77,4.8,0.27,0.0742,0
17498,6510.0,0.04118,0.0382,0,3.5,0.523,0.057,0
17499,10280.0,0.01018,0.00535,0,3.4,0.377,0.0479,0
17500,6670.0,0.0056,0.00258,38,3.0,0.591,0.0633,0
17501,15630.0,0.01957,0.01148,0,6.8,0.581,0.0561,0
17502,18410.0,0.01213,0.00829,0,2.9,0.445,0.0763,0
17503,2950.0,0.00707,0.01322,0,6.6,0.515,0.0681,0
17504,23490.0,0.01071,0.02203,0,6.6,0.256,0.0311,0
17505,8210.0,0.00258,0.00228,0,6.2,0.333,0.0315,0
17506,6540.0,0.07145,0.05883,0,1.7,0.322,0.072,0
17507,41280.0,0.01306,0.01007,0,4.8,0.475,0.073,0
17508,48500.0,0.01888,0.01844,0,4.7,0.54,0.0761,0
17509,21430.0,0.02462,0.03039,0,5.1,0.536,0.0664,0
17510,9060.0,0.03888,0.03834,0,4.1,0.289,0.0324,0
17511,31720.0,0.01477,0.01849,0,4.7,0.573,0.0302,0
17512,3540.0,0.03652,0.0274,0,3.9,0.323,0.0431,0
17513,16980.0,0.00628,0.01703,0,5.1,0.229,0.079,0
17514,25100.0,0.04721,0.03843,0,6.9,0.406,0.0476,0
17515,6640.0,0.02476,0.07682,82,3.1,0.523,0.0789,0
17516,19120.0,0.01015,0.04069,0,6.2,0.285,0.0494,0
17517,20900.0,0.01524,0.02645,0,2.2,0.549,0.0635,0
17518,5890.0,0.00234,0.00231,0,4.0,0.365,0.073,0
17519,8330.0,0.02598,0.02384,60,0.7,0.209,0.0757,0
17520,6500.0,0.01151,0.0087,17,5.6,0.274,0.054,0
17521,7560.0,0.01231,0.00809,0,3.2,0.502,0.042,0
17522,22100.0,0.00673,0.00659,0,6.2,0.438,0.0765,0
17523,38190.0,0.00562,0.01594,9,3.1,0.333,0.0418,0
17524,9770.0,0.01705,0.01058,0,5.6,0.245,0.0382,0
17525,14410.0,0.02353,0.03058,0,4.0,0.22,0.0415,0
17526,11060.0,0.06625,0.03871,0,6.0,0.286,0.0361,0
17527,4700.0,0.00984,0.01159,0,3.3,0.302,0.0363,0
17528,31100.0,0.01398,0.03068,0,1.2,0.396,0.0403,0
17529,16770.0,0.02708,0.03695,0,6.1,0.444,0.0436,0
17530,6240.0,0.04871,0.09944,317,4.7,0.401,0.0594,0
17531,33690.0,0.03238,0.04539,0,2.5,0.442,0.0756,0
17532,6120.0,0.08661,0.05428,0,2.1,0.235,0.076,0
17533,3590.0,0.01276,0.03325,0,2.2,0.424,0.0541,0
17534,4980.0,0.03817,0.03491,0,1.0,0.271,0.059,0
17535,3890.0,0.01722,0.01789,0,3.9,0.341,0.0342,0
17536,39630.0,0.01478,0.02284,0,6.9,0.447,0.0673,0
17537,6960.0,0.03674,0.04194,0,6.6,0.59,0.0768,0
17538,1390.0,0.04414,0.06799,0,4.1,0.408,0.0489,0
17539,6620.0,0.01206,0.00913,0,3.4,0.422,0.05,0
17540,18450.0,0.02872,0.02733,0,2.1,0.511,0.0557,0
17541,6590.0,0.01578,0.01161,0,2.9,0.492,0.0469,0
17542,18390.0,0.00897,0.00694,0,5.4,0.518,0.0526,0
17543,3180.0,0.01769,0.03375,0,0.7,0.227,0.0616,0
17544,9660.0,0.00492,0.00519,0,6.0,0.325,0.0793,1
17545,10160.0,0.0374,0.03485,0,5.9,0.584,0.049,0
17546,24070.0,0.01565,0.0154,0,4.1,0.374,0.0374,0
17547,57530.0,0.02347,0.04648,0,2.2,0.302,0.0307,0
17548,19390.0,0.01106,0.01136,0,5.7,0.559,0.0592,0
17549,10820.0,0.01727,0.02049,0,5.0,0.386,0.0794,0
17550,9700.0,0.01421,0.00881,0,5.7,0.295,0.0384,0
17551,4150.0,0.01791,0.01407,0,6.3,0.383,0.0767,0
17552,5550.0,0.01127,0.032,0,5.3,0.449,0.0674,0
17553,12990.0,0.0244,0.0262,43,4.9,0.479,0.0787,0
17554,30900.0,0.02062,0.02764,0,5.9,0.583,0.0503,0
17555,14310.0,0.02508,0.04889,0,3.5,0.551,0.04,0
17556,7940.0,0.02737,0.01466,0,0.7,0.278,0.0321,0
17557,18680.0,0.00594,0.01045,29,4.3,0.357,0.0651,0
17558,20200.0,0.00805,0.01203,0,2.6,0.37,0.0381,0
17559,3210.0,0.00848,0.05326,0,5.1,0.551,0.0663,0
17560,15870.0,0.02526,0.01439,0,1.2,0.576,0.0442,0
17561,14630.0,0.0088,0.00779,0,1.9,0.24,0.0613,0
17562,41650.0,0.00647,0.03516,0,2.8,0.322,0.0328,0
17563,4930.0,0.0733,0.08017,0,1.7,0.315,0.0486,0
17564,5850.0,0.01789,0.0167,0,1.0,0.399,0.049,0
17565,26470.0,0.02303,0.02053,0,2.8,0.498,0.051,0
17566,54940.0,0.04108,0.09197,0,5.6,0.243,0.0681,0
17567,7890.0,0.01067,0.00543,0,3.2,0.208,0.0682,1
17568,20800.0,0.04097,0.02066,0,5.7,0.244,0.0736,0
17569,7270.0,0.01733,0.01046,0,0.5,0.353,0.0301,0
17570,4030.0,0.01538,0.05997,0,0.7,0.234,0.0694,0
17571,6050.0,0.04251,0.02326,0,4.5,0.371,0.0518,0
17572,15240.0,0.01685,0.00835,132,3.5,0.538,0.0622,0
17573,7670.0,0.03226,0.01996,0,4.4,0.566,0.0504,0
17574,7040.0,0.06045,0.05368,0,5.8,0.274,0.0351,0
17575,2920.0,0.01572,0.0229,0,0.8,0.499,0.033,0
17576,7230.0,0.01624,0.05168,0,2.7,0.375,0.0435,0
17577,16250.0,0.01859,0.02513,0,2.9,0.591,0.0713,0
17578,22110.0,0.02484,0.048,0,4.1,0.334,0.0541,0
17579,11600.0,0.02187,0.02235,0,5.2,0.321,0.0589,0
17580,11740.0,0.00891,0.02135,0,5.4,0.509,0.0397,0
17581,7490.0,0.07607,0.13379,0,6.5,0.553,0.046,0
17582,4280.0,0.01787,0.03917,0,4.8,0.389,0.0734,0
17583,9610.0,0.01087,0.00643,0,2.2,0.286,0.0767,0
17584,12460.0,0.0113,0.0122,0,6.3,0.512,0.0644,1
17585,5620.0,0.0145,0.04114,0,5.8,0.295,0.0329,0
17586,9770.0,0.01436,0.01042,0,1.4,0.328,0.0725,0
17587,15790.0,0.00635,0.00297,0,3.7,0.54,0.0621,0
17588,20710.0,0.02366,0.02112,24,5.3,0.586,0.0482,0
17589,11630.0,0.02247,0.01853,0,4.3,0.202,0.0767,0
17590,9590.0,0.01521,0.03322,0,3.0,0.408,0.0432,0
17591,6310.0,0.03746,0.06379,0,2.3,0.219,0.0644,0
17592,6540.0,0.04169,0.05921,0,1.9,0.423,0.0584,0
17593,16180.0,0.00859,0.00408,0,6.9,0.461,0.0719,0
17594,11370.0,0.10837,0.07501,0,6.0,0.332,0.0397,0
17595,9940.0,0.01796,0.01616,0,2.0,0.399,0.0329,0
17596,9620.0,0.01159,0.01402,0,4.9,0.215,0.0405,0
17597,11300.0,0.01008,0.03164,83,1.3,0.599,0.0652,0
17598,15530.0,0.00867,0.00586,0,5.6,0.511,0.0662,0
17599,19970.0,0.01929,0.14665,0,4.5,0.276,0.0733,0
17600,17510.0,0.0203,0.02287,0,1.4,0.428,0.0337,0
17601,4910.0,0.02769,0.01508,0,3.5,0.593,0.0683,0
17602,22920.0,0.01147,0.00784,0,4.9,0.544,0.0304,0
17603,5040.0,0.01382,0.02212,0,2.0,0.281,0.0338,0
17604,15290.0,0.019,0.0348,0,4.5,0.51,0.0496,0
17605,11200.0,0.02054,0.03435,0,3.7,0.586,0.0362,0
17606,4960.0,0.03124,0.02986,0,5.2,0.511,0.064,0
17607,6480.0,0.01494,0.02725,0,4.0,0.504,0.0398,0
17608,32980.0,0.01829,0.01465,0,0.8,0.37,0.068,0
17609,1770.0,0.01208,0.0363,0,6.0,0.433,0.0711,0
17610,3710.0,0.0061,0.01327,51,4.6,0.233,0.0751,0
17611,18790.0,0.01319,0.01993,0,1.9,0.401,0.033,0
17612,15100.0,0.02874,0.02687,0,1.4,0.302,0.0458,0
17613,9680.0,0.01383,0.01198,0,4.1,0.398,0.0732,0
17614,11060.0,0.02729,0.02758,0,4.2,0.309,0.0373,0
17615,6710.0,0.05507,0.06351,61,4.1,0.231,0.0795,0
17616,4960.0,0.00757,0.00291,0,0.9,0.415,0.0553,0
17617,7510.0,0.06344,0.18272,0,1.1,0.504,0.0373,0
17618,24870.0,0.04583,0.03383,0,1.8,0.421,0.0482,0
17619,11810.0,0.01946,0.02001,0,5.4,0.277,0.0444,0
17620,9460.0,0.00901,0.0331,0,6.4,0.318,0.0696,0
17621,4790.0,0.01335,0.00778,0,2.4,0.212,0.0578,0
17622,1000.0,0.03017,0.04533,0,4.0,0.279,0.0727,0
17623,12870.0,0.02549,0.01276,0,4.1,0.369,0.0544,0
17624,17590.0,0.03048,0.09318,0,2.5,0.387,0.044,0
17625,48460.0,0.01346,0.02128,0,2.6,0.361,0.0374,0
17626,5080.0,0.00984,0.0135,0,0.7,0.562,0.0613,0
17627,9950.0,0.0241,0.05078,0,4.2,0.264,0.0429,0
17628,8250.0,0.01918,0.04727,0,1.1,0.271,0.0399,0
17629,21790.0,0.02704,0.04335,50,3.8,0.442,0.0599,0
17630,17140.0,0.0274,0.03519,0,5.8,0.336,0.0449,0
17631,3160.0,0.02488,0.05825,0,2.0,0.529,0.0383,0
17632,5580.0,0.15152,0.10033,0,2.1,0.303,0.0304,0
17633,10800.0,0.01235,0.00843,256,4.2,0.536,0.0594,0
17634,5190.0,0.01107,0.01194,0,3.4,0.217,0.0451,0
17635,17490.0,0.00846,0.01571,0,5.7,0.407,0.0528,0
17636,55830.0,0.00491,0.00941,0,3.6,0.244,0.0475,0
17637,8200.0,0.00785,0.00577,0,1.5,0.58,0.0478,0
17638,5830.0,0.03074,0.11468,0,3.0,0.358,0.0412,0
17639,14490.0,0.01474,0.01277,113,5.5,0.505,0.0345,0
17640,9250.0,0.13171,0.28207,0,1.4,0.414,0.0633,0
17641,5570.0,0.03384,0.12138,0,4.2,0.337,0.0386,0
17642,16400.0,0.02443,0.02031,0,4.2,0.316,0.0623,0
17643,20540.0,0.0909,0.05638,18,0.6,0.441,0.0562,0
17644,56270.0,0.0155,0.0183,26,6.4,0.274,0.0557,0
17645,8270.0,0.01178,0.01294,0,1.7,0.355,0.0712,0
17646,30020.0,0.03834,0.04826,361,1.9,0.274,0.0778,0
17647,4540.0,0.01817,0.02316,0,4.7,0.269,0.0785,0
17648,24530.0,0.0118,0.01314,0,1.3,0.311,0.0423,0
17649,10290.0,0.01375,0.0122,0,3.3,0.274,0.0391,0
17650,15760.0,0.03771,0.04975,0,3.4,0.265,0.0302,0
17651,28240.0,0.00831,0.00778,0,3.9,0.406,0.0593,0
17652,10190.0,0.03089,0.03079,57,4.5,0.314,0.0414,0
17653,9160.0,0.01196,0.03903,0,3.0,0.324,0.0386,0
17654,14780.0,0.05065,0.06786,0,7.0,0.366,0.0425,0
17655,22630.0,0.0492,0.10268,0,3.2,0.526,0.0758,0
17656,11800.0,0.02469,0.01794,0,1.0,0.216,0.064,0
17657,5760.0,0.01179,0.00916,0,5.7,0.376,0.0398,0
17658,3660.0,0.01314,0.00677,0,6.7,0.307,0.0572,0
17659,6760.0,0.01187,0.00645,0,2.3,0.29,0.052,0
17660,9060.0,0.02008,0.06046,0,1.1,0.407,0.0713,0
17661,11680.0,0.03177,0.03907,0,4.3,0.413,0.0371,0
17662,16420.0,0.03082,0.03103,0,6.5,0.558,0.0585,0
17663,4180.0,0.01246,0.00606,0,6.2,0.238,0.0301,0
17664,5200.0,0.01461,0.01385,0,4.6,0.23,0.04,0
17665,3680.0,0.00709,0.00483,0,3.4,0.419,0.0614,0
17666,2540.0,0.00557,0.003,0,5.3,0.554,0.0454,0
17667,8530.0,0.00944,0.00887,0,0.6,0.511,0.0565,0
17668,6500.0,0.00838,0.01729,0,3.2,0.315,0.0397,0
17669,16390.0,0.01606,0.06009,0,6.8,0.232,0.0648,0
17670,13190.0,0.02375,0.01565,0,2.3,0.278,0.0348,0
17671,9730.0,0.00582,0.00611,0,1.1,0.586,0.0737,0
17672,22160.0,0.0178,0.01323,0,3.7,0.362,0.0437,0
17673,21120.0,0.03296,0.10328,0,2.8,0.45,0.0484,0
17674,40300.0,0.02301,0.04258,0,3.2,0.28,0.0514,0
17675,26320.0,0.02852,0.02013,68,2.8,0.573,0.0311,0
17676,20230.0,0.0395,0.16095,0,6.1,0.238,0.0352,0
17677,19300.0,0.00907,0.01579,0,3.8,0.382,0.0365,0
17678,7900.0,0.06916,0.05254,34,1.8,0.455,0.0505,0
17679,6450.0,0.00945,0.0189,0,4.9,0.296,0.0435,0
17680,4530.0,0.02813,0.0094,0,4.5,0.32,0.0798,0
17681,16800.0,0.04396,0.04091,0,1.1,0.37,0.0568,0
17682,9860.0,0.02414,0.04774,0,2.2,0.465,0.038,0
17683,29750.0,0.02408,0.04428,0,2.3,0.375,0.0368,0
17684,2250.0,0.03265,0.01661,0,2.4,0.293,0.0375,0
17685,5760.0,0.02846,0.15173,0,3.1,0.414,0.0662,0
17686,3820.0,0.01227,0.01592,15,5.6,0.51,0.0378,0
17687,13150.0,0.02942,0.04461,0,2.3,0.214,0.0711,0
17688,13930.0,0.01304,0.00661,0,3.6,0.58,0.0305,0
17689,32740.0,0.00769,0.00796,138,5.4,0.39,0.0748,0
17690,19580.0,0.01835,0.05369,0,3.3,0.287,0.0478,0
17691,1820.0,0.05189,0.11566,0,5.3,0.404,0.0568,0
17692,30910.0,0.01397,0.01496,0,3.7,0.2,0.0494,0
17693,6100.0,0.02219,0.00795,0,2.6,0.293,0.0468,0
17694,15990.0,0.05858,0.08796,0,4.4,0.427,0.0471,0
17695,10290.0,0.01599,0.01748,0,0.6,0.282,0.0421,0
17696,23460.0,0.00938,0.00957,18,5.9,0.258,0.0304,0
17697,15180.0,0.01025,0.00626,0,3.6,0.577,0.062,0
17698,24820.0,0.08705,0.02538,0,4.4,0.485,0.0525,0
17699,12150.0,0.03379,0.05469,0,3.0,0.245,0.0305,0
17700,11560.0,0.01899,0.03875,0,6.1,0.547,0.069,0
17701,17690.0,0.01472,0.02153,142,4.7,0.537,0.0546,0
17702,12230.0,0.03681,0.01012,0,1.0,0.394,0.0777,0
17703,5030.0,0.02376,0.03238,0,0.8,0.336,0.0521,0
17704,1000.0,0.00607,0.00519,0,1.8,0.309,0.0341,0
17705,1450.0,0.01722,0.02394,85,3.7,0.508,0.0787,0
17706,23060.0,0.09105,0.12553,0,6.6,0.247,0.0383,1
17707,9560.0,0.01608,0.06864,0,2.9,0.527,0.0473,1
17708,2250.0,0.03691,0.02929,0,4.8,0.264,0.0403,0
17709,57980.0,0.02074,0.04164,0,3.5,0.585,0.0404,0
17710,16020.0,0.05049,0.03521,0,3.2,0.206,0.0381,0
17711,10270.0,0.01982,0.02955,0,4.3,0.24,0.054,0
17712,13740.0,0.02647,0.04265,0,0.5,0.557,0.0461,0
17713,37690.0,0.02072,0.03585,0,5.5,0.554,0.0554,0
17714,18360.0,0.03641,0.02759,0,0.7,0.408,0.0766,0
17715,15650.0,0.02167,0.02496,0,1.3,0.43,0.032,0
17716,10340.0,0.01541,0.01234,0,3.4,0.59,0.0557,0
17717,6970.0,0.04261,0.05815,0,3.8,0.423,0.0489,0
17718,23050.0,0.03375,0.04118,0,4.5,0.413,0.0362,0
17719,9020.0,0.0209,0.01535,0,1.4,0.244,0.0796,0
17720,6590.0,0.03492,0.04299,0,1.0,0.25,0.0659,0
17721,4540.0,0.00544,0.0039,0,6.2,0.31,0.0764,1
17722,19910.0,0.01581,0.0351,272,3.4,0.558,0.0634,0
17723,10430.0,0.03025,0.04027,0,1.3,0.476,0.049,0
17724,4520.0,0.02144,0.02395,0,1.8,0.495,0.0545,0
17725,6440.0,0.0116,0.02276,0,0.9,0.267,0.077,0
17726,49260.0,0.05898,0.12088,0,4.1,0.313,0.0781,0
17727,11830.0,0.02456,0.0715,0,6.0,0.325,0.0585,0
17728,7830.0,0.00936,0.02142,0,6.5,0.414,0.0389,0
17729,20320.0,0.0203,0.01927,0,5.4,0.221,0.0613,0
17730,3760.0,0.00825,0.02835,0,2.7,0.318,0.0442,0
17731,54140.0,0.00347,0.002,0,3.8,0.459,0.0642,0
17732,8520.0,0.00806,0.01963,0,5.8,0.498,0.0301,0
17733,9900.0,0.0204,0.02381,0,1.2,0.382,0.0549,0
17734,14050.0,0.01155,0.02398,0,3.5,0.212,0.0551,0
17735,6850.0,0.03245,0.07456,0,3.9,0.489,0.0662,0
17736,14530.0,0.02669,0.01334,0,2.1,0.263,0.0331,0
17737,4970.0,0.01056,0.01311,0,1.3,0.214,0.0647,0
17738,13920.0,0.02438,0.02775,0,6.9,0.207,0.0393,0
17739,22580.0,0.02914,0.01382,3,6.1,0.209,0.0722,0
17740,14850.0,0.0214,0.03203,0,4.6,0.538,0.0701,0
17741,10680.0,0.01296,0.00758,0,4.3,0.563,0.0484,0
17742,24820.0,0.04017,0.04456,0,4.7,0.591,0.0509,0
17743,10240.0,0.01813,0.04437,0,2.9,0.441,0.0363,0
17744,5250.0,0.03,0.02992,0,2.2,0.407,0.0464,0
17745,10280.0,0.02325,0.00897,0,5.7,0.552,0.0734,0
17746,9470.0,0.01696,0.03527,0,2.0,0.212,0.0611,0
17747,32790.0,0.03109,0.01824,0,5.8,0.368,0.0623,0
17748,12160.0,0.02848,0.02723,0,6.5,0.247,0.0747,0
17749,27620.0,0.02498,0.01613,0,6.4,0.285,0.0414,0
17750,2670.0,0.02945,0.08612,0,4.9,0.448,0.0558,0
17751,34890.0,0.01376,0.04429,0,2.3,0.419,0.0421,0
17752,5850.0,0.00509,0.00983,0,2.0,0.506,0.0489,0
17753,14620.0,0.0183,0.0142,0,4.1,0.369,0.0609,0
17754,5160.0,0.01944,0.0264,0,3.2,0.421,0.0503,0
17755,10520.0,0.03949,0.05995,0,5.5,0.239,0.0775,0
17756,1760.0,0.00596,0.01516,0,6.5,0.462,0.0367,0
17757,22660.0,0.00928,0.01815,0,5.0,0.547,0.051,0
17758,9480.0,0.13305,0.33945,0,5.9,0.544,0.0713,0
17759,11910.0,0.01202,0.01136,0,5.6,0.589,0.0405,0
17760,6570.0,0.05838,0.03853,0,3.0,0.575,0.0396,0
17761,33360.0,0.01615,0.03339,0,4.7,0.222,0.0613,0
17762,11280.0,0.0177,0.01254,0,4.4,0.297,0.0772,0
17763,13080.0,0.04152,0.04581,0,7.0,0.299,0.0362,0
17764,14480.0,0.03191,0.04813,6,3.6,0.312,0.0733,0
17765,24690.0,0.01391,0.01052,20,0.7,0.537,0.0603,0
17766,11060.0,0.0196,0.0134,0,6.6,0.382,0.0788,0
17767,49140.0,0.00877,0.00575,0,4.9,0.562,0.047,0
17768,11720.0,0.01391,0.00602,0,3.3,0.502,0.0576,0
17769,17300.0,0.01182,0.01885,0,6.3,0.346,0.0607,0
17770,12110.0,0.03814,0.02591,0,3.1,0.467,0.0359,0
17771,27550.0,0.01336,0.01684,0,1.5,0.457,0.0573,0
17772,10340.0,0.02591,0.01847,0,6.0,0.401,0.0547,0
17773,12340.0,0.01278,0.0131,0,4.3,0.207,0.0786,0
17774,47510.0,0.01635,0.0212,0,1.1,0.356,0.0418,0
17775,56920.0,0.00478,0.00327,0,0.8,0.239,0.0501,0
17776,8010.0,0.04926,0.07409,0,4.9,0.54,0.0439,0
17777,11110.0,0.01839,0.01095,0,1.2,0.203,0.0486,0
17778,16080.0,0.00833,0.00695,0,5.7,0.302,0.0421,0
17779,6890.0,0.03182,0.04405,0,2.6,0.55,0.0592,0
17780,26920.0,0.00513,0.00289,0,6.7,0.229,0.0646,0
17781,9060.0,0.03158,0.02409,0,2.6,0.315,0.073,0
17782,23170.0,0.03644,0.02987,0,1.6,0.23,0.0748,0
17783,17610.0,0.00542,0.00706,0,0.9,0.36,0.047,0
17784,18260.0,0.02269,0.02734,0,0.9,0.513,0.0669,0
17785,5580.0,0.04276,0.02366,0,5.5,0.31,0.0581,1
17786,3260.0,0.04806,0.03379,0,6.7,0.314,0.0751,0
17787,39740.0,0.1163,0.22921,26,4.0,0.426,0.0484,0
17788,4430.0,0.01016,0.01808,0,6.4,0.432,0.0731,0
17789,4510.0,0.02953,0.10191,29,5.9,0.31,0.0636,1
17790,10910.0,0.02637,0.0542,0,3.6,0.261,0.0795,0
17791,6380.0,0.0233,0.03916,0,6.4,0.43,0.0344,0
17792,13470.0,0.00995,0.00825,0,4.4,0.317,0.0643,0
17793,5210.0,0.02602,0.01933,0,5.5,0.441,0.0392,0
17794,11110.0,0.11057,0.10596,0,3.0,0.364,0.0583,0
17795,16450.0,0.02703,0.00962,0,3.6,0.599,0.0538,0
17796,7100.0,0.02276,0.01415,0,4.7,0.54,0.0709,0
17797,6780.0,0.00598,0.002,0,4.2,0.245,0.0594,0
17798,20060.0,0.01413,0.02001,0,3.9,0.56,0.0728,0
17799,11850.0,0.01604,0.0416,0,4.9,0.317,0.0773,1
17800,4600.0,0.02665,0.05601,0,6.1,0.372,0.0456,0
17801,2840.0,0.01888,0.01929,0,0.7,0.533,0.0645,0
17802,33020.0,0.00332,0.00528,0,4.7,0.474,0.0633,0
17803,5320.0,0.01575,0.01063,0,3.5,0.378,0.0642,0
17804,19730.0,0.0198,0.03848,0,3.2,0.476,0.0608,0
17805,14410.0,0.01366,0.0081,0,5.5,0.409,0.0569,0
17806,27440.0,0.01754,0.02816,0,2.1,0.364,0.0528,0
17807,25340.0,0.00563,0.00755,0,3.7,0.411,0.0799,0
17808,3790.0,0.01051,0.01788,0,6.3,0.279,0.0416,0
17809,17210.0,0.0323,0.02829,0,4.8,0.442,0.0328,0
17810,8950.0,0.04434,0.01891,0,5.2,0.575,0.0412,0
17811,4150.0,0.00685,0.00437,0,2.2,0.544,0.0443,0
17812,2270.0,0.02664,0.03063,0,3.7,0.478,0.0706,0
17813,10870.0,0.02693,0.21266,0,2.7,0.207,0.0528,0
17814,6210.0,0.04342,0.04411,0,6.3,0.313,0.0647,0
17815,14960.0,0.01042,0.01633,0,5.6,0.572,0.0755,0
17816,7890.0,0.01707,0.01658,0,3.6,0.408,0.0429,0
17817,5390.0,0.04051,0.04873,0,6.0,0.301,0.0359,0
17818,12330.0,0.02174,0.01387,0,5.3,0.224,0.0607,0
17819,8900.0,0.01687,0.01745,0,4.3,0.289,0.0742,0
17820,16700.0,0.02101,0.01986,0,0.9,0.512,0.0531,0
17821,15460.0,0.01142,0.01555,0,6.0,0.336,0.0423,0
17822,16570.0,0.01729,0.04735,0,3.0,0.535,0.0658,0
17823,21250.0,0.00649,0.01023,375,5.7,0.217,0.0413,0
17824,40250.0,0.01817,0.04156,0,0.8,0.367,0.0531,0
17825,12440.0,0.02154,0.02584,0,3.3,0.589,0.0597,0
17826,3980.0,0.00863,0.01791,0,0.8,0.465,0.0751,0
17827,19790.0,0.00921,0.0214,79,6.8,0.562,0.0621,0
17828,46480.0,0.0132,0.02242,0,0.9,0.339,0.0401,0
17829,1000.0,0.05855,0.03876,0,4.3,0.203,0.0387,0
17830,6240.0,0.00946,0.01309,0,4.2,0.265,0.0588,0
17831,19070.0,0.03701,0.02613,0,2.6,0.264,0.0445,0
17832,26820.0,0.03497,0.04462,0,2.4,0.441,0.0427,0
17833,5110.0,0.0564,0.06966,0,3.5,0.444,0.0435,0
17834,10330.0,0.01012,0.0034,0,1.0,0.323,0.0366,0
17835,4130.0,0.00573,0.00534,0,2.5,0.497,0.0688,0
17836,7690.0,0.03264,0.11132,0,6.6,0.547,0.0795,0
17837,9400.0,0.0242,0.01865,11,5.4,0.545,0.0666,0
17838,29150.0,0.00872,0.01201,0,2.0,0.347,0.0508,0
17839,23730.0,0.0083,0.00506,0,2.2,0.487,0.045,0
17840,23610.0,0.02717,0.06378,0,6.2,0.506,0.0694,0
17841,9200.0,0.08087,0.09628,0,3.9,0.277,0.075,0
17842,34670.0,0.02951,0.03012,0,2.3,0.206,0.0708,0
17843,15700.0,0.0059,0.01229,0,3.5,0.434,0.0339,0
17844,1910.0,0.01933,0.02164,0,1.5,0.374,0.0411,0
17845,27100.0,0.03816,0.03172,0,5.6,0.366,0.0516,0
17846,16060.0,0.01017,0.01104,0,3.7,0.41,0.0604,0
17847,64310.0,0.03135,0.02667,0,2.2,0.438,0.0685,0
17848,8640.0,0.01974,0.02617,0,6.9,0.351,0.0768,0
17849,12130.0,0.02535,0.01197,45,2.1,0.29,0.0315,0
17850,14450.0,0.01616,0.01305,0,4.4,0.496,0.0491,0
17851,12180.0,0.01521,0.01832,0,3.2,0.361,0.0385,0
17852,19790.0,0.00644,0.01603,0,2.7,0.243,0.0409,0
17853,5000.0,0.00848,0.00627,0,2.7,0.576,0.0798,0
17854,5250.0,0.06216,0.15609,0,1.5,0.378,0.044,0
17855,4260.0,0.0204,0.04081,0,0.8,0.465,0.0466,0
17856,15440.0,0.02803,0.03253,0,4.7,0.441,0.0462,0
17857,14870.0,0.02374,0.0185,80,3.8,0.238,0.0328,0
17858,6390.0,0.01674,0.0098,0,4.3,0.21,0.0383,0
17859,19310.0,0.01865,0.0154,0,1.8,0.511,0.0565,0
17860,25480.0,0.01735,0.02535,0,6.1,0.28,0.0665,0
17861,12900.0,0.01945,0.01776,75,4.6,0.24,0.0336,0
17862,25250.0,0.00552,0.01838,0,6.2,0.576,0.0499,0
17863,7580.0,0.03224,0.01733,0,3.3,0.531,0.0595,0
17864,3940.0,0.0247,0.02084,0,5.9,0.594,0.0741,0
17865,44660.0,0.06507,0.17118,0,6.3,0.518,0.0403,0
17866,2760.0,0.00892,0.01005,0,5.4,0.571,0.0525,0
17867,20690.0,0.02121,0.01375,0,3.9,0.319,0.0684,0
17868,5980.0,0.03242,0.01954,0,2.3,0.357,0.0784,0
17869,18460.0,0.01359,0.02526,0,6.5,0.593,0.0674,0
17870,29440.0,0.02133,0.03082,0,1.1,0.565,0.0364,0
17871,7760.0,0.02473,0.01459,0,6.4,0.435,0.032,0
17872,13110.0,0.05636,0.15618,0,0.6,0.284,0.0421,0
17873,54930.0,0.02133,0.05295,0,6.3,0.57,0.0444,0
17874,6910.0,0.04157,0.07491,50,3.8,0.583,0.0569,0
17875,10070.0,0.00863,0.01834,0,2.8,0.594,0.0608,0
17876,13930.0,0.05322,0.08266,0,4.9,0.571,0.048,0
17877,9280.0,0.01319,0.02023,76,6.6,0.494,0.0346,0
17878,34880.0,0.01413,0.05627,41,3.7,0.233,0.0716,0
17879,5980.0,0.03666,0.03282,0,4.4,0.311,0.0322,0
17880,23400.0,0.0212,0.01102,0,2.0,0.37,0.0777,0
17881,2380.0,0.01972,0.01516,0,2.6,0.504,0.0675,0
17882,4250.0,0.02599,0.01072,0,6.7,0.302,0.0371,0
17883,18530.0,0.0228,0.03496,0,2.3,0.426,0.0388,0
17884,7510.0,0.02645,0.02093,0,3.0,0.53,0.0505,0
17885,32360.0,0.05734,0.06604,0,2.5,0.441,0.0334,0
17886,5640.0,0.0138,0.01528,0,2.4,0.385,0.072,0
17887,21520.0,0.01291,0.01242,0,3.5,0.352,0.0414,0
17888,6010.0,0.01889,0.09371,0,6.6,0.498,0.0396,0
17889,43370.0,0.00623,0.01038,0,2.6,0.211,0.0424,0
17890,9610.0,0.01172,0.0144,0,3.6,0.452,0.0442,0
17891,16480.0,0.04002,0.05036,171,1.1,0.522,0.0411,0
17892,7000.0,0.01125,0.00642,0,4.1,0.267,0.0377,0
17893,32860.0,0.06357,0.0739,0,5.0,0.493,0.0317,0
17894,8610.0,0.07388,0.07719,378,1.9,0.399,0.0306,0
17895,13430.0,0.00342,0.00437,0,4.5,0.507,0.0755,0
17896,13800.0,0.00766,0.00473,0,5.7,0.351,0.0786,0
17897,16690.0,0.02304,0.02067,0,2.3,0.279,0.0714,0
17898,2070.0,0.03536,0.03033,0,4.6,0.399,0.0326,0
17899,19290.0,0.01202,0.015,396,6.3,0.266,0.0478,0
17900,6750.0,0.04681,0.06819,42,2.7,0.513,0.0686,0
17901,28730.0,0.03206,0.03527,0,4.3,0.303,0.0682,0
17902,4110.0,0.01461,0.02367,0,1.8,0.254,0.0495,0
17903,4880.0,0.0075,0.00714,0,4.0,0.436,0.0526,0
17904,5800.0,0.02184,0.02018,0,5.5,0.431,0.035,0
17905,4950.0,0.01888,0.05242,112,2.9,0.239,0.0709,1
17906,6720.0,0.05516,0.0254,0,1.6,0.377,0.0462,0
17907,27230.0,0.01274,0.00331,0,1.5,0.581,0.0678,0
17908,20750.0,0.02568,0.02213,0,6.3,0.487,0.0565,0
17909,7540.0,0.00975,0.02492,0,4.0,0.32,0.0559,0
17910,6930.0,0.02839,0.01338,0,5.1,0.482,0.0716,0
17911,6810.0,0.03852,0.05522,0,1.5,0.345,0.0685,0
17912,44000.0,0.01025,0.01166,66,5.4,0.238,0.0775,0
17913,10990.0,0.0297,0.03754,0,4.2,0.546,0.0483,0
17914,11710.0,0.00752,0.00307,0,2.5,0.562,0.0378,0
17915,40350.0,0.06977,0.1456,0,1.2,0.219,0.0753,0
17916,14100.0,0.01075,0.005,0,2.7,0.259,0.0495,0
17917,4030.0,0.00939,0.0343,0,2.0,0.445,0.0438,0
17918,10710.0,0.00859,0.01164,0,3.5,0.315,0.0658,0
17919,9250.0,0.01403,0.03071,0,2.1,0.464,0.0414,0
17920,4420.0,0.01947,0.02365,0,1.4,0.542,0.0534,0
17921,8210.0,0.05537,0.22552,0,2.0,0.453,0.0677,0
17922,39340.0,0.01879,0.02556,0,6.2,0.388,0.032,0
17923,16530.0,0.08829,0.08837,0,6.7,0.456,0.078,0
17924,14540.0,0.00617,0.01053,0,1.4,0.344,0.0505,0
17925,14920.0,0.01131,0.01464,0,2.2,0.205,0.0446,0
17926,3970.0,0.01491,0.02194,0,0.8,0.344,0.0322,0
17927,2670.0,0.00934,0.02559,0,2.4,0.455,0.0715,0
17928,45980.0,0.03754,0.08544,0,3.8,0.293,0.0742,0
17929,23190.0,0.00511,0.01655,0,1.4,0.452,0.0329,0
17930,4490.0,0.02488,0.02023,0,2.9,0.266,0.0689,0
17931,7890.0,0.02283,0.02382,0,5.3,0.297,0.0331,0
17932,58070.0,0.04596,0.03393,0,0.5,0.416,0.0613,0
17933,2020.0,0.02192,0.02016,0,2.8,0.588,0.0684,0
17934,8760.0,0.02041,0.01007,0,4.2,0.289,0.045,0
17935,15090.0,0.03272,0.07579,0,6.8,0.275,0.0552,0
17936,11070.0,0.00494,0.00958,0,4.2,0.386,0.0748,0
17937,5960.0,0.02959,0.13588,0,4.4,0.474,0.0356,0
17938,10620.0,0.04794,0.12389,0,4.4,0.355,0.0686,0
17939,19280.0,0.02275,0.03504,8,2.6,0.272,0.0428,0
17940,8910.0,0.00707,0.00716,82,2.7,0.531,0.0588,0
17941,4000.0,0.0203,0.02088,0,5.8,0.427,0.0343,0
17942,56450.0,0.0047,0.00305,0,0.9,0.453,0.0639,0
17943,2060.0,0.01144,0.00907,0,5.7,0.328,0.05,0
17944,24310.0,0.01723,0.05373,0,3.1,0.335,0.0528,0
17945,3620.0,0.02375,0.02172,0,3.6,0.495,0.0593,0
17946,19360.0,0.00973,0.0156,0,3.3,0.388,0.0726,0
17947,7610.0,0.0113,0.01057,0,6.1,0.44,0.039,0
17948,3280.0,0.02723,0.02562,0,1.9,0.41,0.0644,0
17949,24340.0,0.04916,0.09315,0,1.6,0.433,0.053,0
17950,5260.0,0.00983,0.00393,0,5.8,0.524,0.0304,0
17951,14060.0,0.01934,0.02626,285,5.1,0.414,0.0429,0
17952,21360.0,0.01135,0.00982,0,2.6,0.499,0.033,0
17953,16130.0,0.01443,0.01033,0,6.7,0.542,0.0656,0
17954,7130.0,0.00939,0.01643,0,5.5,0.313,0.0591,0
17955,5410.0,0.01217,0.00473,0,2.9,0.262,0.0323,0
17956,27260.0,0.01631,0.01157,0,2.5,0.358,0.0423,0
17957,15430.0,0.01896,0.01506,0,6.7,0.34,0.0572,0
17958,6940.0,0.04275,0.04181,0,2.7,0.592,0.0419,0
17959,14000.0,0.01779,0.04766,0,5.9,0.21,0.0737,0
17960,29640.0,0.0215,0.0601,0,1.8,0.587,0.0529,0
17961,55580.0,0.10844,0.16897,0,2.2,0.544,0.0496,0
17962,18970.0,0.00828,0.01168,0,6.4,0.561,0.0605,0
17963,8180.0,0.03828,0.03733,0,2.1,0.45,0.0344,0
17964,7700.0,0.02716,0.01391,0,6.3,0.494,0.061,0
17965,3640.0,0.03236,0.06042,0,1.2,0.563,0.0458,0
17966,9880.0,0.04269,0.05164,0,1.0,0.214,0.0382,0
17967,15220.0,0.03634,0.01529,0,3.8,0.442,0.0527,0
17968,9130.0,0.03424,0.05512,0,2.1,0.381,0.0386,0
17969,4020.0,0.05248,0.04733,0,1.3,0.222,0.0545,0
17970,3070.0,0.02871,0.04449,0,3.8,0.416,0.0369,0
17971,3170.0,0.01018,0.0132,0,6.9,0.236,0.0593,0
17972,13040.0,0.0673,0.09024,0,2.8,0.357,0.0415,0
17973,20050.0,0.01914,0.0145,0,3.2,0.472,0.0619,0
17974,4520.0,0.01899,0.04773,35,5.1,0.437,0.0776,0
17975,7710.0,0.02524,0.02146,0,2.3,0.357,0.054,0
17976,10030.0,0.01152,0.01602,0,0.8,0.372,0.0441,0
17977,9010.0,0.03624,0.05713,0,5.0,0.209,0.0358,0
17978,46780.0,0.00951,0.01135,0,6.6,0.321,0.045,0
17979,9810.0,0.01954,0.02998,0,0.6,0.55,0.0596,0
17980,13490.0,0.00866,0.01283,0,3.6,0.468,0.0356,0
17981,22760.0,0.0196,0.04921,0,1.1,0.436,0.0491,0
17982,4070.0,0.03937,0.01505,0,5.7,0.554,0.043,0
17983,7000.0,0.01398,0.01657,0,1.7,0.506,0.0725,0
17984,16090.0,0.02173,0.02304,87,3.1,0.251,0.0658,0
17985,4040.0,0.00956,0.01316,0,5.4,0.341,0.0625,0
17986,27240.0,0.02006,0.01597,0,4.8,0.306,0.0489,0
17987,56560.0,0.03786,0.05579,0,1.3,0.461,0.03,0
17988,15550.0,0.01514,0.01752,0,6.7,0.359,0.0403,0
17989,22610.0,0.04228,0.04054,0,1.6,0.473,0.0629,0
17990,17180.0,0.01879,0.00812,69,4.7,0.383,0.0586,0
17991,25010.0,0.02466,0.01388,0,3.7,0.567,0.0536,0
17992,13640.0,0.01468,0.02152,0,5.1,0.264,0.0481,0
17993,4450.0,0.01651,0.05106,0,5.6,0.458,0.0498,0
17994,9120.0,0.00801,0.02274,0,6.2,0.229,0.0652,0
17995,10360.0,0.00503,0.00853,0,0.6,0.229,0.0597,0
17996,6450.0,0.01487,0.02259,0,3.1,0.45,0.0521,0
17997,3290.0,0.03643,0.04504,9,2.3,0.576,0.0453,0
17998,11590.0,0.02393,0.015,0,1.2,0.559,0.0454,0
17999,12400.0,0.00698,0.00479,22,6.8,0.434,0.0597,0
18000,10550.0,0.04518,0.02136,0,1.0,0.317,0.0469,0
18001,12690.0,0.02729,0.00931,0,1.1,0.312,0.0551,0
18002,19110.0,0.02224,0.00872,0,3.8,0.293,0.0424,0
18003,3020.0,0.02602,0.0326,0,3.6,0.507,0.0762,0
18004,4190.0,0.00923,0.01528,0,6.0,0.462,0.0395,0
18005,7910.0,0.02092,0.03188,0,0.5,0.466,0.0484,0
18006,6560.0,0.00275,0.00451,0,6.1,0.401,0.0574,0
18007,11770.0,0.05042,0.03259,0,5.4,0.205,0.0364,0
18008,8400.0,0.02179,0.09223,0,6.2,0.516,0.0692,0
18009,5870.0,0.03038,0.03838,0,2.0,0.364,0.0646,0
18010,8030.0,0.01556,0.00561,0,5.8,0.547,0.0493,0
18011,13450.0,0.00808,0.01081,0,3.1,0.365,0.0375,0
18012,28280.0,0.01658,0.02353,0,0.5,0.527,0.0473,0
18013,9400.0,0.01446,0.01949,0,1.2,0.56,0.0473,0
18014,24910.0,0.01962,0.01733,0,4.9,0.201,0.0485,0
18015,9730.0,0.04049,0.03369,0,6.3,0.565,0.0341,0
18016,23990.0,0.02923,0.01703,0,2.6,0.306,0.0346,0
18017,4820.0,0.01281,0.01094,0,3.6,0.517,0.0608,0
18018,31020.0,0.02384,0.02188,0,3.1,0.495,0.0704,0
18019,6650.0,0.01416,0.01937,0,6.4,0.32,0.072,0
18020,21980.0,0.04961,0.07544,56,4.0,0.557,0.0493,0
18021,15710.0,0.00751,0.00655,0,1.1,0.562,0.0359,0
18022,13420.0,0.03183,0.02242,0,4.6,0.542,0.0548,0
18023,11740.0,0.02132,0.06223,0,1.3,0.53,0.039,0
18024,8350.0,0.01018,0.00667,0,1.4,0.349,0.0737,0
18025,5890.0,0.01028,0.01089,63,3.3,0.524,0.0705,0
18026,6490.0,0.00497,0.0022,0,4.3,0.286,0.0427,0
18027,8000.0,0.05091,0.04145,0,0.7,0.57,0.0373,0
18028,33820.0,0.02041,0.03415,0,4.9,0.216,0.034,0
18029,4700.0,0.05421,0.07151,0,6.4,0.422,0.0422,0
18030,11230.0,0.02851,0.05771,0,4.3,0.398,0.0334,0
18031,16770.0,0.01782,0.04046,0,3.5,0.442,0.0414,0
18032,26030.0,0.01098,0.00811,0,2.7,0.508,0.0695,0
18033,7600.0,0.02078,0.02181,0,5.0,0.39,0.0531,0
18034,9420.0,0.0203,0.02953,0,5.1,0.588,0.0513,0
18035,3480.0,0.06284,0.05315,38,0.5,0.287,0.0308,0
18036,18260.0,0.02664,0.0396,0,1.6,0.485,0.0632,0
18037,8710.0,0.00566,0.00945,88,0.8,0.308,0.0335,0
18038,10160.0,0.00816,0.002,0,5.8,0.309,0.0501,0
18039,39950.0,0.00951,0.00361,0,5.0,0.362,0.063,0
18040,22460.0,0.01546,0.10608,46,4.4,0.267,0.0799,0
18041,6780.0,0.00832,0.02456,0,1.8,0.382,0.0475,0
18042,22680.0,0.02538,0.05192,0,5.1,0.4,0.0383,0
18043,6530.0,0.01257,0.01131,0,6.4,0.235,0.0446,0
18044,55640.0,0.01646,0.01387,76,3.0,0.57,0.068,0
18045,12510.0,0.01603,0.01912,52,0.7,0.28,0.0495,0
18046,13360.0,0.00627,0.02848,0,2.1,0.486,0.0342,0
18047,9890.0,0.01028,0.01976,0,4.6,0.453,0.0666,0
18048,26070.0,0.2337,0.28917,0,5.4,0.405,0.0358,0
18049,12150.0,0.03402,0.03745,0,6.6,0.257,0.0537,0
18050,12460.0,0.02138,0.02763,0,1.3,0.214,0.0414,0
18051,3150.0,0.02183,0.00548,0,2.8,0.514,0.0767,0
18052,18030.0,0.03291,0.10301,0,1.2,0.409,0.0406,0
18053,22900.0,0.01597,0.01484,0,2.4,0.278,0.0779,0
18054,2070.0,0.01408,0.01832,0,4.9,0.448,0.0341,0
18055,18800.0,0.01923,0.03594,0,1.8,0.232,0.0337,0
18056,14740.0,0.00791,0.00941,0,0.9,0.452,0.0718,0
18057,3760.0,0.01979,0.02935,0,2.4,0.351,0.0509,0
18058,16960.0,0.04285,0.04444,0,2.0,0.448,0.065,0
18059,14830.0,0.03141,0.0229,0,5.2,0.375,0.0644,0
18060,5770.0,0.01836,0.03572,0,4.1,0.217,0.0506,0
18061,10850.0,0.06842,0.1209,0,4.5,0.436,0.0649,0
18062,7510.0,0.04442,0.03106,0,3.4,0.552,0.0395,0
18063,4570.0,0.02528,0.01105,0,3.7,0.348,0.0711,0
18064,18370.0,0.01683,0.01538,0,1.6,0.288,0.0492,0
18065,10900.0,0.02647,0.04078,0,0.5,0.385,0.0589,0
18066,11780.0,0.01748,0.00925,0,5.9,0.332,0.0772,0
18067,15890.0,0.02214,0.03574,55,4.2,0.361,0.06,0
18068,7190.0,0.02855,0.02597,0,2.0,0.287,0.0656,0
18069,15520.0,0.01861,0.01567,0,2.0,0.569,0.0621,0
18070,2900.0,0.04092,0.04511,0,6.8,0.588,0.0392,0
18071,10740.0,0.03046,0.07898,87,0.8,0.589,0.0489,0
18072,12960.0,0.01874,0.03821,0,3.3,0.557,0.0533,0
18073,4610.0,0.03377,0.02824,0,5.8,0.408,0.0355,0
18074,22220.0,0.01037,0.00899,0,6.0,0.312,0.0746,0
18075,25810.0,0.00687,0.01336,0,6.0,0.587,0.0715,0
18076,6320.0,0.00645,0.00468,0,1.0,0.464,0.0393,0
18077,15860.0,0.01384,0.00752,30,5.9,0.447,0.0474,0
18078,81140.0,0.0107,0.01675,0,1.9,0.218,0.0631,0
18079,16230.0,0.04172,0.05994,0,1.5,0.316,0.0603,0
18080,4820.0,0.01864,0.02079,0,5.6,0.563,0.0442,0
18081,9570.0,0.00875,0.0201,0,1.8,0.315,0.0712,0
18082,13330.0,0.03141,0.09359,13,1.2,0.358,0.0585,0
18083,7770.0,0.02886,0.01524,0,3.5,0.236,0.0538,0
18084,15640.0,0.0195,0.05211,0,5.1,0.298,0.0447,0
18085,43250.0,0.02503,0.01002,49,6.2,0.576,0.0655,0
18086,1450.0,0.02884,0.01791,0,3.4,0.557,0.0794,0
18087,19680.0,0.00944,0.0047,0,0.6,0.434,0.0429,0
18088,7080.0,0.03798,0.0389,0,3.9,0.324,0.0708,0
18089,10640.0,0.01995,0.00776,0,6.3,0.341,0.065,0
18090,7290.0,0.02756,0.03258,0,3.8,0.421,0.0482,0
18091,10740.0,0.02488,0.03153,14,2.5,0.559,0.0612,0
18092,32200.0,0.0204,0.00727,0,6.4,0.489,0.0592,0
18093,23970.0,0.09782,0.16368,0,5.1,0.583,0.0526,0
18094,10370.0,0.01339,0.02371,88,1.6,0.432,0.0619,0
18095,5710.0,0.01764,0.0205,0,2.9,0.43,0.0662,0
18096,16330.0,0.01075,0.01486,0,1.8,0.44,0.0427,0
18097,4640.0,0.08556,0.09398,0,6.8,0.365,0.0495,0
18098,38900.0,0.03288,0.05647,0,6.8,0.365,0.0491,0
18099,55270.0,0.01303,0.17732,0,4.1,0.501,0.0781,0
18100,31840.0,0.02054,0.12567,0,3.0,0.364,0.0708,0
18101,20710.0,0.02593,0.03418,0,1.2,0.353,0.0693,0
18102,46680.0,0.01734,0.01383,0,3.5,0.56,0.0448,0
18103,12000.0,0.03273,0.05187,0,4.5,0.427,0.0391,0
18104,6290.0,0.02063,0.03114,0,5.1,0.247,0.0448,0
18105,15370.0,0.05559,0.05333,0,2.5,0.276,0.035,0
18106,11490.0,0.02223,0.03882,0,0.7,0.567,0.0771,0
18107,7390.0,0.0367,0.07017,0,1.3,0.408,0.0337,0
18108,13280.0,0.01465,0.05529,0,0.6,0.39,0.0387,0
18109,28880.0,0.04901,0.04799,0,5.2,0.561,0.0492,0
18110,3530.0,0.04515,0.05591,0,6.5,0.444,0.0777,0
18111,8140.0,0.00874,0.01977,0,4.5,0.238,0.0589,0
18112,6630.0,0.02373,0.01884,0,4.3,0.243,0.0301,0
18113,6150.0,0.01826,0.0926,0,5.6,0.321,0.0307,0
18114,13020.0,0.06611,0.07606,0,1.5,0.339,0.0797,0
18115,8070.0,0.05573,0.04318,0,6.1,0.593,0.069,0
18116,20030.0,0.01017,0.00761,0,3.0,0.507,0.0536,0
18117,13560.0,0.01513,0.00512,0,4.8,0.349,0.032,0
18118,12470.0,0.00895,0.00735,0,4.5,0.517,0.0684,0
18119,16220.0,0.03458,0.02438,0,4.9,0.59,0.0574,0
18120,14420.0,0.03395,0.04305,0,6.8,0.473,0.0483,0
18121,49330.0,0.01043,0.0268,0,7.0,0.57,0.0535,0
18122,2250.0,0.01456,0.02346,397,3.6,0.504,0.0369,0
18123,28570.0,0.03661,0.10913,0,3.0,0.227,0.0575,0
18124,17430.0,0.08828,0.14305,0,3.7,0.581,0.0615,0
18125,16650.0,0.02565,0.16465,0,0.8,0.213,0.0621,0
18126,13880.0,0.01846,0.00708,0,5.1,0.22,0.0331,0
18127,3870.0,0.01807,0.03363,0,2.9,0.431,0.0696,0
18128,15690.0,0.02266,0.0511,0,6.3,0.206,0.0701,1
18129,4230.0,0.03147,0.02346,0,2.0,0.501,0.0563,0
18130,19880.0,0.00619,0.005,0,7.0,0.397,0.0454,0
18131,7440.0,0.03289,0.04874,0,4.0,0.595,0.0619,0
18132,36310.0,0.05064,0.06197,0,6.7,0.427,0.055,0
18133,10200.0,0.05437,0.03034,0,5.2,0.229,0.0526,0
18134,13970.0,0.01741,0.02457,0,1.3,0.293,0.0455,0
18135,17750.0,0.00518,0.00237,0,1.8,0.284,0.0746,0
18136,15020.0,0.00746,0.00583,0,2.6,0.568,0.0402,0
18137,10280.0,0.0233,0.08416,0,6.4,0.213,0.034,0
18138,6630.0,0.00882,0.03569,0,1.7,0.304,0.0786,0
18139,6460.0,0.00859,0.02134,0,2.3,0.379,0.054,0
18140,10700.0,0.01635,0.01751,0,6.5,0.5,0.045,1
18141,8480.0,0.04758,0.02903,0,1.4,0.403,0.0634,0
18142,8790.0,0.0859,0.15487,0,3.4,0.526,0.0393,0
18143,17120.0,0.04522,0.03094,162,2.7,0.592,0.062,0
18144,8840.0,0.02194,0.05304,0,1.2,0.378,0.0557,0
18145,11920.0,0.00624,0.01858,0,0.8,0.468,0.0591,0
18146,3600.0,0.01725,0.02076,0,6.1,0.473,0.0793,0
18147,36540.0,0.06895,0.0442,0,6.1,0.221,0.0429,0
18148,7510.0,0.07183,0.03093,0,0.7,0.486,0.054,0
18149,10700.0,0.02752,0.03087,0,2.1,0.523,0.0399,0
18150,22780.0,0.03789,0.02356,0,1.2,0.33,0.0735,0
18151,1880.0,0.03141,0.01263,0,5.9,0.472,0.0723,0
18152,8280.0,0.02407,0.02906,0,6.5,0.254,0.0381,0
18153,28190.0,0.02485,0.03243,0,3.3,0.262,0.0768,0
18154,26060.0,0.01483,0.01062,331,3.1,0.386,0.0551,0
18155,6140.0,0.02379,0.02219,0,6.9,0.232,0.072,0
18156,3740.0,0.0133,0.01612,0,0.9,0.5,0.0569,0
18157,9180.0,0.04878,0.06914,0,6.1,0.519,0.0408,0
18158,9880.0,0.01392,0.01528,0,5.5,0.453,0.0328,0
18159,10730.0,0.02629,0.02016,6,5.2,0.374,0.0669,1
18160,28340.0,0.04159,0.0214,0,1.9,0.518,0.042,0
18161,5300.0,0.02191,0.0184,0,3.1,0.369,0.0685,0
18162,17390.0,0.08973,0.03814,0,2.1,0.281,0.0437,0
18163,5490.0,0.01792,0.07788,0,3.2,0.541,0.0646,0
18164,2390.0,0.00927,0.00485,0,0.6,0.39,0.0777,0
18165,2600.0,0.01759,0.00836,0,6.8,0.293,0.0373,0
18166,15990.0,0.01583,0.0117,0,0.8,0.458,0.0781,0
18167,5360.0,0.01608,0.02473,0,1.7,0.306,0.0489,0
18168,3460.0,0.02461,0.03873,0,6.8,0.384,0.0681,0
18169,5440.0,0.03091,0.07921,0,5.6,0.467,0.0784,0
18170,66890.0,0.06349,0.18025,0,4.9,0.42,0.0339,0
18171,7510.0,0.00831,0.00385,0,6.6,0.246,0.0419,0
18172,45010.0,0.03425,0.02549,0,1.0,0.221,0.0699,0
18173,8740.0,0.00809,0.01108,0,2.4,0.386,0.038,0
18174,5340.0,0.01152,0.00876,0,1.2,0.567,0.0618,0
18175,14410.0,0.02454,0.02409,0,5.3,0.218,0.0686,0
18176,10220.0,0.07865,0.21273,0,1.3,0.32,0.0689,0
18177,23770.0,0.01735,0.01435,0,2.1,0.29,0.06,0
18178,10700.0,0.00303,0.002,19,1.7,0.444,0.0346,0
18179,7660.0,0.01414,0.02313,0,6.5,0.59,0.0485,0
18180,31190.0,0.00862,0.0084,0,1.2,0.515,0.0387,0
18181,2920.0,0.01851,0.02033,0,0.7,0.257,0.0395,0
18182,24070.0,0.00954,0.01061,0,5.6,0.493,0.0482,0
18183,2930.0,0.00644,0.0061,0,2.8,0.44,0.0679,0
18184,11190.0,0.09321,0.11911,0,5.7,0.358,0.0706,0
18185,10100.0,0.01382,0.07059,0,3.8,0.377,0.0757,0
18186,23220.0,0.02486,0.01139,0,3.6,0.416,0.0746,0
18187,3960.0,0.04427,0.04052,0,6.4,0.401,0.0657,0
18188,8200.0,0.03393,0.02036,0,2.3,0.489,0.0328,0
18189,2910.0,0.01761,0.02882,0,1.5,0.485,0.0342,0
18190,11400.0,0.01591,0.01446,0,6.1,0.255,0.0663,0
18191,9380.0,0.01232,0.01217,0,1.4,0.271,0.0761,0
18192,11840.0,0.02829,0.0375,0,0.6,0.282,0.0364,0
18193,5000.0,0.01563,0.0182,0,3.2,0.514,0.0441,0
18194,10670.0,0.02262,0.04596,0,1.1,0.354,0.0497,0
18195,5680.0,0.02242,0.0142,0,5.2,0.351,0.039,0
18196,14090.0,0.00892,0.00959,0,7.0,0.277,0.0398,0
18197,12880.0,0.02453,0.01835,0,4.4,0.368,0.0431,0
18198,20350.0,0.01551,0.03462,0,6.2,0.258,0.0508,0
18199,4830.0,0.02207,0.02538,0,3.7,0.404,0.077,0
18200,6390.0,0.01202,0.03273,0,3.8,0.406,0.0722,0
18201,32370.0,0.0154,0.02367,0,2.3,0.294,0.0629,0
18202,10740.0,0.02493,0.04709,0,1.1,0.392,0.0307,0
18203,6370.0,0.03199,0.11603,0,6.2,0.241,0.0749,0
18204,4370.0,0.00455,0.01377,0,4.0,0.598,0.0463,0
18205,8720.0,0.01023,0.01941,0,4.4,0.388,0.0416,0
18206,14110.0,0.01094,0.01889,0,6.1,0.475,0.0323,0
18207,20420.0,0.02116,0.01194,0,2.4,0.357,0.045,0
18208,22980.0,0.03396,0.04123,0,1.2,0.369,0.064,0
18209,140510.0,0.02381,0.00799,0,4.4,0.488,0.0502,0
18210,8100.0,0.00573,0.00917,0,6.0,0.544,0.0549,0
18211,20880.0,0.00373,0.00589,16,1.6,0.256,0.0704,0
18212,19130.0,0.06788,0.1647,0,5.8,0.541,0.0519,0
18213,22430.0,0.00997,0.01798,0,3.3,0.464,0.0597,0
18214,19330.0,0.03663,0.03518,0,2.6,0.266,0.0658,0
18215,17450.0,0.01122,0.01347,0,3.8,0.281,0.0403,0
18216,5070.0,0.01026,0.01286,0,5.2,0.596,0.0673,0
18217,6710.0,0.01009,0.00924,0,1.7,0.293,0.0721,0
18218,7940.0,0.01185,0.01371,13,3.7,0.217,0.0562,0
18219,14420.0,0.01612,0.01417,0,0.8,0.323,0.0579,0
18220,35570.0,0.02628,0.01763,0,2.7,0.378,0.0615,0
18221,13340.0,0.06782,0.03418,0,6.5,0.467,0.0646,0
18222,4770.0,0.0271,0.04818,0,4.6,0.246,0.0498,0
18223,8470.0,0.0341,0.02078,0,1.8,0.529,0.034,0
18224,3200.0,0.023,0.03559,0,1.4,0.329,0.0626,0
18225,14140.0,0.01574,0.01443,0,6.5,0.326,0.0705,0
18226,8800.0,0.01149,0.01947,0,3.4,0.37,0.054,0
18227,8530.0,0.02162,0.01839,0,1.6,0.421,0.0746,0
18228,12620.0,0.04424,0.04736,0,2.9,0.317,0.0472,0
18229,11220.0,0.02459,0.047,0,4.2,0.519,0.0498,0
18230,4510.0,0.00594,0.01054,0,6.5,0.297,0.0442,0
18231,20810.0,0.01937,0.01105,0,5.2,0.479,0.0682,0
18232,15040.0,0.02424,0.01654,0,1.6,0.515,0.031,0
18233,24100.0,0.02673,0.03804,0,4.0,0.397,0.0746,0
18234,5070.0,0.03048,0.05384,0,6.3,0.57,0.035,0
18235,11910.0,0.01076,0.13676,0,3.1,0.267,0.0372,0
18236,13640.0,0.00783,0.00288,0,2.5,0.468,0.0357,0
18237,22670.0,0.02243,0.01591,0,6.2,0.526,0.0431,0
18238,13370.0,0.0349,0.0222,0,4.5,0.429,0.0347,0
18239,5140.0,0.09017,0.10473,0,5.8,0.595,0.0535,0
18240,3210.0,0.01849,0.03235,0,6.0,0.384,0.05,0
18241,20390.0,0.01285,0.01138,0,1.0,0.565,0.0729,0
18242,18020.0,0.01976,0.02976,0,2.9,0.234,0.0758,0
18243,4800.0,0.02123,0.05318,0,1.7,0.393,0.066,1
18244,17680.0,0.03202,0.01015,0,7.0,0.204,0.0538,0
18245,7720.0,0.01374,0.05812,21,3.5,0.396,0.0479,0
18246,3110.0,0.03326,0.06384,0,5.5,0.275,0.0688,0
18247,14270.0,0.03133,0.05505,0,5.2,0.265,0.0313,0
18248,5760.0,0.01078,0.00367,0,2.3,0.384,0.0357,0
18249,9970.0,0.02572,0.02227,0,3.3,0.282,0.0662,0
18250,27570.0,0.01472,0.0383,0,3.7,0.225,0.0655,0
18251,5280.0,0.04276,0.04557,0,4.1,0.453,0.0429,0
18252,13560.0,0.0405,0.04923,0,6.9,0.376,0.0706,0
18253,28190.0,0.00586,0.00411,0,1.9,0.497,0.0713,0
18254,31540.0,0.018,0.03382,0,4.7,0.411,0.0736,0
18255,4630.0,0.04759,0.03589,0,6.0,0.575,0.0516,0
18256,26840.0,0.0102,0.0036,0,4.7,0.549,0.0527,0
18257,16390.0,0.01936,0.01214,0,6.2,0.275,0.0384,0
18258,7240.0,0.00992,0.01171,0,2.0,0.482,0.0798,0
18259,6040.0,0.01487,0.02842,0,6.9,0.397,0.0766,0
18260,10490.0,0.0072,0.00786,0,3.2,0.253,0.0312,0
18261,19320.0,0.00521,0.00964,0,3.2,0.368,0.051,0
18262,22530.0,0.01186,0.00663,0,5.8,0.264,0.0697,0
18263,1570.0,0.03215,0.04203,0,5.6,0.458,0.0412,0
18264,10510.0,0.02513,0.02545,66,5.5,0.547,0.0543,0
18265,10310.0,0.00814,0.00861,0,5.1,0.281,0.0673,0
18266,15610.0,0.01986,0.01023,83,2.7,0.401,0.0312,0
18267,7380.0,0.03502,0.08687,0,0.7,0.527,0.0704,0
18268,11990.0,0.05978,0.04118,0,4.3,0.585,0.067,0
18269,26860.0,0.01199,0.01097,0,4.8,0.448,0.0644,0
18270,10070.0,0.02173,0.02076,0,5.7,0.377,0.0361,0
18271,18650.0,0.00481,0.00372,0,2.3,0.475,0.031,0
18272,24300.0,0.0181,0.02017,0,5.4,0.494,0.0687,0
18273,10380.0,0.02652,0.01389,126,5.4,0.313,0.0434,0
18274,1990.0,0.02853,0.02295,0,5.5,0.301,0.0465,0
18275,3000.0,0.00661,0.01066,0,6.3,0.49,0.0792,0
18276,3570.0,0.01583,0.01131,161,6.8,0.588,0.0795,0
18277,5730.0,0.02166,0.04519,0,3.6,0.374,0.033,0
18278,6130.0,0.0453,0.10633,0,2.7,0.581,0.0676,0
18279,25640.0,0.03757,0.02335,0,6.2,0.576,0.0407,0
18280,15140.0,0.02107,0.01865,0,5.3,0.35,0.0476,0
18281,14070.0,0.01814,0.01524,0,2.4,0.473,0.0428,0
18282,14320.0,0.03494,0.02323,0,0.6,0.464,0.0668,0
18283,8610.0,0.11033,0.0952,0,2.7,0.534,0.031,0
18284,12960.0,0.00825,0.01892,0,4.6,0.221,0.0682,0
18285,21320.0,0.01557,0.01193,0,4.6,0.305,0.0381,0
18286,10320.0,0.03244,0.0448,0,5.6,0.484,0.0714,0
18287,8130.0,0.01026,0.01011,0,1.1,0.425,0.032,0
18288,16020.0,0.02025,0.03582,0,5.8,0.453,0.0753,0
18289,26230.0,0.02771,0.08474,0,6.2,0.257,0.0452,0
18290,15320.0,0.0178,0.00692,0,5.1,0.286,0.036,0
18291,2190.0,0.00917,0.01859,0,6.6,0.366,0.0611,0
18292,4100.0,0.03924,0.07268,0,5.4,0.451,0.0723,0
18293,16000.0,0.01455,0.03835,0,3.2,0.475,0.0483,0
18294,10190.0,0.03607,0.03771,0,1.0,0.379,0.0742,0
18295,9110.0,0.01856,0.0332,0,5.5,0.59,0.0382,0
18296,9530.0,0.02312,0.02407,0,4.4,0.471,0.044,0
18297,16900.0,0.01313,0.01321,0,4.3,0.412,0.07,0
18298,12330.0,0.01312,0.01266,0,6.2,0.349,0.0743,0
18299,24300.0,0.00744,0.01168,0,2.8,0.258,0.0736,0
18300,1090.0,0.01434,0.01699,19,6.8,0.223,0.0421,0
18301,23860.0,0.01894,0.02481,0,0.5,0.455,0.071,0
18302,12790.0,0.02861,0.00477,0,2.7,0.267,0.0734,0
18303,28030.0,0.01098,0.02219,0,2.7,0.56,0.0476,0
18304,8840.0,0.0135,0.01504,0,6.9,0.218,0.0364,0
18305,8390.0,0.02683,0.04905,0,4.3,0.259,0.0707,0
18306,62270.0,0.01756,0.02087,0,3.4,0.553,0.0516,0
18307,12520.0,0.01109,0.01065,0,3.4,0.203,0.0355,0
18308,21260.0,0.03101,0.1495,0,6.2,0.512,0.0403,0
18309,16160.0,0.00898,0.01018,0,6.2,0.593,0.0686,0
18310,17640.0,0.00993,0.01103,0,4.8,0.407,0.0358,0
18311,15230.0,0.00528,0.00454,0,0.8,0.304,0.0731,0
18312,155260.0,0.01583,0.02313,0,5.3,0.273,0.0616,0
18313,5230.0,0.0286,0.09483,0,3.7,0.329,0.063,0
18314,5780.0,0.01926,0.0174,0,0.8,0.472,0.0618,0
18315,20420.0,0.0253,0.00635,71,1.9,0.309,0.0605,0
18316,5750.0,0.01395,0.00857,0,2.6,0.43,0.0596,0
18317,16500.0,0.00926,0.00561,0,4.2,0.341,0.0711,0
18318,11040.0,0.01042,0.02214,0,1.0,0.344,0.0507,0
18319,21160.0,0.02149,0.06596,0,3.6,0.463,0.0481,0
18320,18480.0,0.01291,0.01399,0,5.6,0.441,0.0389,0
18321,15880.0,0.03799,0.10492,0,2.3,0.342,0.0479,0
18322,5580.0,0.01876,0.01207,0,3.7,0.48,0.0348,0
18323,10060.0,0.02702,0.02623,39,5.5,0.207,0.0603,0
18324,5070.0,0.01538,0.02252,0,6.6,0.288,0.0551,0
18325,2960.0,0.0163,0.01033,0,3.3,0.372,0.0696,0
18326,26560.0,0.01636,0.01928,0,6.1,0.451,0.0494,0
18327,5070.0,0.09571,0.11392,0,1.1,0.353,0.0465,1
18328,39300.0,0.01947,0.01054,0,5.0,0.307,0.0335,0
18329,7090.0,0.00725,0.01021,0,3.6,0.224,0.0441,0
18330,3180.0,0.02792,0.0363,0,1.9,0.516,0.0333,0
18331,7020.0,0.0137,0.01602,0,1.4,0.234,0.0662,0
18332,4650.0,0.05827,0.10726,0,2.7,0.358,0.0536,0
18333,33780.0,0.02104,0.01744,0,4.6,0.499,0.0528,0
18334,19130.0,0.00924,0.00865,0,4.9,0.217,0.0556,0
18335,10070.0,0.00661,0.00527,0,1.3,0.405,0.0788,0
18336,18130.0,0.01429,0.02476,0,6.9,0.279,0.0653,0
18337,12690.0,0.00795,0.00647,0,4.4,0.507,0.0373,0
18338,27270.0,0.03173,0.07129,26,2.2,0.57,0.0482,0
18339,4870.0,0.03851,0.03419,0,5.5,0.599,0.0702,0
18340,10920.0,0.01314,0.01614,0,6.3,0.293,0.0365,0
18341,5330.0,0.06271,0.04135,0,5.7,0.464,0.0567,0
18342,22670.0,0.00503,0.00627,0,5.3,0.378,0.0697,0
18343,3850.0,0.04352,0.0562,0,1.6,0.265,0.0375,0
18344,17220.0,0.02985,0.01369,0,6.2,0.391,0.0577,0
18345,3430.0,0.01714,0.0139,0,4.3,0.353,0.0769,0
18346,13070.0,0.04959,0.08909,0,0.6,0.326,0.0377,0
18347,20340.0,0.02402,0.01867,0,4.8,0.346,0.0783,0
18348,20370.0,0.03383,0.01533,0,6.5,0.367,0.0664,0
18349,19650.0,0.04165,0.04968,0,6.0,0.276,0.0728,0
18350,7910.0,0.0227,0.02181,0,1.0,0.507,0.0521,0
18351,6710.0,0.00815,0.00967,0,5.1,0.314,0.0407,0
18352,6460.0,0.00994,0.01839,0,4.6,0.204,0.0569,0
18353,22070.0,0.02108,0.013,0,3.6,0.5,0.0632,0
18354,42090.0,0.03569,0.07132,0,3.9,0.226,0.0337,0
18355,4720.0,0.02202,0.0146,351,2.0,0.449,0.0507,0
18356,60440.0,0.01601,0.02487,0,2.2,0.472,0.0493,0
18357,9520.0,0.04342,0.07262,0,6.1,0.457,0.076,0
18358,5390.0,0.01528,0.02978,0,6.6,0.454,0.0473,0
18359,19280.0,0.03383,0.03094,0,3.8,0.464,0.0317,0
18360,11060.0,0.01763,0.02689,0,0.6,0.249,0.0503,0
18361,44930.0,0.00753,0.00383,0,4.6,0.397,0.0443,0
18362,54640.0,0.00882,0.00515,67,6.9,0.463,0.0646,1
18363,9790.0,0.01988,0.01961,0,4.5,0.409,0.0499,0
18364,26210.0,0.01448,0.09659,20,4.3,0.307,0.0332,0
18365,32210.0,0.02898,0.0586,0,4.4,0.211,0.0367,0
18366,11540.0,0.0139,0.02012,0,4.1,0.211,0.0746,0
18367,6020.0,0.03692,0.02758,0,6.1,0.462,0.0709,0
18368,123460.0,0.01379,0.01154,0,5.6,0.434,0.0327,0
18369,18820.0,0.02487,0.01162,14,6.4,0.599,0.0478,1
18370,4940.0,0.02024,0.02064,21,0.7,0.488,0.038,0
18371,7710.0,0.02275,0.01993,0,1.5,0.34,0.0679,0
18372,15550.0,0.01948,0.01609,0,5.4,0.318,0.0571,0
18373,13120.0,0.02587,0.03402,0,5.1,0.355,0.0579,0
18374,22630.0,0.03543,0.05523,0,4.4,0.402,0.0414,0
18375,5650.0,0.02768,0.02382,0,4.2,0.526,0.035,0
18376,15270.0,0.01154,0.0074,0,6.8,0.362,0.0384,0
18377,3080.0,0.03162,0.05185,0,6.8,0.424,0.0708,0
18378,11060.0,0.00822,0.02516,0,1.4,0.409,0.0434,0
18379,18590.0,0.00663,0.00965,0,0.6,0.427,0.0581,0
18380,50900.0,0.08878,0.28595,0,4.2,0.438,0.0506,0
18381,12540.0,0.01676,0.01827,0,4.2,0.211,0.0556,0
18382,18720.0,0.00724,0.00672,0,3.5,0.427,0.0502,0
18383,14010.0,0.02071,0.02332,0,3.9,0.389,0.0326,0
18384,3310.0,0.03773,0.05793,0,5.3,0.507,0.0744,0
18385,6790.0,0.00689,0.00834,0,6.7,0.241,0.0521,0
18386,17810.0,0.00427,0.00723,0,5.9,0.429,0.0364,0
18387,6210.0,0.01059,0.00861,0,3.9,0.473,0.0336,0
18388,6890.0,0.02945,0.05283,0,2.3,0.385,0.0526,0
18389,4950.0,0.01893,0.01909,0,4.7,0.396,0.062,0
18390,41700.0,0.06004,0.04307,0,4.0,0.205,0.0674,0
18391,32230.0,0.02507,0.01835,0,3.5,0.448,0.0305,0
18392,11070.0,0.01701,0.00646,0,3.4,0.533,0.0402,0
18393,107230.0,0.0227,0.01444,0,6.3,0.462,0.0646,0
18394,12090.0,0.02556,0.01632,0,6.0,0.462,0.077,0
18395,6360.0,0.04492,0.0734,0,2.5,0.211,0.0412,0
18396,13480.0,0.07514,0.25769,0,1.4,0.327,0.0685,0
18397,14390.0,0.09409,0.0692,0,6.4,0.401,0.0492,0
18398,3200.0,0.0251,0.19573,0,6.6,0.521,0.0343,0
18399,41780.0,0.05568,0.03206,0,3.5,0.463,0.0466,0
18400,6280.0,0.02257,0.01692,0,6.3,0.595,0.047,0
18401,6050.0,0.0151,0.01971,0,5.3,0.554,0.0341,0
18402,11900.0,0.03178,0.06455,0,6.9,0.594,0.0729,0
18403,12260.0,0.01676,0.014,0,6.3,0.578,0.0526,0
18404,3480.0,0.00479,0.01028,0,4.2,0.33,0.057,0
18405,39320.0,0.01871,0.01054,0,3.9,0.405,0.0518,0
18406,2930.0,0.0124,0.00797,0,6.2,0.406,0.0523,0
18407,8050.0,0.01983,0.02595,0,3.3,0.406,0.0782,0
18408,17440.0,0.05698,0.01931,0,1.3,0.397,0.0482,0
18409,11760.0,0.0134,0.01461,0,4.9,0.251,0.0309,0
18410,13050.0,0.03749,0.05504,0,4.8,0.279,0.0528,0
18411,32740.0,0.02918,0.02522,0,5.3,0.534,0.0716,0
18412,7100.0,0.0099,0.02334,0,5.0,0.226,0.0369,0
18413,78970.0,0.02755,0.0759,0,4.1,0.595,0.0788,0
18414,32510.0,0.04036,0.03269,0,2.6,0.261,0.0653,0
18415,6190.0,0.02906,0.02016,0,0.8,0.319,0.073,0
18416,22770.0,0.03742,0.03158,0,6.1,0.521,0.0419,0
18417,7490.0,0.00706,0.0066,0,6.4,0.572,0.031,0
18418,4510.0,0.01323,0.04332,0,3.1,0.352,0.0726,0
18419,12270.0,0.01098,0.0033,0,4.4,0.441,0.0475,0
18420,66640.0,0.0055,0.00711,0,4.7,0.592,0.0731,0
18421,37320.0,0.02011,0.02523,0,3.3,0.372,0.0359,0
18422,4170.0,0.03172,0.05031,0,5.8,0.537,0.0768,0
18423,24010.0,0.01363,0.00954,0,0.9,0.356,0.038,0
18424,9980.0,0.00694,0.01333,0,5.3,0.502,0.0424,0
18425,3440.0,0.03337,0.02648,0,2.5,0.214,0.041,1
18426,45430.0,0.04652,0.06531,0,3.7,0.225,0.0484,0
18427,6010.0,0.03078,0.02573,0,6.6,0.221,0.0475,0
18428,5840.0,0.03518,0.04513,0,2.6,0.327,0.0447,0
18429,5360.0,0.00585,0.00589,0,3.4,0.564,0.0636,0
18430,15560.0,0.03679,0.0393,0,5.7,0.409,0.0557,0
18431,5870.0,0.03262,0.01644,0,4.1,0.452,0.0775,0
18432,17970.0,0.0202,0.02584,0,2.8,0.593,0.0391,0
18433,9350.0,0.01186,0.00829,0,1.8,0.491,0.0704,0
18434,7070.0,0.0056,0.00446,0,1.9,0.585,0.0346,0
18435,27130.0,0.02373,0.02432,0,2.6,0.553,0.0767,0
18436,18300.0,0.02077,0.00951,0,2.6,0.499,0.0722,0
18437,22700.0,0.07296,0.23835,0,0.9,0.559,0.0669,0
18438,10020.0,0.01886,0.03732,0,2.2,0.508,0.0541,0
18439,17030.0,0.02195,0.01977,0,6.0,0.589,0.053,0
18440,23600.0,0.00963,0.00862,0,1.1,0.222,0.0785,0
18441,30130.0,0.02035,0.02534,0,6.6,0.36,0.0552,0
18442,3970.0,0.01794,0.0282,0,3.5,0.234,0.0514,0
18443,17290.0,0.01328,0.01033,0,1.0,0.462,0.0668,0
18444,2900.0,0.02282,0.02905,0,5.2,0.599,0.032,0
18445,6660.0,0.12258,0.25698,0,6.9,0.379,0.0595,0
18446,13780.0,0.04433,0.04067,0,6.9,0.318,0.0394,0
18447,3480.0,0.01099,0.00554,0,6.4,0.377,0.0675,0
18448,19780.0,0.01493,0.01622,0,0.8,0.278,0.0372,0
18449,39550.0,0.04568,0.10675,0,4.5,0.464,0.0418,0
18450,4610.0,0.03969,0.09031,0,5.3,0.591,0.0529,0
18451,17450.0,0.02734,0.03198,0,0.8,0.511,0.0338,0
18452,8550.0,0.01229,0.01127,0,3.0,0.413,0.052,0
18453,11400.0,0.00831,0.00634,236,4.7,0.211,0.0379,0
18454,3700.0,0.01098,0.01625,20,5.1,0.225,0.0355,0
18455,6080.0,0.01647,0.02081,0,3.0,0.49,0.0302,0
18456,5560.0,0.02098,0.02242,0,2.1,0.486,0.0556,0
18457,27870.0,0.0236,0.02752,0,1.2,0.419,0.075,0
18458,4010.0,0.01892,0.03615,0,6.2,0.255,0.0781,0
18459,19880.0,0.0549,0.03649,0,0.5,0.573,0.06,0
18460,12590.0,0.0163,0.01386,0,2.0,0.402,0.0484,0
18461,6930.0,0.00885,0.00868,0,0.7,0.469,0.0312,0
18462,8900.0,0.02854,0.03187,0,4.3,0.229,0.0402,0
18463,30670.0,0.01414,0.01723,0,1.1,0.454,0.0488,1
18464,30460.0,0.02507,0.08634,0,4.9,0.477,0.0338,0
18465,7500.0,0.0153,0.02163,10,6.0,0.362,0.0398,0
18466,12280.0,0.00706,0.01166,0,6.5,0.233,0.0638,0
18467,27980.0,0.01344,0.01071,2,5.8,0.496,0.0728,0
18468,11250.0,0.03091,0.02865,0,3.8,0.282,0.0586,0
18469,52270.0,0.03993,0.02145,30,6.5,0.444,0.0479,0
18470,3500.0,0.02599,0.0703,0,5.9,0.439,0.0623,0
18471,28560.0,0.03731,0.03506,0,0.9,0.523,0.0604,0
18472,8870.0,0.01396,0.06478,0,5.4,0.376,0.0749,0
18473,7010.0,0.03244,0.03605,51,2.6,0.598,0.0693,0
18474,27000.0,0.0137,0.00625,0,2.8,0.33,0.0597,0
18475,20650.0,0.06987,0.06398,0,1.5,0.501,0.0446,0
18476,5090.0,0.01085,0.00647,0,0.9,0.496,0.0301,0
18477,4360.0,0.06768,0.02439,0,2.3,0.497,0.0642,0
18478,13460.0,0.02894,0.03055,0,4.3,0.593,0.0651,0
18479,5300.0,0.0113,0.01042,24,3.7,0.554,0.0301,0
18480,8370.0,0.00724,0.00318,0,6.8,0.511,0.0371,0
18481,13200.0,0.01415,0.02343,0,5.3,0.289,0.0526,0
18482,16600.0,0.03497,0.01408,0,6.7,0.237,0.0391,0
18483,9490.0,0.02402,0.0447,0,2.9,0.567,0.0642,0
18484,15270.0,0.13235,0.15242,0,3.2,0.343,0.0558,0
18485,6070.0,0.01164,0.01476,0,6.5,0.547,0.0352,0
18486,19570.0,0.00992,0.00621,26,4.7,0.235,0.0627,1
18487,11610.0,0.00288,0.00258,0,2.3,0.42,0.0345,0
18488,3160.0,0.0279,0.05469,0,2.7,0.202,0.0302,0
18489,13150.0,0.01878,0.01885,0,3.8,0.39,0.0411,0
18490,9330.0,0.01981,0.03001,0,5.5,0.532,0.0643,0
18491,5060.0,0.02325,0.05155,0,1.3,0.471,0.0395,0
18492,5150.0,0.01501,0.01747,0,2.5,0.267,0.0705,0
18493,30480.0,0.01902,0.0937,5,2.0,0.472,0.0358,0
18494,3590.0,0.00912,0.01265,0,2.9,0.267,0.0706,0
18495,6880.0,0.02974,0.04129,267,3.4,0.582,0.0557,0
18496,11280.0,0.00593,0.00377,0,3.3,0.33,0.0481,0
18497,11640.0,0.00982,0.01961,0,1.9,0.297,0.0368,0
18498,16420.0,0.03281,0.02874,0,3.4,0.275,0.0305,0
18499,1560.0,0.01839,0.029,0,1.9,0.475,0.0586,0
18500,6170.0,0.01873,0.02294,0,2.5,0.443,0.0492,0
18501,5070.0,0.0142,0.01931,294,0.6,0.58,0.0326,0
18502,17660.0,0.01214,0.01008,0,5.5,0.477,0.0318,0
18503,7440.0,0.02392,0.02979,0,4.6,0.507,0.034,0
18504,12760.0,0.01996,0.02856,281,1.7,0.6,0.0637,0
18505,8470.0,0.01347,0.01619,0,5.7,0.589,0.0535,0
18506,6480.0,0.03309,0.02794,0,6.2,0.55,0.0664,0
18507,16090.0,0.01873,0.00667,0,4.1,0.498,0.0733,0
18508,24030.0,0.06244,0.05573,0,3.9,0.496,0.0392,0
18509,4780.0,0.01311,0.0339,0,3.2,0.543,0.0682,0
18510,1360.0,0.01633,0.0109,0,6.1,0.457,0.038,0
18511,9210.0,0.02113,0.03882,160,5.6,0.497,0.0565,0
18512,6360.0,0.00746,0.00462,0,1.6,0.303,0.0584,0
18513,5740.0,0.03637,0.0171,0,5.6,0.273,0.0651,0
18514,25580.0,0.0262,0.03506,0,6.2,0.419,0.0627,0
18515,18970.0,0.01196,0.02677,0,2.6,0.227,0.0495,0
18516,61690.0,0.002,0.00303,0,3.7,0.353,0.0318,0
18517,10060.0,0.00877,0.03438,0,4.9,0.36,0.0665,0
18518,6470.0,0.0383,0.07703,212,6.9,0.547,0.0744,0
18519,4950.0,0.03658,0.08129,0,6.2,0.546,0.0495,0
18520,28210.0,0.01134,0.01632,0,4.9,0.411,0.0749,0
18521,12620.0,0.00771,0.02904,0,0.9,0.32,0.0384,0
18522,3180.0,0.01625,0.00979,0,5.8,0.48,0.0796,0
18523,6860.0,0.01543,0.05999,0,5.5,0.237,0.0383,0
18524,23850.0,0.01547,0.00481,0,0.7,0.497,0.0401,0
18525,33730.0,0.04006,0.08619,0,6.4,0.332,0.0518,0
18526,5630.0,0.02692,0.01347,0,6.5,0.59,0.0681,0
18527,19920.0,0.04042,0.04451,0,1.1,0.373,0.0669,0
18528,9940.0,0.01389,0.02983,0,3.2,0.596,0.0752,0
18529,3440.0,0.00855,0.00555,17,6.8,0.489,0.0415,0
18530,7010.0,0.03113,0.02588,0,4.9,0.584,0.0333,0
18531,20240.0,0.00787,0.00993,0,0.5,0.495,0.0341,0
18532,27440.0,0.00343,0.002,76,5.3,0.378,0.0475,0
18533,24380.0,0.00617,0.00333,0,5.3,0.276,0.0353,0
18534,2780.0,0.03607,0.04426,0,2.2,0.473,0.0595,0
18535,9990.0,0.03635,0.02859,0,5.0,0.248,0.0358,0
18536,5960.0,0.01318,0.0116,0,2.0,0.321,0.0527,0
18537,6840.0,0.06911,0.11221,0,1.0,0.342,0.0651,0
18538,33970.0,0.01625,0.0438,0,5.4,0.204,0.0304,0
18539,11520.0,0.02073,0.0066,0,1.0,0.522,0.0607,0
18540,17050.0,0.00897,0.0104,0,4.0,0.359,0.0709,0
18541,15300.0,0.02064,0.03993,0,6.4,0.236,0.0444,0
18542,8640.0,0.01027,0.01266,26,2.4,0.372,0.0707,0
18543,3340.0,0.01835,0.04269,0,4.2,0.231,0.0612,0
18544,13520.0,0.06406,0.09216,0,1.0,0.261,0.0643,0
18545,6240.0,0.00888,0.00808,0,2.8,0.291,0.0402,0
18546,17930.0,0.00756,0.00358,0,6.1,0.286,0.0338,0
18547,9180.0,0.04179,0.05533,0,5.8,0.546,0.0704,0
18548,16410.0,0.01933,0.03176,66,0.6,0.304,0.0309,0
18549,38670.0,0.03027,0.02494,73,1.0,0.402,0.0744,0
18550,12810.0,0.01096,0.01125,0,1.7,0.447,0.0623,0
18551,24950.0,0.00512,0.00398,131,4.2,0.445,0.0691,0
18552,5390.0,0.02453,0.03091,0,3.6,0.316,0.0798,0
18553,14700.0,0.02048,0.0202,0,3.1,0.394,0.0713,0
18554,7120.0,0.08789,0.07912,0,0.8,0.598,0.0791,0
18555,33460.0,0.0068,0.00262,0,3.1,0.5,0.047,0
18556,15560.0,0.08341,0.07256,0,4.5,0.216,0.0685,0
18557,19990.0,0.01519,0.01104,0,0.7,0.304,0.0513,0
18558,9880.0,0.01218,0.01583,0,6.5,0.301,0.0761,0
18559,6410.0,0.01717,0.02389,0,6.0,0.417,0.0415,0
18560,17260.0,0.01405,0.01181,0,3.0,0.551,0.0324,0
18561,4750.0,0.01585,0.01956,0,0.8,0.325,0.0346,0
18562,11170.0,0.03921,0.02897,0,3.1,0.241,0.0603,0
18563,24830.0,0.02268,0.03125,0,3.7,0.543,0.0618,0
18564,10440.0,0.03094,0.03506,0,3.2,0.438,0.0514,0
18565,8700.0,0.0188,0.01898,0,2.0,0.4,0.0375,0
18566,28510.0,0.01061,0.01315,0,2.9,0.277,0.0569,0
18567,9900.0,0.03046,0.01161,102,5.9,0.356,0.0355,0
18568,8680.0,0.0167,0.02947,0,1.1,0.243,0.0378,0
18569,39720.0,0.05839,0.04682,0,5.9,0.525,0.059,0
18570,15980.0,0.01314,0.02722,0,3.7,0.436,0.0588,0
18571,19740.0,0.03414,0.02905,0,6.2,0.492,0.0636,0
18572,5160.0,0.01024,0.00918,0,5.9,0.323,0.0308,0
18573,6990.0,0.00646,0.00715,73,4.1,0.231,0.0324,0
18574,26710.0,0.01055,0.03406,0,1.5,0.546,0.0617,0
18575,15340.0,0.01166,0.00477,0,3.0,0.313,0.0417,0
18576,4280.0,0.0565,0.05,0,0.8,0.262,0.0548,0
18577,14220.0,0.01742,0.01419,0,5.3,0.377,0.0505,0
18578,29020.0,0.01324,0.00708,0,3.7,0.24,0.0419,0
18579,3420.0,0.02751,0.11172,0,2.6,0.334,0.0381,1
18580,22830.0,0.01493,0.03767,0,6.6,0.204,0.0641,0
18581,5210.0,0.06323,0.12005,0,2.5,0.519,0.0479,0
18582,4360.0,0.08035,0.1297,9,2.5,0.475,0.0583,0
18583,4730.0,0.03337,0.03259,0,5.0,0.325,0.0345,0
18584,4300.0,0.02812,0.00875,0,5.8,0.309,0.0486,0
18585,10420.0,0.01587,0.01767,0,3.0,0.206,0.0628,0
18586,6120.0,0.01783,0.01791,0,4.6,0.417,0.0394,0
18587,6720.0,0.01021,0.00894,0,3.3,0.567,0.0455,0
18588,13610.0,0.03828,0.03098,0,4.1,0.402,0.0447,0
18589,17960.0,0.03011,0.04454,93,1.8,0.456,0.0489,0
18590,1970.0,0.06391,0.14989,11,3.1,0.307,0.0756,0
18591,5560.0,0.04223,0.08913,0,6.3,0.301,0.0524,0
18592,11170.0,0.10817,0.14438,0,3.4,0.433,0.0575,0
18593,35320.0,0.00677,0.00759,0,3.6,0.232,0.0537,0
18594,39010.0,0.01604,0.01175,0,2.1,0.206,0.0306,0
18595,6840.0,0.033,0.05942,0,5.7,0.454,0.0362,0
18596,33290.0,0.00728,0.00328,0,1.0,0.584,0.077,0
18597,22180.0,0.02665,0.01257,0,5.0,0.49,0.0617,0
18598,14580.0,0.03053,0.03039,0,0.5,0.543,0.0605,0
18599,9910.0,0.00967,0.0056,0,7.0,0.411,0.0586,0
18600,8260.0,0.07511,0.04204,72,6.9,0.331,0.0566,0
18601,2500.0,0.02946,0.01102,0,1.1,0.413,0.0448,0
18602,8120.0,0.09959,0.09546,0,4.5,0.452,0.051,1
18603,14550.0,0.01254,0.02314,0,3.2,0.249,0.0317,0
18604,3220.0,0.00621,0.00517,0,0.6,0.275,0.0494,0
18605,10430.0,0.01121,0.01937,0,1.2,0.476,0.0486,0
18606,8340.0,0.03372,0.10659,0,4.7,0.589,0.0738,0
18607,7300.0,0.02044,0.02137,0,5.3,0.58,0.0705,0
18608,13950.0,0.01941,0.06427,0,4.2,0.312,0.0352,0
18609,3970.0,0.02408,0.10096,0,5.1,0.469,0.0382,0
18610,19010.0,0.11182,0.38973,0,5.9,0.442,0.0317,0
18611,49460.0,0.0133,0.01081,0,4.6,0.529,0.0469,0
18612,7140.0,0.01217,0.01838,0,4.2,0.325,0.0503,0
18613,12530.0,0.01835,0.01375,0,5.6,0.327,0.0471,0
18614,7230.0,0.01756,0.02792,0,5.0,0.495,0.0652,1
18615,11690.0,0.01926,0.02767,0,0.8,0.22,0.0715,0
18616,8670.0,0.05826,0.04829,0,4.3,0.576,0.0384,0
18617,14480.0,0.0164,0.01059,10,5.1,0.32,0.0763,0
18618,16670.0,0.02002,0.01597,0,2.7,0.534,0.0624,0
18619,4930.0,0.01721,0.03176,22,4.7,0.505,0.0737,0
18620,3930.0,0.01413,0.01797,0,6.1,0.36,0.0733,0
18621,1060.0,0.04707,0.01832,378,2.9,0.227,0.0323,0
18622,6160.0,0.02371,0.0315,0,6.1,0.371,0.0604,0
18623,4710.0,0.01008,0.01037,0,3.4,0.513,0.0382,0
18624,18810.0,0.01332,0.01417,0,2.9,0.333,0.0615,0
18625,14740.0,0.01798,0.04214,0,5.4,0.526,0.0726,0
18626,21970.0,0.01969,0.03161,0,6.7,0.348,0.0621,0
18627,2060.0,0.00962,0.00371,0,0.9,0.301,0.0713,0
18628,11680.0,0.0183,0.0211,0,5.0,0.37,0.0345,0
18629,24790.0,0.02574,0.05073,0,0.7,0.245,0.054,0
18630,3210.0,0.03166,0.01115,0,6.1,0.32,0.0764,0
18631,18640.0,0.02605,0.04217,0,3.8,0.594,0.049,0
18632,10610.0,0.00459,0.00297,0,4.8,0.56,0.05,0
18633,7400.0,0.01248,0.04361,0,2.4,0.42,0.0637,0
18634,2930.0,0.02495,0.01085,0,4.2,0.39,0.055,0
18635,11450.0,0.01799,0.06126,0,1.3,0.425,0.0592,0
18636,21220.0,0.00751,0.01504,0,3.1,0.399,0.078,0
18637,19060.0,0.01548,0.01687,0,6.4,0.36,0.032,0
18638,41900.0,0.03338,0.01621,0,2.8,0.466,0.0602,1
18639,27480.0,0.04656,0.04225,0,1.0,0.47,0.0595,0
18640,8110.0,0.06118,0.04478,0,2.1,0.273,0.0413,0
18641,10670.0,0.01071,0.00773,0,4.8,0.465,0.0779,0
18642,20830.0,0.01215,0.014,0,3.6,0.345,0.03,0
18643,19410.0,0.0153,0.02052,0,6.1,0.562,0.0468,0
18644,23160.0,0.04796,0.07093,0,3.6,0.229,0.0586,0
18645,6250.0,0.02082,0.01385,0,5.8,0.385,0.0677,0
18646,7240.0,0.01921,0.01813,0,6.7,0.333,0.0789,0
18647,12290.0,0.0081,0.01091,0,5.6,0.434,0.037,0
18648,7690.0,0.02512,0.02192,0,3.6,0.277,0.0522,0
18649,11590.0,0.00858,0.00558,0,3.6,0.581,0.0744,0
18650,5420.0,0.01263,0.02031,0,4.7,0.221,0.0583,0
18651,36340.0,0.00953,0.01824,0,2.7,0.283,0.0621,0
18652,6360.0,0.00675,0.01511,0,3.8,0.42,0.0723,0
18653,20120.0,0.01755,0.03053,19,2.3,0.382,0.0683,0
18654,12480.0,0.0261,0.10879,0,0.9,0.55,0.0644,0
18655,35640.0,0.01336,0.03471,0,3.9,0.239,0.0544,0
18656,3270.0,0.01526,0.0395,0,4.4,0.51,0.054,0
18657,24170.0,0.00969,0.00881,11,5.8,0.445,0.0444,0
18658,14200.0,0.01921,0.01708,0,6.4,0.211,0.0553,0
18659,2860.0,0.0236,0.02437,0,6.1,0.485,0.0452,0
18660,10230.0,0.08108,0.04794,0,3.4,0.294,0.0609,0
18661,12130.0,0.01604,0.02506,0,5.5,0.39,0.0656,0
18662,12940.0,0.17696,0.25458,0,3.3,0.536,0.0389,0
18663,10460.0,0.03641,0.01857,0,3.7,0.211,0.0594,0
18664,2910.0,0.00428,0.00514,0,5.1,0.456,0.0363,0
18665,9450.0,0.00771,0.00649,0,5.8,0.332,0.0411,0
18666,3450.0,0.01465,0.09557,0,2.9,0.592,0.0775,0
18667,14360.0,0.03796,0.0715,0,1.3,0.205,0.0529,0
18668,9680.0,0.04517,0.04793,0,5.4,0.528,0.0757,0
18669,12120.0,0.003,0.002,0,6.4,0.255,0.0309,0
18670,21190.0,0.0191,0.03693,0,6.5,0.504,0.0525,0
18671,5910.0,0.03033,0.05921,0,1.3,0.472,0.0443,0
18672,5180.0,0.02204,0.03132,0,6.4,0.418,0.0587,0
18673,8060.0,0.01005,0.02021,0,3.5,0.581,0.0334,0
18674,12490.0,0.0247,0.00875,57,6.0,0.229,0.0316,0
18675,6090.0,0.00615,0.00472,0,5.4,0.239,0.0463,0
18676,5820.0,0.03145,0.05399,0,6.4,0.416,0.0548,0
18677,17110.0,0.01601,0.00724,0,6.7,0.324,0.0542,0
18678,9030.0,0.02246,0.03169,0,4.5,0.348,0.0688,0
18679,22390.0,0.01037,0.01447,0,3.1,0.365,0.0598,0
18680,10690.0,0.0207,0.01461,0,2.3,0.569,0.0392,0
18681,12050.0,0.00933,0.01019,0,5.5,0.284,0.0664,0
18682,36590.0,0.01693,0.01381,0,4.1,0.443,0.0571,0
18683,9510.0,0.03416,0.04708,0,1.5,0.513,0.0581,0
18684,12510.0,0.01024,0.04059,0,4.5,0.355,0.0748,0
18685,8370.0,0.02369,0.02045,0,3.1,0.435,0.0472,0
18686,10010.0,0.03486,0.03059,0,4.6,0.588,0.0638,0
18687,19790.0,0.01279,0.0188,0,0.7,0.597,0.065,0
18688,27030.0,0.05341,0.06559,0,1.6,0.3,0.0309,0
18689,2690.0,0.01681,0.02363,0,4.4,0.307,0.0379,0
18690,7220.0,0.02736,0.03806,0,2.7,0.402,0.0346,0
18691,4550.0,0.0182,0.01769,0,4.8,0.227,0.0707,0
18692,15460.0,0.03551,0.04144,0,6.6,0.509,0.0456,0
18693,6040.0,0.00688,0.00893,0,1.4,0.496,0.042,1
18694,11070.0,0.01952,0.00994,0,2.6,0.575,0.0355,0
18695,10400.0,0.09395,0.12888,0,2.5,0.289,0.031,0
18696,11390.0,0.01394,0.02038,0,2.0,0.241,0.0429,0
18697,8050.0,0.02727,0.01887,0,1.8,0.379,0.0459,0
18698,10670.0,0.03152,0.03305,0,6.6,0.478,0.0595,0
18699,2100.0,0.0068,0.00422,0,5.8,0.406,0.033,0
18700,13660.0,0.05446,0.02946,0,0.9,0.398,0.0368,0
18701,17120.0,0.03375,0.02034,0,4.1,0.281,0.0668,0
18702,16000.0,0.09061,0.09575,0,6.7,0.518,0.0645,0
18703,17980.0,0.01415,0.00827,0,2.0,0.362,0.0422,0
18704,10150.0,0.02837,0.02954,0,4.5,0.361,0.0435,0
18705,13590.0,0.05528,0.17478,0,3.7,0.48,0.0548,0
18706,4270.0,0.01585,0.01794,0,4.2,0.44,0.0551,0
18707,2650.0,0.03596,0.09345,0,5.7,0.498,0.0509,0
18708,5130.0,0.06087,0.11323,0,2.3,0.437,0.0785,0
18709,14020.0,0.00507,0.01293,0,2.4,0.436,0.0419,0
18710,23800.0,0.07221,0.08331,0,2.3,0.581,0.0619,0
18711,8630.0,0.00921,0.01219,0,0.8,0.579,0.0385,0
18712,4240.0,0.01522,0.02189,0,6.6,0.448,0.0428,0
18713,15590.0,0.0332,0.02657,0,3.5,0.589,0.0461,0
18714,15410.0,0.02137,0.05105,0,3.3,0.367,0.0715,0
18715,6670.0,0.01716,0.01675,0,2.8,0.449,0.046,0
18716,13070.0,0.0122,0.00599,0,2.0,0.343,0.0396,0
18717,8970.0,0.03194,0.04129,0,6.7,0.42,0.0531,1
18718,9990.0,0.02118,0.06203,0,4.5,0.566,0.0798,0
18719,13370.0,0.01098,0.01219,0,4.0,0.551,0.0689,0
18720,1200.0,0.02218,0.03694,0,2.5,0.584,0.0639,0
18721,35680.0,0.05085,0.04883,0,5.3,0.444,0.0476,0
18722,4040.0,0.00835,0.0032,0,1.0,0.226,0.069,0
18723,21850.0,0.00512,0.00484,0,6.9,0.232,0.0441,0
18724,36160.0,0.01288,0.00642,0,4.4,0.495,0.0654,0
18725,19900.0,0.03436,0.0707,0,4.9,0.297,0.0304,0
18726,12820.0,0.04201,0.12299,0,2.7,0.408,0.0442,0
18727,15620.0,0.01386,0.01243,0,5.2,0.434,0.072,0
18728,11440.0,0.00609,0.00796,0,3.8,0.354,0.0527,0
18729,14740.0,0.02927,0.03232,0,6.0,0.341,0.0769,0
18730,20160.0,0.02292,0.02826,0,1.2,0.394,0.0524,0
18731,54340.0,0.03245,0.04914,0,2.3,0.5,0.0375,0
18732,11770.0,0.04194,0.0437,0,2.4,0.267,0.0725,0
18733,8830.0,0.01778,0.02038,0,1.5,0.326,0.0548,0
18734,6950.0,0.01377,0.01459,0,1.2,0.497,0.0709,0
18735,19430.0,0.01287,0.01675,0,6.4,0.322,0.0797,0
18736,12090.0,0.0078,0.00979,0,5.4,0.528,0.0362,0
18737,20460.0,0.01465,0.01097,22,2.6,0.588,0.0743,0
18738,38490.0,0.03035,0.03454,0,3.7,0.4,0.0722,0
18739,37350.0,0.00468,0.00591,0,0.8,0.451,0.051,0
18740,15850.0,0.01708,0.00938,0,4.8,0.221,0.0408,0
18741,3990.0,0.02147,0.01873,0,1.4,0.458,0.0376,0
18742,21810.0,0.03256,0.04763,0,4.6,0.523,0.0562,0
18743,1730.0,0.03588,0.03624,0,5.4,0.423,0.0727,0
18744,12560.0,0.0315,0.02089,0,4.0,0.238,0.0351,0
18745,6430.0,0.05104,0.0425,0,5.8,0.46,0.0304,0
18746,10370.0,0.03218,0.02684,9,2.1,0.328,0.0431,0
18747,14230.0,0.01855,0.05074,0,1.7,0.361,0.0487,0
18748,6910.0,0.03505,0.08405,173,4.1,0.563,0.0729,0
18749,9650.0,0.019,0.05827,0,4.1,0.481,0.0317,0
18750,8070.0,0.03335,0.04158,0,6.2,0.511,0.0747,0
18751,9130.0,0.02188,0.00471,0,3.0,0.416,0.0355,0
18752,21080.0,0.00766,0.02097,0,6.1,0.454,0.0324,0
18753,7420.0,0.01959,0.02294,0,4.5,0.566,0.071,1
18754,10310.0,0.07131,0.24408,0,5.9,0.54,0.055,0
18755,37740.0,0.02324,0.00817,0,1.0,0.368,0.0471,0
18756,5100.0,0.00646,0.01341,20,4.7,0.352,0.0399,0
18757,5340.0,0.02265,0.01997,0,5.0,0.558,0.071,0
18758,18070.0,0.00225,0.002,0,1.3,0.52,0.0616,0
18759,4680.0,0.02679,0.03562,0,5.2,0.585,0.0797,0
18760,3080.0,0.00814,0.01406,0,5.3,0.506,0.0635,0
18761,7970.0,0.01684,0.02756,0,4.9,0.334,0.077,0
18762,12560.0,0.01502,0.00953,0,3.2,0.286,0.0338,0
18763,7200.0,0.0089,0.00423,0,4.3,0.259,0.0333,0
18764,10380.0,0.03133,0.03381,0,5.6,0.45,0.0371,0
18765,8690.0,0.02422,0.15639,0,1.8,0.351,0.0438,1
18766,4770.0,0.02789,0.01688,27,2.5,0.216,0.0615,0
18767,4360.0,0.01068,0.01167,0,1.7,0.368,0.0387,0
18768,16970.0,0.008,0.00422,0,2.0,0.543,0.0413,0
18769,23560.0,0.02034,0.02313,0,5.0,0.285,0.0504,0
18770,5130.0,0.01193,0.01802,0,2.2,0.294,0.0453,0
18771,13510.0,0.02049,0.02908,0,4.7,0.23,0.0499,0
18772,18360.0,0.02465,0.06873,5,3.2,0.373,0.0372,0
18773,31480.0,0.02991,0.02975,0,0.6,0.331,0.0679,0
18774,11390.0,0.02163,0.02996,0,6.9,0.233,0.0508,0
18775,5590.0,0.01338,0.01034,45,5.6,0.248,0.0699,0
18776,17420.0,0.00643,0.00762,0,3.0,0.282,0.034,0
18777,9300.0,0.0225,0.0115,0,1.6,0.28,0.0366,1
18778,19060.0,0.03604,0.05522,0,4.4,0.322,0.0508,0
18779,7690.0,0.03084,0.01684,0,1.1,0.566,0.0663,0
18780,4240.0,0.01929,0.01695,0,2.9,0.364,0.0459,0
18781,13920.0,0.01611,0.00459,9,4.1,0.536,0.0548,0
18782,4820.0,0.03148,0.05243,0,2.1,0.31,0.065,0
18783,14040.0,0.10988,0.0649,297,5.8,0.429,0.057,0
18784,10140.0,0.01528,0.02478,0,4.8,0.594,0.0676,0
18785,19100.0,0.007,0.00364,0,5.6,0.292,0.0511,0
18786,1540.0,0.0216,0.01833,0,3.8,0.255,0.0645,0
18787,18240.0,0.01933,0.04652,0,0.9,0.252,0.0555,0
18788,44360.0,0.04821,0.03885,0,2.3,0.452,0.0379,0
18789,9440.0,0.01331,0.0092,0,2.7,0.566,0.0442,0
18790,4210.0,0.02191,0.05084,0,3.0,0.38,0.0316,0
18791,12020.0,0.00845,0.02487,0,0.8,0.326,0.0304,0
18792,5080.0,0.0143,0.01711,0,4.7,0.281,0.0568,0
18793,7660.0,0.0153,0.02919,0,6.1,0.379,0.0349,0
18794,23260.0,0.01469,0.012,0,3.4,0.518,0.0577,0
18795,42080.0,0.00399,0.00228,0,1.8,0.453,0.0618,0
18796,19880.0,0.0047,0.00616,0,6.3,0.476,0.0458,0
18797,5830.0,0.01314,0.01008,0,4.7,0.557,0.0478,0
18798,3420.0,0.01447,0.00805,0,6.0,0.393,0.0768,0
18799,4080.0,0.0133,0.01654,0,1.2,0.311,0.0699,0
18800,10410.0,0.01546,0.01672,0,0.8,0.571,0.0614,0
18801,12440.0,0.01454,0.01183,0,2.6,0.443,0.0432,0
18802,4040.0,0.01203,0.00664,0,0.8,0.584,0.0794,0
18803,5600.0,0.0131,0.0051,74,1.9,0.336,0.0586,0
18804,88410.0,0.04638,0.04831,0,4.7,0.377,0.0475,0
18805,10210.0,0.03548,0.03653,0,2.4,0.481,0.0785,0
18806,1000.0,0.0117,0.02517,0,4.0,0.539,0.0774,0
18807,2580.0,0.01525,0.004,0,4.8,0.525,0.0722,0
18808,4480.0,0.01496,0.01981,0,0.7,0.287,0.0415,0
18809,13860.0,0.02312,0.06177,0,2.6,0.448,0.0325,0
18810,10600.0,0.01259,0.02325,52,1.6,0.59,0.0625,0
18811,6390.0,0.02796,0.03451,0,3.0,0.219,0.056,0
18812,9330.0,0.00996,0.01241,0,1.3,0.386,0.0746,0
18813,38940.0,0.02967,0.03624,0,1.7,0.31,0.063,0
18814,2970.0,0.02209,0.0136,0,4.6,0.353,0.0309,0
18815,6880.0,0.03906,0.02324,0,4.6,0.536,0.031,0
18816,13490.0,0.1469,0.11878,0,3.6,0.209,0.0724,0
18817,5400.0,0.02229,0.02491,0,4.0,0.575,0.0723,0
18818,16980.0,0.10451,0.09338,0,2.0,0.376,0.0445,0
18819,25700.0,0.02137,0.04921,0,3.2,0.262,0.0565,0
18820,3590.0,0.01743,0.02153,0,1.4,0.494,0.056,0
18821,10850.0,0.02482,0.05131,11,2.3,0.497,0.0404,0
18822,8140.0,0.02765,0.02964,0,6.9,0.508,0.0466,0
18823,23620.0,0.0065,0.00493,0,1.6,0.33,0.0665,0
18824,26690.0,0.00893,0.00997,0,2.2,0.564,0.0387,0
18825,22330.0,0.00389,0.00829,0,3.9,0.518,0.0585,0
18826,6330.0,0.0054,0.002,0,6.9,0.306,0.036,0
18827,10480.0,0.03689,0.04193,0,6.6,0.338,0.0559,0
18828,1930.0,0.01055,0.02778,0,0.5,0.209,0.0349,0
18829,44270.0,0.03046,0.03803,0,3.8,0.513,0.0386,0
18830,13100.0,0.01654,0.04313,0,5.0,0.287,0.0438,0
18831,4120.0,0.01124,0.02415,40,4.7,0.454,0.0755,0
18832,13860.0,0.04016,0.02712,0,3.8,0.517,0.0795,0
18833,7960.0,0.02793,0.0325,0,3.0,0.307,0.0301,0
18834,29320.0,0.02387,0.04963,0,2.5,0.496,0.0759,0
18835,10560.0,0.01469,0.01294,0,3.1,0.296,0.0338,0
18836,14710.0,0.06891,0.06764,0,3.9,0.451,0.0476,0
18837,4800.0,0.02004,0.01962,0,5.7,0.488,0.0406,0
18838,17750.0,0.0296,0.03312,0,4.8,0.588,0.0534,0
18839,8230.0,0.051,0.03139,0,3.5,0.263,0.0581,0
18840,38280.0,0.01234,0.01667,0,6.5,0.296,0.0706,0
18841,8900.0,0.01663,0.01498,0,6.2,0.449,0.0455,0
18842,2250.0,0.01501,0.01244,0,3.5,0.2,0.0392,0
18843,25410.0,0.02068,0.01871,0,4.9,0.506,0.0638,0
18844,12840.0,0.01914,0.02219,0,5.4,0.318,0.0544,0
18845,4700.0,0.06732,0.02252,0,1.6,0.508,0.0314,0
18846,6300.0,0.01291,0.01231,0,5.1,0.574,0.0749,0
18847,9820.0,0.0496,0.08357,0,6.6,0.588,0.0712,0
18848,8590.0,0.1071,0.11097,0,3.8,0.457,0.0461,0
18849,5590.0,0.01183,0.0138,0,2.9,0.411,0.0406,0
18850,25250.0,0.07369,0.09966,0,2.7,0.253,0.0555,0
18851,10230.0,0.13586,0.17155,0,2.3,0.572,0.0301,0
18852,17190.0,0.03008,0.02278,0,5.2,0.26,0.0476,0
18853,89670.0,0.35,0.69786,0,0.7,0.513,0.0519,0
18854,41390.0,0.01072,0.00824,0,1.6,0.56,0.0386,0
18855,4340.0,0.00989,0.01166,0,3.8,0.547,0.0336,0
18856,7080.0,0.03052,0.02431,2,6.3,0.356,0.0711,0
18857,16520.0,0.0241,0.0402,0,1.7,0.413,0.0352,0
18858,9210.0,0.0307,0.05442,73,3.9,0.211,0.0659,0
18859,30130.0,0.06806,0.07355,0,6.0,0.347,0.0625,0
18860,18840.0,0.00826,0.00597,0,4.3,0.464,0.0714,0
18861,119310.0,0.01696,0.02985,0,5.6,0.208,0.0728,0
18862,21530.0,0.01729,0.01567,0,6.8,0.445,0.032,0
18863,26820.0,0.01488,0.04238,0,4.6,0.543,0.0782,0
18864,9380.0,0.08187,0.29524,22,1.4,0.332,0.0746,1
18865,11140.0,0.0193,0.04849,0,2.1,0.569,0.0316,0
18866,8940.0,0.01524,0.02081,0,5.9,0.577,0.0392,0
18867,25660.0,0.03381,0.07962,0,5.0,0.411,0.0529,1
18868,16080.0,0.01062,0.01436,0,2.3,0.242,0.0553,0
18869,17140.0,0.00887,0.01227,0,2.6,0.464,0.0383,0
18870,1930.0,0.00755,0.0035,0,4.5,0.505,0.0533,0
18871,6510.0,0.02487,0.0223,0,1.1,0.399,0.0713,0
18872,21570.0,0.0132,0.00452,0,3.0,0.394,0.0324,0
18873,8580.0,0.01647,0.02391,0,5.6,0.364,0.0406,0
18874,2430.0,0.03517,0.02455,0,1.1,0.599,0.0794,0
18875,3330.0,0.02399,0.0458,27,4.7,0.259,0.0397,0
18876,16660.0,0.01849,0.07104,0,1.7,0.483,0.0646,0
18877,15430.0,0.0113,0.01498,0,6.6,0.448,0.0608,0
18878,2780.0,0.01684,0.01206,0,3.3,0.555,0.0655,0
18879,3890.0,0.0056,0.005,0,3.8,0.53,0.0584,0
18880,9830.0,0.02674,0.01939,0,1.3,0.328,0.0419,0
18881,1690.0,0.03461,0.05899,0,2.5,0.439,0.0305,0
18882,5650.0,0.0354,0.02934,79,6.1,0.511,0.0417,0
18883,16450.0,0.03678,0.01897,0,0.9,0.508,0.0661,0
18884,7460.0,0.02295,0.01662,0,6.3,0.306,0.0431,0
18885,17710.0,0.03874,0.11601,0,4.3,0.461,0.072,0
18886,13430.0,0.03758,0.01423,0,1.1,0.34,0.0416,0
18887,40100.0,0.01365,0.01006,0,5.4,0.541,0.0746,0
18888,7370.0,0.02649,0.05218,0,1.2,0.248,0.0594,0
18889,3980.0,0.01139,0.0133,0,0.8,0.259,0.0716,0
18890,2760.0,0.01968,0.0217,0,5.2,0.523,0.0447,0
18891,5130.0,0.04627,0.03142,0,6.7,0.417,0.0471,0
18892,30560.0,0.0206,0.00781,0,6.1,0.459,0.06,0
18893,7100.0,0.0827,0.17113,0,6.9,0.454,0.065,0
18894,55400.0,0.02506,0.02608,0,5.0,0.503,0.0755,0
18895,6490.0,0.06276,0.09029,0,2.1,0.293,0.0628,0
18896,1900.0,0.00856,0.02868,0,2.2,0.276,0.0557,0
18897,7470.0,0.01907,0.02741,0,1.0,0.545,0.0392,0
18898,5680.0,0.01854,0.01439,0,1.9,0.591,0.0664,0
18899,9370.0,0.02498,0.00905,0,5.2,0.346,0.0607,0
18900,1190.0,0.02425,0.01513,0,2.6,0.245,0.0402,0
18901,3050.0,0.01325,0.01804,0,1.0,0.533,0.0439,0
18902,17050.0,0.01965,0.03362,0,5.2,0.337,0.0737,0
18903,17420.0,0.01501,0.02631,0,5.2,0.589,0.065,0
18904,3680.0,0.00702,0.01386,0,3.8,0.526,0.0443,0
18905,33690.0,0.04487,0.08203,13,0.7,0.332,0.037,0
18906,11700.0,0.0142,0.01516,0,6.6,0.372,0.0522,0
18907,8700.0,0.04017,0.02705,0,2.9,0.488,0.0327,0
18908,3040.0,0.01173,0.03333,0,6.9,0.538,0.0403,0
18909,8940.0,0.04149,0.08326,0,4.3,0.476,0.0594,0
18910,10560.0,0.0241,0.03594,0,1.1,0.563,0.0677,0
18911,14670.0,0.03014,0.04445,0,6.2,0.392,0.0364,0
18912,3360.0,0.02965,0.01694,0,3.3,0.53,0.0593,0
18913,29900.0,0.00686,0.01859,0,4.7,0.353,0.0397,0
18914,17300.0,0.02606,0.03679,0,7.0,0.378,0.0459,0
18915,8650.0,0.02256,0.07964,0,1.3,0.567,0.047,0
18916,7160.0,0.02142,0.06557,0,1.3,0.218,0.0509,0
18917,10560.0,0.0121,0.01803,0,6.0,0.392,0.0501,0
18918,15550.0,0.03579,0.04625,0,6.0,0.352,0.0568,0
18919,55030.0,0.01501,0.00966,0,2.5,0.387,0.0583,0
18920,6110.0,0.01592,0.01235,0,1.5,0.408,0.0367,0
18921,7390.0,0.02081,0.02599,0,3.7,0.555,0.0488,0
18922,6750.0,0.02187,0.01741,0,4.5,0.308,0.0591,0
18923,2210.0,0.00349,0.002,0,1.9,0.279,0.0372,0
18924,4310.0,0.01714,0.01672,0,6.5,0.254,0.06,0
18925,34860.0,0.05986,0.02949,0,2.7,0.248,0.057,0
18926,15050.0,0.01286,0.00525,0,1.9,0.355,0.0383,0
18927,51580.0,0.028,0.01997,51,6.4,0.565,0.0543,0
18928,31230.0,0.01156,0.0125,0,2.0,0.549,0.0661,0
18929,11020.0,0.02138,0.01815,0,1.8,0.582,0.0792,0
18930,2810.0,0.02362,0.0125,0,6.4,0.501,0.0322,0
18931,12460.0,0.07009,0.04272,0,2.7,0.345,0.0646,0
18932,13560.0,0.01296,0.0354,0,4.9,0.248,0.0439,0
18933,17630.0,0.06055,0.07391,0,6.7,0.289,0.0619,0
18934,2060.0,0.03459,0.10936,0,2.5,0.44,0.0439,0
18935,8020.0,0.02331,0.07752,0,1.4,0.374,0.0318,0
18936,9280.0,0.02565,0.01395,0,6.8,0.343,0.0595,0
18937,16160.0,0.03272,0.05318,0,1.5,0.459,0.065,0
18938,200000.0,0.01642,0.0322,0,4.0,0.265,0.0558,0
18939,11490.0,0.02528,0.00978,0,1.2,0.437,0.0472,0
18940,12510.0,0.0119,0.01394,0,5.5,0.58,0.041,0
18941,40530.0,0.03005,0.05176,0,5.0,0.496,0.038,0
18942,5250.0,0.00602,0.00693,58,2.4,0.403,0.0578,0
18943,21690.0,0.01261,0.00824,0,5.5,0.275,0.074,0
18944,18980.0,0.03437,0.07378,9,1.3,0.344,0.0425,0
18945,12740.0,0.01109,0.01397,0,2.5,0.36,0.0756,0
18946,4770.0,0.01819,0.04427,0,4.7,0.519,0.0679,0
18947,21380.0,0.01787,0.04025,0,1.4,0.497,0.0639,0
18948,14100.0,0.00979,0.02658,0,1.1,0.261,0.0672,0
18949,4130.0,0.0152,0.00897,0,2.2,0.48,0.0368,0
18950,4390.0,0.01326,0.01692,0,6.9,0.476,0.0399,0
18951,21590.0,0.00737,0.00799,0,5.3,0.438,0.0587,0
18952,15790.0,0.0082,0.00841,0,2.2,0.297,0.0609,0
18953,13350.0,0.0763,0.07692,0,4.3,0.342,0.0635,0
18954,44270.0,0.01349,0.02529,0,4.3,0.401,0.0531,0
18955,4130.0,0.01736,0.04497,0,2.9,0.482,0.0433,0
18956,12720.0,0.04683,0.09112,0,4.7,0.413,0.043,0
18957,4900.0,0.00541,0.00447,0,2.0,0.32,0.0656,0
18958,15660.0,0.01645,0.02747,0,4.7,0.426,0.0774,0
18959,5180.0,0.06092,0.08543,0,3.8,0.374,0.0501,0
18960,7960.0,0.02416,0.0588,0,4.8,0.355,0.0422,0
18961,11940.0,0.01903,0.06264,0,1.7,0.365,0.0633,0
18962,13850.0,0.00726,0.01198,0,7.0,0.581,0.0597,0
18963,7870.0,0.01275,0.01332,0,0.6,0.502,0.0679,0
18964,10600.0,0.01032,0.00233,0,0.7,0.457,0.057,0
18965,3750.0,0.01715,0.02299,0,5.9,0.576,0.0362,0
18966,11220.0,0.01162,0.01156,0,2.0,0.305,0.0688,0
18967,5980.0,0.01042,0.01271,0,4.8,0.325,0.0702,0
18968,1320.0,0.04374,0.0983,61,4.4,0.377,0.0458,0
18969,33120.0,0.01948,0.03319,0,6.7,0.428,0.0744,0
18970,12380.0,0.03915,0.0529,0,1.7,0.206,0.0758,0
18971,8420.0,0.0083,0.00351,0,3.9,0.332,0.0396,0
18972,9650.0,0.03002,0.11743,0,2.1,0.413,0.0742,0
18973,32990.0,0.02263,0.01554,121,5.2,0.254,0.0561,0
18974,25610.0,0.01395,0.00958,0,3.0,0.599,0.0773,1
18975,16990.0,0.02829,0.06165,0,6.5,0.333,0.0528,0
18976,60460.0,0.01529,0.04351,0,2.5,0.525,0.0583,0
18977,22960.0,0.02605,0.02023,0,3.2,0.478,0.0785,0
18978,11520.0,0.00664,0.00417,0,6.1,0.455,0.0304,0
18979,2470.0,0.05289,0.0814,0,3.5,0.216,0.0329,0
18980,1310.0,0.00865,0.00488,0,5.9,0.444,0.0796,0
18981,15480.0,0.01355,0.03662,0,6.1,0.459,0.0728,0
18982,30500.0,0.04445,0.05848,0,1.1,0.315,0.0667,0
18983,10030.0,0.0231,0.0148,0,5.1,0.54,0.0787,0
18984,22960.0,0.02829,0.01993,0,6.2,0.399,0.0314,0
18985,36350.0,0.03111,0.05364,0,5.2,0.262,0.0713,0
18986,5830.0,0.01585,0.01626,0,1.9,0.296,0.07,0
18987,9500.0,0.01299,0.01294,0,4.9,0.572,0.0627,0
18988,22350.0,0.00644,0.00661,0,1.1,0.592,0.066,0
18989,3670.0,0.0589,0.03259,0,6.4,0.404,0.0661,0
18990,1000.0,0.0177,0.0697,0,0.6,0.263,0.0479,0
18991,5900.0,0.0158,0.02941,0,5.2,0.343,0.0382,0
18992,55110.0,0.01711,0.00751,59,1.2,0.462,0.0743,0
18993,15240.0,0.02066,0.01698,0,6.0,0.574,0.0713,0
18994,8690.0,0.0133,0.02238,0,2.4,0.273,0.075,0
18995,16500.0,0.01749,0.00827,0,3.6,0.518,0.0586,0
18996,6760.0,0.00607,0.00443,0,3.9,0.202,0.0448,0
18997,19670.0,0.07528,0.09294,0,4.7,0.237,0.0302,0
18998,13280.0,0.00827,0.00912,0,2.8,0.361,0.0517,0
18999,3920.0,0.0091,0.01154,0,2.4,0.382,0.0613,0
19000,7730.0,0.03182,0.05633,0,7.0,0.501,0.032,0
19001,4800.0,0.02648,0.02857,0,4.0,0.555,0.0495,0
19002,2110.0,0.0148,0.00391,0,4.6,0.404,0.048,0
19003,25060.0,0.02399,0.0182,0,0.5,0.357,0.0389,0
19004,23120.0,0.01108,0.02516,0,2.8,0.39,0.0515,0
19005,23780.0,0.02335,0.01281,0,1.9,0.41,0.0673,0
19006,48090.0,0.01518,0.0082,0,0.6,0.446,0.0501,0
19007,13070.0,0.01162,0.03172,0,3.0,0.489,0.0347,0
19008,36810.0,0.02281,0.02343,135,2.7,0.354,0.0333,0
19009,83200.0,0.02763,0.04156,0,2.2,0.495,0.033,0
19010,10240.0,0.02521,0.0288,0,5.7,0.32,0.0622,0
19011,21250.0,0.05262,0.10045,0,6.2,0.489,0.0378,0
19012,4320.0,0.03342,0.06541,0,5.3,0.267,0.0352,0
19013,7250.0,0.01175,0.00372,0,6.6,0.23,0.0736,0
19014,8510.0,0.04213,0.03899,0,1.8,0.316,0.0612,0
19015,17090.0,0.01659,0.02784,0,6.7,0.251,0.0439,0
19016,12750.0,0.01164,0.01794,0,1.6,0.377,0.0681,0
19017,2360.0,0.0218,0.04722,0,1.4,0.352,0.053,0
19018,10590.0,0.02,0.00906,0,1.7,0.282,0.0721,0
19019,2790.0,0.03271,0.03057,0,5.0,0.281,0.0365,0
19020,11060.0,0.02131,0.08661,0,5.2,0.291,0.0704,0
19021,41620.0,0.00791,0.01652,0,6.0,0.292,0.0659,0
19022,12480.0,0.01743,0.02238,0,2.2,0.45,0.0421,0
19023,15190.0,0.05372,0.04581,0,2.7,0.261,0.0389,0
19024,3370.0,0.01468,0.01658,0,3.0,0.222,0.0602,0
19025,7470.0,0.02603,0.03433,0,5.4,0.345,0.0776,0
19026,20070.0,0.01979,0.04558,0,2.0,0.521,0.0741,0
19027,39710.0,0.03882,0.03765,72,4.3,0.576,0.0546,0
19028,21470.0,0.0114,0.02251,0,1.2,0.484,0.0669,0
19029,17460.0,0.02163,0.01156,0,1.2,0.498,0.0559,0
19030,18560.0,0.01775,0.02382,0,4.2,0.461,0.0684,0
19031,17580.0,0.00944,0.01746,0,4.6,0.412,0.0626,0
19032,32890.0,0.04464,0.10124,0,5.6,0.336,0.0324,0
19033,1730.0,0.04205,0.02094,146,1.3,0.532,0.0755,0
19034,22420.0,0.01367,0.02961,0,3.0,0.337,0.0378,0
19035,11930.0,0.06687,0.02281,0,2.3,0.317,0.0583,0
19036,6480.0,0.01696,0.0281,0,6.6,0.25,0.067,0
19037,5820.0,0.01719,0.03023,0,3.7,0.356,0.0385,0
19038,9740.0,0.05477,0.04481,0,6.1,0.495,0.0696,0
19039,12310.0,0.01208,0.01563,0,5.4,0.316,0.0452,0
19040,1680.0,0.00641,0.00919,0,1.9,0.546,0.0687,0
19041,7650.0,0.06001,0.01322,0,4.3,0.474,0.0322,0
19042,22350.0,0.00457,0.002,0,3.7,0.36,0.0476,0
19043,3200.0,0.0185,0.04125,74,6.3,0.449,0.0619,0
19044,24270.0,0.01698,0.02858,0,6.5,0.319,0.0402,0
19045,20520.0,0.03634,0.05438,0,1.7,0.293,0.0524,0
19046,8760.0,0.07274,0.04132,0,6.1,0.506,0.0497,0
19047,14770.0,0.03633,0.10799,326,0.6,0.491,0.0784,0
19048,5980.0,0.11916,0.34635,0,1.1,0.21,0.0487,0
19049,7240.0,0.0643,0.04564,0,0.9,0.301,0.0529,0
19050,16010.0,0.01927,0.03537,0,1.1,0.567,0.0314,0
19051,4110.0,0.0266,0.04402,0,3.5,0.349,0.045,0
19052,6750.0,0.09124,0.1211,0,1.8,0.222,0.0751,1
19053,12340.0,0.01239,0.00775,0,3.7,0.298,0.0383,0
19054,11130.0,0.04249,0.08636,0,4.8,0.505,0.0521,0
19055,4610.0,0.04627,0.09135,0,1.6,0.416,0.0472,0
19056,61020.0,0.01593,0.07138,0,1.6,0.257,0.053,0
19057,7560.0,0.06644,0.02372,0,3.1,0.592,0.0538,0
19058,95720.0,0.03412,0.03648,0,0.7,0.43,0.0613,0
19059,4060.0,0.01077,0.00687,0,4.7,0.551,0.0496,0
19060,10600.0,0.02755,0.0317,0,4.3,0.369,0.0363,0
19061,7140.0,0.02483,0.06499,0,1.1,0.399,0.0702,0
19062,14140.0,0.03184,0.02455,0,4.6,0.414,0.0781,0
19063,17360.0,0.0137,0.01086,0,6.0,0.554,0.0606,0
19064,2170.0,0.01231,0.00645,0,4.7,0.346,0.0727,0
19065,43050.0,0.01379,0.02358,0,2.7,0.544,0.0339,0
19066,22700.0,0.0138,0.02661,0,6.0,0.406,0.0522,0
19067,2980.0,0.00969,0.00792,0,1.5,0.276,0.076,0
19068,17480.0,0.01249,0.02285,0,2.4,0.279,0.0765,0
19069,8870.0,0.00908,0.00671,2,5.6,0.278,0.0722,0
19070,13520.0,0.05124,0.02955,0,6.0,0.484,0.0511,0
19071,20960.0,0.02126,0.05765,0,5.5,0.311,0.0305,0
19072,5420.0,0.01231,0.01743,0,1.3,0.448,0.0475,0
19073,9890.0,0.07232,0.19223,0,0.6,0.269,0.0558,0
19074,10490.0,0.05216,0.04212,46,0.8,0.555,0.0501,0
19075,10790.0,0.0399,0.01389,0,5.4,0.514,0.0342,0
19076,1350.0,0.01796,0.02087,0,4.2,0.303,0.0546,0
19077,9670.0,0.03299,0.06503,0,1.4,0.44,0.0344,0
19078,8780.0,0.02911,0.11692,0,1.4,0.322,0.0616,0
19079,2910.0,0.02815,0.06833,0,3.6,0.584,0.0711,0
19080,5150.0,0.01652,0.02569,0,1.7,0.52,0.0594,1
19081,50670.0,0.03107,0.02777,0,5.1,0.53,0.0441,0
19082,38710.0,0.02132,0.03912,0,2.9,0.507,0.0497,0
19083,15840.0,0.01792,0.04217,0,0.8,0.443,0.0421,0
19084,14860.0,0.05648,0.05399,0,3.9,0.21,0.0748,0
19085,9980.0,0.03521,0.02633,0,3.0,0.448,0.0741,0
19086,13220.0,0.05789,0.01789,0,4.0,0.259,0.0301,0
19087,30700.0,0.0304,0.02811,0,0.8,0.585,0.0708,0
19088,53300.0,0.04771,0.058,0,4.3,0.533,0.0465,0
19089,18300.0,0.02222,0.03806,0,6.3,0.375,0.0421,1
19090,11010.0,0.01595,0.02353,0,1.3,0.45,0.0542,0
19091,22160.0,0.07053,0.07131,0,5.1,0.478,0.078,1
19092,18380.0,0.02625,0.03612,0,3.6,0.206,0.0519,0
19093,7380.0,0.01881,0.02644,0,6.4,0.237,0.0784,0
19094,5700.0,0.01352,0.00407,0,6.4,0.506,0.0458,0
19095,44770.0,0.01554,0.02837,7,2.1,0.265,0.0625,0
19096,10720.0,0.01452,0.03915,0,4.1,0.219,0.0327,0
19097,4490.0,0.01255,0.0056,0,6.4,0.441,0.0436,0
19098,11750.0,0.0185,0.03179,0,6.3,0.503,0.077,0
19099,18090.0,0.02581,0.03084,0,1.2,0.337,0.0639,0
19100,13080.0,0.03223,0.09664,0,6.0,0.541,0.0362,0
19101,18160.0,0.01452,0.0118,0,2.5,0.302,0.0366,0
19102,64830.0,0.00787,0.01088,0,1.3,0.477,0.054,0
19103,24950.0,0.01524,0.01946,0,4.0,0.527,0.0749,0
19104,12450.0,0.00481,0.00409,0,2.7,0.317,0.0329,0
19105,23340.0,0.0327,0.0676,0,4.3,0.401,0.0494,0
19106,13880.0,0.03266,0.03251,0,4.4,0.448,0.0769,0
19107,6740.0,0.01599,0.03549,0,3.0,0.469,0.0755,0
19108,5360.0,0.00965,0.01432,0,4.5,0.356,0.0417,0
19109,12030.0,0.00841,0.00636,0,4.7,0.425,0.073,0
19110,19430.0,0.03744,0.04414,0,0.7,0.559,0.0556,0
19111,27910.0,0.00455,0.00377,0,0.6,0.3,0.0421,0
19112,39130.0,0.00999,0.02002,0,5.1,0.274,0.0325,0
19113,58810.0,0.0349,0.00989,0,6.2,0.41,0.0747,0
19114,6600.0,0.0299,0.01259,0,3.4,0.366,0.0591,0
19115,4370.0,0.02867,0.03294,0,5.2,0.362,0.0643,0
19116,39010.0,0.00799,0.02414,0,4.7,0.295,0.0783,0
19117,10990.0,0.033,0.05035,0,2.2,0.223,0.0432,0
19118,9230.0,0.02611,0.02102,0,5.9,0.555,0.076,0
19119,9830.0,0.04887,0.05142,10,5.8,0.228,0.0376,1
19120,58310.0,0.01568,0.02324,0,4.0,0.582,0.0707,0
19121,59240.0,0.03607,0.11117,0,2.8,0.501,0.053,0
19122,9720.0,0.01927,0.03533,0,6.1,0.458,0.0409,0
19123,12370.0,0.02662,0.03799,0,2.8,0.245,0.0734,0
19124,2970.0,0.01631,0.01822,0,3.0,0.4,0.0521,0
19125,3780.0,0.03741,0.05389,0,5.5,0.294,0.0671,0
19126,60660.0,0.01172,0.00576,0,6.3,0.539,0.073,0
19127,11260.0,0.00946,0.00849,155,2.9,0.299,0.0629,0
19128,4070.0,0.01109,0.01146,0,2.5,0.417,0.0433,0
19129,35930.0,0.00929,0.00387,0,1.3,0.245,0.061,0
19130,10870.0,0.02521,0.06828,0,1.6,0.511,0.0771,0
19131,12860.0,0.00994,0.01723,0,2.1,0.507,0.0306,0
19132,9620.0,0.01058,0.0204,0,3.0,0.487,0.0429,1
19133,15550.0,0.03762,0.03549,0,1.8,0.289,0.0337,0
19134,1910.0,0.01947,0.02602,0,2.5,0.229,0.0569,0
19135,6020.0,0.00773,0.00646,0,3.8,0.578,0.0765,0
19136,12150.0,0.00713,0.0075,0,3.1,0.563,0.0415,0
19137,13070.0,0.0217,0.16992,0,5.1,0.483,0.0701,0
19138,4200.0,0.01529,0.11055,0,4.1,0.346,0.0612,0
19139,97050.0,0.01694,0.01752,0,3.3,0.311,0.0503,0
19140,6190.0,0.01822,0.01738,0,1.2,0.528,0.0388,0
19141,9200.0,0.00796,0.00611,0,3.9,0.488,0.0672,0
19142,6380.0,0.00918,0.00264,0,1.6,0.519,0.0462,0
19143,14770.0,0.01651,0.01702,0,2.5,0.326,0.0682,1
19144,3440.0,0.0247,0.02267,0,2.8,0.464,0.0554,0
19145,36000.0,0.02897,0.03302,305,1.6,0.287,0.0489,0
19146,16200.0,0.01194,0.01792,0,1.0,0.21,0.0422,0
19147,3020.0,0.04043,0.024,0,1.9,0.218,0.0456,0
19148,15100.0,0.03898,0.01796,0,2.2,0.237,0.038,0
19149,7960.0,0.01948,0.03119,0,2.2,0.513,0.0564,0
19150,13170.0,0.01583,0.03084,0,3.1,0.24,0.0497,0
19151,1430.0,0.01394,0.03094,0,6.6,0.377,0.0336,0
19152,9220.0,0.00691,0.01428,0,1.8,0.282,0.0349,0
19153,15230.0,0.04111,0.04025,0,0.8,0.554,0.0697,0
19154,21070.0,0.04888,0.03085,0,3.4,0.563,0.0714,0
19155,20210.0,0.01389,0.01925,0,3.0,0.304,0.0352,0
19156,42200.0,0.02568,0.02437,0,3.8,0.445,0.0705,0
19157,2110.0,0.0151,0.02353,0,1.3,0.484,0.0753,0
19158,26610.0,0.00933,0.00772,0,3.0,0.52,0.0751,0
19159,25400.0,0.01357,0.00933,0,2.7,0.275,0.058,1
19160,28640.0,0.01097,0.00812,0,5.5,0.45,0.0578,0
19161,26980.0,0.01305,0.01154,0,6.3,0.451,0.0781,0
19162,57010.0,0.04247,0.09935,0,0.7,0.505,0.0382,0
19163,12840.0,0.01719,0.04176,0,3.6,0.201,0.0699,0
19164,7860.0,0.01112,0.00849,0,0.6,0.39,0.0449,0
19165,54430.0,0.00761,0.00563,0,2.9,0.352,0.0415,0
19166,5070.0,0.02494,0.07476,0,6.2,0.591,0.0495,0
19167,11220.0,0.02221,0.03819,0,3.3,0.492,0.0425,0
19168,20600.0,0.03946,0.0637,0,3.1,0.482,0.0654,0
19169,13440.0,0.00802,0.01406,0,3.9,0.594,0.0649,0
19170,13760.0,0.01233,0.00894,0,2.0,0.408,0.0464,0
19171,22740.0,0.02008,0.03265,0,5.5,0.317,0.063,0
19172,24880.0,0.05654,0.08217,0,4.6,0.451,0.0537,0
19173,6040.0,0.01987,0.01483,0,4.9,0.293,0.0573,0
19174,3430.0,0.00255,0.00584,0,1.8,0.261,0.06,0
19175,24500.0,0.01074,0.01967,0,5.0,0.459,0.0655,0
19176,6450.0,0.01807,0.0313,0,5.0,0.448,0.0789,0
19177,11610.0,0.01239,0.02183,0,0.8,0.58,0.0656,0
19178,8970.0,0.01869,0.02801,0,6.6,0.275,0.0647,0
19179,12010.0,0.02852,0.03669,0,3.1,0.544,0.0745,0
19180,25750.0,0.08662,0.09514,0,4.8,0.293,0.047,0
19181,8860.0,0.04417,0.11076,51,5.1,0.309,0.0616,0
19182,11590.0,0.01796,0.03383,0,4.7,0.259,0.039,0
19183,10940.0,0.04347,0.0325,0,5.3,0.396,0.0528,0
19184,3920.0,0.04828,0.0395,0,3.6,0.542,0.0638,0
19185,61260.0,0.01509,0.01194,0,4.7,0.494,0.0797,0
19186,4050.0,0.01621,0.02273,0,2.6,0.233,0.0463,0
19187,7550.0,0.02362,0.03555,0,1.5,0.227,0.0765,0
19188,14210.0,0.00484,0.00658,0,1.6,0.297,0.0344,0
19189,13320.0,0.03212,0.04514,0,1.9,0.203,0.0661,0
19190,18870.0,0.014,0.01161,0,2.6,0.41,0.0573,0
19191,9060.0,0.03087,0.02407,0,3.4,0.481,0.0432,1
19192,5460.0,0.00543,0.01372,0,2.7,0.561,0.0406,0
19193,2040.0,0.00689,0.00499,0,0.5,0.578,0.0437,0
19194,9000.0,0.01449,0.01667,0,0.9,0.487,0.0343,0
19195,8200.0,0.01363,0.00806,0,6.3,0.278,0.0694,0
19196,11700.0,0.02342,0.00849,0,3.2,0.504,0.0664,0
19197,45780.0,0.04622,0.09593,31,6.6,0.246,0.0394,0
19198,3690.0,0.02578,0.01842,0,3.2,0.317,0.0463,0
19199,9200.0,0.01088,0.0186,0,4.6,0.239,0.0588,0
19200,2930.0,0.03995,0.11552,0,6.0,0.415,0.0472,0
19201,1960.0,0.0106,0.01366,0,4.5,0.275,0.0332,0
19202,16040.0,0.00406,0.00256,0,4.5,0.226,0.0736,0
19203,8740.0,0.01252,0.00955,0,5.5,0.456,0.0541,0
19204,20040.0,0.03086,0.08095,0,6.1,0.431,0.0771,0
19205,14790.0,0.03208,0.01704,0,6.9,0.533,0.058,0
19206,7900.0,0.01443,0.01283,0,1.4,0.596,0.0676,0
19207,11870.0,0.00958,0.01426,0,0.8,0.354,0.0605,0
19208,7370.0,0.05209,0.10161,0,6.1,0.428,0.0631,0
19209,5860.0,0.04453,0.05578,64,4.2,0.595,0.0348,0
19210,6580.0,0.02835,0.0324,0,1.6,0.494,0.0687,0
19211,9490.0,0.05687,0.09196,0,6.8,0.311,0.0457,0
19212,5920.0,0.02269,0.01837,0,6.2,0.351,0.0717,0
19213,4080.0,0.02921,0.02837,0,1.7,0.324,0.0438,0
19214,5940.0,0.02787,0.02456,168,5.2,0.254,0.0685,0
19215,3750.0,0.03412,0.04275,0,3.5,0.455,0.0403,0
19216,7770.0,0.00528,0.01189,0,0.8,0.328,0.0435,0
19217,11170.0,0.00697,0.00321,0,3.6,0.333,0.0356,0
19218,3650.0,0.02586,0.01942,0,4.2,0.581,0.0383,0
19219,8240.0,0.00831,0.00615,0,3.3,0.355,0.0746,0
19220,4640.0,0.01678,0.01153,0,1.4,0.484,0.0422,0
19221,6690.0,0.01514,0.01891,0,4.6,0.29,0.0709,0
19222,21960.0,0.00838,0.00772,0,4.5,0.48,0.0738,0
19223,20510.0,0.03232,0.02918,0,4.6,0.287,0.0757,0
19224,73260.0,0.00781,0.0045,0,3.5,0.551,0.0438,0
19225,15390.0,0.03725,0.03614,0,6.5,0.43,0.0594,0
19226,9320.0,0.06759,0.05936,0,4.5,0.469,0.0367,0
19227,27070.0,0.02022,0.01352,0,2.9,0.214,0.0796,0
19228,11280.0,0.02869,0.02352,0,6.5,0.49,0.0315,0
19229,9900.0,0.00841,0.00731,0,2.5,0.5,0.0507,1
19230,12420.0,0.01178,0.0108,0,2.8,0.371,0.0323,0
19231,26520.0,0.00902,0.00471,0,1.7,0.26,0.0685,0
19232,6840.0,0.03299,0.06433,0,3.4,0.569,0.0435,0
19233,14550.0,0.04824,0.05736,0,5.5,0.206,0.0787,0
19234,30960.0,0.01555,0.01829,0,1.9,0.451,0.0703,0
19235,15820.0,0.00767,0.01343,0,4.5,0.269,0.0354,0
19236,18110.0,0.024,0.0099,51,3.1,0.414,0.056,0
19237,9530.0,0.03242,0.02437,0,4.2,0.371,0.0581,0
19238,6150.0,0.00976,0.01326,0,3.4,0.408,0.0613,0
19239,11250.0,0.01589,0.00998,0,0.7,0.299,0.0398,0
19240,5580.0,0.00928,0.01049,0,5.3,0.514,0.0768,0
19241,5160.0,0.03984,0.10908,0,6.1,0.424,0.0792,0
19242,16470.0,0.05742,0.09077,0,1.4,0.484,0.0725,1
19243,15830.0,0.01992,0.04412,0,6.3,0.475,0.0579,1
19244,22790.0,0.01183,0.00738,0,6.2,0.23,0.0729,0
19245,8100.0,0.01715,0.02117,0,4.5,0.281,0.0414,0
19246,18100.0,0.01953,0.01608,0,5.2,0.219,0.0716,0
19247,11770.0,0.01393,0.01371,0,2.5,0.241,0.08,0
19248,8810.0,0.02945,0.01821,0,0.6,0.253,0.0331,0
19249,9350.0,0.01495,0.01563,0,3.0,0.503,0.0444,0
19250,26300.0,0.0334,0.03362,0,7.0,0.394,0.077,0
19251,4000.0,0.01723,0.04075,0,3.3,0.432,0.0379,0
19252,14060.0,0.05662,0.11213,0,6.5,0.293,0.0594,0
19253,14300.0,0.01807,0.019,0,2.9,0.575,0.0356,0
19254,6470.0,0.03579,0.0313,0,2.3,0.248,0.0456,0
19255,45820.0,0.01076,0.01469,0,2.9,0.457,0.0588,0
19256,4430.0,0.00967,0.00937,0,4.2,0.45,0.0536,0
19257,1420.0,0.00844,0.00599,0,6.2,0.416,0.0652,0
19258,1220.0,0.04452,0.12644,0,5.6,0.538,0.0598,0
19259,16060.0,0.0334,0.02907,0,1.0,0.511,0.0657,0
19260,2730.0,0.02663,0.04733,10,5.4,0.458,0.0361,0
19261,17270.0,0.01554,0.00573,0,4.6,0.57,0.0691,0
19262,3550.0,0.0122,0.01231,0,3.6,0.419,0.032,0
19263,7490.0,0.04347,0.02306,0,6.6,0.445,0.0508,0
19264,7630.0,0.00695,0.00969,0,5.8,0.319,0.076,0
19265,9950.0,0.02338,0.01526,0,5.0,0.248,0.0545,0
19266,12500.0,0.0248,0.0443,0,5.9,0.3,0.0551,0
19267,30280.0,0.03434,0.02736,0,6.1,0.515,0.0431,0
19268,3750.0,0.0257,0.05523,0,2.4,0.477,0.0712,0
19269,28340.0,0.02412,0.00806,0,6.2,0.567,0.0524,0
19270,6240.0,0.01537,0.01851,0,3.3,0.477,0.0652,0
19271,7130.0,0.02382,0.02443,0,5.3,0.528,0.0421,0
19272,4450.0,0.03605,0.05016,0,2.7,0.269,0.0618,0
19273,2620.0,0.02474,0.0587,0,2.0,0.346,0.0395,0
19274,2490.0,0.01031,0.01799,0,2.0,0.496,0.035,0
19275,8050.0,0.01544,0.04674,0,4.1,0.475,0.0446,0
19276,20190.0,0.03332,0.03899,0,3.4,0.396,0.0513,0
19277,2150.0,0.02994,0.0274,0,5.8,0.278,0.0346,0
19278,18080.0,0.05461,0.21129,0,6.3,0.456,0.0597,0
19279,10430.0,0.06015,0.02149,0,6.2,0.521,0.048,0
19280,13550.0,0.0083,0.00934,0,2.4,0.503,0.0363,0
19281,11250.0,0.07155,0.05921,0,2.6,0.373,0.0434,0
19282,9330.0,0.01365,0.02324,0,4.5,0.208,0.0772,1
19283,25730.0,0.03737,0.03772,0,3.9,0.236,0.0741,0
19284,8160.0,0.01821,0.02656,44,6.9,0.493,0.0618,0
19285,11860.0,0.01298,0.02084,0,2.5,0.554,0.0385,0
19286,13360.0,0.03095,0.06403,0,4.0,0.245,0.0372,0
19287,1740.0,0.01649,0.01199,0,4.5,0.286,0.0467,0
19288,49780.0,0.02363,0.07206,0,2.2,0.479,0.0624,0
19289,8700.0,0.03004,0.05776,0,3.5,0.597,0.0374,0
19290,24190.0,0.01204,0.00625,0,4.9,0.414,0.0514,0
19291,15520.0,0.01185,0.00909,0,5.7,0.486,0.0577,0
19292,1790.0,0.02849,0.02507,0,5.3,0.2,0.0783,0
19293,12050.0,0.05908,0.10744,0,6.5,0.551,0.0397,0
19294,14150.0,0.00733,0.01401,0,4.4,0.362,0.0782,1
19295,6460.0,0.03367,0.076,0,4.7,0.241,0.0414,0
19296,6320.0,0.09698,0.19118,0,1.8,0.428,0.0766,0
19297,30260.0,0.02149,0.00562,0,1.3,0.58,0.0798,0
19298,38810.0,0.0148,0.01747,367,2.1,0.443,0.0558,0
19299,20330.0,0.02276,0.0143,0,4.7,0.298,0.0385,0
19300,7290.0,0.01762,0.01688,59,6.2,0.598,0.0798,0
19301,11590.0,0.01103,0.01288,383,1.5,0.407,0.0508,0
19302,34280.0,0.29244,0.46409,0,2.8,0.391,0.0304,0
19303,11340.0,0.07718,0.06034,0,1.0,0.359,0.0696,0
19304,11130.0,0.01141,0.00606,0,6.7,0.281,0.0469,0
19305,9710.0,0.05548,0.03541,0,1.5,0.364,0.0579,0
19306,6510.0,0.02527,0.05953,0,1.0,0.551,0.0759,0
19307,10550.0,0.01835,0.02698,0,1.0,0.214,0.0527,0
19308,28880.0,0.03835,0.02538,0,5.0,0.411,0.0459,0
19309,3500.0,0.04215,0.06261,0,4.3,0.293,0.03,0
19310,6210.0,0.00278,0.00316,0,0.6,0.279,0.0429,0
19311,5730.0,0.0065,0.00295,0,4.1,0.413,0.035,0
19312,20210.0,0.03891,0.10247,0,5.0,0.516,0.0531,0
19313,6860.0,0.01286,0.01238,0,1.4,0.201,0.0465,0
19314,41280.0,0.04681,0.0705,0,6.7,0.521,0.0419,0
19315,7350.0,0.00741,0.01986,0,3.5,0.374,0.0706,0
19316,7200.0,0.03243,0.0572,0,4.6,0.243,0.0449,0
19317,7020.0,0.03109,0.04182,0,4.9,0.586,0.035,0
19318,4740.0,0.01304,0.01495,0,3.6,0.498,0.0533,0
19319,8060.0,0.02042,0.03442,0,0.6,0.474,0.0688,0
19320,23470.0,0.01762,0.06287,45,4.3,0.4,0.0759,0
19321,13350.0,0.00975,0.01642,0,1.4,0.55,0.0321,0
19322,5440.0,0.03402,0.02942,0,4.7,0.334,0.0689,0
19323,53870.0,0.0456,0.06739,0,5.5,0.342,0.034,0
19324,4560.0,0.02331,0.02873,0,3.4,0.396,0.033,0
19325,6090.0,0.01635,0.0143,0,0.6,0.579,0.0711,0
19326,3320.0,0.0089,0.01288,0,2.9,0.53,0.0604,0
19327,32160.0,0.00904,0.0079,0,5.8,0.47,0.0752,0
19328,50040.0,0.02161,0.04016,0,5.5,0.589,0.0537,0
19329,8770.0,0.03141,0.03558,0,6.7,0.241,0.0327,0
19330,14960.0,0.01537,0.02744,0,5.2,0.261,0.0585,1
19331,28160.0,0.03873,0.12264,0,6.2,0.551,0.0389,0
19332,17540.0,0.09625,0.10142,0,2.3,0.265,0.0758,0
19333,13440.0,0.0386,0.04419,0,3.3,0.275,0.0583,0
19334,27610.0,0.02495,0.05447,0,6.8,0.554,0.0441,0
19335,7250.0,0.01213,0.01056,0,2.8,0.522,0.0779,0
19336,22360.0,0.02184,0.05038,0,6.3,0.315,0.0538,0
19337,12240.0,0.06545,0.06763,0,6.3,0.347,0.0342,0
19338,5870.0,0.01405,0.01932,0,4.5,0.218,0.0702,0
19339,33320.0,0.0257,0.02906,0,0.6,0.476,0.0627,0
19340,2750.0,0.03086,0.03894,0,6.9,0.453,0.0759,0
19341,36280.0,0.02254,0.02613,0,2.0,0.285,0.0321,0
19342,15440.0,0.00658,0.002,0,5.8,0.505,0.0466,0
19343,16490.0,0.02586,0.045,0,0.9,0.44,0.0327,0
19344,3470.0,0.01366,0.0107,0,2.7,0.498,0.0471,0
19345,1000.0,0.00981,0.00713,0,6.5,0.356,0.032,0
19346,10550.0,0.01964,0.03145,0,2.0,0.5,0.0398,0
19347,18680.0,0.01193,0.01057,0,0.9,0.497,0.0563,0
19348,18020.0,0.0158,0.02264,0,1.2,0.375,0.0363,0
19349,15970.0,0.05657,0.0638,0,1.4,0.457,0.0468,0
19350,63580.0,0.01908,0.03083,29,2.2,0.366,0.0489,0
19351,9710.0,0.01602,0.00948,0,4.2,0.402,0.0408,0
19352,24920.0,0.03536,0.08012,0,4.5,0.597,0.076,0
19353,11070.0,0.01475,0.01775,0,5.2,0.527,0.0657,0
19354,14480.0,0.01159,0.05106,0,1.9,0.208,0.0641,0
19355,12210.0,0.01132,0.02135,0,6.7,0.389,0.0784,0
19356,15900.0,0.00809,0.00377,371,3.5,0.534,0.0375,0
19357,17550.0,0.02988,0.01971,0,7.0,0.242,0.0633,0
19358,7730.0,0.02816,0.09051,0,2.4,0.253,0.0304,0
19359,11060.0,0.0081,0.02948,0,3.0,0.316,0.0536,0
19360,70620.0,0.01769,0.01234,0,4.7,0.319,0.0449,0
19361,26260.0,0.03516,0.03409,0,1.9,0.275,0.0722,0
19362,17650.0,0.01322,0.02974,0,3.3,0.368,0.0601,0
19363,18950.0,0.00827,0.01003,0,2.4,0.51,0.071,0
19364,13640.0,0.01532,0.05419,0,6.9,0.207,0.0342,0
19365,19010.0,0.02243,0.01565,27,4.2,0.36,0.0373,0
19366,4370.0,0.01559,0.0079,0,5.1,0.404,0.055,0
19367,16990.0,0.00918,0.01813,18,6.1,0.582,0.0567,0
19368,12610.0,0.0093,0.00303,0,5.7,0.597,0.072,0
19369,15150.0,0.03127,0.0199,0,5.5,0.231,0.0602,0
19370,27650.0,0.02967,0.07044,0,2.9,0.213,0.0592,0
19371,48440.0,0.02534,0.01263,0,4.8,0.51,0.0392,0
19372,19220.0,0.02356,0.02023,0,1.1,0.445,0.0343,0
19373,3490.0,0.01377,0.00978,0,3.2,0.384,0.0556,0
19374,9920.0,0.04885,0.02323,0,6.6,0.45,0.0683,0
19375,22130.0,0.02296,0.03057,0,6.7,0.471,0.0786,0
19376,11010.0,0.02804,0.04581,0,6.9,0.535,0.0478,0
19377,36600.0,0.04785,0.10171,54,2.8,0.372,0.068,0
19378,47940.0,0.00889,0.00976,0,1.9,0.214,0.0444,0
19379,11630.0,0.01822,0.04091,0,1.3,0.574,0.0696,0
19380,8570.0,0.01321,0.01286,0,7.0,0.466,0.0775,0
19381,29500.0,0.01944,0.01899,0,1.4,0.236,0.0554,0
19382,12650.0,0.01986,0.05359,0,2.8,0.293,0.0581,0
19383,26500.0,0.01136,0.02381,0,1.0,0.298,0.0589,0
19384,61300.0,0.00996,0.01243,0,6.8,0.362,0.0414,0
19385,8540.0,0.02676,0.04131,0,2.0,0.548,0.0569,0
19386,26910.0,0.01922,0.01843,0,2.7,0.38,0.0725,0
19387,3290.0,0.02175,0.03212,0,4.6,0.357,0.0529,0
19388,14420.0,0.00912,0.01289,0,3.8,0.395,0.044,0
19389,7290.0,0.02168,0.01006,0,6.6,0.225,0.0435,0
19390,3150.0,0.02191,0.02388,0,2.2,0.424,0.041,0
19391,18820.0,0.02424,0.02615,0,2.8,0.479,0.0495,0
19392,8630.0,0.00604,0.01933,0,3.4,0.502,0.0752,0
19393,5310.0,0.06242,0.21779,0,6.7,0.318,0.0771,0
19394,6560.0,0.02985,0.03032,0,1.9,0.204,0.0506,0
19395,31120.0,0.059,0.05612,48,5.9,0.287,0.0649,0
19396,14580.0,0.01068,0.00763,0,1.1,0.301,0.044,0
19397,12430.0,0.01354,0.03237,23,5.4,0.506,0.0554,1
19398,11110.0,0.01734,0.01944,0,3.5,0.585,0.0652,0
19399,14840.0,0.01255,0.0236,0,1.2,0.398,0.0578,0
19400,26650.0,0.02539,0.01353,192,2.4,0.251,0.0387,0
19401,17060.0,0.01578,0.01377,0,5.2,0.488,0.0567,0
19402,25400.0,0.0166,0.01842,0,3.8,0.495,0.0427,0
19403,15150.0,0.00744,0.01245,0,4.6,0.515,0.0686,0
19404,8240.0,0.01267,0.01281,0,2.7,0.429,0.0424,0
19405,14950.0,0.00636,0.00979,0,0.6,0.314,0.0469,0
19406,22650.0,0.01949,0.01394,0,2.1,0.225,0.0441,0
19407,7540.0,0.01885,0.0657,0,6.3,0.541,0.0794,0
19408,21400.0,0.00875,0.00877,0,0.9,0.591,0.0687,0
19409,7290.0,0.01173,0.00974,0,5.6,0.559,0.0468,0
19410,57540.0,0.05625,0.09508,0,5.3,0.508,0.0562,0
19411,10470.0,0.01639,0.04406,0,1.0,0.488,0.0784,0
19412,4450.0,0.02049,0.0494,0,6.5,0.239,0.0781,0
19413,31460.0,0.01751,0.01431,0,1.9,0.503,0.0385,0
19414,9100.0,0.02228,0.01712,0,2.0,0.38,0.0558,0
19415,9900.0,0.01558,0.01378,0,5.0,0.414,0.0443,0
19416,10050.0,0.0101,0.01555,0,0.7,0.566,0.0344,0
19417,6330.0,0.00736,0.00471,0,1.4,0.468,0.0787,0
19418,20310.0,0.02496,0.03651,0,4.3,0.454,0.0692,0
19419,3060.0,0.02198,0.01459,0,5.0,0.233,0.0722,0
19420,6920.0,0.01285,0.02332,0,5.8,0.218,0.0713,0
19421,32610.0,0.04403,0.07214,0,2.9,0.497,0.0714,0
19422,2620.0,0.05546,0.0495,0,5.8,0.422,0.0691,0
19423,2740.0,0.02692,0.03393,0,4.0,0.208,0.05,0
19424,112100.0,0.03959,0.06033,0,3.7,0.292,0.0373,0
19425,12360.0,0.01877,0.04011,0,3.2,0.456,0.0637,0
19426,12600.0,0.03077,0.02253,0,2.4,0.329,0.0532,0
19427,6080.0,0.03979,0.03179,0,2.7,0.375,0.0622,0
19428,10400.0,0.12823,0.19001,281,3.4,0.441,0.0546,0
19429,21420.0,0.01573,0.01245,0,5.3,0.503,0.0576,0
19430,13510.0,0.02205,0.02352,0,4.8,0.238,0.0782,0
19431,19470.0,0.02071,0.02397,0,4.5,0.249,0.0452,0
19432,7930.0,0.03164,0.01348,0,6.3,0.36,0.0609,0
19433,25890.0,0.03255,0.06169,0,1.1,0.402,0.0636,0
19434,22930.0,0.13264,0.10646,0,5.1,0.384,0.0375,0
19435,11440.0,0.01277,0.028,0,4.9,0.282,0.066,0
19436,11000.0,0.00738,0.0069,0,3.5,0.481,0.0451,0
19437,3360.0,0.08611,0.10416,0,6.1,0.361,0.0639,0
19438,13180.0,0.06948,0.01727,0,4.4,0.425,0.0511,0
19439,5570.0,0.01415,0.01888,0,4.6,0.359,0.0515,0
19440,16740.0,0.02379,0.03076,0,4.3,0.37,0.0579,0
19441,18710.0,0.02836,0.02654,26,4.0,0.542,0.0771,0
19442,27590.0,0.00493,0.00641,0,2.3,0.312,0.0581,0
19443,20070.0,0.04693,0.02305,0,2.5,0.365,0.0415,0
19444,41240.0,0.01266,0.00779,0,1.8,0.231,0.0653,0
19445,77270.0,0.03869,0.02144,0,5.6,0.542,0.0777,0
19446,1370.0,0.00551,0.00366,0,2.1,0.407,0.038,0
19447,11590.0,0.02406,0.04337,0,5.1,0.383,0.0318,0
19448,14310.0,0.03257,0.04377,0,2.8,0.411,0.0465,0
19449,5580.0,0.03933,0.03162,0,5.3,0.262,0.0508,0
19450,16400.0,0.01102,0.0096,0,3.3,0.571,0.0718,0
19451,8630.0,0.10991,0.40338,0,5.8,0.49,0.0782,0
19452,21290.0,0.00924,0.00595,0,4.2,0.283,0.0653,0
19453,3490.0,0.01133,0.00306,0,0.9,0.48,0.0475,0
19454,16800.0,0.05986,0.10354,21,2.7,0.496,0.0646,0
19455,11020.0,0.0084,0.00553,0,3.0,0.425,0.0774,0
19456,17380.0,0.01623,0.01131,0,4.9,0.424,0.0678,0
19457,2790.0,0.02477,0.01965,0,6.7,0.319,0.0579,0
19458,13230.0,0.03809,0.05692,0,4.8,0.47,0.0385,0
19459,16140.0,0.0067,0.00635,0,1.1,0.535,0.0723,0
19460,7130.0,0.00877,0.01339,0,4.7,0.317,0.0775,0
19461,3990.0,0.00618,0.00518,0,2.5,0.381,0.0578,1
19462,5030.0,0.07827,0.07537,42,5.5,0.485,0.0308,0
19463,11050.0,0.02165,0.01818,0,5.2,0.418,0.0572,0
19464,18560.0,0.10207,0.1729,0,5.4,0.48,0.0368,0
19465,47730.0,0.00557,0.00239,0,5.8,0.334,0.0755,1
19466,15770.0,0.00914,0.00994,0,5.2,0.588,0.0371,0
19467,17230.0,0.03467,0.03386,0,7.0,0.375,0.0522,0
19468,49750.0,0.03682,0.01658,0,5.9,0.462,0.0661,0
19469,2710.0,0.01377,0.01836,0,2.2,0.39,0.0406,0
19470,15950.0,0.01498,0.01153,51,2.1,0.41,0.0775,0
19471,4100.0,0.01396,0.00718,0,1.2,0.494,0.0639,0
19472,13710.0,0.02028,0.02052,0,3.2,0.297,0.0735,0
19473,1130.0,0.00336,0.00212,0,3.8,0.324,0.0426,0
19474,53410.0,0.01395,0.02895,0,5.0,0.424,0.0527,0
19475,9140.0,0.01066,0.0208,0,6.2,0.495,0.0628,0
19476,50180.0,0.01306,0.00737,0,5.8,0.413,0.036,0
19477,15010.0,0.01152,0.02188,0,3.5,0.386,0.0434,0
19478,7770.0,0.04889,0.02375,0,0.5,0.391,0.0314,0
19479,6990.0,0.05248,0.05184,0,4.5,0.574,0.0377,0
19480,10930.0,0.01014,0.01855,0,4.6,0.5,0.0369,0
19481,28750.0,0.01141,0.01624,49,1.3,0.414,0.0606,1
19482,5470.0,0.04059,0.05501,0,1.6,0.284,0.0499,0
19483,4900.0,0.00807,0.01461,0,2.8,0.368,0.0435,0
19484,7280.0,0.03868,0.06969,0,4.4,0.44,0.0583,0
19485,15820.0,0.04649,0.04926,0,2.8,0.551,0.0706,1
19486,28340.0,0.02511,0.02115,0,1.4,0.452,0.0682,0
19487,15010.0,0.01854,0.01573,0,4.4,0.299,0.0614,0
19488,16060.0,0.0119,0.00853,0,7.0,0.377,0.034,0
19489,8870.0,0.01986,0.01945,0,3.3,0.518,0.0545,0
19490,5310.0,0.0191,0.0186,0,2.6,0.414,0.0629,0
19491,6120.0,0.02252,0.08108,0,1.5,0.267,0.0799,0
19492,3690.0,0.03378,0.05404,0,6.8,0.442,0.0344,0
19493,12470.0,0.03289,0.0224,0,2.8,0.532,0.0767,0
19494,9730.0,0.00899,0.00936,0,5.1,0.429,0.0609,0
19495,27660.0,0.03674,0.11642,0,6.2,0.436,0.0331,1
19496,33660.0,0.05398,0.05735,0,2.7,0.444,0.0386,0
19497,11560.0,0.01693,0.01972,0,2.1,0.58,0.0704,0
19498,19150.0,0.01514,0.02177,0,6.1,0.383,0.0421,0
19499,16790.0,0.02815,0.02424,25,6.6,0.28,0.0667,0
19500,2790.0,0.02125,0.04974,0,5.4,0.498,0.0317,0
19501,44090.0,0.0112,0.01526,0,6.7,0.458,0.0304,0
19502,78190.0,0.01037,0.0104,0,1.3,0.554,0.0638,1
19503,9800.0,0.022,0.04256,0,1.7,0.563,0.0614,0
19504,5860.0,0.1188,0.13326,0,1.2,0.501,0.037,0
19505,4830.0,0.02399,0.03449,0,6.8,0.378,0.064,0
19506,8940.0,0.01294,0.05104,0,6.6,0.273,0.0328,0
19507,9070.0,0.02313,0.02415,0,6.9,0.381,0.0696,0
19508,4980.0,0.00332,0.01284,0,0.7,0.21,0.0744,0
19509,19910.0,0.02797,0.04055,0,3.8,0.223,0.0369,0
19510,46440.0,0.03813,0.02045,251,4.1,0.414,0.0722,0
19511,30890.0,0.0028,0.00338,0,6.0,0.477,0.0769,0
19512,5970.0,0.0134,0.00791,0,0.8,0.255,0.0746,0
19513,10370.0,0.03374,0.01856,0,6.2,0.345,0.0683,0
19514,7980.0,0.00434,0.00586,0,5.0,0.36,0.0596,0
19515,4500.0,0.00642,0.00975,0,2.1,0.272,0.0751,0
19516,9170.0,0.00874,0.00536,0,6.0,0.417,0.0659,0
19517,21440.0,0.01733,0.00923,0,1.3,0.459,0.0347,0
19518,70340.0,0.01715,0.02179,0,2.3,0.553,0.0759,0
19519,11190.0,0.02925,0.09625,0,4.2,0.421,0.0423,0
19520,29380.0,0.0106,0.00982,0,0.8,0.572,0.0724,0
19521,39900.0,0.01958,0.02795,0,3.8,0.247,0.0648,0
19522,12270.0,0.0197,0.05109,0,3.4,0.254,0.0432,0
19523,49690.0,0.01455,0.02025,0,5.2,0.371,0.0553,0
19524,31230.0,0.09507,0.06792,392,1.9,0.392,0.0617,0
19525,8840.0,0.0442,0.01071,0,3.9,0.214,0.0536,0
19526,4190.0,0.01614,0.01289,0,3.9,0.443,0.0692,0
19527,4960.0,0.0238,0.03316,0,4.6,0.487,0.0326,0
19528,17610.0,0.05336,0.03915,0,5.8,0.514,0.0625,0
19529,8940.0,0.01626,0.0185,0,6.9,0.547,0.043,0
19530,31370.0,0.04988,0.05774,0,4.5,0.42,0.0627,0
19531,1370.0,0.01513,0.02491,0,6.6,0.47,0.0799,0
19532,7490.0,0.05701,0.03729,0,4.7,0.32,0.0623,0
19533,7880.0,0.03058,0.01999,0,5.5,0.544,0.0468,0
19534,3490.0,0.01301,0.05483,0,0.9,0.409,0.0746,0
19535,5920.0,0.0508,0.05939,0,1.7,0.519,0.0442,0
19536,14410.0,0.02346,0.03905,0,4.1,0.238,0.0669,0
19537,23390.0,0.05115,0.09352,0,1.9,0.271,0.0785,0
19538,5110.0,0.00764,0.00292,0,5.0,0.574,0.0593,0
19539,6220.0,0.07007,0.08516,0,0.5,0.474,0.0401,0
19540,10080.0,0.02631,0.02228,0,1.5,0.544,0.0307,0
19541,17310.0,0.01987,0.04349,0,4.3,0.377,0.0583,0
19542,9470.0,0.02915,0.01789,0,3.9,0.557,0.0471,0
19543,6940.0,0.0226,0.06534,0,2.7,0.332,0.0665,0
19544,24600.0,0.02826,0.02998,0,2.5,0.397,0.0591,0
19545,19090.0,0.01588,0.02406,0,0.8,0.513,0.0662,0
19546,13900.0,0.03297,0.05304,0,2.7,0.344,0.0727,0
19547,2800.0,0.02869,0.01776,0,5.0,0.325,0.0344,0
19548,12410.0,0.05354,0.01927,0,3.9,0.345,0.0442,0
19549,8480.0,0.01614,0.02495,0,4.7,0.397,0.036,0
19550,30310.0,0.02561,0.02713,0,4.2,0.369,0.0463,0
19551,8920.0,0.02653,0.04231,0,3.0,0.223,0.0543,0
19552,8530.0,0.00964,0.00785,0,1.8,0.522,0.0441,0
19553,3430.0,0.00748,0.00961,0,2.9,0.439,0.0462,0
19554,58540.0,0.04178,0.03313,0,5.7,0.413,0.0579,0
19555,4480.0,0.00319,0.00877,6,3.2,0.443,0.0667,0
19556,8990.0,0.03004,0.02513,0,1.3,0.493,0.0327,0
19557,24570.0,0.00957,0.01691,0,6.1,0.574,0.0323,0
19558,4550.0,0.01658,0.02833,10,1.9,0.378,0.0528,0
19559,4790.0,0.00789,0.0054,0,6.8,0.562,0.0374,0
19560,4080.0,0.03667,0.05218,0,5.5,0.26,0.049,0
19561,17950.0,0.03436,0.03078,0,1.3,0.545,0.0314,0
19562,26470.0,0.01648,0.01301,0,1.8,0.383,0.0677,0
19563,9400.0,0.00706,0.00693,0,3.5,0.532,0.0436,0
19564,3970.0,0.01938,0.00917,0,5.1,0.55,0.0409,0
19565,13850.0,0.02069,0.01717,0,5.2,0.261,0.0693,0
19566,39140.0,0.02858,0.14276,0,5.5,0.542,0.0422,0
19567,1200.0,0.00899,0.008,0,5.6,0.468,0.0628,0
19568,9400.0,0.02005,0.0168,53,1.5,0.246,0.0303,0
19569,7320.0,0.0149,0.01776,0,1.8,0.568,0.0418,0
19570,4040.0,0.01686,0.05889,0,3.1,0.543,0.0755,0
19571,11670.0,0.01117,0.01028,0,6.9,0.348,0.059,0
19572,42310.0,0.01474,0.06009,0,6.9,0.393,0.0564,0
19573,17380.0,0.03534,0.03354,129,2.7,0.449,0.0478,0
19574,13110.0,0.03165,0.06962,0,6.9,0.201,0.0428,0
19575,4680.0,0.01635,0.03659,0,1.4,0.403,0.0626,0
19576,22500.0,0.02863,0.04339,0,1.0,0.537,0.0381,0
19577,17180.0,0.00603,0.00605,0,5.2,0.298,0.0685,0
19578,43740.0,0.02738,0.05368,0,2.0,0.435,0.071,0
19579,7850.0,0.04249,0.15303,0,2.1,0.534,0.0754,0
19580,14240.0,0.06504,0.16003,0,2.3,0.227,0.0715,0
19581,10800.0,0.00512,0.00436,42,3.5,0.462,0.0311,0
19582,3750.0,0.03339,0.07337,0,5.4,0.478,0.0343,0
19583,8800.0,0.0218,0.02161,0,5.6,0.378,0.07,0
19584,7130.0,0.02892,0.01903,0,1.6,0.309,0.0585,0
19585,5260.0,0.00555,0.00343,0,2.0,0.546,0.0529,0
19586,12100.0,0.0127,0.00961,0,5.9,0.37,0.059,0
19587,7880.0,0.01904,0.01807,0,0.7,0.417,0.068,0
19588,19250.0,0.01991,0.06136,0,5.0,0.331,0.0448,0
19589,10960.0,0.02004,0.01857,0,2.2,0.511,0.0663,0
19590,10120.0,0.01394,0.02799,0,5.6,0.343,0.0439,0
19591,30920.0,0.03118,0.0461,0,4.4,0.483,0.0339,0
19592,16420.0,0.01094,0.01283,0,1.1,0.437,0.0436,0
19593,16920.0,0.01398,0.01479,0,2.8,0.219,0.0793,0
19594,9300.0,0.02441,0.05334,0,3.1,0.418,0.0338,0
19595,13240.0,0.00643,0.00684,0,6.6,0.206,0.0603,0
19596,13620.0,0.01739,0.01294,0,1.9,0.254,0.0493,0
19597,16430.0,0.00707,0.01181,0,3.8,0.529,0.0773,0
19598,14800.0,0.02731,0.02392,0,1.7,0.255,0.0785,0
19599,10600.0,0.01959,0.01751,38,6.8,0.338,0.0642,0
19600,5420.0,0.03377,0.03518,0,3.0,0.343,0.0526,0
19601,13950.0,0.02058,0.01694,0,1.1,0.46,0.0372,0
19602,23410.0,0.00976,0.02075,0,5.6,0.36,0.0701,0
19603,14340.0,0.01679,0.03907,0,1.2,0.384,0.0431,0
19604,21700.0,0.03288,0.10518,0,4.5,0.345,0.0609,0
19605,29430.0,0.02574,0.06233,0,0.8,0.355,0.06,0
19606,10110.0,0.01811,0.01453,81,5.6,0.257,0.0682,0
19607,2060.0,0.00873,0.01513,0,6.3,0.55,0.0746,0
19608,11700.0,0.01091,0.00652,0,4.7,0.587,0.06,0
19609,40650.0,0.04408,0.07415,0,1.4,0.468,0.0668,0
19610,12670.0,0.01592,0.02802,196,6.6,0.528,0.0704,0
19611,10540.0,0.01592,0.04537,0,6.3,0.217,0.042,0
19612,11810.0,0.02314,0.02063,0,0.8,0.48,0.0517,0
19613,7380.0,0.03204,0.03182,0,4.0,0.451,0.068,0
19614,27540.0,0.0159,0.0088,0,5.7,0.543,0.0756,0
19615,12360.0,0.01588,0.01476,0,6.2,0.466,0.0657,0
19616,8710.0,0.03169,0.02245,0,5.2,0.464,0.0527,1
19617,7670.0,0.00941,0.01765,0,4.7,0.556,0.068,0
19618,1130.0,0.03575,0.03258,0,6.0,0.502,0.0632,0
19619,5210.0,0.0179,0.0233,0,3.0,0.571,0.0608,0
19620,14200.0,0.03339,0.06332,0,1.1,0.376,0.0305,0
19621,9710.0,0.04864,0.02084,0,2.0,0.399,0.0562,0
19622,3540.0,0.02035,0.01641,0,2.7,0.38,0.0665,0
19623,18400.0,0.04237,0.06807,0,0.7,0.221,0.0455,0
19624,17540.0,0.06645,0.04727,0,0.7,0.458,0.0545,0
19625,7750.0,0.01131,0.02063,77,4.5,0.458,0.0722,0
19626,4800.0,0.08275,0.04125,0,5.5,0.488,0.0533,0
19627,14560.0,0.12126,0.07552,0,4.9,0.23,0.0378,0
19628,22430.0,0.01635,0.02716,0,2.3,0.513,0.0318,0
19629,6380.0,0.01789,0.02239,0,3.2,0.453,0.034,0
19630,16610.0,0.03307,0.02596,0,3.2,0.4,0.0587,0
19631,11600.0,0.02147,0.028,0,6.3,0.586,0.0382,0
19632,24720.0,0.0423,0.02342,71,5.0,0.575,0.0318,0
19633,13560.0,0.00555,0.00418,0,2.5,0.471,0.0575,0
19634,12250.0,0.04702,0.02892,0,1.1,0.382,0.0534,0
19635,6270.0,0.06605,0.05603,0,6.7,0.557,0.0775,0
19636,6720.0,0.03182,0.05046,0,6.8,0.331,0.0556,0
19637,24700.0,0.02588,0.03536,0,1.7,0.374,0.0766,0
19638,13490.0,0.02287,0.04095,0,4.1,0.58,0.0566,0
19639,6360.0,0.01019,0.02493,390,4.1,0.32,0.0396,0
19640,6180.0,0.01996,0.0174,0,0.5,0.47,0.0433,0
19641,12680.0,0.03282,0.0524,0,6.5,0.577,0.0305,1
19642,12210.0,0.01629,0.02064,0,4.7,0.309,0.0325,0
19643,12000.0,0.012,0.00669,0,6.2,0.526,0.062,0
19644,13310.0,0.0228,0.08974,0,1.2,0.454,0.0553,0
19645,10140.0,0.01358,0.02793,0,6.5,0.294,0.0507,0
19646,9970.0,0.00527,0.0025,0,2.2,0.471,0.0798,0
19647,11280.0,0.01505,0.02542,0,4.6,0.318,0.0513,0
19648,6330.0,0.04207,0.07658,0,3.2,0.537,0.0654,0
19649,17980.0,0.01839,0.03452,0,2.6,0.275,0.0527,0
19650,16760.0,0.04723,0.02419,0,4.1,0.503,0.0794,0
19651,16920.0,0.01612,0.02931,0,6.6,0.569,0.0696,0
19652,20890.0,0.00597,0.0055,58,5.6,0.365,0.0765,0
19653,2080.0,0.00445,0.002,0,6.9,0.241,0.075,0
19654,4590.0,0.01166,0.01802,0,1.4,0.2,0.0488,0
19655,10160.0,0.01261,0.00718,0,3.9,0.489,0.0762,0
19656,17150.0,0.06238,0.18978,0,3.2,0.48,0.0317,0
19657,10230.0,0.05031,0.04501,11,6.2,0.367,0.0383,0
19658,9230.0,0.0194,0.07769,15,5.9,0.55,0.0502,0
19659,3470.0,0.00967,0.01968,0,3.4,0.239,0.073,1
19660,13010.0,0.03272,0.0541,0,5.8,0.423,0.0348,0
19661,7220.0,0.00859,0.02809,0,3.0,0.318,0.0648,0
19662,25210.0,0.02991,0.0375,0,5.9,0.207,0.0374,0
19663,21750.0,0.01227,0.01512,0,5.8,0.265,0.0606,0
19664,21420.0,0.03149,0.03489,0,1.4,0.372,0.0563,0
19665,6350.0,0.03031,0.12486,0,4.9,0.32,0.063,0
19666,16490.0,0.01421,0.01319,0,6.9,0.404,0.0623,0
19667,27710.0,0.03209,0.03664,0,1.5,0.314,0.046,0
19668,4610.0,0.05276,0.04872,0,6.9,0.47,0.0744,0
19669,12560.0,0.01231,0.01008,0,7.0,0.299,0.0462,0
19670,21460.0,0.01638,0.03033,0,6.1,0.445,0.0334,0
19671,17350.0,0.01184,0.0132,0,5.5,0.491,0.0503,0
19672,7540.0,0.01797,0.03004,0,6.8,0.592,0.0728,0
19673,5340.0,0.0268,0.01982,0,1.7,0.598,0.0684,0
19674,51900.0,0.02123,0.03435,0,7.0,0.56,0.0556,0
19675,33560.0,0.01254,0.01362,0,6.5,0.359,0.0707,0
19676,5280.0,0.01511,0.01502,0,1.9,0.486,0.0364,0
19677,17140.0,0.00971,0.00657,0,3.8,0.418,0.0444,0
19678,30760.0,0.04399,0.04961,0,3.9,0.343,0.0565,0
19679,13270.0,0.01587,0.03377,0,2.4,0.211,0.0706,0
19680,12520.0,0.00812,0.02266,283,3.7,0.212,0.0329,0
19681,13870.0,0.01546,0.05169,0,4.8,0.271,0.0359,0
19682,10360.0,0.03187,0.06973,0,2.3,0.242,0.0504,0
19683,33310.0,0.01842,0.01539,0,6.0,0.353,0.0476,0
19684,9910.0,0.01819,0.01529,0,6.9,0.419,0.041,0
19685,43480.0,0.01772,0.01207,0,3.4,0.342,0.0668,0
19686,2890.0,0.01107,0.00852,0,0.6,0.21,0.0779,0
19687,3440.0,0.01913,0.02354,0,2.9,0.392,0.0487,0
19688,5250.0,0.02804,0.01564,0,1.3,0.351,0.0729,0
19689,14910.0,0.02466,0.05465,0,4.9,0.292,0.0387,0
19690,9650.0,0.02301,0.01541,0,6.1,0.249,0.0529,0
19691,12550.0,0.02687,0.03959,0,1.1,0.574,0.0454,0
19692,4130.0,0.02485,0.03009,0,2.5,0.286,0.0341,0
19693,12700.0,0.00863,0.0209,0,4.1,0.538,0.0504,0
19694,4800.0,0.01705,0.01691,27,6.2,0.336,0.0305,0
19695,27450.0,0.00605,0.00505,284,4.6,0.577,0.0734,0
19696,11970.0,0.03265,0.04469,0,4.9,0.566,0.0721,0
19697,5620.0,0.0305,0.02216,0,6.7,0.219,0.0738,0
19698,13030.0,0.10638,0.16419,0,6.9,0.298,0.07,0
19699,20290.0,0.02906,0.01839,0,0.6,0.571,0.0676,0
19700,17880.0,0.02304,0.03064,36,6.5,0.533,0.0534,0
19701,17880.0,0.03134,0.03303,0,4.1,0.244,0.0453,0
19702,5080.0,0.06827,0.1238,0,1.0,0.499,0.0445,0
19703,23140.0,0.01294,0.01804,0,6.5,0.364,0.0371,0
19704,10590.0,0.01697,0.01742,0,2.2,0.313,0.0672,0
19705,4160.0,0.01788,0.00825,0,4.6,0.277,0.0376,0
19706,9880.0,0.02713,0.03802,0,4.3,0.279,0.0335,0
19707,9030.0,0.01075,0.01071,63,1.8,0.483,0.0465,0
19708,8730.0,0.00797,0.01099,0,5.8,0.405,0.078,0
19709,9430.0,0.01659,0.02222,0,1.7,0.339,0.0707,0
19710,23730.0,0.05994,0.04616,0,3.6,0.503,0.0547,0
19711,22150.0,0.00501,0.002,0,1.1,0.2,0.0758,0
19712,16690.0,0.03158,0.07576,0,5.0,0.23,0.0769,0
19713,20130.0,0.01302,0.01996,0,4.3,0.214,0.0705,0
19714,9800.0,0.01977,0.01437,15,3.6,0.201,0.0474,0
19715,7600.0,0.01151,0.00749,0,3.2,0.485,0.0755,0
19716,24000.0,0.01535,0.0703,0,6.0,0.565,0.0578,0
19717,20780.0,0.01164,0.00675,0,1.7,0.273,0.0572,0
19718,27430.0,0.0044,0.00321,0,3.5,0.492,0.0759,0
19719,7350.0,0.04713,0.0569,0,4.6,0.337,0.0516,0
19720,49720.0,0.02347,0.03874,0,5.1,0.306,0.0564,0
19721,39570.0,0.0224,0.02437,0,4.5,0.246,0.0654,0
19722,6550.0,0.01505,0.0421,0,0.9,0.332,0.0424,0
19723,62180.0,0.07057,0.2151,0,3.8,0.307,0.0569,0
19724,3790.0,0.02337,0.0432,0,4.8,0.329,0.0782,0
19725,3750.0,0.01448,0.01786,0,3.2,0.378,0.0316,0
19726,5430.0,0.01291,0.00999,0,6.6,0.563,0.0586,0
19727,5120.0,0.0149,0.01727,0,5.0,0.313,0.0425,0
19728,135780.0,0.00633,0.00764,39,7.0,0.564,0.0324,0
19729,44100.0,0.00478,0.0033,0,1.4,0.399,0.0415,0
19730,15100.0,0.02459,0.04566,0,0.5,0.402,0.0332,0
19731,31270.0,0.02013,0.02217,0,0.5,0.484,0.0573,0
19732,6090.0,0.08865,0.09429,0,6.0,0.338,0.0494,0
19733,58220.0,0.01837,0.01979,0,1.4,0.576,0.0709,0
19734,14120.0,0.0082,0.01185,0,5.1,0.408,0.0571,0
19735,16420.0,0.01486,0.02075,0,3.3,0.519,0.0753,0
19736,13940.0,0.01639,0.00478,0,5.6,0.291,0.064,0
19737,10930.0,0.01236,0.02096,0,0.5,0.323,0.0447,0
19738,9810.0,0.04851,0.04483,0,3.2,0.428,0.0657,0
19739,5710.0,0.01059,0.0174,0,2.4,0.22,0.0737,0
19740,61310.0,0.02031,0.04897,0,5.6,0.324,0.033,0
19741,10860.0,0.02175,0.02794,0,5.1,0.525,0.0598,0
19742,9690.0,0.01786,0.0091,0,3.2,0.229,0.0367,0
19743,4170.0,0.02131,0.01717,0,2.6,0.438,0.066,0
19744,16400.0,0.03052,0.03711,0,6.9,0.308,0.0374,0
19745,35190.0,0.0189,0.01074,0,4.2,0.356,0.0772,0
19746,12680.0,0.03281,0.02633,0,0.6,0.31,0.0624,0
19747,3050.0,0.01364,0.0077,0,0.6,0.492,0.0677,0
19748,11530.0,0.02759,0.02749,0,4.0,0.343,0.0512,0
19749,19880.0,0.01706,0.02216,0,6.3,0.272,0.0306,0
19750,13210.0,0.01163,0.02395,0,6.2,0.416,0.0734,0
19751,26930.0,0.01661,0.02625,0,2.4,0.314,0.0787,0
19752,20230.0,0.00562,0.00324,0,2.0,0.338,0.0685,0
19753,31470.0,0.09179,0.21547,0,3.4,0.493,0.0574,0
19754,18370.0,0.06017,0.08088,0,2.1,0.515,0.0636,0
19755,8760.0,0.03549,0.02069,0,1.9,0.454,0.0744,0
19756,14180.0,0.01777,0.02851,35,3.3,0.527,0.0324,0
19757,20340.0,0.05161,0.05778,0,4.5,0.225,0.0635,0
19758,13620.0,0.0179,0.00833,0,4.6,0.261,0.0552,0
19759,11470.0,0.06671,0.14204,0,5.9,0.412,0.0301,0
19760,4780.0,0.0529,0.07355,0,1.2,0.299,0.0685,0
19761,34270.0,0.02,0.01894,0,3.0,0.394,0.063,0
19762,7750.0,0.00329,0.00328,0,0.8,0.458,0.0625,0
19763,6600.0,0.01211,0.0272,41,2.5,0.238,0.0743,0
19764,34270.0,0.0089,0.0065,0,4.4,0.58,0.0696,0
19765,10160.0,0.01867,0.01922,0,1.3,0.494,0.0584,0
19766,43210.0,0.01661,0.01324,0,2.7,0.34,0.049,0
19767,35860.0,0.02042,0.04333,0,4.4,0.361,0.0471,0
19768,41010.0,0.01227,0.01511,0,4.4,0.553,0.0684,0
19769,16100.0,0.07333,0.20993,0,1.8,0.48,0.0628,0
19770,10200.0,0.14109,0.09368,0,5.0,0.541,0.0513,0
19771,4240.0,0.02051,0.00523,0,2.8,0.523,0.0344,0
19772,8730.0,0.01809,0.01352,0,4.1,0.312,0.0759,0
19773,6550.0,0.04212,0.03817,0,1.6,0.464,0.0348,0
19774,9230.0,0.01675,0.02313,0,0.6,0.372,0.0509,0
19775,2580.0,0.10204,0.12455,0,5.7,0.504,0.0378,0
19776,12080.0,0.02651,0.02823,0,5.3,0.551,0.053,0
19777,5780.0,0.04502,0.03011,0,4.6,0.356,0.0591,0
19778,4040.0,0.01407,0.026,0,1.1,0.212,0.0375,0
19779,18580.0,0.01474,0.01718,0,1.1,0.359,0.0304,0
19780,14550.0,0.00692,0.01295,0,3.4,0.276,0.0532,0
19781,28070.0,0.02312,0.03374,0,0.7,0.429,0.0635,0
19782,15660.0,0.0793,0.06214,0,5.6,0.33,0.0653,0
19783,6050.0,0.03125,0.02117,0,5.5,0.346,0.0549,0
19784,36290.0,0.02692,0.03487,0,5.8,0.397,0.0407,0
19785,18830.0,0.05705,0.04016,0,5.9,0.33,0.0765,0
19786,18830.0,0.01059,0.03904,0,2.7,0.546,0.0796,0
19787,2910.0,0.00656,0.01071,0,3.2,0.427,0.0309,0
19788,24950.0,0.01467,0.0287,0,5.8,0.242,0.0718,0
19789,31140.0,0.033,0.07777,0,5.3,0.55,0.0319,0
19790,9800.0,0.03084,0.04459,0,3.6,0.562,0.0306,0
19791,23560.0,0.01017,0.00682,0,3.1,0.365,0.0427,0
19792,5880.0,0.02837,0.01449,0,4.7,0.28,0.0627,0
19793,9590.0,0.02334,0.0416,80,0.7,0.237,0.072,0
19794,6160.0,0.02209,0.0219,0,5.0,0.296,0.0731,0
19795,14890.0,0.01415,0.01931,0,6.3,0.431,0.0753,0
19796,18520.0,0.03321,0.05603,23,3.7,0.461,0.0423,0
19797,22360.0,0.00446,0.00313,0,3.1,0.274,0.0639,0
19798,8930.0,0.04567,0.22548,0,3.2,0.219,0.0587,0
19799,1910.0,0.02225,0.01737,0,5.0,0.557,0.0489,0
19800,4700.0,0.02719,0.01321,0,2.6,0.242,0.0361,0
19801,9440.0,0.02862,0.04122,0,2.0,0.475,0.0371,0
19802,19320.0,0.02082,0.00804,0,2.4,0.456,0.0785,0
19803,7610.0,0.01151,0.00729,0,3.1,0.208,0.0393,0
19804,2200.0,0.03053,0.03857,0,1.7,0.414,0.072,0
19805,9340.0,0.02409,0.05123,0,0.7,0.226,0.0661,0
19806,3170.0,0.02468,0.01366,0,5.7,0.352,0.0417,0
19807,50100.0,0.05394,0.08563,0,0.6,0.491,0.0386,0
19808,5560.0,0.06287,0.31759,0,2.8,0.318,0.0443,0
19809,7370.0,0.01045,0.00912,0,5.7,0.567,0.0527,0
19810,8350.0,0.01469,0.00728,0,3.3,0.577,0.04,0
19811,8780.0,0.04088,0.08928,0,1.1,0.587,0.0778,0
19812,7180.0,0.01695,0.02107,0,2.8,0.586,0.0732,0
19813,7920.0,0.02654,0.01275,0,1.0,0.565,0.0368,0
19814,14740.0,0.077,0.27353,0,0.5,0.354,0.0555,0
19815,5930.0,0.01304,0.01592,0,4.7,0.462,0.0315,0
19816,6310.0,0.03319,0.02229,0,3.4,0.321,0.0703,0
19817,13920.0,0.0472,0.15283,23,1.1,0.561,0.0594,0
19818,7050.0,0.00472,0.00215,56,5.1,0.405,0.0608,0
19819,12520.0,0.01458,0.03402,0,6.1,0.431,0.0558,0
19820,9640.0,0.09092,0.1126,0,5.5,0.541,0.0566,0
19821,8990.0,0.0227,0.02371,0,3.8,0.482,0.0414,0
19822,21450.0,0.01807,0.02286,0,6.8,0.401,0.063,0
19823,9600.0,0.18265,0.18146,0,3.1,0.339,0.0691,0
19824,3720.0,0.01895,0.01196,0,1.6,0.437,0.0639,0
19825,7950.0,0.00694,0.0026,0,6.6,0.56,0.0674,0
19826,7760.0,0.00769,0.00549,0,4.4,0.532,0.0657,0
19827,5880.0,0.03595,0.05232,0,1.6,0.287,0.055,0
19828,4350.0,0.01465,0.01301,0,1.8,0.52,0.0577,0
19829,18070.0,0.01356,0.01418,0,6.0,0.49,0.0396,0
19830,4520.0,0.01553,0.04916,0,3.4,0.292,0.0322,0
19831,10220.0,0.04595,0.11065,0,4.5,0.301,0.0716,0
19832,1710.0,0.00641,0.00309,0,3.3,0.424,0.0361,0
19833,6690.0,0.02786,0.03229,0,6.1,0.394,0.0774,0
19834,10390.0,0.04894,0.05837,0,5.9,0.55,0.0357,0
19835,62870.0,0.02079,0.00783,0,5.7,0.49,0.0688,0
19836,19570.0,0.00705,0.00761,0,6.0,0.3,0.0624,0
19837,17460.0,0.03891,0.06885,0,6.4,0.568,0.059,0
19838,10510.0,0.04661,0.08025,0,3.5,0.208,0.0591,0
19839,2700.0,0.01648,0.01173,37,3.2,0.367,0.0354,0
19840,14500.0,0.06141,0.04001,0,1.1,0.233,0.0605,0
19841,24090.0,0.01024,0.0159,0,4.3,0.352,0.0727,0
19842,7910.0,0.04111,0.08799,0,1.6,0.289,0.0428,0
19843,11560.0,0.03113,0.0151,303,2.1,0.449,0.0422,0
19844,13070.0,0.01503,0.01446,0,1.4,0.203,0.0487,0
19845,35680.0,0.00767,0.00902,0,5.5,0.477,0.0556,0
19846,7530.0,0.01084,0.03505,0,1.9,0.475,0.0587,0
19847,3850.0,0.00844,0.01808,0,0.9,0.346,0.0437,0
19848,14750.0,0.02745,0.04853,0,5.0,0.477,0.0332,0
19849,12390.0,0.01396,0.02287,0,4.5,0.361,0.0706,0
19850,3590.0,0.0159,0.02,0,3.5,0.378,0.0401,0
19851,54430.0,0.04182,0.02029,0,2.9,0.504,0.0389,0
19852,5400.0,0.05274,0.06645,0,6.3,0.351,0.0321,0
19853,28010.0,0.04288,0.0509,0,5.9,0.488,0.0569,0
19854,5220.0,0.02919,0.02755,0,4.6,0.585,0.052,0
19855,18860.0,0.01002,0.00703,398,4.2,0.359,0.0593,0
19856,7720.0,0.02449,0.05601,0,1.3,0.284,0.0575,0
19857,9720.0,0.02343,0.02083,0,5.8,0.463,0.0495,0
19858,23500.0,0.07763,0.06857,74,3.5,0.26,0.0474,0
19859,9520.0,0.02339,0.04783,0,6.7,0.371,0.0736,0
19860,12010.0,0.00716,0.00867,0,6.9,0.595,0.0529,0
19861,1760.0,0.01037,0.00371,0,0.9,0.273,0.0412,0
19862,6670.0,0.02643,0.08199,0,6.6,0.24,0.0457,0
19863,16500.0,0.01267,0.01521,0,4.0,0.6,0.0632,0
19864,7050.0,0.01452,0.0134,235,5.2,0.326,0.0542,0
19865,5350.0,0.02912,0.0273,0,1.7,0.364,0.0528,0
19866,12320.0,0.02113,0.04721,0,2.0,0.25,0.0772,0
19867,8270.0,0.01794,0.02296,0,3.3,0.586,0.07,0
19868,3780.0,0.01662,0.01986,0,3.6,0.452,0.049,0
19869,3310.0,0.00587,0.01481,10,1.0,0.293,0.0468,0
19870,8950.0,0.02754,0.02129,0,5.1,0.582,0.0537,0
19871,51590.0,0.01112,0.01275,0,1.8,0.552,0.0578,0
19872,22350.0,0.01739,0.02619,0,6.5,0.318,0.0431,0
19873,9400.0,0.03175,0.07264,0,2.5,0.316,0.035,0
19874,7220.0,0.00943,0.01173,0,0.5,0.292,0.065,0
19875,4360.0,0.03023,0.02613,0,6.5,0.45,0.0657,0
19876,21300.0,0.01477,0.0137,0,0.9,0.537,0.0434,0
19877,11770.0,0.02036,0.01056,201,1.3,0.585,0.0578,0
19878,9290.0,0.01772,0.01223,0,6.1,0.537,0.0388,0
19879,8480.0,0.00813,0.0177,29,4.6,0.394,0.0733,0
19880,4260.0,0.03881,0.06353,0,2.2,0.571,0.0633,0
19881,6920.0,0.01629,0.01,0,5.8,0.404,0.0646,0
19882,4940.0,0.02243,0.02509,0,2.6,0.344,0.0432,0
19883,21650.0,0.04704,0.04647,0,3.0,0.433,0.0386,0
19884,21260.0,0.08995,0.18019,0,4.7,0.435,0.0739,0
19885,9200.0,0.04009,0.03944,0,1.5,0.368,0.0426,0
19886,21210.0,0.03878,0.02146,0,1.4,0.295,0.0321,0
19887,8560.0,0.02232,0.03792,0,5.4,0.528,0.0623,0
19888,45240.0,0.01438,0.01008,0,5.3,0.531,0.0587,0
19889,16740.0,0.00641,0.00958,0,0.5,0.336,0.0491,0
19890,7050.0,0.04048,0.02364,5,0.6,0.228,0.0793,0
19891,7980.0,0.04817,0.0508,0,5.4,0.42,0.0357,0
19892,30140.0,0.04269,0.04755,0,2.5,0.422,0.0563,0
19893,23980.0,0.01453,0.00425,300,5.5,0.294,0.0583,0
19894,9280.0,0.03327,0.05838,0,5.1,0.24,0.0348,0
19895,6600.0,0.0169,0.01328,0,3.5,0.286,0.0462,1
19896,4710.0,0.01771,0.01211,0,4.4,0.379,0.037,0
19897,38950.0,0.07922,0.06463,0,3.3,0.382,0.0476,0
19898,9070.0,0.01718,0.01921,0,6.2,0.287,0.0516,0
19899,23610.0,0.04964,0.01755,0,1.3,0.381,0.0453,0
19900,49870.0,0.01981,0.05734,0,3.8,0.401,0.0729,0
19901,6120.0,0.01074,0.01589,0,3.5,0.249,0.0717,0
19902,15040.0,0.04995,0.04483,0,5.0,0.371,0.0328,0
19903,5090.0,0.00886,0.01868,0,2.6,0.596,0.0585,0
19904,6280.0,0.03671,0.04373,0,5.1,0.341,0.0682,1
19905,43170.0,0.01518,0.01801,129,6.4,0.351,0.0312,0
19906,18040.0,0.01092,0.01266,0,6.7,0.201,0.0447,0
19907,35520.0,0.03998,0.09327,0,3.3,0.402,0.0675,0
19908,6370.0,0.00381,0.00686,0,2.6,0.204,0.0499,0
19909,7670.0,0.02518,0.01355,0,5.0,0.546,0.0447,0
19910,9080.0,0.009,0.01016,0,3.1,0.484,0.0453,0
19911,4990.0,0.01467,0.006,0,1.6,0.347,0.0586,0
19912,53680.0,0.00376,0.00378,0,1.9,0.472,0.0798,0
19913,11980.0,0.03077,0.04341,0,2.6,0.213,0.0571,0
19914,5030.0,0.01515,0.01328,0,6.2,0.241,0.035,0
19915,6750.0,0.03845,0.03663,0,3.5,0.312,0.0545,0
19916,2490.0,0.04095,0.05374,0,2.9,0.52,0.0634,0
19917,26340.0,0.02529,0.03407,0,0.5,0.371,0.0576,0
19918,22800.0,0.00592,0.00438,0,5.8,0.426,0.0572,0
19919,40990.0,0.01702,0.02565,0,3.9,0.551,0.0509,0
19920,5740.0,0.05478,0.05048,79,2.8,0.227,0.0546,0
19921,14220.0,0.02317,0.02662,0,6.2,0.254,0.0575,0
19922,34420.0,0.1441,0.08181,0,3.5,0.442,0.0573,1
19923,14780.0,0.03124,0.02235,0,6.3,0.462,0.044,0
19924,7980.0,0.01918,0.02513,0,4.4,0.209,0.0732,0
19925,37960.0,0.03227,0.01796,0,6.8,0.239,0.0716,0
19926,12160.0,0.01766,0.02588,0,1.4,0.306,0.0654,0
19927,23210.0,0.04975,0.04848,0,4.3,0.26,0.0525,0
19928,12110.0,0.02489,0.01101,0,3.8,0.243,0.0679,0
19929,6200.0,0.01572,0.01152,0,4.2,0.271,0.0532,0
19930,23190.0,0.04275,0.03776,0,4.9,0.582,0.058,0
19931,6940.0,0.01342,0.01052,0,2.1,0.402,0.0465,0
19932,5020.0,0.01758,0.01359,0,6.1,0.387,0.0484,0
19933,7060.0,0.01878,0.03165,0,2.0,0.463,0.039,0
19934,6880.0,0.01784,0.01623,0,2.1,0.251,0.0503,0
19935,12640.0,0.01829,0.02957,0,3.8,0.407,0.0515,0
19936,13290.0,0.01024,0.01162,0,0.5,0.533,0.07,0
19937,2840.0,0.02675,0.06132,0,4.7,0.264,0.0584,0
19938,7760.0,0.02881,0.02828,0,3.9,0.599,0.0418,0
19939,14420.0,0.02888,0.103,0,0.9,0.499,0.0401,0
19940,10320.0,0.01956,0.03259,0,4.7,0.511,0.0575,0
19941,14200.0,0.08513,0.21344,0,4.2,0.576,0.0683,0
19942,12380.0,0.02289,0.02578,0,5.9,0.449,0.0392,0
19943,6380.0,0.02736,0.00884,0,5.0,0.541,0.0504,0
19944,2920.0,0.03231,0.03914,0,0.6,0.277,0.0727,0
19945,11950.0,0.0087,0.00668,0,3.3,0.489,0.0463,0
19946,7160.0,0.02629,0.04483,0,2.3,0.202,0.041,0
19947,4030.0,0.01856,0.01788,0,5.6,0.479,0.0681,0
19948,13390.0,0.00653,0.01344,0,1.1,0.224,0.0613,0
19949,4200.0,0.01928,0.05553,0,1.4,0.315,0.0554,0
19950,14830.0,0.01377,0.01316,0,3.1,0.243,0.0525,0
19951,8340.0,0.01167,0.0126,0,4.9,0.543,0.075,0
19952,41190.0,0.02518,0.02454,0,2.5,0.59,0.0736,0
19953,5420.0,0.00963,0.01468,0,0.6,0.52,0.0719,0
19954,4630.0,0.0149,0.01683,0,0.6,0.321,0.0402,0
19955,8420.0,0.03018,0.04852,384,6.8,0.304,0.05,0
19956,19210.0,0.00948,0.00583,0,2.9,0.354,0.0599,0
19957,4640.0,0.01841,0.01229,0,6.1,0.321,0.0749,0
19958,1000.0,0.03714,0.0766,0,5.7,0.438,0.0572,0
19959,4470.0,0.04186,0.06724,0,5.8,0.507,0.0374,0
19960,39200.0,0.00868,0.00944,0,2.5,0.387,0.0307,0
19961,11770.0,0.05587,0.09125,0,4.5,0.452,0.0326,0
19962,47680.0,0.04265,0.18506,0,6.3,0.456,0.0705,0
19963,13070.0,0.00657,0.00419,0,2.9,0.259,0.0377,0
19964,38410.0,0.01532,0.01187,0,2.8,0.556,0.0396,0
19965,3550.0,0.01529,0.01512,0,1.1,0.261,0.0304,0
19966,16300.0,0.02696,0.06907,0,5.3,0.427,0.0655,0
19967,19290.0,0.01985,0.01385,0,5.7,0.336,0.0739,0
19968,13230.0,0.04732,0.09521,0,4.3,0.245,0.0662,0
19969,12810.0,0.07001,0.08781,0,4.1,0.557,0.0403,0
19970,2550.0,0.01504,0.02148,0,3.4,0.444,0.065,0
19971,2020.0,0.01929,0.02662,0,0.7,0.375,0.0521,0
19972,9540.0,0.02244,0.02509,0,2.7,0.486,0.0676,0
19973,13540.0,0.02276,0.04362,0,3.8,0.538,0.0774,0
19974,18590.0,0.02417,0.00972,0,0.6,0.585,0.0712,0
19975,17710.0,0.01946,0.00982,0,6.2,0.41,0.0455,0
19976,49140.0,0.04327,0.03549,0,1.7,0.46,0.0736,0
19977,24540.0,0.00496,0.00382,0,3.4,0.461,0.0475,0
19978,2600.0,0.03293,0.0155,0,2.2,0.284,0.0586,0
19979,5610.0,0.00968,0.01968,0,3.3,0.535,0.0356,0
19980,3150.0,0.00644,0.0064,0,6.4,0.465,0.0619,0
19981,11020.0,0.06746,0.16555,0,1.1,0.274,0.0597,0
19982,18860.0,0.04644,0.04493,0,0.8,0.208,0.0367,0
19983,21750.0,0.03786,0.04284,73,1.1,0.42,0.0325,0
19984,27140.0,0.01015,0.0235,0,1.0,0.273,0.0438,0
19985,25160.0,0.04699,0.09808,0,2.3,0.394,0.0757,0
19986,18910.0,0.0073,0.00961,0,2.7,0.394,0.0685,1
19987,5640.0,0.00884,0.00775,0,3.1,0.437,0.055,0
19988,5580.0,0.01617,0.01657,0,1.9,0.383,0.0661,0
19989,15820.0,0.00476,0.00669,0,3.9,0.577,0.052,0
19990,6700.0,0.0136,0.01525,0,6.3,0.299,0.0468,0
19991,5990.0,0.01402,0.01037,0,5.3,0.595,0.0594,0
19992,10140.0,0.01409,0.00347,19,1.6,0.333,0.0307,0
19993,36640.0,0.01698,0.04001,0,6.1,0.219,0.046,0
19994,21510.0,0.01836,0.01321,0,4.8,0.561,0.0301,0
19995,11570.0,0.00884,0.00602,0,3.8,0.451,0.0774,0
19996,28850.0,0.01384,0.0204,326,2.9,0.261,0.045,0
19997,33020.0,0.09456,0.08289,0,5.1,0.384,0.0375,0
19998,9030.0,0.01797,0.06086,0,1.7,0.468,0.0494,0
19999,40110.0,0.0304,0.01962,0,6.4,0.383,0.0334,0
20000,11730.0,0.02932,0.01625,0,1.5,0.342,0.0622,0
