id_retour,id_ligne,date_retour,motif,montant_rembourse
1,2,2023-01-21,Mauvais choix,49.9
2,37,2023-01-14,Mauvais choix,15.9
3,47,2023-01-21,Changement d'avis,36.0
4,68,2023-01-06,Défaut,28.9
5,81,2023-01-19,Défaut,54.91
6,85,2023-01-16,Mauvais choix,37.9
7,93,2023-01-19,Changement d'avis,12.9
8,100,2023-01-14,Mauvais choix,37.9
9,122,2023-01-24,Mauvais choix,31.9
10,123,2023-01-07,Changement d'avis,34.9
11,124,2023-01-12,Autre,49.9
12,143,2023-01-17,Mauvais choix,35.9
13,144,2023-01-21,Livraison tardive,42.9
14,172,2023-01-19,Livraison tardive,33.9
15,177,2023-01-22,Changement d'avis,12.9
16,181,2023-01-16,Défaut,27.46
17,184,2023-01-18,Livraison tardive,37.9
18,195,2023-01-18,Mauvais choix,31.9
19,204,2023-01-15,Autre,20.9
20,233,2023-01-12,Mauvais choix,20.9
21,241,2023-01-12,Défaut,16.9
22,252,2023-01-21,Mauvais choix,42.9
23,258,2023-01-17,Défaut,50.9
24,263,2023-01-18,Défaut,31.8
25,267,2023-01-25,Changement d'avis,59.76
26,269,2023-01-21,Défaut,23.9
27,311,2023-01-12,Changement d'avis,104.9
28,325,2023-01-24,Mauvais choix,64.9
29,334,2023-01-17,Défaut,104.9
30,338,2023-01-17,Changement d'avis,27.46
31,366,2023-01-28,Changement d'avis,2.32
32,383,2023-01-18,Mauvais choix,40.72
33,392,2023-01-12,Défaut,17.9
34,394,2023-01-17,Changement d'avis,46.24
35,409,2023-01-16,Autre,51.92
36,436,2023-01-25,Changement d'avis,39.12
37,444,2023-01-26,Défaut,74.9
38,463,2023-01-27,Mauvais choix,26.32
39,465,2023-01-21,Changement d'avis,22.32
40,530,2023-01-22,Mauvais choix,3.9
41,542,2023-01-22,Livraison tardive,43.9
42,550,2023-01-16,Mauvais choix,68.64
43,572,2023-01-16,Changement d'avis,31.8
44,573,2023-01-28,Mauvais choix,23.12
45,574,2023-01-30,Défaut,31.12
46,582,2023-01-28,Changement d'avis,22.32
47,590,2023-01-26,Mauvais choix,126.9
48,591,2023-01-19,Changement d'avis,38.9
49,602,2023-01-15,Mauvais choix,17.9
50,626,2023-01-30,Changement d'avis,2.9
51,632,2023-01-25,Mauvais choix,9.52
52,641,2023-01-24,Livraison tardive,42.9
53,646,2023-01-30,Changement d'avis,128.7
54,647,2023-01-20,Mauvais choix,2.9
55,654,2023-01-23,Défaut,2.9
56,684,2023-01-30,Mauvais choix,31.8
57,685,2023-01-25,Mauvais choix,10.9
58,693,2023-01-30,Changement d'avis,19.12
59,701,2023-02-02,Défaut,33.9
60,723,2023-01-31,Changement d'avis,19.9
61,736,2023-01-31,Mauvais choix,70.9
62,784,2023-01-27,Changement d'avis,45.36
63,791,2023-01-19,Mauvais choix,10.9
64,797,2023-01-26,Défaut,46.24
65,809,2023-01-31,Mauvais choix,11.9
66,846,2023-02-02,Mauvais choix,24.72
67,869,2023-01-28,Livraison tardive,10.32
68,900,2023-02-05,Changement d'avis,62.9
69,995,2023-01-29,Livraison tardive,22.32
70,1008,2023-01-25,Changement d'avis,41.8
71,1009,2023-01-22,Défaut,7.9
72,1026,2023-01-22,Livraison tardive,17.52
73,1029,2023-01-23,Mauvais choix,2.32
74,1030,2023-01-25,Défaut,26.32
75,1034,2023-01-27,Changement d'avis,11.92
76,1066,2023-01-26,Défaut,33.8
77,1075,2023-02-06,Défaut,13.52
78,1103,2023-02-06,Défaut,20.72
79,1136,2023-02-06,Changement d'avis,27.9
80,1186,2023-02-07,Mauvais choix,46.24
81,1202,2023-02-05,Changement d'avis,23.9
82,1247,2023-01-29,Changement d'avis,19.12
83,1251,2023-01-28,Mauvais choix,17.52
84,1259,2023-02-02,Mauvais choix,38.9
85,1287,2023-02-10,Défaut,71.9
86,1326,2023-02-07,Changement d'avis,8.72
87,1334,2023-02-07,Mauvais choix,25.9
88,1407,2023-02-10,Mauvais choix,11.9
89,1423,2023-01-30,Autre,23.9
90,1425,2023-01-28,Changement d'avis,22.24
91,1432,2023-02-11,Changement d'avis,22.32
92,1455,2023-02-03,Mauvais choix,38.9
93,1468,2023-02-05,Défaut,83.92
94,1480,2023-01-30,Autre,61.52
95,1492,2023-02-04,Défaut,16.72
96,1494,2023-02-01,Défaut,22.32
97,1506,2023-02-06,Défaut,61.52
98,1533,2023-02-10,Changement d'avis,25.9
99,1534,2023-02-14,Mauvais choix,48.9
100,1536,2023-02-07,Mauvais choix,43.8
101,1540,2023-02-05,Mauvais choix,2.9
102,1559,2023-02-02,Changement d'avis,117.9
103,1584,2023-02-04,Changement d'avis,12.9
104,1585,2023-02-07,Livraison tardive,43.8
105,1604,2023-02-03,Mauvais choix,35.12
106,1607,2023-02-17,Autre,34.9
107,1609,2023-02-03,Mauvais choix,26.7
108,1610,2023-02-12,Livraison tardive,17.52
109,1642,2023-02-14,Défaut,23.12
110,1646,2023-02-06,Changement d'avis,9.52
111,1656,2023-02-04,Changement d'avis,50.9
112,1661,2023-01-31,Défaut,17.52
113,1707,2023-02-03,Mauvais choix,17.9
114,1714,2023-02-19,Défaut,63.9
115,1724,2023-02-14,Changement d'avis,50.9
116,1731,2023-02-12,Défaut,31.25
117,1756,2023-02-19,Autre,20.9
118,1788,2023-02-13,Livraison tardive,15.9
119,1807,2023-02-13,Changement d'avis,25.9
120,1811,2023-02-08,Défaut,21.9
121,1887,2023-02-12,Autre,15.9
122,1924,2023-02-09,Mauvais choix,28.9
123,1937,2023-02-08,Changement d'avis,33.9
124,1954,2023-02-20,Changement d'avis,48.36
125,2002,2023-02-23,Changement d'avis,105.9
126,2008,2023-02-10,Changement d'avis,38.9
127,2011,2023-02-17,Mauvais choix,40.75
128,2014,2023-02-19,Mauvais choix,21.9
129,2044,2023-02-12,Changement d'avis,16.05
130,2121,2023-02-16,Mauvais choix,49.9
131,2128,2023-02-19,Changement d'avis,35.9
132,2139,2023-02-12,Livraison tardive,33.9
133,2149,2023-02-13,Changement d'avis,50.9
134,2160,2023-02-12,Changement d'avis,25.9
135,2174,2023-02-16,Mauvais choix,50.9
136,2188,2023-02-25,Changement d'avis,34.9
137,2214,2023-02-18,Défaut,12.9
138,2244,2023-02-16,Mauvais choix,9.9
139,2277,2023-02-28,Mauvais choix,19.9
140,2328,2023-02-24,Mauvais choix,25.9
141,2395,2023-02-25,Changement d'avis,42.9
142,2402,2023-03-04,Livraison tardive,21.9
143,2429,2023-02-25,Défaut,38.9
144,2449,2023-02-16,Autre,44.9
145,2506,2023-03-01,Changement d'avis,43.9
146,2530,2023-02-23,Défaut,43.9
147,2543,2023-02-20,Mauvais choix,11.9
148,2569,2023-03-06,Changement d'avis,71.9
149,2570,2023-02-20,Défaut,42.9
150,2603,2023-03-02,Autre,16.9
151,2609,2023-03-01,Mauvais choix,33.9
152,2664,2023-03-04,Livraison tardive,19.9
153,2683,2023-03-03,Mauvais choix,58.8
154,2686,2023-02-27,Mauvais choix,21.9
155,2691,2023-02-26,Changement d'avis,16.9
156,2697,2023-03-01,Changement d'avis,203.6
157,2724,2023-02-22,Défaut,16.9
158,2737,2023-02-23,Autre,9.9
159,2744,2023-03-09,Autre,9.9
160,2776,2023-03-07,Défaut,95.7
161,2781,2023-03-04,Livraison tardive,14.9
162,2791,2023-03-01,Autre,20.9
163,2815,2023-03-04,Défaut,57.8
164,2845,2023-02-24,Défaut,13.9
165,2846,2023-02-26,Mauvais choix,25.9
166,2889,2023-03-12,Livraison tardive,50.9
167,2921,2023-03-02,Mauvais choix,42.9
168,2925,2023-03-05,Défaut,20.9
169,2926,2023-02-28,Défaut,63.9
170,2964,2023-03-10,Mauvais choix,49.9
171,2998,2023-03-15,Livraison tardive,67.8
172,3000,2023-03-03,Mauvais choix,27.9
173,3005,2023-02-27,Changement d'avis,128.7
174,3022,2023-03-14,Mauvais choix,70.9
175,3023,2023-03-15,Changement d'avis,17.9
176,3025,2023-03-13,Autre,37.9
177,3059,2023-03-06,Livraison tardive,32.9
178,3080,2023-03-08,Livraison tardive,16.9
179,3092,2023-03-16,Changement d'avis,29.9
180,3118,2023-03-06,Défaut,181.8
181,3132,2023-03-15,Changement d'avis,123.6
182,3139,2023-03-13,Changement d'avis,36.96
183,3204,2023-03-04,Défaut,18.9
184,3212,2023-03-02,Mauvais choix,85.8
185,3228,2023-03-13,Changement d'avis,16.9
186,3257,2023-03-08,Mauvais choix,31.8
187,3281,2023-03-21,Défaut,21.9
188,3284,2023-03-04,Changement d'avis,26.5
189,3305,2023-03-04,Changement d'avis,23.9
190,3317,2023-03-10,Changement d'avis,4.9
191,3332,2023-03-06,Changement d'avis,28.9
192,3356,2023-03-12,Livraison tardive,18.9
193,3367,2023-03-05,Mauvais choix,9.9
194,3391,2023-03-17,Mauvais choix,2.9
195,3401,2023-03-11,Changement d'avis,103.6
196,3415,2023-03-07,Défaut,3.7
197,3426,2023-03-11,Mauvais choix,20.8
198,3441,2023-03-21,Mauvais choix,49.21
199,3449,2023-03-20,Mauvais choix,16.9
200,3451,2023-03-24,Mauvais choix,17.9
201,3470,2023-03-19,Changement d'avis,17.95
202,3479,2023-03-19,Défaut,9.9
203,3491,2023-03-08,Changement d'avis,44.9
204,3498,2023-03-16,Changement d'avis,55.0
205,3499,2023-03-22,Changement d'avis,21.9
206,3559,2023-03-17,Livraison tardive,37.9
207,3572,2023-03-19,Autre,62.9
208,3585,2023-03-24,Défaut,50.9
209,3656,2023-03-16,Changement d'avis,12.9
210,3665,2023-03-19,Livraison tardive,39.9
211,3666,2023-03-14,Mauvais choix,149.7
212,3667,2023-03-19,Autre,70.9
213,3679,2023-03-13,Mauvais choix,54.9
214,3693,2023-03-21,Mauvais choix,42.9
215,3703,2023-03-23,Mauvais choix,115.8
216,3709,2023-03-14,Livraison tardive,28.9
217,3762,2023-03-23,Mauvais choix,38.7
218,3787,2023-03-15,Changement d'avis,11.3
219,3789,2023-03-27,Défaut,34.9
220,3802,2023-03-23,Mauvais choix,31.8
221,3820,2023-03-18,Défaut,31.8
222,3839,2023-03-13,Changement d'avis,32.2
223,3846,2023-03-17,Mauvais choix,12.9
224,3848,2023-03-23,Mauvais choix,21.8
225,3869,2023-03-30,Mauvais choix,34.02
226,3901,2023-03-27,Mauvais choix,27.9
227,3923,2023-03-19,Livraison tardive,74.9
228,3953,2023-03-15,Mauvais choix,36.9
229,3972,2023-03-26,Changement d'avis,62.9
230,3975,2023-03-24,Changement d'avis,2.9
231,3977,2023-03-31,Livraison tardive,32.9
232,4000,2023-03-20,Mauvais choix,28.9
233,4002,2023-03-28,Livraison tardive,53.9
234,4004,2023-03-29,Changement d'avis,55.9
235,4009,2023-03-23,Autre,54.9
236,4013,2023-03-18,Autre,50.9
237,4038,2023-03-16,Livraison tardive,9.9
238,4077,2023-03-28,Mauvais choix,10.9
239,4084,2023-03-29,Changement d'avis,42.9
240,4115,2023-03-19,Mauvais choix,20.9
241,4169,2023-03-31,Mauvais choix,21.9
242,4170,2023-03-30,Mauvais choix,8.9
243,4172,2023-04-02,Livraison tardive,41.61
244,4236,2023-03-20,Changement d'avis,20.9
245,4277,2023-03-24,Changement d'avis,59.7
246,4280,2023-03-26,Mauvais choix,32.9
247,4316,2023-04-03,Mauvais choix,34.9
248,4348,2023-03-29,Livraison tardive,59.8
249,4367,2023-03-30,Changement d'avis,27.9
250,4380,2023-04-07,Autre,15.9
251,4391,2023-03-26,Autre,12.9
252,4393,2023-03-24,Changement d'avis,43.8
253,4415,2023-04-08,Mauvais choix,6.9
254,4433,2023-03-26,Changement d'avis,106.21
255,4447,2023-03-28,Mauvais choix,50.9
256,4459,2023-04-04,Changement d'avis,25.9
257,4464,2023-03-26,Défaut,37.9
258,4476,2023-03-25,Autre,104.9
259,4479,2023-03-29,Changement d'avis,50.9
260,4493,2023-04-10,Changement d'avis,99.8
261,4510,2023-03-29,Livraison tardive,12.9
262,4512,2023-03-29,Mauvais choix,54.9
263,4530,2023-03-30,Changement d'avis,27.9
264,4537,2023-04-01,Défaut,5.8
265,4539,2023-04-11,Changement d'avis,50.9
266,4555,2023-04-06,Mauvais choix,28.9
267,4584,2023-03-31,Livraison tardive,104.9
268,4594,2023-03-30,Défaut,39.9
269,4638,2023-04-03,Changement d'avis,28.9
270,4694,2023-04-06,Mauvais choix,28.9
271,4705,2023-03-27,Mauvais choix,33.9
272,4737,2023-04-07,Mauvais choix,17.0
273,4760,2023-03-30,Autre,209.8
274,4778,2023-04-01,Défaut,15.9
275,4816,2023-04-07,Changement d'avis,57.9
276,4817,2023-03-29,Changement d'avis,31.9
277,4819,2023-04-12,Changement d'avis,15.9
278,4872,2023-04-05,Changement d'avis,66.9
279,4886,2023-04-04,Changement d'avis,107.8
280,4887,2023-04-13,Mauvais choix,101.8
281,4888,2023-04-07,Mauvais choix,87.6
282,4889,2023-04-05,Mauvais choix,23.9
283,4921,2023-04-12,Défaut,49.9
284,4934,2023-03-31,Changement d'avis,15.9
285,4939,2023-03-31,Changement d'avis,11.9
286,4974,2023-04-03,Livraison tardive,117.9
287,5026,2023-04-05,Changement d'avis,38.9
288,5029,2023-04-10,Changement d'avis,17.9
289,5039,2023-04-02,Mauvais choix,35.9
290,5044,2023-04-10,Autre,66.9
291,5053,2023-04-02,Changement d'avis,38.9
292,5067,2023-04-03,Livraison tardive,37.9
293,5145,2023-04-20,Mauvais choix,48.9
294,5149,2023-04-15,Défaut,62.9
295,5151,2023-04-11,Défaut,71.7
296,5154,2023-04-16,Autre,25.9
297,5156,2023-04-14,Changement d'avis,63.56
298,5196,2023-04-05,Changement d'avis,50.9
299,5211,2023-04-11,Changement d'avis,6.9
300,5212,2023-04-12,Livraison tardive,117.9
301,5281,2023-04-21,Changement d'avis,37.9
302,5299,2023-04-17,Défaut,49.9
303,5305,2023-04-06,Livraison tardive,6.9
304,5359,2023-04-20,Mauvais choix,15.9
305,5363,2023-04-16,Mauvais choix,37.9
306,5365,2023-04-12,Changement d'avis,22.7
307,5371,2023-04-16,Mauvais choix,10.9
308,5399,2023-04-24,Défaut,15.9
309,5412,2023-04-10,Changement d'avis,11.9
310,5415,2023-04-19,Autre,28.4
311,5416,2023-04-22,Autre,9.4
312,5464,2023-04-17,Mauvais choix,11.9
313,5477,2023-04-22,Changement d'avis,85.8
314,5496,2023-04-16,Changement d'avis,8.9
315,5502,2023-04-26,Changement d'avis,23.9
316,5541,2023-04-20,Changement d'avis,16.9
317,5542,2023-04-10,Livraison tardive,16.9
318,5555,2023-04-20,Défaut,37.9
319,5558,2023-04-11,Livraison tardive,35.9
320,5583,2023-04-27,Livraison tardive,18.9
321,5602,2023-04-20,Défaut,48.9
322,5715,2023-04-19,Défaut,15.9
323,5737,2023-04-26,Mauvais choix,9.9
324,5749,2023-04-20,Défaut,67.8
325,5765,2023-04-19,Autre,101.8
326,5781,2023-04-17,Défaut,11.9
327,5813,2023-04-15,Changement d'avis,21.9
328,5825,2023-04-19,Changement d'avis,9.9
329,5839,2023-04-17,Mauvais choix,4.9
330,5842,2023-04-26,Changement d'avis,64.9
331,5861,2023-04-25,Changement d'avis,56.81
332,5872,2023-04-23,Changement d'avis,9.9
333,5875,2023-04-14,Défaut,39.9
334,5878,2023-04-23,Changement d'avis,8.9
335,5903,2023-04-27,Changement d'avis,2.9
336,5920,2023-04-20,Changement d'avis,64.9
337,5927,2023-04-19,Mauvais choix,57.8
338,5960,2023-04-19,Mauvais choix,10.9
339,5968,2023-04-22,Changement d'avis,15.9
340,5969,2023-04-17,Mauvais choix,33.9
341,6006,2023-04-23,Changement d'avis,40.75
342,6015,2023-04-17,Livraison tardive,25.9
343,6019,2023-04-19,Mauvais choix,42.9
344,6032,2023-04-19,Défaut,71.9
345,6064,2023-04-30,Autre,152.9
346,6069,2023-05-02,Défaut,36.9
347,6091,2023-04-24,Changement d'avis,19.9
348,6094,2023-05-02,Changement d'avis,37.9
349,6100,2023-04-23,Changement d'avis,3.9
350,6102,2023-04-21,Défaut,75.8
351,6115,2023-05-04,Autre,40.75
352,6119,2023-05-04,Changement d'avis,152.9
353,6123,2023-04-30,Changement d'avis,42.9
354,6146,2023-04-21,Changement d'avis,28.9
355,6175,2023-04-20,Changement d'avis,29.9
356,6213,2023-04-22,Changement d'avis,111.8
357,6227,2023-04-30,Changement d'avis,2.9
358,6233,2023-04-27,Mauvais choix,13.9
359,6258,2023-04-30,Défaut,34.9
360,6302,2023-04-27,Mauvais choix,128.7
361,6333,2023-04-27,Autre,20.9
362,6338,2023-05-05,Livraison tardive,283.23
363,6365,2023-05-08,Autre,3.9
364,6366,2023-04-28,Changement d'avis,11.3
365,6377,2023-05-01,Changement d'avis,105.9
366,6395,2023-05-03,Changement d'avis,152.9
367,6396,2023-05-07,Mauvais choix,19.8
368,6398,2023-05-04,Autre,27.9
369,6404,2023-04-22,Mauvais choix,111.8
370,6405,2023-05-07,Défaut,37.9
371,6429,2023-05-06,Mauvais choix,68.9
372,6466,2023-05-06,Mauvais choix,152.9
373,6481,2023-05-06,Mauvais choix,85.8
374,6493,2023-05-05,Changement d'avis,50.9
375,6500,2023-04-30,Autre,50.9
376,6513,2023-05-06,Mauvais choix,18.9
377,6515,2023-04-24,Changement d'avis,70.9
378,6517,2023-05-07,Changement d'avis,17.9
379,6541,2023-05-03,Mauvais choix,11.3
380,6590,2023-05-12,Changement d'avis,11.9
381,6620,2023-05-06,Mauvais choix,27.46
382,6633,2023-04-30,Défaut,16.9
383,6636,2023-04-28,Mauvais choix,29.9
384,6642,2023-05-07,Mauvais choix,77.22
385,6656,2023-05-12,Changement d'avis,8.9
386,6699,2023-04-30,Mauvais choix,96.71
387,6702,2023-05-08,Changement d'avis,22.7
388,6721,2023-05-10,Changement d'avis,101.8
389,6742,2023-05-09,Autre,95.7
390,6744,2023-04-29,Changement d'avis,44.9
391,6752,2023-04-29,Changement d'avis,53.9
392,6756,2023-04-29,Défaut,129.8
393,6764,2023-05-09,Autre,49.9
394,6774,2023-05-06,Changement d'avis,221.7
395,6817,2023-05-14,Livraison tardive,96.9
396,6822,2023-05-01,Autre,15.9
397,6841,2023-05-15,Mauvais choix,33.9
398,6907,2023-05-06,Défaut,26.5
399,6920,2023-05-02,Mauvais choix,25.9
400,6950,2023-05-04,Livraison tardive,25.9
401,7003,2023-05-16,Autre,37.9
402,7017,2023-05-10,Mauvais choix,16.05
403,7023,2023-05-11,Changement d'avis,42.9
404,7040,2023-05-12,Autre,16.9
405,7045,2023-05-15,Mauvais choix,48.9
406,7052,2023-05-14,Changement d'avis,50.9
407,7066,2023-05-01,Mauvais choix,49.9
408,7069,2023-05-09,Changement d'avis,35.9
409,7080,2023-05-14,Changement d'avis,42.9
410,7100,2023-05-14,Changement d'avis,115.6
411,7101,2023-05-17,Changement d'avis,31.9
412,7132,2023-05-12,Mauvais choix,37.9
413,7134,2023-05-04,Mauvais choix,21.9
414,7149,2023-05-14,Défaut,8.46
415,7152,2023-05-09,Mauvais choix,34.9
416,7198,2023-05-18,Changement d'avis,20.9
417,7208,2023-05-12,Changement d'avis,49.9
418,7227,2023-05-18,Défaut,28.9
419,7251,2023-05-10,Changement d'avis,16.9
420,7279,2023-05-07,Mauvais choix,44.9
421,7294,2023-06-03,Mauvais choix,34.9
422,7304,2023-05-21,Mauvais choix,42.9
423,7321,2023-05-11,Mauvais choix,70.2
424,7327,2023-05-05,Défaut,34.9
425,7334,2023-05-18,Changement d'avis,2.9
426,7363,2023-05-08,Changement d'avis,171.6
427,7365,2023-05-09,Mauvais choix,152.9
428,7383,2023-05-17,Mauvais choix,105.9
429,7408,2023-05-07,Autre,6.9
430,7413,2023-05-20,Changement d'avis,11.9
431,7415,2023-05-16,Changement d'avis,152.9
432,7439,2023-05-13,Autre,9.9
433,7480,2023-05-19,Changement d'avis,61.9
434,7489,2023-05-10,Mauvais choix,19.9
435,7502,2023-05-15,Mauvais choix,13.9
436,7518,2023-05-23,Livraison tardive,3.9
437,7530,2023-05-08,Défaut,47.6
438,7564,2023-05-16,Livraison tardive,21.9
439,7569,2023-05-11,Autre,11.3
440,7635,2023-05-18,Autre,2.76
441,7640,2023-05-16,Défaut,62.9
442,7663,2023-05-15,Livraison tardive,23.31
443,7664,2023-05-18,Changement d'avis,17.91
444,7679,2023-05-18,Livraison tardive,73.9
445,7687,2023-05-27,Changement d'avis,41.8
446,7698,2023-05-24,Défaut,37.9
447,7702,2023-05-15,Mauvais choix,7.9
448,7703,2023-05-19,Changement d'avis,33.9
449,7723,2023-05-13,Changement d'avis,13.9
450,7727,2023-05-23,Défaut,19.9
451,7731,2023-05-21,Mauvais choix,6.9
452,7738,2023-05-13,Mauvais choix,25.9
453,7764,2023-05-19,Mauvais choix,17.9
454,7765,2023-05-23,Changement d'avis,14.9
455,7792,2023-05-12,Mauvais choix,73.9
456,7834,2023-05-22,Changement d'avis,68.9
457,7887,2023-05-28,Livraison tardive,66.9
458,7914,2023-05-26,Mauvais choix,76.9
459,7927,2023-05-26,Défaut,21.9
460,7935,2023-05-28,Défaut,55.8
461,7942,2023-05-17,Défaut,11.9
462,7953,2023-05-15,Changement d'avis,22.52
463,7979,2023-05-30,Défaut,28.9
464,8006,2023-05-26,Mauvais choix,46.46
465,8008,2023-05-26,Livraison tardive,32.2
466,8020,2023-05-18,Mauvais choix,35.7
467,8039,2023-05-25,Livraison tardive,96.71
468,8047,2023-05-25,Mauvais choix,2.9
469,8074,2023-05-17,Changement d'avis,13.2
470,8081,2023-05-22,Mauvais choix,42.9
471,8124,2023-05-31,Changement d'avis,73.9
472,8177,2023-05-24,Défaut,50.9
473,8182,2023-05-19,Mauvais choix,16.9
474,8197,2023-05-17,Mauvais choix,61.9
475,8200,2023-05-27,Mauvais choix,42.9
476,8215,2023-05-18,Changement d'avis,50.9
477,8216,2023-05-29,Mauvais choix,28.9
478,8258,2023-05-22,Autre,104.9
479,8262,2023-05-26,Mauvais choix,73.9
480,8281,2023-05-29,Défaut,30.9
481,8318,2023-06-03,Livraison tardive,20.9
482,8323,2023-05-31,Changement d'avis,3.9
483,8358,2023-06-06,Changement d'avis,20.71
484,8362,2023-05-28,Mauvais choix,20.9
485,8370,2023-06-01,Livraison tardive,21.9
486,8388,2023-05-31,Mauvais choix,28.9
487,8389,2023-06-02,Changement d'avis,253.8
488,8397,2023-05-25,Changement d'avis,76.9
489,8399,2023-05-24,Changement d'avis,133.8
490,8414,2023-05-25,Changement d'avis,48.9
491,8431,2023-05-30,Changement d'avis,57.8
492,8455,2023-06-07,Changement d'avis,152.9
493,8494,2023-06-01,Défaut,25.9
494,8534,2023-06-06,Livraison tardive,86.9
495,8537,2023-05-24,Mauvais choix,20.9
496,8607,2023-06-08,Défaut,152.9
497,8638,2023-06-08,Livraison tardive,18.9
498,8641,2023-05-28,Défaut,112.0
499,8660,2023-06-03,Défaut,43.8
500,8681,2023-05-26,Changement d'avis,64.9
501,8688,2023-06-07,Changement d'avis,86.9
502,8689,2023-06-07,Changement d'avis,76.9
503,8705,2023-06-07,Livraison tardive,12.26
504,8761,2023-06-07,Mauvais choix,11.9
505,8767,2023-05-26,Livraison tardive,21.9
506,8768,2023-06-04,Changement d'avis,42.9
507,8779,2023-06-06,Changement d'avis,33.9
508,8788,2023-06-11,Livraison tardive,77.8
509,8789,2023-06-06,Défaut,64.9
510,8841,2023-06-09,Défaut,38.9
511,8885,2023-05-27,Mauvais choix,11.9
512,8903,2023-06-06,Mauvais choix,17.9
513,8908,2023-06-04,Mauvais choix,117.9
514,8911,2023-05-29,Défaut,37.9
515,8916,2023-06-05,Changement d'avis,37.9
516,8926,2023-06-08,Livraison tardive,19.9
517,8932,2023-06-08,Livraison tardive,27.9
518,8970,2023-06-02,Changement d'avis,18.9
519,9018,2023-06-02,Changement d'avis,53.9
520,9034,2023-06-14,Défaut,21.9
521,9045,2023-06-07,Défaut,86.9
522,9050,2023-06-09,Mauvais choix,2.9
523,9053,2023-06-02,Défaut,54.9
524,9057,2023-06-14,Changement d'avis,117.9
525,9087,2023-05-31,Changement d'avis,9.9
526,9097,2023-06-11,Mauvais choix,22.7
527,9116,2023-06-02,Mauvais choix,34.9
528,9122,2023-06-07,Changement d'avis,55.8
529,9132,2023-06-03,Changement d'avis,15.9
530,9133,2023-06-04,Défaut,31.8
531,9134,2023-06-02,Défaut,20.9
532,9140,2023-06-08,Mauvais choix,10.9
533,9142,2023-06-07,Autre,57.8
534,9155,2023-06-16,Changement d'avis,10.9
535,9156,2023-06-14,Défaut,21.9
536,9187,2023-06-11,Changement d'avis,31.8
537,9210,2023-06-09,Défaut,17.8
538,9230,2023-06-05,Changement d'avis,21.9
539,9235,2023-06-01,Changement d'avis,28.9
540,9239,2023-06-16,Mauvais choix,49.9
541,9259,2023-06-11,Mauvais choix,96.71
542,9273,2023-06-17,Défaut,9.9
543,9285,2023-06-04,Mauvais choix,62.9
544,9292,2023-06-04,Changement d'avis,15.9
545,9297,2023-06-03,Livraison tardive,23.9
546,9312,2023-06-13,Changement d'avis,8.9
547,9325,2023-06-04,Défaut,50.9
548,9329,2023-06-19,Défaut,23.9
549,9332,2023-06-14,Défaut,31.41
550,9356,2023-06-13,Autre,40.75
551,9359,2023-06-18,Défaut,49.9
552,9361,2023-06-13,Changement d'avis,10.9
553,9373,2023-06-19,Autre,11.9
554,9410,2023-06-19,Défaut,23.9
555,9414,2023-06-08,Livraison tardive,30.21
556,9419,2023-06-20,Livraison tardive,71.9
557,9449,2023-06-19,Changement d'avis,54.9
558,9458,2023-06-12,Défaut,10.9
559,9492,2023-06-12,Changement d'avis,49.41
560,9539,2023-06-22,Livraison tardive,19.9
561,9563,2023-06-06,Défaut,61.9
562,9568,2023-06-16,Mauvais choix,73.9
563,9569,2023-06-12,Défaut,25.9
564,9576,2023-06-05,Mauvais choix,20.9
565,9584,2023-06-15,Changement d'avis,37.9
566,9592,2023-06-19,Mauvais choix,36.0
567,9629,2023-06-16,Mauvais choix,9.9
568,9684,2023-06-18,Mauvais choix,15.9
569,9686,2023-06-14,Changement d'avis,117.9
570,9697,2023-06-18,Mauvais choix,99.8
571,9707,2023-06-17,Autre,33.9
572,9708,2023-06-24,Changement d'avis,49.9
573,9730,2023-06-12,Changement d'avis,55.9
574,9739,2023-06-23,Mauvais choix,13.9
575,9749,2023-06-10,Mauvais choix,42.9
576,9754,2023-06-16,Changement d'avis,50.9
577,9765,2023-06-10,Livraison tardive,73.9
578,9805,2023-06-13,Livraison tardive,39.9
579,9821,2023-06-14,Mauvais choix,21.9
580,9860,2023-06-16,Mauvais choix,16.9
581,9872,2023-06-27,Mauvais choix,35.8
582,9898,2023-06-25,Défaut,21.9
583,9929,2023-06-20,Livraison tardive,28.22
584,9940,2023-06-24,Défaut,27.46
585,9943,2023-06-12,Changement d'avis,37.9
586,10012,2023-06-12,Changement d'avis,15.9
587,10023,2023-06-21,Changement d'avis,49.9
588,10061,2023-06-25,Défaut,66.9
589,10085,2023-06-26,Autre,21.9
590,10104,2023-06-28,Défaut,6.9
591,10165,2023-06-24,Changement d'avis,12.9
592,10176,2023-06-23,Mauvais choix,23.9
593,10195,2023-06-17,Livraison tardive,38.9
594,10196,2023-06-22,Livraison tardive,126.9
595,10203,2023-06-21,Changement d'avis,10.9
596,10213,2023-07-03,Changement d'avis,6.9
597,10228,2023-06-23,Défaut,33.9
598,10244,2023-07-04,Changement d'avis,28.9
599,10246,2023-06-18,Défaut,259.6
600,10336,2023-07-03,Défaut,7.9
601,10384,2023-07-01,Mauvais choix,50.9
602,10401,2023-07-03,Mauvais choix,20.9
603,10410,2023-06-26,Changement d'avis,173.7
604,10449,2023-06-23,Mauvais choix,21.9
605,10459,2023-06-20,Livraison tardive,212.7
606,10535,2023-07-02,Changement d'avis,19.9
607,10590,2023-06-26,Défaut,36.0
608,10603,2023-07-09,Changement d'avis,104.7
609,10609,2023-07-08,Défaut,105.9
610,10620,2023-06-22,Changement d'avis,33.9
611,10656,2023-07-02,Mauvais choix,42.9
612,10659,2023-07-05,Mauvais choix,21.9
613,10703,2023-07-03,Défaut,47.6
614,10735,2023-07-09,Défaut,6.9
615,10742,2023-06-24,Changement d'avis,2.9
616,10744,2023-06-25,Mauvais choix,21.9
617,10747,2023-06-24,Mauvais choix,31.9
618,10761,2023-07-01,Défaut,25.9
619,10794,2023-06-25,Mauvais choix,141.8
620,10817,2023-07-03,Changement d'avis,19.9
621,10819,2023-06-25,Mauvais choix,86.36
622,10837,2023-07-12,Mauvais choix,54.9
623,10849,2023-07-05,Mauvais choix,50.9
624,10856,2023-07-04,Mauvais choix,19.8
625,10863,2023-06-28,Défaut,2.9
626,10894,2023-07-08,Défaut,15.1
627,10898,2023-07-12,Livraison tardive,59.56
628,10918,2023-07-02,Mauvais choix,19.12
629,10941,2023-07-06,Changement d'avis,20.64
630,10959,2023-07-02,Autre,8.72
631,10976,2023-07-12,Changement d'avis,9.52
632,10982,2023-07-14,Changement d'avis,19.9
633,10983,2023-07-02,Livraison tardive,43.6
634,11009,2023-07-04,Mauvais choix,13.9
635,11057,2023-07-11,Changement d'avis,25.9
636,11092,2023-07-04,Changement d'avis,69.36
637,11117,2023-07-06,Défaut,48.9
638,11127,2023-07-17,Mauvais choix,34.32
639,11158,2023-07-12,Défaut,31.12
640,11159,2023-07-17,Autre,122.32
641,11197,2023-07-08,Changement d'avis,25.52
642,11203,2023-07-12,Changement d'avis,34.32
643,11205,2023-07-01,Défaut,62.24
644,11292,2023-07-05,Mauvais choix,9.9
645,11296,2023-07-16,Changement d'avis,51.92
646,11368,2023-07-11,Livraison tardive,30.9
647,11378,2023-07-17,Livraison tardive,19.12
648,11412,2023-07-19,Changement d'avis,73.9
649,11424,2023-07-18,Mauvais choix,73.9
650,11438,2023-07-06,Défaut,13.9
651,11449,2023-07-08,Changement d'avis,6.32
652,11465,2023-07-17,Défaut,20.9
653,11508,2023-07-08,Mauvais choix,99.8
654,11509,2023-07-22,Mauvais choix,28.9
655,11527,2023-07-20,Livraison tardive,105.36
656,11528,2023-07-10,Défaut,61.52
657,11548,2023-07-06,Défaut,61.9
658,11549,2023-07-12,Défaut,38.9
659,11550,2023-07-14,Défaut,16.9
660,11552,2023-07-06,Défaut,11.9
661,11586,2023-07-22,Mauvais choix,60.64
662,11612,2023-07-08,Mauvais choix,9.52
663,11631,2023-07-08,Défaut,9.52
664,11651,2023-07-21,Changement d'avis,41.44
665,11672,2023-07-10,Changement d'avis,215.7
666,11678,2023-07-12,Autre,38.9
667,11682,2023-07-15,Changement d'avis,31.12
668,11706,2023-07-14,Mauvais choix,34.9
669,11736,2023-07-14,Changement d'avis,23.92
670,11772,2023-07-26,Livraison tardive,76.9
671,11825,2023-07-11,Changement d'avis,54.24
672,11844,2023-07-17,Mauvais choix,16.72
673,11897,2023-07-27,Changement d'avis,15.92
674,11917,2023-07-14,Défaut,59.12
675,11919,2023-07-17,Mauvais choix,55.12
676,11923,2023-07-25,Autre,17.52
677,11929,2023-07-14,Défaut,122.32
678,11935,2023-07-28,Changement d'avis,9.52
679,11936,2023-07-19,Changement d'avis,83.92
680,11981,2023-07-18,Mauvais choix,85.8
681,11989,2023-07-13,Autre,17.52
682,12013,2023-07-29,Changement d'avis,28.72
683,12014,2023-07-20,Mauvais choix,30.32
684,12046,2023-07-28,Défaut,122.32
685,12048,2023-07-24,Mauvais choix,15.12
686,12075,2023-07-13,Changement d'avis,51.92
687,12080,2023-07-14,Changement d'avis,65.7
688,12089,2023-07-20,Livraison tardive,13.52
689,12129,2023-07-17,Mauvais choix,15.9
690,12133,2023-07-21,Autre,30.32
691,12137,2023-07-28,Mauvais choix,56.72
692,12145,2023-07-30,Changement d'avis,27.9
693,12161,2023-08-01,Mauvais choix,117.9
694,12162,2023-07-31,Mauvais choix,76.9
695,12187,2023-07-17,Autre,49.9
696,12202,2023-07-20,Changement d'avis,12.9
697,12214,2023-07-16,Changement d'avis,28.9
698,12224,2023-07-29,Changement d'avis,23.12
699,12234,2023-07-26,Mauvais choix,12.72
700,12245,2023-07-27,Mauvais choix,34.9
701,12252,2023-07-22,Défaut,31.12
702,12287,2023-08-02,Livraison tardive,7.92
703,12301,2023-08-01,Défaut,53.52
704,12312,2023-07-17,Mauvais choix,64.9
705,12317,2023-07-20,Livraison tardive,61.9
706,12340,2023-08-03,Livraison tardive,25.9
707,12341,2023-08-01,Changement d'avis,20.9
708,12345,2023-07-30,Mauvais choix,53.9
709,12347,2023-07-19,Changement d'avis,62.24
710,12352,2023-07-25,Mauvais choix,105.9
711,12354,2023-08-03,Changement d'avis,35.12
712,12377,2023-08-04,Mauvais choix,33.8
713,12388,2023-08-04,Changement d'avis,50.9
714,12404,2023-07-18,Mauvais choix,9.4
715,12419,2023-07-30,Mauvais choix,14.9
716,12449,2023-07-21,Livraison tardive,63.56
717,12458,2023-08-04,Défaut,53.7
718,12505,2023-07-27,Mauvais choix,76.9
719,12509,2023-08-05,Mauvais choix,73.9
720,12524,2023-07-23,Mauvais choix,7.9
721,12528,2023-07-31,Mauvais choix,49.9
722,12531,2023-07-26,Changement d'avis,10.9
723,12535,2023-08-02,Livraison tardive,15.9
724,12553,2023-07-25,Mauvais choix,44.9
725,12564,2023-08-08,Livraison tardive,11.9
726,12568,2023-08-01,Changement d'avis,49.9
727,12611,2023-08-01,Mauvais choix,15.9
728,12617,2023-08-07,Défaut,64.41
729,12658,2023-08-10,Défaut,20.9
730,12699,2023-08-07,Mauvais choix,70.2
731,12703,2023-08-06,Autre,14.9
732,12716,2023-07-30,Autre,48.36
733,12719,2023-08-09,Défaut,50.9
734,12741,2023-08-11,Changement d'avis,9.9
735,12744,2023-07-31,Changement d'avis,67.8
736,12759,2023-08-03,Mauvais choix,28.9
737,12765,2023-07-26,Mauvais choix,41.8
738,12779,2023-07-31,Mauvais choix,31.9
739,12781,2023-07-29,Livraison tardive,62.9
740,12790,2023-08-08,Mauvais choix,23.8
741,12797,2023-08-07,Défaut,123.8
742,12838,2023-08-03,Défaut,117.9
743,12865,2023-07-30,Changement d'avis,11.9
744,12871,2023-07-31,Changement d'avis,21.9
745,12878,2023-08-08,Mauvais choix,20.9
746,12897,2023-08-01,Mauvais choix,21.9
747,12901,2023-08-04,Changement d'avis,44.9
748,12919,2023-08-02,Défaut,28.9
749,12920,2023-08-11,Défaut,44.9
750,12921,2023-08-11,Défaut,42.9
751,12934,2023-08-07,Changement d'avis,19.9
752,12942,2023-08-12,Changement d'avis,29.9
753,12966,2023-08-02,Mauvais choix,120.56
754,12990,2023-08-03,Défaut,117.9
755,13004,2023-08-01,Changement d'avis,11.9
756,13014,2023-07-29,Changement d'avis,71.9
757,13026,2023-08-13,Défaut,42.9
758,13041,2023-08-11,Autre,2.76
759,13060,2023-08-09,Autre,73.9
760,13070,2023-08-02,Mauvais choix,104.9
761,13079,2023-08-08,Changement d'avis,64.9
762,13104,2023-08-04,Autre,66.9
763,13115,2023-08-04,Défaut,38.9
764,13138,2023-08-03,Défaut,38.9
765,13176,2023-08-05,Changement d'avis,77.8
766,13178,2023-08-09,Mauvais choix,28.9
767,13192,2023-08-12,Mauvais choix,17.9
768,13195,2023-08-15,Livraison tardive,33.9
769,13220,2023-08-16,Changement d'avis,3.9
770,13229,2023-08-15,Mauvais choix,128.7
771,13235,2023-08-05,Changement d'avis,12.9
772,13236,2023-08-03,Changement d'avis,117.9
773,13276,2023-08-10,Livraison tardive,86.9
774,13284,2023-08-08,Autre,90.9
775,13302,2023-08-05,Changement d'avis,21.9
776,13336,2023-08-19,Changement d'avis,76.9
777,13357,2023-08-08,Mauvais choix,67.8
778,13361,2023-08-06,Livraison tardive,6.9
779,13362,2023-08-04,Mauvais choix,56.9
780,13377,2023-08-12,Mauvais choix,89.7
781,13398,2023-08-08,Changement d'avis,48.9
782,13406,2023-08-07,Changement d'avis,68.9
783,13490,2023-08-22,Mauvais choix,17.9
784,13506,2023-08-24,Mauvais choix,152.9
785,13513,2023-08-17,Changement d'avis,2.9
786,13523,2023-08-11,Livraison tardive,76.9
787,13531,2023-08-15,Mauvais choix,10.9
788,13546,2023-08-10,Mauvais choix,73.9
789,13549,2023-08-24,Autre,25.9
790,13554,2023-08-25,Mauvais choix,21.9
791,13577,2023-08-23,Mauvais choix,62.9
792,13586,2023-08-19,Livraison tardive,54.9
793,13622,2023-08-23,Livraison tardive,83.7
794,13626,2023-08-22,Livraison tardive,64.9
795,13627,2023-08-19,Défaut,32.9
796,13666,2023-08-27,Mauvais choix,13.9
797,13710,2023-08-26,Mauvais choix,15.9
798,13711,2023-08-27,Autre,65.7
799,13712,2023-08-18,Livraison tardive,10.9
800,13713,2023-08-24,Changement d'avis,33.9
801,13736,2023-08-26,Changement d'avis,152.9
802,13759,2023-08-27,Livraison tardive,73.9
803,13793,2023-08-13,Livraison tardive,11.9
804,13810,2023-08-30,Livraison tardive,66.9
805,13814,2023-08-15,Livraison tardive,65.7
806,13828,2023-08-17,Livraison tardive,42.9
807,13848,2023-08-19,Défaut,23.9
808,13858,2023-08-23,Changement d'avis,64.9
809,13877,2023-08-15,Livraison tardive,143.8
810,13890,2023-08-28,Changement d'avis,49.9
811,13902,2023-08-24,Mauvais choix,66.9
812,13949,2023-08-15,Autre,15.1
813,13967,2023-08-28,Autre,33.9
814,13993,2023-08-19,Mauvais choix,37.9
815,14023,2023-08-21,Changement d'avis,235.8
816,14035,2023-08-24,Changement d'avis,32.9
817,14059,2023-08-27,Changement d'avis,28.9
818,14068,2023-09-02,Livraison tardive,152.9
819,14071,2023-08-31,Livraison tardive,2.9
820,14151,2023-08-20,Changement d'avis,50.9
821,14157,2023-08-23,Mauvais choix,2.9
822,14158,2023-08-29,Autre,117.9
823,14161,2023-08-20,Mauvais choix,53.86
824,14170,2023-09-06,Livraison tardive,31.9
825,14171,2023-08-30,Mauvais choix,31.8
826,14207,2023-09-05,Changement d'avis,24.6
827,14237,2023-08-31,Mauvais choix,15.9
828,14283,2023-09-07,Changement d'avis,73.9
829,14289,2023-08-22,Défaut,19.9
830,14311,2023-09-03,Livraison tardive,235.8
831,14318,2023-08-26,Changement d'avis,21.9
832,14320,2023-09-01,Mauvais choix,38.9
833,14351,2023-09-08,Mauvais choix,21.9
834,14353,2023-08-24,Mauvais choix,30.9
835,14377,2023-09-03,Mauvais choix,36.9
836,14401,2023-09-03,Mauvais choix,86.9
837,14402,2023-08-27,Défaut,23.9
838,14415,2023-08-27,Changement d'avis,73.9
839,14434,2023-09-05,Mauvais choix,295.6
840,14439,2023-09-05,Mauvais choix,135.6
841,14471,2023-09-03,Autre,57.8
842,14472,2023-09-01,Changement d'avis,109.8
843,14488,2023-09-13,Défaut,34.9
844,14490,2023-09-07,Changement d'avis,147.8
845,14513,2023-09-10,Changement d'avis,74.9
846,14591,2023-09-06,Livraison tardive,21.9
847,14592,2023-09-05,Changement d'avis,29.9
848,14635,2023-09-08,Défaut,11.9
849,14649,2023-08-31,Changement d'avis,42.9
850,14651,2023-09-08,Mauvais choix,15.9
851,14653,2023-09-11,Livraison tardive,13.9
852,14675,2023-09-15,Défaut,19.9
853,14680,2023-09-04,Livraison tardive,53.9
854,14686,2023-09-10,Mauvais choix,11.9
855,14691,2023-09-09,Changement d'avis,42.9
856,14701,2023-09-14,Mauvais choix,38.9
857,14733,2023-09-06,Livraison tardive,33.8
858,14747,2023-09-07,Mauvais choix,63.9
859,14751,2023-09-05,Mauvais choix,23.9
860,14764,2023-09-13,Livraison tardive,21.9
861,14775,2023-09-13,Défaut,15.9
862,14778,2023-09-13,Défaut,11.9
863,14793,2023-09-11,Changement d'avis,137.8
864,14796,2023-09-09,Défaut,50.9
865,14816,2023-09-13,Livraison tardive,64.9
866,14819,2023-09-17,Livraison tardive,61.9
867,14822,2023-09-04,Mauvais choix,37.9
868,14825,2023-09-17,Mauvais choix,21.9
869,14859,2023-09-18,Mauvais choix,115.8
870,14872,2023-09-20,Changement d'avis,71.9
871,14882,2023-09-19,Défaut,21.9
872,14947,2023-09-07,Défaut,119.7
873,14960,2023-09-08,Livraison tardive,2.9
874,14970,2023-09-13,Défaut,8.9
875,14984,2023-09-21,Changement d'avis,44.9
876,14991,2023-09-22,Changement d'avis,29.9
877,15042,2023-09-11,Changement d'avis,50.9
878,15051,2023-09-12,Défaut,31.9
879,15092,2023-09-13,Livraison tardive,21.9
880,15098,2023-09-17,Changement d'avis,42.9
881,15114,2023-09-20,Livraison tardive,9.9
882,15194,2023-09-19,Changement d'avis,8.7
883,15196,2023-09-22,Autre,21.9
884,15201,2023-09-24,Livraison tardive,86.9
885,15202,2023-09-18,Livraison tardive,28.9
886,15212,2023-09-13,Autre,117.9
887,15222,2023-09-09,Mauvais choix,27.9
888,15226,2023-09-10,Mauvais choix,33.9
889,15227,2023-09-08,Changement d'avis,21.9
890,15231,2023-09-20,Changement d'avis,32.9
891,15242,2023-09-21,Livraison tardive,28.4
892,15257,2023-09-22,Mauvais choix,49.9
893,15360,2023-09-16,Livraison tardive,47.4
894,15376,2023-09-20,Livraison tardive,31.8
895,15410,2023-09-23,Autre,147.8
896,15423,2023-09-22,Autre,29.9
897,15432,2023-09-16,Changement d'avis,54.91
898,15441,2023-09-16,Mauvais choix,32.9
899,15497,2023-09-25,Changement d'avis,54.9
900,15513,2023-09-28,Autre,25.9
901,15521,2023-09-15,Défaut,73.9
902,15557,2023-09-27,Mauvais choix,221.7
903,15577,2023-09-12,Défaut,28.9
904,15580,2023-09-15,Changement d'avis,33.9
905,15581,2023-09-24,Livraison tardive,2.9
906,15599,2023-09-22,Changement d'avis,16.9
907,15611,2023-09-23,Livraison tardive,153.8
908,15620,2023-09-16,Livraison tardive,11.9
909,15689,2023-09-16,Défaut,23.9
910,15696,2023-09-15,Défaut,10.9
911,15735,2023-09-18,Mauvais choix,19.9
912,15739,2023-09-25,Changement d'avis,57.8
913,15763,2023-09-27,Mauvais choix,64.9
914,15780,2023-10-03,Défaut,23.9
915,15781,2023-09-16,Défaut,104.9
916,15808,2023-09-28,Changement d'avis,11.9
917,15816,2023-09-21,Livraison tardive,73.9
918,15820,2023-09-30,Livraison tardive,16.9
919,15834,2023-09-21,Mauvais choix,41.8
920,15842,2023-09-18,Mauvais choix,25.9
921,15903,2023-09-20,Mauvais choix,42.9
922,15905,2023-10-04,Changement d'avis,18.9
923,15920,2023-10-04,Défaut,38.7
924,15924,2023-10-05,Mauvais choix,3.9
925,15945,2023-09-22,Mauvais choix,15.9
926,15992,2023-10-05,Changement d'avis,18.9
927,16079,2023-10-01,Mauvais choix,10.9
928,16084,2023-09-23,Mauvais choix,97.8
929,16104,2023-09-26,Mauvais choix,76.9
930,16120,2023-09-22,Livraison tardive,11.7
931,16137,2023-10-02,Changement d'avis,30.21
932,16141,2023-10-06,Mauvais choix,48.9
933,16168,2023-09-24,Livraison tardive,11.9
934,16171,2023-10-07,Changement d'avis,3.9
935,16194,2023-09-23,Changement d'avis,30.9
936,16197,2023-09-24,Mauvais choix,18.9
937,16201,2023-09-29,Mauvais choix,33.9
938,16229,2023-10-03,Mauvais choix,76.9
939,16233,2023-10-02,Livraison tardive,2.9
940,16239,2023-09-30,Mauvais choix,17.9
941,16274,2023-09-23,Changement d'avis,3.9
942,16284,2023-10-10,Changement d'avis,16.9
943,16307,2023-09-29,Autre,19.71
944,16326,2023-09-26,Livraison tardive,86.9
945,16378,2023-10-11,Mauvais choix,35.7
946,16393,2023-09-28,Défaut,28.9
947,16418,2023-10-12,Mauvais choix,75.6
948,16443,2023-10-01,Changement d'avis,21.9
949,16450,2023-10-11,Livraison tardive,67.8
950,16451,2023-10-02,Mauvais choix,86.9
951,16512,2023-09-28,Autre,17.9
952,16529,2023-10-13,Livraison tardive,21.9
953,16542,2023-10-06,Mauvais choix,21.9
954,16552,2023-10-11,Autre,28.9
955,16556,2023-10-07,Autre,21.9
956,16557,2023-10-06,Mauvais choix,212.7
957,16560,2023-10-02,Mauvais choix,23.8
958,16577,2023-10-07,Changement d'avis,46.46
959,16612,2023-10-09,Autre,9.9
960,16672,2023-10-08,Changement d'avis,25.9
961,16675,2023-10-14,Mauvais choix,5.8
962,16694,2023-09-29,Changement d'avis,42.9
963,16715,2023-10-12,Mauvais choix,4.9
964,16736,2023-10-03,Autre,62.9
965,16772,2023-09-29,Livraison tardive,50.9
966,16778,2023-10-02,Mauvais choix,32.9
967,16795,2023-10-15,Changement d'avis,11.9
968,16813,2023-10-16,Changement d'avis,27.9
969,16818,2023-10-01,Changement d'avis,94.81
970,16823,2023-10-09,Mauvais choix,28.9
971,16850,2023-10-03,Changement d'avis,38.9
972,16860,2023-10-12,Mauvais choix,11.9
973,16906,2023-10-16,Défaut,70.9
974,16908,2023-10-07,Mauvais choix,20.9
975,16912,2023-10-09,Défaut,95.7
976,16942,2023-10-02,Changement d'avis,51.8
977,16951,2023-10-17,Changement d'avis,28.9
978,16962,2023-10-03,Mauvais choix,17.8
979,16964,2023-10-11,Changement d'avis,9.9
980,16981,2023-10-13,Changement d'avis,194.7
981,16985,2023-10-17,Mauvais choix,73.9
982,17005,2023-10-10,Défaut,33.8
983,17009,2023-10-07,Changement d'avis,33.9
984,17021,2023-10-18,Changement d'avis,42.9
985,17049,2023-10-10,Mauvais choix,23.9
986,17084,2023-10-03,Mauvais choix,20.9
987,17086,2023-10-14,Mauvais choix,19.9
988,17113,2023-10-16,Mauvais choix,51.8
989,17136,2023-10-13,Mauvais choix,25.9
990,17138,2023-10-17,Livraison tardive,6.9
991,17146,2023-10-06,Mauvais choix,8.9
992,17174,2023-10-05,Changement d'avis,50.9
993,17234,2023-10-13,Livraison tardive,25.9
994,17236,2023-10-13,Livraison tardive,34.9
995,17237,2023-10-13,Autre,42.9
996,17238,2023-10-05,Mauvais choix,15.1
997,17267,2023-10-20,Défaut,11.9
998,17328,2023-10-15,Changement d'avis,11.9
999,17333,2023-10-23,Mauvais choix,32.9
1000,17336,2023-10-20,Changement d'avis,28.9
1001,17345,2023-10-11,Mauvais choix,2.9
1002,17348,2023-10-06,Défaut,76.9
1003,17391,2023-10-11,Changement d'avis,49.9
1004,17435,2023-10-10,Mauvais choix,42.9
1005,17441,2023-10-08,Autre,7.9
1006,17479,2023-10-10,Changement d'avis,8.9
1007,17499,2023-10-20,Changement d'avis,15.9
1008,17522,2023-10-12,Mauvais choix,46.46
1009,17524,2023-10-08,Changement d'avis,96.9
1010,17527,2023-10-24,Mauvais choix,10.9
1011,17542,2023-10-16,Autre,16.9
1012,17575,2023-10-24,Mauvais choix,43.9
1013,17578,2023-10-15,Changement d'avis,50.9
1014,17599,2023-10-13,Livraison tardive,11.9
1015,17605,2023-10-19,Défaut,27.9
1016,17636,2023-10-13,Mauvais choix,18.9
1017,17642,2023-10-19,Mauvais choix,2.9
1018,17664,2023-10-22,Livraison tardive,25.9
1019,17683,2023-10-10,Défaut,8.9
1020,17691,2023-10-12,Défaut,38.9
1021,17697,2023-10-25,Changement d'avis,9.9
1022,17759,2023-10-18,Changement d'avis,37.9
1023,17768,2023-10-15,Autre,37.9
1024,17777,2023-10-17,Mauvais choix,111.8
1025,17785,2023-10-22,Changement d'avis,86.9
1026,17786,2023-10-14,Défaut,37.9
1027,17790,2023-10-17,Mauvais choix,16.9
1028,17813,2023-10-17,Changement d'avis,13.9
1029,17827,2023-10-13,Changement d'avis,71.9
1030,17849,2023-10-21,Défaut,21.9
1031,17868,2023-10-19,Défaut,28.9
1032,17874,2023-10-14,Changement d'avis,16.9
1033,17881,2023-10-20,Changement d'avis,19.9
1034,17885,2023-10-29,Livraison tardive,50.9
1035,17889,2023-10-29,Changement d'avis,29.9
1036,17894,2023-10-17,Changement d'avis,23.9
1037,17900,2023-10-19,Livraison tardive,33.9
1038,17921,2023-10-16,Défaut,42.9
1039,17934,2023-10-15,Autre,21.8
1040,17938,2023-10-24,Changement d'avis,10.9
1041,17975,2023-10-30,Changement d'avis,73.9
1042,17986,2023-10-16,Changement d'avis,53.9
1043,18030,2023-10-25,Défaut,20.9
1044,18032,2023-10-18,Mauvais choix,23.9
1045,18050,2023-10-16,Autre,16.05
1046,18052,2023-10-27,Changement d'avis,19.9
1047,18121,2023-10-20,Changement d'avis,48.9
1048,18128,2023-10-30,Mauvais choix,28.9
1049,18167,2023-10-24,Défaut,76.9
1050,18183,2023-10-29,Changement d'avis,11.9
1051,18185,2023-10-29,Mauvais choix,96.9
1052,18190,2023-10-30,Changement d'avis,66.9
1053,18203,2023-10-25,Défaut,33.15
1054,18222,2023-10-23,Mauvais choix,32.9
1055,18254,2023-10-28,Mauvais choix,27.9
1056,18259,2023-10-27,Mauvais choix,65.7
1057,18273,2023-10-25,Mauvais choix,55.0
1058,18321,2023-10-24,Mauvais choix,61.9
1059,18343,2023-10-19,Mauvais choix,73.81
1060,18349,2023-11-01,Livraison tardive,42.9
1061,18351,2023-10-19,Défaut,42.9
1062,18366,2023-11-04,Changement d'avis,25.9
1063,18379,2023-10-27,Mauvais choix,105.9
1064,18418,2023-10-30,Mauvais choix,12.9
1065,18448,2023-10-21,Mauvais choix,6.9
1066,18452,2023-10-24,Mauvais choix,42.9
1067,18475,2023-10-31,Changement d'avis,57.9
1068,18485,2023-11-06,Défaut,2.9
1069,18489,2023-11-01,Changement d'avis,38.9
1070,18546,2023-10-25,Changement d'avis,34.9
1071,18553,2023-11-08,Changement d'avis,48.9
1072,18559,2023-10-27,Changement d'avis,129.8
1073,18585,2023-10-31,Changement d'avis,3.9
1074,18599,2023-11-05,Défaut,17.95
1075,18621,2023-11-05,Mauvais choix,32.9
1076,18676,2023-11-04,Mauvais choix,42.9
1077,18679,2023-10-23,Mauvais choix,50.9
1078,18682,2023-11-06,Défaut,7.9
1079,18703,2023-11-06,Défaut,149.8
1080,18705,2023-10-30,Mauvais choix,104.9
1081,18721,2023-11-04,Mauvais choix,27.46
1082,18740,2023-11-06,Changement d'avis,48.9
1083,18754,2023-10-27,Changement d'avis,13.9
1084,18804,2023-10-28,Changement d'avis,11.9
1085,18806,2023-10-28,Changement d'avis,16.9
1086,18816,2023-11-06,Mauvais choix,55.8
1087,18826,2023-11-05,Changement d'avis,47.8
1088,18840,2023-11-01,Défaut,32.9
1089,18849,2023-11-02,Changement d'avis,38.9
1090,18873,2023-11-11,Mauvais choix,49.9
1091,18885,2023-10-26,Changement d'avis,15.8
1092,18886,2023-10-28,Changement d'avis,12.26
1093,18897,2023-11-05,Changement d'avis,55.8
1094,18918,2023-11-05,Changement d'avis,49.9
1095,18929,2023-11-06,Mauvais choix,96.61
1096,18950,2023-10-30,Mauvais choix,66.9
1097,18952,2023-11-06,Défaut,62.9
1098,18959,2023-11-09,Livraison tardive,21.8
1099,18967,2023-10-29,Mauvais choix,64.9
1100,18970,2023-11-05,Livraison tardive,73.9
1101,18972,2023-10-28,Changement d'avis,9.9
1102,19000,2023-11-10,Livraison tardive,18.9
1103,19012,2023-11-03,Mauvais choix,20.9
1104,19017,2023-11-13,Autre,49.9
1105,19034,2023-10-28,Livraison tardive,32.9
1106,19038,2023-10-31,Défaut,36.0
1107,19040,2023-11-14,Mauvais choix,9.9
1108,19071,2023-11-08,Livraison tardive,20.9
1109,19096,2023-11-04,Défaut,25.9
1110,19116,2023-10-31,Mauvais choix,29.9
1111,19123,2023-11-11,Changement d'avis,5.8
1112,19132,2023-11-08,Défaut,28.9
1113,19134,2023-11-06,Changement d'avis,110.7
1114,19153,2023-11-11,Changement d'avis,152.9
1115,19173,2023-11-02,Changement d'avis,7.9
1116,19174,2023-11-06,Livraison tardive,61.9
1117,19215,2023-11-13,Mauvais choix,86.9
1118,19232,2023-11-09,Changement d'avis,28.9
1119,19247,2023-11-10,Mauvais choix,37.9
1120,19250,2023-11-03,Autre,31.6
1121,19284,2023-11-09,Mauvais choix,59.8
1122,19323,2023-11-01,Défaut,86.9
1123,19340,2023-11-01,Défaut,92.7
1124,19348,2023-11-07,Mauvais choix,19.85
1125,19383,2023-11-12,Mauvais choix,18.9
1126,19388,2023-11-10,Défaut,19.9
1127,19430,2023-11-03,Changement d'avis,55.9
1128,19444,2023-11-17,Défaut,105.9
1129,19449,2023-11-12,Changement d'avis,42.9
1130,19541,2023-11-11,Changement d'avis,134.7
1131,19549,2023-11-14,Changement d'avis,21.9
1132,19553,2023-11-17,Mauvais choix,28.9
1133,19595,2023-11-19,Changement d'avis,28.9
1134,19608,2023-11-06,Mauvais choix,28.9
1135,19660,2023-11-08,Mauvais choix,14.9
1136,19678,2023-11-11,Défaut,10.9
1137,19685,2023-11-22,Mauvais choix,55.9
1138,19733,2023-11-23,Défaut,50.9
1139,19746,2023-11-09,Changement d'avis,49.9
1140,19806,2023-11-11,Livraison tardive,22.7
1141,19811,2023-11-17,Mauvais choix,33.9
1142,19819,2023-11-18,Changement d'avis,13.9
1143,19878,2023-11-16,Autre,38.9
1144,19884,2023-11-13,Changement d'avis,57.9
1145,19888,2023-11-14,Mauvais choix,28.9
1146,19906,2023-11-07,Mauvais choix,28.9
1147,19946,2023-11-09,Mauvais choix,15.9
1148,19969,2023-11-10,Défaut,38.9
1149,19988,2023-11-11,Mauvais choix,27.9
1150,19990,2023-11-17,Mauvais choix,19.9
1151,20007,2023-11-10,Défaut,50.9
1152,20052,2023-11-15,Défaut,20.9
1153,20056,2023-11-16,Livraison tardive,28.9
1154,20061,2023-11-09,Mauvais choix,101.8
1155,20086,2023-11-12,Changement d'avis,2.9
1156,20094,2023-11-10,Autre,28.9
1157,20101,2023-11-20,Mauvais choix,31.9
1158,20133,2023-11-12,Changement d'avis,73.9
1159,20171,2023-11-12,Mauvais choix,28.9
1160,20186,2023-11-20,Mauvais choix,43.9
1161,20203,2023-11-25,Changement d'avis,11.9
1162,20209,2023-11-23,Mauvais choix,28.9
1163,20245,2023-11-28,Mauvais choix,64.9
1164,20290,2023-11-18,Défaut,23.9
1165,20291,2023-11-23,Mauvais choix,16.9
1166,20306,2023-11-24,Livraison tardive,13.9
1167,20307,2023-11-18,Changement d'avis,50.9
1168,20379,2023-11-15,Changement d'avis,19.9
1169,20406,2023-11-15,Changement d'avis,50.7
1170,20414,2023-11-13,Défaut,39.9
1171,20423,2023-11-30,Mauvais choix,43.9
1172,20435,2023-11-21,Mauvais choix,8.9
1173,20450,2023-11-17,Mauvais choix,7.9
1174,20471,2023-11-26,Livraison tardive,5.8
1175,20496,2023-11-13,Mauvais choix,117.9
1176,20508,2023-11-17,Changement d'avis,35.9
1177,20509,2023-11-18,Changement d'avis,2.9
1178,20537,2023-11-18,Livraison tardive,20.8
1179,20548,2023-11-21,Changement d'avis,16.9
1180,20564,2023-11-19,Mauvais choix,57.9
1181,20602,2023-11-19,Autre,18.9
1182,20606,2023-11-27,Changement d'avis,50.9
1183,20622,2023-11-24,Défaut,42.9
1184,20623,2023-11-28,Changement d'avis,57.8
1185,20626,2023-11-26,Livraison tardive,43.8
1186,20634,2023-11-29,Défaut,86.9
1187,20658,2023-11-16,Changement d'avis,20.9
1188,20683,2023-11-16,Mauvais choix,32.9
1189,20697,2023-11-24,Changement d'avis,19.8
1190,20744,2023-11-18,Changement d'avis,53.9
1191,20747,2023-11-24,Mauvais choix,19.9
1192,20761,2023-11-20,Mauvais choix,41.7
1193,20778,2023-12-02,Changement d'avis,2.9
1194,20791,2023-11-20,Changement d'avis,74.9
1195,20847,2023-11-17,Mauvais choix,23.9
1196,20849,2023-11-21,Changement d'avis,28.9
1197,20853,2023-11-21,Livraison tardive,99.8
1198,20866,2023-11-29,Livraison tardive,48.36
1199,20869,2023-11-30,Livraison tardive,68.9
1200,20936,2023-12-02,Mauvais choix,9.9
1201,20960,2023-11-21,Mauvais choix,49.9
1202,20962,2023-11-22,Changement d'avis,23.9
1203,21013,2023-12-03,Défaut,67.8
1204,21016,2023-11-29,Changement d'avis,49.9
1205,21022,2023-12-02,Mauvais choix,75.8
1206,21028,2023-11-29,Mauvais choix,66.9
1207,21032,2023-12-06,Défaut,2.9
1208,21033,2023-11-30,Changement d'avis,64.9
1209,21095,2023-11-28,Mauvais choix,50.9
1210,21117,2023-11-20,Défaut,41.8
1211,21124,2023-11-30,Autre,12.9
1212,21140,2023-11-30,Défaut,8.9
1213,21142,2023-11-26,Changement d'avis,50.9
1214,21153,2023-11-29,Mauvais choix,12.26
1215,21185,2023-11-24,Mauvais choix,34.9
1216,21187,2023-11-21,Changement d'avis,11.9
1217,21198,2023-11-24,Changement d'avis,14.9
1218,21218,2023-12-01,Mauvais choix,10.9
1219,21256,2023-11-29,Défaut,47.8
1220,21257,2023-11-30,Livraison tardive,23.9
1221,21267,2023-12-03,Défaut,42.9
1222,21298,2023-12-08,Changement d'avis,219.16
1223,21323,2023-11-27,Livraison tardive,28.9
1224,21325,2023-11-29,Changement d'avis,46.46
1225,21349,2023-12-03,Changement d'avis,39.12
1226,21350,2023-11-26,Livraison tardive,14.32
1227,21382,2023-12-04,Changement d'avis,9.9
1228,21395,2023-12-06,Changement d'avis,42.9
1229,21415,2023-12-01,Défaut,39.8
1230,21450,2023-12-08,Mauvais choix,28.9
1231,21463,2023-12-04,Changement d'avis,20.9
1232,21502,2023-12-04,Changement d'avis,96.9
1233,21509,2023-12-01,Défaut,28.9
1234,21517,2023-11-25,Mauvais choix,101.8
1235,21533,2023-12-11,Mauvais choix,63.9
1236,21560,2023-12-08,Changement d'avis,23.92
1237,21593,2023-11-27,Changement d'avis,113.44
1238,21619,2023-12-04,Mauvais choix,31.12
1239,21630,2023-12-12,Changement d'avis,12.72
1240,21632,2023-11-29,Mauvais choix,108.48
1241,21659,2023-12-05,Changement d'avis,107.76
1242,21724,2023-11-27,Mauvais choix,30.32
1243,21742,2023-12-04,Mauvais choix,8.9
1244,21757,2023-12-01,Défaut,39.92
1245,21771,2023-12-09,Livraison tardive,6.32
1246,21785,2023-11-28,Autre,30.32
1247,21810,2023-12-12,Mauvais choix,17.52
1248,21825,2023-12-11,Autre,15.92
1249,21838,2023-12-14,Défaut,50.9
1250,21842,2023-12-13,Changement d'avis,104.9
1251,21875,2023-12-12,Mauvais choix,17.52
1252,21877,2023-12-06,Mauvais choix,15.9
1253,21890,2023-12-04,Livraison tardive,9.9
1254,21925,2023-11-27,Défaut,29.9
1255,21940,2023-12-02,Mauvais choix,42.96
1256,21942,2023-12-05,Autre,24.72
1257,21953,2023-12-14,Mauvais choix,48.9
1258,21979,2023-12-05,Mauvais choix,31.9
1259,21982,2023-12-03,Défaut,31.12
1260,21993,2023-12-01,Livraison tardive,13.52
1261,22027,2023-12-08,Mauvais choix,19.12
1262,22028,2023-12-11,Livraison tardive,8.72
1263,22029,2023-11-29,Mauvais choix,5.52
1264,22048,2023-12-02,Livraison tardive,42.9
1265,22055,2023-11-30,Changement d'avis,15.12
1266,22076,2023-11-28,Changement d'avis,28.9
1267,22086,2023-12-09,Défaut,39.92
1268,22107,2023-12-15,Changement d'avis,53.52
1269,22117,2023-12-03,Changement d'avis,15.92
1270,22131,2023-12-09,Changement d'avis,13.52
1271,22153,2023-12-11,Changement d'avis,14.7
1272,22166,2023-12-02,Mauvais choix,95.7
1273,22192,2023-12-01,Livraison tardive,226.88
1274,22202,2023-12-16,Changement d'avis,20.9
1275,22211,2023-12-06,Livraison tardive,20.72
1276,22259,2023-11-30,Mauvais choix,122.32
1277,22268,2023-12-09,Changement d'avis,39.9
1278,22335,2023-12-01,Autre,17.52
1279,22371,2023-12-05,Mauvais choix,16.9
1280,22391,2023-12-04,Changement d'avis,33.9
1281,22415,2023-12-03,Défaut,16.72
1282,22433,2023-12-12,Autre,71.9
1283,22445,2023-12-04,Changement d'avis,9.52
1284,22460,2023-12-10,Mauvais choix,7.92
1285,22466,2023-12-05,Changement d'avis,49.9
1286,22477,2023-12-11,Changement d'avis,76.9
1287,22482,2023-12-09,Autre,149.8
1288,22497,2023-12-13,Changement d'avis,27.92
1289,22506,2023-12-17,Défaut,9.52
1290,22516,2023-12-19,Mauvais choix,27.8
1291,22517,2023-12-16,Défaut,27.9
1292,22535,2023-12-10,Défaut,21.9
1293,22554,2023-12-12,Livraison tardive,50.32
1294,22583,2023-12-08,Mauvais choix,33.9
1295,22603,2023-12-17,Livraison tardive,38.9
1296,22604,2023-12-19,Changement d'avis,10.9
1297,22611,2023-12-11,Changement d'avis,11.9
1298,22625,2023-12-16,Mauvais choix,3.9
1299,22681,2023-12-18,Défaut,49.9
1300,22695,2023-12-19,Mauvais choix,19.9
1301,22713,2023-12-15,Mauvais choix,39.9
1302,22733,2023-12-10,Défaut,16.9
1303,22775,2023-12-14,Mauvais choix,50.9
1304,22785,2023-12-14,Changement d'avis,6.9
1305,22786,2023-12-06,Livraison tardive,42.9
1306,22832,2023-12-19,Changement d'avis,27.9
1307,22842,2023-12-05,Changement d'avis,50.9
1308,22844,2023-12-17,Mauvais choix,2.9
1309,22851,2023-12-20,Mauvais choix,55.8
1310,22858,2023-12-16,Changement d'avis,38.9
1311,22864,2023-12-19,Mauvais choix,16.9
1312,22865,2023-12-22,Changement d'avis,42.9
1313,22867,2023-12-07,Livraison tardive,33.9
1314,22907,2023-12-08,Changement d'avis,17.9
1315,22916,2023-12-18,Changement d'avis,21.9
1316,22919,2023-12-15,Changement d'avis,20.9
1317,22927,2023-12-08,Changement d'avis,61.66
1318,22936,2023-12-16,Mauvais choix,23.9
1319,23035,2023-12-17,Changement d'avis,54.91
1320,23036,2023-12-16,Mauvais choix,130.91
1321,23058,2023-12-08,Mauvais choix,28.9
1322,23064,2023-12-20,Livraison tardive,28.9
1323,23084,2023-12-19,Défaut,29.9
1324,23092,2023-12-15,Autre,32.9
1325,23097,2023-12-15,Mauvais choix,317.7
1326,23098,2023-12-16,Défaut,143.8
1327,23110,2023-12-18,Changement d'avis,23.9
1328,23158,2023-12-10,Changement d'avis,17.9
1329,23160,2023-12-12,Mauvais choix,38.9
1330,23170,2023-12-21,Mauvais choix,37.9
1331,23178,2023-12-25,Mauvais choix,28.9
1332,23182,2023-12-20,Changement d'avis,67.8
1333,23201,2023-12-13,Défaut,64.9
1334,23212,2023-12-11,Changement d'avis,59.7
1335,23244,2023-12-20,Défaut,39.9
1336,23271,2023-12-22,Livraison tardive,152.9
1337,23283,2023-12-14,Défaut,55.0
1338,23308,2023-12-24,Défaut,37.9
1339,23366,2023-12-16,Mauvais choix,28.9
1340,23393,2023-12-26,Mauvais choix,37.9
1341,23439,2023-12-24,Mauvais choix,28.9
1342,23452,2023-12-22,Changement d'avis,21.9
1343,23458,2023-12-17,Livraison tardive,126.9
1344,23585,2023-12-18,Livraison tardive,28.9
1345,23597,2023-12-27,Mauvais choix,29.8
1346,23601,2023-12-17,Changement d'avis,68.9
1347,23614,2023-12-16,Changement d'avis,11.9
1348,23637,2023-12-28,Autre,28.9
1349,23647,2023-12-24,Mauvais choix,42.9
1350,23715,2023-12-13,Changement d'avis,62.9
1351,23759,2023-12-26,Défaut,20.9
1352,23778,2023-12-27,Livraison tardive,16.9
1353,23832,2023-12-31,Changement d'avis,49.9
1354,23852,2023-12-29,Défaut,25.9
1355,23854,2023-12-22,Changement d'avis,105.9
1356,23864,2023-12-16,Changement d'avis,33.9
1357,23869,2023-12-17,Mauvais choix,43.9
1358,23887,2023-12-20,Changement d'avis,48.9
1359,23889,2023-12-29,Défaut,31.8
1360,23895,2023-12-20,Défaut,12.9
1361,23898,2023-12-27,Défaut,29.9
1362,23904,2023-12-29,Livraison tardive,115.8
1363,23939,2023-12-22,Changement d'avis,70.9
1364,23957,2023-12-24,Mauvais choix,42.9
1365,23959,2023-12-28,Changement d'avis,3.9
1366,23972,2023-12-27,Changement d'avis,10.36
1367,23984,2024-01-01,Livraison tardive,155.6
1368,23993,2023-12-28,Changement d'avis,107.8
1369,24017,2023-12-24,Mauvais choix,76.9
1370,24063,2023-12-28,Mauvais choix,20.9
1371,24094,2023-12-25,Mauvais choix,50.9
1372,24099,2023-12-22,Autre,48.36
1373,24100,2023-12-19,Défaut,46.46
1374,24177,2023-12-28,Mauvais choix,83.7
1375,24194,2023-12-19,Mauvais choix,9.9
1376,24223,2023-12-22,Défaut,68.31
1377,24237,2023-12-24,Mauvais choix,33.8
1378,24255,2024-01-03,Défaut,16.9
1379,24260,2023-12-27,Changement d'avis,29.8
1380,24266,2023-12-30,Changement d'avis,50.9
1381,24267,2023-12-23,Mauvais choix,28.9
1382,24271,2024-01-09,Autre,32.31
1383,24288,2023-12-25,Mauvais choix,50.9
1384,24298,2023-12-29,Mauvais choix,28.9
1385,24315,2023-12-31,Mauvais choix,73.91
1386,24348,2023-12-28,Mauvais choix,161.7
1387,24369,2023-12-25,Changement d'avis,20.9
1388,24378,2024-01-03,Mauvais choix,33.9
1389,24380,2023-12-24,Mauvais choix,21.9
1390,24381,2024-01-02,Changement d'avis,62.9
1391,24396,2023-12-29,Défaut,39.8
1392,24398,2023-12-29,Changement d'avis,55.9
1393,24404,2024-01-02,Mauvais choix,7.9
1394,24438,2023-12-26,Autre,27.9
1395,24492,2023-12-19,Défaut,18.9
1396,24499,2024-01-05,Mauvais choix,55.8
1397,24509,2024-01-01,Défaut,34.9
1398,24517,2023-12-26,Livraison tardive,129.8
1399,24535,2024-01-04,Mauvais choix,9.9
1400,24540,2024-01-04,Changement d'avis,20.9
1401,24551,2023-12-23,Changement d'avis,35.9
1402,24555,2023-12-26,Défaut,81.51
1403,24573,2024-01-05,Autre,31.9
1404,24576,2024-01-01,Mauvais choix,42.9
1405,24581,2023-12-24,Changement d'avis,58.8
1406,24582,2023-12-30,Changement d'avis,15.9
1407,24599,2023-12-24,Changement d'avis,63.8
1408,24618,2023-12-24,Changement d'avis,42.9
1409,24622,2024-01-03,Mauvais choix,64.9
1410,24629,2024-01-06,Autre,21.9
1411,24691,2023-12-23,Défaut,26.5
1412,24694,2023-12-24,Défaut,42.9
1413,24697,2023-12-25,Mauvais choix,104.9
1414,24705,2024-01-07,Changement d'avis,20.9
1415,24706,2023-12-27,Défaut,43.8
1416,24738,2023-12-21,Livraison tardive,35.9
1417,24748,2023-12-28,Autre,35.7
1418,24783,2024-01-09,Changement d'avis,2.61
1419,24789,2023-12-24,Mauvais choix,26.01
1420,24794,2024-01-05,Livraison tardive,85.8
1421,24818,2023-12-29,Mauvais choix,20.7
1422,24838,2024-01-07,Changement d'avis,25.9
1423,24848,2024-01-03,Changement d'avis,41.7
1424,24855,2023-12-31,Autre,47.8
1425,24856,2023-12-26,Défaut,11.9
1426,24866,2023-12-29,Changement d'avis,28.9
1427,24880,2023-12-24,Changement d'avis,70.9
1428,24909,2024-01-06,Autre,20.8
1429,24965,2024-01-01,Défaut,23.9
1430,24971,2023-12-24,Défaut,37.9
1431,24995,2024-01-03,Autre,23.9
1432,24998,2024-01-01,Défaut,21.9
1433,24999,2023-12-27,Changement d'avis,19.8
1434,25014,2023-12-23,Mauvais choix,97.8
1435,25019,2024-01-08,Défaut,16.9
1436,25023,2023-12-23,Changement d'avis,25.9
1437,25059,2024-01-07,Mauvais choix,38.9
1438,25067,2024-01-04,Mauvais choix,89.8
1439,25074,2024-01-09,Mauvais choix,18.9
1440,25082,2023-12-31,Livraison tardive,50.9
1441,25084,2024-01-03,Défaut,2.9
1442,25097,2024-01-10,Changement d'avis,24.6
1443,25134,2024-01-10,Défaut,16.9
1444,25151,2024-01-10,Mauvais choix,8.9
1445,25155,2024-01-11,Livraison tardive,66.9
1446,25162,2024-01-07,Livraison tardive,14.9
1447,25177,2024-01-05,Changement d'avis,235.8
1448,25181,2023-12-28,Changement d'avis,57.8
1449,25213,2023-12-28,Livraison tardive,18.9
1450,25214,2023-12-26,Défaut,18.9
1451,25241,2024-01-06,Mauvais choix,28.9
1452,25244,2024-01-08,Défaut,19.9
1453,25260,2024-01-04,Changement d'avis,76.9
1454,25314,2024-01-02,Mauvais choix,71.7
1455,25389,2024-01-05,Mauvais choix,65.8
1456,25412,2024-01-08,Mauvais choix,27.9
1457,25414,2024-01-09,Mauvais choix,9.9
1458,25433,2023-12-27,Mauvais choix,29.9
1459,25435,2024-01-12,Mauvais choix,15.9
1460,25458,2024-01-02,Défaut,37.9
1461,25464,2024-01-07,Livraison tardive,50.9
1462,25490,2024-01-02,Mauvais choix,90.9
1463,25495,2024-01-13,Mauvais choix,23.9
1464,25522,2024-01-10,Mauvais choix,27.9
1465,25523,2024-01-03,Changement d'avis,50.9
1466,25541,2024-01-02,Changement d'avis,48.9
1467,25569,2024-01-11,Défaut,70.9
1468,25571,2024-01-11,Mauvais choix,28.9
1469,25590,2024-01-05,Défaut,17.9
1470,25608,2024-01-14,Mauvais choix,211.8
1471,25629,2023-12-29,Changement d'avis,6.9
1472,25648,2024-01-04,Changement d'avis,19.9
1473,25671,2024-01-03,Autre,2.9
1474,25684,2023-12-30,Mauvais choix,23.9
1475,25700,2024-01-11,Mauvais choix,53.9
1476,25715,2024-01-06,Autre,145.26
1477,25720,2024-01-10,Changement d'avis,33.9
1478,25735,2024-01-06,Mauvais choix,104.9
1479,25765,2024-01-10,Mauvais choix,19.9
1480,25783,2023-12-31,Mauvais choix,29.9
1481,25812,2024-01-03,Changement d'avis,33.9
1482,25822,2024-01-10,Mauvais choix,9.9
1483,25835,2024-01-03,Livraison tardive,50.9
1484,25843,2024-01-05,Défaut,15.9
1485,25861,2024-01-16,Autre,27.9
1486,25889,2024-01-02,Mauvais choix,17.9
1487,25891,2024-01-05,Changement d'avis,11.9
1488,25900,2024-01-08,Autre,23.9
1489,25902,2024-01-12,Changement d'avis,9.9
1490,25906,2024-01-12,Mauvais choix,64.9
1491,25912,2024-01-14,Mauvais choix,19.9
1492,25957,2024-01-16,Défaut,33.9
1493,25988,2024-01-13,Mauvais choix,21.9
1494,25993,2024-01-08,Mauvais choix,28.9
1495,25999,2024-01-17,Changement d'avis,90.9
1496,26020,2024-01-03,Mauvais choix,64.9
1497,26037,2024-01-02,Mauvais choix,14.9
1498,26039,2024-01-09,Mauvais choix,21.9
1499,26053,2024-01-14,Défaut,35.9
1500,26055,2024-01-13,Mauvais choix,11.9
1501,26081,2024-01-17,Défaut,50.9
1502,26107,2024-01-04,Livraison tardive,50.9
1503,26127,2024-01-08,Autre,28.9
1504,26165,2024-01-17,Mauvais choix,40.75
1505,26173,2024-01-08,Défaut,48.9
1506,26197,2024-01-18,Défaut,50.9
1507,26205,2024-01-08,Défaut,12.26
1508,26228,2024-01-18,Changement d'avis,50.9
1509,26230,2024-01-15,Autre,3.9
1510,26286,2024-01-08,Livraison tardive,37.9
1511,26320,2024-01-08,Mauvais choix,126.9
1512,26371,2024-01-13,Autre,46.46
1513,26407,2024-01-20,Mauvais choix,11.9
1514,26418,2024-01-12,Changement d'avis,11.9
1515,26454,2024-01-22,Changement d'avis,49.9
1516,26463,2024-01-22,Changement d'avis,48.9
1517,26466,2024-01-06,Mauvais choix,28.9
1518,26481,2024-01-19,Mauvais choix,28.9
1519,26484,2024-01-08,Changement d'avis,12.9
1520,26486,2024-01-23,Mauvais choix,42.9
1521,26518,2024-01-19,Défaut,23.8
1522,26521,2024-01-23,Changement d'avis,16.9
1523,26553,2024-01-13,Défaut,42.9
1524,26573,2024-01-22,Changement d'avis,23.9
1525,26581,2024-01-22,Défaut,28.9
1526,26590,2024-01-11,Défaut,18.9
1527,26606,2024-01-20,Changement d'avis,23.9
1528,26677,2024-01-09,Livraison tardive,63.8
1529,26696,2024-01-12,Défaut,16.9
1530,26709,2024-01-16,Changement d'avis,43.9
1531,26718,2024-01-17,Livraison tardive,40.75
1532,26732,2024-01-26,Mauvais choix,12.9
1533,26734,2024-01-22,Mauvais choix,44.9
1534,26742,2024-01-17,Défaut,2.9
1535,26787,2024-01-24,Défaut,2.32
1536,26794,2024-01-24,Livraison tardive,27.12
1537,26802,2024-01-16,Défaut,44.9
1538,26826,2024-01-26,Changement d'avis,16.9
1539,26830,2024-01-29,Mauvais choix,28.9
1540,26853,2024-01-28,Livraison tardive,19.9
1541,26856,2024-01-26,Changement d'avis,31.12
1542,26858,2024-01-12,Défaut,19.9
1543,26884,2024-01-28,Livraison tardive,23.12
1544,26891,2024-01-23,Mauvais choix,6.24
1545,26911,2024-01-17,Mauvais choix,9.9
1546,26940,2024-01-18,Défaut,13.52
1547,26946,2024-01-19,Autre,14.32
1548,26962,2024-01-19,Mauvais choix,33.9
1549,26963,2024-01-21,Changement d'avis,16.9
1550,26968,2024-01-18,Livraison tardive,27.12
1551,26972,2024-01-28,Mauvais choix,23.12
1552,26973,2024-01-25,Mauvais choix,23.12
1553,26987,2024-01-16,Mauvais choix,31.9
1554,27004,2024-01-28,Changement d'avis,33.9
1555,27025,2024-01-30,Défaut,62.9
1556,27066,2024-01-20,Défaut,13.52
1557,27077,2024-02-01,Mauvais choix,15.12
1558,27078,2024-01-26,Mauvais choix,46.32
1559,27081,2024-01-23,Changement d'avis,56.72
1560,27085,2024-01-17,Mauvais choix,17.52
1561,27086,2024-01-21,Changement d'avis,15.92
1562,27089,2024-01-30,Changement d'avis,17.52
1563,27091,2024-01-17,Mauvais choix,16.72
1564,27095,2024-01-20,Mauvais choix,22.32
1565,27127,2024-01-29,Changement d'avis,7.92
1566,27135,2024-01-31,Changement d'avis,2.9
1567,27173,2024-02-01,Mauvais choix,40.72
1568,27182,2024-01-31,Mauvais choix,42.9
1569,27237,2024-01-20,Mauvais choix,17.9
1570,27239,2024-02-01,Mauvais choix,61.52
1571,27255,2024-01-17,Livraison tardive,15.92
1572,27268,2024-02-01,Défaut,8.9
1573,27278,2024-01-20,Défaut,34.32
1574,27294,2024-01-27,Mauvais choix,22.32
1575,27320,2024-01-28,Changement d'avis,27.9
1576,27327,2024-01-19,Défaut,55.9
1577,27360,2024-02-03,Mauvais choix,17.52
1578,27370,2024-01-27,Changement d'avis,314.7
1579,27390,2024-01-30,Mauvais choix,17.52
1580,27397,2024-01-20,Changement d'avis,23.9
1581,27417,2024-01-23,Changement d'avis,8.9
1582,27419,2024-01-19,Changement d'avis,19.12
1583,27459,2024-02-03,Changement d'avis,84.72
1584,27472,2024-02-06,Mauvais choix,31.12
1585,27495,2024-01-20,Mauvais choix,39.12
1586,27504,2024-02-04,Changement d'avis,64.9
1587,27529,2024-01-22,Livraison tardive,30.32
1588,27539,2024-01-25,Mauvais choix,17.44
1589,27540,2024-01-30,Défaut,5.52
1590,27547,2024-01-22,Changement d'avis,50.9
1591,27548,2024-02-05,Autre,19.9
1592,27572,2024-01-22,Changement d'avis,48.9
1593,27597,2024-02-03,Autre,33.9
1594,27607,2024-02-03,Mauvais choix,9.9
1595,27613,2024-02-06,Autre,42.9
1596,27658,2024-02-02,Changement d'avis,18.9
1597,27661,2024-02-09,Mauvais choix,44.64
1598,27664,2024-02-03,Mauvais choix,63.9
1599,27679,2024-01-30,Changement d'avis,50.32
1600,27717,2024-02-03,Défaut,193.8
1601,27726,2024-02-04,Livraison tardive,15.12
1602,27743,2024-01-23,Livraison tardive,12.72
1603,27761,2024-02-04,Livraison tardive,15.92
1604,27788,2024-02-06,Mauvais choix,29.52
1605,27831,2024-01-27,Changement d'avis,4.64
1606,27835,2024-01-30,Changement d'avis,10.32
1607,27838,2024-01-31,Mauvais choix,30.32
1608,27842,2024-02-01,Changement d'avis,119.7
1609,27883,2024-02-01,Autre,5.8
1610,27891,2024-01-27,Défaut,18.9
1611,27927,2024-02-08,Mauvais choix,12.72
1612,27971,2024-02-12,Mauvais choix,7.92
1613,27975,2024-02-04,Défaut,2.32
1614,27978,2024-02-04,Mauvais choix,2.32
1615,27982,2024-01-27,Livraison tardive,119.76
1616,28022,2024-02-01,Changement d'avis,77.52
1617,28023,2024-02-14,Défaut,15.84
1618,28040,2024-01-29,Mauvais choix,13.52
1619,28041,2024-02-08,Mauvais choix,23.12
1620,28045,2024-02-11,Livraison tardive,37.9
1621,28046,2024-02-06,Mauvais choix,49.9
1622,28070,2024-02-12,Défaut,27.12
1623,28210,2024-02-06,Changement d'avis,122.32
1624,28211,2024-02-04,Défaut,43.92
1625,28242,2024-02-02,Autre,2.9
1626,28249,2024-02-10,Changement d'avis,44.72
1627,28280,2024-02-17,Changement d'avis,28.9
1628,28329,2024-02-05,Défaut,73.9
1629,28339,2024-02-16,Mauvais choix,70.9
1630,28351,2024-02-02,Mauvais choix,32.9
1631,28355,2024-02-06,Défaut,104.9
1632,28357,2024-02-14,Autre,63.9
1633,28394,2024-02-11,Mauvais choix,73.9
1634,28411,2024-02-04,Autre,65.8
1635,28417,2024-02-06,Changement d'avis,20.9
1636,28432,2024-02-17,Changement d'avis,9.9
1637,28456,2024-02-09,Mauvais choix,152.9
1638,28475,2024-02-12,Mauvais choix,18.9
1639,28487,2024-02-12,Mauvais choix,17.9
1640,28509,2024-02-06,Changement d'avis,39.8
1641,28552,2024-02-18,Mauvais choix,63.9
1642,28598,2024-02-20,Changement d'avis,27.9
1643,28601,2024-02-12,Autre,3.9
1644,28612,2024-02-13,Changement d'avis,19.9
1645,28620,2024-02-20,Changement d'avis,33.9
1646,28622,2024-02-10,Changement d'avis,32.2
1647,28648,2024-02-12,Changement d'avis,50.9
1648,28656,2024-02-09,Défaut,23.9
1649,28706,2024-02-22,Changement d'avis,48.9
1650,28714,2024-02-10,Défaut,16.9
1651,28735,2024-02-25,Mauvais choix,7.9
1652,28737,2024-02-22,Défaut,33.8
1653,28739,2024-02-22,Changement d'avis,314.7
1654,28742,2024-02-11,Livraison tardive,19.9
1655,28759,2024-02-23,Autre,13.9
1656,28765,2024-02-14,Changement d'avis,5.8
1657,28782,2024-02-24,Changement d'avis,19.9
1658,28798,2024-02-27,Livraison tardive,26.91
1659,28823,2024-02-15,Autre,75.8
1660,28829,2024-02-25,Autre,18.9
1661,28837,2024-02-22,Mauvais choix,23.9
1662,28859,2024-02-28,Mauvais choix,9.9
1663,28878,2024-02-16,Mauvais choix,71.9
1664,28894,2024-02-13,Défaut,50.9
1665,28895,2024-02-28,Mauvais choix,42.9
1666,28940,2024-02-14,Défaut,34.9
1667,28956,2024-02-20,Changement d'avis,37.9
1668,29067,2024-02-16,Changement d'avis,19.9
1669,29077,2024-02-26,Mauvais choix,64.9
1670,29122,2024-02-21,Défaut,33.8
1671,29126,2024-02-23,Changement d'avis,9.9
1672,29129,2024-03-01,Autre,23.9
1673,29130,2024-02-21,Mauvais choix,43.9
1674,29148,2024-02-16,Mauvais choix,39.8
1675,29164,2024-02-26,Mauvais choix,16.9
1676,29192,2024-02-23,Mauvais choix,101.8
1677,29219,2024-02-28,Mauvais choix,146.7
1678,29245,2024-03-05,Changement d'avis,19.9
1679,29282,2024-02-23,Changement d'avis,27.46
1680,29308,2024-02-27,Autre,73.9
1681,29356,2024-03-04,Mauvais choix,37.9
1682,29367,2024-03-07,Autre,54.9
1683,29375,2024-03-04,Changement d'avis,2.9
1684,29407,2024-02-27,Changement d'avis,38.9
1685,29439,2024-02-25,Défaut,11.9
1686,29453,2024-03-04,Changement d'avis,31.9
1687,29478,2024-02-25,Mauvais choix,31.9
1688,29481,2024-02-24,Mauvais choix,117.9
1689,29486,2024-02-24,Changement d'avis,31.9
1690,29520,2024-02-27,Défaut,27.9
1691,29528,2024-03-02,Changement d'avis,70.9
1692,29549,2024-03-08,Livraison tardive,76.9
1693,29565,2024-02-26,Autre,38.9
1694,29637,2024-03-12,Changement d'avis,33.8
1695,29654,2024-03-04,Changement d'avis,49.9
1696,29681,2024-02-27,Autre,29.9
1697,29689,2024-03-07,Livraison tardive,53.1
1698,29712,2024-02-27,Livraison tardive,21.9
1699,29757,2024-03-03,Livraison tardive,23.9
1700,29761,2024-02-29,Mauvais choix,43.9
1701,29769,2024-03-02,Autre,57.8
1702,29794,2024-02-28,Changement d'avis,12.9
1703,29796,2024-03-09,Mauvais choix,44.9
1704,29822,2024-03-01,Changement d'avis,19.9
1705,29824,2024-03-04,Mauvais choix,28.9
1706,29850,2024-02-27,Mauvais choix,20.9
1707,29867,2024-03-15,Livraison tardive,57.9
1708,29871,2024-03-12,Changement d'avis,36.96
1709,29905,2024-03-16,Défaut,16.9
1710,29908,2024-03-12,Changement d'avis,29.9
1711,29918,2024-03-10,Défaut,55.9
1712,29940,2024-03-16,Changement d'avis,12.9
1713,29943,2024-03-03,Livraison tardive,20.9
1714,29951,2024-03-15,Changement d'avis,64.9
1715,29999,2024-03-11,Changement d'avis,33.8
1716,30003,2024-03-08,Changement d'avis,20.9
1717,30032,2024-03-17,Changement d'avis,23.9
1718,30057,2024-03-18,Mauvais choix,76.9
1719,30058,2024-03-10,Autre,64.9
1720,30110,2024-03-09,Mauvais choix,27.9
1721,30116,2024-03-08,Livraison tardive,35.9
1722,30140,2024-03-08,Mauvais choix,38.9
1723,30147,2024-03-12,Livraison tardive,20.9
1724,30174,2024-03-07,Changement d'avis,66.9
1725,30230,2024-03-18,Mauvais choix,28.9
1726,30263,2024-03-19,Défaut,32.9
1727,30278,2024-03-16,Mauvais choix,50.9
1728,30293,2024-03-09,Mauvais choix,152.9
1729,30343,2024-03-18,Changement d'avis,50.9
1730,30367,2024-03-17,Livraison tardive,28.9
1731,30376,2024-03-12,Changement d'avis,27.9
1732,30386,2024-03-21,Autre,36.9
1733,30389,2024-03-25,Mauvais choix,34.9
1734,30433,2024-03-23,Mauvais choix,39.8
1735,30435,2024-03-16,Défaut,28.9
1736,30467,2024-03-25,Changement d'avis,152.9
1737,30476,2024-03-12,Mauvais choix,37.9
1738,30482,2024-03-16,Livraison tardive,32.9
1739,30538,2024-03-17,Mauvais choix,48.9
1740,30570,2024-03-26,Défaut,20.9
1741,30635,2024-03-12,Mauvais choix,12.9
1742,30639,2024-03-12,Autre,42.9
1743,30653,2024-03-11,Changement d'avis,6.9
1744,30680,2024-03-25,Livraison tardive,44.9
1745,30722,2024-03-28,Changement d'avis,17.9
1746,30791,2024-03-28,Autre,2.9
1747,30796,2024-03-15,Changement d'avis,21.9
1748,30797,2024-03-27,Défaut,48.9
1749,30817,2024-03-14,Changement d'avis,28.9
1750,30890,2024-03-23,Changement d'avis,29.9
1751,30902,2024-04-05,Changement d'avis,26.01
1752,30909,2024-03-26,Mauvais choix,87.8
1753,30926,2024-04-02,Changement d'avis,9.9
1754,30936,2024-03-23,Mauvais choix,10.9
1755,30954,2024-03-30,Changement d'avis,2.9
1756,30955,2024-03-23,Changement d'avis,56.9
1757,30963,2024-03-26,Défaut,37.8
1758,30965,2024-03-20,Livraison tardive,126.9
1759,30989,2024-03-23,Changement d'avis,21.9
1760,30998,2024-04-02,Changement d'avis,71.9
1761,31014,2024-03-29,Mauvais choix,126.9
1762,31037,2024-03-24,Défaut,25.9
1763,31062,2024-03-22,Autre,20.9
1764,31064,2024-03-30,Défaut,17.9
1765,31068,2024-03-18,Mauvais choix,18.9
1766,31069,2024-03-25,Mauvais choix,53.9
1767,31103,2024-03-29,Mauvais choix,42.9
1768,31128,2024-03-21,Défaut,21.9
1769,31142,2024-04-02,Mauvais choix,105.9
1770,31177,2024-03-22,Livraison tardive,33.8
1771,31193,2024-03-20,Livraison tardive,19.9
1772,31194,2024-03-22,Défaut,104.9
1773,31215,2024-03-31,Changement d'avis,16.9
1774,31216,2024-03-26,Défaut,37.8
1775,31251,2024-03-24,Mauvais choix,43.9
1776,31253,2024-03-20,Mauvais choix,12.9
1777,31336,2024-03-29,Défaut,19.85
1778,31348,2024-03-23,Mauvais choix,18.9
1779,31360,2024-04-08,Changement d'avis,117.9
1780,31379,2024-03-24,Changement d'avis,34.9
1781,31380,2024-04-06,Livraison tardive,7.8
1782,31396,2024-03-29,Défaut,31.9
1783,31409,2024-03-25,Défaut,23.9
1784,31424,2024-03-24,Changement d'avis,8.9
1785,31431,2024-04-03,Changement d'avis,10.9
1786,31434,2024-03-31,Livraison tardive,16.9
1787,31462,2024-03-23,Autre,105.9
1788,31469,2024-03-31,Mauvais choix,70.9
1789,31513,2024-04-05,Autre,16.9
1790,31517,2024-03-27,Changement d'avis,64.9
1791,31524,2024-03-30,Défaut,19.9
1792,31527,2024-04-06,Mauvais choix,76.9
1793,31528,2024-03-27,Changement d'avis,48.9
1794,31536,2024-04-06,Livraison tardive,50.9
1795,31545,2024-04-02,Autre,12.9
1796,31554,2024-03-31,Défaut,11.9
1797,31598,2024-03-28,Livraison tardive,97.8
1798,31605,2024-04-11,Mauvais choix,38.9
1799,31610,2024-04-08,Défaut,152.9
1800,31616,2024-04-04,Livraison tardive,55.9
1801,31625,2024-03-27,Changement d'avis,24.6
1802,31635,2024-04-04,Changement d'avis,50.9
1803,31650,2024-04-11,Défaut,73.9
1804,31667,2024-04-03,Changement d'avis,86.7
1805,31678,2024-03-30,Changement d'avis,37.9
1806,31684,2024-04-06,Mauvais choix,152.7
1807,31686,2024-03-27,Changement d'avis,37.9
1808,31690,2024-04-03,Autre,27.9
1809,31705,2024-03-30,Mauvais choix,164.7
1810,31717,2024-04-13,Changement d'avis,2.9
1811,31718,2024-03-30,Défaut,107.8
1812,31725,2024-04-10,Livraison tardive,43.9
1813,31754,2024-04-09,Changement d'avis,18.9
1814,31759,2024-04-04,Mauvais choix,28.9
1815,31775,2024-04-04,Changement d'avis,15.21
1816,31793,2024-04-06,Changement d'avis,20.9
1817,31800,2024-04-13,Changement d'avis,67.8
1818,31812,2024-03-31,Autre,12.9
1819,31823,2024-04-03,Autre,19.9
1820,31856,2024-03-30,Mauvais choix,11.9
1821,31899,2024-03-31,Livraison tardive,33.9
1822,31900,2024-04-12,Défaut,101.8
1823,31904,2024-03-31,Mauvais choix,28.9
1824,31940,2024-04-15,Défaut,152.7
1825,31952,2024-04-10,Changement d'avis,37.9
1826,31953,2024-04-03,Défaut,21.9
1827,31957,2024-04-16,Changement d'avis,25.9
1828,31966,2024-04-06,Mauvais choix,15.9
1829,31972,2024-04-07,Défaut,73.9
1830,31973,2024-04-04,Changement d'avis,2.9
1831,31981,2024-04-05,Changement d'avis,77.8
1832,32045,2024-04-09,Livraison tardive,11.9
1833,32053,2024-04-13,Changement d'avis,21.9
1834,32061,2024-04-07,Mauvais choix,37.9
1835,32068,2024-04-10,Défaut,16.9
1836,32079,2024-04-17,Changement d'avis,48.9
1837,32097,2024-04-10,Mauvais choix,21.9
1838,32114,2024-04-09,Mauvais choix,21.9
1839,32121,2024-04-13,Mauvais choix,16.9
1840,32134,2024-04-09,Changement d'avis,25.9
1841,32140,2024-04-11,Défaut,64.9
1842,32233,2024-04-11,Mauvais choix,16.9
1843,32236,2024-04-12,Livraison tardive,28.9
1844,32267,2024-04-17,Changement d'avis,73.9
1845,32295,2024-04-08,Défaut,19.9
1846,32302,2024-04-11,Mauvais choix,21.9
1847,32313,2024-04-21,Défaut,28.9
1848,32351,2024-04-13,Défaut,2.9
1849,32391,2024-04-25,Changement d'avis,23.9
1850,32413,2024-04-16,Changement d'avis,70.9
1851,32426,2024-04-09,Défaut,15.9
1852,32430,2024-04-23,Défaut,66.9
1853,32456,2024-04-13,Changement d'avis,19.9
1854,32476,2024-04-23,Livraison tardive,131.6
1855,32515,2024-04-24,Mauvais choix,37.9
1856,32520,2024-04-21,Mauvais choix,152.9
1857,32533,2024-04-09,Changement d'avis,50.9
1858,32538,2024-04-23,Mauvais choix,48.9
1859,32539,2024-04-09,Mauvais choix,152.9
1860,32543,2024-04-10,Autre,28.9
1861,32578,2024-04-24,Changement d'avis,20.9
1862,32587,2024-04-24,Mauvais choix,117.9
1863,32614,2024-04-27,Livraison tardive,42.9
1864,32628,2024-04-26,Changement d'avis,62.9
1865,32666,2024-04-16,Livraison tardive,19.9
1866,32678,2024-04-14,Changement d'avis,49.9
1867,32729,2024-04-20,Changement d'avis,89.7
1868,32731,2024-04-15,Changement d'avis,28.9
1869,32761,2024-04-26,Changement d'avis,15.9
1870,32805,2024-04-17,Mauvais choix,49.9
1871,32823,2024-04-17,Changement d'avis,39.9
1872,32872,2024-04-16,Mauvais choix,35.9
1873,32895,2024-04-19,Changement d'avis,28.9
1874,32912,2024-05-02,Livraison tardive,104.9
1875,32929,2024-05-01,Mauvais choix,21.9
1876,32945,2024-04-30,Changement d'avis,21.9
1877,32967,2024-04-19,Mauvais choix,86.7
1878,33013,2024-04-24,Changement d'avis,50.9
1879,33014,2024-04-23,Mauvais choix,79.8
1880,33018,2024-04-20,Changement d'avis,33.9
1881,33037,2024-05-03,Mauvais choix,17.95
1882,33062,2024-04-18,Autre,28.9
1883,33074,2024-04-21,Livraison tardive,18.9
1884,33085,2024-04-19,Livraison tardive,54.9
1885,33100,2024-05-04,Changement d'avis,25.9
1886,33169,2024-05-06,Autre,223.6
1887,33182,2024-05-04,Défaut,117.9
1888,33194,2024-04-28,Livraison tardive,62.9
1889,33200,2024-05-04,Défaut,51.21
1890,33203,2024-05-03,Changement d'avis,2.9
1891,33205,2024-04-28,Changement d'avis,6.9
1892,33208,2024-04-24,Changement d'avis,37.9
1893,33227,2024-04-21,Mauvais choix,12.9
1894,33293,2024-05-05,Défaut,43.6
1895,33311,2024-05-06,Mauvais choix,50.9
1896,33323,2024-05-03,Mauvais choix,19.9
1897,33330,2024-04-21,Défaut,25.9
1898,33338,2024-04-26,Autre,6.9
1899,33345,2024-04-30,Changement d'avis,77.8
1900,33347,2024-05-08,Défaut,23.9
1901,33362,2024-05-09,Autre,70.9
1902,33394,2024-04-25,Livraison tardive,38.9
1903,33400,2024-04-27,Autre,48.9
1904,33427,2024-04-28,Livraison tardive,31.9
1905,33432,2024-04-24,Autre,10.9
1906,33438,2024-04-24,Autre,32.2
1907,33448,2024-05-02,Livraison tardive,101.8
1908,33456,2024-04-27,Livraison tardive,50.9
1909,33507,2024-05-09,Changement d'avis,71.9
1910,33536,2024-05-07,Mauvais choix,11.9
1911,33551,2024-05-12,Changement d'avis,76.9
1912,33563,2024-05-05,Changement d'avis,27.9
1913,33576,2024-05-08,Mauvais choix,20.9
1914,33617,2024-05-08,Mauvais choix,74.9
1915,33618,2024-04-29,Livraison tardive,28.9
1916,33624,2024-04-27,Changement d'avis,12.26
1917,33626,2024-05-07,Mauvais choix,38.9
1918,33651,2024-05-12,Changement d'avis,16.9
1919,33652,2024-04-29,Mauvais choix,37.9
1920,33661,2024-05-05,Changement d'avis,137.8
1921,33694,2024-05-12,Changement d'avis,38.9
1922,33705,2024-05-11,Mauvais choix,43.6
1923,33722,2024-04-29,Mauvais choix,53.9
1924,33740,2024-05-14,Mauvais choix,48.9
1925,33743,2024-05-09,Défaut,36.96
1926,33749,2024-05-04,Livraison tardive,16.9
1927,33764,2024-05-11,Défaut,48.36
1928,33779,2024-05-03,Changement d'avis,3.9
1929,33784,2024-05-01,Défaut,64.9
1930,33794,2024-05-12,Défaut,231.6
1931,33806,2024-05-09,Autre,61.9
1932,33822,2024-05-02,Livraison tardive,25.9
1933,33826,2024-05-16,Autre,59.76
1934,33852,2024-05-12,Défaut,64.9
1935,33893,2024-05-08,Mauvais choix,37.9
1936,33897,2024-05-16,Changement d'avis,42.9
1937,33905,2024-05-08,Changement d'avis,42.9
1938,33915,2024-05-04,Mauvais choix,3.9
1939,33935,2024-05-09,Mauvais choix,34.9
1940,33950,2024-05-03,Autre,42.9
1941,33963,2024-05-06,Mauvais choix,37.9
1942,33964,2024-05-12,Changement d'avis,42.9
1943,33976,2024-05-16,Défaut,117.9
1944,34008,2024-05-16,Changement d'avis,21.9
1945,34018,2024-05-04,Changement d'avis,75.8
1946,34021,2024-05-02,Changement d'avis,7.8
1947,34033,2024-05-19,Changement d'avis,74.9
1948,34052,2024-05-15,Mauvais choix,62.51
1949,34053,2024-05-11,Livraison tardive,24.6
1950,34079,2024-05-12,Changement d'avis,53.9
1951,34103,2024-05-20,Changement d'avis,23.9
1952,34106,2024-05-14,Autre,28.9
1953,34111,2024-05-12,Livraison tardive,29.9
1954,34138,2024-05-16,Défaut,10.9
1955,34167,2024-05-13,Livraison tardive,13.8
1956,34175,2024-05-08,Changement d'avis,71.9
1957,34193,2024-05-13,Mauvais choix,28.9
1958,34212,2024-05-14,Mauvais choix,5.8
1959,34242,2024-05-13,Livraison tardive,33.9
1960,34272,2024-05-10,Changement d'avis,34.9
1961,34273,2024-05-23,Défaut,21.9
1962,34310,2024-05-18,Livraison tardive,73.9
1963,34318,2024-05-18,Mauvais choix,50.9
1964,34340,2024-05-10,Livraison tardive,28.9
1965,34344,2024-05-24,Changement d'avis,11.9
1966,34351,2024-05-24,Mauvais choix,23.9
1967,34353,2024-05-24,Livraison tardive,68.9
1968,34371,2024-06-19,Changement d'avis,44.01
1969,34437,2024-05-18,Mauvais choix,28.9
1970,34454,2024-05-19,Autre,37.9
1971,34477,2024-05-17,Défaut,21.9
1972,34484,2024-05-18,Défaut,85.8
1973,34501,2024-05-16,Mauvais choix,15.9
1974,34564,2024-05-17,Autre,62.01
1975,34575,2024-05-14,Défaut,20.8
1976,34594,2024-05-17,Changement d'avis,25.8
1977,34613,2024-05-11,Livraison tardive,71.9
1978,34621,2024-05-18,Changement d'avis,67.8
1979,34637,2024-05-27,Changement d'avis,28.9
1980,34652,2024-05-20,Mauvais choix,86.9
1981,34660,2024-05-21,Défaut,37.9
1982,34669,2024-05-22,Autre,42.9
1983,34679,2024-05-27,Livraison tardive,36.96
1984,34694,2024-05-20,Changement d'avis,21.9
1985,34698,2024-05-23,Défaut,25.9
1986,34724,2024-05-20,Mauvais choix,17.9
1987,34749,2024-05-25,Défaut,66.9
1988,34779,2024-05-26,Défaut,41.8
1989,34789,2024-05-21,Livraison tardive,33.9
1990,34837,2024-05-30,Mauvais choix,50.9
1991,34848,2024-05-24,Livraison tardive,49.9
1992,34884,2024-05-15,Changement d'avis,146.7
1993,34899,2024-05-23,Mauvais choix,50.9
1994,34907,2024-05-20,Changement d'avis,9.9
1995,34914,2024-05-22,Défaut,38.9
1996,34921,2024-05-31,Changement d'avis,37.9
1997,34925,2024-05-14,Changement d'avis,20.8
1998,34968,2024-05-18,Changement d'avis,20.9
1999,34982,2024-05-21,Changement d'avis,25.9
2000,35010,2024-05-30,Mauvais choix,3.9
2001,35023,2024-05-31,Livraison tardive,20.9
2002,35041,2024-05-22,Autre,56.9
2003,35046,2024-05-17,Mauvais choix,17.9
2004,35057,2024-05-22,Mauvais choix,29.7
2005,35082,2024-05-26,Changement d'avis,33.9
2006,35093,2024-05-22,Mauvais choix,73.9
2007,35118,2024-05-16,Mauvais choix,87.8
2008,35137,2024-05-19,Mauvais choix,34.9
2009,35155,2024-05-26,Changement d'avis,19.9
2010,35157,2024-05-31,Livraison tardive,42.9
2011,35170,2024-05-22,Mauvais choix,20.8
2012,35182,2024-05-19,Défaut,33.15
2013,35194,2024-05-23,Mauvais choix,6.9
2014,35205,2024-05-22,Autre,18.9
2015,35253,2024-06-04,Changement d'avis,33.9
2016,35255,2024-06-02,Mauvais choix,147.8
2017,35277,2024-05-29,Défaut,28.9
2018,35293,2024-05-19,Défaut,117.9
2019,35306,2024-06-01,Défaut,32.2
2020,35314,2024-05-19,Changement d'avis,39.9
2021,35319,2024-05-30,Livraison tardive,9.9
2022,35334,2024-05-19,Livraison tardive,17.9
2023,35354,2024-06-04,Autre,99.66
2024,35357,2024-06-01,Mauvais choix,30.9
2025,35359,2024-05-22,Défaut,11.9
2026,35395,2024-05-28,Mauvais choix,16.9
2027,35415,2024-05-22,Défaut,31.9
2028,35431,2024-05-29,Mauvais choix,35.9
2029,35433,2024-05-27,Défaut,16.9
2030,35443,2024-05-30,Défaut,105.9
2031,35497,2024-05-29,Défaut,127.6
2032,35593,2024-06-06,Mauvais choix,49.9
2033,35626,2024-05-26,Autre,51.2
2034,35655,2024-06-09,Changement d'avis,50.9
2035,35656,2024-06-05,Livraison tardive,10.9
2036,35657,2024-06-01,Défaut,27.9
2037,35787,2024-05-25,Défaut,73.06
2038,35800,2024-05-25,Changement d'avis,86.9
2039,35819,2024-06-10,Autre,14.9
2040,35820,2024-06-04,Changement d'avis,64.9
2041,35836,2024-06-02,Autre,39.8
2042,35858,2024-05-27,Changement d'avis,97.8
2043,35863,2024-06-03,Défaut,56.7
2044,35870,2024-05-27,Défaut,70.9
2045,35939,2024-06-03,Mauvais choix,12.9
2046,35979,2024-06-07,Défaut,76.9
2047,36004,2024-06-13,Mauvais choix,42.9
2048,36032,2024-06-03,Mauvais choix,6.9
2049,36035,2024-06-02,Changement d'avis,10.9
2050,36056,2024-06-10,Changement d'avis,42.9
2051,36062,2024-06-10,Défaut,7.8
2052,36155,2024-06-10,Mauvais choix,49.9
2053,36167,2024-06-08,Mauvais choix,37.9
2054,36178,2024-06-05,Mauvais choix,64.9
2055,36180,2024-05-30,Mauvais choix,7.9
2056,36204,2024-06-16,Livraison tardive,28.9
2057,36242,2024-06-04,Mauvais choix,35.9
2058,36244,2024-06-05,Autre,21.9
2059,36246,2024-06-11,Changement d'avis,16.9
2060,36265,2024-06-07,Autre,15.1
2061,36281,2024-06-09,Changement d'avis,125.8
2062,36286,2024-06-06,Livraison tardive,2.9
2063,36289,2024-06-09,Changement d'avis,47.8
2064,36293,2024-06-16,Défaut,23.9
2065,36294,2024-06-08,Livraison tardive,22.7
2066,36334,2024-06-09,Changement d'avis,39.9
2067,36355,2024-06-06,Mauvais choix,37.9
2068,36360,2024-06-08,Changement d'avis,21.9
2069,36361,2024-06-14,Changement d'avis,57.8
2070,36365,2024-06-12,Changement d'avis,71.9
2071,36393,2024-06-10,Changement d'avis,23.9
2072,36402,2024-06-06,Mauvais choix,380.7
2073,36413,2024-06-14,Mauvais choix,33.9
2074,36436,2024-06-12,Changement d'avis,17.9
2075,36439,2024-06-14,Défaut,152.9
2076,36447,2024-06-19,Défaut,117.61
2077,36515,2024-06-18,Mauvais choix,2.61
2078,36555,2024-06-11,Livraison tardive,33.9
2079,36556,2024-06-17,Changement d'avis,76.9
2080,36567,2024-06-04,Changement d'avis,104.9
2081,36569,2024-06-12,Mauvais choix,29.9
2082,36599,2024-06-07,Changement d'avis,20.9
2083,36611,2024-06-14,Mauvais choix,23.8
2084,36657,2024-06-22,Changement d'avis,86.9
2085,36662,2024-06-21,Changement d'avis,28.9
2086,36671,2024-06-10,Défaut,123.8
2087,36692,2024-06-18,Défaut,305.8
2088,36696,2024-06-22,Livraison tardive,7.8
2089,36706,2024-06-22,Mauvais choix,48.9
2090,36709,2024-06-11,Mauvais choix,37.9
2091,36753,2024-06-21,Mauvais choix,37.81
2092,36757,2024-06-13,Mauvais choix,152.9
2093,36773,2024-06-20,Défaut,2.9
2094,36795,2024-06-14,Autre,61.66
2095,36798,2024-06-24,Autre,21.9
2096,36806,2024-06-11,Autre,27.9
2097,36839,2024-06-10,Mauvais choix,72.01
2098,36850,2024-06-16,Mauvais choix,10.9
2099,36857,2024-06-25,Mauvais choix,38.9
2100,36858,2024-06-21,Changement d'avis,62.9
2101,36859,2024-06-26,Mauvais choix,29.9
2102,36878,2024-06-22,Mauvais choix,9.9
2103,36879,2024-06-13,Mauvais choix,10.71
2104,36894,2024-06-13,Mauvais choix,21.9
2105,36924,2024-06-16,Changement d'avis,38.9
2106,36948,2024-06-22,Défaut,9.9
2107,36960,2024-06-14,Défaut,173.8
2108,36965,2024-06-27,Défaut,16.9
2109,36970,2024-06-12,Changement d'avis,73.9
2110,36994,2024-06-22,Mauvais choix,21.8
2111,37001,2024-06-14,Défaut,99.8
2112,37027,2024-06-19,Défaut,38.9
2113,37044,2024-06-24,Livraison tardive,14.9
2114,37065,2024-06-27,Autre,66.9
2115,37068,2024-06-21,Autre,18.9
2116,37083,2024-06-19,Mauvais choix,19.9
2117,37090,2024-06-15,Changement d'avis,21.9
2118,37132,2024-06-23,Défaut,25.9
2119,37147,2024-06-22,Défaut,47.4
2120,37167,2024-06-27,Changement d'avis,21.9
2121,37189,2024-07-01,Mauvais choix,101.8
2122,37190,2024-06-30,Changement d'avis,86.9
2123,37202,2024-06-21,Mauvais choix,34.9
2124,37209,2024-06-20,Changement d'avis,35.9
2125,37210,2024-06-22,Mauvais choix,9.9
2126,37212,2024-06-15,Autre,2.9
2127,37224,2024-07-02,Changement d'avis,104.9
2128,37248,2024-07-02,Livraison tardive,9.9
2129,37279,2024-06-17,Défaut,37.9
2130,37286,2024-06-24,Changement d'avis,76.9
2131,37300,2024-07-02,Changement d'avis,42.9
2132,37313,2024-06-28,Défaut,104.9
2133,37391,2024-06-24,Mauvais choix,152.9
2134,37401,2024-07-04,Mauvais choix,152.9
2135,37410,2024-06-19,Livraison tardive,42.9
2136,37414,2024-06-21,Livraison tardive,126.9
2137,37420,2024-07-05,Mauvais choix,27.9
2138,37431,2024-06-27,Défaut,11.9
2139,37446,2024-06-21,Défaut,21.9
2140,37466,2024-07-05,Mauvais choix,76.9
2141,37499,2024-07-03,Changement d'avis,10.9
2142,37528,2024-06-29,Mauvais choix,11.9
2143,37543,2024-06-23,Changement d'avis,71.9
2144,37558,2024-06-21,Mauvais choix,39.8
2145,37565,2024-06-29,Défaut,23.9
2146,37582,2024-06-20,Mauvais choix,71.9
2147,37588,2024-06-22,Défaut,73.9
2148,37620,2024-06-21,Changement d'avis,42.9
2149,37636,2024-06-25,Mauvais choix,86.9
2150,37642,2024-07-03,Défaut,38.9
2151,37654,2024-07-04,Mauvais choix,16.9
2152,37678,2024-07-08,Défaut,49.9
2153,37710,2024-06-22,Changement d'avis,20.9
2154,37737,2024-07-09,Mauvais choix,99.8
2155,37768,2024-06-22,Changement d'avis,66.9
2156,37773,2024-06-30,Changement d'avis,14.16
2157,37800,2024-07-07,Mauvais choix,3.9
2158,37807,2024-07-09,Livraison tardive,23.9
2159,37833,2024-06-25,Défaut,9.4
2160,37836,2024-06-29,Mauvais choix,50.9
2161,37854,2024-07-06,Autre,35.9
2162,37856,2024-07-03,Défaut,153.8
2163,37894,2024-07-02,Défaut,73.9
2164,37907,2024-06-26,Livraison tardive,64.9
2165,37912,2024-06-27,Changement d'avis,38.9
2166,37936,2024-06-30,Défaut,19.9
2167,37938,2024-07-04,Mauvais choix,34.9
2168,38011,2024-07-04,Changement d'avis,28.9
2169,38028,2024-07-02,Changement d'avis,2.9
2170,38050,2024-07-04,Changement d'avis,73.9
2171,38084,2024-06-30,Mauvais choix,23.8
2172,38102,2024-07-04,Mauvais choix,3.12
2173,38109,2024-06-28,Mauvais choix,23.12
2174,38119,2024-07-09,Changement d'avis,12.9
2175,38123,2024-07-08,Mauvais choix,42.9
2176,38125,2024-06-29,Livraison tardive,28.9
2177,38140,2024-07-09,Changement d'avis,17.52
2178,38154,2024-07-03,Défaut,39.92
2179,38175,2024-07-09,Changement d'avis,51.12
2180,38212,2024-07-02,Changement d'avis,2.32
2181,38242,2024-07-16,Changement d'avis,13.52
2182,38251,2024-07-05,Autre,31.12
2183,38282,2024-07-15,Changement d'avis,50.9
2184,38292,2024-07-06,Mauvais choix,53.52
2185,38340,2024-07-07,Défaut,2.9
2186,38366,2024-07-11,Mauvais choix,19.9
2187,38378,2024-07-08,Livraison tardive,2.9
2188,38384,2024-07-06,Changement d'avis,43.8
2189,38385,2024-07-02,Autre,36.9
2190,38388,2024-07-16,Changement d'avis,94.32
2191,38402,2024-07-06,Livraison tardive,28.9
2192,38403,2024-07-18,Défaut,33.9
2193,38445,2024-07-07,Livraison tardive,45.52
2194,38463,2024-07-15,Changement d'avis,7.12
2195,38466,2024-07-05,Changement d'avis,59.92
2196,38472,2024-07-05,Changement d'avis,50.9
2197,38478,2024-07-02,Changement d'avis,60.64
2198,38490,2024-07-19,Livraison tardive,60.64
2199,38496,2024-07-14,Mauvais choix,39.92
2200,38516,2024-07-03,Changement d'avis,15.9
2201,38525,2024-07-11,Mauvais choix,23.12
2202,38533,2024-07-14,Mauvais choix,7.12
2203,38545,2024-07-18,Mauvais choix,38.9
2204,38563,2024-07-05,Livraison tardive,29.9
2205,38568,2024-07-11,Livraison tardive,2.9
2206,38592,2024-07-14,Mauvais choix,110.7
2207,38600,2024-07-06,Changement d'avis,9.9
2208,38659,2024-07-17,Mauvais choix,40.72
2209,38668,2024-07-16,Changement d'avis,19.12
2210,38692,2024-07-17,Changement d'avis,3.9
2211,38698,2024-07-03,Mauvais choix,21.9
2212,38702,2024-07-16,Changement d'avis,37.9
2213,38723,2024-07-11,Livraison tardive,65.7
2214,38791,2024-07-10,Mauvais choix,44.9
2215,38799,2024-07-19,Mauvais choix,8.72
2216,38846,2024-07-23,Changement d'avis,34.32
2217,38850,2024-07-18,Changement d'avis,8.72
2218,38874,2024-07-23,Mauvais choix,31.12
2219,38902,2024-07-17,Mauvais choix,42.9
2220,38910,2024-07-23,Mauvais choix,94.32
2221,38920,2024-07-12,Changement d'avis,76.9
2222,38921,2024-07-13,Mauvais choix,42.9
2223,38931,2024-07-14,Défaut,20.9
2224,38933,2024-07-19,Livraison tardive,31.9
2225,38951,2024-07-24,Mauvais choix,17.52
2226,38954,2024-07-08,Livraison tardive,26.32
2227,38990,2024-07-16,Changement d'avis,23.92
2228,38993,2024-07-22,Mauvais choix,31.8
2229,38997,2024-07-20,Changement d'avis,30.32
2230,39035,2024-07-21,Mauvais choix,152.9
2231,39082,2024-07-25,Mauvais choix,20.9
2232,39087,2024-07-09,Autre,107.8
2233,39103,2024-07-12,Mauvais choix,79.84
2234,39118,2024-07-24,Changement d'avis,15.9
2235,39127,2024-07-22,Livraison tardive,188.64
2236,39132,2024-07-25,Mauvais choix,35.8
2237,39146,2024-07-15,Mauvais choix,37.9
2238,39147,2024-07-23,Changement d'avis,10.9
2239,39148,2024-07-25,Mauvais choix,9.52
2240,39157,2024-07-24,Défaut,35.92
2241,39173,2024-07-13,Mauvais choix,15.9
2242,39175,2024-07-22,Changement d'avis,19.9
2243,39189,2024-07-10,Mauvais choix,86.24
2244,39207,2024-07-16,Défaut,39.92
2245,39226,2024-07-15,Livraison tardive,18.9
2246,39261,2024-07-17,Autre,29.9
2247,39269,2024-07-17,Changement d'avis,51.04
2248,39289,2024-07-26,Défaut,33.8
2249,39315,2024-07-19,Changement d'avis,7.8
2250,39334,2024-07-23,Défaut,5.52
2251,39380,2024-07-24,Mauvais choix,9.9
2252,39411,2024-07-16,Mauvais choix,23.8
2253,39416,2024-07-24,Défaut,15.9
2254,39450,2024-07-17,Changement d'avis,30.24
2255,39472,2024-07-17,Changement d'avis,41.8
2256,39481,2024-08-09,Autre,19.9
2257,39486,2024-07-15,Livraison tardive,61.9
2258,39498,2024-07-30,Mauvais choix,6.32
2259,39529,2024-07-28,Défaut,18.9
2260,39531,2024-07-19,Changement d'avis,28.9
2261,39537,2024-07-18,Défaut,17.52
2262,39545,2024-07-16,Autre,34.32
2263,39549,2024-07-29,Livraison tardive,53.52
2264,39564,2024-07-27,Changement d'avis,69.52
2265,39580,2024-07-22,Autre,94.32
2266,39583,2024-08-02,Mauvais choix,208.56
2267,39652,2024-08-01,Mauvais choix,76.9
2268,39657,2024-07-20,Livraison tardive,22.32
2269,39660,2024-07-21,Livraison tardive,20.72
2270,39664,2024-07-26,Mauvais choix,59.12
2271,39691,2024-07-20,Défaut,10.36
2272,39703,2024-08-03,Mauvais choix,73.9
2273,39722,2024-07-22,Changement d'avis,29.9
2274,39738,2024-08-02,Livraison tardive,131.7
2275,39740,2024-07-30,Défaut,57.9
2276,39745,2024-07-28,Changement d'avis,76.9
2277,39753,2024-08-01,Défaut,13.9
2278,39776,2024-07-21,Mauvais choix,15.9
2279,39779,2024-08-04,Livraison tardive,2.9
2280,39780,2024-08-04,Mauvais choix,9.9
2281,39812,2024-07-20,Mauvais choix,120.56
2282,39823,2024-07-25,Défaut,12.9
2283,39827,2024-07-22,Défaut,32.9
2284,39851,2024-07-29,Mauvais choix,14.16
2285,39863,2024-08-01,Changement d'avis,50.9
2286,39887,2024-08-01,Changement d'avis,23.9
2287,39895,2024-07-29,Mauvais choix,20.9
2288,39918,2024-08-02,Défaut,10.9
2289,39927,2024-07-25,Changement d'avis,34.9
2290,39962,2024-07-30,Autre,48.9
2291,39989,2024-07-27,Changement d'avis,20.9
2292,40005,2024-08-02,Autre,45.41
2293,40006,2024-08-04,Changement d'avis,33.9
2294,40013,2024-07-24,Défaut,3.9
2295,40050,2024-08-04,Défaut,203.6
2296,40058,2024-08-01,Changement d'avis,11.9
2297,40060,2024-07-29,Changement d'avis,18.9
2298,40068,2024-07-30,Mauvais choix,20.9
2299,40078,2024-07-27,Changement d'avis,30.3
2300,40101,2024-08-03,Défaut,39.8
2301,40110,2024-08-01,Défaut,16.9
2302,40126,2024-08-05,Changement d'avis,49.9
2303,40127,2024-07-26,Autre,64.9
2304,40132,2024-08-11,Livraison tardive,47.8
2305,40151,2024-07-30,Mauvais choix,50.9
2306,40166,2024-08-01,Changement d'avis,21.9
2307,40198,2024-08-02,Livraison tardive,152.9
2308,40203,2024-08-02,Livraison tardive,10.9
2309,40205,2024-07-31,Changement d'avis,71.8
2310,40208,2024-08-11,Défaut,64.9
2311,40216,2024-08-09,Mauvais choix,10.9
2312,40246,2024-07-28,Défaut,42.9
2313,40254,2024-08-01,Mauvais choix,58.8
2314,40306,2024-08-11,Mauvais choix,22.61
2315,40307,2024-08-11,Mauvais choix,152.9
2316,40318,2024-08-12,Mauvais choix,117.9
2317,40326,2024-07-29,Défaut,42.9
2318,40329,2024-08-03,Changement d'avis,9.4
2319,40331,2024-07-29,Changement d'avis,19.85
2320,40379,2024-08-15,Mauvais choix,86.9
2321,40397,2024-08-11,Mauvais choix,17.9
2322,40453,2024-08-03,Changement d'avis,75.8
2323,40475,2024-08-13,Autre,66.9
2324,40478,2024-08-04,Mauvais choix,40.75
2325,40515,2024-07-31,Défaut,71.9
2326,40519,2024-08-05,Livraison tardive,27.9
2327,40520,2024-08-06,Autre,21.9
2328,40544,2024-08-11,Mauvais choix,9.9
2329,40545,2024-08-14,Mauvais choix,11.9
2330,40547,2024-08-06,Changement d'avis,15.9
2331,40565,2024-08-03,Livraison tardive,27.9
2332,40585,2024-08-12,Mauvais choix,2.9
2333,40592,2024-08-12,Mauvais choix,37.9
2334,40602,2024-08-09,Défaut,73.06
2335,40613,2024-08-19,Changement d'avis,50.9
2336,40619,2024-08-17,Défaut,9.9
2337,40624,2024-08-19,Mauvais choix,10.9
2338,40656,2024-08-06,Mauvais choix,117.9
2339,40698,2024-08-16,Défaut,23.9
2340,40722,2024-08-21,Livraison tardive,21.9
2341,40734,2024-08-11,Autre,50.9
2342,40739,2024-08-10,Livraison tardive,50.9
2343,40748,2024-08-13,Défaut,23.9
2344,40759,2024-08-07,Livraison tardive,15.9
2345,40781,2024-08-08,Changement d'avis,16.9
2346,40798,2024-08-22,Mauvais choix,9.9
2347,40800,2024-08-06,Changement d'avis,109.8
2348,40803,2024-08-13,Changement d'avis,126.9
2349,40860,2024-08-15,Changement d'avis,33.8
2350,40900,2024-08-08,Changement d'avis,42.9
2351,40901,2024-08-17,Mauvais choix,117.9
2352,40950,2024-08-21,Changement d'avis,90.9
2353,40965,2024-08-24,Changement d'avis,18.9
2354,40971,2024-08-23,Changement d'avis,42.9
2355,40973,2024-08-09,Défaut,152.9
2356,41027,2024-08-17,Défaut,12.9
2357,41061,2024-08-12,Défaut,21.9
2358,41079,2024-08-20,Livraison tardive,20.9
2359,41080,2024-08-18,Défaut,42.9
2360,41120,2024-08-24,Mauvais choix,25.9
2361,41158,2024-08-13,Changement d'avis,39.9
2362,41174,2024-08-24,Défaut,235.8
2363,41179,2024-08-20,Défaut,39.8
2364,41211,2024-08-29,Mauvais choix,27.46
2365,41217,2024-08-19,Mauvais choix,12.9
2366,41273,2024-08-25,Changement d'avis,9.9
2367,41274,2024-08-23,Défaut,104.9
2368,41283,2024-08-25,Défaut,49.9
2369,41298,2024-08-22,Changement d'avis,90.9
2370,41311,2024-08-27,Mauvais choix,90.9
2371,41323,2024-08-25,Défaut,8.9
2372,41404,2024-08-25,Changement d'avis,62.9
2373,41426,2024-08-18,Changement d'avis,19.9
2374,41435,2024-08-19,Changement d'avis,23.9
2375,41440,2024-08-23,Mauvais choix,19.85
2376,41465,2024-08-24,Changement d'avis,19.9
2377,41478,2024-09-03,Défaut,8.7
2378,41487,2024-09-04,Changement d'avis,3.9
2379,41536,2024-08-31,Mauvais choix,42.9
2380,41569,2024-09-06,Changement d'avis,28.9
2381,41595,2024-08-25,Mauvais choix,17.9
2382,41652,2024-09-03,Livraison tardive,67.8
2383,41653,2024-09-03,Mauvais choix,14.7
2384,41679,2024-09-06,Défaut,30.3
2385,41697,2024-08-24,Défaut,64.9
2386,41701,2024-08-27,Changement d'avis,12.9
2387,41714,2024-09-01,Changement d'avis,15.9
2388,41723,2024-08-28,Défaut,224.7
2389,41764,2024-08-26,Mauvais choix,8.9
2390,41789,2024-09-06,Mauvais choix,15.9
2391,41791,2024-09-06,Changement d'avis,20.9
2392,41796,2024-09-02,Changement d'avis,39.9
2393,41806,2024-09-09,Mauvais choix,15.9
2394,41821,2024-08-28,Changement d'avis,90.9
2395,41861,2024-09-06,Défaut,49.9
2396,41898,2024-09-07,Mauvais choix,28.4
2397,41905,2024-08-31,Mauvais choix,11.9
2398,41914,2024-09-10,Changement d'avis,12.9
2399,41919,2024-09-07,Défaut,36.9
2400,41931,2024-08-30,Mauvais choix,31.9
2401,41942,2024-09-05,Changement d'avis,21.9
2402,41977,2024-09-06,Changement d'avis,235.8
2403,41983,2024-09-02,Changement d'avis,7.9
2404,42024,2024-09-03,Mauvais choix,21.9
2405,42026,2024-09-01,Défaut,15.9
2406,42028,2024-08-31,Changement d'avis,42.9
2407,42032,2024-08-30,Autre,97.8
2408,42033,2024-09-08,Changement d'avis,16.9
2409,42057,2024-08-30,Mauvais choix,152.9
2410,42059,2024-09-14,Changement d'avis,17.8
2411,42097,2024-09-05,Mauvais choix,16.9
2412,42100,2024-08-30,Mauvais choix,28.9
2413,42147,2024-09-06,Livraison tardive,230.7
2414,42149,2024-09-02,Livraison tardive,64.71
2415,42162,2024-09-03,Défaut,21.9
2416,42163,2024-09-08,Mauvais choix,10.9
2417,42175,2024-09-08,Mauvais choix,50.9
2418,42186,2024-09-01,Mauvais choix,9.9
2419,42190,2024-09-04,Mauvais choix,48.9
2420,42229,2024-09-15,Changement d'avis,28.9
2421,42251,2024-09-12,Mauvais choix,21.9
2422,42253,2024-09-04,Défaut,76.9
2423,42254,2024-09-19,Changement d'avis,23.9
2424,42257,2024-09-05,Mauvais choix,56.9
2425,42265,2024-09-05,Défaut,10.9
2426,42267,2024-09-16,Mauvais choix,6.9
2427,42282,2024-09-02,Mauvais choix,16.9
2428,42286,2024-09-17,Livraison tardive,73.9
2429,42305,2024-09-05,Livraison tardive,20.9
2430,42339,2024-09-10,Mauvais choix,117.9
2431,42366,2024-09-17,Défaut,2.9
2432,42375,2024-09-19,Changement d'avis,9.9
2433,42383,2024-09-15,Changement d'avis,77.8
2434,42385,2024-09-14,Livraison tardive,42.9
2435,42390,2024-09-16,Livraison tardive,90.9
2436,42392,2024-09-03,Défaut,25.9
2437,42396,2024-09-12,Livraison tardive,76.9
2438,42411,2024-09-14,Livraison tardive,75.8
2439,42416,2024-09-12,Mauvais choix,44.9
2440,42430,2024-09-15,Mauvais choix,55.8
2441,42442,2024-09-09,Autre,105.9
2442,42456,2024-09-17,Autre,126.9
2443,42465,2024-09-05,Changement d'avis,152.9
2444,42473,2024-09-19,Défaut,5.8
2445,42516,2024-09-07,Changement d'avis,20.8
2446,42591,2024-09-20,Mauvais choix,21.9
2447,42606,2024-09-24,Autre,16.9
2448,42629,2024-09-18,Changement d'avis,19.9
2449,42648,2024-09-10,Mauvais choix,152.9
2450,42649,2024-09-13,Mauvais choix,76.9
2451,42672,2024-09-17,Changement d'avis,29.9
2452,42708,2024-09-08,Changement d'avis,247.6
2453,42710,2024-09-17,Changement d'avis,20.9
2454,42712,2024-09-23,Autre,104.9
2455,42717,2024-09-10,Défaut,19.9
2456,42757,2024-09-20,Changement d'avis,28.9
2457,42760,2024-09-22,Défaut,105.9
2458,42767,2024-09-19,Défaut,76.9
2459,42783,2024-09-19,Mauvais choix,15.9
2460,42784,2024-09-14,Défaut,8.9
2461,42822,2024-09-24,Changement d'avis,68.9
2462,42840,2024-09-27,Mauvais choix,12.9
2463,42864,2024-09-12,Mauvais choix,75.8
2464,42885,2024-09-17,Mauvais choix,7.9
2465,42899,2024-09-15,Livraison tardive,28.9
2466,42925,2024-09-25,Mauvais choix,7.5
2467,42926,2024-09-25,Mauvais choix,35.06
2468,42933,2024-09-25,Défaut,95.6
2469,42941,2024-09-11,Mauvais choix,15.9
2470,42967,2024-09-24,Changement d'avis,42.9
2471,42979,2024-09-12,Mauvais choix,175.6
2472,42991,2024-09-28,Mauvais choix,2.9
2473,43002,2024-09-16,Changement d'avis,43.8
2474,43025,2024-09-27,Changement d'avis,4.66
2475,43050,2024-09-16,Défaut,9.9
2476,43054,2024-09-28,Changement d'avis,15.9
2477,43066,2024-09-27,Mauvais choix,101.8
2478,43071,2024-09-18,Changement d'avis,8.9
2479,43085,2024-10-01,Défaut,112.0
2480,43102,2024-09-14,Défaut,28.9
2481,43122,2024-09-19,Défaut,11.9
2482,43123,2024-10-01,Changement d'avis,63.56
2483,43185,2024-09-30,Défaut,11.9
2484,43210,2024-09-17,Mauvais choix,62.9
2485,43240,2024-09-21,Mauvais choix,18.9
2486,43270,2024-09-28,Défaut,28.9
2487,43293,2024-09-18,Mauvais choix,18.9
2488,43295,2024-09-21,Changement d'avis,17.9
2489,43305,2024-09-20,Livraison tardive,48.9
2490,43315,2024-09-22,Mauvais choix,76.9
2491,43320,2024-09-17,Changement d'avis,49.9
2492,43329,2024-10-04,Mauvais choix,19.8
2493,43351,2024-09-26,Mauvais choix,15.9
2494,43357,2024-09-17,Mauvais choix,3.9
2495,43390,2024-09-22,Autre,20.9
2496,43414,2024-09-23,Défaut,21.9
2497,43430,2024-09-18,Livraison tardive,20.9
2498,43457,2024-09-26,Mauvais choix,10.9
2499,43490,2024-09-22,Défaut,32.9
2500,43534,2024-09-21,Changement d'avis,43.9
2501,43592,2024-09-25,Mauvais choix,42.9
2502,43641,2024-10-02,Autre,23.9
2503,43648,2024-10-07,Changement d'avis,21.9
2504,43651,2024-09-24,Mauvais choix,2.9
2505,43652,2024-09-24,Mauvais choix,36.9
2506,43654,2024-09-20,Autre,34.9
2507,43667,2024-09-29,Mauvais choix,19.9
2508,43671,2024-10-03,Changement d'avis,43.8
2509,43703,2024-09-25,Mauvais choix,49.9
2510,43729,2024-10-03,Défaut,64.9
2511,43757,2024-09-29,Défaut,112.0
2512,43765,2024-10-04,Autre,66.9
2513,43796,2024-09-26,Changement d'avis,43.9
2514,43801,2024-09-26,Changement d'avis,74.9
2515,43811,2024-09-26,Mauvais choix,29.9
2516,43814,2024-10-05,Changement d'avis,23.7
2517,43863,2024-10-09,Mauvais choix,10.9
2518,43876,2024-10-08,Changement d'avis,37.9
2519,43883,2024-10-04,Défaut,38.9
2520,43886,2024-10-09,Défaut,96.9
2521,43926,2024-10-05,Livraison tardive,12.26
2522,43928,2024-10-07,Changement d'avis,18.9
2523,43960,2024-10-08,Défaut,10.9
2524,43961,2024-09-28,Livraison tardive,76.9
2525,43970,2024-10-08,Changement d'avis,125.8
2526,43972,2024-10-02,Mauvais choix,39.8
2527,43973,2024-10-02,Mauvais choix,63.8
2528,43976,2024-10-09,Autre,21.9
2529,44011,2024-09-24,Autre,76.9
2530,44026,2024-10-03,Livraison tardive,73.9
2531,44044,2024-09-27,Changement d'avis,25.9
2532,44050,2024-10-10,Changement d'avis,25.9
2533,44065,2024-09-25,Changement d'avis,34.9
2534,44068,2024-10-05,Mauvais choix,68.9
2535,44090,2024-09-25,Livraison tardive,152.9
2536,44126,2024-09-30,Défaut,28.9
2537,44135,2024-09-29,Changement d'avis,117.9
2538,44141,2024-10-05,Défaut,17.91
2539,44148,2024-10-08,Mauvais choix,21.9
2540,44149,2024-09-26,Défaut,3.9
2541,44200,2024-10-03,Mauvais choix,112.0
2542,44220,2024-10-08,Autre,50.9
2543,44230,2024-10-14,Mauvais choix,54.9
2544,44236,2024-10-04,Défaut,49.9
2545,44306,2024-10-16,Changement d'avis,11.3
2546,44311,2024-10-05,Livraison tardive,42.9
2547,44321,2024-10-11,Mauvais choix,153.8
2548,44337,2024-10-11,Changement d'avis,153.8
2549,44350,2024-10-05,Mauvais choix,26.5
2550,44379,2024-10-06,Défaut,12.9
2551,44381,2024-10-10,Défaut,26.7
2552,44385,2024-10-10,Autre,2.9
2553,44387,2024-10-16,Livraison tardive,7.9
2554,44457,2024-10-01,Livraison tardive,37.9
2555,44458,2024-10-06,Mauvais choix,96.9
2556,44459,2024-10-07,Défaut,18.9
2557,44465,2024-10-01,Changement d'avis,12.9
2558,44486,2024-10-15,Mauvais choix,38.9
2559,44506,2024-10-01,Autre,38.9
2560,44507,2024-10-05,Mauvais choix,25.9
2561,44514,2024-10-18,Changement d'avis,27.9
2562,44570,2024-10-14,Défaut,86.9
2563,44575,2024-10-17,Défaut,32.9
2564,44583,2024-10-19,Changement d'avis,2.9
2565,44595,2024-10-17,Changement d'avis,18.9
2566,44604,2024-10-05,Mauvais choix,3.9
2567,44657,2024-10-10,Mauvais choix,21.8
2568,44663,2024-10-15,Défaut,8.9
2569,44666,2024-10-19,Autre,8.9
2570,44684,2024-10-14,Autre,71.8
2571,44703,2024-10-18,Changement d'avis,38.9
2572,44709,2024-10-18,Mauvais choix,31.9
2573,44728,2024-10-05,Changement d'avis,28.9
2574,44737,2024-10-15,Mauvais choix,35.8
2575,44745,2024-10-11,Défaut,21.9
2576,44746,2024-10-15,Défaut,117.9
2577,44757,2024-10-11,Changement d'avis,66.9
2578,44758,2024-10-17,Défaut,9.9
2579,44759,2024-10-08,Mauvais choix,32.9
2580,44778,2024-10-06,Changement d'avis,44.9
2581,44807,2024-10-18,Défaut,70.9
2582,44824,2024-10-17,Changement d'avis,23.9
2583,44834,2024-10-18,Changement d'avis,11.9
2584,44839,2024-10-16,Changement d'avis,35.9
2585,44843,2024-10-06,Mauvais choix,2.76
2586,44859,2024-10-17,Changement d'avis,117.9
2587,44879,2024-10-17,Mauvais choix,6.9
2588,44912,2024-10-16,Défaut,23.9
2589,44917,2024-10-17,Mauvais choix,19.9
2590,44942,2024-10-08,Changement d'avis,28.9
2591,44949,2024-10-13,Changement d'avis,10.9
2592,44961,2024-10-19,Mauvais choix,314.7
2593,44962,2024-10-12,Mauvais choix,50.9
2594,44973,2024-10-13,Mauvais choix,86.7
2595,44985,2024-10-13,Changement d'avis,62.9
2596,45002,2024-10-09,Autre,18.9
2597,45004,2024-10-15,Changement d'avis,20.9
2598,45007,2024-10-10,Changement d'avis,23.9
2599,45087,2024-10-14,Changement d'avis,15.9
2600,45131,2024-10-25,Mauvais choix,73.9
2601,45140,2024-10-20,Mauvais choix,28.9
2602,45177,2024-10-22,Défaut,19.9
2603,45180,2024-10-12,Changement d'avis,38.9
2604,45185,2024-10-25,Autre,11.9
2605,45197,2024-10-12,Autre,9.9
2606,45205,2024-10-16,Mauvais choix,23.9
2607,45239,2024-10-19,Changement d'avis,73.06
2608,45275,2024-10-19,Livraison tardive,37.9
2609,45281,2024-10-12,Mauvais choix,76.9
2610,45286,2024-10-21,Mauvais choix,90.9
2611,45308,2024-10-18,Mauvais choix,12.9
2612,45319,2024-10-19,Défaut,29.9
2613,45367,2024-10-24,Changement d'avis,32.9
2614,45384,2024-10-20,Défaut,9.9
2615,45388,2024-10-14,Défaut,21.9
2616,45397,2024-10-25,Défaut,19.85
2617,45400,2024-10-19,Autre,29.9
2618,45408,2024-10-21,Livraison tardive,20.9
2619,45411,2024-10-13,Changement d'avis,18.9
2620,45412,2024-10-19,Changement d'avis,40.75
2621,45424,2024-10-22,Livraison tardive,42.9
2622,45438,2024-10-21,Changement d'avis,5.8
2623,45446,2024-10-20,Défaut,11.9
2624,45481,2024-10-19,Changement d'avis,74.9
2625,45500,2024-10-17,Changement d'avis,251.6
2626,45513,2024-10-27,Mauvais choix,12.9
2627,45514,2024-10-16,Mauvais choix,49.9
2628,45518,2024-10-20,Défaut,11.9
2629,45544,2024-10-18,Défaut,50.9
2630,45593,2024-10-24,Livraison tardive,16.9
2631,45597,2024-10-15,Défaut,117.9
2632,45610,2024-10-25,Changement d'avis,20.7
2633,45670,2024-10-22,Changement d'avis,152.7
2634,45734,2024-10-27,Mauvais choix,5.51
2635,45735,2024-10-23,Livraison tardive,126.9
2636,45772,2024-10-31,Défaut,50.9
2637,45779,2024-10-19,Changement d'avis,50.9
2638,45842,2024-10-23,Livraison tardive,66.9
2639,45844,2024-11-01,Changement d'avis,10.71
2640,45863,2024-10-30,Mauvais choix,117.9
2641,45921,2024-10-29,Changement d'avis,38.9
2642,45984,2024-10-24,Mauvais choix,20.9
2643,45995,2024-10-27,Mauvais choix,21.9
2644,45996,2024-11-01,Mauvais choix,28.9
2645,46011,2024-11-06,Changement d'avis,66.9
2646,46012,2024-10-27,Mauvais choix,28.9
2647,46030,2024-10-22,Changement d'avis,37.9
2648,46115,2024-11-06,Défaut,42.9
2649,46116,2024-10-23,Défaut,11.9
2650,46128,2024-11-05,Livraison tardive,126.9
2651,46170,2024-11-08,Livraison tardive,53.9
2652,46172,2024-11-04,Mauvais choix,29.9
2653,46181,2024-11-03,Livraison tardive,73.06
2654,46187,2024-11-02,Défaut,18.9
2655,46203,2024-10-29,Mauvais choix,12.9
2656,46215,2024-11-06,Changement d'avis,12.9
2657,46227,2024-11-01,Mauvais choix,38.9
2658,46241,2024-10-23,Livraison tardive,27.46
2659,46242,2024-10-31,Changement d'avis,12.26
2660,46261,2024-10-29,Autre,28.9
2661,46289,2024-11-08,Mauvais choix,9.81
2662,46310,2024-10-25,Défaut,230.7
2663,46312,2024-10-26,Défaut,25.9
2664,46331,2024-10-27,Livraison tardive,54.91
2665,46334,2024-11-01,Changement d'avis,11.9
2666,46337,2024-11-07,Défaut,57.9
2667,46362,2024-10-28,Défaut,16.9
2668,46363,2024-11-02,Livraison tardive,74.9
2669,46364,2024-11-04,Livraison tardive,63.9
2670,46379,2024-11-10,Changement d'avis,11.9
2671,46418,2024-10-27,Mauvais choix,64.9
2672,46430,2024-10-30,Changement d'avis,70.9
2673,46442,2024-11-04,Défaut,129.8
2674,46444,2024-11-08,Changement d'avis,7.9
2675,46449,2024-11-10,Changement d'avis,16.9
2676,46450,2024-11-02,Mauvais choix,126.9
2677,46454,2024-10-29,Autre,20.9
2678,46463,2024-10-27,Livraison tardive,57.9
2679,46473,2024-11-06,Livraison tardive,23.8
2680,46477,2024-11-10,Changement d'avis,71.9
2681,46484,2024-10-29,Mauvais choix,51.2
2682,46526,2024-10-29,Mauvais choix,64.9
2683,46532,2024-11-01,Mauvais choix,44.9
2684,46543,2024-11-02,Mauvais choix,127.8
2685,46552,2024-11-04,Défaut,19.9
2686,46585,2024-11-13,Livraison tardive,53.9
2687,46631,2024-11-02,Changement d'avis,34.9
2688,46656,2024-11-10,Défaut,57.9
2689,46658,2024-11-12,Mauvais choix,19.9
2690,46675,2024-11-03,Défaut,85.8
2691,46678,2024-10-30,Mauvais choix,31.9
2692,46754,2024-11-15,Défaut,27.46
2693,46758,2024-11-03,Défaut,33.9
2694,46774,2024-11-04,Mauvais choix,2.76
2695,46795,2024-11-11,Changement d'avis,76.9
2696,46811,2024-11-12,Mauvais choix,16.9
2697,46816,2024-11-08,Changement d'avis,44.9
2698,46835,2024-11-13,Mauvais choix,28.9
2699,46854,2024-11-02,Défaut,15.9
2700,46860,2024-11-17,Changement d'avis,71.9
2701,46867,2024-11-05,Mauvais choix,20.9
2702,46875,2024-11-13,Changement d'avis,253.8
2703,46894,2024-11-02,Mauvais choix,68.9
2704,46927,2024-11-19,Livraison tardive,49.9
2705,46959,2024-11-10,Livraison tardive,104.9
2706,46975,2024-11-03,Changement d'avis,42.9
2707,46976,2024-11-14,Livraison tardive,19.9
2708,46990,2024-11-09,Mauvais choix,23.9
2709,47000,2024-11-11,Changement d'avis,7.9
2710,47004,2024-11-14,Changement d'avis,4.9
2711,47007,2024-11-17,Changement d'avis,2.76
2712,47017,2024-11-08,Défaut,66.9
2713,47023,2024-11-18,Changement d'avis,38.9
2714,47028,2024-11-21,Changement d'avis,71.9
2715,47053,2024-11-20,Mauvais choix,37.9
2716,47054,2024-11-11,Défaut,14.9
2717,47079,2024-11-20,Mauvais choix,16.9
2718,47083,2024-11-07,Changement d'avis,77.7
2719,47091,2024-11-05,Défaut,104.9
2720,47116,2024-11-05,Changement d'avis,9.9
2721,47172,2024-11-14,Défaut,13.8
2722,47190,2024-12-05,Autre,23.31
2723,47191,2024-12-06,Défaut,44.01
2724,47192,2024-11-28,Mauvais choix,60.84
2725,47208,2024-11-08,Mauvais choix,61.8
2726,47217,2024-11-05,Mauvais choix,61.66
2727,47222,2024-11-11,Livraison tardive,50.9
2728,47261,2024-11-09,Changement d'avis,28.9
2729,47265,2024-11-05,Mauvais choix,59.7
2730,47275,2024-11-22,Mauvais choix,16.9
2731,47280,2024-11-23,Changement d'avis,33.9
2732,47318,2024-11-21,Mauvais choix,38.9
2733,47327,2024-11-15,Changement d'avis,62.9
2734,47330,2024-11-10,Défaut,34.9
2735,47382,2024-11-10,Mauvais choix,34.9
2736,47395,2024-11-19,Mauvais choix,29.9
2737,47403,2024-11-19,Mauvais choix,56.9
2738,47416,2024-11-12,Défaut,126.9
2739,47434,2024-11-13,Changement d'avis,33.9
2740,47449,2024-11-11,Mauvais choix,49.9
2741,47465,2024-11-15,Mauvais choix,19.9
2742,47507,2024-11-12,Autre,19.9
2743,47522,2024-11-15,Livraison tardive,10.9
2744,47539,2024-11-20,Mauvais choix,19.9
2745,47544,2024-11-12,Mauvais choix,21.9
2746,47550,2024-11-24,Changement d'avis,117.9
2747,47559,2024-11-12,Mauvais choix,16.9
2748,47592,2024-11-15,Mauvais choix,57.8
2749,47615,2024-11-23,Défaut,9.9
2750,47634,2024-11-21,Livraison tardive,33.9
2751,47645,2024-11-10,Mauvais choix,27.8
2752,47664,2024-11-20,Défaut,27.9
2753,47665,2024-11-16,Livraison tardive,4.9
2754,47672,2024-11-13,Mauvais choix,12.9
2755,47679,2024-11-19,Mauvais choix,2.9
2756,47680,2024-11-18,Changement d'avis,23.9
2757,47683,2024-11-27,Changement d'avis,33.9
2758,47712,2024-11-26,Changement d'avis,28.9
2759,47718,2024-11-21,Autre,7.8
2760,47734,2024-11-15,Changement d'avis,15.9
2761,47748,2024-11-24,Défaut,36.96
2762,47753,2024-11-24,Défaut,50.9
2763,47779,2024-11-21,Mauvais choix,25.9
2764,47780,2024-11-20,Livraison tardive,19.9
2765,47839,2024-11-28,Mauvais choix,9.9
2766,47843,2024-11-21,Livraison tardive,50.9
2767,47873,2024-11-16,Changement d'avis,195.6
2768,47879,2024-11-14,Mauvais choix,15.9
2769,47885,2024-11-19,Défaut,21.9
2770,47916,2024-11-24,Autre,37.9
2771,47936,2024-11-23,Défaut,32.9
2772,47942,2024-11-25,Mauvais choix,37.9
2773,48021,2024-11-25,Défaut,12.9
2774,48037,2024-11-23,Mauvais choix,77.8
2775,48050,2024-11-29,Mauvais choix,28.9
2776,48054,2024-11-29,Changement d'avis,19.9
2777,48066,2024-11-23,Défaut,49.9
2778,48067,2024-11-19,Changement d'avis,73.9
2779,48068,2024-12-01,Changement d'avis,67.8
2780,48162,2024-11-16,Changement d'avis,20.9
2781,48168,2024-11-18,Changement d'avis,10.9
2782,48169,2024-11-19,Autre,10.9
2783,48183,2024-11-26,Mauvais choix,2.9
2784,48286,2024-11-29,Livraison tardive,35.9
2785,48291,2024-12-03,Livraison tardive,57.8
2786,48313,2024-11-18,Changement d'avis,12.9
2787,48323,2024-12-01,Autre,123.8
2788,48354,2024-12-03,Mauvais choix,19.9
2789,48358,2024-11-24,Mauvais choix,146.7
2790,48367,2024-12-03,Livraison tardive,20.9
2791,48392,2024-11-18,Livraison tardive,3.9
2792,48412,2024-11-26,Mauvais choix,31.8
2793,48415,2024-11-22,Changement d'avis,71.9
2794,48474,2024-11-30,Mauvais choix,28.9
2795,48503,2024-11-27,Changement d'avis,15.9
2796,48549,2024-11-30,Mauvais choix,32.9
2797,48583,2024-12-07,Mauvais choix,32.9
2798,48606,2024-12-05,Mauvais choix,49.9
2799,48625,2024-11-28,Changement d'avis,16.9
2800,48652,2024-11-22,Changement d'avis,21.8
2801,48703,2024-12-02,Mauvais choix,41.8
2802,48716,2024-11-26,Mauvais choix,37.9
2803,48743,2024-12-08,Défaut,152.9
2804,48760,2024-11-26,Changement d'avis,33.8
2805,48800,2024-11-25,Autre,11.9
2806,48817,2024-11-29,Autre,76.9
2807,48834,2024-11-24,Changement d'avis,39.8
2808,48835,2024-11-22,Changement d'avis,8.9
2809,48873,2024-11-27,Livraison tardive,42.9
2810,48877,2024-12-05,Autre,19.9
2811,48886,2024-11-29,Mauvais choix,23.9
2812,48915,2024-12-02,Livraison tardive,7.5
2813,48919,2024-11-24,Changement d'avis,96.9
2814,48974,2024-11-25,Changement d'avis,50.9
2815,48981,2024-12-08,Livraison tardive,62.9
2816,49000,2024-11-28,Mauvais choix,209.8
2817,49034,2024-12-06,Changement d'avis,18.9
2818,49069,2024-12-08,Mauvais choix,28.9
2819,49076,2024-12-11,Changement d'avis,73.9
2820,49086,2024-12-01,Défaut,104.9
2821,49098,2024-11-30,Livraison tardive,2.32
2822,49100,2024-12-07,Mauvais choix,38.9
2823,49131,2024-12-06,Mauvais choix,16.9
2824,49136,2024-12-07,Défaut,81.44
2825,49144,2024-11-27,Défaut,105.9
2826,49157,2024-12-12,Changement d'avis,54.24
2827,49159,2024-11-25,Changement d'avis,17.52
2828,49212,2024-12-01,Défaut,84.72
2829,49233,2024-11-28,Mauvais choix,14.32
2830,49236,2024-12-01,Mauvais choix,104.9
2831,49237,2024-12-09,Défaut,50.9
2832,49238,2024-12-02,Mauvais choix,15.9
2833,49247,2024-12-03,Changement d'avis,13.52
2834,49258,2024-12-05,Changement d'avis,8.72
2835,49290,2024-12-04,Mauvais choix,5.52
2836,49325,2024-12-05,Changement d'avis,12.72
2837,49338,2024-11-28,Livraison tardive,14.9
2838,49359,2024-12-07,Mauvais choix,87.84
2839,49380,2024-12-04,Livraison tardive,25.52
2840,49399,2024-11-27,Autre,83.92
2841,49424,2024-12-04,Livraison tardive,8.72
2842,49450,2024-12-14,Livraison tardive,35.8
2843,49474,2024-11-29,Livraison tardive,27.12
2844,49484,2024-11-30,Mauvais choix,23.8
2845,49486,2024-12-05,Changement d'avis,13.52
2846,49493,2024-11-29,Mauvais choix,13.52
2847,49509,2024-12-02,Changement d'avis,34.32
2848,49524,2024-12-14,Mauvais choix,25.52
2849,49527,2024-12-15,Changement d'avis,15.92
2850,49529,2024-12-14,Défaut,15.84
2851,49547,2024-12-07,Mauvais choix,28.9
2852,49555,2024-12-06,Changement d'avis,40.72
2853,49566,2024-12-04,Changement d'avis,18.9
2854,49613,2024-12-15,Changement d'avis,57.8
2855,49622,2024-12-14,Changement d'avis,23.12
2856,49663,2024-12-09,Changement d'avis,39.92
2857,49694,2024-12-14,Changement d'avis,55.12
2858,49718,2024-12-14,Changement d'avis,17.52
2859,49736,2024-12-17,Défaut,79.84
2860,49754,2024-12-13,Autre,8.7
2861,49782,2024-12-06,Changement d'avis,11.9
2862,49792,2024-12-15,Mauvais choix,56.9
2863,49802,2024-12-16,Changement d'avis,16.9
2864,49817,2024-12-11,Mauvais choix,40.72
2865,49835,2024-12-14,Mauvais choix,13.52
2866,49839,2024-12-05,Mauvais choix,30.32
2867,49848,2024-12-15,Défaut,19.9
2868,49892,2024-12-09,Mauvais choix,27.9
2869,49894,2024-12-14,Changement d'avis,31.8
2870,49923,2024-12-17,Changement d'avis,34.32
2871,49927,2024-12-15,Livraison tardive,69.8
2872,49979,2024-12-10,Changement d'avis,15.92
2873,49989,2024-12-16,Livraison tardive,42.9
2874,50012,2024-12-17,Livraison tardive,15.92
2875,50015,2024-12-03,Changement d'avis,16.72
2876,50026,2024-12-15,Mauvais choix,23.9
2877,50054,2024-12-02,Défaut,2.9
2878,50061,2024-12-16,Livraison tardive,66.9
2879,50075,2024-12-15,Mauvais choix,17.52
2880,50083,2024-12-18,Livraison tardive,38.9
2881,50097,2024-12-07,Défaut,23.92
2882,50098,2024-12-14,Changement d'avis,94.32
2883,50111,2024-12-17,Défaut,27.12
2884,50116,2024-12-04,Autre,23.12
2885,50143,2024-12-15,Mauvais choix,28.72
2886,50234,2024-12-03,Mauvais choix,42.9
2887,50240,2024-12-10,Livraison tardive,2.9
2888,50254,2024-12-09,Changement d'avis,55.8
2889,50257,2024-12-09,Changement d'avis,57.9
2890,50258,2024-12-16,Mauvais choix,57.9
2891,50263,2024-12-21,Défaut,7.8
2892,50275,2024-12-16,Changement d'avis,20.9
2893,50278,2024-12-16,Changement d'avis,21.9
2894,50306,2024-12-18,Livraison tardive,32.9
2895,50309,2024-12-17,Changement d'avis,34.9
2896,50321,2024-12-08,Livraison tardive,57.8
2897,50342,2024-12-12,Livraison tardive,16.9
2898,50349,2024-12-21,Changement d'avis,10.9
2899,50364,2024-12-15,Livraison tardive,32.9
2900,50377,2024-12-22,Mauvais choix,42.9
2901,50394,2024-12-10,Défaut,25.9
2902,50405,2024-12-13,Mauvais choix,43.9
2903,50417,2024-12-20,Changement d'avis,25.9
2904,50418,2024-12-12,Défaut,12.9
2905,50450,2024-12-14,Livraison tardive,15.9
2906,50491,2024-12-22,Mauvais choix,57.8
2907,50518,2024-12-15,Mauvais choix,10.9
2908,50528,2024-12-22,Autre,49.9
2909,50531,2024-12-18,Livraison tardive,63.9
2910,50544,2024-12-15,Livraison tardive,9.4
2911,50556,2024-12-17,Mauvais choix,105.9
2912,50563,2024-12-21,Mauvais choix,3.9
2913,50570,2024-12-19,Changement d'avis,55.9
2914,50585,2024-12-08,Défaut,15.9
2915,50586,2024-12-12,Changement d'avis,23.9
2916,50591,2024-12-10,Mauvais choix,2.9
2917,50603,2024-12-15,Autre,42.9
2918,50622,2024-12-13,Défaut,104.9
2919,50625,2024-12-21,Changement d'avis,28.9
2920,50634,2024-12-17,Livraison tardive,104.9
2921,50650,2024-12-07,Défaut,27.9
2922,50651,2024-12-23,Livraison tardive,68.9
2923,50673,2024-12-09,Livraison tardive,70.9
2924,50677,2024-12-20,Mauvais choix,50.9
2925,50683,2024-12-12,Changement d'avis,28.9
2926,50743,2024-12-11,Mauvais choix,77.7
2927,50744,2024-12-10,Mauvais choix,36.0
2928,50779,2024-12-21,Mauvais choix,62.9
2929,50818,2024-12-23,Changement d'avis,115.6
2930,50822,2024-12-12,Mauvais choix,19.9
2931,50838,2024-12-11,Défaut,13.9
2932,50842,2024-12-18,Mauvais choix,50.7
2933,50866,2024-12-12,Mauvais choix,7.9
2934,50871,2024-12-22,Changement d'avis,35.9
2935,50884,2024-12-12,Mauvais choix,42.9
2936,50931,2024-12-21,Changement d'avis,27.9
2937,50932,2024-12-11,Défaut,37.9
2938,50968,2024-12-10,Défaut,23.9
2939,50969,2024-12-24,Mauvais choix,21.9
2940,51010,2024-12-24,Mauvais choix,20.9
2941,51011,2024-12-27,Défaut,16.9
2942,51046,2024-12-15,Changement d'avis,28.9
2943,51054,2024-12-21,Défaut,18.9
2944,51071,2024-12-25,Mauvais choix,65.8
2945,51093,2024-12-26,Mauvais choix,48.9
2946,51124,2024-12-19,Changement d'avis,16.9
2947,51137,2024-12-22,Livraison tardive,38.9
2948,51144,2025-01-06,Mauvais choix,25.11
2949,51207,2024-12-28,Changement d'avis,29.9
2950,51209,2024-12-14,Défaut,20.9
2951,51220,2024-12-27,Mauvais choix,14.31
2952,51242,2024-12-18,Défaut,44.9
2953,51260,2024-12-22,Mauvais choix,126.9
2954,51271,2024-12-16,Mauvais choix,2.9
2955,51275,2024-12-23,Défaut,2.9
2956,51279,2024-12-23,Changement d'avis,49.9
2957,51294,2024-12-23,Changement d'avis,18.9
2958,51320,2024-12-24,Mauvais choix,90.9
2959,51347,2024-12-25,Autre,83.7
2960,51399,2024-12-17,Mauvais choix,64.9
2961,51413,2024-12-27,Autre,29.8
2962,51423,2024-12-17,Défaut,16.9
2963,51425,2024-12-26,Livraison tardive,53.9
2964,51450,2025-01-10,Défaut,69.21
2965,51453,2024-12-27,Défaut,23.8
2966,51483,2024-12-31,Changement d'avis,64.9
2967,51497,2024-12-27,Défaut,32.2
2968,51511,2024-12-25,Défaut,28.9
2969,51537,2024-12-19,Mauvais choix,4.9
2970,51545,2024-12-20,Autre,29.9
2971,51558,2024-12-31,Changement d'avis,152.9
2972,51562,2024-12-27,Défaut,50.9
2973,51571,2024-12-18,Mauvais choix,19.9
2974,51589,2024-12-16,Mauvais choix,20.9
2975,51595,2024-12-29,Autre,25.9
2976,51600,2024-12-27,Défaut,41.8
2977,51616,2024-12-16,Mauvais choix,28.9
2978,51631,2025-01-01,Mauvais choix,23.9
2979,51647,2024-12-20,Défaut,42.9
2980,51758,2024-12-26,Mauvais choix,16.05
2981,51775,2024-12-24,Défaut,11.9
2982,51789,2025-01-02,Mauvais choix,259.6
2983,51805,2025-01-01,Livraison tardive,28.31
2984,51806,2024-12-18,Mauvais choix,19.8
2985,51808,2024-12-30,Changement d'avis,27.9
2986,51821,2024-12-22,Mauvais choix,126.9
2987,51878,2025-01-01,Changement d'avis,41.8
2988,51882,2025-01-12,Mauvais choix,26.01
2989,51896,2024-12-31,Mauvais choix,21.9
2990,51920,2024-12-25,Défaut,28.9
2991,51933,2024-12-28,Livraison tardive,21.9
2992,51951,2024-12-28,Changement d'avis,209.8
2993,51973,2024-12-19,Changement d'avis,23.9
2994,51974,2025-01-02,Défaut,62.9
2995,51980,2024-12-24,Mauvais choix,32.9
2996,51982,2024-12-29,Défaut,21.8
2997,52019,2024-12-22,Autre,16.9
2998,52023,2024-12-19,Changement d'avis,15.9
2999,52035,2024-12-28,Défaut,57.8
3000,52062,2024-12-21,Mauvais choix,50.9
3001,52077,2025-01-04,Changement d'avis,34.9
3002,52090,2025-01-03,Autre,16.9
3003,52096,2024-12-21,Défaut,19.9
3004,52140,2024-12-30,Changement d'avis,9.9
3005,52141,2024-12-19,Changement d'avis,119.6
3006,52155,2024-12-31,Mauvais choix,15.9
3007,52157,2024-12-23,Mauvais choix,2.9
3008,52173,2025-01-05,Livraison tardive,64.9
3009,52174,2024-12-27,Changement d'avis,55.9
3010,52223,2024-12-20,Mauvais choix,42.9
3011,52239,2024-12-22,Mauvais choix,42.9
3012,52279,2024-12-22,Livraison tardive,73.9
3013,52299,2024-12-26,Livraison tardive,43.8
3014,52321,2024-12-21,Mauvais choix,31.9
3015,52342,2024-12-24,Défaut,68.9
3016,52370,2024-12-23,Changement d'avis,54.9
3017,52372,2024-12-23,Mauvais choix,23.9
3018,52376,2024-12-20,Livraison tardive,39.8
3019,52406,2024-12-31,Mauvais choix,54.9
3020,52435,2024-12-26,Changement d'avis,48.9
3021,52449,2024-12-30,Mauvais choix,11.9
3022,52450,2024-12-21,Mauvais choix,50.9
3023,52459,2024-12-23,Défaut,54.9
3024,52487,2024-12-25,Mauvais choix,71.9
3025,52495,2024-12-24,Autre,21.9
3026,52501,2025-01-05,Livraison tardive,23.9
3027,52508,2025-01-01,Mauvais choix,269.64
3028,52511,2024-12-23,Changement d'avis,3.51
3029,52514,2024-12-26,Mauvais choix,59.76
3030,52539,2025-01-05,Changement d'avis,32.7
3031,52566,2025-01-08,Mauvais choix,37.9
3032,52568,2025-01-04,Défaut,44.9
3033,52577,2025-01-03,Mauvais choix,19.9
3034,52606,2024-12-26,Autre,70.9
3035,52621,2025-01-03,Défaut,42.9
3036,52663,2024-12-30,Livraison tardive,51.8
3037,52701,2025-01-06,Autre,64.9
3038,52719,2025-01-05,Changement d'avis,63.9
3039,52720,2025-01-04,Changement d'avis,19.9
3040,52721,2024-12-28,Changement d'avis,50.9
3041,52726,2024-12-26,Autre,53.9
3042,52727,2025-01-01,Défaut,25.9
3043,52736,2025-01-01,Autre,25.8
3044,52758,2024-12-26,Mauvais choix,39.9
3045,52765,2024-12-25,Changement d'avis,38.9
3046,52809,2024-12-25,Changement d'avis,76.9
3047,52817,2024-12-26,Changement d'avis,16.9
3048,52827,2024-12-25,Autre,25.9
3049,52832,2025-01-07,Défaut,35.9
3050,52834,2024-12-28,Changement d'avis,25.9
3051,52871,2024-12-24,Changement d'avis,37.9
3052,52904,2025-01-07,Mauvais choix,16.9
3053,52916,2024-12-28,Livraison tardive,99.8
3054,52930,2025-01-01,Livraison tardive,21.9
3055,53011,2025-01-08,Changement d'avis,30.9
3056,53023,2025-01-07,Livraison tardive,15.9
3057,53032,2024-12-27,Livraison tardive,21.9
3058,53040,2025-01-01,Changement d'avis,16.9
3059,53062,2024-12-30,Changement d'avis,64.9
3060,53066,2025-01-10,Livraison tardive,20.9
3061,53067,2025-01-05,Mauvais choix,33.9
3062,53088,2024-12-28,Livraison tardive,28.9
3063,53114,2024-12-30,Mauvais choix,96.71
3064,53117,2025-01-01,Changement d'avis,64.9
3065,53142,2025-01-09,Changement d'avis,23.9
3066,53156,2025-01-04,Mauvais choix,48.36
3067,53162,2025-01-04,Mauvais choix,13.9
3068,53179,2025-01-07,Autre,28.9
3069,53181,2025-01-03,Livraison tardive,16.9
3070,53189,2024-12-28,Changement d'avis,9.9
3071,53192,2025-01-01,Changement d'avis,29.8
3072,53197,2024-12-27,Changement d'avis,21.9
3073,53208,2025-01-05,Autre,28.9
3074,53214,2025-01-07,Défaut,97.8
3075,53229,2025-01-07,Mauvais choix,38.9
3076,53242,2025-01-01,Livraison tardive,36.9
3077,53276,2025-01-07,Autre,50.9
3078,53299,2025-01-02,Défaut,38.9
3079,53322,2024-12-31,Défaut,18.9
3080,53328,2025-01-05,Autre,15.9
3081,53346,2025-01-04,Défaut,11.3
3082,53391,2025-01-11,Changement d'avis,50.9
3083,53441,2024-12-30,Changement d'avis,104.9
3084,53461,2025-01-12,Défaut,6.9
3085,53480,2025-01-12,Changement d'avis,12.9
3086,53512,2024-12-31,Mauvais choix,19.9
3087,53523,2024-12-30,Mauvais choix,48.9
3088,53554,2025-01-12,Mauvais choix,37.9
3089,53582,2025-01-01,Défaut,42.9
3090,53592,2025-01-12,Défaut,23.8
3091,53596,2025-01-12,Défaut,9.9
3092,53601,2025-01-08,Changement d'avis,66.9
3093,53603,2025-01-12,Mauvais choix,16.9
3094,53605,2025-01-15,Changement d'avis,27.9
3095,53620,2025-01-16,Défaut,11.9
3096,53621,2025-01-04,Changement d'avis,11.9
3097,53626,2025-01-06,Changement d'avis,10.71
3098,53629,2024-12-31,Livraison tardive,11.7
3099,53640,2025-01-13,Livraison tardive,15.9
3100,53648,2025-01-14,Mauvais choix,28.9
3101,53665,2025-01-17,Mauvais choix,31.9
3102,53681,2025-01-12,Autre,66.9
3103,53694,2025-01-12,Défaut,35.9
3104,53716,2025-01-02,Changement d'avis,52.15
3105,53764,2025-01-04,Mauvais choix,11.3
3106,53768,2025-01-05,Défaut,9.9
3107,53774,2025-01-16,Mauvais choix,117.9
3108,53785,2025-01-09,Mauvais choix,9.9
3109,53791,2025-01-04,Mauvais choix,32.9
3110,53807,2025-01-01,Mauvais choix,48.9
3111,53820,2025-01-12,Défaut,126.9
3112,53825,2025-01-04,Changement d'avis,70.9
3113,53837,2025-01-04,Défaut,15.9
3114,53855,2025-01-10,Défaut,19.9
3115,53904,2025-01-10,Livraison tardive,21.9
3116,53906,2025-01-14,Changement d'avis,29.9
3117,53907,2025-01-10,Défaut,27.9
3118,53924,2025-01-11,Livraison tardive,7.9
3119,53926,2025-01-14,Mauvais choix,38.9
3120,53930,2025-01-06,Mauvais choix,29.9
3121,53960,2025-01-11,Changement d'avis,86.7
3122,53962,2025-01-19,Changement d'avis,28.9
3123,53968,2025-01-07,Mauvais choix,28.9
3124,54008,2025-01-05,Défaut,19.9
3125,54010,2025-01-05,Changement d'avis,19.9
3126,54031,2025-01-07,Changement d'avis,50.9
3127,54083,2025-01-21,Autre,34.92
3128,54088,2025-01-24,Défaut,57.58
3129,54098,2025-01-12,Autre,218.16
3130,54100,2025-01-04,Changement d'avis,21.53
3131,54111,2025-01-15,Défaut,2.99
3132,54117,2025-01-07,Mauvais choix,59.54
3133,54136,2025-01-21,Mauvais choix,5.05
3134,54148,2025-01-16,Changement d'avis,77.88
3135,54178,2025-01-15,Changement d'avis,2.99
3136,54181,2025-01-10,Défaut,216.1
3137,54195,2025-01-07,Livraison tardive,40.07
3138,54210,2025-01-19,Mauvais choix,52.43
3139,54242,2025-01-12,Changement d'avis,89.51
3140,54292,2025-01-08,Mauvais choix,19.47
3141,54296,2025-01-19,Mauvais choix,77.15
3142,54315,2025-01-17,Mauvais choix,41.1
3143,54316,2025-01-09,Défaut,52.43
3144,54353,2025-01-23,Défaut,119.28
3145,54357,2025-01-09,Défaut,18.44
3146,54364,2025-01-22,Autre,16.38
3147,54366,2025-01-13,Livraison tardive,55.52
3148,54385,2025-02-03,Changement d'avis,41.94
3149,54389,2025-01-23,Changement d'avis,59.54
3150,54420,2025-01-13,Défaut,19.47
3151,54421,2025-01-09,Défaut,29.77
3152,54443,2025-01-10,Changement d'avis,19.47
3153,54458,2025-01-11,Défaut,20.5
3154,54462,2025-01-21,Changement d'avis,22.56
3155,54476,2025-01-12,Changement d'avis,52.43
3156,54491,2025-01-26,Mauvais choix,99.81
3157,54503,2025-01-23,Autre,22.56
3158,54510,2025-01-13,Changement d'avis,29.77
3159,54581,2025-01-23,Changement d'avis,60.9
3160,54594,2025-01-15,Défaut,10.63
3161,54641,2025-01-20,Changement d'avis,109.08
3162,54645,2025-01-19,Défaut,4.04
3163,54675,2025-01-24,Mauvais choix,32.86
3164,54677,2025-01-17,Changement d'avis,69.84
3165,54698,2025-01-13,Changement d'avis,4.02
3166,54744,2025-01-13,Mauvais choix,46.25
3167,54745,2025-01-17,Défaut,34.82
3168,54749,2025-01-17,Mauvais choix,89.51
3169,54770,2025-01-29,Changement d'avis,5.69
3170,54787,2025-01-18,Autre,21.53
3171,54839,2025-01-18,Mauvais choix,61.72
3172,54865,2025-01-22,Changement d'avis,97.15
3173,54910,2025-01-19,Défaut,17.41
3174,54913,2025-01-22,Défaut,74.06
3175,54918,2025-01-23,Changement d'avis,40.3
3176,54922,2025-01-19,Mauvais choix,16.4
3177,54951,2025-01-28,Changement d'avis,12.26
3178,55045,2025-02-02,Mauvais choix,12.28
3179,55047,2025-01-18,Changement d'avis,23.82
3180,55061,2025-02-02,Mauvais choix,35.35
3181,55103,2025-01-27,Mauvais choix,4.04
3182,55131,2025-01-28,Changement d'avis,98.58
3183,55148,2025-01-23,Défaut,8.16
3184,55162,2025-01-21,Défaut,15.35
3185,55185,2025-01-22,Autre,50.37
3186,55226,2025-01-20,Mauvais choix,41.94
3187,55249,2025-01-27,Mauvais choix,41.94
3188,55259,2025-02-05,Mauvais choix,40.3
3189,55262,2025-01-26,Défaut,46.89
3190,55280,2025-02-04,Mauvais choix,31.15
3191,55293,2025-01-29,Changement d'avis,58.42
3192,55336,2025-01-26,Changement d'avis,35.95
3193,55338,2025-02-04,Mauvais choix,24.64
3194,55350,2025-02-01,Changement d'avis,35.35
3195,55351,2025-02-06,Autre,16.4
3196,55384,2025-01-30,Mauvais choix,103.66
3197,55400,2025-02-07,Défaut,8.16
3198,55415,2025-01-26,Mauvais choix,35.95
3199,55426,2025-01-24,Mauvais choix,149.81
3200,55430,2025-01-24,Mauvais choix,16.4
3201,55461,2025-01-30,Mauvais choix,64.11
3202,55470,2025-02-01,Mauvais choix,21.34
3203,55489,2025-01-27,Mauvais choix,36.1
3204,55501,2025-02-05,Changement d'avis,66.85
3205,55528,2025-01-30,Livraison tardive,10.2
3206,55534,2025-02-02,Changement d'avis,106.96
3207,55558,2025-02-08,Défaut,178.92
3208,55570,2025-02-06,Mauvais choix,108.05
3209,55573,2025-02-04,Mauvais choix,20.5
3210,55577,2025-02-03,Changement d'avis,16.4
3211,55591,2025-01-28,Défaut,26.21
3212,55593,2025-02-08,Mauvais choix,55.13
3213,55614,2025-01-25,Changement d'avis,31.23
3214,55620,2025-01-26,Défaut,44.19
3215,55633,2025-01-30,Défaut,64.79
3216,55640,2025-01-31,Autre,32.8
3217,55666,2025-02-11,Autre,19.47
3218,55673,2025-01-30,Livraison tardive,41.94
3219,55678,2025-01-30,Autre,18.05
3220,55681,2025-01-26,Autre,7.34
3221,55701,2025-02-07,Défaut,52.43
3222,55718,2025-02-08,Défaut,28.76
3223,55760,2025-02-05,Changement d'avis,24.64
3224,55799,2025-02-09,Livraison tardive,19.7
3225,55806,2025-02-13,Défaut,45.98
3226,55810,2025-01-29,Changement d'avis,117.12
3227,55818,2025-02-13,Mauvais choix,8.14
3228,55856,2025-01-28,Défaut,10.2
3229,55884,2025-02-11,Autre,15.58
3230,55896,2025-02-12,Mauvais choix,41.0
3231,55898,2025-02-07,Changement d'avis,11.96
3232,55907,2025-02-14,Changement d'avis,21.53
3233,55939,2025-02-03,Mauvais choix,164.48
3234,55973,2025-02-10,Changement d'avis,81.34
3235,55986,2025-02-13,Défaut,19.47
3236,55989,2025-02-16,Autre,24.62
3237,55991,2025-02-09,Changement d'avis,40.07
3238,56008,2025-02-14,Mauvais choix,14.75
3239,56017,2025-02-09,Mauvais choix,28.74
3240,56025,2025-02-15,Mauvais choix,40.07
3241,56051,2025-02-10,Changement d'avis,4.04
3242,56055,2025-02-12,Défaut,19.7
3243,56086,2025-02-09,Changement d'avis,89.51
3244,56158,2025-02-05,Défaut,99.81
3245,56169,2025-02-12,Livraison tardive,7.11
3246,56187,2025-02-08,Défaut,29.77
3247,56219,2025-02-06,Livraison tardive,2.99
3248,56236,2025-02-06,Défaut,39.04
3249,56245,2025-02-12,Défaut,135.66
3250,56283,2025-02-10,Changement d'avis,104.86
3251,56290,2025-02-17,Livraison tardive,64.79
3252,56332,2025-02-21,Mauvais choix,44.19
3253,56360,2025-02-05,Mauvais choix,34.92
3254,56372,2025-02-06,Mauvais choix,55.52
3255,56385,2025-02-18,Mauvais choix,10.2
3256,56386,2025-02-18,Défaut,52.43
3257,56394,2025-02-14,Mauvais choix,20.5
3258,56397,2025-02-13,Changement d'avis,22.56
3259,56405,2025-02-16,Changement d'avis,51.4
3260,56413,2025-02-22,Livraison tardive,17.41
3261,56422,2025-02-20,Changement d'avis,66.85
3262,56436,2025-02-12,Défaut,28.74
3263,56458,2025-02-09,Défaut,16.38
3264,56479,2025-02-12,Mauvais choix,20.5
3265,56485,2025-02-07,Livraison tardive,13.29
3266,56493,2025-02-14,Autre,9.17
3267,56497,2025-02-18,Changement d'avis,9.17
3268,56499,2025-02-07,Défaut,11.23
3269,56504,2025-02-23,Défaut,52.43
3270,56553,2025-02-18,Mauvais choix,77.15
3271,56573,2025-02-18,Changement d'avis,66.85
3272,56613,2025-02-18,Changement d'avis,20.5
3273,56643,2025-02-11,Mauvais choix,11.23
3274,56647,2025-02-12,Changement d'avis,34.92
3275,56651,2025-02-12,Défaut,200.55
3276,56652,2025-03-04,Livraison tardive,62.68
3277,56679,2025-02-27,Livraison tardive,4.02
3278,56695,2025-02-14,Autre,79.21
3279,56701,2025-02-16,Mauvais choix,2.99
3280,56705,2025-02-22,Livraison tardive,43.06
3281,56706,2025-02-11,Mauvais choix,33.89
3282,56717,2025-02-24,Livraison tardive,68.91
3283,56773,2025-02-24,Mauvais choix,24.62
3284,56783,2025-02-23,Changement d'avis,19.47
3285,56788,2025-02-24,Mauvais choix,52.43
3286,56795,2025-02-27,Mauvais choix,41.0
3287,56811,2025-02-11,Mauvais choix,20.5
3288,56827,2025-02-21,Mauvais choix,57.58
3289,56840,2025-02-21,Mauvais choix,40.91
3290,56866,2025-03-02,Mauvais choix,17.41
3291,56899,2025-02-18,Mauvais choix,34.92
3292,56912,2025-03-03,Mauvais choix,74.06
3293,56969,2025-03-01,Mauvais choix,16.38
3294,56974,2025-02-25,Mauvais choix,59.54
3295,56982,2025-02-18,Changement d'avis,52.43
3296,56994,2025-02-20,Livraison tardive,17.41
3297,57007,2025-02-15,Changement d'avis,13.29
3298,57009,2025-02-22,Défaut,52.43
3299,57014,2025-02-22,Livraison tardive,8.14
3300,57038,2025-02-19,Changement d'avis,39.04
3301,57047,2025-02-28,Mauvais choix,52.43
3302,57057,2025-03-04,Mauvais choix,8.52
3303,57078,2025-02-21,Changement d'avis,89.51
3304,57107,2025-02-28,Changement d'avis,17.41
3305,57114,2025-03-04,Livraison tardive,72.31
3306,57141,2025-02-24,Mauvais choix,66.85
3307,57174,2025-03-03,Mauvais choix,63.66
3308,57178,2025-02-19,Défaut,21.53
3309,57188,2025-02-22,Défaut,29.77
3310,57226,2025-03-08,Mauvais choix,59.64
3311,57232,2025-02-19,Autre,35.95
3312,57260,2025-02-22,Mauvais choix,120.21
3313,57276,2025-02-20,Livraison tardive,55.52
3314,57283,2025-03-05,Défaut,46.25
3315,57320,2025-02-26,Changement d'avis,53.36
3316,57327,2025-03-03,Défaut,36.88
3317,57334,2025-02-22,Mauvais choix,63.51
3318,57354,2025-02-23,Mauvais choix,10.2
3319,57358,2025-03-06,Changement d'avis,12.26
3320,57368,2025-03-09,Défaut,45.22
3321,57378,2025-03-09,Défaut,52.43
3322,57394,2025-02-24,Mauvais choix,27.21
3323,57435,2025-02-27,Autre,52.23
3324,57449,2025-02-28,Défaut,23.39
3325,57452,2025-03-10,Mauvais choix,10.2
3326,57454,2025-02-26,Mauvais choix,10.2
3327,57460,2025-03-06,Mauvais choix,78.08
3328,57465,2025-03-01,Mauvais choix,34.92
3329,57473,2025-03-03,Mauvais choix,3.82
3330,57544,2025-03-01,Changement d'avis,10.2
3331,57550,2025-03-02,Changement d'avis,20.5
3332,57566,2025-03-02,Changement d'avis,194.37
3333,57571,2025-03-05,Mauvais choix,8.14
3334,57588,2025-03-14,Mauvais choix,57.48
3335,57599,2025-03-08,Changement d'avis,267.4
3336,57606,2025-03-14,Défaut,57.58
3337,57629,2025-03-15,Mauvais choix,20.5
3338,57659,2025-03-06,Changement d'avis,38.07
3339,57686,2025-03-06,Mauvais choix,20.5
3340,57689,2025-03-16,Mauvais choix,59.64
3341,57692,2025-03-02,Autre,2.99
3342,57700,2025-03-06,Changement d'avis,29.77
3343,57714,2025-03-11,Livraison tardive,11.23
3344,57726,2025-03-05,Défaut,11.23
3345,57742,2025-02-27,Livraison tardive,28.74
3346,57751,2025-03-12,Changement d'avis,66.85
3347,57765,2025-03-03,Livraison tardive,17.41
3348,57766,2025-03-07,Mauvais choix,21.53
3349,57789,2025-03-08,Changement d'avis,19.47
3350,57791,2025-02-28,Changement d'avis,20.5
3351,57818,2025-03-16,Mauvais choix,16.38
3352,57824,2025-02-28,Mauvais choix,59.64
3353,57862,2025-03-10,Autre,152.24
3354,57875,2025-03-13,Défaut,76.12
3355,57876,2025-03-14,Défaut,12.26
3356,57879,2025-03-06,Changement d'avis,102.8
3357,57894,2025-03-12,Mauvais choix,24.62
3358,57916,2025-03-02,Changement d'avis,30.8
3359,57924,2025-03-18,Défaut,15.35
3360,57950,2025-03-09,Changement d'avis,34.92
3361,57955,2025-03-06,Changement d'avis,77.15
3362,57969,2025-03-15,Livraison tardive,64.79
3363,58016,2025-03-19,Autre,114.03
3364,58022,2025-03-12,Changement d'avis,38.01
3365,58025,2025-03-07,Mauvais choix,19.47
3366,58034,2025-03-14,Changement d'avis,59.54
3367,58097,2025-03-21,Autre,2.99
3368,58110,2025-03-12,Mauvais choix,34.92
3369,58115,2025-03-06,Changement d'avis,29.77
3370,58119,2025-03-15,Défaut,32.86
3371,58130,2025-03-17,Mauvais choix,108.05
3372,58132,2025-03-17,Changement d'avis,34.92
3373,58161,2025-03-15,Changement d'avis,29.26
3374,58181,2025-03-10,Autre,40.07
3375,58184,2025-03-22,Mauvais choix,17.41
3376,58251,2025-03-09,Changement d'avis,157.49
3377,58254,2025-03-09,Changement d'avis,22.56
3378,58263,2025-03-22,Mauvais choix,44.19
3379,58296,2025-03-24,Mauvais choix,9.17
3380,58313,2025-03-14,Livraison tardive,13.29
3381,58317,2025-03-21,Défaut,68.91
3382,58328,2025-03-09,Mauvais choix,12.26
3383,58332,2025-03-16,Mauvais choix,4.02
3384,58362,2025-03-12,Mauvais choix,40.07
3385,58382,2025-03-12,Mauvais choix,65.46
3386,58386,2025-03-11,Mauvais choix,18.44
3387,58395,2025-03-26,Changement d'avis,16.38
3388,58404,2025-03-23,Défaut,38.94
3389,58436,2025-03-26,Défaut,93.63
3390,58448,2025-03-26,Défaut,40.07
3391,58449,2025-03-27,Mauvais choix,30.8
3392,58460,2025-03-18,Mauvais choix,21.53
3393,58461,2025-03-13,Autre,20.5
3394,58482,2025-03-15,Changement d'avis,24.62
3395,58484,2025-03-12,Changement d'avis,17.41
3396,58511,2025-03-18,Autre,102.8
3397,58547,2025-03-17,Livraison tardive,65.73
3398,58555,2025-03-23,Mauvais choix,14.32
3399,58558,2025-03-27,Mauvais choix,44.19
3400,58568,2025-03-26,Livraison tardive,16.38
3401,58572,2025-03-14,Mauvais choix,66.85
3402,58589,2025-03-16,Défaut,9.17
3403,58612,2025-03-19,Mauvais choix,29.77
3404,58682,2025-03-22,Changement d'avis,29.77
3405,58728,2025-03-27,Livraison tardive,38.01
3406,58749,2025-03-20,Mauvais choix,4.02
3407,58751,2025-03-28,Changement d'avis,61.5
3408,58768,2025-03-26,Livraison tardive,29.77
3409,58783,2025-03-19,Changement d'avis,40.07
3410,58784,2025-03-28,Changement d'avis,66.85
3411,58800,2025-03-23,Changement d'avis,20.5
3412,58865,2025-04-02,Défaut,66.85
3413,58902,2025-03-25,Livraison tardive,31.83
3414,58910,2025-03-30,Autre,23.39
3415,58926,2025-03-28,Changement d'avis,33.89
3416,58944,2025-03-28,Mauvais choix,31.83
3417,58947,2025-03-23,Mauvais choix,12.26
3418,58987,2025-04-02,Livraison tardive,49.24
3419,59001,2025-04-02,Changement d'avis,124.17
3420,59008,2025-03-21,Livraison tardive,22.56
3421,59018,2025-03-23,Changement d'avis,21.53
3422,59066,2025-03-26,Autre,76.12
3423,59081,2025-04-05,Autre,15.35
3424,59087,2025-03-21,Mauvais choix,133.7
3425,59101,2025-04-04,Défaut,29.77
3426,59121,2025-04-01,Mauvais choix,29.77
3427,59128,2025-03-27,Changement d'avis,36.98
3428,59147,2025-03-31,Livraison tardive,17.41
3429,59163,2025-03-20,Autre,52.43
3430,59165,2025-03-26,Changement d'avis,137.82
3431,59189,2025-04-07,Livraison tardive,10.2
3432,59206,2025-03-30,Mauvais choix,19.47
3433,59208,2025-03-31,Mauvais choix,44.19
3434,59224,2025-03-28,Mauvais choix,21.53
3435,59225,2025-04-05,Changement d'avis,121.44
3436,59238,2025-03-25,Changement d'avis,29.77
3437,59239,2025-03-28,Mauvais choix,8.14
3438,59247,2025-04-02,Mauvais choix,16.28
3439,59259,2025-03-22,Changement d'avis,2.99
3440,59275,2025-04-07,Changement d'avis,19.47
3441,59292,2025-03-31,Mauvais choix,52.43
3442,59314,2025-03-27,Changement d'avis,28.74
3443,59327,2025-04-01,Mauvais choix,79.21
3444,59359,2025-04-08,Changement d'avis,28.74
3445,59400,2025-04-08,Autre,28.74
3446,59420,2025-04-10,Autre,50.37
3447,59443,2025-04-08,Défaut,33.89
3448,59454,2025-04-02,Changement d'avis,29.77
3449,59465,2025-03-28,Changement d'avis,19.47
3450,59546,2025-04-08,Mauvais choix,32.86
3451,59567,2025-03-27,Défaut,72.31
3452,59583,2025-04-04,Autre,39.04
3453,59586,2025-04-05,Défaut,20.5
3454,59609,2025-04-04,Changement d'avis,80.14
3455,59619,2025-04-11,Changement d'avis,18.44
3456,59630,2025-03-31,Livraison tardive,7.11
3457,59635,2025-03-28,Changement d'avis,39.04
3458,59660,2025-03-30,Changement d'avis,26.68
3459,59669,2025-03-31,Changement d'avis,39.04
3460,59685,2025-04-05,Changement d'avis,157.29
3461,59709,2025-03-30,Changement d'avis,33.89
3462,59730,2025-04-01,Changement d'avis,56.55
3463,59731,2025-04-01,Changement d'avis,39.04
3464,59749,2025-04-14,Mauvais choix,22.56
3465,59750,2025-04-03,Défaut,22.56
3466,59807,2025-03-31,Autre,130.71
3467,59816,2025-04-14,Changement d'avis,9.17
3468,59817,2025-04-09,Mauvais choix,34.92
3469,59820,2025-04-11,Défaut,24.62
3470,59834,2025-04-01,Livraison tardive,65.82
3471,59837,2025-04-13,Mauvais choix,24.62
3472,59845,2025-04-04,Mauvais choix,11.23
3473,59849,2025-04-05,Changement d'avis,2.99
3474,59854,2025-04-10,Mauvais choix,80.14
3475,59874,2025-04-04,Changement d'avis,157.49
3476,59877,2025-04-02,Changement d'avis,41.0
3477,59882,2025-04-04,Mauvais choix,130.71
3478,59884,2025-04-04,Mauvais choix,22.56
3479,59901,2025-04-09,Livraison tardive,46.25
3480,59926,2025-04-12,Changement d'avis,13.29
3481,59934,2025-04-04,Défaut,19.47
3482,59952,2025-04-02,Autre,39.04
3483,59966,2025-04-13,Défaut,17.41
3484,59983,2025-04-16,Livraison tardive,212.91
3485,59986,2025-04-14,Changement d'avis,24.62
3486,60000,2025-04-09,Défaut,49.81
3487,60008,2025-04-15,Changement d'avis,18.5
3488,60025,2025-04-17,Changement d'avis,20.5
3489,60049,2025-04-17,Mauvais choix,34.94
3490,60062,2025-04-11,Mauvais choix,242.88
3491,60075,2025-04-20,Changement d'avis,40.07
3492,60076,2025-04-20,Mauvais choix,26.68
3493,60113,2025-04-17,Changement d'avis,17.41
3494,60117,2025-04-06,Défaut,64.59
3495,60118,2025-04-13,Changement d'avis,95.49
3496,60121,2025-04-16,Livraison tardive,12.26
3497,60159,2025-04-10,Autre,12.26
3498,60167,2025-04-13,Défaut,12.26
3499,60184,2025-04-14,Livraison tardive,59.64
3500,60209,2025-04-12,Défaut,32.86
3501,60210,2025-04-08,Défaut,10.2
3502,60225,2025-04-20,Mauvais choix,17.41
3503,60248,2025-04-20,Changement d'avis,22.46
3504,60280,2025-04-11,Mauvais choix,22.56
3505,60308,2025-04-16,Changement d'avis,33.89
3506,60313,2025-04-13,Mauvais choix,13.29
3507,60333,2025-04-23,Changement d'avis,55.32
3508,60334,2025-04-16,Changement d'avis,22.56
3509,60351,2025-04-10,Changement d'avis,41.1
3510,60366,2025-04-10,Mauvais choix,157.49
3511,60399,2025-04-09,Mauvais choix,104.86
3512,60409,2025-04-09,Livraison tardive,19.47
3513,60427,2025-04-12,Mauvais choix,9.17
3514,60433,2025-04-21,Mauvais choix,70.97
3515,60436,2025-04-20,Livraison tardive,61.6
3516,60440,2025-04-21,Mauvais choix,36.98
3517,60442,2025-04-13,Défaut,19.47
3518,60462,2025-04-23,Défaut,15.35
3519,60470,2025-04-24,Mauvais choix,99.52
3520,60500,2025-04-20,Changement d'avis,17.41
3521,60509,2025-04-27,Défaut,17.41
3522,60512,2025-04-26,Défaut,67.78
3523,60536,2025-05-13,Changement d'avis,18.45
3524,60564,2025-04-19,Mauvais choix,22.56
3525,60582,2025-04-16,Changement d'avis,13.29
3526,60583,2025-04-16,Mauvais choix,21.53
3527,60585,2025-04-28,Mauvais choix,65.72
3528,60586,2025-04-11,Changement d'avis,28.74
3529,60587,2025-04-19,Changement d'avis,43.06
3530,60603,2025-04-11,Livraison tardive,108.05
3531,60616,2025-04-22,Défaut,26.79
3532,60639,2025-04-26,Changement d'avis,24.52
3533,60648,2025-04-14,Changement d'avis,68.91
3534,60671,2025-04-13,Défaut,2.99
3535,60681,2025-04-19,Changement d'avis,121.44
3536,60687,2025-04-22,Livraison tardive,34.92
3537,60701,2025-04-17,Défaut,11.23
3538,60713,2025-04-27,Changement d'avis,59.54
3539,60727,2025-04-21,Mauvais choix,5.05
3540,60729,2025-04-13,Changement d'avis,79.21
3541,60755,2025-04-16,Changement d'avis,14.39
3542,60758,2025-04-28,Changement d'avis,55.52
3543,60764,2025-04-26,Livraison tardive,15.56
3544,60791,2025-04-18,Autre,92.5
3545,60827,2025-04-25,Mauvais choix,19.47
3546,60835,2025-04-27,Mauvais choix,39.04
3547,60847,2025-04-24,Changement d'avis,40.07
3548,60851,2025-04-28,Mauvais choix,56.55
3549,60861,2025-04-28,Changement d'avis,43.06
3550,60917,2025-04-28,Mauvais choix,54.7
3551,60933,2025-04-24,Mauvais choix,10.2
3552,60955,2025-04-19,Livraison tardive,24.62
3553,60966,2025-04-21,Mauvais choix,68.91
3554,60973,2025-04-26,Mauvais choix,66.85
3555,60981,2025-04-25,Livraison tardive,21.53
3556,60990,2025-04-18,Changement d'avis,44.19
3557,61008,2025-04-17,Changement d'avis,33.89
3558,61061,2025-04-26,Mauvais choix,17.41
3559,61085,2025-04-29,Changement d'avis,79.21
3560,61100,2025-04-17,Mauvais choix,64.79
3561,61110,2025-04-21,Changement d'avis,26.68
3562,61116,2025-05-04,Livraison tardive,27.3
3563,61128,2025-05-03,Changement d'avis,65.72
3564,61146,2025-04-21,Mauvais choix,21.53
3565,61165,2025-05-04,Mauvais choix,39.04
3566,61168,2025-04-28,Changement d'avis,32.2
3567,61170,2025-04-25,Mauvais choix,19.47
3568,61181,2025-05-01,Autre,20.4
3569,61211,2025-04-24,Mauvais choix,38.95
3570,61240,2025-04-27,Mauvais choix,64.79
3571,61276,2025-04-24,Changement d'avis,32.86
3572,61290,2025-04-28,Mauvais choix,40.07
3573,61294,2025-05-06,Défaut,39.04
3574,61326,2025-04-28,Mauvais choix,76.12
3575,61334,2025-04-26,Défaut,68.91
3576,61354,2025-05-06,Mauvais choix,79.21
3577,61381,2025-05-02,Défaut,10.67
3578,61383,2025-04-21,Mauvais choix,8.97
3579,61386,2025-04-21,Autre,108.05
3580,61402,2025-04-23,Changement d'avis,64.79
3581,61407,2025-04-25,Mauvais choix,29.77
3582,61417,2025-04-24,Livraison tardive,26.68
3583,61451,2025-05-01,Défaut,56.56
3584,61465,2025-05-08,Défaut,16.38
3585,61506,2025-04-22,Mauvais choix,21.53
3586,61525,2025-04-27,Défaut,24.62
3587,61549,2025-05-02,Mauvais choix,15.35
3588,61556,2025-04-23,Changement d'avis,98.58
3589,61597,2025-04-30,Mauvais choix,40.07
3590,61606,2025-05-01,Autre,35.95
3591,61640,2025-04-29,Livraison tardive,16.38
3592,61649,2025-04-30,Mauvais choix,28.74
3593,61655,2025-05-06,Changement d'avis,40.07
3594,61657,2025-04-29,Défaut,21.43
3595,61680,2025-04-26,Mauvais choix,65.82
3596,61715,2025-05-05,Changement d'avis,60.57
3597,61724,2025-05-01,Changement d'avis,26.68
3598,61735,2025-04-25,Défaut,65.82
3599,61754,2025-05-04,Mauvais choix,31.83
3600,61777,2025-04-29,Défaut,44.19
3601,61792,2025-05-11,Mauvais choix,52.43
3602,61805,2025-04-29,Autre,8.14
3603,61829,2025-05-09,Mauvais choix,157.49
3604,61890,2025-05-06,Mauvais choix,57.48
3605,61897,2025-05-09,Changement d'avis,41.98
3606,61902,2025-04-29,Changement d'avis,19.47
3607,61913,2025-04-28,Défaut,17.41
3608,61943,2025-05-11,Changement d'avis,21.53
3609,61975,2025-05-12,Livraison tardive,135.56
3610,61976,2025-05-08,Autre,11.23
3611,62001,2025-05-15,Défaut,10.2
3612,62002,2025-05-06,Mauvais choix,52.43
3613,62006,2025-05-09,Mauvais choix,12.26
3614,62010,2025-05-05,Autre,108.05
3615,62011,2025-04-30,Mauvais choix,79.21
3616,62051,2025-04-30,Mauvais choix,20.5
3617,62062,2025-05-17,Mauvais choix,79.21
3618,62078,2025-04-30,Mauvais choix,30.8
3619,62079,2025-05-09,Défaut,19.47
3620,62113,2025-05-01,Changement d'avis,57.58
3621,62121,2025-05-11,Livraison tardive,157.49
3622,62162,2025-05-15,Défaut,57.58
3623,62166,2025-05-10,Changement d'avis,2.99
3624,62198,2025-05-16,Mauvais choix,166.56
3625,62217,2025-05-20,Changement d'avis,22.56
3626,62245,2025-05-17,Livraison tardive,45.12
3627,62246,2025-05-09,Autre,31.83
3628,62249,2025-05-19,Défaut,12.26
3629,62250,2025-05-10,Mauvais choix,119.08
3630,62258,2025-05-19,Mauvais choix,29.77
3631,62277,2025-05-20,Mauvais choix,24.62
3632,62359,2025-05-18,Changement d'avis,34.82
3633,62412,2025-05-21,Livraison tardive,8.14
3634,62421,2025-05-08,Livraison tardive,29.77
3635,62427,2025-05-12,Mauvais choix,22.56
3636,62438,2025-05-06,Mauvais choix,4.02
3637,62465,2025-05-18,Mauvais choix,49.81
3638,62512,2025-05-19,Mauvais choix,19.47
3639,62561,2025-05-18,Défaut,15.35
3640,62573,2025-05-25,Défaut,51.4
3641,62597,2025-05-10,Mauvais choix,52.43
3642,62611,2025-05-15,Changement d'avis,13.29
3643,62638,2025-05-26,Changement d'avis,28.74
3644,62647,2025-05-14,Autre,27.3
3645,62654,2025-05-23,Mauvais choix,10.2
3646,62670,2025-05-19,Défaut,39.04
3647,62673,2025-05-19,Mauvais choix,68.91
3648,62676,2025-05-10,Mauvais choix,29.77
3649,62691,2025-05-14,Mauvais choix,158.42
3650,62693,2025-05-12,Changement d'avis,19.47
3651,62699,2025-05-10,Livraison tardive,49.81
3652,62709,2025-05-20,Autre,8.14
3653,62757,2025-05-22,Mauvais choix,22.56
3654,62779,2025-05-14,Mauvais choix,8.14
3655,62788,2025-05-22,Mauvais choix,11.23
3656,62790,2025-05-24,Mauvais choix,36.98
3657,62802,2025-05-18,Mauvais choix,18.44
3658,62808,2025-05-24,Mauvais choix,2.99
3659,62818,2025-05-28,Changement d'avis,30.8
3660,62825,2025-05-28,Livraison tardive,13.29
3661,62837,2025-05-15,Mauvais choix,16.38
3662,62903,2025-05-16,Changement d'avis,10.2
3663,62953,2025-05-13,Mauvais choix,121.44
3664,62977,2025-05-27,Mauvais choix,100.74
3665,62988,2025-05-15,Changement d'avis,11.23
3666,62999,2025-05-15,Mauvais choix,12.26
3667,63003,2025-05-27,Mauvais choix,22.56
3668,63016,2025-05-13,Autre,2.84
3669,63019,2025-05-23,Changement d'avis,52.43
3670,63056,2025-05-18,Défaut,32.86
3671,63070,2025-05-20,Autre,12.26
3672,63081,2025-05-25,Défaut,11.23
3673,63144,2025-05-27,Changement d'avis,33.89
3674,63164,2025-05-18,Livraison tardive,59.64
3675,63185,2025-05-26,Changement d'avis,222.18
3676,63204,2025-05-18,Mauvais choix,28.28
3677,63216,2025-05-30,Changement d'avis,16.38
3678,63231,2025-05-18,Changement d'avis,66.85
3679,63253,2025-05-17,Défaut,66.85
3680,63262,2025-05-18,Changement d'avis,5.05
3681,63297,2025-05-21,Défaut,50.37
3682,63307,2025-05-20,Mauvais choix,24.62
3683,63322,2025-05-28,Autre,130.93
3684,63330,2025-05-30,Défaut,66.85
3685,63344,2025-05-19,Livraison tardive,9.69
3686,63355,2025-06-04,Mauvais choix,158.42
3687,63357,2025-05-25,Défaut,99.81
3688,63363,2025-05-31,Mauvais choix,40.07
3689,63382,2025-05-22,Changement d'avis,51.4
3690,63387,2025-05-29,Mauvais choix,157.49
3691,63392,2025-06-04,Changement d'avis,17.41
3692,63395,2025-06-04,Changement d'avis,29.77
3693,63400,2025-05-23,Livraison tardive,51.4
3694,63431,2025-05-22,Autre,19.47
3695,63450,2025-05-19,Autre,79.21
3696,63475,2025-06-01,Changement d'avis,62.53
3697,63500,2025-05-22,Changement d'avis,16.38
3698,63520,2025-05-23,Livraison tardive,22.56
3699,63523,2025-06-01,Mauvais choix,66.85
3700,63533,2025-05-25,Changement d'avis,133.7
3701,63539,2025-05-31,Mauvais choix,17.41
3702,63572,2025-05-21,Défaut,99.62
3703,63577,2025-06-01,Livraison tardive,20.5
3704,63578,2025-06-05,Autre,44.19
3705,63579,2025-06-05,Défaut,30.8
3706,63592,2025-05-29,Autre,41.1
3707,63611,2025-05-24,Changement d'avis,8.14
3708,63622,2025-05-27,Changement d'avis,37.09
3709,63680,2025-05-24,Changement d'avis,52.43
3710,63681,2025-05-27,Défaut,33.89
3711,63729,2025-05-24,Mauvais choix,17.41
3712,63731,2025-05-30,Défaut,4.02
3713,63752,2025-05-31,Mauvais choix,66.85
3714,63758,2025-05-28,Mauvais choix,52.43
3715,63767,2025-05-25,Mauvais choix,44.19
3716,63772,2025-05-25,Livraison tardive,76.13
3717,63781,2025-06-07,Défaut,104.86
3718,63793,2025-06-04,Livraison tardive,22.56
3719,63796,2025-05-29,Livraison tardive,36.98
3720,63817,2025-05-25,Défaut,63.76
3721,63842,2025-06-02,Autre,17.41
3722,63864,2025-05-28,Changement d'avis,24.52
3723,63878,2025-06-07,Changement d'avis,21.53
3724,63879,2025-06-07,Défaut,16.38
3725,63892,2025-06-10,Mauvais choix,52.43
3726,63894,2025-05-31,Défaut,29.26
3727,63901,2025-06-03,Mauvais choix,19.47
3728,63925,2025-05-29,Mauvais choix,33.89
3729,63946,2025-05-26,Changement d'avis,30.8
3730,63956,2025-06-07,Mauvais choix,130.71
3731,63958,2025-05-27,Défaut,11.23
3732,63960,2025-05-29,Défaut,38.07
3733,63966,2025-06-09,Défaut,36.88
3734,63971,2025-06-11,Autre,69.84
3735,63979,2025-06-03,Changement d'avis,30.8
3736,63982,2025-06-02,Mauvais choix,157.49
3737,64042,2025-06-04,Changement d'avis,35.04
3738,64045,2025-06-02,Mauvais choix,121.44
3739,64055,2025-06-13,Mauvais choix,51.4
3740,64057,2025-06-06,Changement d'avis,44.19
3741,64066,2025-05-30,Mauvais choix,24.62
3742,64082,2025-06-04,Mauvais choix,52.43
3743,64107,2025-06-06,Changement d'avis,4.02
3744,64112,2025-05-31,Changement d'avis,64.79
3745,64115,2025-06-08,Mauvais choix,28.74
3746,64121,2025-05-27,Mauvais choix,9.17
3747,64146,2025-06-13,Mauvais choix,29.77
3748,64147,2025-06-08,Mauvais choix,29.77
3749,64152,2025-06-14,Mauvais choix,61.6
3750,64155,2025-06-09,Mauvais choix,2.99
3751,64173,2025-05-28,Autre,24.42
3752,64193,2025-06-10,Livraison tardive,28.74
3753,64212,2025-05-29,Défaut,34.92
3754,64217,2025-06-09,Défaut,17.41
3755,64244,2025-06-07,Autre,40.07
3756,64246,2025-06-14,Changement d'avis,77.15
3757,64259,2025-06-01,Mauvais choix,68.91
3758,64261,2025-06-13,Livraison tardive,13.29
3759,64282,2025-06-14,Mauvais choix,20.5
3760,64319,2025-06-01,Mauvais choix,2.99
3761,64320,2025-06-10,Mauvais choix,11.23
3762,64342,2025-06-16,Mauvais choix,74.06
3763,64361,2025-06-17,Changement d'avis,38.01
3764,64398,2025-06-11,Autre,76.02
3765,64399,2025-06-04,Livraison tardive,4.02
3766,64407,2025-06-03,Changement d'avis,22.56
3767,64412,2025-06-07,Défaut,52.43
3768,64414,2025-06-14,Autre,29.77
3769,64421,2025-06-13,Mauvais choix,26.58
3770,64465,2025-06-09,Livraison tardive,39.04
3771,64484,2025-06-02,Livraison tardive,24.62
3772,64502,2025-06-07,Changement d'avis,121.44
3773,64509,2025-06-09,Changement d'avis,4.02
3774,64531,2025-06-08,Mauvais choix,24.52
3775,64537,2025-06-04,Mauvais choix,22.56
3776,64539,2025-06-14,Changement d'avis,22.56
3777,64564,2025-06-03,Mauvais choix,13.6
3778,64578,2025-06-10,Livraison tardive,115.16
3779,64621,2025-06-08,Livraison tardive,40.07
3780,64676,2025-06-04,Défaut,19.47
3781,64677,2025-06-16,Autre,12.26
3782,64679,2025-06-15,Mauvais choix,102.8
3783,64680,2025-06-04,Mauvais choix,157.49
3784,64705,2025-06-20,Mauvais choix,11.23
3785,64714,2025-06-12,Mauvais choix,64.79
3786,64747,2025-06-20,Livraison tardive,49.81
3787,64793,2025-06-07,Défaut,88.38
3788,64822,2025-06-22,Changement d'avis,39.04
3789,64845,2025-06-20,Livraison tardive,158.42
3790,64847,2025-06-24,Mauvais choix,39.04
3791,64863,2025-06-17,Changement d'avis,2.99
3792,64913,2025-06-21,Changement d'avis,26.68
3793,64915,2025-06-10,Mauvais choix,57.48
3794,64936,2025-06-19,Changement d'avis,21.53
3795,64957,2025-06-10,Mauvais choix,109.08
3796,64993,2025-06-17,Mauvais choix,93.63
3797,65021,2025-06-17,Mauvais choix,11.23
3798,65044,2025-06-09,Mauvais choix,20.5
3799,65111,2025-06-14,Mauvais choix,78.08
3800,65140,2025-06-19,Défaut,2.99
3801,65149,2025-06-24,Mauvais choix,72.31
3802,65152,2025-06-18,Changement d'avis,68.91
3803,65176,2025-06-14,Mauvais choix,5.05
3804,65182,2025-06-24,Mauvais choix,76.12
3805,65196,2025-06-18,Autre,105.49
3806,65231,2025-06-20,Autre,59.64
3807,65243,2025-06-19,Défaut,22.56
3808,65245,2025-06-21,Défaut,73.03
3809,65255,2025-06-16,Autre,10.2
3810,65256,2025-06-25,Autre,13.29
3811,65262,2025-06-23,Livraison tardive,40.07
3812,65264,2025-06-14,Changement d'avis,76.12
3813,65290,2025-06-14,Mauvais choix,74.06
3814,65293,2025-06-13,Changement d'avis,61.55
3815,65297,2025-06-17,Mauvais choix,12.26
3816,65310,2025-06-19,Changement d'avis,32.86
3817,65314,2025-06-23,Changement d'avis,39.04
3818,65324,2025-06-22,Défaut,44.19
3819,65334,2025-06-25,Changement d'avis,20.5
3820,65383,2025-06-21,Défaut,26.68
3821,65401,2025-06-26,Autre,48.83
3822,65404,2025-06-24,Défaut,17.52
3823,65418,2025-06-14,Changement d'avis,88.38
3824,65442,2025-06-30,Autre,39.04
3825,65450,2025-06-22,Changement d'avis,76.12
3826,65472,2025-06-30,Changement d'avis,12.26
3827,65477,2025-07-01,Changement d'avis,65.46
3828,65482,2025-06-16,Mauvais choix,20.5
3829,65493,2025-06-27,Changement d'avis,10.67
3830,65513,2025-06-30,Défaut,39.04
3831,65515,2025-07-01,Mauvais choix,121.44
3832,65523,2025-07-02,Changement d'avis,20.5
3833,65527,2025-06-16,Mauvais choix,68.91
3834,65531,2025-06-24,Changement d'avis,57.58
3835,65539,2025-06-22,Défaut,130.93
3836,65582,2025-06-24,Mauvais choix,18.44
3837,65595,2025-06-28,Mauvais choix,44.19
3838,65600,2025-06-25,Mauvais choix,4.02
3839,65609,2025-06-22,Changement d'avis,28.74
3840,65612,2025-06-30,Défaut,20.5
3841,65635,2025-06-25,Autre,45.12
3842,65648,2025-06-26,Mauvais choix,52.43
3843,65660,2025-06-26,Défaut,26.68
3844,65677,2025-06-28,Défaut,130.71
3845,65709,2025-06-21,Mauvais choix,52.43
3846,65726,2025-06-30,Défaut,52.43
3847,65746,2025-06-20,Livraison tardive,21.53
3848,65752,2025-06-29,Changement d'avis,40.07
3849,65759,2025-06-28,Livraison tardive,16.28
3850,65786,2025-06-25,Changement d'avis,12.26
3851,65795,2025-07-03,Livraison tardive,130.71
3852,65797,2025-06-27,Changement d'avis,26.68
3853,65814,2025-07-01,Changement d'avis,20.5
3854,65831,2025-06-30,Défaut,38.94
3855,65855,2025-06-21,Changement d'avis,45.12
3856,65867,2025-06-30,Changement d'avis,34.92
3857,65869,2025-06-27,Livraison tardive,76.12
3858,65872,2025-06-23,Livraison tardive,6.75
3859,65873,2025-06-28,Mauvais choix,45.22
3860,65878,2025-07-07,Mauvais choix,45.12
3861,65920,2025-07-02,Défaut,56.55
3862,65930,2025-07-03,Mauvais choix,40.07
3863,65956,2025-06-28,Autre,104.76
3864,65961,2025-06-27,Autre,53.72
3865,66004,2025-07-08,Changement d'avis,12.26
3866,66016,2025-06-26,Autre,45.22
3867,66021,2025-07-05,Mauvais choix,11.23
3868,66022,2025-07-03,Autre,76.12
3869,66041,2025-07-09,Défaut,52.43
3870,66043,2025-07-01,Livraison tardive,28.64
3871,66052,2025-06-26,Autre,24.62
3872,66053,2025-06-24,Livraison tardive,77.88
3873,66064,2025-06-22,Défaut,76.12
3874,66070,2025-06-27,Mauvais choix,40.07
3875,66076,2025-06-27,Défaut,14.32
3876,66091,2025-06-25,Mauvais choix,76.12
3877,66108,2025-07-07,Défaut,115.37
3878,66151,2025-06-23,Changement d'avis,2.99
3879,66152,2025-07-03,Livraison tardive,39.04
3880,66165,2025-06-26,Mauvais choix,35.95
3881,66194,2025-07-03,Changement d'avis,11.23
3882,66211,2025-07-10,Mauvais choix,27.3
3883,66228,2025-06-26,Changement d'avis,66.85
3884,66252,2025-07-06,Changement d'avis,100.74
3885,66253,2025-07-09,Défaut,26.58
3886,66265,2025-06-30,Défaut,31.83
3887,66281,2025-07-09,Changement d'avis,12.26
3888,66290,2025-07-03,Défaut,21.43
3889,66297,2025-07-12,Autre,40.07
3890,66323,2025-07-08,Changement d'avis,2.99
3891,66372,2025-07-06,Livraison tardive,32.76
3892,66373,2025-06-29,Changement d'avis,76.12
3893,66383,2025-07-03,Défaut,68.91
3894,66388,2025-07-13,Changement d'avis,30.8
3895,66426,2025-06-28,Mauvais choix,10.2
3896,66434,2025-07-06,Changement d'avis,13.1
3897,66436,2025-07-13,Mauvais choix,63.37
3898,66478,2025-06-27,Livraison tardive,21.34
3899,66528,2025-07-06,Mauvais choix,50.37
3900,66534,2025-07-02,Changement d'avis,17.22
3901,66577,2025-07-10,Changement d'avis,57.58
3902,66586,2025-07-11,Mauvais choix,32.86
3903,66613,2025-07-09,Changement d'avis,59.25
3904,66628,2025-07-01,Changement d'avis,26.21
3905,66648,2025-07-16,Changement d'avis,60.9
3906,66653,2025-07-03,Changement d'avis,17.41
3907,66665,2025-07-11,Livraison tardive,22.99
3908,66670,2025-07-10,Livraison tardive,4.04
3909,66671,2025-07-02,Défaut,8.16
3910,66691,2025-07-14,Défaut,125.99
3911,66700,2025-06-30,Défaut,19.7
3912,66705,2025-07-14,Défaut,10.2
3913,66750,2025-07-12,Changement d'avis,18.05
3914,66756,2025-07-12,Défaut,57.58
3915,66759,2025-07-16,Autre,157.49
3916,66760,2025-07-13,Mauvais choix,23.82
3917,66778,2025-07-16,Mauvais choix,51.01
3918,66780,2025-07-15,Changement d'avis,16.4
3919,66782,2025-07-12,Autre,32.06
3920,66796,2025-07-08,Changement d'avis,28.74
3921,66804,2025-07-11,Livraison tardive,31.15
3922,66810,2025-07-10,Changement d'avis,27.11
3923,66814,2025-07-02,Mauvais choix,97.15
3924,66816,2025-07-06,Mauvais choix,19.47
3925,66830,2025-07-01,Mauvais choix,14.67
3926,66833,2025-07-11,Livraison tardive,9.81
3927,66868,2025-07-10,Mauvais choix,66.85
3928,66888,2025-07-09,Défaut,28.74
3929,66911,2025-07-17,Mauvais choix,9.81
3930,66916,2025-07-07,Mauvais choix,102.8
3931,66919,2025-07-08,Mauvais choix,23.82
3932,66928,2025-07-03,Défaut,20.4
3933,67022,2025-07-16,Mauvais choix,32.86
3934,67070,2025-07-22,Changement d'avis,60.9
3935,67096,2025-07-10,Autre,24.64
3936,67127,2025-07-21,Mauvais choix,27.94
3937,67139,2025-07-15,Changement d'avis,35.35
3938,67142,2025-07-18,Mauvais choix,314.98
3939,67153,2025-07-06,Changement d'avis,66.85
3940,67211,2025-07-08,Changement d'avis,13.1
3941,67229,2025-07-11,Livraison tardive,16.28
3942,67238,2025-07-24,Changement d'avis,13.93
3943,67250,2025-07-23,Changement d'avis,32.86
3944,67251,2025-07-14,Livraison tardive,97.15
3945,67267,2025-07-16,Autre,8.16
3946,67275,2025-07-15,Mauvais choix,9.81
3947,67296,2025-07-09,Changement d'avis,31.23
3948,67302,2025-07-20,Changement d'avis,131.52
3949,67312,2025-07-09,Changement d'avis,9.81
3950,67327,2025-07-19,Mauvais choix,28.76
3951,67329,2025-07-10,Mauvais choix,60.9
3952,67358,2025-07-13,Livraison tardive,60.9
3953,67361,2025-07-12,Changement d'avis,35.35
3954,67362,2025-07-22,Défaut,4.02
3955,67422,2025-07-25,Mauvais choix,13.1
3956,67427,2025-07-11,Mauvais choix,44.19
3957,67448,2025-07-19,Mauvais choix,66.85
3958,67454,2025-07-19,Livraison tardive,8.16
3959,67459,2025-07-13,Livraison tardive,74.06
3960,67478,2025-07-27,Mauvais choix,152.24
3961,67496,2025-07-15,Changement d'avis,41.12
3962,67510,2025-07-18,Mauvais choix,125.99
3963,67512,2025-07-11,Livraison tardive,19.47
3964,67558,2025-07-24,Défaut,165.38
3965,67563,2025-07-21,Livraison tardive,40.07
3966,67579,2025-07-20,Changement d'avis,17.41
3967,67598,2025-07-14,Mauvais choix,20.5
3968,67612,2025-07-25,Changement d'avis,237.63
3969,67630,2025-07-15,Défaut,73.03
3970,67633,2025-07-19,Défaut,4.02
3971,67685,2025-07-25,Mauvais choix,32.06
3972,67733,2025-07-15,Livraison tardive,12.26
3973,67738,2025-07-14,Mauvais choix,32.88
3974,67750,2025-07-22,Mauvais choix,46.06
3975,67795,2025-07-24,Changement d'avis,21.53
3976,67798,2025-07-24,Changement d'avis,35.95
3977,67800,2025-07-29,Défaut,34.92
3978,67803,2025-07-14,Défaut,22.99
3979,67813,2025-07-20,Mauvais choix,130.71
3980,67823,2025-07-21,Changement d'avis,86.44
3981,67835,2025-07-22,Défaut,20.5
3982,67853,2025-07-16,Livraison tardive,152.24
3983,67885,2025-07-18,Défaut,8.16
3984,67901,2025-07-15,Mauvais choix,31.23
3985,67906,2025-07-25,Changement d'avis,18.44
3986,67910,2025-07-29,Changement d'avis,13.1
3987,67912,2025-07-24,Défaut,6.51
3988,67945,2025-07-23,Défaut,23.82
3989,67984,2025-08-01,Mauvais choix,121.44
3990,68003,2025-07-29,Mauvais choix,157.49
3991,68016,2025-07-16,Livraison tardive,33.89
3992,68019,2025-07-25,Changement d'avis,44.19
3993,68021,2025-07-24,Mauvais choix,16.38
3994,68022,2025-07-21,Changement d'avis,34.92
3995,68041,2025-07-18,Livraison tardive,119.08
3996,68060,2025-08-01,Changement d'avis,52.43
3997,68077,2025-07-22,Changement d'avis,35.35
3998,68079,2025-07-19,Défaut,23.82
3999,68098,2025-07-31,Mauvais choix,40.07
4000,68099,2025-08-03,Changement d'avis,19.47
4001,68133,2025-07-18,Changement d'avis,79.21
4002,68135,2025-07-30,Défaut,32.76
4003,68143,2025-08-01,Changement d'avis,49.24
4004,68162,2025-07-26,Mauvais choix,36.88
4005,68184,2025-07-26,Mauvais choix,100.74
4006,68192,2025-07-24,Livraison tardive,22.56
4007,68200,2025-07-27,Mauvais choix,11.23
4008,68202,2025-08-05,Changement d'avis,152.24
4009,68208,2025-08-04,Changement d'avis,124.17
4010,68209,2025-07-25,Défaut,63.51
4011,68216,2025-07-28,Changement d'avis,8.14
4012,68243,2025-07-28,Mauvais choix,29.77
4013,68245,2025-07-29,Changement d'avis,32.86
4014,68259,2025-07-25,Mauvais choix,16.38
4015,68274,2025-07-21,Mauvais choix,16.38
4016,68321,2025-08-07,Livraison tardive,16.38
4017,68327,2025-08-06,Changement d'avis,46.25
4018,68355,2025-08-06,Changement d'avis,89.31
4019,68380,2025-07-31,Mauvais choix,45.12
4020,68416,2025-07-29,Livraison tardive,44.19
4021,68445,2025-07-30,Changement d'avis,46.25
4022,68447,2025-08-06,Mauvais choix,44.19
4023,68452,2025-07-26,Changement d'avis,102.8
4024,68458,2025-08-08,Mauvais choix,24.62
4025,68468,2025-08-05,Changement d'avis,80.14
4026,68484,2025-08-08,Autre,17.41
4027,68490,2025-08-02,Défaut,22.46
4028,68494,2025-07-30,Défaut,66.85
4029,68499,2025-08-07,Mauvais choix,21.53
4030,68502,2025-07-24,Autre,48.83
4031,68524,2025-08-04,Mauvais choix,41.0
4032,68529,2025-07-29,Mauvais choix,22.56
4033,68550,2025-08-05,Changement d'avis,28.74
4034,68581,2025-07-27,Changement d'avis,11.23
4035,68587,2025-07-28,Mauvais choix,39.04
4036,68604,2025-08-09,Autre,63.76
4037,68653,2025-08-06,Livraison tardive,51.4
4038,68678,2025-07-29,Défaut,13.29
4039,68679,2025-07-30,Mauvais choix,89.51
4040,68692,2025-08-11,Mauvais choix,2.99
4041,68703,2025-08-09,Mauvais choix,39.04
4042,68707,2025-08-13,Changement d'avis,33.17
4043,68731,2025-08-12,Mauvais choix,79.21
4044,68737,2025-08-02,Défaut,26.68
4045,68766,2025-08-04,Défaut,41.98
4046,68768,2025-07-31,Livraison tardive,18.5
4047,68802,2025-07-29,Autre,8.14
4048,68815,2025-08-12,Défaut,32.86
4049,68836,2025-07-29,Livraison tardive,39.87
4050,68847,2025-08-04,Changement d'avis,12.26
4051,68873,2025-07-30,Changement d'avis,20.5
4052,68887,2025-08-07,Défaut,45.12
4053,68892,2025-08-14,Mauvais choix,28.74
4054,68904,2025-08-12,Mauvais choix,29.26
4055,68914,2025-08-06,Mauvais choix,52.43
4056,68927,2025-08-11,Changement d'avis,51.4
4057,68933,2025-08-14,Autre,89.51
4058,68937,2025-08-03,Défaut,57.48
4059,68952,2025-08-09,Livraison tardive,52.43
4060,68980,2025-08-05,Défaut,179.02
4061,69008,2025-08-06,Changement d'avis,14.32
4062,69023,2025-08-14,Livraison tardive,20.5
4063,69057,2025-08-09,Changement d'avis,52.43
4064,69100,2025-08-02,Changement d'avis,79.21
4065,69104,2025-08-16,Défaut,21.53
4066,69125,2025-08-04,Défaut,179.02
4067,69130,2025-08-17,Changement d'avis,16.38
4068,69133,2025-08-15,Changement d'avis,46.25
4069,69152,2025-08-02,Défaut,45.12
4070,69157,2025-08-10,Défaut,30.8
4071,69189,2025-08-08,Défaut,99.81
4072,69232,2025-08-04,Changement d'avis,10.2
4073,69255,2025-08-19,Livraison tardive,29.77
4074,69263,2025-08-12,Mauvais choix,41.0
4075,69271,2025-08-06,Mauvais choix,39.04
4076,69275,2025-08-22,Livraison tardive,2.99
4077,69280,2025-08-21,Mauvais choix,46.68
4078,69286,2025-08-17,Livraison tardive,21.53
4079,69303,2025-08-20,Changement d'avis,99.81
4080,69311,2025-08-20,Défaut,70.36
4081,69345,2025-08-21,Changement d'avis,35.95
4082,69369,2025-08-24,Mauvais choix,17.41
4083,69372,2025-08-21,Livraison tardive,148.12
4084,69386,2025-08-13,Livraison tardive,15.35
4085,69404,2025-08-18,Livraison tardive,79.21
4086,69438,2025-08-18,Changement d'avis,16.38
4087,69442,2025-08-25,Autre,72.31
4088,69459,2025-08-25,Défaut,29.77
4089,69478,2025-08-23,Changement d'avis,29.77
4090,69495,2025-08-21,Autre,10.2
4091,69500,2025-08-18,Mauvais choix,22.56
4092,69516,2025-08-18,Défaut,17.41
4093,69528,2025-08-11,Défaut,20.5
4094,69542,2025-08-10,Défaut,75.25
4095,69549,2025-08-25,Changement d'avis,11.23
4096,69561,2025-08-20,Changement d'avis,52.43
4097,69576,2025-08-21,Mauvais choix,157.29
4098,69579,2025-08-16,Livraison tardive,69.38
4099,69595,2025-08-20,Livraison tardive,79.21
4100,69633,2025-08-26,Défaut,35.95
4101,69637,2025-08-22,Mauvais choix,130.71
4102,69639,2025-08-20,Changement d'avis,79.21
4103,69640,2025-08-13,Mauvais choix,16.38
4104,69649,2025-08-21,Autre,52.43
4105,69664,2025-08-19,Défaut,20.4
4106,69682,2025-08-24,Mauvais choix,37.09
4107,69689,2025-08-22,Changement d'avis,157.49
4108,69695,2025-08-20,Défaut,78.08
4109,69704,2025-08-17,Livraison tardive,121.44
4110,69728,2025-08-21,Défaut,57.48
4111,69736,2025-08-20,Changement d'avis,2.84
4112,69756,2025-08-24,Mauvais choix,88.38
4113,69770,2025-08-15,Défaut,16.38
4114,69799,2025-08-25,Mauvais choix,22.56
4115,69801,2025-08-14,Défaut,2.99
4116,69803,2025-08-24,Livraison tardive,39.04
4117,69808,2025-08-27,Mauvais choix,30.24
4118,69830,2025-08-14,Changement d'avis,41.0
4119,69842,2025-08-31,Autre,30.8
4120,69854,2025-09-01,Changement d'avis,34.92
4121,69904,2025-08-20,Livraison tardive,16.38
4122,69945,2025-08-18,Défaut,40.07
4123,69961,2025-08-17,Livraison tardive,24.52
4124,69968,2025-08-18,Livraison tardive,12.26
4125,69977,2025-09-04,Livraison tardive,137.82
4126,69991,2025-08-19,Mauvais choix,32.86
4127,70032,2025-08-28,Changement d'avis,102.8
4128,70095,2025-08-22,Changement d'avis,158.42
4129,70127,2025-09-04,Défaut,2.99
4130,70133,2025-08-24,Livraison tardive,51.4
4131,70153,2025-09-05,Défaut,20.5
4132,70178,2025-08-22,Changement d'avis,49.04
4133,70219,2025-08-25,Livraison tardive,70.97
4134,70238,2025-08-29,Mauvais choix,12.26
4135,70244,2025-08-21,Livraison tardive,35.95
4136,70252,2025-09-05,Livraison tardive,20.5
4137,70269,2025-09-02,Changement d'avis,121.44
4138,70308,2025-08-23,Mauvais choix,52.43
4139,70336,2025-08-22,Mauvais choix,16.38
4140,70352,2025-08-23,Changement d'avis,34.92
4141,70373,2025-09-05,Défaut,19.47
4142,70384,2025-08-27,Changement d'avis,24.62
4143,70397,2025-09-09,Changement d'avis,66.85
4144,70405,2025-08-24,Changement d'avis,7.11
4145,70409,2025-08-24,Mauvais choix,68.91
4146,70414,2025-08-30,Mauvais choix,76.12
4147,70425,2025-08-29,Changement d'avis,12.26
4148,70435,2025-09-06,Mauvais choix,38.07
4149,70440,2025-08-28,Défaut,11.23
4150,70442,2025-08-24,Livraison tardive,157.49
4151,70443,2025-09-06,Livraison tardive,43.06
4152,70445,2025-08-31,Changement d'avis,30.8
4153,70452,2025-08-27,Autre,79.21
4154,70461,2025-08-25,Changement d'avis,29.77
4155,70522,2025-08-28,Changement d'avis,89.51
4156,70533,2025-08-28,Défaut,39.04
4157,70540,2025-08-26,Mauvais choix,28.74
4158,70545,2025-09-05,Changement d'avis,33.89
4159,70548,2025-09-06,Autre,13.29
4160,70552,2025-08-27,Mauvais choix,121.44
4161,70555,2025-09-09,Autre,39.04
4162,70571,2025-09-06,Défaut,99.81
4163,70597,2025-08-29,Autre,68.91
4164,70631,2025-09-05,Changement d'avis,206.73
4165,70634,2025-09-02,Mauvais choix,40.07
4166,70650,2025-09-12,Changement d'avis,65.82
4167,70661,2025-09-12,Autre,45.12
4168,70683,2025-09-08,Changement d'avis,44.19
4169,70717,2025-09-08,Défaut,17.41
4170,70768,2025-09-11,Changement d'avis,17.41
4171,70804,2025-09-14,Changement d'avis,14.32
4172,70806,2025-09-08,Mauvais choix,66.65
4173,70819,2025-09-14,Changement d'avis,11.23
4174,70824,2025-09-17,Autre,22.56
4175,70833,2025-09-09,Changement d'avis,4.02
4176,70854,2025-09-01,Autre,16.38
4177,70869,2025-09-08,Défaut,44.19
4178,70871,2025-09-16,Mauvais choix,130.71
4179,70896,2025-09-13,Changement d'avis,9.69
4180,70901,2025-09-04,Autre,26.58
4181,70982,2025-09-11,Changement d'avis,21.53
4182,71014,2025-09-04,Livraison tardive,12.26
4183,71035,2025-09-10,Autre,52.43
4184,71040,2025-09-19,Mauvais choix,89.51
4185,71068,2025-09-13,Autre,77.15
4186,71083,2025-09-05,Mauvais choix,57.58
4187,71085,2025-09-19,Mauvais choix,17.41
4188,71089,2025-09-04,Mauvais choix,30.5
4189,71101,2025-09-08,Livraison tardive,5.98
4190,71125,2025-09-13,Mauvais choix,35.95
4191,71140,2025-09-09,Mauvais choix,15.56
4192,71149,2025-09-07,Mauvais choix,26.68
4193,71160,2025-09-21,Changement d'avis,9.17
4194,71167,2025-09-05,Défaut,2.99
4195,71222,2025-09-15,Mauvais choix,20.45
4196,71223,2025-09-06,Changement d'avis,12.26
4197,71252,2025-09-08,Changement d'avis,68.91
4198,71256,2025-09-23,Mauvais choix,29.77
4199,71280,2025-09-15,Mauvais choix,12.06
4200,71288,2025-09-20,Changement d'avis,21.53
4201,71290,2025-09-17,Défaut,90.44
4202,71324,2025-09-07,Défaut,44.19
4203,71346,2025-09-14,Défaut,2.99
4204,71361,2025-09-12,Défaut,16.28
4205,71364,2025-09-16,Changement d'avis,7.11
4206,71385,2025-09-15,Mauvais choix,49.81
4207,71390,2025-09-14,Changement d'avis,21.53
4208,71392,2025-09-19,Défaut,11.23
4209,71416,2025-09-13,Défaut,10.2
4210,71441,2025-09-09,Défaut,2.99
4211,71446,2025-09-26,Changement d'avis,5.98
4212,71448,2025-09-16,Livraison tardive,22.56
4213,71452,2025-09-17,Mauvais choix,22.56
4214,71457,2025-09-14,Mauvais choix,121.44
4215,71468,2025-09-12,Mauvais choix,40.07
4216,71480,2025-09-14,Changement d'avis,79.21
4217,71514,2025-09-21,Défaut,79.21
4218,71517,2025-09-17,Mauvais choix,22.56
4219,71552,2025-09-19,Changement d'avis,2.99
4220,71563,2025-09-16,Livraison tardive,16.38
4221,71565,2025-09-12,Changement d'avis,20.5
4222,71582,2025-09-15,Défaut,74.06
4223,71598,2025-09-26,Défaut,89.51
4224,71620,2025-09-16,Changement d'avis,157.49
4225,71621,2025-09-20,Changement d'avis,70.36
4226,71694,2025-09-12,Changement d'avis,73.03
4227,71696,2025-09-20,Changement d'avis,78.08
4228,71780,2025-09-23,Changement d'avis,16.38
4229,71790,2025-10-09,Mauvais choix,59.64
4230,71824,2025-09-17,Mauvais choix,56.55
4231,71825,2025-10-01,Mauvais choix,79.21
4232,71836,2025-09-16,Changement d'avis,20.5
4233,71851,2025-09-23,Mauvais choix,53.72
4234,71853,2025-09-29,Défaut,13.29
4235,71868,2025-09-25,Livraison tardive,21.53
4236,71878,2025-09-28,Mauvais choix,76.12
4237,71884,2025-09-23,Mauvais choix,100.74
4238,71907,2025-09-15,Livraison tardive,74.06
4239,71964,2025-09-25,Mauvais choix,7.11
4240,71970,2025-09-17,Défaut,17.41
4241,71992,2025-09-20,Changement d'avis,63.76
4242,71994,2025-09-28,Défaut,10.2
4243,72009,2025-10-01,Livraison tardive,32.86
4244,72014,2025-09-27,Autre,2.99
4245,72045,2025-09-18,Changement d'avis,69.84
4246,72054,2025-09-25,Défaut,79.21
4247,72059,2025-09-27,Mauvais choix,66.85
4248,72067,2025-09-18,Autre,93.63
4249,72069,2025-09-25,Mauvais choix,16.38
4250,72073,2025-10-01,Mauvais choix,21.53
4251,72132,2025-09-24,Changement d'avis,16.28
4252,72148,2025-09-23,Changement d'avis,10.2
4253,72160,2025-09-20,Changement d'avis,11.23
4254,72196,2025-09-24,Changement d'avis,13.29
4255,72202,2025-10-04,Changement d'avis,158.42
4256,72219,2025-09-22,Mauvais choix,22.56
4257,72266,2025-09-20,Mauvais choix,4.02
4258,72271,2025-09-30,Changement d'avis,103.63
4259,72275,2025-09-30,Livraison tardive,20.5
4260,72276,2025-10-05,Changement d'avis,52.43
4261,72290,2025-09-22,Défaut,40.07
4262,72336,2025-09-28,Mauvais choix,157.49
4263,72352,2025-09-23,Autre,47.85
4264,72358,2025-10-02,Mauvais choix,19.47
4265,72374,2025-09-29,Mauvais choix,11.23
4266,72383,2025-09-21,Mauvais choix,68.91
4267,72401,2025-09-20,Défaut,19.47
4268,72432,2025-09-24,Changement d'avis,10.2
4269,72437,2025-09-24,Changement d'avis,7.11
4270,72449,2025-09-21,Mauvais choix,22.56
4271,72452,2025-10-02,Changement d'avis,12.63
4272,72467,2025-09-25,Mauvais choix,51.4
4273,72468,2025-09-21,Mauvais choix,8.04
4274,72535,2025-10-06,Changement d'avis,6.75
4275,72551,2025-10-02,Changement d'avis,20.5
4276,72556,2025-09-26,Défaut,41.1
4277,72594,2025-10-06,Changement d'avis,12.26
4278,72598,2025-10-07,Changement d'avis,64.79
4279,72599,2025-10-03,Mauvais choix,35.95
4280,72601,2025-10-05,Changement d'avis,89.51
4281,72617,2025-09-29,Défaut,57.58
4282,72638,2025-10-05,Autre,24.62
4283,72660,2025-10-03,Mauvais choix,22.56
4284,72677,2025-09-28,Livraison tardive,22.56
4285,72688,2025-09-30,Livraison tardive,32.86
4286,72697,2025-09-25,Changement d'avis,11.65
4287,72698,2025-10-09,Défaut,23.39
4288,72731,2025-09-26,Mauvais choix,24.62
4289,72768,2025-10-05,Mauvais choix,34.92
4290,72786,2025-10-10,Livraison tardive,28.74
4291,72799,2025-10-12,Mauvais choix,16.38
4292,72803,2025-09-30,Mauvais choix,76.12
4293,72835,2025-09-27,Livraison tardive,149.62
4294,72845,2025-09-26,Mauvais choix,88.38
4295,72850,2025-10-13,Changement d'avis,51.4
4296,72874,2025-10-03,Livraison tardive,134.84
4297,72875,2025-10-01,Défaut,20.45
4298,72879,2025-10-05,Livraison tardive,27.51
4299,72904,2025-09-28,Changement d'avis,11.23
4300,72992,2025-10-06,Mauvais choix,13.29
4301,73008,2025-10-05,Défaut,17.41
4302,73024,2025-10-13,Changement d'avis,34.82
4303,73044,2025-10-14,Mauvais choix,2.99
4304,73050,2025-10-05,Changement d'avis,22.56
4305,73057,2025-09-30,Changement d'avis,11.23
4306,73095,2025-10-09,Mauvais choix,20.5
4307,73099,2025-10-07,Livraison tardive,73.86
4308,73103,2025-10-09,Mauvais choix,26.68
4309,73144,2025-10-12,Mauvais choix,51.4
4310,73148,2025-10-03,Livraison tardive,79.21
4311,73159,2025-10-12,Mauvais choix,33.17
4312,73183,2025-10-07,Défaut,21.53
4313,73196,2025-10-15,Changement d'avis,30.8
4314,73255,2025-10-11,Autre,59.54
4315,73262,2025-10-16,Livraison tardive,73.96
4316,73263,2025-10-02,Défaut,120.21
4317,73284,2025-10-01,Livraison tardive,76.12
4318,73299,2025-10-08,Mauvais choix,117.12
4319,73317,2025-10-09,Changement d'avis,10.2
4320,73354,2025-10-07,Mauvais choix,46.25
4321,73359,2025-10-15,Changement d'avis,31.12
4322,73381,2025-10-04,Changement d'avis,22.56
4323,73386,2025-10-03,Changement d'avis,77.15
4324,73387,2025-10-10,Autre,78.08
4325,73391,2025-10-15,Changement d'avis,10.2
4326,73399,2025-10-13,Livraison tardive,53.72
4327,73404,2025-10-19,Mauvais choix,52.43
4328,73412,2025-10-06,Autre,20.5
4329,73416,2025-10-09,Mauvais choix,35.95
4330,73417,2025-10-05,Mauvais choix,11.23
4331,73422,2025-10-13,Défaut,472.47
4332,73432,2025-10-13,Changement d'avis,56.55
4333,73437,2025-10-16,Changement d'avis,58.61
4334,73441,2025-10-07,Défaut,121.44
4335,73444,2025-10-09,Changement d'avis,109.08
4336,73466,2025-10-04,Livraison tardive,21.53
4337,73498,2025-10-09,Mauvais choix,79.21
4338,73500,2025-10-16,Changement d'avis,39.04
4339,73513,2025-10-06,Autre,18.44
4340,73523,2025-10-07,Changement d'avis,28.74
4341,73527,2025-10-09,Changement d'avis,51.4
4342,73535,2025-10-19,Mauvais choix,2.99
4343,73541,2025-10-13,Livraison tardive,4.02
4344,73580,2025-10-21,Mauvais choix,89.31
4345,73601,2025-10-19,Changement d'avis,11.23
4346,73613,2025-10-20,Changement d'avis,10.2
4347,73622,2025-10-11,Défaut,20.5
4348,73626,2025-10-18,Défaut,13.29
4349,73638,2025-10-13,Mauvais choix,38.94
4350,73644,2025-10-11,Changement d'avis,52.43
4351,73666,2025-10-05,Mauvais choix,52.43
4352,73694,2025-10-21,Changement d'avis,28.74
4353,73709,2025-10-05,Changement d'avis,11.23
4354,73721,2025-10-22,Livraison tardive,29.77
4355,73780,2025-10-15,Mauvais choix,157.49
4356,73796,2025-10-11,Changement d'avis,109.08
4357,73805,2025-10-12,Changement d'avis,12.26
4358,73810,2025-10-22,Mauvais choix,17.41
4359,73822,2025-10-23,Changement d'avis,131.64
4360,73839,2025-10-18,Changement d'avis,68.91
4361,73841,2025-10-21,Mauvais choix,44.19
4362,73858,2025-10-10,Livraison tardive,102.8
4363,73884,2025-10-24,Autre,52.43
4364,73903,2025-10-24,Mauvais choix,7.11
4365,73927,2025-10-22,Mauvais choix,55.52
4366,73956,2025-10-25,Mauvais choix,18.44
4367,74012,2025-10-17,Changement d'avis,24.62
4368,74015,2025-10-14,Changement d'avis,26.58
4369,74017,2025-10-19,Défaut,22.56
4370,74082,2025-10-27,Changement d'avis,64.79
4371,74087,2025-10-17,Mauvais choix,66.85
4372,74089,2025-10-11,Autre,24.62
4373,74097,2025-10-15,Livraison tardive,19.47
4374,74098,2025-10-24,Changement d'avis,76.12
4375,74099,2025-10-18,Changement d'avis,20.5
4376,74105,2025-10-16,Livraison tardive,52.43
4377,74121,2025-10-12,Changement d'avis,8.14
4378,74158,2025-10-17,Mauvais choix,20.5
4379,74173,2025-10-14,Mauvais choix,104.86
4380,74185,2025-10-16,Changement d'avis,33.89
4381,74227,2025-10-16,Autre,33.89
4382,74236,2025-10-14,Livraison tardive,11.23
4383,74252,2025-10-24,Autre,12.26
4384,74280,2025-10-23,Défaut,22.56
4385,74302,2025-10-14,Livraison tardive,5.05
4386,74307,2025-10-21,Autre,109.08
4387,74317,2025-10-15,Mauvais choix,22.56
4388,74327,2025-10-23,Mauvais choix,8.14
4389,74332,2025-10-23,Livraison tardive,15.35
4390,74335,2025-10-29,Mauvais choix,108.05
4391,74341,2025-10-28,Mauvais choix,2.99
4392,74347,2025-10-28,Autre,44.19
4393,74379,2025-10-25,Mauvais choix,108.05
4394,74482,2025-10-17,Mauvais choix,8.14
4395,74490,2025-10-28,Livraison tardive,8.71
4396,74563,2025-10-31,Mauvais choix,21.53
4397,74567,2025-10-24,Défaut,22.56
4398,74583,2025-10-24,Changement d'avis,38.94
4399,74594,2025-10-30,Autre,28.74
4400,74614,2025-10-28,Changement d'avis,26.58
4401,74623,2025-10-27,Mauvais choix,53.36
4402,74644,2025-10-22,Mauvais choix,104.86
4403,74677,2025-10-24,Changement d'avis,32.76
4404,74693,2025-10-28,Autre,52.43
4405,74697,2025-10-28,Mauvais choix,16.38
4406,74702,2025-11-03,Autre,12.26
4407,74704,2025-10-30,Changement d'avis,29.77
4408,74705,2025-11-01,Changement d'avis,22.56
4409,74720,2025-11-01,Livraison tardive,15.35
4410,74737,2025-10-26,Changement d'avis,12.26
4411,74744,2025-10-18,Défaut,7.11
4412,74753,2025-10-31,Changement d'avis,148.12
4413,74757,2025-10-26,Défaut,13.29
4414,74765,2025-10-26,Livraison tardive,35.95
4415,74769,2025-11-03,Défaut,4.02
4416,74823,2025-10-31,Livraison tardive,56.55
4417,74830,2025-10-23,Changement d'avis,157.49
4418,74831,2025-10-19,Mauvais choix,45.22
4419,74842,2025-10-30,Défaut,109.08
4420,74848,2025-11-04,Changement d'avis,121.44
4421,74849,2025-11-02,Autre,29.77
4422,74874,2025-10-23,Défaut,52.43
4423,74920,2025-10-25,Mauvais choix,59.54
4424,74921,2025-10-23,Changement d'avis,218.16
4425,74936,2025-10-23,Changement d'avis,44.19
4426,74944,2025-10-21,Mauvais choix,44.19
4427,74945,2025-10-28,Défaut,50.37
4428,74948,2025-10-29,Livraison tardive,22.56
4429,74967,2025-11-05,Mauvais choix,21.53
4430,74982,2025-10-25,Mauvais choix,92.5
4431,75005,2025-10-23,Mauvais choix,22.56
4432,75008,2025-10-30,Livraison tardive,12.89
4433,75030,2025-10-30,Défaut,2.99
4434,75057,2025-11-04,Changement d'avis,52.43
4435,75099,2025-10-26,Mauvais choix,108.05
4436,75127,2025-11-04,Changement d'avis,21.53
4437,75129,2025-10-24,Mauvais choix,89.51
4438,75157,2025-10-28,Mauvais choix,22.56
4439,75164,2025-10-23,Changement d'avis,38.01
4440,75172,2025-11-06,Changement d'avis,13.29
4441,75180,2025-10-29,Défaut,68.91
4442,75194,2025-11-06,Mauvais choix,12.26
4443,75208,2025-10-24,Mauvais choix,40.07
4444,75211,2025-10-28,Changement d'avis,69.84
4445,75213,2025-11-01,Changement d'avis,15.15
4446,75228,2025-11-04,Défaut,44.19
4447,75243,2025-10-29,Autre,2.99
4448,75252,2025-11-01,Mauvais choix,22.56
4449,75263,2025-11-09,Livraison tardive,16.38
4450,75268,2025-11-03,Changement d'avis,14.32
4451,75284,2025-10-31,Mauvais choix,9.17
4452,75298,2025-11-10,Changement d'avis,76.12
4453,75309,2025-11-06,Défaut,10.2
4454,75320,2025-11-08,Livraison tardive,17.41
4455,75332,2025-11-07,Changement d'avis,20.5
4456,75394,2025-11-09,Changement d'avis,66.85
4457,75416,2025-11-09,Changement d'avis,17.52
4458,75438,2025-11-05,Autre,16.38
4459,75477,2025-10-28,Autre,9.17
4460,75478,2025-11-01,Défaut,44.19
4461,75492,2025-11-03,Changement d'avis,28.74
4462,75499,2025-11-05,Livraison tardive,56.55
4463,75505,2025-11-04,Défaut,11.23
4464,75545,2025-11-11,Changement d'avis,149.62
4465,75561,2025-11-12,Changement d'avis,33.89
4466,75605,2025-11-13,Changement d'avis,121.44
4467,75639,2025-11-14,Livraison tardive,36.98
4468,75642,2025-11-04,Autre,16.38
4469,75656,2025-11-03,Changement d'avis,41.98
4470,75676,2025-11-04,Autre,24.42
4471,75698,2025-11-09,Défaut,35.95
4472,75702,2025-11-04,Défaut,24.62
4473,75703,2025-10-29,Mauvais choix,2.99
4474,75712,2025-11-12,Changement d'avis,17.41
4475,75734,2025-11-13,Mauvais choix,149.62
4476,75772,2025-11-15,Changement d'avis,22.56
4477,75789,2025-11-05,Autre,68.91
4478,75790,2025-11-10,Autre,13.29
4479,75826,2025-11-03,Mauvais choix,216.1
4480,75843,2025-11-04,Mauvais choix,12.26
4481,75844,2025-11-03,Mauvais choix,19.47
4482,75851,2025-11-15,Mauvais choix,66.85
4483,75876,2025-11-11,Mauvais choix,38.01
4484,75920,2025-11-16,Mauvais choix,22.56
4485,75921,2025-11-11,Mauvais choix,52.23
4486,75923,2025-11-02,Changement d'avis,57.58
4487,75927,2025-11-18,Défaut,50.37
4488,75931,2025-11-17,Livraison tardive,51.4
4489,75993,2025-11-12,Changement d'avis,21.53
4490,76000,2025-11-16,Changement d'avis,24.62
4491,76024,2025-11-07,Mauvais choix,20.5
4492,76117,2025-11-13,Livraison tardive,12.26
4493,76120,2025-11-09,Autre,39.04
4494,76212,2025-11-05,Mauvais choix,19.47
4495,76227,2025-11-24,Autre,30.8
4496,76237,2025-11-11,Changement d'avis,2.99
4497,76242,2025-11-08,Mauvais choix,32.86
4498,76255,2025-11-20,Changement d'avis,28.74
4499,76263,2025-11-21,Mauvais choix,24.62
4500,76276,2025-11-17,Changement d'avis,12.26
4501,76279,2025-11-20,Changement d'avis,108.05
4502,76365,2025-11-10,Mauvais choix,39.04
4503,76378,2025-11-07,Défaut,14.58
4504,76380,2025-11-13,Changement d'avis,27.3
4505,76382,2025-11-07,Livraison tardive,15.56
4506,76385,2025-11-05,Mauvais choix,16.38
4507,76389,2025-11-19,Autre,35.95
4508,76391,2025-11-13,Mauvais choix,26.68
4509,76403,2025-11-06,Mauvais choix,29.77
4510,76406,2025-11-17,Défaut,44.19
4511,76424,2025-11-21,Livraison tardive,20.5
4512,76433,2025-11-16,Mauvais choix,88.38
4513,76440,2025-11-14,Mauvais choix,80.14
4514,76450,2025-11-22,Livraison tardive,20.5
4515,76453,2025-11-19,Mauvais choix,2.99
4516,76469,2025-11-07,Défaut,65.72
4517,76473,2025-11-06,Changement d'avis,19.47
4518,76491,2025-11-17,Défaut,29.77
4519,76494,2025-11-13,Changement d'avis,50.37
4520,76521,2025-11-08,Mauvais choix,157.49
4521,76572,2025-11-15,Autre,37.09
4522,76592,2025-11-20,Changement d'avis,75.25
4523,76607,2025-11-19,Changement d'avis,39.04
4524,76609,2025-11-15,Défaut,28.74
4525,76656,2025-11-11,Défaut,18.34
4526,76666,2025-11-21,Mauvais choix,74.06
4527,76667,2025-11-20,Changement d'avis,68.91
4528,76677,2025-11-10,Mauvais choix,68.91
4529,76705,2025-11-13,Changement d'avis,76.13
4530,76716,2025-11-19,Autre,29.77
4531,76751,2025-11-14,Mauvais choix,70.97
4532,76757,2025-11-13,Livraison tardive,28.74
4533,76769,2025-11-15,Défaut,17.41
4534,76810,2025-11-23,Changement d'avis,28.74
4535,76813,2025-11-16,Mauvais choix,73.03
4536,76817,2025-11-19,Défaut,8.14
4537,76834,2025-11-16,Défaut,109.08
4538,76856,2025-11-17,Changement d'avis,9.17
4539,76860,2025-11-17,Mauvais choix,85.03
4540,76864,2025-11-22,Changement d'avis,66.85
4541,76870,2025-11-14,Changement d'avis,51.4
4542,76888,2025-11-28,Changement d'avis,16.38
4543,76901,2025-11-21,Défaut,41.0
4544,76919,2025-11-22,Changement d'avis,11.65
4545,76923,2025-11-21,Mauvais choix,14.32
4546,76928,2025-11-12,Mauvais choix,40.07
4547,76978,2025-11-11,Changement d'avis,50.37
4548,76980,2025-11-28,Changement d'avis,13.29
4549,76990,2025-11-27,Changement d'avis,39.04
4550,76991,2025-11-20,Mauvais choix,80.14
4551,77003,2025-11-15,Autre,8.71
4552,77023,2025-11-19,Défaut,157.49
4553,77025,2025-11-20,Mauvais choix,35.95
4554,77026,2025-11-21,Livraison tardive,40.07
4555,77029,2025-11-23,Mauvais choix,9.17
4556,77033,2025-11-19,Autre,12.06
4557,77036,2025-11-28,Mauvais choix,44.19
4558,77046,2025-11-21,Changement d'avis,26.68
4559,77069,2025-11-15,Défaut,39.04
4560,77072,2025-11-13,Livraison tardive,32.76
4561,77083,2025-11-14,Mauvais choix,39.04
4562,77084,2025-11-21,Mauvais choix,57.48
4563,77101,2025-11-28,Mauvais choix,41.1
4564,77106,2025-11-26,Mauvais choix,17.41
4565,77109,2025-11-16,Changement d'avis,21.53
4566,77163,2025-11-28,Changement d'avis,43.06
4567,77170,2025-11-22,Défaut,14.32
4568,77175,2025-11-26,Changement d'avis,29.77
4569,77186,2025-11-14,Mauvais choix,76.12
4570,77231,2025-11-24,Livraison tardive,104.76
4571,77254,2025-11-19,Autre,11.23
4572,77292,2025-11-22,Mauvais choix,39.04
4573,77299,2025-11-23,Défaut,5.05
4574,77313,2025-11-15,Changement d'avis,59.64
4575,77352,2025-11-17,Défaut,44.19
4576,77359,2025-11-24,Autre,52.43
4577,77398,2025-12-02,Livraison tardive,32.86
4578,77424,2025-11-28,Livraison tardive,76.04
4579,77438,2025-11-24,Défaut,157.49
4580,77454,2025-12-02,Livraison tardive,106.72
4581,77472,2025-11-30,Défaut,88.38
4582,77476,2025-11-21,Changement d'avis,17.41
4583,77501,2025-12-02,Changement d'avis,18.44
4584,77502,2025-11-17,Changement d'avis,9.17
4585,77504,2025-11-21,Mauvais choix,79.21
4586,77506,2025-11-23,Mauvais choix,13.29
4587,77524,2025-11-27,Mauvais choix,148.12
4588,77528,2025-11-23,Défaut,52.43
4589,77551,2025-11-18,Mauvais choix,44.19
4590,77567,2025-11-26,Changement d'avis,20.5
4591,77581,2025-11-25,Défaut,20.5
4592,77596,2025-11-23,Mauvais choix,68.91
4593,77637,2025-11-28,Mauvais choix,33.89
4594,77667,2025-11-27,Autre,52.43
4595,77668,2025-12-02,Changement d'avis,30.7
4596,77685,2025-11-26,Défaut,38.01
4597,77686,2025-11-19,Défaut,11.23
4598,77707,2025-12-02,Mauvais choix,16.38
4599,77760,2025-11-25,Autre,46.25
4600,77765,2025-11-29,Défaut,74.06
4601,77769,2025-12-01,Livraison tardive,80.14
4602,77776,2025-11-30,Mauvais choix,52.43
4603,77782,2025-11-30,Mauvais choix,17.41
4604,77798,2025-11-25,Mauvais choix,26.68
4605,77829,2025-11-28,Mauvais choix,121.44
4606,77835,2025-11-22,Livraison tardive,15.35
4607,77864,2025-11-28,Défaut,29.77
4608,77867,2025-11-30,Autre,70.97
4609,77872,2025-11-30,Changement d'avis,57.48
4610,77888,2025-12-01,Défaut,218.16
4611,77900,2025-12-07,Livraison tardive,16.54
4612,77912,2025-11-26,Livraison tardive,40.07
4613,77917,2025-11-26,Autre,32.76
4614,77948,2025-11-30,Défaut,13.29
4615,77984,2025-12-06,Livraison tardive,9.17
4616,77994,2025-11-29,Mauvais choix,12.26
4617,78005,2025-12-04,Changement d'avis,19.47
4618,78020,2025-12-08,Mauvais choix,89.31
4619,78021,2025-11-28,Changement d'avis,2.99
4620,78078,2025-11-27,Changement d'avis,50.37
4621,78080,2025-11-25,Changement d'avis,12.26
4622,78098,2025-11-22,Mauvais choix,26.68
4623,78117,2025-11-27,Mauvais choix,40.07
4624,78136,2025-12-04,Mauvais choix,20.5
4625,78139,2025-11-29,Changement d'avis,57.58
4626,78154,2025-12-01,Mauvais choix,26.68
4627,78181,2025-11-26,Mauvais choix,39.77
4628,78186,2025-12-03,Mauvais choix,40.07
4629,78194,2025-12-03,Autre,34.92
4630,78206,2025-11-25,Mauvais choix,34.92
4631,78221,2025-11-30,Mauvais choix,127.32
4632,78265,2025-12-01,Mauvais choix,39.04
4633,78277,2025-11-29,Défaut,51.4
4634,78295,2025-12-02,Défaut,117.12
4635,78298,2025-12-08,Défaut,10.2
4636,78314,2025-12-09,Changement d'avis,2.99
4637,78322,2025-12-07,Défaut,16.38
4638,78326,2025-12-11,Mauvais choix,237.63
4639,78330,2025-12-02,Mauvais choix,45.12
4640,78333,2025-12-08,Défaut,24.62
4641,78357,2025-12-06,Mauvais choix,113.1
4642,78366,2025-12-06,Changement d'avis,32.86
4643,78377,2025-11-27,Mauvais choix,8.14
4644,78384,2025-11-25,Autre,17.41
4645,78397,2025-12-07,Mauvais choix,2.84
4646,78399,2025-12-07,Mauvais choix,19.47
4647,78411,2025-12-03,Mauvais choix,29.77
4648,78430,2025-11-28,Mauvais choix,121.44
4649,78453,2025-12-09,Mauvais choix,17.41
4650,78475,2025-12-07,Changement d'avis,86.44
4651,78487,2025-12-04,Changement d'avis,22.56
4652,78520,2025-12-08,Mauvais choix,59.64
4653,78573,2025-12-10,Mauvais choix,46.06
4654,78574,2025-12-06,Changement d'avis,63.37
4655,78579,2025-12-02,Changement d'avis,13.1
4656,78600,2025-12-04,Livraison tardive,132.57
4657,78602,2025-12-06,Mauvais choix,18.05
4658,78642,2025-11-28,Défaut,26.68
4659,78664,2025-12-03,Mauvais choix,2.39
4660,78668,2025-12-12,Changement d'avis,27.94
4661,78683,2025-12-14,Changement d'avis,51.83
4662,78686,2025-12-02,Changement d'avis,62.46
4663,78719,2025-11-27,Livraison tardive,17.41
4664,78722,2025-12-07,Changement d'avis,35.35
4665,78735,2025-12-11,Changement d'avis,63.37
4666,78736,2025-12-04,Mauvais choix,125.99
4667,78758,2025-12-02,Défaut,70.7
4668,78762,2025-12-12,Défaut,40.07
4669,78766,2025-11-29,Mauvais choix,157.49
4670,78790,2025-11-30,Autre,21.34
4671,78799,2025-11-28,Changement d'avis,31.23
4672,78898,2025-12-12,Mauvais choix,34.92
4673,78900,2025-12-04,Mauvais choix,29.77
4674,78907,2025-12-16,Défaut,10.2
4675,78917,2025-12-07,Défaut,44.19
4676,78920,2025-12-08,Changement d'avis,28.74
4677,79000,2025-12-14,Défaut,40.07
4678,79026,2025-12-15,Autre,14.75
4679,79034,2025-12-08,Défaut,6.51
4680,79047,2025-11-30,Livraison tardive,27.11
4681,79065,2025-12-14,Mauvais choix,13.1
4682,79095,2025-12-10,Changement d'avis,29.77
4683,79104,2025-12-05,Mauvais choix,92.13
4684,79117,2025-12-13,Changement d'avis,9.81
4685,79124,2025-12-16,Changement d'avis,100.74
4686,79134,2025-12-11,Changement d'avis,74.06
4687,79148,2025-12-02,Mauvais choix,69.84
4688,79160,2025-12-09,Défaut,17.22
4689,79166,2025-12-02,Changement d'avis,4.02
4690,79182,2025-12-12,Mauvais choix,29.77
4691,79187,2025-12-05,Défaut,24.62
4692,79202,2025-12-02,Mauvais choix,29.77
4693,79258,2025-12-18,Changement d'avis,32.8
4694,79311,2025-12-02,Changement d'avis,34.92
4695,79321,2025-12-08,Changement d'avis,51.4
4696,79332,2025-12-14,Mauvais choix,24.52
4697,79372,2025-12-16,Changement d'avis,97.15
4698,79379,2025-12-16,Changement d'avis,11.46
4699,79396,2025-12-04,Changement d'avis,32.06
4700,79444,2025-12-12,Défaut,54.14
4701,79445,2025-12-14,Mauvais choix,18.05
4702,79465,2025-12-05,Défaut,12.26
4703,79481,2025-12-11,Mauvais choix,28.76
4704,79487,2025-12-07,Défaut,26.68
4705,79488,2025-12-11,Défaut,44.19
4706,79525,2025-12-19,Changement d'avis,70.97
4707,79541,2025-12-15,Mauvais choix,41.94
4708,79558,2025-12-18,Changement d'avis,2.99
4709,79587,2025-12-05,Livraison tardive,60.9
4710,79601,2025-12-11,Mauvais choix,17.22
4711,79605,2025-12-03,Changement d'avis,8.98
4712,79608,2025-12-06,Mauvais choix,9.81
4713,79639,2025-12-10,Autre,9.17
4714,79642,2025-12-17,Changement d'avis,44.19
4715,79661,2025-12-16,Mauvais choix,66.85
4716,79663,2025-12-07,Livraison tardive,18.44
4717,79679,2025-12-20,Livraison tardive,29.77
4718,79680,2025-12-12,Autre,64.79
4719,79685,2025-12-15,Livraison tardive,36.78
4720,79725,2025-12-05,Autre,33.89
4721,79728,2025-12-19,Mauvais choix,132.57
4722,79749,2025-12-15,Mauvais choix,9.17
4723,79765,2025-12-12,Mauvais choix,11.23
4724,79768,2025-12-15,Livraison tardive,20.5
4725,79770,2025-12-06,Livraison tardive,29.77
4726,79805,2025-12-15,Changement d'avis,66.85
4727,79810,2025-12-07,Changement d'avis,130.71
4728,79813,2025-12-13,Changement d'avis,41.0
4729,79840,2025-12-17,Défaut,76.12
4730,79866,2025-12-11,Défaut,19.47
4731,79874,2025-12-22,Changement d'avis,10.2
4732,79888,2025-12-20,Changement d'avis,34.92
4733,79894,2025-12-18,Mauvais choix,14.32
4734,79901,2025-12-20,Changement d'avis,135.56
4735,79903,2025-12-22,Changement d'avis,33.89
4736,79908,2025-12-21,Livraison tardive,22.56
4737,79915,2025-12-07,Mauvais choix,29.77
4738,79922,2025-12-21,Mauvais choix,3.82
4739,79944,2025-12-13,Mauvais choix,39.04
4740,79946,2025-12-23,Changement d'avis,52.43
4741,79961,2025-12-16,Défaut,29.77
4742,79966,2025-12-08,Changement d'avis,68.91
4743,79971,2025-12-18,Changement d'avis,13.29
4744,80010,2025-12-23,Changement d'avis,8.04
4745,80031,2025-12-08,Livraison tardive,64.79
4746,80066,2025-12-16,Mauvais choix,22.56
4747,80077,2025-12-22,Changement d'avis,28.28
4748,80109,2025-12-14,Défaut,33.89
4749,80139,2025-12-15,Changement d'avis,39.04
4750,80156,2025-12-09,Autre,28.74
4751,80169,2025-12-09,Mauvais choix,22.56
4752,80171,2025-12-08,Défaut,22.56
4753,80172,2025-12-20,Mauvais choix,113.1
4754,80177,2025-12-24,Défaut,51.4
4755,80186,2025-12-10,Changement d'avis,30.8
4756,80194,2025-12-20,Autre,18.44
4757,80207,2025-12-24,Mauvais choix,21.53
4758,80219,2025-12-21,Livraison tardive,108.05
4759,80255,2025-12-19,Mauvais choix,24.62
4760,80274,2025-12-21,Défaut,22.56
4761,80289,2025-12-16,Mauvais choix,54.61
4762,80296,2025-12-16,Livraison tardive,55.52
4763,80308,2025-12-19,Mauvais choix,14.32
4764,80310,2025-12-08,Mauvais choix,92.5
4765,80311,2025-12-23,Défaut,5.05
4766,80319,2025-12-09,Autre,39.04
4767,80337,2025-12-12,Livraison tardive,49.24
4768,80349,2025-12-14,Mauvais choix,11.23
4769,80377,2025-12-26,Changement d'avis,43.06
4770,80378,2025-12-11,Changement d'avis,26.68
4771,80386,2025-12-26,Mauvais choix,9.17
4772,80431,2025-12-15,Changement d'avis,15.35
4773,80508,2025-12-10,Autre,56.55
4774,80535,2025-12-15,Défaut,121.44
4775,80564,2025-12-21,Changement d'avis,100.74
4776,80595,2025-12-13,Défaut,19.47
4777,80607,2025-12-19,Changement d'avis,30.6
4778,80608,2025-12-20,Mauvais choix,99.81
4779,80613,2025-12-21,Changement d'avis,12.26
4780,80630,2025-12-12,Mauvais choix,130.71
4781,80640,2025-12-27,Changement d'avis,32.86
4782,80654,2025-12-15,Mauvais choix,39.04
4783,80657,2025-12-25,Défaut,52.43
4784,80686,2025-12-25,Mauvais choix,19.47
4785,80687,2025-12-14,Autre,26.68
4786,80695,2025-12-20,Changement d'avis,12.26
4787,80700,2025-12-13,Autre,20.5
4788,80711,2025-12-17,Mauvais choix,12.26
4789,80713,2025-12-14,Mauvais choix,29.77
4790,80718,2025-12-27,Défaut,76.02
4791,80742,2025-12-13,Mauvais choix,76.12
4792,80744,2025-12-19,Changement d'avis,50.37
4793,80760,2025-12-14,Mauvais choix,76.12
4794,80764,2025-12-23,Livraison tardive,80.14
4795,80770,2025-12-16,Changement d'avis,17.41
4796,80773,2025-12-21,Changement d'avis,10.2
4797,80780,2025-12-18,Autre,24.62
4798,80805,2026-01-16,Changement d'avis,24.62
4799,80807,2025-12-22,Défaut,17.41
4800,80847,2025-12-22,Mauvais choix,76.12
4801,80848,2025-12-14,Changement d'avis,32.86
4802,80850,2025-12-12,Mauvais choix,24.62
4803,80859,2025-12-19,Mauvais choix,9.69
4804,80879,2025-12-25,Autre,51.4
4805,80885,2025-12-27,Changement d'avis,33.17
4806,80892,2025-12-21,Défaut,102.8
4807,80901,2025-12-19,Mauvais choix,51.4
4808,80913,2025-12-21,Mauvais choix,22.56
4809,80918,2025-12-23,Changement d'avis,44.92
4810,80925,2025-12-23,Changement d'avis,22.56
4811,80945,2025-12-27,Mauvais choix,2.69
4812,80970,2025-12-15,Livraison tardive,39.04
4813,80980,2025-12-28,Changement d'avis,209.72
4814,81000,2025-12-20,Défaut,76.12
4815,81023,2025-12-19,Mauvais choix,79.21
4816,81026,2025-12-16,Défaut,49.81
4817,81028,2025-12-20,Changement d'avis,41.98
4818,81035,2025-12-17,Changement d'avis,28.74
4819,81096,2025-12-29,Défaut,66.85
4820,81165,2025-12-31,Autre,44.19
4821,81180,2025-12-28,Défaut,20.5
4822,81191,2025-12-28,Mauvais choix,55.32
4823,81211,2025-12-23,Défaut,34.92
4824,81212,2025-12-15,Changement d'avis,59.54
4825,81238,2025-12-30,Changement d'avis,22.56
4826,81253,2025-12-17,Autre,50.37
4827,81261,2025-12-30,Changement d'avis,33.89
4828,81272,2025-12-24,Changement d'avis,65.72
4829,81279,2025-12-31,Défaut,34.92
4830,81289,2025-12-22,Défaut,11.23
4831,81300,2025-12-23,Changement d'avis,19.47
4832,81308,2025-12-23,Autre,22.56
4833,81315,2025-12-19,Mauvais choix,22.56
4834,81320,2025-12-21,Livraison tardive,31.83
4835,81364,2025-12-24,Autre,29.77
4836,81372,2025-12-21,Changement d'avis,40.8
4837,81386,2025-12-22,Mauvais choix,156.16
4838,81388,2025-12-20,Autre,97.24
4839,81389,2025-12-27,Mauvais choix,11.96
4840,81395,2025-12-19,Changement d'avis,57.58
4841,81404,2025-12-20,Changement d'avis,11.23
4842,81441,2026-01-01,Mauvais choix,56.55
4843,81443,2025-12-25,Changement d'avis,34.82
4844,81447,2025-12-29,Mauvais choix,24.62
4845,81456,2025-12-28,Autre,13.29
4846,81463,2025-12-19,Défaut,40.07
4847,81473,2025-12-19,Changement d'avis,4.02
4848,81474,2025-12-20,Livraison tardive,27.51
4849,81476,2026-01-02,Changement d'avis,77.88
4850,81500,2025-12-19,Changement d'avis,8.14
4851,81517,2025-12-28,Mauvais choix,59.54
4852,81523,2026-01-03,Livraison tardive,41.0
4853,81527,2025-12-21,Changement d'avis,50.37
4854,81541,2025-12-28,Mauvais choix,49.24
4855,81574,2025-12-24,Changement d'avis,108.05
4856,81585,2025-12-26,Changement d'avis,34.92
4857,81603,2026-01-02,Livraison tardive,45.22
4858,81624,2025-12-19,Mauvais choix,35.13
4859,81650,2025-12-31,Livraison tardive,100.74
4860,81684,2025-12-24,Mauvais choix,40.07
4861,81711,2025-12-21,Changement d'avis,39.04
4862,81715,2026-01-03,Changement d'avis,44.19
4863,81769,2025-12-31,Mauvais choix,22.56
4864,81774,2025-12-31,Mauvais choix,44.19
4865,81826,2025-12-27,Défaut,17.41
4866,81839,2025-12-27,Changement d'avis,61.5
4867,81881,2025-12-24,Mauvais choix,50.37
4868,81885,2025-12-22,Défaut,59.64
4869,81905,2026-01-06,Mauvais choix,16.38
4870,81917,2025-12-29,Livraison tardive,17.41
4871,81918,2026-01-02,Mauvais choix,13.29
4872,81924,2025-12-21,Changement d'avis,30.8
4873,81934,2026-01-02,Autre,39.04
4874,81946,2026-01-05,Mauvais choix,24.62
4875,81950,2025-12-27,Livraison tardive,9.69
4876,81954,2026-01-07,Changement d'avis,56.55
4877,81964,2025-12-31,Défaut,57.48
4878,81966,2026-01-01,Livraison tardive,10.2
4879,81973,2025-12-25,Mauvais choix,66.85
4880,81990,2025-12-27,Changement d'avis,77.15
4881,81994,2025-12-28,Mauvais choix,22.56
4882,82036,2026-01-02,Mauvais choix,10.2
4883,82037,2025-12-28,Mauvais choix,29.77
4884,82048,2025-12-27,Livraison tardive,26.68
4885,82054,2025-12-31,Défaut,44.19
4886,82066,2025-12-25,Mauvais choix,24.62
4887,82114,2025-12-22,Défaut,73.03
4888,82125,2026-01-05,Mauvais choix,28.74
4889,82147,2026-01-07,Changement d'avis,21.53
4890,82166,2025-12-28,Mauvais choix,58.61
4891,82168,2026-01-08,Mauvais choix,39.04
4892,82172,2025-12-29,Changement d'avis,12.26
4893,82182,2025-12-25,Changement d'avis,65.82
4894,82242,2025-12-29,Défaut,16.38
4895,82249,2025-12-26,Mauvais choix,33.89
4896,82294,2025-12-30,Livraison tardive,36.98
4897,82328,2026-01-02,Défaut,52.43
4898,82329,2026-01-09,Mauvais choix,14.32
4899,82332,2026-01-08,Changement d'avis,73.03
4900,82340,2025-12-27,Mauvais choix,89.31
4901,82350,2026-01-09,Changement d'avis,30.8
4902,82356,2025-12-25,Changement d'avis,69.38
4903,82369,2026-01-05,Changement d'avis,34.92
4904,82384,2025-12-31,Défaut,10.2
4905,82394,2026-01-04,Mauvais choix,34.92
4906,82403,2026-01-03,Mauvais choix,29.26
4907,82424,2025-12-27,Livraison tardive,88.38
4908,82444,2025-12-30,Mauvais choix,24.62
4909,82473,2025-12-24,Mauvais choix,35.95
4910,82475,2026-01-01,Livraison tardive,51.4
4911,82489,2026-01-02,Mauvais choix,10.2
4912,82502,2025-12-31,Livraison tardive,86.12
4913,82507,2026-01-02,Changement d'avis,40.07
4914,82518,2025-12-28,Mauvais choix,29.77
4915,82533,2025-12-30,Changement d'avis,29.77
4916,82538,2026-01-02,Mauvais choix,57.48
4917,82540,2026-01-08,Mauvais choix,40.07
4918,82546,2026-01-01,Changement d'avis,52.43
4919,82554,2025-12-30,Changement d'avis,21.53
4920,82579,2025-12-27,Livraison tardive,44.19
4921,82641,2026-01-06,Mauvais choix,17.41
4922,82692,2026-01-03,Défaut,22.56
4923,82699,2025-12-29,Autre,16.38
4924,82705,2025-12-27,Autre,157.49
4925,82718,2025-12-30,Autre,73.03
4926,82719,2026-01-03,Changement d'avis,133.7
4927,82746,2026-01-04,Changement d'avis,15.35
4928,82749,2026-01-12,Livraison tardive,80.14
4929,82753,2025-12-28,Changement d'avis,75.25
4930,82778,2026-01-07,Défaut,41.0
4931,82839,2026-01-10,Mauvais choix,4.02
4932,82867,2026-01-12,Changement d'avis,20.5
4933,82883,2026-01-05,Changement d'avis,29.77
4934,82899,2025-12-28,Changement d'avis,21.43
4935,82903,2025-12-29,Changement d'avis,28.74
4936,82983,2026-01-09,Changement d'avis,17.41
4937,83022,2026-01-11,Changement d'avis,28.74
4938,83027,2026-01-01,Autre,28.74
4939,83034,2026-01-03,Changement d'avis,64.79
4940,83040,2026-01-08,Défaut,149.62
4941,83055,2026-01-11,Autre,12.26
4942,83085,2026-01-13,Changement d'avis,51.4
4943,83094,2026-01-11,Défaut,10.2
4944,83101,2026-01-12,Défaut,157.29
4945,83121,2026-01-07,Changement d'avis,64.79
4946,83133,2025-12-29,Changement d'avis,24.62
4947,83137,2026-01-12,Changement d'avis,59.54
4948,83155,2026-01-02,Défaut,11.23
4949,83157,2026-01-12,Changement d'avis,20.5
4950,83159,2026-01-10,Défaut,66.85
4951,83167,2026-01-07,Changement d'avis,70.97
4952,83188,2026-01-02,Changement d'avis,16.54
4953,83198,2026-01-04,Mauvais choix,11.65
4954,83201,2026-01-04,Autre,32.2
4955,83210,2026-01-02,Livraison tardive,2.69
4956,83224,2025-12-30,Défaut,65.72
4957,83232,2026-01-04,Mauvais choix,35.13
4958,83272,2026-01-09,Changement d'avis,66.85
4959,83281,2026-01-12,Livraison tardive,29.77
4960,83290,2025-12-30,Mauvais choix,34.92
4961,83298,2026-01-10,Mauvais choix,52.43
4962,83302,2025-12-29,Autre,2.99
4963,83315,2026-01-06,Livraison tardive,9.17
4964,83325,2026-01-14,Changement d'avis,65.46
4965,83326,2026-01-16,Changement d'avis,41.98
4966,83327,2026-01-04,Défaut,27.3
4967,83337,2026-01-03,Changement d'avis,40.07
4968,83354,2026-01-01,Défaut,146.06
4969,83425,2026-01-08,Mauvais choix,2.84
4970,83443,2026-01-16,Défaut,69.84
4971,83445,2026-01-09,Mauvais choix,8.14
4972,83449,2026-01-15,Mauvais choix,9.17
4973,83455,2026-01-05,Mauvais choix,63.66
4974,83506,2026-01-03,Mauvais choix,11.23
4975,83528,2026-01-08,Changement d'avis,46.25
4976,83529,2026-01-10,Mauvais choix,39.04
4977,83539,2026-01-17,Défaut,9.17
4978,83544,2026-01-10,Changement d'avis,65.82
4979,83550,2026-01-15,Mauvais choix,61.6
4980,83558,2026-01-03,Mauvais choix,24.62
4981,83597,2026-01-04,Mauvais choix,280.89
4982,83616,2026-01-08,Livraison tardive,34.92
4983,83630,2026-01-07,Défaut,32.86
4984,83635,2026-01-15,Livraison tardive,49.81
4985,83677,2026-01-07,Livraison tardive,34.92
4986,83684,2026-01-15,Mauvais choix,29.77
4987,83691,2026-01-07,Défaut,29.77
4988,83696,2026-01-07,Livraison tardive,8.14
4989,83714,2026-01-10,Mauvais choix,30.8
4990,83716,2026-01-18,Mauvais choix,24.62
4991,83724,2026-01-07,Changement d'avis,5.05
4992,83740,2026-01-03,Mauvais choix,49.81
4993,83778,2026-01-17,Changement d'avis,58.61
4994,83790,2026-01-19,Défaut,26.68
4995,83821,2026-01-12,Livraison tardive,11.23
4996,83842,2026-01-05,Défaut,47.85
4997,83855,2026-01-18,Livraison tardive,34.92
4998,83856,2026-01-15,Défaut,69.64
4999,83871,2026-01-07,Changement d'avis,26.68
5000,83873,2026-01-07,Livraison tardive,72.31
5001,83882,2026-01-15,Défaut,59.54
5002,83893,2026-01-06,Défaut,9.17
